video_name,frame_number,timestamp_ms,valid_deteccion,sphere_center_x,sphere_center_y,sphere_center_z,pupil_center_x,pupil_center_y,gaze_x,gaze_y,gaze_z,ellipse_width,ellipse_height,ellipse_angle,contour_area
Vielma_9_puntos_intento_9.mp4,1,8.333,True,150.000,170.000,0.000,149.000,61.000,-0.005556,0.605556,-0.795784,58.995,70.475,98.991,2765.5
Vielma_9_puntos_intento_9.mp4,2,16.667,True,150.000,170.000,0.000,149.000,62.000,-0.005556,0.600000,-0.799981,56.959,72.328,97.112,2793.0
Vielma_9_puntos_intento_9.mp4,3,25.000,True,150.000,170.000,0.000,150.000,62.000,0.000000,0.600000,-0.800000,58.422,69.321,93.973,2802.5
Vielma_9_puntos_intento_9.mp4,4,33.333,True,150.000,170.000,0.000,150.000,62.000,0.000000,0.600000,-0.800000,56.937,70.706,92.735,2769.5
Vielma_9_puntos_intento_9.mp4,5,41.667,True,150.000,170.000,0.000,149.000,62.000,-0.005556,0.600000,-0.799981,58.627,70.923,96.802,2774.0
Vielma_9_puntos_intento_9.mp4,6,50.000,True,150.000,170.000,0.000,149.000,62.000,-0.005556,0.600000,-0.799981,56.425,71.485,96.025,2776.0
Vielma_9_puntos_intento_9.mp4,7,58.333,True,150.000,170.000,0.000,150.000,62.000,0.000000,0.600000,-0.800000,56.347,70.591,94.306,2750.0
Vielma_9_puntos_intento_9.mp4,8,66.667,True,150.000,170.000,0.000,150.000,62.000,0.000000,0.600000,-0.800000,57.614,70.737,93.513,2775.5
Vielma_9_puntos_intento_9.mp4,9,75.000,True,150.000,170.000,0.000,150.000,62.000,0.000000,0.600000,-0.800000,56.986,69.223,94.951,2742.0
Vielma_9_puntos_intento_9.mp4,10,83.333,True,150.000,170.000,0.000,150.000,62.000,0.000000,0.600000,-0.800000,58.179,70.070,95.239,2782.0
Vielma_9_puntos_intento_9.mp4,11,91.667,True,150.000,170.000,0.000,149.000,62.000,-0.005556,0.600000,-0.799981,58.523,69.806,98.815,2766.5
Vielma_9_puntos_intento_9.mp4,12,100.000,True,150.000,170.000,0.000,150.000,62.000,0.000000,0.600000,-0.800000,57.756,69.512,93.481,2769.0
Vielma_9_puntos_intento_9.mp4,13,108.333,True,150.000,170.000,0.000,149.000,61.000,-0.005556,0.605556,-0.795784,58.541,70.082,99.231,2757.0
Vielma_9_puntos_intento_9.mp4,14,116.667,True,150.000,170.000,0.000,150.000,61.000,0.000000,0.605556,-0.795803,58.240,70.804,93.762,2767.5
Vielma_9_puntos_intento_9.mp4,15,125.000,True,150.000,170.000,0.000,150.000,62.000,0.000000,0.600000,-0.800000,57.870,69.234,91.617,2728.5
Vielma_9_puntos_intento_9.mp4,16,133.333,True,150.000,170.000,0.000,149.000,62.000,-0.005556,0.600000,-0.799981,57.277,70.473,97.212,2762.0
Vielma_9_puntos_intento_9.mp4,17,141.667,True,150.000,170.000,0.000,150.000,62.000,0.000000,0.600000,-0.800000,57.390,69.767,96.095,2753.0
Vielma_9_puntos_intento_9.mp4,18,150.000,True,150.000,170.000,0.000,149.000,61.000,-0.005556,0.605556,-0.795784,57.967,70.476,101.128,2765.0
Vielma_9_puntos_intento_9.mp4,19,158.333,True,150.000,170.000,0.000,149.000,62.000,-0.005556,0.600000,-0.799981,58.101,69.838,94.593,2753.0
Vielma_9_puntos_intento_9.mp4,20,166.667,True,150.000,170.000,0.000,149.000,62.000,-0.005556,0.600000,-0.799981,57.171,70.585,95.818,2758.5
Vielma_9_puntos_intento_9.mp4,21,175.000,True,150.000,170.000,0.000,149.000,61.000,-0.005556,0.605556,-0.795784,57.855,71.881,101.366,2757.5
Vielma_9_puntos_intento_9.mp4,22,183.333,True,150.000,170.000,0.000,149.000,61.000,-0.005556,0.605556,-0.795784,57.211,71.634,99.086,2762.0
Vielma_9_puntos_intento_9.mp4,23,191.667,True,150.000,170.000,0.000,150.000,61.000,0.000000,0.605556,-0.795803,57.061,71.101,99.603,2723.0
Vielma_9_puntos_intento_9.mp4,24,200.000,True,150.000,170.000,0.000,155.000,60.000,0.027778,0.611111,-0.791057,56.053,70.011,102.121,2691.5
Vielma_9_puntos_intento_9.mp4,25,208.333,True,150.000,170.000,0.000,160.000,58.000,0.055556,0.622222,-0.780867,54.949,67.925,113.389,2553.0
Vielma_9_puntos_intento_9.mp4,26,216.667,True,150.000,170.000,0.000,164.000,56.000,0.077778,0.633333,-0.769961,54.141,66.176,116.769,2445.5
Vielma_9_puntos_intento_9.mp4,27,225.000,True,150.000,170.000,0.000,164.000,56.000,0.077778,0.633333,-0.769961,52.708,66.274,116.141,2404.0
Vielma_9_puntos_intento_9.mp4,28,233.333,True,150.000,170.000,0.000,164.000,56.000,0.077778,0.633333,-0.769961,52.827,66.452,113.619,2428.5
Vielma_9_puntos_intento_9.mp4,29,241.667,True,150.000,170.000,0.000,164.000,56.000,0.077778,0.633333,-0.769961,52.540,66.475,113.773,2422.5
Vielma_9_puntos_intento_9.mp4,30,250.000,True,150.000,170.000,0.000,164.000,56.000,0.077778,0.633333,-0.769961,52.912,66.516,113.267,2401.5
Vielma_9_puntos_intento_9.mp4,31,258.333,True,150.000,170.000,0.000,164.000,56.000,0.077778,0.633333,-0.769961,52.635,67.101,113.959,2399.0
Vielma_9_puntos_intento_9.mp4,32,266.667,True,150.000,170.000,0.000,164.000,55.000,0.077778,0.638889,-0.765357,52.857,68.265,115.886,2450.5
Vielma_9_puntos_intento_9.mp4,33,275.000,True,150.000,170.000,0.000,164.000,56.000,0.077778,0.633333,-0.769961,53.158,66.929,114.080,2451.0
Vielma_9_puntos_intento_9.mp4,34,283.333,True,150.000,170.000,0.000,164.000,56.000,0.077778,0.633333,-0.769961,53.158,68.138,111.970,2476.5
Vielma_9_puntos_intento_9.mp4,35,291.667,True,150.000,170.000,0.000,164.000,55.000,0.077778,0.638889,-0.765357,53.149,67.774,116.645,2421.5
Vielma_9_puntos_intento_9.mp4,36,300.000,True,150.000,170.000,0.000,164.000,56.000,0.077778,0.633333,-0.769961,52.391,66.991,110.640,2423.0
Vielma_9_puntos_intento_9.mp4,37,308.333,True,150.000,170.000,0.000,165.000,56.000,0.083333,0.633333,-0.769379,54.131,65.777,109.513,2443.0
Vielma_9_puntos_intento_9.mp4,38,316.667,True,150.000,170.000,0.000,164.000,56.000,0.077778,0.633333,-0.769961,52.555,67.332,115.277,2402.0
Vielma_9_puntos_intento_9.mp4,39,325.000,True,150.000,170.000,0.000,164.000,55.000,0.077778,0.638889,-0.765357,52.344,67.007,115.747,2385.0
Vielma_9_puntos_intento_9.mp4,40,333.333,True,150.000,170.000,0.000,164.000,56.000,0.077778,0.633333,-0.769961,52.030,66.819,115.636,2371.5
Vielma_9_puntos_intento_9.mp4,41,341.667,True,150.000,170.000,0.000,164.000,56.000,0.077778,0.633333,-0.769961,51.831,66.234,113.745,2333.5
Vielma_9_puntos_intento_9.mp4,42,350.000,True,150.000,170.000,0.000,164.000,55.000,0.077778,0.638889,-0.765357,51.838,66.400,115.752,2346.0
Vielma_9_puntos_intento_9.mp4,43,358.333,True,150.000,170.000,0.000,163.000,55.000,0.072222,0.638889,-0.765901,52.434,67.622,116.320,2357.5
Vielma_9_puntos_intento_9.mp4,44,366.667,True,150.000,170.000,0.000,164.000,56.000,0.077778,0.633333,-0.769961,52.015,65.584,111.466,2311.5
Vielma_9_puntos_intento_9.mp4,45,375.000,True,150.000,170.000,0.000,167.000,56.000,0.094444,0.633333,-0.768094,50.363,66.132,116.144,2270.0
Vielma_9_puntos_intento_9.mp4,46,383.333,True,150.000,170.000,0.000,173.000,54.000,0.127778,0.644444,-0.753899,47.225,67.765,117.198,2173.0
Vielma_9_puntos_intento_9.mp4,47,391.667,True,150.000,170.000,0.000,180.000,52.000,0.166667,0.655556,-0.736525,43.139,65.987,124.323,1969.5
Vielma_9_puntos_intento_9.mp4,48,400.000,True,150.000,170.000,0.000,186.000,51.000,0.200000,0.661111,-0.723140,39.736,64.701,127.403,1789.5
Vielma_9_puntos_intento_9.mp4,49,408.333,True,150.000,170.000,0.000,192.000,51.000,0.233333,0.661111,-0.713083,36.608,65.162,128.495,1701.5
Vielma_9_puntos_intento_9.mp4,50,416.667,True,150.000,170.000,0.000,195.000,51.000,0.250000,0.661111,-0.707412,35.174,65.052,128.496,1623.5
Vielma_9_puntos_intento_9.mp4,51,425.000,True,150.000,170.000,0.000,195.000,50.000,0.250000,0.666667,-0.702179,34.627,65.792,129.462,1594.5
Vielma_9_puntos_intento_9.mp4,52,433.333,True,150.000,170.000,0.000,195.000,50.000,0.250000,0.666667,-0.702179,35.778,65.122,129.510,1655.5
Vielma_9_puntos_intento_9.mp4,53,441.667,True,150.000,170.000,0.000,195.000,50.000,0.250000,0.666667,-0.702179,36.303,65.999,129.013,1689.0
Vielma_9_puntos_intento_9.mp4,54,450.000,True,150.000,170.000,0.000,196.000,50.000,0.255556,0.666667,-0.700176,35.866,65.489,130.327,1703.0
Vielma_9_puntos_intento_9.mp4,55,458.333,True,150.000,170.000,0.000,196.000,50.000,0.255556,0.666667,-0.700176,36.040,64.920,128.908,1663.5
Vielma_9_puntos_intento_9.mp4,56,466.667,True,150.000,170.000,0.000,196.000,50.000,0.255556,0.666667,-0.700176,35.272,65.861,127.088,1666.5
Vielma_9_puntos_intento_9.mp4,57,475.000,True,150.000,170.000,0.000,196.000,50.000,0.255556,0.666667,-0.700176,35.368,65.692,128.890,1662.0
Vielma_9_puntos_intento_9.mp4,58,483.333,True,150.000,170.000,0.000,197.000,50.000,0.261111,0.666667,-0.698124,35.855,63.500,132.472,1651.5
Vielma_9_puntos_intento_9.mp4,59,491.667,True,150.000,170.000,0.000,196.000,50.000,0.255556,0.666667,-0.700176,35.413,64.210,129.082,1642.0
Vielma_9_puntos_intento_9.mp4,60,500.000,True,150.000,170.000,0.000,196.000,50.000,0.255556,0.666667,-0.700176,35.417,65.878,131.507,1641.5
Vielma_9_puntos_intento_9.mp4,61,508.333,True,150.000,170.000,0.000,196.000,49.000,0.255556,0.672222,-0.694844,35.269,65.025,129.400,1649.5
Vielma_9_puntos_intento_9.mp4,62,516.667,True,150.000,170.000,0.000,196.000,49.000,0.255556,0.672222,-0.694844,35.133,64.567,130.985,1637.5
Vielma_9_puntos_intento_9.mp4,63,525.000,True,150.000,170.000,0.000,196.000,49.000,0.255556,0.672222,-0.694844,34.574,64.983,128.578,1600.0
Vielma_9_puntos_intento_9.mp4,64,533.333,True,150.000,170.000,0.000,196.000,47.000,0.255556,0.683333,-0.683920,32.836,64.719,129.585,1516.0
Vielma_9_puntos_intento_9.mp4,65,541.667,True,150.000,170.000,0.000,196.000,46.000,0.255556,0.688889,-0.678324,32.291,64.211,128.191,1483.0
Vielma_9_puntos_intento_9.mp4,66,550.000,True,150.000,170.000,0.000,196.000,46.000,0.255556,0.688889,-0.678324,32.711,64.341,128.596,1476.5
Vielma_9_puntos_intento_9.mp4,67,558.333,True,150.000,170.000,0.000,196.000,47.000,0.255556,0.683333,-0.683920,32.403,63.867,127.819,1477.5
Vielma_9_puntos_intento_9.mp4,68,566.667,True,150.000,170.000,0.000,196.000,46.000,0.255556,0.688889,-0.678324,32.252,64.033,129.026,1468.0
Vielma_9_puntos_intento_9.mp4,69,575.000,True,150.000,170.000,0.000,196.000,46.000,0.255556,0.688889,-0.678324,32.079,63.962,127.081,1473.0
Vielma_9_puntos_intento_9.mp4,70,583.333,True,150.000,170.000,0.000,196.000,46.000,0.255556,0.688889,-0.678324,31.860,64.274,128.315,1470.0
Vielma_9_puntos_intento_9.mp4,71,591.667,True,150.000,170.000,0.000,196.000,46.000,0.255556,0.688889,-0.678324,32.370,65.116,128.684,1473.0
Vielma_9_puntos_intento_9.mp4,72,600.000,True,150.000,170.000,0.000,196.000,46.000,0.255556,0.688889,-0.678324,31.785,64.506,127.513,1469.0
Vielma_9_puntos_intento_9.mp4,73,608.333,True,150.000,170.000,0.000,197.000,47.000,0.261111,0.683333,-0.681819,32.412,63.034,130.034,1464.0
Vielma_9_puntos_intento_9.mp4,74,616.667,True,150.000,170.000,0.000,197.000,46.000,0.261111,0.688889,-0.676205,32.249,64.144,128.752,1488.5
Vielma_9_puntos_intento_9.mp4,75,625.000,True,150.000,170.000,0.000,197.000,46.000,0.261111,0.688889,-0.676205,32.079,65.572,129.482,1459.0
Vielma_9_puntos_intento_9.mp4,76,633.333,True,150.000,170.000,0.000,197.000,46.000,0.261111,0.688889,-0.676205,32.497,65.173,129.974,1467.0
Vielma_9_puntos_intento_9.mp4,77,641.667,True,150.000,170.000,0.000,197.000,46.000,0.261111,0.688889,-0.676205,32.187,65.129,127.825,1472.5
Vielma_9_puntos_intento_9.mp4,78,650.000,True,150.000,170.000,0.000,197.000,46.000,0.261111,0.688889,-0.676205,33.181,63.911,130.259,1484.0
Vielma_9_puntos_intento_9.mp4,79,658.333,True,150.000,170.000,0.000,197.000,46.000,0.261111,0.688889,-0.676205,31.921,62.975,129.202,1446.5
Vielma_9_puntos_intento_9.mp4,80,666.667,True,150.000,170.000,0.000,197.000,46.000,0.261111,0.688889,-0.676205,31.820,63.576,128.841,1452.5
Vielma_9_puntos_intento_9.mp4,81,675.000,True,150.000,170.000,0.000,197.000,46.000,0.261111,0.688889,-0.676205,31.804,64.084,130.159,1449.0
Vielma_9_puntos_intento_9.mp4,82,683.333,True,150.000,170.000,0.000,197.000,46.000,0.261111,0.688889,-0.676205,31.832,64.054,127.234,1460.5
Vielma_9_puntos_intento_9.mp4,83,691.667,True,150.000,170.000,0.000,196.000,45.000,0.255556,0.694444,-0.672635,31.768,65.482,127.795,1456.5
Vielma_9_puntos_intento_9.mp4,84,700.000,True,150.000,170.000,0.000,197.000,46.000,0.261111,0.688889,-0.676205,31.720,64.460,126.892,1460.5
Vielma_9_puntos_intento_9.mp4,85,708.333,True,150.000,170.000,0.000,197.000,46.000,0.261111,0.688889,-0.676205,31.937,63.705,129.334,1447.0
Vielma_9_puntos_intento_9.mp4,86,716.667,True,150.000,170.000,0.000,198.000,46.000,0.266667,0.688889,-0.674033,32.285,61.569,130.230,1438.5
Vielma_9_puntos_intento_9.mp4,87,725.000,True,150.000,170.000,0.000,197.000,45.000,0.261111,0.694444,-0.670498,31.614,65.123,127.847,1450.5
Vielma_9_puntos_intento_9.mp4,88,733.333,True,150.000,170.000,0.000,197.000,46.000,0.261111,0.688889,-0.676205,31.937,63.205,129.467,1435.0
Vielma_9_puntos_intento_9.mp4,89,741.667,True,150.000,170.000,0.000,197.000,45.000,0.261111,0.694444,-0.670498,31.699,64.004,128.736,1435.0
Vielma_9_puntos_intento_9.mp4,90,750.000,True,150.000,170.000,0.000,197.000,45.000,0.261111,0.694444,-0.670498,31.873,63.548,128.925,1421.0
Vielma_9_puntos_intento_9.mp4,91,758.333,True,150.000,170.000,0.000,197.000,46.000,0.261111,0.688889,-0.676205,31.136,63.312,128.620,1416.5
Vielma_9_puntos_intento_9.mp4,92,766.667,True,150.000,170.000,0.000,197.000,46.000,0.261111,0.688889,-0.676205,31.533,63.170,127.947,1417.5
Vielma_9_puntos_intento_9.mp4,93,775.000,True,150.000,170.000,0.000,198.000,46.000,0.266667,0.688889,-0.674033,31.287,63.558,127.738,1427.5
Vielma_9_puntos_intento_9.mp4,94,783.333,True,150.000,170.000,0.000,198.000,46.000,0.266667,0.688889,-0.674033,31.541,62.738,128.664,1412.0
Vielma_9_puntos_intento_9.mp4,95,791.667,True,150.000,170.000,0.000,198.000,46.000,0.266667,0.688889,-0.674033,31.572,61.756,129.417,1413.5
Vielma_9_puntos_intento_9.mp4,96,800.000,True,150.000,170.000,0.000,197.000,45.000,0.261111,0.694444,-0.670498,31.457,63.960,128.353,1438.0
Vielma_9_puntos_intento_9.mp4,97,808.333,True,150.000,170.000,0.000,198.000,46.000,0.266667,0.688889,-0.674033,32.096,62.055,128.466,1421.5
Vielma_9_puntos_intento_9.mp4,98,816.667,True,150.000,170.000,0.000,197.000,46.000,0.261111,0.688889,-0.676205,31.414,63.427,126.812,1425.0
Vielma_9_puntos_intento_9.mp4,99,825.000,True,150.000,170.000,0.000,197.000,45.000,0.261111,0.694444,-0.670498,31.079,63.580,127.998,1402.0
Vielma_9_puntos_intento_9.mp4,100,833.333,True,150.000,170.000,0.000,197.000,45.000,0.261111,0.694444,-0.670498,31.783,62.632,126.734,1409.0
Vielma_9_puntos_intento_9.mp4,101,841.667,True,150.000,170.000,0.000,198.000,46.000,0.266667,0.688889,-0.674033,31.822,61.913,130.115,1399.5
Vielma_9_puntos_intento_9.mp4,102,850.000,True,150.000,170.000,0.000,197.000,45.000,0.261111,0.694444,-0.670498,31.168,63.510,126.910,1400.5
Vielma_9_puntos_intento_9.mp4,103,858.333,True,150.000,170.000,0.000,197.000,45.000,0.261111,0.694444,-0.670498,31.480,62.466,127.900,1392.0
Vielma_9_puntos_intento_9.mp4,104,866.667,True,150.000,170.000,0.000,198.000,46.000,0.266667,0.688889,-0.674033,30.925,61.825,127.969,1385.0
Vielma_9_puntos_intento_9.mp4,105,875.000,True,150.000,170.000,0.000,197.000,45.000,0.261111,0.694444,-0.670498,31.191,61.932,128.525,1373.0
Vielma_9_puntos_intento_9.mp4,106,883.333,True,150.000,170.000,0.000,197.000,46.000,0.261111,0.688889,-0.676205,30.525,62.598,128.977,1370.5
Vielma_9_puntos_intento_9.mp4,107,891.667,True,150.000,170.000,0.000,197.000,45.000,0.261111,0.694444,-0.670498,31.260,61.716,128.459,1373.0
Vielma_9_puntos_intento_9.mp4,108,900.000,True,150.000,170.000,0.000,198.000,45.000,0.266667,0.694444,-0.668308,31.128,61.774,128.890,1377.0
Vielma_9_puntos_intento_9.mp4,109,908.333,True,150.000,170.000,0.000,197.000,45.000,0.261111,0.694444,-0.670498,31.075,62.922,127.861,1377.5
Vielma_9_puntos_intento_9.mp4,110,916.667,True,150.000,170.000,0.000,197.000,45.000,0.261111,0.694444,-0.670498,31.065,62.484,127.609,1365.5
Vielma_9_puntos_intento_9.mp4,111,925.000,True,150.000,170.000,0.000,198.000,46.000,0.266667,0.688889,-0.674033,30.529,60.597,126.692,1365.5
Vielma_9_puntos_intento_9.mp4,112,933.333,True,150.000,170.000,0.000,197.000,45.000,0.261111,0.694444,-0.670498,30.797,62.924,127.127,1366.0
Vielma_9_puntos_intento_9.mp4,113,941.667,True,150.000,170.000,0.000,197.000,45.000,0.261111,0.694444,-0.670498,30.915,61.721,128.932,1365.5
Vielma_9_puntos_intento_9.mp4,114,950.000,True,150.000,170.000,0.000,197.000,46.000,0.261111,0.688889,-0.676205,30.530,61.405,128.410,1360.0
Vielma_9_puntos_intento_9.mp4,115,958.333,True,150.000,170.000,0.000,197.000,45.000,0.261111,0.694444,-0.670498,30.671,62.259,126.865,1358.5
Vielma_9_puntos_intento_9.mp4,116,966.667,True,150.000,170.000,0.000,197.000,45.000,0.261111,0.694444,-0.670498,30.841,62.329,127.967,1360.0
Vielma_9_puntos_intento_9.mp4,117,975.000,True,150.000,170.000,0.000,197.000,45.000,0.261111,0.694444,-0.670498,30.741,60.846,129.905,1358.0
Vielma_9_puntos_intento_9.mp4,118,983.333,True,150.000,170.000,0.000,197.000,45.000,0.261111,0.694444,-0.670498,30.266,61.871,128.459,1342.0
Vielma_9_puntos_intento_9.mp4,119,991.667,True,150.000,170.000,0.000,197.000,45.000,0.261111,0.694444,-0.670498,30.312,61.544,128.522,1348.0
Vielma_9_puntos_intento_9.mp4,120,1000.000,True,150.000,170.000,0.000,197.000,45.000,0.261111,0.694444,-0.670498,30.299,61.769,127.882,1349.5
Vielma_9_puntos_intento_9.mp4,121,1008.333,True,150.000,170.000,0.000,198.000,46.000,0.266667,0.688889,-0.674033,30.236,60.066,130.052,1329.0
Vielma_9_puntos_intento_9.mp4,122,1016.667,True,150.000,170.000,0.000,198.000,46.000,0.266667,0.688889,-0.674033,30.480,59.115,128.149,1335.5
Vielma_9_puntos_intento_9.mp4,123,1025.000,True,150.000,170.000,0.000,197.000,46.000,0.261111,0.688889,-0.676205,30.531,60.044,128.007,1339.0
Vielma_9_puntos_intento_9.mp4,124,1033.333,True,150.000,170.000,0.000,198.000,46.000,0.266667,0.688889,-0.674033,30.439,59.480,128.508,1336.0
Vielma_9_puntos_intento_9.mp4,125,1041.667,True,150.000,170.000,0.000,197.000,46.000,0.261111,0.688889,-0.676205,30.525,60.033,129.248,1325.5
Vielma_9_puntos_intento_9.mp4,126,1050.000,True,150.000,170.000,0.000,193.000,46.000,0.238889,0.688889,-0.684371,32.016,59.177,127.812,1360.5
Vielma_9_puntos_intento_9.mp4,127,1058.333,True,150.000,170.000,0.000,183.000,44.000,0.183333,0.700000,-0.690209,34.772,57.062,124.433,1365.0
Vielma_9_puntos_intento_9.mp4,128,1066.667,True,150.000,170.000,0.000,172.000,44.000,0.122222,0.700000,-0.703606,39.334,53.760,119.800,1395.0
Vielma_9_puntos_intento_9.mp4,129,1075.000,True,150.000,170.000,0.000,163.000,43.000,0.072222,0.705556,-0.704965,41.511,54.498,113.505,1431.5
Vielma_9_puntos_intento_9.mp4,130,1083.333,True,150.000,170.000,0.000,161.000,44.000,0.061111,0.700000,-0.711523,41.912,54.361,111.294,1452.5
Vielma_9_puntos_intento_9.mp4,131,1091.667,True,150.000,170.000,0.000,163.000,44.000,0.072222,0.700000,-0.710481,41.230,53.241,115.904,1431.0
Vielma_9_puntos_intento_9.mp4,132,1100.000,True,150.000,170.000,0.000,161.000,43.000,0.061111,0.705556,-0.706015,41.298,53.886,114.398,1392.5
Vielma_9_puntos_intento_9.mp4,133,1108.333,True,150.000,170.000,0.000,161.000,44.000,0.061111,0.700000,-0.711523,40.991,53.301,112.966,1385.0
Vielma_9_puntos_intento_9.mp4,134,1116.667,True,150.000,170.000,0.000,161.000,44.000,0.061111,0.700000,-0.711523,42.576,52.633,113.583,1432.0
Vielma_9_puntos_intento_9.mp4,135,1125.000,True,150.000,170.000,0.000,161.000,43.000,0.061111,0.705556,-0.706015,42.233,54.101,112.000,1412.0
Vielma_9_puntos_intento_9.mp4,136,1133.333,True,150.000,170.000,0.000,161.000,43.000,0.061111,0.705556,-0.706015,41.864,54.565,113.989,1431.0
Vielma_9_puntos_intento_9.mp4,137,1141.667,True,150.000,170.000,0.000,160.000,43.000,0.055556,0.705556,-0.706474,40.985,56.724,115.314,1433.0
Vielma_9_puntos_intento_9.mp4,138,1150.000,True,150.000,170.000,0.000,161.000,44.000,0.061111,0.700000,-0.711523,41.376,53.510,114.720,1392.5
Vielma_9_puntos_intento_9.mp4,139,1158.333,True,150.000,170.000,0.000,161.000,43.000,0.061111,0.705556,-0.706015,40.717,54.033,112.547,1390.5
Vielma_9_puntos_intento_9.mp4,140,1166.667,True,150.000,170.000,0.000,162.000,44.000,0.066667,0.700000,-0.711024,40.163,52.829,114.162,1389.0
Vielma_9_puntos_intento_9.mp4,141,1175.000,True,150.000,170.000,0.000,161.000,43.000,0.061111,0.705556,-0.706015,40.729,54.278,112.907,1386.5
Vielma_9_puntos_intento_9.mp4,142,1183.333,True,150.000,170.000,0.000,161.000,43.000,0.061111,0.705556,-0.706015,40.631,54.335,113.680,1407.5
Vielma_9_puntos_intento_9.mp4,143,1191.667,True,150.000,170.000,0.000,162.000,43.000,0.066667,0.705556,-0.705512,40.579,51.885,116.759,1379.5
Vielma_9_puntos_intento_9.mp4,144,1200.000,True,150.000,170.000,0.000,162.000,43.000,0.066667,0.705556,-0.705512,41.012,52.014,116.566,1408.0
Vielma_9_puntos_intento_9.mp4,145,1208.333,True,150.000,170.000,0.000,162.000,43.000,0.066667,0.705556,-0.705512,41.105,52.247,113.193,1397.5
Vielma_9_puntos_intento_9.mp4,146,1216.667,True,150.000,170.000,0.000,162.000,43.000,0.066667,0.705556,-0.705512,42.001,52.432,114.080,1400.5
Vielma_9_puntos_intento_9.mp4,147,1225.000,True,150.000,170.000,0.000,161.000,42.000,0.061111,0.711111,-0.700419,40.850,54.446,116.445,1389.5
Vielma_9_puntos_intento_9.mp4,148,1233.333,True,150.000,170.000,0.000,161.000,42.000,0.061111,0.711111,-0.700419,40.653,55.618,116.183,1408.5
Vielma_9_puntos_intento_9.mp4,149,1241.667,True,150.000,170.000,0.000,161.000,43.000,0.061111,0.705556,-0.706015,41.406,54.888,112.376,1397.0
Vielma_9_puntos_intento_9.mp4,150,1250.000,True,150.000,170.000,0.000,161.000,43.000,0.061111,0.705556,-0.706015,41.615,54.215,111.176,1409.0
Vielma_9_puntos_intento_9.mp4,151,1258.333,True,150.000,170.000,0.000,161.000,43.000,0.061111,0.705556,-0.706015,40.333,55.700,116.138,1353.5
Vielma_9_puntos_intento_9.mp4,152,1266.667,True,150.000,170.000,0.000,161.000,43.000,0.061111,0.705556,-0.706015,41.282,54.403,113.748,1381.5
Vielma_9_puntos_intento_9.mp4,153,1275.000,True,150.000,170.000,0.000,161.000,43.000,0.061111,0.705556,-0.706015,41.468,52.631,110.989,1398.0
Vielma_9_puntos_intento_9.mp4,154,1283.333,True,150.000,170.000,0.000,162.000,43.000,0.066667,0.705556,-0.705512,41.350,53.820,109.301,1414.0
Vielma_9_puntos_intento_9.mp4,155,1291.667,True,150.000,170.000,0.000,161.000,42.000,0.061111,0.711111,-0.700419,41.416,54.980,112.011,1400.0
Vielma_9_puntos_intento_9.mp4,156,1300.000,True,150.000,170.000,0.000,161.000,42.000,0.061111,0.711111,-0.700419,42.431,53.897,112.146,1414.5
Vielma_9_puntos_intento_9.mp4,157,1308.333,True,150.000,170.000,0.000,161.000,42.000,0.061111,0.711111,-0.700419,41.166,54.424,113.328,1392.0
Vielma_9_puntos_intento_9.mp4,158,1316.667,True,150.000,170.000,0.000,162.000,43.000,0.066667,0.705556,-0.705512,41.202,54.013,115.608,1393.5
Vielma_9_puntos_intento_9.mp4,159,1325.000,True,150.000,170.000,0.000,162.000,43.000,0.066667,0.705556,-0.705512,41.769,53.739,114.942,1399.0
Vielma_9_puntos_intento_9.mp4,160,1333.333,True,150.000,170.000,0.000,162.000,42.000,0.066667,0.711111,-0.699912,42.030,53.390,111.987,1400.0
Vielma_9_puntos_intento_9.mp4,161,1341.667,True,150.000,170.000,0.000,163.000,43.000,0.072222,0.705556,-0.704965,42.166,51.986,110.016,1411.0
Vielma_9_puntos_intento_9.mp4,162,1350.000,True,150.000,170.000,0.000,162.000,43.000,0.066667,0.705556,-0.705512,41.502,53.160,110.499,1407.5
Vielma_9_puntos_intento_9.mp4,163,1358.333,True,150.000,170.000,0.000,163.000,43.000,0.072222,0.705556,-0.704965,42.677,51.260,110.289,1422.0
Vielma_9_puntos_intento_9.mp4,164,1366.667,True,150.000,170.000,0.000,162.000,42.000,0.066667,0.711111,-0.699912,41.666,54.406,114.461,1431.5
Vielma_9_puntos_intento_9.mp4,165,1375.000,True,150.000,170.000,0.000,162.000,43.000,0.066667,0.705556,-0.705512,41.540,53.482,113.953,1430.5
Vielma_9_puntos_intento_9.mp4,166,1383.333,True,150.000,170.000,0.000,161.000,42.000,0.061111,0.711111,-0.700419,41.516,54.515,117.011,1447.0
Vielma_9_puntos_intento_9.mp4,167,1391.667,True,150.000,170.000,0.000,162.000,42.000,0.066667,0.711111,-0.699912,41.050,54.565,115.860,1436.5
Vielma_9_puntos_intento_9.mp4,168,1400.000,True,150.000,170.000,0.000,162.000,43.000,0.066667,0.705556,-0.705512,41.902,53.387,112.211,1461.5
Vielma_9_puntos_intento_9.mp4,169,1408.333,True,150.000,170.000,0.000,162.000,43.000,0.066667,0.705556,-0.705512,43.000,53.656,110.768,1455.0
Vielma_9_puntos_intento_9.mp4,170,1416.667,True,150.000,170.000,0.000,162.000,43.000,0.066667,0.705556,-0.705512,42.217,53.577,112.673,1421.5
Vielma_9_puntos_intento_9.mp4,171,1425.000,True,150.000,170.000,0.000,162.000,43.000,0.066667,0.705556,-0.705512,42.108,53.113,111.699,1441.5
Vielma_9_puntos_intento_9.mp4,172,1433.333,True,150.000,170.000,0.000,162.000,43.000,0.066667,0.705556,-0.705512,42.984,52.228,117.302,1459.5
Vielma_9_puntos_intento_9.mp4,173,1441.667,True,150.000,170.000,0.000,162.000,43.000,0.066667,0.705556,-0.705512,41.547,54.996,115.862,1456.5
Vielma_9_puntos_intento_9.mp4,174,1450.000,True,150.000,170.000,0.000,161.000,43.000,0.061111,0.705556,-0.706015,41.768,55.030,111.443,1465.5
Vielma_9_puntos_intento_9.mp4,175,1458.333,True,150.000,170.000,0.000,161.000,43.000,0.061111,0.705556,-0.706015,41.375,56.009,115.721,1445.5
Vielma_9_puntos_intento_9.mp4,176,1466.667,True,150.000,170.000,0.000,161.000,42.000,0.061111,0.711111,-0.700419,41.538,55.939,116.272,1443.5
Vielma_9_puntos_intento_9.mp4,177,1475.000,True,150.000,170.000,0.000,161.000,42.000,0.061111,0.711111,-0.700419,41.830,55.794,116.478,1435.0
Vielma_9_puntos_intento_9.mp4,178,1483.333,True,150.000,170.000,0.000,162.000,43.000,0.066667,0.705556,-0.705512,42.561,54.624,112.965,1456.0
Vielma_9_puntos_intento_9.mp4,179,1491.667,True,150.000,170.000,0.000,161.000,42.000,0.061111,0.711111,-0.700419,42.165,55.959,116.815,1461.0
Vielma_9_puntos_intento_9.mp4,180,1500.000,True,150.000,170.000,0.000,161.000,42.000,0.061111,0.711111,-0.700419,41.902,56.086,114.520,1457.5
Vielma_9_puntos_intento_9.mp4,181,1508.333,True,150.000,170.000,0.000,162.000,43.000,0.066667,0.705556,-0.705512,42.632,53.595,112.597,1445.5
Vielma_9_puntos_intento_9.mp4,182,1516.667,True,150.000,170.000,0.000,161.000,42.000,0.061111,0.711111,-0.700419,42.361,55.500,116.654,1480.0
Vielma_9_puntos_intento_9.mp4,183,1525.000,True,150.000,170.000,0.000,161.000,43.000,0.061111,0.705556,-0.706015,42.310,54.416,116.142,1450.5
Vielma_9_puntos_intento_9.mp4,184,1533.333,True,150.000,170.000,0.000,162.000,43.000,0.066667,0.705556,-0.705512,42.095,54.596,114.004,1463.5
Vielma_9_puntos_intento_9.mp4,185,1541.667,True,150.000,170.000,0.000,162.000,43.000,0.066667,0.705556,-0.705512,42.073,53.945,112.013,1456.0
Vielma_9_puntos_intento_9.mp4,186,1550.000,True,150.000,170.000,0.000,161.000,43.000,0.061111,0.705556,-0.706015,41.524,54.738,114.841,1463.5
Vielma_9_puntos_intento_9.mp4,187,1558.333,True,150.000,170.000,0.000,162.000,43.000,0.066667,0.705556,-0.705512,42.299,54.650,115.088,1449.0
Vielma_9_puntos_intento_9.mp4,188,1566.667,True,150.000,170.000,0.000,161.000,42.000,0.061111,0.711111,-0.700419,42.027,54.027,115.750,1465.0
Vielma_9_puntos_intento_9.mp4,189,1575.000,True,150.000,170.000,0.000,162.000,43.000,0.066667,0.705556,-0.705512,42.088,54.862,114.869,1468.5
Vielma_9_puntos_intento_9.mp4,190,1583.333,True,150.000,170.000,0.000,161.000,43.000,0.061111,0.705556,-0.706015,41.788,55.186,112.507,1463.0
Vielma_9_puntos_intento_9.mp4,191,1591.667,True,150.000,170.000,0.000,162.000,43.000,0.066667,0.705556,-0.705512,42.181,53.553,113.513,1481.0
Vielma_9_puntos_intento_9.mp4,192,1600.000,True,150.000,170.000,0.000,162.000,43.000,0.066667,0.705556,-0.705512,41.550,54.522,116.760,1485.5
Vielma_9_puntos_intento_9.mp4,193,1608.333,True,150.000,170.000,0.000,161.000,43.000,0.061111,0.705556,-0.706015,41.205,55.311,106.219,1429.0
Vielma_9_puntos_intento_9.mp4,194,1616.667,True,150.000,170.000,0.000,162.000,43.000,0.066667,0.705556,-0.705512,42.484,52.799,112.199,1468.0
Vielma_9_puntos_intento_9.mp4,195,1625.000,True,150.000,170.000,0.000,161.000,43.000,0.061111,0.705556,-0.706015,41.549,55.130,110.660,1446.0
Vielma_9_puntos_intento_9.mp4,196,1633.333,True,150.000,170.000,0.000,162.000,43.000,0.066667,0.705556,-0.705512,42.295,53.651,112.666,1452.0
Vielma_9_puntos_intento_9.mp4,197,1641.667,True,150.000,170.000,0.000,162.000,43.000,0.066667,0.705556,-0.705512,41.631,54.128,110.948,1472.0
Vielma_9_puntos_intento_9.mp4,198,1650.000,True,150.000,170.000,0.000,161.000,43.000,0.061111,0.705556,-0.706015,42.076,54.770,114.085,1455.5
Vielma_9_puntos_intento_9.mp4,199,1658.333,True,150.000,170.000,0.000,162.000,43.000,0.066667,0.705556,-0.705512,42.345,53.979,111.860,1426.0
Vielma_9_puntos_intento_9.mp4,200,1666.667,True,150.000,170.000,0.000,162.000,42.000,0.066667,0.711111,-0.699912,42.142,55.524,113.711,1457.5
Vielma_9_puntos_intento_9.mp4,201,1675.000,True,150.000,170.000,0.000,162.000,43.000,0.066667,0.705556,-0.705512,41.891,53.514,112.457,1442.0
Vielma_9_puntos_intento_9.mp4,202,1683.333,True,150.000,170.000,0.000,161.000,43.000,0.061111,0.705556,-0.706015,41.943,55.062,112.170,1455.5
Vielma_9_puntos_intento_9.mp4,203,1691.667,True,150.000,170.000,0.000,161.000,43.000,0.061111,0.705556,-0.706015,42.179,54.542,109.653,1444.0
Vielma_9_puntos_intento_9.mp4,204,1700.000,True,150.000,170.000,0.000,161.000,42.000,0.061111,0.711111,-0.700419,42.102,56.737,115.687,1464.0
Vielma_9_puntos_intento_9.mp4,205,1708.333,True,150.000,170.000,0.000,161.000,43.000,0.061111,0.705556,-0.706015,43.112,55.121,109.801,1492.0
Vielma_9_puntos_intento_9.mp4,206,1716.667,True,150.000,170.000,0.000,162.000,44.000,0.066667,0.700000,-0.711024,42.947,53.314,109.531,1479.0
Vielma_9_puntos_intento_9.mp4,207,1725.000,True,150.000,170.000,0.000,161.000,43.000,0.061111,0.705556,-0.706015,41.995,55.598,112.791,1478.5
Vielma_9_puntos_intento_9.mp4,208,1733.333,True,150.000,170.000,0.000,161.000,43.000,0.061111,0.705556,-0.706015,41.994,55.749,111.374,1471.5
Vielma_9_puntos_intento_9.mp4,209,1741.667,True,150.000,170.000,0.000,161.000,43.000,0.061111,0.705556,-0.706015,42.426,56.547,115.149,1477.0
Vielma_9_puntos_intento_9.mp4,210,1750.000,True,150.000,170.000,0.000,161.000,43.000,0.061111,0.705556,-0.706015,42.586,54.943,114.868,1495.5
Vielma_9_puntos_intento_9.mp4,211,1758.333,True,150.000,170.000,0.000,161.000,43.000,0.061111,0.705556,-0.706015,43.539,54.649,112.624,1489.5
Vielma_9_puntos_intento_9.mp4,212,1766.667,True,150.000,170.000,0.000,161.000,43.000,0.061111,0.705556,-0.706015,42.670,56.015,113.278,1493.0
Vielma_9_puntos_intento_9.mp4,213,1775.000,True,150.000,170.000,0.000,162.000,43.000,0.066667,0.705556,-0.705512,43.487,52.175,106.471,1461.0
Vielma_9_puntos_intento_9.mp4,214,1783.333,True,150.000,170.000,0.000,162.000,43.000,0.066667,0.705556,-0.705512,43.411,53.528,111.145,1467.5
Vielma_9_puntos_intento_9.mp4,215,1791.667,True,150.000,170.000,0.000,161.000,43.000,0.061111,0.705556,-0.706015,42.324,55.945,111.495,1470.0
Vielma_9_puntos_intento_9.mp4,216,1800.000,True,150.000,170.000,0.000,161.000,43.000,0.061111,0.705556,-0.706015,42.510,55.322,112.555,1478.0
Vielma_9_puntos_intento_9.mp4,217,1808.333,True,150.000,170.000,0.000,161.000,43.000,0.061111,0.705556,-0.706015,42.458,56.422,111.510,1476.5
Vielma_9_puntos_intento_9.mp4,218,1816.667,True,150.000,170.000,0.000,161.000,43.000,0.061111,0.705556,-0.706015,41.988,56.427,113.058,1479.5
Vielma_9_puntos_intento_9.mp4,219,1825.000,True,150.000,170.000,0.000,162.000,43.000,0.066667,0.705556,-0.705512,42.720,55.257,114.140,1481.5
Vielma_9_puntos_intento_9.mp4,220,1833.333,True,150.000,170.000,0.000,161.000,43.000,0.061111,0.705556,-0.706015,42.953,54.719,111.693,1485.0
Vielma_9_puntos_intento_9.mp4,221,1841.667,True,150.000,170.000,0.000,161.000,43.000,0.061111,0.705556,-0.706015,42.077,55.371,112.420,1459.5
Vielma_9_puntos_intento_9.mp4,222,1850.000,True,150.000,170.000,0.000,162.000,43.000,0.066667,0.705556,-0.705512,42.887,55.243,111.451,1472.0
Vielma_9_puntos_intento_9.mp4,223,1858.333,True,150.000,170.000,0.000,162.000,44.000,0.066667,0.700000,-0.711024,42.547,54.202,109.064,1486.0
Vielma_9_puntos_intento_9.mp4,224,1866.667,True,150.000,170.000,0.000,161.000,43.000,0.061111,0.705556,-0.706015,43.102,55.482,112.021,1505.0
Vielma_9_puntos_intento_9.mp4,225,1875.000,True,150.000,170.000,0.000,162.000,43.000,0.066667,0.705556,-0.705512,43.034,54.834,105.828,1487.0
Vielma_9_puntos_intento_9.mp4,226,1883.333,True,150.000,170.000,0.000,162.000,44.000,0.066667,0.700000,-0.711024,43.519,53.438,114.069,1503.0
Vielma_9_puntos_intento_9.mp4,227,1891.667,True,150.000,170.000,0.000,160.000,44.000,0.055556,0.700000,-0.711979,43.040,56.048,111.020,1494.0
Vielma_9_puntos_intento_9.mp4,228,1900.000,True,150.000,170.000,0.000,159.000,45.000,0.050000,0.694444,-0.717807,43.193,55.780,115.385,1536.0
Vielma_9_puntos_intento_9.mp4,229,1908.333,True,150.000,170.000,0.000,158.000,45.000,0.044444,0.694444,-0.718172,43.756,57.179,108.202,1589.0
Vielma_9_puntos_intento_9.mp4,230,1916.667,True,150.000,170.000,0.000,155.000,45.000,0.027778,0.694444,-0.719010,43.302,60.523,116.318,1808.5
Vielma_9_puntos_intento_9.mp4,231,1925.000,True,150.000,170.000,0.000,155.000,46.000,0.027778,0.688889,-0.724335,39.446,61.188,96.514,1766.5
Vielma_9_puntos_intento_9.mp4,232,1933.333,True,150.000,170.000,0.000,162.000,52.000,0.066667,0.655556,-0.752198,22.686,50.061,84.255,806.5
Vielma_9_puntos_intento_9.mp4,233,1941.667,True,150.000,170.000,0.000,166.000,55.000,0.088889,0.638889,-0.764146,14.086,39.685,83.418,392.0
Vielma_9_puntos_intento_9.mp4,234,1950.000,True,150.000,170.000,0.000,164.000,53.000,0.077778,0.650000,-0.755944,16.171,41.173,82.915,480.5
Vielma_9_puntos_intento_9.mp4,235,1958.333,True,150.000,170.000,0.000,160.000,49.000,0.055556,0.672222,-0.738262,23.981,51.401,86.967,890.0
Vielma_9_puntos_intento_9.mp4,236,1966.667,True,150.000,170.000,0.000,158.000,45.000,0.044444,0.694444,-0.718172,31.573,60.129,92.575,1381.5
Vielma_9_puntos_intento_9.mp4,237,1975.000,True,150.000,170.000,0.000,156.000,42.000,0.033333,0.711111,-0.702289,38.863,61.958,101.583,1820.0
Vielma_9_puntos_intento_9.mp4,238,1983.333,True,150.000,170.000,0.000,154.000,40.000,0.022222,0.722222,-0.691304,41.243,65.191,113.363,2061.0
Vielma_9_puntos_intento_9.mp4,239,1991.667,True,150.000,170.000,0.000,156.000,40.000,0.033333,0.722222,-0.690857,41.725,63.827,118.352,1970.0
Vielma_9_puntos_intento_9.mp4,240,2000.000,True,150.000,170.000,0.000,159.000,42.000,0.050000,0.711111,-0.701299,44.657,57.293,120.437,1769.5
Vielma_9_puntos_intento_9.mp4,241,2008.333,True,150.000,170.000,0.000,159.000,42.000,0.050000,0.711111,-0.701299,42.996,57.236,116.422,1652.0
Vielma_9_puntos_intento_9.mp4,242,2016.667,True,150.000,170.000,0.000,161.000,42.000,0.061111,0.711111,-0.700419,43.559,54.908,119.744,1577.0
Vielma_9_puntos_intento_9.mp4,243,2025.000,True,150.000,170.000,0.000,160.000,42.000,0.055556,0.711111,-0.700881,41.838,56.467,116.098,1546.0
Vielma_9_puntos_intento_9.mp4,244,2033.333,True,150.000,170.000,0.000,161.000,42.000,0.061111,0.711111,-0.700419,42.641,55.726,110.885,1529.5
Vielma_9_puntos_intento_9.mp4,245,2041.667,True,150.000,170.000,0.000,161.000,42.000,0.061111,0.711111,-0.700419,42.428,55.205,113.952,1502.0
Vielma_9_puntos_intento_9.mp4,246,2050.000,True,150.000,170.000,0.000,162.000,42.000,0.066667,0.711111,-0.699912,43.010,53.474,119.506,1495.5
Vielma_9_puntos_intento_9.mp4,247,2058.333,True,150.000,170.000,0.000,162.000,42.000,0.066667,0.711111,-0.699912,42.936,53.656,112.142,1502.5
Vielma_9_puntos_intento_9.mp4,248,2066.667,True,150.000,170.000,0.000,162.000,42.000,0.066667,0.711111,-0.699912,41.737,54.042,113.701,1420.5
Vielma_9_puntos_intento_9.mp4,249,2075.000,True,150.000,170.000,0.000,161.000,42.000,0.061111,0.711111,-0.700419,41.154,55.421,112.422,1404.5
Vielma_9_puntos_intento_9.mp4,250,2083.333,True,150.000,170.000,0.000,162.000,42.000,0.066667,0.711111,-0.699912,41.139,56.312,112.948,1432.5
Vielma_9_puntos_intento_9.mp4,251,2091.667,True,150.000,170.000,0.000,162.000,42.000,0.066667,0.711111,-0.699912,41.105,55.061,113.015,1420.0
Vielma_9_puntos_intento_9.mp4,252,2100.000,True,150.000,170.000,0.000,162.000,42.000,0.066667,0.711111,-0.699912,40.603,57.581,116.241,1450.5
Vielma_9_puntos_intento_9.mp4,253,2108.333,True,150.000,170.000,0.000,162.000,42.000,0.066667,0.711111,-0.699912,41.442,57.586,115.428,1422.0
Vielma_9_puntos_intento_9.mp4,254,2116.667,True,150.000,170.000,0.000,162.000,42.000,0.066667,0.711111,-0.699912,41.324,57.381,114.903,1421.5
Vielma_9_puntos_intento_9.mp4,255,2125.000,True,150.000,170.000,0.000,163.000,42.000,0.072222,0.711111,-0.699360,41.013,55.358,116.767,1384.0
Vielma_9_puntos_intento_9.mp4,256,2133.333,True,150.000,170.000,0.000,163.000,42.000,0.072222,0.711111,-0.699360,40.857,56.220,117.137,1406.5
Vielma_9_puntos_intento_9.mp4,257,2141.667,True,150.000,170.000,0.000,162.000,42.000,0.066667,0.711111,-0.699912,40.403,58.020,117.264,1416.5
Vielma_9_puntos_intento_9.mp4,258,2150.000,True,150.000,170.000,0.000,164.000,42.000,0.077778,0.711111,-0.698764,41.484,55.211,115.506,1429.5
Vielma_9_puntos_intento_9.mp4,259,2158.333,True,150.000,170.000,0.000,164.000,42.000,0.077778,0.711111,-0.698764,42.059,55.843,112.305,1449.5
Vielma_9_puntos_intento_9.mp4,260,2166.667,True,150.000,170.000,0.000,163.000,42.000,0.072222,0.711111,-0.699360,41.093,57.902,112.624,1428.0
Vielma_9_puntos_intento_9.mp4,261,2175.000,True,150.000,170.000,0.000,164.000,44.000,0.077778,0.700000,-0.709895,41.600,55.945,114.072,1450.5
Vielma_9_puntos_intento_9.mp4,262,2183.333,True,150.000,170.000,0.000,164.000,44.000,0.077778,0.700000,-0.709895,42.486,56.312,114.457,1486.5
Vielma_9_puntos_intento_9.mp4,263,2191.667,True,150.000,170.000,0.000,164.000,44.000,0.077778,0.700000,-0.709895,42.400,57.140,119.457,1490.5
Vielma_9_puntos_intento_9.mp4,264,2200.000,True,150.000,170.000,0.000,163.000,45.000,0.072222,0.694444,-0.715913,42.426,59.780,121.434,1616.5
Vielma_9_puntos_intento_9.mp4,265,2208.333,True,150.000,170.000,0.000,161.000,45.000,0.061111,0.694444,-0.716947,43.200,64.470,121.624,1925.5
Vielma_9_puntos_intento_9.mp4,266,2216.667,True,150.000,170.000,0.000,161.000,48.000,0.061111,0.677778,-0.732723,38.907,60.959,98.552,1754.0
Vielma_9_puntos_intento_9.mp4,267,2225.000,True,150.000,170.000,0.000,163.000,54.000,0.072222,0.644444,-0.761233,24.150,52.621,84.799,911.5
Vielma_9_puntos_intento_9.mp4,268,2233.333,True,150.000,170.000,0.000,165.000,55.000,0.083333,0.638889,-0.764772,19.134,45.301,83.982,602.5
Vielma_9_puntos_intento_9.mp4,269,2241.667,True,150.000,170.000,0.000,165.000,54.000,0.083333,0.644444,-0.760097,19.132,48.009,84.001,644.5
Vielma_9_puntos_intento_9.mp4,270,2250.000,True,150.000,170.000,0.000,162.000,51.000,0.066667,0.661111,-0.747320,24.223,54.092,86.625,968.5
Vielma_9_puntos_intento_9.mp4,271,2258.333,True,150.000,170.000,0.000,160.000,48.000,0.055556,0.677778,-0.733165,31.862,62.138,90.892,1435.5
Vielma_9_puntos_intento_9.mp4,272,2266.667,True,150.000,170.000,0.000,158.000,45.000,0.044444,0.694444,-0.718172,40.258,64.562,101.551,1935.5
Vielma_9_puntos_intento_9.mp4,273,2275.000,True,150.000,170.000,0.000,158.000,43.000,0.044444,0.705556,-0.707260,44.314,66.890,111.451,2274.0
Vielma_9_puntos_intento_9.mp4,274,2283.333,True,150.000,170.000,0.000,158.000,42.000,0.044444,0.711111,-0.701673,44.451,68.439,119.827,2246.0
Vielma_9_puntos_intento_9.mp4,275,2291.667,True,150.000,170.000,0.000,160.000,44.000,0.055556,0.700000,-0.711979,45.547,61.847,120.831,2021.5
Vielma_9_puntos_intento_9.mp4,276,2300.000,True,150.000,170.000,0.000,163.000,45.000,0.072222,0.694444,-0.715913,45.677,58.413,119.277,1856.0
Vielma_9_puntos_intento_9.mp4,277,2308.333,True,150.000,170.000,0.000,162.000,45.000,0.066667,0.694444,-0.716451,45.539,62.058,117.788,1823.5
Vielma_9_puntos_intento_9.mp4,278,2316.667,True,150.000,170.000,0.000,164.000,46.000,0.077778,0.688889,-0.720682,45.720,59.116,121.113,1747.5
Vielma_9_puntos_intento_9.mp4,279,2325.000,True,150.000,170.000,0.000,164.000,46.000,0.077778,0.688889,-0.720682,44.971,59.092,116.728,1729.5
Vielma_9_puntos_intento_9.mp4,280,2333.333,True,150.000,170.000,0.000,165.000,46.000,0.083333,0.688889,-0.720061,44.727,58.543,116.519,1690.0
Vielma_9_puntos_intento_9.mp4,281,2341.667,True,150.000,170.000,0.000,165.000,46.000,0.083333,0.688889,-0.720061,44.486,58.638,117.521,1666.5
Vielma_9_puntos_intento_9.mp4,282,2350.000,True,150.000,170.000,0.000,166.000,47.000,0.088889,0.683333,-0.724675,44.562,56.770,116.838,1657.5
Vielma_9_puntos_intento_9.mp4,283,2358.333,True,150.000,170.000,0.000,166.000,47.000,0.088889,0.683333,-0.724675,44.823,57.048,118.836,1632.0
Vielma_9_puntos_intento_9.mp4,284,2366.667,True,150.000,170.000,0.000,167.000,47.000,0.094444,0.683333,-0.723972,45.318,54.942,120.270,1625.0
Vielma_9_puntos_intento_9.mp4,285,2375.000,True,150.000,170.000,0.000,166.000,47.000,0.088889,0.683333,-0.724675,44.895,55.789,123.899,1627.5
Vielma_9_puntos_intento_9.mp4,286,2383.333,True,150.000,170.000,0.000,164.000,46.000,0.077778,0.688889,-0.720682,44.301,60.841,120.149,1632.0
Vielma_9_puntos_intento_9.mp4,287,2391.667,True,150.000,170.000,0.000,166.000,47.000,0.088889,0.683333,-0.724675,44.584,57.169,120.345,1608.5
Vielma_9_puntos_intento_9.mp4,288,2400.000,True,150.000,170.000,0.000,165.000,47.000,0.083333,0.683333,-0.725335,44.365,57.046,115.763,1606.0
Vielma_9_puntos_intento_9.mp4,289,2408.333,True,150.000,170.000,0.000,165.000,47.000,0.083333,0.683333,-0.725335,45.540,56.533,118.553,1581.5
Vielma_9_puntos_intento_9.mp4,290,2416.667,True,150.000,170.000,0.000,165.000,47.000,0.083333,0.683333,-0.725335,46.490,57.460,122.054,1610.0
Vielma_9_puntos_intento_9.mp4,291,2425.000,True,150.000,170.000,0.000,164.000,46.000,0.077778,0.688889,-0.720682,45.660,58.207,122.252,1609.5
Vielma_9_puntos_intento_9.mp4,292,2433.333,True,150.000,170.000,0.000,165.000,47.000,0.083333,0.683333,-0.725335,46.026,55.501,117.810,1627.0
Vielma_9_puntos_intento_9.mp4,293,2441.667,True,150.000,170.000,0.000,162.000,47.000,0.066667,0.683333,-0.727056,45.630,57.474,118.844,1599.0
Vielma_9_puntos_intento_9.mp4,294,2450.000,True,150.000,170.000,0.000,155.000,48.000,0.027778,0.677778,-0.734742,47.511,54.055,101.359,1555.0
Vielma_9_puntos_intento_9.mp4,295,2458.333,True,150.000,170.000,0.000,149.000,48.000,-0.005556,0.677778,-0.735246,48.218,53.819,95.888,1530.0
Vielma_9_puntos_intento_9.mp4,296,2466.667,True,150.000,170.000,0.000,149.000,47.000,-0.005556,0.683333,-0.730085,48.268,56.792,103.854,1576.5
Vielma_9_puntos_intento_9.mp4,297,2475.000,True,150.000,170.000,0.000,150.000,47.000,0.000000,0.683333,-0.730107,47.482,56.474,105.902,1554.5
Vielma_9_puntos_intento_9.mp4,298,2483.333,True,150.000,170.000,0.000,150.000,47.000,0.000000,0.683333,-0.730107,47.098,55.708,101.693,1505.5
Vielma_9_puntos_intento_9.mp4,299,2491.667,True,150.000,170.000,0.000,149.000,47.000,-0.005556,0.683333,-0.730085,46.999,55.385,107.157,1459.5
Vielma_9_puntos_intento_9.mp4,300,2500.000,True,150.000,170.000,0.000,149.000,47.000,-0.005556,0.683333,-0.730085,47.136,55.586,107.438,1455.5
Vielma_9_puntos_intento_9.mp4,301,2508.333,True,150.000,170.000,0.000,149.000,47.000,-0.005556,0.683333,-0.730085,46.750,55.918,101.107,1430.5
Vielma_9_puntos_intento_9.mp4,302,2516.667,True,150.000,170.000,0.000,149.000,48.000,-0.005556,0.677778,-0.735246,47.014,55.870,97.273,1447.0
Vielma_9_puntos_intento_9.mp4,303,2525.000,True,150.000,170.000,0.000,148.000,47.000,-0.011111,0.683333,-0.730022,45.650,58.075,108.700,1441.5
Vielma_9_puntos_intento_9.mp4,304,2533.333,True,150.000,170.000,0.000,149.000,47.000,-0.005556,0.683333,-0.730085,46.298,56.273,98.743,1450.5
Vielma_9_puntos_intento_9.mp4,305,2541.667,True,150.000,170.000,0.000,149.000,48.000,-0.005556,0.677778,-0.735246,46.066,56.456,106.734,1443.0
Vielma_9_puntos_intento_9.mp4,306,2550.000,True,150.000,170.000,0.000,149.000,47.000,-0.005556,0.683333,-0.730085,46.178,56.474,104.908,1454.5
Vielma_9_puntos_intento_9.mp4,307,2558.333,True,150.000,170.000,0.000,149.000,47.000,-0.005556,0.683333,-0.730085,47.238,56.978,101.345,1452.5
Vielma_9_puntos_intento_9.mp4,308,2566.667,True,150.000,170.000,0.000,149.000,47.000,-0.005556,0.683333,-0.730085,46.705,56.398,100.358,1473.5
Vielma_9_puntos_intento_9.mp4,309,2575.000,True,150.000,170.000,0.000,150.000,47.000,0.000000,0.683333,-0.730107,47.353,54.114,110.534,1436.5
Vielma_9_puntos_intento_9.mp4,310,2583.333,True,150.000,170.000,0.000,150.000,47.000,0.000000,0.683333,-0.730107,46.094,55.123,98.915,1433.5
Vielma_9_puntos_intento_9.mp4,311,2591.667,True,150.000,170.000,0.000,150.000,47.000,0.000000,0.683333,-0.730107,46.401,55.307,102.560,1436.5
Vielma_9_puntos_intento_9.mp4,312,2600.000,True,150.000,170.000,0.000,150.000,47.000,0.000000,0.683333,-0.730107,46.583,55.261,97.595,1444.5
Vielma_9_puntos_intento_9.mp4,313,2608.333,True,150.000,170.000,0.000,150.000,47.000,0.000000,0.683333,-0.730107,46.395,54.811,98.429,1458.5
Vielma_9_puntos_intento_9.mp4,314,2616.667,True,150.000,170.000,0.000,149.000,47.000,-0.005556,0.683333,-0.730085,46.630,54.852,101.632,1461.0
Vielma_9_puntos_intento_9.mp4,315,2625.000,True,150.000,170.000,0.000,149.000,47.000,-0.005556,0.683333,-0.730085,46.425,54.953,100.378,1445.0
Vielma_9_puntos_intento_9.mp4,316,2633.333,True,150.000,170.000,0.000,149.000,46.000,-0.005556,0.688889,-0.724846,46.245,56.182,103.242,1446.0
Vielma_9_puntos_intento_9.mp4,317,2641.667,True,150.000,170.000,0.000,149.000,47.000,-0.005556,0.683333,-0.730085,45.576,56.849,104.357,1437.0
Vielma_9_puntos_intento_9.mp4,318,2650.000,True,150.000,170.000,0.000,149.000,46.000,-0.005556,0.688889,-0.724846,45.867,56.266,103.142,1445.5
Vielma_9_puntos_intento_9.mp4,319,2658.333,True,150.000,170.000,0.000,149.000,47.000,-0.005556,0.683333,-0.730085,45.967,55.658,102.760,1420.5
Vielma_9_puntos_intento_9.mp4,320,2666.667,True,150.000,170.000,0.000,149.000,47.000,-0.005556,0.683333,-0.730085,46.202,54.903,104.159,1424.0
Vielma_9_puntos_intento_9.mp4,321,2675.000,True,150.000,170.000,0.000,149.000,47.000,-0.005556,0.683333,-0.730085,45.730,55.028,98.777,1403.5
Vielma_9_puntos_intento_9.mp4,322,2683.333,True,150.000,170.000,0.000,150.000,47.000,0.000000,0.683333,-0.730107,46.359,54.742,95.389,1430.0
Vielma_9_puntos_intento_9.mp4,323,2691.667,True,150.000,170.000,0.000,149.000,47.000,-0.005556,0.683333,-0.730085,45.704,53.859,95.027,1411.0
Vielma_9_puntos_intento_9.mp4,324,2700.000,True,150.000,170.000,0.000,144.000,48.000,-0.033333,0.677778,-0.734511,44.633,52.595,84.714,1356.5
Vielma_9_puntos_intento_9.mp4,325,2708.333,True,150.000,170.000,0.000,131.000,51.000,-0.105556,0.661111,-0.742826,39.708,56.803,71.050,1210.0
Vielma_9_puntos_intento_9.mp4,326,2716.667,True,150.000,170.000,0.000,119.000,55.000,-0.172222,0.638889,-0.749774,35.507,58.774,62.604,1122.0
Vielma_9_puntos_intento_9.mp4,327,2725.000,True,150.000,170.000,0.000,106.000,61.000,-0.244444,0.605556,-0.757330,24.009,58.468,76.978,1024.0
Vielma_9_puntos_intento_9.mp4,328,2733.333,True,150.000,170.000,0.000,94.000,64.000,-0.311111,0.588889,-0.745935,23.447,59.118,75.559,1028.5
Vielma_9_puntos_intento_9.mp4,329,2741.667,True,150.000,170.000,0.000,85.000,66.000,-0.361111,0.577778,-0.731964,23.207,57.899,73.689,978.5
Vielma_9_puntos_intento_9.mp4,330,2750.000,True,150.000,170.000,0.000,82.000,66.000,-0.377778,0.577778,-0.723503,22.920,57.913,74.528,965.0
Vielma_9_puntos_intento_9.mp4,331,2758.333,True,150.000,170.000,0.000,83.000,65.000,-0.372222,0.583333,-0.721923,22.508,57.910,74.839,956.5
Vielma_9_puntos_intento_9.mp4,332,2766.667,True,150.000,170.000,0.000,83.000,66.000,-0.372222,0.577778,-0.726377,22.969,57.915,72.877,976.5
Vielma_9_puntos_intento_9.mp4,333,2775.000,True,150.000,170.000,0.000,83.000,66.000,-0.372222,0.577778,-0.726377,22.485,57.062,76.009,950.0
Vielma_9_puntos_intento_9.mp4,334,2783.333,True,150.000,170.000,0.000,83.000,65.000,-0.372222,0.583333,-0.721923,22.665,58.758,74.379,980.0
Vielma_9_puntos_intento_9.mp4,335,2791.667,True,150.000,170.000,0.000,82.000,65.000,-0.377778,0.583333,-0.719031,21.917,58.341,71.069,931.0
Vielma_9_puntos_intento_9.mp4,336,2800.000,True,150.000,170.000,0.000,82.000,65.000,-0.377778,0.583333,-0.719031,22.118,57.564,72.391,943.5
Vielma_9_puntos_intento_9.mp4,337,2808.333,True,150.000,170.000,0.000,83.000,65.000,-0.372222,0.583333,-0.721923,23.063,57.225,72.863,949.0
Vielma_9_puntos_intento_9.mp4,338,2816.667,True,150.000,170.000,0.000,82.000,65.000,-0.377778,0.583333,-0.719031,22.953,57.483,72.414,951.5
Vielma_9_puntos_intento_9.mp4,339,2825.000,True,150.000,170.000,0.000,83.000,65.000,-0.372222,0.583333,-0.721923,22.317,57.068,72.250,940.0
Vielma_9_puntos_intento_9.mp4,340,2833.333,True,150.000,170.000,0.000,83.000,64.000,-0.372222,0.588889,-0.717398,22.509,56.070,72.250,935.5
Vielma_9_puntos_intento_9.mp4,341,2841.667,True,150.000,170.000,0.000,83.000,64.000,-0.372222,0.588889,-0.717398,23.046,56.278,73.698,963.5
Vielma_9_puntos_intento_9.mp4,342,2850.000,True,150.000,170.000,0.000,84.000,64.000,-0.366667,0.588889,-0.720254,23.114,58.845,75.016,972.0
Vielma_9_puntos_intento_9.mp4,343,2858.333,True,150.000,170.000,0.000,84.000,64.000,-0.366667,0.588889,-0.720254,22.314,59.221,74.738,958.0
Vielma_9_puntos_intento_9.mp4,344,2866.667,True,150.000,170.000,0.000,83.000,64.000,-0.372222,0.588889,-0.717398,22.953,56.801,74.117,980.0
Vielma_9_puntos_intento_9.mp4,345,2875.000,True,150.000,170.000,0.000,83.000,64.000,-0.372222,0.588889,-0.717398,23.221,55.484,74.010,976.0
Vielma_9_puntos_intento_9.mp4,346,2883.333,True,150.000,170.000,0.000,83.000,64.000,-0.372222,0.588889,-0.717398,22.949,56.845,74.633,980.5
Vielma_9_puntos_intento_9.mp4,347,2891.667,True,150.000,170.000,0.000,83.000,64.000,-0.372222,0.588889,-0.717398,23.022,56.879,74.045,961.0
Vielma_9_puntos_intento_9.mp4,348,2900.000,True,150.000,170.000,0.000,84.000,64.000,-0.366667,0.588889,-0.720254,23.003,56.116,74.785,968.0
Vielma_9_puntos_intento_9.mp4,349,2908.333,True,150.000,170.000,0.000,88.000,63.000,-0.344444,0.594444,-0.726632,23.288,55.593,74.582,947.5
Vielma_9_puntos_intento_9.mp4,350,2916.667,True,150.000,170.000,0.000,100.000,60.000,-0.277778,0.611111,-0.741204,23.042,57.462,75.828,966.5
Vielma_9_puntos_intento_9.mp4,351,2925.000,True,150.000,170.000,0.000,112.000,57.000,-0.211111,0.627778,-0.749218,24.898,56.454,75.799,971.5
Vielma_9_puntos_intento_9.mp4,352,2933.333,True,150.000,170.000,0.000,118.000,50.000,-0.177778,0.666667,-0.723844,43.880,51.092,80.514,1196.0
Vielma_9_puntos_intento_9.mp4,353,2941.667,True,150.000,170.000,0.000,122.000,46.000,-0.155556,0.688889,-0.707979,45.615,62.709,101.968,2168.5
Vielma_9_puntos_intento_9.mp4,354,2950.000,True,150.000,170.000,0.000,134.000,52.000,-0.088889,0.655556,-0.749897,31.849,59.045,83.582,1382.5
Vielma_9_puntos_intento_9.mp4,355,2958.333,True,150.000,170.000,0.000,143.000,58.000,-0.038889,0.622222,-0.781874,18.738,44.290,75.075,555.0
Vielma_9_puntos_intento_9.mp4,356,2966.667,True,150.000,170.000,0.000,148.000,60.000,-0.011111,0.611111,-0.791467,11.872,35.798,78.916,297.5
Vielma_9_puntos_intento_9.mp4,357,2975.000,True,150.000,170.000,0.000,146.000,58.000,-0.022222,0.622222,-0.782525,16.313,43.468,78.768,514.5
Vielma_9_puntos_intento_9.mp4,358,2983.333,True,150.000,170.000,0.000,143.000,53.000,-0.038889,0.650000,-0.758939,25.390,55.920,80.603,1041.0
Vielma_9_puntos_intento_9.mp4,359,2991.667,True,150.000,170.000,0.000,141.000,49.000,-0.050000,0.672222,-0.738659,35.760,60.528,86.767,1559.0
Vielma_9_puntos_intento_9.mp4,360,3000.000,True,150.000,170.000,0.000,140.000,46.000,-0.055556,0.688889,-0.722735,41.874,62.762,98.083,1949.5
Vielma_9_puntos_intento_9.mp4,361,3008.333,True,150.000,170.000,0.000,139.000,44.000,-0.061111,0.700000,-0.711523,44.566,64.078,111.624,2184.0
Vielma_9_puntos_intento_9.mp4,362,3016.667,True,150.000,170.000,0.000,140.000,44.000,-0.055556,0.700000,-0.711979,44.271,63.383,114.481,2155.0
Vielma_9_puntos_intento_9.mp4,363,3025.000,True,150.000,170.000,0.000,144.000,46.000,-0.033333,0.688889,-0.724100,44.394,56.660,105.014,1765.0
Vielma_9_puntos_intento_9.mp4,364,3033.333,True,150.000,170.000,0.000,145.000,47.000,-0.027778,0.683333,-0.729578,43.299,55.297,98.286,1590.5
Vielma_9_puntos_intento_9.mp4,365,3041.667,True,150.000,170.000,0.000,147.000,47.000,-0.016667,0.683333,-0.729916,44.534,52.018,92.384,1516.0
Vielma_9_puntos_intento_9.mp4,366,3050.000,True,150.000,170.000,0.000,147.000,46.000,-0.016667,0.688889,-0.724675,43.422,54.131,102.336,1461.0
Vielma_9_puntos_intento_9.mp4,367,3058.333,True,150.000,170.000,0.000,148.000,47.000,-0.011111,0.683333,-0.730022,42.645,52.850,101.174,1417.0
Vielma_9_puntos_intento_9.mp4,368,3066.667,True,150.000,170.000,0.000,148.000,46.000,-0.011111,0.688889,-0.724782,42.087,53.250,102.566,1349.0
Vielma_9_puntos_intento_9.mp4,369,3075.000,True,150.000,170.000,0.000,149.000,47.000,-0.005556,0.683333,-0.730085,42.575,51.659,96.180,1327.0
Vielma_9_puntos_intento_9.mp4,370,3083.333,True,150.000,170.000,0.000,149.000,46.000,-0.005556,0.688889,-0.724846,41.928,51.509,101.214,1283.5
Vielma_9_puntos_intento_9.mp4,371,3091.667,True,150.000,170.000,0.000,150.000,46.000,0.000000,0.688889,-0.724867,42.232,50.274,93.623,1304.5
Vielma_9_puntos_intento_9.mp4,372,3100.000,True,150.000,170.000,0.000,151.000,46.000,0.005556,0.688889,-0.724846,42.932,49.923,100.201,1293.5
Vielma_9_puntos_intento_9.mp4,373,3108.333,True,150.000,170.000,0.000,150.000,46.000,0.000000,0.688889,-0.724867,41.837,51.072,99.029,1258.0
Vielma_9_puntos_intento_9.mp4,374,3116.667,True,150.000,170.000,0.000,150.000,47.000,0.000000,0.683333,-0.730107,41.887,51.161,94.268,1280.0
Vielma_9_puntos_intento_9.mp4,375,3125.000,True,150.000,170.000,0.000,150.000,47.000,0.000000,0.683333,-0.730107,41.962,48.993,96.337,1221.0
Vielma_9_puntos_intento_9.mp4,376,3133.333,True,150.000,170.000,0.000,150.000,46.000,0.000000,0.688889,-0.724867,42.017,49.538,99.103,1209.5
Vielma_9_puntos_intento_9.mp4,377,3141.667,True,150.000,170.000,0.000,151.000,46.000,0.005556,0.688889,-0.724846,39.953,50.056,89.728,1197.0
Vielma_9_puntos_intento_9.mp4,378,3150.000,True,150.000,170.000,0.000,151.000,47.000,0.005556,0.683333,-0.730085,40.558,49.577,88.016,1171.5
Vielma_9_puntos_intento_9.mp4,379,3158.333,True,150.000,170.000,0.000,150.000,46.000,0.000000,0.688889,-0.724867,40.995,50.190,96.684,1163.0
Vielma_9_puntos_intento_9.mp4,380,3166.667,True,150.000,170.000,0.000,151.000,46.000,0.005556,0.688889,-0.724846,40.882,49.332,87.417,1157.5
Vielma_9_puntos_intento_9.mp4,381,3175.000,True,150.000,170.000,0.000,150.000,45.000,0.000000,0.694444,-0.719546,40.624,50.237,97.069,1161.5
Vielma_9_puntos_intento_9.mp4,382,3183.333,True,150.000,170.000,0.000,150.000,45.000,0.000000,0.694444,-0.719546,41.095,50.719,102.398,1140.0
Vielma_9_puntos_intento_9.mp4,383,3191.667,True,150.000,170.000,0.000,151.000,46.000,0.005556,0.688889,-0.724846,40.482,49.187,94.217,1138.0
Vielma_9_puntos_intento_9.mp4,384,3200.000,True,150.000,170.000,0.000,151.000,45.000,0.005556,0.694444,-0.719525,40.934,47.880,96.501,1131.5
Vielma_9_puntos_intento_9.mp4,385,3208.333,True,150.000,170.000,0.000,150.000,45.000,0.000000,0.694444,-0.719546,41.555,50.920,100.241,1138.0
Vielma_9_puntos_intento_9.mp4,386,3216.667,True,150.000,170.000,0.000,153.000,45.000,0.016667,0.694444,-0.719353,42.181,49.058,91.467,1152.5
Vielma_9_puntos_intento_9.mp4,387,3225.000,True,150.000,170.000,0.000,154.000,45.000,0.022222,0.694444,-0.719203,40.107,50.340,98.968,1143.0
Vielma_9_puntos_intento_9.mp4,388,3233.333,True,150.000,170.000,0.000,154.000,44.000,0.022222,0.700000,-0.713797,41.828,48.554,100.536,1121.5
Vielma_9_puntos_intento_9.mp4,389,3241.667,True,150.000,170.000,0.000,154.000,45.000,0.022222,0.694444,-0.719203,40.638,49.472,98.545,1102.0
Vielma_9_puntos_intento_9.mp4,390,3250.000,True,150.000,170.000,0.000,153.000,44.000,0.016667,0.700000,-0.713948,40.923,49.591,106.690,1095.5
Vielma_9_puntos_intento_9.mp4,391,3258.333,True,150.000,170.000,0.000,154.000,45.000,0.022222,0.694444,-0.719203,39.987,47.242,95.002,1086.5
Vielma_9_puntos_intento_9.mp4,392,3266.667,True,150.000,170.000,0.000,154.000,45.000,0.022222,0.694444,-0.719203,40.471,49.265,86.947,1122.5
Vielma_9_puntos_intento_9.mp4,393,3275.000,True,150.000,170.000,0.000,154.000,45.000,0.022222,0.694444,-0.719203,40.122,49.262,87.671,1117.5
Vielma_9_puntos_intento_9.mp4,394,3283.333,True,150.000,170.000,0.000,151.000,44.000,0.005556,0.700000,-0.714121,40.168,53.797,107.184,1121.0
Vielma_9_puntos_intento_9.mp4,395,3291.667,True,150.000,170.000,0.000,152.000,44.000,0.011111,0.700000,-0.714056,40.404,51.112,108.339,1118.5
Vielma_9_puntos_intento_9.mp4,396,3300.000,True,150.000,170.000,0.000,152.000,44.000,0.011111,0.700000,-0.714056,40.357,50.952,101.830,1125.0
Vielma_9_puntos_intento_9.mp4,397,3308.333,True,150.000,170.000,0.000,153.000,45.000,0.016667,0.694444,-0.719353,41.714,49.591,104.813,1128.5
Vielma_9_puntos_intento_9.mp4,398,3316.667,True,150.000,170.000,0.000,153.000,44.000,0.016667,0.700000,-0.713948,41.632,51.857,100.284,1161.5
Vielma_9_puntos_intento_9.mp4,399,3325.000,True,150.000,170.000,0.000,154.000,45.000,0.022222,0.694444,-0.719203,41.186,50.128,103.137,1158.5
Vielma_9_puntos_intento_9.mp4,400,3333.333,True,150.000,170.000,0.000,152.000,45.000,0.011111,0.694444,-0.719461,41.488,52.601,103.589,1170.5
Vielma_9_puntos_intento_9.mp4,401,3341.667,True,150.000,170.000,0.000,153.000,45.000,0.016667,0.694444,-0.719353,41.913,51.004,103.638,1181.5
Vielma_9_puntos_intento_9.mp4,402,3350.000,True,150.000,170.000,0.000,153.000,45.000,0.016667,0.694444,-0.719353,42.358,51.258,102.832,1202.5
Vielma_9_puntos_intento_9.mp4,403,3358.333,True,150.000,170.000,0.000,154.000,45.000,0.022222,0.694444,-0.719203,42.608,51.072,99.941,1197.5
Vielma_9_puntos_intento_9.mp4,404,3366.667,True,150.000,170.000,0.000,155.000,45.000,0.027778,0.694444,-0.719010,43.011,49.480,110.495,1216.0
Vielma_9_puntos_intento_9.mp4,405,3375.000,True,150.000,170.000,0.000,153.000,45.000,0.016667,0.694444,-0.719353,42.036,52.104,103.107,1218.0
Vielma_9_puntos_intento_9.mp4,406,3383.333,True,150.000,170.000,0.000,154.000,46.000,0.022222,0.688889,-0.724526,42.503,50.742,99.942,1223.0
Vielma_9_puntos_intento_9.mp4,407,3391.667,True,150.000,170.000,0.000,154.000,47.000,0.022222,0.683333,-0.729768,40.809,50.914,92.285,1217.5
Vielma_9_puntos_intento_9.mp4,408,3400.000,True,150.000,170.000,0.000,154.000,47.000,0.022222,0.683333,-0.729768,41.010,49.695,92.582,1210.5
Vielma_9_puntos_intento_9.mp4,409,3408.333,True,150.000,170.000,0.000,154.000,46.000,0.022222,0.688889,-0.724526,40.999,51.791,98.212,1209.5
Vielma_9_puntos_intento_9.mp4,410,3416.667,True,150.000,170.000,0.000,154.000,46.000,0.022222,0.688889,-0.724526,41.724,51.094,104.306,1234.0
Vielma_9_puntos_intento_9.mp4,411,3425.000,True,150.000,170.000,0.000,154.000,46.000,0.022222,0.688889,-0.724526,41.442,51.782,98.876,1228.5
Vielma_9_puntos_intento_9.mp4,412,3433.333,True,150.000,170.000,0.000,154.000,45.000,0.022222,0.694444,-0.719203,42.200,51.196,107.165,1227.0
Vielma_9_puntos_intento_9.mp4,413,3441.667,True,150.000,170.000,0.000,154.000,46.000,0.022222,0.688889,-0.724526,42.125,51.606,96.133,1247.0
Vielma_9_puntos_intento_9.mp4,414,3450.000,True,150.000,170.000,0.000,154.000,46.000,0.022222,0.688889,-0.724526,41.752,51.811,101.193,1236.0
Vielma_9_puntos_intento_9.mp4,415,3458.333,True,150.000,170.000,0.000,154.000,46.000,0.022222,0.688889,-0.724526,42.089,50.909,102.930,1236.0
Vielma_9_puntos_intento_9.mp4,416,3466.667,True,150.000,170.000,0.000,154.000,46.000,0.022222,0.688889,-0.724526,42.004,50.871,104.330,1265.5
Vielma_9_puntos_intento_9.mp4,417,3475.000,True,150.000,170.000,0.000,155.000,47.000,0.027778,0.683333,-0.729578,43.056,50.757,93.766,1256.5
Vielma_9_puntos_intento_9.mp4,418,3483.333,True,150.000,170.000,0.000,154.000,47.000,0.022222,0.683333,-0.729768,42.547,51.036,95.047,1249.0
Vielma_9_puntos_intento_9.mp4,419,3491.667,True,150.000,170.000,0.000,154.000,46.000,0.022222,0.688889,-0.724526,42.408,52.292,101.911,1263.5
Vielma_9_puntos_intento_9.mp4,420,3500.000,True,150.000,170.000,0.000,155.000,47.000,0.027778,0.683333,-0.729578,42.282,49.627,94.733,1250.0
Vielma_9_puntos_intento_9.mp4,421,3508.333,True,150.000,170.000,0.000,155.000,47.000,0.027778,0.683333,-0.729578,42.413,50.494,96.237,1237.0
Vielma_9_puntos_intento_9.mp4,422,3516.667,True,150.000,170.000,0.000,155.000,46.000,0.027778,0.688889,-0.724335,42.757,50.270,104.139,1233.0
Vielma_9_puntos_intento_9.mp4,423,3525.000,True,150.000,170.000,0.000,155.000,47.000,0.027778,0.683333,-0.729578,42.703,49.492,103.629,1232.5
Vielma_9_puntos_intento_9.mp4,424,3533.333,True,150.000,170.000,0.000,154.000,46.000,0.022222,0.688889,-0.724526,43.178,50.383,106.807,1239.5
Vielma_9_puntos_intento_9.mp4,425,3541.667,True,150.000,170.000,0.000,155.000,47.000,0.027778,0.683333,-0.729578,41.467,50.387,101.359,1231.5
Vielma_9_puntos_intento_9.mp4,426,3550.000,True,150.000,170.000,0.000,155.000,47.000,0.027778,0.683333,-0.729578,41.702,50.446,100.668,1223.5
Vielma_9_puntos_intento_9.mp4,427,3558.333,True,150.000,170.000,0.000,156.000,47.000,0.033333,0.683333,-0.729345,41.415,49.444,99.933,1227.0
Vielma_9_puntos_intento_9.mp4,428,3566.667,True,150.000,170.000,0.000,155.000,46.000,0.027778,0.688889,-0.724335,42.319,49.902,99.369,1237.0
Vielma_9_puntos_intento_9.mp4,429,3575.000,True,150.000,170.000,0.000,156.000,47.000,0.033333,0.683333,-0.729345,41.284,48.280,94.916,1218.0
Vielma_9_puntos_intento_9.mp4,430,3583.333,True,150.000,170.000,0.000,155.000,46.000,0.027778,0.688889,-0.724335,41.926,49.333,101.897,1210.0
Vielma_9_puntos_intento_9.mp4,431,3591.667,True,150.000,170.000,0.000,156.000,47.000,0.033333,0.683333,-0.729345,40.739,48.729,91.641,1214.0
Vielma_9_puntos_intento_9.mp4,432,3600.000,True,150.000,170.000,0.000,155.000,47.000,0.027778,0.683333,-0.729578,39.902,50.307,89.968,1219.5
Vielma_9_puntos_intento_9.mp4,433,3608.333,True,150.000,170.000,0.000,155.000,47.000,0.027778,0.683333,-0.729578,39.549,49.784,92.370,1197.0
Vielma_9_puntos_intento_9.mp4,434,3616.667,True,150.000,170.000,0.000,154.000,46.000,0.022222,0.688889,-0.724526,41.007,50.316,100.883,1223.5
Vielma_9_puntos_intento_9.mp4,435,3625.000,True,150.000,170.000,0.000,154.000,45.000,0.022222,0.694444,-0.719203,41.091,49.999,93.351,1204.0
Vielma_9_puntos_intento_9.mp4,436,3633.333,True,150.000,170.000,0.000,154.000,45.000,0.022222,0.694444,-0.719203,40.631,50.162,97.301,1207.0
Vielma_9_puntos_intento_9.mp4,437,3641.667,True,150.000,170.000,0.000,155.000,45.000,0.027778,0.694444,-0.719010,41.226,48.967,90.735,1190.0
Vielma_9_puntos_intento_9.mp4,438,3650.000,True,150.000,170.000,0.000,155.000,45.000,0.027778,0.694444,-0.719010,41.281,48.385,91.258,1216.5
Vielma_9_puntos_intento_9.mp4,439,3658.333,True,150.000,170.000,0.000,155.000,45.000,0.027778,0.694444,-0.719010,40.316,48.225,96.402,1198.0
Vielma_9_puntos_intento_9.mp4,440,3666.667,True,150.000,170.000,0.000,154.000,45.000,0.022222,0.694444,-0.719203,41.014,49.437,98.806,1217.0
Vielma_9_puntos_intento_9.mp4,441,3675.000,True,150.000,170.000,0.000,154.000,45.000,0.022222,0.694444,-0.719203,40.469,48.439,96.552,1183.5
Vielma_9_puntos_intento_9.mp4,442,3683.333,True,150.000,170.000,0.000,153.000,44.000,0.016667,0.700000,-0.713948,40.687,49.311,99.078,1174.5
Vielma_9_puntos_intento_9.mp4,443,3691.667,True,150.000,170.000,0.000,154.000,45.000,0.022222,0.694444,-0.719203,39.621,49.087,93.169,1177.0
Vielma_9_puntos_intento_9.mp4,444,3700.000,True,150.000,170.000,0.000,153.000,44.000,0.016667,0.700000,-0.713948,40.413,49.477,95.245,1196.5
Vielma_9_puntos_intento_9.mp4,445,3708.333,True,150.000,170.000,0.000,153.000,44.000,0.016667,0.700000,-0.713948,40.570,50.638,98.372,1189.5
Vielma_9_puntos_intento_9.mp4,446,3716.667,True,150.000,170.000,0.000,153.000,44.000,0.016667,0.700000,-0.713948,41.240,50.421,98.473,1190.5
Vielma_9_puntos_intento_9.mp4,447,3725.000,True,150.000,170.000,0.000,153.000,44.000,0.016667,0.700000,-0.713948,40.503,49.649,96.580,1187.5
Vielma_9_puntos_intento_9.mp4,448,3733.333,True,150.000,170.000,0.000,153.000,44.000,0.016667,0.700000,-0.713948,40.210,49.495,99.073,1205.0
Vielma_9_puntos_intento_9.mp4,449,3741.667,True,150.000,170.000,0.000,153.000,44.000,0.016667,0.700000,-0.713948,39.803,49.746,96.654,1185.0
Vielma_9_puntos_intento_9.mp4,450,3750.000,True,150.000,170.000,0.000,154.000,44.000,0.022222,0.700000,-0.713797,40.400,48.892,92.344,1173.5
Vielma_9_puntos_intento_9.mp4,451,3758.333,True,150.000,170.000,0.000,154.000,44.000,0.022222,0.700000,-0.713797,39.024,49.679,88.751,1172.5
Vielma_9_puntos_intento_9.mp4,452,3766.667,True,150.000,170.000,0.000,154.000,44.000,0.022222,0.700000,-0.713797,39.545,49.295,85.569,1184.0
Vielma_9_puntos_intento_9.mp4,453,3775.000,True,150.000,170.000,0.000,154.000,43.000,0.022222,0.705556,-0.708306,40.211,49.035,95.497,1178.5
Vielma_9_puntos_intento_9.mp4,454,3783.333,True,150.000,170.000,0.000,153.000,44.000,0.016667,0.700000,-0.713948,40.158,49.819,91.882,1188.0
Vielma_9_puntos_intento_9.mp4,455,3791.667,True,150.000,170.000,0.000,153.000,43.000,0.016667,0.705556,-0.708459,40.407,49.019,98.215,1176.5
Vielma_9_puntos_intento_9.mp4,456,3800.000,True,150.000,170.000,0.000,154.000,43.000,0.022222,0.705556,-0.708306,40.116,50.022,99.343,1184.0
Vielma_9_puntos_intento_9.mp4,457,3808.333,True,150.000,170.000,0.000,154.000,44.000,0.022222,0.700000,-0.713797,39.840,49.308,92.026,1184.5
Vielma_9_puntos_intento_9.mp4,458,3816.667,True,150.000,170.000,0.000,154.000,44.000,0.022222,0.700000,-0.713797,41.030,48.228,87.608,1193.5
Vielma_9_puntos_intento_9.mp4,459,3825.000,True,150.000,170.000,0.000,154.000,43.000,0.022222,0.705556,-0.708306,40.889,49.434,98.006,1193.0
Vielma_9_puntos_intento_9.mp4,460,3833.333,True,150.000,170.000,0.000,154.000,43.000,0.022222,0.705556,-0.708306,41.386,48.338,94.049,1199.5
Vielma_9_puntos_intento_9.mp4,461,3841.667,True,150.000,170.000,0.000,155.000,44.000,0.027778,0.700000,-0.713602,41.322,47.586,92.872,1187.5
Vielma_9_puntos_intento_9.mp4,462,3850.000,True,150.000,170.000,0.000,154.000,44.000,0.022222,0.700000,-0.713797,40.212,48.909,87.171,1197.5
Vielma_9_puntos_intento_9.mp4,463,3858.333,True,150.000,170.000,0.000,154.000,43.000,0.022222,0.705556,-0.708306,40.278,49.278,89.335,1200.5
Vielma_9_puntos_intento_9.mp4,464,3866.667,True,150.000,170.000,0.000,154.000,43.000,0.022222,0.705556,-0.708306,40.140,49.719,89.340,1197.5
Vielma_9_puntos_intento_9.mp4,465,3875.000,True,150.000,170.000,0.000,153.000,43.000,0.016667,0.705556,-0.708459,40.311,50.129,101.656,1196.5
Vielma_9_puntos_intento_9.mp4,466,3883.333,True,150.000,170.000,0.000,153.000,43.000,0.016667,0.705556,-0.708459,40.713,50.221,100.598,1202.5
Vielma_9_puntos_intento_9.mp4,467,3891.667,True,150.000,170.000,0.000,153.000,43.000,0.016667,0.705556,-0.708459,40.413,49.448,95.421,1214.5
Vielma_9_puntos_intento_9.mp4,468,3900.000,True,150.000,170.000,0.000,153.000,43.000,0.016667,0.705556,-0.708459,40.233,48.628,95.455,1200.0
Vielma_9_puntos_intento_9.mp4,469,3908.333,True,150.000,170.000,0.000,153.000,43.000,0.016667,0.705556,-0.708459,38.995,49.525,96.162,1147.0
Vielma_9_puntos_intento_9.mp4,470,3916.667,True,150.000,170.000,0.000,153.000,43.000,0.016667,0.705556,-0.708459,40.509,49.846,100.994,1181.0
Vielma_9_puntos_intento_9.mp4,471,3925.000,True,150.000,170.000,0.000,153.000,42.000,0.016667,0.711111,-0.702882,40.428,50.122,100.895,1193.0
Vielma_9_puntos_intento_9.mp4,472,3933.333,True,150.000,170.000,0.000,153.000,43.000,0.016667,0.705556,-0.708459,40.706,48.445,102.939,1185.0
Vielma_9_puntos_intento_9.mp4,473,3941.667,True,150.000,170.000,0.000,153.000,43.000,0.016667,0.705556,-0.708459,40.473,48.524,93.617,1197.5
Vielma_9_puntos_intento_9.mp4,474,3950.000,True,150.000,170.000,0.000,153.000,43.000,0.016667,0.705556,-0.708459,40.267,48.936,95.356,1185.0
Vielma_9_puntos_intento_9.mp4,475,3958.333,True,150.000,170.000,0.000,153.000,43.000,0.016667,0.705556,-0.708459,39.921,49.451,94.940,1199.0
Vielma_9_puntos_intento_9.mp4,476,3966.667,True,150.000,170.000,0.000,153.000,43.000,0.016667,0.705556,-0.708459,40.023,48.946,92.569,1208.5
Vielma_9_puntos_intento_9.mp4,477,3975.000,True,150.000,170.000,0.000,153.000,43.000,0.016667,0.705556,-0.708459,39.728,50.206,89.051,1215.5
Vielma_9_puntos_intento_9.mp4,478,3983.333,True,150.000,170.000,0.000,152.000,43.000,0.011111,0.705556,-0.708567,40.916,48.731,95.016,1220.0
Vielma_9_puntos_intento_9.mp4,479,3991.667,True,150.000,170.000,0.000,152.000,42.000,0.011111,0.711111,-0.702992,40.142,49.842,94.101,1214.5
Vielma_9_puntos_intento_9.mp4,480,4000.000,True,150.000,170.000,0.000,152.000,43.000,0.011111,0.705556,-0.708567,39.880,49.713,92.030,1213.0
Vielma_9_puntos_intento_9.mp4,481,4008.333,True,150.000,170.000,0.000,151.000,42.000,0.005556,0.711111,-0.703058,38.886,51.211,94.138,1194.5
Vielma_9_puntos_intento_9.mp4,482,4016.667,True,150.000,170.000,0.000,152.000,42.000,0.011111,0.711111,-0.702992,39.856,49.296,89.742,1207.0
Vielma_9_puntos_intento_9.mp4,483,4025.000,True,150.000,170.000,0.000,151.000,42.000,0.005556,0.711111,-0.703058,39.980,50.473,92.781,1198.0
Vielma_9_puntos_intento_9.mp4,484,4033.333,True,150.000,170.000,0.000,151.000,42.000,0.005556,0.711111,-0.703058,39.850,49.722,93.013,1209.5
Vielma_9_puntos_intento_9.mp4,485,4041.667,True,150.000,170.000,0.000,151.000,42.000,0.005556,0.711111,-0.703058,40.110,49.292,94.133,1217.0
Vielma_9_puntos_intento_9.mp4,486,4050.000,True,150.000,170.000,0.000,151.000,42.000,0.005556,0.711111,-0.703058,39.869,49.721,89.078,1214.5
Vielma_9_puntos_intento_9.mp4,487,4058.333,True,150.000,170.000,0.000,151.000,42.000,0.005556,0.711111,-0.703058,39.975,50.453,90.941,1224.5
Vielma_9_puntos_intento_9.mp4,488,4066.667,True,150.000,170.000,0.000,151.000,42.000,0.005556,0.711111,-0.703058,39.707,49.525,88.844,1201.5
Vielma_9_puntos_intento_9.mp4,489,4075.000,True,150.000,170.000,0.000,151.000,42.000,0.005556,0.711111,-0.703058,39.817,50.103,89.555,1204.0
Vielma_9_puntos_intento_9.mp4,490,4083.333,True,150.000,170.000,0.000,152.000,42.000,0.011111,0.711111,-0.702992,39.830,48.332,82.872,1203.5
Vielma_9_puntos_intento_9.mp4,491,4091.667,True,150.000,170.000,0.000,151.000,42.000,0.005556,0.711111,-0.703058,39.590,48.825,85.464,1232.0
Vielma_9_puntos_intento_9.mp4,492,4100.000,True,150.000,170.000,0.000,151.000,43.000,0.005556,0.705556,-0.708633,39.458,50.808,81.845,1244.0
Vielma_9_puntos_intento_9.mp4,493,4108.333,True,150.000,170.000,0.000,151.000,42.000,0.005556,0.711111,-0.703058,41.217,50.420,84.959,1240.5
Vielma_9_puntos_intento_9.mp4,494,4116.667,True,150.000,170.000,0.000,150.000,42.000,0.000000,0.711111,-0.703080,40.614,51.392,89.543,1243.5
Vielma_9_puntos_intento_9.mp4,495,4125.000,True,150.000,170.000,0.000,150.000,42.000,0.000000,0.711111,-0.703080,41.108,50.187,87.314,1233.5
Vielma_9_puntos_intento_9.mp4,496,4133.333,True,150.000,170.000,0.000,150.000,42.000,0.000000,0.711111,-0.703080,41.050,50.098,94.729,1237.0
Vielma_9_puntos_intento_9.mp4,497,4141.667,True,150.000,170.000,0.000,149.000,41.000,-0.005556,0.716667,-0.697394,41.143,52.423,94.652,1272.0
Vielma_9_puntos_intento_9.mp4,498,4150.000,True,150.000,170.000,0.000,150.000,42.000,0.000000,0.711111,-0.703080,41.188,50.811,89.265,1255.5
Vielma_9_puntos_intento_9.mp4,499,4158.333,True,150.000,170.000,0.000,150.000,43.000,0.000000,0.705556,-0.708655,40.299,51.715,86.430,1272.0
Vielma_9_puntos_intento_9.mp4,500,4166.667,True,150.000,170.000,0.000,150.000,43.000,0.000000,0.705556,-0.708655,41.462,50.915,86.557,1286.5
Vielma_9_puntos_intento_9.mp4,501,4175.000,True,150.000,170.000,0.000,149.000,42.000,-0.005556,0.711111,-0.703058,41.642,52.687,90.653,1293.0
Vielma_9_puntos_intento_9.mp4,502,4183.333,True,150.000,170.000,0.000,149.000,42.000,-0.005556,0.711111,-0.703058,41.755,51.879,91.167,1295.5
Vielma_9_puntos_intento_9.mp4,503,4191.667,True,150.000,170.000,0.000,149.000,42.000,-0.005556,0.711111,-0.703058,41.576,52.677,91.636,1307.0
Vielma_9_puntos_intento_9.mp4,504,4200.000,True,150.000,170.000,0.000,150.000,42.000,0.000000,0.711111,-0.703080,41.814,50.503,88.861,1300.0
Vielma_9_puntos_intento_9.mp4,505,4208.333,True,150.000,170.000,0.000,148.000,42.000,-0.011111,0.711111,-0.702992,42.993,53.296,95.451,1316.0
Vielma_9_puntos_intento_9.mp4,506,4216.667,True,150.000,170.000,0.000,148.000,43.000,-0.011111,0.705556,-0.708567,42.050,52.748,89.306,1318.5
Vielma_9_puntos_intento_9.mp4,507,4225.000,True,150.000,170.000,0.000,149.000,43.000,-0.005556,0.705556,-0.708633,40.405,52.489,84.712,1311.5
Vielma_9_puntos_intento_9.mp4,508,4233.333,True,150.000,170.000,0.000,149.000,43.000,-0.005556,0.705556,-0.708633,40.869,52.802,86.124,1313.5
Vielma_9_puntos_intento_9.mp4,509,4241.667,True,150.000,170.000,0.000,148.000,42.000,-0.011111,0.711111,-0.702992,42.315,53.693,93.746,1327.0
Vielma_9_puntos_intento_9.mp4,510,4250.000,True,150.000,170.000,0.000,148.000,42.000,-0.011111,0.711111,-0.702992,42.497,52.903,89.632,1347.5
Vielma_9_puntos_intento_9.mp4,511,4258.333,True,150.000,170.000,0.000,148.000,43.000,-0.011111,0.705556,-0.708567,41.929,53.685,87.556,1355.0
Vielma_9_puntos_intento_9.mp4,512,4266.667,True,150.000,170.000,0.000,148.000,43.000,-0.011111,0.705556,-0.708567,42.109,52.609,87.897,1334.5
Vielma_9_puntos_intento_9.mp4,513,4275.000,True,150.000,170.000,0.000,148.000,43.000,-0.011111,0.705556,-0.708567,42.525,52.660,82.305,1355.0
Vielma_9_puntos_intento_9.mp4,514,4283.333,True,150.000,170.000,0.000,148.000,43.000,-0.011111,0.705556,-0.708567,42.002,53.159,87.083,1343.5
Vielma_9_puntos_intento_9.mp4,515,4291.667,True,150.000,170.000,0.000,148.000,42.000,-0.011111,0.711111,-0.702992,41.643,52.921,86.382,1346.0
Vielma_9_puntos_intento_9.mp4,516,4300.000,True,150.000,170.000,0.000,149.000,42.000,-0.005556,0.711111,-0.703058,41.667,52.585,82.494,1350.0
Vielma_9_puntos_intento_9.mp4,517,4308.333,True,150.000,170.000,0.000,147.000,42.000,-0.016667,0.711111,-0.702882,41.581,55.059,88.561,1360.5
Vielma_9_puntos_intento_9.mp4,518,4316.667,True,150.000,170.000,0.000,147.000,42.000,-0.016667,0.711111,-0.702882,42.534,53.607,90.450,1370.5
Vielma_9_puntos_intento_9.mp4,519,4325.000,True,150.000,169.000,0.000,148.000,42.000,-0.011111,0.705556,-0.708567,42.128,53.159,84.672,1365.0
Vielma_9_puntos_intento_9.mp4,520,4333.333,True,150.000,169.000,0.000,148.000,42.000,-0.011111,0.705556,-0.708567,42.263,52.828,88.506,1356.0
Vielma_9_puntos_intento_9.mp4,521,4341.667,True,150.000,169.000,0.000,148.000,42.000,-0.011111,0.705556,-0.708567,42.722,52.141,85.798,1351.0
Vielma_9_puntos_intento_9.mp4,522,4350.000,True,150.000,169.000,0.000,147.000,42.000,-0.016667,0.705556,-0.708459,42.738,52.385,88.429,1344.5
Vielma_9_puntos_intento_9.mp4,523,4358.333,True,150.000,169.000,0.000,147.000,42.000,-0.016667,0.705556,-0.708459,42.896,52.170,84.427,1366.5
Vielma_9_puntos_intento_9.mp4,524,4366.667,True,150.000,169.000,0.000,147.000,42.000,-0.016667,0.705556,-0.708459,42.565,53.389,88.413,1375.5
Vielma_9_puntos_intento_9.mp4,525,4375.000,True,150.000,169.000,0.000,146.000,42.000,-0.022222,0.705556,-0.708306,42.992,54.084,91.459,1388.0
Vielma_9_puntos_intento_9.mp4,526,4383.333,True,150.000,169.000,0.000,145.000,41.000,-0.027778,0.711111,-0.702531,42.877,55.731,91.849,1398.5
Vielma_9_puntos_intento_9.mp4,527,4391.667,True,150.000,169.000,0.000,146.000,42.000,-0.022222,0.705556,-0.708306,42.793,54.375,89.460,1388.5
Vielma_9_puntos_intento_9.mp4,528,4400.000,True,150.000,169.000,0.000,146.000,42.000,-0.022222,0.705556,-0.708306,42.685,54.472,90.642,1400.0
Vielma_9_puntos_intento_9.mp4,529,4408.333,True,150.000,169.000,0.000,147.000,42.000,-0.016667,0.705556,-0.708459,42.444,53.931,85.471,1408.0
Vielma_9_puntos_intento_9.mp4,530,4416.667,True,150.000,169.000,0.000,147.000,42.000,-0.016667,0.705556,-0.708459,43.316,52.997,89.036,1432.5
Vielma_9_puntos_intento_9.mp4,531,4425.000,True,150.000,169.000,0.000,146.000,42.000,-0.022222,0.705556,-0.708306,42.444,54.683,91.537,1421.0
Vielma_9_puntos_intento_9.mp4,532,4433.333,True,150.000,169.000,0.000,146.000,42.000,-0.022222,0.705556,-0.708306,42.915,54.693,84.957,1430.5
Vielma_9_puntos_intento_9.mp4,533,4441.667,True,150.000,169.000,0.000,146.000,43.000,-0.022222,0.700000,-0.713797,43.037,54.186,88.041,1405.0
Vielma_9_puntos_intento_9.mp4,534,4450.000,True,150.000,169.000,0.000,147.000,43.000,-0.016667,0.700000,-0.713948,43.035,52.915,82.213,1436.5
Vielma_9_puntos_intento_9.mp4,535,4458.333,True,150.000,169.000,0.000,147.000,43.000,-0.016667,0.700000,-0.713948,43.376,52.183,78.290,1423.0
Vielma_9_puntos_intento_9.mp4,536,4466.667,True,149.000,169.000,0.000,147.000,43.000,-0.011111,0.700000,-0.714056,43.537,52.442,77.563,1432.5
Vielma_9_puntos_intento_9.mp4,537,4475.000,True,149.000,169.000,0.000,146.000,42.000,-0.016667,0.705556,-0.708459,43.203,54.395,92.676,1431.0
Vielma_9_puntos_intento_9.mp4,538,4483.333,True,149.000,169.000,0.000,144.000,42.000,-0.027778,0.705556,-0.708110,44.207,54.873,90.945,1449.0
Vielma_9_puntos_intento_9.mp4,539,4491.667,True,149.000,169.000,0.000,134.000,45.000,-0.083333,0.688889,-0.720061,42.447,56.505,77.870,1365.5
Vielma_9_puntos_intento_9.mp4,540,4500.000,True,149.000,169.000,0.000,122.000,49.000,-0.150000,0.666667,-0.730107,34.959,61.233,69.021,1277.0
Vielma_9_puntos_intento_9.mp4,541,4508.333,True,149.000,170.000,0.000,109.000,53.000,-0.222222,0.650000,-0.726717,30.734,61.657,67.900,1193.5
Vielma_9_puntos_intento_9.mp4,542,4516.667,True,149.000,170.000,0.000,97.000,58.000,-0.288889,0.622222,-0.727587,25.609,60.591,76.504,1153.0
Vielma_9_puntos_intento_9.mp4,543,4525.000,True,149.000,170.000,0.000,89.000,60.000,-0.333333,0.611111,-0.717936,25.874,59.098,75.253,1146.5
Vielma_9_puntos_intento_9.mp4,544,4533.333,True,149.000,170.000,0.000,88.000,59.000,-0.338889,0.616667,-0.710547,26.442,60.150,76.524,1141.5
Vielma_9_puntos_intento_9.mp4,545,4541.667,True,149.000,170.000,0.000,90.000,59.000,-0.327778,0.616667,-0.715740,25.210,60.716,75.791,1117.5
Vielma_9_puntos_intento_9.mp4,546,4550.000,True,149.000,170.000,0.000,89.000,59.000,-0.333333,0.616667,-0.713170,25.759,60.160,76.206,1144.0
Vielma_9_puntos_intento_9.mp4,547,4558.333,True,149.000,170.000,0.000,89.000,60.000,-0.333333,0.611111,-0.717936,25.706,59.571,75.253,1147.5
Vielma_9_puntos_intento_9.mp4,548,4566.667,True,149.000,170.000,0.000,89.000,60.000,-0.333333,0.611111,-0.717936,24.968,59.465,75.140,1131.5
Vielma_9_puntos_intento_9.mp4,549,4575.000,True,149.000,170.000,0.000,89.000,60.000,-0.333333,0.611111,-0.717936,25.225,59.908,75.950,1137.5
Vielma_9_puntos_intento_9.mp4,550,4583.333,True,149.000,170.000,0.000,89.000,60.000,-0.333333,0.611111,-0.717936,25.213,60.426,76.406,1143.5
Vielma_9_puntos_intento_9.mp4,551,4591.667,True,149.000,170.000,0.000,89.000,60.000,-0.333333,0.611111,-0.717936,24.896,59.036,76.949,1138.5
Vielma_9_puntos_intento_9.mp4,552,4600.000,True,149.000,171.000,0.000,89.000,59.000,-0.333333,0.622222,-0.708328,25.872,59.376,75.581,1158.0
Vielma_9_puntos_intento_9.mp4,553,4608.333,True,148.000,171.000,0.000,89.000,59.000,-0.327778,0.622222,-0.710916,25.657,59.264,74.425,1118.0
Vielma_9_puntos_intento_9.mp4,554,4616.667,True,148.000,171.000,0.000,89.000,59.000,-0.327778,0.622222,-0.710916,25.806,60.526,74.948,1129.0
Vielma_9_puntos_intento_9.mp4,555,4625.000,True,148.000,171.000,0.000,89.000,59.000,-0.327778,0.622222,-0.710916,25.455,59.184,77.789,1146.0
Vielma_9_puntos_intento_9.mp4,556,4633.333,True,148.000,171.000,0.000,89.000,59.000,-0.327778,0.622222,-0.710916,25.577,60.006,75.082,1120.5
Vielma_9_puntos_intento_9.mp4,557,4641.667,True,148.000,171.000,0.000,88.000,59.000,-0.333333,0.622222,-0.708328,25.791,59.713,76.230,1168.0
Vielma_9_puntos_intento_9.mp4,558,4650.000,True,148.000,171.000,0.000,82.000,61.000,-0.366667,0.611111,-0.701498,24.930,60.234,74.499,1115.5
Vielma_9_puntos_intento_9.mp4,559,4658.333,True,148.000,171.000,0.000,79.000,61.000,-0.383333,0.611111,-0.692531,24.520,60.534,73.021,1091.5
Vielma_9_puntos_intento_9.mp4,560,4666.667,True,148.000,171.000,0.000,79.000,61.000,-0.383333,0.611111,-0.692531,25.834,59.676,73.753,1135.0
Vielma_9_puntos_intento_9.mp4,561,4675.000,True,148.000,171.000,0.000,80.000,61.000,-0.377778,0.611111,-0.695577,25.426,59.333,74.425,1149.0
Vielma_9_puntos_intento_9.mp4,562,4683.333,True,148.000,171.000,0.000,80.000,61.000,-0.377778,0.611111,-0.695577,25.868,59.098,74.166,1142.5
Vielma_9_puntos_intento_9.mp4,563,4691.667,True,148.000,171.000,0.000,80.000,61.000,-0.377778,0.611111,-0.695577,25.540,59.887,73.215,1146.0
Vielma_9_puntos_intento_9.mp4,564,4700.000,True,148.000,171.000,0.000,79.000,61.000,-0.383333,0.611111,-0.692531,25.980,60.639,73.389,1163.5
Vielma_9_puntos_intento_9.mp4,565,4708.333,True,148.000,171.000,0.000,80.000,61.000,-0.377778,0.611111,-0.695577,26.198,59.960,74.497,1152.0
Vielma_9_puntos_intento_9.mp4,566,4716.667,True,148.000,171.000,0.000,80.000,61.000,-0.377778,0.611111,-0.695577,26.248,60.371,72.882,1142.0
Vielma_9_puntos_intento_9.mp4,567,4725.000,True,148.000,171.000,0.000,80.000,61.000,-0.377778,0.611111,-0.695577,26.119,60.169,72.893,1142.5
Vielma_9_puntos_intento_9.mp4,568,4733.333,True,148.000,171.000,0.000,80.000,61.000,-0.377778,0.611111,-0.695577,25.961,60.605,70.953,1143.5
Vielma_9_puntos_intento_9.mp4,569,4741.667,True,148.000,171.000,0.000,80.000,61.000,-0.377778,0.611111,-0.695577,25.837,61.667,74.171,1157.0
Vielma_9_puntos_intento_9.mp4,570,4750.000,True,148.000,171.000,0.000,80.000,61.000,-0.377778,0.611111,-0.695577,26.274,59.865,73.362,1144.0
Vielma_9_puntos_intento_9.mp4,571,4758.333,True,148.000,171.000,0.000,81.000,61.000,-0.372222,0.611111,-0.698566,26.015,61.111,72.787,1156.0
Vielma_9_puntos_intento_9.mp4,572,4766.667,True,148.000,171.000,0.000,81.000,60.000,-0.372222,0.616667,-0.693666,26.684,60.417,73.700,1169.0
Vielma_9_puntos_intento_9.mp4,573,4775.000,True,148.000,171.000,0.000,81.000,60.000,-0.372222,0.616667,-0.693666,25.837,59.772,74.263,1141.5
Vielma_9_puntos_intento_9.mp4,574,4783.333,True,148.000,171.000,0.000,81.000,61.000,-0.372222,0.611111,-0.698566,25.944,59.234,74.070,1168.0
Vielma_9_puntos_intento_9.mp4,575,4791.667,True,148.000,171.000,0.000,81.000,61.000,-0.372222,0.611111,-0.698566,25.692,59.090,74.637,1152.0
Vielma_9_puntos_intento_9.mp4,576,4800.000,True,148.000,171.000,0.000,82.000,60.000,-0.366667,0.616667,-0.696619,25.615,59.823,73.643,1154.5
Vielma_9_puntos_intento_9.mp4,577,4808.333,True,148.000,171.000,0.000,81.000,60.000,-0.372222,0.616667,-0.693666,25.807,58.379,73.511,1122.0
Vielma_9_puntos_intento_9.mp4,578,4816.667,True,148.000,171.000,0.000,82.000,60.000,-0.366667,0.616667,-0.696619,25.811,59.199,71.623,1131.5
Vielma_9_puntos_intento_9.mp4,579,4825.000,True,148.000,171.000,0.000,81.000,60.000,-0.372222,0.616667,-0.693666,25.809,59.822,72.951,1135.5
Vielma_9_puntos_intento_9.mp4,580,4833.333,True,148.000,171.000,0.000,82.000,60.000,-0.366667,0.616667,-0.696619,26.261,58.749,72.340,1137.5
Vielma_9_puntos_intento_9.mp4,581,4841.667,True,148.000,171.000,0.000,82.000,60.000,-0.366667,0.616667,-0.696619,26.300,58.546,73.146,1127.5
Vielma_9_puntos_intento_9.mp4,582,4850.000,True,148.000,171.000,0.000,81.000,61.000,-0.372222,0.611111,-0.698566,25.553,59.237,74.135,1117.5
Vielma_9_puntos_intento_9.mp4,583,4858.333,True,148.000,171.000,0.000,75.000,63.000,-0.405556,0.600000,-0.689583,25.782,60.475,71.581,1145.0
Vielma_9_puntos_intento_9.mp4,584,4866.667,True,148.000,171.000,0.000,65.000,66.000,-0.461111,0.583333,-0.668654,24.696,60.554,69.135,1117.5
Vielma_9_puntos_intento_9.mp4,585,4875.000,True,148.000,171.000,0.000,55.000,69.000,-0.516667,0.566667,-0.641829,23.610,60.743,68.674,1049.0
Vielma_9_puntos_intento_9.mp4,586,4883.333,True,148.000,172.000,0.000,49.000,70.000,-0.550000,0.566667,-0.613505,23.002,60.928,66.364,1011.5
Vielma_9_puntos_intento_9.mp4,587,4891.667,True,148.000,172.000,0.000,44.000,72.000,-0.577778,0.555556,-0.597939,22.353,59.177,64.345,974.0
Vielma_9_puntos_intento_9.mp4,588,4900.000,True,148.000,172.000,0.000,43.000,72.000,-0.583333,0.555556,-0.592520,21.510,58.036,64.903,937.0
Vielma_9_puntos_intento_9.mp4,589,4908.333,True,148.000,172.000,0.000,44.000,72.000,-0.577778,0.555556,-0.597939,21.443,57.722,66.546,945.5
Vielma_9_puntos_intento_9.mp4,590,4916.667,True,148.000,172.000,0.000,44.000,72.000,-0.577778,0.555556,-0.597939,20.558,59.426,67.054,958.5
Vielma_9_puntos_intento_9.mp4,591,4925.000,True,148.000,172.000,0.000,44.000,71.000,-0.577778,0.561111,-0.592729,22.208,59.622,65.492,986.0
Vielma_9_puntos_intento_9.mp4,592,4933.333,True,148.000,172.000,0.000,44.000,72.000,-0.577778,0.555556,-0.597939,21.175,61.120,65.940,962.5
Vielma_9_puntos_intento_9.mp4,593,4941.667,True,148.000,172.000,0.000,43.000,72.000,-0.583333,0.555556,-0.592520,21.870,59.564,64.847,969.5
Vielma_9_puntos_intento_9.mp4,594,4950.000,True,148.000,172.000,0.000,43.000,72.000,-0.583333,0.555556,-0.592520,22.513,59.753,65.047,990.5
Vielma_9_puntos_intento_9.mp4,595,4958.333,False,148.000,172.000,0.000,43.000,73.000,-0.583333,0.550000,-0.597681,23.910,59.660,63.880,1037.0
Vielma_9_puntos_intento_9.mp4,596,4966.667,False,148.000,172.000,0.000,40.000,64.000,-0.600000,0.600000,-0.529150,49.315,60.100,40.892,1680.5
Vielma_9_puntos_intento_9.mp4,597,4975.000,False,148.000,171.000,0.000,43.000,66.000,-0.583333,0.583333,-0.565194,36.568,69.347,61.218,1863.0
Vielma_9_puntos_intento_9.mp4,598,4983.333,False,148.000,171.000,,,,,,,,,,
Vielma_9_puntos_intento_9.mp4,599,4991.667,False,148.000,171.000,,,,,,,,,,
Vielma_9_puntos_intento_9.mp4,600,5000.000,False,148.000,171.000,,,,,,,,,,
Vielma_9_puntos_intento_9.mp4,601,5008.333,False,148.000,171.000,,,,,,,,,,
Vielma_9_puntos_intento_9.mp4,602,5016.667,False,148.000,171.000,,,,,,,,,,
Vielma_9_puntos_intento_9.mp4,603,5025.000,False,148.000,171.000,,,,,,,,,,
Vielma_9_puntos_intento_9.mp4,604,5033.333,False,148.000,171.000,0.000,84.000,64.000,-0.355556,0.594444,-0.721260,12.153,36.468,65.371,319.5
Vielma_9_puntos_intento_9.mp4,605,5041.667,False,148.000,171.000,0.000,85.000,58.000,-0.350000,0.627778,-0.695266,26.415,58.682,66.804,1123.0
Vielma_9_puntos_intento_9.mp4,606,5050.000,False,148.000,171.000,0.000,83.000,54.000,-0.361111,0.650000,-0.668654,38.526,64.774,66.751,1864.0
Vielma_9_puntos_intento_9.mp4,607,5058.333,True,148.000,171.000,0.000,81.000,50.000,-0.372222,0.672222,-0.639975,49.780,65.266,70.993,2420.0
Vielma_9_puntos_intento_9.mp4,608,5066.667,True,148.000,171.000,0.000,80.000,48.000,-0.377778,0.683333,-0.624772,55.766,64.866,92.300,2734.5
Vielma_9_puntos_intento_9.mp4,609,5075.000,True,147.000,171.000,0.000,79.000,51.000,-0.377778,0.666667,-0.642526,49.040,65.222,103.311,2106.0
Vielma_9_puntos_intento_9.mp4,610,5083.333,True,147.000,171.000,0.000,86.000,60.000,-0.338889,0.616667,-0.710547,28.625,65.359,75.927,1372.5
Vielma_9_puntos_intento_9.mp4,611,5091.667,True,147.000,171.000,0.000,86.000,60.000,-0.338889,0.616667,-0.710547,28.298,62.589,77.183,1318.5
Vielma_9_puntos_intento_9.mp4,612,5100.000,True,147.000,171.000,0.000,88.000,60.000,-0.327778,0.616667,-0.715740,27.218,62.609,75.514,1273.0
Vielma_9_puntos_intento_9.mp4,613,5108.333,True,147.000,171.000,0.000,88.000,60.000,-0.327778,0.616667,-0.715740,27.645,62.594,76.507,1291.0
Vielma_9_puntos_intento_9.mp4,614,5116.667,True,147.000,171.000,0.000,88.000,60.000,-0.327778,0.616667,-0.715740,28.337,62.208,76.943,1333.0
Vielma_9_puntos_intento_9.mp4,615,5125.000,True,147.000,171.000,0.000,88.000,61.000,-0.327778,0.611111,-0.720489,27.715,64.379,76.610,1306.5
Vielma_9_puntos_intento_9.mp4,616,5133.333,True,147.000,171.000,0.000,88.000,61.000,-0.327778,0.611111,-0.720489,27.611,63.840,75.693,1308.0
Vielma_9_puntos_intento_9.mp4,617,5141.667,True,147.000,171.000,0.000,89.000,61.000,-0.322222,0.611111,-0.722991,26.877,62.457,76.533,1264.5
Vielma_9_puntos_intento_9.mp4,618,5150.000,True,147.000,171.000,0.000,89.000,61.000,-0.322222,0.611111,-0.722991,26.959,62.418,75.856,1276.0
Vielma_9_puntos_intento_9.mp4,619,5158.333,True,147.000,171.000,0.000,89.000,61.000,-0.322222,0.611111,-0.722991,27.451,64.282,76.696,1293.5
Vielma_9_puntos_intento_9.mp4,620,5166.667,True,147.000,171.000,0.000,89.000,62.000,-0.322222,0.605556,-0.727651,27.109,62.181,76.643,1289.5
Vielma_9_puntos_intento_9.mp4,621,5175.000,True,147.000,171.000,0.000,90.000,61.000,-0.316667,0.611111,-0.725442,27.306,64.045,75.478,1296.0
Vielma_9_puntos_intento_9.mp4,622,5183.333,True,147.000,171.000,0.000,89.000,62.000,-0.322222,0.605556,-0.727651,27.460,62.075,77.776,1307.5
Vielma_9_puntos_intento_9.mp4,623,5191.667,True,147.000,171.000,0.000,90.000,62.000,-0.316667,0.605556,-0.730085,27.505,62.784,77.198,1305.0
Vielma_9_puntos_intento_9.mp4,624,5200.000,True,147.000,171.000,0.000,90.000,62.000,-0.316667,0.605556,-0.730085,27.615,62.691,76.852,1305.0
Vielma_9_puntos_intento_9.mp4,625,5208.333,True,147.000,171.000,0.000,90.000,62.000,-0.316667,0.605556,-0.730085,27.305,62.740,77.301,1264.5
Vielma_9_puntos_intento_9.mp4,626,5216.667,True,147.000,171.000,0.000,90.000,63.000,-0.316667,0.600000,-0.734658,25.994,63.693,76.275,1218.0
Vielma_9_puntos_intento_9.mp4,627,5225.000,True,147.000,171.000,0.000,90.000,63.000,-0.316667,0.600000,-0.734658,25.393,63.601,78.100,1203.5
Vielma_9_puntos_intento_9.mp4,628,5233.333,True,147.000,171.000,0.000,90.000,62.000,-0.316667,0.605556,-0.730085,26.083,62.847,78.332,1229.5
Vielma_9_puntos_intento_9.mp4,629,5241.667,True,147.000,171.000,0.000,90.000,62.000,-0.316667,0.605556,-0.730085,25.567,63.396,76.697,1208.0
Vielma_9_puntos_intento_9.mp4,630,5250.000,True,147.000,171.000,0.000,90.000,63.000,-0.316667,0.600000,-0.734658,26.288,63.184,75.508,1219.0
Vielma_9_puntos_intento_9.mp4,631,5258.333,True,147.000,171.000,0.000,91.000,63.000,-0.311111,0.600000,-0.737028,25.965,61.370,76.180,1205.5
Vielma_9_puntos_intento_9.mp4,632,5266.667,True,147.000,171.000,0.000,91.000,63.000,-0.311111,0.600000,-0.737028,25.697,62.820,77.279,1172.5
Vielma_9_puntos_intento_9.mp4,633,5275.000,True,147.000,171.000,0.000,91.000,63.000,-0.311111,0.600000,-0.737028,25.219,62.850,75.596,1168.5
Vielma_9_puntos_intento_9.mp4,634,5283.333,True,147.000,171.000,0.000,91.000,64.000,-0.311111,0.594444,-0.741516,24.905,62.037,78.442,1162.5
Vielma_9_puntos_intento_9.mp4,635,5291.667,True,147.000,171.000,0.000,90.000,64.000,-0.316667,0.594444,-0.739160,25.161,61.578,77.176,1172.5
Vielma_9_puntos_intento_9.mp4,636,5300.000,True,147.000,171.000,0.000,92.000,64.000,-0.305556,0.594444,-0.743822,25.242,63.774,78.578,1176.5
Vielma_9_puntos_intento_9.mp4,637,5308.333,True,147.000,171.000,0.000,89.000,64.000,-0.322222,0.594444,-0.736755,25.833,62.775,77.126,1186.5
Vielma_9_puntos_intento_9.mp4,638,5316.667,True,147.000,171.000,0.000,86.000,65.000,-0.338889,0.588889,-0.733733,25.546,62.412,75.799,1165.0
Vielma_9_puntos_intento_9.mp4,639,5325.000,True,147.000,171.000,0.000,83.000,65.000,-0.355556,0.588889,-0.725803,24.217,60.497,74.863,1073.5
Vielma_9_puntos_intento_9.mp4,640,5333.333,True,147.000,171.000,0.000,84.000,65.000,-0.350000,0.588889,-0.728498,24.743,60.889,73.842,1107.5
Vielma_9_puntos_intento_9.mp4,641,5341.667,True,147.000,171.000,0.000,85.000,65.000,-0.344444,0.588889,-0.731142,24.285,60.466,75.033,1106.5
Vielma_9_puntos_intento_9.mp4,642,5350.000,True,147.000,171.000,0.000,85.000,65.000,-0.344444,0.588889,-0.731142,24.994,60.546,75.238,1120.5
Vielma_9_puntos_intento_9.mp4,643,5358.333,True,147.000,171.000,0.000,84.000,65.000,-0.350000,0.588889,-0.728498,25.269,61.359,73.453,1135.0
Vielma_9_puntos_intento_9.mp4,644,5366.667,True,147.000,171.000,0.000,84.000,66.000,-0.350000,0.583333,-0.732954,24.929,62.223,73.310,1146.0
Vielma_9_puntos_intento_9.mp4,645,5375.000,True,147.000,171.000,0.000,84.000,65.000,-0.350000,0.588889,-0.728498,24.575,61.847,75.434,1116.0
Vielma_9_puntos_intento_9.mp4,646,5383.333,True,147.000,171.000,0.000,85.000,65.000,-0.344444,0.588889,-0.731142,24.801,62.258,73.663,1141.0
Vielma_9_puntos_intento_9.mp4,647,5391.667,True,147.000,171.000,0.000,84.000,66.000,-0.350000,0.583333,-0.732954,23.505,63.262,74.094,1060.0
Vielma_9_puntos_intento_9.mp4,648,5400.000,True,147.000,171.000,0.000,85.000,65.000,-0.344444,0.588889,-0.731142,23.764,62.523,74.064,1100.5
Vielma_9_puntos_intento_9.mp4,649,5408.333,True,147.000,171.000,0.000,85.000,65.000,-0.344444,0.588889,-0.731142,24.147,61.830,74.625,1104.5
Vielma_9_puntos_intento_9.mp4,650,5416.667,True,147.000,171.000,0.000,84.000,65.000,-0.350000,0.588889,-0.728498,23.590,60.268,73.690,1072.0
Vielma_9_puntos_intento_9.mp4,651,5425.000,True,147.000,171.000,0.000,84.000,65.000,-0.350000,0.588889,-0.728498,23.852,60.551,74.158,1072.0
Vielma_9_puntos_intento_9.mp4,652,5433.333,True,147.000,171.000,0.000,84.000,65.000,-0.350000,0.588889,-0.728498,23.778,62.297,74.055,1080.5
Vielma_9_puntos_intento_9.mp4,653,5441.667,True,147.000,171.000,0.000,84.000,65.000,-0.350000,0.588889,-0.728498,23.991,62.152,73.088,1083.5
Vielma_9_puntos_intento_9.mp4,654,5450.000,True,147.000,171.000,0.000,83.000,65.000,-0.355556,0.588889,-0.725803,24.136,61.275,72.456,1060.5
Vielma_9_puntos_intento_9.mp4,655,5458.333,True,147.000,171.000,0.000,84.000,65.000,-0.350000,0.588889,-0.728498,23.898,61.691,73.658,1063.5
Vielma_9_puntos_intento_9.mp4,656,5466.667,True,147.000,171.000,0.000,83.000,64.000,-0.355556,0.594444,-0.721260,23.977,62.084,74.103,1097.0
Vielma_9_puntos_intento_9.mp4,657,5475.000,True,147.000,171.000,0.000,84.000,64.000,-0.350000,0.594444,-0.723972,23.599,61.414,75.312,1079.5
Vielma_9_puntos_intento_9.mp4,658,5483.333,True,147.000,171.000,0.000,83.000,64.000,-0.355556,0.594444,-0.721260,24.384,62.324,74.041,1107.0
Vielma_9_puntos_intento_9.mp4,659,5491.667,True,147.000,171.000,0.000,84.000,64.000,-0.350000,0.594444,-0.723972,22.702,60.929,75.337,1029.0
Vielma_9_puntos_intento_9.mp4,660,5500.000,True,147.000,171.000,0.000,84.000,63.000,-0.350000,0.600000,-0.719375,23.550,60.380,74.313,1051.0
Vielma_9_puntos_intento_9.mp4,661,5508.333,True,147.000,171.000,0.000,84.000,63.000,-0.350000,0.600000,-0.719375,23.580,59.473,74.791,1031.5
Vielma_9_puntos_intento_9.mp4,662,5516.667,True,147.000,171.000,0.000,84.000,63.000,-0.350000,0.600000,-0.719375,22.772,61.396,74.600,1031.0
Vielma_9_puntos_intento_9.mp4,663,5525.000,True,147.000,171.000,0.000,84.000,63.000,-0.350000,0.600000,-0.719375,23.075,59.227,74.114,1018.5
Vielma_9_puntos_intento_9.mp4,664,5533.333,True,147.000,171.000,0.000,84.000,63.000,-0.350000,0.600000,-0.719375,22.932,60.515,74.152,1026.0
Vielma_9_puntos_intento_9.mp4,665,5541.667,True,147.000,171.000,0.000,84.000,63.000,-0.350000,0.600000,-0.719375,22.940,59.597,75.402,1018.5
Vielma_9_puntos_intento_9.mp4,666,5550.000,True,147.000,171.000,0.000,84.000,63.000,-0.350000,0.600000,-0.719375,23.809,59.360,73.808,1033.5
Vielma_9_puntos_intento_9.mp4,667,5558.333,True,147.000,171.000,0.000,85.000,63.000,-0.344444,0.600000,-0.722051,22.789,59.244,74.852,998.5
Vielma_9_puntos_intento_9.mp4,668,5566.667,True,147.000,171.000,0.000,84.000,63.000,-0.350000,0.600000,-0.719375,23.166,59.771,73.381,1008.0
Vielma_9_puntos_intento_9.mp4,669,5575.000,True,147.000,171.000,0.000,85.000,63.000,-0.344444,0.600000,-0.722051,23.094,58.193,74.238,991.0
Vielma_9_puntos_intento_9.mp4,670,5583.333,True,147.000,171.000,0.000,85.000,63.000,-0.344444,0.600000,-0.722051,23.708,60.461,73.801,1025.0
Vielma_9_puntos_intento_9.mp4,671,5591.667,True,147.000,171.000,0.000,85.000,63.000,-0.344444,0.600000,-0.722051,23.243,60.559,74.002,1014.0
Vielma_9_puntos_intento_9.mp4,672,5600.000,True,147.000,171.000,0.000,85.000,63.000,-0.344444,0.600000,-0.722051,23.160,60.224,75.470,1010.5
Vielma_9_puntos_intento_9.mp4,673,5608.333,True,147.000,171.000,0.000,84.000,63.000,-0.350000,0.600000,-0.719375,22.714,59.613,76.321,995.0
Vielma_9_puntos_intento_9.mp4,674,5616.667,True,147.000,171.000,0.000,84.000,63.000,-0.350000,0.600000,-0.719375,22.565,59.565,75.153,999.5
Vielma_9_puntos_intento_9.mp4,675,5625.000,True,147.000,171.000,0.000,85.000,63.000,-0.344444,0.600000,-0.722051,22.962,58.550,75.772,993.5
Vielma_9_puntos_intento_9.mp4,676,5633.333,True,147.000,171.000,0.000,85.000,63.000,-0.344444,0.600000,-0.722051,22.465,60.010,75.829,992.5
Vielma_9_puntos_intento_9.mp4,677,5641.667,True,147.000,171.000,0.000,85.000,63.000,-0.344444,0.600000,-0.722051,23.350,59.448,74.632,997.5
Vielma_9_puntos_intento_9.mp4,678,5650.000,True,147.000,171.000,0.000,85.000,64.000,-0.344444,0.594444,-0.726632,22.904,59.197,74.788,980.0
Vielma_9_puntos_intento_9.mp4,679,5658.333,True,147.000,171.000,0.000,86.000,63.000,-0.338889,0.600000,-0.724675,23.002,59.386,76.060,990.5
Vielma_9_puntos_intento_9.mp4,680,5666.667,True,147.000,171.000,0.000,86.000,63.000,-0.338889,0.600000,-0.724675,23.071,60.481,74.381,995.5
Vielma_9_puntos_intento_9.mp4,681,5675.000,True,147.000,171.000,0.000,86.000,63.000,-0.338889,0.600000,-0.724675,23.423,59.669,75.273,997.0
Vielma_9_puntos_intento_9.mp4,682,5683.333,True,147.000,171.000,0.000,86.000,64.000,-0.338889,0.594444,-0.729239,23.477,60.001,75.125,1016.0
Vielma_9_puntos_intento_9.mp4,683,5691.667,True,147.000,171.000,0.000,86.000,64.000,-0.338889,0.594444,-0.729239,23.468,60.284,74.245,1020.5
Vielma_9_puntos_intento_9.mp4,684,5700.000,True,147.000,171.000,0.000,87.000,64.000,-0.333333,0.594444,-0.731796,23.304,59.725,75.633,1023.0
Vielma_9_puntos_intento_9.mp4,685,5708.333,True,147.000,171.000,0.000,86.000,64.000,-0.338889,0.594444,-0.729239,23.790,60.426,75.508,1012.0
Vielma_9_puntos_intento_9.mp4,686,5716.667,True,147.000,171.000,0.000,86.000,65.000,-0.338889,0.588889,-0.733733,22.840,62.648,75.008,1025.5
Vielma_9_puntos_intento_9.mp4,687,5725.000,True,147.000,171.000,0.000,87.000,64.000,-0.333333,0.594444,-0.731796,23.490,60.449,75.645,1017.5
Vielma_9_puntos_intento_9.mp4,688,5733.333,True,147.000,171.000,0.000,88.000,63.000,-0.327778,0.600000,-0.729768,23.514,59.751,75.940,1017.0
Vielma_9_puntos_intento_9.mp4,689,5741.667,True,147.000,171.000,0.000,88.000,64.000,-0.327778,0.594444,-0.734301,23.774,60.723,76.124,1023.0
Vielma_9_puntos_intento_9.mp4,690,5750.000,True,147.000,171.000,0.000,88.000,63.000,-0.327778,0.600000,-0.729768,23.460,59.727,76.671,1037.0
Vielma_9_puntos_intento_9.mp4,691,5758.333,True,147.000,171.000,0.000,89.000,63.000,-0.322222,0.600000,-0.732238,23.292,59.148,76.858,1026.5
Vielma_9_puntos_intento_9.mp4,692,5766.667,True,147.000,171.000,0.000,89.000,63.000,-0.322222,0.600000,-0.732238,23.055,60.140,77.457,1023.0
Vielma_9_puntos_intento_9.mp4,693,5775.000,True,147.000,171.000,0.000,88.000,63.000,-0.327778,0.600000,-0.729768,22.787,58.902,77.553,978.5
Vielma_9_puntos_intento_9.mp4,694,5783.333,True,147.000,171.000,0.000,88.000,63.000,-0.327778,0.600000,-0.729768,23.111,60.150,74.969,1013.0
Vielma_9_puntos_intento_9.mp4,695,5791.667,True,147.000,171.000,0.000,88.000,63.000,-0.327778,0.600000,-0.729768,23.434,59.975,75.810,1016.0
Vielma_9_puntos_intento_9.mp4,696,5800.000,True,147.000,171.000,0.000,89.000,63.000,-0.322222,0.600000,-0.732238,23.852,60.498,76.331,1030.5
Vielma_9_puntos_intento_9.mp4,697,5808.333,True,147.000,171.000,0.000,90.000,63.000,-0.316667,0.600000,-0.734658,23.228,61.511,77.844,1025.0
Vielma_9_puntos_intento_9.mp4,698,5816.667,True,147.000,171.000,0.000,97.000,62.000,-0.277778,0.605556,-0.745749,23.946,59.550,78.313,1047.0
Vielma_9_puntos_intento_9.mp4,699,5825.000,True,146.000,171.000,0.000,111.000,60.000,-0.194444,0.616667,-0.762833,24.480,62.876,78.188,1101.5
Vielma_9_puntos_intento_9.mp4,700,5833.333,True,146.000,171.000,0.000,122.000,58.000,-0.133333,0.627778,-0.766888,27.243,62.549,79.273,1152.5
Vielma_9_puntos_intento_9.mp4,701,5841.667,True,146.000,171.000,0.000,131.000,54.000,-0.083333,0.650000,-0.755351,39.009,59.079,72.382,1277.5
Vielma_9_puntos_intento_9.mp4,702,5850.000,True,146.000,171.000,0.000,133.000,52.000,-0.072222,0.661111,-0.746804,42.426,58.118,78.090,1285.5
Vielma_9_puntos_intento_9.mp4,703,5858.333,True,146.000,171.000,0.000,134.000,54.000,-0.066667,0.650000,-0.757004,38.666,59.489,71.782,1270.0
Vielma_9_puntos_intento_9.mp4,704,5866.667,True,146.000,171.000,0.000,133.000,53.000,-0.072222,0.655556,-0.751685,42.149,58.002,74.618,1323.5
Vielma_9_puntos_intento_9.mp4,705,5875.000,True,146.000,171.000,0.000,135.000,53.000,-0.061111,0.655556,-0.752670,40.843,60.396,72.078,1355.5
Vielma_9_puntos_intento_9.mp4,706,5883.333,True,146.000,171.000,0.000,135.000,53.000,-0.061111,0.655556,-0.752670,41.067,57.767,73.507,1361.0
Vielma_9_puntos_intento_9.mp4,707,5891.667,True,146.000,171.000,0.000,134.000,53.000,-0.066667,0.655556,-0.752198,43.413,60.687,73.010,1488.5
Vielma_9_puntos_intento_9.mp4,708,5900.000,True,146.000,171.000,0.000,134.000,53.000,-0.066667,0.655556,-0.752198,45.203,59.452,74.485,1486.5
Vielma_9_puntos_intento_9.mp4,709,5908.333,True,146.000,171.000,0.000,137.000,53.000,-0.050000,0.655556,-0.753490,41.427,60.028,66.070,1473.0
Vielma_9_puntos_intento_9.mp4,710,5916.667,True,146.000,171.000,0.000,134.000,53.000,-0.066667,0.655556,-0.752198,44.657,59.758,71.479,1491.5
Vielma_9_puntos_intento_9.mp4,711,5925.000,True,146.000,171.000,0.000,134.000,52.000,-0.066667,0.661111,-0.747320,46.046,60.308,78.665,1498.0
Vielma_9_puntos_intento_9.mp4,712,5933.333,True,146.000,171.000,0.000,133.000,52.000,-0.072222,0.661111,-0.746804,45.161,61.735,77.309,1520.0
Vielma_9_puntos_intento_9.mp4,713,5941.667,True,146.000,171.000,0.000,133.000,52.000,-0.072222,0.661111,-0.746804,46.903,60.554,78.965,1530.5
Vielma_9_puntos_intento_9.mp4,714,5950.000,True,146.000,171.000,0.000,133.000,52.000,-0.072222,0.661111,-0.746804,45.701,60.484,73.648,1529.5
Vielma_9_puntos_intento_9.mp4,715,5958.333,True,146.000,171.000,0.000,132.000,52.000,-0.077778,0.661111,-0.746246,46.775,60.479,77.032,1527.5
Vielma_9_puntos_intento_9.mp4,716,5966.667,True,146.000,171.000,0.000,133.000,52.000,-0.072222,0.661111,-0.746804,45.417,62.016,75.420,1623.0
Vielma_9_puntos_intento_9.mp4,717,5975.000,True,146.000,171.000,0.000,133.000,52.000,-0.072222,0.661111,-0.746804,45.583,61.099,76.638,1606.0
Vielma_9_puntos_intento_9.mp4,718,5983.333,True,146.000,171.000,0.000,133.000,52.000,-0.072222,0.661111,-0.746804,44.774,62.202,74.555,1613.0
Vielma_9_puntos_intento_9.mp4,719,5991.667,True,146.000,171.000,0.000,132.000,52.000,-0.077778,0.661111,-0.746246,45.403,60.422,73.320,1552.5
Vielma_9_puntos_intento_9.mp4,720,6000.000,True,146.000,171.000,0.000,128.000,54.000,-0.100000,0.650000,-0.753326,41.863,64.368,70.388,1552.5
Vielma_9_puntos_intento_9.mp4,721,6008.333,True,146.000,171.000,0.000,116.000,60.000,-0.166667,0.616667,-0.769379,29.391,65.900,77.583,1366.0
Vielma_9_puntos_intento_9.mp4,722,6016.667,True,146.000,171.000,0.000,102.000,63.000,-0.244444,0.600000,-0.761739,26.877,66.514,77.622,1284.5
Vielma_9_puntos_intento_9.mp4,723,6025.000,True,146.000,171.000,0.000,92.000,65.000,-0.300000,0.588889,-0.750473,26.315,63.568,77.146,1242.5
Vielma_9_puntos_intento_9.mp4,724,6033.333,True,146.000,171.000,0.000,88.000,65.000,-0.322222,0.588889,-0.741204,25.791,64.066,77.259,1232.0
Vielma_9_puntos_intento_9.mp4,725,6041.667,True,146.000,171.000,0.000,90.000,65.000,-0.311111,0.588889,-0.745935,26.436,65.614,76.648,1267.0
Vielma_9_puntos_intento_9.mp4,726,6050.000,True,146.000,171.000,0.000,89.000,65.000,-0.316667,0.588889,-0.743594,26.336,65.269,77.499,1273.0
Vielma_9_puntos_intento_9.mp4,727,6058.333,True,146.000,171.000,0.000,88.000,65.000,-0.322222,0.588889,-0.741204,27.037,65.481,76.063,1293.0
Vielma_9_puntos_intento_9.mp4,728,6066.667,True,146.000,171.000,0.000,88.000,65.000,-0.322222,0.588889,-0.741204,26.081,67.797,77.049,1277.0
Vielma_9_puntos_intento_9.mp4,729,6075.000,True,146.000,171.000,0.000,88.000,65.000,-0.322222,0.588889,-0.741204,26.653,65.444,76.229,1270.5
Vielma_9_puntos_intento_9.mp4,730,6083.333,True,146.000,171.000,0.000,88.000,65.000,-0.322222,0.588889,-0.741204,26.411,65.376,76.133,1274.0
Vielma_9_puntos_intento_9.mp4,731,6091.667,True,146.000,171.000,0.000,87.000,65.000,-0.327778,0.588889,-0.738764,25.491,65.680,75.148,1214.5
Vielma_9_puntos_intento_9.mp4,732,6100.000,True,146.000,171.000,0.000,89.000,65.000,-0.316667,0.588889,-0.743594,25.306,66.152,78.406,1221.0
Vielma_9_puntos_intento_9.mp4,733,6108.333,True,146.000,171.000,0.000,87.000,64.000,-0.327778,0.594444,-0.734301,25.755,64.314,75.303,1215.0
Vielma_9_puntos_intento_9.mp4,734,6116.667,True,146.000,171.000,0.000,88.000,64.000,-0.322222,0.594444,-0.736755,25.711,63.195,75.015,1214.0
Vielma_9_puntos_intento_9.mp4,735,6125.000,True,146.000,171.000,0.000,87.000,64.000,-0.327778,0.594444,-0.734301,26.159,63.554,75.378,1233.5
Vielma_9_puntos_intento_9.mp4,736,6133.333,True,146.000,171.000,0.000,88.000,63.000,-0.322222,0.600000,-0.732238,25.873,62.149,74.190,1209.5
Vielma_9_puntos_intento_9.mp4,737,6141.667,True,146.000,171.000,0.000,88.000,63.000,-0.322222,0.600000,-0.732238,25.786,62.729,74.706,1204.5
Vielma_9_puntos_intento_9.mp4,738,6150.000,True,146.000,171.000,0.000,87.000,64.000,-0.327778,0.594444,-0.734301,26.227,63.775,74.660,1209.0
Vielma_9_puntos_intento_9.mp4,739,6158.333,True,146.000,171.000,0.000,88.000,63.000,-0.322222,0.600000,-0.732238,26.068,63.138,75.083,1211.0
Vielma_9_puntos_intento_9.mp4,740,6166.667,True,146.000,171.000,0.000,88.000,63.000,-0.322222,0.600000,-0.732238,25.561,63.430,76.751,1204.0
Vielma_9_puntos_intento_9.mp4,741,6175.000,True,146.000,171.000,0.000,88.000,63.000,-0.322222,0.600000,-0.732238,25.521,64.430,77.057,1223.5
Vielma_9_puntos_intento_9.mp4,742,6183.333,True,146.000,171.000,0.000,87.000,64.000,-0.327778,0.594444,-0.734301,25.614,64.366,75.920,1210.5
Vielma_9_puntos_intento_9.mp4,743,6191.667,True,146.000,171.000,0.000,88.000,64.000,-0.322222,0.594444,-0.736755,25.431,65.104,75.977,1205.0
Vielma_9_puntos_intento_9.mp4,744,6200.000,True,146.000,171.000,0.000,88.000,64.000,-0.322222,0.594444,-0.736755,25.464,65.077,76.696,1198.5
Vielma_9_puntos_intento_9.mp4,745,6208.333,True,146.000,171.000,0.000,87.000,64.000,-0.327778,0.594444,-0.734301,25.288,64.810,74.896,1207.0
Vielma_9_puntos_intento_9.mp4,746,6216.667,True,146.000,171.000,0.000,87.000,64.000,-0.327778,0.594444,-0.734301,25.559,63.828,74.569,1220.5
Vielma_9_puntos_intento_9.mp4,747,6225.000,True,146.000,171.000,0.000,87.000,64.000,-0.327778,0.594444,-0.734301,25.587,62.934,73.812,1207.5
Vielma_9_puntos_intento_9.mp4,748,6233.333,True,146.000,171.000,0.000,87.000,64.000,-0.327778,0.594444,-0.734301,25.787,64.237,75.252,1208.0
Vielma_9_puntos_intento_9.mp4,749,6241.667,True,146.000,171.000,0.000,88.000,64.000,-0.322222,0.594444,-0.736755,25.453,64.411,75.267,1196.0
Vielma_9_puntos_intento_9.mp4,750,6250.000,True,146.000,171.000,0.000,92.000,63.000,-0.300000,0.600000,-0.741620,25.343,63.462,75.801,1192.0
Vielma_9_puntos_intento_9.mp4,751,6258.333,True,146.000,171.000,0.000,104.000,60.000,-0.233333,0.616667,-0.751850,26.626,66.079,77.968,1237.0
Vielma_9_puntos_intento_9.mp4,752,6266.667,True,146.000,171.000,0.000,118.000,56.000,-0.155556,0.638889,-0.753408,34.391,62.892,67.528,1293.0
Vielma_9_puntos_intento_9.mp4,753,6275.000,True,146.000,171.000,0.000,128.000,51.000,-0.100000,0.666667,-0.738617,43.533,60.025,71.440,1379.0
Vielma_9_puntos_intento_9.mp4,754,6283.333,True,146.000,171.000,0.000,133.000,50.000,-0.072222,0.672222,-0.736818,43.367,60.801,76.178,1445.0
Vielma_9_puntos_intento_9.mp4,755,6291.667,True,146.000,171.000,0.000,133.000,51.000,-0.072222,0.666667,-0.741849,42.234,60.773,70.645,1406.0
Vielma_9_puntos_intento_9.mp4,756,6300.000,True,146.000,171.000,0.000,132.000,50.000,-0.077778,0.672222,-0.736253,45.331,59.262,73.478,1446.0
Vielma_9_puntos_intento_9.mp4,757,6308.333,True,146.000,171.000,0.000,133.000,50.000,-0.072222,0.672222,-0.736818,46.166,58.996,74.222,1492.0
Vielma_9_puntos_intento_9.mp4,758,6316.667,True,146.000,171.000,0.000,133.000,51.000,-0.072222,0.666667,-0.741849,44.678,59.501,73.920,1518.5
Vielma_9_puntos_intento_9.mp4,759,6325.000,True,146.000,171.000,0.000,133.000,50.000,-0.072222,0.672222,-0.736818,45.599,60.459,77.202,1511.5
Vielma_9_puntos_intento_9.mp4,760,6333.333,True,146.000,171.000,0.000,134.000,50.000,-0.066667,0.672222,-0.737342,44.666,60.316,72.461,1494.0
Vielma_9_puntos_intento_9.mp4,761,6341.667,True,146.000,171.000,0.000,134.000,50.000,-0.066667,0.672222,-0.737342,44.220,59.672,74.237,1507.5
Vielma_9_puntos_intento_9.mp4,762,6350.000,True,146.000,171.000,0.000,133.000,50.000,-0.072222,0.672222,-0.736818,46.069,60.138,75.765,1505.0
Vielma_9_puntos_intento_9.mp4,763,6358.333,True,146.000,171.000,0.000,133.000,50.000,-0.072222,0.672222,-0.736818,46.277,59.562,74.720,1505.0
Vielma_9_puntos_intento_9.mp4,764,6366.667,True,146.000,171.000,0.000,134.000,51.000,-0.066667,0.666667,-0.742369,44.591,60.355,71.361,1541.0
Vielma_9_puntos_intento_9.mp4,765,6375.000,True,146.000,171.000,0.000,134.000,50.000,-0.066667,0.672222,-0.737342,44.667,59.622,77.721,1541.0
Vielma_9_puntos_intento_9.mp4,766,6383.333,True,146.000,171.000,0.000,133.000,50.000,-0.072222,0.672222,-0.736818,46.945,59.542,78.299,1528.5
Vielma_9_puntos_intento_9.mp4,767,6391.667,True,146.000,171.000,0.000,134.000,51.000,-0.066667,0.666667,-0.742369,43.697,61.707,71.990,1537.0
Vielma_9_puntos_intento_9.mp4,768,6400.000,True,146.000,171.000,0.000,134.000,50.000,-0.066667,0.672222,-0.737342,45.565,60.563,75.281,1536.5
Vielma_9_puntos_intento_9.mp4,769,6408.333,True,146.000,171.000,0.000,134.000,50.000,-0.066667,0.672222,-0.737342,44.839,59.488,76.274,1534.0
Vielma_9_puntos_intento_9.mp4,770,6416.667,True,146.000,171.000,0.000,135.000,50.000,-0.061111,0.672222,-0.737823,45.771,59.394,70.591,1623.5
Vielma_9_puntos_intento_9.mp4,771,6425.000,True,146.000,171.000,0.000,133.000,50.000,-0.072222,0.672222,-0.736818,45.089,61.052,69.931,1607.0
Vielma_9_puntos_intento_9.mp4,772,6433.333,True,146.000,171.000,0.000,123.000,53.000,-0.127778,0.655556,-0.744258,41.385,63.629,67.966,1505.5
Vielma_9_puntos_intento_9.mp4,773,6441.667,True,146.000,171.000,0.000,110.000,59.000,-0.200000,0.622222,-0.756862,29.101,68.407,73.809,1330.5
Vielma_9_puntos_intento_9.mp4,774,6450.000,True,146.000,171.000,0.000,96.000,63.000,-0.277778,0.600000,-0.750226,26.810,64.538,75.610,1288.5
Vielma_9_puntos_intento_9.mp4,775,6458.333,True,146.000,171.000,0.000,89.000,64.000,-0.316667,0.594444,-0.739160,26.317,65.354,76.185,1279.5
Vielma_9_puntos_intento_9.mp4,776,6466.667,True,146.000,171.000,0.000,90.000,63.000,-0.311111,0.600000,-0.737028,25.898,62.532,76.432,1226.5
Vielma_9_puntos_intento_9.mp4,777,6475.000,True,146.000,171.000,0.000,91.000,63.000,-0.305556,0.600000,-0.739348,26.000,64.922,76.272,1237.0
Vielma_9_puntos_intento_9.mp4,778,6483.333,True,146.000,171.000,0.000,90.000,63.000,-0.311111,0.600000,-0.737028,26.577,63.595,77.334,1248.5
Vielma_9_puntos_intento_9.mp4,779,6491.667,True,146.000,171.000,0.000,88.000,64.000,-0.322222,0.594444,-0.736755,25.842,64.514,75.857,1223.0
Vielma_9_puntos_intento_9.mp4,780,6500.000,True,146.000,171.000,0.000,89.000,63.000,-0.316667,0.600000,-0.734658,25.839,64.290,75.619,1232.0
Vielma_9_puntos_intento_9.mp4,781,6508.333,True,146.000,171.000,0.000,90.000,63.000,-0.311111,0.600000,-0.737028,26.142,63.638,77.045,1222.5
Vielma_9_puntos_intento_9.mp4,782,6516.667,True,146.000,171.000,0.000,90.000,63.000,-0.311111,0.600000,-0.737028,26.397,63.676,76.849,1222.5
Vielma_9_puntos_intento_9.mp4,783,6525.000,True,146.000,171.000,0.000,90.000,63.000,-0.311111,0.600000,-0.737028,26.541,63.916,75.173,1211.0
Vielma_9_puntos_intento_9.mp4,784,6533.333,True,146.000,171.000,0.000,90.000,63.000,-0.311111,0.600000,-0.737028,26.476,64.044,76.154,1229.5
Vielma_9_puntos_intento_9.mp4,785,6541.667,True,146.000,171.000,0.000,90.000,63.000,-0.311111,0.600000,-0.737028,25.401,61.940,76.212,1165.5
Vielma_9_puntos_intento_9.mp4,786,6550.000,True,146.000,171.000,0.000,90.000,63.000,-0.311111,0.600000,-0.737028,25.569,62.050,76.665,1180.0
Vielma_9_puntos_intento_9.mp4,787,6558.333,True,146.000,171.000,0.000,89.000,62.000,-0.316667,0.605556,-0.730085,25.595,61.369,76.675,1158.5
Vielma_9_puntos_intento_9.mp4,788,6566.667,True,146.000,171.000,0.000,91.000,62.000,-0.305556,0.605556,-0.734805,25.749,61.151,76.147,1157.5
Vielma_9_puntos_intento_9.mp4,789,6575.000,True,146.000,171.000,0.000,103.000,61.000,-0.238889,0.611111,-0.754636,26.540,63.118,76.816,1172.0
Vielma_9_puntos_intento_9.mp4,790,6583.333,True,146.000,171.000,0.000,120.000,55.000,-0.144444,0.644444,-0.750884,41.538,60.175,64.904,1354.5
Vielma_9_puntos_intento_9.mp4,791,6591.667,True,146.000,171.000,0.000,133.000,54.000,-0.072222,0.650000,-0.756495,46.236,56.797,74.736,1479.0
Vielma_9_puntos_intento_9.mp4,792,6600.000,True,146.000,171.000,0.000,144.000,54.000,-0.011111,0.650000,-0.759853,49.133,56.914,97.389,1622.5
Vielma_9_puntos_intento_9.mp4,793,6608.333,True,146.000,171.000,0.000,154.000,55.000,0.044444,0.644444,-0.763358,49.203,60.682,113.081,1798.5
Vielma_9_puntos_intento_9.mp4,794,6616.667,True,146.000,171.000,0.000,163.000,57.000,0.094444,0.633333,-0.768094,49.372,61.312,123.579,2044.0
Vielma_9_puntos_intento_9.mp4,795,6625.000,True,146.000,171.000,0.000,170.000,58.000,0.133333,0.627778,-0.766888,48.059,65.859,128.700,2326.0
Vielma_9_puntos_intento_9.mp4,796,6633.333,True,146.000,171.000,0.000,175.000,60.000,0.161111,0.616667,-0.770562,47.460,67.654,123.506,2458.5
Vielma_9_puntos_intento_9.mp4,797,6641.667,True,146.000,171.000,0.000,179.000,63.000,0.183333,0.600000,-0.778710,45.831,64.164,117.618,2193.5
Vielma_9_puntos_intento_9.mp4,798,6650.000,True,146.000,171.000,0.000,182.000,65.000,0.200000,0.588889,-0.783077,46.563,63.132,116.954,2167.5
Vielma_9_puntos_intento_9.mp4,799,6658.333,True,146.000,171.000,0.000,184.000,65.000,0.211111,0.588889,-0.780155,46.418,65.195,123.316,2293.0
Vielma_9_puntos_intento_9.mp4,800,6666.667,True,146.000,171.000,0.000,186.000,65.000,0.222222,0.588889,-0.777063,46.851,68.838,131.454,2470.5
Vielma_9_puntos_intento_9.mp4,801,6675.000,True,146.000,171.000,0.000,187.000,66.000,0.227778,0.583333,-0.779641,46.207,69.517,136.272,2476.0
Vielma_9_puntos_intento_9.mp4,802,6683.333,True,146.000,171.000,0.000,189.000,67.000,0.238889,0.577778,-0.780452,46.485,69.076,136.092,2445.0
Vielma_9_puntos_intento_9.mp4,803,6691.667,True,146.000,171.000,0.000,191.000,68.000,0.250000,0.572222,-0.781064,45.953,64.737,136.964,2231.0
Vielma_9_puntos_intento_9.mp4,804,6700.000,True,146.000,171.000,0.000,191.000,68.000,0.250000,0.572222,-0.781064,45.984,65.971,138.237,2223.0
Vielma_9_puntos_intento_9.mp4,805,6708.333,True,146.000,171.000,0.000,191.000,68.000,0.250000,0.572222,-0.781064,45.204,65.920,136.558,2183.0
Vielma_9_puntos_intento_9.mp4,806,6716.667,True,146.000,171.000,0.000,192.000,68.000,0.255556,0.572222,-0.779264,45.242,66.148,135.874,2159.5
Vielma_9_puntos_intento_9.mp4,807,6725.000,True,146.000,171.000,0.000,192.000,68.000,0.255556,0.572222,-0.779264,44.920,66.219,135.827,2153.0
Vielma_9_puntos_intento_9.mp4,808,6733.333,True,146.000,171.000,0.000,192.000,68.000,0.255556,0.572222,-0.779264,44.607,66.731,135.757,2136.0
Vielma_9_puntos_intento_9.mp4,809,6741.667,True,146.000,171.000,0.000,193.000,68.000,0.261111,0.572222,-0.777421,44.611,65.676,135.574,2113.5
Vielma_9_puntos_intento_9.mp4,810,6750.000,True,146.000,171.000,0.000,193.000,68.000,0.261111,0.572222,-0.777421,44.946,65.013,135.868,2116.0
Vielma_9_puntos_intento_9.mp4,811,6758.333,True,146.000,171.000,0.000,193.000,67.000,0.261111,0.577778,-0.773301,44.714,66.553,135.199,2092.5
Vielma_9_puntos_intento_9.mp4,812,6766.667,True,146.000,171.000,0.000,193.000,67.000,0.261111,0.577778,-0.773301,44.843,65.555,135.984,2097.0
Vielma_9_puntos_intento_9.mp4,813,6775.000,True,146.000,171.000,0.000,194.000,67.000,0.266667,0.577778,-0.771402,45.057,64.502,135.587,2085.5
Vielma_9_puntos_intento_9.mp4,814,6783.333,True,146.000,171.000,0.000,195.000,68.000,0.272222,0.572222,-0.773600,43.978,65.833,135.723,2097.0
Vielma_9_puntos_intento_9.mp4,815,6791.667,True,146.000,171.000,0.000,200.000,71.000,0.300000,0.555556,-0.775473,42.804,66.018,138.465,2110.0
Vielma_9_puntos_intento_9.mp4,816,6800.000,True,146.000,171.000,0.000,204.000,72.000,0.322222,0.550000,-0.770502,41.381,66.088,139.624,2033.0
Vielma_9_puntos_intento_9.mp4,817,6808.333,True,146.000,171.000,0.000,204.000,71.000,0.322222,0.555556,-0.766506,41.826,65.988,141.367,2017.5
Vielma_9_puntos_intento_9.mp4,818,6816.667,True,146.000,171.000,0.000,203.000,72.000,0.316667,0.550000,-0.772802,41.635,66.723,140.781,2057.5
Vielma_9_puntos_intento_9.mp4,819,6825.000,True,146.000,171.000,0.000,204.000,71.000,0.322222,0.555556,-0.766506,42.250,66.515,140.068,2059.5
Vielma_9_puntos_intento_9.mp4,820,6833.333,True,146.000,171.000,0.000,204.000,71.000,0.322222,0.555556,-0.766506,42.100,67.176,140.240,2047.0
Vielma_9_puntos_intento_9.mp4,821,6841.667,True,146.000,171.000,0.000,204.000,71.000,0.322222,0.555556,-0.766506,42.093,66.140,139.304,2050.0
Vielma_9_puntos_intento_9.mp4,822,6850.000,True,146.000,171.000,0.000,203.000,71.000,0.316667,0.555556,-0.768817,41.780,67.420,138.366,2047.5
Vielma_9_puntos_intento_9.mp4,823,6858.333,True,146.000,171.000,0.000,203.000,71.000,0.316667,0.555556,-0.768817,41.734,67.160,139.856,2039.0
Vielma_9_puntos_intento_9.mp4,824,6866.667,True,146.000,171.000,0.000,203.000,70.000,0.316667,0.561111,-0.764772,41.903,67.371,139.382,2068.5
Vielma_9_puntos_intento_9.mp4,825,6875.000,True,146.000,171.000,0.000,204.000,71.000,0.322222,0.555556,-0.766506,41.862,66.653,139.893,2046.5
Vielma_9_puntos_intento_9.mp4,826,6883.333,True,146.000,171.000,0.000,204.000,71.000,0.322222,0.555556,-0.766506,41.730,67.009,139.921,2075.0
Vielma_9_puntos_intento_9.mp4,827,6891.667,True,146.000,171.000,0.000,205.000,71.000,0.327778,0.555556,-0.764146,42.563,66.438,138.540,2079.5
Vielma_9_puntos_intento_9.mp4,828,6900.000,True,146.000,171.000,0.000,204.000,71.000,0.322222,0.555556,-0.766506,42.231,67.994,140.478,2103.5
Vielma_9_puntos_intento_9.mp4,829,6908.333,True,146.000,171.000,0.000,205.000,71.000,0.327778,0.555556,-0.764146,42.435,66.960,139.276,2071.0
Vielma_9_puntos_intento_9.mp4,830,6916.667,True,146.000,171.000,0.000,205.000,71.000,0.327778,0.555556,-0.764146,42.368,66.836,141.285,2106.0
Vielma_9_puntos_intento_9.mp4,831,6925.000,True,146.000,171.000,0.000,205.000,71.000,0.327778,0.555556,-0.764146,42.140,67.339,139.117,2090.0
Vielma_9_puntos_intento_9.mp4,832,6933.333,True,146.000,171.000,0.000,205.000,71.000,0.327778,0.555556,-0.764146,42.724,66.370,140.712,2113.5
Vielma_9_puntos_intento_9.mp4,833,6941.667,True,146.000,171.000,0.000,205.000,71.000,0.327778,0.555556,-0.764146,42.725,67.569,139.612,2139.0
Vielma_9_puntos_intento_9.mp4,834,6950.000,True,146.000,171.000,0.000,205.000,71.000,0.327778,0.555556,-0.764146,42.819,67.908,140.896,2146.0
Vielma_9_puntos_intento_9.mp4,835,6958.333,True,146.000,171.000,0.000,204.000,71.000,0.322222,0.555556,-0.766506,42.653,68.135,140.074,2146.5
Vielma_9_puntos_intento_9.mp4,836,6966.667,True,146.000,171.000,0.000,202.000,71.000,0.311111,0.555556,-0.771082,43.558,67.128,141.557,2175.0
Vielma_9_puntos_intento_9.mp4,837,6975.000,True,146.000,171.000,0.000,192.000,71.000,0.255556,0.555556,-0.791233,47.253,65.700,139.695,2268.0
Vielma_9_puntos_intento_9.mp4,838,6983.333,False,146.000,171.000,0.000,177.000,68.000,0.172222,0.572222,-0.801811,52.962,69.426,132.354,2785.5
Vielma_9_puntos_intento_9.mp4,839,6991.667,False,146.000,171.000,0.000,167.000,72.000,0.116667,0.550000,-0.826976,45.246,64.751,87.569,2166.5
Vielma_9_puntos_intento_9.mp4,840,7000.000,False,146.000,171.000,0.000,165.000,81.000,0.105556,0.500000,-0.859569,24.453,50.421,75.973,875.0
Vielma_9_puntos_intento_9.mp4,841,7008.333,False,146.000,171.000,,,,,,,,,,
Vielma_9_puntos_intento_9.mp4,842,7016.667,False,146.000,171.000,,,,,,,,,,
Vielma_9_puntos_intento_9.mp4,843,7025.000,False,146.000,171.000,,,,,,,,,,
Vielma_9_puntos_intento_9.mp4,844,7033.333,False,146.000,171.000,,,,,,,,,,
Vielma_9_puntos_intento_9.mp4,845,7041.667,False,146.000,171.000,,,,,,,,,,
Vielma_9_puntos_intento_9.mp4,846,7050.000,False,146.000,171.000,,,,,,,,,,
Vielma_9_puntos_intento_9.mp4,847,7058.333,False,146.000,171.000,0.000,148.000,79.000,0.011111,0.511111,-0.859443,17.683,48.566,74.690,600.5
Vielma_9_puntos_intento_9.mp4,848,7066.667,False,146.000,171.000,0.000,146.000,74.000,0.000000,0.538889,-0.842377,32.312,64.624,79.832,1509.5
Vielma_9_puntos_intento_9.mp4,849,7075.000,False,146.000,171.000,0.000,145.000,70.000,-0.005556,0.561111,-0.827722,42.359,70.445,83.227,2216.5
Vielma_9_puntos_intento_9.mp4,850,7083.333,True,146.000,171.000,0.000,144.000,66.000,-0.011111,0.583333,-0.812157,51.435,72.031,87.586,2788.0
Vielma_9_puntos_intento_9.mp4,851,7091.667,True,146.000,171.000,0.000,143.000,63.000,-0.016667,0.600000,-0.799826,57.657,73.783,103.012,3256.0
Vielma_9_puntos_intento_9.mp4,852,7100.000,True,146.000,171.000,0.000,143.000,60.000,-0.016667,0.616667,-0.787048,59.768,75.255,113.402,3512.5
Vielma_9_puntos_intento_9.mp4,853,7108.333,True,146.000,171.000,0.000,142.000,60.000,-0.022222,0.616667,-0.786911,60.401,76.992,119.688,3571.0
Vielma_9_puntos_intento_9.mp4,854,7116.667,True,146.000,171.000,0.000,143.000,60.000,-0.016667,0.616667,-0.787048,60.103,75.594,118.293,3506.0
Vielma_9_puntos_intento_9.mp4,855,7125.000,True,146.000,171.000,0.000,144.000,60.000,-0.011111,0.616667,-0.787146,60.025,74.526,116.750,3458.5
Vielma_9_puntos_intento_9.mp4,856,7133.333,True,146.000,171.000,0.000,144.000,60.000,-0.011111,0.616667,-0.787146,60.026,74.584,115.693,3438.5
Vielma_9_puntos_intento_9.mp4,857,7141.667,True,146.000,171.000,0.000,146.000,62.000,0.000000,0.605556,-0.795803,59.136,71.054,105.704,3072.5
Vielma_9_puntos_intento_9.mp4,858,7150.000,True,146.000,171.000,0.000,146.000,61.000,0.000000,0.611111,-0.791545,61.210,69.924,105.203,3049.0
Vielma_9_puntos_intento_9.mp4,859,7158.333,True,146.000,171.000,0.000,147.000,61.000,0.005556,0.611111,-0.791525,60.839,70.264,105.540,3034.0
Vielma_9_puntos_intento_9.mp4,860,7166.667,True,146.000,171.000,0.000,147.000,62.000,0.005556,0.605556,-0.795784,60.884,70.344,100.745,3104.5
Vielma_9_puntos_intento_9.mp4,861,7175.000,True,146.000,171.000,0.000,146.000,61.000,0.000000,0.611111,-0.791545,60.567,71.584,102.883,3094.0
Vielma_9_puntos_intento_9.mp4,862,7183.333,True,146.000,171.000,0.000,147.000,62.000,0.005556,0.605556,-0.795784,60.971,70.595,100.499,3077.0
Vielma_9_puntos_intento_9.mp4,863,7191.667,True,146.000,171.000,0.000,147.000,62.000,0.005556,0.605556,-0.795784,60.745,71.278,104.921,3081.0
Vielma_9_puntos_intento_9.mp4,864,7200.000,True,146.000,171.000,0.000,147.000,62.000,0.005556,0.605556,-0.795784,60.802,71.203,104.020,3078.5
Vielma_9_puntos_intento_9.mp4,865,7208.333,True,146.000,171.000,0.000,148.000,62.000,0.011111,0.605556,-0.795725,60.921,69.818,100.509,3036.0
Vielma_9_puntos_intento_9.mp4,866,7216.667,True,146.000,171.000,0.000,149.000,62.000,0.016667,0.605556,-0.795628,61.400,68.887,100.191,3050.0
Vielma_9_puntos_intento_9.mp4,867,7225.000,True,146.000,171.000,0.000,148.000,62.000,0.011111,0.605556,-0.795725,60.788,70.460,100.239,3027.0
Vielma_9_puntos_intento_9.mp4,868,7233.333,True,146.000,171.000,0.000,147.000,62.000,0.005556,0.605556,-0.795784,60.310,72.398,101.323,3067.5
Vielma_9_puntos_intento_9.mp4,869,7241.667,True,146.000,171.000,0.000,148.000,62.000,0.011111,0.605556,-0.795725,61.385,71.812,101.701,3156.5
Vielma_9_puntos_intento_9.mp4,870,7250.000,True,146.000,171.000,0.000,147.000,61.000,0.005556,0.611111,-0.791525,61.918,74.141,107.956,3148.0
Vielma_9_puntos_intento_9.mp4,871,7258.333,True,146.000,171.000,0.000,148.000,62.000,0.011111,0.605556,-0.795725,61.446,71.807,99.718,3143.0
Vielma_9_puntos_intento_9.mp4,872,7266.667,True,146.000,171.000,0.000,148.000,62.000,0.011111,0.605556,-0.795725,61.907,71.197,105.048,3078.0
Vielma_9_puntos_intento_9.mp4,873,7275.000,True,146.000,171.000,0.000,148.000,62.000,0.011111,0.605556,-0.795725,61.253,71.582,104.218,3064.5
Vielma_9_puntos_intento_9.mp4,874,7283.333,True,146.000,171.000,0.000,151.000,62.000,0.027778,0.605556,-0.795318,61.077,72.651,107.217,3104.0
Vielma_9_puntos_intento_9.mp4,875,7291.667,True,146.000,171.000,0.000,163.000,64.000,0.094444,0.594444,-0.798571,59.052,74.454,118.652,3161.5
Vielma_9_puntos_intento_9.mp4,876,7300.000,True,146.000,171.000,0.000,175.000,66.000,0.161111,0.583333,-0.796094,56.922,74.406,127.441,3157.0
Vielma_9_puntos_intento_9.mp4,877,7308.333,True,146.000,171.000,0.000,185.000,68.000,0.216667,0.572222,-0.790960,53.387,74.856,133.970,3007.0
Vielma_9_puntos_intento_9.mp4,878,7316.667,True,146.000,171.000,0.000,192.000,70.000,0.255556,0.561111,-0.787303,51.842,75.270,136.280,2940.0
Vielma_9_puntos_intento_9.mp4,879,7325.000,True,146.000,171.000,0.000,195.000,70.000,0.272222,0.561111,-0.781696,50.524,75.684,137.690,2860.0
Vielma_9_puntos_intento_9.mp4,880,7333.333,True,146.000,171.000,0.000,195.000,69.000,0.272222,0.566667,-0.777679,51.519,75.402,137.548,2895.0
Vielma_9_puntos_intento_9.mp4,881,7341.667,True,146.000,171.000,0.000,196.000,69.000,0.277778,0.566667,-0.775712,51.598,75.249,136.062,2892.0
Vielma_9_puntos_intento_9.mp4,882,7350.000,True,146.000,171.000,0.000,196.000,70.000,0.277778,0.561111,-0.779740,51.526,75.182,136.035,2891.5
Vielma_9_puntos_intento_9.mp4,883,7358.333,True,146.000,171.000,0.000,196.000,70.000,0.277778,0.561111,-0.779740,51.090,74.867,136.126,2879.5
Vielma_9_puntos_intento_9.mp4,884,7366.667,True,146.000,171.000,0.000,196.000,69.000,0.277778,0.566667,-0.775712,50.360,75.050,135.698,2854.0
Vielma_9_puntos_intento_9.mp4,885,7375.000,True,146.000,171.000,0.000,196.000,70.000,0.277778,0.561111,-0.779740,50.550,74.729,136.694,2852.0
Vielma_9_puntos_intento_9.mp4,886,7383.333,True,146.000,171.000,0.000,196.000,70.000,0.277778,0.561111,-0.779740,50.706,74.441,136.703,2861.5
Vielma_9_puntos_intento_9.mp4,887,7391.667,True,146.000,171.000,0.000,196.000,69.000,0.277778,0.566667,-0.775712,50.426,73.846,137.563,2792.0
Vielma_9_puntos_intento_9.mp4,888,7400.000,True,146.000,171.000,0.000,196.000,69.000,0.277778,0.566667,-0.775712,50.132,74.399,137.556,2803.0
Vielma_9_puntos_intento_9.mp4,889,7408.333,True,146.000,171.000,0.000,197.000,69.000,0.283333,0.566667,-0.773700,49.803,74.421,137.203,2754.5
Vielma_9_puntos_intento_9.mp4,890,7416.667,True,146.000,171.000,0.000,197.000,69.000,0.283333,0.566667,-0.773700,49.673,74.308,136.966,2755.5
Vielma_9_puntos_intento_9.mp4,891,7425.000,True,146.000,171.000,0.000,197.000,69.000,0.283333,0.566667,-0.773700,50.018,73.813,136.575,2752.0
Vielma_9_puntos_intento_9.mp4,892,7433.333,True,146.000,171.000,0.000,197.000,69.000,0.283333,0.566667,-0.773700,50.067,74.242,136.676,2764.0
Vielma_9_puntos_intento_9.mp4,893,7441.667,True,146.000,171.000,0.000,197.000,70.000,0.283333,0.561111,-0.777738,50.153,73.438,137.229,2752.0
Vielma_9_puntos_intento_9.mp4,894,7450.000,True,146.000,171.000,0.000,197.000,69.000,0.283333,0.566667,-0.773700,50.223,73.610,136.561,2757.0
Vielma_9_puntos_intento_9.mp4,895,7458.333,True,146.000,171.000,0.000,197.000,69.000,0.283333,0.566667,-0.773700,50.394,74.061,135.671,2765.0
Vielma_9_puntos_intento_9.mp4,896,7466.667,True,146.000,171.000,0.000,197.000,70.000,0.283333,0.561111,-0.777738,49.356,73.196,136.928,2680.5
Vielma_9_puntos_intento_9.mp4,897,7475.000,True,146.000,171.000,0.000,197.000,69.000,0.283333,0.566667,-0.773700,49.251,73.135,136.505,2665.0
Vielma_9_puntos_intento_9.mp4,898,7483.333,True,146.000,171.000,0.000,197.000,69.000,0.283333,0.566667,-0.773700,49.565,74.075,137.182,2704.0
Vielma_9_puntos_intento_9.mp4,899,7491.667,True,146.000,171.000,0.000,197.000,69.000,0.283333,0.566667,-0.773700,49.077,73.508,135.983,2652.0
Vielma_9_puntos_intento_9.mp4,900,7500.000,True,146.000,171.000,0.000,197.000,69.000,0.283333,0.566667,-0.773700,49.122,74.379,135.874,2684.0
Vielma_9_puntos_intento_9.mp4,901,7508.333,True,146.000,171.000,0.000,197.000,69.000,0.283333,0.566667,-0.773700,49.747,72.625,137.525,2678.0
Vielma_9_puntos_intento_9.mp4,902,7516.667,True,146.000,171.000,0.000,197.000,69.000,0.283333,0.566667,-0.773700,49.432,73.505,136.880,2686.5
Vielma_9_puntos_intento_9.mp4,903,7525.000,True,146.000,171.000,0.000,197.000,69.000,0.283333,0.566667,-0.773700,49.093,73.319,137.891,2680.0
Vielma_9_puntos_intento_9.mp4,904,7533.333,True,146.000,171.000,0.000,197.000,69.000,0.283333,0.566667,-0.773700,49.475,73.405,137.794,2682.5
Vielma_9_puntos_intento_9.mp4,905,7541.667,True,146.000,171.000,0.000,197.000,70.000,0.283333,0.561111,-0.777738,48.968,72.092,137.677,2587.0
Vielma_9_puntos_intento_9.mp4,906,7550.000,True,146.000,171.000,0.000,197.000,69.000,0.283333,0.566667,-0.773700,48.940,71.758,136.985,2580.0
Vielma_9_puntos_intento_9.mp4,907,7558.333,True,146.000,171.000,0.000,196.000,69.000,0.277778,0.566667,-0.775712,48.435,71.630,137.089,2567.5
Vielma_9_puntos_intento_9.mp4,908,7566.667,True,146.000,171.000,0.000,196.000,69.000,0.277778,0.566667,-0.775712,48.802,72.010,136.286,2598.5
Vielma_9_puntos_intento_9.mp4,909,7575.000,True,146.000,171.000,0.000,195.000,69.000,0.272222,0.566667,-0.777679,48.620,72.496,136.708,2603.5
Vielma_9_puntos_intento_9.mp4,910,7583.333,True,146.000,171.000,0.000,195.000,70.000,0.272222,0.561111,-0.781696,49.416,71.733,136.815,2630.0
Vielma_9_puntos_intento_9.mp4,911,7591.667,False,146.000,171.000,0.000,194.000,69.000,0.266667,0.566667,-0.779601,49.345,71.108,140.016,2646.0
Vielma_9_puntos_intento_9.mp4,912,7600.000,False,146.000,171.000,0.000,194.000,72.000,0.266667,0.550000,-0.791447,49.887,65.509,124.788,2446.5
Vielma_9_puntos_intento_9.mp4,913,7608.333,False,146.000,171.000,0.000,194.000,82.000,0.266667,0.494444,-0.827293,31.680,48.797,81.580,1114.0
Vielma_9_puntos_intento_9.mp4,914,7616.667,False,146.000,171.000,,,,,,,,,,
Vielma_9_puntos_intento_9.mp4,915,7625.000,False,146.000,171.000,,,,,,,,,,
Vielma_9_puntos_intento_9.mp4,916,7633.333,False,146.000,171.000,,,,,,,,,,
Vielma_9_puntos_intento_9.mp4,917,7641.667,False,146.000,171.000,,,,,,,,,,
Vielma_9_puntos_intento_9.mp4,918,7650.000,False,146.000,171.000,,,,,,,,,,
Vielma_9_puntos_intento_9.mp4,919,7658.333,False,146.000,171.000,,,,,,,,,,
Vielma_9_puntos_intento_9.mp4,920,7666.667,False,146.000,171.000,,,,,,,,,,
Vielma_9_puntos_intento_9.mp4,921,7675.000,False,146.000,171.000,,,,,,,,,,
Vielma_9_puntos_intento_9.mp4,922,7683.333,False,146.000,171.000,,,,,,,,,,
Vielma_9_puntos_intento_9.mp4,923,7691.667,False,146.000,171.000,,,,,,,,,,
Vielma_9_puntos_intento_9.mp4,924,7700.000,False,146.000,171.000,,,,,,,,,,
Vielma_9_puntos_intento_9.mp4,925,7708.333,False,146.000,171.000,,,,,,,,,,
Vielma_9_puntos_intento_9.mp4,926,7716.667,False,146.000,171.000,,,,,,,,,,
Vielma_9_puntos_intento_9.mp4,927,7725.000,False,146.000,171.000,,,,,,,,,,
Vielma_9_puntos_intento_9.mp4,928,7733.333,False,146.000,171.000,,,,,,,,,,
Vielma_9_puntos_intento_9.mp4,929,7741.667,False,146.000,171.000,0.000,160.000,67.000,0.077778,0.577778,-0.812480,22.240,52.096,78.398,827.0
Vielma_9_puntos_intento_9.mp4,930,7750.000,False,146.000,171.000,0.000,156.000,62.000,0.055556,0.605556,-0.793861,36.019,64.700,84.671,1695.5
Vielma_9_puntos_intento_9.mp4,931,7758.333,False,146.000,171.000,0.000,153.000,56.000,0.038889,0.638889,-0.768315,45.984,70.715,91.434,2385.5
Vielma_9_puntos_intento_9.mp4,932,7766.667,True,146.000,171.000,0.000,152.000,52.000,0.033333,0.661111,-0.749547,53.197,71.344,103.320,2931.0
Vielma_9_puntos_intento_9.mp4,933,7775.000,True,146.000,171.000,0.000,151.000,50.000,0.027778,0.672222,-0.739828,54.792,76.262,118.374,3200.5
Vielma_9_puntos_intento_9.mp4,934,7783.333,True,146.000,171.000,0.000,151.000,50.000,0.027778,0.672222,-0.739828,53.574,77.259,122.764,3223.5
Vielma_9_puntos_intento_9.mp4,935,7791.667,True,146.000,171.000,0.000,152.000,50.000,0.033333,0.672222,-0.739599,53.717,75.984,120.427,3151.5
Vielma_9_puntos_intento_9.mp4,936,7800.000,True,146.000,171.000,0.000,153.000,51.000,0.038889,0.666667,-0.744341,53.830,73.542,118.897,3020.0
Vielma_9_puntos_intento_9.mp4,937,7808.333,True,146.000,171.000,0.000,154.000,51.000,0.044444,0.666667,-0.744030,54.030,72.057,119.189,2966.0
Vielma_9_puntos_intento_9.mp4,938,7816.667,True,146.000,171.000,0.000,155.000,51.000,0.050000,0.666667,-0.743677,54.131,72.313,118.438,2969.0
Vielma_9_puntos_intento_9.mp4,939,7825.000,True,146.000,171.000,0.000,157.000,52.000,0.061111,0.661111,-0.747795,54.813,67.986,119.180,2734.0
Vielma_9_puntos_intento_9.mp4,940,7833.333,True,146.000,171.000,0.000,157.000,52.000,0.061111,0.661111,-0.747795,54.416,67.357,120.263,2717.5
Vielma_9_puntos_intento_9.mp4,941,7841.667,True,146.000,171.000,0.000,158.000,52.000,0.066667,0.661111,-0.747320,53.637,66.530,120.775,2579.0
Vielma_9_puntos_intento_9.mp4,942,7850.000,True,146.000,171.000,0.000,158.000,52.000,0.066667,0.661111,-0.747320,54.039,66.438,121.636,2540.5
Vielma_9_puntos_intento_9.mp4,943,7858.333,True,146.000,171.000,0.000,158.000,53.000,0.066667,0.655556,-0.752198,53.653,65.862,120.888,2501.0
Vielma_9_puntos_intento_9.mp4,944,7866.667,True,146.000,171.000,0.000,159.000,53.000,0.072222,0.655556,-0.751685,53.853,65.461,115.360,2481.0
Vielma_9_puntos_intento_9.mp4,945,7875.000,True,146.000,171.000,0.000,158.000,53.000,0.066667,0.655556,-0.752198,54.328,66.555,118.652,2467.0
Vielma_9_puntos_intento_9.mp4,946,7883.333,True,146.000,171.000,0.000,158.000,53.000,0.066667,0.655556,-0.752198,52.999,65.885,115.778,2437.0
Vielma_9_puntos_intento_9.mp4,947,7891.667,True,146.000,171.000,0.000,159.000,53.000,0.072222,0.655556,-0.751685,53.249,65.130,116.744,2406.5
Vielma_9_puntos_intento_9.mp4,948,7900.000,True,146.000,171.000,0.000,159.000,53.000,0.072222,0.655556,-0.751685,54.656,64.720,123.729,2422.5
Vielma_9_puntos_intento_9.mp4,949,7908.333,True,146.000,171.000,0.000,161.000,53.000,0.083333,0.655556,-0.750535,53.736,64.619,121.734,2429.0
Vielma_9_puntos_intento_9.mp4,950,7916.667,True,146.000,171.000,0.000,169.000,56.000,0.127778,0.638889,-0.758613,51.755,67.107,123.662,2433.0
Vielma_9_puntos_intento_9.mp4,951,7925.000,True,146.000,171.000,0.000,179.000,60.000,0.183333,0.616667,-0.765579,49.150,69.601,128.803,2502.5
Vielma_9_puntos_intento_9.mp4,952,7933.333,True,146.000,171.000,0.000,188.000,63.000,0.233333,0.600000,-0.765216,47.011,70.966,133.788,2485.0
Vielma_9_puntos_intento_9.mp4,953,7941.667,True,146.000,171.000,0.000,194.000,66.000,0.266667,0.583333,-0.767210,45.570,69.947,137.517,2383.0
Vielma_9_puntos_intento_9.mp4,954,7950.000,True,146.000,171.000,0.000,195.000,66.000,0.272222,0.583333,-0.765256,45.673,69.618,138.592,2366.0
Vielma_9_puntos_intento_9.mp4,955,7958.333,True,146.000,171.000,0.000,195.000,66.000,0.272222,0.583333,-0.765256,45.480,70.714,136.769,2349.5
Vielma_9_puntos_intento_9.mp4,956,7966.667,True,146.000,171.000,0.000,195.000,66.000,0.272222,0.583333,-0.765256,45.628,70.620,135.488,2358.5
Vielma_9_puntos_intento_9.mp4,957,7975.000,True,146.000,171.000,0.000,196.000,67.000,0.277778,0.577778,-0.767471,45.803,69.540,136.488,2363.5
Vielma_9_puntos_intento_9.mp4,958,7983.333,True,146.000,171.000,0.000,196.000,66.000,0.277778,0.583333,-0.763257,45.463,69.920,137.875,2359.5
Vielma_9_puntos_intento_9.mp4,959,7991.667,True,146.000,171.000,0.000,195.000,66.000,0.272222,0.583333,-0.765256,45.466,70.369,136.995,2360.0
Vielma_9_puntos_intento_9.mp4,960,8000.000,True,146.000,171.000,0.000,195.000,66.000,0.272222,0.583333,-0.765256,45.436,69.809,137.029,2325.0
Vielma_9_puntos_intento_9.mp4,961,8008.333,True,146.000,171.000,0.000,196.000,66.000,0.277778,0.583333,-0.763257,45.969,69.194,137.764,2339.5
Vielma_9_puntos_intento_9.mp4,962,8016.667,True,146.000,171.000,0.000,196.000,66.000,0.277778,0.583333,-0.763257,45.617,69.915,137.835,2358.0
Vielma_9_puntos_intento_9.mp4,963,8025.000,True,146.000,171.000,0.000,196.000,66.000,0.277778,0.583333,-0.763257,45.634,70.297,137.879,2357.0
Vielma_9_puntos_intento_9.mp4,964,8033.333,True,146.000,171.000,0.000,196.000,67.000,0.277778,0.577778,-0.767471,45.540,70.220,137.051,2350.5
Vielma_9_puntos_intento_9.mp4,965,8041.667,True,146.000,171.000,0.000,196.000,67.000,0.277778,0.577778,-0.767471,46.156,70.644,137.971,2384.5
Vielma_9_puntos_intento_9.mp4,966,8050.000,True,146.000,171.000,0.000,197.000,68.000,0.283333,0.572222,-0.769600,46.176,70.468,139.746,2408.0
Vielma_9_puntos_intento_9.mp4,967,8058.333,True,146.000,171.000,0.000,197.000,69.000,0.283333,0.566667,-0.773700,46.674,69.985,137.757,2423.0
Vielma_9_puntos_intento_9.mp4,968,8066.667,True,146.000,171.000,0.000,197.000,70.000,0.283333,0.561111,-0.777738,46.540,70.696,138.451,2425.5
Vielma_9_puntos_intento_9.mp4,969,8075.000,True,146.000,171.000,0.000,197.000,70.000,0.283333,0.561111,-0.777738,46.787,71.655,138.884,2453.0
Vielma_9_puntos_intento_9.mp4,970,8083.333,True,146.000,171.000,0.000,197.000,71.000,0.283333,0.555556,-0.781716,47.188,70.719,138.415,2463.5
Vielma_9_puntos_intento_9.mp4,971,8091.667,True,146.000,171.000,0.000,197.000,72.000,0.283333,0.550000,-0.785635,46.975,71.280,139.854,2459.5
Vielma_9_puntos_intento_9.mp4,972,8100.000,True,146.000,171.000,0.000,197.000,71.000,0.283333,0.555556,-0.781716,47.143,71.602,140.408,2486.0
Vielma_9_puntos_intento_9.mp4,973,8108.333,True,146.000,171.000,0.000,198.000,73.000,0.288889,0.544444,-0.787479,47.379,69.591,139.711,2489.5
Vielma_9_puntos_intento_9.mp4,974,8116.667,True,146.000,171.000,0.000,198.000,73.000,0.288889,0.544444,-0.787479,47.548,70.827,140.236,2489.5
Vielma_9_puntos_intento_9.mp4,975,8125.000,True,146.000,171.000,0.000,198.000,72.000,0.288889,0.550000,-0.783609,47.722,70.530,139.744,2497.0
Vielma_9_puntos_intento_9.mp4,976,8133.333,True,146.000,171.000,0.000,198.000,72.000,0.288889,0.550000,-0.783609,48.238,70.449,141.009,2508.0
Vielma_9_puntos_intento_9.mp4,977,8141.667,True,146.000,171.000,0.000,198.000,72.000,0.288889,0.550000,-0.783609,48.439,70.752,140.811,2514.5
Vielma_9_puntos_intento_9.mp4,978,8150.000,True,146.000,171.000,0.000,198.000,73.000,0.288889,0.544444,-0.787479,47.780,70.847,141.813,2510.5
Vielma_9_puntos_intento_9.mp4,979,8158.333,True,146.000,171.000,0.000,198.000,73.000,0.288889,0.544444,-0.787479,48.423,69.489,141.196,2496.5
Vielma_9_puntos_intento_9.mp4,980,8166.667,True,146.000,171.000,0.000,192.000,73.000,0.255556,0.544444,-0.798919,50.494,68.522,141.768,2549.0
Vielma_9_puntos_intento_9.mp4,981,8175.000,True,146.000,171.000,0.000,179.000,73.000,0.183333,0.544444,-0.818516,55.559,67.235,134.195,2634.0
Vielma_9_puntos_intento_9.mp4,982,8183.333,True,146.000,171.000,0.000,166.000,71.000,0.111111,0.555556,-0.824022,58.368,67.679,123.340,2687.0
Vielma_9_puntos_intento_9.mp4,983,8191.667,True,146.000,171.000,0.000,156.000,71.000,0.055556,0.555556,-0.829621,59.599,66.679,109.603,2681.0
Vielma_9_puntos_intento_9.mp4,984,8200.000,True,146.000,171.000,0.000,152.000,72.000,0.033333,0.550000,-0.834499,59.152,67.314,97.987,2664.0
Vielma_9_puntos_intento_9.mp4,985,8208.333,True,146.000,171.000,0.000,156.000,71.000,0.055556,0.555556,-0.829621,58.615,66.421,102.075,2684.0
Vielma_9_puntos_intento_9.mp4,986,8216.667,True,146.000,171.000,0.000,156.000,72.000,0.055556,0.550000,-0.833315,58.069,65.245,107.141,2618.0
Vielma_9_puntos_intento_9.mp4,987,8225.000,True,146.000,171.000,0.000,155.000,72.000,0.050000,0.550000,-0.833667,57.981,64.887,99.521,2570.5
Vielma_9_puntos_intento_9.mp4,988,8233.333,True,146.000,171.000,0.000,155.000,71.000,0.050000,0.555556,-0.829975,58.865,66.116,100.375,2592.0
Vielma_9_puntos_intento_9.mp4,989,8241.667,True,146.000,171.000,0.000,155.000,71.000,0.050000,0.555556,-0.829975,57.568,67.049,108.479,2581.5
Vielma_9_puntos_intento_9.mp4,990,8250.000,True,146.000,171.000,0.000,156.000,71.000,0.055556,0.555556,-0.829621,57.684,65.514,96.420,2581.0
Vielma_9_puntos_intento_9.mp4,991,8258.333,True,146.000,171.000,0.000,156.000,71.000,0.055556,0.555556,-0.829621,57.183,66.235,107.484,2552.5
Vielma_9_puntos_intento_9.mp4,992,8266.667,True,146.000,171.000,0.000,157.000,71.000,0.061111,0.555556,-0.829231,55.881,65.265,102.346,2574.0
Vielma_9_puntos_intento_9.mp4,993,8275.000,True,146.000,171.000,0.000,157.000,71.000,0.061111,0.555556,-0.829231,57.052,64.636,97.253,2544.5
Vielma_9_puntos_intento_9.mp4,994,8283.333,True,146.000,171.000,0.000,157.000,70.000,0.061111,0.561111,-0.825482,56.976,65.650,104.808,2565.0
Vielma_9_puntos_intento_9.mp4,995,8291.667,True,146.000,171.000,0.000,157.000,70.000,0.061111,0.561111,-0.825482,56.032,65.425,103.936,2547.0
Vielma_9_puntos_intento_9.mp4,996,8300.000,True,146.000,171.000,0.000,158.000,70.000,0.066667,0.561111,-0.825051,55.891,64.674,102.378,2537.0
Vielma_9_puntos_intento_9.mp4,997,8308.333,True,146.000,171.000,0.000,158.000,69.000,0.066667,0.566667,-0.821246,56.689,65.420,108.917,2541.5
Vielma_9_puntos_intento_9.mp4,998,8316.667,True,146.000,171.000,0.000,159.000,69.000,0.072222,0.566667,-0.820776,56.549,63.558,101.500,2470.0
Vielma_9_puntos_intento_9.mp4,999,8325.000,True,146.000,171.000,0.000,158.000,69.000,0.066667,0.566667,-0.821246,54.952,65.969,114.597,2445.5
Vielma_9_puntos_intento_9.mp4,1000,8333.333,True,146.000,171.000,0.000,164.000,70.000,0.100000,0.561111,-0.821678,53.931,65.864,116.114,2466.5
Vielma_9_puntos_intento_9.mp4,1001,8341.667,True,146.000,171.000,0.000,176.000,71.000,0.166667,0.555556,-0.814604,52.341,67.885,128.703,2507.5
Vielma_9_puntos_intento_9.mp4,1002,8350.000,True,146.000,171.000,0.000,187.000,73.000,0.227778,0.544444,-0.807278,48.940,67.117,134.987,2398.5
Vielma_9_puntos_intento_9.mp4,1003,8358.333,True,146.000,171.000,0.000,195.000,74.000,0.272222,0.538889,-0.797179,46.368,65.359,139.205,2256.0
Vielma_9_puntos_intento_9.mp4,1004,8366.667,True,146.000,171.000,0.000,201.000,75.000,0.305556,0.533333,-0.788791,44.296,63.560,142.892,2144.0
Vielma_9_puntos_intento_9.mp4,1005,8375.000,True,146.000,171.000,0.000,204.000,75.000,0.322222,0.533333,-0.782131,43.967,62.503,146.414,2068.0
Vielma_9_puntos_intento_9.mp4,1006,8383.333,True,146.000,171.000,0.000,204.000,75.000,0.322222,0.533333,-0.782131,44.348,63.784,144.001,2128.0
Vielma_9_puntos_intento_9.mp4,1007,8391.667,True,146.000,171.000,0.000,204.000,75.000,0.322222,0.533333,-0.782131,44.871,65.131,144.815,2155.5
Vielma_9_puntos_intento_9.mp4,1008,8400.000,True,146.000,171.000,0.000,205.000,75.000,0.327778,0.533333,-0.779819,44.892,64.463,145.767,2181.0
Vielma_9_puntos_intento_9.mp4,1009,8408.333,True,146.000,171.000,0.000,204.000,75.000,0.322222,0.533333,-0.782131,44.317,64.799,145.450,2155.5
Vielma_9_puntos_intento_9.mp4,1010,8416.667,True,146.000,171.000,0.000,205.000,75.000,0.327778,0.533333,-0.779819,44.482,65.432,145.358,2182.5
Vielma_9_puntos_intento_9.mp4,1011,8425.000,True,146.000,171.000,0.000,205.000,74.000,0.327778,0.538889,-0.775990,44.325,66.037,144.843,2173.0
Vielma_9_puntos_intento_9.mp4,1012,8433.333,True,146.000,171.000,0.000,205.000,74.000,0.327778,0.538889,-0.775990,44.186,66.346,145.331,2196.0
Vielma_9_puntos_intento_9.mp4,1013,8441.667,True,146.000,171.000,0.000,205.000,74.000,0.327778,0.538889,-0.775990,44.643,66.195,144.248,2203.0
Vielma_9_puntos_intento_9.mp4,1014,8450.000,True,146.000,171.000,0.000,205.000,74.000,0.327778,0.538889,-0.775990,44.886,66.514,144.297,2216.5
Vielma_9_puntos_intento_9.mp4,1015,8458.333,True,146.000,171.000,0.000,205.000,74.000,0.327778,0.538889,-0.775990,44.802,66.015,145.041,2208.0
Vielma_9_puntos_intento_9.mp4,1016,8466.667,True,146.000,171.000,0.000,205.000,74.000,0.327778,0.538889,-0.775990,44.485,66.657,144.173,2231.0
Vielma_9_puntos_intento_9.mp4,1017,8475.000,True,146.000,171.000,0.000,205.000,74.000,0.327778,0.538889,-0.775990,44.216,67.171,143.589,2241.0
Vielma_9_puntos_intento_9.mp4,1018,8483.333,True,146.000,171.000,0.000,205.000,74.000,0.327778,0.538889,-0.775990,44.562,67.667,143.917,2255.0
Vielma_9_puntos_intento_9.mp4,1019,8491.667,True,146.000,171.000,0.000,205.000,74.000,0.327778,0.538889,-0.775990,44.348,67.283,142.910,2243.5
Vielma_9_puntos_intento_9.mp4,1020,8500.000,True,146.000,171.000,0.000,205.000,73.000,0.327778,0.544444,-0.772102,44.288,67.484,143.293,2242.0
Vielma_9_puntos_intento_9.mp4,1021,8508.333,True,146.000,171.000,0.000,205.000,73.000,0.327778,0.544444,-0.772102,44.400,68.489,143.734,2264.0
Vielma_9_puntos_intento_9.mp4,1022,8516.667,True,146.000,171.000,0.000,204.000,73.000,0.322222,0.544444,-0.774437,44.257,68.631,142.276,2261.0
Vielma_9_puntos_intento_9.mp4,1023,8525.000,True,146.000,171.000,0.000,204.000,73.000,0.322222,0.544444,-0.774437,44.458,68.418,142.715,2266.5
Vielma_9_puntos_intento_9.mp4,1024,8533.333,True,146.000,171.000,0.000,204.000,73.000,0.322222,0.544444,-0.774437,43.877,67.566,143.006,2254.5
Vielma_9_puntos_intento_9.mp4,1025,8541.667,True,146.000,171.000,0.000,204.000,72.000,0.322222,0.550000,-0.770502,44.498,68.892,141.639,2289.0
Vielma_9_puntos_intento_9.mp4,1026,8550.000,True,146.000,171.000,0.000,203.000,72.000,0.316667,0.550000,-0.772802,44.040,69.346,142.100,2278.0
Vielma_9_puntos_intento_9.mp4,1027,8558.333,True,146.000,171.000,0.000,200.000,72.000,0.300000,0.550000,-0.779423,45.238,67.314,142.273,2280.5
Vielma_9_puntos_intento_9.mp4,1028,8566.667,True,146.000,171.000,0.000,188.000,72.000,0.233333,0.550000,-0.801907,50.205,67.568,137.310,2469.5
Vielma_9_puntos_intento_9.mp4,1029,8575.000,True,146.000,171.000,0.000,173.000,72.000,0.150000,0.550000,-0.821584,55.516,65.221,120.200,2602.5
Vielma_9_puntos_intento_9.mp4,1030,8583.333,True,146.000,171.000,0.000,160.000,72.000,0.077778,0.550000,-0.831535,56.816,65.700,97.474,2648.0
Vielma_9_puntos_intento_9.mp4,1031,8591.667,True,146.000,171.000,0.000,152.000,74.000,0.033333,0.538889,-0.841717,57.316,67.631,88.314,2661.5
Vielma_9_puntos_intento_9.mp4,1032,8600.000,True,146.000,171.000,0.000,152.000,73.000,0.033333,0.544444,-0.838134,57.532,67.234,92.463,2703.0
Vielma_9_puntos_intento_9.mp4,1033,8608.333,True,146.000,171.000,0.000,154.000,72.000,0.044444,0.550000,-0.833981,56.899,67.976,99.188,2661.5
Vielma_9_puntos_intento_9.mp4,1034,8616.667,True,146.000,171.000,0.000,152.000,73.000,0.033333,0.544444,-0.838134,57.764,68.584,100.169,2706.5
Vielma_9_puntos_intento_9.mp4,1035,8625.000,True,146.000,171.000,0.000,153.000,73.000,0.038889,0.544444,-0.837895,56.072,68.698,91.648,2665.5
Vielma_9_puntos_intento_9.mp4,1036,8633.333,True,146.000,171.000,0.000,153.000,73.000,0.038889,0.544444,-0.837895,56.921,68.949,98.141,2689.5
Vielma_9_puntos_intento_9.mp4,1037,8641.667,True,146.000,171.000,0.000,153.000,73.000,0.038889,0.544444,-0.837895,59.076,68.248,96.021,2836.5
Vielma_9_puntos_intento_9.mp4,1038,8650.000,True,146.000,171.000,0.000,153.000,73.000,0.038889,0.544444,-0.837895,59.140,69.922,100.229,2854.5
Vielma_9_puntos_intento_9.mp4,1039,8658.333,True,146.000,171.000,0.000,153.000,73.000,0.038889,0.544444,-0.837895,59.098,69.724,94.390,2861.0
Vielma_9_puntos_intento_9.mp4,1040,8666.667,True,146.000,171.000,0.000,153.000,73.000,0.038889,0.544444,-0.837895,59.347,69.465,93.191,2892.0
Vielma_9_puntos_intento_9.mp4,1041,8675.000,True,146.000,171.000,0.000,153.000,72.000,0.038889,0.550000,-0.834259,60.125,69.374,99.405,2878.0
Vielma_9_puntos_intento_9.mp4,1042,8683.333,True,146.000,171.000,0.000,153.000,73.000,0.038889,0.544444,-0.837895,59.931,69.417,96.552,2917.0
Vielma_9_puntos_intento_9.mp4,1043,8691.667,True,146.000,171.000,0.000,153.000,73.000,0.038889,0.544444,-0.837895,59.239,69.184,98.391,2946.5
Vielma_9_puntos_intento_9.mp4,1044,8700.000,True,146.000,171.000,0.000,153.000,73.000,0.038889,0.544444,-0.837895,59.047,70.126,95.235,2959.5
Vielma_9_puntos_intento_9.mp4,1045,8708.333,True,146.000,171.000,0.000,153.000,72.000,0.038889,0.550000,-0.834259,59.749,69.734,95.466,2937.0
Vielma_9_puntos_intento_9.mp4,1046,8716.667,True,146.000,171.000,0.000,153.000,72.000,0.038889,0.550000,-0.834259,60.251,70.786,104.446,2977.5
Vielma_9_puntos_intento_9.mp4,1047,8725.000,True,146.000,171.000,0.000,153.000,73.000,0.038889,0.544444,-0.837895,58.576,71.665,97.940,2983.5
Vielma_9_puntos_intento_9.mp4,1048,8733.333,True,146.000,171.000,0.000,153.000,72.000,0.038889,0.550000,-0.834259,59.898,70.569,101.526,2999.5
Vielma_9_puntos_intento_9.mp4,1049,8741.667,True,146.000,171.000,0.000,153.000,72.000,0.038889,0.550000,-0.834259,60.011,70.624,102.832,3014.5
Vielma_9_puntos_intento_9.mp4,1050,8750.000,True,146.000,171.000,0.000,153.000,71.000,0.038889,0.555556,-0.830569,60.390,70.763,104.584,3019.5
Vielma_9_puntos_intento_9.mp4,1051,8758.333,True,146.000,171.000,0.000,153.000,71.000,0.038889,0.555556,-0.830569,59.609,71.187,102.879,2993.5
Vielma_9_puntos_intento_9.mp4,1052,8766.667,True,146.000,171.000,0.000,154.000,72.000,0.044444,0.550000,-0.833981,59.958,70.340,99.822,3030.5
Vielma_9_puntos_intento_9.mp4,1053,8775.000,True,146.000,171.000,0.000,154.000,72.000,0.044444,0.550000,-0.833981,60.350,70.016,97.805,3016.0
Vielma_9_puntos_intento_9.mp4,1054,8783.333,True,146.000,171.000,0.000,155.000,71.000,0.050000,0.555556,-0.829975,60.567,69.845,97.241,3026.5
Vielma_9_puntos_intento_9.mp4,1055,8791.667,True,146.000,171.000,0.000,155.000,72.000,0.050000,0.550000,-0.833667,59.978,69.977,97.467,3016.5
Vielma_9_puntos_intento_9.mp4,1056,8800.000,True,146.000,171.000,0.000,155.000,71.000,0.050000,0.555556,-0.829975,61.129,69.675,98.101,3006.0
Vielma_9_puntos_intento_9.mp4,1057,8808.333,True,146.000,171.000,0.000,155.000,71.000,0.050000,0.555556,-0.829975,61.714,71.211,106.916,3049.0
Vielma_9_puntos_intento_9.mp4,1058,8816.667,True,146.000,171.000,0.000,155.000,72.000,0.050000,0.550000,-0.833667,60.800,70.561,101.420,2982.5
Vielma_9_puntos_intento_9.mp4,1059,8825.000,True,146.000,171.000,0.000,156.000,72.000,0.055556,0.550000,-0.833315,58.805,70.985,99.358,2988.0
Vielma_9_puntos_intento_9.mp4,1060,8833.333,True,146.000,171.000,0.000,156.000,72.000,0.055556,0.550000,-0.833315,60.336,70.646,99.467,2993.5
Vielma_9_puntos_intento_9.mp4,1061,8841.667,True,146.000,171.000,0.000,156.000,72.000,0.055556,0.550000,-0.833315,60.885,70.831,95.465,3009.0
Vielma_9_puntos_intento_9.mp4,1062,8850.000,True,146.000,171.000,0.000,155.000,71.000,0.050000,0.555556,-0.829975,61.201,70.806,103.635,2991.0
Vielma_9_puntos_intento_9.mp4,1063,8858.333,True,146.000,171.000,0.000,156.000,72.000,0.055556,0.550000,-0.833315,60.223,70.360,96.264,3023.5
Vielma_9_puntos_intento_9.mp4,1064,8866.667,True,146.000,171.000,0.000,156.000,72.000,0.055556,0.550000,-0.833315,61.382,70.498,96.008,3056.0
Vielma_9_puntos_intento_9.mp4,1065,8875.000,True,146.000,171.000,0.000,155.000,72.000,0.050000,0.550000,-0.833667,61.072,70.069,105.478,3029.0
Vielma_9_puntos_intento_9.mp4,1066,8883.333,True,146.000,171.000,0.000,155.000,72.000,0.050000,0.550000,-0.833667,61.528,70.590,101.168,3038.5
Vielma_9_puntos_intento_9.mp4,1067,8891.667,True,146.000,171.000,0.000,155.000,72.000,0.050000,0.550000,-0.833667,61.950,70.825,99.391,3090.5
Vielma_9_puntos_intento_9.mp4,1068,8900.000,True,146.000,171.000,0.000,154.000,72.000,0.044444,0.550000,-0.833981,61.827,72.333,103.425,3110.5
Vielma_9_puntos_intento_9.mp4,1069,8908.333,True,146.000,171.000,0.000,154.000,72.000,0.044444,0.550000,-0.833981,61.861,72.517,104.452,3095.0
Vielma_9_puntos_intento_9.mp4,1070,8916.667,True,146.000,171.000,0.000,154.000,73.000,0.044444,0.544444,-0.837619,61.040,72.199,100.434,3114.5
Vielma_9_puntos_intento_9.mp4,1071,8925.000,True,146.000,171.000,0.000,154.000,72.000,0.044444,0.550000,-0.833981,61.978,72.176,103.407,3117.5
Vielma_9_puntos_intento_9.mp4,1072,8933.333,True,146.000,171.000,0.000,154.000,72.000,0.044444,0.550000,-0.833981,61.601,72.507,102.683,3117.5
Vielma_9_puntos_intento_9.mp4,1073,8941.667,True,146.000,171.000,0.000,154.000,73.000,0.044444,0.544444,-0.837619,61.650,72.920,95.814,3151.0
Vielma_9_puntos_intento_9.mp4,1074,8950.000,True,146.000,171.000,0.000,153.000,72.000,0.038889,0.550000,-0.834259,62.438,73.252,101.837,3157.0
Vielma_9_puntos_intento_9.mp4,1075,8958.333,True,146.000,171.000,0.000,153.000,73.000,0.038889,0.544444,-0.837895,62.160,72.698,100.928,3145.5
Vielma_9_puntos_intento_9.mp4,1076,8966.667,True,146.000,171.000,0.000,153.000,73.000,0.038889,0.544444,-0.837895,63.143,72.455,101.060,3176.5
Vielma_9_puntos_intento_9.mp4,1077,8975.000,True,146.000,171.000,0.000,153.000,72.000,0.038889,0.550000,-0.834259,63.375,73.286,104.419,3170.5
Vielma_9_puntos_intento_9.mp4,1078,8983.333,True,146.000,171.000,0.000,153.000,72.000,0.038889,0.550000,-0.834259,62.812,73.649,102.149,3208.0
Vielma_9_puntos_intento_9.mp4,1079,8991.667,True,146.000,171.000,0.000,153.000,73.000,0.038889,0.544444,-0.837895,62.621,73.064,101.413,3209.0
Vielma_9_puntos_intento_9.mp4,1080,9000.000,True,146.000,171.000,0.000,154.000,72.000,0.044444,0.550000,-0.833981,62.827,72.966,101.550,3218.0
Vielma_9_puntos_intento_9.mp4,1081,9008.333,True,146.000,171.000,0.000,153.000,72.000,0.038889,0.550000,-0.834259,63.109,72.985,106.266,3200.0
Vielma_9_puntos_intento_9.mp4,1082,9016.667,True,146.000,171.000,0.000,153.000,71.000,0.038889,0.555556,-0.830569,63.439,73.647,106.911,3217.0
Vielma_9_puntos_intento_9.mp4,1083,9025.000,True,146.000,171.000,0.000,154.000,72.000,0.044444,0.550000,-0.833981,62.322,72.891,100.768,3203.0
Vielma_9_puntos_intento_9.mp4,1084,9033.333,True,146.000,171.000,0.000,153.000,71.000,0.038889,0.555556,-0.830569,63.005,73.923,105.580,3222.0
Vielma_9_puntos_intento_9.mp4,1085,9041.667,True,146.000,171.000,0.000,153.000,71.000,0.038889,0.555556,-0.830569,63.350,73.419,107.650,3222.5
Vielma_9_puntos_intento_9.mp4,1086,9050.000,True,146.000,171.000,0.000,154.000,71.000,0.044444,0.555556,-0.830291,63.403,73.332,102.124,3241.5
Vielma_9_puntos_intento_9.mp4,1087,9058.333,True,146.000,171.000,0.000,153.000,71.000,0.038889,0.555556,-0.830569,62.414,74.344,105.892,3209.5
Vielma_9_puntos_intento_9.mp4,1088,9066.667,True,146.000,171.000,0.000,153.000,71.000,0.038889,0.555556,-0.830569,63.631,75.214,110.000,3272.0
Vielma_9_puntos_intento_9.mp4,1089,9075.000,True,146.000,171.000,0.000,154.000,72.000,0.044444,0.550000,-0.833981,63.034,73.539,104.681,3250.0
Vielma_9_puntos_intento_9.mp4,1090,9083.333,True,146.000,171.000,0.000,154.000,72.000,0.044444,0.550000,-0.833981,62.398,73.597,101.645,3255.5
Vielma_9_puntos_intento_9.mp4,1091,9091.667,True,146.000,171.000,0.000,154.000,72.000,0.044444,0.550000,-0.833981,63.645,73.297,101.790,3259.0
Vielma_9_puntos_intento_9.mp4,1092,9100.000,True,146.000,171.000,0.000,154.000,72.000,0.044444,0.550000,-0.833981,63.690,73.340,103.836,3255.5
Vielma_9_puntos_intento_9.mp4,1093,9108.333,True,146.000,171.000,0.000,154.000,72.000,0.044444,0.550000,-0.833981,63.419,73.585,99.383,3248.0
Vielma_9_puntos_intento_9.mp4,1094,9116.667,True,146.000,171.000,0.000,154.000,71.000,0.044444,0.555556,-0.830291,63.452,73.923,104.825,3246.5
Vielma_9_puntos_intento_9.mp4,1095,9125.000,True,146.000,171.000,0.000,154.000,71.000,0.044444,0.555556,-0.830291,62.941,74.121,105.292,3234.5
Vielma_9_puntos_intento_9.mp4,1096,9133.333,True,146.000,171.000,0.000,153.000,71.000,0.038889,0.555556,-0.830569,63.450,75.423,106.168,3277.0
Vielma_9_puntos_intento_9.mp4,1097,9141.667,True,146.000,171.000,0.000,154.000,71.000,0.044444,0.555556,-0.830291,62.798,74.317,104.656,3257.5
Vielma_9_puntos_intento_9.mp4,1098,9150.000,True,146.000,171.000,0.000,154.000,71.000,0.044444,0.555556,-0.830291,63.097,73.686,99.391,3278.0
Vielma_9_puntos_intento_9.mp4,1099,9158.333,True,146.000,171.000,0.000,154.000,71.000,0.044444,0.555556,-0.830291,63.574,73.315,100.018,3246.5
Vielma_9_puntos_intento_9.mp4,1100,9166.667,True,146.000,171.000,0.000,154.000,71.000,0.044444,0.555556,-0.830291,63.438,73.137,100.248,3256.0
Vielma_9_puntos_intento_9.mp4,1101,9175.000,True,146.000,171.000,0.000,154.000,71.000,0.044444,0.555556,-0.830291,63.653,72.545,96.697,3271.0
Vielma_9_puntos_intento_9.mp4,1102,9183.333,True,146.000,171.000,0.000,154.000,71.000,0.044444,0.555556,-0.830291,63.114,73.940,100.801,3277.0
Vielma_9_puntos_intento_9.mp4,1103,9191.667,True,146.000,171.000,0.000,154.000,71.000,0.044444,0.555556,-0.830291,63.236,73.466,101.222,3236.5
Vielma_9_puntos_intento_9.mp4,1104,9200.000,True,146.000,171.000,0.000,153.000,70.000,0.038889,0.561111,-0.826826,62.880,74.900,108.191,3233.0
Vielma_9_puntos_intento_9.mp4,1105,9208.333,True,146.000,171.000,0.000,154.000,71.000,0.044444,0.555556,-0.830291,62.674,73.472,99.978,3229.0
Vielma_9_puntos_intento_9.mp4,1106,9216.667,True,146.000,171.000,0.000,154.000,70.000,0.044444,0.561111,-0.826546,63.156,73.515,103.041,3236.0
Vielma_9_puntos_intento_9.mp4,1107,9225.000,True,146.000,171.000,0.000,154.000,70.000,0.044444,0.561111,-0.826546,63.317,73.240,100.818,3249.0
Vielma_9_puntos_intento_9.mp4,1108,9233.333,True,146.000,171.000,0.000,154.000,70.000,0.044444,0.561111,-0.826546,63.677,73.725,102.969,3254.5
Vielma_9_puntos_intento_9.mp4,1109,9241.667,True,146.000,171.000,0.000,154.000,70.000,0.044444,0.561111,-0.826546,63.315,73.834,99.652,3236.5
Vielma_9_puntos_intento_9.mp4,1110,9250.000,True,146.000,171.000,0.000,154.000,71.000,0.044444,0.555556,-0.830291,62.612,73.673,94.656,3246.0
Vielma_9_puntos_intento_9.mp4,1111,9258.333,True,146.000,171.000,0.000,154.000,71.000,0.044444,0.555556,-0.830291,62.352,73.853,99.329,3240.5
Vielma_9_puntos_intento_9.mp4,1112,9266.667,True,146.000,171.000,0.000,154.000,71.000,0.044444,0.555556,-0.830291,62.923,73.601,101.691,3254.5
Vielma_9_puntos_intento_9.mp4,1113,9275.000,True,146.000,171.000,0.000,154.000,70.000,0.044444,0.561111,-0.826546,63.116,73.380,97.814,3232.5
Vielma_9_puntos_intento_9.mp4,1114,9283.333,True,146.000,171.000,0.000,154.000,71.000,0.044444,0.555556,-0.830291,63.114,73.175,98.420,3226.5
Vielma_9_puntos_intento_9.mp4,1115,9291.667,True,146.000,171.000,0.000,154.000,70.000,0.044444,0.561111,-0.826546,62.965,73.285,101.980,3211.0
Vielma_9_puntos_intento_9.mp4,1116,9300.000,True,146.000,171.000,0.000,154.000,70.000,0.044444,0.561111,-0.826546,63.205,73.594,104.248,3219.5
Vielma_9_puntos_intento_9.mp4,1117,9308.333,True,146.000,171.000,0.000,155.000,71.000,0.050000,0.555556,-0.829975,61.553,72.713,97.112,3190.0
Vielma_9_puntos_intento_9.mp4,1118,9316.667,True,146.000,171.000,0.000,154.000,71.000,0.044444,0.555556,-0.830291,61.342,73.083,98.738,3185.5
Vielma_9_puntos_intento_9.mp4,1119,9325.000,True,146.000,171.000,0.000,154.000,71.000,0.044444,0.555556,-0.830291,62.335,73.105,101.287,3202.0
Vielma_9_puntos_intento_9.mp4,1120,9333.333,True,146.000,171.000,0.000,155.000,70.000,0.050000,0.561111,-0.826229,62.645,73.036,98.658,3189.0
Vielma_9_puntos_intento_9.mp4,1121,9341.667,True,146.000,171.000,0.000,154.000,70.000,0.044444,0.561111,-0.826546,62.840,72.821,105.460,3208.5
Vielma_9_puntos_intento_9.mp4,1122,9350.000,True,146.000,171.000,0.000,154.000,71.000,0.044444,0.555556,-0.830291,61.079,72.506,99.816,3185.5
Vielma_9_puntos_intento_9.mp4,1123,9358.333,True,146.000,171.000,0.000,154.000,70.000,0.044444,0.561111,-0.826546,62.485,72.067,101.243,3188.5
Vielma_9_puntos_intento_9.mp4,1124,9366.667,True,146.000,171.000,0.000,154.000,70.000,0.044444,0.561111,-0.826546,62.289,72.408,104.953,3170.0
Vielma_9_puntos_intento_9.mp4,1125,9375.000,True,146.000,171.000,0.000,154.000,70.000,0.044444,0.561111,-0.826546,62.000,72.099,99.814,3173.5
Vielma_9_puntos_intento_9.mp4,1126,9383.333,True,146.000,171.000,0.000,154.000,70.000,0.044444,0.561111,-0.826546,61.870,72.573,104.220,3144.0
Vielma_9_puntos_intento_9.mp4,1127,9391.667,True,146.000,171.000,0.000,154.000,70.000,0.044444,0.561111,-0.826546,61.356,72.702,103.719,3141.5
Vielma_9_puntos_intento_9.mp4,1128,9400.000,True,146.000,171.000,0.000,154.000,71.000,0.044444,0.555556,-0.830291,61.194,72.550,99.044,3156.0
Vielma_9_puntos_intento_9.mp4,1129,9408.333,True,146.000,171.000,0.000,152.000,71.000,0.033333,0.555556,-0.830811,62.258,72.523,98.809,3157.5
Vielma_9_puntos_intento_9.mp4,1130,9416.667,True,146.000,171.000,0.000,143.000,73.000,-0.016667,0.544444,-0.838631,60.972,73.148,81.970,3123.5
Vielma_9_puntos_intento_9.mp4,1131,9425.000,True,146.000,171.000,0.000,131.000,74.000,-0.083333,0.538889,-0.838245,59.386,75.619,83.725,3065.5
Vielma_9_puntos_intento_9.mp4,1132,9433.333,True,146.000,171.000,0.000,121.000,78.000,-0.138889,0.516667,-0.844846,51.983,78.728,79.053,3000.0
Vielma_9_puntos_intento_9.mp4,1133,9441.667,True,146.000,171.000,0.000,113.000,80.000,-0.183333,0.505556,-0.843091,50.207,81.173,77.951,2961.5
Vielma_9_puntos_intento_9.mp4,1134,9450.000,True,146.000,171.000,0.000,111.000,80.000,-0.194444,0.505556,-0.840598,49.660,80.945,79.147,2931.0
Vielma_9_puntos_intento_9.mp4,1135,9458.333,True,146.000,171.000,0.000,113.000,79.000,-0.183333,0.511111,-0.839735,50.763,81.398,78.623,2957.0
Vielma_9_puntos_intento_9.mp4,1136,9466.667,True,146.000,171.000,0.000,112.000,80.000,-0.188889,0.505556,-0.841864,50.153,81.264,79.177,2949.5
Vielma_9_puntos_intento_9.mp4,1137,9475.000,True,146.000,171.000,0.000,112.000,80.000,-0.188889,0.505556,-0.841864,49.324,79.076,81.172,2931.5
Vielma_9_puntos_intento_9.mp4,1138,9483.333,True,146.000,171.000,0.000,112.000,80.000,-0.188889,0.505556,-0.841864,49.701,79.469,80.855,2952.0
Vielma_9_puntos_intento_9.mp4,1139,9491.667,True,146.000,171.000,0.000,111.000,79.000,-0.194444,0.511111,-0.837232,50.569,79.587,80.450,2937.0
Vielma_9_puntos_intento_9.mp4,1140,9500.000,True,146.000,171.000,0.000,111.000,79.000,-0.194444,0.511111,-0.837232,49.846,80.291,80.764,2924.5
Vielma_9_puntos_intento_9.mp4,1141,9508.333,True,146.000,171.000,0.000,112.000,79.000,-0.188889,0.511111,-0.838502,51.255,79.636,78.628,2946.5
Vielma_9_puntos_intento_9.mp4,1142,9516.667,True,146.000,171.000,0.000,112.000,79.000,-0.188889,0.511111,-0.838502,50.985,79.506,79.128,2938.5
Vielma_9_puntos_intento_9.mp4,1143,9525.000,True,146.000,171.000,0.000,112.000,79.000,-0.188889,0.511111,-0.838502,50.461,79.546,80.030,2915.0
Vielma_9_puntos_intento_9.mp4,1144,9533.333,True,146.000,171.000,0.000,112.000,79.000,-0.188889,0.511111,-0.838502,50.701,80.889,79.590,2919.5
Vielma_9_puntos_intento_9.mp4,1145,9541.667,True,146.000,171.000,0.000,112.000,79.000,-0.188889,0.511111,-0.838502,50.117,79.739,80.595,2910.5
Vielma_9_puntos_intento_9.mp4,1146,9550.000,True,146.000,171.000,0.000,112.000,79.000,-0.188889,0.511111,-0.838502,49.588,79.643,80.498,2927.5
Vielma_9_puntos_intento_9.mp4,1147,9558.333,True,146.000,171.000,0.000,112.000,79.000,-0.188889,0.511111,-0.838502,51.325,79.695,78.545,2920.0
Vielma_9_puntos_intento_9.mp4,1148,9566.667,True,146.000,171.000,0.000,112.000,79.000,-0.188889,0.511111,-0.838502,49.770,80.587,80.577,2928.0
Vielma_9_puntos_intento_9.mp4,1149,9575.000,True,146.000,171.000,0.000,112.000,79.000,-0.188889,0.511111,-0.838502,50.486,80.869,77.961,2927.5
Vielma_9_puntos_intento_9.mp4,1150,9583.333,True,146.000,171.000,0.000,112.000,79.000,-0.188889,0.511111,-0.838502,50.825,80.262,78.218,2916.5
Vielma_9_puntos_intento_9.mp4,1151,9591.667,True,146.000,171.000,0.000,117.000,77.000,-0.161111,0.522222,-0.837453,51.257,79.227,82.866,2915.0
Vielma_9_puntos_intento_9.mp4,1152,9600.000,True,146.000,171.000,0.000,129.000,75.000,-0.094444,0.533333,-0.840616,55.286,76.043,85.395,3007.5
Vielma_9_puntos_intento_9.mp4,1153,9608.333,True,146.000,171.000,0.000,142.000,72.000,-0.022222,0.550000,-0.834869,60.044,72.279,95.601,3041.5
Vielma_9_puntos_intento_9.mp4,1154,9616.667,True,146.000,171.000,0.000,149.000,72.000,0.016667,0.550000,-0.834998,61.133,70.755,101.639,3013.5
Vielma_9_puntos_intento_9.mp4,1155,9625.000,True,146.000,171.000,0.000,148.000,71.000,0.011111,0.555556,-0.831405,60.257,71.818,103.590,3002.5
Vielma_9_puntos_intento_9.mp4,1156,9633.333,True,146.000,171.000,0.000,149.000,71.000,0.016667,0.555556,-0.831312,59.826,72.824,99.211,3033.0
Vielma_9_puntos_intento_9.mp4,1157,9641.667,True,146.000,171.000,0.000,149.000,70.000,0.016667,0.561111,-0.827573,61.192,73.032,107.498,3036.5
Vielma_9_puntos_intento_9.mp4,1158,9650.000,True,146.000,171.000,0.000,150.000,71.000,0.022222,0.555556,-0.831182,61.231,72.415,99.211,3067.5
Vielma_9_puntos_intento_9.mp4,1159,9658.333,True,146.000,171.000,0.000,149.000,71.000,0.016667,0.555556,-0.831312,60.852,72.799,101.349,3069.0
Vielma_9_puntos_intento_9.mp4,1160,9666.667,True,146.000,171.000,0.000,149.000,70.000,0.016667,0.561111,-0.827573,61.376,72.794,104.529,3056.5
Vielma_9_puntos_intento_9.mp4,1161,9675.000,True,146.000,171.000,0.000,149.000,70.000,0.016667,0.561111,-0.827573,60.956,72.563,102.450,3054.0
Vielma_9_puntos_intento_9.mp4,1162,9683.333,True,146.000,171.000,0.000,149.000,70.000,0.016667,0.561111,-0.827573,60.886,72.439,102.452,3050.5
Vielma_9_puntos_intento_9.mp4,1163,9691.667,True,146.000,171.000,0.000,149.000,71.000,0.016667,0.555556,-0.831312,60.832,71.983,100.546,3053.0
Vielma_9_puntos_intento_9.mp4,1164,9700.000,True,146.000,171.000,0.000,150.000,71.000,0.022222,0.555556,-0.831182,59.988,72.204,94.238,3065.0
Vielma_9_puntos_intento_9.mp4,1165,9708.333,True,146.000,171.000,0.000,150.000,70.000,0.022222,0.561111,-0.827442,61.541,72.738,106.122,3046.0
Vielma_9_puntos_intento_9.mp4,1166,9716.667,True,146.000,171.000,0.000,150.000,71.000,0.022222,0.555556,-0.831182,61.404,71.825,99.286,3072.5
Vielma_9_puntos_intento_9.mp4,1167,9725.000,True,146.000,171.000,0.000,150.000,70.000,0.022222,0.561111,-0.827442,61.559,72.069,102.173,3063.5
Vielma_9_puntos_intento_9.mp4,1168,9733.333,True,146.000,171.000,0.000,150.000,71.000,0.022222,0.555556,-0.831182,59.741,72.752,99.863,3067.5
Vielma_9_puntos_intento_9.mp4,1169,9741.667,True,146.000,171.000,0.000,150.000,70.000,0.022222,0.561111,-0.827442,60.984,72.838,103.673,3070.5
Vielma_9_puntos_intento_9.mp4,1170,9750.000,True,146.000,171.000,0.000,150.000,70.000,0.022222,0.561111,-0.827442,60.837,72.782,97.572,3074.0
Vielma_9_puntos_intento_9.mp4,1171,9758.333,True,146.000,171.000,0.000,151.000,71.000,0.027778,0.555556,-0.831015,60.281,73.441,93.946,3066.5
Vielma_9_puntos_intento_9.mp4,1172,9766.667,True,146.000,171.000,0.000,150.000,70.000,0.022222,0.561111,-0.827442,60.856,71.822,93.900,3059.5
Vielma_9_puntos_intento_9.mp4,1173,9775.000,True,146.000,171.000,0.000,151.000,71.000,0.027778,0.555556,-0.831015,61.117,72.346,94.115,3084.5
Vielma_9_puntos_intento_9.mp4,1174,9783.333,True,146.000,171.000,0.000,150.000,70.000,0.022222,0.561111,-0.827442,61.249,72.879,95.744,3089.5
Vielma_9_puntos_intento_9.mp4,1175,9791.667,True,146.000,171.000,0.000,150.000,70.000,0.022222,0.561111,-0.827442,61.807,72.622,97.088,3118.5
Vielma_9_puntos_intento_9.mp4,1176,9800.000,True,146.000,171.000,0.000,151.000,71.000,0.027778,0.555556,-0.831015,60.680,73.046,95.613,3096.0
Vielma_9_puntos_intento_9.mp4,1177,9808.333,True,146.000,171.000,0.000,153.000,70.000,0.038889,0.561111,-0.826826,61.832,72.410,103.828,3128.5
Vielma_9_puntos_intento_9.mp4,1178,9816.667,True,146.000,171.000,0.000,154.000,70.000,0.044444,0.561111,-0.826546,61.583,72.687,103.330,3125.5
Vielma_9_puntos_intento_9.mp4,1179,9825.000,True,146.000,171.000,0.000,154.000,70.000,0.044444,0.561111,-0.826546,61.866,70.703,98.820,3100.0
Vielma_9_puntos_intento_9.mp4,1180,9833.333,True,146.000,171.000,0.000,154.000,70.000,0.044444,0.561111,-0.826546,61.419,71.244,98.806,3129.0
Vielma_9_puntos_intento_9.mp4,1181,9841.667,True,146.000,171.000,0.000,154.000,70.000,0.044444,0.561111,-0.826546,61.642,72.588,98.481,3153.0
Vielma_9_puntos_intento_9.mp4,1182,9850.000,True,146.000,171.000,0.000,154.000,71.000,0.044444,0.555556,-0.830291,61.417,72.894,96.740,3146.0
Vielma_9_puntos_intento_9.mp4,1183,9858.333,True,146.000,171.000,0.000,154.000,71.000,0.044444,0.555556,-0.830291,61.377,71.957,98.557,3127.5
Vielma_9_puntos_intento_9.mp4,1184,9866.667,True,146.000,171.000,0.000,154.000,70.000,0.044444,0.561111,-0.826546,62.781,72.827,98.100,3143.5
Vielma_9_puntos_intento_9.mp4,1185,9875.000,True,146.000,171.000,0.000,154.000,71.000,0.044444,0.555556,-0.830291,60.998,72.762,97.844,3153.5
Vielma_9_puntos_intento_9.mp4,1186,9883.333,True,146.000,171.000,0.000,154.000,70.000,0.044444,0.561111,-0.826546,62.021,72.699,98.981,3191.0
Vielma_9_puntos_intento_9.mp4,1187,9891.667,True,146.000,171.000,0.000,154.000,70.000,0.044444,0.561111,-0.826546,61.364,73.357,99.214,3161.0
Vielma_9_puntos_intento_9.mp4,1188,9900.000,True,146.000,171.000,0.000,154.000,70.000,0.044444,0.561111,-0.826546,62.200,73.135,102.125,3186.5
Vielma_9_puntos_intento_9.mp4,1189,9908.333,True,146.000,171.000,0.000,153.000,70.000,0.038889,0.561111,-0.826826,62.794,72.872,101.331,3177.5
Vielma_9_puntos_intento_9.mp4,1190,9916.667,True,146.000,171.000,0.000,154.000,71.000,0.044444,0.555556,-0.830291,61.244,73.175,97.292,3192.0
Vielma_9_puntos_intento_9.mp4,1191,9925.000,True,146.000,171.000,0.000,153.000,70.000,0.038889,0.561111,-0.826826,62.435,73.109,99.942,3179.5
Vielma_9_puntos_intento_9.mp4,1192,9933.333,True,146.000,171.000,0.000,154.000,70.000,0.044444,0.561111,-0.826546,62.223,73.171,99.361,3176.5
Vielma_9_puntos_intento_9.mp4,1193,9941.667,True,146.000,171.000,0.000,153.000,70.000,0.038889,0.561111,-0.826826,62.018,73.245,101.146,3200.5
Vielma_9_puntos_intento_9.mp4,1194,9950.000,True,146.000,171.000,0.000,153.000,70.000,0.038889,0.561111,-0.826826,62.671,72.797,100.485,3222.0
Vielma_9_puntos_intento_9.mp4,1195,9958.333,True,146.000,171.000,0.000,154.000,70.000,0.044444,0.561111,-0.826546,62.519,73.139,98.111,3227.0
Vielma_9_puntos_intento_9.mp4,1196,9966.667,True,146.000,171.000,0.000,153.000,70.000,0.038889,0.561111,-0.826826,62.582,73.656,99.184,3250.0
Vielma_9_puntos_intento_9.mp4,1197,9975.000,True,146.000,171.000,0.000,153.000,70.000,0.038889,0.561111,-0.826826,62.618,73.781,99.829,3225.5
Vielma_9_puntos_intento_9.mp4,1198,9983.333,True,146.000,171.000,0.000,153.000,70.000,0.038889,0.561111,-0.826826,61.886,74.855,103.826,3248.0
Vielma_9_puntos_intento_9.mp4,1199,9991.667,True,146.000,171.000,0.000,153.000,70.000,0.038889,0.561111,-0.826826,62.849,74.417,97.643,3253.0
Vielma_9_puntos_intento_9.mp4,1200,10000.000,True,146.000,171.000,0.000,153.000,70.000,0.038889,0.561111,-0.826826,63.089,74.608,101.924,3271.0
Vielma_9_puntos_intento_9.mp4,1201,10008.333,True,146.000,171.000,0.000,153.000,71.000,0.038889,0.555556,-0.830569,62.522,74.188,97.538,3257.0
Vielma_9_puntos_intento_9.mp4,1202,10016.667,True,146.000,171.000,0.000,153.000,70.000,0.038889,0.561111,-0.826826,63.136,74.208,102.949,3299.0
Vielma_9_puntos_intento_9.mp4,1203,10025.000,True,146.000,171.000,0.000,153.000,70.000,0.038889,0.561111,-0.826826,63.731,73.447,101.701,3304.5
Vielma_9_puntos_intento_9.mp4,1204,10033.333,True,146.000,171.000,0.000,154.000,70.000,0.044444,0.561111,-0.826546,64.052,73.611,95.531,3300.5
Vielma_9_puntos_intento_9.mp4,1205,10041.667,True,146.000,171.000,0.000,153.000,70.000,0.038889,0.561111,-0.826826,63.844,73.524,94.580,3285.5
Vielma_9_puntos_intento_9.mp4,1206,10050.000,True,146.000,171.000,0.000,154.000,71.000,0.044444,0.555556,-0.830291,62.703,74.425,96.429,3288.0
Vielma_9_puntos_intento_9.mp4,1207,10058.333,True,146.000,171.000,0.000,154.000,71.000,0.044444,0.555556,-0.830291,63.335,74.372,92.969,3309.5
Vielma_9_puntos_intento_9.mp4,1208,10066.667,True,146.000,171.000,0.000,153.000,71.000,0.038889,0.555556,-0.830569,62.832,74.347,97.364,3305.5
Vielma_9_puntos_intento_9.mp4,1209,10075.000,True,146.000,171.000,0.000,153.000,71.000,0.038889,0.555556,-0.830569,63.016,74.907,94.885,3311.0
Vielma_9_puntos_intento_9.mp4,1210,10083.333,True,146.000,171.000,0.000,153.000,70.000,0.038889,0.561111,-0.826826,63.303,74.450,97.734,3330.5
Vielma_9_puntos_intento_9.mp4,1211,10091.667,True,146.000,171.000,0.000,152.000,70.000,0.033333,0.561111,-0.827069,64.263,74.935,99.593,3357.5
Vielma_9_puntos_intento_9.mp4,1212,10100.000,True,146.000,171.000,0.000,146.000,73.000,0.000000,0.544444,-0.838797,63.763,75.283,85.157,3378.0
Vielma_9_puntos_intento_9.mp4,1213,10108.333,True,146.000,171.000,0.000,132.000,75.000,-0.077778,0.533333,-0.842322,60.945,79.176,81.451,3339.5
Vielma_9_puntos_intento_9.mp4,1214,10116.667,True,146.000,171.000,0.000,120.000,79.000,-0.144444,0.511111,-0.847291,55.831,82.520,76.292,3241.0
Vielma_9_puntos_intento_9.mp4,1215,10125.000,True,146.000,171.000,0.000,108.000,82.000,-0.211111,0.494444,-0.843183,52.003,83.009,76.363,3216.0
Vielma_9_puntos_intento_9.mp4,1216,10133.333,True,146.000,171.000,0.000,100.000,84.000,-0.255556,0.483333,-0.837305,50.662,86.118,77.387,3212.5
Vielma_9_puntos_intento_9.mp4,1217,10141.667,True,146.000,171.000,0.000,96.000,85.000,-0.277778,0.477778,-0.833407,49.914,85.151,75.863,3211.0
Vielma_9_puntos_intento_9.mp4,1218,10150.000,True,146.000,171.000,0.000,97.000,84.000,-0.272222,0.483333,-0.832036,51.120,84.525,76.822,3214.0
Vielma_9_puntos_intento_9.mp4,1219,10158.333,True,146.000,171.000,0.000,96.000,85.000,-0.277778,0.477778,-0.833407,50.765,86.093,76.614,3213.0
Vielma_9_puntos_intento_9.mp4,1220,10166.667,True,146.000,171.000,0.000,96.000,85.000,-0.277778,0.477778,-0.833407,50.560,84.838,76.837,3199.5
Vielma_9_puntos_intento_9.mp4,1221,10175.000,True,146.000,171.000,0.000,96.000,85.000,-0.277778,0.477778,-0.833407,50.614,85.223,77.060,3223.0
Vielma_9_puntos_intento_9.mp4,1222,10183.333,True,146.000,171.000,0.000,96.000,84.000,-0.277778,0.483333,-0.830198,51.899,84.539,76.232,3247.5
Vielma_9_puntos_intento_9.mp4,1223,10191.667,True,146.000,171.000,0.000,96.000,85.000,-0.277778,0.477778,-0.833407,50.789,85.785,76.447,3226.0
Vielma_9_puntos_intento_9.mp4,1224,10200.000,True,146.000,171.000,0.000,96.000,85.000,-0.277778,0.477778,-0.833407,50.726,85.931,77.007,3243.0
Vielma_9_puntos_intento_9.mp4,1225,10208.333,True,146.000,171.000,0.000,96.000,84.000,-0.277778,0.483333,-0.830198,51.774,86.272,77.619,3280.5
Vielma_9_puntos_intento_9.mp4,1226,10216.667,True,146.000,171.000,0.000,96.000,84.000,-0.277778,0.483333,-0.830198,51.427,85.910,77.275,3240.0
Vielma_9_puntos_intento_9.mp4,1227,10225.000,True,146.000,171.000,0.000,96.000,84.000,-0.277778,0.483333,-0.830198,50.421,86.057,75.603,3262.0
Vielma_9_puntos_intento_9.mp4,1228,10233.333,True,146.000,171.000,0.000,96.000,84.000,-0.277778,0.483333,-0.830198,50.395,86.906,75.874,3254.0
Vielma_9_puntos_intento_9.mp4,1229,10241.667,True,146.000,171.000,0.000,96.000,84.000,-0.277778,0.483333,-0.830198,51.119,85.833,77.016,3246.5
Vielma_9_puntos_intento_9.mp4,1230,10250.000,True,146.000,171.000,0.000,96.000,84.000,-0.277778,0.483333,-0.830198,50.689,86.187,76.182,3229.5
Vielma_9_puntos_intento_9.mp4,1231,10258.333,True,146.000,171.000,0.000,96.000,84.000,-0.277778,0.483333,-0.830198,51.151,84.101,75.629,3238.5
Vielma_9_puntos_intento_9.mp4,1232,10266.667,True,146.000,171.000,0.000,96.000,84.000,-0.277778,0.483333,-0.830198,51.657,84.036,76.724,3250.5
Vielma_9_puntos_intento_9.mp4,1233,10275.000,True,146.000,171.000,0.000,96.000,84.000,-0.277778,0.483333,-0.830198,50.295,85.887,77.155,3242.5
Vielma_9_puntos_intento_9.mp4,1234,10283.333,True,146.000,171.000,0.000,96.000,84.000,-0.277778,0.483333,-0.830198,51.568,84.771,75.993,3268.0
Vielma_9_puntos_intento_9.mp4,1235,10291.667,True,146.000,171.000,0.000,96.000,84.000,-0.277778,0.483333,-0.830198,50.349,86.782,76.269,3262.5
Vielma_9_puntos_intento_9.mp4,1236,10300.000,True,146.000,171.000,0.000,98.000,84.000,-0.266667,0.483333,-0.833833,50.397,86.177,77.283,3235.0
Vielma_9_puntos_intento_9.mp4,1237,10308.333,True,146.000,171.000,0.000,109.000,82.000,-0.205556,0.494444,-0.844554,52.034,84.362,80.503,3229.0
Vielma_9_puntos_intento_9.mp4,1238,10316.667,True,146.000,171.000,0.000,124.000,77.000,-0.122222,0.522222,-0.844006,59.352,79.571,82.665,3321.5
Vielma_9_puntos_intento_9.mp4,1239,10325.000,True,146.000,171.000,0.000,138.000,75.000,-0.044444,0.533333,-0.844737,63.519,75.724,85.748,3340.5
Vielma_9_puntos_intento_9.mp4,1240,10333.333,True,146.000,171.000,0.000,147.000,75.000,0.005556,0.533333,-0.845887,61.795,74.709,92.605,3314.0
Vielma_9_puntos_intento_9.mp4,1241,10341.667,True,146.000,171.000,0.000,150.000,73.000,0.022222,0.544444,-0.838502,64.016,74.645,101.026,3308.0
Vielma_9_puntos_intento_9.mp4,1242,10350.000,True,146.000,171.000,0.000,150.000,73.000,0.022222,0.544444,-0.838502,63.291,76.175,95.737,3344.0
Vielma_9_puntos_intento_9.mp4,1243,10358.333,True,146.000,171.000,0.000,151.000,73.000,0.027778,0.544444,-0.838337,63.928,74.438,97.228,3361.5
Vielma_9_puntos_intento_9.mp4,1244,10366.667,True,146.000,171.000,0.000,151.000,73.000,0.027778,0.544444,-0.838337,62.876,75.430,93.414,3364.5
Vielma_9_puntos_intento_9.mp4,1245,10375.000,True,146.000,171.000,0.000,151.000,73.000,0.027778,0.544444,-0.838337,64.073,74.293,96.332,3340.0
Vielma_9_puntos_intento_9.mp4,1246,10383.333,True,146.000,171.000,0.000,151.000,72.000,0.027778,0.550000,-0.834703,64.965,74.808,100.498,3356.0
Vielma_9_puntos_intento_9.mp4,1247,10391.667,True,146.000,171.000,0.000,151.000,72.000,0.027778,0.550000,-0.834703,64.574,75.075,100.029,3340.5
Vielma_9_puntos_intento_9.mp4,1248,10400.000,True,146.000,171.000,0.000,151.000,72.000,0.027778,0.550000,-0.834703,63.552,74.324,97.920,3315.0
Vielma_9_puntos_intento_9.mp4,1249,10408.333,True,146.000,171.000,0.000,151.000,72.000,0.027778,0.550000,-0.834703,63.813,74.890,100.533,3319.5
Vielma_9_puntos_intento_9.mp4,1250,10416.667,True,146.000,171.000,0.000,152.000,72.000,0.033333,0.550000,-0.834499,64.613,73.394,93.135,3316.0
Vielma_9_puntos_intento_9.mp4,1251,10425.000,True,146.000,171.000,0.000,151.000,72.000,0.027778,0.550000,-0.834703,64.198,74.171,99.172,3303.5
Vielma_9_puntos_intento_9.mp4,1252,10433.333,True,146.000,171.000,0.000,152.000,72.000,0.033333,0.550000,-0.834499,64.579,72.790,101.787,3308.0
Vielma_9_puntos_intento_9.mp4,1253,10441.667,True,146.000,171.000,0.000,152.000,72.000,0.033333,0.550000,-0.834499,63.086,74.404,95.747,3267.5
Vielma_9_puntos_intento_9.mp4,1254,10450.000,True,146.000,171.000,0.000,152.000,72.000,0.033333,0.550000,-0.834499,63.555,73.727,94.349,3303.0
Vielma_9_puntos_intento_9.mp4,1255,10458.333,True,146.000,171.000,0.000,151.000,72.000,0.027778,0.550000,-0.834703,63.060,73.882,95.911,3285.5
Vielma_9_puntos_intento_9.mp4,1256,10466.667,True,146.000,171.000,0.000,152.000,72.000,0.033333,0.550000,-0.834499,62.619,74.484,95.255,3296.0
Vielma_9_puntos_intento_9.mp4,1257,10475.000,True,146.000,171.000,0.000,152.000,72.000,0.033333,0.550000,-0.834499,62.451,74.552,92.079,3281.5
Vielma_9_puntos_intento_9.mp4,1258,10483.333,True,146.000,171.000,0.000,151.000,72.000,0.027778,0.550000,-0.834703,61.424,74.835,94.298,3277.5
Vielma_9_puntos_intento_9.mp4,1259,10491.667,True,146.000,171.000,0.000,152.000,72.000,0.033333,0.550000,-0.834499,62.090,74.303,95.746,3263.5
Vielma_9_puntos_intento_9.mp4,1260,10500.000,True,146.000,171.000,0.000,152.000,72.000,0.033333,0.550000,-0.834499,63.053,74.289,95.024,3297.5
Vielma_9_puntos_intento_9.mp4,1261,10508.333,True,146.000,171.000,0.000,151.000,72.000,0.027778,0.550000,-0.834703,63.111,73.881,99.690,3265.0
Vielma_9_puntos_intento_9.mp4,1262,10516.667,True,146.000,171.000,0.000,152.000,71.000,0.033333,0.555556,-0.830811,63.692,73.982,96.963,3251.5
Vielma_9_puntos_intento_9.mp4,1263,10525.000,True,146.000,171.000,0.000,152.000,71.000,0.033333,0.555556,-0.830811,64.023,73.228,101.085,3259.5
Vielma_9_puntos_intento_9.mp4,1264,10533.333,True,146.000,171.000,0.000,152.000,72.000,0.033333,0.550000,-0.834499,62.644,74.220,92.835,3276.5
Vielma_9_puntos_intento_9.mp4,1265,10541.667,True,146.000,171.000,0.000,152.000,72.000,0.033333,0.550000,-0.834499,63.664,73.475,96.138,3265.0
Vielma_9_puntos_intento_9.mp4,1266,10550.000,True,146.000,171.000,0.000,152.000,72.000,0.033333,0.550000,-0.834499,63.081,73.187,93.182,3263.0
Vielma_9_puntos_intento_9.mp4,1267,10558.333,True,146.000,171.000,0.000,152.000,72.000,0.033333,0.550000,-0.834499,62.165,72.961,94.558,3238.0
Vielma_9_puntos_intento_9.mp4,1268,10566.667,True,146.000,171.000,0.000,153.000,72.000,0.038889,0.550000,-0.834259,61.752,73.054,95.220,3211.0
Vielma_9_puntos_intento_9.mp4,1269,10575.000,True,146.000,171.000,0.000,154.000,70.000,0.044444,0.561111,-0.826546,61.767,72.782,101.988,3131.5
Vielma_9_puntos_intento_9.mp4,1270,10583.333,True,146.000,171.000,0.000,155.000,71.000,0.050000,0.555556,-0.829975,60.592,71.963,93.950,3137.0
Vielma_9_puntos_intento_9.mp4,1271,10591.667,True,146.000,171.000,0.000,155.000,70.000,0.050000,0.561111,-0.826229,61.871,70.985,91.701,3137.5
Vielma_9_puntos_intento_9.mp4,1272,10600.000,True,146.000,171.000,0.000,155.000,71.000,0.050000,0.555556,-0.829975,62.328,71.967,96.765,3159.5
Vielma_9_puntos_intento_9.mp4,1273,10608.333,True,146.000,171.000,0.000,154.000,70.000,0.044444,0.561111,-0.826546,62.150,72.128,98.891,3115.5
Vielma_9_puntos_intento_9.mp4,1274,10616.667,True,146.000,171.000,0.000,155.000,70.000,0.050000,0.561111,-0.826229,62.367,71.847,94.591,3152.5
Vielma_9_puntos_intento_9.mp4,1275,10625.000,True,146.000,171.000,0.000,154.000,70.000,0.044444,0.561111,-0.826546,62.172,71.975,101.259,3131.5
Vielma_9_puntos_intento_9.mp4,1276,10633.333,True,146.000,171.000,0.000,154.000,70.000,0.044444,0.561111,-0.826546,62.676,72.624,98.767,3158.0
Vielma_9_puntos_intento_9.mp4,1277,10641.667,True,146.000,171.000,0.000,154.000,70.000,0.044444,0.561111,-0.826546,62.318,73.165,101.265,3142.5
Vielma_9_puntos_intento_9.mp4,1278,10650.000,True,146.000,171.000,0.000,154.000,70.000,0.044444,0.561111,-0.826546,62.903,73.125,101.882,3144.5
Vielma_9_puntos_intento_9.mp4,1279,10658.333,True,146.000,171.000,0.000,154.000,70.000,0.044444,0.561111,-0.826546,62.598,73.535,99.052,3143.5
Vielma_9_puntos_intento_9.mp4,1280,10666.667,True,146.000,171.000,0.000,154.000,70.000,0.044444,0.561111,-0.826546,61.475,73.936,101.109,3155.5
Vielma_9_puntos_intento_9.mp4,1281,10675.000,True,146.000,171.000,0.000,150.000,71.000,0.022222,0.555556,-0.831182,61.967,72.876,90.840,3158.0
Vielma_9_puntos_intento_9.mp4,1282,10683.333,True,146.000,171.000,0.000,137.000,74.000,-0.050000,0.538889,-0.840892,58.848,75.838,80.534,3140.0
Vielma_9_puntos_intento_9.mp4,1283,10691.667,True,145.000,171.000,0.000,124.000,77.000,-0.116667,0.522222,-0.844792,54.363,78.987,75.024,3023.0
Vielma_9_puntos_intento_9.mp4,1284,10700.000,True,145.000,171.000,0.000,110.000,81.000,-0.194444,0.500000,-0.843914,48.972,80.346,76.939,2942.0
Vielma_9_puntos_intento_9.mp4,1285,10708.333,True,145.000,171.000,0.000,102.000,82.000,-0.238889,0.494444,-0.835737,47.529,82.351,77.477,2902.5
Vielma_9_puntos_intento_9.mp4,1286,10716.667,True,145.000,171.000,0.000,99.000,83.000,-0.255556,0.488889,-0.834074,47.255,81.227,80.179,2916.5
Vielma_9_puntos_intento_9.mp4,1287,10725.000,True,145.000,171.000,0.000,101.000,82.000,-0.244444,0.494444,-0.834129,47.680,83.221,77.801,2917.0
Vielma_9_puntos_intento_9.mp4,1288,10733.333,True,145.000,171.000,0.000,100.000,83.000,-0.250000,0.488889,-0.835756,47.616,82.198,78.118,2927.0
Vielma_9_puntos_intento_9.mp4,1289,10741.667,True,145.000,171.000,0.000,99.000,83.000,-0.255556,0.488889,-0.834074,46.803,81.320,77.732,2890.5
Vielma_9_puntos_intento_9.mp4,1290,10750.000,True,145.000,171.000,0.000,98.000,82.000,-0.261111,0.494444,-0.829063,47.593,81.326,77.436,2909.0
Vielma_9_puntos_intento_9.mp4,1291,10758.333,True,145.000,171.000,0.000,99.000,83.000,-0.255556,0.488889,-0.834074,47.671,81.902,77.829,2933.0
Vielma_9_puntos_intento_9.mp4,1292,10766.667,True,145.000,171.000,0.000,99.000,82.000,-0.255556,0.494444,-0.830792,47.741,81.314,78.372,2922.5
Vielma_9_puntos_intento_9.mp4,1293,10775.000,True,145.000,171.000,0.000,99.000,82.000,-0.255556,0.494444,-0.830792,47.599,82.082,78.223,2936.5
Vielma_9_puntos_intento_9.mp4,1294,10783.333,True,145.000,171.000,0.000,99.000,82.000,-0.255556,0.494444,-0.830792,47.826,81.806,78.020,2918.5
Vielma_9_puntos_intento_9.mp4,1295,10791.667,True,145.000,171.000,0.000,98.000,82.000,-0.261111,0.494444,-0.829063,48.274,81.755,78.139,2934.0
Vielma_9_puntos_intento_9.mp4,1296,10800.000,True,145.000,171.000,0.000,98.000,82.000,-0.261111,0.494444,-0.829063,47.787,81.525,78.543,2942.5
Vielma_9_puntos_intento_9.mp4,1297,10808.333,True,145.000,171.000,0.000,99.000,82.000,-0.255556,0.494444,-0.830792,47.951,82.385,78.548,2954.5
Vielma_9_puntos_intento_9.mp4,1298,10816.667,True,145.000,171.000,0.000,98.000,82.000,-0.261111,0.494444,-0.829063,48.376,83.151,78.134,2953.0
Vielma_9_puntos_intento_9.mp4,1299,10825.000,True,145.000,171.000,0.000,98.000,82.000,-0.261111,0.494444,-0.829063,48.547,83.482,79.012,2949.0
Vielma_9_puntos_intento_9.mp4,1300,10833.333,True,145.000,171.000,0.000,98.000,82.000,-0.261111,0.494444,-0.829063,47.590,83.867,79.416,2959.5
Vielma_9_puntos_intento_9.mp4,1301,10841.667,True,145.000,171.000,0.000,96.000,83.000,-0.272222,0.488889,-0.828784,47.898,82.286,77.253,2971.5
Vielma_9_puntos_intento_9.mp4,1302,10850.000,True,145.000,171.000,0.000,90.000,85.000,-0.305556,0.477778,-0.823629,48.146,83.483,74.400,2982.0
Vielma_9_puntos_intento_9.mp4,1303,10858.333,True,145.000,171.000,0.000,89.000,85.000,-0.311111,0.477778,-0.821546,47.298,82.217,76.421,2919.5
Vielma_9_puntos_intento_9.mp4,1304,10866.667,True,145.000,171.000,0.000,91.000,84.000,-0.300000,0.483333,-0.822429,47.965,82.159,77.767,2959.5
Vielma_9_puntos_intento_9.mp4,1305,10875.000,True,145.000,171.000,0.000,90.000,85.000,-0.305556,0.477778,-0.823629,47.186,82.756,77.505,2975.5
Vielma_9_puntos_intento_9.mp4,1306,10883.333,True,145.000,171.000,0.000,90.000,85.000,-0.305556,0.477778,-0.823629,47.098,83.687,78.426,2994.5
Vielma_9_puntos_intento_9.mp4,1307,10891.667,True,145.000,171.000,0.000,90.000,85.000,-0.305556,0.477778,-0.823629,47.781,83.908,77.720,2988.5
Vielma_9_puntos_intento_9.mp4,1308,10900.000,True,145.000,171.000,0.000,90.000,85.000,-0.305556,0.477778,-0.823629,47.941,83.904,77.510,3027.0
Vielma_9_puntos_intento_9.mp4,1309,10908.333,True,145.000,171.000,0.000,90.000,85.000,-0.305556,0.477778,-0.823629,48.544,83.643,75.295,2970.5
Vielma_9_puntos_intento_9.mp4,1310,10916.667,True,145.000,171.000,0.000,90.000,85.000,-0.305556,0.477778,-0.823629,48.387,83.703,75.983,2986.5
Vielma_9_puntos_intento_9.mp4,1311,10925.000,True,145.000,171.000,0.000,90.000,85.000,-0.305556,0.477778,-0.823629,47.936,82.519,77.115,2989.5
Vielma_9_puntos_intento_9.mp4,1312,10933.333,True,145.000,171.000,0.000,89.000,86.000,-0.311111,0.472222,-0.824752,48.870,84.134,76.556,3051.0
Vielma_9_puntos_intento_9.mp4,1313,10941.667,True,145.000,171.000,0.000,87.000,86.000,-0.322222,0.472222,-0.820475,50.414,85.048,76.642,3182.5
Vielma_9_puntos_intento_9.mp4,1314,10950.000,True,145.000,171.000,0.000,85.000,78.000,-0.333333,0.516667,-0.788635,70.529,78.586,79.054,4040.5
Vielma_9_puntos_intento_9.mp4,1315,10958.333,False,145.000,171.000,0.000,86.000,82.000,-0.327778,0.494444,-0.805038,56.656,83.692,72.997,3556.5
Vielma_9_puntos_intento_9.mp4,1316,10966.667,False,145.000,171.000,0.000,93.000,89.000,-0.288889,0.455556,-0.842029,36.339,79.492,71.163,2098.5
Vielma_9_puntos_intento_9.mp4,1317,10975.000,False,145.000,171.000,0.000,99.000,93.000,-0.255556,0.433333,-0.864242,22.372,66.929,72.594,1007.0
Vielma_9_puntos_intento_9.mp4,1318,10983.333,False,145.000,171.000,,,,,,,,,,
Vielma_9_puntos_intento_9.mp4,1319,10991.667,False,145.000,171.000,,,,,,,,,,
Vielma_9_puntos_intento_9.mp4,1320,11000.000,False,145.000,171.000,0.000,98.000,90.000,-0.261111,0.450000,-0.854003,24.703,67.356,70.879,1199.5
Vielma_9_puntos_intento_9.mp4,1321,11008.333,False,145.000,171.000,0.000,97.000,86.000,-0.266667,0.472222,-0.840176,35.837,79.126,72.582,1966.5
Vielma_9_puntos_intento_9.mp4,1322,11016.667,False,145.000,171.000,0.000,96.000,82.000,-0.272222,0.494444,-0.825482,46.159,84.652,73.399,2776.0
Vielma_9_puntos_intento_9.mp4,1323,11025.000,True,145.000,171.000,0.000,96.000,79.000,-0.272222,0.511111,-0.815267,55.064,83.783,73.322,3440.5
Vielma_9_puntos_intento_9.mp4,1324,11033.333,True,145.000,171.000,0.000,95.000,76.000,-0.277778,0.527778,-0.802677,61.247,84.965,77.845,3952.0
Vielma_9_puntos_intento_9.mp4,1325,11041.667,True,145.000,171.000,0.000,94.000,74.000,-0.283333,0.538889,-0.793298,67.550,82.133,79.636,4278.0
Vielma_9_puntos_intento_9.mp4,1326,11050.000,True,145.000,171.000,0.000,95.000,73.000,-0.277778,0.544444,-0.791467,71.248,81.172,88.452,4454.0
Vielma_9_puntos_intento_9.mp4,1327,11058.333,True,145.000,171.000,0.000,95.000,73.000,-0.277778,0.544444,-0.791467,72.136,81.544,97.603,4486.5
Vielma_9_puntos_intento_9.mp4,1328,11066.667,True,145.000,171.000,0.000,95.000,74.000,-0.277778,0.538889,-0.795260,70.118,80.930,101.350,4342.0
Vielma_9_puntos_intento_9.mp4,1329,11075.000,True,145.000,171.000,0.000,95.000,75.000,-0.277778,0.533333,-0.798996,67.288,83.228,101.115,4257.0
Vielma_9_puntos_intento_9.mp4,1330,11083.333,True,145.000,171.000,0.000,95.000,76.000,-0.277778,0.527778,-0.802677,65.110,84.720,100.256,4051.5
Vielma_9_puntos_intento_9.mp4,1331,11091.667,True,145.000,171.000,0.000,96.000,77.000,-0.272222,0.522222,-0.808195,63.740,85.396,95.711,3862.0
Vielma_9_puntos_intento_9.mp4,1332,11100.000,True,145.000,171.000,0.000,97.000,78.000,-0.266667,0.516667,-0.813600,62.781,83.616,93.077,3786.5
Vielma_9_puntos_intento_9.mp4,1333,11108.333,True,145.000,171.000,0.000,100.000,81.000,-0.250000,0.500000,-0.829156,55.262,85.307,78.795,3537.5
Vielma_9_puntos_intento_9.mp4,1334,11116.667,True,145.000,171.000,0.000,100.000,82.000,-0.250000,0.494444,-0.832481,55.128,84.652,78.660,3530.5
Vielma_9_puntos_intento_9.mp4,1335,11125.000,True,145.000,171.000,0.000,100.000,81.000,-0.250000,0.500000,-0.829156,54.524,85.173,78.972,3458.5
Vielma_9_puntos_intento_9.mp4,1336,11133.333,True,145.000,171.000,0.000,100.000,82.000,-0.250000,0.494444,-0.832481,53.041,86.919,78.747,3439.0
Vielma_9_puntos_intento_9.mp4,1337,11141.667,True,145.000,171.000,0.000,100.000,81.000,-0.250000,0.500000,-0.829156,54.168,86.300,78.177,3443.0
Vielma_9_puntos_intento_9.mp4,1338,11150.000,True,145.000,171.000,0.000,101.000,81.000,-0.244444,0.500000,-0.830811,54.461,84.966,78.471,3440.5
Vielma_9_puntos_intento_9.mp4,1339,11158.333,True,145.000,171.000,0.000,101.000,82.000,-0.244444,0.494444,-0.834129,55.102,85.394,77.951,3484.0
Vielma_9_puntos_intento_9.mp4,1340,11166.667,True,145.000,171.000,0.000,101.000,83.000,-0.244444,0.488889,-0.837397,53.841,85.640,78.076,3438.5
Vielma_9_puntos_intento_9.mp4,1341,11175.000,True,145.000,171.000,0.000,100.000,84.000,-0.250000,0.483333,-0.838981,54.445,86.800,76.754,3482.0
Vielma_9_puntos_intento_9.mp4,1342,11183.333,True,145.000,171.000,0.000,95.000,86.000,-0.277778,0.472222,-0.836568,54.130,87.038,75.944,3498.5
Vielma_9_puntos_intento_9.mp4,1343,11191.667,True,145.000,171.000,0.000,92.000,87.000,-0.294444,0.466667,-0.833981,52.981,87.364,76.434,3445.5
Vielma_9_puntos_intento_9.mp4,1344,11200.000,True,145.000,171.000,0.000,93.000,87.000,-0.288889,0.466667,-0.835922,53.262,86.688,75.329,3475.5
Vielma_9_puntos_intento_9.mp4,1345,11208.333,True,145.000,171.000,0.000,94.000,86.000,-0.283333,0.472222,-0.834703,53.254,88.095,77.205,3491.5
Vielma_9_puntos_intento_9.mp4,1346,11216.667,True,145.000,171.000,0.000,93.000,87.000,-0.288889,0.466667,-0.835922,53.245,88.569,76.786,3484.5
Vielma_9_puntos_intento_9.mp4,1347,11225.000,True,145.000,171.000,0.000,93.000,87.000,-0.288889,0.466667,-0.835922,53.820,86.014,76.650,3465.0
Vielma_9_puntos_intento_9.mp4,1348,11233.333,True,145.000,171.000,0.000,93.000,88.000,-0.288889,0.461111,-0.838999,53.881,87.110,76.852,3491.5
Vielma_9_puntos_intento_9.mp4,1349,11241.667,True,145.000,171.000,0.000,92.000,88.000,-0.294444,0.461111,-0.837066,53.786,87.921,75.547,3489.5
Vielma_9_puntos_intento_9.mp4,1350,11250.000,True,145.000,171.000,0.000,93.000,89.000,-0.288889,0.455556,-0.842029,53.650,87.038,76.584,3526.0
Vielma_9_puntos_intento_9.mp4,1351,11258.333,True,145.000,171.000,0.000,93.000,89.000,-0.288889,0.455556,-0.842029,53.367,87.120,77.423,3519.0
Vielma_9_puntos_intento_9.mp4,1352,11266.667,True,145.000,171.000,0.000,93.000,89.000,-0.288889,0.455556,-0.842029,53.756,88.322,77.401,3561.5
Vielma_9_puntos_intento_9.mp4,1353,11275.000,True,145.000,171.000,0.000,93.000,90.000,-0.288889,0.450000,-0.845011,53.655,87.553,77.026,3548.5
Vielma_9_puntos_intento_9.mp4,1354,11283.333,True,145.000,171.000,0.000,93.000,90.000,-0.288889,0.450000,-0.845011,54.387,86.999,76.914,3560.5
Vielma_9_puntos_intento_9.mp4,1355,11291.667,True,145.000,171.000,0.000,94.000,90.000,-0.283333,0.450000,-0.846890,54.497,88.063,76.320,3571.5
Vielma_9_puntos_intento_9.mp4,1356,11300.000,True,145.000,171.000,0.000,94.000,90.000,-0.283333,0.450000,-0.846890,53.988,89.456,77.122,3581.0
Vielma_9_puntos_intento_9.mp4,1357,11308.333,True,145.000,171.000,0.000,94.000,91.000,-0.283333,0.444444,-0.849818,54.048,87.977,77.017,3561.5
Vielma_9_puntos_intento_9.mp4,1358,11316.667,True,145.000,171.000,0.000,93.000,91.000,-0.288889,0.444444,-0.847946,55.785,87.821,75.906,3602.0
Vielma_9_puntos_intento_9.mp4,1359,11325.000,True,145.000,171.000,0.000,93.000,91.000,-0.288889,0.444444,-0.847946,54.149,88.859,77.303,3573.5
Vielma_9_puntos_intento_9.mp4,1360,11333.333,True,145.000,171.000,0.000,93.000,92.000,-0.288889,0.438889,-0.850835,53.732,87.841,79.669,3586.5
Vielma_9_puntos_intento_9.mp4,1361,11341.667,True,145.000,171.000,0.000,94.000,92.000,-0.283333,0.438889,-0.852701,56.116,87.537,75.519,3594.0
Vielma_9_puntos_intento_9.mp4,1362,11350.000,True,145.000,171.000,0.000,94.000,92.000,-0.283333,0.438889,-0.852701,54.536,88.213,76.756,3609.5
Vielma_9_puntos_intento_9.mp4,1363,11358.333,True,145.000,171.000,0.000,94.000,93.000,-0.283333,0.433333,-0.855538,55.657,87.440,77.524,3618.0
Vielma_9_puntos_intento_9.mp4,1364,11366.667,True,145.000,171.000,0.000,94.000,93.000,-0.283333,0.433333,-0.855538,55.065,88.271,76.923,3636.0
Vielma_9_puntos_intento_9.mp4,1365,11375.000,True,145.000,171.000,0.000,94.000,93.000,-0.283333,0.433333,-0.855538,53.706,87.726,78.799,3633.0
Vielma_9_puntos_intento_9.mp4,1366,11383.333,True,145.000,171.000,0.000,93.000,93.000,-0.288889,0.433333,-0.853678,56.399,88.324,76.453,3658.0
Vielma_9_puntos_intento_9.mp4,1367,11391.667,True,145.000,171.000,0.000,94.000,93.000,-0.283333,0.433333,-0.855538,56.060,88.952,76.092,3639.5
Vielma_9_puntos_intento_9.mp4,1368,11400.000,True,145.000,171.000,0.000,94.000,94.000,-0.283333,0.427778,-0.858329,55.176,87.692,77.825,3677.5
Vielma_9_puntos_intento_9.mp4,1369,11408.333,True,145.000,171.000,0.000,94.000,93.000,-0.283333,0.433333,-0.855538,55.225,88.666,77.495,3645.0
Vielma_9_puntos_intento_9.mp4,1370,11416.667,True,145.000,171.000,0.000,94.000,94.000,-0.283333,0.427778,-0.858329,57.402,88.005,75.655,3651.0
Vielma_9_puntos_intento_9.mp4,1371,11425.000,True,145.000,171.000,0.000,94.000,94.000,-0.283333,0.427778,-0.858329,56.637,88.225,75.297,3649.0
Vielma_9_puntos_intento_9.mp4,1372,11433.333,True,145.000,171.000,0.000,94.000,94.000,-0.283333,0.427778,-0.858329,56.177,88.608,73.952,3675.5
Vielma_9_puntos_intento_9.mp4,1373,11441.667,True,145.000,171.000,0.000,94.000,94.000,-0.283333,0.427778,-0.858329,55.306,87.875,75.373,3623.0
Vielma_9_puntos_intento_9.mp4,1374,11450.000,True,145.000,171.000,0.000,94.000,94.000,-0.283333,0.427778,-0.858329,54.481,89.450,75.873,3639.0
Vielma_9_puntos_intento_9.mp4,1375,11458.333,True,145.000,171.000,0.000,94.000,94.000,-0.283333,0.427778,-0.858329,55.707,86.523,77.085,3635.5
Vielma_9_puntos_intento_9.mp4,1376,11466.667,True,145.000,171.000,0.000,94.000,94.000,-0.283333,0.427778,-0.858329,56.325,87.535,76.584,3644.5
Vielma_9_puntos_intento_9.mp4,1377,11475.000,True,145.000,171.000,0.000,94.000,95.000,-0.283333,0.422222,-0.861075,54.160,88.634,78.513,3652.0
Vielma_9_puntos_intento_9.mp4,1378,11483.333,True,145.000,171.000,0.000,94.000,94.000,-0.283333,0.427778,-0.858329,54.927,88.709,76.947,3662.5
Vielma_9_puntos_intento_9.mp4,1379,11491.667,True,145.000,171.000,0.000,94.000,95.000,-0.283333,0.422222,-0.861075,54.963,88.747,76.303,3635.0
Vielma_9_puntos_intento_9.mp4,1380,11500.000,True,145.000,171.000,0.000,94.000,95.000,-0.283333,0.422222,-0.861075,54.611,89.542,75.975,3659.0
Vielma_9_puntos_intento_9.mp4,1381,11508.333,True,145.000,171.000,0.000,94.000,94.000,-0.283333,0.427778,-0.858329,54.712,88.464,75.887,3616.0
Vielma_9_puntos_intento_9.mp4,1382,11516.667,True,145.000,171.000,0.000,94.000,94.000,-0.283333,0.427778,-0.858329,55.132,88.039,75.449,3613.5
Vielma_9_puntos_intento_9.mp4,1383,11525.000,True,145.000,171.000,0.000,94.000,94.000,-0.283333,0.427778,-0.858329,54.395,87.254,75.712,3593.5
Vielma_9_puntos_intento_9.mp4,1384,11533.333,True,145.000,171.000,0.000,94.000,94.000,-0.283333,0.427778,-0.858329,55.037,86.921,74.887,3584.5
Vielma_9_puntos_intento_9.mp4,1385,11541.667,True,145.000,171.000,0.000,94.000,94.000,-0.283333,0.427778,-0.858329,54.269,86.436,76.639,3582.5
Vielma_9_puntos_intento_9.mp4,1386,11550.000,True,145.000,171.000,0.000,94.000,94.000,-0.283333,0.427778,-0.858329,54.594,87.018,76.494,3561.0
Vielma_9_puntos_intento_9.mp4,1387,11558.333,True,145.000,171.000,0.000,95.000,94.000,-0.277778,0.427778,-0.860143,52.981,87.688,77.032,3538.5
Vielma_9_puntos_intento_9.mp4,1388,11566.667,True,145.000,171.000,0.000,94.000,94.000,-0.283333,0.427778,-0.858329,54.704,86.689,76.215,3553.0
Vielma_9_puntos_intento_9.mp4,1389,11575.000,True,145.000,171.000,0.000,94.000,94.000,-0.283333,0.427778,-0.858329,53.459,88.459,76.396,3535.0
Vielma_9_puntos_intento_9.mp4,1390,11583.333,True,145.000,171.000,0.000,94.000,93.000,-0.283333,0.433333,-0.855538,52.580,87.540,77.649,3498.0
Vielma_9_puntos_intento_9.mp4,1391,11591.667,True,145.000,171.000,0.000,94.000,93.000,-0.283333,0.433333,-0.855538,53.612,87.178,76.352,3504.5
Vielma_9_puntos_intento_9.mp4,1392,11600.000,True,145.000,171.000,0.000,94.000,92.000,-0.283333,0.438889,-0.852701,53.956,86.006,76.028,3482.0
Vielma_9_puntos_intento_9.mp4,1393,11608.333,True,145.000,171.000,0.000,95.000,92.000,-0.277778,0.438889,-0.854527,52.717,87.404,76.743,3425.0
Vielma_9_puntos_intento_9.mp4,1394,11616.667,True,145.000,171.000,0.000,95.000,92.000,-0.277778,0.438889,-0.854527,54.029,85.795,76.105,3436.5
Vielma_9_puntos_intento_9.mp4,1395,11625.000,True,145.000,171.000,0.000,95.000,92.000,-0.277778,0.438889,-0.854527,53.157,85.177,77.060,3410.5
Vielma_9_puntos_intento_9.mp4,1396,11633.333,True,145.000,171.000,0.000,98.000,91.000,-0.261111,0.444444,-0.856907,53.927,84.720,78.171,3416.0
Vielma_9_puntos_intento_9.mp4,1397,11641.667,True,145.000,171.000,0.000,109.000,88.000,-0.200000,0.461111,-0.864509,55.528,83.480,81.416,3445.0
Vielma_9_puntos_intento_9.mp4,1398,11650.000,True,145.000,171.000,0.000,121.000,86.000,-0.133333,0.472222,-0.871337,58.263,83.346,79.017,3472.5
Vielma_9_puntos_intento_9.mp4,1399,11658.333,True,145.000,171.000,0.000,130.000,84.000,-0.083333,0.483333,-0.871461,61.335,78.835,84.064,3477.0
Vielma_9_puntos_intento_9.mp4,1400,11666.667,True,145.000,171.000,0.000,135.000,83.000,-0.055556,0.488889,-0.870575,61.851,79.060,83.056,3489.5
Vielma_9_puntos_intento_9.mp4,1401,11675.000,True,145.000,171.000,0.000,135.000,82.000,-0.055556,0.494444,-0.867432,61.236,79.190,81.415,3420.0
Vielma_9_puntos_intento_9.mp4,1402,11683.333,True,145.000,171.000,0.000,135.000,82.000,-0.055556,0.494444,-0.867432,62.889,78.389,84.060,3473.0
Vielma_9_puntos_intento_9.mp4,1403,11691.667,True,145.000,171.000,0.000,135.000,82.000,-0.055556,0.494444,-0.867432,61.280,79.004,86.730,3479.5
Vielma_9_puntos_intento_9.mp4,1404,11700.000,True,145.000,171.000,0.000,135.000,82.000,-0.055556,0.494444,-0.867432,60.215,78.455,86.082,3454.5
Vielma_9_puntos_intento_9.mp4,1405,11708.333,True,145.000,171.000,0.000,135.000,81.000,-0.055556,0.500000,-0.864242,62.670,77.992,84.840,3433.0
Vielma_9_puntos_intento_9.mp4,1406,11716.667,True,145.000,171.000,0.000,135.000,81.000,-0.055556,0.500000,-0.864242,61.490,77.567,84.283,3428.0
Vielma_9_puntos_intento_9.mp4,1407,11725.000,True,145.000,171.000,0.000,135.000,80.000,-0.055556,0.505556,-0.861004,63.218,75.748,85.305,3384.0
Vielma_9_puntos_intento_9.mp4,1408,11733.333,True,145.000,171.000,0.000,135.000,80.000,-0.055556,0.505556,-0.861004,61.735,75.835,83.017,3359.0
Vielma_9_puntos_intento_9.mp4,1409,11741.667,True,145.000,171.000,0.000,134.000,79.000,-0.061111,0.511111,-0.857339,62.242,76.996,86.325,3329.0
Vielma_9_puntos_intento_9.mp4,1410,11750.000,True,145.000,171.000,0.000,134.000,79.000,-0.061111,0.511111,-0.857339,60.882,76.972,87.006,3310.5
Vielma_9_puntos_intento_9.mp4,1411,11758.333,True,145.000,171.000,0.000,134.000,79.000,-0.061111,0.511111,-0.857339,61.403,77.233,83.247,3300.0
Vielma_9_puntos_intento_9.mp4,1412,11766.667,True,145.000,171.000,0.000,135.000,78.000,-0.055556,0.516667,-0.854382,62.286,75.451,83.673,3261.5
Vielma_9_puntos_intento_9.mp4,1413,11775.000,True,145.000,171.000,0.000,135.000,78.000,-0.055556,0.516667,-0.854382,60.065,76.148,78.712,3223.5
Vielma_9_puntos_intento_9.mp4,1414,11783.333,True,145.000,171.000,0.000,135.000,78.000,-0.055556,0.516667,-0.854382,60.342,74.573,83.363,3210.5
Vielma_9_puntos_intento_9.mp4,1415,11791.667,True,145.000,171.000,0.000,132.000,77.000,-0.072222,0.522222,-0.849746,60.700,75.578,80.930,3177.0
Vielma_9_puntos_intento_9.mp4,1416,11800.000,True,145.000,171.000,0.000,121.000,82.000,-0.133333,0.494444,-0.858922,54.270,80.083,78.259,3098.5
Vielma_9_puntos_intento_9.mp4,1417,11808.333,True,145.000,171.000,0.000,107.000,85.000,-0.211111,0.477778,-0.852737,49.340,80.537,81.036,2989.0
Vielma_9_puntos_intento_9.mp4,1418,11816.667,True,145.000,171.000,0.000,97.000,87.000,-0.266667,0.466667,-0.843274,48.731,80.690,77.396,2953.0
Vielma_9_puntos_intento_9.mp4,1419,11825.000,True,145.000,171.000,0.000,93.000,88.000,-0.288889,0.461111,-0.838999,48.544,79.720,76.250,2912.0
Vielma_9_puntos_intento_9.mp4,1420,11833.333,True,145.000,171.000,0.000,95.000,87.000,-0.277778,0.466667,-0.839680,48.081,81.793,78.936,2934.0
Vielma_9_puntos_intento_9.mp4,1421,11841.667,True,145.000,171.000,0.000,94.000,87.000,-0.283333,0.466667,-0.837821,48.450,80.258,78.589,2925.5
Vielma_9_puntos_intento_9.mp4,1422,11850.000,True,145.000,171.000,0.000,93.000,87.000,-0.288889,0.466667,-0.835922,48.051,80.331,78.022,2894.0
Vielma_9_puntos_intento_9.mp4,1423,11858.333,True,145.000,171.000,0.000,93.000,86.000,-0.288889,0.472222,-0.832796,48.011,80.912,77.518,2895.0
Vielma_9_puntos_intento_9.mp4,1424,11866.667,True,145.000,171.000,0.000,92.000,86.000,-0.294444,0.472222,-0.830848,48.447,79.721,77.194,2885.5
Vielma_9_puntos_intento_9.mp4,1425,11875.000,True,145.000,171.000,0.000,93.000,86.000,-0.288889,0.472222,-0.832796,47.735,79.693,78.330,2883.0
Vielma_9_puntos_intento_9.mp4,1426,11883.333,True,145.000,171.000,0.000,93.000,86.000,-0.288889,0.472222,-0.832796,47.989,78.692,78.470,2870.5
Vielma_9_puntos_intento_9.mp4,1427,11891.667,True,145.000,171.000,0.000,93.000,86.000,-0.288889,0.472222,-0.832796,47.982,78.721,77.459,2880.0
Vielma_9_puntos_intento_9.mp4,1428,11900.000,True,145.000,171.000,0.000,93.000,86.000,-0.288889,0.472222,-0.832796,47.744,79.310,77.534,2870.0
Vielma_9_puntos_intento_9.mp4,1429,11908.333,True,145.000,171.000,0.000,93.000,85.000,-0.288889,0.477778,-0.829621,47.962,78.097,78.117,2850.0
Vielma_9_puntos_intento_9.mp4,1430,11916.667,True,145.000,171.000,0.000,93.000,85.000,-0.288889,0.477778,-0.829621,48.126,79.163,77.996,2889.0
Vielma_9_puntos_intento_9.mp4,1431,11925.000,True,145.000,171.000,0.000,93.000,86.000,-0.288889,0.472222,-0.832796,47.422,79.409,78.770,2864.0
Vielma_9_puntos_intento_9.mp4,1432,11933.333,True,145.000,171.000,0.000,93.000,85.000,-0.288889,0.477778,-0.829621,47.472,79.458,77.199,2867.0
Vielma_9_puntos_intento_9.mp4,1433,11941.667,True,145.000,171.000,0.000,93.000,85.000,-0.288889,0.477778,-0.829621,47.613,80.572,78.161,2877.5
Vielma_9_puntos_intento_9.mp4,1434,11950.000,True,145.000,171.000,0.000,93.000,85.000,-0.288889,0.477778,-0.829621,47.535,80.100,79.028,2879.5
Vielma_9_puntos_intento_9.mp4,1435,11958.333,True,145.000,171.000,0.000,94.000,85.000,-0.283333,0.477778,-0.831535,47.498,80.821,78.544,2868.0
Vielma_9_puntos_intento_9.mp4,1436,11966.667,True,145.000,171.000,0.000,94.000,85.000,-0.283333,0.477778,-0.831535,47.359,80.994,78.513,2881.0
Vielma_9_puntos_intento_9.mp4,1437,11975.000,True,145.000,171.000,0.000,94.000,85.000,-0.283333,0.477778,-0.831535,47.350,79.936,78.467,2843.5
Vielma_9_puntos_intento_9.mp4,1438,11983.333,True,145.000,171.000,0.000,94.000,85.000,-0.283333,0.477778,-0.831535,47.788,80.052,78.028,2892.0
Vielma_9_puntos_intento_9.mp4,1439,11991.667,True,145.000,171.000,0.000,94.000,85.000,-0.283333,0.477778,-0.831535,48.604,80.134,76.598,2869.0
Vielma_9_puntos_intento_9.mp4,1440,12000.000,True,145.000,171.000,0.000,94.000,85.000,-0.283333,0.477778,-0.831535,47.521,79.827,78.246,2894.5
Vielma_9_puntos_intento_9.mp4,1441,12008.333,True,145.000,171.000,0.000,94.000,85.000,-0.283333,0.477778,-0.831535,48.259,80.215,78.124,2866.0
Vielma_9_puntos_intento_9.mp4,1442,12016.667,True,145.000,171.000,0.000,95.000,85.000,-0.277778,0.477778,-0.833407,48.183,80.613,79.288,2872.5
Vielma_9_puntos_intento_9.mp4,1443,12025.000,True,145.000,171.000,0.000,102.000,83.000,-0.238889,0.488889,-0.838999,49.090,79.952,80.776,2909.5
Vielma_9_puntos_intento_9.mp4,1444,12033.333,True,145.000,171.000,0.000,115.000,81.000,-0.166667,0.500000,-0.849837,53.578,79.436,80.790,3000.5
Vielma_9_puntos_intento_9.mp4,1445,12041.667,True,145.000,171.000,0.000,128.000,78.000,-0.094444,0.516667,-0.850962,56.836,76.764,80.380,3012.0
Vielma_9_puntos_intento_9.mp4,1446,12050.000,True,145.000,171.000,0.000,139.000,78.000,-0.033333,0.516667,-0.855538,59.235,73.391,83.291,3106.5
Vielma_9_puntos_intento_9.mp4,1447,12058.333,True,145.000,171.000,0.000,146.000,76.000,0.005556,0.527778,-0.849364,61.645,72.361,99.232,3135.0
Vielma_9_puntos_intento_9.mp4,1448,12066.667,True,145.000,171.000,0.000,149.000,76.000,0.022222,0.527778,-0.849092,61.485,72.167,91.557,3177.5
Vielma_9_puntos_intento_9.mp4,1449,12075.000,True,145.000,171.000,0.000,149.000,76.000,0.022222,0.527778,-0.849092,61.178,72.510,90.070,3146.5
Vielma_9_puntos_intento_9.mp4,1450,12083.333,True,145.000,171.000,0.000,149.000,76.000,0.022222,0.527778,-0.849092,61.779,72.737,91.696,3189.0
Vielma_9_puntos_intento_9.mp4,1451,12091.667,True,145.000,171.000,0.000,150.000,76.000,0.027778,0.527778,-0.848928,61.395,71.708,91.664,3136.5
Vielma_9_puntos_intento_9.mp4,1452,12100.000,True,145.000,171.000,0.000,150.000,76.000,0.027778,0.527778,-0.848928,61.374,71.836,89.517,3162.0
Vielma_9_puntos_intento_9.mp4,1453,12108.333,True,145.000,171.000,0.000,150.000,76.000,0.027778,0.527778,-0.848928,60.566,72.313,91.668,3143.5
Vielma_9_puntos_intento_9.mp4,1454,12116.667,True,145.000,171.000,0.000,149.000,76.000,0.022222,0.527778,-0.849092,59.922,72.109,93.463,3125.0
Vielma_9_puntos_intento_9.mp4,1455,12125.000,True,145.000,171.000,0.000,149.000,76.000,0.022222,0.527778,-0.849092,60.803,72.017,96.403,3121.0
Vielma_9_puntos_intento_9.mp4,1456,12133.333,True,145.000,171.000,0.000,150.000,76.000,0.027778,0.527778,-0.848928,62.035,71.382,90.258,3129.5
Vielma_9_puntos_intento_9.mp4,1457,12141.667,True,145.000,171.000,0.000,150.000,75.000,0.027778,0.533333,-0.845449,62.662,72.440,91.826,3192.5
Vielma_9_puntos_intento_9.mp4,1458,12150.000,True,145.000,171.000,0.000,149.000,74.000,0.022222,0.538889,-0.842084,63.196,73.002,99.670,3241.5
Vielma_9_puntos_intento_9.mp4,1459,12158.333,True,145.000,171.000,0.000,149.000,74.000,0.022222,0.538889,-0.842084,63.700,72.815,100.138,3216.0
Vielma_9_puntos_intento_9.mp4,1460,12166.667,True,145.000,171.000,0.000,149.000,75.000,0.022222,0.533333,-0.845613,62.505,73.229,99.119,3208.5
Vielma_9_puntos_intento_9.mp4,1461,12175.000,True,145.000,171.000,0.000,150.000,75.000,0.027778,0.533333,-0.845449,62.133,72.456,89.939,3209.0
Vielma_9_puntos_intento_9.mp4,1462,12183.333,True,145.000,171.000,0.000,146.000,76.000,0.005556,0.527778,-0.849364,63.062,73.274,83.938,3223.0
Vielma_9_puntos_intento_9.mp4,1463,12191.667,True,145.000,171.000,0.000,133.000,80.000,-0.066667,0.505556,-0.860215,58.500,75.638,76.444,3138.0
Vielma_9_puntos_intento_9.mp4,1464,12200.000,True,145.000,171.000,0.000,117.000,83.000,-0.155556,0.488889,-0.858365,54.070,80.015,77.418,3091.0
Vielma_9_puntos_intento_9.mp4,1465,12208.333,True,145.000,171.000,0.000,105.000,86.000,-0.222222,0.472222,-0.853008,49.431,80.860,76.735,3027.5
Vielma_9_puntos_intento_9.mp4,1466,12216.667,True,145.000,171.000,0.000,95.000,89.000,-0.277778,0.455556,-0.845759,49.359,81.269,76.453,3048.5
Vielma_9_puntos_intento_9.mp4,1467,12225.000,True,145.000,171.000,0.000,89.000,90.000,-0.311111,0.450000,-0.837084,48.802,80.965,75.521,3020.5
Vielma_9_puntos_intento_9.mp4,1468,12233.333,True,145.000,171.000,0.000,89.000,89.000,-0.311111,0.455556,-0.834074,48.484,81.668,77.018,3009.0
Vielma_9_puntos_intento_9.mp4,1469,12241.667,True,145.000,171.000,0.000,90.000,90.000,-0.305556,0.450000,-0.839128,48.747,83.208,75.930,3051.0
Vielma_9_puntos_intento_9.mp4,1470,12250.000,True,145.000,171.000,0.000,89.000,90.000,-0.311111,0.450000,-0.837084,49.208,82.143,76.296,3066.5
Vielma_9_puntos_intento_9.mp4,1471,12258.333,True,145.000,171.000,0.000,89.000,90.000,-0.311111,0.450000,-0.837084,49.314,81.257,75.986,3056.5
Vielma_9_puntos_intento_9.mp4,1472,12266.667,True,145.000,171.000,0.000,89.000,89.000,-0.311111,0.455556,-0.834074,48.562,82.239,76.509,3011.5
Vielma_9_puntos_intento_9.mp4,1473,12275.000,True,145.000,171.000,0.000,90.000,90.000,-0.305556,0.450000,-0.839128,48.265,81.732,75.915,2985.5
Vielma_9_puntos_intento_9.mp4,1474,12283.333,True,145.000,171.000,0.000,90.000,89.000,-0.305556,0.455556,-0.836125,47.960,82.704,77.036,2978.5
Vielma_9_puntos_intento_9.mp4,1475,12291.667,True,145.000,171.000,0.000,90.000,90.000,-0.305556,0.450000,-0.839128,48.354,82.950,77.339,2986.0
Vielma_9_puntos_intento_9.mp4,1476,12300.000,True,145.000,171.000,0.000,90.000,89.000,-0.305556,0.455556,-0.836125,48.146,83.307,77.376,2996.0
Vielma_9_puntos_intento_9.mp4,1477,12308.333,True,145.000,171.000,0.000,90.000,89.000,-0.305556,0.455556,-0.836125,49.046,82.323,77.287,3040.5
Vielma_9_puntos_intento_9.mp4,1478,12316.667,True,145.000,171.000,0.000,90.000,89.000,-0.305556,0.455556,-0.836125,48.710,83.068,76.400,3038.0
Vielma_9_puntos_intento_9.mp4,1479,12325.000,True,145.000,171.000,0.000,90.000,89.000,-0.305556,0.455556,-0.836125,48.756,82.056,76.157,3036.5
Vielma_9_puntos_intento_9.mp4,1480,12333.333,True,145.000,171.000,0.000,90.000,89.000,-0.305556,0.455556,-0.836125,48.225,81.833,76.804,3023.0
Vielma_9_puntos_intento_9.mp4,1481,12341.667,True,145.000,171.000,0.000,89.000,89.000,-0.311111,0.455556,-0.834074,49.099,82.546,76.108,3056.5
Vielma_9_puntos_intento_9.mp4,1482,12350.000,True,145.000,171.000,0.000,90.000,89.000,-0.305556,0.455556,-0.836125,48.660,83.512,76.816,3063.0
Vielma_9_puntos_intento_9.mp4,1483,12358.333,True,145.000,171.000,0.000,89.000,89.000,-0.311111,0.455556,-0.834074,49.168,82.011,76.650,3035.5
Vielma_9_puntos_intento_9.mp4,1484,12366.667,True,145.000,171.000,0.000,90.000,89.000,-0.305556,0.455556,-0.836125,49.093,82.165,75.020,3077.0
Vielma_9_puntos_intento_9.mp4,1485,12375.000,True,145.000,171.000,0.000,89.000,89.000,-0.311111,0.455556,-0.834074,49.563,82.446,76.854,3072.5
Vielma_9_puntos_intento_9.mp4,1486,12383.333,True,145.000,171.000,0.000,89.000,89.000,-0.311111,0.455556,-0.834074,49.505,82.112,74.657,3072.5
Vielma_9_puntos_intento_9.mp4,1487,12391.667,True,145.000,171.000,0.000,90.000,89.000,-0.305556,0.455556,-0.836125,49.442,81.964,75.950,3097.0
Vielma_9_puntos_intento_9.mp4,1488,12400.000,True,145.000,171.000,0.000,89.000,88.000,-0.311111,0.461111,-0.831015,49.930,83.106,77.400,3098.5
Vielma_9_puntos_intento_9.mp4,1489,12408.333,True,144.000,171.000,0.000,90.000,88.000,-0.300000,0.461111,-0.835091,49.974,82.791,75.198,3087.0
Vielma_9_puntos_intento_9.mp4,1490,12416.667,True,144.000,171.000,0.000,89.000,88.000,-0.305556,0.461111,-0.833074,49.361,84.246,76.771,3112.5
Vielma_9_puntos_intento_9.mp4,1491,12425.000,True,144.000,171.000,0.000,89.000,89.000,-0.305556,0.455556,-0.836125,49.389,82.888,76.909,3086.0
Vielma_9_puntos_intento_9.mp4,1492,12433.333,True,144.000,171.000,0.000,89.000,88.000,-0.305556,0.461111,-0.833074,50.123,83.731,77.510,3117.0
Vielma_9_puntos_intento_9.mp4,1493,12441.667,True,144.000,171.000,0.000,89.000,88.000,-0.305556,0.461111,-0.833074,49.456,83.342,75.442,3116.0
Vielma_9_puntos_intento_9.mp4,1494,12450.000,True,144.000,171.000,0.000,88.000,88.000,-0.311111,0.461111,-0.831015,49.712,83.666,76.572,3139.0
Vielma_9_puntos_intento_9.mp4,1495,12458.333,True,144.000,171.000,0.000,88.000,88.000,-0.311111,0.461111,-0.831015,50.599,82.993,77.212,3205.5
Vielma_9_puntos_intento_9.mp4,1496,12466.667,True,144.000,171.000,0.000,84.000,83.000,-0.333333,0.488889,-0.806149,64.612,80.854,95.119,3713.5
Vielma_9_puntos_intento_9.mp4,1497,12475.000,True,144.000,171.000,0.000,86.000,79.000,-0.322222,0.511111,-0.796830,70.470,80.152,90.806,4307.5
Vielma_9_puntos_intento_9.mp4,1498,12483.333,True,144.000,171.000,0.000,94.000,78.000,-0.277778,0.516667,-0.809873,65.356,81.521,79.060,4097.5
Vielma_9_puntos_intento_9.mp4,1499,12491.667,True,144.000,171.000,0.000,99.000,80.000,-0.250000,0.505556,-0.825781,57.054,81.805,75.717,3469.5
Vielma_9_puntos_intento_9.mp4,1500,12500.000,True,144.000,171.000,0.000,103.000,82.000,-0.227778,0.494444,-0.838834,48.602,80.148,73.874,2930.5
Vielma_9_puntos_intento_9.mp4,1501,12508.333,True,144.000,171.000,0.000,105.000,83.000,-0.216667,0.488889,-0.845011,45.021,80.084,73.407,2627.0
Vielma_9_puntos_intento_9.mp4,1502,12516.667,True,144.000,171.000,0.000,107.000,82.000,-0.205556,0.494444,-0.844554,45.276,80.821,72.833,2680.0
Vielma_9_puntos_intento_9.mp4,1503,12525.000,True,144.000,171.000,0.000,106.000,81.000,-0.211111,0.500000,-0.839900,49.961,82.507,74.037,3040.5
Vielma_9_puntos_intento_9.mp4,1504,12533.333,True,144.000,171.000,0.000,105.000,79.000,-0.216667,0.511111,-0.831758,55.745,82.955,74.667,3449.0
Vielma_9_puntos_intento_9.mp4,1505,12541.667,True,144.000,171.000,0.000,103.000,77.000,-0.227778,0.522222,-0.821828,61.633,82.542,78.344,3871.5
Vielma_9_puntos_intento_9.mp4,1506,12550.000,True,144.000,171.000,0.000,102.000,75.000,-0.233333,0.533333,-0.813087,66.866,82.344,82.780,4191.0
Vielma_9_puntos_intento_9.mp4,1507,12558.333,True,144.000,171.000,0.000,101.000,74.000,-0.238889,0.538889,-0.807794,69.478,81.291,87.539,4340.0
Vielma_9_puntos_intento_9.mp4,1508,12566.667,True,144.000,171.000,0.000,100.000,74.000,-0.244444,0.538889,-0.806130,69.911,82.270,100.199,4457.0
Vielma_9_puntos_intento_9.mp4,1509,12575.000,True,144.000,171.000,0.000,101.000,74.000,-0.238889,0.538889,-0.807794,70.377,81.723,99.989,4439.0
Vielma_9_puntos_intento_9.mp4,1510,12583.333,True,144.000,171.000,0.000,101.000,74.000,-0.238889,0.538889,-0.807794,69.354,81.606,97.526,4387.5
Vielma_9_puntos_intento_9.mp4,1511,12591.667,True,144.000,171.000,0.000,102.000,74.000,-0.233333,0.538889,-0.809416,69.338,81.474,96.266,4367.0
Vielma_9_puntos_intento_9.mp4,1512,12600.000,True,144.000,171.000,0.000,102.000,75.000,-0.233333,0.533333,-0.813087,66.549,82.769,95.408,4215.0
Vielma_9_puntos_intento_9.mp4,1513,12608.333,True,144.000,171.000,0.000,102.000,75.000,-0.233333,0.533333,-0.813087,66.753,82.640,95.545,4218.0
Vielma_9_puntos_intento_9.mp4,1514,12616.667,True,144.000,171.000,0.000,102.000,76.000,-0.233333,0.527778,-0.816704,66.217,82.525,95.451,4180.5
Vielma_9_puntos_intento_9.mp4,1515,12625.000,True,144.000,171.000,0.000,102.000,75.000,-0.233333,0.533333,-0.813087,65.743,83.489,97.251,4137.5
Vielma_9_puntos_intento_9.mp4,1516,12633.333,True,144.000,171.000,0.000,102.000,75.000,-0.233333,0.533333,-0.813087,66.460,82.637,97.464,4163.5
Vielma_9_puntos_intento_9.mp4,1517,12641.667,True,144.000,171.000,0.000,102.000,76.000,-0.233333,0.527778,-0.816704,64.978,83.021,97.957,4053.5
Vielma_9_puntos_intento_9.mp4,1518,12650.000,True,144.000,171.000,0.000,102.000,76.000,-0.233333,0.527778,-0.816704,64.576,83.169,98.404,4062.0
Vielma_9_puntos_intento_9.mp4,1519,12658.333,True,144.000,171.000,0.000,102.000,76.000,-0.233333,0.527778,-0.816704,63.706,82.843,97.125,3961.5
Vielma_9_puntos_intento_9.mp4,1520,12666.667,True,144.000,171.000,0.000,102.000,76.000,-0.233333,0.527778,-0.816704,63.818,83.126,95.576,3956.5
Vielma_9_puntos_intento_9.mp4,1521,12675.000,True,144.000,171.000,0.000,101.000,77.000,-0.238889,0.522222,-0.818667,63.480,82.770,93.936,3918.0
Vielma_9_puntos_intento_9.mp4,1522,12683.333,True,144.000,171.000,0.000,94.000,78.000,-0.277778,0.516667,-0.809873,64.469,82.510,96.194,3965.5
Vielma_9_puntos_intento_9.mp4,1523,12691.667,True,144.000,171.000,0.000,94.000,77.000,-0.277778,0.522222,-0.806302,65.070,81.517,95.792,3863.5
Vielma_9_puntos_intento_9.mp4,1524,12700.000,True,144.000,171.000,0.000,96.000,78.000,-0.266667,0.516667,-0.813600,62.506,83.354,96.702,3787.5
Vielma_9_puntos_intento_9.mp4,1525,12708.333,True,144.000,171.000,0.000,97.000,78.000,-0.261111,0.516667,-0.815400,64.768,81.262,96.396,3669.0
Vielma_9_puntos_intento_9.mp4,1526,12716.667,True,144.000,171.000,0.000,107.000,78.000,-0.205556,0.516667,-0.831145,61.920,80.894,97.845,3613.5
Vielma_9_puntos_intento_9.mp4,1527,12725.000,True,144.000,171.000,0.000,126.000,79.000,-0.100000,0.511111,-0.853678,63.405,81.174,99.288,3784.0
Vielma_9_puntos_intento_9.mp4,1528,12733.333,True,144.000,171.000,0.000,142.000,80.000,-0.011111,0.505556,-0.862723,65.834,79.285,113.783,3871.5
Vielma_9_puntos_intento_9.mp4,1529,12741.667,True,144.000,171.000,0.000,156.000,82.000,0.066667,0.494444,-0.866649,65.222,78.312,118.958,3894.5
Vielma_9_puntos_intento_9.mp4,1530,12750.000,True,144.000,171.000,0.000,169.000,84.000,0.138889,0.483333,-0.864349,64.046,78.195,129.085,3866.0
Vielma_9_puntos_intento_9.mp4,1531,12758.333,True,144.000,171.000,0.000,180.000,86.000,0.200000,0.472222,-0.858491,61.600,79.282,136.000,3758.0
Vielma_9_puntos_intento_9.mp4,1532,12766.667,True,144.000,171.000,0.000,186.000,87.000,0.233333,0.466667,-0.853099,60.056,79.256,139.902,3636.0
Vielma_9_puntos_intento_9.mp4,1533,12775.000,True,144.000,171.000,0.000,187.000,86.000,0.238889,0.472222,-0.848492,60.391,77.839,141.691,3603.0
Vielma_9_puntos_intento_9.mp4,1534,12783.333,True,144.000,171.000,0.000,187.000,86.000,0.238889,0.472222,-0.848492,60.712,78.719,139.757,3685.0
Vielma_9_puntos_intento_9.mp4,1535,12791.667,True,144.000,171.000,0.000,187.000,86.000,0.238889,0.472222,-0.848492,60.866,78.369,139.991,3687.0
Vielma_9_puntos_intento_9.mp4,1536,12800.000,True,144.000,171.000,0.000,188.000,86.000,0.244444,0.472222,-0.846908,60.607,79.174,141.602,3682.5
Vielma_9_puntos_intento_9.mp4,1537,12808.333,True,144.000,171.000,0.000,188.000,86.000,0.244444,0.472222,-0.846908,60.562,79.032,142.057,3691.5
Vielma_9_puntos_intento_9.mp4,1538,12816.667,True,144.000,171.000,0.000,188.000,86.000,0.244444,0.472222,-0.846908,60.536,78.821,141.079,3673.5
Vielma_9_puntos_intento_9.mp4,1539,12825.000,True,144.000,171.000,0.000,188.000,86.000,0.244444,0.472222,-0.846908,60.282,79.161,141.846,3689.5
Vielma_9_puntos_intento_9.mp4,1540,12833.333,True,144.000,171.000,0.000,188.000,86.000,0.244444,0.472222,-0.846908,61.148,79.428,140.996,3715.0
Vielma_9_puntos_intento_9.mp4,1541,12841.667,True,144.000,171.000,0.000,188.000,85.000,0.244444,0.477778,-0.843786,60.697,79.383,141.571,3697.0
Vielma_9_puntos_intento_9.mp4,1542,12850.000,True,144.000,171.000,0.000,189.000,86.000,0.250000,0.472222,-0.845285,60.486,80.293,141.973,3731.5
Vielma_9_puntos_intento_9.mp4,1543,12858.333,True,144.000,171.000,0.000,196.000,90.000,0.288889,0.450000,-0.845011,58.476,83.392,144.832,3769.0
Vielma_9_puntos_intento_9.mp4,1544,12866.667,True,144.000,171.000,0.000,204.000,95.000,0.333333,0.422222,-0.842981,57.436,83.309,149.046,3720.0
Vielma_9_puntos_intento_9.mp4,1545,12875.000,True,144.000,171.000,0.000,207.000,96.000,0.350000,0.416667,-0.838981,56.392,81.828,151.525,3597.5
Vielma_9_puntos_intento_9.mp4,1546,12883.333,True,144.000,171.000,0.000,207.000,96.000,0.350000,0.416667,-0.838981,56.200,82.068,150.317,3607.5
Vielma_9_puntos_intento_9.mp4,1547,12891.667,True,144.000,171.000,0.000,207.000,95.000,0.350000,0.422222,-0.836199,57.147,82.453,150.389,3642.0
Vielma_9_puntos_intento_9.mp4,1548,12900.000,True,144.000,171.000,0.000,207.000,95.000,0.350000,0.422222,-0.836199,57.425,82.112,150.287,3654.5
Vielma_9_puntos_intento_9.mp4,1549,12908.333,True,144.000,171.000,0.000,208.000,96.000,0.355556,0.416667,-0.836642,57.081,81.734,150.640,3634.5
Vielma_9_puntos_intento_9.mp4,1550,12916.667,True,144.000,171.000,0.000,208.000,95.000,0.355556,0.422222,-0.833852,57.124,82.468,149.953,3656.0
Vielma_9_puntos_intento_9.mp4,1551,12925.000,True,144.000,171.000,0.000,208.000,95.000,0.355556,0.422222,-0.833852,56.835,82.468,150.080,3638.5
Vielma_9_puntos_intento_9.mp4,1552,12933.333,True,144.000,171.000,0.000,207.000,95.000,0.350000,0.422222,-0.836199,57.415,82.776,149.754,3687.0
Vielma_9_puntos_intento_9.mp4,1553,12941.667,True,144.000,171.000,0.000,207.000,95.000,0.350000,0.422222,-0.836199,57.475,82.798,149.061,3675.0
Vielma_9_puntos_intento_9.mp4,1554,12950.000,True,144.000,171.000,0.000,207.000,95.000,0.350000,0.422222,-0.836199,57.270,82.968,149.665,3672.0
Vielma_9_puntos_intento_9.mp4,1555,12958.333,True,144.000,171.000,0.000,208.000,95.000,0.355556,0.422222,-0.833852,57.416,82.927,149.770,3697.5
Vielma_9_puntos_intento_9.mp4,1556,12966.667,True,144.000,171.000,0.000,208.000,95.000,0.355556,0.422222,-0.833852,57.488,82.936,149.807,3708.0
Vielma_9_puntos_intento_9.mp4,1557,12975.000,True,144.000,171.000,0.000,208.000,95.000,0.355556,0.422222,-0.833852,57.099,82.826,149.863,3697.5
Vielma_9_puntos_intento_9.mp4,1558,12983.333,True,144.000,171.000,0.000,208.000,95.000,0.355556,0.422222,-0.833852,57.436,82.869,150.182,3691.5
Vielma_9_puntos_intento_9.mp4,1559,12991.667,True,144.000,171.000,0.000,208.000,95.000,0.355556,0.422222,-0.833852,57.406,83.115,149.612,3698.5
Vielma_9_puntos_intento_9.mp4,1560,13000.000,True,144.000,171.000,0.000,208.000,95.000,0.355556,0.422222,-0.833852,57.414,83.087,150.116,3712.5
Vielma_9_puntos_intento_9.mp4,1561,13008.333,True,144.000,171.000,0.000,208.000,95.000,0.355556,0.422222,-0.833852,57.516,83.108,150.539,3707.0
Vielma_9_puntos_intento_9.mp4,1562,13016.667,True,144.000,171.000,0.000,210.000,96.000,0.366667,0.416667,-0.831832,56.616,84.161,150.832,3708.0
Vielma_9_puntos_intento_9.mp4,1563,13025.000,True,144.000,171.000,0.000,212.000,97.000,0.377778,0.411111,-0.829621,56.057,83.331,151.407,3626.5
Vielma_9_puntos_intento_9.mp4,1564,13033.333,True,144.000,171.000,0.000,212.000,97.000,0.377778,0.411111,-0.829621,56.442,83.246,151.815,3631.5
Vielma_9_puntos_intento_9.mp4,1565,13041.667,True,144.000,171.000,0.000,211.000,97.000,0.372222,0.411111,-0.832129,56.404,83.116,151.418,3656.0
Vielma_9_puntos_intento_9.mp4,1566,13050.000,True,144.000,171.000,0.000,212.000,97.000,0.377778,0.411111,-0.829621,56.338,83.531,151.855,3664.5
Vielma_9_puntos_intento_9.mp4,1567,13058.333,True,144.000,171.000,0.000,212.000,97.000,0.377778,0.411111,-0.829621,56.497,83.561,151.755,3668.5
Vielma_9_puntos_intento_9.mp4,1568,13066.667,True,144.000,171.000,0.000,211.000,97.000,0.372222,0.411111,-0.832129,56.500,83.585,151.721,3665.5
Vielma_9_puntos_intento_9.mp4,1569,13075.000,True,144.000,171.000,0.000,211.000,97.000,0.372222,0.411111,-0.832129,56.466,83.318,151.430,3660.0
Vielma_9_puntos_intento_9.mp4,1570,13083.333,True,144.000,171.000,0.000,212.000,97.000,0.377778,0.411111,-0.829621,56.601,83.272,151.620,3674.5
Vielma_9_puntos_intento_9.mp4,1571,13091.667,True,144.000,171.000,0.000,212.000,97.000,0.377778,0.411111,-0.829621,56.523,83.310,151.329,3674.5
Vielma_9_puntos_intento_9.mp4,1572,13100.000,True,144.000,171.000,0.000,212.000,96.000,0.377778,0.416667,-0.826845,57.020,83.341,151.910,3684.0
Vielma_9_puntos_intento_9.mp4,1573,13108.333,True,144.000,171.000,0.000,212.000,97.000,0.377778,0.411111,-0.829621,56.543,83.080,151.690,3664.0
Vielma_9_puntos_intento_9.mp4,1574,13116.667,True,144.000,171.000,0.000,212.000,97.000,0.377778,0.411111,-0.829621,56.569,83.278,151.787,3675.5
Vielma_9_puntos_intento_9.mp4,1575,13125.000,True,144.000,171.000,0.000,212.000,96.000,0.377778,0.416667,-0.826845,56.888,83.114,151.219,3687.0
Vielma_9_puntos_intento_9.mp4,1576,13133.333,True,144.000,171.000,0.000,212.000,96.000,0.377778,0.416667,-0.826845,56.759,83.441,151.106,3689.5
Vielma_9_puntos_intento_9.mp4,1577,13141.667,True,144.000,171.000,0.000,211.000,96.000,0.372222,0.416667,-0.829361,56.654,83.785,151.639,3691.5
Vielma_9_puntos_intento_9.mp4,1578,13150.000,True,144.000,171.000,0.000,212.000,96.000,0.377778,0.416667,-0.826845,57.443,83.607,151.121,3724.0
Vielma_9_puntos_intento_9.mp4,1579,13158.333,True,144.000,171.000,0.000,211.000,96.000,0.372222,0.416667,-0.829361,57.196,83.577,151.269,3692.0
Vielma_9_puntos_intento_9.mp4,1580,13166.667,True,144.000,171.000,0.000,211.000,96.000,0.372222,0.416667,-0.829361,57.336,83.527,151.149,3698.0
Vielma_9_puntos_intento_9.mp4,1581,13175.000,True,144.000,171.000,0.000,211.000,96.000,0.372222,0.416667,-0.829361,56.931,83.652,151.516,3706.5
Vielma_9_puntos_intento_9.mp4,1582,13183.333,True,144.000,171.000,0.000,211.000,96.000,0.372222,0.416667,-0.829361,56.999,84.005,150.917,3721.5
Vielma_9_puntos_intento_9.mp4,1583,13191.667,True,144.000,171.000,0.000,211.000,96.000,0.372222,0.416667,-0.829361,56.773,83.958,151.352,3722.0
Vielma_9_puntos_intento_9.mp4,1584,13200.000,True,144.000,171.000,0.000,211.000,96.000,0.372222,0.416667,-0.829361,56.952,84.000,151.180,3730.5
Vielma_9_puntos_intento_9.mp4,1585,13208.333,True,144.000,171.000,0.000,211.000,96.000,0.372222,0.416667,-0.829361,57.098,84.121,151.695,3714.0
Vielma_9_puntos_intento_9.mp4,1586,13216.667,True,144.000,171.000,0.000,211.000,96.000,0.372222,0.416667,-0.829361,57.193,84.297,151.532,3726.0
Vielma_9_puntos_intento_9.mp4,1587,13225.000,True,144.000,171.000,0.000,211.000,96.000,0.372222,0.416667,-0.829361,57.701,84.002,151.015,3734.5
Vielma_9_puntos_intento_9.mp4,1588,13233.333,True,144.000,171.000,0.000,211.000,96.000,0.372222,0.416667,-0.829361,57.387,84.088,150.938,3731.5
Vielma_9_puntos_intento_9.mp4,1589,13241.667,True,144.000,171.000,0.000,211.000,96.000,0.372222,0.416667,-0.829361,56.921,83.835,150.845,3725.0
Vielma_9_puntos_intento_9.mp4,1590,13250.000,True,144.000,171.000,0.000,211.000,96.000,0.372222,0.416667,-0.829361,56.952,84.041,150.780,3739.0
Vielma_9_puntos_intento_9.mp4,1591,13258.333,True,144.000,171.000,0.000,211.000,96.000,0.372222,0.416667,-0.829361,56.696,84.058,150.277,3726.0
Vielma_9_puntos_intento_9.mp4,1592,13266.667,True,144.000,171.000,0.000,211.000,96.000,0.372222,0.416667,-0.829361,56.940,83.629,151.254,3717.0
Vielma_9_puntos_intento_9.mp4,1593,13275.000,True,144.000,171.000,0.000,211.000,96.000,0.372222,0.416667,-0.829361,56.909,83.739,151.424,3720.5
Vielma_9_puntos_intento_9.mp4,1594,13283.333,True,144.000,171.000,0.000,211.000,96.000,0.372222,0.416667,-0.829361,56.899,84.133,150.702,3729.5
Vielma_9_puntos_intento_9.mp4,1595,13291.667,True,144.000,171.000,0.000,211.000,96.000,0.372222,0.416667,-0.829361,57.066,83.769,150.696,3719.0
Vielma_9_puntos_intento_9.mp4,1596,13300.000,True,144.000,171.000,0.000,211.000,96.000,0.372222,0.416667,-0.829361,57.040,84.148,150.999,3738.0
Vielma_9_puntos_intento_9.mp4,1597,13308.333,True,144.000,171.000,0.000,211.000,96.000,0.372222,0.416667,-0.829361,56.976,83.498,150.756,3714.0
Vielma_9_puntos_intento_9.mp4,1598,13316.667,True,144.000,171.000,0.000,211.000,96.000,0.372222,0.416667,-0.829361,56.886,83.895,151.106,3727.5
Vielma_9_puntos_intento_9.mp4,1599,13325.000,True,144.000,171.000,0.000,211.000,96.000,0.372222,0.416667,-0.829361,57.369,83.634,150.684,3733.5
Vielma_9_puntos_intento_9.mp4,1600,13333.333,True,144.000,171.000,0.000,211.000,96.000,0.372222,0.416667,-0.829361,57.304,83.963,150.941,3744.5
Vielma_9_puntos_intento_9.mp4,1601,13341.667,True,144.000,171.000,0.000,211.000,96.000,0.372222,0.416667,-0.829361,57.037,83.602,150.988,3725.5
Vielma_9_puntos_intento_9.mp4,1602,13350.000,True,144.000,171.000,0.000,211.000,96.000,0.372222,0.416667,-0.829361,57.156,83.696,151.079,3730.5
Vielma_9_puntos_intento_9.mp4,1603,13358.333,True,144.000,171.000,0.000,211.000,96.000,0.372222,0.416667,-0.829361,57.079,83.477,151.061,3722.5
Vielma_9_puntos_intento_9.mp4,1604,13366.667,True,144.000,171.000,0.000,211.000,96.000,0.372222,0.416667,-0.829361,57.670,83.577,150.843,3751.5
Vielma_9_puntos_intento_9.mp4,1605,13375.000,True,144.000,171.000,0.000,211.000,96.000,0.372222,0.416667,-0.829361,56.971,83.477,151.044,3721.0
Vielma_9_puntos_intento_9.mp4,1606,13383.333,True,144.000,171.000,0.000,211.000,96.000,0.372222,0.416667,-0.829361,56.799,83.870,150.851,3714.0
Vielma_9_puntos_intento_9.mp4,1607,13391.667,True,144.000,171.000,0.000,211.000,96.000,0.372222,0.416667,-0.829361,57.559,83.777,150.999,3742.5
Vielma_9_puntos_intento_9.mp4,1608,13400.000,True,144.000,171.000,0.000,211.000,96.000,0.372222,0.416667,-0.829361,56.755,83.833,151.637,3718.0
Vielma_9_puntos_intento_9.mp4,1609,13408.333,True,144.000,171.000,0.000,211.000,96.000,0.372222,0.416667,-0.829361,57.107,83.652,151.148,3712.0
Vielma_9_puntos_intento_9.mp4,1610,13416.667,True,144.000,171.000,0.000,211.000,96.000,0.372222,0.416667,-0.829361,57.322,83.966,151.230,3732.5
Vielma_9_puntos_intento_9.mp4,1611,13425.000,True,144.000,171.000,0.000,211.000,96.000,0.372222,0.416667,-0.829361,56.954,83.428,150.238,3705.5
Vielma_9_puntos_intento_9.mp4,1612,13433.333,True,144.000,171.000,0.000,211.000,96.000,0.372222,0.416667,-0.829361,57.025,83.547,150.551,3713.5
Vielma_9_puntos_intento_9.mp4,1613,13441.667,True,144.000,171.000,0.000,211.000,96.000,0.372222,0.416667,-0.829361,57.111,83.471,150.632,3713.0
Vielma_9_puntos_intento_9.mp4,1614,13450.000,True,144.000,171.000,0.000,211.000,96.000,0.372222,0.416667,-0.829361,57.133,83.248,150.765,3712.0
Vielma_9_puntos_intento_9.mp4,1615,13458.333,True,144.000,171.000,0.000,211.000,95.000,0.372222,0.422222,-0.826546,56.842,83.398,150.666,3698.0
Vielma_9_puntos_intento_9.mp4,1616,13466.667,True,144.000,171.000,0.000,211.000,96.000,0.372222,0.416667,-0.829361,57.087,83.297,150.028,3700.0
Vielma_9_puntos_intento_9.mp4,1617,13475.000,True,144.000,171.000,0.000,211.000,95.000,0.372222,0.422222,-0.826546,57.348,83.344,150.209,3697.5
Vielma_9_puntos_intento_9.mp4,1618,13483.333,True,144.000,171.000,0.000,211.000,95.000,0.372222,0.422222,-0.826546,56.874,83.532,150.635,3701.5
Vielma_9_puntos_intento_9.mp4,1619,13491.667,True,144.000,171.000,0.000,211.000,95.000,0.372222,0.422222,-0.826546,56.748,83.326,150.523,3690.5
Vielma_9_puntos_intento_9.mp4,1620,13500.000,True,144.000,171.000,0.000,211.000,95.000,0.372222,0.422222,-0.826546,56.695,83.262,150.965,3681.0
Vielma_9_puntos_intento_9.mp4,1621,13508.333,True,144.000,171.000,0.000,211.000,95.000,0.372222,0.422222,-0.826546,56.518,83.173,150.706,3661.0
Vielma_9_puntos_intento_9.mp4,1622,13516.667,True,144.000,171.000,0.000,211.000,95.000,0.372222,0.422222,-0.826546,56.840,82.859,150.143,3667.0
Vielma_9_puntos_intento_9.mp4,1623,13525.000,True,144.000,171.000,0.000,211.000,95.000,0.372222,0.422222,-0.826546,56.539,83.314,150.718,3656.0
Vielma_9_puntos_intento_9.mp4,1624,13533.333,True,144.000,171.000,0.000,211.000,95.000,0.372222,0.422222,-0.826546,56.397,82.771,150.029,3635.0
Vielma_9_puntos_intento_9.mp4,1625,13541.667,True,144.000,171.000,0.000,211.000,95.000,0.372222,0.422222,-0.826546,57.095,82.519,151.081,3656.0
Vielma_9_puntos_intento_9.mp4,1626,13550.000,True,144.000,171.000,0.000,206.000,95.000,0.344444,0.422222,-0.838502,59.344,81.827,152.094,3746.5
Vielma_9_puntos_intento_9.mp4,1627,13558.333,True,144.000,171.000,0.000,194.000,94.000,0.277778,0.427778,-0.860143,63.499,80.700,147.225,3987.5
Vielma_9_puntos_intento_9.mp4,1628,13566.667,True,144.000,171.000,0.000,183.000,92.000,0.216667,0.438889,-0.872028,66.853,81.312,143.439,4178.0
Vielma_9_puntos_intento_9.mp4,1629,13575.000,True,144.000,171.000,0.000,177.000,92.000,0.183333,0.438889,-0.879639,68.030,82.097,137.923,4320.5
Vielma_9_puntos_intento_9.mp4,1630,13583.333,True,144.000,171.000,0.000,179.000,92.000,0.194444,0.438889,-0.877250,66.841,83.017,137.273,4309.0
Vielma_9_puntos_intento_9.mp4,1631,13591.667,True,144.000,171.000,0.000,180.000,92.000,0.200000,0.438889,-0.876000,65.028,81.374,141.750,4081.0
Vielma_9_puntos_intento_9.mp4,1632,13600.000,True,144.000,171.000,0.000,178.000,91.000,0.188889,0.444444,-0.875666,65.142,81.263,140.210,4076.0
Vielma_9_puntos_intento_9.mp4,1633,13608.333,True,144.000,171.000,0.000,178.000,91.000,0.188889,0.444444,-0.875666,65.537,80.993,138.970,4049.0
Vielma_9_puntos_intento_9.mp4,1634,13616.667,True,144.000,171.000,0.000,178.000,91.000,0.188889,0.444444,-0.875666,65.363,80.896,138.679,4058.0
Vielma_9_puntos_intento_9.mp4,1635,13625.000,True,144.000,171.000,0.000,178.000,91.000,0.188889,0.444444,-0.875666,65.426,80.751,140.026,4029.0
Vielma_9_puntos_intento_9.mp4,1636,13633.333,True,144.000,171.000,0.000,178.000,91.000,0.188889,0.444444,-0.875666,65.198,80.691,138.625,4036.0
Vielma_9_puntos_intento_9.mp4,1637,13641.667,True,144.000,171.000,0.000,179.000,91.000,0.194444,0.444444,-0.874449,64.559,79.118,139.301,3936.5
Vielma_9_puntos_intento_9.mp4,1638,13650.000,True,144.000,171.000,0.000,178.000,91.000,0.188889,0.444444,-0.875666,63.964,79.532,139.057,3898.5
Vielma_9_puntos_intento_9.mp4,1639,13658.333,True,144.000,171.000,0.000,178.000,91.000,0.188889,0.444444,-0.875666,64.032,79.159,137.700,3888.5
Vielma_9_puntos_intento_9.mp4,1640,13666.667,True,144.000,171.000,0.000,179.000,91.000,0.194444,0.444444,-0.874449,64.447,78.485,137.465,3904.5
Vielma_9_puntos_intento_9.mp4,1641,13675.000,True,144.000,171.000,0.000,178.000,91.000,0.188889,0.444444,-0.875666,64.270,78.607,137.823,3899.0
Vielma_9_puntos_intento_9.mp4,1642,13683.333,True,144.000,171.000,0.000,178.000,91.000,0.188889,0.444444,-0.875666,64.149,78.806,137.871,3888.5
Vielma_9_puntos_intento_9.mp4,1643,13691.667,True,144.000,171.000,0.000,179.000,91.000,0.194444,0.444444,-0.874449,64.333,78.970,138.516,3878.0
Vielma_9_puntos_intento_9.mp4,1644,13700.000,True,144.000,171.000,0.000,178.000,91.000,0.188889,0.444444,-0.875666,63.966,79.121,139.104,3875.0
Vielma_9_puntos_intento_9.mp4,1645,13708.333,True,144.000,171.000,0.000,179.000,91.000,0.194444,0.444444,-0.874449,64.019,78.238,138.780,3840.0
Vielma_9_puntos_intento_9.mp4,1646,13716.667,True,144.000,171.000,0.000,178.000,91.000,0.188889,0.444444,-0.875666,63.074,76.930,137.408,3716.5
Vielma_9_puntos_intento_9.mp4,1647,13725.000,True,144.000,171.000,0.000,179.000,92.000,0.194444,0.438889,-0.877250,62.969,76.435,136.208,3705.5
Vielma_9_puntos_intento_9.mp4,1648,13733.333,True,144.000,171.000,0.000,179.000,91.000,0.194444,0.444444,-0.874449,62.833,77.652,139.144,3725.0
Vielma_9_puntos_intento_9.mp4,1649,13741.667,True,144.000,171.000,0.000,179.000,91.000,0.194444,0.444444,-0.874449,62.677,77.744,136.542,3713.5
Vielma_9_puntos_intento_9.mp4,1650,13750.000,True,144.000,171.000,0.000,179.000,91.000,0.194444,0.444444,-0.874449,62.562,77.933,138.159,3709.5
Vielma_9_puntos_intento_9.mp4,1651,13758.333,True,144.000,171.000,0.000,179.000,91.000,0.194444,0.444444,-0.874449,61.963,78.121,137.209,3685.5
Vielma_9_puntos_intento_9.mp4,1652,13766.667,True,144.000,171.000,0.000,179.000,91.000,0.194444,0.444444,-0.874449,63.240,77.510,137.315,3708.5
Vielma_9_puntos_intento_9.mp4,1653,13775.000,True,144.000,171.000,0.000,179.000,91.000,0.194444,0.444444,-0.874449,62.258,77.100,136.950,3701.5
Vielma_9_puntos_intento_9.mp4,1654,13783.333,True,144.000,171.000,0.000,179.000,91.000,0.194444,0.444444,-0.874449,62.143,77.398,137.247,3698.5
Vielma_9_puntos_intento_9.mp4,1655,13791.667,True,144.000,171.000,0.000,179.000,91.000,0.194444,0.444444,-0.874449,62.150,77.258,137.105,3694.0
Vielma_9_puntos_intento_9.mp4,1656,13800.000,True,144.000,171.000,0.000,179.000,91.000,0.194444,0.444444,-0.874449,61.900,77.401,137.968,3678.5
Vielma_9_puntos_intento_9.mp4,1657,13808.333,True,144.000,171.000,0.000,179.000,91.000,0.194444,0.444444,-0.874449,62.914,76.854,136.142,3701.0
Vielma_9_puntos_intento_9.mp4,1658,13816.667,True,144.000,171.000,0.000,179.000,91.000,0.194444,0.444444,-0.874449,62.955,77.062,136.994,3691.0
Vielma_9_puntos_intento_9.mp4,1659,13825.000,True,144.000,171.000,0.000,179.000,91.000,0.194444,0.444444,-0.874449,62.879,76.975,137.702,3702.5
Vielma_9_puntos_intento_9.mp4,1660,13833.333,True,144.000,171.000,0.000,179.000,91.000,0.194444,0.444444,-0.874449,62.438,76.629,137.169,3683.0
Vielma_9_puntos_intento_9.mp4,1661,13841.667,True,144.000,171.000,0.000,179.000,91.000,0.194444,0.444444,-0.874449,62.793,77.210,136.573,3690.5
Vielma_9_puntos_intento_9.mp4,1662,13850.000,True,144.000,171.000,0.000,179.000,91.000,0.194444,0.444444,-0.874449,62.409,77.884,136.581,3703.5
Vielma_9_puntos_intento_9.mp4,1663,13858.333,True,144.000,171.000,0.000,179.000,91.000,0.194444,0.444444,-0.874449,62.278,76.971,137.481,3707.0
Vielma_9_puntos_intento_9.mp4,1664,13866.667,True,144.000,171.000,0.000,179.000,91.000,0.194444,0.444444,-0.874449,62.077,77.721,137.523,3701.0
Vielma_9_puntos_intento_9.mp4,1665,13875.000,True,144.000,171.000,0.000,179.000,91.000,0.194444,0.444444,-0.874449,62.782,77.419,138.010,3704.0
Vielma_9_puntos_intento_9.mp4,1666,13883.333,True,144.000,171.000,0.000,179.000,91.000,0.194444,0.444444,-0.874449,63.128,77.404,137.240,3725.0
Vielma_9_puntos_intento_9.mp4,1667,13891.667,True,144.000,171.000,0.000,178.000,91.000,0.188889,0.444444,-0.875666,62.250,78.203,137.828,3719.5
Vielma_9_puntos_intento_9.mp4,1668,13900.000,True,144.000,171.000,0.000,178.000,91.000,0.188889,0.444444,-0.875666,62.244,77.831,137.396,3712.5
Vielma_9_puntos_intento_9.mp4,1669,13908.333,True,144.000,171.000,0.000,179.000,91.000,0.194444,0.444444,-0.874449,62.562,77.226,136.360,3710.0
Vielma_9_puntos_intento_9.mp4,1670,13916.667,True,144.000,171.000,0.000,178.000,91.000,0.188889,0.444444,-0.875666,63.318,77.748,137.213,3753.5
Vielma_9_puntos_intento_9.mp4,1671,13925.000,True,144.000,171.000,0.000,178.000,91.000,0.188889,0.444444,-0.875666,63.386,77.317,137.990,3737.0
Vielma_9_puntos_intento_9.mp4,1672,13933.333,True,144.000,171.000,0.000,178.000,91.000,0.188889,0.444444,-0.875666,63.260,77.301,136.342,3743.5
Vielma_9_puntos_intento_9.mp4,1673,13941.667,True,144.000,171.000,0.000,178.000,91.000,0.188889,0.444444,-0.875666,63.616,77.996,137.835,3736.0
Vielma_9_puntos_intento_9.mp4,1674,13950.000,True,144.000,171.000,0.000,178.000,91.000,0.188889,0.444444,-0.875666,63.036,78.126,138.718,3776.0
Vielma_9_puntos_intento_9.mp4,1675,13958.333,True,144.000,171.000,0.000,178.000,91.000,0.188889,0.444444,-0.875666,62.878,77.401,137.303,3742.0
Vielma_9_puntos_intento_9.mp4,1676,13966.667,True,144.000,171.000,0.000,179.000,91.000,0.194444,0.444444,-0.874449,62.667,78.194,136.180,3755.5
Vielma_9_puntos_intento_9.mp4,1677,13975.000,True,144.000,171.000,0.000,178.000,91.000,0.188889,0.444444,-0.875666,63.300,77.489,136.151,3757.5
Vielma_9_puntos_intento_9.mp4,1678,13983.333,True,144.000,171.000,0.000,178.000,91.000,0.188889,0.444444,-0.875666,63.675,77.708,136.672,3758.5
Vielma_9_puntos_intento_9.mp4,1679,13991.667,True,144.000,171.000,0.000,179.000,91.000,0.194444,0.444444,-0.874449,63.343,77.692,137.788,3746.5
Vielma_9_puntos_intento_9.mp4,1680,14000.000,True,144.000,171.000,0.000,179.000,91.000,0.194444,0.444444,-0.874449,63.170,77.933,139.600,3772.0
Vielma_9_puntos_intento_9.mp4,1681,14008.333,True,144.000,171.000,0.000,179.000,91.000,0.194444,0.444444,-0.874449,63.484,77.528,135.147,3769.5
Vielma_9_puntos_intento_9.mp4,1682,14016.667,True,144.000,171.000,0.000,178.000,91.000,0.188889,0.444444,-0.875666,63.061,78.505,136.271,3792.5
Vielma_9_puntos_intento_9.mp4,1683,14025.000,True,144.000,171.000,0.000,179.000,91.000,0.194444,0.444444,-0.874449,62.992,77.582,136.596,3759.5
Vielma_9_puntos_intento_9.mp4,1684,14033.333,True,144.000,171.000,0.000,178.000,91.000,0.188889,0.444444,-0.875666,63.440,78.009,136.013,3793.5
Vielma_9_puntos_intento_9.mp4,1685,14041.667,True,144.000,171.000,0.000,178.000,91.000,0.188889,0.444444,-0.875666,63.396,78.518,136.735,3791.5
Vielma_9_puntos_intento_9.mp4,1686,14050.000,True,144.000,171.000,0.000,179.000,91.000,0.194444,0.444444,-0.874449,63.331,78.446,136.723,3805.5
Vielma_9_puntos_intento_9.mp4,1687,14058.333,True,144.000,171.000,0.000,178.000,91.000,0.188889,0.444444,-0.875666,63.521,78.456,137.022,3797.5
Vielma_9_puntos_intento_9.mp4,1688,14066.667,True,144.000,171.000,0.000,178.000,91.000,0.188889,0.444444,-0.875666,63.212,78.786,136.617,3801.0
Vielma_9_puntos_intento_9.mp4,1689,14075.000,True,144.000,171.000,0.000,178.000,91.000,0.188889,0.444444,-0.875666,63.180,78.761,137.241,3804.5
Vielma_9_puntos_intento_9.mp4,1690,14083.333,True,144.000,171.000,0.000,179.000,91.000,0.194444,0.444444,-0.874449,63.446,78.258,134.951,3808.0
Vielma_9_puntos_intento_9.mp4,1691,14091.667,True,144.000,171.000,0.000,178.000,91.000,0.188889,0.444444,-0.875666,63.516,77.900,137.906,3794.5
Vielma_9_puntos_intento_9.mp4,1692,14100.000,True,144.000,171.000,0.000,178.000,91.000,0.188889,0.444444,-0.875666,63.573,78.968,136.809,3818.5
Vielma_9_puntos_intento_9.mp4,1693,14108.333,True,144.000,171.000,0.000,178.000,90.000,0.188889,0.450000,-0.872824,63.308,79.260,137.871,3822.0
Vielma_9_puntos_intento_9.mp4,1694,14116.667,True,144.000,171.000,0.000,179.000,91.000,0.194444,0.444444,-0.874449,63.666,77.889,137.186,3809.0
Vielma_9_puntos_intento_9.mp4,1695,14125.000,True,144.000,171.000,0.000,178.000,91.000,0.188889,0.444444,-0.875666,63.649,78.509,137.214,3815.0
Vielma_9_puntos_intento_9.mp4,1696,14133.333,True,144.000,171.000,0.000,178.000,91.000,0.188889,0.444444,-0.875666,63.617,78.004,135.741,3807.0
Vielma_9_puntos_intento_9.mp4,1697,14141.667,True,144.000,171.000,0.000,178.000,91.000,0.188889,0.444444,-0.875666,63.305,78.132,135.189,3802.0
Vielma_9_puntos_intento_9.mp4,1698,14150.000,True,144.000,171.000,0.000,178.000,91.000,0.188889,0.444444,-0.875666,63.368,79.098,136.114,3819.0
Vielma_9_puntos_intento_9.mp4,1699,14158.333,True,144.000,171.000,0.000,178.000,91.000,0.188889,0.444444,-0.875666,63.535,78.798,134.168,3826.0
Vielma_9_puntos_intento_9.mp4,1700,14166.667,True,144.000,171.000,0.000,178.000,91.000,0.188889,0.444444,-0.875666,63.342,78.450,136.375,3812.0
Vielma_9_puntos_intento_9.mp4,1701,14175.000,True,144.000,171.000,0.000,178.000,90.000,0.188889,0.450000,-0.872824,63.394,79.110,136.642,3829.5
Vielma_9_puntos_intento_9.mp4,1702,14183.333,True,144.000,171.000,0.000,178.000,90.000,0.188889,0.450000,-0.872824,63.460,79.192,137.728,3826.0
Vielma_9_puntos_intento_9.mp4,1703,14191.667,True,144.000,171.000,0.000,178.000,90.000,0.188889,0.450000,-0.872824,63.438,79.060,136.936,3834.5
Vielma_9_puntos_intento_9.mp4,1704,14200.000,True,144.000,171.000,0.000,178.000,90.000,0.188889,0.450000,-0.872824,63.250,78.875,136.057,3828.5
Vielma_9_puntos_intento_9.mp4,1705,14208.333,True,144.000,171.000,0.000,177.000,90.000,0.183333,0.450000,-0.874007,63.581,78.559,136.136,3804.5
Vielma_9_puntos_intento_9.mp4,1706,14216.667,True,144.000,171.000,0.000,178.000,90.000,0.188889,0.450000,-0.872824,63.055,78.478,133.821,3799.5
Vielma_9_puntos_intento_9.mp4,1707,14225.000,True,144.000,171.000,0.000,178.000,90.000,0.188889,0.450000,-0.872824,63.194,78.489,136.137,3803.0
Vielma_9_puntos_intento_9.mp4,1708,14233.333,True,144.000,171.000,0.000,178.000,90.000,0.188889,0.450000,-0.872824,63.823,78.539,137.160,3817.5
Vielma_9_puntos_intento_9.mp4,1709,14241.667,True,144.000,171.000,0.000,178.000,90.000,0.188889,0.450000,-0.872824,62.981,79.323,136.244,3795.5
Vielma_9_puntos_intento_9.mp4,1710,14250.000,True,144.000,171.000,0.000,178.000,90.000,0.188889,0.450000,-0.872824,63.523,78.160,134.922,3819.5
Vielma_9_puntos_intento_9.mp4,1711,14258.333,True,144.000,171.000,0.000,178.000,90.000,0.188889,0.450000,-0.872824,63.618,78.053,135.366,3812.5
Vielma_9_puntos_intento_9.mp4,1712,14266.667,True,144.000,171.000,0.000,178.000,90.000,0.188889,0.450000,-0.872824,63.568,78.066,135.961,3810.0
Vielma_9_puntos_intento_9.mp4,1713,14275.000,True,144.000,171.000,0.000,178.000,90.000,0.188889,0.450000,-0.872824,63.389,77.528,134.546,3771.0
Vielma_9_puntos_intento_9.mp4,1714,14283.333,True,144.000,171.000,0.000,178.000,90.000,0.188889,0.450000,-0.872824,63.682,77.893,134.635,3797.0
Vielma_9_puntos_intento_9.mp4,1715,14291.667,True,144.000,171.000,0.000,178.000,90.000,0.188889,0.450000,-0.872824,63.597,77.690,134.127,3778.0
Vielma_9_puntos_intento_9.mp4,1716,14300.000,True,144.000,171.000,0.000,177.000,90.000,0.183333,0.450000,-0.874007,63.277,78.309,135.350,3797.0
Vielma_9_puntos_intento_9.mp4,1717,14308.333,True,144.000,171.000,0.000,178.000,90.000,0.188889,0.450000,-0.872824,63.045,77.500,133.475,3800.0
Vielma_9_puntos_intento_9.mp4,1718,14316.667,True,144.000,171.000,0.000,177.000,90.000,0.183333,0.450000,-0.874007,63.617,78.469,134.968,3823.0
Vielma_9_puntos_intento_9.mp4,1719,14325.000,True,144.000,171.000,0.000,177.000,90.000,0.183333,0.450000,-0.874007,62.974,77.955,133.212,3769.0
Vielma_9_puntos_intento_9.mp4,1720,14333.333,True,144.000,171.000,0.000,177.000,90.000,0.183333,0.450000,-0.874007,63.092,78.442,135.098,3789.0
Vielma_9_puntos_intento_9.mp4,1721,14341.667,True,144.000,171.000,0.000,177.000,90.000,0.183333,0.450000,-0.874007,63.174,78.242,134.409,3762.0
Vielma_9_puntos_intento_9.mp4,1722,14350.000,True,144.000,171.000,0.000,177.000,90.000,0.183333,0.450000,-0.874007,63.245,78.153,135.163,3780.0
Vielma_9_puntos_intento_9.mp4,1723,14358.333,True,144.000,171.000,0.000,177.000,90.000,0.183333,0.450000,-0.874007,63.172,78.141,135.759,3744.5
Vielma_9_puntos_intento_9.mp4,1724,14366.667,True,144.000,171.000,0.000,177.000,90.000,0.183333,0.450000,-0.874007,63.423,77.971,134.339,3761.0
Vielma_9_puntos_intento_9.mp4,1725,14375.000,True,144.000,171.000,0.000,177.000,90.000,0.183333,0.450000,-0.874007,62.899,78.059,135.029,3776.0
Vielma_9_puntos_intento_9.mp4,1726,14383.333,True,144.000,171.000,0.000,177.000,90.000,0.183333,0.450000,-0.874007,63.508,77.674,135.988,3783.5
Vielma_9_puntos_intento_9.mp4,1727,14391.667,True,144.000,171.000,0.000,177.000,90.000,0.183333,0.450000,-0.874007,63.371,77.444,135.041,3764.0
Vielma_9_puntos_intento_9.mp4,1728,14400.000,True,144.000,171.000,0.000,177.000,90.000,0.183333,0.450000,-0.874007,63.500,77.469,135.158,3774.0
Vielma_9_puntos_intento_9.mp4,1729,14408.333,True,144.000,171.000,0.000,177.000,90.000,0.183333,0.450000,-0.874007,63.362,77.956,134.782,3784.0
Vielma_9_puntos_intento_9.mp4,1730,14416.667,True,144.000,171.000,0.000,177.000,90.000,0.183333,0.450000,-0.874007,63.590,77.808,134.102,3778.5
Vielma_9_puntos_intento_9.mp4,1731,14425.000,True,144.000,171.000,0.000,177.000,90.000,0.183333,0.450000,-0.874007,63.446,77.897,135.974,3772.0
Vielma_9_puntos_intento_9.mp4,1732,14433.333,True,144.000,171.000,0.000,177.000,90.000,0.183333,0.450000,-0.874007,63.263,77.812,135.257,3780.5
Vielma_9_puntos_intento_9.mp4,1733,14441.667,True,144.000,171.000,0.000,177.000,90.000,0.183333,0.450000,-0.874007,63.507,77.425,133.314,3764.0
Vielma_9_puntos_intento_9.mp4,1734,14450.000,True,144.000,171.000,0.000,177.000,90.000,0.183333,0.450000,-0.874007,63.530,77.522,133.771,3790.0
Vielma_9_puntos_intento_9.mp4,1735,14458.333,True,144.000,171.000,0.000,177.000,90.000,0.183333,0.450000,-0.874007,63.623,77.918,133.173,3786.0
Vielma_9_puntos_intento_9.mp4,1736,14466.667,True,144.000,171.000,0.000,177.000,90.000,0.183333,0.450000,-0.874007,63.651,78.228,135.331,3786.5
Vielma_9_puntos_intento_9.mp4,1737,14475.000,True,144.000,171.000,0.000,177.000,90.000,0.183333,0.450000,-0.874007,63.106,78.390,134.442,3790.0
Vielma_9_puntos_intento_9.mp4,1738,14483.333,True,144.000,171.000,0.000,177.000,89.000,0.183333,0.455556,-0.871125,63.522,78.730,134.450,3808.5
Vielma_9_puntos_intento_9.mp4,1739,14491.667,True,144.000,171.000,0.000,177.000,90.000,0.183333,0.450000,-0.874007,64.037,77.811,133.509,3803.0
Vielma_9_puntos_intento_9.mp4,1740,14500.000,True,144.000,171.000,0.000,177.000,90.000,0.183333,0.450000,-0.874007,63.811,78.561,135.507,3820.0
Vielma_9_puntos_intento_9.mp4,1741,14508.333,True,144.000,171.000,0.000,177.000,90.000,0.183333,0.450000,-0.874007,64.001,77.669,133.475,3789.0
Vielma_9_puntos_intento_9.mp4,1742,14516.667,True,144.000,171.000,0.000,177.000,90.000,0.183333,0.450000,-0.874007,63.913,78.538,134.763,3838.5
Vielma_9_puntos_intento_9.mp4,1743,14525.000,True,144.000,171.000,0.000,176.000,90.000,0.177778,0.450000,-0.875154,64.249,78.180,135.480,3813.5
Vielma_9_puntos_intento_9.mp4,1744,14533.333,True,144.000,171.000,0.000,177.000,90.000,0.183333,0.450000,-0.874007,64.386,77.981,133.407,3823.5
Vielma_9_puntos_intento_9.mp4,1745,14541.667,True,144.000,171.000,0.000,176.000,89.000,0.177778,0.455556,-0.872275,63.886,78.603,134.601,3823.0
Vielma_9_puntos_intento_9.mp4,1746,14550.000,True,144.000,171.000,0.000,176.000,89.000,0.177778,0.455556,-0.872275,63.940,78.770,134.188,3837.5
Vielma_9_puntos_intento_9.mp4,1747,14558.333,True,144.000,171.000,0.000,176.000,89.000,0.177778,0.455556,-0.872275,64.235,78.314,135.235,3824.5
Vielma_9_puntos_intento_9.mp4,1748,14566.667,True,144.000,171.000,0.000,176.000,89.000,0.177778,0.455556,-0.872275,63.921,78.693,135.583,3852.5
Vielma_9_puntos_intento_9.mp4,1749,14575.000,True,144.000,171.000,0.000,177.000,89.000,0.183333,0.455556,-0.871125,64.136,78.788,133.563,3850.0
Vielma_9_puntos_intento_9.mp4,1750,14583.333,True,144.000,171.000,0.000,176.000,89.000,0.177778,0.455556,-0.872275,63.796,78.582,134.454,3849.0
Vielma_9_puntos_intento_9.mp4,1751,14591.667,True,144.000,171.000,0.000,176.000,89.000,0.177778,0.455556,-0.872275,63.772,79.077,134.772,3852.0
Vielma_9_puntos_intento_9.mp4,1752,14600.000,True,144.000,171.000,0.000,176.000,89.000,0.177778,0.455556,-0.872275,63.877,78.665,134.931,3853.5
Vielma_9_puntos_intento_9.mp4,1753,14608.333,True,144.000,171.000,0.000,177.000,90.000,0.183333,0.450000,-0.874007,64.112,77.885,132.453,3845.5
Vielma_9_puntos_intento_9.mp4,1754,14616.667,True,144.000,171.000,0.000,177.000,90.000,0.183333,0.450000,-0.874007,64.398,78.034,134.334,3860.0
Vielma_9_puntos_intento_9.mp4,1755,14625.000,True,143.000,171.000,0.000,177.000,90.000,0.188889,0.450000,-0.872824,64.410,77.822,133.301,3869.0
Vielma_9_puntos_intento_9.mp4,1756,14633.333,True,143.000,171.000,0.000,176.000,90.000,0.183333,0.450000,-0.874007,64.678,78.383,133.456,3897.5
Vielma_9_puntos_intento_9.mp4,1757,14641.667,True,143.000,171.000,0.000,176.000,90.000,0.183333,0.450000,-0.874007,64.534,78.652,134.338,3886.0
Vielma_9_puntos_intento_9.mp4,1758,14650.000,True,143.000,171.000,0.000,176.000,90.000,0.183333,0.450000,-0.874007,64.510,78.880,135.855,3891.0
Vielma_9_puntos_intento_9.mp4,1759,14658.333,True,143.000,171.000,0.000,176.000,90.000,0.183333,0.450000,-0.874007,64.275,78.373,136.789,3870.5
Vielma_9_puntos_intento_9.mp4,1760,14666.667,True,143.000,171.000,0.000,176.000,90.000,0.183333,0.450000,-0.874007,64.474,78.551,133.117,3913.5
Vielma_9_puntos_intento_9.mp4,1761,14675.000,True,143.000,171.000,0.000,176.000,90.000,0.183333,0.450000,-0.874007,64.622,78.367,133.831,3881.0
Vielma_9_puntos_intento_9.mp4,1762,14683.333,True,143.000,171.000,0.000,176.000,90.000,0.183333,0.450000,-0.874007,64.429,78.700,132.304,3904.5
Vielma_9_puntos_intento_9.mp4,1763,14691.667,True,143.000,171.000,0.000,176.000,90.000,0.183333,0.450000,-0.874007,64.911,78.972,134.861,3925.5
Vielma_9_puntos_intento_9.mp4,1764,14700.000,True,143.000,171.000,0.000,176.000,90.000,0.183333,0.450000,-0.874007,65.577,78.719,134.432,3937.5
Vielma_9_puntos_intento_9.mp4,1765,14708.333,True,143.000,171.000,0.000,176.000,90.000,0.183333,0.450000,-0.874007,65.300,78.743,132.569,3938.0
Vielma_9_puntos_intento_9.mp4,1766,14716.667,True,143.000,171.000,0.000,173.000,90.000,0.166667,0.450000,-0.877338,66.722,77.992,134.190,3950.0
Vielma_9_puntos_intento_9.mp4,1767,14725.000,True,143.000,171.000,0.000,165.000,91.000,0.122222,0.444444,-0.887429,68.301,78.339,125.605,4082.0
Vielma_9_puntos_intento_9.mp4,1768,14733.333,True,143.000,171.000,0.000,158.000,91.000,0.083333,0.444444,-0.891922,68.355,79.141,119.147,4135.0
Vielma_9_puntos_intento_9.mp4,1769,14741.667,True,143.000,171.000,0.000,157.000,91.000,0.077778,0.444444,-0.892424,68.661,79.645,120.325,4190.0
Vielma_9_puntos_intento_9.mp4,1770,14750.000,True,143.000,171.000,0.000,159.000,91.000,0.088889,0.444444,-0.891385,67.825,81.038,116.611,4200.5
Vielma_9_puntos_intento_9.mp4,1771,14758.333,True,143.000,171.000,0.000,158.000,91.000,0.083333,0.444444,-0.891922,68.664,79.780,122.749,4167.5
Vielma_9_puntos_intento_9.mp4,1772,14766.667,True,143.000,171.000,0.000,158.000,91.000,0.083333,0.444444,-0.891922,68.350,80.422,121.105,4170.0
Vielma_9_puntos_intento_9.mp4,1773,14775.000,True,143.000,171.000,0.000,158.000,91.000,0.083333,0.444444,-0.891922,68.006,80.311,121.415,4136.5
Vielma_9_puntos_intento_9.mp4,1774,14783.333,True,143.000,171.000,0.000,158.000,91.000,0.083333,0.444444,-0.891922,68.800,79.694,119.981,4151.5
Vielma_9_puntos_intento_9.mp4,1775,14791.667,True,143.000,171.000,0.000,157.000,91.000,0.077778,0.444444,-0.892424,68.585,79.798,123.256,4148.5
Vielma_9_puntos_intento_9.mp4,1776,14800.000,True,143.000,171.000,0.000,158.000,91.000,0.083333,0.444444,-0.891922,68.870,79.628,121.446,4156.0
Vielma_9_puntos_intento_9.mp4,1777,14808.333,True,143.000,171.000,0.000,157.000,91.000,0.077778,0.444444,-0.892424,68.121,79.942,118.635,4166.0
Vielma_9_puntos_intento_9.mp4,1778,14816.667,True,143.000,171.000,0.000,157.000,91.000,0.077778,0.444444,-0.892424,69.402,80.299,121.373,4207.5
Vielma_9_puntos_intento_9.mp4,1779,14825.000,True,143.000,171.000,0.000,158.000,91.000,0.083333,0.444444,-0.891922,68.388,80.098,119.650,4179.5
Vielma_9_puntos_intento_9.mp4,1780,14833.333,True,143.000,171.000,0.000,157.000,91.000,0.077778,0.444444,-0.892424,69.140,80.004,119.618,4183.0
Vielma_9_puntos_intento_9.mp4,1781,14841.667,True,143.000,171.000,0.000,158.000,91.000,0.083333,0.444444,-0.891922,68.504,80.581,121.678,4193.0
Vielma_9_puntos_intento_9.mp4,1782,14850.000,True,143.000,171.000,0.000,157.000,90.000,0.077778,0.450000,-0.889635,68.303,80.504,124.017,4199.5
Vielma_9_puntos_intento_9.mp4,1783,14858.333,True,143.000,171.000,0.000,158.000,91.000,0.083333,0.444444,-0.891922,68.257,79.521,123.285,4160.0
Vielma_9_puntos_intento_9.mp4,1784,14866.667,True,143.000,171.000,0.000,157.000,91.000,0.077778,0.444444,-0.892424,68.512,80.368,121.634,4190.5
Vielma_9_puntos_intento_9.mp4,1785,14875.000,True,143.000,171.000,0.000,158.000,91.000,0.083333,0.444444,-0.891922,68.776,80.228,118.912,4202.5
Vielma_9_puntos_intento_9.mp4,1786,14883.333,True,143.000,171.000,0.000,157.000,90.000,0.077778,0.450000,-0.889635,67.976,80.306,122.870,4186.5
Vielma_9_puntos_intento_9.mp4,1787,14891.667,True,143.000,171.000,0.000,157.000,90.000,0.077778,0.450000,-0.889635,68.034,80.702,123.912,4194.0
Vielma_9_puntos_intento_9.mp4,1788,14900.000,True,143.000,171.000,0.000,157.000,89.000,0.077778,0.455556,-0.886803,67.860,80.719,123.019,4203.5
Vielma_9_puntos_intento_9.mp4,1789,14908.333,True,143.000,171.000,0.000,157.000,89.000,0.077778,0.455556,-0.886803,67.991,80.538,119.551,4178.0
Vielma_9_puntos_intento_9.mp4,1790,14916.667,True,143.000,171.000,0.000,157.000,89.000,0.077778,0.455556,-0.886803,68.621,80.585,121.609,4227.5
Vielma_9_puntos_intento_9.mp4,1791,14925.000,True,143.000,171.000,0.000,157.000,89.000,0.077778,0.455556,-0.886803,68.477,81.083,123.624,4207.5
Vielma_9_puntos_intento_9.mp4,1792,14933.333,True,143.000,171.000,0.000,157.000,88.000,0.077778,0.461111,-0.883927,68.754,81.639,122.936,4214.5
Vielma_9_puntos_intento_9.mp4,1793,14941.667,True,143.000,171.000,0.000,157.000,89.000,0.077778,0.455556,-0.886803,68.355,80.985,124.494,4195.5
Vielma_9_puntos_intento_9.mp4,1794,14950.000,True,143.000,171.000,0.000,157.000,89.000,0.077778,0.455556,-0.886803,68.851,80.933,124.967,4224.0
Vielma_9_puntos_intento_9.mp4,1795,14958.333,True,143.000,171.000,0.000,158.000,89.000,0.083333,0.455556,-0.886298,68.599,80.993,122.529,4194.5
Vielma_9_puntos_intento_9.mp4,1796,14966.667,True,143.000,171.000,0.000,158.000,89.000,0.083333,0.455556,-0.886298,68.882,80.329,123.192,4194.0
Vielma_9_puntos_intento_9.mp4,1797,14975.000,True,143.000,171.000,0.000,158.000,88.000,0.083333,0.461111,-0.883421,68.341,80.661,122.474,4173.0
Vielma_9_puntos_intento_9.mp4,1798,14983.333,True,143.000,171.000,0.000,158.000,88.000,0.083333,0.461111,-0.883421,68.189,81.113,121.923,4163.5
Vielma_9_puntos_intento_9.mp4,1799,14991.667,True,143.000,171.000,0.000,158.000,89.000,0.083333,0.455556,-0.886298,68.178,80.544,121.667,4155.0
Vielma_9_puntos_intento_9.mp4,1800,15000.000,True,143.000,171.000,0.000,158.000,89.000,0.083333,0.455556,-0.886298,68.270,80.583,121.623,4188.0
Vielma_9_puntos_intento_9.mp4,1801,15008.333,True,143.000,171.000,0.000,158.000,89.000,0.083333,0.455556,-0.886298,68.524,80.566,121.113,4186.0
Vielma_9_puntos_intento_9.mp4,1802,15016.667,True,143.000,171.000,0.000,158.000,89.000,0.083333,0.455556,-0.886298,68.568,80.999,125.290,4195.5
Vielma_9_puntos_intento_9.mp4,1803,15025.000,True,143.000,171.000,0.000,158.000,89.000,0.083333,0.455556,-0.886298,69.464,80.270,126.826,4176.5
Vielma_9_puntos_intento_9.mp4,1804,15033.333,True,143.000,171.000,0.000,158.000,90.000,0.083333,0.450000,-0.889132,69.391,80.818,126.256,4172.0
Vielma_9_puntos_intento_9.mp4,1805,15041.667,True,143.000,171.000,0.000,159.000,90.000,0.088889,0.450000,-0.888594,69.280,79.954,121.706,4195.0
Vielma_9_puntos_intento_9.mp4,1806,15050.000,True,143.000,171.000,0.000,159.000,91.000,0.088889,0.444444,-0.891385,68.916,81.128,126.588,4193.0
Vielma_9_puntos_intento_9.mp4,1807,15058.333,True,143.000,171.000,0.000,159.000,91.000,0.088889,0.444444,-0.891385,68.656,80.768,125.209,4196.0
Vielma_9_puntos_intento_9.mp4,1808,15066.667,True,143.000,171.000,0.000,159.000,91.000,0.088889,0.444444,-0.891385,69.144,80.898,123.621,4226.5
Vielma_9_puntos_intento_9.mp4,1809,15075.000,True,143.000,171.000,0.000,159.000,91.000,0.088889,0.444444,-0.891385,69.678,80.672,127.331,4227.5
Vielma_9_puntos_intento_9.mp4,1810,15083.333,True,143.000,171.000,0.000,159.000,91.000,0.088889,0.444444,-0.891385,69.047,80.595,122.133,4238.5
Vielma_9_puntos_intento_9.mp4,1811,15091.667,True,143.000,171.000,0.000,159.000,91.000,0.088889,0.444444,-0.891385,69.542,80.672,125.547,4237.0
Vielma_9_puntos_intento_9.mp4,1812,15100.000,True,143.000,171.000,0.000,159.000,91.000,0.088889,0.444444,-0.891385,69.856,80.178,122.859,4255.0
Vielma_9_puntos_intento_9.mp4,1813,15108.333,True,143.000,171.000,0.000,158.000,91.000,0.083333,0.444444,-0.891922,70.032,81.445,127.534,4261.5
Vielma_9_puntos_intento_9.mp4,1814,15116.667,True,143.000,171.000,0.000,158.000,90.000,0.083333,0.450000,-0.889132,69.630,81.840,129.094,4267.5
Vielma_9_puntos_intento_9.mp4,1815,15125.000,True,143.000,171.000,0.000,158.000,91.000,0.083333,0.444444,-0.891922,69.675,81.809,128.080,4281.5
Vielma_9_puntos_intento_9.mp4,1816,15133.333,True,143.000,171.000,0.000,156.000,92.000,0.072222,0.438889,-0.895634,70.621,80.749,126.483,4307.0
Vielma_9_puntos_intento_9.mp4,1817,15141.667,True,143.000,171.000,0.000,147.000,92.000,0.022222,0.438889,-0.898267,71.303,80.762,122.323,4302.5
Vielma_9_puntos_intento_9.mp4,1818,15150.000,True,143.000,171.000,0.000,137.000,93.000,-0.033333,0.433333,-0.900617,69.857,81.060,108.746,4248.5
Vielma_9_puntos_intento_9.mp4,1819,15158.333,True,143.000,171.000,0.000,130.000,94.000,-0.072222,0.427778,-0.900994,71.824,81.091,102.497,4331.0
Vielma_9_puntos_intento_9.mp4,1820,15166.667,True,143.000,171.000,0.000,125.000,94.000,-0.100000,0.427778,-0.898335,71.562,82.099,97.675,4318.5
Vielma_9_puntos_intento_9.mp4,1821,15175.000,True,143.000,171.000,0.000,127.000,93.000,-0.088889,0.433333,-0.896839,71.403,82.138,101.160,4309.5
Vielma_9_puntos_intento_9.mp4,1822,15183.333,True,143.000,171.000,0.000,127.000,93.000,-0.088889,0.433333,-0.896839,70.457,82.054,101.568,4301.0
Vielma_9_puntos_intento_9.mp4,1823,15191.667,True,143.000,171.000,0.000,126.000,93.000,-0.094444,0.433333,-0.896271,71.940,81.561,100.210,4307.0
Vielma_9_puntos_intento_9.mp4,1824,15200.000,True,143.000,171.000,0.000,126.000,93.000,-0.094444,0.433333,-0.896271,71.166,82.222,101.113,4350.5
Vielma_9_puntos_intento_9.mp4,1825,15208.333,True,143.000,171.000,0.000,126.000,93.000,-0.094444,0.433333,-0.896271,71.531,82.469,103.249,4336.5
Vielma_9_puntos_intento_9.mp4,1826,15216.667,True,143.000,171.000,0.000,126.000,93.000,-0.094444,0.433333,-0.896271,71.280,82.232,98.458,4304.0
Vielma_9_puntos_intento_9.mp4,1827,15225.000,True,143.000,171.000,0.000,126.000,93.000,-0.094444,0.433333,-0.896271,69.860,82.359,98.344,4290.0
Vielma_9_puntos_intento_9.mp4,1828,15233.333,True,143.000,171.000,0.000,126.000,93.000,-0.094444,0.433333,-0.896271,70.421,82.315,100.574,4315.0
Vielma_9_puntos_intento_9.mp4,1829,15241.667,True,143.000,171.000,0.000,126.000,94.000,-0.094444,0.427778,-0.898936,70.153,82.214,98.151,4310.5
Vielma_9_puntos_intento_9.mp4,1830,15250.000,True,143.000,171.000,0.000,126.000,93.000,-0.094444,0.433333,-0.896271,70.643,81.666,101.839,4307.0
Vielma_9_puntos_intento_9.mp4,1831,15258.333,True,143.000,171.000,0.000,126.000,93.000,-0.094444,0.433333,-0.896271,71.642,82.132,94.961,4279.5
Vielma_9_puntos_intento_9.mp4,1832,15266.667,True,143.000,171.000,0.000,126.000,94.000,-0.094444,0.427778,-0.898936,71.100,82.916,99.037,4310.0
Vielma_9_puntos_intento_9.mp4,1833,15275.000,True,143.000,171.000,0.000,126.000,93.000,-0.094444,0.433333,-0.896271,69.541,82.572,98.669,4224.0
Vielma_9_puntos_intento_9.mp4,1834,15283.333,True,143.000,171.000,0.000,126.000,93.000,-0.094444,0.433333,-0.896271,70.618,82.149,101.342,4297.5
Vielma_9_puntos_intento_9.mp4,1835,15291.667,True,143.000,171.000,0.000,126.000,93.000,-0.094444,0.433333,-0.896271,70.295,82.485,99.914,4299.0
Vielma_9_puntos_intento_9.mp4,1836,15300.000,True,143.000,171.000,0.000,126.000,93.000,-0.094444,0.433333,-0.896271,70.222,83.079,97.386,4287.5
Vielma_9_puntos_intento_9.mp4,1837,15308.333,True,143.000,171.000,0.000,126.000,93.000,-0.094444,0.433333,-0.896271,69.974,83.403,94.464,4267.5
Vielma_9_puntos_intento_9.mp4,1838,15316.667,True,143.000,171.000,0.000,126.000,93.000,-0.094444,0.433333,-0.896271,70.492,82.802,99.387,4292.5
Vielma_9_puntos_intento_9.mp4,1839,15325.000,True,143.000,171.000,0.000,126.000,93.000,-0.094444,0.433333,-0.896271,71.217,82.123,100.032,4320.0
Vielma_9_puntos_intento_9.mp4,1840,15333.333,True,143.000,171.000,0.000,126.000,93.000,-0.094444,0.433333,-0.896271,69.609,82.638,98.164,4269.5
Vielma_9_puntos_intento_9.mp4,1841,15341.667,True,143.000,171.000,0.000,126.000,93.000,-0.094444,0.433333,-0.896271,69.942,82.848,97.592,4290.0
Vielma_9_puntos_intento_9.mp4,1842,15350.000,True,143.000,171.000,0.000,126.000,93.000,-0.094444,0.433333,-0.896271,70.240,82.457,99.036,4302.5
Vielma_9_puntos_intento_9.mp4,1843,15358.333,True,143.000,171.000,0.000,126.000,93.000,-0.094444,0.433333,-0.896271,70.485,82.737,97.295,4283.5
Vielma_9_puntos_intento_9.mp4,1844,15366.667,True,143.000,171.000,0.000,126.000,93.000,-0.094444,0.433333,-0.896271,70.696,82.399,92.774,4285.5
Vielma_9_puntos_intento_9.mp4,1845,15375.000,True,143.000,171.000,0.000,126.000,93.000,-0.094444,0.433333,-0.896271,69.958,82.104,92.740,4246.0
Vielma_9_puntos_intento_9.mp4,1846,15383.333,True,143.000,171.000,0.000,127.000,93.000,-0.088889,0.433333,-0.896839,69.752,82.301,99.953,4269.0
Vielma_9_puntos_intento_9.mp4,1847,15391.667,True,143.000,171.000,0.000,126.000,93.000,-0.094444,0.433333,-0.896271,70.206,82.145,96.310,4271.0
Vielma_9_puntos_intento_9.mp4,1848,15400.000,True,143.000,171.000,0.000,126.000,94.000,-0.094444,0.427778,-0.898936,71.287,81.947,95.346,4293.0
Vielma_9_puntos_intento_9.mp4,1849,15408.333,True,143.000,171.000,0.000,127.000,93.000,-0.088889,0.433333,-0.896839,70.406,82.522,97.026,4289.0
Vielma_9_puntos_intento_9.mp4,1850,15416.667,True,143.000,171.000,0.000,127.000,94.000,-0.088889,0.427778,-0.899503,70.060,83.202,95.660,4320.0
Vielma_9_puntos_intento_9.mp4,1851,15425.000,True,143.000,171.000,0.000,127.000,94.000,-0.088889,0.427778,-0.899503,68.889,83.071,96.350,4285.0
Vielma_9_puntos_intento_9.mp4,1852,15433.333,True,143.000,171.000,0.000,127.000,93.000,-0.088889,0.433333,-0.896839,69.538,82.548,100.427,4273.0
Vielma_9_puntos_intento_9.mp4,1853,15441.667,True,143.000,171.000,0.000,126.000,93.000,-0.094444,0.433333,-0.896271,69.601,82.898,97.258,4279.5
Vielma_9_puntos_intento_9.mp4,1854,15450.000,True,143.000,171.000,0.000,126.000,93.000,-0.094444,0.433333,-0.896271,69.712,83.023,96.195,4264.5
Vielma_9_puntos_intento_9.mp4,1855,15458.333,True,143.000,171.000,0.000,126.000,92.000,-0.094444,0.438889,-0.893564,70.059,82.649,99.779,4292.0
Vielma_9_puntos_intento_9.mp4,1856,15466.667,True,143.000,171.000,0.000,125.000,92.000,-0.100000,0.438889,-0.892959,72.198,82.918,105.685,4460.0
Vielma_9_puntos_intento_9.mp4,1857,15475.000,False,143.000,171.000,0.000,124.000,91.000,-0.105556,0.444444,-0.889566,74.303,84.077,120.109,4733.0
Vielma_9_puntos_intento_9.mp4,1858,15483.333,False,143.000,171.000,0.000,130.000,100.000,-0.072222,0.394444,-0.916077,58.126,77.831,75.186,3239.5
Vielma_9_puntos_intento_9.mp4,1859,15491.667,False,143.000,171.000,0.000,141.000,112.000,-0.011111,0.327778,-0.944690,27.356,59.614,67.195,1053.5
Vielma_9_puntos_intento_9.mp4,1860,15500.000,False,143.000,171.000,,,,,,,,,,
Vielma_9_puntos_intento_9.mp4,1861,15508.333,False,143.000,171.000,,,,,,,,,,
Vielma_9_puntos_intento_9.mp4,1862,15516.667,False,143.000,171.000,,,,,,,,,,
Vielma_9_puntos_intento_9.mp4,1863,15525.000,False,143.000,171.000,,,,,,,,,,
Vielma_9_puntos_intento_9.mp4,1864,15533.333,False,143.000,171.000,,,,,,,,,,
Vielma_9_puntos_intento_9.mp4,1865,15541.667,False,143.000,171.000,,,,,,,,,,
Vielma_9_puntos_intento_9.mp4,1866,15550.000,False,143.000,171.000,,,,,,,,,,
Vielma_9_puntos_intento_9.mp4,1867,15558.333,False,143.000,171.000,0.000,168.000,116.000,0.138889,0.305556,-0.941990,20.235,47.599,63.255,620.0
Vielma_9_puntos_intento_9.mp4,1868,15566.667,False,143.000,171.000,0.000,168.000,111.000,0.138889,0.333333,-0.932523,32.152,63.753,73.228,1364.0
Vielma_9_puntos_intento_9.mp4,1869,15575.000,False,143.000,171.000,0.000,166.000,108.000,0.127778,0.350000,-0.927994,41.665,69.139,74.505,2045.0
Vielma_9_puntos_intento_9.mp4,1870,15583.333,True,143.000,171.000,0.000,165.000,103.000,0.122222,0.377778,-0.917794,51.272,75.142,78.143,2775.0
Vielma_9_puntos_intento_9.mp4,1871,15591.667,True,143.000,171.000,0.000,163.000,100.000,0.111111,0.394444,-0.912178,59.794,77.222,82.288,3371.0
Vielma_9_puntos_intento_9.mp4,1872,15600.000,True,143.000,171.000,0.000,162.000,98.000,0.105556,0.405556,-0.907955,65.463,79.054,85.377,3803.5
Vielma_9_puntos_intento_9.mp4,1873,15608.333,True,143.000,171.000,0.000,161.000,95.000,0.100000,0.422222,-0.900960,69.253,80.865,100.394,4135.0
Vielma_9_puntos_intento_9.mp4,1874,15616.667,True,143.000,171.000,0.000,161.000,94.000,0.100000,0.427778,-0.898335,72.127,80.756,113.401,4431.0
Vielma_9_puntos_intento_9.mp4,1875,15625.000,True,143.000,171.000,0.000,160.000,92.000,0.094444,0.438889,-0.893564,73.502,83.032,125.709,4654.5
Vielma_9_puntos_intento_9.mp4,1876,15633.333,True,143.000,171.000,0.000,160.000,92.000,0.094444,0.438889,-0.893564,73.597,84.856,134.465,4839.5
Vielma_9_puntos_intento_9.mp4,1877,15641.667,True,143.000,171.000,0.000,159.000,91.000,0.088889,0.444444,-0.891385,73.939,86.642,137.066,5015.0
Vielma_9_puntos_intento_9.mp4,1878,15650.000,True,143.000,171.000,0.000,159.000,90.000,0.088889,0.450000,-0.888594,74.094,88.568,138.130,5107.0
Vielma_9_puntos_intento_9.mp4,1879,15658.333,True,143.000,171.000,0.000,159.000,90.000,0.088889,0.450000,-0.888594,73.370,89.073,139.593,5102.5
Vielma_9_puntos_intento_9.mp4,1880,15666.667,True,143.000,171.000,0.000,159.000,90.000,0.088889,0.450000,-0.888594,73.706,89.055,139.991,5113.0
Vielma_9_puntos_intento_9.mp4,1881,15675.000,True,143.000,171.000,0.000,160.000,90.000,0.094444,0.450000,-0.888020,73.231,88.632,139.260,5064.5
Vielma_9_puntos_intento_9.mp4,1882,15683.333,True,143.000,171.000,0.000,160.000,90.000,0.094444,0.450000,-0.888020,73.092,88.131,138.592,5039.5
Vielma_9_puntos_intento_9.mp4,1883,15691.667,True,143.000,171.000,0.000,160.000,91.000,0.094444,0.444444,-0.890814,72.971,87.493,137.241,4987.0
Vielma_9_puntos_intento_9.mp4,1884,15700.000,True,143.000,171.000,0.000,160.000,91.000,0.094444,0.444444,-0.890814,73.296,87.064,137.363,4988.5
Vielma_9_puntos_intento_9.mp4,1885,15708.333,True,143.000,171.000,0.000,160.000,91.000,0.094444,0.444444,-0.890814,73.155,86.929,136.239,4940.0
Vielma_9_puntos_intento_9.mp4,1886,15716.667,True,143.000,171.000,0.000,160.000,91.000,0.094444,0.444444,-0.890814,73.350,86.308,137.186,4933.5
Vielma_9_puntos_intento_9.mp4,1887,15725.000,True,143.000,171.000,0.000,160.000,91.000,0.094444,0.444444,-0.890814,73.157,86.360,135.405,4924.5
Vielma_9_puntos_intento_9.mp4,1888,15733.333,True,143.000,171.000,0.000,161.000,91.000,0.100000,0.444444,-0.890207,73.044,86.318,135.267,4913.5
Vielma_9_puntos_intento_9.mp4,1889,15741.667,True,143.000,171.000,0.000,160.000,91.000,0.094444,0.444444,-0.890814,73.081,86.051,136.006,4892.5
Vielma_9_puntos_intento_9.mp4,1890,15750.000,True,143.000,171.000,0.000,160.000,91.000,0.094444,0.444444,-0.890814,73.163,85.939,135.292,4893.0
Vielma_9_puntos_intento_9.mp4,1891,15758.333,True,143.000,171.000,0.000,161.000,91.000,0.100000,0.444444,-0.890207,73.234,85.901,134.435,4898.5
Vielma_9_puntos_intento_9.mp4,1892,15766.667,True,143.000,171.000,0.000,161.000,91.000,0.100000,0.444444,-0.890207,73.372,86.059,134.760,4913.5
Vielma_9_puntos_intento_9.mp4,1893,15775.000,True,143.000,171.000,0.000,160.000,91.000,0.094444,0.444444,-0.890814,72.965,85.790,134.153,4876.5
Vielma_9_puntos_intento_9.mp4,1894,15783.333,True,143.000,171.000,0.000,161.000,91.000,0.100000,0.444444,-0.890207,73.133,86.059,133.455,4905.0
Vielma_9_puntos_intento_9.mp4,1895,15791.667,True,143.000,171.000,0.000,160.000,91.000,0.094444,0.444444,-0.890814,72.571,84.845,133.475,4805.5
Vielma_9_puntos_intento_9.mp4,1896,15800.000,True,143.000,171.000,0.000,160.000,91.000,0.094444,0.444444,-0.890814,72.666,84.864,131.880,4806.0
Vielma_9_puntos_intento_9.mp4,1897,15808.333,True,143.000,171.000,0.000,161.000,91.000,0.100000,0.444444,-0.890207,72.815,84.882,134.299,4794.5
Vielma_9_puntos_intento_9.mp4,1898,15816.667,True,143.000,171.000,0.000,160.000,90.000,0.094444,0.450000,-0.888020,72.779,85.045,134.096,4816.0
Vielma_9_puntos_intento_9.mp4,1899,15825.000,True,143.000,171.000,0.000,160.000,90.000,0.094444,0.450000,-0.888020,72.913,85.073,133.953,4812.0
Vielma_9_puntos_intento_9.mp4,1900,15833.333,True,143.000,171.000,0.000,160.000,90.000,0.094444,0.450000,-0.888020,72.744,85.162,133.956,4825.0
Vielma_9_puntos_intento_9.mp4,1901,15841.667,True,143.000,171.000,0.000,160.000,91.000,0.094444,0.444444,-0.890814,73.106,85.183,133.217,4855.5
Vielma_9_puntos_intento_9.mp4,1902,15850.000,True,143.000,171.000,0.000,161.000,91.000,0.100000,0.444444,-0.890207,72.967,85.472,131.551,4847.0
Vielma_9_puntos_intento_9.mp4,1903,15858.333,True,143.000,171.000,0.000,160.000,91.000,0.094444,0.444444,-0.890814,73.307,85.168,132.921,4850.0
Vielma_9_puntos_intento_9.mp4,1904,15866.667,True,143.000,171.000,0.000,160.000,91.000,0.094444,0.444444,-0.890814,72.201,84.637,133.501,4737.5
Vielma_9_puntos_intento_9.mp4,1905,15875.000,True,143.000,171.000,0.000,160.000,91.000,0.094444,0.444444,-0.890814,72.140,84.835,132.202,4763.0
Vielma_9_puntos_intento_9.mp4,1906,15883.333,True,143.000,171.000,0.000,160.000,91.000,0.094444,0.444444,-0.890814,72.697,84.705,132.789,4770.0
Vielma_9_puntos_intento_9.mp4,1907,15891.667,True,143.000,171.000,0.000,160.000,91.000,0.094444,0.444444,-0.890814,72.705,84.820,132.751,4788.5
Vielma_9_puntos_intento_9.mp4,1908,15900.000,True,143.000,171.000,0.000,160.000,91.000,0.094444,0.444444,-0.890814,72.799,85.109,131.845,4803.0
Vielma_9_puntos_intento_9.mp4,1909,15908.333,True,143.000,171.000,0.000,160.000,91.000,0.094444,0.444444,-0.890814,72.400,85.012,134.238,4772.5
Vielma_9_puntos_intento_9.mp4,1910,15916.667,True,143.000,171.000,0.000,160.000,91.000,0.094444,0.444444,-0.890814,72.168,84.071,132.505,4705.5
Vielma_9_puntos_intento_9.mp4,1911,15925.000,True,143.000,171.000,0.000,160.000,91.000,0.094444,0.444444,-0.890814,72.023,84.167,131.989,4701.5
Vielma_9_puntos_intento_9.mp4,1912,15933.333,True,143.000,171.000,0.000,160.000,91.000,0.094444,0.444444,-0.890814,71.979,83.905,132.291,4689.5
Vielma_9_puntos_intento_9.mp4,1913,15941.667,True,143.000,171.000,0.000,161.000,91.000,0.100000,0.444444,-0.890207,72.344,83.820,132.956,4704.0
Vielma_9_puntos_intento_9.mp4,1914,15950.000,True,143.000,171.000,0.000,161.000,91.000,0.100000,0.444444,-0.890207,72.228,84.501,131.001,4710.5
Vielma_9_puntos_intento_9.mp4,1915,15958.333,True,143.000,171.000,0.000,160.000,91.000,0.094444,0.444444,-0.890814,72.625,84.429,133.937,4724.5
Vielma_9_puntos_intento_9.mp4,1916,15966.667,True,143.000,171.000,0.000,160.000,91.000,0.094444,0.444444,-0.890814,71.546,83.439,131.525,4624.0
Vielma_9_puntos_intento_9.mp4,1917,15975.000,True,143.000,171.000,0.000,161.000,91.000,0.100000,0.444444,-0.890207,71.534,83.206,131.614,4607.5
Vielma_9_puntos_intento_9.mp4,1918,15983.333,True,143.000,171.000,0.000,160.000,91.000,0.094444,0.444444,-0.890814,71.903,83.586,132.562,4632.0
Vielma_9_puntos_intento_9.mp4,1919,15991.667,True,143.000,171.000,0.000,157.000,92.000,0.077778,0.438889,-0.895169,72.425,82.963,131.623,4644.5
Vielma_9_puntos_intento_9.mp4,1920,16000.000,True,143.000,171.000,0.000,146.000,93.000,0.016667,0.433333,-0.901080,73.996,82.537,124.291,4726.5
Vielma_9_puntos_intento_9.mp4,1921,16008.333,True,143.000,171.000,0.000,134.000,93.000,-0.050000,0.433333,-0.899846,74.727,84.153,114.645,4791.0
Vielma_9_puntos_intento_9.mp4,1922,16016.667,True,143.000,171.000,0.000,124.000,95.000,-0.105556,0.422222,-0.900326,76.616,84.545,105.624,4895.5
Vielma_9_puntos_intento_9.mp4,1923,16025.000,True,143.000,171.000,0.000,115.000,96.000,-0.155556,0.416667,-0.895651,75.326,86.003,100.688,4870.0
Vielma_9_puntos_intento_9.mp4,1924,16033.333,True,143.000,171.000,0.000,110.000,96.000,-0.183333,0.416667,-0.890381,75.211,85.902,101.702,4882.5
Vielma_9_puntos_intento_9.mp4,1925,16041.667,True,143.000,171.000,0.000,112.000,96.000,-0.172222,0.416667,-0.892596,73.286,84.925,101.691,4678.0
Vielma_9_puntos_intento_9.mp4,1926,16050.000,True,143.000,171.000,0.000,112.000,96.000,-0.172222,0.416667,-0.892596,73.244,84.052,98.588,4663.5
Vielma_9_puntos_intento_9.mp4,1927,16058.333,True,143.000,171.000,0.000,111.000,96.000,-0.177778,0.416667,-0.891507,71.855,84.995,99.803,4580.5
Vielma_9_puntos_intento_9.mp4,1928,16066.667,True,143.000,171.000,0.000,111.000,97.000,-0.177778,0.411111,-0.894082,72.973,84.756,97.954,4590.0
Vielma_9_puntos_intento_9.mp4,1929,16075.000,True,143.000,171.000,0.000,111.000,97.000,-0.177778,0.411111,-0.894082,70.968,84.751,96.188,4530.5
Vielma_9_puntos_intento_9.mp4,1930,16083.333,True,143.000,171.000,0.000,111.000,97.000,-0.177778,0.411111,-0.894082,71.193,84.805,95.097,4554.0
Vielma_9_puntos_intento_9.mp4,1931,16091.667,True,143.000,171.000,0.000,111.000,97.000,-0.177778,0.411111,-0.894082,71.309,84.423,96.251,4509.5
Vielma_9_puntos_intento_9.mp4,1932,16100.000,True,143.000,171.000,0.000,111.000,97.000,-0.177778,0.411111,-0.894082,71.132,84.542,96.281,4534.0
Vielma_9_puntos_intento_9.mp4,1933,16108.333,True,143.000,171.000,0.000,111.000,97.000,-0.177778,0.411111,-0.894082,69.877,85.317,94.567,4511.0
Vielma_9_puntos_intento_9.mp4,1934,16116.667,True,143.000,171.000,0.000,111.000,97.000,-0.177778,0.411111,-0.894082,70.387,84.706,97.562,4517.0
Vielma_9_puntos_intento_9.mp4,1935,16125.000,True,143.000,171.000,0.000,111.000,97.000,-0.177778,0.411111,-0.894082,71.358,84.426,94.764,4518.0
Vielma_9_puntos_intento_9.mp4,1936,16133.333,True,143.000,171.000,0.000,111.000,97.000,-0.177778,0.411111,-0.894082,70.799,84.642,98.585,4510.0
Vielma_9_puntos_intento_9.mp4,1937,16141.667,True,143.000,171.000,0.000,111.000,96.000,-0.177778,0.416667,-0.891507,69.234,84.492,97.581,4423.5
Vielma_9_puntos_intento_9.mp4,1938,16150.000,True,143.000,171.000,0.000,111.000,96.000,-0.177778,0.416667,-0.891507,69.803,84.845,96.677,4449.5
Vielma_9_puntos_intento_9.mp4,1939,16158.333,True,143.000,171.000,0.000,115.000,96.000,-0.155556,0.416667,-0.895651,71.123,83.708,101.030,4477.0
Vielma_9_puntos_intento_9.mp4,1940,16166.667,True,143.000,171.000,0.000,128.000,95.000,-0.083333,0.422222,-0.902654,70.590,83.527,109.814,4447.5
Vielma_9_puntos_intento_9.mp4,1941,16175.000,True,143.000,171.000,0.000,141.000,93.000,-0.011111,0.433333,-0.901165,69.964,81.680,121.277,4317.0
Vielma_9_puntos_intento_9.mp4,1942,16183.333,True,143.000,171.000,0.000,151.000,92.000,0.044444,0.438889,-0.897441,68.788,82.028,131.188,4257.5
Vielma_9_puntos_intento_9.mp4,1943,16191.667,True,143.000,171.000,0.000,154.000,92.000,0.061111,0.438889,-0.896461,68.932,81.650,130.947,4206.0
Vielma_9_puntos_intento_9.mp4,1944,16200.000,True,143.000,171.000,0.000,154.000,92.000,0.061111,0.438889,-0.896461,69.321,80.911,128.351,4232.5
Vielma_9_puntos_intento_9.mp4,1945,16208.333,True,143.000,171.000,0.000,155.000,92.000,0.066667,0.438889,-0.896065,69.360,81.101,127.699,4240.0
Vielma_9_puntos_intento_9.mp4,1946,16216.667,True,143.000,171.000,0.000,156.000,92.000,0.072222,0.438889,-0.895634,68.970,81.781,126.400,4263.5
Vielma_9_puntos_intento_9.mp4,1947,16225.000,True,143.000,171.000,0.000,156.000,92.000,0.072222,0.438889,-0.895634,69.014,80.674,122.981,4243.0
Vielma_9_puntos_intento_9.mp4,1948,16233.333,True,143.000,171.000,0.000,156.000,93.000,0.072222,0.433333,-0.898335,69.020,80.969,124.401,4224.5
Vielma_9_puntos_intento_9.mp4,1949,16241.667,True,143.000,171.000,0.000,156.000,92.000,0.072222,0.438889,-0.895634,68.431,79.957,122.887,4203.0
Vielma_9_puntos_intento_9.mp4,1950,16250.000,True,143.000,171.000,0.000,156.000,92.000,0.072222,0.438889,-0.895634,69.191,79.822,122.516,4218.0
Vielma_9_puntos_intento_9.mp4,1951,16258.333,True,143.000,171.000,0.000,156.000,92.000,0.072222,0.438889,-0.895634,68.951,80.688,124.985,4222.5
Vielma_9_puntos_intento_9.mp4,1952,16266.667,True,143.000,171.000,0.000,156.000,92.000,0.072222,0.438889,-0.895634,69.280,80.397,122.714,4241.0
Vielma_9_puntos_intento_9.mp4,1953,16275.000,True,143.000,171.000,0.000,156.000,92.000,0.072222,0.438889,-0.895634,69.206,80.552,122.846,4223.5
Vielma_9_puntos_intento_9.mp4,1954,16283.333,True,143.000,171.000,0.000,156.000,92.000,0.072222,0.438889,-0.895634,68.916,81.010,123.357,4221.5
Vielma_9_puntos_intento_9.mp4,1955,16291.667,True,143.000,171.000,0.000,156.000,92.000,0.072222,0.438889,-0.895634,68.856,80.826,122.520,4213.0
Vielma_9_puntos_intento_9.mp4,1956,16300.000,True,143.000,171.000,0.000,156.000,92.000,0.072222,0.438889,-0.895634,68.910,80.831,127.020,4206.0
Vielma_9_puntos_intento_9.mp4,1957,16308.333,True,143.000,171.000,0.000,156.000,92.000,0.072222,0.438889,-0.895634,68.687,80.517,121.137,4198.0
Vielma_9_puntos_intento_9.mp4,1958,16316.667,True,143.000,171.000,0.000,156.000,92.000,0.072222,0.438889,-0.895634,69.068,80.582,123.676,4217.0
Vielma_9_puntos_intento_9.mp4,1959,16325.000,True,143.000,171.000,0.000,156.000,92.000,0.072222,0.438889,-0.895634,69.035,79.766,122.263,4212.0
Vielma_9_puntos_intento_9.mp4,1960,16333.333,True,143.000,171.000,0.000,156.000,92.000,0.072222,0.438889,-0.895634,68.738,80.377,122.366,4221.0
Vielma_9_puntos_intento_9.mp4,1961,16341.667,True,143.000,171.000,0.000,156.000,92.000,0.072222,0.438889,-0.895634,68.621,79.980,121.017,4195.5
Vielma_9_puntos_intento_9.mp4,1962,16350.000,True,143.000,171.000,0.000,156.000,92.000,0.072222,0.438889,-0.895634,68.725,80.455,121.460,4203.0
Vielma_9_puntos_intento_9.mp4,1963,16358.333,True,143.000,171.000,0.000,156.000,92.000,0.072222,0.438889,-0.895634,68.684,80.007,122.665,4206.0
Vielma_9_puntos_intento_9.mp4,1964,16366.667,True,143.000,171.000,0.000,156.000,92.000,0.072222,0.438889,-0.895634,69.260,79.819,125.349,4190.5
Vielma_9_puntos_intento_9.mp4,1965,16375.000,True,143.000,171.000,0.000,156.000,91.000,0.072222,0.444444,-0.892890,68.959,80.021,128.588,4181.5
Vielma_9_puntos_intento_9.mp4,1966,16383.333,True,143.000,171.000,0.000,156.000,91.000,0.072222,0.444444,-0.892890,68.694,79.921,123.928,4211.5
Vielma_9_puntos_intento_9.mp4,1967,16391.667,True,143.000,171.000,0.000,156.000,92.000,0.072222,0.438889,-0.895634,68.826,79.753,123.577,4184.5
Vielma_9_puntos_intento_9.mp4,1968,16400.000,True,143.000,171.000,0.000,156.000,91.000,0.072222,0.444444,-0.892890,68.552,80.210,125.004,4192.0
Vielma_9_puntos_intento_9.mp4,1969,16408.333,True,143.000,171.000,0.000,156.000,92.000,0.072222,0.438889,-0.895634,68.540,79.925,123.583,4169.5
Vielma_9_puntos_intento_9.mp4,1970,16416.667,True,143.000,171.000,0.000,156.000,92.000,0.072222,0.438889,-0.895634,68.396,79.588,121.399,4178.0
Vielma_9_puntos_intento_9.mp4,1971,16425.000,True,143.000,171.000,0.000,156.000,91.000,0.072222,0.444444,-0.892890,68.563,80.182,123.481,4168.0
Vielma_9_puntos_intento_9.mp4,1972,16433.333,True,143.000,171.000,0.000,156.000,91.000,0.072222,0.444444,-0.892890,68.395,80.320,123.615,4154.5
Vielma_9_puntos_intento_9.mp4,1973,16441.667,True,143.000,171.000,0.000,156.000,92.000,0.072222,0.438889,-0.895634,68.395,79.639,122.847,4151.5
Vielma_9_puntos_intento_9.mp4,1974,16450.000,True,143.000,171.000,0.000,156.000,92.000,0.072222,0.438889,-0.895634,68.587,79.710,122.667,4157.0
Vielma_9_puntos_intento_9.mp4,1975,16458.333,True,143.000,171.000,0.000,156.000,92.000,0.072222,0.438889,-0.895634,68.563,80.033,122.410,4152.5
Vielma_9_puntos_intento_9.mp4,1976,16466.667,True,143.000,171.000,0.000,156.000,92.000,0.072222,0.438889,-0.895634,68.697,79.414,121.520,4167.0
Vielma_9_puntos_intento_9.mp4,1977,16475.000,True,143.000,171.000,0.000,156.000,92.000,0.072222,0.438889,-0.895634,68.209,79.146,117.689,4155.5
Vielma_9_puntos_intento_9.mp4,1978,16483.333,True,143.000,171.000,0.000,156.000,91.000,0.072222,0.444444,-0.892890,68.498,80.238,123.206,4154.0
Vielma_9_puntos_intento_9.mp4,1979,16491.667,True,143.000,171.000,0.000,156.000,91.000,0.072222,0.444444,-0.892890,68.280,80.228,123.619,4153.0
Vielma_9_puntos_intento_9.mp4,1980,16500.000,True,143.000,171.000,0.000,156.000,91.000,0.072222,0.444444,-0.892890,69.087,79.713,121.527,4160.5
Vielma_9_puntos_intento_9.mp4,1981,16508.333,True,143.000,171.000,0.000,156.000,91.000,0.072222,0.444444,-0.892890,68.481,79.714,126.483,4187.0
Vielma_9_puntos_intento_9.mp4,1982,16516.667,True,143.000,171.000,0.000,156.000,91.000,0.072222,0.444444,-0.892890,68.534,79.864,124.761,4158.5
Vielma_9_puntos_intento_9.mp4,1983,16525.000,True,143.000,171.000,0.000,156.000,91.000,0.072222,0.444444,-0.892890,68.756,79.533,125.890,4182.5
Vielma_9_puntos_intento_9.mp4,1984,16533.333,True,143.000,171.000,0.000,156.000,91.000,0.072222,0.444444,-0.892890,68.643,79.164,123.690,4159.0
Vielma_9_puntos_intento_9.mp4,1985,16541.667,True,143.000,171.000,0.000,156.000,91.000,0.072222,0.444444,-0.892890,68.809,79.729,123.060,4198.5
Vielma_9_puntos_intento_9.mp4,1986,16550.000,True,143.000,171.000,0.000,156.000,92.000,0.072222,0.438889,-0.895634,68.444,79.941,122.265,4184.0
Vielma_9_puntos_intento_9.mp4,1987,16558.333,True,143.000,171.000,0.000,156.000,91.000,0.072222,0.444444,-0.892890,67.927,80.250,122.999,4138.0
Vielma_9_puntos_intento_9.mp4,1988,16566.667,True,143.000,171.000,0.000,156.000,92.000,0.072222,0.438889,-0.895634,68.384,80.072,123.045,4184.0
Vielma_9_puntos_intento_9.mp4,1989,16575.000,True,143.000,171.000,0.000,156.000,92.000,0.072222,0.438889,-0.895634,68.477,80.133,124.121,4173.0
Vielma_9_puntos_intento_9.mp4,1990,16583.333,True,143.000,171.000,0.000,156.000,91.000,0.072222,0.444444,-0.892890,68.776,80.131,122.747,4171.5
Vielma_9_puntos_intento_9.mp4,1991,16591.667,True,143.000,171.000,0.000,156.000,91.000,0.072222,0.444444,-0.892890,68.965,80.199,122.911,4161.5
Vielma_9_puntos_intento_9.mp4,1992,16600.000,True,143.000,171.000,0.000,156.000,92.000,0.072222,0.438889,-0.895634,68.706,79.776,120.323,4180.5
Vielma_9_puntos_intento_9.mp4,1993,16608.333,True,143.000,171.000,0.000,156.000,91.000,0.072222,0.444444,-0.892890,68.515,79.968,120.300,4185.5
Vielma_9_puntos_intento_9.mp4,1994,16616.667,True,143.000,171.000,0.000,156.000,92.000,0.072222,0.438889,-0.895634,68.192,79.778,120.159,4184.5
Vielma_9_puntos_intento_9.mp4,1995,16625.000,True,143.000,171.000,0.000,156.000,91.000,0.072222,0.444444,-0.892890,68.926,79.727,124.183,4196.5
Vielma_9_puntos_intento_9.mp4,1996,16633.333,True,143.000,171.000,0.000,156.000,91.000,0.072222,0.444444,-0.892890,69.289,80.299,124.420,4216.5
Vielma_9_puntos_intento_9.mp4,1997,16641.667,True,143.000,171.000,0.000,156.000,91.000,0.072222,0.444444,-0.892890,69.206,80.086,125.830,4185.5
Vielma_9_puntos_intento_9.mp4,1998,16650.000,True,143.000,171.000,0.000,156.000,91.000,0.072222,0.444444,-0.892890,68.442,80.608,123.417,4187.0
Vielma_9_puntos_intento_9.mp4,1999,16658.333,True,143.000,171.000,0.000,156.000,91.000,0.072222,0.444444,-0.892890,68.333,80.582,123.211,4186.0
Vielma_9_puntos_intento_9.mp4,2000,16666.667,True,143.000,171.000,0.000,156.000,91.000,0.072222,0.444444,-0.892890,68.278,80.682,120.984,4174.5
Vielma_9_puntos_intento_9.mp4,2001,16675.000,True,143.000,171.000,0.000,156.000,92.000,0.072222,0.438889,-0.895634,68.808,80.371,122.219,4205.0
Vielma_9_puntos_intento_9.mp4,2002,16683.333,True,143.000,171.000,0.000,156.000,92.000,0.072222,0.438889,-0.895634,68.989,80.660,120.511,4212.5
Vielma_9_puntos_intento_9.mp4,2003,16691.667,True,143.000,171.000,0.000,156.000,91.000,0.072222,0.444444,-0.892890,69.366,80.826,123.695,4231.0
Vielma_9_puntos_intento_9.mp4,2004,16700.000,True,143.000,171.000,0.000,156.000,91.000,0.072222,0.444444,-0.892890,69.731,80.920,124.200,4260.5
Vielma_9_puntos_intento_9.mp4,2005,16708.333,True,143.000,171.000,0.000,156.000,91.000,0.072222,0.444444,-0.892890,69.603,80.892,123.125,4239.0
Vielma_9_puntos_intento_9.mp4,2006,16716.667,True,143.000,171.000,0.000,156.000,91.000,0.072222,0.444444,-0.892890,69.903,80.181,122.157,4292.0
Vielma_9_puntos_intento_9.mp4,2007,16725.000,True,143.000,171.000,0.000,156.000,91.000,0.072222,0.444444,-0.892890,69.684,80.992,123.708,4279.0
Vielma_9_puntos_intento_9.mp4,2008,16733.333,True,143.000,171.000,0.000,156.000,91.000,0.072222,0.444444,-0.892890,70.114,81.041,124.492,4307.5
Vielma_9_puntos_intento_9.mp4,2009,16741.667,True,143.000,171.000,0.000,156.000,91.000,0.072222,0.444444,-0.892890,70.276,81.451,126.061,4304.5
Vielma_9_puntos_intento_9.mp4,2010,16750.000,True,143.000,171.000,0.000,156.000,91.000,0.072222,0.444444,-0.892890,70.003,81.858,125.843,4325.0
Vielma_9_puntos_intento_9.mp4,2011,16758.333,True,143.000,171.000,0.000,156.000,91.000,0.072222,0.444444,-0.892890,70.024,82.377,129.077,4321.0
Vielma_9_puntos_intento_9.mp4,2012,16766.667,True,143.000,171.000,0.000,156.000,91.000,0.072222,0.444444,-0.892890,70.299,81.544,121.785,4318.5
Vielma_9_puntos_intento_9.mp4,2013,16775.000,True,143.000,171.000,0.000,156.000,91.000,0.072222,0.444444,-0.892890,69.827,82.144,123.216,4331.0
Vielma_9_puntos_intento_9.mp4,2014,16783.333,True,143.000,171.000,0.000,156.000,91.000,0.072222,0.444444,-0.892890,70.205,81.425,122.329,4331.5
Vielma_9_puntos_intento_9.mp4,2015,16791.667,True,143.000,171.000,0.000,156.000,91.000,0.072222,0.444444,-0.892890,70.572,81.798,123.021,4343.5
Vielma_9_puntos_intento_9.mp4,2016,16800.000,True,143.000,171.000,0.000,156.000,91.000,0.072222,0.444444,-0.892890,70.521,82.058,125.171,4357.5
Vielma_9_puntos_intento_9.mp4,2017,16808.333,True,143.000,171.000,0.000,153.000,92.000,0.055556,0.438889,-0.896822,70.934,80.315,116.253,4371.5
Vielma_9_puntos_intento_9.mp4,2018,16816.667,True,143.000,171.000,0.000,141.000,94.000,-0.011111,0.427778,-0.903816,71.499,81.470,107.668,4395.5
Vielma_9_puntos_intento_9.mp4,2019,16825.000,True,143.000,171.000,0.000,126.000,95.000,-0.094444,0.422222,-0.901559,70.429,82.955,96.166,4404.5
Vielma_9_puntos_intento_9.mp4,2020,16833.333,True,143.000,171.000,0.000,113.000,96.000,-0.166667,0.416667,-0.893650,69.801,85.693,88.362,4482.5
Vielma_9_puntos_intento_9.mp4,2021,16841.667,True,143.000,171.000,0.000,102.000,99.000,-0.227778,0.400000,-0.887760,71.262,85.506,86.130,4477.5
Vielma_9_puntos_intento_9.mp4,2022,16850.000,True,143.000,171.000,0.000,96.000,99.000,-0.261111,0.400000,-0.878533,71.152,85.640,84.593,4490.5
Vielma_9_puntos_intento_9.mp4,2023,16858.333,True,143.000,171.000,0.000,97.000,98.000,-0.255556,0.405556,-0.877620,70.685,86.172,87.117,4508.5
Vielma_9_puntos_intento_9.mp4,2024,16866.667,True,143.000,171.000,0.000,97.000,99.000,-0.255556,0.400000,-0.880166,69.942,87.077,85.506,4520.5
Vielma_9_puntos_intento_9.mp4,2025,16875.000,True,142.000,171.000,0.000,96.000,99.000,-0.255556,0.400000,-0.880166,70.761,86.271,86.689,4470.0
Vielma_9_puntos_intento_9.mp4,2026,16883.333,True,142.000,171.000,0.000,96.000,98.000,-0.255556,0.405556,-0.877620,70.317,86.524,89.460,4493.0
Vielma_9_puntos_intento_9.mp4,2027,16891.667,True,142.000,171.000,0.000,96.000,98.000,-0.255556,0.405556,-0.877620,69.258,87.376,88.787,4474.0
Vielma_9_puntos_intento_9.mp4,2028,16900.000,True,142.000,171.000,0.000,96.000,98.000,-0.255556,0.405556,-0.877620,70.174,86.763,85.275,4472.0
Vielma_9_puntos_intento_9.mp4,2029,16908.333,True,142.000,171.000,0.000,96.000,99.000,-0.255556,0.400000,-0.880166,71.383,86.320,82.465,4503.5
Vielma_9_puntos_intento_9.mp4,2030,16916.667,True,142.000,171.000,0.000,96.000,98.000,-0.255556,0.405556,-0.877620,69.528,87.782,85.506,4535.0
Vielma_9_puntos_intento_9.mp4,2031,16925.000,True,142.000,171.000,0.000,96.000,98.000,-0.255556,0.405556,-0.877620,68.824,87.565,84.440,4463.5
Vielma_9_puntos_intento_9.mp4,2032,16933.333,True,142.000,171.000,0.000,96.000,98.000,-0.255556,0.405556,-0.877620,69.856,87.311,84.711,4500.0
Vielma_9_puntos_intento_9.mp4,2033,16941.667,True,142.000,171.000,0.000,96.000,99.000,-0.255556,0.400000,-0.880166,69.872,87.090,84.831,4459.0
Vielma_9_puntos_intento_9.mp4,2034,16950.000,True,142.000,171.000,0.000,96.000,98.000,-0.255556,0.405556,-0.877620,68.703,87.348,84.789,4459.0
Vielma_9_puntos_intento_9.mp4,2035,16958.333,True,142.000,171.000,0.000,96.000,99.000,-0.255556,0.400000,-0.880166,69.292,86.888,82.015,4420.5
Vielma_9_puntos_intento_9.mp4,2036,16966.667,True,142.000,171.000,0.000,96.000,99.000,-0.255556,0.400000,-0.880166,68.223,88.056,83.769,4409.5
Vielma_9_puntos_intento_9.mp4,2037,16975.000,True,142.000,171.000,0.000,96.000,98.000,-0.255556,0.405556,-0.877620,68.096,87.429,85.002,4446.0
Vielma_9_puntos_intento_9.mp4,2038,16983.333,True,142.000,171.000,0.000,96.000,99.000,-0.255556,0.400000,-0.880166,69.026,88.162,83.127,4489.5
Vielma_9_puntos_intento_9.mp4,2039,16991.667,True,142.000,171.000,0.000,96.000,99.000,-0.255556,0.400000,-0.880166,68.991,87.418,83.523,4452.5
Vielma_9_puntos_intento_9.mp4,2040,17000.000,True,142.000,171.000,0.000,96.000,98.000,-0.255556,0.405556,-0.877620,69.488,87.595,83.280,4472.0
Vielma_9_puntos_intento_9.mp4,2041,17008.333,True,142.000,171.000,0.000,96.000,98.000,-0.255556,0.405556,-0.877620,69.031,87.581,80.237,4435.5
Vielma_9_puntos_intento_9.mp4,2042,17016.667,True,142.000,171.000,0.000,96.000,99.000,-0.255556,0.400000,-0.880166,68.735,87.869,82.263,4433.5
Vielma_9_puntos_intento_9.mp4,2043,17025.000,True,142.000,171.000,0.000,96.000,98.000,-0.255556,0.405556,-0.877620,68.403,87.487,82.951,4401.5
Vielma_9_puntos_intento_9.mp4,2044,17033.333,True,142.000,171.000,0.000,96.000,99.000,-0.255556,0.400000,-0.880166,68.218,87.392,83.480,4403.5
Vielma_9_puntos_intento_9.mp4,2045,17041.667,True,142.000,171.000,0.000,96.000,98.000,-0.255556,0.405556,-0.877620,66.988,87.247,84.843,4382.0
Vielma_9_puntos_intento_9.mp4,2046,17050.000,True,142.000,171.000,0.000,96.000,98.000,-0.255556,0.405556,-0.877620,65.779,87.988,85.225,4383.0
Vielma_9_puntos_intento_9.mp4,2047,17058.333,True,142.000,171.000,0.000,96.000,98.000,-0.255556,0.405556,-0.877620,69.177,86.956,84.865,4442.0
Vielma_9_puntos_intento_9.mp4,2048,17066.667,True,142.000,171.000,0.000,96.000,99.000,-0.255556,0.400000,-0.880166,66.864,87.812,81.969,4350.5
Vielma_9_puntos_intento_9.mp4,2049,17075.000,True,142.000,171.000,0.000,96.000,99.000,-0.255556,0.400000,-0.880166,66.510,87.872,82.071,4340.5
Vielma_9_puntos_intento_9.mp4,2050,17083.333,True,142.000,171.000,0.000,96.000,98.000,-0.255556,0.405556,-0.877620,66.257,87.546,83.154,4334.0
Vielma_9_puntos_intento_9.mp4,2051,17091.667,True,142.000,171.000,0.000,96.000,99.000,-0.255556,0.400000,-0.880166,67.283,87.379,82.207,4357.0
Vielma_9_puntos_intento_9.mp4,2052,17100.000,True,142.000,171.000,0.000,95.000,98.000,-0.261111,0.405556,-0.875983,67.317,87.562,80.827,4367.5
Vielma_9_puntos_intento_9.mp4,2053,17108.333,True,142.000,171.000,0.000,96.000,99.000,-0.255556,0.400000,-0.880166,67.434,87.316,82.850,4322.5
Vielma_9_puntos_intento_9.mp4,2054,17116.667,True,142.000,171.000,0.000,96.000,98.000,-0.255556,0.405556,-0.877620,67.753,87.829,81.326,4378.0
Vielma_9_puntos_intento_9.mp4,2055,17125.000,True,142.000,171.000,0.000,96.000,99.000,-0.255556,0.400000,-0.880166,68.082,87.074,81.877,4339.0
Vielma_9_puntos_intento_9.mp4,2056,17133.333,True,142.000,171.000,0.000,96.000,98.000,-0.255556,0.405556,-0.877620,67.925,87.462,81.871,4369.5
Vielma_9_puntos_intento_9.mp4,2057,17141.667,True,142.000,171.000,0.000,96.000,98.000,-0.255556,0.405556,-0.877620,67.509,87.388,81.739,4332.5
Vielma_9_puntos_intento_9.mp4,2058,17150.000,True,142.000,171.000,0.000,96.000,98.000,-0.255556,0.405556,-0.877620,67.908,87.360,80.664,4362.5
Vielma_9_puntos_intento_9.mp4,2059,17158.333,True,142.000,171.000,0.000,96.000,98.000,-0.255556,0.405556,-0.877620,68.483,86.938,81.811,4380.5
Vielma_9_puntos_intento_9.mp4,2060,17166.667,True,142.000,171.000,0.000,96.000,98.000,-0.255556,0.405556,-0.877620,66.647,87.064,81.376,4338.5
Vielma_9_puntos_intento_9.mp4,2061,17175.000,True,142.000,171.000,0.000,96.000,99.000,-0.255556,0.400000,-0.880166,66.830,87.494,81.941,4306.5
Vielma_9_puntos_intento_9.mp4,2062,17183.333,True,142.000,171.000,0.000,96.000,98.000,-0.255556,0.405556,-0.877620,67.439,86.974,83.127,4352.0
Vielma_9_puntos_intento_9.mp4,2063,17191.667,True,142.000,171.000,0.000,96.000,98.000,-0.255556,0.405556,-0.877620,67.117,87.189,84.282,4348.0
Vielma_9_puntos_intento_9.mp4,2064,17200.000,True,142.000,171.000,0.000,96.000,98.000,-0.255556,0.405556,-0.877620,68.004,86.616,82.910,4380.0
Vielma_9_puntos_intento_9.mp4,2065,17208.333,True,142.000,171.000,0.000,96.000,98.000,-0.255556,0.405556,-0.877620,67.816,86.939,83.550,4307.5
Vielma_9_puntos_intento_9.mp4,2066,17216.667,True,142.000,171.000,0.000,96.000,98.000,-0.255556,0.405556,-0.877620,68.744,86.085,82.558,4323.5
Vielma_9_puntos_intento_9.mp4,2067,17225.000,True,142.000,171.000,0.000,96.000,99.000,-0.255556,0.400000,-0.880166,68.907,86.741,80.529,4311.5
Vielma_9_puntos_intento_9.mp4,2068,17233.333,True,142.000,171.000,0.000,96.000,98.000,-0.255556,0.405556,-0.877620,67.911,87.076,83.564,4295.5
Vielma_9_puntos_intento_9.mp4,2069,17241.667,True,142.000,171.000,0.000,96.000,98.000,-0.255556,0.405556,-0.877620,69.391,86.500,83.939,4366.0
Vielma_9_puntos_intento_9.mp4,2070,17250.000,True,142.000,171.000,0.000,96.000,98.000,-0.255556,0.405556,-0.877620,68.723,86.497,84.673,4338.5
Vielma_9_puntos_intento_9.mp4,2071,17258.333,True,142.000,171.000,0.000,96.000,97.000,-0.255556,0.411111,-0.875031,66.452,87.706,83.449,4300.5
Vielma_9_puntos_intento_9.mp4,2072,17266.667,True,142.000,171.000,0.000,96.000,98.000,-0.255556,0.405556,-0.877620,65.788,87.566,82.557,4265.5
Vielma_9_puntos_intento_9.mp4,2073,17275.000,True,142.000,171.000,0.000,96.000,98.000,-0.255556,0.405556,-0.877620,65.559,87.652,82.949,4265.5
Vielma_9_puntos_intento_9.mp4,2074,17283.333,True,142.000,171.000,0.000,96.000,98.000,-0.255556,0.405556,-0.877620,65.741,87.218,80.921,4268.5
Vielma_9_puntos_intento_9.mp4,2075,17291.667,True,142.000,171.000,0.000,96.000,98.000,-0.255556,0.405556,-0.877620,67.313,86.349,82.298,4267.0
Vielma_9_puntos_intento_9.mp4,2076,17300.000,True,142.000,171.000,0.000,96.000,98.000,-0.255556,0.405556,-0.877620,65.720,87.123,82.758,4276.5
Vielma_9_puntos_intento_9.mp4,2077,17308.333,True,142.000,171.000,0.000,96.000,98.000,-0.255556,0.405556,-0.877620,67.570,86.004,81.849,4264.5
Vielma_9_puntos_intento_9.mp4,2078,17316.667,True,142.000,171.000,0.000,96.000,98.000,-0.255556,0.405556,-0.877620,66.040,86.378,82.303,4232.5
Vielma_9_puntos_intento_9.mp4,2079,17325.000,True,142.000,171.000,0.000,96.000,98.000,-0.255556,0.405556,-0.877620,66.511,86.217,80.708,4276.0
Vielma_9_puntos_intento_9.mp4,2080,17333.333,True,142.000,171.000,0.000,96.000,98.000,-0.255556,0.405556,-0.877620,67.124,85.869,82.118,4254.0
Vielma_9_puntos_intento_9.mp4,2081,17341.667,True,142.000,171.000,0.000,96.000,98.000,-0.255556,0.405556,-0.877620,64.717,86.959,82.896,4220.0
Vielma_9_puntos_intento_9.mp4,2082,17350.000,True,142.000,171.000,0.000,96.000,98.000,-0.255556,0.405556,-0.877620,67.791,85.298,82.212,4255.0
Vielma_9_puntos_intento_9.mp4,2083,17358.333,True,142.000,171.000,0.000,96.000,99.000,-0.255556,0.400000,-0.880166,67.218,85.579,82.869,4250.0
Vielma_9_puntos_intento_9.mp4,2084,17366.667,True,142.000,171.000,0.000,96.000,98.000,-0.255556,0.405556,-0.877620,66.420,85.741,83.029,4281.5
Vielma_9_puntos_intento_9.mp4,2085,17375.000,True,142.000,171.000,0.000,96.000,98.000,-0.255556,0.405556,-0.877620,66.458,85.470,81.817,4215.0
Vielma_9_puntos_intento_9.mp4,2086,17383.333,True,142.000,171.000,0.000,96.000,99.000,-0.255556,0.400000,-0.880166,67.857,85.182,80.436,4235.0
Vielma_9_puntos_intento_9.mp4,2087,17391.667,True,143.000,171.000,0.000,96.000,98.000,-0.261111,0.405556,-0.875983,66.316,85.128,81.845,4222.5
Vielma_9_puntos_intento_9.mp4,2088,17400.000,True,143.000,171.000,0.000,96.000,98.000,-0.261111,0.405556,-0.875983,66.750,85.292,82.832,4237.0
Vielma_9_puntos_intento_9.mp4,2089,17408.333,True,143.000,171.000,0.000,96.000,98.000,-0.261111,0.405556,-0.875983,66.191,85.170,82.750,4206.0
Vielma_9_puntos_intento_9.mp4,2090,17416.667,True,143.000,171.000,0.000,96.000,98.000,-0.261111,0.405556,-0.875983,66.773,85.377,83.046,4221.5
Vielma_9_puntos_intento_9.mp4,2091,17425.000,True,143.000,171.000,0.000,96.000,98.000,-0.261111,0.405556,-0.875983,65.754,85.209,83.665,4176.5
Vielma_9_puntos_intento_9.mp4,2092,17433.333,True,143.000,171.000,0.000,96.000,99.000,-0.261111,0.400000,-0.878533,66.649,84.616,82.962,4182.0
Vielma_9_puntos_intento_9.mp4,2093,17441.667,True,143.000,171.000,0.000,96.000,99.000,-0.261111,0.400000,-0.878533,66.667,84.187,81.036,4167.0
Vielma_9_puntos_intento_9.mp4,2094,17450.000,True,143.000,171.000,0.000,96.000,98.000,-0.261111,0.405556,-0.875983,65.520,84.957,83.066,4150.5
Vielma_9_puntos_intento_9.mp4,2095,17458.333,True,143.000,171.000,0.000,96.000,98.000,-0.261111,0.405556,-0.875983,64.904,85.201,84.660,4127.5
Vielma_9_puntos_intento_9.mp4,2096,17466.667,True,143.000,171.000,0.000,96.000,98.000,-0.261111,0.405556,-0.875983,66.599,84.694,82.539,4177.5
Vielma_9_puntos_intento_9.mp4,2097,17475.000,True,143.000,171.000,0.000,96.000,98.000,-0.261111,0.405556,-0.875983,65.753,84.718,82.449,4120.0
Vielma_9_puntos_intento_9.mp4,2098,17483.333,True,143.000,171.000,0.000,96.000,98.000,-0.261111,0.405556,-0.875983,66.364,84.226,81.159,4166.0
Vielma_9_puntos_intento_9.mp4,2099,17491.667,True,143.000,171.000,0.000,96.000,98.000,-0.261111,0.405556,-0.875983,64.203,84.883,83.376,4114.0
Vielma_9_puntos_intento_9.mp4,2100,17500.000,True,143.000,171.000,0.000,96.000,98.000,-0.261111,0.405556,-0.875983,65.894,83.786,82.555,4105.0
Vielma_9_puntos_intento_9.mp4,2101,17508.333,True,143.000,171.000,0.000,96.000,98.000,-0.261111,0.405556,-0.875983,66.017,84.438,81.679,4124.0
Vielma_9_puntos_intento_9.mp4,2102,17516.667,True,143.000,171.000,0.000,96.000,98.000,-0.261111,0.405556,-0.875983,66.638,84.541,82.940,4128.5
Vielma_9_puntos_intento_9.mp4,2103,17525.000,True,143.000,171.000,0.000,96.000,99.000,-0.261111,0.400000,-0.878533,66.410,84.253,82.712,4130.0
Vielma_9_puntos_intento_9.mp4,2104,17533.333,True,143.000,171.000,0.000,96.000,98.000,-0.261111,0.405556,-0.875983,66.307,83.991,83.852,4135.0
Vielma_9_puntos_intento_9.mp4,2105,17541.667,True,143.000,171.000,0.000,96.000,98.000,-0.261111,0.405556,-0.875983,65.755,84.014,82.093,4115.5
Vielma_9_puntos_intento_9.mp4,2106,17550.000,True,143.000,171.000,0.000,96.000,98.000,-0.261111,0.405556,-0.875983,66.264,84.004,81.871,4119.0
Vielma_9_puntos_intento_9.mp4,2107,17558.333,True,143.000,171.000,0.000,96.000,98.000,-0.261111,0.405556,-0.875983,66.345,83.436,83.613,4113.5
Vielma_9_puntos_intento_9.mp4,2108,17566.667,True,143.000,171.000,0.000,96.000,98.000,-0.261111,0.405556,-0.875983,65.347,84.179,82.855,4126.0
Vielma_9_puntos_intento_9.mp4,2109,17575.000,True,143.000,171.000,0.000,96.000,98.000,-0.261111,0.405556,-0.875983,65.478,83.729,82.528,4064.5
Vielma_9_puntos_intento_9.mp4,2110,17583.333,True,143.000,171.000,0.000,96.000,98.000,-0.261111,0.405556,-0.875983,65.064,83.752,82.846,4049.5
Vielma_9_puntos_intento_9.mp4,2111,17591.667,True,143.000,171.000,0.000,96.000,98.000,-0.261111,0.405556,-0.875983,64.792,83.899,81.552,4053.0
Vielma_9_puntos_intento_9.mp4,2112,17600.000,True,143.000,171.000,0.000,96.000,98.000,-0.261111,0.405556,-0.875983,65.552,83.792,84.020,4110.0
Vielma_9_puntos_intento_9.mp4,2113,17608.333,True,143.000,171.000,0.000,96.000,98.000,-0.261111,0.405556,-0.875983,65.059,84.688,82.309,4104.5
Vielma_9_puntos_intento_9.mp4,2114,17616.667,True,143.000,171.000,0.000,96.000,98.000,-0.261111,0.405556,-0.875983,65.307,83.993,82.236,4092.5
Vielma_9_puntos_intento_9.mp4,2115,17625.000,True,143.000,171.000,0.000,97.000,98.000,-0.255556,0.405556,-0.877620,64.451,84.542,83.034,4084.0
Vielma_9_puntos_intento_9.mp4,2116,17633.333,True,143.000,171.000,0.000,96.000,98.000,-0.261111,0.405556,-0.875983,64.267,84.359,81.979,4080.5
Vielma_9_puntos_intento_9.mp4,2117,17641.667,True,143.000,171.000,0.000,97.000,98.000,-0.255556,0.405556,-0.877620,64.925,84.544,83.856,4089.5
Vielma_9_puntos_intento_9.mp4,2118,17650.000,True,143.000,171.000,0.000,97.000,98.000,-0.255556,0.405556,-0.877620,65.278,84.117,83.631,4099.5
Vielma_9_puntos_intento_9.mp4,2119,17658.333,True,143.000,171.000,0.000,97.000,98.000,-0.255556,0.405556,-0.877620,65.468,83.699,84.525,4114.5
Vielma_9_puntos_intento_9.mp4,2120,17666.667,True,143.000,171.000,0.000,96.000,98.000,-0.261111,0.405556,-0.875983,66.134,83.360,84.468,4119.5
Vielma_9_puntos_intento_9.mp4,2121,17675.000,True,143.000,171.000,0.000,96.000,98.000,-0.261111,0.405556,-0.875983,66.749,84.092,84.697,4151.5
Vielma_9_puntos_intento_9.mp4,2122,17683.333,True,143.000,171.000,0.000,97.000,98.000,-0.255556,0.405556,-0.877620,65.416,84.459,84.496,4124.5
Vielma_9_puntos_intento_9.mp4,2123,17691.667,True,143.000,171.000,0.000,95.000,99.000,-0.266667,0.400000,-0.876863,66.857,83.962,82.082,4133.0
Vielma_9_puntos_intento_9.mp4,2124,17700.000,True,143.000,171.000,0.000,93.000,99.000,-0.277778,0.400000,-0.873407,65.940,84.324,81.995,4114.5
Vielma_9_puntos_intento_9.mp4,2125,17708.333,True,143.000,171.000,0.000,95.000,99.000,-0.266667,0.400000,-0.876863,66.285,84.448,82.373,4087.5
Vielma_9_puntos_intento_9.mp4,2126,17716.667,True,143.000,171.000,0.000,95.000,99.000,-0.266667,0.400000,-0.876863,65.912,83.654,83.891,4109.0
Vielma_9_puntos_intento_9.mp4,2127,17725.000,True,143.000,171.000,0.000,95.000,99.000,-0.266667,0.400000,-0.876863,65.196,83.567,82.112,4013.5
Vielma_9_puntos_intento_9.mp4,2128,17733.333,True,143.000,171.000,0.000,94.000,99.000,-0.272222,0.400000,-0.875154,66.853,83.546,80.351,4124.0
Vielma_9_puntos_intento_9.mp4,2129,17741.667,True,143.000,171.000,0.000,94.000,99.000,-0.272222,0.400000,-0.875154,66.316,83.788,81.251,4116.0
Vielma_9_puntos_intento_9.mp4,2130,17750.000,True,143.000,171.000,0.000,94.000,99.000,-0.272222,0.400000,-0.875154,66.584,83.733,81.103,4115.0
Vielma_9_puntos_intento_9.mp4,2131,17758.333,True,143.000,171.000,0.000,94.000,99.000,-0.272222,0.400000,-0.875154,65.366,83.967,83.295,4085.5
Vielma_9_puntos_intento_9.mp4,2132,17766.667,True,143.000,171.000,0.000,94.000,99.000,-0.272222,0.400000,-0.875154,65.266,84.099,82.506,4087.5
Vielma_9_puntos_intento_9.mp4,2133,17775.000,True,143.000,171.000,0.000,95.000,99.000,-0.266667,0.400000,-0.876863,66.775,83.340,83.041,4058.0
Vielma_9_puntos_intento_9.mp4,2134,17783.333,True,143.000,171.000,0.000,95.000,99.000,-0.266667,0.400000,-0.876863,66.427,83.812,83.836,4072.5
Vielma_9_puntos_intento_9.mp4,2135,17791.667,True,143.000,171.000,0.000,94.000,98.000,-0.272222,0.405556,-0.872594,68.016,82.957,84.344,4079.0
Vielma_9_puntos_intento_9.mp4,2136,17800.000,True,143.000,171.000,0.000,95.000,99.000,-0.266667,0.400000,-0.876863,66.742,83.766,83.152,4107.5
Vielma_9_puntos_intento_9.mp4,2137,17808.333,True,143.000,171.000,0.000,95.000,99.000,-0.266667,0.400000,-0.876863,66.510,84.622,81.627,4140.5
Vielma_9_puntos_intento_9.mp4,2138,17816.667,True,143.000,171.000,0.000,95.000,99.000,-0.266667,0.400000,-0.876863,66.661,84.104,82.257,4111.5
Vielma_9_puntos_intento_9.mp4,2139,17825.000,True,143.000,171.000,0.000,95.000,99.000,-0.266667,0.400000,-0.876863,66.312,84.063,82.010,4095.5
Vielma_9_puntos_intento_9.mp4,2140,17833.333,True,143.000,171.000,0.000,95.000,99.000,-0.266667,0.400000,-0.876863,66.255,84.487,83.337,4121.5
Vielma_9_puntos_intento_9.mp4,2141,17841.667,True,143.000,171.000,0.000,95.000,98.000,-0.266667,0.405556,-0.874307,65.746,84.407,83.795,4121.5
Vielma_9_puntos_intento_9.mp4,2142,17850.000,True,143.000,171.000,0.000,95.000,99.000,-0.266667,0.400000,-0.876863,66.561,84.295,81.847,4132.0
Vielma_9_puntos_intento_9.mp4,2143,17858.333,True,143.000,171.000,0.000,94.000,99.000,-0.272222,0.400000,-0.875154,66.304,83.612,80.523,4091.0
Vielma_9_puntos_intento_9.mp4,2144,17866.667,True,143.000,171.000,0.000,95.000,98.000,-0.266667,0.405556,-0.874307,65.613,83.818,84.172,4082.0
Vielma_9_puntos_intento_9.mp4,2145,17875.000,True,143.000,171.000,0.000,95.000,99.000,-0.266667,0.400000,-0.876863,66.287,83.364,84.404,4078.5
Vielma_9_puntos_intento_9.mp4,2146,17883.333,True,143.000,171.000,0.000,95.000,99.000,-0.266667,0.400000,-0.876863,65.225,84.303,82.890,4080.5
Vielma_9_puntos_intento_9.mp4,2147,17891.667,True,143.000,171.000,0.000,95.000,99.000,-0.266667,0.400000,-0.876863,65.260,83.775,82.932,4026.5
Vielma_9_puntos_intento_9.mp4,2148,17900.000,True,143.000,171.000,0.000,95.000,99.000,-0.266667,0.400000,-0.876863,64.751,83.913,84.084,4068.5
Vielma_9_puntos_intento_9.mp4,2149,17908.333,True,143.000,171.000,0.000,95.000,99.000,-0.266667,0.400000,-0.876863,66.021,84.182,82.212,4100.5
Vielma_9_puntos_intento_9.mp4,2150,17916.667,True,143.000,171.000,0.000,95.000,99.000,-0.266667,0.400000,-0.876863,66.607,83.546,81.844,4068.5
Vielma_9_puntos_intento_9.mp4,2151,17925.000,True,143.000,171.000,0.000,95.000,99.000,-0.266667,0.400000,-0.876863,65.036,84.521,82.964,4058.0
Vielma_9_puntos_intento_9.mp4,2152,17933.333,True,143.000,171.000,0.000,95.000,99.000,-0.266667,0.400000,-0.876863,65.967,83.940,81.415,4085.5
Vielma_9_puntos_intento_9.mp4,2153,17941.667,True,143.000,171.000,0.000,95.000,98.000,-0.266667,0.405556,-0.874307,64.081,84.355,81.841,4009.5
Vielma_9_puntos_intento_9.mp4,2154,17950.000,True,143.000,171.000,0.000,95.000,99.000,-0.266667,0.400000,-0.876863,66.231,84.337,82.089,4113.0
Vielma_9_puntos_intento_9.mp4,2155,17958.333,True,143.000,171.000,0.000,95.000,99.000,-0.266667,0.400000,-0.876863,64.611,84.292,82.390,4040.5
Vielma_9_puntos_intento_9.mp4,2156,17966.667,True,143.000,171.000,0.000,94.000,99.000,-0.272222,0.400000,-0.875154,66.511,84.027,80.069,4093.0
Vielma_9_puntos_intento_9.mp4,2157,17975.000,True,143.000,171.000,0.000,94.000,99.000,-0.272222,0.400000,-0.875154,63.936,84.008,81.217,4033.5
Vielma_9_puntos_intento_9.mp4,2158,17983.333,True,143.000,171.000,0.000,95.000,98.000,-0.266667,0.405556,-0.874307,64.138,84.048,82.285,4030.5
Vielma_9_puntos_intento_9.mp4,2159,17991.667,True,143.000,171.000,0.000,95.000,99.000,-0.266667,0.400000,-0.876863,65.678,83.057,82.735,4007.0
Vielma_9_puntos_intento_9.mp4,2160,18000.000,True,143.000,171.000,0.000,95.000,99.000,-0.266667,0.400000,-0.876863,64.945,83.505,82.100,4008.0
Vielma_9_puntos_intento_9.mp4,2161,18008.333,True,143.000,171.000,0.000,95.000,98.000,-0.266667,0.405556,-0.874307,64.930,84.039,84.592,4038.0
Vielma_9_puntos_intento_9.mp4,2162,18016.667,True,143.000,171.000,0.000,94.000,98.000,-0.272222,0.405556,-0.872594,64.288,84.399,81.195,4054.5
Vielma_9_puntos_intento_9.mp4,2163,18025.000,True,143.000,171.000,0.000,94.000,98.000,-0.272222,0.405556,-0.872594,65.754,83.326,81.427,4070.5
Vielma_9_puntos_intento_9.mp4,2164,18033.333,True,143.000,171.000,0.000,93.000,98.000,-0.277778,0.405556,-0.870841,68.176,82.845,84.580,4152.0
Vielma_9_puntos_intento_9.mp4,2165,18041.667,True,143.000,171.000,0.000,92.000,96.000,-0.283333,0.416667,-0.863777,69.321,83.237,88.809,4380.5
Vielma_9_puntos_intento_9.mp4,2166,18050.000,False,143.000,171.000,0.000,92.000,96.000,-0.283333,0.416667,-0.863777,70.787,83.286,86.228,4400.0
Vielma_9_puntos_intento_9.mp4,2167,18058.333,False,143.000,171.000,0.000,100.000,102.000,-0.238889,0.383333,-0.892181,50.967,81.753,75.976,2992.0
Vielma_9_puntos_intento_9.mp4,2168,18066.667,False,143.000,171.000,0.000,112.000,112.000,-0.172222,0.327778,-0.928925,27.126,63.615,70.942,1008.5
Vielma_9_puntos_intento_9.mp4,2169,18075.000,False,143.000,171.000,,,,,,,,,,
Vielma_9_puntos_intento_9.mp4,2170,18083.333,False,143.000,171.000,,,,,,,,,,
Vielma_9_puntos_intento_9.mp4,2171,18091.667,False,143.000,171.000,,,,,,,,,,
Vielma_9_puntos_intento_9.mp4,2172,18100.000,False,143.000,171.000,,,,,,,,,,
Vielma_9_puntos_intento_9.mp4,2173,18108.333,False,143.000,171.000,,,,,,,,,,
Vielma_9_puntos_intento_9.mp4,2174,18116.667,False,143.000,171.000,,,,,,,,,,
Vielma_9_puntos_intento_9.mp4,2175,18125.000,False,143.000,171.000,0.000,115.000,113.000,-0.155556,0.322222,-0.933796,26.277,65.866,79.744,923.0
Vielma_9_puntos_intento_9.mp4,2176,18133.333,False,143.000,171.000,0.000,109.000,110.000,-0.188889,0.338889,-0.921670,35.582,78.844,77.397,1800.5
Vielma_9_puntos_intento_9.mp4,2177,18141.667,False,143.000,171.000,0.000,106.000,106.000,-0.205556,0.361111,-0.909585,46.267,82.976,75.659,2630.0
Vielma_9_puntos_intento_9.mp4,2178,18150.000,True,143.000,171.000,0.000,103.000,103.000,-0.222222,0.377778,-0.898833,55.780,84.882,74.970,3300.5
Vielma_9_puntos_intento_9.mp4,2179,18158.333,True,143.000,171.000,0.000,102.000,100.000,-0.227778,0.394444,-0.890242,62.139,85.525,74.884,3761.0
Vielma_9_puntos_intento_9.mp4,2180,18166.667,True,143.000,171.000,0.000,101.000,98.000,-0.233333,0.405556,-0.883787,66.606,88.221,76.926,4250.5
Vielma_9_puntos_intento_9.mp4,2181,18175.000,True,143.000,171.000,0.000,100.000,97.000,-0.238889,0.411111,-0.879727,71.543,87.030,81.030,4596.0
Vielma_9_puntos_intento_9.mp4,2182,18183.333,True,143.000,171.000,0.000,100.000,95.000,-0.238889,0.422222,-0.874449,74.868,87.014,86.688,4852.0
Vielma_9_puntos_intento_9.mp4,2183,18191.667,True,143.000,171.000,0.000,99.000,95.000,-0.244444,0.422222,-0.872912,77.678,87.294,90.599,5078.0
Vielma_9_puntos_intento_9.mp4,2184,18200.000,True,143.000,171.000,0.000,99.000,95.000,-0.244444,0.422222,-0.872912,79.005,86.917,96.095,5180.0
Vielma_9_puntos_intento_9.mp4,2185,18208.333,True,143.000,171.000,0.000,99.000,94.000,-0.244444,0.427778,-0.870203,79.218,86.566,103.376,5173.5
Vielma_9_puntos_intento_9.mp4,2186,18216.667,True,143.000,171.000,0.000,99.000,94.000,-0.244444,0.427778,-0.870203,78.809,87.156,103.990,5170.5
Vielma_9_puntos_intento_9.mp4,2187,18225.000,True,143.000,171.000,0.000,99.000,95.000,-0.244444,0.422222,-0.872912,79.457,86.423,104.443,5120.0
Vielma_9_puntos_intento_9.mp4,2188,18233.333,True,143.000,171.000,0.000,99.000,94.000,-0.244444,0.427778,-0.870203,78.341,86.663,102.631,5086.5
Vielma_9_puntos_intento_9.mp4,2189,18241.667,True,143.000,171.000,0.000,99.000,95.000,-0.244444,0.422222,-0.872912,77.285,87.378,99.583,5037.5
Vielma_9_puntos_intento_9.mp4,2190,18250.000,True,143.000,171.000,0.000,100.000,95.000,-0.238889,0.422222,-0.874449,77.158,87.033,99.778,5043.5
Vielma_9_puntos_intento_9.mp4,2191,18258.333,True,143.000,171.000,0.000,99.000,95.000,-0.244444,0.422222,-0.872912,76.009,87.267,96.850,4998.5
Vielma_9_puntos_intento_9.mp4,2192,18266.667,True,143.000,171.000,0.000,95.000,97.000,-0.266667,0.411111,-0.871709,76.777,87.285,87.778,4996.0
Vielma_9_puntos_intento_9.mp4,2193,18275.000,True,143.000,171.000,0.000,91.000,96.000,-0.288889,0.416667,-0.861935,76.281,86.430,88.187,4932.0
Vielma_9_puntos_intento_9.mp4,2194,18283.333,True,143.000,171.000,0.000,92.000,96.000,-0.283333,0.416667,-0.863777,76.579,86.588,89.862,4940.5
Vielma_9_puntos_intento_9.mp4,2195,18291.667,True,143.000,171.000,0.000,92.000,96.000,-0.283333,0.416667,-0.863777,76.030,86.828,89.476,4929.5
Vielma_9_puntos_intento_9.mp4,2196,18300.000,True,143.000,171.000,0.000,92.000,97.000,-0.283333,0.411111,-0.866435,76.448,86.394,88.146,4921.0
Vielma_9_puntos_intento_9.mp4,2197,18308.333,True,143.000,171.000,0.000,92.000,97.000,-0.283333,0.411111,-0.866435,75.240,86.724,87.638,4883.5
Vielma_9_puntos_intento_9.mp4,2198,18316.667,True,143.000,171.000,0.000,92.000,96.000,-0.283333,0.416667,-0.863777,75.486,86.841,91.322,4906.0
Vielma_9_puntos_intento_9.mp4,2199,18325.000,True,143.000,171.000,0.000,92.000,97.000,-0.283333,0.411111,-0.866435,75.660,86.851,88.109,4893.0
Vielma_9_puntos_intento_9.mp4,2200,18333.333,True,143.000,171.000,0.000,92.000,97.000,-0.283333,0.411111,-0.866435,74.982,87.229,88.047,4894.5
Vielma_9_puntos_intento_9.mp4,2201,18341.667,True,143.000,171.000,0.000,92.000,97.000,-0.283333,0.411111,-0.866435,74.929,86.946,87.290,4865.0
Vielma_9_puntos_intento_9.mp4,2202,18350.000,True,143.000,171.000,0.000,92.000,97.000,-0.283333,0.411111,-0.866435,75.153,87.146,86.837,4888.0
Vielma_9_puntos_intento_9.mp4,2203,18358.333,True,143.000,171.000,0.000,92.000,97.000,-0.283333,0.411111,-0.866435,75.318,86.845,86.625,4886.0
Vielma_9_puntos_intento_9.mp4,2204,18366.667,True,143.000,171.000,0.000,92.000,98.000,-0.283333,0.405556,-0.869049,76.364,86.968,84.136,4908.0
Vielma_9_puntos_intento_9.mp4,2205,18375.000,True,143.000,171.000,0.000,92.000,97.000,-0.283333,0.411111,-0.866435,74.654,87.404,87.597,4889.5
Vielma_9_puntos_intento_9.mp4,2206,18383.333,True,143.000,171.000,0.000,93.000,98.000,-0.277778,0.405556,-0.870841,75.414,87.198,87.206,4904.0
Vielma_9_puntos_intento_9.mp4,2207,18391.667,True,143.000,171.000,0.000,93.000,98.000,-0.277778,0.405556,-0.870841,73.881,86.907,87.887,4787.5
Vielma_9_puntos_intento_9.mp4,2208,18400.000,True,143.000,171.000,0.000,93.000,98.000,-0.277778,0.405556,-0.870841,73.882,86.640,87.489,4783.0
Vielma_9_puntos_intento_9.mp4,2209,18408.333,True,143.000,171.000,0.000,93.000,98.000,-0.277778,0.405556,-0.870841,74.397,86.431,87.041,4775.5
Vielma_9_puntos_intento_9.mp4,2210,18416.667,True,143.000,171.000,0.000,93.000,98.000,-0.277778,0.405556,-0.870841,75.092,86.776,86.774,4826.5
Vielma_9_puntos_intento_9.mp4,2211,18425.000,True,143.000,171.000,0.000,93.000,97.000,-0.277778,0.411111,-0.868232,73.641,87.417,88.356,4820.5
Vielma_9_puntos_intento_9.mp4,2212,18433.333,True,143.000,171.000,0.000,93.000,98.000,-0.277778,0.405556,-0.870841,73.894,87.191,88.385,4806.0
Vielma_9_puntos_intento_9.mp4,2213,18441.667,True,143.000,171.000,0.000,93.000,98.000,-0.277778,0.405556,-0.870841,73.388,86.434,85.225,4690.5
Vielma_9_puntos_intento_9.mp4,2214,18450.000,True,143.000,171.000,0.000,93.000,98.000,-0.277778,0.405556,-0.870841,74.300,86.091,83.971,4709.0
Vielma_9_puntos_intento_9.mp4,2215,18458.333,True,143.000,171.000,0.000,93.000,98.000,-0.277778,0.405556,-0.870841,73.846,86.141,86.401,4702.5
Vielma_9_puntos_intento_9.mp4,2216,18466.667,True,143.000,171.000,0.000,93.000,98.000,-0.277778,0.405556,-0.870841,74.326,86.208,87.247,4743.5
Vielma_9_puntos_intento_9.mp4,2217,18475.000,True,143.000,171.000,0.000,93.000,98.000,-0.277778,0.405556,-0.870841,73.787,86.125,86.700,4728.0
Vielma_9_puntos_intento_9.mp4,2218,18483.333,True,143.000,171.000,0.000,93.000,98.000,-0.277778,0.405556,-0.870841,73.963,86.117,87.190,4712.5
Vielma_9_puntos_intento_9.mp4,2219,18491.667,True,143.000,171.000,0.000,93.000,98.000,-0.277778,0.405556,-0.870841,72.293,85.734,87.513,4599.5
Vielma_9_puntos_intento_9.mp4,2220,18500.000,True,143.000,171.000,0.000,93.000,98.000,-0.277778,0.405556,-0.870841,71.873,86.099,87.169,4603.5
Vielma_9_puntos_intento_9.mp4,2221,18508.333,True,143.000,171.000,0.000,95.000,97.000,-0.266667,0.411111,-0.871709,71.635,86.132,90.636,4627.5
Vielma_9_puntos_intento_9.mp4,2222,18516.667,True,143.000,171.000,0.000,105.000,94.000,-0.211111,0.427778,-0.878885,71.588,84.958,96.131,4610.5
Vielma_9_puntos_intento_9.mp4,2223,18525.000,True,143.000,171.000,0.000,116.000,88.000,-0.150000,0.461111,-0.874572,70.047,83.812,101.224,4473.5
Vielma_9_puntos_intento_9.mp4,2224,18533.333,True,143.000,171.000,0.000,126.000,85.000,-0.094444,0.477778,-0.873389,66.561,82.888,105.917,4203.0
Vielma_9_puntos_intento_9.mp4,2225,18541.667,True,143.000,171.000,0.000,135.000,81.000,-0.044444,0.500000,-0.864884,66.006,81.094,109.313,4067.5
Vielma_9_puntos_intento_9.mp4,2226,18550.000,True,143.000,171.000,0.000,142.000,79.000,-0.005556,0.511111,-0.859497,66.606,79.666,112.262,3968.0
Vielma_9_puntos_intento_9.mp4,2227,18558.333,True,143.000,171.000,0.000,145.000,79.000,0.011111,0.511111,-0.859443,65.463,78.655,107.262,3892.0
Vielma_9_puntos_intento_9.mp4,2228,18566.667,True,143.000,171.000,0.000,145.000,79.000,0.011111,0.511111,-0.859443,64.023,76.351,101.719,3643.5
Vielma_9_puntos_intento_9.mp4,2229,18575.000,True,143.000,171.000,0.000,146.000,80.000,0.016667,0.505556,-0.862633,63.695,76.344,100.032,3629.0
Vielma_9_puntos_intento_9.mp4,2230,18583.333,True,143.000,171.000,0.000,146.000,80.000,0.016667,0.505556,-0.862633,63.869,76.899,100.488,3635.5
Vielma_9_puntos_intento_9.mp4,2231,18591.667,True,143.000,171.000,0.000,146.000,80.000,0.016667,0.505556,-0.862633,62.013,77.261,94.947,3556.0
Vielma_9_puntos_intento_9.mp4,2232,18600.000,True,143.000,171.000,0.000,146.000,80.000,0.016667,0.505556,-0.862633,62.189,77.174,97.140,3556.5
Vielma_9_puntos_intento_9.mp4,2233,18608.333,True,143.000,171.000,0.000,145.000,79.000,0.011111,0.511111,-0.859443,64.265,76.516,103.192,3567.5
Vielma_9_puntos_intento_9.mp4,2234,18616.667,True,143.000,171.000,0.000,145.000,80.000,0.011111,0.505556,-0.862723,62.479,76.349,97.249,3529.0
Vielma_9_puntos_intento_9.mp4,2235,18625.000,True,143.000,171.000,0.000,145.000,80.000,0.011111,0.505556,-0.862723,62.852,76.192,96.059,3490.5
Vielma_9_puntos_intento_9.mp4,2236,18633.333,True,143.000,171.000,0.000,146.000,79.000,0.016667,0.511111,-0.859353,63.082,75.514,95.656,3518.5
Vielma_9_puntos_intento_9.mp4,2237,18641.667,True,143.000,171.000,0.000,146.000,79.000,0.016667,0.511111,-0.859353,63.070,75.591,98.832,3468.5
Vielma_9_puntos_intento_9.mp4,2238,18650.000,True,143.000,171.000,0.000,146.000,79.000,0.016667,0.511111,-0.859353,62.289,75.848,98.746,3433.5
