video_name,frame_number,timestamp_ms,valid_deteccion,sphere_center_x,sphere_center_y,sphere_center_z,pupil_center_x,pupil_center_y,gaze_x,gaze_y,gaze_z,ellipse_width,ellipse_height,ellipse_angle,contour_area
Vielma_9_puntos_intento_8.mp4,1,8.333,True,150.000,170.000,0.000,137.000,70.000,-0.072222,0.555556,-0.828337,64.568,76.464,90.590,3502.5
Vielma_9_puntos_intento_8.mp4,2,16.667,True,150.000,170.000,0.000,138.000,70.000,-0.066667,0.555556,-0.828802,64.079,77.170,89.212,3505.5
Vielma_9_puntos_intento_8.mp4,3,25.000,True,150.000,170.000,0.000,138.000,70.000,-0.066667,0.555556,-0.828802,64.057,77.844,95.499,3498.5
Vielma_9_puntos_intento_8.mp4,4,33.333,True,150.000,170.000,0.000,140.000,70.000,-0.055556,0.555556,-0.829621,64.678,76.030,89.680,3516.0
Vielma_9_puntos_intento_8.mp4,5,41.667,True,150.000,170.000,0.000,141.000,70.000,-0.050000,0.555556,-0.829975,64.165,75.710,93.049,3503.0
Vielma_9_puntos_intento_8.mp4,6,50.000,True,150.000,170.000,0.000,142.000,71.000,-0.044444,0.550000,-0.833981,61.226,75.767,89.620,3356.5
Vielma_9_puntos_intento_8.mp4,7,58.333,True,150.000,170.000,0.000,143.000,70.000,-0.038889,0.555556,-0.830569,62.812,76.026,89.499,3340.0
Vielma_9_puntos_intento_8.mp4,8,66.667,True,150.000,170.000,0.000,145.000,70.000,-0.027778,0.555556,-0.831015,62.021,74.532,86.852,3314.0
Vielma_9_puntos_intento_8.mp4,9,75.000,True,150.000,170.000,0.000,145.000,69.000,-0.027778,0.561111,-0.827274,63.649,74.562,95.992,3331.0
Vielma_9_puntos_intento_8.mp4,10,83.333,True,150.000,170.000,0.000,146.000,70.000,-0.022222,0.555556,-0.831182,62.577,74.808,87.887,3326.5
Vielma_9_puntos_intento_8.mp4,11,91.667,True,150.000,170.000,0.000,147.000,70.000,-0.016667,0.555556,-0.831312,62.764,73.840,92.492,3290.5
Vielma_9_puntos_intento_8.mp4,12,100.000,True,150.000,170.000,0.000,148.000,70.000,-0.011111,0.555556,-0.831405,62.511,73.801,94.001,3182.5
Vielma_9_puntos_intento_8.mp4,13,108.333,True,150.000,170.000,0.000,149.000,71.000,-0.005556,0.550000,-0.835146,59.518,74.469,87.177,3187.5
Vielma_9_puntos_intento_8.mp4,14,116.667,True,150.000,170.000,0.000,149.000,71.000,-0.005556,0.550000,-0.835146,61.405,73.534,89.616,3203.0
Vielma_9_puntos_intento_8.mp4,15,125.000,True,150.000,170.000,0.000,148.000,70.000,-0.011111,0.555556,-0.831405,62.156,73.824,96.259,3192.0
Vielma_9_puntos_intento_8.mp4,16,133.333,True,150.000,170.000,0.000,149.000,71.000,-0.005556,0.550000,-0.835146,61.539,73.892,89.844,3213.0
Vielma_9_puntos_intento_8.mp4,17,141.667,True,150.000,170.000,0.000,152.000,71.000,0.011111,0.550000,-0.835091,61.459,73.872,94.564,3234.5
Vielma_9_puntos_intento_8.mp4,18,150.000,True,150.000,170.000,0.000,158.000,70.000,0.044444,0.555556,-0.830291,62.061,73.311,109.247,3135.0
Vielma_9_puntos_intento_8.mp4,19,158.333,True,150.000,170.000,0.000,164.000,69.000,0.077778,0.561111,-0.824078,59.793,73.522,117.135,3044.5
Vielma_9_puntos_intento_8.mp4,20,166.667,True,150.000,170.000,0.000,167.000,69.000,0.094444,0.561111,-0.822335,59.273,72.415,120.008,2993.5
Vielma_9_puntos_intento_8.mp4,21,175.000,True,150.000,170.000,0.000,166.000,69.000,0.088889,0.561111,-0.822954,58.912,72.814,113.141,2973.5
Vielma_9_puntos_intento_8.mp4,22,183.333,True,150.000,170.000,0.000,166.000,69.000,0.088889,0.561111,-0.822954,59.196,72.733,113.783,3020.5
Vielma_9_puntos_intento_8.mp4,23,191.667,True,150.000,170.000,0.000,166.000,69.000,0.088889,0.561111,-0.822954,59.139,72.327,114.070,3003.0
Vielma_9_puntos_intento_8.mp4,24,200.000,True,150.000,170.000,0.000,167.000,69.000,0.094444,0.561111,-0.822335,59.125,71.298,112.530,3018.0
Vielma_9_puntos_intento_8.mp4,25,208.333,True,150.000,170.000,0.000,167.000,68.000,0.094444,0.566667,-0.818516,60.084,73.292,115.803,3014.0
Vielma_9_puntos_intento_8.mp4,26,216.667,True,144.000,169.000,0.000,167.000,68.000,0.127778,0.561111,-0.817819,59.911,72.225,117.091,2998.0
Vielma_9_puntos_intento_8.mp4,27,225.000,True,144.000,169.000,0.000,167.000,68.000,0.127778,0.561111,-0.817819,58.905,72.639,115.215,3005.0
Vielma_9_puntos_intento_8.mp4,28,233.333,True,144.000,169.000,0.000,167.000,68.000,0.127778,0.561111,-0.817819,59.430,73.015,115.976,2990.5
Vielma_9_puntos_intento_8.mp4,29,241.667,True,144.000,169.000,0.000,168.000,68.000,0.133333,0.561111,-0.816931,59.394,70.856,112.282,2995.0
Vielma_9_puntos_intento_8.mp4,30,250.000,True,144.000,169.000,0.000,168.000,68.000,0.133333,0.561111,-0.816931,59.309,71.702,112.259,3004.0
Vielma_9_puntos_intento_8.mp4,31,258.333,True,144.000,169.000,0.000,168.000,69.000,0.133333,0.555556,-0.820719,59.074,71.275,112.599,3001.0
Vielma_9_puntos_intento_8.mp4,32,266.667,True,144.000,169.000,0.000,169.000,68.000,0.138889,0.561111,-0.816005,59.768,70.755,111.604,3038.5
Vielma_9_puntos_intento_8.mp4,33,275.000,True,144.000,169.000,0.000,168.000,68.000,0.133333,0.561111,-0.816931,58.988,71.506,113.649,2999.5
Vielma_9_puntos_intento_8.mp4,34,283.333,True,144.000,169.000,0.000,168.000,68.000,0.133333,0.561111,-0.816931,59.747,72.128,119.096,3002.5
Vielma_9_puntos_intento_8.mp4,35,291.667,True,144.000,169.000,0.000,168.000,68.000,0.133333,0.561111,-0.816931,59.150,71.471,115.223,2996.0
Vielma_9_puntos_intento_8.mp4,36,300.000,True,144.000,169.000,0.000,168.000,68.000,0.133333,0.561111,-0.816931,58.911,72.267,115.738,2997.0
Vielma_9_puntos_intento_8.mp4,37,308.333,True,144.000,169.000,0.000,168.000,68.000,0.133333,0.561111,-0.816931,58.931,72.146,114.577,2982.0
Vielma_9_puntos_intento_8.mp4,38,316.667,True,144.000,169.000,0.000,168.000,68.000,0.133333,0.561111,-0.816931,59.004,72.132,117.265,2989.5
Vielma_9_puntos_intento_8.mp4,39,325.000,True,144.000,169.000,0.000,168.000,68.000,0.133333,0.561111,-0.816931,58.922,71.977,118.195,2982.0
Vielma_9_puntos_intento_8.mp4,40,333.333,True,144.000,169.000,0.000,168.000,68.000,0.133333,0.561111,-0.816931,59.149,72.115,116.405,3000.0
Vielma_9_puntos_intento_8.mp4,41,341.667,True,144.000,169.000,0.000,168.000,69.000,0.133333,0.555556,-0.820719,58.348,71.403,113.511,2986.0
Vielma_9_puntos_intento_8.mp4,42,350.000,True,144.000,169.000,0.000,168.000,69.000,0.133333,0.555556,-0.820719,58.536,72.215,115.477,2993.5
Vielma_9_puntos_intento_8.mp4,43,358.333,True,144.000,169.000,0.000,168.000,68.000,0.133333,0.561111,-0.816931,58.438,71.209,117.886,2962.0
Vielma_9_puntos_intento_8.mp4,44,366.667,True,144.000,169.000,0.000,168.000,69.000,0.133333,0.555556,-0.820719,57.192,71.646,113.930,2973.0
Vielma_9_puntos_intento_8.mp4,45,375.000,True,144.000,169.000,0.000,169.000,69.000,0.138889,0.555556,-0.819797,58.237,70.129,113.537,2951.5
Vielma_9_puntos_intento_8.mp4,46,383.333,True,144.000,169.000,0.000,169.000,68.000,0.138889,0.561111,-0.816005,58.891,72.234,121.043,2972.0
Vielma_9_puntos_intento_8.mp4,47,391.667,True,144.000,169.000,0.000,170.000,69.000,0.144444,0.555556,-0.818837,58.125,69.409,116.675,2961.5
Vielma_9_puntos_intento_8.mp4,48,400.000,True,144.000,169.000,0.000,170.000,69.000,0.144444,0.555556,-0.818837,58.659,70.547,112.840,2959.5
Vielma_9_puntos_intento_8.mp4,49,408.333,True,144.000,169.000,0.000,170.000,69.000,0.144444,0.555556,-0.818837,57.431,71.972,117.048,2923.5
Vielma_9_puntos_intento_8.mp4,50,416.667,True,144.000,169.000,0.000,171.000,69.000,0.150000,0.555556,-0.817837,57.697,70.342,114.433,2933.5
Vielma_9_puntos_intento_8.mp4,51,425.000,True,144.000,169.000,0.000,171.000,69.000,0.150000,0.555556,-0.817837,57.748,69.492,115.403,2915.0
Vielma_9_puntos_intento_8.mp4,52,433.333,True,144.000,169.000,0.000,171.000,68.000,0.150000,0.561111,-0.814036,57.063,72.889,117.848,2924.5
Vielma_9_puntos_intento_8.mp4,53,441.667,True,144.000,169.000,0.000,175.000,66.000,0.172222,0.572222,-0.801811,54.635,71.445,121.875,2765.5
Vielma_9_puntos_intento_8.mp4,54,450.000,True,144.000,169.000,0.000,181.000,63.000,0.205556,0.588889,-0.781637,51.262,69.570,126.789,2519.0
Vielma_9_puntos_intento_8.mp4,55,458.333,True,144.000,169.000,0.000,185.000,60.000,0.227778,0.605556,-0.762509,46.285,70.412,128.300,2283.5
Vielma_9_puntos_intento_8.mp4,56,466.667,True,144.000,169.000,0.000,189.000,59.000,0.250000,0.611111,-0.751028,44.071,70.171,129.158,2146.0
Vielma_9_puntos_intento_8.mp4,57,475.000,True,144.000,169.000,0.000,191.000,59.000,0.261111,0.611111,-0.747238,42.504,70.026,130.716,2067.0
Vielma_9_puntos_intento_8.mp4,58,483.333,True,144.000,169.000,0.000,191.000,59.000,0.261111,0.611111,-0.747238,43.029,70.736,129.819,2109.5
Vielma_9_puntos_intento_8.mp4,59,491.667,True,144.000,169.000,0.000,191.000,59.000,0.261111,0.611111,-0.747238,43.683,69.362,131.165,2110.0
Vielma_9_puntos_intento_8.mp4,60,500.000,True,144.000,169.000,0.000,191.000,59.000,0.261111,0.611111,-0.747238,42.999,70.154,130.233,2086.0
Vielma_9_puntos_intento_8.mp4,61,508.333,True,144.000,169.000,0.000,191.000,58.000,0.261111,0.616667,-0.742660,43.767,68.641,130.378,2083.0
Vielma_9_puntos_intento_8.mp4,62,516.667,True,144.000,169.000,0.000,190.000,58.000,0.255556,0.616667,-0.744590,43.133,69.879,130.332,2097.0
Vielma_9_puntos_intento_8.mp4,63,525.000,True,144.000,169.000,0.000,190.000,58.000,0.255556,0.616667,-0.744590,43.584,71.255,129.760,2150.0
Vielma_9_puntos_intento_8.mp4,64,533.333,True,144.000,169.000,0.000,191.000,59.000,0.261111,0.611111,-0.747238,43.888,70.201,129.904,2176.5
Vielma_9_puntos_intento_8.mp4,65,541.667,True,144.000,169.000,0.000,190.000,58.000,0.255556,0.616667,-0.744590,44.037,71.142,128.627,2177.0
Vielma_9_puntos_intento_8.mp4,66,550.000,True,144.000,169.000,0.000,191.000,59.000,0.261111,0.611111,-0.747238,43.829,69.022,130.012,2154.0
Vielma_9_puntos_intento_8.mp4,67,558.333,True,144.000,169.000,0.000,191.000,59.000,0.261111,0.611111,-0.747238,44.147,68.862,130.309,2173.5
Vielma_9_puntos_intento_8.mp4,68,566.667,True,144.000,169.000,0.000,192.000,58.000,0.266667,0.616667,-0.740683,43.057,70.594,130.134,2122.5
Vielma_9_puntos_intento_8.mp4,69,575.000,True,144.000,169.000,0.000,196.000,56.000,0.288889,0.627778,-0.722799,39.012,68.441,131.333,1881.5
Vielma_9_puntos_intento_8.mp4,70,583.333,True,144.000,169.000,0.000,198.000,54.000,0.300000,0.638889,-0.708393,34.502,69.634,130.208,1652.0
Vielma_9_puntos_intento_8.mp4,71,591.667,True,144.000,169.000,0.000,201.000,54.000,0.316667,0.638889,-0.701101,32.080,68.304,129.667,1537.0
Vielma_9_puntos_intento_8.mp4,72,600.000,True,144.000,169.000,0.000,204.000,54.000,0.333333,0.638889,-0.693332,31.267,66.333,132.645,1498.5
Vielma_9_puntos_intento_8.mp4,73,608.333,True,144.000,169.000,0.000,203.000,54.000,0.327778,0.638889,-0.695976,32.567,65.951,130.660,1525.0
Vielma_9_puntos_intento_8.mp4,74,616.667,True,144.000,169.000,0.000,203.000,54.000,0.327778,0.638889,-0.695976,32.593,66.130,132.214,1532.5
Vielma_9_puntos_intento_8.mp4,75,625.000,True,144.000,169.000,0.000,203.000,53.000,0.327778,0.644444,-0.690835,32.338,67.722,131.814,1517.0
Vielma_9_puntos_intento_8.mp4,76,633.333,True,144.000,169.000,0.000,203.000,53.000,0.327778,0.644444,-0.690835,31.231,67.456,131.705,1507.0
Vielma_9_puntos_intento_8.mp4,77,641.667,True,144.000,169.000,0.000,203.000,53.000,0.327778,0.644444,-0.690835,32.103,66.882,130.917,1515.0
Vielma_9_puntos_intento_8.mp4,78,650.000,True,144.000,169.000,0.000,203.000,53.000,0.327778,0.644444,-0.690835,31.737,67.606,129.771,1509.5
Vielma_9_puntos_intento_8.mp4,79,658.333,True,144.000,169.000,0.000,203.000,54.000,0.327778,0.638889,-0.695976,31.294,66.560,129.442,1493.5
Vielma_9_puntos_intento_8.mp4,80,666.667,True,144.000,169.000,0.000,203.000,54.000,0.327778,0.638889,-0.695976,32.319,66.849,131.969,1554.0
Vielma_9_puntos_intento_8.mp4,81,675.000,True,144.000,169.000,0.000,203.000,54.000,0.327778,0.638889,-0.695976,32.153,65.264,131.410,1516.0
Vielma_9_puntos_intento_8.mp4,82,683.333,True,144.000,169.000,0.000,203.000,54.000,0.327778,0.638889,-0.695976,32.210,66.762,130.131,1520.5
Vielma_9_puntos_intento_8.mp4,83,691.667,True,144.000,169.000,0.000,202.000,54.000,0.322222,0.638889,-0.698566,31.778,69.029,129.604,1525.0
Vielma_9_puntos_intento_8.mp4,84,700.000,True,144.000,169.000,0.000,202.000,53.000,0.322222,0.644444,-0.693444,31.893,68.575,129.467,1533.0
Vielma_9_puntos_intento_8.mp4,85,708.333,True,144.000,169.000,0.000,202.000,53.000,0.322222,0.644444,-0.693444,32.694,66.372,130.456,1531.0
Vielma_9_puntos_intento_8.mp4,86,716.667,True,144.000,169.000,0.000,202.000,53.000,0.322222,0.644444,-0.693444,32.265,66.599,132.164,1544.0
Vielma_9_puntos_intento_8.mp4,87,725.000,True,144.000,169.000,0.000,202.000,53.000,0.322222,0.644444,-0.693444,33.155,65.988,131.168,1553.0
Vielma_9_puntos_intento_8.mp4,88,733.333,True,144.000,169.000,0.000,202.000,53.000,0.322222,0.644444,-0.693444,33.799,66.127,132.561,1563.0
Vielma_9_puntos_intento_8.mp4,89,741.667,True,144.000,169.000,0.000,201.000,53.000,0.316667,0.644444,-0.695998,33.091,66.298,130.223,1561.5
Vielma_9_puntos_intento_8.mp4,90,750.000,True,144.000,169.000,0.000,201.000,53.000,0.316667,0.644444,-0.695998,33.164,66.083,129.731,1560.0
Vielma_9_puntos_intento_8.mp4,91,758.333,True,144.000,169.000,0.000,200.000,53.000,0.311111,0.644444,-0.698499,33.756,66.934,130.146,1575.0
Vielma_9_puntos_intento_8.mp4,92,766.667,True,144.000,169.000,0.000,199.000,53.000,0.305556,0.644444,-0.700947,33.059,68.214,127.928,1569.5
Vielma_9_puntos_intento_8.mp4,93,775.000,True,144.000,169.000,0.000,200.000,53.000,0.311111,0.644444,-0.698499,33.024,66.864,128.920,1584.0
Vielma_9_puntos_intento_8.mp4,94,783.333,True,144.000,169.000,0.000,199.000,53.000,0.305556,0.644444,-0.700947,33.431,66.913,130.221,1585.5
Vielma_9_puntos_intento_8.mp4,95,791.667,True,144.000,169.000,0.000,200.000,53.000,0.311111,0.644444,-0.698499,33.557,66.570,130.150,1582.0
Vielma_9_puntos_intento_8.mp4,96,800.000,True,144.000,169.000,0.000,199.000,53.000,0.305556,0.644444,-0.700947,34.320,67.252,128.874,1642.5
Vielma_9_puntos_intento_8.mp4,97,808.333,True,144.000,169.000,0.000,199.000,53.000,0.305556,0.644444,-0.700947,33.931,68.894,129.055,1658.0
Vielma_9_puntos_intento_8.mp4,98,816.667,True,144.000,169.000,0.000,199.000,53.000,0.305556,0.644444,-0.700947,33.751,68.841,128.532,1646.5
Vielma_9_puntos_intento_8.mp4,99,825.000,True,144.000,169.000,0.000,198.000,53.000,0.300000,0.644444,-0.703343,34.166,69.045,129.729,1660.5
Vielma_9_puntos_intento_8.mp4,100,833.333,True,144.000,169.000,0.000,198.000,53.000,0.300000,0.644444,-0.703343,34.173,67.508,129.818,1660.5
Vielma_9_puntos_intento_8.mp4,101,841.667,True,144.000,169.000,0.000,199.000,53.000,0.305556,0.644444,-0.700947,33.928,66.713,128.115,1662.0
Vielma_9_puntos_intento_8.mp4,102,850.000,True,144.000,169.000,0.000,198.000,53.000,0.300000,0.644444,-0.703343,35.243,68.071,130.516,1726.5
Vielma_9_puntos_intento_8.mp4,103,858.333,True,144.000,169.000,0.000,198.000,52.000,0.300000,0.650000,-0.698212,34.930,70.174,128.495,1735.0
Vielma_9_puntos_intento_8.mp4,104,866.667,True,144.000,169.000,0.000,198.000,53.000,0.300000,0.644444,-0.703343,34.656,71.148,126.547,1732.0
Vielma_9_puntos_intento_8.mp4,105,875.000,True,144.000,169.000,0.000,197.000,53.000,0.294444,0.644444,-0.705687,34.586,70.495,127.453,1738.5
Vielma_9_puntos_intento_8.mp4,106,883.333,True,144.000,169.000,0.000,197.000,53.000,0.294444,0.644444,-0.705687,34.201,70.250,127.796,1732.0
Vielma_9_puntos_intento_8.mp4,107,891.667,True,144.000,169.000,0.000,198.000,52.000,0.300000,0.650000,-0.698212,35.401,69.045,129.630,1732.5
Vielma_9_puntos_intento_8.mp4,108,900.000,True,144.000,169.000,0.000,198.000,53.000,0.300000,0.644444,-0.703343,34.826,68.478,129.172,1723.0
Vielma_9_puntos_intento_8.mp4,109,908.333,True,144.000,169.000,0.000,198.000,53.000,0.300000,0.644444,-0.703343,34.982,68.142,128.533,1722.5
Vielma_9_puntos_intento_8.mp4,110,916.667,True,144.000,169.000,0.000,198.000,53.000,0.300000,0.644444,-0.703343,35.129,67.632,128.221,1728.0
Vielma_9_puntos_intento_8.mp4,111,925.000,True,144.000,169.000,0.000,198.000,53.000,0.300000,0.644444,-0.703343,34.738,68.106,127.255,1702.5
Vielma_9_puntos_intento_8.mp4,112,933.333,True,144.000,169.000,0.000,198.000,53.000,0.300000,0.644444,-0.703343,34.337,67.529,127.036,1696.5
Vielma_9_puntos_intento_8.mp4,113,941.667,True,144.000,169.000,0.000,198.000,53.000,0.300000,0.644444,-0.703343,34.034,68.659,125.920,1685.0
Vielma_9_puntos_intento_8.mp4,114,950.000,True,144.000,169.000,0.000,197.000,53.000,0.294444,0.644444,-0.705687,34.277,69.088,126.837,1684.5
Vielma_9_puntos_intento_8.mp4,115,958.333,True,144.000,169.000,0.000,197.000,52.000,0.294444,0.650000,-0.700573,34.565,68.607,127.549,1674.5
Vielma_9_puntos_intento_8.mp4,116,966.667,True,144.000,169.000,0.000,198.000,53.000,0.300000,0.644444,-0.703343,34.143,66.685,128.883,1671.5
Vielma_9_puntos_intento_8.mp4,117,975.000,True,144.000,169.000,0.000,197.000,53.000,0.294444,0.644444,-0.705687,34.166,66.634,128.727,1674.0
Vielma_9_puntos_intento_8.mp4,118,983.333,True,144.000,169.000,0.000,189.000,51.000,0.250000,0.655556,-0.712564,36.557,66.242,130.821,1712.5
Vielma_9_puntos_intento_8.mp4,119,991.667,True,144.000,169.000,0.000,178.000,50.000,0.188889,0.661111,-0.726122,41.685,61.738,126.350,1756.5
Vielma_9_puntos_intento_8.mp4,120,1000.000,True,144.000,169.000,0.000,168.000,50.000,0.133333,0.661111,-0.738346,46.553,59.822,121.023,1792.0
Vielma_9_puntos_intento_8.mp4,121,1008.333,True,144.000,169.000,0.000,162.000,50.000,0.100000,0.661111,-0.743594,46.485,61.199,112.393,1843.0
Vielma_9_puntos_intento_8.mp4,122,1016.667,True,144.000,169.000,0.000,161.000,50.000,0.094444,0.661111,-0.744320,47.396,58.688,117.879,1839.5
Vielma_9_puntos_intento_8.mp4,123,1025.000,True,144.000,169.000,0.000,162.000,49.000,0.100000,0.666667,-0.738617,46.381,60.945,119.018,1819.0
Vielma_9_puntos_intento_8.mp4,124,1033.333,True,144.000,169.000,0.000,161.000,49.000,0.094444,0.666667,-0.739348,45.540,59.976,117.339,1772.0
Vielma_9_puntos_intento_8.mp4,125,1041.667,True,144.000,169.000,0.000,161.000,49.000,0.094444,0.666667,-0.739348,46.017,58.950,116.422,1773.5
Vielma_9_puntos_intento_8.mp4,126,1050.000,True,144.000,169.000,0.000,161.000,49.000,0.094444,0.666667,-0.739348,45.469,60.878,116.916,1762.0
Vielma_9_puntos_intento_8.mp4,127,1058.333,True,144.000,169.000,0.000,161.000,49.000,0.094444,0.666667,-0.739348,45.713,59.768,118.280,1763.0
Vielma_9_puntos_intento_8.mp4,128,1066.667,True,144.000,169.000,0.000,161.000,49.000,0.094444,0.666667,-0.739348,45.852,61.184,115.579,1745.0
Vielma_9_puntos_intento_8.mp4,129,1075.000,True,144.000,169.000,0.000,161.000,48.000,0.094444,0.672222,-0.734301,46.175,59.454,117.012,1752.0
Vielma_9_puntos_intento_8.mp4,130,1083.333,True,144.000,169.000,0.000,162.000,48.000,0.100000,0.672222,-0.733565,45.720,59.306,120.555,1747.5
Vielma_9_puntos_intento_8.mp4,131,1091.667,True,144.000,169.000,0.000,161.000,49.000,0.094444,0.666667,-0.739348,45.574,59.026,116.089,1744.0
Vielma_9_puntos_intento_8.mp4,132,1100.000,True,144.000,169.000,0.000,162.000,49.000,0.100000,0.666667,-0.738617,46.476,58.341,118.185,1741.5
Vielma_9_puntos_intento_8.mp4,133,1108.333,True,144.000,169.000,0.000,161.000,48.000,0.094444,0.672222,-0.734301,45.800,60.125,115.901,1720.0
Vielma_9_puntos_intento_8.mp4,134,1116.667,True,144.000,169.000,0.000,162.000,49.000,0.100000,0.666667,-0.738617,45.246,58.518,118.962,1725.5
Vielma_9_puntos_intento_8.mp4,135,1125.000,True,144.000,169.000,0.000,161.000,48.000,0.094444,0.672222,-0.734301,45.100,58.851,119.722,1710.0
Vielma_9_puntos_intento_8.mp4,136,1133.333,True,144.000,169.000,0.000,161.000,48.000,0.094444,0.672222,-0.734301,45.346,59.452,115.637,1707.0
Vielma_9_puntos_intento_8.mp4,137,1141.667,True,144.000,169.000,0.000,162.000,48.000,0.100000,0.672222,-0.733565,45.273,57.878,118.986,1712.0
Vielma_9_puntos_intento_8.mp4,138,1150.000,True,144.000,169.000,0.000,162.000,48.000,0.100000,0.672222,-0.733565,45.771,58.259,117.035,1731.5
Vielma_9_puntos_intento_8.mp4,139,1158.333,True,144.000,169.000,0.000,162.000,48.000,0.100000,0.672222,-0.733565,44.898,58.037,116.623,1699.0
Vielma_9_puntos_intento_8.mp4,140,1166.667,True,144.000,169.000,0.000,163.000,48.000,0.105556,0.672222,-0.732786,45.229,57.038,123.725,1701.5
Vielma_9_puntos_intento_8.mp4,141,1175.000,True,144.000,169.000,0.000,165.000,48.000,0.116667,0.672222,-0.731099,44.181,60.381,118.232,1707.0
Vielma_9_puntos_intento_8.mp4,142,1183.333,True,144.000,169.000,0.000,173.000,49.000,0.161111,0.666667,-0.727735,41.986,61.568,121.941,1695.0
Vielma_9_puntos_intento_8.mp4,143,1191.667,True,144.000,169.000,0.000,182.000,50.000,0.211111,0.661111,-0.719975,38.003,62.660,127.484,1682.0
Vielma_9_puntos_intento_8.mp4,144,1200.000,True,144.000,169.000,0.000,189.000,51.000,0.250000,0.655556,-0.712564,35.349,63.539,129.675,1606.5
Vielma_9_puntos_intento_8.mp4,145,1208.333,True,144.000,169.000,0.000,194.000,52.000,0.277778,0.650000,-0.707347,33.703,65.626,129.368,1546.0
Vielma_9_puntos_intento_8.mp4,146,1216.667,True,144.000,169.000,0.000,195.000,51.000,0.283333,0.655556,-0.699978,33.247,65.393,128.913,1513.5
Vielma_9_puntos_intento_8.mp4,147,1225.000,True,144.000,169.000,0.000,194.000,51.000,0.277778,0.655556,-0.702201,32.954,65.929,127.223,1543.0
Vielma_9_puntos_intento_8.mp4,148,1233.333,True,144.000,169.000,0.000,196.000,51.000,0.288889,0.655556,-0.697703,33.853,63.835,129.450,1546.5
Vielma_9_puntos_intento_8.mp4,149,1241.667,True,144.000,169.000,0.000,195.000,51.000,0.283333,0.655556,-0.699978,33.285,65.013,128.527,1541.5
Vielma_9_puntos_intento_8.mp4,150,1250.000,True,144.000,169.000,0.000,196.000,51.000,0.288889,0.655556,-0.697703,33.643,64.115,129.447,1563.5
Vielma_9_puntos_intento_8.mp4,151,1258.333,True,144.000,169.000,0.000,196.000,51.000,0.288889,0.655556,-0.697703,33.590,64.091,131.187,1533.5
Vielma_9_puntos_intento_8.mp4,152,1266.667,True,144.000,169.000,0.000,195.000,51.000,0.283333,0.655556,-0.699978,33.239,64.524,127.554,1550.0
Vielma_9_puntos_intento_8.mp4,153,1275.000,True,144.000,169.000,0.000,195.000,51.000,0.283333,0.655556,-0.699978,33.778,64.297,127.838,1557.0
Vielma_9_puntos_intento_8.mp4,154,1283.333,True,144.000,169.000,0.000,196.000,51.000,0.288889,0.655556,-0.697703,33.162,64.684,128.790,1545.5
Vielma_9_puntos_intento_8.mp4,155,1291.667,True,144.000,169.000,0.000,195.000,50.000,0.283333,0.661111,-0.694733,33.100,64.744,127.728,1531.0
Vielma_9_puntos_intento_8.mp4,156,1300.000,True,144.000,169.000,0.000,195.000,50.000,0.283333,0.661111,-0.694733,32.642,63.790,127.196,1516.0
Vielma_9_puntos_intento_8.mp4,157,1308.333,True,144.000,169.000,0.000,196.000,51.000,0.288889,0.655556,-0.697703,32.815,62.981,128.827,1516.5
Vielma_9_puntos_intento_8.mp4,158,1316.667,True,144.000,169.000,0.000,195.000,50.000,0.283333,0.661111,-0.694733,33.022,64.336,128.796,1541.0
Vielma_9_puntos_intento_8.mp4,159,1325.000,True,144.000,169.000,0.000,195.000,50.000,0.283333,0.661111,-0.694733,31.938,64.876,129.442,1525.0
Vielma_9_puntos_intento_8.mp4,160,1333.333,True,144.000,169.000,0.000,196.000,50.000,0.288889,0.661111,-0.692442,31.879,64.662,128.479,1527.5
Vielma_9_puntos_intento_8.mp4,161,1341.667,True,144.000,169.000,0.000,196.000,50.000,0.288889,0.661111,-0.692442,33.319,64.113,128.991,1539.5
Vielma_9_puntos_intento_8.mp4,162,1350.000,True,144.000,169.000,0.000,196.000,50.000,0.288889,0.661111,-0.692442,32.675,63.199,126.289,1523.0
Vielma_9_puntos_intento_8.mp4,163,1358.333,True,144.000,169.000,0.000,196.000,50.000,0.288889,0.661111,-0.692442,32.929,63.596,128.924,1513.0
Vielma_9_puntos_intento_8.mp4,164,1366.667,True,144.000,169.000,0.000,196.000,50.000,0.288889,0.661111,-0.692442,32.639,63.506,127.653,1500.5
Vielma_9_puntos_intento_8.mp4,165,1375.000,True,144.000,169.000,0.000,196.000,50.000,0.288889,0.661111,-0.692442,32.502,63.798,127.948,1507.0
Vielma_9_puntos_intento_8.mp4,166,1383.333,True,144.000,169.000,0.000,196.000,50.000,0.288889,0.661111,-0.692442,33.195,63.960,128.205,1525.0
Vielma_9_puntos_intento_8.mp4,167,1391.667,True,144.000,169.000,0.000,196.000,50.000,0.288889,0.661111,-0.692442,33.380,62.124,128.650,1504.0
Vielma_9_puntos_intento_8.mp4,168,1400.000,True,144.000,169.000,0.000,196.000,50.000,0.288889,0.661111,-0.692442,33.011,63.221,127.003,1531.0
Vielma_9_puntos_intento_8.mp4,169,1408.333,True,144.000,169.000,0.000,196.000,50.000,0.288889,0.661111,-0.692442,32.871,63.233,126.755,1511.5
Vielma_9_puntos_intento_8.mp4,170,1416.667,True,144.000,169.000,0.000,196.000,50.000,0.288889,0.661111,-0.692442,32.644,62.566,127.527,1504.0
Vielma_9_puntos_intento_8.mp4,171,1425.000,True,144.000,169.000,0.000,196.000,50.000,0.288889,0.661111,-0.692442,31.903,62.195,127.730,1444.5
Vielma_9_puntos_intento_8.mp4,172,1433.333,True,144.000,169.000,0.000,196.000,50.000,0.288889,0.661111,-0.692442,31.618,62.314,129.693,1448.5
Vielma_9_puntos_intento_8.mp4,173,1441.667,True,144.000,169.000,0.000,196.000,50.000,0.288889,0.661111,-0.692442,31.871,62.486,129.735,1451.5
Vielma_9_puntos_intento_8.mp4,174,1450.000,True,144.000,169.000,0.000,196.000,50.000,0.288889,0.661111,-0.692442,32.008,61.906,128.292,1468.5
Vielma_9_puntos_intento_8.mp4,175,1458.333,True,144.000,169.000,0.000,196.000,49.000,0.288889,0.666667,-0.687094,32.303,62.919,129.154,1469.0
Vielma_9_puntos_intento_8.mp4,176,1466.667,True,144.000,169.000,0.000,196.000,50.000,0.288889,0.661111,-0.692442,31.944,62.979,128.408,1468.5
Vielma_9_puntos_intento_8.mp4,177,1475.000,True,144.000,169.000,0.000,196.000,50.000,0.288889,0.661111,-0.692442,31.985,62.354,128.144,1465.0
Vielma_9_puntos_intento_8.mp4,178,1483.333,True,144.000,169.000,0.000,196.000,49.000,0.288889,0.666667,-0.687094,32.989,62.439,128.423,1484.0
Vielma_9_puntos_intento_8.mp4,179,1491.667,True,144.000,169.000,0.000,196.000,49.000,0.288889,0.666667,-0.687094,31.841,62.424,127.639,1449.5
Vielma_9_puntos_intento_8.mp4,180,1500.000,True,144.000,169.000,0.000,196.000,50.000,0.288889,0.661111,-0.692442,31.960,61.260,128.698,1462.0
Vielma_9_puntos_intento_8.mp4,181,1508.333,True,144.000,169.000,0.000,196.000,49.000,0.288889,0.666667,-0.687094,32.984,62.842,128.630,1478.5
Vielma_9_puntos_intento_8.mp4,182,1516.667,True,144.000,169.000,0.000,196.000,49.000,0.288889,0.666667,-0.687094,32.877,62.679,129.877,1463.0
Vielma_9_puntos_intento_8.mp4,183,1525.000,True,144.000,169.000,0.000,195.000,49.000,0.283333,0.666667,-0.689404,32.213,63.954,128.321,1458.5
Vielma_9_puntos_intento_8.mp4,184,1533.333,True,144.000,169.000,0.000,195.000,49.000,0.283333,0.666667,-0.689404,32.415,64.169,128.929,1469.5
Vielma_9_puntos_intento_8.mp4,185,1541.667,True,144.000,169.000,0.000,195.000,49.000,0.283333,0.666667,-0.689404,31.866,63.702,125.800,1459.5
Vielma_9_puntos_intento_8.mp4,186,1550.000,True,144.000,169.000,0.000,196.000,49.000,0.288889,0.666667,-0.687094,33.238,61.208,130.124,1456.5
Vielma_9_puntos_intento_8.mp4,187,1558.333,True,144.000,169.000,0.000,196.000,49.000,0.288889,0.666667,-0.687094,32.704,62.731,128.700,1455.5
Vielma_9_puntos_intento_8.mp4,188,1566.667,True,144.000,169.000,0.000,196.000,49.000,0.288889,0.666667,-0.687094,32.487,63.022,127.344,1467.5
Vielma_9_puntos_intento_8.mp4,189,1575.000,True,144.000,169.000,0.000,195.000,49.000,0.283333,0.666667,-0.689404,32.279,63.057,126.832,1443.5
Vielma_9_puntos_intento_8.mp4,190,1583.333,True,144.000,169.000,0.000,195.000,49.000,0.283333,0.666667,-0.689404,32.849,61.939,129.008,1448.5
Vielma_9_puntos_intento_8.mp4,191,1591.667,True,144.000,169.000,0.000,195.000,49.000,0.283333,0.666667,-0.689404,32.337,62.642,128.808,1435.5
Vielma_9_puntos_intento_8.mp4,192,1600.000,True,144.000,169.000,0.000,196.000,49.000,0.288889,0.666667,-0.687094,32.810,61.513,128.981,1460.0
Vielma_9_puntos_intento_8.mp4,193,1608.333,True,144.000,169.000,0.000,196.000,49.000,0.288889,0.666667,-0.687094,32.525,61.416,127.189,1457.0
Vielma_9_puntos_intento_8.mp4,194,1616.667,True,144.000,169.000,0.000,195.000,49.000,0.283333,0.666667,-0.689404,32.879,63.286,127.096,1453.5
Vielma_9_puntos_intento_8.mp4,195,1625.000,True,144.000,169.000,0.000,196.000,49.000,0.288889,0.666667,-0.687094,33.015,61.345,128.131,1465.5
Vielma_9_puntos_intento_8.mp4,196,1633.333,True,144.000,169.000,0.000,196.000,49.000,0.288889,0.666667,-0.687094,32.499,62.143,128.704,1467.5
Vielma_9_puntos_intento_8.mp4,197,1641.667,True,144.000,169.000,0.000,196.000,49.000,0.288889,0.666667,-0.687094,32.722,61.774,129.440,1476.0
Vielma_9_puntos_intento_8.mp4,198,1650.000,True,144.000,169.000,0.000,196.000,49.000,0.288889,0.666667,-0.687094,32.614,62.349,128.208,1470.5
Vielma_9_puntos_intento_8.mp4,199,1658.333,True,144.000,169.000,0.000,195.000,49.000,0.283333,0.666667,-0.689404,32.124,62.590,127.567,1455.5
Vielma_9_puntos_intento_8.mp4,200,1666.667,True,144.000,169.000,0.000,196.000,49.000,0.288889,0.666667,-0.687094,31.788,62.554,127.272,1466.5
Vielma_9_puntos_intento_8.mp4,201,1675.000,True,144.000,169.000,0.000,196.000,49.000,0.288889,0.666667,-0.687094,32.639,63.095,127.084,1471.5
Vielma_9_puntos_intento_8.mp4,202,1683.333,True,144.000,169.000,0.000,195.000,49.000,0.283333,0.666667,-0.689404,32.657,63.567,126.671,1480.5
Vielma_9_puntos_intento_8.mp4,203,1691.667,True,144.000,169.000,0.000,196.000,49.000,0.288889,0.666667,-0.687094,32.245,63.090,127.550,1475.5
Vielma_9_puntos_intento_8.mp4,204,1700.000,True,144.000,169.000,0.000,196.000,49.000,0.288889,0.666667,-0.687094,32.897,62.080,127.775,1475.0
Vielma_9_puntos_intento_8.mp4,205,1708.333,True,144.000,169.000,0.000,196.000,49.000,0.288889,0.666667,-0.687094,32.858,61.794,129.988,1476.0
Vielma_9_puntos_intento_8.mp4,206,1716.667,True,144.000,169.000,0.000,196.000,49.000,0.288889,0.666667,-0.687094,32.455,62.387,128.369,1493.5
Vielma_9_puntos_intento_8.mp4,207,1725.000,True,144.000,169.000,0.000,196.000,49.000,0.288889,0.666667,-0.687094,32.813,62.377,127.795,1491.5
Vielma_9_puntos_intento_8.mp4,208,1733.333,True,144.000,169.000,0.000,196.000,49.000,0.288889,0.666667,-0.687094,32.020,62.720,128.024,1456.5
Vielma_9_puntos_intento_8.mp4,209,1741.667,True,144.000,169.000,0.000,196.000,49.000,0.288889,0.666667,-0.687094,32.254,62.459,127.899,1472.5
Vielma_9_puntos_intento_8.mp4,210,1750.000,True,144.000,169.000,0.000,196.000,49.000,0.288889,0.666667,-0.687094,32.580,62.898,128.861,1472.5
Vielma_9_puntos_intento_8.mp4,211,1758.333,True,144.000,169.000,0.000,196.000,49.000,0.288889,0.666667,-0.687094,32.433,62.066,128.408,1481.0
Vielma_9_puntos_intento_8.mp4,212,1766.667,True,144.000,169.000,0.000,196.000,49.000,0.288889,0.666667,-0.687094,32.349,63.220,126.903,1473.5
Vielma_9_puntos_intento_8.mp4,213,1775.000,True,144.000,169.000,0.000,196.000,49.000,0.288889,0.666667,-0.687094,32.081,62.569,127.464,1469.5
Vielma_9_puntos_intento_8.mp4,214,1783.333,True,144.000,169.000,0.000,196.000,49.000,0.288889,0.666667,-0.687094,32.184,61.888,129.535,1466.0
Vielma_9_puntos_intento_8.mp4,215,1791.667,True,144.000,169.000,0.000,196.000,49.000,0.288889,0.666667,-0.687094,32.394,61.316,128.982,1453.5
Vielma_9_puntos_intento_8.mp4,216,1800.000,True,144.000,169.000,0.000,196.000,49.000,0.288889,0.666667,-0.687094,32.244,61.435,128.911,1449.0
Vielma_9_puntos_intento_8.mp4,217,1808.333,True,144.000,169.000,0.000,196.000,49.000,0.288889,0.666667,-0.687094,32.447,63.026,127.698,1464.5
Vielma_9_puntos_intento_8.mp4,218,1816.667,True,144.000,169.000,0.000,196.000,49.000,0.288889,0.666667,-0.687094,33.059,62.840,128.716,1474.5
Vielma_9_puntos_intento_8.mp4,219,1825.000,True,144.000,169.000,0.000,196.000,49.000,0.288889,0.666667,-0.687094,32.779,62.933,130.398,1462.0
Vielma_9_puntos_intento_8.mp4,220,1833.333,True,144.000,169.000,0.000,196.000,49.000,0.288889,0.666667,-0.687094,31.725,63.690,128.672,1470.5
Vielma_9_puntos_intento_8.mp4,221,1841.667,True,144.000,169.000,0.000,196.000,49.000,0.288889,0.666667,-0.687094,32.052,63.284,128.938,1467.5
Vielma_9_puntos_intento_8.mp4,222,1850.000,True,144.000,169.000,0.000,195.000,48.000,0.283333,0.672222,-0.683988,32.512,64.148,127.022,1463.5
Vielma_9_puntos_intento_8.mp4,223,1858.333,True,144.000,169.000,0.000,196.000,48.000,0.288889,0.672222,-0.681660,32.553,63.270,127.527,1449.0
Vielma_9_puntos_intento_8.mp4,224,1866.667,True,144.000,169.000,0.000,196.000,49.000,0.288889,0.666667,-0.687094,32.388,62.933,128.167,1455.5
Vielma_9_puntos_intento_8.mp4,225,1875.000,True,144.000,169.000,0.000,196.000,49.000,0.288889,0.666667,-0.687094,32.619,61.618,129.051,1463.0
Vielma_9_puntos_intento_8.mp4,226,1883.333,True,144.000,169.000,0.000,196.000,49.000,0.288889,0.666667,-0.687094,32.646,61.219,128.290,1445.5
Vielma_9_puntos_intento_8.mp4,227,1891.667,True,144.000,169.000,0.000,196.000,49.000,0.288889,0.666667,-0.687094,32.752,61.646,130.009,1463.5
Vielma_9_puntos_intento_8.mp4,228,1900.000,True,144.000,169.000,0.000,196.000,48.000,0.288889,0.672222,-0.681660,32.592,62.458,128.834,1460.0
Vielma_9_puntos_intento_8.mp4,229,1908.333,True,144.000,169.000,0.000,197.000,49.000,0.294444,0.666667,-0.684732,33.881,61.062,132.065,1467.0
Vielma_9_puntos_intento_8.mp4,230,1916.667,True,144.000,169.000,0.000,197.000,49.000,0.294444,0.666667,-0.684732,32.218,61.461,129.907,1453.5
Vielma_9_puntos_intento_8.mp4,231,1925.000,True,144.000,169.000,0.000,196.000,49.000,0.288889,0.666667,-0.687094,32.536,61.521,130.539,1462.0
Vielma_9_puntos_intento_8.mp4,232,1933.333,True,144.000,169.000,0.000,196.000,49.000,0.288889,0.666667,-0.687094,32.128,62.743,128.291,1468.0
Vielma_9_puntos_intento_8.mp4,233,1941.667,True,144.000,169.000,0.000,196.000,49.000,0.288889,0.666667,-0.687094,32.295,62.392,129.495,1457.5
Vielma_9_puntos_intento_8.mp4,234,1950.000,True,144.000,169.000,0.000,196.000,48.000,0.288889,0.672222,-0.681660,32.438,62.404,129.198,1461.0
Vielma_9_puntos_intento_8.mp4,235,1958.333,True,144.000,169.000,0.000,195.000,48.000,0.283333,0.672222,-0.683988,32.688,62.508,127.895,1444.5
Vielma_9_puntos_intento_8.mp4,236,1966.667,True,144.000,169.000,0.000,196.000,49.000,0.288889,0.666667,-0.687094,32.687,62.524,127.820,1461.5
Vielma_9_puntos_intento_8.mp4,237,1975.000,True,144.000,169.000,0.000,196.000,49.000,0.288889,0.666667,-0.687094,32.311,62.207,130.264,1445.5
Vielma_9_puntos_intento_8.mp4,238,1983.333,True,144.000,169.000,0.000,196.000,49.000,0.288889,0.666667,-0.687094,32.420,62.922,128.822,1462.0
Vielma_9_puntos_intento_8.mp4,239,1991.667,True,144.000,169.000,0.000,196.000,48.000,0.288889,0.672222,-0.681660,32.590,62.883,128.898,1455.5
Vielma_9_puntos_intento_8.mp4,240,2000.000,True,144.000,169.000,0.000,196.000,49.000,0.288889,0.666667,-0.687094,32.055,63.503,128.036,1477.5
Vielma_9_puntos_intento_8.mp4,241,2008.333,True,144.000,169.000,0.000,196.000,49.000,0.288889,0.666667,-0.687094,32.088,62.465,127.478,1429.5
Vielma_9_puntos_intento_8.mp4,242,2016.667,True,144.000,169.000,0.000,196.000,48.000,0.288889,0.672222,-0.681660,32.376,62.869,127.624,1439.0
Vielma_9_puntos_intento_8.mp4,243,2025.000,True,144.000,169.000,0.000,196.000,49.000,0.288889,0.666667,-0.687094,32.351,62.798,126.827,1442.5
Vielma_9_puntos_intento_8.mp4,244,2033.333,True,144.000,169.000,0.000,195.000,48.000,0.283333,0.672222,-0.683988,32.420,63.174,127.238,1460.5
Vielma_9_puntos_intento_8.mp4,245,2041.667,True,144.000,169.000,0.000,196.000,48.000,0.288889,0.672222,-0.681660,32.543,62.798,128.939,1436.5
Vielma_9_puntos_intento_8.mp4,246,2050.000,True,144.000,169.000,0.000,196.000,49.000,0.288889,0.666667,-0.687094,32.708,62.094,128.882,1444.0
Vielma_9_puntos_intento_8.mp4,247,2058.333,True,144.000,169.000,0.000,196.000,48.000,0.288889,0.672222,-0.681660,32.764,63.287,128.129,1439.5
Vielma_9_puntos_intento_8.mp4,248,2066.667,True,144.000,169.000,0.000,196.000,48.000,0.288889,0.672222,-0.681660,32.624,62.549,128.943,1469.0
Vielma_9_puntos_intento_8.mp4,249,2075.000,True,144.000,169.000,0.000,196.000,48.000,0.288889,0.672222,-0.681660,32.290,62.934,128.436,1452.0
Vielma_9_puntos_intento_8.mp4,250,2083.333,True,144.000,169.000,0.000,196.000,48.000,0.288889,0.672222,-0.681660,32.420,61.880,128.937,1444.0
Vielma_9_puntos_intento_8.mp4,251,2091.667,True,144.000,169.000,0.000,196.000,48.000,0.288889,0.672222,-0.681660,32.163,63.325,128.440,1444.5
Vielma_9_puntos_intento_8.mp4,252,2100.000,True,144.000,169.000,0.000,196.000,48.000,0.288889,0.672222,-0.681660,33.172,62.571,129.211,1470.0
Vielma_9_puntos_intento_8.mp4,253,2108.333,True,144.000,169.000,0.000,196.000,49.000,0.288889,0.666667,-0.687094,32.250,62.156,127.980,1450.5
Vielma_9_puntos_intento_8.mp4,254,2116.667,True,144.000,169.000,0.000,196.000,49.000,0.288889,0.666667,-0.687094,32.919,62.965,128.042,1461.5
Vielma_9_puntos_intento_8.mp4,255,2125.000,True,144.000,169.000,0.000,196.000,48.000,0.288889,0.672222,-0.681660,32.585,61.610,129.647,1449.0
Vielma_9_puntos_intento_8.mp4,256,2133.333,True,144.000,169.000,0.000,196.000,49.000,0.288889,0.666667,-0.687094,32.999,61.096,130.451,1448.0
Vielma_9_puntos_intento_8.mp4,257,2141.667,True,144.000,169.000,0.000,196.000,49.000,0.288889,0.666667,-0.687094,32.645,61.736,130.021,1443.5
Vielma_9_puntos_intento_8.mp4,258,2150.000,True,144.000,169.000,0.000,196.000,49.000,0.288889,0.666667,-0.687094,32.166,61.457,128.357,1463.5
Vielma_9_puntos_intento_8.mp4,259,2158.333,True,144.000,169.000,0.000,196.000,49.000,0.288889,0.666667,-0.687094,32.850,60.887,127.922,1468.5
Vielma_9_puntos_intento_8.mp4,260,2166.667,True,144.000,169.000,0.000,196.000,49.000,0.288889,0.666667,-0.687094,33.104,60.537,129.558,1458.5
Vielma_9_puntos_intento_8.mp4,261,2175.000,True,144.000,169.000,0.000,196.000,48.000,0.288889,0.672222,-0.681660,33.259,62.654,129.724,1464.5
Vielma_9_puntos_intento_8.mp4,262,2183.333,True,144.000,169.000,0.000,196.000,49.000,0.288889,0.666667,-0.687094,32.289,61.666,127.476,1469.0
Vielma_9_puntos_intento_8.mp4,263,2191.667,True,144.000,169.000,0.000,196.000,48.000,0.288889,0.672222,-0.681660,32.774,62.706,127.744,1463.0
Vielma_9_puntos_intento_8.mp4,264,2200.000,True,144.000,169.000,0.000,196.000,49.000,0.288889,0.666667,-0.687094,32.627,62.117,128.180,1469.5
Vielma_9_puntos_intento_8.mp4,265,2208.333,True,144.000,169.000,0.000,196.000,49.000,0.288889,0.666667,-0.687094,32.467,62.752,126.861,1486.0
Vielma_9_puntos_intento_8.mp4,266,2216.667,True,144.000,169.000,0.000,196.000,48.000,0.288889,0.672222,-0.681660,33.262,62.752,128.203,1491.5
Vielma_9_puntos_intento_8.mp4,267,2225.000,True,144.000,169.000,0.000,196.000,48.000,0.288889,0.672222,-0.681660,34.028,62.004,130.256,1496.5
Vielma_9_puntos_intento_8.mp4,268,2233.333,True,144.000,169.000,0.000,196.000,48.000,0.288889,0.672222,-0.681660,33.071,62.422,129.966,1477.0
Vielma_9_puntos_intento_8.mp4,269,2241.667,True,144.000,169.000,0.000,196.000,49.000,0.288889,0.666667,-0.687094,33.246,61.373,128.174,1473.0
Vielma_9_puntos_intento_8.mp4,270,2250.000,True,144.000,169.000,0.000,195.000,48.000,0.283333,0.672222,-0.683988,33.498,62.913,126.946,1495.0
Vielma_9_puntos_intento_8.mp4,271,2258.333,True,144.000,169.000,0.000,196.000,49.000,0.288889,0.666667,-0.687094,33.184,61.807,127.859,1479.0
Vielma_9_puntos_intento_8.mp4,272,2266.667,True,144.000,169.000,0.000,196.000,49.000,0.288889,0.666667,-0.687094,33.577,61.891,130.530,1494.0
Vielma_9_puntos_intento_8.mp4,273,2275.000,True,144.000,169.000,0.000,196.000,49.000,0.288889,0.666667,-0.687094,33.241,62.369,128.818,1493.5
Vielma_9_puntos_intento_8.mp4,274,2283.333,True,144.000,169.000,0.000,196.000,49.000,0.288889,0.666667,-0.687094,33.624,60.519,128.846,1481.5
Vielma_9_puntos_intento_8.mp4,275,2291.667,True,144.000,169.000,0.000,196.000,49.000,0.288889,0.666667,-0.687094,33.592,62.661,128.306,1487.5
Vielma_9_puntos_intento_8.mp4,276,2300.000,True,144.000,169.000,0.000,196.000,48.000,0.288889,0.672222,-0.681660,32.985,63.345,129.436,1504.5
Vielma_9_puntos_intento_8.mp4,277,2308.333,True,144.000,169.000,0.000,196.000,48.000,0.288889,0.672222,-0.681660,34.190,61.236,129.607,1496.0
Vielma_9_puntos_intento_8.mp4,278,2316.667,True,144.000,169.000,0.000,195.000,48.000,0.283333,0.672222,-0.683988,34.030,62.769,129.637,1508.5
Vielma_9_puntos_intento_8.mp4,279,2325.000,True,144.000,169.000,0.000,196.000,48.000,0.288889,0.672222,-0.681660,33.865,61.989,129.821,1498.0
Vielma_9_puntos_intento_8.mp4,280,2333.333,True,144.000,169.000,0.000,196.000,49.000,0.288889,0.666667,-0.687094,32.627,61.797,129.355,1496.5
Vielma_9_puntos_intento_8.mp4,281,2341.667,True,144.000,169.000,0.000,196.000,49.000,0.288889,0.666667,-0.687094,33.430,62.251,131.038,1496.5
Vielma_9_puntos_intento_8.mp4,282,2350.000,True,144.000,169.000,0.000,196.000,49.000,0.288889,0.666667,-0.687094,32.745,62.240,128.949,1494.0
Vielma_9_puntos_intento_8.mp4,283,2358.333,True,144.000,169.000,0.000,196.000,48.000,0.288889,0.672222,-0.681660,33.387,61.302,130.228,1498.0
Vielma_9_puntos_intento_8.mp4,284,2366.667,True,144.000,169.000,0.000,195.000,48.000,0.283333,0.672222,-0.683988,32.526,63.479,130.770,1505.5
Vielma_9_puntos_intento_8.mp4,285,2375.000,True,144.000,169.000,0.000,196.000,48.000,0.288889,0.672222,-0.681660,33.110,62.675,130.829,1486.5
Vielma_9_puntos_intento_8.mp4,286,2383.333,True,144.000,169.000,0.000,195.000,48.000,0.283333,0.672222,-0.683988,33.015,64.724,127.642,1523.5
Vielma_9_puntos_intento_8.mp4,287,2391.667,True,144.000,169.000,0.000,195.000,48.000,0.283333,0.672222,-0.683988,32.988,63.189,129.010,1494.0
Vielma_9_puntos_intento_8.mp4,288,2400.000,True,144.000,169.000,0.000,195.000,48.000,0.283333,0.672222,-0.683988,33.668,62.806,131.299,1519.5
Vielma_9_puntos_intento_8.mp4,289,2408.333,True,144.000,169.000,0.000,188.000,49.000,0.244444,0.666667,-0.704132,35.054,61.301,131.937,1516.0
Vielma_9_puntos_intento_8.mp4,290,2416.667,True,144.000,169.000,0.000,175.000,48.000,0.172222,0.672222,-0.720039,40.885,59.638,124.796,1583.0
Vielma_9_puntos_intento_8.mp4,291,2425.000,True,144.000,169.000,0.000,164.000,48.000,0.111111,0.672222,-0.731964,45.781,57.041,119.992,1675.5
Vielma_9_puntos_intento_8.mp4,292,2433.333,True,144.000,169.000,0.000,154.000,49.000,0.055556,0.666667,-0.743283,48.278,56.036,108.662,1678.5
Vielma_9_puntos_intento_8.mp4,293,2441.667,True,144.000,169.000,0.000,150.000,48.000,0.033333,0.672222,-0.739599,47.538,59.100,101.422,1696.5
Vielma_9_puntos_intento_8.mp4,294,2450.000,True,144.000,169.000,0.000,152.000,48.000,0.044444,0.672222,-0.739014,47.626,56.202,105.226,1715.0
Vielma_9_puntos_intento_8.mp4,295,2458.333,True,144.000,169.000,0.000,152.000,49.000,0.044444,0.666667,-0.744030,47.094,55.927,110.709,1665.5
Vielma_9_puntos_intento_8.mp4,296,2466.667,True,144.000,169.000,0.000,150.000,48.000,0.033333,0.672222,-0.739599,46.732,58.888,107.736,1673.5
Vielma_9_puntos_intento_8.mp4,297,2475.000,True,144.000,169.000,0.000,151.000,48.000,0.038889,0.672222,-0.739327,46.995,57.497,104.559,1663.5
Vielma_9_puntos_intento_8.mp4,298,2483.333,True,144.000,169.000,0.000,152.000,48.000,0.044444,0.672222,-0.739014,48.071,55.012,105.731,1685.5
Vielma_9_puntos_intento_8.mp4,299,2491.667,True,144.000,169.000,0.000,152.000,48.000,0.044444,0.672222,-0.739014,47.003,57.457,103.774,1690.5
Vielma_9_puntos_intento_8.mp4,300,2500.000,True,144.000,169.000,0.000,152.000,48.000,0.044444,0.672222,-0.739014,47.511,56.323,101.992,1696.5
Vielma_9_puntos_intento_8.mp4,301,2508.333,True,144.000,169.000,0.000,151.000,48.000,0.038889,0.672222,-0.739327,46.559,57.927,106.215,1681.0
Vielma_9_puntos_intento_8.mp4,302,2516.667,True,144.000,169.000,0.000,151.000,48.000,0.038889,0.672222,-0.739327,47.434,57.065,107.431,1695.5
Vielma_9_puntos_intento_8.mp4,303,2525.000,True,144.000,169.000,0.000,152.000,49.000,0.044444,0.666667,-0.744030,46.422,55.488,95.358,1710.0
Vielma_9_puntos_intento_8.mp4,304,2533.333,True,144.000,169.000,0.000,151.000,48.000,0.038889,0.672222,-0.739327,47.472,56.236,102.950,1695.0
Vielma_9_puntos_intento_8.mp4,305,2541.667,True,144.000,169.000,0.000,151.000,48.000,0.038889,0.672222,-0.739327,46.557,57.291,98.569,1696.5
Vielma_9_puntos_intento_8.mp4,306,2550.000,True,144.000,169.000,0.000,151.000,48.000,0.038889,0.672222,-0.739327,47.242,56.204,104.050,1715.5
Vielma_9_puntos_intento_8.mp4,307,2558.333,True,144.000,169.000,0.000,151.000,48.000,0.038889,0.672222,-0.739327,46.505,57.684,104.027,1674.0
Vielma_9_puntos_intento_8.mp4,308,2566.667,True,144.000,169.000,0.000,151.000,48.000,0.038889,0.672222,-0.739327,46.494,57.892,103.389,1698.0
Vielma_9_puntos_intento_8.mp4,309,2575.000,True,144.000,169.000,0.000,148.000,48.000,0.022222,0.672222,-0.740016,46.757,58.753,95.933,1693.0
Vielma_9_puntos_intento_8.mp4,310,2583.333,True,144.000,169.000,0.000,144.000,48.000,0.000000,0.672222,-0.740349,47.525,58.551,95.822,1666.0
Vielma_9_puntos_intento_8.mp4,311,2591.667,True,144.000,169.000,0.000,146.000,47.000,0.011111,0.677778,-0.735183,46.683,58.006,99.511,1667.5
Vielma_9_puntos_intento_8.mp4,312,2600.000,True,144.000,169.000,0.000,146.000,48.000,0.011111,0.672222,-0.740266,47.341,57.855,99.564,1682.5
Vielma_9_puntos_intento_8.mp4,313,2608.333,True,144.000,169.000,0.000,146.000,48.000,0.011111,0.672222,-0.740266,46.887,58.329,100.183,1645.0
Vielma_9_puntos_intento_8.mp4,314,2616.667,True,144.000,169.000,0.000,146.000,48.000,0.011111,0.672222,-0.740266,48.060,57.736,99.481,1653.0
Vielma_9_puntos_intento_8.mp4,315,2625.000,True,144.000,169.000,0.000,146.000,48.000,0.011111,0.672222,-0.740266,47.903,58.034,96.314,1668.5
Vielma_9_puntos_intento_8.mp4,316,2633.333,True,144.000,169.000,0.000,147.000,48.000,0.016667,0.672222,-0.740162,47.818,57.544,97.041,1676.0
Vielma_9_puntos_intento_8.mp4,317,2641.667,True,144.000,169.000,0.000,146.000,47.000,0.011111,0.677778,-0.735183,48.498,59.449,100.246,1687.0
Vielma_9_puntos_intento_8.mp4,318,2650.000,True,144.000,169.000,0.000,147.000,48.000,0.016667,0.672222,-0.740162,47.493,57.238,97.307,1710.5
Vielma_9_puntos_intento_8.mp4,319,2658.333,True,144.000,169.000,0.000,146.000,47.000,0.011111,0.677778,-0.735183,48.094,58.511,98.127,1705.0
Vielma_9_puntos_intento_8.mp4,320,2666.667,True,144.000,169.000,0.000,147.000,48.000,0.016667,0.672222,-0.740162,47.654,56.699,97.857,1663.0
Vielma_9_puntos_intento_8.mp4,321,2675.000,True,144.000,169.000,0.000,147.000,47.000,0.016667,0.677778,-0.735078,47.688,57.716,99.978,1688.0
Vielma_9_puntos_intento_8.mp4,322,2683.333,True,144.000,169.000,0.000,145.000,47.000,0.005556,0.677778,-0.735246,46.155,60.681,98.841,1685.5
Vielma_9_puntos_intento_8.mp4,323,2691.667,True,144.000,169.000,0.000,146.000,48.000,0.011111,0.672222,-0.740266,47.300,57.709,95.618,1676.5
Vielma_9_puntos_intento_8.mp4,324,2700.000,True,144.000,169.000,0.000,146.000,47.000,0.011111,0.677778,-0.735183,46.664,58.564,99.707,1656.5
Vielma_9_puntos_intento_8.mp4,325,2708.333,True,144.000,169.000,0.000,146.000,47.000,0.011111,0.677778,-0.735183,46.535,60.206,97.827,1676.5
Vielma_9_puntos_intento_8.mp4,326,2716.667,True,144.000,169.000,0.000,146.000,47.000,0.011111,0.677778,-0.735183,47.291,59.086,98.614,1669.5
Vielma_9_puntos_intento_8.mp4,327,2725.000,True,144.000,169.000,0.000,146.000,47.000,0.011111,0.677778,-0.735183,47.825,58.580,99.133,1690.0
Vielma_9_puntos_intento_8.mp4,328,2733.333,True,144.000,169.000,0.000,146.000,47.000,0.011111,0.677778,-0.735183,48.251,58.584,98.898,1688.0
Vielma_9_puntos_intento_8.mp4,329,2741.667,True,144.000,169.000,0.000,147.000,47.000,0.016667,0.677778,-0.735078,48.120,57.367,104.049,1656.5
Vielma_9_puntos_intento_8.mp4,330,2750.000,True,144.000,169.000,0.000,147.000,49.000,0.016667,0.666667,-0.745170,46.726,56.138,92.179,1694.0
Vielma_9_puntos_intento_8.mp4,331,2758.333,True,144.000,169.000,0.000,148.000,48.000,0.022222,0.672222,-0.740016,45.926,56.027,89.286,1695.5
Vielma_9_puntos_intento_8.mp4,332,2766.667,True,144.000,169.000,0.000,147.000,48.000,0.016667,0.672222,-0.740162,47.617,55.850,97.233,1669.0
Vielma_9_puntos_intento_8.mp4,333,2775.000,True,144.000,169.000,0.000,148.000,48.000,0.022222,0.672222,-0.740016,46.647,55.583,89.689,1681.0
Vielma_9_puntos_intento_8.mp4,334,2783.333,True,144.000,169.000,0.000,147.000,49.000,0.016667,0.666667,-0.745170,45.916,56.980,89.335,1677.0
Vielma_9_puntos_intento_8.mp4,335,2791.667,True,144.000,169.000,0.000,147.000,48.000,0.016667,0.672222,-0.740162,45.265,57.133,91.351,1673.0
Vielma_9_puntos_intento_8.mp4,336,2800.000,True,144.000,169.000,0.000,147.000,48.000,0.016667,0.672222,-0.740162,45.558,57.698,89.986,1686.0
Vielma_9_puntos_intento_8.mp4,337,2808.333,True,144.000,169.000,0.000,146.000,48.000,0.011111,0.672222,-0.740266,46.629,58.075,98.828,1656.0
Vielma_9_puntos_intento_8.mp4,338,2816.667,True,144.000,169.000,0.000,146.000,48.000,0.011111,0.672222,-0.740266,46.120,59.048,98.989,1640.0
Vielma_9_puntos_intento_8.mp4,339,2825.000,True,144.000,169.000,0.000,147.000,48.000,0.016667,0.672222,-0.740162,46.637,56.676,93.777,1650.5
Vielma_9_puntos_intento_8.mp4,340,2833.333,True,144.000,169.000,0.000,146.000,47.000,0.011111,0.677778,-0.735183,46.887,57.230,98.142,1650.0
Vielma_9_puntos_intento_8.mp4,341,2841.667,True,144.000,169.000,0.000,147.000,47.000,0.016667,0.677778,-0.735078,46.676,56.832,95.397,1659.5
Vielma_9_puntos_intento_8.mp4,342,2850.000,True,144.000,169.000,0.000,148.000,48.000,0.022222,0.672222,-0.740016,48.665,54.396,89.121,1644.5
Vielma_9_puntos_intento_8.mp4,343,2858.333,True,144.000,169.000,0.000,147.000,47.000,0.016667,0.677778,-0.735078,47.385,56.111,98.581,1636.0
Vielma_9_puntos_intento_8.mp4,344,2866.667,True,144.000,169.000,0.000,147.000,48.000,0.016667,0.672222,-0.740162,47.995,55.249,96.747,1636.0
Vielma_9_puntos_intento_8.mp4,345,2875.000,True,144.000,169.000,0.000,147.000,47.000,0.016667,0.677778,-0.735078,46.512,57.451,96.740,1655.5
Vielma_9_puntos_intento_8.mp4,346,2883.333,True,144.000,169.000,0.000,147.000,47.000,0.016667,0.677778,-0.735078,46.644,56.601,97.280,1648.5
Vielma_9_puntos_intento_8.mp4,347,2891.667,True,144.000,169.000,0.000,147.000,47.000,0.016667,0.677778,-0.735078,46.112,57.306,95.411,1629.0
Vielma_9_puntos_intento_8.mp4,348,2900.000,True,144.000,169.000,0.000,147.000,48.000,0.016667,0.672222,-0.740162,46.900,56.031,89.265,1639.0
Vielma_9_puntos_intento_8.mp4,349,2908.333,True,144.000,169.000,0.000,146.000,47.000,0.011111,0.677778,-0.735183,45.295,58.765,96.368,1635.0
Vielma_9_puntos_intento_8.mp4,350,2916.667,True,144.000,169.000,0.000,146.000,47.000,0.011111,0.677778,-0.735183,45.702,57.254,96.708,1630.5
Vielma_9_puntos_intento_8.mp4,351,2925.000,True,144.000,169.000,0.000,148.000,48.000,0.022222,0.672222,-0.740016,47.355,54.007,92.668,1605.0
Vielma_9_puntos_intento_8.mp4,352,2933.333,True,144.000,169.000,0.000,148.000,48.000,0.022222,0.672222,-0.740016,46.884,55.619,88.386,1614.5
Vielma_9_puntos_intento_8.mp4,353,2941.667,True,144.000,169.000,0.000,147.000,48.000,0.016667,0.672222,-0.740162,46.077,57.007,94.036,1611.0
Vielma_9_puntos_intento_8.mp4,354,2950.000,True,144.000,169.000,0.000,147.000,47.000,0.016667,0.677778,-0.735078,45.626,56.953,95.606,1634.5
Vielma_9_puntos_intento_8.mp4,355,2958.333,True,144.000,169.000,0.000,146.000,47.000,0.011111,0.677778,-0.735183,45.868,57.754,99.187,1628.5
Vielma_9_puntos_intento_8.mp4,356,2966.667,True,144.000,169.000,0.000,147.000,47.000,0.016667,0.677778,-0.735078,46.509,57.050,99.127,1611.0
Vielma_9_puntos_intento_8.mp4,357,2975.000,True,144.000,169.000,0.000,146.000,47.000,0.011111,0.677778,-0.735183,46.824,58.089,102.927,1643.5
Vielma_9_puntos_intento_8.mp4,358,2983.333,True,144.000,169.000,0.000,146.000,47.000,0.011111,0.677778,-0.735183,47.460,56.840,103.732,1605.5
Vielma_9_puntos_intento_8.mp4,359,2991.667,True,144.000,169.000,0.000,146.000,47.000,0.011111,0.677778,-0.735183,46.730,57.819,106.156,1603.5
Vielma_9_puntos_intento_8.mp4,360,3000.000,True,144.000,169.000,0.000,147.000,47.000,0.016667,0.677778,-0.735078,46.631,55.967,102.446,1632.5
Vielma_9_puntos_intento_8.mp4,361,3008.333,True,144.000,169.000,0.000,146.000,47.000,0.011111,0.677778,-0.735183,46.991,58.280,100.461,1607.0
Vielma_9_puntos_intento_8.mp4,362,3016.667,True,144.000,169.000,0.000,145.000,47.000,0.005556,0.677778,-0.735246,46.355,58.841,101.834,1647.0
Vielma_9_puntos_intento_8.mp4,363,3025.000,True,144.000,169.000,0.000,145.000,46.000,0.005556,0.683333,-0.730085,46.350,58.128,103.882,1618.0
Vielma_9_puntos_intento_8.mp4,364,3033.333,True,144.000,169.000,0.000,146.000,46.000,0.011111,0.683333,-0.730022,46.364,57.247,104.380,1635.0
Vielma_9_puntos_intento_8.mp4,365,3041.667,True,144.000,169.000,0.000,146.000,47.000,0.011111,0.677778,-0.735183,47.584,56.182,101.282,1617.0
Vielma_9_puntos_intento_8.mp4,366,3050.000,True,144.000,169.000,0.000,146.000,46.000,0.011111,0.683333,-0.730022,47.260,56.337,101.553,1608.0
Vielma_9_puntos_intento_8.mp4,367,3058.333,True,144.000,169.000,0.000,147.000,47.000,0.016667,0.677778,-0.735078,47.047,55.724,95.124,1620.0
Vielma_9_puntos_intento_8.mp4,368,3066.667,True,144.000,169.000,0.000,146.000,47.000,0.011111,0.677778,-0.735183,46.191,56.594,97.521,1621.0
Vielma_9_puntos_intento_8.mp4,369,3075.000,True,144.000,169.000,0.000,146.000,47.000,0.011111,0.677778,-0.735183,45.695,56.623,96.286,1616.5
Vielma_9_puntos_intento_8.mp4,370,3083.333,True,144.000,169.000,0.000,146.000,47.000,0.011111,0.677778,-0.735183,45.719,56.225,96.420,1618.0
Vielma_9_puntos_intento_8.mp4,371,3091.667,True,144.000,169.000,0.000,147.000,47.000,0.016667,0.677778,-0.735078,46.470,55.648,92.161,1626.0
Vielma_9_puntos_intento_8.mp4,372,3100.000,True,144.000,169.000,0.000,147.000,48.000,0.016667,0.672222,-0.740162,45.716,55.351,86.934,1619.0
Vielma_9_puntos_intento_8.mp4,373,3108.333,True,144.000,169.000,0.000,146.000,47.000,0.011111,0.677778,-0.735183,46.225,57.480,100.033,1597.5
Vielma_9_puntos_intento_8.mp4,374,3116.667,True,144.000,169.000,0.000,145.000,47.000,0.005556,0.677778,-0.735246,46.322,58.121,97.376,1627.5
Vielma_9_puntos_intento_8.mp4,375,3125.000,True,144.000,169.000,0.000,146.000,47.000,0.011111,0.677778,-0.735183,46.570,57.459,100.985,1616.5
Vielma_9_puntos_intento_8.mp4,376,3133.333,True,144.000,169.000,0.000,146.000,47.000,0.011111,0.677778,-0.735183,47.106,56.274,101.421,1592.0
Vielma_9_puntos_intento_8.mp4,377,3141.667,True,144.000,169.000,0.000,146.000,47.000,0.011111,0.677778,-0.735183,46.466,56.687,99.836,1594.0
Vielma_9_puntos_intento_8.mp4,378,3150.000,True,144.000,169.000,0.000,146.000,47.000,0.011111,0.677778,-0.735183,46.802,56.167,100.012,1622.5
Vielma_9_puntos_intento_8.mp4,379,3158.333,True,144.000,169.000,0.000,146.000,47.000,0.011111,0.677778,-0.735183,46.435,57.319,101.535,1608.5
Vielma_9_puntos_intento_8.mp4,380,3166.667,True,144.000,169.000,0.000,146.000,47.000,0.011111,0.677778,-0.735183,46.966,56.345,98.798,1637.0
Vielma_9_puntos_intento_8.mp4,381,3175.000,True,144.000,169.000,0.000,146.000,46.000,0.011111,0.683333,-0.730022,46.290,57.425,101.427,1606.0
Vielma_9_puntos_intento_8.mp4,382,3183.333,True,144.000,169.000,0.000,146.000,47.000,0.011111,0.677778,-0.735183,46.715,57.705,102.588,1590.5
Vielma_9_puntos_intento_8.mp4,383,3191.667,True,144.000,169.000,0.000,146.000,47.000,0.011111,0.677778,-0.735183,47.019,56.102,102.772,1619.0
Vielma_9_puntos_intento_8.mp4,384,3200.000,True,144.000,169.000,0.000,147.000,47.000,0.016667,0.677778,-0.735078,47.369,54.919,102.281,1613.5
Vielma_9_puntos_intento_8.mp4,385,3208.333,True,144.000,169.000,0.000,146.000,47.000,0.011111,0.677778,-0.735183,47.089,56.509,95.368,1612.5
Vielma_9_puntos_intento_8.mp4,386,3216.667,True,144.000,169.000,0.000,147.000,47.000,0.016667,0.677778,-0.735078,47.517,53.928,92.928,1629.0
Vielma_9_puntos_intento_8.mp4,387,3225.000,True,144.000,169.000,0.000,146.000,47.000,0.011111,0.677778,-0.735183,46.022,56.772,98.071,1603.5
Vielma_9_puntos_intento_8.mp4,388,3233.333,True,144.000,169.000,0.000,147.000,47.000,0.016667,0.677778,-0.735078,46.380,55.510,96.447,1610.0
Vielma_9_puntos_intento_8.mp4,389,3241.667,True,144.000,169.000,0.000,147.000,47.000,0.016667,0.677778,-0.735078,46.018,56.154,96.244,1640.0
Vielma_9_puntos_intento_8.mp4,390,3250.000,True,144.000,169.000,0.000,146.000,47.000,0.011111,0.677778,-0.735183,47.113,55.828,98.076,1618.5
Vielma_9_puntos_intento_8.mp4,391,3258.333,True,144.000,169.000,0.000,146.000,47.000,0.011111,0.677778,-0.735183,46.858,56.038,94.460,1639.0
Vielma_9_puntos_intento_8.mp4,392,3266.667,True,144.000,169.000,0.000,147.000,47.000,0.016667,0.677778,-0.735078,46.902,55.672,95.106,1611.5
Vielma_9_puntos_intento_8.mp4,393,3275.000,True,144.000,169.000,0.000,147.000,47.000,0.016667,0.677778,-0.735078,46.999,55.114,93.043,1620.0
Vielma_9_puntos_intento_8.mp4,394,3283.333,True,144.000,169.000,0.000,147.000,48.000,0.016667,0.672222,-0.740162,45.145,55.807,88.626,1632.0
Vielma_9_puntos_intento_8.mp4,395,3291.667,True,144.000,169.000,0.000,147.000,48.000,0.016667,0.672222,-0.740162,45.397,55.306,89.639,1600.0
Vielma_9_puntos_intento_8.mp4,396,3300.000,True,144.000,169.000,0.000,147.000,47.000,0.016667,0.677778,-0.735078,46.015,55.895,91.981,1605.0
Vielma_9_puntos_intento_8.mp4,397,3308.333,True,144.000,169.000,0.000,147.000,48.000,0.016667,0.672222,-0.740162,45.320,57.080,91.143,1609.5
Vielma_9_puntos_intento_8.mp4,398,3316.667,True,144.000,169.000,0.000,146.000,47.000,0.011111,0.677778,-0.735183,46.554,55.698,97.550,1633.0
Vielma_9_puntos_intento_8.mp4,399,3325.000,True,144.000,169.000,0.000,146.000,47.000,0.011111,0.677778,-0.735183,44.828,56.951,95.021,1615.0
Vielma_9_puntos_intento_8.mp4,400,3333.333,True,144.000,169.000,0.000,147.000,48.000,0.016667,0.672222,-0.740162,44.699,55.870,86.743,1634.5
Vielma_9_puntos_intento_8.mp4,401,3341.667,True,144.000,169.000,0.000,147.000,47.000,0.016667,0.677778,-0.735078,46.071,56.112,92.948,1623.0
Vielma_9_puntos_intento_8.mp4,402,3350.000,True,144.000,169.000,0.000,147.000,47.000,0.016667,0.677778,-0.735078,45.768,56.034,93.549,1632.5
Vielma_9_puntos_intento_8.mp4,403,3358.333,True,144.000,169.000,0.000,147.000,47.000,0.016667,0.677778,-0.735078,46.360,56.009,95.130,1649.5
Vielma_9_puntos_intento_8.mp4,404,3366.667,True,144.000,169.000,0.000,147.000,47.000,0.016667,0.677778,-0.735078,46.878,57.078,94.794,1661.0
Vielma_9_puntos_intento_8.mp4,405,3375.000,True,144.000,169.000,0.000,148.000,47.000,0.022222,0.677778,-0.734931,47.132,54.831,88.316,1656.0
Vielma_9_puntos_intento_8.mp4,406,3383.333,True,144.000,169.000,0.000,146.000,46.000,0.011111,0.683333,-0.730022,46.802,57.534,99.897,1662.0
Vielma_9_puntos_intento_8.mp4,407,3391.667,True,144.000,169.000,0.000,146.000,47.000,0.011111,0.677778,-0.735183,47.074,57.153,100.559,1659.5
Vielma_9_puntos_intento_8.mp4,408,3400.000,True,144.000,169.000,0.000,147.000,47.000,0.016667,0.677778,-0.735078,47.380,56.654,97.437,1682.5
Vielma_9_puntos_intento_8.mp4,409,3408.333,True,144.000,169.000,0.000,146.000,47.000,0.011111,0.677778,-0.735183,46.393,57.314,96.195,1653.0
Vielma_9_puntos_intento_8.mp4,410,3416.667,True,144.000,169.000,0.000,146.000,47.000,0.011111,0.677778,-0.735183,46.835,57.575,94.575,1688.5
Vielma_9_puntos_intento_8.mp4,411,3425.000,True,144.000,169.000,0.000,147.000,48.000,0.016667,0.672222,-0.740162,45.373,57.027,92.745,1655.0
Vielma_9_puntos_intento_8.mp4,412,3433.333,True,144.000,169.000,0.000,147.000,48.000,0.016667,0.672222,-0.740162,45.193,57.121,92.474,1638.0
Vielma_9_puntos_intento_8.mp4,413,3441.667,True,144.000,169.000,0.000,147.000,47.000,0.016667,0.677778,-0.735078,46.094,56.328,99.364,1657.0
Vielma_9_puntos_intento_8.mp4,414,3450.000,True,144.000,169.000,0.000,147.000,48.000,0.016667,0.672222,-0.740162,46.199,55.981,97.874,1663.5
Vielma_9_puntos_intento_8.mp4,415,3458.333,True,144.000,169.000,0.000,147.000,47.000,0.016667,0.677778,-0.735078,45.689,56.617,98.051,1640.5
Vielma_9_puntos_intento_8.mp4,416,3466.667,True,144.000,169.000,0.000,148.000,48.000,0.022222,0.672222,-0.740016,46.202,55.011,93.290,1649.5
Vielma_9_puntos_intento_8.mp4,417,3475.000,True,144.000,169.000,0.000,147.000,47.000,0.016667,0.677778,-0.735078,47.318,55.212,98.039,1667.0
Vielma_9_puntos_intento_8.mp4,418,3483.333,True,144.000,169.000,0.000,147.000,48.000,0.016667,0.672222,-0.740162,46.574,55.732,89.950,1659.0
Vielma_9_puntos_intento_8.mp4,419,3491.667,True,144.000,169.000,0.000,148.000,48.000,0.022222,0.672222,-0.740016,46.839,54.856,91.803,1666.0
Vielma_9_puntos_intento_8.mp4,420,3500.000,True,144.000,169.000,0.000,148.000,48.000,0.022222,0.672222,-0.740016,46.823,54.667,97.151,1664.0
Vielma_9_puntos_intento_8.mp4,421,3508.333,True,144.000,169.000,0.000,147.000,48.000,0.016667,0.672222,-0.740162,47.256,55.630,91.153,1665.5
Vielma_9_puntos_intento_8.mp4,422,3516.667,True,144.000,169.000,0.000,147.000,47.000,0.016667,0.677778,-0.735078,46.861,55.542,89.441,1684.5
Vielma_9_puntos_intento_8.mp4,423,3525.000,True,144.000,169.000,0.000,147.000,47.000,0.016667,0.677778,-0.735078,47.145,56.421,98.695,1664.0
Vielma_9_puntos_intento_8.mp4,424,3533.333,True,144.000,169.000,0.000,147.000,47.000,0.016667,0.677778,-0.735078,47.136,57.850,97.952,1677.5
Vielma_9_puntos_intento_8.mp4,425,3541.667,True,144.000,169.000,0.000,146.000,47.000,0.011111,0.677778,-0.735183,47.284,57.134,95.005,1692.0
Vielma_9_puntos_intento_8.mp4,426,3550.000,True,144.000,169.000,0.000,147.000,48.000,0.016667,0.672222,-0.740162,46.783,56.969,93.308,1674.5
Vielma_9_puntos_intento_8.mp4,427,3558.333,True,144.000,169.000,0.000,146.000,47.000,0.011111,0.677778,-0.735183,47.013,56.515,94.416,1666.5
Vielma_9_puntos_intento_8.mp4,428,3566.667,True,144.000,169.000,0.000,147.000,47.000,0.016667,0.677778,-0.735078,47.430,56.677,97.237,1666.0
Vielma_9_puntos_intento_8.mp4,429,3575.000,True,144.000,169.000,0.000,147.000,47.000,0.016667,0.677778,-0.735078,47.160,56.436,95.368,1669.0
Vielma_9_puntos_intento_8.mp4,430,3583.333,True,144.000,169.000,0.000,147.000,48.000,0.016667,0.672222,-0.740162,47.840,55.898,95.503,1661.0
Vielma_9_puntos_intento_8.mp4,431,3591.667,True,144.000,169.000,0.000,147.000,47.000,0.016667,0.677778,-0.735078,47.768,55.363,92.254,1652.5
Vielma_9_puntos_intento_8.mp4,432,3600.000,True,144.000,169.000,0.000,147.000,47.000,0.016667,0.677778,-0.735078,46.956,56.175,94.542,1660.5
Vielma_9_puntos_intento_8.mp4,433,3608.333,True,144.000,169.000,0.000,147.000,47.000,0.016667,0.677778,-0.735078,47.058,58.028,97.774,1665.0
Vielma_9_puntos_intento_8.mp4,434,3616.667,True,144.000,169.000,0.000,147.000,46.000,0.016667,0.683333,-0.729916,46.320,58.585,102.910,1629.5
Vielma_9_puntos_intento_8.mp4,435,3625.000,True,144.000,169.000,0.000,147.000,46.000,0.016667,0.683333,-0.729916,45.735,57.136,98.646,1620.5
Vielma_9_puntos_intento_8.mp4,436,3633.333,True,144.000,169.000,0.000,146.000,46.000,0.011111,0.683333,-0.730022,46.506,58.555,102.713,1629.5
Vielma_9_puntos_intento_8.mp4,437,3641.667,True,144.000,169.000,0.000,147.000,46.000,0.016667,0.683333,-0.729916,46.741,56.802,108.417,1624.0
Vielma_9_puntos_intento_8.mp4,438,3650.000,True,144.000,169.000,0.000,147.000,47.000,0.016667,0.677778,-0.735078,46.432,57.704,98.067,1624.0
Vielma_9_puntos_intento_8.mp4,439,3658.333,True,144.000,169.000,0.000,147.000,47.000,0.016667,0.677778,-0.735078,46.060,56.890,98.301,1635.0
Vielma_9_puntos_intento_8.mp4,440,3666.667,True,144.000,169.000,0.000,148.000,47.000,0.022222,0.677778,-0.734931,47.217,54.812,96.236,1626.5
Vielma_9_puntos_intento_8.mp4,441,3675.000,True,144.000,169.000,0.000,147.000,47.000,0.016667,0.677778,-0.735078,46.961,57.376,101.441,1611.5
Vielma_9_puntos_intento_8.mp4,442,3683.333,True,144.000,169.000,0.000,147.000,47.000,0.016667,0.677778,-0.735078,46.969,56.495,97.398,1635.5
Vielma_9_puntos_intento_8.mp4,443,3691.667,True,144.000,169.000,0.000,147.000,47.000,0.016667,0.677778,-0.735078,46.346,56.403,98.463,1615.5
Vielma_9_puntos_intento_8.mp4,444,3700.000,True,144.000,169.000,0.000,147.000,47.000,0.016667,0.677778,-0.735078,46.841,55.953,94.814,1644.0
Vielma_9_puntos_intento_8.mp4,445,3708.333,True,144.000,169.000,0.000,146.000,47.000,0.011111,0.677778,-0.735183,46.123,58.167,100.763,1591.0
Vielma_9_puntos_intento_8.mp4,446,3716.667,True,144.000,169.000,0.000,147.000,48.000,0.016667,0.672222,-0.740162,46.051,55.949,90.347,1609.5
Vielma_9_puntos_intento_8.mp4,447,3725.000,True,144.000,169.000,0.000,145.000,47.000,0.005556,0.677778,-0.735246,46.702,56.248,96.773,1604.0
Vielma_9_puntos_intento_8.mp4,448,3733.333,True,144.000,169.000,0.000,145.000,48.000,0.005556,0.672222,-0.740329,46.885,56.543,94.381,1663.0
Vielma_9_puntos_intento_8.mp4,449,3741.667,False,144.000,169.000,0.000,145.000,49.000,0.005556,0.666667,-0.745335,48.409,55.956,100.189,1723.0
Vielma_9_puntos_intento_8.mp4,450,3750.000,False,144.000,169.000,0.000,141.000,48.000,-0.016667,0.672222,-0.740162,46.768,64.790,104.499,2310.5
Vielma_9_puntos_intento_8.mp4,451,3758.333,False,144.000,169.000,0.000,153.000,64.000,0.050000,0.583333,-0.810692,11.210,31.365,76.779,245.5
Vielma_9_puntos_intento_8.mp4,452,3766.667,False,144.000,169.000,,,,,,,,,,
Vielma_9_puntos_intento_8.mp4,453,3775.000,False,144.000,169.000,,,,,,,,,,
Vielma_9_puntos_intento_8.mp4,454,3783.333,False,144.000,169.000,,,,,,,,,,
Vielma_9_puntos_intento_8.mp4,455,3791.667,False,144.000,169.000,,,,,,,,,,
Vielma_9_puntos_intento_8.mp4,456,3800.000,False,144.000,169.000,,,,,,,,,,
Vielma_9_puntos_intento_8.mp4,457,3808.333,False,144.000,169.000,,,,,,,,,,
Vielma_9_puntos_intento_8.mp4,458,3816.667,False,144.000,169.000,,,,,,,,,,
Vielma_9_puntos_intento_8.mp4,459,3825.000,False,144.000,169.000,,,,,,,,,,
Vielma_9_puntos_intento_8.mp4,460,3833.333,False,144.000,169.000,,,,,,,,,,
Vielma_9_puntos_intento_8.mp4,461,3841.667,False,144.000,169.000,,,,,,,,,,
Vielma_9_puntos_intento_8.mp4,462,3850.000,False,144.000,169.000,,,,,,,,,,
Vielma_9_puntos_intento_8.mp4,463,3858.333,False,144.000,169.000,,,,,,,,,,
Vielma_9_puntos_intento_8.mp4,464,3866.667,False,144.000,169.000,,,,,,,,,,
Vielma_9_puntos_intento_8.mp4,465,3875.000,False,144.000,169.000,,,,,,,,,,
Vielma_9_puntos_intento_8.mp4,466,3883.333,False,144.000,169.000,0.000,144.000,57.000,0.000000,0.622222,-0.782841,14.840,42.586,80.199,450.0
Vielma_9_puntos_intento_8.mp4,467,3891.667,False,144.000,169.000,0.000,140.000,51.000,-0.022222,0.655556,-0.754820,29.036,60.581,82.618,1270.0
Vielma_9_puntos_intento_8.mp4,468,3900.000,False,144.000,169.000,0.000,137.000,46.000,-0.038889,0.683333,-0.729070,41.159,66.148,89.520,2044.0
Vielma_9_puntos_intento_8.mp4,469,3908.333,True,144.000,169.000,0.000,135.000,42.000,-0.050000,0.705556,-0.706889,48.167,67.827,105.713,2505.5
Vielma_9_puntos_intento_8.mp4,470,3916.667,True,144.000,169.000,0.000,134.000,41.000,-0.055556,0.711111,-0.700881,48.108,70.528,113.874,2638.5
Vielma_9_puntos_intento_8.mp4,471,3925.000,True,144.000,169.000,0.000,137.000,43.000,-0.038889,0.700000,-0.713083,48.293,65.399,106.250,2341.5
Vielma_9_puntos_intento_8.mp4,472,3933.333,True,144.000,169.000,0.000,139.000,44.000,-0.027778,0.694444,-0.719010,48.217,61.551,100.975,2144.0
Vielma_9_puntos_intento_8.mp4,473,3941.667,True,144.000,169.000,0.000,140.000,44.000,-0.022222,0.694444,-0.719203,49.784,58.418,98.825,1948.5
Vielma_9_puntos_intento_8.mp4,474,3950.000,True,144.000,169.000,0.000,142.000,45.000,-0.011111,0.688889,-0.724782,49.392,54.218,84.146,1803.5
Vielma_9_puntos_intento_8.mp4,475,3958.333,True,144.000,169.000,0.000,142.000,45.000,-0.011111,0.688889,-0.724782,47.793,56.991,95.654,1792.0
Vielma_9_puntos_intento_8.mp4,476,3966.667,True,144.000,169.000,0.000,142.000,45.000,-0.011111,0.688889,-0.724782,48.549,57.135,95.134,1773.5
Vielma_9_puntos_intento_8.mp4,477,3975.000,True,144.000,169.000,0.000,143.000,45.000,-0.005556,0.688889,-0.724846,48.045,57.198,95.625,1784.0
Vielma_9_puntos_intento_8.mp4,478,3983.333,True,144.000,169.000,0.000,142.000,45.000,-0.011111,0.688889,-0.724782,47.456,58.832,94.100,1796.0
Vielma_9_puntos_intento_8.mp4,479,3991.667,True,144.000,169.000,0.000,143.000,45.000,-0.005556,0.688889,-0.724846,47.971,57.441,90.353,1816.5
Vielma_9_puntos_intento_8.mp4,480,4000.000,True,144.000,169.000,0.000,144.000,46.000,0.000000,0.683333,-0.730107,47.084,56.372,83.647,1751.5
Vielma_9_puntos_intento_8.mp4,481,4008.333,True,144.000,169.000,0.000,144.000,46.000,0.000000,0.683333,-0.730107,47.826,55.282,92.811,1696.5
Vielma_9_puntos_intento_8.mp4,482,4016.667,True,144.000,169.000,0.000,143.000,45.000,-0.005556,0.688889,-0.724846,48.460,55.909,93.318,1726.5
Vielma_9_puntos_intento_8.mp4,483,4025.000,True,144.000,169.000,0.000,144.000,45.000,0.000000,0.688889,-0.724867,48.376,55.284,89.765,1732.0
Vielma_9_puntos_intento_8.mp4,484,4033.333,True,144.000,169.000,0.000,144.000,46.000,0.000000,0.683333,-0.730107,47.978,55.909,91.533,1721.0
Vielma_9_puntos_intento_8.mp4,485,4041.667,True,144.000,169.000,0.000,144.000,45.000,0.000000,0.688889,-0.724867,47.729,56.834,94.099,1710.5
Vielma_9_puntos_intento_8.mp4,486,4050.000,True,144.000,169.000,0.000,144.000,46.000,0.000000,0.683333,-0.730107,48.374,55.633,89.510,1700.0
Vielma_9_puntos_intento_8.mp4,487,4058.333,True,144.000,169.000,0.000,144.000,46.000,0.000000,0.683333,-0.730107,46.295,55.973,90.910,1705.5
Vielma_9_puntos_intento_8.mp4,488,4066.667,True,144.000,169.000,0.000,144.000,46.000,0.000000,0.683333,-0.730107,48.675,56.230,95.382,1713.5
Vielma_9_puntos_intento_8.mp4,489,4075.000,True,144.000,169.000,0.000,144.000,46.000,0.000000,0.683333,-0.730107,46.837,56.188,97.431,1619.5
Vielma_9_puntos_intento_8.mp4,490,4083.333,True,144.000,169.000,0.000,144.000,46.000,0.000000,0.683333,-0.730107,47.384,55.620,98.580,1613.5
Vielma_9_puntos_intento_8.mp4,491,4091.667,True,144.000,169.000,0.000,144.000,46.000,0.000000,0.683333,-0.730107,46.842,55.892,95.289,1587.5
Vielma_9_puntos_intento_8.mp4,492,4100.000,True,144.000,169.000,0.000,145.000,46.000,0.005556,0.683333,-0.730085,47.939,55.241,91.196,1611.0
Vielma_9_puntos_intento_8.mp4,493,4108.333,True,144.000,169.000,0.000,144.000,46.000,0.000000,0.683333,-0.730107,47.197,56.499,95.402,1619.5
Vielma_9_puntos_intento_8.mp4,494,4116.667,True,144.000,169.000,0.000,144.000,46.000,0.000000,0.683333,-0.730107,47.097,56.607,101.718,1589.0
Vielma_9_puntos_intento_8.mp4,495,4125.000,True,144.000,169.000,0.000,144.000,46.000,0.000000,0.683333,-0.730107,47.657,57.275,103.953,1578.5
Vielma_9_puntos_intento_8.mp4,496,4133.333,True,144.000,169.000,0.000,144.000,46.000,0.000000,0.683333,-0.730107,47.529,57.108,102.127,1596.5
Vielma_9_puntos_intento_8.mp4,497,4141.667,True,144.000,169.000,0.000,142.000,47.000,-0.011111,0.677778,-0.735183,48.945,54.830,91.790,1589.0
Vielma_9_puntos_intento_8.mp4,498,4150.000,True,144.000,169.000,0.000,129.000,50.000,-0.083333,0.661111,-0.745646,47.377,58.492,77.093,1502.5
Vielma_9_puntos_intento_8.mp4,499,4158.333,True,144.000,169.000,0.000,117.000,53.000,-0.150000,0.644444,-0.749794,43.280,58.992,65.385,1387.5
Vielma_9_puntos_intento_8.mp4,500,4166.667,True,144.000,169.000,0.000,106.000,60.000,-0.211111,0.605556,-0.767290,31.931,65.253,65.019,1227.0
Vielma_9_puntos_intento_8.mp4,501,4175.000,True,144.000,169.000,0.000,96.000,64.000,-0.266667,0.583333,-0.767210,25.948,63.353,75.454,1194.0
Vielma_9_puntos_intento_8.mp4,502,4183.333,True,144.000,169.000,0.000,93.000,65.000,-0.283333,0.577778,-0.765438,25.291,65.047,74.186,1180.5
Vielma_9_puntos_intento_8.mp4,503,4191.667,True,144.000,169.000,0.000,95.000,64.000,-0.272222,0.583333,-0.765256,25.323,65.823,76.156,1187.0
Vielma_9_puntos_intento_8.mp4,504,4200.000,True,144.000,169.000,0.000,94.000,64.000,-0.277778,0.583333,-0.763257,25.989,63.704,74.526,1183.5
Vielma_9_puntos_intento_8.mp4,505,4208.333,True,144.000,169.000,0.000,93.000,65.000,-0.283333,0.577778,-0.765438,24.897,63.487,75.502,1187.0
Vielma_9_puntos_intento_8.mp4,506,4216.667,True,144.000,169.000,0.000,93.000,65.000,-0.283333,0.577778,-0.765438,24.896,63.864,76.667,1201.5
Vielma_9_puntos_intento_8.mp4,507,4225.000,True,144.000,169.000,0.000,93.000,64.000,-0.283333,0.583333,-0.761212,25.657,64.262,75.005,1212.5
Vielma_9_puntos_intento_8.mp4,508,4233.333,True,144.000,169.000,0.000,93.000,64.000,-0.283333,0.583333,-0.761212,25.351,64.254,74.960,1189.5
Vielma_9_puntos_intento_8.mp4,509,4241.667,True,144.000,169.000,0.000,93.000,64.000,-0.283333,0.583333,-0.761212,25.981,65.320,73.313,1204.0
Vielma_9_puntos_intento_8.mp4,510,4250.000,True,144.000,169.000,0.000,93.000,64.000,-0.283333,0.583333,-0.761212,24.869,60.767,76.832,1124.0
Vielma_9_puntos_intento_8.mp4,511,4258.333,True,144.000,169.000,0.000,93.000,64.000,-0.283333,0.583333,-0.761212,25.429,62.886,75.253,1141.0
Vielma_9_puntos_intento_8.mp4,512,4266.667,True,144.000,169.000,0.000,93.000,64.000,-0.283333,0.583333,-0.761212,24.664,63.470,74.870,1133.0
Vielma_9_puntos_intento_8.mp4,513,4275.000,True,144.000,169.000,0.000,93.000,64.000,-0.283333,0.583333,-0.761212,25.212,62.322,74.332,1139.5
Vielma_9_puntos_intento_8.mp4,514,4283.333,True,144.000,169.000,0.000,93.000,64.000,-0.283333,0.583333,-0.761212,24.980,64.542,74.885,1141.0
Vielma_9_puntos_intento_8.mp4,515,4291.667,True,144.000,169.000,0.000,93.000,64.000,-0.283333,0.583333,-0.761212,23.943,62.163,76.217,1105.0
Vielma_9_puntos_intento_8.mp4,516,4300.000,True,144.000,169.000,0.000,93.000,63.000,-0.283333,0.588889,-0.756923,24.820,62.042,75.671,1125.0
Vielma_9_puntos_intento_8.mp4,517,4308.333,True,144.000,169.000,0.000,93.000,64.000,-0.283333,0.583333,-0.761212,24.820,63.131,76.924,1111.0
Vielma_9_puntos_intento_8.mp4,518,4316.667,True,144.000,169.000,0.000,93.000,63.000,-0.283333,0.588889,-0.756923,25.003,61.643,76.053,1110.0
Vielma_9_puntos_intento_8.mp4,519,4325.000,True,144.000,169.000,0.000,93.000,63.000,-0.283333,0.588889,-0.756923,24.673,61.582,75.973,1124.5
Vielma_9_puntos_intento_8.mp4,520,4333.333,True,144.000,169.000,0.000,93.000,63.000,-0.283333,0.588889,-0.756923,24.062,61.708,76.966,1101.5
Vielma_9_puntos_intento_8.mp4,521,4341.667,True,144.000,169.000,0.000,98.000,62.000,-0.255556,0.594444,-0.762448,24.537,62.958,77.796,1101.5
Vielma_9_puntos_intento_8.mp4,522,4350.000,True,144.000,169.000,0.000,113.000,57.000,-0.172222,0.622222,-0.763662,31.126,61.546,68.653,1155.0
Vielma_9_puntos_intento_8.mp4,523,4358.333,True,144.000,169.000,0.000,125.000,50.000,-0.105556,0.661111,-0.742826,46.207,55.620,85.217,1305.0
Vielma_9_puntos_intento_8.mp4,524,4366.667,True,144.000,169.000,0.000,135.000,50.000,-0.050000,0.661111,-0.748620,45.613,55.185,92.572,1360.0
Vielma_9_puntos_intento_8.mp4,525,4375.000,True,144.000,169.000,0.000,139.000,50.000,-0.027778,0.661111,-0.749774,45.546,54.776,91.312,1352.0
Vielma_9_puntos_intento_8.mp4,526,4383.333,True,144.000,169.000,0.000,139.000,49.000,-0.027778,0.666667,-0.744838,44.631,53.784,89.442,1348.5
Vielma_9_puntos_intento_8.mp4,527,4391.667,True,144.000,169.000,0.000,140.000,49.000,-0.022222,0.666667,-0.745025,45.613,55.007,87.052,1398.0
Vielma_9_puntos_intento_8.mp4,528,4400.000,True,144.000,169.000,0.000,140.000,49.000,-0.022222,0.666667,-0.745025,46.357,55.511,90.328,1439.5
Vielma_9_puntos_intento_8.mp4,529,4408.333,True,144.000,169.000,0.000,140.000,49.000,-0.022222,0.666667,-0.745025,45.964,55.883,98.652,1393.5
Vielma_9_puntos_intento_8.mp4,530,4416.667,True,144.000,169.000,0.000,140.000,49.000,-0.022222,0.666667,-0.745025,47.097,52.881,102.209,1415.0
Vielma_9_puntos_intento_8.mp4,531,4425.000,True,144.000,169.000,0.000,140.000,49.000,-0.022222,0.666667,-0.745025,45.735,53.528,85.474,1392.5
Vielma_9_puntos_intento_8.mp4,532,4433.333,True,144.000,169.000,0.000,141.000,49.000,-0.016667,0.666667,-0.745170,45.723,53.578,86.557,1400.5
Vielma_9_puntos_intento_8.mp4,533,4441.667,True,144.000,169.000,0.000,141.000,49.000,-0.016667,0.666667,-0.745170,43.583,54.368,82.777,1371.0
Vielma_9_puntos_intento_8.mp4,534,4450.000,True,144.000,169.000,0.000,141.000,49.000,-0.016667,0.666667,-0.745170,44.248,53.168,81.724,1363.0
Vielma_9_puntos_intento_8.mp4,535,4458.333,True,144.000,169.000,0.000,139.000,48.000,-0.027778,0.672222,-0.739828,45.978,54.842,99.961,1367.5
Vielma_9_puntos_intento_8.mp4,536,4466.667,True,144.000,169.000,0.000,140.000,47.000,-0.022222,0.677778,-0.734931,46.441,53.877,103.000,1383.0
Vielma_9_puntos_intento_8.mp4,537,4475.000,True,144.000,169.000,0.000,142.000,49.000,-0.011111,0.666667,-0.745273,46.974,51.662,75.958,1438.0
Vielma_9_puntos_intento_8.mp4,538,4483.333,True,144.000,169.000,0.000,142.000,48.000,-0.011111,0.672222,-0.740266,47.601,51.726,88.752,1459.0
Vielma_9_puntos_intento_8.mp4,539,4491.667,True,144.000,169.000,0.000,142.000,49.000,-0.011111,0.666667,-0.745273,46.452,53.001,77.972,1477.0
Vielma_9_puntos_intento_8.mp4,540,4500.000,True,144.000,169.000,0.000,141.000,48.000,-0.016667,0.672222,-0.740162,46.742,53.158,85.892,1457.5
Vielma_9_puntos_intento_8.mp4,541,4508.333,True,144.000,169.000,0.000,141.000,48.000,-0.016667,0.672222,-0.740162,45.307,54.424,87.744,1436.5
Vielma_9_puntos_intento_8.mp4,542,4516.667,True,144.000,169.000,0.000,136.000,50.000,-0.044444,0.661111,-0.748970,44.382,54.486,76.098,1442.5
Vielma_9_puntos_intento_8.mp4,543,4525.000,True,144.000,169.000,0.000,123.000,54.000,-0.116667,0.638889,-0.760401,38.454,58.186,67.426,1255.5
Vielma_9_puntos_intento_8.mp4,544,4533.333,True,144.000,169.000,0.000,108.000,61.000,-0.200000,0.600000,-0.774597,25.201,62.481,78.204,1098.5
Vielma_9_puntos_intento_8.mp4,545,4541.667,True,144.000,169.000,0.000,95.000,65.000,-0.272222,0.577778,-0.769459,25.367,60.510,76.302,1120.0
Vielma_9_puntos_intento_8.mp4,546,4550.000,True,144.000,169.000,0.000,86.000,66.000,-0.322222,0.572222,-0.754145,24.927,60.855,75.894,1090.0
Vielma_9_puntos_intento_8.mp4,547,4558.333,True,144.000,169.000,0.000,85.000,66.000,-0.327778,0.572222,-0.751747,24.614,59.343,76.235,1082.5
Vielma_9_puntos_intento_8.mp4,548,4566.667,True,144.000,169.000,0.000,86.000,65.000,-0.322222,0.577778,-0.749897,25.153,58.599,77.025,1102.5
Vielma_9_puntos_intento_8.mp4,549,4575.000,True,144.000,169.000,0.000,85.000,65.000,-0.327778,0.577778,-0.747485,25.497,58.074,76.243,1084.5
Vielma_9_puntos_intento_8.mp4,550,4583.333,True,144.000,169.000,0.000,85.000,66.000,-0.327778,0.572222,-0.751747,24.560,60.165,76.077,1072.0
Vielma_9_puntos_intento_8.mp4,551,4591.667,True,144.000,169.000,0.000,85.000,66.000,-0.327778,0.572222,-0.751747,24.334,60.497,76.331,1080.0
Vielma_9_puntos_intento_8.mp4,552,4600.000,True,144.000,169.000,0.000,85.000,66.000,-0.327778,0.572222,-0.751747,24.219,58.622,76.320,1020.0
Vielma_9_puntos_intento_8.mp4,553,4608.333,True,144.000,169.000,0.000,85.000,65.000,-0.327778,0.577778,-0.747485,23.581,59.068,75.860,1011.5
Vielma_9_puntos_intento_8.mp4,554,4616.667,True,144.000,169.000,0.000,85.000,66.000,-0.327778,0.572222,-0.751747,23.588,57.713,75.676,1013.5
Vielma_9_puntos_intento_8.mp4,555,4625.000,True,144.000,169.000,0.000,85.000,65.000,-0.327778,0.577778,-0.747485,23.304,58.786,76.206,1013.0
Vielma_9_puntos_intento_8.mp4,556,4633.333,True,144.000,169.000,0.000,85.000,65.000,-0.327778,0.577778,-0.747485,23.943,57.595,76.834,1020.0
Vielma_9_puntos_intento_8.mp4,557,4641.667,True,144.000,169.000,0.000,85.000,65.000,-0.327778,0.577778,-0.747485,24.007,57.418,75.530,1022.0
Vielma_9_puntos_intento_8.mp4,558,4650.000,True,144.000,169.000,0.000,85.000,66.000,-0.327778,0.572222,-0.751747,22.999,57.016,77.914,993.5
Vielma_9_puntos_intento_8.mp4,559,4658.333,True,144.000,169.000,0.000,85.000,66.000,-0.327778,0.572222,-0.751747,23.358,56.964,77.375,992.5
Vielma_9_puntos_intento_8.mp4,560,4666.667,True,144.000,169.000,0.000,85.000,65.000,-0.327778,0.577778,-0.747485,23.211,56.899,76.438,975.0
Vielma_9_puntos_intento_8.mp4,561,4675.000,True,144.000,169.000,0.000,85.000,65.000,-0.327778,0.577778,-0.747485,23.755,57.047,75.443,1002.5
Vielma_9_puntos_intento_8.mp4,562,4683.333,True,144.000,169.000,0.000,85.000,65.000,-0.327778,0.577778,-0.747485,23.961,57.238,75.806,1007.5
Vielma_9_puntos_intento_8.mp4,563,4691.667,True,144.000,169.000,0.000,85.000,65.000,-0.327778,0.577778,-0.747485,22.732,56.970,76.428,972.0
Vielma_9_puntos_intento_8.mp4,564,4700.000,True,144.000,169.000,0.000,85.000,65.000,-0.327778,0.577778,-0.747485,23.303,56.537,76.852,995.5
Vielma_9_puntos_intento_8.mp4,565,4708.333,True,144.000,169.000,0.000,85.000,65.000,-0.327778,0.577778,-0.747485,23.819,55.655,76.541,954.5
Vielma_9_puntos_intento_8.mp4,566,4716.667,True,144.000,169.000,0.000,85.000,65.000,-0.327778,0.577778,-0.747485,23.604,56.690,75.782,964.0
Vielma_9_puntos_intento_8.mp4,567,4725.000,True,144.000,169.000,0.000,86.000,65.000,-0.322222,0.577778,-0.749897,22.789,60.165,78.003,963.0
Vielma_9_puntos_intento_8.mp4,568,4733.333,True,144.000,169.000,0.000,85.000,64.000,-0.327778,0.583333,-0.743158,23.470,57.184,75.534,994.5
Vielma_9_puntos_intento_8.mp4,569,4741.667,True,144.000,169.000,0.000,85.000,65.000,-0.327778,0.577778,-0.747485,23.119,57.273,76.919,992.5
Vielma_9_puntos_intento_8.mp4,570,4750.000,True,144.000,169.000,0.000,85.000,65.000,-0.327778,0.577778,-0.747485,23.243,58.312,77.864,990.0
Vielma_9_puntos_intento_8.mp4,571,4758.333,True,144.000,169.000,0.000,85.000,65.000,-0.327778,0.577778,-0.747485,23.383,56.643,76.141,977.5
Vielma_9_puntos_intento_8.mp4,572,4766.667,True,144.000,169.000,0.000,85.000,64.000,-0.327778,0.583333,-0.743158,24.155,56.655,76.801,1002.0
Vielma_9_puntos_intento_8.mp4,573,4775.000,True,144.000,169.000,0.000,86.000,64.000,-0.322222,0.583333,-0.745584,23.398,59.238,79.340,978.0
Vielma_9_puntos_intento_8.mp4,574,4783.333,True,144.000,169.000,0.000,85.000,64.000,-0.327778,0.583333,-0.743158,23.672,56.498,77.756,992.5
Vielma_9_puntos_intento_8.mp4,575,4791.667,True,144.000,169.000,0.000,86.000,64.000,-0.322222,0.583333,-0.745584,23.440,59.801,78.272,993.5
Vielma_9_puntos_intento_8.mp4,576,4800.000,True,144.000,169.000,0.000,85.000,65.000,-0.327778,0.577778,-0.747485,23.324,56.898,75.097,967.5
Vielma_9_puntos_intento_8.mp4,577,4808.333,True,144.000,169.000,0.000,85.000,64.000,-0.327778,0.583333,-0.743158,24.000,56.599,75.610,977.0
Vielma_9_puntos_intento_8.mp4,578,4816.667,True,144.000,169.000,0.000,85.000,64.000,-0.327778,0.583333,-0.743158,23.334,57.279,76.086,979.5
Vielma_9_puntos_intento_8.mp4,579,4825.000,True,144.000,169.000,0.000,85.000,64.000,-0.327778,0.583333,-0.743158,24.496,56.986,76.588,1004.5
Vielma_9_puntos_intento_8.mp4,580,4833.333,True,144.000,169.000,0.000,83.000,65.000,-0.338889,0.577778,-0.742514,24.025,57.018,75.302,988.5
Vielma_9_puntos_intento_8.mp4,581,4841.667,True,144.000,169.000,0.000,80.000,65.000,-0.355556,0.577778,-0.734679,22.988,56.365,75.176,929.0
Vielma_9_puntos_intento_8.mp4,582,4850.000,True,144.000,169.000,0.000,80.000,65.000,-0.355556,0.577778,-0.734679,22.603,56.186,75.010,927.0
Vielma_9_puntos_intento_8.mp4,583,4858.333,True,144.000,169.000,0.000,82.000,64.000,-0.344444,0.583333,-0.735582,22.399,54.946,75.208,921.5
Vielma_9_puntos_intento_8.mp4,584,4866.667,True,144.000,169.000,0.000,82.000,64.000,-0.344444,0.583333,-0.735582,22.623,55.071,75.076,925.0
Vielma_9_puntos_intento_8.mp4,585,4875.000,True,144.000,169.000,0.000,81.000,64.000,-0.350000,0.583333,-0.732954,22.736,56.063,75.018,929.0
Vielma_9_puntos_intento_8.mp4,586,4883.333,True,144.000,169.000,0.000,81.000,64.000,-0.350000,0.583333,-0.732954,22.733,56.741,74.728,944.5
Vielma_9_puntos_intento_8.mp4,587,4891.667,True,144.000,169.000,0.000,81.000,64.000,-0.350000,0.583333,-0.732954,22.372,57.542,74.207,931.5
Vielma_9_puntos_intento_8.mp4,588,4900.000,True,144.000,169.000,0.000,81.000,65.000,-0.350000,0.577778,-0.737342,22.512,56.601,74.415,935.0
Vielma_9_puntos_intento_8.mp4,589,4908.333,True,144.000,169.000,0.000,81.000,64.000,-0.350000,0.583333,-0.732954,22.430,55.534,75.752,929.5
Vielma_9_puntos_intento_8.mp4,590,4916.667,True,144.000,169.000,0.000,81.000,64.000,-0.350000,0.583333,-0.732954,22.642,55.505,75.810,933.0
Vielma_9_puntos_intento_8.mp4,591,4925.000,True,144.000,169.000,0.000,81.000,65.000,-0.350000,0.577778,-0.737342,22.650,56.140,75.946,947.0
Vielma_9_puntos_intento_8.mp4,592,4933.333,True,144.000,169.000,0.000,81.000,64.000,-0.350000,0.583333,-0.732954,22.761,56.142,74.948,962.5
Vielma_9_puntos_intento_8.mp4,593,4941.667,True,144.000,169.000,0.000,82.000,64.000,-0.344444,0.583333,-0.735582,21.960,56.864,76.381,944.0
Vielma_9_puntos_intento_8.mp4,594,4950.000,True,144.000,169.000,0.000,81.000,64.000,-0.350000,0.583333,-0.732954,22.237,56.029,78.097,928.5
Vielma_9_puntos_intento_8.mp4,595,4958.333,True,144.000,169.000,0.000,81.000,64.000,-0.350000,0.583333,-0.732954,22.422,56.024,75.444,935.0
Vielma_9_puntos_intento_8.mp4,596,4966.667,True,144.000,169.000,0.000,81.000,64.000,-0.350000,0.583333,-0.732954,22.005,55.797,75.923,928.0
Vielma_9_puntos_intento_8.mp4,597,4975.000,True,144.000,169.000,0.000,81.000,64.000,-0.350000,0.583333,-0.732954,22.176,56.671,74.565,934.0
Vielma_9_puntos_intento_8.mp4,598,4983.333,True,144.000,169.000,0.000,81.000,64.000,-0.350000,0.583333,-0.732954,22.708,56.741,75.298,952.0
Vielma_9_puntos_intento_8.mp4,599,4991.667,True,144.000,169.000,0.000,81.000,64.000,-0.350000,0.583333,-0.732954,23.294,56.496,73.243,940.0
Vielma_9_puntos_intento_8.mp4,600,5000.000,True,144.000,169.000,0.000,81.000,64.000,-0.350000,0.583333,-0.732954,23.128,56.126,73.570,944.0
Vielma_9_puntos_intento_8.mp4,601,5008.333,True,144.000,169.000,0.000,81.000,65.000,-0.350000,0.577778,-0.737342,22.289,55.228,76.501,922.0
Vielma_9_puntos_intento_8.mp4,602,5016.667,True,144.000,169.000,0.000,81.000,64.000,-0.350000,0.583333,-0.732954,22.888,54.788,75.294,944.0
Vielma_9_puntos_intento_8.mp4,603,5025.000,True,144.000,169.000,0.000,81.000,64.000,-0.350000,0.583333,-0.732954,22.446,55.920,75.027,935.5
Vielma_9_puntos_intento_8.mp4,604,5033.333,True,144.000,169.000,0.000,81.000,64.000,-0.350000,0.583333,-0.732954,23.050,55.151,76.176,950.0
Vielma_9_puntos_intento_8.mp4,605,5041.667,True,144.000,169.000,0.000,81.000,64.000,-0.350000,0.583333,-0.732954,22.950,55.105,76.790,956.5
Vielma_9_puntos_intento_8.mp4,606,5050.000,True,144.000,169.000,0.000,81.000,64.000,-0.350000,0.583333,-0.732954,23.156,55.085,76.944,952.0
Vielma_9_puntos_intento_8.mp4,607,5058.333,True,144.000,169.000,0.000,81.000,64.000,-0.350000,0.583333,-0.732954,22.533,55.037,76.863,945.5
Vielma_9_puntos_intento_8.mp4,608,5066.667,True,144.000,169.000,0.000,81.000,64.000,-0.350000,0.583333,-0.732954,22.642,55.393,75.687,962.5
Vielma_9_puntos_intento_8.mp4,609,5075.000,True,144.000,169.000,0.000,82.000,64.000,-0.344444,0.583333,-0.735582,22.665,56.287,75.549,952.0
Vielma_9_puntos_intento_8.mp4,610,5083.333,True,144.000,169.000,0.000,81.000,64.000,-0.350000,0.583333,-0.732954,22.565,56.083,75.969,947.5
Vielma_9_puntos_intento_8.mp4,611,5091.667,True,144.000,169.000,0.000,82.000,64.000,-0.344444,0.583333,-0.735582,22.937,55.511,75.659,952.0
Vielma_9_puntos_intento_8.mp4,612,5100.000,True,144.000,169.000,0.000,82.000,64.000,-0.344444,0.583333,-0.735582,23.180,55.838,75.831,958.5
Vielma_9_puntos_intento_8.mp4,613,5108.333,True,144.000,169.000,0.000,82.000,64.000,-0.344444,0.583333,-0.735582,22.515,55.810,75.238,923.0
Vielma_9_puntos_intento_8.mp4,614,5116.667,True,144.000,169.000,0.000,82.000,64.000,-0.344444,0.583333,-0.735582,23.947,56.006,75.535,970.0
Vielma_9_puntos_intento_8.mp4,615,5125.000,True,144.000,169.000,0.000,82.000,64.000,-0.344444,0.583333,-0.735582,23.823,56.530,74.569,959.0
Vielma_9_puntos_intento_8.mp4,616,5133.333,True,144.000,169.000,0.000,82.000,63.000,-0.344444,0.588889,-0.731142,23.589,56.045,75.917,955.0
Vielma_9_puntos_intento_8.mp4,617,5141.667,True,144.000,169.000,0.000,82.000,63.000,-0.344444,0.588889,-0.731142,23.276,56.344,74.772,946.0
Vielma_9_puntos_intento_8.mp4,618,5150.000,True,144.000,169.000,0.000,82.000,64.000,-0.344444,0.583333,-0.735582,23.115,55.309,75.513,955.0
Vielma_9_puntos_intento_8.mp4,619,5158.333,True,144.000,169.000,0.000,82.000,64.000,-0.344444,0.583333,-0.735582,22.815,56.170,74.986,955.5
Vielma_9_puntos_intento_8.mp4,620,5166.667,True,144.000,169.000,0.000,82.000,64.000,-0.344444,0.583333,-0.735582,23.124,56.436,75.645,958.0
Vielma_9_puntos_intento_8.mp4,621,5175.000,True,144.000,169.000,0.000,82.000,64.000,-0.344444,0.583333,-0.735582,22.891,55.637,74.353,961.0
Vielma_9_puntos_intento_8.mp4,622,5183.333,True,144.000,169.000,0.000,82.000,63.000,-0.344444,0.588889,-0.731142,23.645,55.547,75.050,979.0
Vielma_9_puntos_intento_8.mp4,623,5191.667,True,144.000,169.000,0.000,82.000,63.000,-0.344444,0.588889,-0.731142,23.873,55.463,74.280,971.5
Vielma_9_puntos_intento_8.mp4,624,5200.000,True,144.000,169.000,0.000,82.000,64.000,-0.344444,0.583333,-0.735582,23.430,54.829,75.287,971.0
Vielma_9_puntos_intento_8.mp4,625,5208.333,True,144.000,169.000,0.000,82.000,63.000,-0.344444,0.588889,-0.731142,23.362,56.068,76.397,964.0
Vielma_9_puntos_intento_8.mp4,626,5216.667,True,144.000,169.000,0.000,81.000,64.000,-0.350000,0.583333,-0.732954,23.291,56.836,75.342,969.5
Vielma_9_puntos_intento_8.mp4,627,5225.000,True,144.000,169.000,0.000,81.000,64.000,-0.350000,0.583333,-0.732954,23.343,55.376,76.863,967.5
Vielma_9_puntos_intento_8.mp4,628,5233.333,True,144.000,169.000,0.000,82.000,64.000,-0.344444,0.583333,-0.735582,23.396,56.292,76.922,974.0
Vielma_9_puntos_intento_8.mp4,629,5241.667,True,144.000,169.000,0.000,82.000,63.000,-0.344444,0.588889,-0.731142,23.718,55.776,75.624,982.5
Vielma_9_puntos_intento_8.mp4,630,5250.000,True,144.000,169.000,0.000,81.000,63.000,-0.350000,0.588889,-0.728498,24.217,55.318,75.526,995.0
Vielma_9_puntos_intento_8.mp4,631,5258.333,True,144.000,169.000,0.000,81.000,64.000,-0.350000,0.583333,-0.732954,24.121,56.424,75.742,988.5
Vielma_9_puntos_intento_8.mp4,632,5266.667,True,144.000,169.000,0.000,81.000,64.000,-0.350000,0.583333,-0.732954,23.909,56.947,74.941,993.0
Vielma_9_puntos_intento_8.mp4,633,5275.000,True,144.000,169.000,0.000,82.000,63.000,-0.344444,0.588889,-0.731142,23.748,57.065,75.654,1002.0
Vielma_9_puntos_intento_8.mp4,634,5283.333,True,144.000,169.000,0.000,82.000,64.000,-0.344444,0.583333,-0.735582,23.389,56.306,74.556,999.5
Vielma_9_puntos_intento_8.mp4,635,5291.667,True,144.000,169.000,0.000,82.000,63.000,-0.344444,0.588889,-0.731142,23.782,56.349,75.114,998.5
Vielma_9_puntos_intento_8.mp4,636,5300.000,True,144.000,169.000,0.000,81.000,64.000,-0.350000,0.583333,-0.732954,23.964,56.995,75.975,1014.5
Vielma_9_puntos_intento_8.mp4,637,5308.333,True,144.000,169.000,0.000,82.000,63.000,-0.344444,0.588889,-0.731142,24.270,56.958,74.187,1016.0
Vielma_9_puntos_intento_8.mp4,638,5316.667,True,144.000,169.000,0.000,81.000,63.000,-0.350000,0.588889,-0.728498,24.487,57.812,74.801,1029.5
Vielma_9_puntos_intento_8.mp4,639,5325.000,True,144.000,169.000,0.000,80.000,64.000,-0.355556,0.583333,-0.730276,24.349,57.459,75.550,1037.5
Vielma_9_puntos_intento_8.mp4,640,5333.333,True,144.000,169.000,0.000,73.000,66.000,-0.394444,0.572222,-0.719010,25.291,57.527,74.084,1060.0
Vielma_9_puntos_intento_8.mp4,641,5341.667,True,144.000,169.000,0.000,65.000,70.000,-0.438889,0.550000,-0.710547,24.412,59.643,72.737,1026.5
Vielma_9_puntos_intento_8.mp4,642,5350.000,True,144.000,169.000,0.000,60.000,71.000,-0.466667,0.544444,-0.696995,23.477,59.844,71.405,1017.5
Vielma_9_puntos_intento_8.mp4,643,5358.333,True,144.000,169.000,0.000,61.000,71.000,-0.461111,0.544444,-0.700683,22.867,58.762,71.357,1027.0
Vielma_9_puntos_intento_8.mp4,644,5366.667,True,144.000,169.000,0.000,62.000,70.000,-0.455556,0.550000,-0.699978,23.834,59.129,69.636,1021.5
Vielma_9_puntos_intento_8.mp4,645,5375.000,True,144.000,169.000,0.000,61.000,71.000,-0.461111,0.544444,-0.700683,23.609,59.396,70.595,1044.5
Vielma_9_puntos_intento_8.mp4,646,5383.333,True,144.000,169.000,0.000,62.000,71.000,-0.455556,0.544444,-0.704308,23.803,60.253,70.348,1058.5
Vielma_9_puntos_intento_8.mp4,647,5391.667,True,144.000,169.000,0.000,61.000,71.000,-0.461111,0.544444,-0.700683,23.755,60.250,71.139,1051.0
Vielma_9_puntos_intento_8.mp4,648,5400.000,True,144.000,169.000,0.000,61.000,71.000,-0.461111,0.544444,-0.700683,23.514,60.086,70.722,1055.0
Vielma_9_puntos_intento_8.mp4,649,5408.333,True,144.000,169.000,0.000,61.000,71.000,-0.461111,0.544444,-0.700683,23.474,62.000,69.865,1058.5
Vielma_9_puntos_intento_8.mp4,650,5416.667,True,144.000,169.000,0.000,62.000,71.000,-0.455556,0.544444,-0.704308,23.801,62.333,70.067,1104.5
Vielma_9_puntos_intento_8.mp4,651,5425.000,True,144.000,169.000,0.000,61.000,71.000,-0.461111,0.544444,-0.700683,24.892,61.301,69.465,1103.0
Vielma_9_puntos_intento_8.mp4,652,5433.333,True,144.000,169.000,0.000,62.000,71.000,-0.455556,0.544444,-0.704308,25.116,59.451,69.276,1096.5
Vielma_9_puntos_intento_8.mp4,653,5441.667,True,144.000,169.000,0.000,61.000,71.000,-0.461111,0.544444,-0.700683,23.826,62.069,70.094,1093.5
Vielma_9_puntos_intento_8.mp4,654,5450.000,True,144.000,169.000,0.000,61.000,71.000,-0.461111,0.544444,-0.700683,24.655,61.152,69.139,1116.5
Vielma_9_puntos_intento_8.mp4,655,5458.333,True,144.000,169.000,0.000,61.000,71.000,-0.461111,0.544444,-0.700683,24.575,61.850,69.922,1114.0
Vielma_9_puntos_intento_8.mp4,656,5466.667,True,144.000,169.000,0.000,60.000,71.000,-0.466667,0.544444,-0.696995,23.914,61.354,71.383,1119.5
Vielma_9_puntos_intento_8.mp4,657,5475.000,False,144.000,169.000,0.000,61.000,72.000,-0.461111,0.538889,-0.704965,23.624,60.304,69.279,1066.0
Vielma_9_puntos_intento_8.mp4,658,5483.333,False,144.000,169.000,0.000,59.000,72.000,-0.472222,0.538889,-0.697571,26.081,61.343,72.195,1187.0
Vielma_9_puntos_intento_8.mp4,659,5491.667,False,144.000,169.000,0.000,62.000,66.000,-0.455556,0.572222,-0.681932,37.422,66.603,59.501,1630.0
Vielma_9_puntos_intento_8.mp4,660,5500.000,False,144.000,169.000,,,,,,,,,,
Vielma_9_puntos_intento_8.mp4,661,5508.333,False,144.000,169.000,,,,,,,,,,
Vielma_9_puntos_intento_8.mp4,662,5516.667,False,144.000,169.000,,,,,,,,,,
Vielma_9_puntos_intento_8.mp4,663,5525.000,False,144.000,169.000,,,,,,,,,,
Vielma_9_puntos_intento_8.mp4,664,5533.333,False,144.000,169.000,,,,,,,,,,
Vielma_9_puntos_intento_8.mp4,665,5541.667,False,144.000,169.000,0.000,82.000,63.000,-0.344444,0.588889,-0.731142,19.024,47.748,62.751,665.5
Vielma_9_puntos_intento_8.mp4,666,5550.000,False,144.000,169.000,0.000,77.000,60.000,-0.372222,0.605556,-0.703387,30.053,65.210,63.742,1363.5
Vielma_9_puntos_intento_8.mp4,667,5558.333,False,144.000,169.000,0.000,77.000,56.000,-0.372222,0.627778,-0.683627,38.877,67.044,65.293,1877.0
Vielma_9_puntos_intento_8.mp4,668,5566.667,True,144.000,169.000,0.000,76.000,53.000,-0.377778,0.644444,-0.664812,47.769,64.364,59.717,2248.5
Vielma_9_puntos_intento_8.mp4,669,5575.000,True,144.000,169.000,0.000,75.000,53.000,-0.383333,0.644444,-0.661624,53.886,57.402,77.636,1871.5
Vielma_9_puntos_intento_8.mp4,670,5583.333,True,144.000,169.000,0.000,78.000,64.000,-0.366667,0.583333,-0.724760,26.517,62.272,74.853,1214.0
Vielma_9_puntos_intento_8.mp4,671,5591.667,True,144.000,169.000,0.000,79.000,64.000,-0.361111,0.583333,-0.727544,25.588,63.420,74.406,1163.0
Vielma_9_puntos_intento_8.mp4,672,5600.000,True,144.000,169.000,0.000,79.000,64.000,-0.361111,0.583333,-0.727544,25.306,63.519,75.790,1157.5
Vielma_9_puntos_intento_8.mp4,673,5608.333,True,144.000,169.000,0.000,78.000,65.000,-0.366667,0.577778,-0.729197,24.918,62.360,75.948,1147.0
Vielma_9_puntos_intento_8.mp4,674,5616.667,True,144.000,169.000,0.000,79.000,65.000,-0.361111,0.577778,-0.731964,24.575,62.873,75.076,1155.5
Vielma_9_puntos_intento_8.mp4,675,5625.000,True,144.000,169.000,0.000,79.000,65.000,-0.361111,0.577778,-0.731964,25.145,61.992,74.019,1152.0
Vielma_9_puntos_intento_8.mp4,676,5633.333,True,144.000,169.000,0.000,80.000,65.000,-0.355556,0.577778,-0.734679,24.463,61.767,74.947,1127.0
Vielma_9_puntos_intento_8.mp4,677,5641.667,True,144.000,169.000,0.000,80.000,65.000,-0.355556,0.577778,-0.734679,24.038,61.630,75.077,1126.5
Vielma_9_puntos_intento_8.mp4,678,5650.000,True,144.000,169.000,0.000,81.000,65.000,-0.350000,0.577778,-0.737342,23.704,61.738,74.348,1086.5
Vielma_9_puntos_intento_8.mp4,679,5658.333,True,144.000,169.000,0.000,80.000,66.000,-0.355556,0.572222,-0.739014,23.457,60.732,75.841,1071.0
Vielma_9_puntos_intento_8.mp4,680,5666.667,True,144.000,169.000,0.000,81.000,66.000,-0.350000,0.572222,-0.741661,23.605,61.793,75.995,1071.0
Vielma_9_puntos_intento_8.mp4,681,5675.000,True,144.000,169.000,0.000,80.000,66.000,-0.355556,0.572222,-0.739014,24.282,60.385,75.853,1071.0
Vielma_9_puntos_intento_8.mp4,682,5683.333,True,144.000,169.000,0.000,81.000,66.000,-0.350000,0.572222,-0.741661,23.882,61.364,74.997,1078.5
Vielma_9_puntos_intento_8.mp4,683,5691.667,True,144.000,169.000,0.000,81.000,66.000,-0.350000,0.572222,-0.741661,23.887,59.715,75.191,1064.0
Vielma_9_puntos_intento_8.mp4,684,5700.000,True,144.000,169.000,0.000,81.000,66.000,-0.350000,0.572222,-0.741661,23.356,59.609,74.512,1020.5
Vielma_9_puntos_intento_8.mp4,685,5708.333,True,144.000,169.000,0.000,82.000,66.000,-0.344444,0.572222,-0.744258,23.135,60.805,74.251,989.5
Vielma_9_puntos_intento_8.mp4,686,5716.667,True,144.000,169.000,0.000,81.000,67.000,-0.350000,0.566667,-0.745915,22.978,61.607,74.190,1003.5
Vielma_9_puntos_intento_8.mp4,687,5725.000,True,144.000,169.000,0.000,82.000,66.000,-0.344444,0.572222,-0.744258,22.481,63.180,75.498,995.0
Vielma_9_puntos_intento_8.mp4,688,5733.333,True,144.000,169.000,0.000,82.000,66.000,-0.344444,0.572222,-0.744258,22.463,61.092,74.722,988.0
Vielma_9_puntos_intento_8.mp4,689,5741.667,True,144.000,169.000,0.000,81.000,66.000,-0.350000,0.572222,-0.741661,22.006,60.395,74.842,975.0
Vielma_9_puntos_intento_8.mp4,690,5750.000,True,144.000,169.000,0.000,82.000,66.000,-0.344444,0.572222,-0.744258,22.248,61.458,75.072,983.0
Vielma_9_puntos_intento_8.mp4,691,5758.333,True,144.000,169.000,0.000,82.000,66.000,-0.344444,0.572222,-0.744258,21.707,60.114,75.832,959.0
Vielma_9_puntos_intento_8.mp4,692,5766.667,True,144.000,169.000,0.000,83.000,65.000,-0.338889,0.577778,-0.742514,21.931,61.306,75.931,980.5
Vielma_9_puntos_intento_8.mp4,693,5775.000,True,144.000,169.000,0.000,82.000,66.000,-0.344444,0.572222,-0.744258,21.823,60.090,75.497,966.5
Vielma_9_puntos_intento_8.mp4,694,5783.333,True,144.000,169.000,0.000,81.000,65.000,-0.350000,0.577778,-0.737342,22.021,59.766,76.231,971.0
Vielma_9_puntos_intento_8.mp4,695,5791.667,True,144.000,169.000,0.000,82.000,65.000,-0.344444,0.577778,-0.739953,22.218,59.348,76.086,981.5
Vielma_9_puntos_intento_8.mp4,696,5800.000,True,144.000,169.000,0.000,82.000,65.000,-0.344444,0.577778,-0.739953,22.007,60.019,75.872,986.0
Vielma_9_puntos_intento_8.mp4,697,5808.333,True,144.000,169.000,0.000,81.000,66.000,-0.350000,0.572222,-0.741661,22.707,60.221,74.015,982.5
Vielma_9_puntos_intento_8.mp4,698,5816.667,True,144.000,169.000,0.000,79.000,66.000,-0.361111,0.572222,-0.736315,23.230,62.434,71.876,993.0
Vielma_9_puntos_intento_8.mp4,699,5825.000,True,144.000,169.000,0.000,81.000,66.000,-0.350000,0.572222,-0.741661,23.096,61.328,74.722,1015.0
Vielma_9_puntos_intento_8.mp4,700,5833.333,True,144.000,169.000,0.000,81.000,66.000,-0.350000,0.572222,-0.741661,22.880,61.285,74.710,1009.5
Vielma_9_puntos_intento_8.mp4,701,5841.667,True,144.000,169.000,0.000,80.000,66.000,-0.355556,0.572222,-0.739014,23.065,61.900,74.502,1012.5
Vielma_9_puntos_intento_8.mp4,702,5850.000,True,144.000,169.000,0.000,81.000,67.000,-0.350000,0.566667,-0.745915,22.890,61.167,75.081,1028.5
Vielma_9_puntos_intento_8.mp4,703,5858.333,True,144.000,169.000,0.000,82.000,66.000,-0.344444,0.572222,-0.744258,23.160,61.619,75.085,1062.0
Vielma_9_puntos_intento_8.mp4,704,5866.667,True,144.000,169.000,0.000,82.000,66.000,-0.344444,0.572222,-0.744258,23.064,62.650,75.333,1055.0
Vielma_9_puntos_intento_8.mp4,705,5875.000,True,144.000,169.000,0.000,81.000,66.000,-0.350000,0.572222,-0.741661,23.205,62.621,75.940,1063.0
Vielma_9_puntos_intento_8.mp4,706,5883.333,True,144.000,169.000,0.000,81.000,67.000,-0.350000,0.566667,-0.745915,23.597,61.944,74.627,1084.5
Vielma_9_puntos_intento_8.mp4,707,5891.667,True,144.000,169.000,0.000,81.000,67.000,-0.350000,0.566667,-0.745915,23.011,62.940,75.449,1081.0
Vielma_9_puntos_intento_8.mp4,708,5900.000,True,144.000,169.000,0.000,81.000,67.000,-0.350000,0.566667,-0.745915,23.688,62.734,74.953,1085.0
Vielma_9_puntos_intento_8.mp4,709,5908.333,True,144.000,169.000,0.000,80.000,67.000,-0.355556,0.566667,-0.743283,23.703,60.815,74.826,1073.5
Vielma_9_puntos_intento_8.mp4,710,5916.667,True,144.000,169.000,0.000,80.000,67.000,-0.355556,0.566667,-0.743283,23.950,62.805,73.847,1091.5
Vielma_9_puntos_intento_8.mp4,711,5925.000,True,144.000,169.000,0.000,81.000,67.000,-0.350000,0.566667,-0.745915,24.074,62.870,75.151,1092.0
Vielma_9_puntos_intento_8.mp4,712,5933.333,True,144.000,169.000,0.000,80.000,67.000,-0.355556,0.566667,-0.743283,24.080,61.201,75.695,1115.0
Vielma_9_puntos_intento_8.mp4,713,5941.667,True,144.000,169.000,0.000,80.000,68.000,-0.355556,0.561111,-0.747485,24.379,61.154,74.242,1102.0
Vielma_9_puntos_intento_8.mp4,714,5950.000,True,144.000,169.000,0.000,81.000,68.000,-0.350000,0.561111,-0.750103,24.035,62.243,74.465,1111.0
Vielma_9_puntos_intento_8.mp4,715,5958.333,True,144.000,169.000,0.000,87.000,67.000,-0.316667,0.566667,-0.760665,24.616,63.271,77.242,1155.0
Vielma_9_puntos_intento_8.mp4,716,5966.667,True,144.000,169.000,0.000,104.000,65.000,-0.222222,0.577778,-0.785360,26.436,64.334,78.545,1241.5
Vielma_9_puntos_intento_8.mp4,717,5975.000,True,144.000,169.000,0.000,120.000,60.000,-0.133333,0.605556,-0.784554,37.990,62.335,67.521,1380.0
Vielma_9_puntos_intento_8.mp4,718,5983.333,True,144.000,169.000,0.000,132.000,58.000,-0.066667,0.616667,-0.784396,49.031,58.447,78.112,1555.0
Vielma_9_puntos_intento_8.mp4,719,5991.667,True,144.000,169.000,0.000,145.000,59.000,0.005556,0.611111,-0.791525,49.120,58.685,95.679,1711.0
Vielma_9_puntos_intento_8.mp4,720,6000.000,True,144.000,169.000,0.000,156.000,59.000,0.066667,0.611111,-0.788732,49.455,60.659,114.627,1855.5
Vielma_9_puntos_intento_8.mp4,721,6008.333,True,144.000,169.000,0.000,164.000,59.000,0.111111,0.611111,-0.783708,48.177,65.804,121.665,1922.5
Vielma_9_puntos_intento_8.mp4,722,6016.667,True,144.000,169.000,0.000,172.000,60.000,0.155556,0.605556,-0.780452,48.231,61.246,127.693,1969.5
Vielma_9_puntos_intento_8.mp4,723,6025.000,True,144.000,169.000,0.000,171.000,59.000,0.150000,0.611111,-0.777202,48.560,60.908,125.258,1937.5
Vielma_9_puntos_intento_8.mp4,724,6033.333,True,144.000,169.000,0.000,171.000,59.000,0.150000,0.611111,-0.777202,48.601,62.798,124.096,1968.0
Vielma_9_puntos_intento_8.mp4,725,6041.667,True,144.000,169.000,0.000,171.000,59.000,0.150000,0.611111,-0.777202,48.112,63.850,122.961,1997.0
Vielma_9_puntos_intento_8.mp4,726,6050.000,True,144.000,169.000,0.000,170.000,59.000,0.144444,0.611111,-0.778254,47.581,65.144,121.643,1975.0
Vielma_9_puntos_intento_8.mp4,727,6058.333,True,144.000,169.000,0.000,171.000,59.000,0.150000,0.611111,-0.777202,47.535,63.998,124.183,1983.0
Vielma_9_puntos_intento_8.mp4,728,6066.667,True,144.000,169.000,0.000,171.000,59.000,0.150000,0.611111,-0.777202,48.067,63.940,122.832,1995.5
Vielma_9_puntos_intento_8.mp4,729,6075.000,True,144.000,169.000,0.000,172.000,59.000,0.155556,0.611111,-0.776109,48.071,62.636,119.551,2013.0
Vielma_9_puntos_intento_8.mp4,730,6083.333,True,144.000,169.000,0.000,171.000,58.000,0.150000,0.616667,-0.772802,47.612,64.472,124.485,1977.5
Vielma_9_puntos_intento_8.mp4,731,6091.667,True,144.000,169.000,0.000,171.000,58.000,0.150000,0.616667,-0.772802,47.542,65.367,125.658,2009.5
Vielma_9_puntos_intento_8.mp4,732,6100.000,True,144.000,169.000,0.000,172.000,58.000,0.155556,0.616667,-0.771702,47.768,63.972,124.584,1995.5
Vielma_9_puntos_intento_8.mp4,733,6108.333,True,144.000,169.000,0.000,171.000,59.000,0.150000,0.611111,-0.777202,47.503,64.087,123.373,1979.5
Vielma_9_puntos_intento_8.mp4,734,6116.667,True,144.000,169.000,0.000,171.000,58.000,0.150000,0.616667,-0.772802,46.877,64.565,121.392,1976.5
Vielma_9_puntos_intento_8.mp4,735,6125.000,True,144.000,169.000,0.000,170.000,57.000,0.144444,0.622222,-0.769399,46.881,67.152,121.730,1968.5
Vielma_9_puntos_intento_8.mp4,736,6133.333,True,144.000,169.000,0.000,171.000,58.000,0.150000,0.616667,-0.772802,46.602,65.497,124.042,1960.0
Vielma_9_puntos_intento_8.mp4,737,6141.667,True,144.000,169.000,0.000,172.000,58.000,0.155556,0.616667,-0.771702,48.218,63.190,120.604,1976.5
Vielma_9_puntos_intento_8.mp4,738,6150.000,True,144.000,169.000,0.000,171.000,58.000,0.150000,0.616667,-0.772802,47.170,65.114,122.528,1979.0
Vielma_9_puntos_intento_8.mp4,739,6158.333,True,144.000,169.000,0.000,172.000,58.000,0.155556,0.616667,-0.771702,47.043,64.216,123.807,1980.5
Vielma_9_puntos_intento_8.mp4,740,6166.667,True,144.000,169.000,0.000,172.000,57.000,0.155556,0.622222,-0.767230,46.920,64.946,122.196,1951.5
Vielma_9_puntos_intento_8.mp4,741,6175.000,True,144.000,169.000,0.000,172.000,57.000,0.155556,0.622222,-0.767230,46.676,65.225,122.550,1944.0
Vielma_9_puntos_intento_8.mp4,742,6183.333,True,144.000,169.000,0.000,172.000,57.000,0.155556,0.622222,-0.767230,46.497,65.228,122.233,1969.0
Vielma_9_puntos_intento_8.mp4,743,6191.667,True,144.000,169.000,0.000,173.000,57.000,0.161111,0.622222,-0.766083,46.669,65.292,122.846,1961.5
Vielma_9_puntos_intento_8.mp4,744,6200.000,True,144.000,169.000,0.000,179.000,59.000,0.194444,0.611111,-0.767290,47.135,64.417,126.429,1994.0
Vielma_9_puntos_intento_8.mp4,745,6208.333,True,144.000,169.000,0.000,188.000,62.000,0.244444,0.594444,-0.766083,43.293,65.753,131.694,1988.5
Vielma_9_puntos_intento_8.mp4,746,6216.667,True,144.000,169.000,0.000,195.000,64.000,0.283333,0.583333,-0.761212,41.325,64.913,135.441,1949.5
Vielma_9_puntos_intento_8.mp4,747,6225.000,True,144.000,169.000,0.000,199.000,64.000,0.305556,0.583333,-0.752568,40.343,66.815,137.108,1908.5
Vielma_9_puntos_intento_8.mp4,748,6233.333,True,144.000,169.000,0.000,200.000,65.000,0.311111,0.577778,-0.754575,39.714,65.365,137.557,1887.5
Vielma_9_puntos_intento_8.mp4,749,6241.667,True,144.000,169.000,0.000,200.000,64.000,0.311111,0.583333,-0.750288,39.792,67.014,135.737,1890.0
Vielma_9_puntos_intento_8.mp4,750,6250.000,True,144.000,169.000,0.000,201.000,64.000,0.316667,0.583333,-0.747960,40.898,66.039,136.955,1955.5
Vielma_9_puntos_intento_8.mp4,751,6258.333,True,144.000,169.000,0.000,201.000,65.000,0.316667,0.577778,-0.752260,40.759,66.045,136.598,1980.5
Vielma_9_puntos_intento_8.mp4,752,6266.667,True,144.000,169.000,0.000,201.000,65.000,0.316667,0.577778,-0.752260,40.876,66.058,137.781,1978.5
Vielma_9_puntos_intento_8.mp4,753,6275.000,True,144.000,169.000,0.000,201.000,65.000,0.316667,0.577778,-0.752260,41.096,65.370,137.253,1969.5
Vielma_9_puntos_intento_8.mp4,754,6283.333,True,144.000,169.000,0.000,201.000,65.000,0.316667,0.577778,-0.752260,41.346,66.516,136.916,1984.0
Vielma_9_puntos_intento_8.mp4,755,6291.667,True,144.000,169.000,0.000,201.000,65.000,0.316667,0.577778,-0.752260,40.503,66.288,136.547,1982.5
Vielma_9_puntos_intento_8.mp4,756,6300.000,True,144.000,169.000,0.000,201.000,65.000,0.316667,0.577778,-0.752260,40.835,66.788,136.435,2000.5
Vielma_9_puntos_intento_8.mp4,757,6308.333,True,144.000,169.000,0.000,201.000,65.000,0.316667,0.577778,-0.752260,41.273,66.689,138.457,2006.0
Vielma_9_puntos_intento_8.mp4,758,6316.667,True,144.000,169.000,0.000,201.000,65.000,0.316667,0.577778,-0.752260,40.731,66.843,136.311,1999.0
Vielma_9_puntos_intento_8.mp4,759,6325.000,True,144.000,169.000,0.000,201.000,65.000,0.316667,0.577778,-0.752260,40.836,67.372,137.614,2012.0
Vielma_9_puntos_intento_8.mp4,760,6333.333,True,144.000,169.000,0.000,201.000,65.000,0.316667,0.577778,-0.752260,40.827,67.855,136.754,2021.0
Vielma_9_puntos_intento_8.mp4,761,6341.667,True,144.000,169.000,0.000,201.000,64.000,0.316667,0.583333,-0.747960,40.791,69.003,135.138,2017.5
Vielma_9_puntos_intento_8.mp4,762,6350.000,True,144.000,169.000,0.000,201.000,64.000,0.316667,0.583333,-0.747960,41.462,67.161,137.628,2010.0
Vielma_9_puntos_intento_8.mp4,763,6358.333,True,144.000,169.000,0.000,201.000,65.000,0.316667,0.577778,-0.752260,41.166,68.005,135.543,2029.5
Vielma_9_puntos_intento_8.mp4,764,6366.667,True,144.000,169.000,0.000,201.000,65.000,0.316667,0.577778,-0.752260,41.037,68.560,136.010,2044.0
Vielma_9_puntos_intento_8.mp4,765,6375.000,True,144.000,169.000,0.000,201.000,64.000,0.316667,0.583333,-0.747960,41.348,67.377,136.681,2015.0
Vielma_9_puntos_intento_8.mp4,766,6383.333,True,144.000,169.000,0.000,201.000,65.000,0.316667,0.577778,-0.752260,41.437,67.322,137.550,2046.5
Vielma_9_puntos_intento_8.mp4,767,6391.667,True,144.000,169.000,0.000,201.000,65.000,0.316667,0.577778,-0.752260,41.017,68.141,135.603,2026.5
Vielma_9_puntos_intento_8.mp4,768,6400.000,True,144.000,169.000,0.000,202.000,65.000,0.322222,0.577778,-0.749897,41.591,66.666,137.396,2038.0
Vielma_9_puntos_intento_8.mp4,769,6408.333,True,144.000,169.000,0.000,201.000,65.000,0.316667,0.577778,-0.752260,41.385,67.622,137.011,2045.5
Vielma_9_puntos_intento_8.mp4,770,6416.667,True,144.000,169.000,0.000,201.000,65.000,0.316667,0.577778,-0.752260,41.502,67.705,136.668,2050.5
Vielma_9_puntos_intento_8.mp4,771,6425.000,True,144.000,169.000,0.000,201.000,65.000,0.316667,0.577778,-0.752260,41.441,69.031,135.009,2044.0
Vielma_9_puntos_intento_8.mp4,772,6433.333,True,144.000,169.000,0.000,201.000,65.000,0.316667,0.577778,-0.752260,41.543,67.389,137.706,2059.0
Vielma_9_puntos_intento_8.mp4,773,6441.667,True,144.000,169.000,0.000,201.000,65.000,0.316667,0.577778,-0.752260,42.087,66.939,135.833,2059.5
Vielma_9_puntos_intento_8.mp4,774,6450.000,True,144.000,169.000,0.000,202.000,66.000,0.322222,0.572222,-0.754145,41.813,67.097,136.523,2060.0
Vielma_9_puntos_intento_8.mp4,775,6458.333,True,144.000,169.000,0.000,202.000,66.000,0.322222,0.572222,-0.754145,42.047,67.183,135.921,2053.0
Vielma_9_puntos_intento_8.mp4,776,6466.667,True,144.000,169.000,0.000,202.000,66.000,0.322222,0.572222,-0.754145,41.616,67.759,136.060,2062.0
Vielma_9_puntos_intento_8.mp4,777,6475.000,True,144.000,169.000,0.000,202.000,66.000,0.322222,0.572222,-0.754145,42.208,67.815,137.489,2086.5
Vielma_9_puntos_intento_8.mp4,778,6483.333,True,144.000,169.000,0.000,202.000,66.000,0.322222,0.572222,-0.754145,41.970,68.170,136.562,2093.5
Vielma_9_puntos_intento_8.mp4,779,6491.667,True,144.000,169.000,0.000,202.000,66.000,0.322222,0.572222,-0.754145,41.950,68.419,138.373,2088.5
Vielma_9_puntos_intento_8.mp4,780,6500.000,True,144.000,169.000,0.000,203.000,67.000,0.327778,0.566667,-0.755944,42.247,67.829,136.567,2099.5
Vielma_9_puntos_intento_8.mp4,781,6508.333,True,144.000,169.000,0.000,203.000,67.000,0.327778,0.566667,-0.755944,42.728,67.551,139.125,2113.5
Vielma_9_puntos_intento_8.mp4,782,6516.667,True,144.000,169.000,0.000,203.000,67.000,0.327778,0.566667,-0.755944,42.564,67.955,136.800,2141.5
Vielma_9_puntos_intento_8.mp4,783,6525.000,True,144.000,169.000,0.000,203.000,67.000,0.327778,0.566667,-0.755944,42.051,68.945,137.377,2117.5
Vielma_9_puntos_intento_8.mp4,784,6533.333,True,144.000,169.000,0.000,203.000,67.000,0.327778,0.566667,-0.755944,42.707,68.875,136.924,2130.5
Vielma_9_puntos_intento_8.mp4,785,6541.667,True,144.000,169.000,0.000,203.000,67.000,0.327778,0.566667,-0.755944,41.842,69.215,138.216,2102.5
Vielma_9_puntos_intento_8.mp4,786,6550.000,True,144.000,169.000,0.000,203.000,67.000,0.327778,0.566667,-0.755944,42.427,69.303,137.546,2133.5
Vielma_9_puntos_intento_8.mp4,787,6558.333,True,144.000,169.000,0.000,203.000,67.000,0.327778,0.566667,-0.755944,42.563,68.915,137.095,2150.0
Vielma_9_puntos_intento_8.mp4,788,6566.667,True,144.000,169.000,0.000,204.000,68.000,0.333333,0.561111,-0.757656,43.267,67.124,138.693,2165.5
Vielma_9_puntos_intento_8.mp4,789,6575.000,True,144.000,169.000,0.000,203.000,67.000,0.327778,0.566667,-0.755944,42.633,68.896,139.399,2135.0
Vielma_9_puntos_intento_8.mp4,790,6583.333,True,144.000,169.000,0.000,203.000,68.000,0.327778,0.561111,-0.760076,42.743,69.004,137.785,2170.5
Vielma_9_puntos_intento_8.mp4,791,6591.667,True,144.000,169.000,0.000,206.000,70.000,0.344444,0.550000,-0.760827,42.641,70.623,139.415,2233.5
Vielma_9_puntos_intento_8.mp4,792,6600.000,True,144.000,169.000,0.000,207.000,72.000,0.350000,0.538889,-0.766224,44.110,69.556,141.626,2305.0
Vielma_9_puntos_intento_8.mp4,793,6608.333,True,144.000,169.000,0.000,206.000,72.000,0.344444,0.538889,-0.768737,44.118,69.755,139.703,2268.5
Vielma_9_puntos_intento_8.mp4,794,6616.667,True,144.000,169.000,0.000,206.000,71.000,0.344444,0.544444,-0.764813,44.154,70.564,137.782,2296.5
Vielma_9_puntos_intento_8.mp4,795,6625.000,True,144.000,169.000,0.000,206.000,71.000,0.344444,0.544444,-0.764813,43.917,70.857,137.719,2277.0
Vielma_9_puntos_intento_8.mp4,796,6633.333,True,144.000,169.000,0.000,206.000,72.000,0.344444,0.538889,-0.768737,44.304,69.899,138.925,2301.5
Vielma_9_puntos_intento_8.mp4,797,6641.667,True,144.000,169.000,0.000,206.000,72.000,0.344444,0.538889,-0.768737,44.522,69.622,138.782,2307.5
Vielma_9_puntos_intento_8.mp4,798,6650.000,True,144.000,169.000,0.000,206.000,71.000,0.344444,0.544444,-0.764813,44.148,70.594,138.733,2307.5
Vielma_9_puntos_intento_8.mp4,799,6658.333,True,144.000,169.000,0.000,206.000,71.000,0.344444,0.544444,-0.764813,44.312,70.623,138.548,2310.0
Vielma_9_puntos_intento_8.mp4,800,6666.667,True,144.000,169.000,0.000,206.000,72.000,0.344444,0.538889,-0.768737,44.183,70.542,138.930,2308.0
Vielma_9_puntos_intento_8.mp4,801,6675.000,True,144.000,169.000,0.000,206.000,71.000,0.344444,0.544444,-0.764813,44.202,71.147,138.187,2318.5
Vielma_9_puntos_intento_8.mp4,802,6683.333,True,144.000,169.000,0.000,206.000,72.000,0.344444,0.538889,-0.768737,44.158,70.114,138.883,2325.0
Vielma_9_puntos_intento_8.mp4,803,6691.667,True,144.000,169.000,0.000,206.000,72.000,0.344444,0.538889,-0.768737,44.467,69.963,138.406,2324.5
Vielma_9_puntos_intento_8.mp4,804,6700.000,True,144.000,169.000,0.000,206.000,72.000,0.344444,0.538889,-0.768737,44.459,69.974,138.740,2329.0
Vielma_9_puntos_intento_8.mp4,805,6708.333,True,144.000,169.000,0.000,206.000,72.000,0.344444,0.538889,-0.768737,44.628,70.201,140.503,2304.5
Vielma_9_puntos_intento_8.mp4,806,6716.667,True,144.000,169.000,0.000,206.000,72.000,0.344444,0.538889,-0.768737,44.199,70.190,140.133,2306.5
Vielma_9_puntos_intento_8.mp4,807,6725.000,True,144.000,169.000,0.000,206.000,72.000,0.344444,0.538889,-0.768737,44.340,70.174,140.007,2300.5
Vielma_9_puntos_intento_8.mp4,808,6733.333,True,144.000,169.000,0.000,206.000,72.000,0.344444,0.538889,-0.768737,44.150,70.283,139.209,2306.5
Vielma_9_puntos_intento_8.mp4,809,6741.667,True,144.000,169.000,0.000,206.000,72.000,0.344444,0.538889,-0.768737,44.122,70.732,139.204,2306.5
Vielma_9_puntos_intento_8.mp4,810,6750.000,True,144.000,169.000,0.000,206.000,72.000,0.344444,0.538889,-0.768737,44.009,70.363,139.615,2297.0
Vielma_9_puntos_intento_8.mp4,811,6758.333,True,144.000,169.000,0.000,206.000,72.000,0.344444,0.538889,-0.768737,44.174,70.764,139.356,2301.5
Vielma_9_puntos_intento_8.mp4,812,6766.667,True,144.000,169.000,0.000,206.000,72.000,0.344444,0.538889,-0.768737,44.407,70.535,138.712,2327.0
Vielma_9_puntos_intento_8.mp4,813,6775.000,True,144.000,169.000,0.000,206.000,72.000,0.344444,0.538889,-0.768737,44.430,70.040,138.530,2328.0
Vielma_9_puntos_intento_8.mp4,814,6783.333,True,144.000,169.000,0.000,206.000,72.000,0.344444,0.538889,-0.768737,44.213,70.238,138.152,2312.0
Vielma_9_puntos_intento_8.mp4,815,6791.667,True,144.000,169.000,0.000,206.000,72.000,0.344444,0.538889,-0.768737,44.051,70.666,138.657,2307.5
Vielma_9_puntos_intento_8.mp4,816,6800.000,True,144.000,169.000,0.000,206.000,72.000,0.344444,0.538889,-0.768737,44.449,70.473,138.371,2319.5
Vielma_9_puntos_intento_8.mp4,817,6808.333,True,144.000,169.000,0.000,206.000,72.000,0.344444,0.538889,-0.768737,44.387,71.004,139.192,2324.5
Vielma_9_puntos_intento_8.mp4,818,6816.667,True,144.000,169.000,0.000,206.000,72.000,0.344444,0.538889,-0.768737,44.441,70.755,138.734,2346.0
Vielma_9_puntos_intento_8.mp4,819,6825.000,True,144.000,169.000,0.000,206.000,72.000,0.344444,0.538889,-0.768737,44.180,71.735,138.313,2342.5
Vielma_9_puntos_intento_8.mp4,820,6833.333,True,144.000,169.000,0.000,206.000,72.000,0.344444,0.538889,-0.768737,44.338,71.221,139.394,2335.5
Vielma_9_puntos_intento_8.mp4,821,6841.667,True,144.000,169.000,0.000,206.000,72.000,0.344444,0.538889,-0.768737,44.267,71.925,137.654,2338.5
Vielma_9_puntos_intento_8.mp4,822,6850.000,True,144.000,169.000,0.000,206.000,72.000,0.344444,0.538889,-0.768737,44.388,71.125,138.450,2345.0
Vielma_9_puntos_intento_8.mp4,823,6858.333,True,144.000,169.000,0.000,206.000,72.000,0.344444,0.538889,-0.768737,44.285,71.648,139.074,2343.0
Vielma_9_puntos_intento_8.mp4,824,6866.667,True,144.000,169.000,0.000,206.000,72.000,0.344444,0.538889,-0.768737,44.087,71.218,139.072,2335.5
Vielma_9_puntos_intento_8.mp4,825,6875.000,True,144.000,169.000,0.000,206.000,71.000,0.344444,0.544444,-0.764813,44.115,71.441,138.552,2343.5
Vielma_9_puntos_intento_8.mp4,826,6883.333,True,144.000,169.000,0.000,206.000,71.000,0.344444,0.544444,-0.764813,44.443,71.481,139.303,2336.5
Vielma_9_puntos_intento_8.mp4,827,6891.667,True,144.000,169.000,0.000,206.000,71.000,0.344444,0.544444,-0.764813,44.558,71.390,138.264,2339.0
Vielma_9_puntos_intento_8.mp4,828,6900.000,True,144.000,169.000,0.000,206.000,71.000,0.344444,0.544444,-0.764813,44.671,70.247,137.879,2332.5
Vielma_9_puntos_intento_8.mp4,829,6908.333,True,144.000,169.000,0.000,206.000,71.000,0.344444,0.544444,-0.764813,44.758,71.139,138.927,2356.5
Vielma_9_puntos_intento_8.mp4,830,6916.667,True,144.000,169.000,0.000,206.000,71.000,0.344444,0.544444,-0.764813,44.830,70.159,138.981,2349.5
Vielma_9_puntos_intento_8.mp4,831,6925.000,True,144.000,169.000,0.000,206.000,70.000,0.344444,0.550000,-0.760827,44.361,71.087,138.830,2343.0
Vielma_9_puntos_intento_8.mp4,832,6933.333,True,144.000,169.000,0.000,206.000,71.000,0.344444,0.544444,-0.764813,44.797,69.406,138.555,2323.5
Vielma_9_puntos_intento_8.mp4,833,6941.667,True,144.000,169.000,0.000,205.000,70.000,0.338889,0.550000,-0.763318,43.961,71.632,139.627,2332.5
Vielma_9_puntos_intento_8.mp4,834,6950.000,True,144.000,169.000,0.000,204.000,70.000,0.333333,0.550000,-0.765760,45.220,70.024,138.995,2363.5
Vielma_9_puntos_intento_8.mp4,835,6958.333,True,144.000,169.000,0.000,196.000,70.000,0.288889,0.550000,-0.783609,48.291,69.210,138.834,2440.5
Vielma_9_puntos_intento_8.mp4,836,6966.667,True,144.000,169.000,0.000,184.000,70.000,0.222222,0.550000,-0.805057,53.445,67.247,126.281,2621.0
Vielma_9_puntos_intento_8.mp4,837,6975.000,True,144.000,169.000,0.000,174.000,70.000,0.166667,0.550000,-0.818366,57.524,66.744,118.929,2741.0
Vielma_9_puntos_intento_8.mp4,838,6983.333,True,144.000,169.000,0.000,167.000,71.000,0.127778,0.544444,-0.829007,58.340,68.921,114.720,2774.5
Vielma_9_puntos_intento_8.mp4,839,6991.667,True,144.000,169.000,0.000,168.000,70.000,0.133333,0.550000,-0.824453,58.125,69.866,118.366,2823.5
Vielma_9_puntos_intento_8.mp4,840,7000.000,True,144.000,169.000,0.000,169.000,70.000,0.138889,0.550000,-0.823535,59.258,67.853,119.448,2842.5
Vielma_9_puntos_intento_8.mp4,841,7008.333,True,144.000,169.000,0.000,167.000,70.000,0.127778,0.550000,-0.825332,58.026,69.875,124.058,2800.5
Vielma_9_puntos_intento_8.mp4,842,7016.667,True,144.000,169.000,0.000,167.000,71.000,0.127778,0.544444,-0.829007,58.156,69.574,119.309,2836.0
Vielma_9_puntos_intento_8.mp4,843,7025.000,True,144.000,169.000,0.000,167.000,70.000,0.127778,0.550000,-0.825332,58.301,71.225,120.884,2879.5
Vielma_9_puntos_intento_8.mp4,844,7033.333,True,144.000,169.000,0.000,167.000,70.000,0.127778,0.550000,-0.825332,58.559,70.206,119.947,2877.0
Vielma_9_puntos_intento_8.mp4,845,7041.667,True,144.000,169.000,0.000,167.000,70.000,0.127778,0.550000,-0.825332,59.178,70.464,122.035,2897.5
Vielma_9_puntos_intento_8.mp4,846,7050.000,True,144.000,169.000,0.000,167.000,69.000,0.127778,0.555556,-0.821603,59.049,71.819,121.486,3012.0
Vielma_9_puntos_intento_8.mp4,847,7058.333,True,144.000,169.000,0.000,167.000,69.000,0.127778,0.555556,-0.821603,59.290,72.262,123.141,3020.0
Vielma_9_puntos_intento_8.mp4,848,7066.667,True,144.000,169.000,0.000,167.000,69.000,0.127778,0.555556,-0.821603,59.356,71.872,122.275,3027.5
Vielma_9_puntos_intento_8.mp4,849,7075.000,True,144.000,169.000,0.000,167.000,69.000,0.127778,0.555556,-0.821603,59.242,71.460,120.949,3059.5
Vielma_9_puntos_intento_8.mp4,850,7083.333,True,144.000,169.000,0.000,167.000,69.000,0.127778,0.555556,-0.821603,60.532,71.481,119.940,3060.0
Vielma_9_puntos_intento_8.mp4,851,7091.667,True,144.000,169.000,0.000,167.000,69.000,0.127778,0.555556,-0.821603,60.239,71.134,122.573,3077.0
Vielma_9_puntos_intento_8.mp4,852,7100.000,True,144.000,169.000,0.000,167.000,69.000,0.127778,0.555556,-0.821603,59.174,72.273,122.803,3080.0
Vielma_9_puntos_intento_8.mp4,853,7108.333,True,144.000,169.000,0.000,167.000,68.000,0.127778,0.561111,-0.817819,59.267,73.429,123.260,3065.5
Vielma_9_puntos_intento_8.mp4,854,7116.667,True,144.000,169.000,0.000,167.000,69.000,0.127778,0.555556,-0.821603,59.622,71.939,121.859,3077.0
Vielma_9_puntos_intento_8.mp4,855,7125.000,True,144.000,169.000,0.000,168.000,69.000,0.133333,0.555556,-0.820719,60.062,72.162,124.868,3121.5
Vielma_9_puntos_intento_8.mp4,856,7133.333,True,144.000,169.000,0.000,167.000,69.000,0.127778,0.555556,-0.821603,59.860,73.692,124.992,3130.5
Vielma_9_puntos_intento_8.mp4,857,7141.667,True,144.000,169.000,0.000,168.000,69.000,0.133333,0.555556,-0.820719,60.497,72.964,126.136,3146.5
Vielma_9_puntos_intento_8.mp4,858,7150.000,True,144.000,169.000,0.000,167.000,69.000,0.127778,0.555556,-0.821603,59.850,73.644,125.977,3103.5
Vielma_9_puntos_intento_8.mp4,859,7158.333,True,144.000,169.000,0.000,167.000,69.000,0.127778,0.555556,-0.821603,60.170,73.244,125.486,3091.5
Vielma_9_puntos_intento_8.mp4,860,7166.667,True,144.000,169.000,0.000,168.000,69.000,0.133333,0.555556,-0.820719,60.912,72.551,124.694,3097.0
Vielma_9_puntos_intento_8.mp4,861,7175.000,True,144.000,169.000,0.000,167.000,69.000,0.127778,0.555556,-0.821603,60.697,74.311,124.080,3138.0
Vielma_9_puntos_intento_8.mp4,862,7183.333,True,144.000,169.000,0.000,168.000,70.000,0.133333,0.550000,-0.824453,61.005,72.601,124.334,3127.0
Vielma_9_puntos_intento_8.mp4,863,7191.667,True,144.000,169.000,0.000,168.000,69.000,0.133333,0.555556,-0.820719,60.598,73.007,124.878,3126.0
Vielma_9_puntos_intento_8.mp4,864,7200.000,True,144.000,169.000,0.000,168.000,70.000,0.133333,0.550000,-0.824453,60.916,72.480,124.790,3163.5
Vielma_9_puntos_intento_8.mp4,865,7208.333,True,144.000,169.000,0.000,168.000,70.000,0.133333,0.550000,-0.824453,60.601,72.113,123.429,3153.5
Vielma_9_puntos_intento_8.mp4,866,7216.667,True,144.000,169.000,0.000,168.000,70.000,0.133333,0.550000,-0.824453,61.017,73.420,122.242,3150.5
Vielma_9_puntos_intento_8.mp4,867,7225.000,True,144.000,169.000,0.000,169.000,71.000,0.138889,0.544444,-0.827218,61.126,72.232,118.462,3170.0
Vielma_9_puntos_intento_8.mp4,868,7233.333,True,144.000,169.000,0.000,176.000,71.000,0.177778,0.544444,-0.819741,58.867,74.723,125.468,3167.0
Vielma_9_puntos_intento_8.mp4,869,7241.667,True,144.000,169.000,0.000,186.000,72.000,0.233333,0.538889,-0.809416,55.694,75.238,131.732,3097.0
Vielma_9_puntos_intento_8.mp4,870,7250.000,True,144.000,169.000,0.000,194.000,73.000,0.277778,0.533333,-0.798996,52.368,76.499,134.915,2949.5
Vielma_9_puntos_intento_8.mp4,871,7258.333,True,144.000,169.000,0.000,201.000,75.000,0.316667,0.522222,-0.791837,50.085,76.448,139.122,2853.0
Vielma_9_puntos_intento_8.mp4,872,7266.667,True,144.000,169.000,0.000,204.000,75.000,0.333333,0.522222,-0.784967,48.795,75.249,140.423,2787.5
Vielma_9_puntos_intento_8.mp4,873,7275.000,True,144.000,169.000,0.000,203.000,74.000,0.327778,0.527778,-0.783589,48.797,74.883,140.171,2763.0
Vielma_9_puntos_intento_8.mp4,874,7283.333,True,144.000,169.000,0.000,203.000,74.000,0.327778,0.527778,-0.783589,49.398,75.733,138.523,2826.0
Vielma_9_puntos_intento_8.mp4,875,7291.667,True,144.000,169.000,0.000,204.000,74.000,0.333333,0.527778,-0.781242,49.308,75.231,139.694,2791.0
Vielma_9_puntos_intento_8.mp4,876,7300.000,True,144.000,169.000,0.000,204.000,74.000,0.333333,0.527778,-0.781242,49.644,76.030,140.176,2825.0
Vielma_9_puntos_intento_8.mp4,877,7308.333,True,144.000,169.000,0.000,203.000,74.000,0.327778,0.527778,-0.783589,49.425,75.814,139.558,2817.0
Vielma_9_puntos_intento_8.mp4,878,7316.667,True,144.000,169.000,0.000,204.000,74.000,0.333333,0.527778,-0.781242,49.783,74.614,139.450,2827.0
Vielma_9_puntos_intento_8.mp4,879,7325.000,True,144.000,169.000,0.000,203.000,73.000,0.327778,0.533333,-0.779819,49.312,77.097,139.195,2807.5
Vielma_9_puntos_intento_8.mp4,880,7333.333,True,144.000,169.000,0.000,203.000,73.000,0.327778,0.533333,-0.779819,49.085,75.621,139.057,2798.0
Vielma_9_puntos_intento_8.mp4,881,7341.667,True,144.000,169.000,0.000,203.000,73.000,0.327778,0.533333,-0.779819,48.832,77.158,137.484,2784.0
Vielma_9_puntos_intento_8.mp4,882,7350.000,True,144.000,169.000,0.000,203.000,73.000,0.327778,0.533333,-0.779819,48.565,76.544,137.890,2780.5
Vielma_9_puntos_intento_8.mp4,883,7358.333,True,144.000,169.000,0.000,203.000,73.000,0.327778,0.533333,-0.779819,48.615,75.767,137.864,2770.0
Vielma_9_puntos_intento_8.mp4,884,7366.667,True,144.000,169.000,0.000,203.000,72.000,0.327778,0.538889,-0.775990,48.429,76.897,138.772,2759.5
Vielma_9_puntos_intento_8.mp4,885,7375.000,True,144.000,169.000,0.000,203.000,72.000,0.327778,0.538889,-0.775990,48.551,77.284,138.634,2769.0
Vielma_9_puntos_intento_8.mp4,886,7383.333,True,144.000,169.000,0.000,204.000,72.000,0.333333,0.538889,-0.773620,48.581,75.208,138.285,2762.0
Vielma_9_puntos_intento_8.mp4,887,7391.667,True,144.000,169.000,0.000,203.000,72.000,0.327778,0.538889,-0.775990,48.373,76.107,137.984,2754.0
Vielma_9_puntos_intento_8.mp4,888,7400.000,True,144.000,169.000,0.000,203.000,72.000,0.327778,0.538889,-0.775990,48.400,76.705,138.011,2755.0
Vielma_9_puntos_intento_8.mp4,889,7408.333,True,144.000,169.000,0.000,203.000,72.000,0.327778,0.538889,-0.775990,48.605,75.523,139.908,2760.5
Vielma_9_puntos_intento_8.mp4,890,7416.667,True,144.000,169.000,0.000,204.000,73.000,0.333333,0.533333,-0.777460,48.784,74.718,138.639,2770.5
Vielma_9_puntos_intento_8.mp4,891,7425.000,True,144.000,169.000,0.000,204.000,73.000,0.333333,0.533333,-0.777460,48.320,74.971,140.252,2746.0
Vielma_9_puntos_intento_8.mp4,892,7433.333,True,144.000,169.000,0.000,204.000,73.000,0.333333,0.533333,-0.777460,48.606,74.854,139.720,2751.0
Vielma_9_puntos_intento_8.mp4,893,7441.667,True,144.000,169.000,0.000,203.000,73.000,0.327778,0.533333,-0.779819,48.475,75.495,139.136,2746.0
Vielma_9_puntos_intento_8.mp4,894,7450.000,True,144.000,169.000,0.000,203.000,72.000,0.327778,0.538889,-0.775990,48.611,76.373,138.837,2763.5
Vielma_9_puntos_intento_8.mp4,895,7458.333,True,144.000,169.000,0.000,203.000,73.000,0.327778,0.533333,-0.779819,48.406,75.593,139.467,2754.0
Vielma_9_puntos_intento_8.mp4,896,7466.667,True,144.000,169.000,0.000,204.000,73.000,0.333333,0.533333,-0.777460,48.773,75.103,140.077,2751.5
Vielma_9_puntos_intento_8.mp4,897,7475.000,True,144.000,169.000,0.000,204.000,73.000,0.333333,0.533333,-0.777460,49.097,75.814,139.695,2790.5
Vielma_9_puntos_intento_8.mp4,898,7483.333,True,144.000,169.000,0.000,204.000,73.000,0.333333,0.533333,-0.777460,48.719,75.869,139.064,2799.5
Vielma_9_puntos_intento_8.mp4,899,7491.667,True,144.000,169.000,0.000,204.000,73.000,0.333333,0.533333,-0.777460,48.665,76.650,138.444,2802.5
Vielma_9_puntos_intento_8.mp4,900,7500.000,True,144.000,169.000,0.000,202.000,73.000,0.322222,0.533333,-0.782131,49.831,75.622,140.091,2839.0
Vielma_9_puntos_intento_8.mp4,901,7508.333,True,144.000,169.000,0.000,193.000,73.000,0.272222,0.533333,-0.800906,53.386,72.731,139.258,2909.0
Vielma_9_puntos_intento_8.mp4,902,7516.667,True,144.000,169.000,0.000,180.000,71.000,0.200000,0.544444,-0.814604,58.527,72.322,131.408,3064.5
Vielma_9_puntos_intento_8.mp4,903,7525.000,True,144.000,169.000,0.000,169.000,71.000,0.138889,0.544444,-0.827218,62.100,69.935,120.926,3126.0
Vielma_9_puntos_intento_8.mp4,904,7533.333,True,144.000,169.000,0.000,159.000,71.000,0.083333,0.544444,-0.834647,63.248,71.287,104.823,3174.5
Vielma_9_puntos_intento_8.mp4,905,7541.667,True,144.000,169.000,0.000,156.000,71.000,0.066667,0.544444,-0.836143,63.196,73.012,101.243,3226.5
Vielma_9_puntos_intento_8.mp4,906,7550.000,True,144.000,169.000,0.000,158.000,71.000,0.077778,0.544444,-0.835183,62.879,72.309,109.899,3220.0
Vielma_9_puntos_intento_8.mp4,907,7558.333,True,144.000,169.000,0.000,158.000,71.000,0.077778,0.544444,-0.835183,62.674,71.925,109.041,3137.5
Vielma_9_puntos_intento_8.mp4,908,7566.667,True,144.000,169.000,0.000,157.000,71.000,0.072222,0.544444,-0.835682,62.860,72.274,109.716,3122.5
Vielma_9_puntos_intento_8.mp4,909,7575.000,True,144.000,169.000,0.000,157.000,71.000,0.072222,0.544444,-0.835682,62.885,71.971,101.945,3176.5
Vielma_9_puntos_intento_8.mp4,910,7583.333,True,144.000,169.000,0.000,157.000,70.000,0.072222,0.550000,-0.832036,62.686,73.616,110.411,3194.5
Vielma_9_puntos_intento_8.mp4,911,7591.667,True,144.000,169.000,0.000,158.000,71.000,0.077778,0.544444,-0.835183,63.299,71.494,105.727,3187.0
Vielma_9_puntos_intento_8.mp4,912,7600.000,True,144.000,169.000,0.000,157.000,70.000,0.072222,0.550000,-0.832036,63.920,73.305,112.633,3237.0
Vielma_9_puntos_intento_8.mp4,913,7608.333,True,144.000,169.000,0.000,157.000,70.000,0.072222,0.550000,-0.832036,62.280,73.503,107.845,3203.5
Vielma_9_puntos_intento_8.mp4,914,7616.667,True,144.000,169.000,0.000,158.000,70.000,0.077778,0.550000,-0.831535,63.905,72.636,111.003,3247.0
Vielma_9_puntos_intento_8.mp4,915,7625.000,True,144.000,169.000,0.000,157.000,70.000,0.072222,0.550000,-0.832036,62.961,73.084,111.025,3254.0
Vielma_9_puntos_intento_8.mp4,916,7633.333,True,144.000,169.000,0.000,157.000,70.000,0.072222,0.550000,-0.832036,62.855,73.587,110.358,3284.5
Vielma_9_puntos_intento_8.mp4,917,7641.667,True,144.000,169.000,0.000,157.000,70.000,0.072222,0.550000,-0.832036,62.309,74.183,108.857,3276.0
Vielma_9_puntos_intento_8.mp4,918,7650.000,True,144.000,169.000,0.000,157.000,69.000,0.072222,0.555556,-0.828337,63.743,73.640,110.686,3330.0
Vielma_9_puntos_intento_8.mp4,919,7658.333,True,144.000,169.000,0.000,157.000,70.000,0.072222,0.550000,-0.832036,64.604,72.365,111.074,3296.0
Vielma_9_puntos_intento_8.mp4,920,7666.667,True,144.000,169.000,0.000,157.000,69.000,0.072222,0.555556,-0.828337,64.319,73.999,114.081,3317.5
Vielma_9_puntos_intento_8.mp4,921,7675.000,True,144.000,169.000,0.000,158.000,70.000,0.077778,0.550000,-0.831535,63.993,73.581,105.840,3326.0
Vielma_9_puntos_intento_8.mp4,922,7683.333,True,144.000,169.000,0.000,157.000,69.000,0.072222,0.555556,-0.828337,63.970,74.490,112.060,3332.5
Vielma_9_puntos_intento_8.mp4,923,7691.667,True,144.000,169.000,0.000,157.000,69.000,0.072222,0.555556,-0.828337,64.111,74.435,111.272,3329.5
Vielma_9_puntos_intento_8.mp4,924,7700.000,True,144.000,169.000,0.000,158.000,69.000,0.077778,0.555556,-0.827834,64.646,74.454,112.097,3375.5
Vielma_9_puntos_intento_8.mp4,925,7708.333,True,144.000,169.000,0.000,158.000,69.000,0.077778,0.555556,-0.827834,64.162,72.923,112.697,3346.5
Vielma_9_puntos_intento_8.mp4,926,7716.667,True,144.000,169.000,0.000,157.000,69.000,0.072222,0.555556,-0.828337,63.682,74.529,115.644,3351.5
Vielma_9_puntos_intento_8.mp4,927,7725.000,True,144.000,169.000,0.000,158.000,69.000,0.077778,0.555556,-0.827834,63.493,71.919,106.117,3244.0
Vielma_9_puntos_intento_8.mp4,928,7733.333,True,144.000,169.000,0.000,157.000,69.000,0.072222,0.555556,-0.828337,63.174,72.648,108.059,3245.5
Vielma_9_puntos_intento_8.mp4,929,7741.667,True,144.000,169.000,0.000,158.000,69.000,0.077778,0.555556,-0.827834,62.318,73.253,106.975,3220.0
Vielma_9_puntos_intento_8.mp4,930,7750.000,True,144.000,169.000,0.000,158.000,69.000,0.077778,0.555556,-0.827834,63.627,71.573,106.375,3281.5
Vielma_9_puntos_intento_8.mp4,931,7758.333,True,144.000,169.000,0.000,158.000,68.000,0.077778,0.561111,-0.824078,63.610,71.850,110.072,3261.0
Vielma_9_puntos_intento_8.mp4,932,7766.667,True,144.000,169.000,0.000,158.000,69.000,0.077778,0.555556,-0.827834,62.827,72.235,103.664,3285.0
Vielma_9_puntos_intento_8.mp4,933,7775.000,True,144.000,169.000,0.000,158.000,68.000,0.077778,0.561111,-0.824078,62.557,73.785,108.674,3296.5
Vielma_9_puntos_intento_8.mp4,934,7783.333,True,144.000,169.000,0.000,158.000,68.000,0.077778,0.561111,-0.824078,63.068,73.518,109.645,3283.0
Vielma_9_puntos_intento_8.mp4,935,7791.667,True,144.000,169.000,0.000,158.000,68.000,0.077778,0.561111,-0.824078,63.527,73.510,110.311,3311.5
Vielma_9_puntos_intento_8.mp4,936,7800.000,True,144.000,169.000,0.000,158.000,68.000,0.077778,0.561111,-0.824078,63.741,73.320,110.432,3335.5
Vielma_9_puntos_intento_8.mp4,937,7808.333,True,144.000,169.000,0.000,158.000,69.000,0.077778,0.555556,-0.827834,63.401,73.583,107.533,3314.5
Vielma_9_puntos_intento_8.mp4,938,7816.667,True,144.000,169.000,0.000,158.000,69.000,0.077778,0.555556,-0.827834,63.169,74.583,107.854,3331.5
Vielma_9_puntos_intento_8.mp4,939,7825.000,True,144.000,169.000,0.000,158.000,69.000,0.077778,0.555556,-0.827834,63.565,73.303,107.291,3313.0
Vielma_9_puntos_intento_8.mp4,940,7833.333,True,144.000,169.000,0.000,157.000,68.000,0.072222,0.561111,-0.824584,63.595,75.957,116.128,3363.5
Vielma_9_puntos_intento_8.mp4,941,7841.667,True,144.000,169.000,0.000,159.000,69.000,0.083333,0.555556,-0.827293,64.550,73.208,111.202,3358.0
Vielma_9_puntos_intento_8.mp4,942,7850.000,True,144.000,169.000,0.000,158.000,69.000,0.077778,0.555556,-0.827834,64.067,73.809,108.897,3367.5
Vielma_9_puntos_intento_8.mp4,943,7858.333,True,144.000,169.000,0.000,158.000,69.000,0.077778,0.555556,-0.827834,63.759,73.642,106.854,3354.5
Vielma_9_puntos_intento_8.mp4,944,7866.667,True,144.000,169.000,0.000,158.000,69.000,0.077778,0.555556,-0.827834,64.756,73.791,105.920,3378.5
Vielma_9_puntos_intento_8.mp4,945,7875.000,True,144.000,169.000,0.000,158.000,69.000,0.077778,0.555556,-0.827834,64.329,73.936,107.990,3365.0
Vielma_9_puntos_intento_8.mp4,946,7883.333,True,144.000,169.000,0.000,158.000,69.000,0.077778,0.555556,-0.827834,63.743,74.967,107.782,3390.0
Vielma_9_puntos_intento_8.mp4,947,7891.667,True,144.000,169.000,0.000,158.000,69.000,0.077778,0.555556,-0.827834,64.040,73.571,105.425,3355.5
Vielma_9_puntos_intento_8.mp4,948,7900.000,True,144.000,169.000,0.000,158.000,69.000,0.077778,0.555556,-0.827834,64.081,73.935,108.627,3389.5
Vielma_9_puntos_intento_8.mp4,949,7908.333,True,144.000,169.000,0.000,157.000,68.000,0.072222,0.561111,-0.824584,63.854,75.163,113.158,3363.5
Vielma_9_puntos_intento_8.mp4,950,7916.667,True,144.000,169.000,0.000,158.000,68.000,0.077778,0.561111,-0.824078,64.797,74.614,112.860,3403.5
Vielma_9_puntos_intento_8.mp4,951,7925.000,True,144.000,169.000,0.000,158.000,69.000,0.077778,0.555556,-0.827834,64.416,74.004,108.736,3409.5
Vielma_9_puntos_intento_8.mp4,952,7933.333,True,144.000,169.000,0.000,158.000,69.000,0.077778,0.555556,-0.827834,63.914,74.256,109.063,3415.0
Vielma_9_puntos_intento_8.mp4,953,7941.667,True,144.000,169.000,0.000,158.000,69.000,0.077778,0.555556,-0.827834,64.429,73.570,108.131,3414.5
Vielma_9_puntos_intento_8.mp4,954,7950.000,True,144.000,169.000,0.000,158.000,68.000,0.077778,0.561111,-0.824078,64.382,73.966,108.447,3424.5
Vielma_9_puntos_intento_8.mp4,955,7958.333,True,144.000,169.000,0.000,157.000,68.000,0.072222,0.561111,-0.824584,64.403,75.190,108.320,3435.0
Vielma_9_puntos_intento_8.mp4,956,7966.667,True,144.000,169.000,0.000,157.000,68.000,0.072222,0.561111,-0.824584,63.939,75.475,110.382,3442.5
Vielma_9_puntos_intento_8.mp4,957,7975.000,True,144.000,169.000,0.000,158.000,68.000,0.077778,0.561111,-0.824078,65.182,75.028,108.822,3458.5
Vielma_9_puntos_intento_8.mp4,958,7983.333,True,144.000,169.000,0.000,158.000,68.000,0.077778,0.561111,-0.824078,65.617,73.731,106.253,3469.5
Vielma_9_puntos_intento_8.mp4,959,7991.667,True,144.000,169.000,0.000,158.000,68.000,0.077778,0.561111,-0.824078,65.235,74.853,111.233,3454.0
Vielma_9_puntos_intento_8.mp4,960,8000.000,True,144.000,169.000,0.000,158.000,68.000,0.077778,0.561111,-0.824078,64.639,74.892,107.129,3480.5
Vielma_9_puntos_intento_8.mp4,961,8008.333,True,144.000,169.000,0.000,158.000,68.000,0.077778,0.561111,-0.824078,64.598,76.320,110.829,3428.0
Vielma_9_puntos_intento_8.mp4,962,8016.667,True,144.000,169.000,0.000,158.000,68.000,0.077778,0.561111,-0.824078,64.246,75.565,112.559,3449.5
Vielma_9_puntos_intento_8.mp4,963,8025.000,True,144.000,169.000,0.000,163.000,68.000,0.105556,0.561111,-0.820983,63.359,76.986,119.404,3469.0
Vielma_9_puntos_intento_8.mp4,964,8033.333,True,144.000,169.000,0.000,174.000,69.000,0.166667,0.555556,-0.814604,60.859,77.713,125.563,3414.0
Vielma_9_puntos_intento_8.mp4,965,8041.667,True,144.000,169.000,0.000,183.000,69.000,0.216667,0.555556,-0.802754,57.072,79.458,130.145,3299.0
Vielma_9_puntos_intento_8.mp4,966,8050.000,True,144.000,169.000,0.000,191.000,71.000,0.261111,0.544444,-0.797121,53.732,79.503,134.686,3131.0
Vielma_9_puntos_intento_8.mp4,967,8058.333,True,144.000,169.000,0.000,198.000,72.000,0.300000,0.538889,-0.787146,51.719,79.544,136.817,3048.0
Vielma_9_puntos_intento_8.mp4,968,8066.667,True,144.000,169.000,0.000,201.000,72.000,0.316667,0.538889,-0.780590,50.623,78.371,137.492,2963.0
Vielma_9_puntos_intento_8.mp4,969,8075.000,True,144.000,169.000,0.000,201.000,71.000,0.316667,0.544444,-0.776725,50.692,78.580,137.471,2946.0
Vielma_9_puntos_intento_8.mp4,970,8083.333,True,144.000,169.000,0.000,201.000,71.000,0.316667,0.544444,-0.776725,50.779,79.469,137.086,2991.0
Vielma_9_puntos_intento_8.mp4,971,8091.667,True,144.000,169.000,0.000,202.000,72.000,0.322222,0.538889,-0.778313,50.755,77.188,136.576,2997.0
Vielma_9_puntos_intento_8.mp4,972,8100.000,True,144.000,169.000,0.000,202.000,72.000,0.322222,0.538889,-0.778313,50.827,78.146,137.719,2979.5
Vielma_9_puntos_intento_8.mp4,973,8108.333,True,144.000,169.000,0.000,202.000,72.000,0.322222,0.538889,-0.778313,50.281,78.651,136.662,2957.5
Vielma_9_puntos_intento_8.mp4,974,8116.667,True,144.000,169.000,0.000,202.000,72.000,0.322222,0.538889,-0.778313,50.915,77.888,138.663,2977.0
Vielma_9_puntos_intento_8.mp4,975,8125.000,True,144.000,169.000,0.000,202.000,72.000,0.322222,0.538889,-0.778313,49.785,77.220,139.016,2854.5
Vielma_9_puntos_intento_8.mp4,976,8133.333,True,144.000,169.000,0.000,201.000,71.000,0.316667,0.544444,-0.776725,49.612,77.098,137.399,2853.0
Vielma_9_puntos_intento_8.mp4,977,8141.667,True,144.000,169.000,0.000,202.000,72.000,0.322222,0.538889,-0.778313,49.686,77.084,138.391,2857.5
Vielma_9_puntos_intento_8.mp4,978,8150.000,True,144.000,169.000,0.000,201.000,71.000,0.316667,0.544444,-0.776725,49.915,77.571,138.274,2859.5
Vielma_9_puntos_intento_8.mp4,979,8158.333,True,144.000,169.000,0.000,201.000,71.000,0.316667,0.544444,-0.776725,49.152,78.362,137.335,2835.5
Vielma_9_puntos_intento_8.mp4,980,8166.667,True,144.000,169.000,0.000,201.000,71.000,0.316667,0.544444,-0.776725,49.784,77.805,137.910,2847.0
Vielma_9_puntos_intento_8.mp4,981,8175.000,True,144.000,169.000,0.000,202.000,71.000,0.322222,0.544444,-0.774437,49.484,75.462,138.612,2828.5
Vielma_9_puntos_intento_8.mp4,982,8183.333,True,144.000,169.000,0.000,202.000,71.000,0.322222,0.544444,-0.774437,49.260,77.199,137.984,2839.5
Vielma_9_puntos_intento_8.mp4,983,8191.667,True,144.000,169.000,0.000,202.000,71.000,0.322222,0.544444,-0.774437,49.179,76.720,138.177,2831.0
Vielma_9_puntos_intento_8.mp4,984,8200.000,True,144.000,169.000,0.000,202.000,71.000,0.322222,0.544444,-0.774437,48.829,75.741,138.216,2738.0
Vielma_9_puntos_intento_8.mp4,985,8208.333,True,144.000,169.000,0.000,202.000,71.000,0.322222,0.544444,-0.774437,48.358,76.312,137.501,2711.5
Vielma_9_puntos_intento_8.mp4,986,8216.667,True,144.000,169.000,0.000,202.000,71.000,0.322222,0.544444,-0.774437,48.870,76.406,137.228,2729.5
Vielma_9_puntos_intento_8.mp4,987,8225.000,True,144.000,169.000,0.000,202.000,71.000,0.322222,0.544444,-0.774437,48.258,75.384,138.529,2684.5
Vielma_9_puntos_intento_8.mp4,988,8233.333,True,144.000,169.000,0.000,202.000,71.000,0.322222,0.544444,-0.774437,48.218,75.570,136.779,2684.0
Vielma_9_puntos_intento_8.mp4,989,8241.667,True,144.000,169.000,0.000,202.000,71.000,0.322222,0.544444,-0.774437,47.990,75.987,137.383,2681.0
Vielma_9_puntos_intento_8.mp4,990,8250.000,True,144.000,169.000,0.000,202.000,71.000,0.322222,0.544444,-0.774437,48.367,75.248,137.112,2685.5
Vielma_9_puntos_intento_8.mp4,991,8258.333,True,144.000,169.000,0.000,198.000,70.000,0.300000,0.550000,-0.779423,49.372,75.332,138.634,2697.5
Vielma_9_puntos_intento_8.mp4,992,8266.667,True,144.000,169.000,0.000,187.000,71.000,0.238889,0.544444,-0.804060,54.530,70.920,132.894,2800.0
Vielma_9_puntos_intento_8.mp4,993,8275.000,True,144.000,169.000,0.000,173.000,69.000,0.161111,0.555556,-0.815721,59.750,72.233,121.641,3019.0
Vielma_9_puntos_intento_8.mp4,994,8283.333,True,144.000,169.000,0.000,162.000,69.000,0.100000,0.555556,-0.825444,62.533,72.288,108.191,3097.5
Vielma_9_puntos_intento_8.mp4,995,8291.667,True,144.000,169.000,0.000,154.000,70.000,0.055556,0.550000,-0.833315,61.627,72.475,93.043,3146.5
Vielma_9_puntos_intento_8.mp4,996,8300.000,True,144.000,169.000,0.000,154.000,69.000,0.055556,0.555556,-0.829621,62.030,72.965,97.743,3090.0
Vielma_9_puntos_intento_8.mp4,997,8308.333,True,144.000,169.000,0.000,155.000,69.000,0.061111,0.555556,-0.829231,63.092,72.527,106.047,3102.5
Vielma_9_puntos_intento_8.mp4,998,8316.667,True,144.000,169.000,0.000,154.000,70.000,0.055556,0.550000,-0.833315,61.290,71.813,95.148,3038.5
Vielma_9_puntos_intento_8.mp4,999,8325.000,True,144.000,169.000,0.000,154.000,70.000,0.055556,0.550000,-0.833315,62.157,71.342,97.558,3044.0
Vielma_9_puntos_intento_8.mp4,1000,8333.333,True,144.000,169.000,0.000,154.000,70.000,0.055556,0.550000,-0.833315,61.409,72.478,100.691,3077.5
Vielma_9_puntos_intento_8.mp4,1001,8341.667,True,144.000,169.000,0.000,154.000,69.000,0.055556,0.555556,-0.829621,61.955,74.385,104.139,3102.0
Vielma_9_puntos_intento_8.mp4,1002,8350.000,True,144.000,169.000,0.000,155.000,69.000,0.061111,0.555556,-0.829231,62.634,72.709,99.446,3136.0
Vielma_9_puntos_intento_8.mp4,1003,8358.333,True,144.000,169.000,0.000,154.000,69.000,0.055556,0.555556,-0.829621,61.715,72.780,97.513,3138.0
Vielma_9_puntos_intento_8.mp4,1004,8366.667,True,144.000,169.000,0.000,155.000,69.000,0.061111,0.555556,-0.829231,62.022,73.574,93.483,3145.5
Vielma_9_puntos_intento_8.mp4,1005,8375.000,True,144.000,169.000,0.000,155.000,68.000,0.061111,0.561111,-0.825482,63.069,73.470,97.222,3177.0
Vielma_9_puntos_intento_8.mp4,1006,8383.333,True,144.000,169.000,0.000,155.000,68.000,0.061111,0.561111,-0.825482,62.323,74.685,99.968,3167.0
Vielma_9_puntos_intento_8.mp4,1007,8391.667,True,144.000,169.000,0.000,155.000,68.000,0.061111,0.561111,-0.825482,62.384,72.830,99.687,3156.0
Vielma_9_puntos_intento_8.mp4,1008,8400.000,True,144.000,169.000,0.000,155.000,68.000,0.061111,0.561111,-0.825482,62.921,74.033,100.452,3206.5
Vielma_9_puntos_intento_8.mp4,1009,8408.333,True,144.000,169.000,0.000,154.000,67.000,0.055556,0.566667,-0.822072,63.344,75.015,111.362,3208.5
Vielma_9_puntos_intento_8.mp4,1010,8416.667,True,144.000,169.000,0.000,154.000,68.000,0.055556,0.561111,-0.825874,63.766,74.481,109.874,3223.0
Vielma_9_puntos_intento_8.mp4,1011,8425.000,True,144.000,169.000,0.000,155.000,68.000,0.061111,0.561111,-0.825482,64.046,74.131,105.882,3239.5
Vielma_9_puntos_intento_8.mp4,1012,8433.333,True,144.000,169.000,0.000,155.000,68.000,0.061111,0.561111,-0.825482,63.439,74.445,104.957,3259.5
Vielma_9_puntos_intento_8.mp4,1013,8441.667,True,144.000,169.000,0.000,155.000,68.000,0.061111,0.561111,-0.825482,64.084,74.551,109.413,3248.0
Vielma_9_puntos_intento_8.mp4,1014,8450.000,True,144.000,169.000,0.000,155.000,68.000,0.061111,0.561111,-0.825482,64.626,74.084,100.855,3266.0
Vielma_9_puntos_intento_8.mp4,1015,8458.333,True,144.000,169.000,0.000,155.000,68.000,0.061111,0.561111,-0.825482,64.546,74.004,101.864,3281.0
Vielma_9_puntos_intento_8.mp4,1016,8466.667,True,144.000,169.000,0.000,155.000,68.000,0.061111,0.561111,-0.825482,63.797,74.327,99.559,3325.5
Vielma_9_puntos_intento_8.mp4,1017,8475.000,True,144.000,169.000,0.000,155.000,68.000,0.061111,0.561111,-0.825482,64.248,74.291,99.199,3293.5
Vielma_9_puntos_intento_8.mp4,1018,8483.333,True,144.000,169.000,0.000,156.000,68.000,0.066667,0.561111,-0.825051,64.128,72.451,99.437,3292.0
Vielma_9_puntos_intento_8.mp4,1019,8491.667,True,144.000,169.000,0.000,162.000,68.000,0.100000,0.561111,-0.821678,63.687,73.067,112.424,3298.5
Vielma_9_puntos_intento_8.mp4,1020,8500.000,True,144.000,169.000,0.000,172.000,68.000,0.155556,0.561111,-0.812992,60.646,76.811,127.157,3307.0
Vielma_9_puntos_intento_8.mp4,1021,8508.333,True,144.000,169.000,0.000,181.000,69.000,0.205556,0.555556,-0.805670,56.621,77.896,127.541,3146.5
Vielma_9_puntos_intento_8.mp4,1022,8516.667,True,144.000,169.000,0.000,189.000,70.000,0.250000,0.550000,-0.796869,54.042,76.570,134.202,3017.5
Vielma_9_puntos_intento_8.mp4,1023,8525.000,True,144.000,169.000,0.000,194.000,70.000,0.277778,0.550000,-0.787616,51.447,77.608,134.545,2899.5
Vielma_9_puntos_intento_8.mp4,1024,8533.333,True,144.000,169.000,0.000,196.000,70.000,0.288889,0.550000,-0.783609,51.041,76.703,135.668,2873.5
Vielma_9_puntos_intento_8.mp4,1025,8541.667,True,144.000,169.000,0.000,195.000,70.000,0.283333,0.550000,-0.785635,52.132,76.639,135.873,2916.5
Vielma_9_puntos_intento_8.mp4,1026,8550.000,True,144.000,169.000,0.000,196.000,70.000,0.288889,0.550000,-0.783609,51.771,77.602,135.128,2925.0
Vielma_9_puntos_intento_8.mp4,1027,8558.333,True,144.000,169.000,0.000,196.000,71.000,0.288889,0.544444,-0.787479,51.621,74.802,134.178,2876.0
Vielma_9_puntos_intento_8.mp4,1028,8566.667,True,144.000,169.000,0.000,197.000,70.000,0.294444,0.550000,-0.781539,51.742,75.291,134.064,2892.5
Vielma_9_puntos_intento_8.mp4,1029,8575.000,True,144.000,169.000,0.000,196.000,70.000,0.288889,0.550000,-0.783609,51.277,75.939,132.384,2880.0
Vielma_9_puntos_intento_8.mp4,1030,8583.333,True,144.000,169.000,0.000,196.000,70.000,0.288889,0.550000,-0.783609,51.093,75.953,133.932,2873.5
Vielma_9_puntos_intento_8.mp4,1031,8591.667,True,144.000,169.000,0.000,196.000,70.000,0.288889,0.550000,-0.783609,51.391,75.783,133.793,2866.5
Vielma_9_puntos_intento_8.mp4,1032,8600.000,True,144.000,169.000,0.000,196.000,70.000,0.288889,0.550000,-0.783609,51.121,75.801,133.430,2861.5
Vielma_9_puntos_intento_8.mp4,1033,8608.333,True,144.000,169.000,0.000,195.000,69.000,0.283333,0.555556,-0.781716,51.535,78.022,135.118,2871.0
Vielma_9_puntos_intento_8.mp4,1034,8616.667,True,144.000,169.000,0.000,189.000,70.000,0.250000,0.550000,-0.796869,53.797,74.305,135.542,2894.0
Vielma_9_puntos_intento_8.mp4,1035,8625.000,True,144.000,169.000,0.000,176.000,71.000,0.177778,0.544444,-0.819741,60.062,69.698,126.147,3050.5
Vielma_9_puntos_intento_8.mp4,1036,8633.333,True,144.000,169.000,0.000,163.000,71.000,0.105556,0.544444,-0.832129,63.425,71.360,101.697,3155.5
Vielma_9_puntos_intento_8.mp4,1037,8641.667,True,144.000,169.000,0.000,154.000,72.000,0.055556,0.538889,-0.840543,63.843,73.479,91.675,3223.0
Vielma_9_puntos_intento_8.mp4,1038,8650.000,True,144.000,169.000,0.000,154.000,71.000,0.055556,0.544444,-0.836955,65.106,73.327,102.580,3293.5
Vielma_9_puntos_intento_8.mp4,1039,8658.333,True,144.000,169.000,0.000,155.000,70.000,0.061111,0.550000,-0.832926,63.678,75.152,110.010,3304.5
Vielma_9_puntos_intento_8.mp4,1040,8666.667,True,144.000,169.000,0.000,154.000,71.000,0.055556,0.544444,-0.836955,63.766,73.383,107.385,3193.5
Vielma_9_puntos_intento_8.mp4,1041,8675.000,True,144.000,169.000,0.000,153.000,71.000,0.050000,0.544444,-0.837305,62.758,75.525,105.943,3248.5
Vielma_9_puntos_intento_8.mp4,1042,8683.333,True,144.000,169.000,0.000,154.000,71.000,0.055556,0.544444,-0.836955,62.543,75.143,101.667,3243.0
Vielma_9_puntos_intento_8.mp4,1043,8691.667,True,144.000,169.000,0.000,154.000,71.000,0.055556,0.544444,-0.836955,62.763,74.214,96.740,3258.0
Vielma_9_puntos_intento_8.mp4,1044,8700.000,True,144.000,169.000,0.000,154.000,71.000,0.055556,0.544444,-0.836955,62.677,74.655,99.124,3270.5
Vielma_9_puntos_intento_8.mp4,1045,8708.333,True,144.000,169.000,0.000,154.000,70.000,0.055556,0.550000,-0.833315,63.738,75.306,106.248,3250.0
Vielma_9_puntos_intento_8.mp4,1046,8716.667,True,144.000,169.000,0.000,154.000,70.000,0.055556,0.550000,-0.833315,63.595,74.145,105.569,3245.5
Vielma_9_puntos_intento_8.mp4,1047,8725.000,True,144.000,169.000,0.000,154.000,70.000,0.055556,0.550000,-0.833315,63.621,74.634,106.787,3263.0
Vielma_9_puntos_intento_8.mp4,1048,8733.333,True,144.000,169.000,0.000,154.000,70.000,0.055556,0.550000,-0.833315,62.980,74.396,101.726,3283.5
Vielma_9_puntos_intento_8.mp4,1049,8741.667,True,144.000,169.000,0.000,154.000,70.000,0.055556,0.550000,-0.833315,62.678,75.253,105.109,3256.0
Vielma_9_puntos_intento_8.mp4,1050,8750.000,True,144.000,169.000,0.000,154.000,70.000,0.055556,0.550000,-0.833315,62.925,74.386,100.936,3265.5
Vielma_9_puntos_intento_8.mp4,1051,8758.333,True,144.000,169.000,0.000,154.000,70.000,0.055556,0.550000,-0.833315,62.813,74.705,102.972,3274.0
Vielma_9_puntos_intento_8.mp4,1052,8766.667,True,144.000,169.000,0.000,154.000,70.000,0.055556,0.550000,-0.833315,62.809,75.016,102.480,3294.0
Vielma_9_puntos_intento_8.mp4,1053,8775.000,True,144.000,169.000,0.000,154.000,69.000,0.055556,0.555556,-0.829621,63.717,74.461,106.040,3298.5
Vielma_9_puntos_intento_8.mp4,1054,8783.333,True,144.000,169.000,0.000,154.000,69.000,0.055556,0.555556,-0.829621,63.973,74.348,103.450,3300.0
Vielma_9_puntos_intento_8.mp4,1055,8791.667,True,144.000,169.000,0.000,153.000,69.000,0.050000,0.555556,-0.829975,64.105,74.556,105.704,3289.5
Vielma_9_puntos_intento_8.mp4,1056,8800.000,True,144.000,169.000,0.000,154.000,69.000,0.055556,0.555556,-0.829621,63.953,74.521,105.201,3317.5
Vielma_9_puntos_intento_8.mp4,1057,8808.333,True,144.000,169.000,0.000,154.000,69.000,0.055556,0.555556,-0.829621,64.308,73.972,99.337,3255.0
Vielma_9_puntos_intento_8.mp4,1058,8816.667,True,144.000,169.000,0.000,153.000,69.000,0.050000,0.555556,-0.829975,63.063,75.661,106.959,3261.5
Vielma_9_puntos_intento_8.mp4,1059,8825.000,True,144.000,169.000,0.000,154.000,69.000,0.055556,0.555556,-0.829621,63.179,74.109,100.273,3263.5
Vielma_9_puntos_intento_8.mp4,1060,8833.333,True,144.000,169.000,0.000,154.000,69.000,0.055556,0.555556,-0.829621,62.931,74.627,104.417,3275.0
Vielma_9_puntos_intento_8.mp4,1061,8841.667,True,144.000,169.000,0.000,154.000,69.000,0.055556,0.555556,-0.829621,64.021,74.230,102.274,3303.5
Vielma_9_puntos_intento_8.mp4,1062,8850.000,True,144.000,169.000,0.000,154.000,69.000,0.055556,0.555556,-0.829621,63.855,73.691,103.188,3298.5
Vielma_9_puntos_intento_8.mp4,1063,8858.333,True,144.000,169.000,0.000,154.000,69.000,0.055556,0.555556,-0.829621,64.094,73.552,98.821,3296.0
Vielma_9_puntos_intento_8.mp4,1064,8866.667,True,144.000,169.000,0.000,154.000,69.000,0.055556,0.555556,-0.829621,64.177,73.677,99.117,3306.5
Vielma_9_puntos_intento_8.mp4,1065,8875.000,True,144.000,169.000,0.000,153.000,68.000,0.050000,0.561111,-0.826229,64.720,74.466,105.875,3317.0
Vielma_9_puntos_intento_8.mp4,1066,8883.333,True,144.000,169.000,0.000,153.000,68.000,0.050000,0.561111,-0.826229,64.317,73.100,102.801,3337.5
Vielma_9_puntos_intento_8.mp4,1067,8891.667,True,144.000,169.000,0.000,152.000,68.000,0.044444,0.561111,-0.826546,64.006,74.527,103.211,3359.5
Vielma_9_puntos_intento_8.mp4,1068,8900.000,True,144.000,169.000,0.000,152.000,67.000,0.044444,0.566667,-0.822748,63.753,75.252,107.911,3340.5
Vielma_9_puntos_intento_8.mp4,1069,8908.333,True,144.000,169.000,0.000,152.000,68.000,0.044444,0.561111,-0.826546,64.129,72.671,96.162,3321.0
Vielma_9_puntos_intento_8.mp4,1070,8916.667,True,144.000,169.000,0.000,152.000,67.000,0.044444,0.566667,-0.822748,62.789,75.805,107.063,3352.0
Vielma_9_puntos_intento_8.mp4,1071,8925.000,True,144.000,169.000,0.000,152.000,67.000,0.044444,0.566667,-0.822748,63.164,74.928,103.887,3313.0
Vielma_9_puntos_intento_8.mp4,1072,8933.333,True,144.000,169.000,0.000,153.000,67.000,0.050000,0.566667,-0.822429,63.098,74.707,103.835,3281.5
Vielma_9_puntos_intento_8.mp4,1073,8941.667,True,144.000,169.000,0.000,153.000,67.000,0.050000,0.566667,-0.822429,64.027,74.115,103.561,3263.0
Vielma_9_puntos_intento_8.mp4,1074,8950.000,True,144.000,169.000,0.000,153.000,67.000,0.050000,0.566667,-0.822429,63.474,74.668,102.807,3304.0
Vielma_9_puntos_intento_8.mp4,1075,8958.333,True,144.000,169.000,0.000,154.000,67.000,0.055556,0.566667,-0.822072,63.201,74.674,100.736,3283.5
Vielma_9_puntos_intento_8.mp4,1076,8966.667,True,144.000,169.000,0.000,154.000,67.000,0.055556,0.566667,-0.822072,63.616,74.303,101.203,3299.5
Vielma_9_puntos_intento_8.mp4,1077,8975.000,True,144.000,169.000,0.000,154.000,67.000,0.055556,0.566667,-0.822072,62.945,74.256,101.410,3268.0
Vielma_9_puntos_intento_8.mp4,1078,8983.333,True,144.000,169.000,0.000,153.000,66.000,0.050000,0.572222,-0.818573,62.637,74.612,106.737,3271.0
Vielma_9_puntos_intento_8.mp4,1079,8991.667,True,144.000,169.000,0.000,154.000,66.000,0.055556,0.572222,-0.818215,63.618,74.456,104.677,3284.5
Vielma_9_puntos_intento_8.mp4,1080,9000.000,True,144.000,169.000,0.000,154.000,66.000,0.055556,0.572222,-0.818215,63.186,74.647,101.453,3294.0
Vielma_9_puntos_intento_8.mp4,1081,9008.333,True,144.000,169.000,0.000,154.000,66.000,0.055556,0.572222,-0.818215,63.427,74.893,107.629,3285.5
Vielma_9_puntos_intento_8.mp4,1082,9016.667,True,144.000,169.000,0.000,154.000,66.000,0.055556,0.572222,-0.818215,63.648,75.939,109.835,3259.5
Vielma_9_puntos_intento_8.mp4,1083,9025.000,True,144.000,169.000,0.000,154.000,66.000,0.055556,0.572222,-0.818215,62.944,74.901,100.702,3259.5
Vielma_9_puntos_intento_8.mp4,1084,9033.333,True,144.000,169.000,0.000,154.000,66.000,0.055556,0.572222,-0.818215,64.100,74.382,104.159,3302.0
Vielma_9_puntos_intento_8.mp4,1085,9041.667,True,144.000,169.000,0.000,153.000,66.000,0.050000,0.572222,-0.818573,63.914,75.464,109.056,3293.5
Vielma_9_puntos_intento_8.mp4,1086,9050.000,True,144.000,169.000,0.000,154.000,66.000,0.055556,0.572222,-0.818215,64.535,75.015,105.555,3324.5
Vielma_9_puntos_intento_8.mp4,1087,9058.333,True,144.000,169.000,0.000,153.000,66.000,0.050000,0.572222,-0.818573,63.677,75.837,105.398,3351.5
Vielma_9_puntos_intento_8.mp4,1088,9066.667,True,144.000,169.000,0.000,152.000,67.000,0.044444,0.566667,-0.822748,64.115,75.960,106.957,3384.0
Vielma_9_puntos_intento_8.mp4,1089,9075.000,True,144.000,169.000,0.000,152.000,68.000,0.044444,0.561111,-0.826546,64.531,74.099,97.499,3474.0
Vielma_9_puntos_intento_8.mp4,1090,9083.333,False,144.000,169.000,0.000,149.000,65.000,0.027778,0.577778,-0.815721,64.843,80.309,121.397,3943.0
Vielma_9_puntos_intento_8.mp4,1091,9091.667,False,144.000,169.000,0.000,150.000,68.000,0.033333,0.561111,-0.827069,61.039,79.203,100.070,3638.0
Vielma_9_puntos_intento_8.mp4,1092,9100.000,False,144.000,169.000,0.000,156.000,80.000,0.066667,0.494444,-0.866649,36.206,67.465,78.099,1772.5
Vielma_9_puntos_intento_8.mp4,1093,9108.333,False,144.000,169.000,,,,,,,,,,
Vielma_9_puntos_intento_8.mp4,1094,9116.667,False,144.000,169.000,,,,,,,,,,
Vielma_9_puntos_intento_8.mp4,1095,9125.000,False,144.000,169.000,,,,,,,,,,
Vielma_9_puntos_intento_8.mp4,1096,9133.333,False,144.000,169.000,,,,,,,,,,
Vielma_9_puntos_intento_8.mp4,1097,9141.667,False,144.000,169.000,,,,,,,,,,
Vielma_9_puntos_intento_8.mp4,1098,9150.000,False,144.000,169.000,,,,,,,,,,
Vielma_9_puntos_intento_8.mp4,1099,9158.333,False,144.000,169.000,,,,,,,,,,
Vielma_9_puntos_intento_8.mp4,1100,9166.667,False,144.000,169.000,,,,,,,,,,
Vielma_9_puntos_intento_8.mp4,1101,9175.000,False,144.000,169.000,,,,,,,,,,
Vielma_9_puntos_intento_8.mp4,1102,9183.333,False,144.000,169.000,0.000,158.000,84.000,0.077778,0.472222,-0.878041,18.098,55.693,75.843,704.5
Vielma_9_puntos_intento_8.mp4,1103,9191.667,False,144.000,169.000,0.000,154.000,79.000,0.055556,0.500000,-0.864242,31.645,71.516,76.675,1563.0
Vielma_9_puntos_intento_8.mp4,1104,9200.000,False,144.000,169.000,0.000,150.000,74.000,0.033333,0.527778,-0.848728,43.446,77.865,82.370,2455.5
Vielma_9_puntos_intento_8.mp4,1105,9208.333,True,144.000,169.000,0.000,149.000,69.000,0.027778,0.555556,-0.831015,53.367,80.117,86.446,3159.0
Vielma_9_puntos_intento_8.mp4,1106,9216.667,True,144.000,169.000,0.000,147.000,66.000,0.016667,0.572222,-0.819929,60.571,82.007,92.959,3796.0
Vielma_9_puntos_intento_8.mp4,1107,9225.000,True,144.000,169.000,0.000,145.000,63.000,0.005556,0.588889,-0.808195,66.372,84.509,105.667,4324.0
Vielma_9_puntos_intento_8.mp4,1108,9233.333,True,144.000,169.000,0.000,144.000,61.000,0.000000,0.600000,-0.800000,68.477,86.500,118.520,4588.0
Vielma_9_puntos_intento_8.mp4,1109,9241.667,True,144.000,169.000,0.000,144.000,61.000,0.000000,0.600000,-0.800000,68.540,87.416,123.001,4643.0
Vielma_9_puntos_intento_8.mp4,1110,9250.000,True,144.000,169.000,0.000,144.000,61.000,0.000000,0.600000,-0.800000,67.142,87.351,119.748,4548.0
Vielma_9_puntos_intento_8.mp4,1111,9258.333,True,144.000,169.000,0.000,145.000,61.000,0.005556,0.600000,-0.799981,67.696,86.438,118.861,4513.0
Vielma_9_puntos_intento_8.mp4,1112,9266.667,True,144.000,169.000,0.000,146.000,62.000,0.011111,0.594444,-0.804060,67.043,83.915,115.427,4335.5
Vielma_9_puntos_intento_8.mp4,1113,9275.000,True,144.000,169.000,0.000,146.000,63.000,0.011111,0.588889,-0.808138,67.917,83.731,114.930,4385.5
Vielma_9_puntos_intento_8.mp4,1114,9283.333,True,144.000,169.000,0.000,147.000,63.000,0.016667,0.588889,-0.808042,68.087,81.289,108.592,4268.5
Vielma_9_puntos_intento_8.mp4,1115,9291.667,True,144.000,169.000,0.000,147.000,64.000,0.016667,0.583333,-0.812062,67.452,81.377,108.043,4195.0
Vielma_9_puntos_intento_8.mp4,1116,9300.000,True,144.000,169.000,0.000,148.000,63.000,0.022222,0.588889,-0.807908,68.065,81.663,111.190,4160.5
Vielma_9_puntos_intento_8.mp4,1117,9308.333,True,144.000,169.000,0.000,148.000,64.000,0.022222,0.583333,-0.811929,67.334,81.396,107.401,4158.0
Vielma_9_puntos_intento_8.mp4,1118,9316.667,True,144.000,169.000,0.000,148.000,64.000,0.022222,0.583333,-0.811929,67.518,81.888,109.973,4134.0
Vielma_9_puntos_intento_8.mp4,1119,9325.000,True,144.000,169.000,0.000,148.000,64.000,0.022222,0.583333,-0.811929,67.793,81.005,108.290,4102.5
Vielma_9_puntos_intento_8.mp4,1120,9333.333,True,144.000,169.000,0.000,149.000,64.000,0.027778,0.583333,-0.811758,67.728,80.343,109.478,4041.5
Vielma_9_puntos_intento_8.mp4,1121,9341.667,True,144.000,169.000,0.000,148.000,64.000,0.022222,0.583333,-0.811929,68.096,80.627,113.080,4007.0
Vielma_9_puntos_intento_8.mp4,1122,9350.000,True,144.000,169.000,0.000,149.000,65.000,0.027778,0.577778,-0.815721,66.409,79.582,101.883,3839.0
Vielma_9_puntos_intento_8.mp4,1123,9358.333,True,144.000,169.000,0.000,149.000,65.000,0.027778,0.577778,-0.815721,66.578,79.268,105.574,3787.0
Vielma_9_puntos_intento_8.mp4,1124,9366.667,True,144.000,169.000,0.000,150.000,65.000,0.033333,0.577778,-0.815513,66.650,78.574,101.871,3794.0
Vielma_9_puntos_intento_8.mp4,1125,9375.000,True,144.000,169.000,0.000,150.000,65.000,0.033333,0.577778,-0.815513,66.793,78.630,103.489,3781.5
Vielma_9_puntos_intento_8.mp4,1126,9383.333,True,144.000,169.000,0.000,150.000,65.000,0.033333,0.577778,-0.815513,66.660,78.378,100.063,3785.5
Vielma_9_puntos_intento_8.mp4,1127,9391.667,True,144.000,169.000,0.000,151.000,66.000,0.038889,0.572222,-0.819176,66.617,77.616,97.648,3783.5
Vielma_9_puntos_intento_8.mp4,1128,9400.000,True,144.000,169.000,0.000,150.000,65.000,0.033333,0.577778,-0.815513,68.146,78.668,108.450,3815.0
Vielma_9_puntos_intento_8.mp4,1129,9408.333,True,144.000,169.000,0.000,150.000,65.000,0.033333,0.577778,-0.815513,66.734,77.819,99.407,3748.5
Vielma_9_puntos_intento_8.mp4,1130,9416.667,True,144.000,169.000,0.000,150.000,65.000,0.033333,0.577778,-0.815513,67.133,78.015,103.992,3761.0
Vielma_9_puntos_intento_8.mp4,1131,9425.000,True,144.000,169.000,0.000,150.000,65.000,0.033333,0.577778,-0.815513,65.699,77.712,103.197,3651.0
Vielma_9_puntos_intento_8.mp4,1132,9433.333,True,144.000,169.000,0.000,150.000,65.000,0.033333,0.577778,-0.815513,66.609,78.127,104.577,3699.0
Vielma_9_puntos_intento_8.mp4,1133,9441.667,True,144.000,169.000,0.000,151.000,66.000,0.038889,0.572222,-0.819176,64.636,77.246,99.461,3624.0
Vielma_9_puntos_intento_8.mp4,1134,9450.000,True,144.000,169.000,0.000,151.000,66.000,0.038889,0.572222,-0.819176,66.008,77.384,100.433,3650.5
Vielma_9_puntos_intento_8.mp4,1135,9458.333,True,144.000,169.000,0.000,151.000,66.000,0.038889,0.572222,-0.819176,67.001,76.314,101.033,3685.5
Vielma_9_puntos_intento_8.mp4,1136,9466.667,True,144.000,169.000,0.000,151.000,66.000,0.038889,0.572222,-0.819176,65.701,77.683,100.173,3665.5
Vielma_9_puntos_intento_8.mp4,1137,9475.000,True,144.000,169.000,0.000,152.000,65.000,0.044444,0.577778,-0.814983,65.760,78.423,106.756,3649.0
Vielma_9_puntos_intento_8.mp4,1138,9483.333,True,144.000,169.000,0.000,153.000,65.000,0.050000,0.577778,-0.814661,66.318,79.612,111.312,3680.0
Vielma_9_puntos_intento_8.mp4,1139,9491.667,True,144.000,169.000,0.000,153.000,65.000,0.050000,0.577778,-0.814661,66.631,79.500,108.206,3690.0
Vielma_9_puntos_intento_8.mp4,1140,9500.000,True,144.000,169.000,0.000,153.000,66.000,0.050000,0.572222,-0.818573,65.661,78.491,104.995,3615.0
Vielma_9_puntos_intento_8.mp4,1141,9508.333,True,144.000,169.000,0.000,154.000,66.000,0.055556,0.572222,-0.818215,66.160,75.935,103.712,3519.5
Vielma_9_puntos_intento_8.mp4,1142,9516.667,True,144.000,169.000,0.000,153.000,66.000,0.050000,0.572222,-0.818573,65.561,78.129,104.796,3568.5
Vielma_9_puntos_intento_8.mp4,1143,9525.000,True,144.000,169.000,0.000,154.000,66.000,0.055556,0.572222,-0.818215,65.755,77.688,102.071,3584.5
Vielma_9_puntos_intento_8.mp4,1144,9533.333,True,144.000,169.000,0.000,154.000,66.000,0.055556,0.572222,-0.818215,65.305,77.054,104.058,3537.0
Vielma_9_puntos_intento_8.mp4,1145,9541.667,True,144.000,169.000,0.000,154.000,66.000,0.055556,0.572222,-0.818215,65.387,77.213,102.073,3561.0
Vielma_9_puntos_intento_8.mp4,1146,9550.000,True,144.000,169.000,0.000,154.000,66.000,0.055556,0.572222,-0.818215,65.199,76.879,105.825,3466.5
Vielma_9_puntos_intento_8.mp4,1147,9558.333,True,144.000,169.000,0.000,153.000,65.000,0.050000,0.577778,-0.814661,65.196,78.247,108.268,3432.5
Vielma_9_puntos_intento_8.mp4,1148,9566.667,True,144.000,169.000,0.000,154.000,65.000,0.055556,0.577778,-0.814301,65.103,77.703,108.074,3481.0
Vielma_9_puntos_intento_8.mp4,1149,9575.000,True,144.000,169.000,0.000,154.000,66.000,0.055556,0.572222,-0.818215,64.663,76.994,107.887,3452.0
Vielma_9_puntos_intento_8.mp4,1150,9583.333,True,144.000,169.000,0.000,154.000,66.000,0.055556,0.572222,-0.818215,64.600,76.311,101.258,3457.0
Vielma_9_puntos_intento_8.mp4,1151,9591.667,True,144.000,169.000,0.000,154.000,66.000,0.055556,0.572222,-0.818215,64.053,77.215,102.711,3458.5
Vielma_9_puntos_intento_8.mp4,1152,9600.000,True,144.000,169.000,0.000,154.000,66.000,0.055556,0.572222,-0.818215,64.722,75.725,102.048,3454.5
Vielma_9_puntos_intento_8.mp4,1153,9608.333,True,144.000,169.000,0.000,154.000,66.000,0.055556,0.572222,-0.818215,63.899,76.545,103.847,3419.5
Vielma_9_puntos_intento_8.mp4,1154,9616.667,True,144.000,169.000,0.000,154.000,66.000,0.055556,0.572222,-0.818215,64.044,76.375,104.002,3451.5
Vielma_9_puntos_intento_8.mp4,1155,9625.000,True,144.000,169.000,0.000,154.000,66.000,0.055556,0.572222,-0.818215,62.804,76.268,103.171,3304.5
Vielma_9_puntos_intento_8.mp4,1156,9633.333,True,144.000,169.000,0.000,155.000,67.000,0.061111,0.566667,-0.821678,62.511,75.414,97.835,3269.0
Vielma_9_puntos_intento_8.mp4,1157,9641.667,True,144.000,169.000,0.000,154.000,66.000,0.055556,0.572222,-0.818215,62.975,76.073,105.251,3271.0
Vielma_9_puntos_intento_8.mp4,1158,9650.000,True,144.000,169.000,0.000,155.000,67.000,0.061111,0.566667,-0.821678,62.927,73.949,95.124,3239.0
Vielma_9_puntos_intento_8.mp4,1159,9658.333,True,144.000,169.000,0.000,155.000,66.000,0.061111,0.572222,-0.817819,63.565,73.826,98.734,3245.5
Vielma_9_puntos_intento_8.mp4,1160,9666.667,True,144.000,169.000,0.000,155.000,66.000,0.061111,0.572222,-0.817819,62.433,73.755,98.029,3261.5
Vielma_9_puntos_intento_8.mp4,1161,9675.000,True,144.000,169.000,0.000,155.000,67.000,0.061111,0.566667,-0.821678,60.542,74.276,93.949,3081.5
Vielma_9_puntos_intento_8.mp4,1162,9683.333,True,144.000,169.000,0.000,155.000,66.000,0.061111,0.572222,-0.817819,61.948,74.068,100.492,3103.0
Vielma_9_puntos_intento_8.mp4,1163,9691.667,True,144.000,169.000,0.000,155.000,66.000,0.061111,0.572222,-0.817819,60.451,73.937,99.700,3062.5
Vielma_9_puntos_intento_8.mp4,1164,9700.000,True,144.000,169.000,0.000,155.000,66.000,0.061111,0.572222,-0.817819,60.625,73.667,97.559,3080.5
Vielma_9_puntos_intento_8.mp4,1165,9708.333,True,144.000,169.000,0.000,155.000,66.000,0.061111,0.572222,-0.817819,61.045,72.136,96.536,3055.5
Vielma_9_puntos_intento_8.mp4,1166,9716.667,True,144.000,169.000,0.000,155.000,66.000,0.061111,0.572222,-0.817819,61.380,72.617,100.930,3047.5
Vielma_9_puntos_intento_8.mp4,1167,9725.000,True,144.000,169.000,0.000,156.000,67.000,0.066667,0.566667,-0.821246,59.435,72.884,93.783,3033.5
Vielma_9_puntos_intento_8.mp4,1168,9733.333,True,144.000,169.000,0.000,156.000,67.000,0.066667,0.566667,-0.821246,59.178,73.511,93.940,3037.5
Vielma_9_puntos_intento_8.mp4,1169,9741.667,True,144.000,169.000,0.000,155.000,66.000,0.061111,0.572222,-0.817819,60.291,72.921,101.328,3022.5
Vielma_9_puntos_intento_8.mp4,1170,9750.000,True,144.000,169.000,0.000,155.000,66.000,0.061111,0.572222,-0.817819,60.325,72.638,101.504,3040.5
Vielma_9_puntos_intento_8.mp4,1171,9758.333,True,144.000,169.000,0.000,156.000,66.000,0.066667,0.572222,-0.817384,60.775,71.339,101.113,3010.0
Vielma_9_puntos_intento_8.mp4,1172,9766.667,True,144.000,169.000,0.000,156.000,67.000,0.066667,0.566667,-0.821246,60.016,71.418,97.020,3009.0
Vielma_9_puntos_intento_8.mp4,1173,9775.000,True,144.000,169.000,0.000,155.000,66.000,0.061111,0.572222,-0.817819,61.054,71.929,99.952,3006.0
Vielma_9_puntos_intento_8.mp4,1174,9783.333,True,144.000,169.000,0.000,156.000,66.000,0.066667,0.572222,-0.817384,60.171,72.414,99.753,2994.0
Vielma_9_puntos_intento_8.mp4,1175,9791.667,True,144.000,169.000,0.000,156.000,66.000,0.066667,0.572222,-0.817384,60.302,71.186,92.164,2984.5
Vielma_9_puntos_intento_8.mp4,1176,9800.000,True,144.000,169.000,0.000,155.000,66.000,0.061111,0.572222,-0.817819,59.542,71.917,99.631,2965.5
Vielma_9_puntos_intento_8.mp4,1177,9808.333,True,144.000,169.000,0.000,155.000,66.000,0.061111,0.572222,-0.817819,59.291,73.227,100.419,2961.5
Vielma_9_puntos_intento_8.mp4,1178,9816.667,True,144.000,169.000,0.000,155.000,66.000,0.061111,0.572222,-0.817819,59.003,72.377,96.533,2958.0
Vielma_9_puntos_intento_8.mp4,1179,9825.000,True,144.000,169.000,0.000,155.000,66.000,0.061111,0.572222,-0.817819,59.651,72.372,96.636,2938.5
Vielma_9_puntos_intento_8.mp4,1180,9833.333,True,144.000,169.000,0.000,155.000,67.000,0.061111,0.566667,-0.821678,58.468,71.508,93.192,2931.5
Vielma_9_puntos_intento_8.mp4,1181,9841.667,True,144.000,169.000,0.000,149.000,68.000,0.027778,0.561111,-0.827274,57.579,72.486,87.788,2920.5
Vielma_9_puntos_intento_8.mp4,1182,9850.000,True,144.000,169.000,0.000,137.000,70.000,-0.038889,0.550000,-0.834259,55.555,74.490,78.064,2868.0
Vielma_9_puntos_intento_8.mp4,1183,9858.333,True,144.000,169.000,0.000,129.000,71.000,-0.083333,0.544444,-0.834647,52.756,78.016,72.645,2771.0
Vielma_9_puntos_intento_8.mp4,1184,9866.667,True,144.000,169.000,0.000,124.000,72.000,-0.111111,0.538889,-0.835017,50.343,78.105,77.215,2766.0
Vielma_9_puntos_intento_8.mp4,1185,9875.000,True,144.000,169.000,0.000,125.000,70.000,-0.105556,0.550000,-0.828467,54.014,76.132,79.209,2776.5
Vielma_9_puntos_intento_8.mp4,1186,9883.333,True,144.000,169.000,0.000,126.000,71.000,-0.100000,0.544444,-0.832815,51.976,75.963,77.946,2755.0
Vielma_9_puntos_intento_8.mp4,1187,9891.667,True,144.000,169.000,0.000,126.000,72.000,-0.100000,0.538889,-0.836420,49.893,77.044,78.424,2713.0
Vielma_9_puntos_intento_8.mp4,1188,9900.000,True,144.000,169.000,0.000,124.000,72.000,-0.111111,0.538889,-0.835017,50.998,76.467,80.260,2747.0
Vielma_9_puntos_intento_8.mp4,1189,9908.333,True,144.000,169.000,0.000,125.000,71.000,-0.105556,0.544444,-0.832129,51.450,74.988,78.489,2700.5
Vielma_9_puntos_intento_8.mp4,1190,9916.667,True,144.000,169.000,0.000,125.000,72.000,-0.105556,0.538889,-0.835737,50.286,77.250,79.274,2707.0
Vielma_9_puntos_intento_8.mp4,1191,9925.000,True,144.000,169.000,0.000,125.000,72.000,-0.105556,0.538889,-0.835737,50.402,77.751,77.685,2705.5
Vielma_9_puntos_intento_8.mp4,1192,9933.333,True,144.000,169.000,0.000,125.000,72.000,-0.105556,0.538889,-0.835737,49.628,79.571,74.915,2682.0
Vielma_9_puntos_intento_8.mp4,1193,9941.667,True,144.000,169.000,0.000,124.000,72.000,-0.111111,0.538889,-0.835017,50.161,78.476,76.053,2704.5
Vielma_9_puntos_intento_8.mp4,1194,9950.000,True,144.000,169.000,0.000,125.000,72.000,-0.105556,0.538889,-0.835737,49.309,75.919,77.435,2668.5
Vielma_9_puntos_intento_8.mp4,1195,9958.333,True,144.000,169.000,0.000,125.000,72.000,-0.105556,0.538889,-0.835737,48.192,76.741,79.693,2652.5
Vielma_9_puntos_intento_8.mp4,1196,9966.667,True,144.000,169.000,0.000,125.000,72.000,-0.105556,0.538889,-0.835737,48.285,76.313,79.498,2637.5
Vielma_9_puntos_intento_8.mp4,1197,9975.000,True,144.000,169.000,0.000,125.000,72.000,-0.105556,0.538889,-0.835737,49.356,75.499,78.258,2608.0
Vielma_9_puntos_intento_8.mp4,1198,9983.333,True,144.000,169.000,0.000,126.000,71.000,-0.100000,0.544444,-0.832815,50.620,74.475,77.215,2622.0
Vielma_9_puntos_intento_8.mp4,1199,9991.667,True,144.000,169.000,0.000,134.000,70.000,-0.055556,0.550000,-0.833315,53.183,72.496,82.448,2652.0
Vielma_9_puntos_intento_8.mp4,1200,10000.000,True,144.000,169.000,0.000,145.000,69.000,0.005556,0.555556,-0.831461,56.423,68.720,88.114,2703.5
Vielma_9_puntos_intento_8.mp4,1201,10008.333,True,144.000,169.000,0.000,152.000,67.000,0.044444,0.566667,-0.822748,58.027,67.886,102.573,2662.0
Vielma_9_puntos_intento_8.mp4,1202,10016.667,True,144.000,169.000,0.000,154.000,66.000,0.055556,0.572222,-0.818215,57.686,69.157,108.615,2649.5
Vielma_9_puntos_intento_8.mp4,1203,10025.000,True,144.000,169.000,0.000,153.000,67.000,0.050000,0.566667,-0.822429,56.721,68.920,99.943,2618.5
Vielma_9_puntos_intento_8.mp4,1204,10033.333,True,144.000,169.000,0.000,153.000,66.000,0.050000,0.572222,-0.818573,57.559,69.021,102.568,2657.5
Vielma_9_puntos_intento_8.mp4,1205,10041.667,True,144.000,169.000,0.000,154.000,67.000,0.055556,0.566667,-0.822072,57.363,68.449,101.444,2680.0
Vielma_9_puntos_intento_8.mp4,1206,10050.000,True,144.000,169.000,0.000,154.000,67.000,0.055556,0.566667,-0.822072,56.555,69.106,99.056,2675.5
Vielma_9_puntos_intento_8.mp4,1207,10058.333,True,144.000,169.000,0.000,154.000,67.000,0.055556,0.566667,-0.822072,56.695,68.830,100.825,2670.0
Vielma_9_puntos_intento_8.mp4,1208,10066.667,True,144.000,169.000,0.000,154.000,67.000,0.055556,0.566667,-0.822072,56.319,68.781,98.890,2651.0
Vielma_9_puntos_intento_8.mp4,1209,10075.000,True,144.000,169.000,0.000,154.000,66.000,0.055556,0.572222,-0.818215,57.160,68.846,100.947,2649.0
Vielma_9_puntos_intento_8.mp4,1210,10083.333,True,144.000,169.000,0.000,154.000,66.000,0.055556,0.572222,-0.818215,57.651,68.089,100.659,2648.5
Vielma_9_puntos_intento_8.mp4,1211,10091.667,True,144.000,169.000,0.000,154.000,67.000,0.055556,0.566667,-0.822072,56.233,68.782,102.596,2643.0
Vielma_9_puntos_intento_8.mp4,1212,10100.000,True,144.000,169.000,0.000,154.000,67.000,0.055556,0.566667,-0.822072,57.332,68.283,98.536,2636.5
Vielma_9_puntos_intento_8.mp4,1213,10108.333,True,144.000,169.000,0.000,155.000,67.000,0.061111,0.566667,-0.821678,56.561,67.776,98.351,2621.0
Vielma_9_puntos_intento_8.mp4,1214,10116.667,True,144.000,169.000,0.000,154.000,67.000,0.055556,0.566667,-0.822072,57.776,67.351,102.040,2622.0
Vielma_9_puntos_intento_8.mp4,1215,10125.000,True,144.000,169.000,0.000,155.000,67.000,0.061111,0.566667,-0.821678,56.584,66.709,98.519,2631.0
Vielma_9_puntos_intento_8.mp4,1216,10133.333,True,144.000,169.000,0.000,155.000,67.000,0.061111,0.566667,-0.821678,57.121,67.151,99.184,2618.0
Vielma_9_puntos_intento_8.mp4,1217,10141.667,True,144.000,169.000,0.000,155.000,67.000,0.061111,0.566667,-0.821678,56.221,67.386,95.358,2604.5
Vielma_9_puntos_intento_8.mp4,1218,10150.000,True,144.000,169.000,0.000,155.000,67.000,0.061111,0.566667,-0.821678,56.138,67.313,97.577,2621.0
Vielma_9_puntos_intento_8.mp4,1219,10158.333,True,144.000,169.000,0.000,154.000,66.000,0.055556,0.572222,-0.818215,57.086,67.246,99.666,2609.0
Vielma_9_puntos_intento_8.mp4,1220,10166.667,True,144.000,169.000,0.000,155.000,67.000,0.061111,0.566667,-0.821678,56.817,67.557,97.129,2615.0
Vielma_9_puntos_intento_8.mp4,1221,10175.000,True,144.000,169.000,0.000,155.000,66.000,0.061111,0.572222,-0.817819,56.604,67.876,98.142,2604.5
Vielma_9_puntos_intento_8.mp4,1222,10183.333,True,144.000,169.000,0.000,155.000,66.000,0.061111,0.572222,-0.817819,56.510,67.667,94.457,2619.5
Vielma_9_puntos_intento_8.mp4,1223,10191.667,True,144.000,169.000,0.000,155.000,67.000,0.061111,0.566667,-0.821678,56.190,67.578,96.211,2618.0
Vielma_9_puntos_intento_8.mp4,1224,10200.000,True,144.000,169.000,0.000,155.000,67.000,0.061111,0.566667,-0.821678,56.421,67.666,95.244,2616.0
Vielma_9_puntos_intento_8.mp4,1225,10208.333,True,144.000,169.000,0.000,155.000,66.000,0.061111,0.572222,-0.817819,56.423,66.555,97.335,2615.0
Vielma_9_puntos_intento_8.mp4,1226,10216.667,True,144.000,169.000,0.000,155.000,67.000,0.061111,0.566667,-0.821678,55.214,67.391,97.741,2616.5
Vielma_9_puntos_intento_8.mp4,1227,10225.000,True,144.000,169.000,0.000,155.000,66.000,0.061111,0.572222,-0.817819,56.164,67.817,98.741,2609.0
Vielma_9_puntos_intento_8.mp4,1228,10233.333,True,144.000,169.000,0.000,155.000,66.000,0.061111,0.572222,-0.817819,55.824,67.746,100.629,2592.5
Vielma_9_puntos_intento_8.mp4,1229,10241.667,True,144.000,169.000,0.000,155.000,67.000,0.061111,0.566667,-0.821678,53.953,67.845,96.223,2578.5
Vielma_9_puntos_intento_8.mp4,1230,10250.000,True,144.000,169.000,0.000,155.000,68.000,0.061111,0.561111,-0.825482,53.959,67.989,93.703,2616.0
Vielma_9_puntos_intento_8.mp4,1231,10258.333,True,144.000,169.000,0.000,155.000,67.000,0.061111,0.566667,-0.821678,55.987,67.028,97.350,2602.0
Vielma_9_puntos_intento_8.mp4,1232,10266.667,True,144.000,169.000,0.000,154.000,66.000,0.055556,0.572222,-0.818215,56.063,68.824,101.313,2598.0
Vielma_9_puntos_intento_8.mp4,1233,10275.000,True,144.000,169.000,0.000,151.000,68.000,0.038889,0.561111,-0.826826,54.446,67.334,90.078,2577.0
Vielma_9_puntos_intento_8.mp4,1234,10283.333,True,144.000,169.000,0.000,141.000,70.000,-0.016667,0.550000,-0.834998,53.060,69.900,79.865,2557.0
Vielma_9_puntos_intento_8.mp4,1235,10291.667,True,144.000,169.000,0.000,132.000,71.000,-0.066667,0.544444,-0.836143,48.545,72.604,78.616,2475.5
Vielma_9_puntos_intento_8.mp4,1236,10300.000,True,144.000,169.000,0.000,128.000,73.000,-0.088889,0.533333,-0.841222,45.940,74.754,80.873,2464.5
Vielma_9_puntos_intento_8.mp4,1237,10308.333,True,144.000,169.000,0.000,129.000,71.000,-0.083333,0.544444,-0.834647,48.326,73.003,80.559,2472.5
Vielma_9_puntos_intento_8.mp4,1238,10316.667,True,144.000,169.000,0.000,129.000,71.000,-0.083333,0.544444,-0.834647,50.167,70.560,80.767,2469.5
Vielma_9_puntos_intento_8.mp4,1239,10325.000,True,144.000,169.000,0.000,128.000,72.000,-0.088889,0.538889,-0.837674,48.167,71.239,81.766,2428.5
Vielma_9_puntos_intento_8.mp4,1240,10333.333,True,144.000,169.000,0.000,128.000,72.000,-0.088889,0.538889,-0.837674,48.339,74.148,79.661,2455.5
Vielma_9_puntos_intento_8.mp4,1241,10341.667,True,144.000,169.000,0.000,128.000,72.000,-0.088889,0.538889,-0.837674,48.205,73.627,78.829,2447.5
Vielma_9_puntos_intento_8.mp4,1242,10350.000,True,144.000,169.000,0.000,128.000,72.000,-0.088889,0.538889,-0.837674,48.139,72.213,79.845,2446.5
Vielma_9_puntos_intento_8.mp4,1243,10358.333,True,144.000,169.000,0.000,128.000,72.000,-0.088889,0.538889,-0.837674,47.851,73.766,78.921,2458.0
Vielma_9_puntos_intento_8.mp4,1244,10366.667,True,144.000,169.000,0.000,128.000,72.000,-0.088889,0.538889,-0.837674,48.447,72.686,81.279,2454.5
Vielma_9_puntos_intento_8.mp4,1245,10375.000,True,144.000,169.000,0.000,129.000,72.000,-0.083333,0.538889,-0.838245,48.306,72.277,80.096,2466.5
Vielma_9_puntos_intento_8.mp4,1246,10383.333,True,144.000,169.000,0.000,129.000,71.000,-0.083333,0.544444,-0.834647,50.900,72.234,77.899,2507.0
Vielma_9_puntos_intento_8.mp4,1247,10391.667,True,144.000,169.000,0.000,129.000,71.000,-0.083333,0.544444,-0.834647,48.573,72.872,80.853,2483.0
Vielma_9_puntos_intento_8.mp4,1248,10400.000,True,144.000,169.000,0.000,129.000,72.000,-0.083333,0.538889,-0.838245,47.681,73.004,80.958,2472.5
Vielma_9_puntos_intento_8.mp4,1249,10408.333,True,144.000,169.000,0.000,129.000,71.000,-0.083333,0.544444,-0.834647,48.123,71.991,79.855,2489.5
Vielma_9_puntos_intento_8.mp4,1250,10416.667,True,144.000,169.000,0.000,129.000,71.000,-0.083333,0.544444,-0.834647,49.893,72.279,82.541,2470.0
Vielma_9_puntos_intento_8.mp4,1251,10425.000,True,144.000,169.000,0.000,129.000,71.000,-0.083333,0.544444,-0.834647,48.794,71.892,81.064,2479.5
Vielma_9_puntos_intento_8.mp4,1252,10433.333,True,144.000,169.000,0.000,129.000,72.000,-0.083333,0.538889,-0.838245,47.471,74.765,79.224,2484.0
Vielma_9_puntos_intento_8.mp4,1253,10441.667,True,144.000,169.000,0.000,129.000,71.000,-0.083333,0.544444,-0.834647,48.191,72.886,82.345,2470.0
Vielma_9_puntos_intento_8.mp4,1254,10450.000,True,144.000,169.000,0.000,129.000,70.000,-0.083333,0.550000,-0.830997,49.454,72.678,84.657,2513.5
Vielma_9_puntos_intento_8.mp4,1255,10458.333,True,144.000,169.000,0.000,129.000,71.000,-0.083333,0.544444,-0.834647,49.537,73.542,82.373,2489.5
Vielma_9_puntos_intento_8.mp4,1256,10466.667,True,144.000,169.000,0.000,130.000,71.000,-0.077778,0.544444,-0.835183,49.144,72.742,81.337,2499.5
Vielma_9_puntos_intento_8.mp4,1257,10475.000,True,144.000,169.000,0.000,132.000,71.000,-0.066667,0.544444,-0.836143,48.257,74.384,78.544,2507.0
Vielma_9_puntos_intento_8.mp4,1258,10483.333,True,144.000,169.000,0.000,138.000,70.000,-0.033333,0.550000,-0.834499,52.313,69.747,85.688,2577.5
Vielma_9_puntos_intento_8.mp4,1259,10491.667,True,144.000,169.000,0.000,148.000,69.000,0.022222,0.555556,-0.831182,54.341,68.551,93.328,2597.5
Vielma_9_puntos_intento_8.mp4,1260,10500.000,True,144.000,169.000,0.000,153.000,67.000,0.050000,0.566667,-0.822429,56.159,68.632,103.395,2595.0
Vielma_9_puntos_intento_8.mp4,1261,10508.333,True,144.000,169.000,0.000,154.000,67.000,0.055556,0.566667,-0.822072,56.284,68.129,104.297,2590.5
Vielma_9_puntos_intento_8.mp4,1262,10516.667,True,144.000,169.000,0.000,154.000,67.000,0.055556,0.566667,-0.822072,55.620,68.836,101.746,2587.5
Vielma_9_puntos_intento_8.mp4,1263,10525.000,True,144.000,169.000,0.000,154.000,67.000,0.055556,0.566667,-0.822072,56.291,68.547,102.639,2634.0
Vielma_9_puntos_intento_8.mp4,1264,10533.333,True,144.000,169.000,0.000,155.000,67.000,0.061111,0.566667,-0.821678,57.531,69.669,104.567,2664.5
Vielma_9_puntos_intento_8.mp4,1265,10541.667,True,144.000,169.000,0.000,155.000,67.000,0.061111,0.566667,-0.821678,57.808,68.587,99.074,2663.5
Vielma_9_puntos_intento_8.mp4,1266,10550.000,True,144.000,168.000,0.000,155.000,67.000,0.061111,0.561111,-0.825482,57.916,68.904,97.917,2690.0
Vielma_9_puntos_intento_8.mp4,1267,10558.333,True,144.000,168.000,0.000,156.000,67.000,0.066667,0.561111,-0.825051,56.391,69.700,97.274,2664.0
Vielma_9_puntos_intento_8.mp4,1268,10566.667,True,144.000,168.000,0.000,156.000,67.000,0.066667,0.561111,-0.825051,56.962,69.793,95.181,2672.5
Vielma_9_puntos_intento_8.mp4,1269,10575.000,True,144.000,168.000,0.000,156.000,68.000,0.066667,0.555556,-0.828802,56.824,69.167,90.925,2663.5
Vielma_9_puntos_intento_8.mp4,1270,10583.333,True,144.000,168.000,0.000,156.000,67.000,0.066667,0.561111,-0.825051,57.219,68.652,99.096,2658.5
Vielma_9_puntos_intento_8.mp4,1271,10591.667,True,144.000,168.000,0.000,156.000,67.000,0.066667,0.561111,-0.825051,56.544,69.133,94.659,2676.5
Vielma_9_puntos_intento_8.mp4,1272,10600.000,True,144.000,168.000,0.000,156.000,67.000,0.066667,0.561111,-0.825051,57.307,69.131,99.090,2686.5
Vielma_9_puntos_intento_8.mp4,1273,10608.333,True,144.000,168.000,0.000,156.000,67.000,0.066667,0.561111,-0.825051,58.150,69.260,99.153,2677.0
Vielma_9_puntos_intento_8.mp4,1274,10616.667,True,144.000,168.000,0.000,156.000,67.000,0.066667,0.561111,-0.825051,58.124,70.105,100.175,2706.5
Vielma_9_puntos_intento_8.mp4,1275,10625.000,True,144.000,168.000,0.000,156.000,67.000,0.066667,0.561111,-0.825051,57.610,69.155,94.423,2681.0
Vielma_9_puntos_intento_8.mp4,1276,10633.333,True,144.000,168.000,0.000,155.000,67.000,0.061111,0.561111,-0.825482,58.050,69.304,94.831,2689.0
Vielma_9_puntos_intento_8.mp4,1277,10641.667,True,144.000,168.000,0.000,145.000,70.000,0.005556,0.544444,-0.838779,56.125,69.965,83.929,2675.0
Vielma_9_puntos_intento_8.mp4,1278,10650.000,True,144.000,168.000,0.000,130.000,74.000,-0.077778,0.522222,-0.849255,48.377,76.140,77.159,2551.5
Vielma_9_puntos_intento_8.mp4,1279,10658.333,True,144.000,168.000,0.000,117.000,76.000,-0.150000,0.511111,-0.846325,44.518,76.772,78.366,2494.0
Vielma_9_puntos_intento_8.mp4,1280,10666.667,True,144.000,168.000,0.000,105.000,79.000,-0.216667,0.494444,-0.841772,42.636,76.550,80.766,2469.5
Vielma_9_puntos_intento_8.mp4,1281,10675.000,True,144.000,168.000,0.000,99.000,80.000,-0.250000,0.488889,-0.835756,42.665,76.894,79.476,2447.0
Vielma_9_puntos_intento_8.mp4,1282,10683.333,True,144.000,168.000,0.000,99.000,79.000,-0.250000,0.494444,-0.832481,42.568,76.306,79.251,2447.0
Vielma_9_puntos_intento_8.mp4,1283,10691.667,True,144.000,168.000,0.000,100.000,79.000,-0.244444,0.494444,-0.834129,43.136,78.058,78.345,2449.0
Vielma_9_puntos_intento_8.mp4,1284,10700.000,True,144.000,168.000,0.000,99.000,79.000,-0.250000,0.494444,-0.832481,42.621,76.405,81.591,2459.0
Vielma_9_puntos_intento_8.mp4,1285,10708.333,True,144.000,168.000,0.000,99.000,79.000,-0.250000,0.494444,-0.832481,42.567,77.211,80.889,2416.5
Vielma_9_puntos_intento_8.mp4,1286,10716.667,True,144.000,168.000,0.000,99.000,79.000,-0.250000,0.494444,-0.832481,42.782,77.830,80.360,2451.5
Vielma_9_puntos_intento_8.mp4,1287,10725.000,True,144.000,168.000,0.000,98.000,79.000,-0.255556,0.494444,-0.830792,41.811,79.486,80.195,2425.0
Vielma_9_puntos_intento_8.mp4,1288,10733.333,True,144.000,168.000,0.000,98.000,79.000,-0.255556,0.494444,-0.830792,42.211,78.465,80.527,2425.5
Vielma_9_puntos_intento_8.mp4,1289,10741.667,True,144.000,168.000,0.000,98.000,79.000,-0.255556,0.494444,-0.830792,42.561,78.496,80.904,2446.5
Vielma_9_puntos_intento_8.mp4,1290,10750.000,True,144.000,168.000,0.000,98.000,79.000,-0.255556,0.494444,-0.830792,42.683,77.999,79.481,2437.5
Vielma_9_puntos_intento_8.mp4,1291,10758.333,True,144.000,168.000,0.000,99.000,79.000,-0.250000,0.494444,-0.832481,42.300,78.570,79.946,2433.0
Vielma_9_puntos_intento_8.mp4,1292,10766.667,True,144.000,168.000,0.000,99.000,79.000,-0.250000,0.494444,-0.832481,42.435,78.647,81.172,2451.0
Vielma_9_puntos_intento_8.mp4,1293,10775.000,True,144.000,168.000,0.000,98.000,79.000,-0.255556,0.494444,-0.830792,42.892,77.562,79.615,2427.0
Vielma_9_puntos_intento_8.mp4,1294,10783.333,True,144.000,168.000,0.000,98.000,79.000,-0.255556,0.494444,-0.830792,42.403,79.184,79.752,2420.5
Vielma_9_puntos_intento_8.mp4,1295,10791.667,True,144.000,168.000,0.000,98.000,79.000,-0.255556,0.494444,-0.830792,42.059,76.576,81.758,2402.5
Vielma_9_puntos_intento_8.mp4,1296,10800.000,True,144.000,168.000,0.000,98.000,79.000,-0.255556,0.494444,-0.830792,42.963,75.876,81.627,2445.5
Vielma_9_puntos_intento_8.mp4,1297,10808.333,True,144.000,168.000,0.000,98.000,79.000,-0.255556,0.494444,-0.830792,42.481,76.098,79.869,2408.0
Vielma_9_puntos_intento_8.mp4,1298,10816.667,True,144.000,168.000,0.000,98.000,79.000,-0.255556,0.494444,-0.830792,42.640,79.096,79.250,2439.0
Vielma_9_puntos_intento_8.mp4,1299,10825.000,True,144.000,168.000,0.000,98.000,78.000,-0.255556,0.500000,-0.827461,42.330,78.238,80.089,2437.0
Vielma_9_puntos_intento_8.mp4,1300,10833.333,True,144.000,168.000,0.000,98.000,79.000,-0.255556,0.494444,-0.830792,42.504,78.176,80.206,2436.5
Vielma_9_puntos_intento_8.mp4,1301,10841.667,True,144.000,168.000,0.000,98.000,79.000,-0.255556,0.494444,-0.830792,42.157,78.239,79.979,2441.0
Vielma_9_puntos_intento_8.mp4,1302,10850.000,True,144.000,168.000,0.000,98.000,79.000,-0.255556,0.494444,-0.830792,42.440,77.679,80.700,2444.0
Vielma_9_puntos_intento_8.mp4,1303,10858.333,True,144.000,168.000,0.000,98.000,79.000,-0.255556,0.494444,-0.830792,42.630,77.342,80.545,2447.0
Vielma_9_puntos_intento_8.mp4,1304,10866.667,True,144.000,168.000,0.000,95.000,79.000,-0.272222,0.494444,-0.825482,42.906,77.328,79.922,2460.0
Vielma_9_puntos_intento_8.mp4,1305,10875.000,True,144.000,168.000,0.000,93.000,80.000,-0.283333,0.488889,-0.825051,41.230,77.693,79.718,2415.0
Vielma_9_puntos_intento_8.mp4,1306,10883.333,True,144.000,168.000,0.000,95.000,80.000,-0.272222,0.488889,-0.828784,42.472,77.304,79.363,2451.5
Vielma_9_puntos_intento_8.mp4,1307,10891.667,True,144.000,168.000,0.000,95.000,80.000,-0.272222,0.488889,-0.828784,42.617,77.369,79.036,2467.5
Vielma_9_puntos_intento_8.mp4,1308,10900.000,True,144.000,168.000,0.000,95.000,79.000,-0.272222,0.494444,-0.825482,42.902,77.905,80.746,2461.0
Vielma_9_puntos_intento_8.mp4,1309,10908.333,True,144.000,168.000,0.000,94.000,80.000,-0.277778,0.488889,-0.826938,42.702,77.666,78.415,2430.5
Vielma_9_puntos_intento_8.mp4,1310,10916.667,True,144.000,168.000,0.000,94.000,79.000,-0.277778,0.494444,-0.823629,43.454,78.376,79.424,2463.5
Vielma_9_puntos_intento_8.mp4,1311,10925.000,True,144.000,168.000,0.000,94.000,80.000,-0.277778,0.488889,-0.826938,43.083,77.695,78.604,2466.0
Vielma_9_puntos_intento_8.mp4,1312,10933.333,True,144.000,168.000,0.000,94.000,79.000,-0.277778,0.494444,-0.823629,43.801,77.110,79.569,2469.0
Vielma_9_puntos_intento_8.mp4,1313,10941.667,True,144.000,168.000,0.000,94.000,79.000,-0.277778,0.494444,-0.823629,42.850,77.561,79.833,2467.0
Vielma_9_puntos_intento_8.mp4,1314,10950.000,True,144.000,168.000,0.000,94.000,79.000,-0.277778,0.494444,-0.823629,43.041,78.296,79.382,2484.5
Vielma_9_puntos_intento_8.mp4,1315,10958.333,True,144.000,168.000,0.000,94.000,79.000,-0.277778,0.494444,-0.823629,42.817,77.433,80.573,2503.0
Vielma_9_puntos_intento_8.mp4,1316,10966.667,True,144.000,168.000,0.000,94.000,80.000,-0.277778,0.488889,-0.826938,42.978,77.490,78.855,2483.0
Vielma_9_puntos_intento_8.mp4,1317,10975.000,True,144.000,168.000,0.000,94.000,80.000,-0.277778,0.488889,-0.826938,42.741,77.402,79.175,2485.0
Vielma_9_puntos_intento_8.mp4,1318,10983.333,True,144.000,168.000,0.000,94.000,80.000,-0.277778,0.488889,-0.826938,43.280,76.962,79.465,2491.0
Vielma_9_puntos_intento_8.mp4,1319,10991.667,True,144.000,168.000,0.000,94.000,80.000,-0.277778,0.488889,-0.826938,42.362,78.907,79.684,2461.0
Vielma_9_puntos_intento_8.mp4,1320,11000.000,True,144.000,168.000,0.000,94.000,80.000,-0.277778,0.488889,-0.826938,42.639,78.075,79.835,2494.0
Vielma_9_puntos_intento_8.mp4,1321,11008.333,True,144.000,168.000,0.000,93.000,80.000,-0.283333,0.488889,-0.825051,43.186,78.588,79.505,2464.0
Vielma_9_puntos_intento_8.mp4,1322,11016.667,True,144.000,168.000,0.000,94.000,80.000,-0.277778,0.488889,-0.826938,42.620,79.582,79.088,2461.5
Vielma_9_puntos_intento_8.mp4,1323,11025.000,True,144.000,168.000,0.000,94.000,80.000,-0.277778,0.488889,-0.826938,42.848,77.676,79.945,2459.5
Vielma_9_puntos_intento_8.mp4,1324,11033.333,True,144.000,168.000,0.000,94.000,79.000,-0.277778,0.494444,-0.823629,43.113,77.262,79.699,2484.5
Vielma_9_puntos_intento_8.mp4,1325,11041.667,True,144.000,168.000,0.000,94.000,80.000,-0.277778,0.488889,-0.826938,43.542,77.865,77.843,2470.0
Vielma_9_puntos_intento_8.mp4,1326,11050.000,True,144.000,168.000,0.000,94.000,79.000,-0.277778,0.494444,-0.823629,43.175,77.443,80.314,2478.0
Vielma_9_puntos_intento_8.mp4,1327,11058.333,True,144.000,168.000,0.000,94.000,79.000,-0.277778,0.494444,-0.823629,43.344,77.542,78.965,2456.5
Vielma_9_puntos_intento_8.mp4,1328,11066.667,True,144.000,168.000,0.000,94.000,80.000,-0.277778,0.488889,-0.826938,43.080,77.635,80.327,2486.5
Vielma_9_puntos_intento_8.mp4,1329,11075.000,True,144.000,168.000,0.000,94.000,79.000,-0.277778,0.494444,-0.823629,42.962,77.985,79.404,2482.5
Vielma_9_puntos_intento_8.mp4,1330,11083.333,True,144.000,168.000,0.000,94.000,79.000,-0.277778,0.494444,-0.823629,42.676,78.683,79.203,2477.0
Vielma_9_puntos_intento_8.mp4,1331,11091.667,True,144.000,168.000,0.000,94.000,80.000,-0.277778,0.488889,-0.826938,42.997,78.211,79.322,2490.5
Vielma_9_puntos_intento_8.mp4,1332,11100.000,True,144.000,168.000,0.000,95.000,79.000,-0.272222,0.494444,-0.825482,42.690,78.215,78.205,2462.0
Vielma_9_puntos_intento_8.mp4,1333,11108.333,True,144.000,168.000,0.000,94.000,79.000,-0.277778,0.494444,-0.823629,43.703,78.326,79.096,2494.0
Vielma_9_puntos_intento_8.mp4,1334,11116.667,True,144.000,168.000,0.000,95.000,79.000,-0.272222,0.494444,-0.825482,43.159,77.792,79.427,2496.5
Vielma_9_puntos_intento_8.mp4,1335,11125.000,True,144.000,168.000,0.000,94.000,79.000,-0.277778,0.494444,-0.823629,43.315,76.825,79.638,2485.0
Vielma_9_puntos_intento_8.mp4,1336,11133.333,True,144.000,168.000,0.000,94.000,79.000,-0.277778,0.494444,-0.823629,43.784,77.338,79.449,2501.0
Vielma_9_puntos_intento_8.mp4,1337,11141.667,True,144.000,168.000,0.000,94.000,80.000,-0.277778,0.488889,-0.826938,43.032,77.448,79.610,2492.5
Vielma_9_puntos_intento_8.mp4,1338,11150.000,True,144.000,168.000,0.000,94.000,80.000,-0.277778,0.488889,-0.826938,42.772,77.272,79.876,2503.5
Vielma_9_puntos_intento_8.mp4,1339,11158.333,True,144.000,168.000,0.000,94.000,79.000,-0.277778,0.494444,-0.823629,43.379,76.728,78.790,2511.5
Vielma_9_puntos_intento_8.mp4,1340,11166.667,True,144.000,168.000,0.000,94.000,79.000,-0.277778,0.494444,-0.823629,42.966,77.966,79.028,2509.0
Vielma_9_puntos_intento_8.mp4,1341,11175.000,True,144.000,168.000,0.000,93.000,79.000,-0.283333,0.494444,-0.821734,43.042,77.789,80.069,2519.0
Vielma_9_puntos_intento_8.mp4,1342,11183.333,True,144.000,168.000,0.000,93.000,80.000,-0.283333,0.488889,-0.825051,43.049,78.451,79.500,2513.5
Vielma_9_puntos_intento_8.mp4,1343,11191.667,True,144.000,168.000,0.000,93.000,80.000,-0.283333,0.488889,-0.825051,42.769,77.512,79.531,2517.5
Vielma_9_puntos_intento_8.mp4,1344,11200.000,True,144.000,168.000,0.000,93.000,79.000,-0.283333,0.494444,-0.821734,43.392,77.882,78.333,2532.0
Vielma_9_puntos_intento_8.mp4,1345,11208.333,True,144.000,168.000,0.000,94.000,79.000,-0.277778,0.494444,-0.823629,43.193,79.627,79.044,2502.5
Vielma_9_puntos_intento_8.mp4,1346,11216.667,True,144.000,168.000,0.000,94.000,79.000,-0.277778,0.494444,-0.823629,42.872,79.013,79.551,2502.5
Vielma_9_puntos_intento_8.mp4,1347,11225.000,True,144.000,168.000,0.000,94.000,79.000,-0.277778,0.494444,-0.823629,43.120,78.325,79.766,2513.5
Vielma_9_puntos_intento_8.mp4,1348,11233.333,True,144.000,168.000,0.000,93.000,79.000,-0.283333,0.494444,-0.821734,44.131,78.176,79.835,2529.5
Vielma_9_puntos_intento_8.mp4,1349,11241.667,True,144.000,168.000,0.000,94.000,79.000,-0.277778,0.494444,-0.823629,43.151,77.040,79.233,2536.0
Vielma_9_puntos_intento_8.mp4,1350,11250.000,True,144.000,168.000,0.000,94.000,79.000,-0.277778,0.494444,-0.823629,43.364,78.721,78.809,2543.5
Vielma_9_puntos_intento_8.mp4,1351,11258.333,True,144.000,168.000,0.000,94.000,79.000,-0.277778,0.494444,-0.823629,43.408,78.714,79.163,2555.0
Vielma_9_puntos_intento_8.mp4,1352,11266.667,True,144.000,168.000,0.000,94.000,79.000,-0.277778,0.494444,-0.823629,42.861,77.608,79.419,2538.0
Vielma_9_puntos_intento_8.mp4,1353,11275.000,True,144.000,168.000,0.000,94.000,79.000,-0.277778,0.494444,-0.823629,43.817,77.880,79.313,2550.0
Vielma_9_puntos_intento_8.mp4,1354,11283.333,True,144.000,168.000,0.000,94.000,79.000,-0.277778,0.494444,-0.823629,44.020,77.897,78.762,2562.5
Vielma_9_puntos_intento_8.mp4,1355,11291.667,True,144.000,168.000,0.000,93.000,79.000,-0.283333,0.494444,-0.821734,43.616,78.136,79.040,2550.5
Vielma_9_puntos_intento_8.mp4,1356,11300.000,True,144.000,168.000,0.000,94.000,79.000,-0.277778,0.494444,-0.823629,43.950,78.596,79.714,2572.0
Vielma_9_puntos_intento_8.mp4,1357,11308.333,True,144.000,168.000,0.000,93.000,79.000,-0.283333,0.494444,-0.821734,44.031,78.955,79.044,2556.0
Vielma_9_puntos_intento_8.mp4,1358,11316.667,True,144.000,168.000,0.000,94.000,79.000,-0.277778,0.494444,-0.823629,43.776,78.851,79.063,2594.0
Vielma_9_puntos_intento_8.mp4,1359,11325.000,True,144.000,168.000,0.000,94.000,79.000,-0.277778,0.494444,-0.823629,43.999,79.028,77.597,2592.0
Vielma_9_puntos_intento_8.mp4,1360,11333.333,True,144.000,168.000,0.000,94.000,79.000,-0.277778,0.494444,-0.823629,44.477,78.821,78.895,2595.5
Vielma_9_puntos_intento_8.mp4,1361,11341.667,True,144.000,168.000,0.000,93.000,79.000,-0.283333,0.494444,-0.821734,44.198,78.850,79.985,2600.0
Vielma_9_puntos_intento_8.mp4,1362,11350.000,True,144.000,168.000,0.000,94.000,79.000,-0.277778,0.494444,-0.823629,43.939,77.968,78.166,2598.0
Vielma_9_puntos_intento_8.mp4,1363,11358.333,True,144.000,168.000,0.000,94.000,79.000,-0.277778,0.494444,-0.823629,43.958,79.071,78.541,2611.5
Vielma_9_puntos_intento_8.mp4,1364,11366.667,True,144.000,168.000,0.000,94.000,79.000,-0.277778,0.494444,-0.823629,44.367,78.930,77.831,2625.5
Vielma_9_puntos_intento_8.mp4,1365,11375.000,True,144.000,168.000,0.000,94.000,79.000,-0.277778,0.494444,-0.823629,43.593,79.456,78.785,2618.5
Vielma_9_puntos_intento_8.mp4,1366,11383.333,True,144.000,168.000,0.000,94.000,79.000,-0.277778,0.494444,-0.823629,43.915,80.074,78.432,2623.5
Vielma_9_puntos_intento_8.mp4,1367,11391.667,True,144.000,168.000,0.000,95.000,79.000,-0.272222,0.494444,-0.825482,43.621,79.108,79.165,2593.5
Vielma_9_puntos_intento_8.mp4,1368,11400.000,True,144.000,168.000,0.000,97.000,79.000,-0.261111,0.494444,-0.829063,43.158,79.644,80.032,2610.0
Vielma_9_puntos_intento_8.mp4,1369,11408.333,True,144.000,168.000,0.000,98.000,78.000,-0.255556,0.500000,-0.827461,44.711,78.156,79.152,2618.5
Vielma_9_puntos_intento_8.mp4,1370,11416.667,True,144.000,168.000,0.000,98.000,78.000,-0.255556,0.500000,-0.827461,44.042,79.368,80.248,2623.0
Vielma_9_puntos_intento_8.mp4,1371,11425.000,True,144.000,168.000,0.000,98.000,78.000,-0.255556,0.500000,-0.827461,44.421,77.767,78.962,2627.0
Vielma_9_puntos_intento_8.mp4,1372,11433.333,True,144.000,168.000,0.000,98.000,78.000,-0.255556,0.500000,-0.827461,44.128,79.126,80.200,2670.5
Vielma_9_puntos_intento_8.mp4,1373,11441.667,True,144.000,168.000,0.000,98.000,78.000,-0.255556,0.500000,-0.827461,44.774,80.416,78.985,2666.5
Vielma_9_puntos_intento_8.mp4,1374,11450.000,True,144.000,168.000,0.000,98.000,78.000,-0.255556,0.500000,-0.827461,44.294,79.615,78.407,2643.5
Vielma_9_puntos_intento_8.mp4,1375,11458.333,True,144.000,168.000,0.000,98.000,78.000,-0.255556,0.500000,-0.827461,44.419,80.063,80.708,2671.5
Vielma_9_puntos_intento_8.mp4,1376,11466.667,True,144.000,168.000,0.000,97.000,78.000,-0.261111,0.500000,-0.825725,44.618,79.942,80.231,2658.0
Vielma_9_puntos_intento_8.mp4,1377,11475.000,True,144.000,168.000,0.000,98.000,79.000,-0.255556,0.494444,-0.830792,44.653,80.310,78.276,2671.0
Vielma_9_puntos_intento_8.mp4,1378,11483.333,True,144.000,168.000,0.000,98.000,78.000,-0.255556,0.500000,-0.827461,44.785,81.195,80.950,2669.5
Vielma_9_puntos_intento_8.mp4,1379,11491.667,True,144.000,168.000,0.000,98.000,78.000,-0.255556,0.500000,-0.827461,44.463,80.695,79.215,2667.0
Vielma_9_puntos_intento_8.mp4,1380,11500.000,True,144.000,168.000,0.000,97.000,79.000,-0.261111,0.494444,-0.829063,44.428,81.226,79.070,2687.0
Vielma_9_puntos_intento_8.mp4,1381,11508.333,True,144.000,168.000,0.000,98.000,79.000,-0.255556,0.494444,-0.830792,44.283,80.054,80.725,2673.5
Vielma_9_puntos_intento_8.mp4,1382,11516.667,True,144.000,168.000,0.000,98.000,78.000,-0.255556,0.500000,-0.827461,44.226,80.228,80.741,2666.5
Vielma_9_puntos_intento_8.mp4,1383,11525.000,True,144.000,168.000,0.000,98.000,79.000,-0.255556,0.494444,-0.830792,44.959,80.546,79.725,2701.5
Vielma_9_puntos_intento_8.mp4,1384,11533.333,True,144.000,168.000,0.000,97.000,79.000,-0.261111,0.494444,-0.829063,44.238,80.784,80.065,2698.5
Vielma_9_puntos_intento_8.mp4,1385,11541.667,True,144.000,168.000,0.000,98.000,78.000,-0.255556,0.500000,-0.827461,44.766,80.056,78.897,2685.5
Vielma_9_puntos_intento_8.mp4,1386,11550.000,True,144.000,168.000,0.000,98.000,79.000,-0.255556,0.494444,-0.830792,44.987,81.294,79.235,2714.5
Vielma_9_puntos_intento_8.mp4,1387,11558.333,True,144.000,168.000,0.000,98.000,79.000,-0.255556,0.494444,-0.830792,43.892,81.085,80.472,2679.5
Vielma_9_puntos_intento_8.mp4,1388,11566.667,True,144.000,168.000,0.000,98.000,79.000,-0.255556,0.494444,-0.830792,44.781,80.804,79.041,2720.0
Vielma_9_puntos_intento_8.mp4,1389,11575.000,True,144.000,168.000,0.000,97.000,79.000,-0.261111,0.494444,-0.829063,45.117,80.601,78.931,2700.0
Vielma_9_puntos_intento_8.mp4,1390,11583.333,True,144.000,168.000,0.000,95.000,80.000,-0.272222,0.488889,-0.828784,45.715,81.407,77.394,2744.5
Vielma_9_puntos_intento_8.mp4,1391,11591.667,True,144.000,168.000,0.000,95.000,80.000,-0.272222,0.488889,-0.828784,45.469,81.347,78.255,2732.5
Vielma_9_puntos_intento_8.mp4,1392,11600.000,True,144.000,168.000,0.000,96.000,79.000,-0.266667,0.494444,-0.827293,45.523,80.480,78.132,2737.5
Vielma_9_puntos_intento_8.mp4,1393,11608.333,True,144.000,168.000,0.000,95.000,80.000,-0.272222,0.488889,-0.828784,45.933,80.914,78.105,2733.5
Vielma_9_puntos_intento_8.mp4,1394,11616.667,True,144.000,168.000,0.000,95.000,80.000,-0.272222,0.488889,-0.828784,45.307,80.693,77.876,2752.0
Vielma_9_puntos_intento_8.mp4,1395,11625.000,True,144.000,168.000,0.000,96.000,79.000,-0.266667,0.494444,-0.827293,45.177,80.222,79.632,2724.5
Vielma_9_puntos_intento_8.mp4,1396,11633.333,True,144.000,168.000,0.000,95.000,80.000,-0.272222,0.488889,-0.828784,44.647,81.040,81.203,2731.0
Vielma_9_puntos_intento_8.mp4,1397,11641.667,True,144.000,168.000,0.000,95.000,80.000,-0.272222,0.488889,-0.828784,44.762,81.230,79.653,2738.5
Vielma_9_puntos_intento_8.mp4,1398,11650.000,True,144.000,168.000,0.000,95.000,80.000,-0.272222,0.488889,-0.828784,45.223,81.360,78.715,2744.5
Vielma_9_puntos_intento_8.mp4,1399,11658.333,True,144.000,168.000,0.000,95.000,80.000,-0.272222,0.488889,-0.828784,45.720,82.113,78.740,2775.5
Vielma_9_puntos_intento_8.mp4,1400,11666.667,True,144.000,168.000,0.000,95.000,80.000,-0.272222,0.488889,-0.828784,44.685,81.865,79.317,2758.0
Vielma_9_puntos_intento_8.mp4,1401,11675.000,True,144.000,168.000,0.000,96.000,80.000,-0.266667,0.488889,-0.830588,45.701,80.926,78.503,2777.5
Vielma_9_puntos_intento_8.mp4,1402,11683.333,True,144.000,168.000,0.000,96.000,80.000,-0.266667,0.488889,-0.830588,45.417,82.526,78.622,2782.0
Vielma_9_puntos_intento_8.mp4,1403,11691.667,True,144.000,168.000,0.000,96.000,80.000,-0.266667,0.488889,-0.830588,46.247,81.128,77.467,2790.5
Vielma_9_puntos_intento_8.mp4,1404,11700.000,True,144.000,168.000,0.000,96.000,80.000,-0.266667,0.488889,-0.830588,45.350,81.340,78.079,2782.5
Vielma_9_puntos_intento_8.mp4,1405,11708.333,True,144.000,168.000,0.000,96.000,80.000,-0.266667,0.488889,-0.830588,45.536,81.646,79.054,2742.0
Vielma_9_puntos_intento_8.mp4,1406,11716.667,True,144.000,168.000,0.000,96.000,80.000,-0.266667,0.488889,-0.830588,45.975,81.195,78.453,2796.0
Vielma_9_puntos_intento_8.mp4,1407,11725.000,True,144.000,168.000,0.000,96.000,80.000,-0.266667,0.488889,-0.830588,45.752,80.938,78.300,2750.0
Vielma_9_puntos_intento_8.mp4,1408,11733.333,True,144.000,168.000,0.000,96.000,80.000,-0.266667,0.488889,-0.830588,45.546,82.970,78.078,2784.0
Vielma_9_puntos_intento_8.mp4,1409,11741.667,True,144.000,168.000,0.000,96.000,79.000,-0.266667,0.494444,-0.827293,46.061,81.845,78.514,2773.5
Vielma_9_puntos_intento_8.mp4,1410,11750.000,True,144.000,168.000,0.000,95.000,80.000,-0.272222,0.488889,-0.828784,45.768,81.981,78.185,2796.5
Vielma_9_puntos_intento_8.mp4,1411,11758.333,True,144.000,168.000,0.000,96.000,80.000,-0.266667,0.488889,-0.830588,45.585,82.730,77.268,2741.5
Vielma_9_puntos_intento_8.mp4,1412,11766.667,True,144.000,168.000,0.000,96.000,80.000,-0.266667,0.488889,-0.830588,45.473,82.264,78.397,2788.5
Vielma_9_puntos_intento_8.mp4,1413,11775.000,True,144.000,168.000,0.000,95.000,80.000,-0.272222,0.488889,-0.828784,45.496,82.028,78.291,2786.5
Vielma_9_puntos_intento_8.mp4,1414,11783.333,True,144.000,168.000,0.000,95.000,80.000,-0.272222,0.488889,-0.828784,46.108,82.357,80.207,2814.0
Vielma_9_puntos_intento_8.mp4,1415,11791.667,True,144.000,168.000,0.000,95.000,80.000,-0.272222,0.488889,-0.828784,46.112,82.496,79.320,2822.0
Vielma_9_puntos_intento_8.mp4,1416,11800.000,True,144.000,168.000,0.000,95.000,80.000,-0.272222,0.488889,-0.828784,45.498,83.017,80.376,2816.0
Vielma_9_puntos_intento_8.mp4,1417,11808.333,True,144.000,168.000,0.000,95.000,80.000,-0.272222,0.488889,-0.828784,46.171,81.926,78.048,2801.0
Vielma_9_puntos_intento_8.mp4,1418,11816.667,True,144.000,168.000,0.000,96.000,80.000,-0.266667,0.488889,-0.830588,46.304,83.820,78.084,2827.0
Vielma_9_puntos_intento_8.mp4,1419,11825.000,True,144.000,168.000,0.000,96.000,80.000,-0.266667,0.488889,-0.830588,45.338,82.871,79.518,2789.5
Vielma_9_puntos_intento_8.mp4,1420,11833.333,True,144.000,168.000,0.000,95.000,80.000,-0.272222,0.488889,-0.828784,46.067,82.992,77.712,2827.0
Vielma_9_puntos_intento_8.mp4,1421,11841.667,True,144.000,168.000,0.000,95.000,80.000,-0.272222,0.488889,-0.828784,45.803,83.003,78.699,2833.5
Vielma_9_puntos_intento_8.mp4,1422,11850.000,True,144.000,168.000,0.000,96.000,80.000,-0.266667,0.488889,-0.830588,46.098,83.274,78.171,2837.5
Vielma_9_puntos_intento_8.mp4,1423,11858.333,True,144.000,168.000,0.000,96.000,80.000,-0.266667,0.488889,-0.830588,46.082,83.372,78.904,2828.5
Vielma_9_puntos_intento_8.mp4,1424,11866.667,True,144.000,168.000,0.000,96.000,80.000,-0.266667,0.488889,-0.830588,46.094,83.814,78.033,2846.5
Vielma_9_puntos_intento_8.mp4,1425,11875.000,True,144.000,168.000,0.000,96.000,80.000,-0.266667,0.488889,-0.830588,45.604,81.945,79.644,2825.0
Vielma_9_puntos_intento_8.mp4,1426,11883.333,True,144.000,168.000,0.000,96.000,80.000,-0.266667,0.488889,-0.830588,46.409,81.358,78.683,2849.0
Vielma_9_puntos_intento_8.mp4,1427,11891.667,True,144.000,168.000,0.000,96.000,80.000,-0.266667,0.488889,-0.830588,45.988,81.806,79.076,2838.5
Vielma_9_puntos_intento_8.mp4,1428,11900.000,True,144.000,168.000,0.000,96.000,80.000,-0.266667,0.488889,-0.830588,45.429,83.354,79.353,2847.5
Vielma_9_puntos_intento_8.mp4,1429,11908.333,True,144.000,168.000,0.000,96.000,80.000,-0.266667,0.488889,-0.830588,46.962,82.599,77.795,2843.0
Vielma_9_puntos_intento_8.mp4,1430,11916.667,True,144.000,168.000,0.000,96.000,80.000,-0.266667,0.488889,-0.830588,46.595,82.168,78.537,2875.0
Vielma_9_puntos_intento_8.mp4,1431,11925.000,True,144.000,168.000,0.000,96.000,80.000,-0.266667,0.488889,-0.830588,46.527,83.764,78.821,2865.0
Vielma_9_puntos_intento_8.mp4,1432,11933.333,True,144.000,168.000,0.000,96.000,80.000,-0.266667,0.488889,-0.830588,46.333,82.782,78.321,2861.5
Vielma_9_puntos_intento_8.mp4,1433,11941.667,True,144.000,168.000,0.000,96.000,80.000,-0.266667,0.488889,-0.830588,45.942,84.111,79.201,2864.0
Vielma_9_puntos_intento_8.mp4,1434,11950.000,True,144.000,168.000,0.000,96.000,80.000,-0.266667,0.488889,-0.830588,46.784,82.242,77.883,2873.5
Vielma_9_puntos_intento_8.mp4,1435,11958.333,True,144.000,168.000,0.000,96.000,80.000,-0.266667,0.488889,-0.830588,45.696,84.052,78.870,2855.5
Vielma_9_puntos_intento_8.mp4,1436,11966.667,True,144.000,168.000,0.000,96.000,80.000,-0.266667,0.488889,-0.830588,45.907,82.396,79.473,2859.5
Vielma_9_puntos_intento_8.mp4,1437,11975.000,True,144.000,168.000,0.000,95.000,80.000,-0.272222,0.488889,-0.828784,45.985,82.123,80.359,2873.5
Vielma_9_puntos_intento_8.mp4,1438,11983.333,True,144.000,168.000,0.000,96.000,80.000,-0.266667,0.488889,-0.830588,46.336,81.877,78.165,2862.5
Vielma_9_puntos_intento_8.mp4,1439,11991.667,True,144.000,168.000,0.000,96.000,80.000,-0.266667,0.488889,-0.830588,45.570,80.696,80.319,2852.0
Vielma_9_puntos_intento_8.mp4,1440,12000.000,True,144.000,168.000,0.000,96.000,80.000,-0.266667,0.488889,-0.830588,45.986,82.942,78.988,2852.5
Vielma_9_puntos_intento_8.mp4,1441,12008.333,True,144.000,168.000,0.000,96.000,80.000,-0.266667,0.488889,-0.830588,46.493,84.225,78.776,2858.5
Vielma_9_puntos_intento_8.mp4,1442,12016.667,True,144.000,168.000,0.000,95.000,80.000,-0.272222,0.488889,-0.828784,45.797,84.705,79.656,2849.0
Vielma_9_puntos_intento_8.mp4,1443,12025.000,True,144.000,168.000,0.000,95.000,80.000,-0.272222,0.488889,-0.828784,46.616,83.851,78.177,2844.0
Vielma_9_puntos_intento_8.mp4,1444,12033.333,True,144.000,168.000,0.000,95.000,80.000,-0.272222,0.488889,-0.828784,45.704,83.125,79.743,2846.0
Vielma_9_puntos_intento_8.mp4,1445,12041.667,True,144.000,168.000,0.000,95.000,80.000,-0.272222,0.488889,-0.828784,45.706,83.324,80.054,2856.0
Vielma_9_puntos_intento_8.mp4,1446,12050.000,True,144.000,168.000,0.000,96.000,80.000,-0.266667,0.488889,-0.830588,46.409,84.507,78.849,2870.0
Vielma_9_puntos_intento_8.mp4,1447,12058.333,True,144.000,168.000,0.000,96.000,80.000,-0.266667,0.488889,-0.830588,46.141,84.211,79.297,2846.0
Vielma_9_puntos_intento_8.mp4,1448,12066.667,True,144.000,168.000,0.000,96.000,80.000,-0.266667,0.488889,-0.830588,45.913,83.945,78.734,2852.0
Vielma_9_puntos_intento_8.mp4,1449,12075.000,True,144.000,168.000,0.000,95.000,80.000,-0.272222,0.488889,-0.828784,46.693,83.589,78.276,2849.0
Vielma_9_puntos_intento_8.mp4,1450,12083.333,True,144.000,168.000,0.000,95.000,80.000,-0.272222,0.488889,-0.828784,46.273,82.457,79.513,2874.5
Vielma_9_puntos_intento_8.mp4,1451,12091.667,True,144.000,168.000,0.000,96.000,80.000,-0.266667,0.488889,-0.830588,45.742,83.405,78.636,2839.5
Vielma_9_puntos_intento_8.mp4,1452,12100.000,True,144.000,168.000,0.000,96.000,80.000,-0.266667,0.488889,-0.830588,45.783,83.293,79.787,2831.0
Vielma_9_puntos_intento_8.mp4,1453,12108.333,True,144.000,168.000,0.000,96.000,80.000,-0.266667,0.488889,-0.830588,45.575,82.413,78.690,2837.5
Vielma_9_puntos_intento_8.mp4,1454,12116.667,True,144.000,168.000,0.000,95.000,80.000,-0.272222,0.488889,-0.828784,45.963,82.119,79.144,2826.5
Vielma_9_puntos_intento_8.mp4,1455,12125.000,True,144.000,168.000,0.000,96.000,80.000,-0.266667,0.488889,-0.830588,46.169,82.177,78.738,2818.0
Vielma_9_puntos_intento_8.mp4,1456,12133.333,True,144.000,168.000,0.000,96.000,80.000,-0.266667,0.488889,-0.830588,44.800,82.729,79.420,2771.5
Vielma_9_puntos_intento_8.mp4,1457,12141.667,True,144.000,168.000,0.000,96.000,80.000,-0.266667,0.488889,-0.830588,46.202,81.517,78.477,2804.0
Vielma_9_puntos_intento_8.mp4,1458,12150.000,True,144.000,168.000,0.000,96.000,80.000,-0.266667,0.488889,-0.830588,45.460,81.796,78.042,2810.5
Vielma_9_puntos_intento_8.mp4,1459,12158.333,True,144.000,168.000,0.000,95.000,80.000,-0.272222,0.488889,-0.828784,45.049,83.339,78.428,2775.0
Vielma_9_puntos_intento_8.mp4,1460,12166.667,True,144.000,168.000,0.000,95.000,80.000,-0.272222,0.488889,-0.828784,45.300,80.812,80.288,2812.0
Vielma_9_puntos_intento_8.mp4,1461,12175.000,True,144.000,168.000,0.000,96.000,80.000,-0.266667,0.488889,-0.830588,45.823,82.284,78.417,2800.0
Vielma_9_puntos_intento_8.mp4,1462,12183.333,True,144.000,168.000,0.000,95.000,80.000,-0.272222,0.488889,-0.828784,44.960,82.167,78.548,2788.0
Vielma_9_puntos_intento_8.mp4,1463,12191.667,True,144.000,168.000,0.000,95.000,80.000,-0.272222,0.488889,-0.828784,45.853,80.477,80.187,2805.0
Vielma_9_puntos_intento_8.mp4,1464,12200.000,True,144.000,168.000,0.000,95.000,80.000,-0.272222,0.488889,-0.828784,45.413,81.434,79.793,2806.5
Vielma_9_puntos_intento_8.mp4,1465,12208.333,True,144.000,168.000,0.000,95.000,80.000,-0.272222,0.488889,-0.828784,45.850,81.254,80.624,2770.5
Vielma_9_puntos_intento_8.mp4,1466,12216.667,True,144.000,168.000,0.000,95.000,80.000,-0.272222,0.488889,-0.828784,45.819,81.034,80.129,2781.0
Vielma_9_puntos_intento_8.mp4,1467,12225.000,True,144.000,168.000,0.000,96.000,80.000,-0.266667,0.488889,-0.830588,46.126,81.960,77.496,2782.0
Vielma_9_puntos_intento_8.mp4,1468,12233.333,True,144.000,168.000,0.000,96.000,79.000,-0.266667,0.494444,-0.827293,46.040,83.071,78.037,2777.0
Vielma_9_puntos_intento_8.mp4,1469,12241.667,True,144.000,168.000,0.000,95.000,80.000,-0.272222,0.488889,-0.828784,46.007,83.372,77.159,2777.5
Vielma_9_puntos_intento_8.mp4,1470,12250.000,True,144.000,168.000,0.000,95.000,80.000,-0.272222,0.488889,-0.828784,45.920,82.544,76.919,2807.5
Vielma_9_puntos_intento_8.mp4,1471,12258.333,True,144.000,168.000,0.000,94.000,80.000,-0.277778,0.488889,-0.826938,45.959,83.428,79.233,2826.5
Vielma_9_puntos_intento_8.mp4,1472,12266.667,False,144.000,168.000,0.000,94.000,80.000,-0.277778,0.488889,-0.826938,46.638,83.584,79.925,2865.5
Vielma_9_puntos_intento_8.mp4,1473,12275.000,False,144.000,168.000,0.000,90.000,74.000,-0.300000,0.522222,-0.798301,64.075,78.075,99.494,3481.0
Vielma_9_puntos_intento_8.mp4,1474,12283.333,False,144.000,168.000,0.000,96.000,82.000,-0.266667,0.477778,-0.837029,47.559,79.580,71.884,2782.0
Vielma_9_puntos_intento_8.mp4,1475,12291.667,False,144.000,168.000,,,,,,,,,,
Vielma_9_puntos_intento_8.mp4,1476,12300.000,False,144.000,168.000,,,,,,,,,,
Vielma_9_puntos_intento_8.mp4,1477,12308.333,False,144.000,168.000,,,,,,,,,,
Vielma_9_puntos_intento_8.mp4,1478,12316.667,False,144.000,168.000,,,,,,,,,,
Vielma_9_puntos_intento_8.mp4,1479,12325.000,False,144.000,168.000,,,,,,,,,,
Vielma_9_puntos_intento_8.mp4,1480,12333.333,False,144.000,168.000,,,,,,,,,,
Vielma_9_puntos_intento_8.mp4,1481,12341.667,False,144.000,168.000,,,,,,,,,,
Vielma_9_puntos_intento_8.mp4,1482,12350.000,False,144.000,168.000,,,,,,,,,,
Vielma_9_puntos_intento_8.mp4,1483,12358.333,False,144.000,168.000,,,,,,,,,,
Vielma_9_puntos_intento_8.mp4,1484,12366.667,False,144.000,168.000,,,,,,,,,,
Vielma_9_puntos_intento_8.mp4,1485,12375.000,False,144.000,168.000,0.000,171.000,101.000,0.150000,0.372222,-0.915942,16.975,43.825,74.653,527.5
Vielma_9_puntos_intento_8.mp4,1486,12383.333,False,144.000,168.000,0.000,176.000,94.000,0.177778,0.411111,-0.894082,37.457,62.776,79.163,1657.0
Vielma_9_puntos_intento_8.mp4,1487,12391.667,False,144.000,168.000,0.000,181.000,91.000,0.205556,0.427778,-0.880201,51.677,71.623,87.325,2671.0
Vielma_9_puntos_intento_8.mp4,1488,12400.000,True,144.000,168.000,0.000,184.000,88.000,0.222222,0.444444,-0.867806,61.791,75.438,108.815,3420.5
Vielma_9_puntos_intento_8.mp4,1489,12408.333,True,144.000,168.000,0.000,189.000,87.000,0.250000,0.450000,-0.857321,62.894,81.953,135.059,3922.5
Vielma_9_puntos_intento_8.mp4,1490,12416.667,True,144.000,168.000,0.000,192.000,86.000,0.266667,0.455556,-0.849328,61.573,86.510,144.049,4131.0
Vielma_9_puntos_intento_8.mp4,1491,12425.000,True,144.000,168.000,0.000,193.000,86.000,0.272222,0.455556,-0.847564,61.698,87.104,144.999,4163.0
Vielma_9_puntos_intento_8.mp4,1492,12433.333,True,144.000,168.000,0.000,193.000,86.000,0.272222,0.455556,-0.847564,61.432,85.936,144.099,4127.0
Vielma_9_puntos_intento_8.mp4,1493,12441.667,True,144.000,168.000,0.000,194.000,87.000,0.277778,0.450000,-0.848728,61.282,85.238,143.555,4065.0
Vielma_9_puntos_intento_8.mp4,1494,12450.000,True,144.000,168.000,0.000,195.000,87.000,0.283333,0.450000,-0.846890,62.383,86.146,142.921,4181.0
Vielma_9_puntos_intento_8.mp4,1495,12458.333,True,144.000,168.000,0.000,195.000,87.000,0.283333,0.450000,-0.846890,62.092,85.484,143.546,4125.0
Vielma_9_puntos_intento_8.mp4,1496,12466.667,True,144.000,168.000,0.000,195.000,87.000,0.283333,0.450000,-0.846890,62.102,85.250,143.255,4128.0
Vielma_9_puntos_intento_8.mp4,1497,12475.000,True,144.000,168.000,0.000,195.000,87.000,0.283333,0.450000,-0.846890,62.065,85.145,143.823,4112.0
Vielma_9_puntos_intento_8.mp4,1498,12483.333,True,144.000,168.000,0.000,195.000,87.000,0.283333,0.450000,-0.846890,61.893,85.474,144.000,4112.5
Vielma_9_puntos_intento_8.mp4,1499,12491.667,True,144.000,168.000,0.000,195.000,87.000,0.283333,0.450000,-0.846890,61.692,85.766,143.560,4122.5
Vielma_9_puntos_intento_8.mp4,1500,12500.000,True,144.000,168.000,0.000,196.000,87.000,0.288889,0.450000,-0.845011,61.748,85.431,143.884,4093.5
Vielma_9_puntos_intento_8.mp4,1501,12508.333,True,144.000,168.000,0.000,196.000,87.000,0.288889,0.450000,-0.845011,61.961,85.180,143.809,4090.5
Vielma_9_puntos_intento_8.mp4,1502,12516.667,True,144.000,168.000,0.000,196.000,87.000,0.288889,0.450000,-0.845011,61.742,85.221,143.705,4093.0
Vielma_9_puntos_intento_8.mp4,1503,12525.000,True,144.000,168.000,0.000,196.000,87.000,0.288889,0.450000,-0.845011,61.778,85.161,143.785,4081.5
Vielma_9_puntos_intento_8.mp4,1504,12533.333,True,144.000,168.000,0.000,196.000,87.000,0.288889,0.450000,-0.845011,61.377,85.340,144.050,4085.5
Vielma_9_puntos_intento_8.mp4,1505,12541.667,True,144.000,168.000,0.000,196.000,86.000,0.288889,0.455556,-0.842029,61.863,85.385,143.715,4086.5
Vielma_9_puntos_intento_8.mp4,1506,12550.000,True,144.000,168.000,0.000,196.000,87.000,0.288889,0.450000,-0.845011,61.860,84.875,143.476,4079.5
Vielma_9_puntos_intento_8.mp4,1507,12558.333,True,144.000,168.000,0.000,196.000,87.000,0.288889,0.450000,-0.845011,61.902,85.295,144.034,4089.0
Vielma_9_puntos_intento_8.mp4,1508,12566.667,True,144.000,168.000,0.000,197.000,87.000,0.294444,0.450000,-0.843091,61.810,85.045,143.730,4082.0
Vielma_9_puntos_intento_8.mp4,1509,12575.000,True,144.000,168.000,0.000,196.000,86.000,0.288889,0.455556,-0.842029,61.575,86.009,143.814,4078.0
Vielma_9_puntos_intento_8.mp4,1510,12583.333,True,144.000,168.000,0.000,197.000,87.000,0.294444,0.450000,-0.843091,61.638,85.192,144.212,4070.0
Vielma_9_puntos_intento_8.mp4,1511,12591.667,True,144.000,168.000,0.000,197.000,87.000,0.294444,0.450000,-0.843091,61.805,85.095,144.113,4076.0
Vielma_9_puntos_intento_8.mp4,1512,12600.000,True,144.000,168.000,0.000,197.000,86.000,0.294444,0.455556,-0.840102,61.866,85.402,143.764,4094.5
Vielma_9_puntos_intento_8.mp4,1513,12608.333,True,144.000,168.000,0.000,197.000,86.000,0.294444,0.455556,-0.840102,61.716,85.525,143.777,4076.0
Vielma_9_puntos_intento_8.mp4,1514,12616.667,True,144.000,168.000,0.000,197.000,86.000,0.294444,0.455556,-0.840102,61.834,85.043,143.668,4063.5
Vielma_9_puntos_intento_8.mp4,1515,12625.000,True,144.000,168.000,0.000,197.000,86.000,0.294444,0.455556,-0.840102,60.989,84.206,143.399,3977.0
Vielma_9_puntos_intento_8.mp4,1516,12633.333,True,144.000,168.000,0.000,197.000,86.000,0.294444,0.455556,-0.840102,60.676,84.727,143.390,3963.5
Vielma_9_puntos_intento_8.mp4,1517,12641.667,True,144.000,168.000,0.000,197.000,86.000,0.294444,0.455556,-0.840102,60.986,84.269,143.772,3974.5
Vielma_9_puntos_intento_8.mp4,1518,12650.000,True,144.000,168.000,0.000,197.000,86.000,0.294444,0.455556,-0.840102,60.767,84.644,143.341,3990.0
Vielma_9_puntos_intento_8.mp4,1519,12658.333,True,144.000,168.000,0.000,200.000,88.000,0.311111,0.444444,-0.840047,60.042,86.379,143.357,3996.0
Vielma_9_puntos_intento_8.mp4,1520,12666.667,True,144.000,168.000,0.000,207.000,91.000,0.350000,0.427778,-0.833370,58.439,86.888,145.689,3930.0
Vielma_9_puntos_intento_8.mp4,1521,12675.000,True,144.000,168.000,0.000,212.000,93.000,0.377778,0.416667,-0.826845,56.106,84.485,148.745,3683.5
Vielma_9_puntos_intento_8.mp4,1522,12683.333,True,144.000,168.000,0.000,212.000,93.000,0.377778,0.416667,-0.826845,55.888,84.375,150.077,3643.0
Vielma_9_puntos_intento_8.mp4,1523,12691.667,True,144.000,168.000,0.000,211.000,93.000,0.372222,0.416667,-0.829361,56.612,83.905,148.860,3680.5
Vielma_9_puntos_intento_8.mp4,1524,12700.000,True,144.000,168.000,0.000,212.000,93.000,0.377778,0.416667,-0.826845,56.641,84.204,149.316,3705.5
Vielma_9_puntos_intento_8.mp4,1525,12708.333,True,144.000,168.000,0.000,212.000,93.000,0.377778,0.416667,-0.826845,56.454,83.958,148.463,3681.5
Vielma_9_puntos_intento_8.mp4,1526,12716.667,True,144.000,168.000,0.000,212.000,93.000,0.377778,0.416667,-0.826845,56.786,84.046,148.992,3679.0
Vielma_9_puntos_intento_8.mp4,1527,12725.000,True,144.000,168.000,0.000,212.000,93.000,0.377778,0.416667,-0.826845,55.686,83.582,149.418,3591.0
Vielma_9_puntos_intento_8.mp4,1528,12733.333,True,144.000,168.000,0.000,212.000,93.000,0.377778,0.416667,-0.826845,55.814,83.394,149.072,3594.5
Vielma_9_puntos_intento_8.mp4,1529,12741.667,True,144.000,168.000,0.000,212.000,93.000,0.377778,0.416667,-0.826845,55.960,83.127,148.511,3609.0
Vielma_9_puntos_intento_8.mp4,1530,12750.000,True,144.000,168.000,0.000,212.000,94.000,0.377778,0.411111,-0.829621,56.554,83.098,148.781,3602.0
Vielma_9_puntos_intento_8.mp4,1531,12758.333,True,144.000,168.000,0.000,212.000,93.000,0.377778,0.416667,-0.826845,55.822,83.289,149.185,3599.0
Vielma_9_puntos_intento_8.mp4,1532,12766.667,True,144.000,168.000,0.000,212.000,93.000,0.377778,0.416667,-0.826845,55.818,83.318,149.154,3614.5
Vielma_9_puntos_intento_8.mp4,1533,12775.000,True,144.000,168.000,0.000,212.000,93.000,0.377778,0.416667,-0.826845,54.857,82.639,148.942,3500.0
Vielma_9_puntos_intento_8.mp4,1534,12783.333,True,144.000,168.000,0.000,212.000,93.000,0.377778,0.416667,-0.826845,54.632,82.978,148.997,3502.5
Vielma_9_puntos_intento_8.mp4,1535,12791.667,True,144.000,168.000,0.000,212.000,93.000,0.377778,0.416667,-0.826845,54.595,82.315,149.511,3496.0
Vielma_9_puntos_intento_8.mp4,1536,12800.000,True,144.000,168.000,0.000,212.000,93.000,0.377778,0.416667,-0.826845,54.657,82.275,149.234,3475.5
Vielma_9_puntos_intento_8.mp4,1537,12808.333,True,144.000,168.000,0.000,212.000,94.000,0.377778,0.411111,-0.829621,54.187,82.163,149.389,3453.0
Vielma_9_puntos_intento_8.mp4,1538,12816.667,True,144.000,168.000,0.000,212.000,93.000,0.377778,0.416667,-0.826845,54.307,82.195,150.151,3467.5
Vielma_9_puntos_intento_8.mp4,1539,12825.000,True,144.000,168.000,0.000,212.000,93.000,0.377778,0.416667,-0.826845,54.542,82.110,148.790,3469.0
Vielma_9_puntos_intento_8.mp4,1540,12833.333,True,144.000,168.000,0.000,212.000,93.000,0.377778,0.416667,-0.826845,54.859,82.493,148.948,3487.5
Vielma_9_puntos_intento_8.mp4,1541,12841.667,True,144.000,168.000,0.000,213.000,93.000,0.383333,0.416667,-0.824284,54.843,82.116,149.221,3471.0
Vielma_9_puntos_intento_8.mp4,1542,12850.000,True,144.000,168.000,0.000,212.000,93.000,0.377778,0.416667,-0.826845,53.516,81.491,148.415,3362.5
Vielma_9_puntos_intento_8.mp4,1543,12858.333,True,144.000,168.000,0.000,213.000,94.000,0.383333,0.411111,-0.827069,53.440,81.346,148.708,3366.0
Vielma_9_puntos_intento_8.mp4,1544,12866.667,True,144.000,168.000,0.000,212.000,95.000,0.377778,0.405556,-0.832351,54.313,81.496,149.604,3414.0
Vielma_9_puntos_intento_8.mp4,1545,12875.000,True,144.000,168.000,0.000,212.000,94.000,0.377778,0.411111,-0.829621,53.709,81.860,149.094,3393.0
Vielma_9_puntos_intento_8.mp4,1546,12883.333,True,144.000,168.000,0.000,213.000,94.000,0.383333,0.411111,-0.827069,54.099,81.325,149.875,3397.5
Vielma_9_puntos_intento_8.mp4,1547,12891.667,True,144.000,168.000,0.000,212.000,94.000,0.377778,0.411111,-0.829621,53.861,81.343,150.043,3384.5
Vielma_9_puntos_intento_8.mp4,1548,12900.000,True,144.000,168.000,0.000,212.000,95.000,0.377778,0.405556,-0.832351,52.763,79.759,148.543,3248.0
Vielma_9_puntos_intento_8.mp4,1549,12908.333,True,144.000,168.000,0.000,212.000,95.000,0.377778,0.405556,-0.832351,52.411,79.374,149.221,3221.0
Vielma_9_puntos_intento_8.mp4,1550,12916.667,True,144.000,168.000,0.000,213.000,95.000,0.383333,0.405556,-0.829807,52.858,79.493,149.232,3258.0
Vielma_9_puntos_intento_8.mp4,1551,12925.000,True,144.000,168.000,0.000,212.000,95.000,0.377778,0.405556,-0.832351,52.647,80.099,149.702,3270.5
Vielma_9_puntos_intento_8.mp4,1552,12933.333,True,144.000,168.000,0.000,212.000,95.000,0.377778,0.405556,-0.832351,53.148,79.731,149.550,3263.5
Vielma_9_puntos_intento_8.mp4,1553,12941.667,True,144.000,168.000,0.000,212.000,95.000,0.377778,0.405556,-0.832351,52.589,80.006,150.050,3264.0
Vielma_9_puntos_intento_8.mp4,1554,12950.000,True,144.000,168.000,0.000,212.000,95.000,0.377778,0.405556,-0.832351,53.102,79.952,148.951,3281.5
Vielma_9_puntos_intento_8.mp4,1555,12958.333,True,144.000,168.000,0.000,212.000,95.000,0.377778,0.405556,-0.832351,52.244,80.225,150.001,3249.5
Vielma_9_puntos_intento_8.mp4,1556,12966.667,True,144.000,168.000,0.000,212.000,95.000,0.377778,0.405556,-0.832351,52.644,79.805,148.635,3237.0
Vielma_9_puntos_intento_8.mp4,1557,12975.000,True,144.000,168.000,0.000,212.000,95.000,0.377778,0.405556,-0.832351,52.678,80.317,150.032,3264.5
Vielma_9_puntos_intento_8.mp4,1558,12983.333,True,144.000,168.000,0.000,212.000,94.000,0.377778,0.411111,-0.829621,52.492,80.039,149.412,3250.0
Vielma_9_puntos_intento_8.mp4,1559,12991.667,True,144.000,168.000,0.000,212.000,95.000,0.377778,0.405556,-0.832351,52.636,80.009,149.454,3240.0
Vielma_9_puntos_intento_8.mp4,1560,13000.000,True,144.000,168.000,0.000,212.000,94.000,0.377778,0.411111,-0.829621,53.183,79.581,150.201,3251.5
Vielma_9_puntos_intento_8.mp4,1561,13008.333,True,144.000,168.000,0.000,213.000,95.000,0.383333,0.405556,-0.829807,52.566,79.748,148.500,3247.0
Vielma_9_puntos_intento_8.mp4,1562,13016.667,True,144.000,168.000,0.000,212.000,95.000,0.377778,0.405556,-0.832351,52.444,79.915,149.146,3248.5
Vielma_9_puntos_intento_8.mp4,1563,13025.000,True,144.000,168.000,0.000,212.000,95.000,0.377778,0.405556,-0.832351,53.181,79.856,148.967,3254.5
Vielma_9_puntos_intento_8.mp4,1564,13033.333,True,144.000,168.000,0.000,212.000,94.000,0.377778,0.411111,-0.829621,52.485,79.856,149.671,3244.0
Vielma_9_puntos_intento_8.mp4,1565,13041.667,True,144.000,168.000,0.000,212.000,94.000,0.377778,0.411111,-0.829621,52.195,80.322,149.776,3261.5
Vielma_9_puntos_intento_8.mp4,1566,13050.000,True,144.000,168.000,0.000,212.000,94.000,0.377778,0.411111,-0.829621,52.944,79.699,149.506,3256.5
Vielma_9_puntos_intento_8.mp4,1567,13058.333,True,144.000,168.000,0.000,212.000,94.000,0.377778,0.411111,-0.829621,52.864,79.838,150.073,3254.5
Vielma_9_puntos_intento_8.mp4,1568,13066.667,True,144.000,168.000,0.000,212.000,94.000,0.377778,0.411111,-0.829621,52.465,80.334,148.870,3245.0
Vielma_9_puntos_intento_8.mp4,1569,13075.000,True,144.000,168.000,0.000,212.000,94.000,0.377778,0.411111,-0.829621,52.487,80.667,149.281,3274.5
Vielma_9_puntos_intento_8.mp4,1570,13083.333,True,144.000,168.000,0.000,212.000,94.000,0.377778,0.411111,-0.829621,52.584,80.367,149.294,3271.0
Vielma_9_puntos_intento_8.mp4,1571,13091.667,True,144.000,168.000,0.000,212.000,94.000,0.377778,0.411111,-0.829621,52.220,80.373,149.755,3251.5
Vielma_9_puntos_intento_8.mp4,1572,13100.000,True,144.000,168.000,0.000,212.000,94.000,0.377778,0.411111,-0.829621,52.795,80.007,150.396,3258.0
Vielma_9_puntos_intento_8.mp4,1573,13108.333,True,144.000,168.000,0.000,212.000,94.000,0.377778,0.411111,-0.829621,52.475,79.944,149.708,3249.5
Vielma_9_puntos_intento_8.mp4,1574,13116.667,True,144.000,168.000,0.000,213.000,95.000,0.383333,0.405556,-0.829807,52.570,80.317,149.588,3278.5
Vielma_9_puntos_intento_8.mp4,1575,13125.000,True,144.000,168.000,0.000,213.000,94.000,0.383333,0.411111,-0.827069,52.589,80.128,149.710,3266.0
Vielma_9_puntos_intento_8.mp4,1576,13133.333,True,144.000,168.000,0.000,212.000,94.000,0.377778,0.411111,-0.829621,52.065,80.625,149.300,3256.5
Vielma_9_puntos_intento_8.mp4,1577,13141.667,True,144.000,168.000,0.000,213.000,94.000,0.383333,0.411111,-0.827069,52.102,80.302,149.556,3242.5
Vielma_9_puntos_intento_8.mp4,1578,13150.000,True,144.000,168.000,0.000,212.000,94.000,0.377778,0.411111,-0.829621,52.077,80.209,149.639,3228.0
Vielma_9_puntos_intento_8.mp4,1579,13158.333,True,144.000,168.000,0.000,212.000,94.000,0.377778,0.411111,-0.829621,52.277,79.945,149.181,3241.0
Vielma_9_puntos_intento_8.mp4,1580,13166.667,True,144.000,168.000,0.000,212.000,94.000,0.377778,0.411111,-0.829621,52.537,80.657,149.064,3260.5
Vielma_9_puntos_intento_8.mp4,1581,13175.000,True,144.000,168.000,0.000,212.000,94.000,0.377778,0.411111,-0.829621,52.701,80.287,149.018,3260.5
Vielma_9_puntos_intento_8.mp4,1582,13183.333,True,144.000,168.000,0.000,212.000,94.000,0.377778,0.411111,-0.829621,52.564,80.545,149.201,3266.5
Vielma_9_puntos_intento_8.mp4,1583,13191.667,True,144.000,168.000,0.000,212.000,94.000,0.377778,0.411111,-0.829621,52.384,80.151,148.765,3245.0
Vielma_9_puntos_intento_8.mp4,1584,13200.000,True,144.000,168.000,0.000,212.000,94.000,0.377778,0.411111,-0.829621,52.314,80.397,148.411,3245.0
Vielma_9_puntos_intento_8.mp4,1585,13208.333,True,144.000,168.000,0.000,213.000,94.000,0.383333,0.411111,-0.827069,52.379,80.681,148.781,3249.0
Vielma_9_puntos_intento_8.mp4,1586,13216.667,True,144.000,168.000,0.000,213.000,95.000,0.383333,0.405556,-0.829807,52.828,79.521,149.180,3250.0
Vielma_9_puntos_intento_8.mp4,1587,13225.000,True,144.000,168.000,0.000,213.000,95.000,0.383333,0.405556,-0.829807,52.163,79.777,149.347,3246.0
Vielma_9_puntos_intento_8.mp4,1588,13233.333,True,144.000,168.000,0.000,213.000,94.000,0.383333,0.411111,-0.827069,52.364,79.491,148.829,3232.5
Vielma_9_puntos_intento_8.mp4,1589,13241.667,True,144.000,168.000,0.000,213.000,95.000,0.383333,0.405556,-0.829807,52.451,79.500,148.404,3240.0
Vielma_9_puntos_intento_8.mp4,1590,13250.000,True,144.000,168.000,0.000,213.000,95.000,0.383333,0.405556,-0.829807,52.110,79.642,148.494,3228.5
Vielma_9_puntos_intento_8.mp4,1591,13258.333,True,144.000,168.000,0.000,212.000,94.000,0.377778,0.411111,-0.829621,52.059,79.799,148.556,3232.5
Vielma_9_puntos_intento_8.mp4,1592,13266.667,True,144.000,168.000,0.000,213.000,94.000,0.383333,0.411111,-0.827069,52.491,79.549,148.775,3258.0
Vielma_9_puntos_intento_8.mp4,1593,13275.000,True,144.000,168.000,0.000,213.000,94.000,0.383333,0.411111,-0.827069,52.149,79.565,148.595,3224.5
Vielma_9_puntos_intento_8.mp4,1594,13283.333,True,144.000,168.000,0.000,212.000,94.000,0.377778,0.411111,-0.829621,52.486,79.461,148.647,3226.0
Vielma_9_puntos_intento_8.mp4,1595,13291.667,True,144.000,168.000,0.000,212.000,94.000,0.377778,0.411111,-0.829621,52.310,79.915,148.318,3222.5
Vielma_9_puntos_intento_8.mp4,1596,13300.000,True,144.000,168.000,0.000,213.000,94.000,0.383333,0.411111,-0.827069,52.603,79.383,148.933,3218.5
Vielma_9_puntos_intento_8.mp4,1597,13308.333,True,144.000,168.000,0.000,213.000,94.000,0.383333,0.411111,-0.827069,52.688,79.803,148.506,3236.5
Vielma_9_puntos_intento_8.mp4,1598,13316.667,True,144.000,168.000,0.000,212.000,94.000,0.377778,0.411111,-0.829621,52.356,79.401,149.109,3226.0
Vielma_9_puntos_intento_8.mp4,1599,13325.000,True,144.000,168.000,0.000,212.000,95.000,0.377778,0.405556,-0.832351,52.137,79.438,149.413,3205.5
Vielma_9_puntos_intento_8.mp4,1600,13333.333,True,144.000,168.000,0.000,212.000,94.000,0.377778,0.411111,-0.829621,52.642,79.701,149.176,3239.5
Vielma_9_puntos_intento_8.mp4,1601,13341.667,True,144.000,168.000,0.000,212.000,94.000,0.377778,0.411111,-0.829621,52.596,79.378,148.816,3235.0
Vielma_9_puntos_intento_8.mp4,1602,13350.000,True,144.000,168.000,0.000,211.000,94.000,0.372222,0.411111,-0.832129,53.383,78.911,150.149,3232.5
Vielma_9_puntos_intento_8.mp4,1603,13358.333,True,144.000,168.000,0.000,205.000,94.000,0.338889,0.411111,-0.846252,55.385,77.756,150.057,3333.0
Vielma_9_puntos_intento_8.mp4,1604,13366.667,True,144.000,168.000,0.000,195.000,94.000,0.283333,0.411111,-0.866435,60.739,76.689,145.354,3584.0
Vielma_9_puntos_intento_8.mp4,1605,13375.000,True,144.000,168.000,0.000,187.000,93.000,0.238889,0.416667,-0.877109,63.278,77.091,142.993,3731.0
Vielma_9_puntos_intento_8.mp4,1606,13383.333,True,144.000,168.000,0.000,183.000,94.000,0.216667,0.411111,-0.885462,63.916,78.235,137.643,3816.0
Vielma_9_puntos_intento_8.mp4,1607,13391.667,True,144.000,168.000,0.000,184.000,93.000,0.222222,0.416667,-0.881480,63.418,79.034,138.487,3829.0
Vielma_9_puntos_intento_8.mp4,1608,13400.000,True,144.000,168.000,0.000,185.000,93.000,0.227778,0.416667,-0.880060,62.677,77.785,142.689,3753.5
Vielma_9_puntos_intento_8.mp4,1609,13408.333,True,144.000,168.000,0.000,183.000,93.000,0.216667,0.416667,-0.882862,63.064,78.788,137.847,3765.5
Vielma_9_puntos_intento_8.mp4,1610,13416.667,True,144.000,168.000,0.000,183.000,93.000,0.216667,0.416667,-0.882862,62.504,80.914,140.433,3806.5
Vielma_9_puntos_intento_8.mp4,1611,13425.000,True,144.000,168.000,0.000,183.000,93.000,0.216667,0.416667,-0.882862,63.189,80.076,138.695,3800.5
Vielma_9_puntos_intento_8.mp4,1612,13433.333,True,144.000,168.000,0.000,184.000,93.000,0.222222,0.416667,-0.881480,62.926,79.356,139.211,3797.5
Vielma_9_puntos_intento_8.mp4,1613,13441.667,True,144.000,168.000,0.000,184.000,94.000,0.222222,0.411111,-0.884084,63.052,78.638,138.613,3770.5
Vielma_9_puntos_intento_8.mp4,1614,13450.000,True,144.000,168.000,0.000,184.000,93.000,0.222222,0.416667,-0.881480,63.060,79.251,138.538,3799.0
Vielma_9_puntos_intento_8.mp4,1615,13458.333,True,144.000,168.000,0.000,184.000,93.000,0.222222,0.416667,-0.881480,62.935,79.422,138.009,3802.5
Vielma_9_puntos_intento_8.mp4,1616,13466.667,True,144.000,168.000,0.000,184.000,93.000,0.222222,0.416667,-0.881480,62.812,79.302,138.481,3800.5
Vielma_9_puntos_intento_8.mp4,1617,13475.000,True,144.000,168.000,0.000,184.000,93.000,0.222222,0.416667,-0.881480,62.853,79.296,138.472,3794.0
Vielma_9_puntos_intento_8.mp4,1618,13483.333,True,144.000,168.000,0.000,184.000,93.000,0.222222,0.416667,-0.881480,62.720,79.422,138.611,3784.0
Vielma_9_puntos_intento_8.mp4,1619,13491.667,True,144.000,168.000,0.000,184.000,93.000,0.222222,0.416667,-0.881480,63.251,79.149,139.433,3794.5
Vielma_9_puntos_intento_8.mp4,1620,13500.000,True,144.000,168.000,0.000,184.000,93.000,0.222222,0.416667,-0.881480,63.068,79.532,139.476,3806.5
Vielma_9_puntos_intento_8.mp4,1621,13508.333,True,144.000,168.000,0.000,184.000,93.000,0.222222,0.416667,-0.881480,63.390,79.691,139.930,3810.0
Vielma_9_puntos_intento_8.mp4,1622,13516.667,True,144.000,168.000,0.000,184.000,93.000,0.222222,0.416667,-0.881480,63.171,79.482,139.741,3825.0
Vielma_9_puntos_intento_8.mp4,1623,13525.000,True,144.000,168.000,0.000,184.000,92.000,0.222222,0.422222,-0.878832,62.880,79.936,139.422,3802.5
Vielma_9_puntos_intento_8.mp4,1624,13533.333,True,144.000,168.000,0.000,184.000,92.000,0.222222,0.422222,-0.878832,63.319,80.521,139.534,3824.5
Vielma_9_puntos_intento_8.mp4,1625,13541.667,True,144.000,168.000,0.000,184.000,93.000,0.222222,0.416667,-0.881480,63.399,79.726,139.535,3792.0
Vielma_9_puntos_intento_8.mp4,1626,13550.000,True,144.000,168.000,0.000,184.000,92.000,0.222222,0.422222,-0.878832,63.558,79.612,139.545,3810.5
Vielma_9_puntos_intento_8.mp4,1627,13558.333,True,144.000,168.000,0.000,184.000,92.000,0.222222,0.422222,-0.878832,62.866,80.080,140.023,3809.0
Vielma_9_puntos_intento_8.mp4,1628,13566.667,True,144.000,168.000,0.000,188.000,93.000,0.244444,0.416667,-0.875577,62.544,80.595,139.767,3819.5
Vielma_9_puntos_intento_8.mp4,1629,13575.000,True,144.000,168.000,0.000,195.000,94.000,0.283333,0.411111,-0.866435,59.359,80.778,141.327,3671.0
Vielma_9_puntos_intento_8.mp4,1630,13583.333,True,144.000,168.000,0.000,203.000,95.000,0.327778,0.405556,-0.853280,56.294,80.676,145.725,3505.5
Vielma_9_puntos_intento_8.mp4,1631,13591.667,True,144.000,168.000,0.000,208.000,95.000,0.355556,0.405556,-0.842084,53.835,80.203,147.629,3331.0
Vielma_9_puntos_intento_8.mp4,1632,13600.000,True,144.000,168.000,0.000,209.000,95.000,0.361111,0.405556,-0.839716,53.559,79.831,147.924,3294.0
Vielma_9_puntos_intento_8.mp4,1633,13608.333,True,144.000,168.000,0.000,208.000,95.000,0.355556,0.405556,-0.842084,54.494,79.634,146.804,3348.0
Vielma_9_puntos_intento_8.mp4,1634,13616.667,True,144.000,168.000,0.000,209.000,95.000,0.361111,0.405556,-0.839716,54.957,79.411,147.323,3364.5
Vielma_9_puntos_intento_8.mp4,1635,13625.000,True,144.000,168.000,0.000,209.000,95.000,0.361111,0.405556,-0.839716,54.495,79.425,148.442,3344.5
Vielma_9_puntos_intento_8.mp4,1636,13633.333,True,144.000,168.000,0.000,209.000,95.000,0.361111,0.405556,-0.839716,53.774,80.020,148.663,3327.5
Vielma_9_puntos_intento_8.mp4,1637,13641.667,True,144.000,168.000,0.000,209.000,95.000,0.361111,0.405556,-0.839716,54.020,79.083,147.836,3315.5
Vielma_9_puntos_intento_8.mp4,1638,13650.000,True,144.000,168.000,0.000,209.000,95.000,0.361111,0.405556,-0.839716,54.006,79.575,148.514,3319.0
Vielma_9_puntos_intento_8.mp4,1639,13658.333,True,144.000,168.000,0.000,209.000,95.000,0.361111,0.405556,-0.839716,54.017,80.263,148.478,3332.0
Vielma_9_puntos_intento_8.mp4,1640,13666.667,True,144.000,168.000,0.000,209.000,95.000,0.361111,0.405556,-0.839716,54.385,80.289,148.110,3355.0
Vielma_9_puntos_intento_8.mp4,1641,13675.000,True,144.000,168.000,0.000,209.000,95.000,0.361111,0.405556,-0.839716,54.511,79.859,147.924,3346.5
Vielma_9_puntos_intento_8.mp4,1642,13683.333,True,144.000,168.000,0.000,209.000,95.000,0.361111,0.405556,-0.839716,54.229,80.818,147.533,3363.5
Vielma_9_puntos_intento_8.mp4,1643,13691.667,True,144.000,168.000,0.000,209.000,95.000,0.361111,0.405556,-0.839716,54.446,80.481,148.087,3373.0
Vielma_9_puntos_intento_8.mp4,1644,13700.000,True,144.000,168.000,0.000,210.000,95.000,0.366667,0.405556,-0.837305,54.819,80.061,148.479,3386.5
Vielma_9_puntos_intento_8.mp4,1645,13708.333,True,144.000,168.000,0.000,209.000,95.000,0.361111,0.405556,-0.839716,54.384,80.216,148.391,3366.0
Vielma_9_puntos_intento_8.mp4,1646,13716.667,True,144.000,168.000,0.000,210.000,95.000,0.366667,0.405556,-0.837305,54.467,80.326,149.070,3387.0
Vielma_9_puntos_intento_8.mp4,1647,13725.000,True,144.000,168.000,0.000,209.000,95.000,0.361111,0.405556,-0.839716,54.128,80.655,148.786,3373.0
Vielma_9_puntos_intento_8.mp4,1648,13733.333,True,144.000,168.000,0.000,210.000,95.000,0.366667,0.405556,-0.837305,54.096,80.662,148.610,3393.0
Vielma_9_puntos_intento_8.mp4,1649,13741.667,True,144.000,168.000,0.000,210.000,95.000,0.366667,0.405556,-0.837305,54.563,80.446,147.996,3397.5
Vielma_9_puntos_intento_8.mp4,1650,13750.000,True,144.000,168.000,0.000,210.000,95.000,0.366667,0.405556,-0.837305,54.243,81.056,147.936,3411.5
Vielma_9_puntos_intento_8.mp4,1651,13758.333,True,144.000,168.000,0.000,210.000,95.000,0.366667,0.405556,-0.837305,54.197,81.205,148.811,3393.0
Vielma_9_puntos_intento_8.mp4,1652,13766.667,True,144.000,168.000,0.000,210.000,95.000,0.366667,0.405556,-0.837305,54.840,80.855,148.487,3414.5
Vielma_9_puntos_intento_8.mp4,1653,13775.000,True,144.000,168.000,0.000,210.000,95.000,0.366667,0.405556,-0.837305,54.398,80.859,147.826,3413.5
Vielma_9_puntos_intento_8.mp4,1654,13783.333,True,144.000,168.000,0.000,210.000,95.000,0.366667,0.405556,-0.837305,54.429,80.903,148.172,3423.5
Vielma_9_puntos_intento_8.mp4,1655,13791.667,True,144.000,168.000,0.000,210.000,95.000,0.366667,0.405556,-0.837305,54.890,80.653,147.857,3418.5
Vielma_9_puntos_intento_8.mp4,1656,13800.000,True,144.000,168.000,0.000,210.000,95.000,0.366667,0.405556,-0.837305,54.523,80.954,148.850,3416.5
Vielma_9_puntos_intento_8.mp4,1657,13808.333,True,144.000,168.000,0.000,210.000,95.000,0.366667,0.405556,-0.837305,54.821,80.306,147.840,3401.0
Vielma_9_puntos_intento_8.mp4,1658,13816.667,True,144.000,168.000,0.000,210.000,95.000,0.366667,0.405556,-0.837305,54.086,81.034,147.693,3391.5
Vielma_9_puntos_intento_8.mp4,1659,13825.000,True,144.000,168.000,0.000,210.000,95.000,0.366667,0.405556,-0.837305,54.875,80.837,147.702,3433.5
Vielma_9_puntos_intento_8.mp4,1660,13833.333,True,144.000,168.000,0.000,210.000,95.000,0.366667,0.405556,-0.837305,54.773,80.948,148.581,3422.5
Vielma_9_puntos_intento_8.mp4,1661,13841.667,True,144.000,168.000,0.000,210.000,94.000,0.366667,0.411111,-0.834592,54.527,81.836,147.183,3414.5
Vielma_9_puntos_intento_8.mp4,1662,13850.000,True,144.000,168.000,0.000,210.000,94.000,0.366667,0.411111,-0.834592,54.920,81.606,146.985,3445.0
Vielma_9_puntos_intento_8.mp4,1663,13858.333,True,144.000,168.000,0.000,210.000,95.000,0.366667,0.405556,-0.837305,54.785,81.229,146.471,3445.0
Vielma_9_puntos_intento_8.mp4,1664,13866.667,True,144.000,168.000,0.000,210.000,95.000,0.366667,0.405556,-0.837305,54.660,81.449,146.486,3439.5
Vielma_9_puntos_intento_8.mp4,1665,13875.000,True,144.000,168.000,0.000,210.000,94.000,0.366667,0.411111,-0.834592,54.928,81.907,147.933,3484.0
Vielma_9_puntos_intento_8.mp4,1666,13883.333,True,144.000,168.000,0.000,210.000,95.000,0.366667,0.405556,-0.837305,54.876,81.162,147.925,3476.5
Vielma_9_puntos_intento_8.mp4,1667,13891.667,True,144.000,168.000,0.000,209.000,95.000,0.361111,0.405556,-0.839716,55.065,81.338,148.589,3476.5
Vielma_9_puntos_intento_8.mp4,1668,13900.000,True,144.000,167.000,0.000,204.000,95.000,0.333333,0.400000,-0.853750,57.090,80.267,149.823,3560.0
Vielma_9_puntos_intento_8.mp4,1669,13908.333,True,144.000,167.000,0.000,192.000,93.000,0.266667,0.411111,-0.871709,61.859,78.849,144.098,3736.0
Vielma_9_puntos_intento_8.mp4,1670,13916.667,True,144.000,167.000,0.000,181.000,91.000,0.205556,0.422222,-0.882879,65.842,78.372,135.819,3903.5
Vielma_9_puntos_intento_8.mp4,1671,13925.000,True,144.000,167.000,0.000,174.000,91.000,0.166667,0.422222,-0.891039,67.186,80.100,128.644,4047.0
Vielma_9_puntos_intento_8.mp4,1672,13933.333,True,144.000,167.000,0.000,176.000,91.000,0.177778,0.422222,-0.888889,66.528,81.351,130.485,4050.0
Vielma_9_puntos_intento_8.mp4,1673,13941.667,True,144.000,167.000,0.000,177.000,91.000,0.183333,0.422222,-0.887760,65.541,80.277,135.967,3940.0
Vielma_9_puntos_intento_8.mp4,1674,13950.000,True,144.000,167.000,0.000,175.000,91.000,0.172222,0.422222,-0.889982,66.175,80.517,133.607,3960.0
Vielma_9_puntos_intento_8.mp4,1675,13958.333,True,144.000,167.000,0.000,175.000,91.000,0.172222,0.422222,-0.889982,65.946,80.487,130.216,3956.0
Vielma_9_puntos_intento_8.mp4,1676,13966.667,True,144.000,167.000,0.000,175.000,91.000,0.172222,0.422222,-0.889982,66.464,80.829,131.640,4000.5
Vielma_9_puntos_intento_8.mp4,1677,13975.000,True,144.000,167.000,0.000,175.000,91.000,0.172222,0.422222,-0.889982,66.063,81.111,132.770,3983.5
Vielma_9_puntos_intento_8.mp4,1678,13983.333,True,144.000,167.000,0.000,176.000,91.000,0.177778,0.422222,-0.888889,66.217,80.923,133.300,4013.0
Vielma_9_puntos_intento_8.mp4,1679,13991.667,True,144.000,167.000,0.000,176.000,91.000,0.177778,0.422222,-0.888889,66.709,79.909,132.036,3989.5
Vielma_9_puntos_intento_8.mp4,1680,14000.000,True,144.000,167.000,0.000,176.000,91.000,0.177778,0.422222,-0.888889,66.400,79.714,132.466,3978.5
Vielma_9_puntos_intento_8.mp4,1681,14008.333,True,144.000,167.000,0.000,176.000,91.000,0.177778,0.422222,-0.888889,65.558,80.968,133.181,4001.5
Vielma_9_puntos_intento_8.mp4,1682,14016.667,True,144.000,167.000,0.000,176.000,91.000,0.177778,0.422222,-0.888889,66.137,80.905,134.091,4011.0
Vielma_9_puntos_intento_8.mp4,1683,14025.000,True,144.000,167.000,0.000,176.000,91.000,0.177778,0.422222,-0.888889,65.894,80.787,136.153,4026.0
Vielma_9_puntos_intento_8.mp4,1684,14033.333,True,144.000,167.000,0.000,176.000,91.000,0.177778,0.422222,-0.888889,66.646,80.570,135.377,4038.0
Vielma_9_puntos_intento_8.mp4,1685,14041.667,True,144.000,167.000,0.000,176.000,91.000,0.177778,0.422222,-0.888889,66.079,81.522,135.150,4032.5
Vielma_9_puntos_intento_8.mp4,1686,14050.000,True,144.000,167.000,0.000,176.000,91.000,0.177778,0.422222,-0.888889,66.429,80.370,134.330,4036.0
Vielma_9_puntos_intento_8.mp4,1687,14058.333,True,144.000,167.000,0.000,176.000,91.000,0.177778,0.422222,-0.888889,65.740,81.545,134.472,4022.5
Vielma_9_puntos_intento_8.mp4,1688,14066.667,True,144.000,167.000,0.000,176.000,90.000,0.177778,0.427778,-0.886229,65.776,81.371,134.590,4013.0
Vielma_9_puntos_intento_8.mp4,1689,14075.000,True,144.000,167.000,0.000,176.000,91.000,0.177778,0.422222,-0.888889,66.863,80.672,133.286,4009.5
Vielma_9_puntos_intento_8.mp4,1690,14083.333,True,144.000,167.000,0.000,176.000,91.000,0.177778,0.422222,-0.888889,67.065,79.677,131.494,4023.0
Vielma_9_puntos_intento_8.mp4,1691,14091.667,True,144.000,167.000,0.000,176.000,90.000,0.177778,0.427778,-0.886229,66.320,80.763,135.930,4009.0
Vielma_9_puntos_intento_8.mp4,1692,14100.000,True,144.000,167.000,0.000,176.000,91.000,0.177778,0.422222,-0.888889,66.584,80.405,132.776,4026.0
Vielma_9_puntos_intento_8.mp4,1693,14108.333,True,144.000,167.000,0.000,176.000,91.000,0.177778,0.422222,-0.888889,66.668,81.186,133.315,4049.5
Vielma_9_puntos_intento_8.mp4,1694,14116.667,True,144.000,167.000,0.000,176.000,90.000,0.177778,0.427778,-0.886229,66.350,81.944,134.435,4056.0
Vielma_9_puntos_intento_8.mp4,1695,14125.000,True,144.000,167.000,0.000,176.000,90.000,0.177778,0.427778,-0.886229,66.150,81.518,133.206,4037.0
Vielma_9_puntos_intento_8.mp4,1696,14133.333,True,144.000,167.000,0.000,176.000,91.000,0.177778,0.422222,-0.888889,66.831,81.048,134.013,4065.5
Vielma_9_puntos_intento_8.mp4,1697,14141.667,True,144.000,167.000,0.000,176.000,91.000,0.177778,0.422222,-0.888889,66.204,81.024,133.055,4041.0
Vielma_9_puntos_intento_8.mp4,1698,14150.000,True,144.000,167.000,0.000,176.000,90.000,0.177778,0.427778,-0.886229,66.243,81.698,134.737,4056.5
Vielma_9_puntos_intento_8.mp4,1699,14158.333,True,144.000,167.000,0.000,176.000,91.000,0.177778,0.422222,-0.888889,67.425,80.461,133.669,4060.0
Vielma_9_puntos_intento_8.mp4,1700,14166.667,True,144.000,167.000,0.000,176.000,91.000,0.177778,0.422222,-0.888889,67.017,80.885,133.326,4073.5
Vielma_9_puntos_intento_8.mp4,1701,14175.000,True,144.000,167.000,0.000,176.000,90.000,0.177778,0.427778,-0.886229,66.663,81.954,133.357,4059.0
Vielma_9_puntos_intento_8.mp4,1702,14183.333,True,144.000,167.000,0.000,177.000,91.000,0.183333,0.422222,-0.887760,66.748,80.891,131.274,4044.5
Vielma_9_puntos_intento_8.mp4,1703,14191.667,True,144.000,167.000,0.000,176.000,91.000,0.177778,0.422222,-0.888889,66.843,81.443,132.748,4040.5
Vielma_9_puntos_intento_8.mp4,1704,14200.000,True,144.000,167.000,0.000,177.000,91.000,0.183333,0.422222,-0.887760,67.273,80.788,132.087,4069.0
Vielma_9_puntos_intento_8.mp4,1705,14208.333,True,144.000,167.000,0.000,176.000,90.000,0.177778,0.427778,-0.886229,66.956,82.308,134.974,4058.5
Vielma_9_puntos_intento_8.mp4,1706,14216.667,True,144.000,167.000,0.000,177.000,91.000,0.183333,0.422222,-0.887760,66.872,81.479,132.754,4099.5
Vielma_9_puntos_intento_8.mp4,1707,14225.000,True,144.000,167.000,0.000,177.000,91.000,0.183333,0.422222,-0.887760,66.300,81.976,134.233,4066.5
Vielma_9_puntos_intento_8.mp4,1708,14233.333,True,144.000,167.000,0.000,184.000,92.000,0.222222,0.416667,-0.881480,64.743,82.820,137.145,4066.0
Vielma_9_puntos_intento_8.mp4,1709,14241.667,True,144.000,167.000,0.000,194.000,93.000,0.277778,0.411111,-0.868232,61.233,82.900,142.743,3883.5
Vielma_9_puntos_intento_8.mp4,1710,14250.000,True,144.000,167.000,0.000,201.000,94.000,0.316667,0.405556,-0.857465,57.597,83.561,145.225,3712.5
Vielma_9_puntos_intento_8.mp4,1711,14258.333,True,144.000,167.000,0.000,207.000,95.000,0.350000,0.400000,-0.847054,55.134,83.348,146.900,3543.0
Vielma_9_puntos_intento_8.mp4,1712,14266.667,True,144.000,167.000,0.000,208.000,95.000,0.355556,0.400000,-0.844737,55.084,82.122,147.738,3486.0
Vielma_9_puntos_intento_8.mp4,1713,14275.000,True,144.000,167.000,0.000,207.000,95.000,0.350000,0.400000,-0.847054,55.465,82.776,146.803,3540.0
Vielma_9_puntos_intento_8.mp4,1714,14283.333,True,144.000,167.000,0.000,208.000,95.000,0.355556,0.400000,-0.844737,56.083,82.782,147.226,3572.5
Vielma_9_puntos_intento_8.mp4,1715,14291.667,True,144.000,167.000,0.000,209.000,95.000,0.361111,0.400000,-0.842377,55.594,82.990,147.866,3548.0
Vielma_9_puntos_intento_8.mp4,1716,14300.000,True,144.000,167.000,0.000,209.000,95.000,0.361111,0.400000,-0.842377,55.336,82.812,147.986,3538.5
Vielma_9_puntos_intento_8.mp4,1717,14308.333,True,144.000,167.000,0.000,209.000,95.000,0.361111,0.400000,-0.842377,55.382,82.199,148.610,3504.0
Vielma_9_puntos_intento_8.mp4,1718,14316.667,True,144.000,167.000,0.000,209.000,95.000,0.361111,0.400000,-0.842377,55.472,82.329,147.508,3530.0
Vielma_9_puntos_intento_8.mp4,1719,14325.000,True,144.000,167.000,0.000,209.000,95.000,0.361111,0.400000,-0.842377,55.941,82.722,147.843,3552.5
Vielma_9_puntos_intento_8.mp4,1720,14333.333,True,144.000,167.000,0.000,209.000,95.000,0.361111,0.400000,-0.842377,55.831,83.228,147.660,3579.5
Vielma_9_puntos_intento_8.mp4,1721,14341.667,True,144.000,167.000,0.000,209.000,95.000,0.361111,0.400000,-0.842377,55.612,83.246,147.603,3572.0
Vielma_9_puntos_intento_8.mp4,1722,14350.000,True,144.000,167.000,0.000,209.000,95.000,0.361111,0.400000,-0.842377,55.480,84.183,147.551,3585.0
Vielma_9_puntos_intento_8.mp4,1723,14358.333,True,144.000,167.000,0.000,209.000,95.000,0.361111,0.400000,-0.842377,55.237,83.189,148.201,3574.5
Vielma_9_puntos_intento_8.mp4,1724,14366.667,True,144.000,167.000,0.000,209.000,95.000,0.361111,0.400000,-0.842377,55.631,83.610,148.145,3594.0
Vielma_9_puntos_intento_8.mp4,1725,14375.000,True,144.000,167.000,0.000,209.000,95.000,0.361111,0.400000,-0.842377,55.653,83.407,147.882,3591.0
Vielma_9_puntos_intento_8.mp4,1726,14383.333,True,144.000,167.000,0.000,209.000,94.000,0.361111,0.405556,-0.839716,55.606,83.993,148.185,3596.0
Vielma_9_puntos_intento_8.mp4,1727,14391.667,True,144.000,167.000,0.000,209.000,94.000,0.361111,0.405556,-0.839716,55.691,83.943,148.072,3608.5
Vielma_9_puntos_intento_8.mp4,1728,14400.000,True,144.000,167.000,0.000,209.000,94.000,0.361111,0.405556,-0.839716,55.688,83.906,148.111,3614.5
Vielma_9_puntos_intento_8.mp4,1729,14408.333,True,144.000,167.000,0.000,209.000,95.000,0.361111,0.400000,-0.842377,56.084,83.708,148.085,3609.5
Vielma_9_puntos_intento_8.mp4,1730,14416.667,True,144.000,167.000,0.000,209.000,94.000,0.361111,0.405556,-0.839716,56.007,84.394,147.940,3634.0
Vielma_9_puntos_intento_8.mp4,1731,14425.000,True,144.000,167.000,0.000,209.000,94.000,0.361111,0.405556,-0.839716,56.363,84.040,147.900,3658.5
Vielma_9_puntos_intento_8.mp4,1732,14433.333,True,144.000,167.000,0.000,209.000,94.000,0.361111,0.405556,-0.839716,56.356,84.405,148.031,3663.5
Vielma_9_puntos_intento_8.mp4,1733,14441.667,True,144.000,167.000,0.000,209.000,94.000,0.361111,0.405556,-0.839716,55.997,83.761,147.884,3640.0
Vielma_9_puntos_intento_8.mp4,1734,14450.000,True,144.000,167.000,0.000,209.000,94.000,0.361111,0.405556,-0.839716,56.623,84.296,147.638,3689.0
Vielma_9_puntos_intento_8.mp4,1735,14458.333,True,144.000,167.000,0.000,209.000,94.000,0.361111,0.405556,-0.839716,56.481,84.356,146.856,3682.0
Vielma_9_puntos_intento_8.mp4,1736,14466.667,True,144.000,167.000,0.000,209.000,94.000,0.361111,0.405556,-0.839716,56.453,84.637,147.918,3689.0
Vielma_9_puntos_intento_8.mp4,1737,14475.000,True,144.000,167.000,0.000,206.000,94.000,0.344444,0.405556,-0.846689,57.697,83.751,149.573,3739.5
Vielma_9_puntos_intento_8.mp4,1738,14483.333,True,144.000,167.000,0.000,195.000,94.000,0.283333,0.405556,-0.869049,62.168,82.271,146.690,3913.5
Vielma_9_puntos_intento_8.mp4,1739,14491.667,True,144.000,167.000,0.000,183.000,92.000,0.216667,0.416667,-0.882862,67.175,82.367,139.641,4163.5
Vielma_9_puntos_intento_8.mp4,1740,14500.000,True,144.000,167.000,0.000,174.000,93.000,0.166667,0.411111,-0.896220,70.272,81.733,134.907,4321.0
Vielma_9_puntos_intento_8.mp4,1741,14508.333,True,144.000,167.000,0.000,171.000,93.000,0.150000,0.411111,-0.899159,70.801,84.138,128.597,4410.5
Vielma_9_puntos_intento_8.mp4,1742,14516.667,True,144.000,167.000,0.000,173.000,92.000,0.161111,0.416667,-0.894669,69.964,84.528,133.251,4430.5
Vielma_9_puntos_intento_8.mp4,1743,14525.000,True,144.000,167.000,0.000,173.000,92.000,0.161111,0.416667,-0.894669,69.473,84.825,137.643,4355.5
Vielma_9_puntos_intento_8.mp4,1744,14533.333,True,144.000,167.000,0.000,171.000,92.000,0.150000,0.416667,-0.896599,70.217,83.632,132.337,4387.0
Vielma_9_puntos_intento_8.mp4,1745,14541.667,True,144.000,167.000,0.000,172.000,93.000,0.155556,0.411111,-0.898215,70.137,83.758,131.076,4400.0
Vielma_9_puntos_intento_8.mp4,1746,14550.000,True,144.000,167.000,0.000,172.000,93.000,0.155556,0.411111,-0.898215,69.830,84.228,130.397,4393.5
Vielma_9_puntos_intento_8.mp4,1747,14558.333,True,144.000,167.000,0.000,172.000,93.000,0.155556,0.411111,-0.898215,70.217,83.494,130.078,4391.0
Vielma_9_puntos_intento_8.mp4,1748,14566.667,True,144.000,167.000,0.000,172.000,93.000,0.155556,0.411111,-0.898215,70.192,83.032,130.091,4386.5
Vielma_9_puntos_intento_8.mp4,1749,14575.000,True,144.000,167.000,0.000,172.000,92.000,0.155556,0.416667,-0.895651,70.377,84.513,130.859,4428.0
Vielma_9_puntos_intento_8.mp4,1750,14583.333,True,144.000,167.000,0.000,172.000,92.000,0.155556,0.416667,-0.895651,71.242,84.147,132.753,4432.5
Vielma_9_puntos_intento_8.mp4,1751,14591.667,True,144.000,167.000,0.000,172.000,92.000,0.155556,0.416667,-0.895651,70.343,84.806,133.211,4442.5
Vielma_9_puntos_intento_8.mp4,1752,14600.000,True,144.000,167.000,0.000,172.000,92.000,0.155556,0.416667,-0.895651,70.235,85.215,133.874,4462.0
Vielma_9_puntos_intento_8.mp4,1753,14608.333,True,144.000,167.000,0.000,172.000,92.000,0.155556,0.416667,-0.895651,70.263,84.236,130.667,4431.5
Vielma_9_puntos_intento_8.mp4,1754,14616.667,True,144.000,167.000,0.000,172.000,92.000,0.155556,0.416667,-0.895651,70.774,84.113,132.451,4449.5
Vielma_9_puntos_intento_8.mp4,1755,14625.000,True,144.000,167.000,0.000,172.000,92.000,0.155556,0.416667,-0.895651,69.902,84.662,131.735,4442.0
Vielma_9_puntos_intento_8.mp4,1756,14633.333,True,144.000,167.000,0.000,172.000,92.000,0.155556,0.416667,-0.895651,70.364,84.950,134.248,4444.0
Vielma_9_puntos_intento_8.mp4,1757,14641.667,True,144.000,167.000,0.000,172.000,92.000,0.155556,0.416667,-0.895651,70.208,84.887,134.232,4430.5
Vielma_9_puntos_intento_8.mp4,1758,14650.000,True,144.000,167.000,0.000,172.000,92.000,0.155556,0.416667,-0.895651,70.275,84.809,135.157,4436.0
Vielma_9_puntos_intento_8.mp4,1759,14658.333,True,144.000,167.000,0.000,172.000,92.000,0.155556,0.416667,-0.895651,70.509,84.641,135.832,4441.5
Vielma_9_puntos_intento_8.mp4,1760,14666.667,True,144.000,167.000,0.000,172.000,92.000,0.155556,0.416667,-0.895651,70.694,85.141,136.286,4459.0
Vielma_9_puntos_intento_8.mp4,1761,14675.000,True,144.000,167.000,0.000,172.000,92.000,0.155556,0.416667,-0.895651,70.670,84.637,135.171,4437.0
Vielma_9_puntos_intento_8.mp4,1762,14683.333,True,144.000,167.000,0.000,172.000,92.000,0.155556,0.416667,-0.895651,70.332,84.074,131.893,4450.5
Vielma_9_puntos_intento_8.mp4,1763,14691.667,True,144.000,167.000,0.000,172.000,92.000,0.155556,0.416667,-0.895651,70.269,85.006,131.802,4454.5
Vielma_9_puntos_intento_8.mp4,1764,14700.000,True,144.000,167.000,0.000,172.000,92.000,0.155556,0.416667,-0.895651,70.191,84.923,131.117,4437.5
Vielma_9_puntos_intento_8.mp4,1765,14708.333,True,144.000,167.000,0.000,172.000,91.000,0.155556,0.422222,-0.893046,70.170,85.812,133.577,4455.0
Vielma_9_puntos_intento_8.mp4,1766,14716.667,True,144.000,167.000,0.000,172.000,92.000,0.155556,0.416667,-0.895651,71.112,84.773,130.517,4470.5
Vielma_9_puntos_intento_8.mp4,1767,14725.000,True,144.000,167.000,0.000,172.000,92.000,0.155556,0.416667,-0.895651,71.114,85.281,131.340,4481.0
Vielma_9_puntos_intento_8.mp4,1768,14733.333,True,144.000,167.000,0.000,171.000,92.000,0.150000,0.416667,-0.896599,71.218,85.303,135.587,4472.5
Vielma_9_puntos_intento_8.mp4,1769,14741.667,True,144.000,167.000,0.000,165.000,93.000,0.116667,0.411111,-0.904089,72.870,82.941,128.741,4482.0
Vielma_9_puntos_intento_8.mp4,1770,14750.000,True,144.000,167.000,0.000,160.000,94.000,0.088889,0.405556,-0.909738,72.305,84.527,119.168,4533.5
Vielma_9_puntos_intento_8.mp4,1771,14758.333,True,144.000,167.000,0.000,160.000,94.000,0.088889,0.405556,-0.909738,72.537,84.496,121.297,4593.0
Vielma_9_puntos_intento_8.mp4,1772,14766.667,True,144.000,167.000,0.000,161.000,93.000,0.094444,0.411111,-0.906680,73.214,84.731,124.924,4623.5
Vielma_9_puntos_intento_8.mp4,1773,14775.000,True,144.000,167.000,0.000,161.000,94.000,0.094444,0.405556,-0.909178,72.194,83.461,123.858,4551.5
Vielma_9_puntos_intento_8.mp4,1774,14783.333,True,144.000,167.000,0.000,160.000,94.000,0.088889,0.405556,-0.909738,72.120,84.870,125.392,4562.0
Vielma_9_puntos_intento_8.mp4,1775,14791.667,True,144.000,167.000,0.000,160.000,94.000,0.088889,0.405556,-0.909738,72.109,84.710,122.207,4566.0
Vielma_9_puntos_intento_8.mp4,1776,14800.000,True,144.000,167.000,0.000,160.000,94.000,0.088889,0.405556,-0.909738,72.732,84.464,122.116,4582.5
Vielma_9_puntos_intento_8.mp4,1777,14808.333,True,144.000,167.000,0.000,160.000,94.000,0.088889,0.405556,-0.909738,72.904,84.490,129.860,4539.5
Vielma_9_puntos_intento_8.mp4,1778,14816.667,True,144.000,167.000,0.000,160.000,94.000,0.088889,0.405556,-0.909738,73.133,84.850,129.660,4568.5
Vielma_9_puntos_intento_8.mp4,1779,14825.000,True,144.000,167.000,0.000,160.000,94.000,0.088889,0.405556,-0.909738,72.889,85.542,129.799,4591.0
Vielma_9_puntos_intento_8.mp4,1780,14833.333,True,144.000,167.000,0.000,160.000,94.000,0.088889,0.405556,-0.909738,73.500,84.788,126.421,4612.0
Vielma_9_puntos_intento_8.mp4,1781,14841.667,True,144.000,167.000,0.000,160.000,94.000,0.088889,0.405556,-0.909738,72.979,84.724,126.965,4592.5
Vielma_9_puntos_intento_8.mp4,1782,14850.000,True,144.000,167.000,0.000,161.000,94.000,0.094444,0.405556,-0.909178,73.233,84.503,124.716,4584.0
Vielma_9_puntos_intento_8.mp4,1783,14858.333,True,144.000,167.000,0.000,160.000,94.000,0.088889,0.405556,-0.909738,72.690,85.132,128.298,4563.0
Vielma_9_puntos_intento_8.mp4,1784,14866.667,True,144.000,167.000,0.000,161.000,94.000,0.094444,0.405556,-0.909178,72.715,84.940,124.296,4618.5
Vielma_9_puntos_intento_8.mp4,1785,14875.000,True,144.000,167.000,0.000,161.000,94.000,0.094444,0.405556,-0.909178,72.647,84.761,122.610,4607.0
Vielma_9_puntos_intento_8.mp4,1786,14883.333,True,144.000,167.000,0.000,161.000,94.000,0.094444,0.405556,-0.909178,73.444,84.281,127.510,4607.5
Vielma_9_puntos_intento_8.mp4,1787,14891.667,True,144.000,167.000,0.000,161.000,95.000,0.094444,0.400000,-0.911636,73.059,84.017,123.960,4606.5
Vielma_9_puntos_intento_8.mp4,1788,14900.000,True,144.000,167.000,0.000,161.000,94.000,0.094444,0.405556,-0.909178,72.752,84.970,122.383,4612.0
Vielma_9_puntos_intento_8.mp4,1789,14908.333,True,144.000,167.000,0.000,161.000,94.000,0.094444,0.405556,-0.909178,73.772,85.133,128.997,4622.5
Vielma_9_puntos_intento_8.mp4,1790,14916.667,True,144.000,167.000,0.000,161.000,94.000,0.094444,0.405556,-0.909178,73.409,85.173,124.691,4636.5
Vielma_9_puntos_intento_8.mp4,1791,14925.000,True,144.000,167.000,0.000,161.000,94.000,0.094444,0.405556,-0.909178,73.467,84.859,125.845,4621.5
Vielma_9_puntos_intento_8.mp4,1792,14933.333,True,144.000,167.000,0.000,161.000,94.000,0.094444,0.405556,-0.909178,73.760,85.503,125.832,4648.0
Vielma_9_puntos_intento_8.mp4,1793,14941.667,True,144.000,167.000,0.000,161.000,94.000,0.094444,0.405556,-0.909178,73.968,84.891,124.867,4656.5
Vielma_9_puntos_intento_8.mp4,1794,14950.000,True,144.000,167.000,0.000,161.000,94.000,0.094444,0.405556,-0.909178,73.801,85.350,128.186,4655.5
Vielma_9_puntos_intento_8.mp4,1795,14958.333,True,144.000,167.000,0.000,161.000,95.000,0.094444,0.400000,-0.911636,73.130,84.486,125.738,4611.5
Vielma_9_puntos_intento_8.mp4,1796,14966.667,True,144.000,167.000,0.000,161.000,94.000,0.094444,0.405556,-0.909178,73.257,85.427,127.874,4664.0
Vielma_9_puntos_intento_8.mp4,1797,14975.000,True,144.000,167.000,0.000,161.000,94.000,0.094444,0.405556,-0.909178,73.872,85.614,127.797,4695.0
Vielma_9_puntos_intento_8.mp4,1798,14983.333,True,144.000,167.000,0.000,161.000,94.000,0.094444,0.405556,-0.909178,74.305,85.589,130.722,4694.0
Vielma_9_puntos_intento_8.mp4,1799,14991.667,False,144.000,167.000,0.000,160.000,94.000,0.088889,0.405556,-0.909738,74.571,85.385,133.427,4796.5
Vielma_9_puntos_intento_8.mp4,1800,15000.000,False,144.000,167.000,0.000,159.000,93.000,0.083333,0.411111,-0.907768,73.848,90.243,136.106,5141.5
Vielma_9_puntos_intento_8.mp4,1801,15008.333,False,144.000,167.000,0.000,163.000,101.000,0.105556,0.366667,-0.924345,63.370,78.835,80.060,3644.5
Vielma_9_puntos_intento_8.mp4,1802,15016.667,False,144.000,167.000,,,,,,,,,,
Vielma_9_puntos_intento_8.mp4,1803,15025.000,False,144.000,167.000,,,,,,,,,,
Vielma_9_puntos_intento_8.mp4,1804,15033.333,False,144.000,167.000,,,,,,,,,,
Vielma_9_puntos_intento_8.mp4,1805,15041.667,False,144.000,167.000,,,,,,,,,,
Vielma_9_puntos_intento_8.mp4,1806,15050.000,False,144.000,167.000,,,,,,,,,,
Vielma_9_puntos_intento_8.mp4,1807,15058.333,False,144.000,167.000,,,,,,,,,,
Vielma_9_puntos_intento_8.mp4,1808,15066.667,False,144.000,167.000,,,,,,,,,,
Vielma_9_puntos_intento_8.mp4,1809,15075.000,False,144.000,167.000,,,,,,,,,,
Vielma_9_puntos_intento_8.mp4,1810,15083.333,False,144.000,167.000,0.000,166.000,114.000,0.122222,0.294444,-0.947821,31.110,63.781,72.741,1391.5
Vielma_9_puntos_intento_8.mp4,1811,15091.667,False,144.000,167.000,0.000,164.000,109.000,0.111111,0.322222,-0.940121,43.934,72.892,74.780,2248.5
Vielma_9_puntos_intento_8.mp4,1812,15100.000,False,144.000,167.000,0.000,162.000,105.000,0.100000,0.344444,-0.933466,54.864,79.223,74.723,3176.5
Vielma_9_puntos_intento_8.mp4,1813,15108.333,True,144.000,167.000,0.000,160.000,101.000,0.088889,0.366667,-0.926096,63.395,83.692,83.008,3871.5
Vielma_9_puntos_intento_8.mp4,1814,15116.667,True,144.000,167.000,0.000,159.000,98.000,0.083333,0.383333,-0.919843,70.035,85.896,88.850,4381.0
Vielma_9_puntos_intento_8.mp4,1815,15125.000,True,144.000,167.000,0.000,158.000,96.000,0.077778,0.394444,-0.915622,74.825,87.254,97.504,4859.0
Vielma_9_puntos_intento_8.mp4,1816,15133.333,True,144.000,167.000,0.000,158.000,94.000,0.077778,0.405556,-0.910755,78.566,87.097,110.153,5154.0
Vielma_9_puntos_intento_8.mp4,1817,15141.667,True,144.000,167.000,0.000,157.000,93.000,0.072222,0.411111,-0.908720,79.563,89.101,117.151,5351.0
Vielma_9_puntos_intento_8.mp4,1818,15150.000,True,144.000,167.000,0.000,157.000,92.000,0.072222,0.416667,-0.906186,79.688,91.321,127.487,5524.0
Vielma_9_puntos_intento_8.mp4,1819,15158.333,True,144.000,167.000,0.000,157.000,92.000,0.072222,0.416667,-0.906186,79.651,92.001,131.267,5641.5
Vielma_9_puntos_intento_8.mp4,1820,15166.667,True,144.000,167.000,0.000,156.000,91.000,0.066667,0.422222,-0.904038,79.242,93.373,134.036,5749.5
Vielma_9_puntos_intento_8.mp4,1821,15175.000,True,144.000,167.000,0.000,156.000,91.000,0.066667,0.422222,-0.904038,80.504,94.976,134.745,5920.5
Vielma_9_puntos_intento_8.mp4,1822,15183.333,True,144.000,167.000,0.000,156.000,91.000,0.066667,0.422222,-0.904038,79.750,95.589,137.234,5937.0
Vielma_9_puntos_intento_8.mp4,1823,15191.667,True,144.000,167.000,0.000,156.000,90.000,0.066667,0.427778,-0.901422,79.625,96.647,139.822,5981.5
Vielma_9_puntos_intento_8.mp4,1824,15200.000,True,144.000,167.000,0.000,156.000,90.000,0.066667,0.427778,-0.901422,79.455,97.026,139.899,5995.0
Vielma_9_puntos_intento_8.mp4,1825,15208.333,True,144.000,167.000,0.000,156.000,90.000,0.066667,0.427778,-0.901422,78.936,96.897,141.563,5974.5
Vielma_9_puntos_intento_8.mp4,1826,15216.667,True,144.000,167.000,0.000,156.000,90.000,0.066667,0.427778,-0.901422,79.137,97.065,141.005,5978.5
Vielma_9_puntos_intento_8.mp4,1827,15225.000,True,144.000,167.000,0.000,157.000,91.000,0.072222,0.422222,-0.903611,79.487,96.561,140.643,5969.0
Vielma_9_puntos_intento_8.mp4,1828,15233.333,True,144.000,167.000,0.000,157.000,91.000,0.072222,0.422222,-0.903611,79.040,96.463,140.177,5958.5
Vielma_9_puntos_intento_8.mp4,1829,15241.667,True,144.000,167.000,0.000,157.000,91.000,0.072222,0.422222,-0.903611,79.325,96.039,140.354,5945.5
Vielma_9_puntos_intento_8.mp4,1830,15250.000,True,144.000,167.000,0.000,157.000,91.000,0.072222,0.422222,-0.903611,79.641,95.235,139.839,5910.0
Vielma_9_puntos_intento_8.mp4,1831,15258.333,True,144.000,167.000,0.000,157.000,91.000,0.072222,0.422222,-0.903611,79.831,94.853,139.184,5897.5
Vielma_9_puntos_intento_8.mp4,1832,15266.667,True,144.000,167.000,0.000,157.000,91.000,0.072222,0.422222,-0.903611,78.955,94.830,138.190,5843.5
Vielma_9_puntos_intento_8.mp4,1833,15275.000,True,144.000,167.000,0.000,157.000,91.000,0.072222,0.422222,-0.903611,79.182,94.219,138.233,5834.0
Vielma_9_puntos_intento_8.mp4,1834,15283.333,True,144.000,167.000,0.000,157.000,91.000,0.072222,0.422222,-0.903611,79.730,93.997,138.935,5819.0
Vielma_9_puntos_intento_8.mp4,1835,15291.667,True,144.000,167.000,0.000,157.000,91.000,0.072222,0.422222,-0.903611,79.168,94.364,139.453,5797.0
Vielma_9_puntos_intento_8.mp4,1836,15300.000,True,144.000,167.000,0.000,157.000,91.000,0.072222,0.422222,-0.903611,79.121,93.794,138.167,5789.5
Vielma_9_puntos_intento_8.mp4,1837,15308.333,True,144.000,167.000,0.000,157.000,91.000,0.072222,0.422222,-0.903611,79.098,93.770,139.404,5764.5
Vielma_9_puntos_intento_8.mp4,1838,15316.667,True,144.000,167.000,0.000,157.000,91.000,0.072222,0.422222,-0.903611,79.479,93.638,139.437,5776.5
Vielma_9_puntos_intento_8.mp4,1839,15325.000,True,144.000,167.000,0.000,158.000,91.000,0.077778,0.422222,-0.903149,79.725,93.370,139.416,5773.5
Vielma_9_puntos_intento_8.mp4,1840,15333.333,True,144.000,167.000,0.000,158.000,91.000,0.077778,0.422222,-0.903149,78.963,93.241,137.355,5742.0
Vielma_9_puntos_intento_8.mp4,1841,15341.667,True,144.000,167.000,0.000,158.000,91.000,0.077778,0.422222,-0.903149,78.955,92.979,137.889,5724.5
Vielma_9_puntos_intento_8.mp4,1842,15350.000,True,144.000,167.000,0.000,158.000,91.000,0.077778,0.422222,-0.903149,79.256,92.931,137.607,5726.0
Vielma_9_puntos_intento_8.mp4,1843,15358.333,True,144.000,167.000,0.000,158.000,91.000,0.077778,0.422222,-0.903149,78.883,92.972,137.253,5707.5
Vielma_9_puntos_intento_8.mp4,1844,15366.667,True,144.000,167.000,0.000,158.000,91.000,0.077778,0.422222,-0.903149,78.844,92.784,136.319,5692.0
Vielma_9_puntos_intento_8.mp4,1845,15375.000,True,144.000,167.000,0.000,158.000,91.000,0.077778,0.422222,-0.903149,78.474,91.673,138.407,5571.0
Vielma_9_puntos_intento_8.mp4,1846,15383.333,True,144.000,167.000,0.000,158.000,91.000,0.077778,0.422222,-0.903149,78.358,91.108,137.312,5541.5
Vielma_9_puntos_intento_8.mp4,1847,15391.667,True,144.000,167.000,0.000,158.000,92.000,0.077778,0.416667,-0.905726,78.504,91.412,137.218,5542.0
Vielma_9_puntos_intento_8.mp4,1848,15400.000,True,144.000,167.000,0.000,158.000,91.000,0.077778,0.422222,-0.903149,78.022,91.760,137.980,5544.0
Vielma_9_puntos_intento_8.mp4,1849,15408.333,True,144.000,167.000,0.000,158.000,91.000,0.077778,0.422222,-0.903149,78.030,91.374,136.730,5513.5
Vielma_9_puntos_intento_8.mp4,1850,15416.667,True,144.000,167.000,0.000,158.000,92.000,0.077778,0.416667,-0.905726,78.071,91.110,136.865,5534.0
Vielma_9_puntos_intento_8.mp4,1851,15425.000,True,144.000,167.000,0.000,158.000,92.000,0.077778,0.416667,-0.905726,77.880,91.072,136.415,5506.0
Vielma_9_puntos_intento_8.mp4,1852,15433.333,True,144.000,167.000,0.000,158.000,92.000,0.077778,0.416667,-0.905726,78.109,91.299,136.986,5514.5
Vielma_9_puntos_intento_8.mp4,1853,15441.667,True,144.000,167.000,0.000,158.000,92.000,0.077778,0.416667,-0.905726,77.947,91.351,138.311,5501.5
Vielma_9_puntos_intento_8.mp4,1854,15450.000,True,144.000,167.000,0.000,158.000,92.000,0.077778,0.416667,-0.905726,77.360,89.652,136.643,5378.0
Vielma_9_puntos_intento_8.mp4,1855,15458.333,True,144.000,167.000,0.000,158.000,92.000,0.077778,0.416667,-0.905726,77.642,89.730,135.928,5373.5
Vielma_9_puntos_intento_8.mp4,1856,15466.667,True,144.000,167.000,0.000,158.000,92.000,0.077778,0.416667,-0.905726,76.752,90.162,135.913,5366.5
Vielma_9_puntos_intento_8.mp4,1857,15475.000,True,144.000,167.000,0.000,158.000,92.000,0.077778,0.416667,-0.905726,76.774,89.866,135.317,5355.5
Vielma_9_puntos_intento_8.mp4,1858,15483.333,True,144.000,167.000,0.000,158.000,91.000,0.077778,0.422222,-0.903149,76.847,90.418,137.373,5378.0
Vielma_9_puntos_intento_8.mp4,1859,15491.667,True,144.000,167.000,0.000,158.000,91.000,0.077778,0.422222,-0.903149,76.575,91.182,137.206,5419.0
Vielma_9_puntos_intento_8.mp4,1860,15500.000,True,144.000,167.000,0.000,157.000,91.000,0.072222,0.422222,-0.903611,75.301,92.219,138.534,5427.0
Vielma_9_puntos_intento_8.mp4,1861,15508.333,False,144.000,167.000,0.000,157.000,92.000,0.072222,0.416667,-0.906186,76.609,89.376,136.399,5230.5
Vielma_9_puntos_intento_8.mp4,1862,15516.667,False,144.000,167.000,0.000,159.000,96.000,0.083333,0.394444,-0.915133,71.269,83.419,96.421,4453.0
Vielma_9_puntos_intento_8.mp4,1863,15525.000,False,144.000,167.000,0.000,166.000,109.000,0.122222,0.322222,-0.938741,43.127,71.638,74.366,2191.0
Vielma_9_puntos_intento_8.mp4,1864,15533.333,False,144.000,167.000,,,,,,,,,,
Vielma_9_puntos_intento_8.mp4,1865,15541.667,False,144.000,167.000,,,,,,,,,,
Vielma_9_puntos_intento_8.mp4,1866,15550.000,False,144.000,167.000,,,,,,,,,,
Vielma_9_puntos_intento_8.mp4,1867,15558.333,False,144.000,167.000,,,,,,,,,,
Vielma_9_puntos_intento_8.mp4,1868,15566.667,False,144.000,167.000,,,,,,,,,,
Vielma_9_puntos_intento_8.mp4,1869,15575.000,False,144.000,167.000,,,,,,,,,,
Vielma_9_puntos_intento_8.mp4,1870,15583.333,False,144.000,167.000,,,,,,,,,,
Vielma_9_puntos_intento_8.mp4,1871,15591.667,False,144.000,167.000,,,,,,,,,,
Vielma_9_puntos_intento_8.mp4,1872,15600.000,False,144.000,167.000,0.000,170.000,115.000,0.144444,0.288889,-0.946403,25.881,55.144,65.906,1054.0
Vielma_9_puntos_intento_8.mp4,1873,15608.333,False,144.000,167.000,0.000,166.000,110.000,0.122222,0.316667,-0.940630,39.012,71.994,76.877,1982.0
Vielma_9_puntos_intento_8.mp4,1874,15616.667,False,144.000,167.000,0.000,163.000,105.000,0.105556,0.344444,-0.932854,51.522,78.222,77.653,2929.5
Vielma_9_puntos_intento_8.mp4,1875,15625.000,True,144.000,167.000,0.000,161.000,100.000,0.094444,0.372222,-0.923326,62.879,81.869,80.980,3781.0
Vielma_9_puntos_intento_8.mp4,1876,15633.333,True,144.000,167.000,0.000,160.000,96.000,0.088889,0.394444,-0.914610,72.112,82.282,93.244,4353.5
Vielma_9_puntos_intento_8.mp4,1877,15641.667,True,144.000,167.000,0.000,159.000,93.000,0.083333,0.411111,-0.907768,75.411,84.376,108.940,4803.5
Vielma_9_puntos_intento_8.mp4,1878,15650.000,True,144.000,167.000,0.000,158.000,92.000,0.077778,0.416667,-0.905726,77.126,86.706,126.573,5121.0
Vielma_9_puntos_intento_8.mp4,1879,15658.333,True,144.000,167.000,0.000,158.000,90.000,0.077778,0.427778,-0.900531,76.745,89.158,132.666,5345.5
Vielma_9_puntos_intento_8.mp4,1880,15666.667,True,144.000,167.000,0.000,158.000,89.000,0.077778,0.433333,-0.897871,76.443,92.050,137.952,5493.0
Vielma_9_puntos_intento_8.mp4,1881,15675.000,True,144.000,167.000,0.000,157.000,89.000,0.072222,0.433333,-0.898335,76.443,94.175,141.173,5640.5
Vielma_9_puntos_intento_8.mp4,1882,15683.333,True,144.000,167.000,0.000,158.000,89.000,0.077778,0.433333,-0.897871,76.715,93.395,139.624,5596.5
Vielma_9_puntos_intento_8.mp4,1883,15691.667,True,144.000,167.000,0.000,158.000,90.000,0.077778,0.427778,-0.900531,76.329,92.331,138.219,5505.5
Vielma_9_puntos_intento_8.mp4,1884,15700.000,True,144.000,167.000,0.000,158.000,90.000,0.077778,0.427778,-0.900531,76.565,91.354,139.018,5462.5
Vielma_9_puntos_intento_8.mp4,1885,15708.333,True,144.000,167.000,0.000,158.000,90.000,0.077778,0.427778,-0.900531,76.340,91.087,137.026,5413.5
Vielma_9_puntos_intento_8.mp4,1886,15716.667,True,144.000,167.000,0.000,159.000,90.000,0.083333,0.427778,-0.900034,76.448,90.763,137.436,5402.0
Vielma_9_puntos_intento_8.mp4,1887,15725.000,True,144.000,167.000,0.000,159.000,90.000,0.083333,0.427778,-0.900034,75.951,89.552,138.379,5296.0
Vielma_9_puntos_intento_8.mp4,1888,15733.333,True,144.000,167.000,0.000,159.000,90.000,0.083333,0.427778,-0.900034,75.601,89.445,136.626,5270.5
Vielma_9_puntos_intento_8.mp4,1889,15741.667,True,144.000,167.000,0.000,159.000,90.000,0.083333,0.427778,-0.900034,75.408,89.016,136.482,5249.5
Vielma_9_puntos_intento_8.mp4,1890,15750.000,True,144.000,167.000,0.000,159.000,90.000,0.083333,0.427778,-0.900034,75.482,89.080,136.395,5246.5
Vielma_9_puntos_intento_8.mp4,1891,15758.333,True,144.000,167.000,0.000,159.000,90.000,0.083333,0.427778,-0.900034,75.340,88.861,136.455,5224.5
Vielma_9_puntos_intento_8.mp4,1892,15766.667,True,144.000,167.000,0.000,159.000,90.000,0.083333,0.427778,-0.900034,75.479,88.799,136.650,5210.5
Vielma_9_puntos_intento_8.mp4,1893,15775.000,True,144.000,167.000,0.000,159.000,91.000,0.083333,0.422222,-0.902654,75.598,88.807,135.690,5221.5
Vielma_9_puntos_intento_8.mp4,1894,15783.333,True,144.000,167.000,0.000,159.000,90.000,0.083333,0.427778,-0.900034,75.130,88.685,135.680,5199.0
Vielma_9_puntos_intento_8.mp4,1895,15791.667,True,144.000,167.000,0.000,159.000,91.000,0.083333,0.422222,-0.902654,75.357,88.088,134.303,5175.5
Vielma_9_puntos_intento_8.mp4,1896,15800.000,True,144.000,167.000,0.000,159.000,90.000,0.083333,0.427778,-0.900034,75.450,88.514,136.499,5192.5
Vielma_9_puntos_intento_8.mp4,1897,15808.333,True,144.000,167.000,0.000,159.000,90.000,0.083333,0.427778,-0.900034,75.167,88.398,136.366,5170.0
Vielma_9_puntos_intento_8.mp4,1898,15816.667,True,144.000,167.000,0.000,159.000,90.000,0.083333,0.427778,-0.900034,75.535,88.539,136.581,5180.0
Vielma_9_puntos_intento_8.mp4,1899,15825.000,True,144.000,167.000,0.000,159.000,91.000,0.083333,0.422222,-0.902654,74.658,87.844,134.787,5087.0
Vielma_9_puntos_intento_8.mp4,1900,15833.333,True,144.000,167.000,0.000,159.000,90.000,0.083333,0.427778,-0.900034,74.959,88.192,135.461,5107.0
Vielma_9_puntos_intento_8.mp4,1901,15841.667,True,144.000,167.000,0.000,159.000,91.000,0.083333,0.422222,-0.902654,74.608,88.066,134.276,5080.5
Vielma_9_puntos_intento_8.mp4,1902,15850.000,True,144.000,167.000,0.000,159.000,91.000,0.083333,0.422222,-0.902654,74.745,88.119,133.432,5099.0
Vielma_9_puntos_intento_8.mp4,1903,15858.333,True,144.000,167.000,0.000,159.000,91.000,0.083333,0.422222,-0.902654,74.974,87.628,132.848,5079.5
Vielma_9_puntos_intento_8.mp4,1904,15866.667,True,144.000,167.000,0.000,159.000,91.000,0.083333,0.422222,-0.902654,74.831,88.159,134.823,5110.0
Vielma_9_puntos_intento_8.mp4,1905,15875.000,True,144.000,167.000,0.000,159.000,91.000,0.083333,0.422222,-0.902654,74.625,87.945,134.580,5089.5
Vielma_9_puntos_intento_8.mp4,1906,15883.333,True,144.000,167.000,0.000,159.000,91.000,0.083333,0.422222,-0.902654,74.954,87.501,134.741,5087.0
Vielma_9_puntos_intento_8.mp4,1907,15891.667,True,144.000,167.000,0.000,159.000,90.000,0.083333,0.427778,-0.900034,74.652,87.758,133.432,5091.5
Vielma_9_puntos_intento_8.mp4,1908,15900.000,True,144.000,167.000,0.000,159.000,91.000,0.083333,0.422222,-0.902654,74.323,87.230,134.327,5008.5
Vielma_9_puntos_intento_8.mp4,1909,15908.333,True,144.000,167.000,0.000,159.000,91.000,0.083333,0.422222,-0.902654,74.301,87.294,135.490,4994.0
Vielma_9_puntos_intento_8.mp4,1910,15916.667,True,144.000,167.000,0.000,159.000,91.000,0.083333,0.422222,-0.902654,74.225,87.323,134.575,5020.5
Vielma_9_puntos_intento_8.mp4,1911,15925.000,True,144.000,167.000,0.000,159.000,91.000,0.083333,0.422222,-0.902654,74.223,87.275,133.064,5014.0
Vielma_9_puntos_intento_8.mp4,1912,15933.333,True,144.000,167.000,0.000,159.000,91.000,0.083333,0.422222,-0.902654,74.339,87.235,136.191,5008.5
Vielma_9_puntos_intento_8.mp4,1913,15941.667,True,144.000,167.000,0.000,159.000,91.000,0.083333,0.422222,-0.902654,74.497,87.251,134.217,5024.0
Vielma_9_puntos_intento_8.mp4,1914,15950.000,True,144.000,167.000,0.000,159.000,91.000,0.083333,0.422222,-0.902654,73.640,86.514,134.551,4906.5
Vielma_9_puntos_intento_8.mp4,1915,15958.333,True,144.000,167.000,0.000,159.000,91.000,0.083333,0.422222,-0.902654,73.286,86.032,133.627,4869.0
Vielma_9_puntos_intento_8.mp4,1916,15966.667,True,144.000,167.000,0.000,159.000,91.000,0.083333,0.422222,-0.902654,73.739,86.279,134.282,4907.5
Vielma_9_puntos_intento_8.mp4,1917,15975.000,True,144.000,167.000,0.000,159.000,91.000,0.083333,0.422222,-0.902654,73.366,85.917,131.939,4873.0
Vielma_9_puntos_intento_8.mp4,1918,15983.333,True,144.000,167.000,0.000,159.000,91.000,0.083333,0.422222,-0.902654,73.164,86.216,133.560,4872.5
Vielma_9_puntos_intento_8.mp4,1919,15991.667,True,144.000,167.000,0.000,159.000,91.000,0.083333,0.422222,-0.902654,73.409,85.998,134.025,4861.0
Vielma_9_puntos_intento_8.mp4,1920,16000.000,True,144.000,167.000,0.000,159.000,91.000,0.083333,0.422222,-0.902654,72.353,83.916,132.788,4686.5
Vielma_9_puntos_intento_8.mp4,1921,16008.333,True,144.000,167.000,0.000,159.000,91.000,0.083333,0.422222,-0.902654,72.492,84.869,133.628,4684.0
Vielma_9_puntos_intento_8.mp4,1922,16016.667,True,144.000,167.000,0.000,160.000,91.000,0.088889,0.422222,-0.902124,72.624,84.003,131.695,4697.0
Vielma_9_puntos_intento_8.mp4,1923,16025.000,True,144.000,167.000,0.000,160.000,91.000,0.088889,0.422222,-0.902124,72.015,83.693,130.109,4673.0
Vielma_9_puntos_intento_8.mp4,1924,16033.333,True,144.000,167.000,0.000,159.000,91.000,0.083333,0.422222,-0.902654,72.238,84.182,130.070,4678.5
Vielma_9_puntos_intento_8.mp4,1925,16041.667,True,144.000,167.000,0.000,159.000,91.000,0.083333,0.422222,-0.902654,71.938,84.631,132.354,4675.5
Vielma_9_puntos_intento_8.mp4,1926,16050.000,True,144.000,167.000,0.000,159.000,91.000,0.083333,0.422222,-0.902654,72.163,83.912,131.150,4665.5
Vielma_9_puntos_intento_8.mp4,1927,16058.333,True,144.000,167.000,0.000,160.000,91.000,0.088889,0.422222,-0.902124,72.189,83.344,127.720,4625.5
Vielma_9_puntos_intento_8.mp4,1928,16066.667,True,144.000,167.000,0.000,160.000,91.000,0.088889,0.422222,-0.902124,72.075,83.003,128.310,4600.5
Vielma_9_puntos_intento_8.mp4,1929,16075.000,True,144.000,167.000,0.000,160.000,92.000,0.088889,0.416667,-0.904703,71.279,82.159,128.391,4423.5
Vielma_9_puntos_intento_8.mp4,1930,16083.333,True,144.000,167.000,0.000,160.000,92.000,0.088889,0.416667,-0.904703,70.610,82.728,127.436,4427.0
Vielma_9_puntos_intento_8.mp4,1931,16091.667,True,144.000,167.000,0.000,160.000,91.000,0.088889,0.422222,-0.902124,70.974,82.780,130.784,4412.5
Vielma_9_puntos_intento_8.mp4,1932,16100.000,True,144.000,167.000,0.000,160.000,91.000,0.088889,0.422222,-0.902124,70.770,81.600,129.407,4386.5
Vielma_9_puntos_intento_8.mp4,1933,16108.333,True,144.000,167.000,0.000,160.000,91.000,0.088889,0.422222,-0.902124,71.075,82.690,131.210,4443.5
Vielma_9_puntos_intento_8.mp4,1934,16116.667,True,144.000,167.000,0.000,159.000,91.000,0.083333,0.422222,-0.902654,71.002,82.410,130.999,4432.0
Vielma_9_puntos_intento_8.mp4,1935,16125.000,True,144.000,167.000,0.000,160.000,91.000,0.088889,0.422222,-0.902124,70.653,82.800,129.428,4415.5
Vielma_9_puntos_intento_8.mp4,1936,16133.333,True,144.000,167.000,0.000,160.000,91.000,0.088889,0.422222,-0.902124,70.361,82.395,127.745,4386.0
Vielma_9_puntos_intento_8.mp4,1937,16141.667,True,144.000,167.000,0.000,160.000,92.000,0.088889,0.416667,-0.904703,70.272,82.215,126.170,4359.5
Vielma_9_puntos_intento_8.mp4,1938,16150.000,True,144.000,167.000,0.000,160.000,91.000,0.088889,0.422222,-0.902124,70.708,82.260,128.467,4371.0
Vielma_9_puntos_intento_8.mp4,1939,16158.333,True,144.000,167.000,0.000,160.000,92.000,0.088889,0.416667,-0.904703,70.385,80.857,125.385,4327.0
Vielma_9_puntos_intento_8.mp4,1940,16166.667,True,144.000,167.000,0.000,160.000,92.000,0.088889,0.416667,-0.904703,70.056,81.555,127.561,4319.5
Vielma_9_puntos_intento_8.mp4,1941,16175.000,True,144.000,167.000,0.000,160.000,92.000,0.088889,0.416667,-0.904703,69.959,81.084,126.513,4314.0
Vielma_9_puntos_intento_8.mp4,1942,16183.333,True,144.000,167.000,0.000,160.000,91.000,0.088889,0.422222,-0.902124,70.114,81.874,129.210,4329.0
Vielma_9_puntos_intento_8.mp4,1943,16191.667,True,144.000,167.000,0.000,159.000,91.000,0.083333,0.422222,-0.902654,69.859,82.194,129.147,4313.0
Vielma_9_puntos_intento_8.mp4,1944,16200.000,True,144.000,167.000,0.000,159.000,92.000,0.083333,0.416667,-0.905232,69.810,81.524,126.663,4314.0
Vielma_9_puntos_intento_8.mp4,1945,16208.333,True,144.000,167.000,0.000,160.000,92.000,0.088889,0.416667,-0.904703,69.612,81.319,124.698,4286.0
Vielma_9_puntos_intento_8.mp4,1946,16216.667,True,144.000,167.000,0.000,159.000,92.000,0.083333,0.416667,-0.905232,69.410,81.679,124.849,4309.0
Vielma_9_puntos_intento_8.mp4,1947,16225.000,True,144.000,167.000,0.000,160.000,92.000,0.088889,0.416667,-0.904703,69.841,80.152,124.438,4322.0
Vielma_9_puntos_intento_8.mp4,1948,16233.333,True,144.000,167.000,0.000,159.000,92.000,0.083333,0.416667,-0.905232,70.207,80.513,127.411,4332.0
Vielma_9_puntos_intento_8.mp4,1949,16241.667,True,144.000,167.000,0.000,159.000,92.000,0.083333,0.416667,-0.905232,69.782,80.908,124.243,4325.0
Vielma_9_puntos_intento_8.mp4,1950,16250.000,True,144.000,167.000,0.000,160.000,92.000,0.088889,0.416667,-0.904703,69.821,80.760,127.467,4318.5
Vielma_9_puntos_intento_8.mp4,1951,16258.333,True,144.000,167.000,0.000,159.000,91.000,0.083333,0.422222,-0.902654,69.813,81.183,125.937,4252.5
Vielma_9_puntos_intento_8.mp4,1952,16266.667,True,144.000,167.000,0.000,159.000,91.000,0.083333,0.422222,-0.902654,69.703,81.408,127.288,4278.5
Vielma_9_puntos_intento_8.mp4,1953,16275.000,True,144.000,167.000,0.000,159.000,91.000,0.083333,0.422222,-0.902654,69.936,80.511,126.107,4289.5
Vielma_9_puntos_intento_8.mp4,1954,16283.333,True,144.000,167.000,0.000,159.000,91.000,0.083333,0.422222,-0.902654,69.714,80.850,126.677,4296.5
Vielma_9_puntos_intento_8.mp4,1955,16291.667,True,144.000,167.000,0.000,159.000,92.000,0.083333,0.416667,-0.905232,69.800,80.643,127.346,4281.0
Vielma_9_puntos_intento_8.mp4,1956,16300.000,True,144.000,167.000,0.000,159.000,91.000,0.083333,0.422222,-0.902654,70.052,80.712,126.795,4295.5
Vielma_9_puntos_intento_8.mp4,1957,16308.333,True,144.000,167.000,0.000,159.000,91.000,0.083333,0.422222,-0.902654,70.175,81.394,126.841,4297.0
Vielma_9_puntos_intento_8.mp4,1958,16316.667,True,144.000,167.000,0.000,160.000,91.000,0.088889,0.422222,-0.902124,70.125,80.919,126.828,4286.5
Vielma_9_puntos_intento_8.mp4,1959,16325.000,True,144.000,167.000,0.000,159.000,91.000,0.083333,0.422222,-0.902654,69.548,81.656,130.573,4264.0
Vielma_9_puntos_intento_8.mp4,1960,16333.333,True,144.000,167.000,0.000,160.000,92.000,0.088889,0.416667,-0.904703,69.336,81.070,124.919,4271.0
Vielma_9_puntos_intento_8.mp4,1961,16341.667,True,144.000,167.000,0.000,159.000,91.000,0.083333,0.422222,-0.902654,69.669,81.239,127.970,4275.5
Vielma_9_puntos_intento_8.mp4,1962,16350.000,True,144.000,167.000,0.000,160.000,92.000,0.088889,0.416667,-0.904703,68.896,81.766,122.502,4293.0
Vielma_9_puntos_intento_8.mp4,1963,16358.333,True,144.000,167.000,0.000,160.000,92.000,0.088889,0.416667,-0.904703,69.134,80.894,121.671,4286.5
Vielma_9_puntos_intento_8.mp4,1964,16366.667,True,144.000,167.000,0.000,159.000,92.000,0.083333,0.416667,-0.905232,68.739,81.479,123.457,4285.5
Vielma_9_puntos_intento_8.mp4,1965,16375.000,True,144.000,167.000,0.000,159.000,91.000,0.083333,0.422222,-0.902654,69.418,82.011,125.932,4304.5
Vielma_9_puntos_intento_8.mp4,1966,16383.333,True,144.000,167.000,0.000,159.000,92.000,0.083333,0.416667,-0.905232,70.395,80.887,123.373,4303.5
Vielma_9_puntos_intento_8.mp4,1967,16391.667,True,144.000,167.000,0.000,152.000,92.000,0.044444,0.416667,-0.907972,71.066,80.089,124.164,4294.0
Vielma_9_puntos_intento_8.mp4,1968,16400.000,True,144.000,167.000,0.000,141.000,93.000,-0.016667,0.411111,-0.911433,71.246,79.872,103.746,4290.5
Vielma_9_puntos_intento_8.mp4,1969,16408.333,True,144.000,167.000,0.000,130.000,94.000,-0.077778,0.405556,-0.910755,71.181,80.963,94.782,4193.5
Vielma_9_puntos_intento_8.mp4,1970,16416.667,True,144.000,167.000,0.000,120.000,95.000,-0.133333,0.400000,-0.906765,69.922,83.994,89.584,4239.5
Vielma_9_puntos_intento_8.mp4,1971,16425.000,True,144.000,167.000,0.000,113.000,95.000,-0.172222,0.400000,-0.900189,69.956,83.586,90.242,4353.0
Vielma_9_puntos_intento_8.mp4,1972,16433.333,True,144.000,167.000,0.000,112.000,96.000,-0.177778,0.394444,-0.901559,69.706,83.563,94.561,4319.0
Vielma_9_puntos_intento_8.mp4,1973,16441.667,True,144.000,167.000,0.000,113.000,96.000,-0.172222,0.394444,-0.902637,69.494,83.862,92.305,4321.0
Vielma_9_puntos_intento_8.mp4,1974,16450.000,True,144.000,167.000,0.000,112.000,96.000,-0.177778,0.394444,-0.901559,69.483,84.358,92.485,4309.5
Vielma_9_puntos_intento_8.mp4,1975,16458.333,True,144.000,167.000,0.000,111.000,96.000,-0.183333,0.394444,-0.900446,69.072,83.727,92.427,4281.5
Vielma_9_puntos_intento_8.mp4,1976,16466.667,True,144.000,167.000,0.000,112.000,96.000,-0.177778,0.394444,-0.901559,68.572,84.083,90.340,4295.0
Vielma_9_puntos_intento_8.mp4,1977,16475.000,True,144.000,167.000,0.000,112.000,96.000,-0.177778,0.394444,-0.901559,67.739,83.823,91.183,4243.0
Vielma_9_puntos_intento_8.mp4,1978,16483.333,True,144.000,167.000,0.000,112.000,96.000,-0.177778,0.394444,-0.901559,67.301,84.420,89.574,4248.0
Vielma_9_puntos_intento_8.mp4,1979,16491.667,True,144.000,167.000,0.000,113.000,96.000,-0.172222,0.394444,-0.902637,66.707,84.338,88.108,4187.5
Vielma_9_puntos_intento_8.mp4,1980,16500.000,True,144.000,167.000,0.000,112.000,96.000,-0.177778,0.394444,-0.901559,68.839,83.709,90.977,4291.0
Vielma_9_puntos_intento_8.mp4,1981,16508.333,True,144.000,167.000,0.000,112.000,96.000,-0.177778,0.394444,-0.901559,68.745,84.907,89.268,4333.5
Vielma_9_puntos_intento_8.mp4,1982,16516.667,True,144.000,167.000,0.000,112.000,96.000,-0.177778,0.394444,-0.901559,69.320,85.494,87.496,4337.0
Vielma_9_puntos_intento_8.mp4,1983,16525.000,True,144.000,167.000,0.000,112.000,96.000,-0.177778,0.394444,-0.901559,68.452,85.541,87.480,4328.0
Vielma_9_puntos_intento_8.mp4,1984,16533.333,True,144.000,167.000,0.000,112.000,96.000,-0.177778,0.394444,-0.901559,68.430,85.461,86.558,4314.5
Vielma_9_puntos_intento_8.mp4,1985,16541.667,True,144.000,167.000,0.000,112.000,96.000,-0.177778,0.394444,-0.901559,69.052,85.209,85.837,4315.5
Vielma_9_puntos_intento_8.mp4,1986,16550.000,True,144.000,167.000,0.000,112.000,96.000,-0.177778,0.394444,-0.901559,67.566,85.278,87.328,4278.0
Vielma_9_puntos_intento_8.mp4,1987,16558.333,True,144.000,167.000,0.000,112.000,96.000,-0.177778,0.394444,-0.901559,67.500,85.360,88.118,4279.5
Vielma_9_puntos_intento_8.mp4,1988,16566.667,True,144.000,167.000,0.000,112.000,95.000,-0.177778,0.400000,-0.899108,66.990,85.054,89.568,4278.5
Vielma_9_puntos_intento_8.mp4,1989,16575.000,True,144.000,167.000,0.000,112.000,96.000,-0.177778,0.394444,-0.901559,68.730,84.758,88.667,4311.5
Vielma_9_puntos_intento_8.mp4,1990,16583.333,True,144.000,167.000,0.000,112.000,96.000,-0.177778,0.394444,-0.901559,67.848,84.646,90.873,4322.5
Vielma_9_puntos_intento_8.mp4,1991,16591.667,True,144.000,167.000,0.000,112.000,96.000,-0.177778,0.394444,-0.901559,68.765,84.452,87.374,4305.0
Vielma_9_puntos_intento_8.mp4,1992,16600.000,True,144.000,167.000,0.000,112.000,96.000,-0.177778,0.394444,-0.901559,68.035,84.981,88.423,4294.0
Vielma_9_puntos_intento_8.mp4,1993,16608.333,True,144.000,167.000,0.000,112.000,96.000,-0.177778,0.394444,-0.901559,67.660,85.067,88.451,4274.5
Vielma_9_puntos_intento_8.mp4,1994,16616.667,True,144.000,167.000,0.000,112.000,96.000,-0.177778,0.394444,-0.901559,68.971,83.843,90.772,4313.0
Vielma_9_puntos_intento_8.mp4,1995,16625.000,True,144.000,167.000,0.000,117.000,95.000,-0.150000,0.400000,-0.904157,68.088,83.202,94.865,4217.0
Vielma_9_puntos_intento_8.mp4,1996,16633.333,True,144.000,167.000,0.000,129.000,94.000,-0.083333,0.405556,-0.910264,69.894,82.611,101.913,4229.0
Vielma_9_puntos_intento_8.mp4,1997,16641.667,True,144.000,167.000,0.000,141.000,93.000,-0.016667,0.411111,-0.911433,70.654,81.163,116.279,4228.0
Vielma_9_puntos_intento_8.mp4,1998,16650.000,True,144.000,167.000,0.000,148.000,93.000,0.022222,0.411111,-0.911314,68.905,81.311,123.504,4189.5
Vielma_9_puntos_intento_8.mp4,1999,16658.333,True,144.000,167.000,0.000,150.000,92.000,0.033333,0.416667,-0.908448,68.858,81.016,121.081,4176.5
Vielma_9_puntos_intento_8.mp4,2000,16666.667,True,144.000,167.000,0.000,149.000,92.000,0.027778,0.416667,-0.908635,69.294,81.052,120.791,4199.5
Vielma_9_puntos_intento_8.mp4,2001,16675.000,True,144.000,167.000,0.000,150.000,92.000,0.033333,0.416667,-0.908448,69.067,80.336,119.231,4216.0
Vielma_9_puntos_intento_8.mp4,2002,16683.333,True,144.000,167.000,0.000,151.000,92.000,0.038889,0.416667,-0.908227,68.863,80.283,116.416,4208.5
Vielma_9_puntos_intento_8.mp4,2003,16691.667,True,144.000,167.000,0.000,151.000,92.000,0.038889,0.416667,-0.908227,68.970,80.432,117.357,4178.5
Vielma_9_puntos_intento_8.mp4,2004,16700.000,True,144.000,167.000,0.000,151.000,92.000,0.038889,0.416667,-0.908227,69.258,80.670,121.277,4179.0
Vielma_9_puntos_intento_8.mp4,2005,16708.333,True,144.000,167.000,0.000,151.000,92.000,0.038889,0.416667,-0.908227,69.216,80.507,118.245,4178.5
Vielma_9_puntos_intento_8.mp4,2006,16716.667,True,144.000,167.000,0.000,151.000,92.000,0.038889,0.416667,-0.908227,69.429,80.354,121.554,4198.0
Vielma_9_puntos_intento_8.mp4,2007,16725.000,True,144.000,167.000,0.000,150.000,92.000,0.033333,0.416667,-0.908448,69.533,80.422,119.118,4177.0
Vielma_9_puntos_intento_8.mp4,2008,16733.333,True,144.000,167.000,0.000,151.000,92.000,0.038889,0.416667,-0.908227,69.019,79.642,114.543,4167.0
Vielma_9_puntos_intento_8.mp4,2009,16741.667,True,144.000,167.000,0.000,151.000,92.000,0.038889,0.416667,-0.908227,68.856,79.904,117.292,4157.0
Vielma_9_puntos_intento_8.mp4,2010,16750.000,True,144.000,167.000,0.000,151.000,92.000,0.038889,0.416667,-0.908227,69.664,79.642,122.088,4197.0
Vielma_9_puntos_intento_8.mp4,2011,16758.333,True,144.000,167.000,0.000,151.000,92.000,0.038889,0.416667,-0.908227,68.874,79.577,118.636,4172.0
Vielma_9_puntos_intento_8.mp4,2012,16766.667,True,144.000,167.000,0.000,151.000,91.000,0.038889,0.422222,-0.905658,69.377,79.713,121.997,4193.0
Vielma_9_puntos_intento_8.mp4,2013,16775.000,True,144.000,167.000,0.000,151.000,92.000,0.038889,0.416667,-0.908227,69.137,79.198,120.215,4166.5
Vielma_9_puntos_intento_8.mp4,2014,16783.333,True,144.000,167.000,0.000,149.000,92.000,0.027778,0.416667,-0.908635,69.920,78.414,120.469,4174.0
Vielma_9_puntos_intento_8.mp4,2015,16791.667,True,144.000,167.000,0.000,138.000,94.000,-0.033333,0.405556,-0.913462,70.460,78.793,111.570,4145.0
Vielma_9_puntos_intento_8.mp4,2016,16800.000,True,144.000,167.000,0.000,123.000,95.000,-0.116667,0.400000,-0.909059,69.022,80.120,91.523,4103.5
Vielma_9_puntos_intento_8.mp4,2017,16808.333,True,144.000,167.000,0.000,110.000,97.000,-0.188889,0.388889,-0.901713,67.747,82.950,82.955,4175.0
Vielma_9_puntos_intento_8.mp4,2018,16816.667,True,144.000,167.000,0.000,100.000,99.000,-0.244444,0.377778,-0.893046,67.494,83.248,81.036,4203.0
Vielma_9_puntos_intento_8.mp4,2019,16825.000,True,144.000,167.000,0.000,96.000,99.000,-0.266667,0.377778,-0.886664,65.593,83.960,82.396,4131.0
Vielma_9_puntos_intento_8.mp4,2020,16833.333,True,144.000,167.000,0.000,97.000,99.000,-0.261111,0.377778,-0.888316,66.686,83.615,81.287,4151.5
Vielma_9_puntos_intento_8.mp4,2021,16841.667,True,144.000,167.000,0.000,97.000,99.000,-0.261111,0.377778,-0.888316,66.086,83.362,82.149,4091.0
Vielma_9_puntos_intento_8.mp4,2022,16850.000,True,144.000,167.000,0.000,96.000,99.000,-0.266667,0.377778,-0.886664,66.633,83.268,82.774,4110.0
Vielma_9_puntos_intento_8.mp4,2023,16858.333,True,144.000,167.000,0.000,96.000,99.000,-0.266667,0.377778,-0.886664,66.025,83.413,83.073,4099.5
Vielma_9_puntos_intento_8.mp4,2024,16866.667,True,144.000,167.000,0.000,96.000,99.000,-0.266667,0.377778,-0.886664,64.148,84.162,82.366,4070.0
Vielma_9_puntos_intento_8.mp4,2025,16875.000,True,144.000,167.000,0.000,96.000,99.000,-0.266667,0.377778,-0.886664,65.593,84.200,82.364,4097.0
Vielma_9_puntos_intento_8.mp4,2026,16883.333,True,144.000,167.000,0.000,96.000,99.000,-0.266667,0.377778,-0.886664,65.010,84.548,82.844,4080.0
Vielma_9_puntos_intento_8.mp4,2027,16891.667,True,144.000,167.000,0.000,96.000,99.000,-0.266667,0.377778,-0.886664,66.203,84.059,80.896,4112.5
Vielma_9_puntos_intento_8.mp4,2028,16900.000,True,144.000,167.000,0.000,96.000,99.000,-0.266667,0.377778,-0.886664,65.342,83.977,81.292,4090.0
Vielma_9_puntos_intento_8.mp4,2029,16908.333,True,144.000,167.000,0.000,96.000,99.000,-0.266667,0.377778,-0.886664,66.247,83.416,83.033,4084.5
Vielma_9_puntos_intento_8.mp4,2030,16916.667,True,144.000,167.000,0.000,96.000,99.000,-0.266667,0.377778,-0.886664,65.691,84.140,82.302,4069.0
Vielma_9_puntos_intento_8.mp4,2031,16925.000,True,144.000,167.000,0.000,96.000,99.000,-0.266667,0.377778,-0.886664,65.659,84.342,81.683,4077.0
Vielma_9_puntos_intento_8.mp4,2032,16933.333,True,144.000,167.000,0.000,96.000,99.000,-0.266667,0.377778,-0.886664,64.844,83.856,81.357,4082.5
Vielma_9_puntos_intento_8.mp4,2033,16941.667,True,144.000,167.000,0.000,96.000,99.000,-0.266667,0.377778,-0.886664,64.655,84.311,81.840,4086.5
Vielma_9_puntos_intento_8.mp4,2034,16950.000,True,144.000,167.000,0.000,96.000,99.000,-0.266667,0.377778,-0.886664,65.650,84.441,82.157,4121.5
Vielma_9_puntos_intento_8.mp4,2035,16958.333,True,144.000,167.000,0.000,96.000,99.000,-0.266667,0.377778,-0.886664,65.524,84.378,82.220,4087.0
Vielma_9_puntos_intento_8.mp4,2036,16966.667,True,144.000,167.000,0.000,96.000,99.000,-0.266667,0.377778,-0.886664,66.495,84.257,81.836,4125.0
Vielma_9_puntos_intento_8.mp4,2037,16975.000,True,144.000,167.000,0.000,96.000,99.000,-0.266667,0.377778,-0.886664,65.560,84.422,82.428,4101.5
Vielma_9_puntos_intento_8.mp4,2038,16983.333,True,144.000,167.000,0.000,96.000,99.000,-0.266667,0.377778,-0.886664,64.961,85.044,81.570,4087.0
Vielma_9_puntos_intento_8.mp4,2039,16991.667,True,144.000,167.000,0.000,96.000,99.000,-0.266667,0.377778,-0.886664,65.400,85.162,81.399,4097.5
Vielma_9_puntos_intento_8.mp4,2040,17000.000,True,143.000,167.000,0.000,96.000,99.000,-0.261111,0.377778,-0.888316,66.796,84.927,80.197,4141.0
Vielma_9_puntos_intento_8.mp4,2041,17008.333,True,143.000,167.000,0.000,96.000,99.000,-0.261111,0.377778,-0.888316,66.558,86.155,80.404,4145.5
Vielma_9_puntos_intento_8.mp4,2042,17016.667,True,143.000,167.000,0.000,96.000,99.000,-0.261111,0.377778,-0.888316,65.782,85.484,82.237,4137.5
Vielma_9_puntos_intento_8.mp4,2043,17025.000,True,143.000,167.000,0.000,96.000,99.000,-0.261111,0.377778,-0.888316,65.055,84.693,80.429,4105.0
Vielma_9_puntos_intento_8.mp4,2044,17033.333,True,143.000,167.000,0.000,96.000,99.000,-0.261111,0.377778,-0.888316,66.416,84.130,80.797,4159.5
Vielma_9_puntos_intento_8.mp4,2045,17041.667,True,143.000,166.000,0.000,96.000,99.000,-0.261111,0.372222,-0.890658,65.555,85.087,80.571,4161.0
Vielma_9_puntos_intento_8.mp4,2046,17050.000,True,143.000,166.000,0.000,96.000,99.000,-0.261111,0.372222,-0.890658,66.823,84.659,81.015,4157.0
Vielma_9_puntos_intento_8.mp4,2047,17058.333,True,143.000,166.000,0.000,96.000,99.000,-0.261111,0.372222,-0.890658,65.924,85.441,80.568,4140.0
Vielma_9_puntos_intento_8.mp4,2048,17066.667,True,143.000,166.000,0.000,96.000,98.000,-0.261111,0.377778,-0.888316,64.629,86.041,81.656,4153.5
Vielma_9_puntos_intento_8.mp4,2049,17075.000,True,143.000,166.000,0.000,96.000,99.000,-0.261111,0.372222,-0.890658,65.006,85.836,81.461,4152.5
Vielma_9_puntos_intento_8.mp4,2050,17083.333,True,143.000,166.000,0.000,96.000,99.000,-0.261111,0.372222,-0.890658,66.664,86.043,80.652,4220.0
Vielma_9_puntos_intento_8.mp4,2051,17091.667,True,143.000,166.000,0.000,96.000,99.000,-0.261111,0.372222,-0.890658,65.660,86.558,80.828,4202.0
Vielma_9_puntos_intento_8.mp4,2052,17100.000,True,143.000,166.000,0.000,97.000,99.000,-0.255556,0.372222,-0.892268,65.972,84.869,79.409,4168.5
Vielma_9_puntos_intento_8.mp4,2053,17108.333,True,143.000,166.000,0.000,96.000,99.000,-0.261111,0.372222,-0.890658,66.394,85.848,82.521,4219.5
Vielma_9_puntos_intento_8.mp4,2054,17116.667,True,143.000,166.000,0.000,96.000,99.000,-0.261111,0.372222,-0.890658,65.496,86.347,81.892,4205.5
Vielma_9_puntos_intento_8.mp4,2055,17125.000,True,143.000,166.000,0.000,96.000,99.000,-0.261111,0.372222,-0.890658,66.462,86.241,80.505,4218.5
Vielma_9_puntos_intento_8.mp4,2056,17133.333,True,143.000,166.000,0.000,96.000,99.000,-0.261111,0.372222,-0.890658,65.257,87.167,81.494,4234.5
Vielma_9_puntos_intento_8.mp4,2057,17141.667,True,143.000,166.000,0.000,96.000,99.000,-0.261111,0.372222,-0.890658,66.350,86.499,82.246,4228.0
Vielma_9_puntos_intento_8.mp4,2058,17150.000,True,143.000,166.000,0.000,96.000,99.000,-0.261111,0.372222,-0.890658,65.522,87.516,82.117,4236.0
Vielma_9_puntos_intento_8.mp4,2059,17158.333,True,143.000,166.000,0.000,97.000,99.000,-0.255556,0.372222,-0.892268,65.936,86.754,81.325,4261.0
Vielma_9_puntos_intento_8.mp4,2060,17166.667,True,143.000,166.000,0.000,96.000,99.000,-0.261111,0.372222,-0.890658,65.933,87.124,81.132,4232.5
Vielma_9_puntos_intento_8.mp4,2061,17175.000,True,143.000,167.000,0.000,96.000,99.000,-0.261111,0.377778,-0.888316,66.345,86.193,79.140,4226.5
Vielma_9_puntos_intento_8.mp4,2062,17183.333,True,143.000,167.000,0.000,96.000,99.000,-0.261111,0.377778,-0.888316,66.014,86.885,83.034,4215.5
Vielma_9_puntos_intento_8.mp4,2063,17191.667,True,143.000,167.000,0.000,96.000,99.000,-0.261111,0.377778,-0.888316,65.728,86.439,80.040,4226.0
Vielma_9_puntos_intento_8.mp4,2064,17200.000,True,143.000,167.000,0.000,96.000,99.000,-0.261111,0.377778,-0.888316,65.745,87.279,80.124,4228.0
Vielma_9_puntos_intento_8.mp4,2065,17208.333,True,143.000,167.000,0.000,96.000,99.000,-0.261111,0.377778,-0.888316,65.728,87.947,82.109,4207.5
Vielma_9_puntos_intento_8.mp4,2066,17216.667,True,143.000,167.000,0.000,97.000,99.000,-0.255556,0.377778,-0.889930,65.404,86.646,81.507,4218.5
Vielma_9_puntos_intento_8.mp4,2067,17225.000,True,143.000,167.000,0.000,96.000,98.000,-0.261111,0.383333,-0.885933,64.597,86.725,81.944,4197.0
Vielma_9_puntos_intento_8.mp4,2068,17233.333,True,143.000,167.000,0.000,96.000,98.000,-0.261111,0.383333,-0.885933,64.275,86.400,82.780,4185.0
Vielma_9_puntos_intento_8.mp4,2069,17241.667,True,144.000,167.000,0.000,96.000,99.000,-0.266667,0.377778,-0.886664,65.218,87.075,82.431,4218.0
Vielma_9_puntos_intento_8.mp4,2070,17250.000,True,144.000,167.000,0.000,96.000,99.000,-0.266667,0.377778,-0.886664,65.270,86.550,81.279,4203.0
Vielma_9_puntos_intento_8.mp4,2071,17258.333,True,144.000,167.000,0.000,96.000,99.000,-0.266667,0.377778,-0.886664,65.498,86.747,82.195,4225.5
Vielma_9_puntos_intento_8.mp4,2072,17266.667,True,144.000,167.000,0.000,96.000,98.000,-0.266667,0.383333,-0.884276,65.320,87.507,82.803,4225.5
Vielma_9_puntos_intento_8.mp4,2073,17275.000,True,144.000,167.000,0.000,96.000,99.000,-0.266667,0.377778,-0.886664,64.858,87.598,81.122,4152.0
Vielma_9_puntos_intento_8.mp4,2074,17283.333,True,144.000,167.000,0.000,96.000,99.000,-0.266667,0.377778,-0.886664,64.936,87.063,82.234,4215.0
Vielma_9_puntos_intento_8.mp4,2075,17291.667,True,144.000,167.000,0.000,97.000,99.000,-0.261111,0.377778,-0.888316,65.436,87.857,81.471,4207.5
Vielma_9_puntos_intento_8.mp4,2076,17300.000,True,144.000,167.000,0.000,97.000,98.000,-0.261111,0.383333,-0.885933,65.470,86.389,81.984,4200.5
Vielma_9_puntos_intento_8.mp4,2077,17308.333,True,144.000,167.000,0.000,97.000,98.000,-0.261111,0.383333,-0.885933,63.007,87.360,81.290,4142.5
Vielma_9_puntos_intento_8.mp4,2078,17316.667,True,144.000,167.000,0.000,97.000,99.000,-0.261111,0.377778,-0.888316,65.376,86.767,82.259,4236.0
Vielma_9_puntos_intento_8.mp4,2079,17325.000,True,144.000,167.000,0.000,97.000,99.000,-0.261111,0.377778,-0.888316,66.220,86.306,81.494,4206.5
Vielma_9_puntos_intento_8.mp4,2080,17333.333,True,144.000,167.000,0.000,97.000,98.000,-0.261111,0.383333,-0.885933,64.888,87.267,82.586,4183.0
Vielma_9_puntos_intento_8.mp4,2081,17341.667,True,144.000,167.000,0.000,97.000,99.000,-0.261111,0.377778,-0.888316,63.762,88.101,81.513,4174.5
Vielma_9_puntos_intento_8.mp4,2082,17350.000,True,144.000,167.000,0.000,97.000,99.000,-0.261111,0.377778,-0.888316,64.968,86.949,81.573,4219.5
Vielma_9_puntos_intento_8.mp4,2083,17358.333,True,144.000,167.000,0.000,97.000,99.000,-0.261111,0.377778,-0.888316,64.407,87.043,81.496,4203.0
Vielma_9_puntos_intento_8.mp4,2084,17366.667,True,144.000,167.000,0.000,97.000,99.000,-0.261111,0.377778,-0.888316,64.274,87.209,80.062,4199.5
Vielma_9_puntos_intento_8.mp4,2085,17375.000,True,144.000,167.000,0.000,97.000,99.000,-0.261111,0.377778,-0.888316,64.419,87.876,81.239,4242.0
Vielma_9_puntos_intento_8.mp4,2086,17383.333,True,144.000,167.000,0.000,97.000,99.000,-0.261111,0.377778,-0.888316,66.612,86.537,79.228,4238.5
Vielma_9_puntos_intento_8.mp4,2087,17391.667,True,144.000,167.000,0.000,97.000,99.000,-0.261111,0.377778,-0.888316,65.137,87.191,81.488,4217.5
Vielma_9_puntos_intento_8.mp4,2088,17400.000,True,144.000,167.000,0.000,97.000,99.000,-0.261111,0.377778,-0.888316,64.872,87.006,81.715,4182.5
Vielma_9_puntos_intento_8.mp4,2089,17408.333,True,144.000,167.000,0.000,96.000,99.000,-0.266667,0.377778,-0.886664,66.166,86.651,80.727,4213.5
Vielma_9_puntos_intento_8.mp4,2090,17416.667,True,144.000,167.000,0.000,96.000,99.000,-0.266667,0.377778,-0.886664,66.561,86.376,80.928,4226.0
Vielma_9_puntos_intento_8.mp4,2091,17425.000,True,144.000,167.000,0.000,96.000,99.000,-0.266667,0.377778,-0.886664,65.118,87.019,80.660,4200.5
Vielma_9_puntos_intento_8.mp4,2092,17433.333,True,144.000,167.000,0.000,97.000,99.000,-0.261111,0.377778,-0.888316,64.934,87.395,80.534,4221.0
Vielma_9_puntos_intento_8.mp4,2093,17441.667,True,144.000,167.000,0.000,96.000,99.000,-0.266667,0.377778,-0.886664,65.107,87.103,81.475,4210.0
Vielma_9_puntos_intento_8.mp4,2094,17450.000,True,144.000,167.000,0.000,97.000,99.000,-0.261111,0.377778,-0.888316,65.174,87.747,81.921,4248.0
Vielma_9_puntos_intento_8.mp4,2095,17458.333,True,144.000,167.000,0.000,97.000,99.000,-0.261111,0.377778,-0.888316,65.510,87.598,81.534,4198.0
Vielma_9_puntos_intento_8.mp4,2096,17466.667,True,144.000,167.000,0.000,97.000,99.000,-0.261111,0.377778,-0.888316,65.591,87.367,80.132,4235.5
Vielma_9_puntos_intento_8.mp4,2097,17475.000,True,144.000,167.000,0.000,98.000,99.000,-0.255556,0.377778,-0.889930,66.594,86.425,82.596,4253.0
Vielma_9_puntos_intento_8.mp4,2098,17483.333,True,144.000,167.000,0.000,105.000,98.000,-0.216667,0.383333,-0.897837,66.763,85.594,87.266,4265.5
Vielma_9_puntos_intento_8.mp4,2099,17491.667,True,144.000,167.000,0.000,116.000,96.000,-0.155556,0.394444,-0.905658,67.584,84.346,94.220,4218.5
Vielma_9_puntos_intento_8.mp4,2100,17500.000,True,144.000,167.000,0.000,126.000,95.000,-0.100000,0.400000,-0.911043,68.589,81.778,96.144,4193.5
Vielma_9_puntos_intento_8.mp4,2101,17508.333,True,144.000,167.000,0.000,133.000,94.000,-0.061111,0.405556,-0.912025,70.008,81.339,98.871,4174.0
Vielma_9_puntos_intento_8.mp4,2102,17516.667,True,144.000,167.000,0.000,133.000,94.000,-0.061111,0.405556,-0.912025,68.815,82.774,96.372,4130.5
Vielma_9_puntos_intento_8.mp4,2103,17525.000,True,144.000,167.000,0.000,133.000,93.000,-0.061111,0.411111,-0.909535,70.669,82.396,96.779,4146.0
Vielma_9_puntos_intento_8.mp4,2104,17533.333,True,144.000,167.000,0.000,134.000,94.000,-0.055556,0.405556,-0.912381,70.443,81.675,94.350,4162.5
Vielma_9_puntos_intento_8.mp4,2105,17541.667,True,144.000,167.000,0.000,134.000,94.000,-0.055556,0.405556,-0.912381,69.127,82.003,95.084,4134.5
Vielma_9_puntos_intento_8.mp4,2106,17550.000,True,144.000,167.000,0.000,134.000,94.000,-0.055556,0.405556,-0.912381,69.440,81.475,97.257,4159.5
Vielma_9_puntos_intento_8.mp4,2107,17558.333,True,144.000,167.000,0.000,134.000,94.000,-0.055556,0.405556,-0.912381,69.065,81.221,99.856,4157.5
Vielma_9_puntos_intento_8.mp4,2108,17566.667,True,144.000,167.000,0.000,134.000,94.000,-0.055556,0.405556,-0.912381,68.099,81.637,101.148,4169.0
Vielma_9_puntos_intento_8.mp4,2109,17575.000,True,144.000,167.000,0.000,134.000,94.000,-0.055556,0.405556,-0.912381,69.765,81.908,97.473,4149.0
Vielma_9_puntos_intento_8.mp4,2110,17583.333,True,144.000,167.000,0.000,134.000,94.000,-0.055556,0.405556,-0.912381,68.471,82.209,96.822,4119.5
Vielma_9_puntos_intento_8.mp4,2111,17591.667,True,144.000,167.000,0.000,134.000,94.000,-0.055556,0.405556,-0.912381,68.910,80.732,101.709,4125.5
Vielma_9_puntos_intento_8.mp4,2112,17600.000,True,144.000,167.000,0.000,134.000,94.000,-0.055556,0.405556,-0.912381,68.529,81.300,101.205,4133.5
Vielma_9_puntos_intento_8.mp4,2113,17608.333,True,144.000,167.000,0.000,134.000,94.000,-0.055556,0.405556,-0.912381,69.381,81.763,97.299,4140.5
Vielma_9_puntos_intento_8.mp4,2114,17616.667,True,144.000,167.000,0.000,134.000,94.000,-0.055556,0.405556,-0.912381,69.885,81.666,94.134,4131.5
Vielma_9_puntos_intento_8.mp4,2115,17625.000,True,144.000,167.000,0.000,134.000,94.000,-0.055556,0.405556,-0.912381,68.685,82.335,95.951,4137.5
Vielma_9_puntos_intento_8.mp4,2116,17633.333,True,144.000,167.000,0.000,134.000,95.000,-0.055556,0.400000,-0.914830,68.474,83.998,93.522,4157.5
Vielma_9_puntos_intento_8.mp4,2117,17641.667,True,144.000,167.000,0.000,133.000,94.000,-0.061111,0.405556,-0.912025,69.433,82.527,90.534,4159.0
Vielma_9_puntos_intento_8.mp4,2118,17650.000,True,144.000,167.000,0.000,126.000,96.000,-0.100000,0.394444,-0.913462,68.139,82.702,88.225,4203.5
Vielma_9_puntos_intento_8.mp4,2119,17658.333,True,144.000,167.000,0.000,114.000,98.000,-0.166667,0.383333,-0.908448,66.497,85.500,84.432,4231.0
Vielma_9_puntos_intento_8.mp4,2120,17666.667,True,144.000,167.000,0.000,104.000,100.000,-0.222222,0.372222,-0.901148,64.390,85.802,83.053,4151.5
Vielma_9_puntos_intento_8.mp4,2121,17675.000,True,144.000,167.000,0.000,99.000,100.000,-0.250000,0.372222,-0.893840,65.813,86.041,81.635,4174.0
Vielma_9_puntos_intento_8.mp4,2122,17683.333,True,144.000,167.000,0.000,100.000,100.000,-0.244444,0.372222,-0.895376,66.815,86.002,83.016,4242.0
Vielma_9_puntos_intento_8.mp4,2123,17691.667,True,144.000,167.000,0.000,100.000,100.000,-0.244444,0.372222,-0.895376,65.582,86.125,82.680,4165.5
Vielma_9_puntos_intento_8.mp4,2124,17700.000,True,144.000,167.000,0.000,99.000,101.000,-0.250000,0.366667,-0.896134,66.478,86.235,79.715,4211.0
Vielma_9_puntos_intento_8.mp4,2125,17708.333,True,144.000,167.000,0.000,98.000,101.000,-0.255556,0.366667,-0.894565,67.459,85.958,81.636,4153.5
Vielma_9_puntos_intento_8.mp4,2126,17716.667,True,144.000,167.000,0.000,99.000,101.000,-0.250000,0.366667,-0.896134,65.697,86.324,84.123,4169.5
Vielma_9_puntos_intento_8.mp4,2127,17725.000,True,144.000,167.000,0.000,99.000,101.000,-0.250000,0.366667,-0.896134,66.291,86.516,82.557,4178.5
Vielma_9_puntos_intento_8.mp4,2128,17733.333,True,144.000,167.000,0.000,99.000,100.000,-0.250000,0.372222,-0.893840,66.212,86.413,82.179,4168.5
Vielma_9_puntos_intento_8.mp4,2129,17741.667,True,144.000,167.000,0.000,99.000,101.000,-0.250000,0.366667,-0.896134,66.776,85.991,80.991,4205.0
Vielma_9_puntos_intento_8.mp4,2130,17750.000,True,144.000,167.000,0.000,100.000,101.000,-0.244444,0.366667,-0.897665,66.904,85.682,82.319,4189.5
Vielma_9_puntos_intento_8.mp4,2131,17758.333,True,144.000,167.000,0.000,100.000,101.000,-0.244444,0.366667,-0.897665,65.435,86.830,82.876,4172.0
Vielma_9_puntos_intento_8.mp4,2132,17766.667,True,144.000,167.000,0.000,100.000,100.000,-0.244444,0.372222,-0.895376,65.988,87.428,82.492,4212.0
Vielma_9_puntos_intento_8.mp4,2133,17775.000,True,144.000,167.000,0.000,100.000,101.000,-0.244444,0.366667,-0.897665,67.165,87.230,80.609,4202.0
Vielma_9_puntos_intento_8.mp4,2134,17783.333,True,144.000,167.000,0.000,100.000,101.000,-0.244444,0.366667,-0.897665,67.204,86.372,78.927,4205.5
Vielma_9_puntos_intento_8.mp4,2135,17791.667,True,144.000,167.000,0.000,100.000,101.000,-0.244444,0.366667,-0.897665,68.247,85.963,80.751,4236.0
Vielma_9_puntos_intento_8.mp4,2136,17800.000,True,144.000,167.000,0.000,100.000,101.000,-0.244444,0.366667,-0.897665,66.234,85.716,79.289,4219.5
Vielma_9_puntos_intento_8.mp4,2137,17808.333,True,144.000,167.000,0.000,100.000,101.000,-0.244444,0.366667,-0.897665,66.198,87.199,82.787,4183.0
Vielma_9_puntos_intento_8.mp4,2138,17816.667,True,144.000,167.000,0.000,100.000,100.000,-0.244444,0.372222,-0.895376,65.704,87.746,81.600,4192.5
Vielma_9_puntos_intento_8.mp4,2139,17825.000,True,144.000,167.000,0.000,101.000,100.000,-0.238889,0.372222,-0.896874,64.567,88.084,81.422,4186.5
Vielma_9_puntos_intento_8.mp4,2140,17833.333,True,144.000,167.000,0.000,101.000,100.000,-0.238889,0.372222,-0.896874,64.745,88.996,83.476,4224.0
Vielma_9_puntos_intento_8.mp4,2141,17841.667,True,144.000,167.000,0.000,100.000,101.000,-0.244444,0.366667,-0.897665,65.992,87.465,80.642,4218.0
Vielma_9_puntos_intento_8.mp4,2142,17850.000,True,144.000,167.000,0.000,100.000,101.000,-0.244444,0.366667,-0.897665,67.649,87.209,83.727,4280.0
Vielma_9_puntos_intento_8.mp4,2143,17858.333,True,144.000,167.000,0.000,100.000,100.000,-0.244444,0.372222,-0.895376,66.726,87.539,83.798,4283.0
Vielma_9_puntos_intento_8.mp4,2144,17866.667,True,144.000,167.000,0.000,99.000,100.000,-0.250000,0.372222,-0.893840,67.416,87.285,84.513,4323.5
Vielma_9_puntos_intento_8.mp4,2145,17875.000,False,144.000,167.000,0.000,97.000,97.000,-0.261111,0.388889,-0.883508,74.933,86.627,95.936,4762.5
Vielma_9_puntos_intento_8.mp4,2146,17883.333,False,144.000,167.000,0.000,99.000,101.000,-0.250000,0.366667,-0.896134,65.939,88.169,74.278,4137.5
Vielma_9_puntos_intento_8.mp4,2147,17891.667,False,144.000,167.000,0.000,114.000,112.000,-0.166667,0.305556,-0.937474,34.923,63.110,69.943,1476.5
Vielma_9_puntos_intento_8.mp4,2148,17900.000,False,144.000,167.000,,,,,,,,,,
Vielma_9_puntos_intento_8.mp4,2149,17908.333,False,144.000,167.000,,,,,,,,,,
Vielma_9_puntos_intento_8.mp4,2150,17916.667,False,144.000,167.000,,,,,,,,,,
Vielma_9_puntos_intento_8.mp4,2151,17925.000,False,144.000,167.000,,,,,,,,,,
Vielma_9_puntos_intento_8.mp4,2152,17933.333,False,144.000,167.000,,,,,,,,,,
Vielma_9_puntos_intento_8.mp4,2153,17941.667,False,144.000,167.000,,,,,,,,,,
Vielma_9_puntos_intento_8.mp4,2154,17950.000,False,144.000,167.000,,,,,,,,,,
Vielma_9_puntos_intento_8.mp4,2155,17958.333,False,144.000,167.000,,,,,,,,,,
Vielma_9_puntos_intento_8.mp4,2156,17966.667,False,144.000,167.000,,,,,,,,,,
Vielma_9_puntos_intento_8.mp4,2157,17975.000,False,144.000,167.000,,,,,,,,,,
Vielma_9_puntos_intento_8.mp4,2158,17983.333,False,144.000,167.000,0.000,121.000,110.000,-0.127778,0.316667,-0.939891,33.000,72.542,71.163,1515.5
Vielma_9_puntos_intento_8.mp4,2159,17991.667,False,144.000,167.000,0.000,118.000,106.000,-0.144444,0.338889,-0.929672,40.398,81.649,70.590,2143.5
Vielma_9_puntos_intento_8.mp4,2160,18000.000,False,144.000,167.000,0.000,117.000,104.000,-0.150000,0.350000,-0.924662,47.841,85.803,69.471,2791.0
Vielma_9_puntos_intento_8.mp4,2161,18008.333,True,144.000,167.000,0.000,117.000,102.000,-0.150000,0.361111,-0.920380,52.299,90.940,72.014,3230.5
Vielma_9_puntos_intento_8.mp4,2162,18016.667,True,144.000,167.000,0.000,114.000,100.000,-0.166667,0.372222,-0.913057,58.612,92.175,69.509,3727.5
Vielma_9_puntos_intento_8.mp4,2163,18025.000,True,144.000,167.000,0.000,114.000,97.000,-0.166667,0.388889,-0.906084,64.026,92.943,73.194,4223.0
Vielma_9_puntos_intento_8.mp4,2164,18033.333,True,144.000,167.000,0.000,113.000,95.000,-0.172222,0.400000,-0.900189,67.888,92.852,74.700,4517.5
Vielma_9_puntos_intento_8.mp4,2165,18041.667,True,144.000,167.000,0.000,113.000,94.000,-0.172222,0.405556,-0.897699,70.315,92.596,74.295,4806.5
Vielma_9_puntos_intento_8.mp4,2166,18050.000,True,144.000,167.000,0.000,112.000,93.000,-0.177778,0.411111,-0.894082,73.408,91.078,76.468,5057.5
Vielma_9_puntos_intento_8.mp4,2167,18058.333,True,144.000,167.000,0.000,111.000,92.000,-0.183333,0.416667,-0.890381,76.498,92.660,81.496,5272.5
Vielma_9_puntos_intento_8.mp4,2168,18066.667,True,144.000,167.000,0.000,110.000,91.000,-0.188889,0.422222,-0.886594,78.005,92.645,81.867,5442.0
Vielma_9_puntos_intento_8.mp4,2169,18075.000,True,144.000,167.000,0.000,110.000,90.000,-0.188889,0.427778,-0.883927,80.447,93.625,87.949,5688.5
Vielma_9_puntos_intento_8.mp4,2170,18083.333,True,144.000,167.000,0.000,109.000,89.000,-0.194444,0.433333,-0.880008,83.313,92.706,86.627,5841.0
Vielma_9_puntos_intento_8.mp4,2171,18091.667,True,144.000,167.000,0.000,109.000,89.000,-0.194444,0.433333,-0.880008,83.775,93.189,90.766,5935.5
Vielma_9_puntos_intento_8.mp4,2172,18100.000,True,144.000,167.000,0.000,109.000,88.000,-0.194444,0.438889,-0.877250,84.612,92.989,96.578,6000.5
Vielma_9_puntos_intento_8.mp4,2173,18108.333,True,144.000,167.000,0.000,109.000,88.000,-0.194444,0.438889,-0.877250,83.828,93.436,100.033,6058.0
Vielma_9_puntos_intento_8.mp4,2174,18116.667,True,144.000,167.000,0.000,109.000,87.000,-0.194444,0.444444,-0.874449,85.012,93.021,105.513,6109.5
Vielma_9_puntos_intento_8.mp4,2175,18125.000,True,144.000,167.000,0.000,107.000,88.000,-0.205556,0.438889,-0.874713,86.542,92.910,104.710,6144.0
Vielma_9_puntos_intento_8.mp4,2176,18133.333,True,144.000,167.000,0.000,100.000,90.000,-0.244444,0.427778,-0.870203,85.971,94.235,89.135,6171.0
Vielma_9_puntos_intento_8.mp4,2177,18141.667,True,144.000,167.000,0.000,93.000,92.000,-0.283333,0.416667,-0.863777,85.120,93.974,88.913,6030.0
Vielma_9_puntos_intento_8.mp4,2178,18150.000,True,144.000,167.000,0.000,91.000,93.000,-0.294444,0.411111,-0.862723,86.444,93.888,93.248,6014.5
Vielma_9_puntos_intento_8.mp4,2179,18158.333,True,144.000,167.000,0.000,93.000,92.000,-0.283333,0.416667,-0.863777,86.866,93.913,89.261,6081.0
Vielma_9_puntos_intento_8.mp4,2180,18166.667,True,144.000,167.000,0.000,93.000,92.000,-0.283333,0.416667,-0.863777,87.631,93.262,88.495,6123.5
Vielma_9_puntos_intento_8.mp4,2181,18175.000,True,144.000,167.000,0.000,92.000,92.000,-0.288889,0.416667,-0.861935,87.662,92.929,95.483,6096.5
Vielma_9_puntos_intento_8.mp4,2182,18183.333,True,144.000,167.000,0.000,92.000,92.000,-0.288889,0.416667,-0.861935,87.344,93.248,99.936,6083.5
Vielma_9_puntos_intento_8.mp4,2183,18191.667,True,144.000,167.000,0.000,92.000,92.000,-0.288889,0.416667,-0.861935,87.110,92.873,94.987,6059.5
Vielma_9_puntos_intento_8.mp4,2184,18200.000,True,144.000,167.000,0.000,92.000,92.000,-0.288889,0.416667,-0.861935,87.007,93.130,98.374,6057.0
Vielma_9_puntos_intento_8.mp4,2185,18208.333,True,144.000,167.000,0.000,92.000,93.000,-0.288889,0.411111,-0.864599,87.356,93.393,94.661,6050.5
Vielma_9_puntos_intento_8.mp4,2186,18216.667,True,144.000,167.000,0.000,93.000,92.000,-0.283333,0.416667,-0.863777,86.310,93.484,94.218,6050.5
Vielma_9_puntos_intento_8.mp4,2187,18225.000,True,144.000,167.000,0.000,93.000,92.000,-0.283333,0.416667,-0.863777,85.299,94.059,99.941,6038.0
Vielma_9_puntos_intento_8.mp4,2188,18233.333,True,144.000,167.000,0.000,93.000,92.000,-0.283333,0.416667,-0.863777,86.104,93.716,97.716,6030.5
Vielma_9_puntos_intento_8.mp4,2189,18241.667,True,144.000,167.000,0.000,93.000,92.000,-0.283333,0.416667,-0.863777,85.580,93.595,97.236,5998.5
Vielma_9_puntos_intento_8.mp4,2190,18250.000,True,144.000,167.000,0.000,94.000,92.000,-0.277778,0.416667,-0.865580,84.476,92.133,97.361,5884.5
Vielma_9_puntos_intento_8.mp4,2191,18258.333,True,144.000,167.000,0.000,94.000,92.000,-0.277778,0.416667,-0.865580,84.124,92.359,99.602,5878.0
Vielma_9_puntos_intento_8.mp4,2192,18266.667,True,144.000,167.000,0.000,94.000,92.000,-0.277778,0.416667,-0.865580,84.042,92.739,96.968,5872.0
Vielma_9_puntos_intento_8.mp4,2193,18275.000,True,144.000,167.000,0.000,94.000,92.000,-0.277778,0.416667,-0.865580,83.556,92.969,97.000,5877.0
Vielma_9_puntos_intento_8.mp4,2194,18283.333,True,144.000,167.000,0.000,94.000,93.000,-0.277778,0.411111,-0.868232,85.597,92.534,92.012,5872.0
Vielma_9_puntos_intento_8.mp4,2195,18291.667,True,144.000,167.000,0.000,94.000,92.000,-0.277778,0.416667,-0.865580,84.175,93.004,96.958,5886.0
Vielma_9_puntos_intento_8.mp4,2196,18300.000,True,144.000,167.000,0.000,94.000,92.000,-0.277778,0.416667,-0.865580,85.084,92.413,94.327,5886.5
Vielma_9_puntos_intento_8.mp4,2197,18308.333,True,144.000,167.000,0.000,94.000,92.000,-0.277778,0.416667,-0.865580,85.056,92.494,91.199,5842.5
Vielma_9_puntos_intento_8.mp4,2198,18316.667,True,144.000,167.000,0.000,94.000,92.000,-0.277778,0.416667,-0.865580,84.277,93.041,95.610,5838.5
Vielma_9_puntos_intento_8.mp4,2199,18325.000,True,144.000,167.000,0.000,95.000,93.000,-0.272222,0.411111,-0.869990,84.673,91.561,93.710,5772.0
Vielma_9_puntos_intento_8.mp4,2200,18333.333,True,144.000,167.000,0.000,95.000,92.000,-0.272222,0.416667,-0.867343,84.219,91.941,94.844,5778.0
Vielma_9_puntos_intento_8.mp4,2201,18341.667,True,144.000,167.000,0.000,95.000,93.000,-0.272222,0.411111,-0.869990,84.839,91.992,95.976,5763.5
Vielma_9_puntos_intento_8.mp4,2202,18350.000,True,144.000,167.000,0.000,96.000,93.000,-0.266667,0.411111,-0.871709,84.783,92.109,97.442,5827.5
Vielma_9_puntos_intento_8.mp4,2203,18358.333,True,144.000,167.000,0.000,96.000,93.000,-0.266667,0.411111,-0.871709,84.547,92.423,95.015,5807.5
Vielma_9_puntos_intento_8.mp4,2204,18366.667,True,144.000,167.000,0.000,96.000,93.000,-0.266667,0.411111,-0.871709,83.504,93.340,94.618,5798.5
Vielma_9_puntos_intento_8.mp4,2205,18375.000,True,144.000,167.000,0.000,96.000,93.000,-0.266667,0.411111,-0.871709,83.257,91.401,94.869,5676.0
Vielma_9_puntos_intento_8.mp4,2206,18383.333,True,144.000,167.000,0.000,96.000,93.000,-0.266667,0.411111,-0.871709,83.431,91.993,93.280,5698.5
Vielma_9_puntos_intento_8.mp4,2207,18391.667,True,144.000,167.000,0.000,96.000,93.000,-0.266667,0.411111,-0.871709,82.563,92.139,94.878,5705.5
Vielma_9_puntos_intento_8.mp4,2208,18400.000,True,144.000,167.000,0.000,96.000,93.000,-0.266667,0.411111,-0.871709,82.953,92.394,94.530,5712.5
Vielma_9_puntos_intento_8.mp4,2209,18408.333,True,144.000,167.000,0.000,96.000,93.000,-0.266667,0.411111,-0.871709,84.421,91.868,94.731,5728.0
Vielma_9_puntos_intento_8.mp4,2210,18416.667,True,144.000,167.000,0.000,96.000,93.000,-0.266667,0.411111,-0.871709,84.165,92.215,94.412,5755.0
Vielma_9_puntos_intento_8.mp4,2211,18425.000,True,144.000,167.000,0.000,96.000,93.000,-0.266667,0.411111,-0.871709,84.083,92.379,96.761,5758.5
Vielma_9_puntos_intento_8.mp4,2212,18433.333,True,144.000,167.000,0.000,97.000,93.000,-0.261111,0.411111,-0.873389,83.476,92.744,95.533,5750.0
Vielma_9_puntos_intento_8.mp4,2213,18441.667,True,144.000,167.000,0.000,96.000,93.000,-0.266667,0.411111,-0.871709,83.655,92.749,94.261,5767.0
Vielma_9_puntos_intento_8.mp4,2214,18450.000,True,144.000,167.000,0.000,97.000,94.000,-0.261111,0.405556,-0.875983,82.733,91.753,96.069,5628.0
Vielma_9_puntos_intento_8.mp4,2215,18458.333,True,144.000,167.000,0.000,97.000,93.000,-0.261111,0.411111,-0.873389,82.103,92.186,95.206,5637.5
Vielma_9_puntos_intento_8.mp4,2216,18466.667,True,144.000,167.000,0.000,96.000,94.000,-0.266667,0.405556,-0.874307,83.216,92.312,95.100,5657.5
Vielma_9_puntos_intento_8.mp4,2217,18475.000,True,144.000,167.000,0.000,97.000,94.000,-0.261111,0.405556,-0.875983,83.058,92.429,99.788,5651.0
Vielma_9_puntos_intento_8.mp4,2218,18483.333,True,144.000,167.000,0.000,102.000,92.000,-0.233333,0.416667,-0.878604,81.614,93.191,105.644,5679.5
Vielma_9_puntos_intento_8.mp4,2219,18491.667,True,144.000,167.000,0.000,114.000,90.000,-0.166667,0.427778,-0.888385,81.225,92.644,110.928,5763.0
Vielma_9_puntos_intento_8.mp4,2220,18500.000,True,144.000,167.000,0.000,124.000,87.000,-0.111111,0.444444,-0.888889,79.090,90.731,116.817,5534.0
Vielma_9_puntos_intento_8.mp4,2221,18508.333,True,144.000,167.000,0.000,132.000,86.000,-0.066667,0.450000,-0.890537,78.127,90.437,120.964,5435.0
Vielma_9_puntos_intento_8.mp4,2222,18516.667,True,144.000,167.000,0.000,133.000,85.000,-0.061111,0.455556,-0.888107,77.651,89.703,120.136,5358.0
Vielma_9_puntos_intento_8.mp4,2223,18525.000,True,144.000,167.000,0.000,133.000,86.000,-0.061111,0.450000,-0.890935,77.839,89.902,116.242,5286.5
Vielma_9_puntos_intento_8.mp4,2224,18533.333,True,144.000,167.000,0.000,134.000,85.000,-0.055556,0.455556,-0.888472,77.959,89.068,115.735,5241.5
Vielma_9_puntos_intento_8.mp4,2225,18541.667,True,144.000,167.000,0.000,134.000,86.000,-0.055556,0.450000,-0.891299,78.548,88.741,114.837,5305.0
Vielma_9_puntos_intento_8.mp4,2226,18550.000,True,144.000,167.000,0.000,134.000,85.000,-0.055556,0.455556,-0.888472,78.641,89.309,118.329,5368.5
Vielma_9_puntos_intento_8.mp4,2227,18558.333,True,144.000,167.000,0.000,134.000,86.000,-0.055556,0.450000,-0.891299,76.749,88.631,111.718,5149.0
Vielma_9_puntos_intento_8.mp4,2228,18566.667,True,144.000,167.000,0.000,134.000,86.000,-0.055556,0.450000,-0.891299,77.114,89.025,113.189,5177.0
Vielma_9_puntos_intento_8.mp4,2229,18575.000,True,144.000,167.000,0.000,135.000,86.000,-0.050000,0.450000,-0.891628,76.160,87.505,116.067,4945.0
Vielma_9_puntos_intento_8.mp4,2230,18583.333,True,144.000,167.000,0.000,135.000,86.000,-0.050000,0.450000,-0.891628,76.131,86.691,110.909,4903.0
Vielma_9_puntos_intento_8.mp4,2231,18591.667,True,144.000,167.000,0.000,135.000,87.000,-0.050000,0.444444,-0.894410,76.735,85.245,108.554,4862.0
Vielma_9_puntos_intento_8.mp4,2232,18600.000,True,144.000,167.000,0.000,135.000,87.000,-0.050000,0.444444,-0.894410,75.601,86.295,109.477,4869.0
Vielma_9_puntos_intento_8.mp4,2233,18608.333,True,144.000,167.000,0.000,136.000,87.000,-0.044444,0.444444,-0.894703,75.605,85.590,106.062,4702.0
Vielma_9_puntos_intento_8.mp4,2234,18616.667,True,144.000,167.000,0.000,135.000,86.000,-0.050000,0.450000,-0.891628,75.745,86.569,112.085,4827.5
Vielma_9_puntos_intento_8.mp4,2235,18625.000,True,144.000,167.000,0.000,136.000,87.000,-0.044444,0.444444,-0.894703,74.610,83.613,104.582,4530.0
Vielma_9_puntos_intento_8.mp4,2236,18633.333,True,144.000,167.000,0.000,137.000,87.000,-0.038889,0.444444,-0.894962,74.308,83.415,100.572,4513.0
Vielma_9_puntos_intento_8.mp4,2237,18641.667,True,144.000,167.000,0.000,137.000,88.000,-0.038889,0.438889,-0.897699,73.905,84.369,98.211,4475.0
Vielma_9_puntos_intento_8.mp4,2238,18650.000,True,144.000,167.000,0.000,137.000,87.000,-0.038889,0.444444,-0.894962,73.925,83.057,102.666,4493.0
