,archivo,duracion_total_seg,conteo_fijaciones,conteo_sacadicos,frecuencia_fijaciones_hz,frecuencia_sacadicos_hz,duracion_media_fij_ms,duracion_media_sac_ms,amplitud_media_sac_deg,vel_media_fij_deg_s,vel_media_sac_deg_s,total_archivos_procesados
0,Rodelo_intento_3_ROI_640x480_data,9.866667,9.0,12.0,0.912162131345874,1.216216175127832,688.8888888888889,108.33333333333333,15.956341621603082,6.389267355308278,89.45443562303821,
1,Rodelo_intento_4_ROI_640x480_data,10.1,8.0,15.0,0.7920792079207921,1.4851485148514851,641.6668750000001,104.44453333333334,16.924806468098314,4.514901022795669,62.83895026422689,
2,Rodelo_intento_5_ROI_640x480_data,12.6,10.0,11.0,0.7936507936507937,0.873015873015873,923.3335000000001,93.93936363636357,13.535046398155265,8.190283247263297,81.60154753709948,
3,Rodelo_intento_2_ROI_640x480_data,10.9,10.0,7.0,0.9174311926605504,0.6422018348623852,836.6670000000001,114.28571428571429,31.191444604204683,6.0444811327003105,74.45034463157633,
4,Rodelo_intento_1_ROI_640x480_data,14.466667,15.0,12.0,1.0368663355560752,0.8294930684448603,804.4445333333333,86.11108333333328,12.353448730350499,5.103351946427051,77.44201962312084,
PROMEDIO_GENERAL,,11.5866668,10.4,11.4,0.890437932226817,1.009215093260487,779.0001594444445,101.42280558441556,17.992217564482367,6.048456940898921,77.15745953581236,5.0
