video_name,frame_number,timestamp_ms,valid_deteccion,sphere_center_x,sphere_center_y,sphere_center_z,pupil_center_x,pupil_center_y,gaze_x,gaze_y,gaze_z,ellipse_width,ellipse_height,ellipse_angle,contour_area
Victor_9_puntos_intento_3.mp4,1,8.333,True,130.000,160.000,0.000,205.000,71.000,0.416667,0.494444,-0.762833,53.798,71.596,126.964,2859.5
Victor_9_puntos_intento_3.mp4,2,16.667,True,130.000,160.000,0.000,206.000,71.000,0.422222,0.494444,-0.759772,53.816,69.639,129.666,2816.5
Victor_9_puntos_intento_3.mp4,3,25.000,True,130.000,160.000,0.000,206.000,71.000,0.422222,0.494444,-0.759772,53.761,70.774,127.438,2826.0
Victor_9_puntos_intento_3.mp4,4,33.333,True,130.000,160.000,0.000,206.000,71.000,0.422222,0.494444,-0.759772,53.755,70.500,128.954,2841.0
Victor_9_puntos_intento_3.mp4,5,41.667,True,130.000,160.000,0.000,206.000,71.000,0.422222,0.494444,-0.759772,53.761,69.340,130.039,2812.5
Victor_9_puntos_intento_3.mp4,6,50.000,True,130.000,160.000,0.000,206.000,70.000,0.422222,0.500000,-0.756127,54.306,70.466,129.180,2839.5
Victor_9_puntos_intento_3.mp4,7,58.333,True,130.000,160.000,0.000,206.000,70.000,0.422222,0.500000,-0.756127,53.485,70.671,128.808,2816.0
Victor_9_puntos_intento_3.mp4,8,66.667,True,130.000,160.000,0.000,206.000,70.000,0.422222,0.500000,-0.756127,53.334,71.178,126.918,2822.0
Victor_9_puntos_intento_3.mp4,9,75.000,True,130.000,160.000,0.000,207.000,71.000,0.427778,0.494444,-0.756658,53.521,69.747,128.559,2806.0
Victor_9_puntos_intento_3.mp4,10,83.333,True,130.000,160.000,0.000,206.000,70.000,0.422222,0.500000,-0.756127,53.383,70.682,128.141,2826.5
Victor_9_puntos_intento_3.mp4,11,91.667,True,130.000,160.000,0.000,206.000,70.000,0.422222,0.500000,-0.756127,53.208,70.606,128.747,2798.0
Victor_9_puntos_intento_3.mp4,12,100.000,True,130.000,160.000,0.000,207.000,70.000,0.427778,0.500000,-0.752998,53.633,69.957,130.136,2820.0
Victor_9_puntos_intento_3.mp4,13,108.333,True,130.000,160.000,0.000,206.000,70.000,0.422222,0.500000,-0.756127,53.162,70.399,129.827,2766.0
Victor_9_puntos_intento_3.mp4,14,116.667,True,130.000,160.000,0.000,206.000,70.000,0.422222,0.500000,-0.756127,52.990,70.349,127.833,2784.0
Victor_9_puntos_intento_3.mp4,15,125.000,True,130.000,160.000,0.000,207.000,70.000,0.427778,0.500000,-0.752998,52.144,70.579,131.481,2773.0
Victor_9_puntos_intento_3.mp4,16,133.333,True,130.000,160.000,0.000,207.000,70.000,0.427778,0.500000,-0.752998,52.860,71.046,129.014,2824.0
Victor_9_puntos_intento_3.mp4,17,141.667,True,130.000,160.000,0.000,207.000,70.000,0.427778,0.500000,-0.752998,52.813,69.431,129.909,2784.0
Victor_9_puntos_intento_3.mp4,18,150.000,True,130.000,160.000,0.000,207.000,70.000,0.427778,0.500000,-0.752998,53.350,70.378,129.197,2826.0
Victor_9_puntos_intento_3.mp4,19,158.333,True,130.000,160.000,0.000,207.000,70.000,0.427778,0.500000,-0.752998,53.216,70.298,129.422,2823.5
Victor_9_puntos_intento_3.mp4,20,166.667,True,130.000,160.000,0.000,207.000,70.000,0.427778,0.500000,-0.752998,52.581,70.763,129.928,2810.5
Victor_9_puntos_intento_3.mp4,21,175.000,True,130.000,160.000,0.000,207.000,70.000,0.427778,0.500000,-0.752998,53.013,69.416,130.700,2806.0
Victor_9_puntos_intento_3.mp4,22,183.333,True,130.000,160.000,0.000,206.000,70.000,0.422222,0.500000,-0.756127,53.275,70.656,130.057,2831.5
Victor_9_puntos_intento_3.mp4,23,191.667,True,130.000,160.000,0.000,206.000,70.000,0.422222,0.500000,-0.756127,53.079,70.535,129.510,2825.5
Victor_9_puntos_intento_3.mp4,24,200.000,True,130.000,160.000,0.000,207.000,70.000,0.427778,0.500000,-0.752998,53.442,69.020,131.195,2822.5
Victor_9_puntos_intento_3.mp4,25,208.333,True,130.000,160.000,0.000,207.000,70.000,0.427778,0.500000,-0.752998,53.385,70.119,128.998,2815.5
Victor_9_puntos_intento_3.mp4,26,216.667,True,130.000,160.000,0.000,208.000,69.000,0.433333,0.505556,-0.746080,52.323,69.929,126.867,2758.0
Victor_9_puntos_intento_3.mp4,27,225.000,True,130.000,160.000,0.000,213.000,66.000,0.461111,0.522222,-0.717398,50.128,69.338,131.333,2630.5
Victor_9_puntos_intento_3.mp4,28,233.333,True,130.000,160.000,0.000,215.000,64.000,0.472222,0.533333,-0.701827,48.475,69.912,130.662,2556.5
Victor_9_puntos_intento_3.mp4,29,241.667,True,130.000,160.000,0.000,217.000,62.000,0.483333,0.544444,-0.685543,46.199,69.480,131.611,2449.0
Victor_9_puntos_intento_3.mp4,30,250.000,True,130.000,160.000,0.000,217.000,60.000,0.483333,0.555556,-0.676570,45.425,70.739,130.752,2431.0
Victor_9_puntos_intento_3.mp4,31,258.333,True,130.000,160.000,0.000,218.000,58.000,0.488889,0.566667,-0.663232,43.842,70.531,129.407,2360.0
Victor_9_puntos_intento_3.mp4,32,266.667,True,130.000,160.000,0.000,220.000,57.000,0.500000,0.572222,-0.650047,43.178,71.102,131.614,2314.5
Victor_9_puntos_intento_3.mp4,33,275.000,True,130.000,160.000,0.000,220.000,56.000,0.500000,0.577778,-0.645115,42.597,70.680,130.470,2279.0
Victor_9_puntos_intento_3.mp4,34,283.333,True,130.000,160.000,0.000,221.000,56.000,0.505556,0.577778,-0.640770,44.116,71.230,129.625,2386.0
Victor_9_puntos_intento_3.mp4,35,291.667,True,130.000,160.000,0.000,221.000,56.000,0.505556,0.577778,-0.640770,44.245,70.653,130.032,2388.5
Victor_9_puntos_intento_3.mp4,36,300.000,True,130.000,160.000,0.000,221.000,56.000,0.505556,0.577778,-0.640770,44.188,70.831,128.946,2415.0
Victor_9_puntos_intento_3.mp4,37,308.333,True,130.000,160.000,0.000,221.000,56.000,0.505556,0.577778,-0.640770,44.354,71.042,130.002,2387.0
Victor_9_puntos_intento_3.mp4,38,316.667,True,130.000,160.000,0.000,221.000,56.000,0.505556,0.577778,-0.640770,44.470,71.837,130.860,2413.5
Victor_9_puntos_intento_3.mp4,39,325.000,True,130.000,160.000,0.000,221.000,56.000,0.505556,0.577778,-0.640770,44.667,71.914,129.098,2411.5
Victor_9_puntos_intento_3.mp4,40,333.333,True,130.000,160.000,0.000,221.000,56.000,0.505556,0.577778,-0.640770,44.323,71.443,129.728,2397.5
Victor_9_puntos_intento_3.mp4,41,341.667,True,130.000,160.000,0.000,221.000,55.000,0.505556,0.583333,-0.635717,44.490,71.626,129.605,2393.5
Victor_9_puntos_intento_3.mp4,42,350.000,True,130.000,160.000,0.000,221.000,55.000,0.505556,0.583333,-0.635717,44.740,71.841,129.987,2421.5
Victor_9_puntos_intento_3.mp4,43,358.333,True,130.000,160.000,0.000,222.000,56.000,0.511111,0.577778,-0.636348,44.257,71.346,131.260,2391.0
Victor_9_puntos_intento_3.mp4,44,366.667,True,130.000,160.000,0.000,222.000,55.000,0.511111,0.583333,-0.631259,44.202,71.750,130.750,2387.0
Victor_9_puntos_intento_3.mp4,45,375.000,True,130.000,160.000,0.000,222.000,55.000,0.511111,0.583333,-0.631259,44.102,72.315,130.519,2406.0
Victor_9_puntos_intento_3.mp4,46,383.333,True,130.000,160.000,0.000,222.000,55.000,0.511111,0.583333,-0.631259,43.916,72.808,130.066,2405.5
Victor_9_puntos_intento_3.mp4,47,391.667,True,130.000,160.000,0.000,222.000,55.000,0.511111,0.583333,-0.631259,43.736,72.309,131.261,2384.5
Victor_9_puntos_intento_3.mp4,48,400.000,True,130.000,160.000,0.000,222.000,55.000,0.511111,0.583333,-0.631259,44.120,72.304,130.588,2414.0
Victor_9_puntos_intento_3.mp4,49,408.333,True,130.000,160.000,0.000,222.000,55.000,0.511111,0.583333,-0.631259,44.361,72.000,131.347,2414.0
Victor_9_puntos_intento_3.mp4,50,416.667,True,130.000,160.000,0.000,222.000,56.000,0.511111,0.577778,-0.636348,44.044,70.998,132.102,2390.5
Victor_9_puntos_intento_3.mp4,51,425.000,True,130.000,160.000,0.000,222.000,56.000,0.511111,0.577778,-0.636348,44.316,71.542,132.699,2395.5
Victor_9_puntos_intento_3.mp4,52,433.333,True,130.000,160.000,0.000,222.000,56.000,0.511111,0.577778,-0.636348,44.101,71.920,131.647,2407.0
Victor_9_puntos_intento_3.mp4,53,441.667,True,130.000,160.000,0.000,223.000,56.000,0.516667,0.577778,-0.631845,43.809,72.124,132.286,2394.5
Victor_9_puntos_intento_3.mp4,54,450.000,True,130.000,160.000,0.000,222.000,55.000,0.511111,0.583333,-0.631259,43.540,72.508,131.296,2407.5
Victor_9_puntos_intento_3.mp4,55,458.333,True,130.000,160.000,0.000,223.000,56.000,0.516667,0.577778,-0.631845,44.041,72.041,131.391,2403.0
Victor_9_puntos_intento_3.mp4,56,466.667,True,130.000,160.000,0.000,223.000,55.000,0.516667,0.583333,-0.626720,43.964,72.224,131.069,2403.5
Victor_9_puntos_intento_3.mp4,57,475.000,True,130.000,160.000,0.000,224.000,55.000,0.522222,0.583333,-0.622098,43.483,72.335,131.523,2403.5
Victor_9_puntos_intento_3.mp4,58,483.333,True,130.000,160.000,0.000,226.000,56.000,0.533333,0.577778,-0.617842,43.086,73.123,130.070,2396.0
Victor_9_puntos_intento_3.mp4,59,491.667,True,130.000,160.000,0.000,228.000,56.000,0.544444,0.577778,-0.608073,42.503,72.693,131.851,2354.0
Victor_9_puntos_intento_3.mp4,60,500.000,True,130.000,160.000,0.000,227.000,56.000,0.538889,0.577778,-0.613002,43.202,72.551,132.457,2396.5
Victor_9_puntos_intento_3.mp4,61,508.333,True,130.000,160.000,0.000,226.000,56.000,0.533333,0.577778,-0.617842,43.557,72.736,130.989,2367.5
Victor_9_puntos_intento_3.mp4,62,516.667,True,130.000,160.000,0.000,227.000,56.000,0.538889,0.577778,-0.613002,43.636,73.000,131.542,2406.5
Victor_9_puntos_intento_3.mp4,63,525.000,True,130.000,160.000,0.000,227.000,56.000,0.538889,0.577778,-0.613002,43.595,72.680,130.667,2392.5
Victor_9_puntos_intento_3.mp4,64,533.333,True,130.000,160.000,0.000,227.000,56.000,0.538889,0.577778,-0.613002,43.058,72.600,130.170,2356.5
Victor_9_puntos_intento_3.mp4,65,541.667,True,130.000,160.000,0.000,227.000,56.000,0.538889,0.577778,-0.613002,42.873,72.388,131.428,2342.0
Victor_9_puntos_intento_3.mp4,66,550.000,True,130.000,160.000,0.000,227.000,56.000,0.538889,0.577778,-0.613002,43.421,72.399,131.978,2366.5
Victor_9_puntos_intento_3.mp4,67,558.333,True,130.000,160.000,0.000,227.000,56.000,0.538889,0.577778,-0.613002,43.000,72.322,132.224,2339.5
Victor_9_puntos_intento_3.mp4,68,566.667,True,130.000,160.000,0.000,227.000,56.000,0.538889,0.577778,-0.613002,43.229,72.582,130.943,2350.5
Victor_9_puntos_intento_3.mp4,69,575.000,True,130.000,160.000,0.000,227.000,56.000,0.538889,0.577778,-0.613002,42.961,72.801,131.878,2342.5
Victor_9_puntos_intento_3.mp4,70,583.333,True,138.000,161.000,0.000,227.000,56.000,0.494444,0.583333,-0.644397,43.495,73.524,131.277,2417.0
Victor_9_puntos_intento_3.mp4,71,591.667,True,138.000,161.000,0.000,227.000,56.000,0.494444,0.583333,-0.644397,43.563,72.677,131.394,2411.5
Victor_9_puntos_intento_3.mp4,72,600.000,True,138.000,161.000,0.000,227.000,56.000,0.494444,0.583333,-0.644397,43.621,73.420,131.345,2428.5
Victor_9_puntos_intento_3.mp4,73,608.333,True,138.000,161.000,0.000,227.000,55.000,0.494444,0.588889,-0.639324,43.738,73.503,130.601,2410.0
Victor_9_puntos_intento_3.mp4,74,616.667,True,138.000,161.000,0.000,227.000,56.000,0.494444,0.583333,-0.644397,43.851,73.268,131.100,2435.5
Victor_9_puntos_intento_3.mp4,75,625.000,True,138.000,161.000,0.000,227.000,55.000,0.494444,0.588889,-0.639324,43.778,72.619,130.893,2409.5
Victor_9_puntos_intento_3.mp4,76,633.333,True,138.000,161.000,0.000,227.000,56.000,0.494444,0.583333,-0.644397,44.159,73.902,131.518,2471.5
Victor_9_puntos_intento_3.mp4,77,641.667,True,138.000,161.000,0.000,227.000,56.000,0.494444,0.583333,-0.644397,44.213,73.918,131.394,2474.0
Victor_9_puntos_intento_3.mp4,78,650.000,True,138.000,161.000,0.000,227.000,56.000,0.494444,0.583333,-0.644397,44.265,74.394,130.866,2475.0
Victor_9_puntos_intento_3.mp4,79,658.333,True,138.000,161.000,0.000,227.000,56.000,0.494444,0.583333,-0.644397,44.336,73.747,130.758,2474.0
Victor_9_puntos_intento_3.mp4,80,666.667,True,138.000,161.000,0.000,227.000,56.000,0.494444,0.583333,-0.644397,44.157,73.498,131.637,2473.5
Victor_9_puntos_intento_3.mp4,81,675.000,True,137.000,160.000,0.000,227.000,56.000,0.500000,0.577778,-0.645115,44.219,73.009,131.267,2444.0
Victor_9_puntos_intento_3.mp4,82,683.333,True,137.000,160.000,0.000,227.000,56.000,0.500000,0.577778,-0.645115,43.902,73.158,131.622,2431.5
Victor_9_puntos_intento_3.mp4,83,691.667,True,137.000,160.000,0.000,227.000,56.000,0.500000,0.577778,-0.645115,43.663,72.841,131.042,2413.5
Victor_9_puntos_intento_3.mp4,84,700.000,True,137.000,160.000,0.000,227.000,56.000,0.500000,0.577778,-0.645115,43.706,72.916,131.236,2432.5
Victor_9_puntos_intento_3.mp4,85,708.333,True,137.000,160.000,0.000,227.000,56.000,0.500000,0.577778,-0.645115,44.601,72.570,131.293,2447.0
Victor_9_puntos_intento_3.mp4,86,716.667,True,137.000,160.000,0.000,227.000,56.000,0.500000,0.577778,-0.645115,44.258,72.386,131.735,2437.5
Victor_9_puntos_intento_3.mp4,87,725.000,True,137.000,160.000,0.000,227.000,56.000,0.500000,0.577778,-0.645115,44.219,72.500,131.538,2425.5
Victor_9_puntos_intento_3.mp4,88,733.333,True,137.000,160.000,0.000,227.000,56.000,0.500000,0.577778,-0.645115,43.347,72.262,131.754,2377.5
Victor_9_puntos_intento_3.mp4,89,741.667,True,137.000,160.000,0.000,227.000,55.000,0.500000,0.583333,-0.640095,42.769,73.006,130.677,2360.0
Victor_9_puntos_intento_3.mp4,90,750.000,True,137.000,161.000,0.000,227.000,55.000,0.500000,0.588889,-0.634988,42.687,72.226,131.412,2353.5
Victor_9_puntos_intento_3.mp4,91,758.333,True,136.000,161.000,0.000,227.000,56.000,0.505556,0.583333,-0.635717,42.614,71.821,130.909,2344.5
Victor_9_puntos_intento_3.mp4,92,766.667,True,136.000,161.000,0.000,228.000,56.000,0.511111,0.583333,-0.631259,42.967,70.999,132.398,2319.5
Victor_9_puntos_intento_3.mp4,93,775.000,True,136.000,161.000,0.000,227.000,56.000,0.505556,0.583333,-0.635717,42.870,70.398,131.504,2298.5
Victor_9_puntos_intento_3.mp4,94,783.333,True,136.000,161.000,0.000,228.000,56.000,0.511111,0.583333,-0.631259,42.743,70.198,130.763,2319.5
Victor_9_puntos_intento_3.mp4,95,791.667,True,136.000,161.000,0.000,228.000,55.000,0.511111,0.588889,-0.626079,42.001,70.787,131.602,2283.0
Victor_9_puntos_intento_3.mp4,96,800.000,True,136.000,161.000,0.000,228.000,56.000,0.511111,0.583333,-0.631259,42.763,70.782,130.907,2319.0
Victor_9_puntos_intento_3.mp4,97,808.333,True,136.000,161.000,0.000,227.000,55.000,0.505556,0.588889,-0.630574,42.378,71.537,130.972,2274.5
Victor_9_puntos_intento_3.mp4,98,816.667,True,136.000,161.000,0.000,228.000,56.000,0.511111,0.583333,-0.631259,42.448,70.878,132.304,2271.5
Victor_9_puntos_intento_3.mp4,99,825.000,True,136.000,161.000,0.000,228.000,56.000,0.511111,0.583333,-0.631259,41.814,71.581,131.000,2271.5
Victor_9_puntos_intento_3.mp4,100,833.333,True,136.000,161.000,0.000,228.000,56.000,0.511111,0.583333,-0.631259,41.678,70.818,131.563,2246.0
Victor_9_puntos_intento_3.mp4,101,841.667,True,136.000,161.000,0.000,228.000,56.000,0.511111,0.583333,-0.631259,42.239,70.449,131.878,2263.0
Victor_9_puntos_intento_3.mp4,102,850.000,True,136.000,161.000,0.000,227.000,55.000,0.505556,0.588889,-0.630574,42.060,70.497,130.943,2250.5
Victor_9_puntos_intento_3.mp4,103,858.333,True,136.000,161.000,0.000,228.000,55.000,0.511111,0.588889,-0.626079,41.783,70.649,132.043,2240.5
Victor_9_puntos_intento_3.mp4,104,866.667,True,136.000,161.000,0.000,228.000,55.000,0.511111,0.588889,-0.626079,41.952,70.337,131.205,2246.5
Victor_9_puntos_intento_3.mp4,105,875.000,True,136.000,161.000,0.000,228.000,56.000,0.511111,0.583333,-0.631259,41.886,70.342,130.915,2234.0
Victor_9_puntos_intento_3.mp4,106,883.333,True,136.000,161.000,0.000,228.000,55.000,0.511111,0.588889,-0.626079,41.772,70.226,130.270,2226.0
Victor_9_puntos_intento_3.mp4,107,891.667,True,136.000,161.000,0.000,228.000,55.000,0.511111,0.588889,-0.626079,41.688,69.973,131.558,2227.0
Victor_9_puntos_intento_3.mp4,108,900.000,True,136.000,161.000,0.000,228.000,55.000,0.511111,0.588889,-0.626079,41.543,69.854,130.454,2221.5
Victor_9_puntos_intento_3.mp4,109,908.333,True,136.000,161.000,0.000,228.000,56.000,0.511111,0.583333,-0.631259,41.782,69.807,131.802,2200.5
Victor_9_puntos_intento_3.mp4,110,916.667,True,136.000,161.000,0.000,228.000,55.000,0.511111,0.588889,-0.626079,41.733,70.824,130.816,2230.0
Victor_9_puntos_intento_3.mp4,111,925.000,True,136.000,161.000,0.000,228.000,55.000,0.511111,0.588889,-0.626079,41.290,69.788,130.892,2204.0
Victor_9_puntos_intento_3.mp4,112,933.333,True,136.000,161.000,0.000,228.000,55.000,0.511111,0.588889,-0.626079,41.613,69.635,130.443,2200.0
Victor_9_puntos_intento_3.mp4,113,941.667,True,135.000,161.000,0.000,227.000,55.000,0.511111,0.588889,-0.626079,41.243,69.336,129.700,2159.5
Victor_9_puntos_intento_3.mp4,114,950.000,True,135.000,161.000,0.000,227.000,55.000,0.511111,0.588889,-0.626079,41.534,68.834,130.760,2170.0
Victor_9_puntos_intento_3.mp4,115,958.333,True,135.000,161.000,0.000,228.000,55.000,0.516667,0.588889,-0.621503,41.405,68.804,131.225,2161.0
Victor_9_puntos_intento_3.mp4,116,966.667,True,135.000,161.000,0.000,228.000,55.000,0.516667,0.588889,-0.621503,40.963,69.479,130.912,2169.0
Victor_9_puntos_intento_3.mp4,117,975.000,True,135.000,161.000,0.000,228.000,55.000,0.516667,0.588889,-0.621503,40.912,69.376,130.793,2149.0
Victor_9_puntos_intento_3.mp4,118,983.333,True,135.000,161.000,0.000,228.000,55.000,0.516667,0.588889,-0.621503,41.065,69.260,131.582,2150.5
Victor_9_puntos_intento_3.mp4,119,991.667,True,135.000,161.000,0.000,228.000,55.000,0.516667,0.588889,-0.621503,40.929,67.961,132.614,2116.5
Victor_9_puntos_intento_3.mp4,120,1000.000,True,135.000,161.000,0.000,228.000,56.000,0.516667,0.583333,-0.626720,40.803,68.490,131.922,2124.5
Victor_9_puntos_intento_3.mp4,121,1008.333,True,135.000,161.000,0.000,228.000,56.000,0.516667,0.583333,-0.626720,40.819,68.758,131.623,2118.5
Victor_9_puntos_intento_3.mp4,122,1016.667,True,135.000,161.000,0.000,228.000,55.000,0.516667,0.588889,-0.621503,41.168,68.390,129.476,2119.5
Victor_9_puntos_intento_3.mp4,123,1025.000,True,135.000,161.000,0.000,227.000,55.000,0.511111,0.588889,-0.626079,40.608,68.890,129.812,2121.0
Victor_9_puntos_intento_3.mp4,124,1033.333,True,135.000,161.000,0.000,228.000,55.000,0.516667,0.588889,-0.621503,40.490,68.294,130.795,2105.0
Victor_9_puntos_intento_3.mp4,125,1041.667,True,135.000,161.000,0.000,228.000,56.000,0.516667,0.583333,-0.626720,40.625,67.777,130.363,2096.5
Victor_9_puntos_intento_3.mp4,126,1050.000,True,135.000,161.000,0.000,228.000,55.000,0.516667,0.588889,-0.621503,40.481,67.460,131.488,2090.0
Victor_9_puntos_intento_3.mp4,127,1058.333,True,135.000,161.000,0.000,227.000,55.000,0.511111,0.588889,-0.626079,40.342,68.274,130.133,2083.0
Victor_9_puntos_intento_3.mp4,128,1066.667,True,135.000,161.000,0.000,227.000,55.000,0.511111,0.588889,-0.626079,40.374,68.220,130.241,2066.0
Victor_9_puntos_intento_3.mp4,129,1075.000,True,135.000,161.000,0.000,228.000,55.000,0.516667,0.588889,-0.621503,39.713,66.941,130.249,2055.5
Victor_9_puntos_intento_3.mp4,130,1083.333,True,135.000,161.000,0.000,228.000,55.000,0.516667,0.588889,-0.621503,39.784,67.539,130.105,2083.5
Victor_9_puntos_intento_3.mp4,131,1091.667,True,135.000,161.000,0.000,228.000,55.000,0.516667,0.588889,-0.621503,39.479,66.728,131.226,2034.0
Victor_9_puntos_intento_3.mp4,132,1100.000,True,135.000,161.000,0.000,228.000,55.000,0.516667,0.588889,-0.621503,39.941,67.243,131.744,2067.5
Victor_9_puntos_intento_3.mp4,133,1108.333,True,135.000,161.000,0.000,228.000,55.000,0.516667,0.588889,-0.621503,39.522,67.012,130.630,1991.0
Victor_9_puntos_intento_3.mp4,134,1116.667,True,135.000,161.000,0.000,228.000,55.000,0.516667,0.588889,-0.621503,39.649,67.488,131.329,2014.0
Victor_9_puntos_intento_3.mp4,135,1125.000,True,135.000,161.000,0.000,228.000,55.000,0.516667,0.588889,-0.621503,39.408,67.665,130.888,2005.5
Victor_9_puntos_intento_3.mp4,136,1133.333,True,135.000,161.000,0.000,228.000,55.000,0.516667,0.588889,-0.621503,39.926,67.305,131.174,2018.0
Victor_9_puntos_intento_3.mp4,137,1141.667,True,135.000,161.000,0.000,228.000,55.000,0.516667,0.588889,-0.621503,39.513,66.898,130.568,1999.0
Victor_9_puntos_intento_3.mp4,138,1150.000,True,135.000,161.000,0.000,228.000,55.000,0.516667,0.588889,-0.621503,39.575,67.417,129.780,2010.0
Victor_9_puntos_intento_3.mp4,139,1158.333,True,135.000,161.000,0.000,228.000,55.000,0.516667,0.588889,-0.621503,39.295,67.099,130.116,2001.5
Victor_9_puntos_intento_3.mp4,140,1166.667,True,135.000,161.000,0.000,228.000,55.000,0.516667,0.588889,-0.621503,38.827,67.574,130.060,1995.5
Victor_9_puntos_intento_3.mp4,141,1175.000,True,135.000,161.000,0.000,228.000,55.000,0.516667,0.588889,-0.621503,38.600,67.142,130.264,1979.5
Victor_9_puntos_intento_3.mp4,142,1183.333,True,135.000,161.000,0.000,228.000,55.000,0.516667,0.588889,-0.621503,39.141,66.868,129.882,1993.0
Victor_9_puntos_intento_3.mp4,143,1191.667,True,135.000,161.000,0.000,228.000,55.000,0.516667,0.588889,-0.621503,39.132,66.304,130.125,1982.5
Victor_9_puntos_intento_3.mp4,144,1200.000,True,135.000,161.000,0.000,228.000,55.000,0.516667,0.588889,-0.621503,39.299,66.037,130.928,1976.5
Victor_9_puntos_intento_3.mp4,145,1208.333,True,135.000,161.000,0.000,228.000,55.000,0.516667,0.588889,-0.621503,38.855,65.697,131.973,1960.5
Victor_9_puntos_intento_3.mp4,146,1216.667,True,135.000,161.000,0.000,228.000,55.000,0.516667,0.588889,-0.621503,38.731,66.265,131.143,1950.0
Victor_9_puntos_intento_3.mp4,147,1225.000,True,135.000,161.000,0.000,228.000,55.000,0.516667,0.588889,-0.621503,39.221,65.810,131.540,1952.0
Victor_9_puntos_intento_3.mp4,148,1233.333,True,135.000,161.000,0.000,228.000,55.000,0.516667,0.588889,-0.621503,39.066,65.381,130.907,1953.5
Victor_9_puntos_intento_3.mp4,149,1241.667,True,135.000,161.000,0.000,229.000,55.000,0.522222,0.588889,-0.616842,38.380,65.251,130.821,1920.0
Victor_9_puntos_intento_3.mp4,150,1250.000,True,135.000,161.000,0.000,228.000,55.000,0.516667,0.588889,-0.621503,38.499,65.773,129.415,1930.0
Victor_9_puntos_intento_3.mp4,151,1258.333,True,135.000,161.000,0.000,228.000,55.000,0.516667,0.588889,-0.621503,38.792,65.386,129.826,1940.0
Victor_9_puntos_intento_3.mp4,152,1266.667,True,135.000,161.000,0.000,228.000,55.000,0.516667,0.588889,-0.621503,38.693,64.813,130.634,1934.5
Victor_9_puntos_intento_3.mp4,153,1275.000,True,135.000,161.000,0.000,228.000,55.000,0.516667,0.588889,-0.621503,38.382,65.417,130.685,1921.5
Victor_9_puntos_intento_3.mp4,154,1283.333,True,135.000,161.000,0.000,228.000,55.000,0.516667,0.588889,-0.621503,38.288,66.067,130.115,1927.5
Victor_9_puntos_intento_3.mp4,155,1291.667,True,135.000,161.000,0.000,228.000,55.000,0.516667,0.588889,-0.621503,38.284,65.559,130.771,1916.0
Victor_9_puntos_intento_3.mp4,156,1300.000,True,135.000,161.000,0.000,228.000,55.000,0.516667,0.588889,-0.621503,38.467,65.476,130.993,1911.5
Victor_9_puntos_intento_3.mp4,157,1308.333,True,135.000,161.000,0.000,228.000,55.000,0.516667,0.588889,-0.621503,38.743,65.496,130.069,1918.5
Victor_9_puntos_intento_3.mp4,158,1316.667,True,135.000,161.000,0.000,228.000,55.000,0.516667,0.588889,-0.621503,38.871,65.845,129.866,1933.5
Victor_9_puntos_intento_3.mp4,159,1325.000,True,134.000,161.000,0.000,228.000,55.000,0.522222,0.588889,-0.616842,38.769,65.785,130.745,1926.0
Victor_9_puntos_intento_3.mp4,160,1333.333,True,134.000,161.000,0.000,228.000,55.000,0.522222,0.588889,-0.616842,38.394,65.633,130.984,1917.0
Victor_9_puntos_intento_3.mp4,161,1341.667,True,134.000,161.000,0.000,228.000,55.000,0.522222,0.588889,-0.616842,39.003,65.978,131.711,1923.0
Victor_9_puntos_intento_3.mp4,162,1350.000,True,134.000,161.000,0.000,228.000,55.000,0.522222,0.588889,-0.616842,38.716,65.734,129.953,1918.5
Victor_9_puntos_intento_3.mp4,163,1358.333,True,134.000,161.000,0.000,228.000,55.000,0.522222,0.588889,-0.616842,38.839,65.154,129.718,1921.0
Victor_9_puntos_intento_3.mp4,164,1366.667,True,134.000,161.000,0.000,228.000,55.000,0.522222,0.588889,-0.616842,38.687,65.839,130.487,1916.5
Victor_9_puntos_intento_3.mp4,165,1375.000,True,134.000,161.000,0.000,228.000,55.000,0.522222,0.588889,-0.616842,38.481,66.020,130.657,1924.0
Victor_9_puntos_intento_3.mp4,166,1383.333,True,134.000,161.000,0.000,228.000,55.000,0.522222,0.588889,-0.616842,39.195,65.567,130.584,1976.0
Victor_9_puntos_intento_3.mp4,167,1391.667,True,134.000,161.000,0.000,228.000,55.000,0.522222,0.588889,-0.616842,39.377,65.956,130.369,1978.0
Victor_9_puntos_intento_3.mp4,168,1400.000,True,134.000,161.000,0.000,228.000,55.000,0.522222,0.588889,-0.616842,39.486,65.922,130.698,1992.0
Victor_9_puntos_intento_3.mp4,169,1408.333,True,134.000,161.000,0.000,228.000,55.000,0.522222,0.588889,-0.616842,38.934,66.143,130.568,1960.0
Victor_9_puntos_intento_3.mp4,170,1416.667,True,134.000,161.000,0.000,228.000,55.000,0.522222,0.588889,-0.616842,39.131,65.827,129.946,1980.5
Victor_9_puntos_intento_3.mp4,171,1425.000,True,134.000,161.000,0.000,228.000,55.000,0.522222,0.588889,-0.616842,38.963,65.995,129.706,1969.0
Victor_9_puntos_intento_3.mp4,172,1433.333,True,134.000,161.000,0.000,228.000,55.000,0.522222,0.588889,-0.616842,39.188,66.350,129.808,1978.5
Victor_9_puntos_intento_3.mp4,173,1441.667,True,134.000,161.000,0.000,228.000,55.000,0.522222,0.588889,-0.616842,38.758,66.111,129.822,1952.0
Victor_9_puntos_intento_3.mp4,174,1450.000,True,134.000,161.000,0.000,228.000,55.000,0.522222,0.588889,-0.616842,38.724,66.359,129.806,1962.0
Victor_9_puntos_intento_3.mp4,175,1458.333,True,134.000,161.000,0.000,228.000,55.000,0.522222,0.588889,-0.616842,39.222,66.181,129.726,1965.0
Victor_9_puntos_intento_3.mp4,176,1466.667,True,134.000,161.000,0.000,228.000,55.000,0.522222,0.588889,-0.616842,39.287,65.904,130.449,1968.0
Victor_9_puntos_intento_3.mp4,177,1475.000,True,134.000,161.000,0.000,228.000,55.000,0.522222,0.588889,-0.616842,39.312,65.836,130.386,1971.0
Victor_9_puntos_intento_3.mp4,178,1483.333,True,134.000,161.000,0.000,228.000,55.000,0.522222,0.588889,-0.616842,39.079,66.443,130.343,1961.5
Victor_9_puntos_intento_3.mp4,179,1491.667,True,134.000,161.000,0.000,228.000,55.000,0.522222,0.588889,-0.616842,38.973,66.743,130.467,1964.0
Victor_9_puntos_intento_3.mp4,180,1500.000,True,134.000,161.000,0.000,228.000,55.000,0.522222,0.588889,-0.616842,39.056,66.803,131.379,1981.5
Victor_9_puntos_intento_3.mp4,181,1508.333,True,134.000,161.000,0.000,228.000,55.000,0.522222,0.588889,-0.616842,38.961,66.229,131.172,1985.0
Victor_9_puntos_intento_3.mp4,182,1516.667,True,134.000,161.000,0.000,228.000,55.000,0.522222,0.588889,-0.616842,39.328,65.898,130.795,1986.5
Victor_9_puntos_intento_3.mp4,183,1525.000,True,134.000,161.000,0.000,228.000,55.000,0.522222,0.588889,-0.616842,39.159,65.556,130.715,1969.0
Victor_9_puntos_intento_3.mp4,184,1533.333,True,134.000,161.000,0.000,228.000,55.000,0.522222,0.588889,-0.616842,39.538,65.772,130.768,1999.5
Victor_9_puntos_intento_3.mp4,185,1541.667,True,134.000,161.000,0.000,228.000,55.000,0.522222,0.588889,-0.616842,39.401,66.158,130.560,2000.5
Victor_9_puntos_intento_3.mp4,186,1550.000,True,134.000,161.000,0.000,228.000,55.000,0.522222,0.588889,-0.616842,39.443,65.987,130.774,2000.5
Victor_9_puntos_intento_3.mp4,187,1558.333,True,134.000,161.000,0.000,228.000,55.000,0.522222,0.588889,-0.616842,39.327,66.103,130.984,1995.5
Victor_9_puntos_intento_3.mp4,188,1566.667,True,134.000,161.000,0.000,228.000,55.000,0.522222,0.588889,-0.616842,39.455,66.472,130.670,1996.5
Victor_9_puntos_intento_3.mp4,189,1575.000,True,134.000,161.000,0.000,229.000,55.000,0.527778,0.588889,-0.612095,39.330,66.299,131.234,1994.0
Victor_9_puntos_intento_3.mp4,190,1583.333,True,134.000,161.000,0.000,228.000,55.000,0.522222,0.588889,-0.616842,39.537,66.463,130.733,2000.0
Victor_9_puntos_intento_3.mp4,191,1591.667,True,134.000,161.000,0.000,228.000,55.000,0.522222,0.588889,-0.616842,39.328,66.314,131.046,1993.5
Victor_9_puntos_intento_3.mp4,192,1600.000,True,134.000,161.000,0.000,229.000,55.000,0.527778,0.588889,-0.612095,39.180,66.832,131.087,2000.5
Victor_9_puntos_intento_3.mp4,193,1608.333,True,134.000,161.000,0.000,229.000,55.000,0.527778,0.588889,-0.612095,39.511,66.272,130.233,1999.0
Victor_9_puntos_intento_3.mp4,194,1616.667,True,134.000,161.000,0.000,228.000,55.000,0.522222,0.588889,-0.616842,39.587,67.032,130.043,2015.0
Victor_9_puntos_intento_3.mp4,195,1625.000,True,134.000,161.000,0.000,228.000,55.000,0.522222,0.588889,-0.616842,39.352,66.055,130.509,2000.5
Victor_9_puntos_intento_3.mp4,196,1633.333,True,134.000,161.000,0.000,229.000,55.000,0.527778,0.588889,-0.612095,39.518,66.598,131.597,2017.0
Victor_9_puntos_intento_3.mp4,197,1641.667,True,134.000,161.000,0.000,228.000,55.000,0.522222,0.588889,-0.616842,39.748,66.532,130.249,2008.5
Victor_9_puntos_intento_3.mp4,198,1650.000,True,134.000,161.000,0.000,229.000,55.000,0.527778,0.588889,-0.612095,39.472,66.307,130.966,2003.0
Victor_9_puntos_intento_3.mp4,199,1658.333,True,134.000,161.000,0.000,229.000,55.000,0.527778,0.588889,-0.612095,39.497,66.621,130.851,2004.5
Victor_9_puntos_intento_3.mp4,200,1666.667,True,134.000,161.000,0.000,229.000,55.000,0.527778,0.588889,-0.612095,39.460,66.650,131.373,2007.0
Victor_9_puntos_intento_3.mp4,201,1675.000,True,134.000,161.000,0.000,228.000,55.000,0.522222,0.588889,-0.616842,39.293,66.731,130.541,1994.5
Victor_9_puntos_intento_3.mp4,202,1683.333,True,134.000,161.000,0.000,228.000,55.000,0.522222,0.588889,-0.616842,39.260,66.742,131.622,2006.0
Victor_9_puntos_intento_3.mp4,203,1691.667,True,134.000,161.000,0.000,228.000,55.000,0.522222,0.588889,-0.616842,39.910,67.052,131.715,2024.5
Victor_9_puntos_intento_3.mp4,204,1700.000,True,134.000,161.000,0.000,229.000,55.000,0.527778,0.588889,-0.612095,39.761,66.851,131.796,2011.5
Victor_9_puntos_intento_3.mp4,205,1708.333,True,134.000,161.000,0.000,228.000,55.000,0.522222,0.588889,-0.616842,39.488,67.081,131.257,2020.0
Victor_9_puntos_intento_3.mp4,206,1716.667,True,134.000,161.000,0.000,229.000,55.000,0.527778,0.588889,-0.612095,39.314,67.012,131.154,2017.5
Victor_9_puntos_intento_3.mp4,207,1725.000,True,134.000,161.000,0.000,228.000,55.000,0.522222,0.588889,-0.616842,39.474,66.675,130.869,2024.5
Victor_9_puntos_intento_3.mp4,208,1733.333,True,134.000,161.000,0.000,229.000,55.000,0.527778,0.588889,-0.612095,39.552,66.921,130.829,2028.5
Victor_9_puntos_intento_3.mp4,209,1741.667,True,134.000,161.000,0.000,228.000,55.000,0.522222,0.588889,-0.616842,39.681,67.015,130.496,2036.5
Victor_9_puntos_intento_3.mp4,210,1750.000,True,134.000,161.000,0.000,228.000,55.000,0.522222,0.588889,-0.616842,39.640,66.518,130.855,2020.0
Victor_9_puntos_intento_3.mp4,211,1758.333,True,134.000,161.000,0.000,229.000,55.000,0.527778,0.588889,-0.612095,39.356,66.622,130.372,2019.5
Victor_9_puntos_intento_3.mp4,212,1766.667,True,134.000,161.000,0.000,229.000,55.000,0.527778,0.588889,-0.612095,39.663,66.893,131.857,2042.0
Victor_9_puntos_intento_3.mp4,213,1775.000,True,134.000,161.000,0.000,228.000,55.000,0.522222,0.588889,-0.616842,39.666,66.716,130.858,2034.0
Victor_9_puntos_intento_3.mp4,214,1783.333,True,134.000,161.000,0.000,229.000,55.000,0.527778,0.588889,-0.612095,39.565,66.565,131.566,2030.5
Victor_9_puntos_intento_3.mp4,215,1791.667,True,134.000,161.000,0.000,229.000,55.000,0.527778,0.588889,-0.612095,39.325,66.770,130.736,2025.5
Victor_9_puntos_intento_3.mp4,216,1800.000,True,134.000,161.000,0.000,229.000,55.000,0.527778,0.588889,-0.612095,39.883,67.081,130.801,2052.5
Victor_9_puntos_intento_3.mp4,217,1808.333,True,134.000,161.000,0.000,228.000,55.000,0.522222,0.588889,-0.616842,40.127,66.943,129.860,2031.0
Victor_9_puntos_intento_3.mp4,218,1816.667,True,134.000,161.000,0.000,229.000,55.000,0.527778,0.588889,-0.612095,39.945,67.302,130.863,2043.0
Victor_9_puntos_intento_3.mp4,219,1825.000,True,134.000,161.000,0.000,229.000,56.000,0.527778,0.583333,-0.617392,39.616,67.260,131.982,2030.5
Victor_9_puntos_intento_3.mp4,220,1833.333,True,134.000,161.000,0.000,229.000,55.000,0.527778,0.588889,-0.612095,39.786,66.309,131.516,2045.0
Victor_9_puntos_intento_3.mp4,221,1841.667,True,134.000,161.000,0.000,229.000,55.000,0.527778,0.588889,-0.612095,39.427,66.824,132.159,2036.5
Victor_9_puntos_intento_3.mp4,222,1850.000,True,134.000,161.000,0.000,229.000,55.000,0.527778,0.588889,-0.612095,39.723,66.464,132.137,2046.0
Victor_9_puntos_intento_3.mp4,223,1858.333,True,134.000,161.000,0.000,229.000,55.000,0.527778,0.588889,-0.612095,39.627,67.215,131.951,2046.5
Victor_9_puntos_intento_3.mp4,224,1866.667,True,134.000,161.000,0.000,229.000,55.000,0.527778,0.588889,-0.612095,39.849,66.954,131.273,2050.5
Victor_9_puntos_intento_3.mp4,225,1875.000,True,134.000,161.000,0.000,228.000,55.000,0.522222,0.588889,-0.616842,39.925,67.256,131.662,2044.5
Victor_9_puntos_intento_3.mp4,226,1883.333,True,134.000,161.000,0.000,229.000,56.000,0.527778,0.583333,-0.617392,39.906,67.225,130.973,2048.5
Victor_9_puntos_intento_3.mp4,227,1891.667,True,134.000,161.000,0.000,229.000,55.000,0.527778,0.588889,-0.612095,39.523,67.000,130.325,2027.5
Victor_9_puntos_intento_3.mp4,228,1900.000,True,134.000,161.000,0.000,228.000,55.000,0.522222,0.588889,-0.616842,39.613,67.138,130.258,2034.0
Victor_9_puntos_intento_3.mp4,229,1908.333,True,134.000,161.000,0.000,228.000,55.000,0.522222,0.588889,-0.616842,40.343,67.426,130.413,2019.0
Victor_9_puntos_intento_3.mp4,230,1916.667,True,134.000,161.000,0.000,228.000,55.000,0.522222,0.588889,-0.616842,40.122,67.404,130.683,2028.0
Victor_9_puntos_intento_3.mp4,231,1925.000,True,134.000,161.000,0.000,228.000,55.000,0.522222,0.588889,-0.616842,39.542,67.028,131.280,2029.0
Victor_9_puntos_intento_3.mp4,232,1933.333,True,134.000,161.000,0.000,228.000,55.000,0.522222,0.588889,-0.616842,39.789,66.973,132.129,2023.5
Victor_9_puntos_intento_3.mp4,233,1941.667,True,134.000,161.000,0.000,228.000,55.000,0.522222,0.588889,-0.616842,39.740,66.238,131.485,2013.0
Victor_9_puntos_intento_3.mp4,234,1950.000,True,134.000,161.000,0.000,228.000,55.000,0.522222,0.588889,-0.616842,40.067,66.728,131.422,2028.5
Victor_9_puntos_intento_3.mp4,235,1958.333,True,134.000,161.000,0.000,228.000,55.000,0.522222,0.588889,-0.616842,39.926,67.204,130.807,2032.5
Victor_9_puntos_intento_3.mp4,236,1966.667,True,134.000,161.000,0.000,228.000,55.000,0.522222,0.588889,-0.616842,39.946,67.225,130.507,2023.0
Victor_9_puntos_intento_3.mp4,237,1975.000,True,134.000,161.000,0.000,228.000,55.000,0.522222,0.588889,-0.616842,39.988,66.877,130.569,2033.5
Victor_9_puntos_intento_3.mp4,238,1983.333,True,134.000,161.000,0.000,228.000,55.000,0.522222,0.588889,-0.616842,39.895,67.588,131.140,2050.0
Victor_9_puntos_intento_3.mp4,239,1991.667,True,134.000,161.000,0.000,228.000,55.000,0.522222,0.588889,-0.616842,39.810,66.940,131.193,2037.0
Victor_9_puntos_intento_3.mp4,240,2000.000,True,134.000,161.000,0.000,228.000,56.000,0.522222,0.583333,-0.622098,40.226,66.683,131.002,2049.0
Victor_9_puntos_intento_3.mp4,241,2008.333,True,134.000,161.000,0.000,228.000,55.000,0.522222,0.588889,-0.616842,39.921,67.512,130.600,2027.5
Victor_9_puntos_intento_3.mp4,242,2016.667,True,134.000,161.000,0.000,228.000,56.000,0.522222,0.583333,-0.622098,40.345,66.759,130.323,2055.0
Victor_9_puntos_intento_3.mp4,243,2025.000,True,134.000,161.000,0.000,228.000,56.000,0.522222,0.583333,-0.622098,39.781,66.832,131.451,2040.5
Victor_9_puntos_intento_3.mp4,244,2033.333,True,134.000,161.000,0.000,228.000,56.000,0.522222,0.583333,-0.622098,39.937,67.339,131.938,2058.5
Victor_9_puntos_intento_3.mp4,245,2041.667,True,134.000,161.000,0.000,228.000,56.000,0.522222,0.583333,-0.622098,40.088,67.059,131.342,2065.0
Victor_9_puntos_intento_3.mp4,246,2050.000,True,134.000,161.000,0.000,228.000,56.000,0.522222,0.583333,-0.622098,39.811,67.464,131.751,2059.0
Victor_9_puntos_intento_3.mp4,247,2058.333,True,134.000,161.000,0.000,229.000,56.000,0.527778,0.583333,-0.617392,40.483,67.318,131.945,2076.0
Victor_9_puntos_intento_3.mp4,248,2066.667,True,134.000,161.000,0.000,229.000,56.000,0.527778,0.583333,-0.617392,40.023,67.433,131.566,2057.0
Victor_9_puntos_intento_3.mp4,249,2075.000,True,134.000,161.000,0.000,229.000,56.000,0.527778,0.583333,-0.617392,39.999,66.875,130.933,2062.0
Victor_9_puntos_intento_3.mp4,250,2083.333,True,134.000,161.000,0.000,229.000,56.000,0.527778,0.583333,-0.617392,40.001,67.509,130.986,2070.5
Victor_9_puntos_intento_3.mp4,251,2091.667,True,134.000,161.000,0.000,229.000,56.000,0.527778,0.583333,-0.617392,40.023,67.493,131.894,2070.5
Victor_9_puntos_intento_3.mp4,252,2100.000,True,134.000,161.000,0.000,229.000,56.000,0.527778,0.583333,-0.617392,40.192,67.625,131.046,2079.0
Victor_9_puntos_intento_3.mp4,253,2108.333,True,134.000,161.000,0.000,229.000,56.000,0.527778,0.583333,-0.617392,39.893,67.687,133.011,2052.5
Victor_9_puntos_intento_3.mp4,254,2116.667,True,134.000,161.000,0.000,229.000,56.000,0.527778,0.583333,-0.617392,40.168,67.224,132.050,2069.5
Victor_9_puntos_intento_3.mp4,255,2125.000,True,134.000,161.000,0.000,229.000,56.000,0.527778,0.583333,-0.617392,40.174,67.677,132.107,2050.0
Victor_9_puntos_intento_3.mp4,256,2133.333,True,134.000,161.000,0.000,230.000,56.000,0.533333,0.583333,-0.612599,40.463,67.299,131.940,2071.5
Victor_9_puntos_intento_3.mp4,257,2141.667,True,134.000,161.000,0.000,229.000,56.000,0.527778,0.583333,-0.617392,40.370,67.234,132.838,2064.5
Victor_9_puntos_intento_3.mp4,258,2150.000,True,134.000,161.000,0.000,230.000,56.000,0.533333,0.583333,-0.612599,39.871,67.556,132.066,2077.0
Victor_9_puntos_intento_3.mp4,259,2158.333,True,134.000,161.000,0.000,229.000,56.000,0.527778,0.583333,-0.617392,40.069,68.305,131.230,2080.0
Victor_9_puntos_intento_3.mp4,260,2166.667,True,134.000,161.000,0.000,229.000,56.000,0.527778,0.583333,-0.617392,40.078,68.004,131.770,2072.5
Victor_9_puntos_intento_3.mp4,261,2175.000,True,134.000,161.000,0.000,230.000,56.000,0.533333,0.583333,-0.612599,39.934,67.896,131.969,2075.5
Victor_9_puntos_intento_3.mp4,262,2183.333,True,134.000,161.000,0.000,229.000,56.000,0.527778,0.583333,-0.617392,40.015,67.671,131.504,2069.0
Victor_9_puntos_intento_3.mp4,263,2191.667,True,134.000,161.000,0.000,229.000,56.000,0.527778,0.583333,-0.617392,39.925,67.599,131.081,2060.0
Victor_9_puntos_intento_3.mp4,264,2200.000,True,134.000,161.000,0.000,230.000,56.000,0.533333,0.583333,-0.612599,39.982,68.312,131.120,2080.5
Victor_9_puntos_intento_3.mp4,265,2208.333,True,134.000,161.000,0.000,230.000,56.000,0.533333,0.583333,-0.612599,40.365,68.130,130.559,2081.0
Victor_9_puntos_intento_3.mp4,266,2216.667,True,134.000,161.000,0.000,230.000,56.000,0.533333,0.583333,-0.612599,40.002,68.193,131.257,2079.5
Victor_9_puntos_intento_3.mp4,267,2225.000,True,134.000,161.000,0.000,230.000,56.000,0.533333,0.583333,-0.612599,40.342,67.570,131.525,2086.0
Victor_9_puntos_intento_3.mp4,268,2233.333,True,134.000,161.000,0.000,230.000,56.000,0.533333,0.583333,-0.612599,40.932,67.822,130.963,2116.5
Victor_9_puntos_intento_3.mp4,269,2241.667,True,134.000,161.000,0.000,230.000,56.000,0.533333,0.583333,-0.612599,40.627,67.909,130.940,2110.0
Victor_9_puntos_intento_3.mp4,270,2250.000,True,134.000,161.000,0.000,230.000,56.000,0.533333,0.583333,-0.612599,40.400,68.104,131.139,2107.0
Victor_9_puntos_intento_3.mp4,271,2258.333,True,134.000,161.000,0.000,230.000,56.000,0.533333,0.583333,-0.612599,40.195,68.154,131.241,2110.0
Victor_9_puntos_intento_3.mp4,272,2266.667,True,134.000,161.000,0.000,230.000,56.000,0.533333,0.583333,-0.612599,40.618,68.416,131.167,2119.5
Victor_9_puntos_intento_3.mp4,273,2275.000,True,134.000,161.000,0.000,230.000,56.000,0.533333,0.583333,-0.612599,40.113,68.339,132.017,2102.5
Victor_9_puntos_intento_3.mp4,274,2283.333,True,134.000,161.000,0.000,230.000,56.000,0.533333,0.583333,-0.612599,40.382,68.797,131.604,2114.5
Victor_9_puntos_intento_3.mp4,275,2291.667,True,134.000,161.000,0.000,230.000,56.000,0.533333,0.583333,-0.612599,40.407,69.081,130.627,2115.0
Victor_9_puntos_intento_3.mp4,276,2300.000,True,134.000,161.000,0.000,230.000,56.000,0.533333,0.583333,-0.612599,40.198,68.621,132.783,2127.5
Victor_9_puntos_intento_3.mp4,277,2308.333,True,134.000,161.000,0.000,230.000,56.000,0.533333,0.583333,-0.612599,39.712,67.562,131.850,2059.5
Victor_9_puntos_intento_3.mp4,278,2316.667,True,134.000,161.000,0.000,230.000,56.000,0.533333,0.583333,-0.612599,39.986,68.367,131.696,2080.0
Victor_9_puntos_intento_3.mp4,279,2325.000,True,134.000,161.000,0.000,230.000,56.000,0.533333,0.583333,-0.612599,40.015,68.787,131.267,2083.0
Victor_9_puntos_intento_3.mp4,280,2333.333,True,134.000,161.000,0.000,230.000,56.000,0.533333,0.583333,-0.612599,41.285,69.094,131.677,2179.0
Victor_9_puntos_intento_3.mp4,281,2341.667,True,134.000,161.000,0.000,230.000,56.000,0.533333,0.583333,-0.612599,41.185,69.151,131.858,2162.0
Victor_9_puntos_intento_3.mp4,282,2350.000,True,134.000,161.000,0.000,230.000,56.000,0.533333,0.583333,-0.612599,41.423,69.204,131.896,2195.5
Victor_9_puntos_intento_3.mp4,283,2358.333,True,134.000,161.000,0.000,229.000,56.000,0.527778,0.583333,-0.617392,42.066,70.936,131.883,2272.5
Victor_9_puntos_intento_3.mp4,284,2366.667,True,134.000,161.000,0.000,229.000,56.000,0.527778,0.583333,-0.617392,41.796,70.491,132.000,2262.5
Victor_9_puntos_intento_3.mp4,285,2375.000,True,134.000,161.000,0.000,229.000,56.000,0.527778,0.583333,-0.617392,42.246,70.345,131.399,2269.5
Victor_9_puntos_intento_3.mp4,286,2383.333,True,134.000,161.000,0.000,229.000,56.000,0.527778,0.583333,-0.617392,42.221,70.109,131.447,2263.0
Victor_9_puntos_intento_3.mp4,287,2391.667,True,134.000,161.000,0.000,229.000,57.000,0.527778,0.577778,-0.622594,42.199,69.718,131.698,2271.0
Victor_9_puntos_intento_3.mp4,288,2400.000,True,134.000,161.000,0.000,229.000,56.000,0.527778,0.583333,-0.617392,42.368,70.560,132.620,2288.0
Victor_9_puntos_intento_3.mp4,289,2408.333,True,134.000,161.000,0.000,229.000,56.000,0.527778,0.583333,-0.617392,42.478,71.058,131.259,2284.5
Victor_9_puntos_intento_3.mp4,290,2416.667,True,134.000,161.000,0.000,229.000,56.000,0.527778,0.583333,-0.617392,42.916,70.853,132.054,2311.0
Victor_9_puntos_intento_3.mp4,291,2425.000,True,134.000,161.000,0.000,229.000,56.000,0.527778,0.583333,-0.617392,42.839,70.776,131.748,2315.0
Victor_9_puntos_intento_3.mp4,292,2433.333,True,134.000,161.000,0.000,229.000,56.000,0.527778,0.583333,-0.617392,42.858,70.899,132.140,2323.0
Victor_9_puntos_intento_3.mp4,293,2441.667,True,134.000,161.000,0.000,229.000,56.000,0.527778,0.583333,-0.617392,42.464,71.144,131.333,2310.5
Victor_9_puntos_intento_3.mp4,294,2450.000,True,134.000,161.000,0.000,227.000,56.000,0.516667,0.583333,-0.626720,43.163,70.582,131.865,2331.5
Victor_9_puntos_intento_3.mp4,295,2458.333,True,134.000,161.000,0.000,219.000,57.000,0.472222,0.577778,-0.665717,45.682,69.353,129.819,2381.0
Victor_9_puntos_intento_3.mp4,296,2466.667,True,134.000,161.000,0.000,208.000,58.000,0.411111,0.572222,-0.709612,49.056,68.545,127.691,2502.5
Victor_9_puntos_intento_3.mp4,297,2475.000,True,134.000,161.000,0.000,198.000,58.000,0.355556,0.572222,-0.739014,51.196,69.763,125.437,2618.5
Victor_9_puntos_intento_3.mp4,298,2483.333,True,134.000,161.000,0.000,188.000,60.000,0.300000,0.561111,-0.771462,53.751,70.117,124.261,2699.0
Victor_9_puntos_intento_3.mp4,299,2491.667,True,134.000,161.000,0.000,181.000,61.000,0.261111,0.555556,-0.789417,54.877,69.746,122.921,2718.5
Victor_9_puntos_intento_3.mp4,300,2500.000,True,134.000,161.000,0.000,180.000,61.000,0.255556,0.555556,-0.791233,54.520,72.425,119.417,2727.5
Victor_9_puntos_intento_3.mp4,301,2508.333,True,134.000,161.000,0.000,182.000,61.000,0.266667,0.555556,-0.787558,55.135,72.575,124.836,2869.5
Victor_9_puntos_intento_3.mp4,302,2516.667,True,134.000,161.000,0.000,182.000,60.000,0.266667,0.561111,-0.783609,54.731,73.300,124.770,2874.0
Victor_9_puntos_intento_3.mp4,303,2525.000,True,134.000,161.000,0.000,182.000,60.000,0.266667,0.561111,-0.783609,54.891,73.011,123.014,2865.5
Victor_9_puntos_intento_3.mp4,304,2533.333,True,134.000,161.000,0.000,182.000,60.000,0.266667,0.561111,-0.783609,55.382,73.438,123.623,2941.0
Victor_9_puntos_intento_3.mp4,305,2541.667,True,134.000,161.000,0.000,182.000,60.000,0.266667,0.561111,-0.783609,55.539,74.154,120.534,2954.5
Victor_9_puntos_intento_3.mp4,306,2550.000,True,134.000,161.000,0.000,182.000,60.000,0.266667,0.561111,-0.783609,55.790,74.213,121.203,3001.5
Victor_9_puntos_intento_3.mp4,307,2558.333,True,134.000,161.000,0.000,182.000,60.000,0.266667,0.561111,-0.783609,55.923,74.740,121.097,3039.5
Victor_9_puntos_intento_3.mp4,308,2566.667,True,134.000,161.000,0.000,181.000,60.000,0.261111,0.561111,-0.785478,56.314,75.443,121.687,3056.5
Victor_9_puntos_intento_3.mp4,309,2575.000,True,134.000,161.000,0.000,182.000,60.000,0.266667,0.561111,-0.783609,55.976,75.133,122.156,3040.5
Victor_9_puntos_intento_3.mp4,310,2583.333,True,134.000,161.000,0.000,182.000,60.000,0.266667,0.561111,-0.783609,56.866,75.141,122.656,3139.5
Victor_9_puntos_intento_3.mp4,311,2591.667,True,134.000,161.000,0.000,183.000,60.000,0.272222,0.561111,-0.781696,57.556,72.932,125.947,3101.0
Victor_9_puntos_intento_3.mp4,312,2600.000,True,134.000,161.000,0.000,182.000,60.000,0.266667,0.561111,-0.783609,57.270,75.262,122.290,3112.5
Victor_9_puntos_intento_3.mp4,313,2608.333,True,134.000,161.000,0.000,182.000,60.000,0.266667,0.561111,-0.783609,57.761,75.130,123.575,3200.0
Victor_9_puntos_intento_3.mp4,314,2616.667,True,134.000,161.000,0.000,182.000,59.000,0.266667,0.566667,-0.779601,57.658,75.838,121.720,3188.0
Victor_9_puntos_intento_3.mp4,315,2625.000,True,134.000,161.000,0.000,182.000,59.000,0.266667,0.566667,-0.779601,57.458,76.450,122.057,3188.0
Victor_9_puntos_intento_3.mp4,316,2633.333,True,134.000,161.000,0.000,182.000,59.000,0.266667,0.566667,-0.779601,57.325,76.042,123.325,3220.5
Victor_9_puntos_intento_3.mp4,317,2641.667,True,134.000,161.000,0.000,182.000,59.000,0.266667,0.566667,-0.779601,57.417,76.022,124.343,3225.5
Victor_9_puntos_intento_3.mp4,318,2650.000,True,134.000,161.000,0.000,182.000,59.000,0.266667,0.566667,-0.779601,57.399,75.647,123.173,3201.5
Victor_9_puntos_intento_3.mp4,319,2658.333,True,134.000,161.000,0.000,182.000,59.000,0.266667,0.566667,-0.779601,58.207,76.866,120.526,3244.0
Victor_9_puntos_intento_3.mp4,320,2666.667,True,134.000,161.000,0.000,182.000,59.000,0.266667,0.566667,-0.779601,58.071,76.355,121.116,3253.5
Victor_9_puntos_intento_3.mp4,321,2675.000,True,134.000,161.000,0.000,182.000,59.000,0.266667,0.566667,-0.779601,58.462,76.727,121.792,3271.0
Victor_9_puntos_intento_3.mp4,322,2683.333,True,134.000,161.000,0.000,182.000,59.000,0.266667,0.566667,-0.779601,58.572,76.627,122.452,3318.5
Victor_9_puntos_intento_3.mp4,323,2691.667,True,134.000,161.000,0.000,183.000,59.000,0.272222,0.566667,-0.777679,58.232,76.434,125.473,3298.5
Victor_9_puntos_intento_3.mp4,324,2700.000,True,134.000,161.000,0.000,182.000,59.000,0.266667,0.566667,-0.779601,58.601,77.463,122.976,3341.5
Victor_9_puntos_intento_3.mp4,325,2708.333,True,134.000,161.000,0.000,182.000,59.000,0.266667,0.566667,-0.779601,58.943,77.764,119.505,3368.0
Victor_9_puntos_intento_3.mp4,326,2716.667,True,134.000,161.000,0.000,182.000,59.000,0.266667,0.566667,-0.779601,59.035,77.951,119.410,3389.0
Victor_9_puntos_intento_3.mp4,327,2725.000,True,134.000,161.000,0.000,183.000,59.000,0.272222,0.566667,-0.777679,59.271,76.327,122.795,3372.0
Victor_9_puntos_intento_3.mp4,328,2733.333,True,134.000,161.000,0.000,183.000,59.000,0.272222,0.566667,-0.777679,58.974,75.838,122.833,3298.5
Victor_9_puntos_intento_3.mp4,329,2741.667,True,134.000,161.000,0.000,183.000,59.000,0.272222,0.566667,-0.777679,58.751,76.015,123.614,3297.0
Victor_9_puntos_intento_3.mp4,330,2750.000,True,134.000,161.000,0.000,182.000,59.000,0.266667,0.566667,-0.779601,58.831,76.775,122.628,3310.0
Victor_9_puntos_intento_3.mp4,331,2758.333,True,134.000,161.000,0.000,183.000,59.000,0.272222,0.566667,-0.777679,58.484,75.863,125.582,3303.5
Victor_9_puntos_intento_3.mp4,332,2766.667,True,134.000,161.000,0.000,183.000,59.000,0.272222,0.566667,-0.777679,58.615,76.852,123.581,3323.5
Victor_9_puntos_intento_3.mp4,333,2775.000,True,134.000,161.000,0.000,183.000,59.000,0.272222,0.566667,-0.777679,58.555,77.481,123.588,3337.5
Victor_9_puntos_intento_3.mp4,334,2783.333,True,134.000,161.000,0.000,182.000,59.000,0.266667,0.566667,-0.779601,59.033,77.371,122.232,3372.5
Victor_9_puntos_intento_3.mp4,335,2791.667,True,134.000,161.000,0.000,182.000,59.000,0.266667,0.566667,-0.779601,59.166,77.621,122.296,3382.5
Victor_9_puntos_intento_3.mp4,336,2800.000,True,134.000,161.000,0.000,183.000,59.000,0.272222,0.566667,-0.777679,59.338,76.420,123.870,3373.5
Victor_9_puntos_intento_3.mp4,337,2808.333,True,134.000,161.000,0.000,183.000,59.000,0.272222,0.566667,-0.777679,59.666,77.066,123.612,3386.0
Victor_9_puntos_intento_3.mp4,338,2816.667,True,134.000,161.000,0.000,183.000,59.000,0.272222,0.566667,-0.777679,59.518,76.195,124.867,3378.0
Victor_9_puntos_intento_3.mp4,339,2825.000,True,134.000,161.000,0.000,183.000,59.000,0.272222,0.566667,-0.777679,59.523,76.155,123.917,3384.5
Victor_9_puntos_intento_3.mp4,340,2833.333,True,134.000,161.000,0.000,182.000,59.000,0.266667,0.566667,-0.779601,59.860,77.787,121.858,3444.0
Victor_9_puntos_intento_3.mp4,341,2841.667,True,134.000,161.000,0.000,183.000,59.000,0.272222,0.566667,-0.777679,59.887,77.257,122.894,3434.5
Victor_9_puntos_intento_3.mp4,342,2850.000,True,134.000,161.000,0.000,182.000,59.000,0.266667,0.566667,-0.779601,59.935,77.854,122.558,3458.0
Victor_9_puntos_intento_3.mp4,343,2858.333,True,134.000,161.000,0.000,182.000,59.000,0.266667,0.566667,-0.779601,59.540,78.593,122.847,3449.0
Victor_9_puntos_intento_3.mp4,344,2866.667,True,134.000,161.000,0.000,183.000,59.000,0.272222,0.566667,-0.777679,59.685,77.919,122.520,3471.0
Victor_9_puntos_intento_3.mp4,345,2875.000,True,134.000,161.000,0.000,183.000,59.000,0.272222,0.566667,-0.777679,60.035,77.457,121.852,3460.0
Victor_9_puntos_intento_3.mp4,346,2883.333,True,134.000,161.000,0.000,182.000,59.000,0.266667,0.566667,-0.779601,59.777,79.333,121.695,3505.5
Victor_9_puntos_intento_3.mp4,347,2891.667,True,134.000,161.000,0.000,182.000,59.000,0.266667,0.566667,-0.779601,59.973,78.792,120.481,3484.0
Victor_9_puntos_intento_3.mp4,348,2900.000,True,134.000,161.000,0.000,182.000,59.000,0.266667,0.566667,-0.779601,60.449,78.365,120.416,3510.5
Victor_9_puntos_intento_3.mp4,349,2908.333,True,134.000,161.000,0.000,182.000,59.000,0.266667,0.566667,-0.779601,60.202,79.843,121.543,3522.0
Victor_9_puntos_intento_3.mp4,350,2916.667,True,134.000,161.000,0.000,182.000,59.000,0.266667,0.566667,-0.779601,60.531,79.501,124.067,3525.0
Victor_9_puntos_intento_3.mp4,351,2925.000,True,134.000,161.000,0.000,182.000,59.000,0.266667,0.566667,-0.779601,60.597,78.970,122.811,3531.0
Victor_9_puntos_intento_3.mp4,352,2933.333,True,134.000,161.000,0.000,183.000,59.000,0.272222,0.566667,-0.777679,60.422,78.907,122.065,3547.0
Victor_9_puntos_intento_3.mp4,353,2941.667,True,134.000,161.000,0.000,182.000,59.000,0.266667,0.566667,-0.779601,60.461,78.839,122.287,3534.0
Victor_9_puntos_intento_3.mp4,354,2950.000,True,134.000,161.000,0.000,182.000,58.000,0.266667,0.572222,-0.775532,60.290,80.140,118.932,3526.5
Victor_9_puntos_intento_3.mp4,355,2958.333,True,134.000,161.000,0.000,182.000,59.000,0.266667,0.566667,-0.779601,60.588,79.156,120.755,3531.5
Victor_9_puntos_intento_3.mp4,356,2966.667,True,134.000,161.000,0.000,182.000,59.000,0.266667,0.566667,-0.779601,60.591,78.900,120.070,3527.0
Victor_9_puntos_intento_3.mp4,357,2975.000,True,134.000,161.000,0.000,183.000,59.000,0.272222,0.566667,-0.777679,60.452,78.838,123.101,3516.0
Victor_9_puntos_intento_3.mp4,358,2983.333,True,134.000,161.000,0.000,182.000,59.000,0.266667,0.566667,-0.779601,60.877,78.671,122.179,3544.0
Victor_9_puntos_intento_3.mp4,359,2991.667,True,134.000,161.000,0.000,182.000,58.000,0.266667,0.572222,-0.775532,59.901,79.089,123.159,3517.5
Victor_9_puntos_intento_3.mp4,360,3000.000,True,134.000,161.000,0.000,183.000,58.000,0.272222,0.572222,-0.773600,59.602,78.808,123.242,3504.5
Victor_9_puntos_intento_3.mp4,361,3008.333,True,134.000,161.000,0.000,182.000,59.000,0.266667,0.566667,-0.779601,60.415,77.736,122.056,3477.0
Victor_9_puntos_intento_3.mp4,362,3016.667,True,134.000,161.000,0.000,182.000,59.000,0.266667,0.566667,-0.779601,60.283,78.516,121.463,3497.5
Victor_9_puntos_intento_3.mp4,363,3025.000,True,134.000,161.000,0.000,183.000,59.000,0.272222,0.566667,-0.777679,60.081,78.299,121.831,3480.5
Victor_9_puntos_intento_3.mp4,364,3033.333,True,134.000,161.000,0.000,183.000,58.000,0.272222,0.572222,-0.773600,60.035,78.271,121.769,3504.0
Victor_9_puntos_intento_3.mp4,365,3041.667,True,134.000,161.000,0.000,182.000,58.000,0.266667,0.572222,-0.775532,59.703,79.153,120.483,3467.0
Victor_9_puntos_intento_3.mp4,366,3050.000,True,134.000,161.000,0.000,182.000,58.000,0.266667,0.572222,-0.775532,59.517,78.388,122.240,3461.0
Victor_9_puntos_intento_3.mp4,367,3058.333,True,134.000,161.000,0.000,183.000,58.000,0.272222,0.572222,-0.773600,59.279,77.033,122.461,3421.0
Victor_9_puntos_intento_3.mp4,368,3066.667,True,134.000,161.000,0.000,182.000,58.000,0.266667,0.572222,-0.775532,59.072,78.480,122.874,3419.5
Victor_9_puntos_intento_3.mp4,369,3075.000,True,134.000,161.000,0.000,182.000,58.000,0.266667,0.572222,-0.775532,59.150,77.816,121.377,3402.0
Victor_9_puntos_intento_3.mp4,370,3083.333,True,134.000,161.000,0.000,183.000,58.000,0.272222,0.572222,-0.773600,59.215,77.095,126.167,3424.0
Victor_9_puntos_intento_3.mp4,371,3091.667,True,134.000,161.000,0.000,183.000,58.000,0.272222,0.572222,-0.773600,59.349,76.402,123.626,3392.0
Victor_9_puntos_intento_3.mp4,372,3100.000,True,134.000,161.000,0.000,183.000,58.000,0.272222,0.572222,-0.773600,59.814,76.598,124.926,3418.5
Victor_9_puntos_intento_3.mp4,373,3108.333,True,134.000,161.000,0.000,182.000,58.000,0.266667,0.572222,-0.775532,58.759,77.766,122.431,3321.5
Victor_9_puntos_intento_3.mp4,374,3116.667,True,134.000,161.000,0.000,182.000,58.000,0.266667,0.572222,-0.775532,58.807,77.595,122.934,3348.0
Victor_9_puntos_intento_3.mp4,375,3125.000,True,134.000,161.000,0.000,182.000,58.000,0.266667,0.572222,-0.775532,59.079,77.794,122.333,3381.5
Victor_9_puntos_intento_3.mp4,376,3133.333,True,134.000,161.000,0.000,182.000,58.000,0.266667,0.572222,-0.775532,58.570,77.770,122.352,3379.0
Victor_9_puntos_intento_3.mp4,377,3141.667,True,134.000,161.000,0.000,183.000,58.000,0.272222,0.572222,-0.773600,58.524,76.675,121.688,3311.5
Victor_9_puntos_intento_3.mp4,378,3150.000,True,134.000,161.000,0.000,185.000,58.000,0.283333,0.572222,-0.769600,58.784,76.439,123.591,3369.0
Victor_9_puntos_intento_3.mp4,379,3158.333,True,134.000,161.000,0.000,185.000,58.000,0.283333,0.572222,-0.769600,57.937,76.465,122.790,3309.5
Victor_9_puntos_intento_3.mp4,380,3166.667,True,134.000,161.000,0.000,184.000,58.000,0.277778,0.572222,-0.771622,58.144,76.800,120.888,3343.0
Victor_9_puntos_intento_3.mp4,381,3175.000,True,134.000,161.000,0.000,184.000,58.000,0.277778,0.572222,-0.771622,57.996,76.880,121.490,3311.5
Victor_9_puntos_intento_3.mp4,382,3183.333,True,134.000,161.000,0.000,184.000,58.000,0.277778,0.572222,-0.771622,57.850,76.707,121.130,3328.0
Victor_9_puntos_intento_3.mp4,383,3191.667,True,134.000,161.000,0.000,184.000,58.000,0.277778,0.572222,-0.771622,58.057,77.116,120.487,3297.0
Victor_9_puntos_intento_3.mp4,384,3200.000,True,134.000,161.000,0.000,184.000,58.000,0.277778,0.572222,-0.771622,57.994,76.812,120.722,3315.0
Victor_9_puntos_intento_3.mp4,385,3208.333,True,134.000,161.000,0.000,183.000,58.000,0.272222,0.572222,-0.773600,57.839,77.314,119.858,3296.0
Victor_9_puntos_intento_3.mp4,386,3216.667,True,134.000,161.000,0.000,184.000,58.000,0.277778,0.572222,-0.771622,58.187,76.073,122.123,3306.5
Victor_9_puntos_intento_3.mp4,387,3225.000,True,134.000,161.000,0.000,183.000,58.000,0.272222,0.572222,-0.773600,57.764,77.292,120.543,3283.5
Victor_9_puntos_intento_3.mp4,388,3233.333,True,134.000,161.000,0.000,184.000,58.000,0.277778,0.572222,-0.771622,57.666,76.412,123.372,3279.0
Victor_9_puntos_intento_3.mp4,389,3241.667,True,134.000,161.000,0.000,184.000,58.000,0.277778,0.572222,-0.771622,57.777,76.054,122.321,3273.5
Victor_9_puntos_intento_3.mp4,390,3250.000,True,134.000,161.000,0.000,184.000,58.000,0.277778,0.572222,-0.771622,57.572,77.516,121.762,3295.0
Victor_9_puntos_intento_3.mp4,391,3258.333,True,134.000,161.000,0.000,184.000,58.000,0.277778,0.572222,-0.771622,57.722,76.232,122.102,3279.0
Victor_9_puntos_intento_3.mp4,392,3266.667,True,134.000,161.000,0.000,184.000,58.000,0.277778,0.572222,-0.771622,58.129,75.964,123.795,3299.0
Victor_9_puntos_intento_3.mp4,393,3275.000,True,134.000,161.000,0.000,184.000,58.000,0.277778,0.572222,-0.771622,57.741,76.696,121.919,3289.5
Victor_9_puntos_intento_3.mp4,394,3283.333,True,134.000,161.000,0.000,184.000,58.000,0.277778,0.572222,-0.771622,58.078,76.448,121.718,3321.5
Victor_9_puntos_intento_3.mp4,395,3291.667,True,134.000,161.000,0.000,185.000,58.000,0.283333,0.572222,-0.769600,57.824,76.033,122.415,3284.0
Victor_9_puntos_intento_3.mp4,396,3300.000,True,134.000,161.000,0.000,184.000,58.000,0.277778,0.572222,-0.771622,58.071,76.101,121.646,3286.5
Victor_9_puntos_intento_3.mp4,397,3308.333,True,134.000,161.000,0.000,184.000,58.000,0.277778,0.572222,-0.771622,57.798,76.962,120.916,3277.0
Victor_9_puntos_intento_3.mp4,398,3316.667,True,134.000,161.000,0.000,184.000,58.000,0.277778,0.572222,-0.771622,57.958,76.602,122.137,3279.0
Victor_9_puntos_intento_3.mp4,399,3325.000,True,134.000,161.000,0.000,184.000,58.000,0.277778,0.572222,-0.771622,57.950,76.734,122.754,3289.0
Victor_9_puntos_intento_3.mp4,400,3333.333,True,134.000,161.000,0.000,185.000,58.000,0.283333,0.572222,-0.769600,57.976,76.254,122.899,3295.0
Victor_9_puntos_intento_3.mp4,401,3341.667,True,134.000,161.000,0.000,185.000,58.000,0.283333,0.572222,-0.769600,57.736,76.803,122.665,3306.0
Victor_9_puntos_intento_3.mp4,402,3350.000,True,134.000,161.000,0.000,185.000,58.000,0.283333,0.572222,-0.769600,58.000,76.782,123.259,3317.5
Victor_9_puntos_intento_3.mp4,403,3358.333,True,134.000,161.000,0.000,184.000,58.000,0.277778,0.572222,-0.771622,58.340,76.773,120.974,3291.5
Victor_9_puntos_intento_3.mp4,404,3366.667,True,134.000,161.000,0.000,184.000,58.000,0.277778,0.572222,-0.771622,58.073,76.626,122.463,3312.0
Victor_9_puntos_intento_3.mp4,405,3375.000,True,134.000,161.000,0.000,185.000,59.000,0.283333,0.566667,-0.773700,58.469,76.248,123.878,3317.0
Victor_9_puntos_intento_3.mp4,406,3383.333,True,134.000,161.000,0.000,184.000,59.000,0.277778,0.566667,-0.775712,58.659,76.648,121.905,3329.5
Victor_9_puntos_intento_3.mp4,407,3391.667,True,134.000,161.000,0.000,184.000,59.000,0.277778,0.566667,-0.775712,58.668,76.577,120.967,3326.0
Victor_9_puntos_intento_3.mp4,408,3400.000,True,134.000,161.000,0.000,184.000,59.000,0.277778,0.566667,-0.775712,58.947,76.647,121.271,3348.5
Victor_9_puntos_intento_3.mp4,409,3408.333,True,134.000,161.000,0.000,184.000,58.000,0.277778,0.572222,-0.771622,58.513,76.900,122.466,3301.0
Victor_9_puntos_intento_3.mp4,410,3416.667,True,134.000,161.000,0.000,185.000,59.000,0.283333,0.566667,-0.773700,58.331,76.964,123.055,3337.5
Victor_9_puntos_intento_3.mp4,411,3425.000,True,134.000,161.000,0.000,185.000,59.000,0.283333,0.566667,-0.773700,58.663,75.501,124.321,3345.0
Victor_9_puntos_intento_3.mp4,412,3433.333,True,134.000,161.000,0.000,185.000,59.000,0.283333,0.566667,-0.773700,58.680,76.558,122.849,3365.5
Victor_9_puntos_intento_3.mp4,413,3441.667,True,134.000,161.000,0.000,185.000,59.000,0.283333,0.566667,-0.773700,58.710,76.028,124.610,3359.0
Victor_9_puntos_intento_3.mp4,414,3450.000,True,134.000,161.000,0.000,185.000,59.000,0.283333,0.566667,-0.773700,59.051,76.618,122.125,3363.5
Victor_9_puntos_intento_3.mp4,415,3458.333,True,134.000,161.000,0.000,185.000,59.000,0.283333,0.566667,-0.773700,59.463,75.562,126.561,3359.0
Victor_9_puntos_intento_3.mp4,416,3466.667,True,134.000,161.000,0.000,185.000,59.000,0.283333,0.566667,-0.773700,59.266,76.451,123.492,3362.0
Victor_9_puntos_intento_3.mp4,417,3475.000,True,134.000,161.000,0.000,185.000,59.000,0.283333,0.566667,-0.773700,58.831,76.792,123.054,3365.0
Victor_9_puntos_intento_3.mp4,418,3483.333,True,134.000,161.000,0.000,185.000,58.000,0.283333,0.572222,-0.769600,58.935,76.847,123.989,3373.0
Victor_9_puntos_intento_3.mp4,419,3491.667,True,134.000,161.000,0.000,186.000,59.000,0.288889,0.566667,-0.771642,59.548,74.671,125.599,3368.0
Victor_9_puntos_intento_3.mp4,420,3500.000,True,134.000,161.000,0.000,185.000,58.000,0.283333,0.572222,-0.769600,59.105,75.961,125.840,3372.0
Victor_9_puntos_intento_3.mp4,421,3508.333,True,134.000,161.000,0.000,185.000,59.000,0.283333,0.566667,-0.773700,59.548,76.361,122.491,3374.5
Victor_9_puntos_intento_3.mp4,422,3516.667,True,134.000,161.000,0.000,185.000,58.000,0.283333,0.572222,-0.769600,59.191,77.042,122.618,3386.0
Victor_9_puntos_intento_3.mp4,423,3525.000,True,134.000,161.000,0.000,184.000,58.000,0.277778,0.572222,-0.771622,59.000,77.374,121.586,3392.5
Victor_9_puntos_intento_3.mp4,424,3533.333,True,134.000,161.000,0.000,184.000,58.000,0.277778,0.572222,-0.771622,59.131,77.811,119.838,3384.5
Victor_9_puntos_intento_3.mp4,425,3541.667,True,134.000,161.000,0.000,184.000,58.000,0.277778,0.572222,-0.771622,59.501,76.502,122.215,3372.5
Victor_9_puntos_intento_3.mp4,426,3550.000,True,134.000,161.000,0.000,184.000,59.000,0.277778,0.566667,-0.775712,59.900,75.544,122.061,3387.5
Victor_9_puntos_intento_3.mp4,427,3558.333,True,134.000,161.000,0.000,181.000,59.000,0.261111,0.566667,-0.781479,60.305,76.631,123.469,3399.5
Victor_9_puntos_intento_3.mp4,428,3566.667,True,134.000,161.000,0.000,182.000,59.000,0.266667,0.566667,-0.779601,60.115,76.754,122.253,3359.0
Victor_9_puntos_intento_3.mp4,429,3575.000,True,134.000,161.000,0.000,182.000,59.000,0.266667,0.566667,-0.779601,59.455,76.384,121.527,3355.0
Victor_9_puntos_intento_3.mp4,430,3583.333,True,134.000,161.000,0.000,182.000,59.000,0.266667,0.566667,-0.779601,59.686,76.118,121.777,3373.5
Victor_9_puntos_intento_3.mp4,431,3591.667,True,134.000,161.000,0.000,183.000,58.000,0.272222,0.572222,-0.773600,59.617,76.054,122.067,3375.0
Victor_9_puntos_intento_3.mp4,432,3600.000,True,134.000,161.000,0.000,183.000,58.000,0.272222,0.572222,-0.773600,59.485,75.898,122.419,3373.5
Victor_9_puntos_intento_3.mp4,433,3608.333,True,134.000,161.000,0.000,182.000,58.000,0.266667,0.572222,-0.775532,59.481,76.792,120.640,3369.5
Victor_9_puntos_intento_3.mp4,434,3616.667,True,134.000,161.000,0.000,182.000,58.000,0.266667,0.572222,-0.775532,59.116,77.189,121.113,3362.5
Victor_9_puntos_intento_3.mp4,435,3625.000,True,134.000,161.000,0.000,182.000,58.000,0.266667,0.572222,-0.775532,58.796,76.837,121.380,3338.5
Victor_9_puntos_intento_3.mp4,436,3633.333,True,134.000,161.000,0.000,182.000,58.000,0.266667,0.572222,-0.775532,59.128,76.621,122.675,3375.0
Victor_9_puntos_intento_3.mp4,437,3641.667,True,134.000,161.000,0.000,182.000,58.000,0.266667,0.572222,-0.775532,58.922,76.645,122.530,3352.5
Victor_9_puntos_intento_3.mp4,438,3650.000,True,134.000,161.000,0.000,182.000,59.000,0.266667,0.566667,-0.779601,59.060,75.974,122.606,3331.0
Victor_9_puntos_intento_3.mp4,439,3658.333,True,134.000,161.000,0.000,181.000,59.000,0.261111,0.566667,-0.781479,59.284,76.392,121.660,3327.0
Victor_9_puntos_intento_3.mp4,440,3666.667,True,134.000,161.000,0.000,181.000,59.000,0.261111,0.566667,-0.781479,58.641,76.076,122.785,3324.0
Victor_9_puntos_intento_3.mp4,441,3675.000,True,134.000,161.000,0.000,181.000,59.000,0.261111,0.566667,-0.781479,58.800,76.336,123.240,3332.0
Victor_9_puntos_intento_3.mp4,442,3683.333,True,134.000,161.000,0.000,181.000,59.000,0.261111,0.566667,-0.781479,58.864,75.641,125.206,3313.0
Victor_9_puntos_intento_3.mp4,443,3691.667,True,134.000,161.000,0.000,182.000,59.000,0.266667,0.566667,-0.779601,58.475,76.310,124.245,3281.0
Victor_9_puntos_intento_3.mp4,444,3700.000,True,134.000,161.000,0.000,183.000,59.000,0.272222,0.566667,-0.777679,58.257,76.665,123.058,3284.0
Victor_9_puntos_intento_3.mp4,445,3708.333,True,134.000,161.000,0.000,183.000,58.000,0.272222,0.572222,-0.773600,58.045,76.570,120.107,3268.5
Victor_9_puntos_intento_3.mp4,446,3716.667,True,134.000,161.000,0.000,183.000,58.000,0.272222,0.572222,-0.773600,58.299,76.079,121.736,3261.5
Victor_9_puntos_intento_3.mp4,447,3725.000,True,134.000,161.000,0.000,183.000,58.000,0.272222,0.572222,-0.773600,58.117,74.990,123.698,3260.0
Victor_9_puntos_intento_3.mp4,448,3733.333,True,134.000,161.000,0.000,184.000,58.000,0.277778,0.572222,-0.771622,58.375,74.192,123.839,3287.5
Victor_9_puntos_intento_3.mp4,449,3741.667,True,134.000,161.000,0.000,184.000,58.000,0.277778,0.572222,-0.771622,57.753,75.569,121.937,3260.5
Victor_9_puntos_intento_3.mp4,450,3750.000,True,134.000,161.000,0.000,184.000,58.000,0.277778,0.572222,-0.771622,58.242,74.724,123.278,3290.5
Victor_9_puntos_intento_3.mp4,451,3758.333,True,134.000,161.000,0.000,184.000,57.000,0.277778,0.577778,-0.767471,58.404,75.764,121.961,3285.0
Victor_9_puntos_intento_3.mp4,452,3766.667,True,134.000,161.000,0.000,184.000,58.000,0.277778,0.572222,-0.771622,58.520,75.952,120.647,3290.5
Victor_9_puntos_intento_3.mp4,453,3775.000,True,134.000,161.000,0.000,184.000,58.000,0.277778,0.572222,-0.771622,58.515,75.250,123.591,3288.0
Victor_9_puntos_intento_3.mp4,454,3783.333,True,134.000,161.000,0.000,184.000,58.000,0.277778,0.572222,-0.771622,58.238,75.573,123.017,3283.5
Victor_9_puntos_intento_3.mp4,455,3791.667,True,134.000,161.000,0.000,184.000,58.000,0.277778,0.572222,-0.771622,58.062,76.302,120.286,3258.5
Victor_9_puntos_intento_3.mp4,456,3800.000,True,134.000,161.000,0.000,184.000,58.000,0.277778,0.572222,-0.771622,58.066,76.210,123.062,3277.0
Victor_9_puntos_intento_3.mp4,457,3808.333,True,134.000,161.000,0.000,184.000,58.000,0.277778,0.572222,-0.771622,57.638,76.565,120.542,3254.0
Victor_9_puntos_intento_3.mp4,458,3816.667,True,134.000,161.000,0.000,184.000,58.000,0.277778,0.572222,-0.771622,58.323,75.837,123.616,3277.0
Victor_9_puntos_intento_3.mp4,459,3825.000,True,134.000,161.000,0.000,184.000,57.000,0.277778,0.577778,-0.767471,58.041,75.689,122.883,3240.5
Victor_9_puntos_intento_3.mp4,460,3833.333,True,134.000,161.000,0.000,184.000,57.000,0.277778,0.577778,-0.767471,58.197,76.609,121.122,3257.5
Victor_9_puntos_intento_3.mp4,461,3841.667,True,134.000,161.000,0.000,184.000,58.000,0.277778,0.572222,-0.771622,58.253,75.431,121.328,3246.5
Victor_9_puntos_intento_3.mp4,462,3850.000,True,134.000,161.000,0.000,184.000,58.000,0.277778,0.572222,-0.771622,58.075,76.312,121.075,3270.0
Victor_9_puntos_intento_3.mp4,463,3858.333,True,134.000,161.000,0.000,184.000,58.000,0.277778,0.572222,-0.771622,57.825,75.814,122.715,3224.0
Victor_9_puntos_intento_3.mp4,464,3866.667,True,134.000,161.000,0.000,184.000,58.000,0.277778,0.572222,-0.771622,57.791,75.772,120.963,3239.5
Victor_9_puntos_intento_3.mp4,465,3875.000,True,134.000,161.000,0.000,184.000,58.000,0.277778,0.572222,-0.771622,57.484,75.521,121.116,3229.0
Victor_9_puntos_intento_3.mp4,466,3883.333,True,134.000,161.000,0.000,184.000,58.000,0.277778,0.572222,-0.771622,57.534,76.054,121.115,3245.5
Victor_9_puntos_intento_3.mp4,467,3891.667,True,134.000,161.000,0.000,184.000,58.000,0.277778,0.572222,-0.771622,58.073,74.650,121.169,3230.5
Victor_9_puntos_intento_3.mp4,468,3900.000,True,134.000,161.000,0.000,184.000,57.000,0.277778,0.577778,-0.767471,57.991,75.685,121.921,3263.0
Victor_9_puntos_intento_3.mp4,469,3908.333,True,134.000,161.000,0.000,184.000,58.000,0.277778,0.572222,-0.771622,58.381,75.279,120.207,3253.0
Victor_9_puntos_intento_3.mp4,470,3916.667,True,134.000,161.000,0.000,184.000,57.000,0.277778,0.577778,-0.767471,57.930,75.971,121.354,3251.5
Victor_9_puntos_intento_3.mp4,471,3925.000,True,134.000,161.000,0.000,184.000,57.000,0.277778,0.577778,-0.767471,57.929,76.158,121.061,3266.5
Victor_9_puntos_intento_3.mp4,472,3933.333,True,134.000,161.000,0.000,184.000,57.000,0.277778,0.577778,-0.767471,57.818,75.875,123.532,3253.5
Victor_9_puntos_intento_3.mp4,473,3941.667,True,134.000,161.000,0.000,184.000,57.000,0.277778,0.577778,-0.767471,57.972,75.702,121.544,3240.0
Victor_9_puntos_intento_3.mp4,474,3950.000,True,134.000,161.000,0.000,184.000,57.000,0.277778,0.577778,-0.767471,58.166,76.757,119.061,3255.5
Victor_9_puntos_intento_3.mp4,475,3958.333,True,134.000,161.000,0.000,184.000,57.000,0.277778,0.577778,-0.767471,58.553,76.713,118.698,3281.5
Victor_9_puntos_intento_3.mp4,476,3966.667,True,134.000,161.000,0.000,184.000,57.000,0.277778,0.577778,-0.767471,58.150,76.870,118.920,3278.0
Victor_9_puntos_intento_3.mp4,477,3975.000,True,134.000,161.000,0.000,184.000,57.000,0.277778,0.577778,-0.767471,58.328,76.707,119.308,3283.5
Victor_9_puntos_intento_3.mp4,478,3983.333,True,134.000,161.000,0.000,184.000,57.000,0.277778,0.577778,-0.767471,58.395,76.422,120.677,3303.5
Victor_9_puntos_intento_3.mp4,479,3991.667,True,134.000,161.000,0.000,184.000,57.000,0.277778,0.577778,-0.767471,58.436,76.192,119.791,3310.0
Victor_9_puntos_intento_3.mp4,480,4000.000,True,134.000,161.000,0.000,185.000,57.000,0.283333,0.577778,-0.765438,58.694,75.410,121.593,3310.5
Victor_9_puntos_intento_3.mp4,481,4008.333,True,134.000,161.000,0.000,184.000,57.000,0.277778,0.577778,-0.767471,58.339,77.612,120.343,3315.5
Victor_9_puntos_intento_3.mp4,482,4016.667,True,134.000,161.000,0.000,184.000,57.000,0.277778,0.577778,-0.767471,58.945,77.111,119.685,3337.0
Victor_9_puntos_intento_3.mp4,483,4025.000,True,134.000,161.000,0.000,184.000,57.000,0.277778,0.577778,-0.767471,58.645,77.552,119.757,3338.0
Victor_9_puntos_intento_3.mp4,484,4033.333,True,134.000,161.000,0.000,184.000,57.000,0.277778,0.577778,-0.767471,58.782,77.463,120.060,3370.5
Victor_9_puntos_intento_3.mp4,485,4041.667,True,134.000,161.000,0.000,184.000,57.000,0.277778,0.577778,-0.767471,58.790,76.621,119.491,3336.5
Victor_9_puntos_intento_3.mp4,486,4050.000,True,134.000,161.000,0.000,184.000,58.000,0.277778,0.572222,-0.771622,59.218,77.121,119.285,3391.0
Victor_9_puntos_intento_3.mp4,487,4058.333,True,134.000,161.000,0.000,184.000,58.000,0.277778,0.572222,-0.771622,59.209,76.843,120.016,3371.5
Victor_9_puntos_intento_3.mp4,488,4066.667,True,134.000,161.000,0.000,184.000,58.000,0.277778,0.572222,-0.771622,59.027,76.769,119.952,3380.0
Victor_9_puntos_intento_3.mp4,489,4075.000,True,134.000,161.000,0.000,184.000,58.000,0.277778,0.572222,-0.771622,59.533,76.994,121.285,3396.5
Victor_9_puntos_intento_3.mp4,490,4083.333,True,134.000,161.000,0.000,184.000,58.000,0.277778,0.572222,-0.771622,59.248,77.429,120.130,3397.5
Victor_9_puntos_intento_3.mp4,491,4091.667,True,134.000,161.000,0.000,184.000,58.000,0.277778,0.572222,-0.771622,59.258,78.346,119.518,3407.0
Victor_9_puntos_intento_3.mp4,492,4100.000,True,134.000,161.000,0.000,184.000,58.000,0.277778,0.572222,-0.771622,59.183,78.571,119.172,3404.5
Victor_9_puntos_intento_3.mp4,493,4108.333,True,134.000,161.000,0.000,184.000,58.000,0.277778,0.572222,-0.771622,59.384,77.860,119.668,3352.0
Victor_9_puntos_intento_3.mp4,494,4116.667,True,134.000,161.000,0.000,184.000,58.000,0.277778,0.572222,-0.771622,59.492,78.020,120.960,3435.0
Victor_9_puntos_intento_3.mp4,495,4125.000,True,134.000,161.000,0.000,183.000,58.000,0.272222,0.572222,-0.773600,59.174,78.746,117.890,3402.5
Victor_9_puntos_intento_3.mp4,496,4133.333,True,134.000,161.000,0.000,184.000,58.000,0.277778,0.572222,-0.771622,59.256,77.988,120.674,3404.0
Victor_9_puntos_intento_3.mp4,497,4141.667,True,134.000,161.000,0.000,184.000,58.000,0.277778,0.572222,-0.771622,59.617,77.772,122.665,3406.0
Victor_9_puntos_intento_3.mp4,498,4150.000,True,134.000,161.000,0.000,183.000,58.000,0.272222,0.572222,-0.773600,59.512,78.120,119.827,3421.0
Victor_9_puntos_intento_3.mp4,499,4158.333,True,134.000,161.000,0.000,183.000,58.000,0.272222,0.572222,-0.773600,59.100,78.279,119.307,3386.5
Victor_9_puntos_intento_3.mp4,500,4166.667,True,134.000,161.000,0.000,183.000,58.000,0.272222,0.572222,-0.773600,59.517,77.630,119.353,3382.5
Victor_9_puntos_intento_3.mp4,501,4175.000,True,134.000,161.000,0.000,183.000,58.000,0.272222,0.572222,-0.773600,59.726,77.551,119.892,3397.0
Victor_9_puntos_intento_3.mp4,502,4183.333,True,134.000,161.000,0.000,184.000,58.000,0.277778,0.572222,-0.771622,59.575,77.111,120.790,3428.0
Victor_9_puntos_intento_3.mp4,503,4191.667,True,134.000,161.000,0.000,183.000,57.000,0.272222,0.577778,-0.769459,59.631,78.038,117.863,3412.0
Victor_9_puntos_intento_3.mp4,504,4200.000,True,134.000,161.000,0.000,183.000,57.000,0.272222,0.577778,-0.769459,59.165,78.157,118.318,3415.0
Victor_9_puntos_intento_3.mp4,505,4208.333,True,134.000,161.000,0.000,184.000,57.000,0.277778,0.577778,-0.767471,59.446,77.123,121.721,3406.0
Victor_9_puntos_intento_3.mp4,506,4216.667,True,134.000,161.000,0.000,184.000,57.000,0.277778,0.577778,-0.767471,59.347,76.589,121.763,3403.0
Victor_9_puntos_intento_3.mp4,507,4225.000,True,134.000,161.000,0.000,184.000,57.000,0.277778,0.577778,-0.767471,59.651,76.926,122.475,3412.5
Victor_9_puntos_intento_3.mp4,508,4233.333,True,134.000,161.000,0.000,184.000,58.000,0.277778,0.572222,-0.771622,59.642,77.245,118.638,3425.5
Victor_9_puntos_intento_3.mp4,509,4241.667,True,134.000,161.000,0.000,184.000,58.000,0.277778,0.572222,-0.771622,59.391,76.771,118.414,3378.5
Victor_9_puntos_intento_3.mp4,510,4250.000,True,134.000,161.000,0.000,184.000,58.000,0.277778,0.572222,-0.771622,59.582,76.765,119.263,3402.5
Victor_9_puntos_intento_3.mp4,511,4258.333,True,134.000,161.000,0.000,184.000,58.000,0.277778,0.572222,-0.771622,59.040,76.493,120.657,3393.0
Victor_9_puntos_intento_3.mp4,512,4266.667,True,134.000,161.000,0.000,184.000,57.000,0.277778,0.577778,-0.767471,58.815,78.151,118.015,3386.0
Victor_9_puntos_intento_3.mp4,513,4275.000,True,134.000,161.000,0.000,184.000,57.000,0.277778,0.577778,-0.767471,58.537,76.837,124.127,3349.0
Victor_9_puntos_intento_3.mp4,514,4283.333,True,134.000,161.000,0.000,185.000,57.000,0.283333,0.577778,-0.765438,58.726,75.543,124.443,3363.5
Victor_9_puntos_intento_3.mp4,515,4291.667,True,134.000,161.000,0.000,184.000,57.000,0.277778,0.577778,-0.767471,58.716,77.248,119.151,3351.0
Victor_9_puntos_intento_3.mp4,516,4300.000,True,134.000,161.000,0.000,184.000,57.000,0.277778,0.577778,-0.767471,58.647,77.953,118.273,3366.0
Victor_9_puntos_intento_3.mp4,517,4308.333,True,134.000,161.000,0.000,184.000,58.000,0.277778,0.572222,-0.771622,58.626,77.669,119.347,3311.0
Victor_9_puntos_intento_3.mp4,518,4316.667,True,134.000,161.000,0.000,184.000,57.000,0.277778,0.577778,-0.767471,58.590,76.955,120.838,3313.0
Victor_9_puntos_intento_3.mp4,519,4325.000,True,134.000,161.000,0.000,184.000,57.000,0.277778,0.577778,-0.767471,58.613,77.277,120.636,3311.5
Victor_9_puntos_intento_3.mp4,520,4333.333,True,134.000,161.000,0.000,184.000,58.000,0.277778,0.572222,-0.771622,58.670,76.919,121.034,3340.0
Victor_9_puntos_intento_3.mp4,521,4341.667,True,134.000,161.000,0.000,184.000,58.000,0.277778,0.572222,-0.771622,58.438,77.684,117.750,3308.0
Victor_9_puntos_intento_3.mp4,522,4350.000,True,134.000,161.000,0.000,184.000,58.000,0.277778,0.572222,-0.771622,58.445,77.033,119.148,3287.0
Victor_9_puntos_intento_3.mp4,523,4358.333,True,134.000,161.000,0.000,184.000,58.000,0.277778,0.572222,-0.771622,58.780,76.399,118.980,3300.0
Victor_9_puntos_intento_3.mp4,524,4366.667,True,134.000,161.000,0.000,184.000,58.000,0.277778,0.572222,-0.771622,58.494,76.593,119.376,3298.0
Victor_9_puntos_intento_3.mp4,525,4375.000,True,134.000,161.000,0.000,184.000,58.000,0.277778,0.572222,-0.771622,58.548,77.300,119.317,3302.0
Victor_9_puntos_intento_3.mp4,526,4383.333,True,134.000,161.000,0.000,185.000,58.000,0.283333,0.572222,-0.769600,58.604,74.634,122.532,3292.5
Victor_9_puntos_intento_3.mp4,527,4391.667,True,134.000,161.000,0.000,184.000,58.000,0.277778,0.572222,-0.771622,58.118,77.281,119.596,3277.5
Victor_9_puntos_intento_3.mp4,528,4400.000,True,134.000,161.000,0.000,184.000,58.000,0.277778,0.572222,-0.771622,58.130,77.230,119.957,3289.5
Victor_9_puntos_intento_3.mp4,529,4408.333,True,134.000,161.000,0.000,185.000,58.000,0.283333,0.572222,-0.769600,58.316,76.212,121.329,3279.0
Victor_9_puntos_intento_3.mp4,530,4416.667,True,134.000,161.000,0.000,185.000,58.000,0.283333,0.572222,-0.769600,58.195,75.367,123.218,3261.5
Victor_9_puntos_intento_3.mp4,531,4425.000,True,134.000,161.000,0.000,185.000,58.000,0.283333,0.572222,-0.769600,58.415,75.204,124.178,3270.5
Victor_9_puntos_intento_3.mp4,532,4433.333,True,134.000,161.000,0.000,184.000,58.000,0.277778,0.572222,-0.771622,57.824,76.633,121.812,3248.5
Victor_9_puntos_intento_3.mp4,533,4441.667,True,134.000,161.000,0.000,185.000,58.000,0.283333,0.572222,-0.769600,58.226,75.696,124.581,3256.0
Victor_9_puntos_intento_3.mp4,534,4450.000,True,134.000,161.000,0.000,185.000,58.000,0.283333,0.572222,-0.769600,58.183,75.498,121.478,3251.0
Victor_9_puntos_intento_3.mp4,535,4458.333,True,134.000,161.000,0.000,185.000,58.000,0.283333,0.572222,-0.769600,58.042,74.894,122.774,3254.5
Victor_9_puntos_intento_3.mp4,536,4466.667,True,134.000,161.000,0.000,184.000,58.000,0.277778,0.572222,-0.771622,58.475,75.489,122.195,3276.5
Victor_9_puntos_intento_3.mp4,537,4475.000,True,134.000,161.000,0.000,179.000,60.000,0.250000,0.561111,-0.789084,60.540,74.208,121.108,3308.0
Victor_9_puntos_intento_3.mp4,538,4483.333,True,134.000,161.000,0.000,167.000,62.000,0.183333,0.550000,-0.814794,62.944,77.188,109.286,3754.5
Victor_9_puntos_intento_3.mp4,539,4491.667,True,134.000,161.000,0.000,156.000,64.000,0.122222,0.538889,-0.833463,64.221,79.006,102.575,3892.5
Victor_9_puntos_intento_3.mp4,540,4500.000,True,134.000,161.000,0.000,148.000,67.000,0.077778,0.522222,-0.849255,65.668,79.265,99.024,3994.0
Victor_9_puntos_intento_3.mp4,541,4508.333,True,134.000,161.000,0.000,140.000,70.000,0.033333,0.505556,-0.862150,66.410,79.920,96.460,4051.5
Victor_9_puntos_intento_3.mp4,542,4516.667,True,134.000,161.000,0.000,136.000,70.000,0.011111,0.505556,-0.862723,66.297,80.341,96.792,4056.5
Victor_9_puntos_intento_3.mp4,543,4525.000,True,134.000,161.000,0.000,137.000,70.000,0.016667,0.505556,-0.862633,66.036,79.404,100.385,4025.5
Victor_9_puntos_intento_3.mp4,544,4533.333,True,134.000,161.000,0.000,137.000,70.000,0.016667,0.505556,-0.862633,65.938,79.736,100.825,4024.5
Victor_9_puntos_intento_3.mp4,545,4541.667,True,134.000,161.000,0.000,137.000,70.000,0.016667,0.505556,-0.862633,65.473,79.648,100.698,4024.0
Victor_9_puntos_intento_3.mp4,546,4550.000,True,134.000,161.000,0.000,137.000,70.000,0.016667,0.505556,-0.862633,65.797,79.485,101.435,4063.5
Victor_9_puntos_intento_3.mp4,547,4558.333,True,134.000,161.000,0.000,137.000,70.000,0.016667,0.505556,-0.862633,66.385,79.656,101.746,4068.0
Victor_9_puntos_intento_3.mp4,548,4566.667,True,134.000,161.000,0.000,137.000,69.000,0.016667,0.511111,-0.859353,66.460,79.318,99.694,4061.0
Victor_9_puntos_intento_3.mp4,549,4575.000,True,134.000,161.000,0.000,137.000,69.000,0.016667,0.511111,-0.859353,66.477,79.103,100.459,4043.0
Victor_9_puntos_intento_3.mp4,550,4583.333,True,134.000,161.000,0.000,137.000,69.000,0.016667,0.511111,-0.859353,66.371,79.453,101.056,4043.5
Victor_9_puntos_intento_3.mp4,551,4591.667,True,134.000,161.000,0.000,138.000,69.000,0.022222,0.511111,-0.859227,66.249,78.628,103.010,4038.0
Victor_9_puntos_intento_3.mp4,552,4600.000,True,134.000,161.000,0.000,137.000,69.000,0.016667,0.511111,-0.859353,66.320,79.419,102.160,4060.5
Victor_9_puntos_intento_3.mp4,553,4608.333,True,134.000,161.000,0.000,137.000,69.000,0.016667,0.511111,-0.859353,66.563,79.507,100.689,4068.5
Victor_9_puntos_intento_3.mp4,554,4616.667,True,134.000,161.000,0.000,137.000,69.000,0.016667,0.511111,-0.859353,66.911,80.423,98.656,4091.5
Victor_9_puntos_intento_3.mp4,555,4625.000,True,134.000,161.000,0.000,137.000,69.000,0.016667,0.511111,-0.859353,66.583,80.397,99.098,4080.0
Victor_9_puntos_intento_3.mp4,556,4633.333,True,134.000,161.000,0.000,137.000,69.000,0.016667,0.511111,-0.859353,66.704,80.492,99.928,4101.0
Victor_9_puntos_intento_3.mp4,557,4641.667,True,134.000,161.000,0.000,137.000,69.000,0.016667,0.511111,-0.859353,66.200,79.778,98.312,4057.0
Victor_9_puntos_intento_3.mp4,558,4650.000,True,134.000,161.000,0.000,137.000,69.000,0.016667,0.511111,-0.859353,66.901,80.509,98.249,4109.5
Victor_9_puntos_intento_3.mp4,559,4658.333,True,134.000,161.000,0.000,138.000,69.000,0.022222,0.511111,-0.859227,66.622,80.165,100.722,4114.5
Victor_9_puntos_intento_3.mp4,560,4666.667,True,134.000,161.000,0.000,138.000,69.000,0.022222,0.511111,-0.859227,66.877,79.810,98.720,4101.5
Victor_9_puntos_intento_3.mp4,561,4675.000,True,134.000,161.000,0.000,138.000,69.000,0.022222,0.511111,-0.859227,66.580,80.190,98.655,4090.5
Victor_9_puntos_intento_3.mp4,562,4683.333,True,134.000,161.000,0.000,138.000,69.000,0.022222,0.511111,-0.859227,66.802,80.821,97.154,4126.0
Victor_9_puntos_intento_3.mp4,563,4691.667,True,134.000,161.000,0.000,138.000,69.000,0.022222,0.511111,-0.859227,66.781,80.633,97.542,4129.0
Victor_9_puntos_intento_3.mp4,564,4700.000,True,134.000,161.000,0.000,138.000,69.000,0.022222,0.511111,-0.859227,67.350,80.632,98.653,4146.0
Victor_9_puntos_intento_3.mp4,565,4708.333,True,134.000,161.000,0.000,138.000,69.000,0.022222,0.511111,-0.859227,67.553,80.625,98.289,4145.5
Victor_9_puntos_intento_3.mp4,566,4716.667,True,134.000,161.000,0.000,138.000,69.000,0.022222,0.511111,-0.859227,67.350,80.707,99.336,4156.5
Victor_9_puntos_intento_3.mp4,567,4725.000,True,134.000,161.000,0.000,135.000,70.000,0.005556,0.505556,-0.862776,68.846,80.058,96.379,4230.5
Victor_9_puntos_intento_3.mp4,568,4733.333,True,134.000,161.000,0.000,132.000,72.000,-0.011111,0.494444,-0.869138,68.574,81.401,95.691,4264.0
Victor_9_puntos_intento_3.mp4,569,4741.667,True,134.000,161.000,0.000,134.000,71.000,0.000000,0.500000,-0.866025,68.050,80.751,97.306,4205.0
Victor_9_puntos_intento_3.mp4,570,4750.000,True,134.000,161.000,0.000,134.000,70.000,0.000000,0.505556,-0.862794,67.593,81.590,95.584,4194.5
Victor_9_puntos_intento_3.mp4,571,4758.333,True,134.000,161.000,0.000,134.000,70.000,0.000000,0.505556,-0.862794,67.248,81.814,95.540,4189.0
Victor_9_puntos_intento_3.mp4,572,4766.667,True,134.000,161.000,0.000,134.000,70.000,0.000000,0.505556,-0.862794,67.817,81.789,96.019,4222.0
Victor_9_puntos_intento_3.mp4,573,4775.000,True,134.000,161.000,0.000,135.000,70.000,0.005556,0.505556,-0.862776,67.759,81.529,98.487,4241.0
Victor_9_puntos_intento_3.mp4,574,4783.333,True,134.000,161.000,0.000,135.000,70.000,0.005556,0.505556,-0.862776,68.165,82.047,95.248,4256.5
Victor_9_puntos_intento_3.mp4,575,4791.667,True,134.000,161.000,0.000,135.000,70.000,0.005556,0.505556,-0.862776,68.242,81.104,96.881,4251.5
Victor_9_puntos_intento_3.mp4,576,4800.000,True,134.000,161.000,0.000,135.000,70.000,0.005556,0.505556,-0.862776,68.668,81.405,98.198,4245.5
Victor_9_puntos_intento_3.mp4,577,4808.333,True,134.000,161.000,0.000,135.000,70.000,0.005556,0.505556,-0.862776,68.381,81.629,98.077,4253.0
Victor_9_puntos_intento_3.mp4,578,4816.667,True,134.000,161.000,0.000,135.000,70.000,0.005556,0.505556,-0.862776,68.428,82.009,97.626,4278.5
Victor_9_puntos_intento_3.mp4,579,4825.000,True,134.000,161.000,0.000,135.000,70.000,0.005556,0.505556,-0.862776,68.225,81.944,97.284,4272.5
Victor_9_puntos_intento_3.mp4,580,4833.333,True,134.000,161.000,0.000,135.000,69.000,0.005556,0.511111,-0.859497,68.272,81.866,98.440,4285.0
Victor_9_puntos_intento_3.mp4,581,4841.667,True,134.000,161.000,0.000,135.000,70.000,0.005556,0.505556,-0.862776,68.399,82.039,96.652,4261.5
Victor_9_puntos_intento_3.mp4,582,4850.000,True,134.000,161.000,0.000,135.000,69.000,0.005556,0.511111,-0.859497,68.302,82.131,97.599,4304.0
Victor_9_puntos_intento_3.mp4,583,4858.333,True,134.000,161.000,0.000,135.000,69.000,0.005556,0.511111,-0.859497,69.040,82.465,97.126,4337.0
Victor_9_puntos_intento_3.mp4,584,4866.667,True,134.000,161.000,0.000,135.000,69.000,0.005556,0.511111,-0.859497,68.721,82.265,95.499,4329.0
Victor_9_puntos_intento_3.mp4,585,4875.000,True,134.000,161.000,0.000,135.000,70.000,0.005556,0.505556,-0.862776,68.492,82.270,97.899,4333.0
Victor_9_puntos_intento_3.mp4,586,4883.333,True,134.000,161.000,0.000,135.000,70.000,0.005556,0.505556,-0.862776,68.086,82.556,97.726,4323.5
Victor_9_puntos_intento_3.mp4,587,4891.667,True,134.000,161.000,0.000,135.000,70.000,0.005556,0.505556,-0.862776,68.902,82.014,97.918,4322.0
Victor_9_puntos_intento_3.mp4,588,4900.000,True,134.000,161.000,0.000,135.000,70.000,0.005556,0.505556,-0.862776,68.913,82.389,95.491,4333.0
Victor_9_puntos_intento_3.mp4,589,4908.333,True,133.000,161.000,0.000,135.000,70.000,0.011111,0.505556,-0.862723,69.407,81.939,97.441,4316.5
Victor_9_puntos_intento_3.mp4,590,4916.667,True,133.000,161.000,0.000,135.000,70.000,0.011111,0.505556,-0.862723,69.608,82.223,96.485,4332.0
Victor_9_puntos_intento_3.mp4,591,4925.000,True,133.000,161.000,0.000,135.000,70.000,0.011111,0.505556,-0.862723,68.969,82.194,95.499,4332.0
Victor_9_puntos_intento_3.mp4,592,4933.333,True,133.000,161.000,0.000,135.000,70.000,0.011111,0.505556,-0.862723,68.541,82.927,97.177,4336.5
Victor_9_puntos_intento_3.mp4,593,4941.667,True,133.000,161.000,0.000,135.000,70.000,0.011111,0.505556,-0.862723,68.601,82.629,96.492,4318.5
Victor_9_puntos_intento_3.mp4,594,4950.000,True,133.000,161.000,0.000,135.000,70.000,0.011111,0.505556,-0.862723,68.367,82.528,95.536,4280.0
Victor_9_puntos_intento_3.mp4,595,4958.333,True,133.000,161.000,0.000,135.000,69.000,0.011111,0.511111,-0.859443,68.490,81.650,96.440,4265.5
Victor_9_puntos_intento_3.mp4,596,4966.667,True,133.000,161.000,0.000,135.000,69.000,0.011111,0.511111,-0.859443,68.182,81.953,95.960,4268.5
Victor_9_puntos_intento_3.mp4,597,4975.000,True,133.000,160.000,0.000,135.000,69.000,0.011111,0.505556,-0.862723,68.471,81.569,96.519,4262.0
Victor_9_puntos_intento_3.mp4,598,4983.333,True,133.000,160.000,0.000,135.000,69.000,0.011111,0.505556,-0.862723,68.022,81.043,97.902,4233.0
Victor_9_puntos_intento_3.mp4,599,4991.667,True,133.000,160.000,0.000,135.000,69.000,0.011111,0.505556,-0.862723,68.608,81.016,98.371,4251.0
Victor_9_puntos_intento_3.mp4,600,5000.000,True,133.000,160.000,0.000,135.000,69.000,0.011111,0.505556,-0.862723,68.380,81.339,96.057,4252.0
Victor_9_puntos_intento_3.mp4,601,5008.333,True,133.000,160.000,0.000,135.000,69.000,0.011111,0.505556,-0.862723,68.265,81.456,97.194,4220.0
Victor_9_puntos_intento_3.mp4,602,5016.667,True,133.000,160.000,0.000,135.000,69.000,0.011111,0.505556,-0.862723,67.957,81.309,95.891,4181.0
Victor_9_puntos_intento_3.mp4,603,5025.000,True,133.000,160.000,0.000,135.000,69.000,0.011111,0.505556,-0.862723,68.226,80.679,97.991,4203.5
Victor_9_puntos_intento_3.mp4,604,5033.333,True,133.000,160.000,0.000,135.000,69.000,0.011111,0.505556,-0.862723,68.114,80.725,97.404,4200.5
Victor_9_puntos_intento_3.mp4,605,5041.667,True,133.000,160.000,0.000,135.000,69.000,0.011111,0.505556,-0.862723,67.852,80.520,97.938,4189.0
Victor_9_puntos_intento_3.mp4,606,5050.000,True,133.000,160.000,0.000,135.000,69.000,0.011111,0.505556,-0.862723,67.569,80.327,97.174,4171.5
Victor_9_puntos_intento_3.mp4,607,5058.333,True,133.000,160.000,0.000,135.000,69.000,0.011111,0.505556,-0.862723,68.039,80.149,96.566,4169.5
Victor_9_puntos_intento_3.mp4,608,5066.667,True,133.000,160.000,0.000,135.000,69.000,0.011111,0.505556,-0.862723,67.587,80.326,96.223,4148.0
Victor_9_puntos_intento_3.mp4,609,5075.000,True,133.000,160.000,0.000,135.000,69.000,0.011111,0.505556,-0.862723,67.508,79.760,96.295,4138.0
Victor_9_puntos_intento_3.mp4,610,5083.333,True,133.000,160.000,0.000,135.000,69.000,0.011111,0.505556,-0.862723,67.919,80.185,94.720,4136.5
Victor_9_puntos_intento_3.mp4,611,5091.667,True,133.000,160.000,0.000,135.000,69.000,0.011111,0.505556,-0.862723,67.622,79.978,96.036,4122.5
Victor_9_puntos_intento_3.mp4,612,5100.000,True,133.000,160.000,0.000,135.000,69.000,0.011111,0.505556,-0.862723,67.424,80.177,95.515,4134.5
Victor_9_puntos_intento_3.mp4,613,5108.333,True,133.000,160.000,0.000,135.000,69.000,0.011111,0.505556,-0.862723,67.665,79.377,97.650,4090.5
Victor_9_puntos_intento_3.mp4,614,5116.667,True,133.000,160.000,0.000,135.000,68.000,0.011111,0.511111,-0.859443,67.741,79.741,97.782,4120.0
Victor_9_puntos_intento_3.mp4,615,5125.000,True,133.000,160.000,0.000,135.000,69.000,0.011111,0.505556,-0.862723,68.078,79.759,96.509,4110.0
Victor_9_puntos_intento_3.mp4,616,5133.333,True,133.000,160.000,0.000,135.000,68.000,0.011111,0.511111,-0.859443,67.572,79.203,96.610,4090.0
Victor_9_puntos_intento_3.mp4,617,5141.667,True,133.000,160.000,0.000,135.000,68.000,0.011111,0.511111,-0.859443,66.917,79.303,97.166,4075.5
Victor_9_puntos_intento_3.mp4,618,5150.000,True,133.000,160.000,0.000,135.000,68.000,0.011111,0.511111,-0.859443,67.208,79.673,97.148,4098.5
Victor_9_puntos_intento_3.mp4,619,5158.333,True,133.000,160.000,0.000,135.000,68.000,0.011111,0.511111,-0.859443,66.902,79.601,96.887,4081.5
Victor_9_puntos_intento_3.mp4,620,5166.667,True,133.000,160.000,0.000,135.000,68.000,0.011111,0.511111,-0.859443,66.943,79.530,96.195,4080.5
Victor_9_puntos_intento_3.mp4,621,5175.000,True,133.000,160.000,0.000,135.000,68.000,0.011111,0.511111,-0.859443,66.697,79.850,97.382,4058.5
Victor_9_puntos_intento_3.mp4,622,5183.333,True,133.000,160.000,0.000,135.000,68.000,0.011111,0.511111,-0.859443,67.175,79.524,97.979,4084.0
Victor_9_puntos_intento_3.mp4,623,5191.667,True,133.000,160.000,0.000,135.000,68.000,0.011111,0.511111,-0.859443,67.015,79.360,96.930,4066.5
Victor_9_puntos_intento_3.mp4,624,5200.000,True,133.000,160.000,0.000,135.000,68.000,0.011111,0.511111,-0.859443,66.564,79.344,96.853,4041.5
Victor_9_puntos_intento_3.mp4,625,5208.333,True,133.000,160.000,0.000,136.000,68.000,0.016667,0.511111,-0.859353,67.591,78.523,98.337,4054.0
Victor_9_puntos_intento_3.mp4,626,5216.667,True,133.000,160.000,0.000,136.000,67.000,0.016667,0.516667,-0.856024,66.854,79.492,96.618,4061.5
Victor_9_puntos_intento_3.mp4,627,5225.000,True,133.000,160.000,0.000,135.000,67.000,0.011111,0.516667,-0.856115,66.888,79.187,96.548,4045.0
Victor_9_puntos_intento_3.mp4,628,5233.333,True,133.000,160.000,0.000,135.000,68.000,0.011111,0.511111,-0.859443,67.514,79.629,95.755,4074.5
Victor_9_puntos_intento_3.mp4,629,5241.667,True,133.000,160.000,0.000,135.000,68.000,0.011111,0.511111,-0.859443,67.305,79.739,96.462,4058.5
Victor_9_puntos_intento_3.mp4,630,5250.000,True,133.000,160.000,0.000,136.000,68.000,0.016667,0.511111,-0.859353,66.635,79.188,96.477,4035.5
Victor_9_puntos_intento_3.mp4,631,5258.333,True,133.000,160.000,0.000,136.000,68.000,0.016667,0.511111,-0.859353,66.769,79.566,97.448,4049.0
Victor_9_puntos_intento_3.mp4,632,5266.667,True,133.000,160.000,0.000,136.000,67.000,0.016667,0.516667,-0.856024,66.620,79.574,97.212,4029.5
Victor_9_puntos_intento_3.mp4,633,5275.000,True,133.000,160.000,0.000,136.000,68.000,0.016667,0.511111,-0.859353,66.570,79.747,95.328,4009.0
Victor_9_puntos_intento_3.mp4,634,5283.333,True,133.000,160.000,0.000,135.000,68.000,0.011111,0.511111,-0.859443,66.138,81.266,94.572,4033.0
Victor_9_puntos_intento_3.mp4,635,5291.667,True,133.000,160.000,0.000,136.000,68.000,0.016667,0.511111,-0.859353,66.454,79.340,98.430,4040.0
Victor_9_puntos_intento_3.mp4,636,5300.000,True,133.000,160.000,0.000,136.000,68.000,0.016667,0.511111,-0.859353,66.449,78.969,98.536,4015.5
Victor_9_puntos_intento_3.mp4,637,5308.333,True,133.000,160.000,0.000,136.000,68.000,0.016667,0.511111,-0.859353,66.505,79.322,95.944,4001.5
Victor_9_puntos_intento_3.mp4,638,5316.667,True,133.000,160.000,0.000,136.000,68.000,0.016667,0.511111,-0.859353,66.267,79.290,97.967,4011.0
Victor_9_puntos_intento_3.mp4,639,5325.000,True,133.000,160.000,0.000,136.000,68.000,0.016667,0.511111,-0.859353,66.382,79.561,96.459,4018.5
Victor_9_puntos_intento_3.mp4,640,5333.333,True,133.000,160.000,0.000,136.000,68.000,0.016667,0.511111,-0.859353,66.698,78.833,96.741,4006.5
Victor_9_puntos_intento_3.mp4,641,5341.667,True,133.000,160.000,0.000,136.000,68.000,0.016667,0.511111,-0.859353,65.905,79.622,95.157,3982.0
Victor_9_puntos_intento_3.mp4,642,5350.000,True,133.000,160.000,0.000,136.000,68.000,0.016667,0.511111,-0.859353,66.523,78.473,97.297,4013.5
Victor_9_puntos_intento_3.mp4,643,5358.333,True,133.000,160.000,0.000,136.000,68.000,0.016667,0.511111,-0.859353,66.231,79.056,96.458,4006.5
Victor_9_puntos_intento_3.mp4,644,5366.667,True,133.000,160.000,0.000,136.000,68.000,0.016667,0.511111,-0.859353,66.750,78.879,97.947,4015.5
Victor_9_puntos_intento_3.mp4,645,5375.000,True,133.000,160.000,0.000,136.000,68.000,0.016667,0.511111,-0.859353,66.258,78.703,97.460,3992.0
Victor_9_puntos_intento_3.mp4,646,5383.333,True,133.000,160.000,0.000,136.000,68.000,0.016667,0.511111,-0.859353,66.546,78.885,95.980,4017.5
Victor_9_puntos_intento_3.mp4,647,5391.667,True,133.000,160.000,0.000,136.000,68.000,0.016667,0.511111,-0.859353,66.273,78.715,95.397,3980.0
Victor_9_puntos_intento_3.mp4,648,5400.000,True,133.000,160.000,0.000,136.000,68.000,0.016667,0.511111,-0.859353,66.218,78.884,93.830,3977.5
Victor_9_puntos_intento_3.mp4,649,5408.333,True,133.000,160.000,0.000,136.000,68.000,0.016667,0.511111,-0.859353,66.445,79.034,96.188,3995.0
Victor_9_puntos_intento_3.mp4,650,5416.667,True,133.000,160.000,0.000,136.000,68.000,0.016667,0.511111,-0.859353,66.324,78.964,96.514,4001.0
Victor_9_puntos_intento_3.mp4,651,5425.000,True,133.000,160.000,0.000,136.000,68.000,0.016667,0.511111,-0.859353,66.588,78.481,96.630,4010.5
Victor_9_puntos_intento_3.mp4,652,5433.333,True,133.000,160.000,0.000,135.000,68.000,0.011111,0.511111,-0.859443,66.999,78.720,98.073,4023.5
Victor_9_puntos_intento_3.mp4,653,5441.667,True,133.000,160.000,0.000,136.000,68.000,0.016667,0.511111,-0.859353,66.809,78.804,96.317,4010.0
Victor_9_puntos_intento_3.mp4,654,5450.000,True,133.000,160.000,0.000,135.000,68.000,0.011111,0.511111,-0.859443,67.026,78.879,96.363,4014.5
Victor_9_puntos_intento_3.mp4,655,5458.333,True,133.000,160.000,0.000,135.000,68.000,0.011111,0.511111,-0.859443,66.526,79.220,95.820,4012.0
Victor_9_puntos_intento_3.mp4,656,5466.667,True,133.000,160.000,0.000,135.000,68.000,0.011111,0.511111,-0.859443,66.627,79.344,96.389,4016.0
Victor_9_puntos_intento_3.mp4,657,5475.000,True,133.000,160.000,0.000,135.000,68.000,0.011111,0.511111,-0.859443,66.853,78.625,98.424,4030.5
Victor_9_puntos_intento_3.mp4,658,5483.333,True,133.000,160.000,0.000,136.000,68.000,0.016667,0.511111,-0.859353,66.539,78.848,97.755,4025.5
Victor_9_puntos_intento_3.mp4,659,5491.667,True,133.000,160.000,0.000,135.000,68.000,0.011111,0.511111,-0.859443,66.412,78.774,98.008,3999.0
Victor_9_puntos_intento_3.mp4,660,5500.000,True,133.000,160.000,0.000,136.000,68.000,0.016667,0.511111,-0.859353,66.467,78.743,97.723,4037.0
Victor_9_puntos_intento_3.mp4,661,5508.333,True,133.000,160.000,0.000,135.000,68.000,0.011111,0.511111,-0.859443,66.563,78.954,97.918,4012.5
Victor_9_puntos_intento_3.mp4,662,5516.667,True,133.000,160.000,0.000,135.000,68.000,0.011111,0.511111,-0.859443,66.506,79.491,97.336,4029.5
Victor_9_puntos_intento_3.mp4,663,5525.000,True,133.000,160.000,0.000,135.000,68.000,0.011111,0.511111,-0.859443,66.372,78.915,96.477,4022.0
Victor_9_puntos_intento_3.mp4,664,5533.333,True,133.000,160.000,0.000,135.000,68.000,0.011111,0.511111,-0.859443,66.789,79.608,94.503,4048.5
Victor_9_puntos_intento_3.mp4,665,5541.667,True,133.000,160.000,0.000,135.000,68.000,0.011111,0.511111,-0.859443,66.583,78.841,97.601,4025.0
Victor_9_puntos_intento_3.mp4,666,5550.000,True,133.000,160.000,0.000,135.000,68.000,0.011111,0.511111,-0.859443,66.969,79.794,97.184,4061.0
Victor_9_puntos_intento_3.mp4,667,5558.333,True,133.000,160.000,0.000,135.000,68.000,0.011111,0.511111,-0.859443,66.682,79.775,96.136,4054.5
Victor_9_puntos_intento_3.mp4,668,5566.667,True,133.000,160.000,0.000,135.000,68.000,0.011111,0.511111,-0.859443,66.878,78.887,97.402,4034.0
Victor_9_puntos_intento_3.mp4,669,5575.000,True,133.000,160.000,0.000,135.000,68.000,0.011111,0.511111,-0.859443,66.648,78.593,97.835,4028.5
Victor_9_puntos_intento_3.mp4,670,5583.333,True,133.000,160.000,0.000,135.000,68.000,0.011111,0.511111,-0.859443,66.780,79.234,96.358,4034.5
Victor_9_puntos_intento_3.mp4,671,5591.667,True,133.000,160.000,0.000,135.000,68.000,0.011111,0.511111,-0.859443,66.713,78.648,97.751,4015.0
Victor_9_puntos_intento_3.mp4,672,5600.000,True,133.000,160.000,0.000,135.000,68.000,0.011111,0.511111,-0.859443,67.206,78.434,97.343,4038.0
Victor_9_puntos_intento_3.mp4,673,5608.333,True,133.000,160.000,0.000,135.000,68.000,0.011111,0.511111,-0.859443,66.442,79.131,96.833,4018.5
Victor_9_puntos_intento_3.mp4,674,5616.667,True,133.000,160.000,0.000,135.000,68.000,0.011111,0.511111,-0.859443,66.826,78.536,96.118,4019.5
Victor_9_puntos_intento_3.mp4,675,5625.000,True,133.000,160.000,0.000,135.000,68.000,0.011111,0.511111,-0.859443,66.105,79.045,94.612,4011.5
Victor_9_puntos_intento_3.mp4,676,5633.333,True,133.000,160.000,0.000,135.000,68.000,0.011111,0.511111,-0.859443,66.461,79.160,94.479,4031.5
Victor_9_puntos_intento_3.mp4,677,5641.667,True,133.000,160.000,0.000,135.000,68.000,0.011111,0.511111,-0.859443,66.200,78.697,95.355,4004.5
Victor_9_puntos_intento_3.mp4,678,5650.000,True,133.000,160.000,0.000,135.000,68.000,0.011111,0.511111,-0.859443,66.052,79.231,94.564,4018.5
Victor_9_puntos_intento_3.mp4,679,5658.333,True,133.000,160.000,0.000,135.000,68.000,0.011111,0.511111,-0.859443,66.768,78.273,96.488,3994.0
Victor_9_puntos_intento_3.mp4,680,5666.667,True,132.000,160.000,0.000,135.000,68.000,0.016667,0.511111,-0.859353,66.022,78.868,97.330,4003.0
Victor_9_puntos_intento_3.mp4,681,5675.000,True,132.000,160.000,0.000,135.000,68.000,0.016667,0.511111,-0.859353,66.445,77.943,97.146,3988.5
Victor_9_puntos_intento_3.mp4,682,5683.333,True,132.000,160.000,0.000,135.000,68.000,0.016667,0.511111,-0.859353,66.687,77.914,96.133,3994.5
Victor_9_puntos_intento_3.mp4,683,5691.667,True,132.000,160.000,0.000,135.000,68.000,0.016667,0.511111,-0.859353,66.797,78.774,96.691,4012.5
Victor_9_puntos_intento_3.mp4,684,5700.000,True,132.000,160.000,0.000,135.000,68.000,0.016667,0.511111,-0.859353,66.612,78.186,96.024,3994.0
Victor_9_puntos_intento_3.mp4,685,5708.333,True,132.000,160.000,0.000,135.000,68.000,0.016667,0.511111,-0.859353,66.509,78.815,96.653,4004.0
Victor_9_puntos_intento_3.mp4,686,5716.667,True,132.000,160.000,0.000,135.000,68.000,0.016667,0.511111,-0.859353,66.712,79.262,96.105,4020.5
Victor_9_puntos_intento_3.mp4,687,5725.000,True,132.000,160.000,0.000,135.000,68.000,0.016667,0.511111,-0.859353,66.517,78.900,97.520,3993.0
Victor_9_puntos_intento_3.mp4,688,5733.333,True,132.000,160.000,0.000,135.000,68.000,0.016667,0.511111,-0.859353,66.490,79.342,96.018,4010.0
Victor_9_puntos_intento_3.mp4,689,5741.667,True,132.000,160.000,0.000,135.000,68.000,0.016667,0.511111,-0.859353,66.599,78.665,94.570,3989.0
Victor_9_puntos_intento_3.mp4,690,5750.000,True,132.000,160.000,0.000,135.000,68.000,0.016667,0.511111,-0.859353,66.622,78.931,94.066,3999.5
Victor_9_puntos_intento_3.mp4,691,5758.333,True,132.000,160.000,0.000,135.000,68.000,0.016667,0.511111,-0.859353,66.636,78.795,95.325,3987.5
Victor_9_puntos_intento_3.mp4,692,5766.667,True,132.000,160.000,0.000,135.000,68.000,0.016667,0.511111,-0.859353,66.117,79.347,93.636,3971.5
Victor_9_puntos_intento_3.mp4,693,5775.000,True,132.000,160.000,0.000,136.000,68.000,0.022222,0.511111,-0.859227,66.135,78.614,97.794,3973.5
Victor_9_puntos_intento_3.mp4,694,5783.333,True,132.000,160.000,0.000,136.000,68.000,0.022222,0.511111,-0.859227,66.615,78.492,96.283,3985.5
Victor_9_puntos_intento_3.mp4,695,5791.667,True,132.000,160.000,0.000,136.000,68.000,0.022222,0.511111,-0.859227,66.493,78.039,97.158,3962.5
Victor_9_puntos_intento_3.mp4,696,5800.000,True,132.000,160.000,0.000,136.000,68.000,0.022222,0.511111,-0.859227,66.855,78.261,96.479,3987.0
Victor_9_puntos_intento_3.mp4,697,5808.333,True,132.000,160.000,0.000,136.000,68.000,0.022222,0.511111,-0.859227,66.430,78.176,97.563,3973.5
Victor_9_puntos_intento_3.mp4,698,5816.667,True,132.000,160.000,0.000,136.000,67.000,0.022222,0.516667,-0.855898,66.307,77.970,98.066,3981.0
Victor_9_puntos_intento_3.mp4,699,5825.000,True,132.000,160.000,0.000,136.000,67.000,0.022222,0.516667,-0.855898,66.250,78.483,95.605,3964.5
Victor_9_puntos_intento_3.mp4,700,5833.333,True,132.000,160.000,0.000,136.000,68.000,0.022222,0.511111,-0.859227,66.167,78.362,96.412,3978.5
Victor_9_puntos_intento_3.mp4,701,5841.667,True,132.000,160.000,0.000,137.000,68.000,0.027778,0.511111,-0.859066,65.944,78.284,97.235,3966.5
Victor_9_puntos_intento_3.mp4,702,5850.000,True,132.000,160.000,0.000,137.000,68.000,0.027778,0.511111,-0.859066,66.215,78.033,96.600,3963.0
Victor_9_puntos_intento_3.mp4,703,5858.333,True,132.000,160.000,0.000,137.000,67.000,0.027778,0.516667,-0.855736,65.289,77.996,96.514,3918.0
Victor_9_puntos_intento_3.mp4,704,5866.667,True,132.000,160.000,0.000,137.000,67.000,0.027778,0.516667,-0.855736,65.571,78.017,95.884,3932.5
Victor_9_puntos_intento_3.mp4,705,5875.000,True,132.000,160.000,0.000,137.000,67.000,0.027778,0.516667,-0.855736,65.329,77.515,95.775,3877.5
Victor_9_puntos_intento_3.mp4,706,5883.333,True,132.000,160.000,0.000,137.000,67.000,0.027778,0.516667,-0.855736,65.838,77.809,96.942,3915.5
Victor_9_puntos_intento_3.mp4,707,5891.667,True,132.000,160.000,0.000,137.000,67.000,0.027778,0.516667,-0.855736,65.203,78.319,93.984,3883.0
Victor_9_puntos_intento_3.mp4,708,5900.000,True,132.000,160.000,0.000,137.000,67.000,0.027778,0.516667,-0.855736,65.305,78.786,94.371,3888.5
Victor_9_puntos_intento_3.mp4,709,5908.333,True,132.000,160.000,0.000,137.000,67.000,0.027778,0.516667,-0.855736,65.144,77.536,95.845,3863.0
Victor_9_puntos_intento_3.mp4,710,5916.667,True,132.000,160.000,0.000,137.000,67.000,0.027778,0.516667,-0.855736,65.336,78.065,95.290,3872.0
Victor_9_puntos_intento_3.mp4,711,5925.000,True,132.000,160.000,0.000,137.000,67.000,0.027778,0.516667,-0.855736,65.397,77.752,95.246,3856.0
Victor_9_puntos_intento_3.mp4,712,5933.333,True,132.000,160.000,0.000,138.000,67.000,0.033333,0.516667,-0.855538,65.495,76.836,97.722,3872.5
Victor_9_puntos_intento_3.mp4,713,5941.667,True,132.000,160.000,0.000,137.000,67.000,0.027778,0.516667,-0.855736,65.259,77.757,95.919,3865.5
Victor_9_puntos_intento_3.mp4,714,5950.000,True,132.000,160.000,0.000,138.000,66.000,0.033333,0.522222,-0.852158,65.170,76.800,97.582,3838.0
Victor_9_puntos_intento_3.mp4,715,5958.333,True,132.000,160.000,0.000,137.000,66.000,0.027778,0.522222,-0.852357,64.835,77.574,97.274,3858.0
Victor_9_puntos_intento_3.mp4,716,5966.667,True,132.000,160.000,0.000,137.000,67.000,0.027778,0.516667,-0.855736,64.618,77.991,95.896,3829.5
Victor_9_puntos_intento_3.mp4,717,5975.000,True,132.000,160.000,0.000,137.000,66.000,0.027778,0.522222,-0.852357,64.921,77.337,96.183,3849.0
Victor_9_puntos_intento_3.mp4,718,5983.333,True,132.000,160.000,0.000,136.000,67.000,0.022222,0.516667,-0.855898,64.849,77.940,94.738,3845.5
Victor_9_puntos_intento_3.mp4,719,5991.667,True,132.000,160.000,0.000,136.000,67.000,0.022222,0.516667,-0.855898,64.977,77.614,94.602,3844.0
Victor_9_puntos_intento_3.mp4,720,6000.000,True,132.000,160.000,0.000,137.000,67.000,0.027778,0.516667,-0.855736,64.819,76.652,100.451,3845.5
Victor_9_puntos_intento_3.mp4,721,6008.333,True,132.000,160.000,0.000,136.000,67.000,0.022222,0.516667,-0.855898,65.143,77.312,97.690,3853.5
Victor_9_puntos_intento_3.mp4,722,6016.667,True,132.000,160.000,0.000,136.000,67.000,0.022222,0.516667,-0.855898,65.594,77.495,97.254,3875.5
Victor_9_puntos_intento_3.mp4,723,6025.000,True,132.000,160.000,0.000,136.000,67.000,0.022222,0.516667,-0.855898,65.459,77.500,97.713,3881.5
Victor_9_puntos_intento_3.mp4,724,6033.333,True,132.000,160.000,0.000,136.000,67.000,0.022222,0.516667,-0.855898,65.355,78.647,93.502,3889.5
Victor_9_puntos_intento_3.mp4,725,6041.667,True,132.000,160.000,0.000,136.000,67.000,0.022222,0.516667,-0.855898,66.005,77.720,96.561,3896.5
Victor_9_puntos_intento_3.mp4,726,6050.000,True,132.000,160.000,0.000,136.000,67.000,0.022222,0.516667,-0.855898,66.001,77.979,95.986,3926.5
Victor_9_puntos_intento_3.mp4,727,6058.333,True,132.000,160.000,0.000,136.000,67.000,0.022222,0.516667,-0.855898,65.552,78.466,93.915,3882.5
Victor_9_puntos_intento_3.mp4,728,6066.667,True,132.000,160.000,0.000,136.000,67.000,0.022222,0.516667,-0.855898,65.190,77.954,96.862,3900.0
Victor_9_puntos_intento_3.mp4,729,6075.000,True,132.000,160.000,0.000,136.000,67.000,0.022222,0.516667,-0.855898,65.547,78.202,94.985,3917.0
Victor_9_puntos_intento_3.mp4,730,6083.333,True,132.000,160.000,0.000,136.000,68.000,0.022222,0.511111,-0.859227,65.475,78.199,94.187,3919.0
Victor_9_puntos_intento_3.mp4,731,6091.667,True,132.000,160.000,0.000,136.000,68.000,0.022222,0.511111,-0.859227,66.181,78.088,97.096,3929.0
Victor_9_puntos_intento_3.mp4,732,6100.000,True,132.000,160.000,0.000,136.000,68.000,0.022222,0.511111,-0.859227,65.864,78.347,95.560,3942.5
Victor_9_puntos_intento_3.mp4,733,6108.333,True,132.000,160.000,0.000,137.000,68.000,0.027778,0.511111,-0.859066,66.552,76.816,100.735,3947.5
Victor_9_puntos_intento_3.mp4,734,6116.667,True,132.000,160.000,0.000,136.000,68.000,0.022222,0.511111,-0.859227,66.259,77.565,99.161,3966.5
Victor_9_puntos_intento_3.mp4,735,6125.000,True,132.000,160.000,0.000,136.000,68.000,0.022222,0.511111,-0.859227,66.071,78.723,93.852,3959.0
Victor_9_puntos_intento_3.mp4,736,6133.333,True,132.000,160.000,0.000,136.000,68.000,0.022222,0.511111,-0.859227,66.411,78.593,95.033,3962.0
Victor_9_puntos_intento_3.mp4,737,6141.667,True,132.000,160.000,0.000,136.000,67.000,0.022222,0.516667,-0.855898,65.742,78.697,94.352,3951.5
Victor_9_puntos_intento_3.mp4,738,6150.000,True,132.000,160.000,0.000,136.000,67.000,0.022222,0.516667,-0.855898,66.506,78.333,95.573,3976.0
Victor_9_puntos_intento_3.mp4,739,6158.333,True,132.000,160.000,0.000,136.000,67.000,0.022222,0.516667,-0.855898,66.126,78.704,95.618,3962.5
Victor_9_puntos_intento_3.mp4,740,6166.667,True,132.000,160.000,0.000,136.000,67.000,0.022222,0.516667,-0.855898,66.139,79.046,94.571,3961.5
Victor_9_puntos_intento_3.mp4,741,6175.000,True,132.000,160.000,0.000,136.000,67.000,0.022222,0.516667,-0.855898,66.376,78.794,95.771,3984.0
Victor_9_puntos_intento_3.mp4,742,6183.333,True,132.000,160.000,0.000,136.000,67.000,0.022222,0.516667,-0.855898,66.307,78.930,95.962,4002.5
Victor_9_puntos_intento_3.mp4,743,6191.667,True,132.000,160.000,0.000,136.000,67.000,0.022222,0.516667,-0.855898,66.167,79.080,95.227,3982.0
Victor_9_puntos_intento_3.mp4,744,6200.000,True,132.000,160.000,0.000,136.000,67.000,0.022222,0.516667,-0.855898,66.135,79.323,94.708,4009.0
Victor_9_puntos_intento_3.mp4,745,6208.333,True,132.000,160.000,0.000,137.000,67.000,0.027778,0.516667,-0.855736,66.276,78.274,99.222,4003.0
Victor_9_puntos_intento_3.mp4,746,6216.667,True,132.000,160.000,0.000,136.000,67.000,0.022222,0.516667,-0.855898,66.452,79.240,96.003,4029.5
Victor_9_puntos_intento_3.mp4,747,6225.000,True,132.000,160.000,0.000,136.000,67.000,0.022222,0.516667,-0.855898,66.615,79.478,97.522,4047.5
Victor_9_puntos_intento_3.mp4,748,6233.333,True,132.000,160.000,0.000,136.000,67.000,0.022222,0.516667,-0.855898,66.480,79.421,95.865,4040.0
Victor_9_puntos_intento_3.mp4,749,6241.667,True,132.000,160.000,0.000,136.000,67.000,0.022222,0.516667,-0.855898,67.065,79.465,96.437,4053.5
Victor_9_puntos_intento_3.mp4,750,6250.000,True,132.000,160.000,0.000,136.000,67.000,0.022222,0.516667,-0.855898,66.575,79.899,96.991,4063.0
Victor_9_puntos_intento_3.mp4,751,6258.333,True,132.000,160.000,0.000,136.000,67.000,0.022222,0.516667,-0.855898,66.863,80.400,96.789,4102.5
Victor_9_puntos_intento_3.mp4,752,6266.667,True,132.000,160.000,0.000,136.000,67.000,0.022222,0.516667,-0.855898,66.872,80.230,94.247,4081.5
Victor_9_puntos_intento_3.mp4,753,6275.000,True,132.000,160.000,0.000,136.000,67.000,0.022222,0.516667,-0.855898,66.939,79.313,98.384,4073.5
Victor_9_puntos_intento_3.mp4,754,6283.333,True,132.000,160.000,0.000,136.000,67.000,0.022222,0.516667,-0.855898,66.888,79.552,96.909,4087.5
Victor_9_puntos_intento_3.mp4,755,6291.667,True,132.000,160.000,0.000,136.000,67.000,0.022222,0.516667,-0.855898,66.918,79.884,96.491,4097.0
Victor_9_puntos_intento_3.mp4,756,6300.000,True,132.000,160.000,0.000,136.000,67.000,0.022222,0.516667,-0.855898,67.365,80.051,97.659,4139.0
Victor_9_puntos_intento_3.mp4,757,6308.333,True,132.000,160.000,0.000,136.000,67.000,0.022222,0.516667,-0.855898,67.357,80.335,95.456,4122.0
Victor_9_puntos_intento_3.mp4,758,6316.667,True,132.000,160.000,0.000,136.000,67.000,0.022222,0.516667,-0.855898,67.662,79.920,96.580,4132.5
Victor_9_puntos_intento_3.mp4,759,6325.000,True,132.000,160.000,0.000,136.000,67.000,0.022222,0.516667,-0.855898,67.431,80.055,96.584,4145.0
Victor_9_puntos_intento_3.mp4,760,6333.333,True,132.000,160.000,0.000,136.000,67.000,0.022222,0.516667,-0.855898,67.614,79.641,97.521,4144.0
Victor_9_puntos_intento_3.mp4,761,6341.667,True,132.000,160.000,0.000,136.000,67.000,0.022222,0.516667,-0.855898,67.562,80.298,95.772,4154.0
Victor_9_puntos_intento_3.mp4,762,6350.000,True,132.000,160.000,0.000,136.000,67.000,0.022222,0.516667,-0.855898,68.212,80.849,95.399,4183.5
Victor_9_puntos_intento_3.mp4,763,6358.333,True,132.000,160.000,0.000,136.000,67.000,0.022222,0.516667,-0.855898,68.136,80.238,94.449,4187.0
Victor_9_puntos_intento_3.mp4,764,6366.667,True,132.000,160.000,0.000,136.000,68.000,0.022222,0.511111,-0.859227,68.091,81.436,96.279,4226.0
Victor_9_puntos_intento_3.mp4,765,6375.000,True,132.000,160.000,0.000,136.000,67.000,0.022222,0.516667,-0.855898,68.200,80.313,96.406,4208.0
Victor_9_puntos_intento_3.mp4,766,6383.333,True,132.000,160.000,0.000,136.000,68.000,0.022222,0.511111,-0.859227,68.049,81.047,95.824,4216.5
Victor_9_puntos_intento_3.mp4,767,6391.667,True,132.000,160.000,0.000,136.000,68.000,0.022222,0.511111,-0.859227,68.612,81.218,95.573,4210.0
Victor_9_puntos_intento_3.mp4,768,6400.000,True,132.000,160.000,0.000,136.000,68.000,0.022222,0.511111,-0.859227,68.770,81.332,96.285,4263.0
Victor_9_puntos_intento_3.mp4,769,6408.333,True,132.000,160.000,0.000,136.000,68.000,0.022222,0.511111,-0.859227,68.536,81.649,96.517,4262.5
Victor_9_puntos_intento_3.mp4,770,6416.667,True,132.000,160.000,0.000,136.000,67.000,0.022222,0.516667,-0.855898,68.357,81.115,96.079,4260.5
Victor_9_puntos_intento_3.mp4,771,6425.000,True,132.000,160.000,0.000,136.000,68.000,0.022222,0.511111,-0.859227,68.086,82.291,95.318,4271.0
Victor_9_puntos_intento_3.mp4,772,6433.333,True,132.000,160.000,0.000,136.000,68.000,0.022222,0.511111,-0.859227,68.622,81.850,95.691,4277.0
Victor_9_puntos_intento_3.mp4,773,6441.667,True,132.000,160.000,0.000,136.000,68.000,0.022222,0.511111,-0.859227,68.757,81.717,97.579,4294.0
Victor_9_puntos_intento_3.mp4,774,6450.000,True,132.000,160.000,0.000,136.000,68.000,0.022222,0.511111,-0.859227,68.813,81.918,96.147,4311.0
Victor_9_puntos_intento_3.mp4,775,6458.333,True,132.000,160.000,0.000,136.000,68.000,0.022222,0.511111,-0.859227,68.678,82.065,96.300,4315.0
Victor_9_puntos_intento_3.mp4,776,6466.667,True,132.000,160.000,0.000,136.000,68.000,0.022222,0.511111,-0.859227,68.851,82.763,95.091,4327.0
Victor_9_puntos_intento_3.mp4,777,6475.000,True,132.000,160.000,0.000,136.000,68.000,0.022222,0.511111,-0.859227,68.428,82.668,94.864,4312.5
Victor_9_puntos_intento_3.mp4,778,6483.333,True,132.000,160.000,0.000,136.000,68.000,0.022222,0.511111,-0.859227,69.025,82.944,96.053,4363.0
Victor_9_puntos_intento_3.mp4,779,6491.667,True,132.000,160.000,0.000,136.000,68.000,0.022222,0.511111,-0.859227,69.001,82.558,96.285,4341.5
Victor_9_puntos_intento_3.mp4,780,6500.000,True,132.000,160.000,0.000,136.000,68.000,0.022222,0.511111,-0.859227,69.710,82.778,96.733,4393.0
Victor_9_puntos_intento_3.mp4,781,6508.333,True,132.000,160.000,0.000,136.000,68.000,0.022222,0.511111,-0.859227,69.398,82.143,95.370,4359.0
Victor_9_puntos_intento_3.mp4,782,6516.667,True,132.000,160.000,0.000,136.000,68.000,0.022222,0.511111,-0.859227,69.568,82.644,96.672,4381.5
Victor_9_puntos_intento_3.mp4,783,6525.000,True,132.000,160.000,0.000,136.000,68.000,0.022222,0.511111,-0.859227,69.479,82.349,96.143,4365.0
Victor_9_puntos_intento_3.mp4,784,6533.333,True,132.000,160.000,0.000,136.000,68.000,0.022222,0.511111,-0.859227,69.280,82.648,96.189,4382.0
Victor_9_puntos_intento_3.mp4,785,6541.667,True,132.000,160.000,0.000,136.000,68.000,0.022222,0.511111,-0.859227,69.414,83.035,94.806,4382.5
Victor_9_puntos_intento_3.mp4,786,6550.000,True,132.000,160.000,0.000,137.000,68.000,0.027778,0.511111,-0.859066,69.217,82.315,96.013,4381.5
Victor_9_puntos_intento_3.mp4,787,6558.333,True,132.000,160.000,0.000,141.000,67.000,0.050000,0.516667,-0.854725,68.037,82.860,99.967,4299.0
Victor_9_puntos_intento_3.mp4,788,6566.667,True,132.000,160.000,0.000,153.000,65.000,0.116667,0.527778,-0.841332,65.547,83.924,107.132,4227.5
Victor_9_puntos_intento_3.mp4,789,6575.000,True,132.000,160.000,0.000,168.000,64.000,0.200000,0.533333,-0.821922,63.232,83.177,114.148,4056.0
Victor_9_puntos_intento_3.mp4,790,6583.333,True,132.000,160.000,0.000,184.000,64.000,0.288889,0.533333,-0.795046,61.803,79.632,121.350,3661.0
Victor_9_puntos_intento_3.mp4,791,6591.667,True,132.000,160.000,0.000,197.000,65.000,0.361111,0.527778,-0.768797,59.482,79.869,127.211,3578.5
Victor_9_puntos_intento_3.mp4,792,6600.000,True,132.000,160.000,0.000,209.000,66.000,0.427778,0.522222,-0.737760,57.944,81.105,125.793,3549.5
Victor_9_puntos_intento_3.mp4,793,6608.333,True,132.000,160.000,0.000,220.000,68.000,0.488889,0.511111,-0.706932,56.917,80.730,128.156,3477.5
Victor_9_puntos_intento_3.mp4,794,6616.667,True,132.000,160.000,0.000,230.000,71.000,0.544444,0.494444,-0.677573,55.603,80.841,130.939,3440.5
Victor_9_puntos_intento_3.mp4,795,6625.000,True,132.000,160.000,0.000,236.000,73.000,0.577778,0.483333,-0.657694,54.585,81.162,132.839,3383.5
Victor_9_puntos_intento_3.mp4,796,6633.333,True,132.000,160.000,0.000,241.000,74.000,0.605556,0.477778,-0.636420,54.055,80.343,133.866,3342.0
Victor_9_puntos_intento_3.mp4,797,6641.667,True,132.000,160.000,0.000,243.000,75.000,0.616667,0.472222,-0.629864,53.801,79.583,134.767,3312.5
Victor_9_puntos_intento_3.mp4,798,6650.000,True,132.000,160.000,0.000,242.000,75.000,0.611111,0.472222,-0.635255,54.497,80.128,132.243,3359.5
Victor_9_puntos_intento_3.mp4,799,6658.333,True,132.000,160.000,0.000,241.000,75.000,0.605556,0.472222,-0.640553,54.572,80.191,132.473,3351.0
Victor_9_puntos_intento_3.mp4,800,6666.667,True,132.000,160.000,0.000,241.000,75.000,0.605556,0.472222,-0.640553,54.234,80.062,133.710,3335.0
Victor_9_puntos_intento_3.mp4,801,6675.000,True,132.000,160.000,0.000,241.000,75.000,0.605556,0.472222,-0.640553,53.874,80.234,134.671,3314.5
Victor_9_puntos_intento_3.mp4,802,6683.333,True,131.000,160.000,0.000,241.000,75.000,0.611111,0.472222,-0.635255,54.265,81.151,134.134,3355.0
Victor_9_puntos_intento_3.mp4,803,6691.667,True,131.000,160.000,0.000,241.000,75.000,0.611111,0.472222,-0.635255,54.114,81.137,134.833,3345.5
Victor_9_puntos_intento_3.mp4,804,6700.000,True,131.000,160.000,0.000,240.000,75.000,0.605556,0.472222,-0.640553,53.877,81.410,134.797,3353.5
Victor_9_puntos_intento_3.mp4,805,6708.333,True,131.000,160.000,0.000,240.000,75.000,0.605556,0.472222,-0.640553,53.763,81.121,135.091,3316.5
Victor_9_puntos_intento_3.mp4,806,6716.667,True,131.000,160.000,0.000,240.000,75.000,0.605556,0.472222,-0.640553,54.070,80.687,135.481,3332.0
Victor_9_puntos_intento_3.mp4,807,6725.000,True,131.000,160.000,0.000,240.000,75.000,0.605556,0.472222,-0.640553,53.559,80.779,135.213,3306.0
Victor_9_puntos_intento_3.mp4,808,6733.333,True,131.000,160.000,0.000,240.000,74.000,0.605556,0.477778,-0.636420,53.133,80.326,134.645,3245.5
Victor_9_puntos_intento_3.mp4,809,6741.667,True,131.000,160.000,0.000,240.000,75.000,0.605556,0.472222,-0.640553,52.671,80.106,135.165,3188.5
Victor_9_puntos_intento_3.mp4,810,6750.000,True,131.000,160.000,0.000,240.000,75.000,0.605556,0.472222,-0.640553,52.742,79.298,135.912,3216.5
Victor_9_puntos_intento_3.mp4,811,6758.333,True,131.000,160.000,0.000,240.000,74.000,0.605556,0.477778,-0.636420,52.171,80.354,136.305,3197.0
Victor_9_puntos_intento_3.mp4,812,6766.667,True,131.000,160.000,0.000,240.000,75.000,0.605556,0.472222,-0.640553,52.884,80.239,136.025,3217.5
Victor_9_puntos_intento_3.mp4,813,6775.000,True,131.000,160.000,0.000,240.000,74.000,0.605556,0.477778,-0.636420,52.603,80.220,134.635,3226.0
Victor_9_puntos_intento_3.mp4,814,6783.333,True,131.000,160.000,0.000,240.000,74.000,0.605556,0.477778,-0.636420,51.537,78.685,134.266,3095.5
Victor_9_puntos_intento_3.mp4,815,6791.667,True,131.000,160.000,0.000,240.000,74.000,0.605556,0.477778,-0.636420,51.397,78.106,135.034,3082.0
Victor_9_puntos_intento_3.mp4,816,6800.000,True,131.000,160.000,0.000,240.000,74.000,0.605556,0.477778,-0.636420,51.581,79.116,135.463,3134.0
Victor_9_puntos_intento_3.mp4,817,6808.333,True,131.000,160.000,0.000,240.000,74.000,0.605556,0.477778,-0.636420,51.474,79.258,134.310,3131.0
Victor_9_puntos_intento_3.mp4,818,6816.667,True,131.000,160.000,0.000,240.000,74.000,0.605556,0.477778,-0.636420,51.881,79.104,134.671,3136.5
Victor_9_puntos_intento_3.mp4,819,6825.000,True,131.000,160.000,0.000,240.000,74.000,0.605556,0.477778,-0.636420,51.665,79.228,134.362,3136.0
Victor_9_puntos_intento_3.mp4,820,6833.333,True,131.000,160.000,0.000,240.000,74.000,0.605556,0.477778,-0.636420,51.831,79.025,135.787,3126.0
Victor_9_puntos_intento_3.mp4,821,6841.667,True,131.000,160.000,0.000,240.000,74.000,0.605556,0.477778,-0.636420,51.793,78.496,135.405,3124.5
Victor_9_puntos_intento_3.mp4,822,6850.000,True,131.000,160.000,0.000,240.000,74.000,0.605556,0.477778,-0.636420,51.806,78.632,135.605,3130.0
Victor_9_puntos_intento_3.mp4,823,6858.333,True,131.000,160.000,0.000,240.000,74.000,0.605556,0.477778,-0.636420,50.361,77.711,134.712,3007.0
Victor_9_puntos_intento_3.mp4,824,6866.667,True,131.000,160.000,0.000,240.000,74.000,0.605556,0.477778,-0.636420,50.701,77.366,134.952,3009.5
Victor_9_puntos_intento_3.mp4,825,6875.000,True,131.000,160.000,0.000,240.000,74.000,0.605556,0.477778,-0.636420,50.307,77.296,134.622,3014.5
Victor_9_puntos_intento_3.mp4,826,6883.333,True,131.000,160.000,0.000,238.000,75.000,0.594444,0.472222,-0.650878,51.585,77.635,135.823,3072.0
Victor_9_puntos_intento_3.mp4,827,6891.667,True,131.000,160.000,0.000,238.000,76.000,0.594444,0.466667,-0.654873,52.560,77.157,134.685,3143.5
Victor_9_puntos_intento_3.mp4,828,6900.000,True,131.000,160.000,0.000,239.000,76.000,0.600000,0.466667,-0.649786,51.848,78.804,135.299,3114.5
Victor_9_puntos_intento_3.mp4,829,6908.333,True,131.000,160.000,0.000,239.000,76.000,0.600000,0.466667,-0.649786,51.997,78.188,135.315,3115.0
Victor_9_puntos_intento_3.mp4,830,6916.667,True,131.000,160.000,0.000,239.000,76.000,0.600000,0.466667,-0.649786,52.036,78.326,135.724,3119.0
Victor_9_puntos_intento_3.mp4,831,6925.000,True,131.000,160.000,0.000,239.000,76.000,0.600000,0.466667,-0.649786,52.087,78.300,134.909,3121.5
Victor_9_puntos_intento_3.mp4,832,6933.333,True,131.000,160.000,0.000,239.000,76.000,0.600000,0.466667,-0.649786,52.323,78.387,136.044,3145.5
Victor_9_puntos_intento_3.mp4,833,6941.667,True,131.000,160.000,0.000,239.000,76.000,0.600000,0.466667,-0.649786,51.879,78.321,135.134,3139.5
Victor_9_puntos_intento_3.mp4,834,6950.000,True,131.000,160.000,0.000,239.000,76.000,0.600000,0.466667,-0.649786,51.985,78.239,135.842,3132.5
Victor_9_puntos_intento_3.mp4,835,6958.333,True,131.000,160.000,0.000,239.000,76.000,0.600000,0.466667,-0.649786,52.230,77.913,136.565,3155.0
Victor_9_puntos_intento_3.mp4,836,6966.667,True,131.000,160.000,0.000,239.000,76.000,0.600000,0.466667,-0.649786,52.142,79.009,135.051,3149.0
Victor_9_puntos_intento_3.mp4,837,6975.000,True,131.000,160.000,0.000,239.000,76.000,0.600000,0.466667,-0.649786,51.991,79.399,134.717,3151.5
Victor_9_puntos_intento_3.mp4,838,6983.333,True,131.000,160.000,0.000,239.000,76.000,0.600000,0.466667,-0.649786,52.105,79.604,134.780,3171.5
Victor_9_puntos_intento_3.mp4,839,6991.667,True,131.000,160.000,0.000,239.000,76.000,0.600000,0.466667,-0.649786,52.741,78.821,134.867,3178.5
Victor_9_puntos_intento_3.mp4,840,7000.000,True,131.000,160.000,0.000,239.000,76.000,0.600000,0.466667,-0.649786,52.577,79.811,134.871,3196.0
Victor_9_puntos_intento_3.mp4,841,7008.333,True,131.000,160.000,0.000,239.000,77.000,0.600000,0.461111,-0.653740,52.662,79.384,136.561,3187.5
Victor_9_puntos_intento_3.mp4,842,7016.667,True,131.000,160.000,0.000,239.000,76.000,0.600000,0.466667,-0.649786,52.424,79.024,135.603,3190.5
Victor_9_puntos_intento_3.mp4,843,7025.000,True,131.000,160.000,0.000,239.000,76.000,0.600000,0.466667,-0.649786,52.491,80.310,135.360,3200.0
Victor_9_puntos_intento_3.mp4,844,7033.333,True,131.000,160.000,0.000,239.000,76.000,0.600000,0.466667,-0.649786,52.569,80.315,135.218,3235.0
Victor_9_puntos_intento_3.mp4,845,7041.667,True,131.000,160.000,0.000,239.000,76.000,0.600000,0.466667,-0.649786,52.463,80.374,136.035,3224.5
Victor_9_puntos_intento_3.mp4,846,7050.000,True,131.000,160.000,0.000,239.000,76.000,0.600000,0.466667,-0.649786,52.859,79.559,135.628,3234.5
Victor_9_puntos_intento_3.mp4,847,7058.333,True,131.000,160.000,0.000,239.000,76.000,0.600000,0.466667,-0.649786,53.070,79.973,135.169,3258.0
Victor_9_puntos_intento_3.mp4,848,7066.667,True,131.000,160.000,0.000,239.000,76.000,0.600000,0.466667,-0.649786,52.951,80.307,135.052,3238.5
Victor_9_puntos_intento_3.mp4,849,7075.000,True,131.000,160.000,0.000,239.000,76.000,0.600000,0.466667,-0.649786,52.783,80.246,135.170,3253.5
Victor_9_puntos_intento_3.mp4,850,7083.333,True,131.000,160.000,0.000,239.000,76.000,0.600000,0.466667,-0.649786,52.875,80.863,135.178,3249.5
Victor_9_puntos_intento_3.mp4,851,7091.667,True,131.000,160.000,0.000,239.000,76.000,0.600000,0.466667,-0.649786,52.830,81.266,135.497,3263.0
Victor_9_puntos_intento_3.mp4,852,7100.000,True,131.000,160.000,0.000,239.000,76.000,0.600000,0.466667,-0.649786,53.063,80.788,135.413,3278.0
Victor_9_puntos_intento_3.mp4,853,7108.333,True,131.000,160.000,0.000,239.000,76.000,0.600000,0.466667,-0.649786,53.096,81.213,135.505,3276.5
Victor_9_puntos_intento_3.mp4,854,7116.667,True,131.000,160.000,0.000,239.000,76.000,0.600000,0.466667,-0.649786,52.700,81.033,135.746,3296.5
Victor_9_puntos_intento_3.mp4,855,7125.000,True,131.000,160.000,0.000,239.000,76.000,0.600000,0.466667,-0.649786,53.051,80.815,135.355,3294.5
Victor_9_puntos_intento_3.mp4,856,7133.333,True,131.000,160.000,0.000,239.000,76.000,0.600000,0.466667,-0.649786,53.311,80.994,135.276,3301.5
Victor_9_puntos_intento_3.mp4,857,7141.667,True,131.000,160.000,0.000,239.000,76.000,0.600000,0.466667,-0.649786,53.301,80.975,135.199,3296.5
Victor_9_puntos_intento_3.mp4,858,7150.000,True,131.000,160.000,0.000,239.000,76.000,0.600000,0.466667,-0.649786,53.449,80.895,135.330,3302.0
Victor_9_puntos_intento_3.mp4,859,7158.333,True,131.000,160.000,0.000,239.000,76.000,0.600000,0.466667,-0.649786,53.351,80.580,135.195,3275.0
Victor_9_puntos_intento_3.mp4,860,7166.667,True,131.000,160.000,0.000,239.000,76.000,0.600000,0.466667,-0.649786,53.139,80.755,135.160,3279.5
Victor_9_puntos_intento_3.mp4,861,7175.000,True,131.000,160.000,0.000,239.000,76.000,0.600000,0.466667,-0.649786,53.196,80.192,136.496,3286.5
Victor_9_puntos_intento_3.mp4,862,7183.333,True,131.000,160.000,0.000,239.000,76.000,0.600000,0.466667,-0.649786,53.346,80.542,136.060,3309.5
Victor_9_puntos_intento_3.mp4,863,7191.667,True,131.000,160.000,0.000,239.000,76.000,0.600000,0.466667,-0.649786,53.314,81.003,135.237,3303.0
Victor_9_puntos_intento_3.mp4,864,7200.000,True,131.000,160.000,0.000,239.000,76.000,0.600000,0.466667,-0.649786,53.268,81.459,135.929,3340.5
Victor_9_puntos_intento_3.mp4,865,7208.333,True,131.000,160.000,0.000,239.000,76.000,0.600000,0.466667,-0.649786,53.656,80.653,135.752,3311.0
Victor_9_puntos_intento_3.mp4,866,7216.667,True,131.000,160.000,0.000,239.000,76.000,0.600000,0.466667,-0.649786,53.636,80.914,136.034,3333.5
Victor_9_puntos_intento_3.mp4,867,7225.000,True,131.000,160.000,0.000,239.000,76.000,0.600000,0.466667,-0.649786,53.084,79.804,135.861,3278.0
Victor_9_puntos_intento_3.mp4,868,7233.333,True,131.000,160.000,0.000,239.000,76.000,0.600000,0.466667,-0.649786,53.626,80.500,136.633,3311.0
Victor_9_puntos_intento_3.mp4,869,7241.667,True,131.000,160.000,0.000,239.000,76.000,0.600000,0.466667,-0.649786,53.433,80.696,136.069,3306.5
Victor_9_puntos_intento_3.mp4,870,7250.000,True,131.000,160.000,0.000,239.000,76.000,0.600000,0.466667,-0.649786,53.531,81.427,136.394,3320.5
Victor_9_puntos_intento_3.mp4,871,7258.333,True,131.000,160.000,0.000,239.000,76.000,0.600000,0.466667,-0.649786,53.623,80.421,137.008,3319.0
Victor_9_puntos_intento_3.mp4,872,7266.667,True,131.000,160.000,0.000,239.000,76.000,0.600000,0.466667,-0.649786,53.451,81.223,135.517,3324.5
Victor_9_puntos_intento_3.mp4,873,7275.000,True,131.000,160.000,0.000,239.000,76.000,0.600000,0.466667,-0.649786,52.841,80.628,134.899,3279.5
Victor_9_puntos_intento_3.mp4,874,7283.333,True,131.000,160.000,0.000,239.000,76.000,0.600000,0.466667,-0.649786,53.522,80.742,136.427,3314.0
Victor_9_puntos_intento_3.mp4,875,7291.667,True,131.000,160.000,0.000,239.000,76.000,0.600000,0.466667,-0.649786,53.239,81.108,136.304,3301.0
Victor_9_puntos_intento_3.mp4,876,7300.000,True,131.000,160.000,0.000,239.000,76.000,0.600000,0.466667,-0.649786,53.640,81.130,135.590,3317.5
Victor_9_puntos_intento_3.mp4,877,7308.333,True,131.000,160.000,0.000,239.000,76.000,0.600000,0.466667,-0.649786,53.526,81.556,135.308,3310.0
Victor_9_puntos_intento_3.mp4,878,7316.667,True,131.000,160.000,0.000,239.000,76.000,0.600000,0.466667,-0.649786,53.311,80.061,135.134,3322.0
Victor_9_puntos_intento_3.mp4,879,7325.000,True,131.000,160.000,0.000,239.000,76.000,0.600000,0.466667,-0.649786,53.326,80.428,135.908,3304.5
Victor_9_puntos_intento_3.mp4,880,7333.333,True,131.000,160.000,0.000,239.000,76.000,0.600000,0.466667,-0.649786,53.067,80.947,134.335,3303.0
Victor_9_puntos_intento_3.mp4,881,7341.667,True,131.000,160.000,0.000,239.000,76.000,0.600000,0.466667,-0.649786,52.637,80.088,135.096,3278.5
Victor_9_puntos_intento_3.mp4,882,7350.000,True,131.000,160.000,0.000,239.000,76.000,0.600000,0.466667,-0.649786,53.332,80.457,135.465,3291.0
Victor_9_puntos_intento_3.mp4,883,7358.333,True,131.000,160.000,0.000,239.000,76.000,0.600000,0.466667,-0.649786,53.206,81.038,136.399,3310.0
Victor_9_puntos_intento_3.mp4,884,7366.667,True,131.000,160.000,0.000,239.000,76.000,0.600000,0.466667,-0.649786,52.605,80.812,134.697,3258.0
Victor_9_puntos_intento_3.mp4,885,7375.000,True,131.000,160.000,0.000,239.000,76.000,0.600000,0.466667,-0.649786,52.924,80.903,135.201,3274.0
Victor_9_puntos_intento_3.mp4,886,7383.333,True,131.000,160.000,0.000,239.000,76.000,0.600000,0.466667,-0.649786,52.812,80.537,135.426,3256.0
Victor_9_puntos_intento_3.mp4,887,7391.667,True,131.000,160.000,0.000,239.000,76.000,0.600000,0.466667,-0.649786,52.700,81.253,134.038,3267.0
Victor_9_puntos_intento_3.mp4,888,7400.000,True,131.000,160.000,0.000,239.000,76.000,0.600000,0.466667,-0.649786,52.691,81.080,134.437,3268.0
Victor_9_puntos_intento_3.mp4,889,7408.333,True,131.000,160.000,0.000,239.000,76.000,0.600000,0.466667,-0.649786,52.286,80.390,134.162,3215.5
Victor_9_puntos_intento_3.mp4,890,7416.667,True,131.000,160.000,0.000,239.000,76.000,0.600000,0.466667,-0.649786,52.493,80.857,134.882,3233.0
Victor_9_puntos_intento_3.mp4,891,7425.000,True,131.000,160.000,0.000,239.000,76.000,0.600000,0.466667,-0.649786,52.627,80.103,135.336,3236.0
Victor_9_puntos_intento_3.mp4,892,7433.333,True,131.000,160.000,0.000,239.000,76.000,0.600000,0.466667,-0.649786,53.006,80.596,134.932,3258.0
Victor_9_puntos_intento_3.mp4,893,7441.667,True,131.000,160.000,0.000,239.000,76.000,0.600000,0.466667,-0.649786,52.516,80.064,135.330,3191.0
Victor_9_puntos_intento_3.mp4,894,7450.000,True,131.000,160.000,0.000,239.000,76.000,0.600000,0.466667,-0.649786,52.488,79.648,135.260,3220.0
Victor_9_puntos_intento_3.mp4,895,7458.333,True,131.000,160.000,0.000,239.000,76.000,0.600000,0.466667,-0.649786,52.901,80.155,135.414,3229.5
Victor_9_puntos_intento_3.mp4,896,7466.667,True,131.000,160.000,0.000,239.000,76.000,0.600000,0.466667,-0.649786,52.999,79.934,135.479,3225.5
Victor_9_puntos_intento_3.mp4,897,7475.000,True,131.000,160.000,0.000,239.000,76.000,0.600000,0.466667,-0.649786,52.720,79.513,136.500,3202.0
Victor_9_puntos_intento_3.mp4,898,7483.333,True,131.000,160.000,0.000,239.000,76.000,0.600000,0.466667,-0.649786,52.300,80.199,135.630,3196.5
Victor_9_puntos_intento_3.mp4,899,7491.667,True,131.000,160.000,0.000,239.000,76.000,0.600000,0.466667,-0.649786,52.770,79.439,134.830,3214.5
Victor_9_puntos_intento_3.mp4,900,7500.000,True,131.000,160.000,0.000,239.000,76.000,0.600000,0.466667,-0.649786,52.156,79.434,135.833,3196.5
Victor_9_puntos_intento_3.mp4,901,7508.333,True,131.000,160.000,0.000,239.000,76.000,0.600000,0.466667,-0.649786,52.662,80.234,135.704,3184.5
Victor_9_puntos_intento_3.mp4,902,7516.667,True,131.000,160.000,0.000,239.000,76.000,0.600000,0.466667,-0.649786,52.514,79.994,134.744,3218.0
Victor_9_puntos_intento_3.mp4,903,7525.000,True,131.000,160.000,0.000,239.000,76.000,0.600000,0.466667,-0.649786,52.090,79.780,134.795,3200.0
Victor_9_puntos_intento_3.mp4,904,7533.333,True,131.000,160.000,0.000,239.000,76.000,0.600000,0.466667,-0.649786,51.947,80.289,134.945,3200.0
Victor_9_puntos_intento_3.mp4,905,7541.667,True,131.000,160.000,0.000,239.000,76.000,0.600000,0.466667,-0.649786,52.404,80.343,135.232,3203.5
Victor_9_puntos_intento_3.mp4,906,7550.000,True,131.000,160.000,0.000,239.000,76.000,0.600000,0.466667,-0.649786,52.113,80.241,134.758,3192.5
Victor_9_puntos_intento_3.mp4,907,7558.333,True,131.000,160.000,0.000,239.000,76.000,0.600000,0.466667,-0.649786,52.076,79.697,135.213,3186.0
Victor_9_puntos_intento_3.mp4,908,7566.667,True,131.000,160.000,0.000,239.000,76.000,0.600000,0.466667,-0.649786,51.911,78.953,135.414,3145.5
Victor_9_puntos_intento_3.mp4,909,7575.000,True,131.000,160.000,0.000,239.000,76.000,0.600000,0.466667,-0.649786,51.757,79.503,134.831,3152.5
Victor_9_puntos_intento_3.mp4,910,7583.333,True,131.000,160.000,0.000,239.000,76.000,0.600000,0.466667,-0.649786,51.754,79.357,134.835,3169.0
Victor_9_puntos_intento_3.mp4,911,7591.667,True,131.000,160.000,0.000,239.000,76.000,0.600000,0.466667,-0.649786,51.372,78.876,134.707,3125.0
Victor_9_puntos_intento_3.mp4,912,7600.000,True,131.000,160.000,0.000,239.000,76.000,0.600000,0.466667,-0.649786,51.462,79.397,135.209,3151.5
Victor_9_puntos_intento_3.mp4,913,7608.333,True,131.000,160.000,0.000,239.000,76.000,0.600000,0.466667,-0.649786,52.226,78.239,134.480,3143.5
Victor_9_puntos_intento_3.mp4,914,7616.667,True,131.000,160.000,0.000,239.000,76.000,0.600000,0.466667,-0.649786,52.074,79.427,135.011,3138.5
Victor_9_puntos_intento_3.mp4,915,7625.000,True,131.000,160.000,0.000,239.000,76.000,0.600000,0.466667,-0.649786,52.151,79.191,135.382,3144.0
Victor_9_puntos_intento_3.mp4,916,7633.333,True,131.000,160.000,0.000,239.000,76.000,0.600000,0.466667,-0.649786,51.935,78.772,135.302,3133.5
Victor_9_puntos_intento_3.mp4,917,7641.667,True,131.000,160.000,0.000,239.000,76.000,0.600000,0.466667,-0.649786,52.071,78.817,135.791,3123.0
Victor_9_puntos_intento_3.mp4,918,7650.000,True,131.000,160.000,0.000,240.000,76.000,0.605556,0.466667,-0.644612,52.046,79.048,135.456,3176.5
Victor_9_puntos_intento_3.mp4,919,7658.333,True,131.000,160.000,0.000,240.000,76.000,0.605556,0.466667,-0.644612,52.076,78.881,134.892,3148.0
Victor_9_puntos_intento_3.mp4,920,7666.667,True,131.000,160.000,0.000,240.000,76.000,0.605556,0.466667,-0.644612,51.649,78.728,135.581,3132.0
Victor_9_puntos_intento_3.mp4,921,7675.000,True,131.000,160.000,0.000,240.000,77.000,0.605556,0.461111,-0.648598,51.389,78.633,135.919,3110.0
Victor_9_puntos_intento_3.mp4,922,7683.333,True,131.000,160.000,0.000,240.000,76.000,0.605556,0.466667,-0.644612,51.657,79.183,135.366,3115.0
Victor_9_puntos_intento_3.mp4,923,7691.667,True,130.000,160.000,0.000,239.000,76.000,0.605556,0.466667,-0.644612,51.580,78.857,135.044,3106.0
Victor_9_puntos_intento_3.mp4,924,7700.000,True,130.000,160.000,0.000,240.000,77.000,0.611111,0.461111,-0.643366,51.373,78.548,134.875,3100.5
Victor_9_puntos_intento_3.mp4,925,7708.333,True,130.000,160.000,0.000,239.000,76.000,0.605556,0.466667,-0.644612,51.232,78.294,134.369,3093.0
Victor_9_puntos_intento_3.mp4,926,7716.667,True,130.000,160.000,0.000,240.000,77.000,0.611111,0.461111,-0.643366,51.659,78.538,134.883,3091.0
Victor_9_puntos_intento_3.mp4,927,7725.000,True,130.000,160.000,0.000,240.000,77.000,0.611111,0.461111,-0.643366,51.659,78.195,135.266,3108.0
Victor_9_puntos_intento_3.mp4,928,7733.333,True,130.000,160.000,0.000,240.000,77.000,0.611111,0.461111,-0.643366,51.561,78.621,135.367,3106.0
Victor_9_puntos_intento_3.mp4,929,7741.667,True,130.000,160.000,0.000,240.000,77.000,0.611111,0.461111,-0.643366,51.568,78.268,135.524,3084.0
Victor_9_puntos_intento_3.mp4,930,7750.000,True,130.000,160.000,0.000,240.000,76.000,0.611111,0.466667,-0.639348,51.260,78.006,135.914,3071.5
Victor_9_puntos_intento_3.mp4,931,7758.333,True,130.000,160.000,0.000,240.000,76.000,0.611111,0.466667,-0.639348,51.102,78.152,135.087,3053.5
Victor_9_puntos_intento_3.mp4,932,7766.667,True,130.000,160.000,0.000,239.000,76.000,0.605556,0.466667,-0.644612,50.928,78.123,135.222,3062.0
Victor_9_puntos_intento_3.mp4,933,7775.000,True,130.000,160.000,0.000,240.000,76.000,0.611111,0.466667,-0.639348,50.654,78.097,134.843,3042.0
Victor_9_puntos_intento_3.mp4,934,7783.333,True,130.000,160.000,0.000,239.000,76.000,0.605556,0.466667,-0.644612,50.607,77.849,135.085,3042.5
Victor_9_puntos_intento_3.mp4,935,7791.667,True,130.000,160.000,0.000,239.000,76.000,0.605556,0.466667,-0.644612,51.015,77.929,135.012,3052.5
Victor_9_puntos_intento_3.mp4,936,7800.000,True,130.000,160.000,0.000,239.000,75.000,0.605556,0.472222,-0.640553,50.391,78.131,134.305,3025.0
Victor_9_puntos_intento_3.mp4,937,7808.333,True,130.000,160.000,0.000,240.000,76.000,0.611111,0.466667,-0.639348,50.908,77.508,135.429,3017.0
Victor_9_puntos_intento_3.mp4,938,7816.667,True,130.000,159.000,0.000,240.000,76.000,0.611111,0.461111,-0.643366,51.159,77.489,135.843,3025.0
Victor_9_puntos_intento_3.mp4,939,7825.000,True,130.000,159.000,0.000,240.000,75.000,0.611111,0.466667,-0.639348,50.721,77.177,134.401,3010.0
Victor_9_puntos_intento_3.mp4,940,7833.333,True,130.000,159.000,0.000,240.000,76.000,0.611111,0.461111,-0.643366,50.699,77.827,135.436,3029.0
Victor_9_puntos_intento_3.mp4,941,7841.667,True,130.000,159.000,0.000,239.000,76.000,0.605556,0.461111,-0.648598,50.302,77.640,134.706,3016.5
Victor_9_puntos_intento_3.mp4,942,7850.000,True,130.000,159.000,0.000,239.000,76.000,0.605556,0.461111,-0.648598,50.651,78.259,134.475,3037.0
Victor_9_puntos_intento_3.mp4,943,7858.333,True,130.000,159.000,0.000,239.000,76.000,0.605556,0.461111,-0.648598,51.088,77.733,136.376,3019.0
Victor_9_puntos_intento_3.mp4,944,7866.667,True,130.000,159.000,0.000,239.000,75.000,0.605556,0.466667,-0.644612,51.096,77.961,134.464,3047.0
Victor_9_puntos_intento_3.mp4,945,7875.000,True,130.000,159.000,0.000,239.000,76.000,0.605556,0.461111,-0.648598,50.600,78.077,134.363,3010.0
Victor_9_puntos_intento_3.mp4,946,7883.333,True,130.000,159.000,0.000,240.000,76.000,0.611111,0.461111,-0.643366,51.112,78.159,135.366,3034.5
Victor_9_puntos_intento_3.mp4,947,7891.667,True,130.000,159.000,0.000,239.000,76.000,0.605556,0.461111,-0.648598,51.008,78.167,134.404,3014.0
Victor_9_puntos_intento_3.mp4,948,7900.000,True,130.000,159.000,0.000,239.000,75.000,0.605556,0.466667,-0.644612,50.740,77.555,134.243,3020.0
Victor_9_puntos_intento_3.mp4,949,7908.333,True,130.000,159.000,0.000,239.000,76.000,0.605556,0.461111,-0.648598,50.889,77.754,134.778,2997.5
Victor_9_puntos_intento_3.mp4,950,7916.667,True,130.000,159.000,0.000,239.000,76.000,0.605556,0.461111,-0.648598,50.626,77.297,134.753,2991.5
Victor_9_puntos_intento_3.mp4,951,7925.000,True,130.000,159.000,0.000,239.000,76.000,0.605556,0.461111,-0.648598,50.662,77.704,134.782,3003.5
Victor_9_puntos_intento_3.mp4,952,7933.333,True,130.000,159.000,0.000,239.000,76.000,0.605556,0.461111,-0.648598,50.966,77.354,134.731,2995.0
Victor_9_puntos_intento_3.mp4,953,7941.667,True,130.000,159.000,0.000,240.000,76.000,0.611111,0.461111,-0.643366,51.003,77.060,135.170,3018.5
Victor_9_puntos_intento_3.mp4,954,7950.000,True,130.000,159.000,0.000,240.000,76.000,0.611111,0.461111,-0.643366,50.986,77.016,135.356,3021.0
Victor_9_puntos_intento_3.mp4,955,7958.333,True,130.000,159.000,0.000,240.000,76.000,0.611111,0.461111,-0.643366,50.987,76.799,135.460,3021.0
Victor_9_puntos_intento_3.mp4,956,7966.667,True,130.000,159.000,0.000,240.000,76.000,0.611111,0.461111,-0.643366,51.136,77.679,135.279,3047.5
Victor_9_puntos_intento_3.mp4,957,7975.000,True,130.000,159.000,0.000,239.000,76.000,0.605556,0.461111,-0.648598,50.878,77.365,135.522,3002.5
Victor_9_puntos_intento_3.mp4,958,7983.333,True,130.000,159.000,0.000,240.000,76.000,0.611111,0.461111,-0.643366,51.212,77.485,135.687,3032.5
Victor_9_puntos_intento_3.mp4,959,7991.667,True,130.000,159.000,0.000,240.000,76.000,0.611111,0.461111,-0.643366,51.013,77.611,134.791,3016.5
Victor_9_puntos_intento_3.mp4,960,8000.000,True,130.000,159.000,0.000,240.000,76.000,0.611111,0.461111,-0.643366,51.102,77.598,134.849,3024.5
Victor_9_puntos_intento_3.mp4,961,8008.333,True,130.000,159.000,0.000,240.000,76.000,0.611111,0.461111,-0.643366,50.501,78.250,134.607,3032.0
Victor_9_puntos_intento_3.mp4,962,8016.667,True,130.000,159.000,0.000,240.000,76.000,0.611111,0.461111,-0.643366,50.664,77.884,134.460,3005.0
Victor_9_puntos_intento_3.mp4,963,8025.000,True,130.000,159.000,0.000,240.000,75.000,0.611111,0.466667,-0.639348,50.806,77.686,134.851,3006.5
Victor_9_puntos_intento_3.mp4,964,8033.333,True,130.000,159.000,0.000,240.000,75.000,0.611111,0.466667,-0.639348,50.249,77.890,133.967,3000.0
Victor_9_puntos_intento_3.mp4,965,8041.667,True,130.000,159.000,0.000,240.000,75.000,0.611111,0.466667,-0.639348,50.600,77.857,134.273,3007.5
Victor_9_puntos_intento_3.mp4,966,8050.000,True,130.000,159.000,0.000,240.000,75.000,0.611111,0.466667,-0.639348,50.817,77.042,134.772,2996.5
Victor_9_puntos_intento_3.mp4,967,8058.333,True,130.000,159.000,0.000,240.000,75.000,0.611111,0.466667,-0.639348,51.065,77.387,134.193,3018.5
Victor_9_puntos_intento_3.mp4,968,8066.667,True,130.000,159.000,0.000,240.000,75.000,0.611111,0.466667,-0.639348,51.264,77.328,134.032,3019.5
Victor_9_puntos_intento_3.mp4,969,8075.000,True,130.000,159.000,0.000,240.000,75.000,0.611111,0.466667,-0.639348,50.844,77.445,134.517,3017.5
Victor_9_puntos_intento_3.mp4,970,8083.333,True,130.000,159.000,0.000,240.000,75.000,0.611111,0.466667,-0.639348,51.044,77.380,133.862,3018.5
Victor_9_puntos_intento_3.mp4,971,8091.667,True,130.000,159.000,0.000,240.000,76.000,0.611111,0.461111,-0.643366,51.070,77.051,135.649,3023.0
Victor_9_puntos_intento_3.mp4,972,8100.000,True,130.000,159.000,0.000,240.000,76.000,0.611111,0.461111,-0.643366,50.986,76.898,135.328,3005.0
Victor_9_puntos_intento_3.mp4,973,8108.333,True,130.000,159.000,0.000,240.000,75.000,0.611111,0.466667,-0.639348,50.738,77.317,134.781,3002.5
Victor_9_puntos_intento_3.mp4,974,8116.667,True,130.000,159.000,0.000,240.000,75.000,0.611111,0.466667,-0.639348,50.723,77.760,133.993,3007.0
Victor_9_puntos_intento_3.mp4,975,8125.000,True,130.000,159.000,0.000,240.000,75.000,0.611111,0.466667,-0.639348,50.473,77.650,133.643,3013.0
Victor_9_puntos_intento_3.mp4,976,8133.333,True,130.000,159.000,0.000,240.000,76.000,0.611111,0.461111,-0.643366,50.480,77.647,133.738,3008.5
Victor_9_puntos_intento_3.mp4,977,8141.667,True,130.000,159.000,0.000,240.000,76.000,0.611111,0.461111,-0.643366,50.789,77.407,135.138,3007.5
Victor_9_puntos_intento_3.mp4,978,8150.000,True,130.000,159.000,0.000,240.000,76.000,0.611111,0.461111,-0.643366,50.958,77.685,135.193,3023.5
Victor_9_puntos_intento_3.mp4,979,8158.333,True,130.000,159.000,0.000,240.000,76.000,0.611111,0.461111,-0.643366,50.316,77.391,135.263,2993.0
Victor_9_puntos_intento_3.mp4,980,8166.667,True,130.000,159.000,0.000,240.000,76.000,0.611111,0.461111,-0.643366,51.063,77.705,135.562,3024.5
Victor_9_puntos_intento_3.mp4,981,8175.000,True,130.000,159.000,0.000,241.000,76.000,0.616667,0.461111,-0.638043,51.001,77.531,135.550,3026.0
Victor_9_puntos_intento_3.mp4,982,8183.333,True,130.000,159.000,0.000,241.000,76.000,0.616667,0.461111,-0.638043,50.785,78.134,134.628,3041.0
Victor_9_puntos_intento_3.mp4,983,8191.667,True,130.000,159.000,0.000,241.000,76.000,0.616667,0.461111,-0.638043,50.368,77.536,134.278,3002.5
Victor_9_puntos_intento_3.mp4,984,8200.000,True,130.000,159.000,0.000,241.000,76.000,0.616667,0.461111,-0.638043,50.490,77.750,135.497,3017.0
Victor_9_puntos_intento_3.mp4,985,8208.333,True,130.000,159.000,0.000,241.000,77.000,0.616667,0.455556,-0.642021,50.890,78.563,135.649,3037.0
Victor_9_puntos_intento_3.mp4,986,8216.667,True,130.000,159.000,0.000,241.000,77.000,0.616667,0.455556,-0.642021,50.875,77.459,135.089,3019.0
Victor_9_puntos_intento_3.mp4,987,8225.000,True,130.000,159.000,0.000,241.000,76.000,0.616667,0.461111,-0.638043,50.804,77.838,135.211,3017.5
Victor_9_puntos_intento_3.mp4,988,8233.333,True,130.000,159.000,0.000,241.000,76.000,0.616667,0.461111,-0.638043,50.897,77.590,135.301,3015.0
Victor_9_puntos_intento_3.mp4,989,8241.667,True,130.000,159.000,0.000,241.000,77.000,0.616667,0.455556,-0.642021,50.811,77.592,135.649,3031.5
Victor_9_puntos_intento_3.mp4,990,8250.000,True,130.000,159.000,0.000,241.000,77.000,0.616667,0.455556,-0.642021,50.531,77.587,135.965,3006.0
Victor_9_puntos_intento_3.mp4,991,8258.333,True,130.000,159.000,0.000,242.000,77.000,0.622222,0.455556,-0.636639,50.781,76.929,136.382,3007.5
Victor_9_puntos_intento_3.mp4,992,8266.667,True,130.000,159.000,0.000,242.000,77.000,0.622222,0.455556,-0.636639,50.770,77.560,136.006,3031.0
Victor_9_puntos_intento_3.mp4,993,8275.000,True,130.000,159.000,0.000,242.000,77.000,0.622222,0.455556,-0.636639,50.617,78.016,135.412,3014.0
Victor_9_puntos_intento_3.mp4,994,8283.333,True,130.000,159.000,0.000,242.000,77.000,0.622222,0.455556,-0.636639,50.678,77.435,135.087,3015.5
Victor_9_puntos_intento_3.mp4,995,8291.667,True,130.000,159.000,0.000,242.000,77.000,0.622222,0.455556,-0.636639,50.478,77.584,135.302,3000.0
Victor_9_puntos_intento_3.mp4,996,8300.000,True,130.000,159.000,0.000,242.000,77.000,0.622222,0.455556,-0.636639,50.567,78.072,134.918,3010.5
Victor_9_puntos_intento_3.mp4,997,8308.333,True,130.000,159.000,0.000,242.000,77.000,0.622222,0.455556,-0.636639,50.519,77.573,135.665,2999.0
Victor_9_puntos_intento_3.mp4,998,8316.667,True,130.000,159.000,0.000,242.000,77.000,0.622222,0.455556,-0.636639,50.335,77.349,135.615,3002.5
Victor_9_puntos_intento_3.mp4,999,8325.000,True,130.000,159.000,0.000,242.000,77.000,0.622222,0.455556,-0.636639,50.477,77.774,135.569,3005.0
Victor_9_puntos_intento_3.mp4,1000,8333.333,True,130.000,159.000,0.000,242.000,77.000,0.622222,0.455556,-0.636639,50.704,77.968,136.130,3010.5
Victor_9_puntos_intento_3.mp4,1001,8341.667,True,130.000,159.000,0.000,242.000,77.000,0.622222,0.455556,-0.636639,50.297,77.211,136.108,2965.5
Victor_9_puntos_intento_3.mp4,1002,8350.000,True,130.000,159.000,0.000,242.000,77.000,0.622222,0.455556,-0.636639,50.504,77.291,135.729,3008.0
Victor_9_puntos_intento_3.mp4,1003,8358.333,True,130.000,159.000,0.000,242.000,77.000,0.622222,0.455556,-0.636639,50.795,77.374,136.300,3006.0
Victor_9_puntos_intento_3.mp4,1004,8366.667,True,130.000,159.000,0.000,242.000,77.000,0.622222,0.455556,-0.636639,50.640,77.814,135.768,3012.5
Victor_9_puntos_intento_3.mp4,1005,8375.000,True,130.000,159.000,0.000,242.000,77.000,0.622222,0.455556,-0.636639,50.669,77.897,136.022,3007.5
Victor_9_puntos_intento_3.mp4,1006,8383.333,True,130.000,159.000,0.000,242.000,77.000,0.622222,0.455556,-0.636639,50.113,76.915,135.941,2978.5
Victor_9_puntos_intento_3.mp4,1007,8391.667,True,130.000,159.000,0.000,242.000,77.000,0.622222,0.455556,-0.636639,50.478,77.673,135.810,2984.0
Victor_9_puntos_intento_3.mp4,1008,8400.000,True,130.000,159.000,0.000,242.000,77.000,0.622222,0.455556,-0.636639,50.680,77.513,135.572,2995.5
Victor_9_puntos_intento_3.mp4,1009,8408.333,True,130.000,159.000,0.000,242.000,77.000,0.622222,0.455556,-0.636639,50.468,77.457,134.654,3000.0
Victor_9_puntos_intento_3.mp4,1010,8416.667,True,130.000,159.000,0.000,242.000,77.000,0.622222,0.455556,-0.636639,50.216,76.966,136.055,2984.5
Victor_9_puntos_intento_3.mp4,1011,8425.000,True,130.000,159.000,0.000,242.000,77.000,0.622222,0.455556,-0.636639,50.276,77.265,135.842,2993.5
Victor_9_puntos_intento_3.mp4,1012,8433.333,True,130.000,159.000,0.000,242.000,77.000,0.622222,0.455556,-0.636639,51.188,76.742,134.859,3012.0
Victor_9_puntos_intento_3.mp4,1013,8441.667,True,130.000,159.000,0.000,242.000,77.000,0.622222,0.455556,-0.636639,50.388,76.930,135.612,3000.5
Victor_9_puntos_intento_3.mp4,1014,8450.000,True,130.000,159.000,0.000,242.000,77.000,0.622222,0.455556,-0.636639,50.331,77.706,134.547,3000.5
Victor_9_puntos_intento_3.mp4,1015,8458.333,True,130.000,159.000,0.000,242.000,77.000,0.622222,0.455556,-0.636639,50.604,77.304,134.735,3014.5
Victor_9_puntos_intento_3.mp4,1016,8466.667,True,130.000,159.000,0.000,242.000,77.000,0.622222,0.455556,-0.636639,51.042,76.900,135.752,2998.0
Victor_9_puntos_intento_3.mp4,1017,8475.000,True,130.000,159.000,0.000,242.000,77.000,0.622222,0.455556,-0.636639,50.836,77.432,135.451,3006.0
Victor_9_puntos_intento_3.mp4,1018,8483.333,True,130.000,159.000,0.000,242.000,77.000,0.622222,0.455556,-0.636639,50.942,77.494,135.628,3021.0
Victor_9_puntos_intento_3.mp4,1019,8491.667,True,130.000,159.000,0.000,242.000,77.000,0.622222,0.455556,-0.636639,50.397,77.706,135.599,3012.0
Victor_9_puntos_intento_3.mp4,1020,8500.000,True,130.000,159.000,0.000,242.000,77.000,0.622222,0.455556,-0.636639,50.539,76.998,135.157,3012.5
Victor_9_puntos_intento_3.mp4,1021,8508.333,True,130.000,159.000,0.000,242.000,77.000,0.622222,0.455556,-0.636639,50.859,77.490,135.601,3028.5
Victor_9_puntos_intento_3.mp4,1022,8516.667,True,130.000,159.000,0.000,242.000,77.000,0.622222,0.455556,-0.636639,50.712,77.603,135.823,3015.5
Victor_9_puntos_intento_3.mp4,1023,8525.000,True,130.000,159.000,0.000,242.000,77.000,0.622222,0.455556,-0.636639,50.770,77.452,135.487,3017.0
Victor_9_puntos_intento_3.mp4,1024,8533.333,True,130.000,159.000,0.000,242.000,77.000,0.622222,0.455556,-0.636639,50.867,77.203,135.695,3027.0
Victor_9_puntos_intento_3.mp4,1025,8541.667,True,130.000,159.000,0.000,241.000,77.000,0.616667,0.455556,-0.642021,50.549,77.271,135.473,3018.5
Victor_9_puntos_intento_3.mp4,1026,8550.000,True,130.000,159.000,0.000,241.000,76.000,0.616667,0.461111,-0.638043,50.898,77.446,135.245,3036.0
Victor_9_puntos_intento_3.mp4,1027,8558.333,True,130.000,159.000,0.000,241.000,76.000,0.616667,0.461111,-0.638043,50.843,77.046,134.561,3014.0
Victor_9_puntos_intento_3.mp4,1028,8566.667,True,130.000,159.000,0.000,241.000,76.000,0.616667,0.461111,-0.638043,50.724,77.579,134.877,3007.0
Victor_9_puntos_intento_3.mp4,1029,8575.000,True,130.000,159.000,0.000,241.000,76.000,0.616667,0.461111,-0.638043,50.775,77.660,135.564,2999.5
Victor_9_puntos_intento_3.mp4,1030,8583.333,True,130.000,159.000,0.000,239.000,77.000,0.605556,0.455556,-0.652512,51.627,76.738,136.714,3038.0
Victor_9_puntos_intento_3.mp4,1031,8591.667,True,130.000,159.000,0.000,230.000,78.000,0.555556,0.450000,-0.699184,55.293,75.046,133.499,3166.5
Victor_9_puntos_intento_3.mp4,1032,8600.000,True,130.000,159.000,0.000,220.000,78.000,0.500000,0.450000,-0.739932,58.738,75.308,129.497,3353.0
Victor_9_puntos_intento_3.mp4,1033,8608.333,True,130.000,159.000,0.000,212.000,79.000,0.455556,0.444444,-0.771322,60.286,73.346,131.925,3417.0
Victor_9_puntos_intento_3.mp4,1034,8616.667,True,130.000,159.000,0.000,204.000,80.000,0.411111,0.438889,-0.798977,62.000,74.252,127.769,3479.5
Victor_9_puntos_intento_3.mp4,1035,8625.000,True,130.000,159.000,0.000,197.000,81.000,0.372222,0.433333,-0.820776,63.185,74.960,129.031,3573.0
Victor_9_puntos_intento_3.mp4,1036,8633.333,True,130.000,159.000,0.000,196.000,81.000,0.366667,0.433333,-0.823273,63.052,74.481,126.812,3567.5
Victor_9_puntos_intento_3.mp4,1037,8641.667,True,129.000,159.000,0.000,197.000,81.000,0.377778,0.433333,-0.818234,62.157,75.310,128.862,3534.0
Victor_9_puntos_intento_3.mp4,1038,8650.000,True,129.000,159.000,0.000,197.000,81.000,0.377778,0.433333,-0.818234,62.416,75.246,130.796,3528.5
Victor_9_puntos_intento_3.mp4,1039,8658.333,True,129.000,159.000,0.000,197.000,81.000,0.377778,0.433333,-0.818234,61.548,75.665,128.366,3509.5
Victor_9_puntos_intento_3.mp4,1040,8666.667,True,129.000,159.000,0.000,197.000,81.000,0.377778,0.433333,-0.818234,62.504,74.988,129.825,3546.0
Victor_9_puntos_intento_3.mp4,1041,8675.000,True,129.000,159.000,0.000,197.000,80.000,0.377778,0.438889,-0.815267,62.282,75.292,127.413,3535.0
Victor_9_puntos_intento_3.mp4,1042,8683.333,True,129.000,159.000,0.000,197.000,81.000,0.377778,0.433333,-0.818234,62.755,74.588,127.898,3538.0
Victor_9_puntos_intento_3.mp4,1043,8691.667,True,129.000,159.000,0.000,197.000,81.000,0.377778,0.433333,-0.818234,62.178,74.892,128.933,3523.5
Victor_9_puntos_intento_3.mp4,1044,8700.000,True,129.000,159.000,0.000,197.000,81.000,0.377778,0.433333,-0.818234,62.773,74.482,128.899,3548.0
Victor_9_puntos_intento_3.mp4,1045,8708.333,True,129.000,159.000,0.000,197.000,81.000,0.377778,0.433333,-0.818234,62.501,74.528,129.358,3529.5
Victor_9_puntos_intento_3.mp4,1046,8716.667,True,129.000,159.000,0.000,197.000,80.000,0.377778,0.438889,-0.815267,63.097,74.827,131.484,3560.0
Victor_9_puntos_intento_3.mp4,1047,8725.000,True,129.000,159.000,0.000,197.000,80.000,0.377778,0.438889,-0.815267,62.869,74.849,128.828,3532.0
Victor_9_puntos_intento_3.mp4,1048,8733.333,True,129.000,159.000,0.000,197.000,80.000,0.377778,0.438889,-0.815267,63.084,74.199,129.703,3565.0
Victor_9_puntos_intento_3.mp4,1049,8741.667,True,129.000,159.000,0.000,197.000,80.000,0.377778,0.438889,-0.815267,63.214,74.423,128.858,3568.0
Victor_9_puntos_intento_3.mp4,1050,8750.000,True,129.000,159.000,0.000,197.000,80.000,0.377778,0.438889,-0.815267,62.895,74.476,127.567,3538.5
Victor_9_puntos_intento_3.mp4,1051,8758.333,True,129.000,159.000,0.000,197.000,80.000,0.377778,0.438889,-0.815267,62.887,74.353,127.243,3554.5
Victor_9_puntos_intento_3.mp4,1052,8766.667,True,129.000,159.000,0.000,197.000,80.000,0.377778,0.438889,-0.815267,62.868,74.914,127.250,3572.5
Victor_9_puntos_intento_3.mp4,1053,8775.000,True,129.000,159.000,0.000,197.000,80.000,0.377778,0.438889,-0.815267,62.592,75.508,126.375,3578.0
Victor_9_puntos_intento_3.mp4,1054,8783.333,True,129.000,159.000,0.000,197.000,80.000,0.377778,0.438889,-0.815267,63.371,74.368,126.605,3569.0
Victor_9_puntos_intento_3.mp4,1055,8791.667,True,129.000,159.000,0.000,197.000,80.000,0.377778,0.438889,-0.815267,62.828,74.049,129.001,3528.0
Victor_9_puntos_intento_3.mp4,1056,8800.000,True,129.000,159.000,0.000,197.000,80.000,0.377778,0.438889,-0.815267,63.337,73.845,126.758,3536.0
Victor_9_puntos_intento_3.mp4,1057,8808.333,True,129.000,159.000,0.000,197.000,80.000,0.377778,0.438889,-0.815267,62.376,74.761,123.953,3538.5
Victor_9_puntos_intento_3.mp4,1058,8816.667,True,129.000,159.000,0.000,197.000,80.000,0.377778,0.438889,-0.815267,62.747,74.745,124.609,3556.0
Victor_9_puntos_intento_3.mp4,1059,8825.000,True,129.000,159.000,0.000,197.000,80.000,0.377778,0.438889,-0.815267,62.697,74.351,126.555,3557.5
Victor_9_puntos_intento_3.mp4,1060,8833.333,True,129.000,159.000,0.000,197.000,80.000,0.377778,0.438889,-0.815267,62.404,74.804,124.553,3567.0
Victor_9_puntos_intento_3.mp4,1061,8841.667,True,129.000,159.000,0.000,197.000,79.000,0.377778,0.444444,-0.812252,62.549,74.901,126.022,3563.5
Victor_9_puntos_intento_3.mp4,1062,8850.000,True,129.000,159.000,0.000,197.000,79.000,0.377778,0.444444,-0.812252,63.178,75.010,129.196,3579.5
Victor_9_puntos_intento_3.mp4,1063,8858.333,True,129.000,159.000,0.000,197.000,79.000,0.377778,0.444444,-0.812252,62.645,76.179,127.664,3570.5
Victor_9_puntos_intento_3.mp4,1064,8866.667,True,129.000,159.000,0.000,197.000,79.000,0.377778,0.444444,-0.812252,62.802,75.590,128.393,3567.0
Victor_9_puntos_intento_3.mp4,1065,8875.000,True,129.000,159.000,0.000,197.000,79.000,0.377778,0.444444,-0.812252,63.068,74.590,127.404,3570.0
Victor_9_puntos_intento_3.mp4,1066,8883.333,True,129.000,159.000,0.000,197.000,80.000,0.377778,0.438889,-0.815267,63.766,75.160,129.136,3626.5
Victor_9_puntos_intento_3.mp4,1067,8891.667,True,129.000,159.000,0.000,198.000,80.000,0.383333,0.438889,-0.812670,63.331,74.457,127.346,3592.0
Victor_9_puntos_intento_3.mp4,1068,8900.000,True,129.000,159.000,0.000,197.000,80.000,0.377778,0.438889,-0.815267,63.000,75.224,125.978,3599.0
Victor_9_puntos_intento_3.mp4,1069,8908.333,True,129.000,159.000,0.000,197.000,80.000,0.377778,0.438889,-0.815267,63.155,75.885,125.418,3616.5
Victor_9_puntos_intento_3.mp4,1070,8916.667,True,129.000,159.000,0.000,197.000,80.000,0.377778,0.438889,-0.815267,63.296,76.160,125.244,3638.0
Victor_9_puntos_intento_3.mp4,1071,8925.000,True,129.000,159.000,0.000,197.000,80.000,0.377778,0.438889,-0.815267,63.705,75.720,128.634,3669.0
Victor_9_puntos_intento_3.mp4,1072,8933.333,True,129.000,159.000,0.000,197.000,79.000,0.377778,0.444444,-0.812252,63.646,76.372,128.329,3660.0
Victor_9_puntos_intento_3.mp4,1073,8941.667,True,129.000,159.000,0.000,197.000,79.000,0.377778,0.444444,-0.812252,63.553,76.252,128.412,3655.5
Victor_9_puntos_intento_3.mp4,1074,8950.000,True,129.000,159.000,0.000,197.000,79.000,0.377778,0.444444,-0.812252,63.555,76.686,128.492,3666.5
Victor_9_puntos_intento_3.mp4,1075,8958.333,True,129.000,159.000,0.000,197.000,79.000,0.377778,0.444444,-0.812252,63.382,76.542,127.977,3658.5
Victor_9_puntos_intento_3.mp4,1076,8966.667,True,129.000,159.000,0.000,197.000,79.000,0.377778,0.444444,-0.812252,63.493,76.909,127.975,3676.0
Victor_9_puntos_intento_3.mp4,1077,8975.000,True,129.000,159.000,0.000,197.000,80.000,0.377778,0.438889,-0.815267,63.837,76.414,128.456,3691.0
Victor_9_puntos_intento_3.mp4,1078,8983.333,True,129.000,159.000,0.000,197.000,79.000,0.377778,0.444444,-0.812252,63.681,76.326,127.248,3698.0
Victor_9_puntos_intento_3.mp4,1079,8991.667,True,129.000,159.000,0.000,197.000,80.000,0.377778,0.438889,-0.815267,63.540,76.544,128.799,3691.0
Victor_9_puntos_intento_3.mp4,1080,9000.000,True,129.000,159.000,0.000,197.000,80.000,0.377778,0.438889,-0.815267,63.869,76.786,127.431,3710.0
Victor_9_puntos_intento_3.mp4,1081,9008.333,True,129.000,159.000,0.000,197.000,80.000,0.377778,0.438889,-0.815267,64.532,76.803,129.565,3748.0
Victor_9_puntos_intento_3.mp4,1082,9016.667,True,129.000,159.000,0.000,197.000,80.000,0.377778,0.438889,-0.815267,64.380,76.803,130.937,3748.5
Victor_9_puntos_intento_3.mp4,1083,9025.000,True,129.000,159.000,0.000,197.000,80.000,0.377778,0.438889,-0.815267,64.329,76.884,128.101,3723.0
Victor_9_puntos_intento_3.mp4,1084,9033.333,True,129.000,159.000,0.000,197.000,79.000,0.377778,0.444444,-0.812252,64.391,77.655,127.138,3767.0
Victor_9_puntos_intento_3.mp4,1085,9041.667,True,129.000,159.000,0.000,197.000,79.000,0.377778,0.444444,-0.812252,64.308,77.842,128.701,3746.5
Victor_9_puntos_intento_3.mp4,1086,9050.000,True,129.000,159.000,0.000,197.000,79.000,0.377778,0.444444,-0.812252,64.520,78.512,128.456,3754.0
Victor_9_puntos_intento_3.mp4,1087,9058.333,True,129.000,159.000,0.000,195.000,80.000,0.366667,0.438889,-0.820324,66.304,77.018,128.414,3786.0
Victor_9_puntos_intento_3.mp4,1088,9066.667,True,129.000,159.000,0.000,192.000,81.000,0.350000,0.433333,-0.830495,66.498,76.822,125.656,3784.0
Victor_9_puntos_intento_3.mp4,1089,9075.000,True,129.000,159.000,0.000,193.000,80.000,0.355556,0.438889,-0.825201,65.801,77.351,127.882,3777.5
Victor_9_puntos_intento_3.mp4,1090,9083.333,True,129.000,159.000,0.000,195.000,80.000,0.366667,0.438889,-0.820324,65.911,76.886,130.198,3767.5
Victor_9_puntos_intento_3.mp4,1091,9091.667,True,129.000,159.000,0.000,195.000,80.000,0.366667,0.438889,-0.820324,65.505,77.240,130.464,3803.0
Victor_9_puntos_intento_3.mp4,1092,9100.000,True,129.000,159.000,0.000,195.000,80.000,0.366667,0.438889,-0.820324,65.872,77.325,129.963,3802.5
Victor_9_puntos_intento_3.mp4,1093,9108.333,True,129.000,159.000,0.000,194.000,80.000,0.361111,0.438889,-0.822785,65.297,77.083,127.176,3782.0
Victor_9_puntos_intento_3.mp4,1094,9116.667,True,129.000,159.000,0.000,194.000,80.000,0.361111,0.438889,-0.822785,65.567,77.326,127.706,3774.0
Victor_9_puntos_intento_3.mp4,1095,9125.000,True,129.000,159.000,0.000,195.000,80.000,0.366667,0.438889,-0.820324,65.212,77.258,126.652,3776.5
Victor_9_puntos_intento_3.mp4,1096,9133.333,True,129.000,159.000,0.000,195.000,80.000,0.366667,0.438889,-0.820324,65.488,77.525,127.974,3802.0
Victor_9_puntos_intento_3.mp4,1097,9141.667,True,129.000,159.000,0.000,195.000,80.000,0.366667,0.438889,-0.820324,65.860,76.977,127.252,3785.5
Victor_9_puntos_intento_3.mp4,1098,9150.000,True,129.000,159.000,0.000,195.000,80.000,0.366667,0.438889,-0.820324,65.234,77.182,126.117,3781.0
Victor_9_puntos_intento_3.mp4,1099,9158.333,True,129.000,159.000,0.000,195.000,80.000,0.366667,0.438889,-0.820324,65.826,76.012,125.814,3765.0
Victor_9_puntos_intento_3.mp4,1100,9166.667,True,129.000,159.000,0.000,195.000,81.000,0.366667,0.433333,-0.823273,66.412,75.170,128.157,3780.0
Victor_9_puntos_intento_3.mp4,1101,9175.000,True,129.000,159.000,0.000,195.000,80.000,0.366667,0.438889,-0.820324,65.459,76.314,127.283,3747.0
Victor_9_puntos_intento_3.mp4,1102,9183.333,True,129.000,159.000,0.000,195.000,80.000,0.366667,0.438889,-0.820324,66.299,75.351,127.575,3785.5
Victor_9_puntos_intento_3.mp4,1103,9191.667,True,129.000,159.000,0.000,195.000,80.000,0.366667,0.438889,-0.820324,65.273,76.844,125.143,3761.5
Victor_9_puntos_intento_3.mp4,1104,9200.000,True,129.000,159.000,0.000,195.000,80.000,0.366667,0.438889,-0.820324,66.217,75.958,126.199,3770.0
Victor_9_puntos_intento_3.mp4,1105,9208.333,True,129.000,159.000,0.000,195.000,80.000,0.366667,0.438889,-0.820324,65.804,77.432,129.975,3799.0
Victor_9_puntos_intento_3.mp4,1106,9216.667,True,129.000,159.000,0.000,195.000,80.000,0.366667,0.438889,-0.820324,65.068,77.776,129.178,3800.0
Victor_9_puntos_intento_3.mp4,1107,9225.000,True,129.000,159.000,0.000,195.000,80.000,0.366667,0.438889,-0.820324,64.852,77.532,127.314,3755.0
Victor_9_puntos_intento_3.mp4,1108,9233.333,True,129.000,159.000,0.000,195.000,80.000,0.366667,0.438889,-0.820324,65.057,78.529,127.999,3798.5
Victor_9_puntos_intento_3.mp4,1109,9241.667,True,129.000,159.000,0.000,195.000,80.000,0.366667,0.438889,-0.820324,64.513,78.334,125.624,3737.0
Victor_9_puntos_intento_3.mp4,1110,9250.000,True,129.000,159.000,0.000,195.000,80.000,0.366667,0.438889,-0.820324,64.825,78.501,126.401,3775.0
Victor_9_puntos_intento_3.mp4,1111,9258.333,True,129.000,159.000,0.000,195.000,80.000,0.366667,0.438889,-0.820324,64.901,77.887,128.363,3748.0
Victor_9_puntos_intento_3.mp4,1112,9266.667,True,129.000,159.000,0.000,195.000,80.000,0.366667,0.438889,-0.820324,64.946,78.488,126.520,3780.0
Victor_9_puntos_intento_3.mp4,1113,9275.000,True,129.000,159.000,0.000,194.000,79.000,0.361111,0.444444,-0.819797,64.608,78.329,125.435,3742.5
Victor_9_puntos_intento_3.mp4,1114,9283.333,True,129.000,159.000,0.000,194.000,80.000,0.361111,0.438889,-0.822785,64.416,78.732,125.943,3755.5
Victor_9_puntos_intento_3.mp4,1115,9291.667,True,129.000,159.000,0.000,195.000,80.000,0.366667,0.438889,-0.820324,64.608,78.019,125.150,3739.0
Victor_9_puntos_intento_3.mp4,1116,9300.000,True,129.000,159.000,0.000,195.000,80.000,0.366667,0.438889,-0.820324,65.032,77.814,126.198,3759.0
Victor_9_puntos_intento_3.mp4,1117,9308.333,True,129.000,159.000,0.000,195.000,80.000,0.366667,0.438889,-0.820324,65.116,75.643,128.848,3688.5
Victor_9_puntos_intento_3.mp4,1118,9316.667,True,129.000,159.000,0.000,195.000,80.000,0.366667,0.438889,-0.820324,65.140,76.209,126.132,3731.0
Victor_9_puntos_intento_3.mp4,1119,9325.000,True,129.000,159.000,0.000,195.000,80.000,0.366667,0.438889,-0.820324,65.491,75.690,126.559,3742.5
Victor_9_puntos_intento_3.mp4,1120,9333.333,True,129.000,159.000,0.000,195.000,80.000,0.366667,0.438889,-0.820324,65.488,77.110,126.039,3775.0
Victor_9_puntos_intento_3.mp4,1121,9341.667,True,129.000,159.000,0.000,195.000,80.000,0.366667,0.438889,-0.820324,65.156,75.796,128.902,3701.0
Victor_9_puntos_intento_3.mp4,1122,9350.000,True,129.000,159.000,0.000,195.000,80.000,0.366667,0.438889,-0.820324,65.249,75.777,125.023,3715.0
Victor_9_puntos_intento_3.mp4,1123,9358.333,True,129.000,159.000,0.000,195.000,80.000,0.366667,0.438889,-0.820324,65.437,76.171,126.093,3734.5
Victor_9_puntos_intento_3.mp4,1124,9366.667,True,129.000,159.000,0.000,195.000,80.000,0.366667,0.438889,-0.820324,65.246,75.708,125.592,3713.5
Victor_9_puntos_intento_3.mp4,1125,9375.000,True,129.000,159.000,0.000,195.000,80.000,0.366667,0.438889,-0.820324,64.900,75.776,126.566,3713.5
Victor_9_puntos_intento_3.mp4,1126,9383.333,True,129.000,159.000,0.000,195.000,80.000,0.366667,0.438889,-0.820324,65.021,76.740,127.091,3736.5
Victor_9_puntos_intento_3.mp4,1127,9391.667,True,129.000,159.000,0.000,195.000,80.000,0.366667,0.438889,-0.820324,64.586,76.561,126.232,3714.5
Victor_9_puntos_intento_3.mp4,1128,9400.000,True,129.000,159.000,0.000,195.000,80.000,0.366667,0.438889,-0.820324,64.846,76.834,126.961,3750.5
Victor_9_puntos_intento_3.mp4,1129,9408.333,True,129.000,159.000,0.000,195.000,80.000,0.366667,0.438889,-0.820324,65.019,76.027,128.188,3717.0
Victor_9_puntos_intento_3.mp4,1130,9416.667,True,129.000,159.000,0.000,195.000,80.000,0.366667,0.438889,-0.820324,65.119,76.345,127.158,3726.5
Victor_9_puntos_intento_3.mp4,1131,9425.000,True,129.000,159.000,0.000,195.000,79.000,0.366667,0.444444,-0.817328,64.886,75.999,128.542,3708.0
Victor_9_puntos_intento_3.mp4,1132,9433.333,True,129.000,159.000,0.000,195.000,80.000,0.366667,0.438889,-0.820324,64.925,75.928,127.676,3681.0
Victor_9_puntos_intento_3.mp4,1133,9441.667,True,129.000,159.000,0.000,195.000,80.000,0.366667,0.438889,-0.820324,64.943,76.561,129.104,3708.5
Victor_9_puntos_intento_3.mp4,1134,9450.000,True,129.000,159.000,0.000,195.000,80.000,0.366667,0.438889,-0.820324,64.671,77.211,128.199,3726.5
Victor_9_puntos_intento_3.mp4,1135,9458.333,True,129.000,159.000,0.000,195.000,80.000,0.366667,0.438889,-0.820324,65.045,75.841,128.966,3713.5
Victor_9_puntos_intento_3.mp4,1136,9466.667,True,129.000,159.000,0.000,196.000,80.000,0.372222,0.438889,-0.817819,64.945,75.698,128.029,3705.5
Victor_9_puntos_intento_3.mp4,1137,9475.000,True,129.000,159.000,0.000,196.000,80.000,0.372222,0.438889,-0.817819,64.784,76.123,128.002,3719.0
Victor_9_puntos_intento_3.mp4,1138,9483.333,True,129.000,159.000,0.000,196.000,80.000,0.372222,0.438889,-0.817819,64.770,76.332,127.102,3728.5
Victor_9_puntos_intento_3.mp4,1139,9491.667,True,129.000,159.000,0.000,196.000,80.000,0.372222,0.438889,-0.817819,64.741,76.961,126.833,3744.0
Victor_9_puntos_intento_3.mp4,1140,9500.000,True,129.000,159.000,0.000,195.000,80.000,0.366667,0.438889,-0.820324,64.984,76.979,125.916,3737.5
Victor_9_puntos_intento_3.mp4,1141,9508.333,True,129.000,159.000,0.000,195.000,80.000,0.366667,0.438889,-0.820324,64.647,76.657,127.597,3716.0
Victor_9_puntos_intento_3.mp4,1142,9516.667,True,129.000,159.000,0.000,196.000,80.000,0.372222,0.438889,-0.817819,64.942,75.784,128.431,3725.5
Victor_9_puntos_intento_3.mp4,1143,9525.000,True,129.000,159.000,0.000,196.000,80.000,0.372222,0.438889,-0.817819,64.883,75.899,127.338,3715.0
Victor_9_puntos_intento_3.mp4,1144,9533.333,True,129.000,159.000,0.000,196.000,80.000,0.372222,0.438889,-0.817819,64.813,76.400,124.807,3713.5
Victor_9_puntos_intento_3.mp4,1145,9541.667,True,129.000,159.000,0.000,196.000,80.000,0.372222,0.438889,-0.817819,65.105,76.065,126.480,3719.0
Victor_9_puntos_intento_3.mp4,1146,9550.000,True,129.000,159.000,0.000,196.000,80.000,0.372222,0.438889,-0.817819,64.808,76.374,126.903,3740.5
Victor_9_puntos_intento_3.mp4,1147,9558.333,True,129.000,159.000,0.000,196.000,80.000,0.372222,0.438889,-0.817819,64.506,76.647,126.751,3712.5
Victor_9_puntos_intento_3.mp4,1148,9566.667,True,129.000,159.000,0.000,196.000,80.000,0.372222,0.438889,-0.817819,64.380,77.091,125.564,3733.0
Victor_9_puntos_intento_3.mp4,1149,9575.000,True,129.000,159.000,0.000,196.000,80.000,0.372222,0.438889,-0.817819,64.319,77.418,124.809,3710.5
Victor_9_puntos_intento_3.mp4,1150,9583.333,True,129.000,159.000,0.000,196.000,80.000,0.372222,0.438889,-0.817819,64.517,76.501,125.445,3738.5
Victor_9_puntos_intento_3.mp4,1151,9591.667,True,128.000,159.000,0.000,196.000,80.000,0.377778,0.438889,-0.815267,64.338,76.951,124.715,3718.0
Victor_9_puntos_intento_3.mp4,1152,9600.000,True,128.000,159.000,0.000,196.000,80.000,0.377778,0.438889,-0.815267,65.018,75.571,123.998,3732.0
Victor_9_puntos_intento_3.mp4,1153,9608.333,True,128.000,159.000,0.000,196.000,80.000,0.377778,0.438889,-0.815267,64.324,76.635,125.022,3691.0
Victor_9_puntos_intento_3.mp4,1154,9616.667,True,128.000,159.000,0.000,196.000,80.000,0.377778,0.438889,-0.815267,64.664,75.810,128.480,3693.0
Victor_9_puntos_intento_3.mp4,1155,9625.000,True,128.000,159.000,0.000,196.000,80.000,0.377778,0.438889,-0.815267,64.191,76.765,127.747,3690.5
Victor_9_puntos_intento_3.mp4,1156,9633.333,True,128.000,159.000,0.000,196.000,80.000,0.377778,0.438889,-0.815267,64.057,76.797,125.889,3705.0
Victor_9_puntos_intento_3.mp4,1157,9641.667,True,128.000,159.000,0.000,196.000,80.000,0.377778,0.438889,-0.815267,64.438,75.203,127.014,3681.5
Victor_9_puntos_intento_3.mp4,1158,9650.000,True,128.000,159.000,0.000,196.000,80.000,0.377778,0.438889,-0.815267,65.283,75.090,128.453,3711.5
Victor_9_puntos_intento_3.mp4,1159,9658.333,True,128.000,159.000,0.000,196.000,80.000,0.377778,0.438889,-0.815267,64.715,76.137,125.534,3710.0
Victor_9_puntos_intento_3.mp4,1160,9666.667,True,128.000,159.000,0.000,196.000,80.000,0.377778,0.438889,-0.815267,64.556,75.655,124.198,3695.0
Victor_9_puntos_intento_3.mp4,1161,9675.000,True,128.000,159.000,0.000,196.000,80.000,0.377778,0.438889,-0.815267,64.934,74.421,123.957,3692.0
Victor_9_puntos_intento_3.mp4,1162,9683.333,True,128.000,159.000,0.000,196.000,80.000,0.377778,0.438889,-0.815267,64.603,76.104,124.663,3699.5
Victor_9_puntos_intento_3.mp4,1163,9691.667,True,128.000,159.000,0.000,196.000,80.000,0.377778,0.438889,-0.815267,64.644,76.351,126.748,3696.5
Victor_9_puntos_intento_3.mp4,1164,9700.000,True,128.000,159.000,0.000,196.000,80.000,0.377778,0.438889,-0.815267,64.304,76.341,123.524,3713.5
Victor_9_puntos_intento_3.mp4,1165,9708.333,True,128.000,159.000,0.000,196.000,80.000,0.377778,0.438889,-0.815267,65.031,75.994,124.268,3713.5
Victor_9_puntos_intento_3.mp4,1166,9716.667,True,128.000,159.000,0.000,196.000,80.000,0.377778,0.438889,-0.815267,65.272,75.623,126.189,3723.5
Victor_9_puntos_intento_3.mp4,1167,9725.000,True,128.000,159.000,0.000,196.000,80.000,0.377778,0.438889,-0.815267,64.726,76.937,125.185,3717.0
Victor_9_puntos_intento_3.mp4,1168,9733.333,True,128.000,159.000,0.000,196.000,80.000,0.377778,0.438889,-0.815267,64.674,76.379,125.779,3717.0
Victor_9_puntos_intento_3.mp4,1169,9741.667,True,128.000,159.000,0.000,196.000,80.000,0.377778,0.438889,-0.815267,64.656,76.814,127.217,3734.5
Victor_9_puntos_intento_3.mp4,1170,9750.000,True,128.000,159.000,0.000,196.000,80.000,0.377778,0.438889,-0.815267,64.750,77.311,127.200,3752.0
Victor_9_puntos_intento_3.mp4,1171,9758.333,True,128.000,159.000,0.000,196.000,80.000,0.377778,0.438889,-0.815267,64.828,76.449,126.269,3722.5
Victor_9_puntos_intento_3.mp4,1172,9766.667,True,128.000,159.000,0.000,196.000,80.000,0.377778,0.438889,-0.815267,64.538,76.963,124.620,3728.0
Victor_9_puntos_intento_3.mp4,1173,9775.000,True,128.000,159.000,0.000,196.000,81.000,0.377778,0.433333,-0.818234,65.746,76.331,126.326,3766.0
Victor_9_puntos_intento_3.mp4,1174,9783.333,True,128.000,159.000,0.000,196.000,80.000,0.377778,0.438889,-0.815267,64.324,78.044,123.121,3734.0
Victor_9_puntos_intento_3.mp4,1175,9791.667,True,128.000,159.000,0.000,196.000,80.000,0.377778,0.438889,-0.815267,65.159,77.887,126.360,3767.0
Victor_9_puntos_intento_3.mp4,1176,9800.000,True,128.000,159.000,0.000,196.000,81.000,0.377778,0.433333,-0.818234,65.258,76.473,129.272,3778.5
Victor_9_puntos_intento_3.mp4,1177,9808.333,True,128.000,159.000,0.000,196.000,80.000,0.377778,0.438889,-0.815267,65.661,75.590,125.739,3724.5
Victor_9_puntos_intento_3.mp4,1178,9816.667,True,128.000,159.000,0.000,196.000,80.000,0.377778,0.438889,-0.815267,65.016,77.360,127.014,3783.0
Victor_9_puntos_intento_3.mp4,1179,9825.000,True,128.000,159.000,0.000,196.000,80.000,0.377778,0.438889,-0.815267,65.436,77.338,125.841,3765.0
Victor_9_puntos_intento_3.mp4,1180,9833.333,True,128.000,159.000,0.000,196.000,80.000,0.377778,0.438889,-0.815267,65.721,77.033,128.462,3769.5
Victor_9_puntos_intento_3.mp4,1181,9841.667,True,128.000,159.000,0.000,196.000,80.000,0.377778,0.438889,-0.815267,65.533,77.813,126.021,3817.0
Victor_9_puntos_intento_3.mp4,1182,9850.000,True,128.000,159.000,0.000,196.000,81.000,0.377778,0.433333,-0.818234,65.728,76.882,126.200,3783.5
Victor_9_puntos_intento_3.mp4,1183,9858.333,True,128.000,159.000,0.000,196.000,80.000,0.377778,0.438889,-0.815267,65.270,77.036,127.378,3766.0
Victor_9_puntos_intento_3.mp4,1184,9866.667,True,128.000,159.000,0.000,196.000,80.000,0.377778,0.438889,-0.815267,65.238,77.295,126.285,3802.0
Victor_9_puntos_intento_3.mp4,1185,9875.000,True,128.000,159.000,0.000,196.000,81.000,0.377778,0.433333,-0.818234,65.658,76.829,127.392,3798.5
Victor_9_puntos_intento_3.mp4,1186,9883.333,True,128.000,159.000,0.000,196.000,81.000,0.377778,0.433333,-0.818234,65.933,76.634,128.794,3822.0
Victor_9_puntos_intento_3.mp4,1187,9891.667,True,128.000,159.000,0.000,196.000,81.000,0.377778,0.433333,-0.818234,65.435,77.591,126.519,3800.0
Victor_9_puntos_intento_3.mp4,1188,9900.000,True,128.000,159.000,0.000,196.000,81.000,0.377778,0.433333,-0.818234,65.994,76.973,128.388,3832.5
Victor_9_puntos_intento_3.mp4,1189,9908.333,True,128.000,159.000,0.000,196.000,81.000,0.377778,0.433333,-0.818234,65.404,77.697,125.564,3790.0
Victor_9_puntos_intento_3.mp4,1190,9916.667,True,128.000,159.000,0.000,196.000,81.000,0.377778,0.433333,-0.818234,65.034,77.596,124.656,3789.0
Victor_9_puntos_intento_3.mp4,1191,9925.000,True,128.000,159.000,0.000,196.000,81.000,0.377778,0.433333,-0.818234,65.465,77.711,125.779,3824.0
Victor_9_puntos_intento_3.mp4,1192,9933.333,True,128.000,159.000,0.000,196.000,81.000,0.377778,0.433333,-0.818234,66.014,77.446,124.716,3837.0
Victor_9_puntos_intento_3.mp4,1193,9941.667,True,128.000,159.000,0.000,196.000,81.000,0.377778,0.433333,-0.818234,65.401,78.087,125.717,3820.0
Victor_9_puntos_intento_3.mp4,1194,9950.000,True,128.000,159.000,0.000,196.000,81.000,0.377778,0.433333,-0.818234,65.156,78.992,123.930,3842.5
Victor_9_puntos_intento_3.mp4,1195,9958.333,True,128.000,159.000,0.000,196.000,81.000,0.377778,0.433333,-0.818234,65.551,77.742,125.168,3819.5
Victor_9_puntos_intento_3.mp4,1196,9966.667,True,128.000,159.000,0.000,196.000,81.000,0.377778,0.433333,-0.818234,66.099,78.757,126.873,3866.5
Victor_9_puntos_intento_3.mp4,1197,9975.000,True,128.000,159.000,0.000,195.000,81.000,0.372222,0.433333,-0.820776,65.724,79.093,126.745,3859.5
Victor_9_puntos_intento_3.mp4,1198,9983.333,True,128.000,159.000,0.000,196.000,81.000,0.377778,0.433333,-0.818234,65.861,78.882,124.752,3881.5
Victor_9_puntos_intento_3.mp4,1199,9991.667,True,128.000,159.000,0.000,196.000,81.000,0.377778,0.433333,-0.818234,65.949,78.133,123.995,3851.5
Victor_9_puntos_intento_3.mp4,1200,10000.000,True,128.000,159.000,0.000,196.000,81.000,0.377778,0.433333,-0.818234,65.999,78.269,125.408,3860.5
Victor_9_puntos_intento_3.mp4,1201,10008.333,True,128.000,159.000,0.000,196.000,81.000,0.377778,0.433333,-0.818234,66.544,77.347,125.850,3884.5
Victor_9_puntos_intento_3.mp4,1202,10016.667,True,128.000,159.000,0.000,195.000,81.000,0.372222,0.433333,-0.820776,66.381,77.519,126.264,3885.0
Victor_9_puntos_intento_3.mp4,1203,10025.000,True,128.000,159.000,0.000,196.000,81.000,0.377778,0.433333,-0.818234,66.170,78.344,126.241,3885.5
Victor_9_puntos_intento_3.mp4,1204,10033.333,True,128.000,158.000,0.000,196.000,80.000,0.377778,0.433333,-0.818234,66.321,78.203,126.240,3909.0
Victor_9_puntos_intento_3.mp4,1205,10041.667,True,128.000,158.000,0.000,195.000,80.000,0.372222,0.433333,-0.820776,65.750,78.417,125.098,3881.5
Victor_9_puntos_intento_3.mp4,1206,10050.000,True,128.000,158.000,0.000,196.000,81.000,0.377778,0.427778,-0.821152,66.642,77.856,127.600,3894.0
Victor_9_puntos_intento_3.mp4,1207,10058.333,True,128.000,158.000,0.000,195.000,80.000,0.372222,0.433333,-0.820776,66.533,78.510,129.998,3888.5
Victor_9_puntos_intento_3.mp4,1208,10066.667,True,128.000,158.000,0.000,195.000,80.000,0.372222,0.433333,-0.820776,66.317,79.010,128.157,3919.0
Victor_9_puntos_intento_3.mp4,1209,10075.000,True,128.000,158.000,0.000,195.000,80.000,0.372222,0.433333,-0.820776,66.302,78.569,127.621,3919.0
Victor_9_puntos_intento_3.mp4,1210,10083.333,True,128.000,158.000,0.000,196.000,80.000,0.377778,0.433333,-0.818234,66.558,77.862,126.446,3921.5
Victor_9_puntos_intento_3.mp4,1211,10091.667,True,128.000,158.000,0.000,195.000,80.000,0.372222,0.433333,-0.820776,66.284,79.120,125.802,3907.5
Victor_9_puntos_intento_3.mp4,1212,10100.000,True,128.000,158.000,0.000,196.000,80.000,0.377778,0.433333,-0.818234,66.900,76.936,128.091,3910.5
Victor_9_puntos_intento_3.mp4,1213,10108.333,True,128.000,158.000,0.000,195.000,80.000,0.372222,0.433333,-0.820776,66.333,78.982,127.530,3906.0
Victor_9_puntos_intento_3.mp4,1214,10116.667,True,128.000,158.000,0.000,195.000,80.000,0.372222,0.433333,-0.820776,66.633,78.799,127.765,3923.0
Victor_9_puntos_intento_3.mp4,1215,10125.000,True,128.000,158.000,0.000,195.000,80.000,0.372222,0.433333,-0.820776,66.440,79.274,128.383,3946.0
Victor_9_puntos_intento_3.mp4,1216,10133.333,True,128.000,158.000,0.000,195.000,80.000,0.372222,0.433333,-0.820776,66.681,79.299,127.294,3957.5
Victor_9_puntos_intento_3.mp4,1217,10141.667,True,128.000,158.000,0.000,195.000,81.000,0.372222,0.427778,-0.823685,66.023,79.190,127.911,3917.0
Victor_9_puntos_intento_3.mp4,1218,10150.000,True,128.000,158.000,0.000,195.000,81.000,0.372222,0.427778,-0.823685,66.469,79.327,129.195,3948.5
Victor_9_puntos_intento_3.mp4,1219,10158.333,True,128.000,158.000,0.000,195.000,81.000,0.372222,0.427778,-0.823685,66.625,79.752,126.855,3942.5
Victor_9_puntos_intento_3.mp4,1220,10166.667,True,128.000,158.000,0.000,195.000,81.000,0.372222,0.427778,-0.823685,66.702,78.671,126.960,3941.5
Victor_9_puntos_intento_3.mp4,1221,10175.000,True,128.000,158.000,0.000,196.000,81.000,0.377778,0.427778,-0.821152,66.676,78.933,128.469,3943.0
Victor_9_puntos_intento_3.mp4,1222,10183.333,True,128.000,158.000,0.000,196.000,81.000,0.377778,0.427778,-0.821152,66.795,78.906,129.103,3964.0
Victor_9_puntos_intento_3.mp4,1223,10191.667,True,128.000,158.000,0.000,195.000,81.000,0.372222,0.427778,-0.823685,67.101,79.129,128.521,3962.5
Victor_9_puntos_intento_3.mp4,1224,10200.000,True,128.000,158.000,0.000,195.000,81.000,0.372222,0.427778,-0.823685,67.053,79.154,127.392,3963.5
Victor_9_puntos_intento_3.mp4,1225,10208.333,True,128.000,158.000,0.000,195.000,81.000,0.372222,0.427778,-0.823685,66.945,79.495,128.706,3978.5
Victor_9_puntos_intento_3.mp4,1226,10216.667,True,128.000,158.000,0.000,195.000,81.000,0.372222,0.427778,-0.823685,67.188,79.040,127.821,3993.5
Victor_9_puntos_intento_3.mp4,1227,10225.000,True,128.000,158.000,0.000,195.000,81.000,0.372222,0.427778,-0.823685,66.656,79.476,126.500,3978.0
Victor_9_puntos_intento_3.mp4,1228,10233.333,True,128.000,158.000,0.000,196.000,81.000,0.377778,0.427778,-0.821152,66.911,79.129,127.482,3999.0
Victor_9_puntos_intento_3.mp4,1229,10241.667,True,128.000,158.000,0.000,196.000,81.000,0.377778,0.427778,-0.821152,66.872,78.193,127.465,3967.0
Victor_9_puntos_intento_3.mp4,1230,10250.000,True,128.000,158.000,0.000,195.000,81.000,0.372222,0.427778,-0.823685,66.905,79.421,126.509,3983.0
Victor_9_puntos_intento_3.mp4,1231,10258.333,True,128.000,158.000,0.000,195.000,81.000,0.372222,0.427778,-0.823685,66.488,80.287,128.324,3959.5
Victor_9_puntos_intento_3.mp4,1232,10266.667,True,128.000,158.000,0.000,196.000,81.000,0.377778,0.427778,-0.821152,66.781,79.971,128.296,4001.0
Victor_9_puntos_intento_3.mp4,1233,10275.000,True,128.000,158.000,0.000,195.000,81.000,0.372222,0.427778,-0.823685,66.682,79.916,128.046,3994.0
Victor_9_puntos_intento_3.mp4,1234,10283.333,True,128.000,158.000,0.000,195.000,81.000,0.372222,0.427778,-0.823685,66.913,79.859,127.580,4006.0
Victor_9_puntos_intento_3.mp4,1235,10291.667,True,128.000,158.000,0.000,195.000,81.000,0.372222,0.427778,-0.823685,66.690,80.633,128.415,3984.0
Victor_9_puntos_intento_3.mp4,1236,10300.000,True,128.000,158.000,0.000,196.000,82.000,0.377778,0.422222,-0.824022,67.678,78.486,129.020,4011.5
Victor_9_puntos_intento_3.mp4,1237,10308.333,True,128.000,158.000,0.000,196.000,81.000,0.377778,0.427778,-0.821152,67.583,78.337,130.194,3977.5
Victor_9_puntos_intento_3.mp4,1238,10316.667,True,128.000,158.000,0.000,195.000,81.000,0.372222,0.427778,-0.823685,66.975,79.071,129.453,3985.5
Victor_9_puntos_intento_3.mp4,1239,10325.000,True,128.000,158.000,0.000,196.000,81.000,0.377778,0.427778,-0.821152,67.649,78.800,128.501,3985.0
Victor_9_puntos_intento_3.mp4,1240,10333.333,True,128.000,158.000,0.000,195.000,81.000,0.372222,0.427778,-0.823685,67.504,79.187,130.310,4002.5
Victor_9_puntos_intento_3.mp4,1241,10341.667,True,128.000,158.000,0.000,196.000,82.000,0.377778,0.422222,-0.824022,67.408,79.602,127.736,3991.0
Victor_9_puntos_intento_3.mp4,1242,10350.000,True,128.000,158.000,0.000,196.000,81.000,0.377778,0.427778,-0.821152,68.313,78.359,132.646,4035.5
Victor_9_puntos_intento_3.mp4,1243,10358.333,True,128.000,158.000,0.000,195.000,81.000,0.372222,0.427778,-0.823685,67.892,78.110,130.161,3988.0
Victor_9_puntos_intento_3.mp4,1244,10366.667,True,128.000,158.000,0.000,196.000,81.000,0.377778,0.427778,-0.821152,67.560,78.427,130.046,3999.5
Victor_9_puntos_intento_3.mp4,1245,10375.000,True,128.000,158.000,0.000,196.000,81.000,0.377778,0.427778,-0.821152,68.121,77.937,131.073,3999.5
Victor_9_puntos_intento_3.mp4,1246,10383.333,True,128.000,158.000,0.000,195.000,81.000,0.372222,0.427778,-0.823685,67.319,79.406,129.138,4025.0
Victor_9_puntos_intento_3.mp4,1247,10391.667,True,128.000,158.000,0.000,195.000,81.000,0.372222,0.427778,-0.823685,67.307,79.527,129.538,4004.0
Victor_9_puntos_intento_3.mp4,1248,10400.000,True,128.000,158.000,0.000,195.000,81.000,0.372222,0.427778,-0.823685,67.200,79.429,131.680,3971.0
Victor_9_puntos_intento_3.mp4,1249,10408.333,True,128.000,158.000,0.000,196.000,81.000,0.377778,0.427778,-0.821152,67.869,78.190,129.889,4006.5
Victor_9_puntos_intento_3.mp4,1250,10416.667,True,128.000,158.000,0.000,195.000,81.000,0.372222,0.427778,-0.823685,67.759,79.358,129.808,3998.5
Victor_9_puntos_intento_3.mp4,1251,10425.000,True,128.000,158.000,0.000,195.000,80.000,0.372222,0.433333,-0.820776,67.475,79.459,129.288,4002.5
Victor_9_puntos_intento_3.mp4,1252,10433.333,True,128.000,158.000,0.000,195.000,80.000,0.372222,0.433333,-0.820776,67.618,78.904,127.183,4009.0
Victor_9_puntos_intento_3.mp4,1253,10441.667,True,128.000,158.000,0.000,196.000,81.000,0.377778,0.427778,-0.821152,67.911,78.590,128.532,4005.0
Victor_9_puntos_intento_3.mp4,1254,10450.000,True,128.000,158.000,0.000,195.000,81.000,0.372222,0.427778,-0.823685,67.734,79.579,127.630,4017.5
Victor_9_puntos_intento_3.mp4,1255,10458.333,True,128.000,158.000,0.000,195.000,80.000,0.372222,0.433333,-0.820776,67.026,80.048,127.780,3999.5
Victor_9_puntos_intento_3.mp4,1256,10466.667,True,128.000,158.000,0.000,195.000,80.000,0.372222,0.433333,-0.820776,67.458,80.234,128.854,4015.5
Victor_9_puntos_intento_3.mp4,1257,10475.000,True,128.000,158.000,0.000,195.000,80.000,0.372222,0.433333,-0.820776,67.310,80.035,127.420,4006.0
Victor_9_puntos_intento_3.mp4,1258,10483.333,True,128.000,158.000,0.000,195.000,80.000,0.372222,0.433333,-0.820776,67.303,80.429,127.394,4004.5
Victor_9_puntos_intento_3.mp4,1259,10491.667,True,128.000,158.000,0.000,195.000,80.000,0.372222,0.433333,-0.820776,67.575,79.792,127.192,4001.0
Victor_9_puntos_intento_3.mp4,1260,10500.000,True,128.000,158.000,0.000,195.000,80.000,0.372222,0.433333,-0.820776,67.316,80.927,127.344,4028.5
Victor_9_puntos_intento_3.mp4,1261,10508.333,True,128.000,158.000,0.000,195.000,80.000,0.372222,0.433333,-0.820776,67.259,80.460,127.914,4049.0
Victor_9_puntos_intento_3.mp4,1262,10516.667,True,128.000,158.000,0.000,195.000,81.000,0.372222,0.427778,-0.823685,67.479,81.027,127.176,4066.5
Victor_9_puntos_intento_3.mp4,1263,10525.000,True,128.000,158.000,0.000,195.000,81.000,0.372222,0.427778,-0.823685,67.800,79.387,126.168,4025.5
Victor_9_puntos_intento_3.mp4,1264,10533.333,True,128.000,158.000,0.000,195.000,80.000,0.372222,0.433333,-0.820776,67.842,78.601,125.811,4016.0
Victor_9_puntos_intento_3.mp4,1265,10541.667,True,128.000,158.000,0.000,195.000,80.000,0.372222,0.433333,-0.820776,67.894,78.434,130.720,3985.5
Victor_9_puntos_intento_3.mp4,1266,10550.000,True,127.000,158.000,0.000,195.000,80.000,0.377778,0.433333,-0.818234,67.758,79.854,128.764,4015.5
Victor_9_puntos_intento_3.mp4,1267,10558.333,True,127.000,158.000,0.000,195.000,80.000,0.377778,0.433333,-0.818234,67.488,79.361,127.469,4014.5
Victor_9_puntos_intento_3.mp4,1268,10566.667,True,127.000,158.000,0.000,195.000,80.000,0.377778,0.433333,-0.818234,67.517,79.507,128.533,4007.5
Victor_9_puntos_intento_3.mp4,1269,10575.000,True,127.000,158.000,0.000,195.000,80.000,0.377778,0.433333,-0.818234,67.332,79.648,129.051,4017.0
Victor_9_puntos_intento_3.mp4,1270,10583.333,True,127.000,158.000,0.000,195.000,80.000,0.377778,0.433333,-0.818234,67.091,80.444,127.482,4026.5
Victor_9_puntos_intento_3.mp4,1271,10591.667,True,127.000,158.000,0.000,195.000,81.000,0.377778,0.427778,-0.821152,67.461,78.529,128.320,3994.0
Victor_9_puntos_intento_3.mp4,1272,10600.000,True,127.000,158.000,0.000,195.000,81.000,0.377778,0.427778,-0.821152,67.705,79.399,128.248,4025.5
Victor_9_puntos_intento_3.mp4,1273,10608.333,True,127.000,158.000,0.000,196.000,81.000,0.383333,0.427778,-0.818573,68.175,77.557,135.622,4001.0
Victor_9_puntos_intento_3.mp4,1274,10616.667,True,127.000,158.000,0.000,195.000,80.000,0.377778,0.433333,-0.818234,67.521,79.155,130.227,3999.5
Victor_9_puntos_intento_3.mp4,1275,10625.000,True,127.000,158.000,0.000,195.000,80.000,0.377778,0.433333,-0.818234,67.481,79.191,130.614,3981.0
Victor_9_puntos_intento_3.mp4,1276,10633.333,True,127.000,158.000,0.000,195.000,81.000,0.377778,0.427778,-0.821152,68.087,79.403,130.035,3990.0
Victor_9_puntos_intento_3.mp4,1277,10641.667,True,127.000,158.000,0.000,195.000,80.000,0.377778,0.433333,-0.818234,67.479,78.730,129.445,3997.0
Victor_9_puntos_intento_3.mp4,1278,10650.000,True,127.000,158.000,0.000,195.000,80.000,0.377778,0.433333,-0.818234,67.356,78.604,127.331,4008.0
Victor_9_puntos_intento_3.mp4,1279,10658.333,True,127.000,158.000,0.000,195.000,81.000,0.377778,0.427778,-0.821152,67.917,79.439,129.835,4028.0
Victor_9_puntos_intento_3.mp4,1280,10666.667,True,127.000,158.000,0.000,190.000,83.000,0.350000,0.416667,-0.838981,71.112,76.352,130.438,4103.0
Victor_9_puntos_intento_3.mp4,1281,10675.000,True,127.000,158.000,0.000,177.000,86.000,0.277778,0.400000,-0.873407,72.766,77.596,87.984,4194.0
Victor_9_puntos_intento_3.mp4,1282,10683.333,True,127.000,158.000,0.000,163.000,87.000,0.200000,0.394444,-0.896891,73.760,83.763,103.269,4761.5
Victor_9_puntos_intento_3.mp4,1283,10691.667,True,127.000,158.000,0.000,154.000,90.000,0.150000,0.377778,-0.913665,75.878,84.039,104.957,4902.5
Victor_9_puntos_intento_3.mp4,1284,10700.000,True,127.000,158.000,0.000,145.000,92.000,0.100000,0.366667,-0.924962,75.922,84.578,105.324,4910.5
Victor_9_puntos_intento_3.mp4,1285,10708.333,True,127.000,158.000,0.000,144.000,93.000,0.094444,0.361111,-0.927728,74.512,85.570,109.050,4843.0
Victor_9_puntos_intento_3.mp4,1286,10716.667,True,127.000,158.000,0.000,146.000,92.000,0.105556,0.366667,-0.924345,74.096,85.775,112.855,4841.0
Victor_9_puntos_intento_3.mp4,1287,10725.000,True,127.000,158.000,0.000,146.000,92.000,0.105556,0.366667,-0.924345,74.347,85.261,114.390,4813.5
Victor_9_puntos_intento_3.mp4,1288,10733.333,True,127.000,158.000,0.000,146.000,92.000,0.105556,0.366667,-0.924345,74.456,85.536,110.782,4842.0
Victor_9_puntos_intento_3.mp4,1289,10741.667,True,127.000,158.000,0.000,146.000,92.000,0.105556,0.366667,-0.924345,73.818,85.419,110.204,4826.0
Victor_9_puntos_intento_3.mp4,1290,10750.000,True,127.000,158.000,0.000,146.000,92.000,0.105556,0.366667,-0.924345,74.834,85.350,110.469,4879.5
Victor_9_puntos_intento_3.mp4,1291,10758.333,True,127.000,158.000,0.000,146.000,91.000,0.105556,0.372222,-0.922122,74.257,85.498,111.922,4846.5
Victor_9_puntos_intento_3.mp4,1292,10766.667,True,127.000,158.000,0.000,146.000,91.000,0.105556,0.372222,-0.922122,73.476,85.710,109.730,4845.0
Victor_9_puntos_intento_3.mp4,1293,10775.000,True,127.000,158.000,0.000,146.000,91.000,0.105556,0.372222,-0.922122,73.998,84.969,108.958,4820.5
Victor_9_puntos_intento_3.mp4,1294,10783.333,True,127.000,158.000,0.000,146.000,91.000,0.105556,0.372222,-0.922122,73.612,86.006,109.864,4851.0
Victor_9_puntos_intento_3.mp4,1295,10791.667,True,127.000,158.000,0.000,146.000,91.000,0.105556,0.372222,-0.922122,73.677,85.531,110.425,4821.5
Victor_9_puntos_intento_3.mp4,1296,10800.000,True,127.000,158.000,0.000,146.000,91.000,0.105556,0.372222,-0.922122,73.697,85.460,110.940,4837.0
Victor_9_puntos_intento_3.mp4,1297,10808.333,True,127.000,158.000,0.000,146.000,91.000,0.105556,0.372222,-0.922122,73.472,85.611,108.609,4836.5
Victor_9_puntos_intento_3.mp4,1298,10816.667,True,127.000,158.000,0.000,146.000,91.000,0.105556,0.372222,-0.922122,73.935,86.123,110.000,4862.0
Victor_9_puntos_intento_3.mp4,1299,10825.000,True,127.000,158.000,0.000,146.000,91.000,0.105556,0.372222,-0.922122,73.196,85.845,108.269,4829.5
Victor_9_puntos_intento_3.mp4,1300,10833.333,True,127.000,158.000,0.000,146.000,91.000,0.105556,0.372222,-0.922122,74.082,85.684,109.994,4844.0
Victor_9_puntos_intento_3.mp4,1301,10841.667,True,127.000,158.000,0.000,146.000,90.000,0.105556,0.377778,-0.919860,72.822,86.131,109.117,4810.0
Victor_9_puntos_intento_3.mp4,1302,10850.000,True,127.000,158.000,0.000,146.000,90.000,0.105556,0.377778,-0.919860,72.912,85.005,108.402,4793.0
Victor_9_puntos_intento_3.mp4,1303,10858.333,True,127.000,158.000,0.000,146.000,90.000,0.105556,0.377778,-0.919860,73.352,85.434,109.151,4818.0
Victor_9_puntos_intento_3.mp4,1304,10866.667,True,127.000,158.000,0.000,146.000,91.000,0.105556,0.372222,-0.922122,73.915,85.541,110.385,4830.5
Victor_9_puntos_intento_3.mp4,1305,10875.000,True,127.000,158.000,0.000,146.000,91.000,0.105556,0.372222,-0.922122,74.145,84.761,111.963,4803.0
Victor_9_puntos_intento_3.mp4,1306,10883.333,True,127.000,158.000,0.000,146.000,91.000,0.105556,0.372222,-0.922122,74.035,85.063,111.481,4829.5
Victor_9_puntos_intento_3.mp4,1307,10891.667,True,127.000,158.000,0.000,145.000,91.000,0.100000,0.372222,-0.922741,73.679,85.846,112.221,4803.5
Victor_9_puntos_intento_3.mp4,1308,10900.000,True,127.000,158.000,0.000,146.000,90.000,0.105556,0.377778,-0.919860,73.040,86.059,109.236,4810.5
Victor_9_puntos_intento_3.mp4,1309,10908.333,True,127.000,158.000,0.000,146.000,91.000,0.105556,0.372222,-0.922122,74.028,84.900,110.116,4794.5
Victor_9_puntos_intento_3.mp4,1310,10916.667,True,127.000,158.000,0.000,146.000,90.000,0.105556,0.377778,-0.919860,74.303,85.317,109.258,4839.0
Victor_9_puntos_intento_3.mp4,1311,10925.000,True,127.000,158.000,0.000,146.000,90.000,0.105556,0.377778,-0.919860,74.407,84.488,110.000,4808.5
Victor_9_puntos_intento_3.mp4,1312,10933.333,True,127.000,158.000,0.000,146.000,90.000,0.105556,0.377778,-0.919860,73.786,85.861,110.346,4855.0
Victor_9_puntos_intento_3.mp4,1313,10941.667,True,127.000,158.000,0.000,147.000,91.000,0.111111,0.372222,-0.921469,73.792,85.334,109.965,4831.5
Victor_9_puntos_intento_3.mp4,1314,10950.000,True,127.000,158.000,0.000,146.000,91.000,0.105556,0.372222,-0.922122,73.883,85.851,108.495,4843.0
Victor_9_puntos_intento_3.mp4,1315,10958.333,True,127.000,158.000,0.000,146.000,91.000,0.105556,0.372222,-0.922122,73.379,85.610,109.884,4813.0
Victor_9_puntos_intento_3.mp4,1316,10966.667,True,127.000,158.000,0.000,146.000,90.000,0.105556,0.377778,-0.919860,73.354,86.139,108.395,4828.5
Victor_9_puntos_intento_3.mp4,1317,10975.000,True,127.000,158.000,0.000,146.000,91.000,0.105556,0.372222,-0.922122,73.521,85.724,108.440,4817.5
Victor_9_puntos_intento_3.mp4,1318,10983.333,True,127.000,158.000,0.000,146.000,91.000,0.105556,0.372222,-0.922122,74.312,85.800,107.717,4847.0
Victor_9_puntos_intento_3.mp4,1319,10991.667,True,127.000,158.000,0.000,146.000,90.000,0.105556,0.377778,-0.919860,73.321,86.051,108.983,4830.0
Victor_9_puntos_intento_3.mp4,1320,11000.000,True,127.000,158.000,0.000,146.000,90.000,0.105556,0.377778,-0.919860,73.713,86.216,108.084,4851.5
Victor_9_puntos_intento_3.mp4,1321,11008.333,True,127.000,158.000,0.000,147.000,90.000,0.111111,0.377778,-0.919205,73.979,85.707,109.531,4823.0
Victor_9_puntos_intento_3.mp4,1322,11016.667,True,127.000,158.000,0.000,147.000,90.000,0.111111,0.377778,-0.919205,73.710,85.920,110.130,4833.5
Victor_9_puntos_intento_3.mp4,1323,11025.000,True,127.000,158.000,0.000,147.000,90.000,0.111111,0.377778,-0.919205,73.661,85.235,111.081,4849.5
Victor_9_puntos_intento_3.mp4,1324,11033.333,True,127.000,158.000,0.000,147.000,90.000,0.111111,0.377778,-0.919205,74.348,85.359,109.136,4858.5
Victor_9_puntos_intento_3.mp4,1325,11041.667,True,127.000,158.000,0.000,143.000,91.000,0.088889,0.372222,-0.923877,74.085,85.736,106.702,4865.5
Victor_9_puntos_intento_3.mp4,1326,11050.000,True,127.000,158.000,0.000,140.000,91.000,0.072222,0.372222,-0.925329,74.378,85.712,108.196,4885.0
Victor_9_puntos_intento_3.mp4,1327,11058.333,True,127.000,158.000,0.000,143.000,90.000,0.088889,0.377778,-0.921620,73.908,86.084,108.986,4862.0
Victor_9_puntos_intento_3.mp4,1328,11066.667,True,127.000,158.000,0.000,144.000,90.000,0.094444,0.377778,-0.921067,73.790,86.219,108.670,4844.0
Victor_9_puntos_intento_3.mp4,1329,11075.000,True,127.000,158.000,0.000,145.000,89.000,0.100000,0.383333,-0.918181,72.950,86.228,109.914,4811.0
Victor_9_puntos_intento_3.mp4,1330,11083.333,True,127.000,158.000,0.000,144.000,89.000,0.094444,0.383333,-0.918769,73.401,86.535,109.455,4844.0
Victor_9_puntos_intento_3.mp4,1331,11091.667,True,127.000,158.000,0.000,144.000,89.000,0.094444,0.383333,-0.918769,73.985,85.558,110.230,4833.5
Victor_9_puntos_intento_3.mp4,1332,11100.000,True,127.000,158.000,0.000,145.000,89.000,0.100000,0.383333,-0.918181,74.352,85.553,109.551,4859.5
Victor_9_puntos_intento_3.mp4,1333,11108.333,True,127.000,158.000,0.000,145.000,89.000,0.100000,0.383333,-0.918181,73.775,85.484,110.779,4824.5
Victor_9_puntos_intento_3.mp4,1334,11116.667,True,127.000,158.000,0.000,144.000,89.000,0.094444,0.383333,-0.918769,73.682,86.094,110.540,4851.0
Victor_9_puntos_intento_3.mp4,1335,11125.000,True,127.000,158.000,0.000,144.000,89.000,0.094444,0.383333,-0.918769,73.661,85.806,108.363,4827.0
Victor_9_puntos_intento_3.mp4,1336,11133.333,True,127.000,158.000,0.000,144.000,90.000,0.094444,0.377778,-0.921067,74.104,85.349,110.293,4832.5
Victor_9_puntos_intento_3.mp4,1337,11141.667,True,127.000,158.000,0.000,145.000,89.000,0.100000,0.383333,-0.918181,73.768,84.294,114.402,4800.5
Victor_9_puntos_intento_3.mp4,1338,11150.000,True,127.000,158.000,0.000,145.000,89.000,0.100000,0.383333,-0.918181,74.084,83.804,111.299,4801.0
Victor_9_puntos_intento_3.mp4,1339,11158.333,True,127.000,158.000,0.000,145.000,89.000,0.100000,0.383333,-0.918181,73.528,85.265,110.164,4799.0
Victor_9_puntos_intento_3.mp4,1340,11166.667,True,127.000,158.000,0.000,144.000,89.000,0.094444,0.383333,-0.918769,73.495,85.275,109.029,4798.0
Victor_9_puntos_intento_3.mp4,1341,11175.000,True,127.000,158.000,0.000,145.000,89.000,0.100000,0.383333,-0.918181,73.253,85.031,109.137,4764.0
Victor_9_puntos_intento_3.mp4,1342,11183.333,True,127.000,158.000,0.000,145.000,90.000,0.100000,0.377778,-0.920480,73.702,85.029,109.568,4802.5
Victor_9_puntos_intento_3.mp4,1343,11191.667,True,127.000,158.000,0.000,144.000,89.000,0.094444,0.383333,-0.918769,73.167,85.921,108.764,4774.0
Victor_9_puntos_intento_3.mp4,1344,11200.000,True,127.000,158.000,0.000,145.000,89.000,0.100000,0.383333,-0.918181,73.480,85.228,109.841,4797.0
Victor_9_puntos_intento_3.mp4,1345,11208.333,True,127.000,158.000,0.000,145.000,89.000,0.100000,0.383333,-0.918181,73.649,84.545,110.443,4790.5
Victor_9_puntos_intento_3.mp4,1346,11216.667,True,127.000,158.000,0.000,145.000,89.000,0.100000,0.383333,-0.918181,73.511,85.634,108.865,4810.5
Victor_9_puntos_intento_3.mp4,1347,11225.000,True,127.000,158.000,0.000,145.000,89.000,0.100000,0.383333,-0.918181,73.229,85.749,108.171,4789.5
Victor_9_puntos_intento_3.mp4,1348,11233.333,True,127.000,158.000,0.000,145.000,89.000,0.100000,0.383333,-0.918181,72.927,85.240,110.209,4775.0
Victor_9_puntos_intento_3.mp4,1349,11241.667,True,127.000,158.000,0.000,145.000,89.000,0.100000,0.383333,-0.918181,72.806,84.822,111.717,4750.5
Victor_9_puntos_intento_3.mp4,1350,11250.000,True,127.000,158.000,0.000,145.000,89.000,0.100000,0.383333,-0.918181,72.500,85.858,108.143,4758.0
Victor_9_puntos_intento_3.mp4,1351,11258.333,True,127.000,158.000,0.000,145.000,89.000,0.100000,0.383333,-0.918181,72.447,85.471,108.850,4741.5
Victor_9_puntos_intento_3.mp4,1352,11266.667,True,127.000,158.000,0.000,145.000,89.000,0.100000,0.383333,-0.918181,72.539,84.537,109.582,4708.0
Victor_9_puntos_intento_3.mp4,1353,11275.000,True,127.000,158.000,0.000,145.000,89.000,0.100000,0.383333,-0.918181,72.333,84.178,110.248,4680.5
Victor_9_puntos_intento_3.mp4,1354,11283.333,True,127.000,158.000,0.000,145.000,89.000,0.100000,0.383333,-0.918181,72.259,84.691,107.534,4700.0
Victor_9_puntos_intento_3.mp4,1355,11291.667,True,127.000,158.000,0.000,145.000,89.000,0.100000,0.383333,-0.918181,72.315,84.344,107.540,4665.5
Victor_9_puntos_intento_3.mp4,1356,11300.000,True,127.000,158.000,0.000,145.000,89.000,0.100000,0.383333,-0.918181,72.359,84.411,110.010,4671.0
Victor_9_puntos_intento_3.mp4,1357,11308.333,True,127.000,158.000,0.000,145.000,89.000,0.100000,0.383333,-0.918181,72.668,84.077,109.223,4654.0
Victor_9_puntos_intento_3.mp4,1358,11316.667,True,127.000,158.000,0.000,145.000,89.000,0.100000,0.383333,-0.918181,72.757,84.666,108.882,4651.5
Victor_9_puntos_intento_3.mp4,1359,11325.000,True,127.000,158.000,0.000,145.000,89.000,0.100000,0.383333,-0.918181,71.955,84.710,108.246,4684.5
Victor_9_puntos_intento_3.mp4,1360,11333.333,True,127.000,158.000,0.000,145.000,89.000,0.100000,0.383333,-0.918181,72.766,84.541,109.035,4684.0
Victor_9_puntos_intento_3.mp4,1361,11341.667,True,127.000,158.000,0.000,145.000,89.000,0.100000,0.383333,-0.918181,72.435,84.493,109.787,4655.5
Victor_9_puntos_intento_3.mp4,1362,11350.000,True,127.000,158.000,0.000,145.000,89.000,0.100000,0.383333,-0.918181,72.439,84.622,107.606,4679.5
Victor_9_puntos_intento_3.mp4,1363,11358.333,True,127.000,158.000,0.000,145.000,89.000,0.100000,0.383333,-0.918181,72.407,83.910,109.574,4653.5
Victor_9_puntos_intento_3.mp4,1364,11366.667,True,127.000,158.000,0.000,145.000,89.000,0.100000,0.383333,-0.918181,72.446,83.813,110.173,4676.5
Victor_9_puntos_intento_3.mp4,1365,11375.000,True,127.000,158.000,0.000,145.000,89.000,0.100000,0.383333,-0.918181,71.954,83.910,108.296,4648.0
Victor_9_puntos_intento_3.mp4,1366,11383.333,True,127.000,158.000,0.000,145.000,89.000,0.100000,0.383333,-0.918181,71.662,84.629,108.305,4643.5
Victor_9_puntos_intento_3.mp4,1367,11391.667,True,127.000,158.000,0.000,145.000,89.000,0.100000,0.383333,-0.918181,71.688,83.817,108.009,4615.0
Victor_9_puntos_intento_3.mp4,1368,11400.000,True,127.000,158.000,0.000,145.000,89.000,0.100000,0.383333,-0.918181,71.993,83.533,110.421,4644.5
Victor_9_puntos_intento_3.mp4,1369,11408.333,True,127.000,158.000,0.000,145.000,89.000,0.100000,0.383333,-0.918181,71.462,83.436,107.979,4579.5
Victor_9_puntos_intento_3.mp4,1370,11416.667,True,127.000,158.000,0.000,145.000,89.000,0.100000,0.383333,-0.918181,72.279,83.860,109.509,4641.5
Victor_9_puntos_intento_3.mp4,1371,11425.000,True,127.000,158.000,0.000,145.000,89.000,0.100000,0.383333,-0.918181,71.618,83.801,108.269,4598.0
Victor_9_puntos_intento_3.mp4,1372,11433.333,True,127.000,158.000,0.000,145.000,89.000,0.100000,0.383333,-0.918181,71.835,83.471,108.323,4601.0
Victor_9_puntos_intento_3.mp4,1373,11441.667,True,127.000,158.000,0.000,145.000,89.000,0.100000,0.383333,-0.918181,71.552,83.787,107.271,4579.5
Victor_9_puntos_intento_3.mp4,1374,11450.000,True,127.000,158.000,0.000,145.000,89.000,0.100000,0.383333,-0.918181,71.317,83.934,107.748,4585.5
Victor_9_puntos_intento_3.mp4,1375,11458.333,True,127.000,158.000,0.000,145.000,89.000,0.100000,0.383333,-0.918181,71.510,83.798,107.824,4581.5
Victor_9_puntos_intento_3.mp4,1376,11466.667,True,127.000,158.000,0.000,145.000,89.000,0.100000,0.383333,-0.918181,71.468,83.548,107.303,4580.0
Victor_9_puntos_intento_3.mp4,1377,11475.000,True,127.000,158.000,0.000,145.000,89.000,0.100000,0.383333,-0.918181,71.099,83.234,107.013,4558.5
Victor_9_puntos_intento_3.mp4,1378,11483.333,True,127.000,158.000,0.000,145.000,89.000,0.100000,0.383333,-0.918181,71.524,83.139,108.750,4592.5
Victor_9_puntos_intento_3.mp4,1379,11491.667,True,127.000,158.000,0.000,145.000,89.000,0.100000,0.383333,-0.918181,71.603,83.539,105.990,4584.0
Victor_9_puntos_intento_3.mp4,1380,11500.000,True,127.000,158.000,0.000,145.000,89.000,0.100000,0.383333,-0.918181,71.332,83.494,107.144,4568.5
Victor_9_puntos_intento_3.mp4,1381,11508.333,True,127.000,158.000,0.000,146.000,90.000,0.105556,0.377778,-0.919860,68.543,83.108,100.005,4160.0
Victor_9_puntos_intento_3.mp4,1382,11516.667,True,127.000,158.000,0.000,146.000,90.000,0.105556,0.377778,-0.919860,69.660,82.873,98.294,4258.5
Victor_9_puntos_intento_3.mp4,1383,11525.000,True,127.000,158.000,0.000,145.000,89.000,0.100000,0.383333,-0.918181,72.062,83.158,108.286,4590.0
Victor_9_puntos_intento_3.mp4,1384,11533.333,True,127.000,158.000,0.000,145.000,89.000,0.100000,0.383333,-0.918181,71.371,84.000,106.870,4563.5
Victor_9_puntos_intento_3.mp4,1385,11541.667,True,127.000,158.000,0.000,145.000,89.000,0.100000,0.383333,-0.918181,71.005,83.491,105.719,4537.5
Victor_9_puntos_intento_3.mp4,1386,11550.000,True,127.000,158.000,0.000,146.000,89.000,0.105556,0.383333,-0.917558,71.436,82.524,110.439,4560.5
Victor_9_puntos_intento_3.mp4,1387,11558.333,True,127.000,158.000,0.000,145.000,89.000,0.100000,0.383333,-0.918181,71.358,84.062,107.647,4561.0
Victor_9_puntos_intento_3.mp4,1388,11566.667,True,127.000,158.000,0.000,145.000,89.000,0.100000,0.383333,-0.918181,70.942,83.865,107.866,4550.5
Victor_9_puntos_intento_3.mp4,1389,11575.000,True,127.000,158.000,0.000,145.000,89.000,0.100000,0.383333,-0.918181,70.665,83.771,108.224,4530.5
Victor_9_puntos_intento_3.mp4,1390,11583.333,True,127.000,158.000,0.000,145.000,89.000,0.100000,0.383333,-0.918181,71.281,84.037,107.983,4553.5
Victor_9_puntos_intento_3.mp4,1391,11591.667,True,127.000,158.000,0.000,145.000,89.000,0.100000,0.383333,-0.918181,71.331,83.340,109.039,4549.0
Victor_9_puntos_intento_3.mp4,1392,11600.000,True,127.000,158.000,0.000,145.000,89.000,0.100000,0.383333,-0.918181,71.003,82.876,109.945,4547.0
Victor_9_puntos_intento_3.mp4,1393,11608.333,True,127.000,158.000,0.000,145.000,89.000,0.100000,0.383333,-0.918181,70.925,82.676,107.594,4490.5
Victor_9_puntos_intento_3.mp4,1394,11616.667,True,127.000,158.000,0.000,145.000,89.000,0.100000,0.383333,-0.918181,71.124,82.138,110.731,4505.5
Victor_9_puntos_intento_3.mp4,1395,11625.000,True,126.000,158.000,0.000,145.000,89.000,0.105556,0.383333,-0.917558,70.834,83.018,107.695,4505.0
Victor_9_puntos_intento_3.mp4,1396,11633.333,True,126.000,158.000,0.000,145.000,89.000,0.105556,0.383333,-0.917558,70.754,82.769,109.111,4508.5
Victor_9_puntos_intento_3.mp4,1397,11641.667,True,126.000,158.000,0.000,145.000,89.000,0.105556,0.383333,-0.917558,70.487,82.823,108.971,4492.0
Victor_9_puntos_intento_3.mp4,1398,11650.000,True,126.000,158.000,0.000,145.000,89.000,0.105556,0.383333,-0.917558,71.493,82.086,109.737,4518.0
Victor_9_puntos_intento_3.mp4,1399,11658.333,True,126.000,158.000,0.000,145.000,89.000,0.105556,0.383333,-0.917558,71.209,82.063,109.768,4508.5
Victor_9_puntos_intento_3.mp4,1400,11666.667,True,126.000,158.000,0.000,145.000,89.000,0.105556,0.383333,-0.917558,70.387,82.237,106.766,4496.5
Victor_9_puntos_intento_3.mp4,1401,11675.000,True,126.000,158.000,0.000,145.000,89.000,0.105556,0.383333,-0.917558,69.861,82.944,107.078,4462.5
Victor_9_puntos_intento_3.mp4,1402,11683.333,True,126.000,158.000,0.000,145.000,89.000,0.105556,0.383333,-0.917558,70.427,83.178,106.211,4483.0
Victor_9_puntos_intento_3.mp4,1403,11691.667,True,126.000,158.000,0.000,145.000,89.000,0.105556,0.383333,-0.917558,69.984,83.224,105.978,4465.5
Victor_9_puntos_intento_3.mp4,1404,11700.000,True,126.000,158.000,0.000,145.000,89.000,0.105556,0.383333,-0.917558,70.157,82.381,106.314,4445.0
Victor_9_puntos_intento_3.mp4,1405,11708.333,True,126.000,158.000,0.000,144.000,89.000,0.100000,0.383333,-0.918181,70.643,82.745,105.316,4454.5
Victor_9_puntos_intento_3.mp4,1406,11716.667,True,126.000,158.000,0.000,145.000,89.000,0.105556,0.383333,-0.917558,70.387,83.416,105.747,4452.5
Victor_9_puntos_intento_3.mp4,1407,11725.000,True,126.000,158.000,0.000,145.000,89.000,0.105556,0.383333,-0.917558,70.222,82.788,105.657,4426.5
Victor_9_puntos_intento_3.mp4,1408,11733.333,True,126.000,158.000,0.000,145.000,89.000,0.105556,0.383333,-0.917558,70.856,82.281,105.605,4443.0
Victor_9_puntos_intento_3.mp4,1409,11741.667,True,126.000,158.000,0.000,145.000,89.000,0.105556,0.383333,-0.917558,70.818,82.378,103.906,4415.5
Victor_9_puntos_intento_3.mp4,1410,11750.000,True,126.000,158.000,0.000,145.000,89.000,0.105556,0.383333,-0.917558,70.932,81.739,107.690,4419.0
Victor_9_puntos_intento_3.mp4,1411,11758.333,True,126.000,158.000,0.000,145.000,89.000,0.105556,0.383333,-0.917558,71.148,82.209,106.332,4446.0
Victor_9_puntos_intento_3.mp4,1412,11766.667,True,126.000,158.000,0.000,145.000,89.000,0.105556,0.383333,-0.917558,70.607,82.229,105.753,4451.5
Victor_9_puntos_intento_3.mp4,1413,11775.000,True,126.000,158.000,0.000,145.000,89.000,0.105556,0.383333,-0.917558,70.209,82.664,104.944,4437.0
Victor_9_puntos_intento_3.mp4,1414,11783.333,True,126.000,158.000,0.000,145.000,89.000,0.105556,0.383333,-0.917558,70.697,81.784,108.486,4457.0
Victor_9_puntos_intento_3.mp4,1415,11791.667,True,126.000,158.000,0.000,145.000,89.000,0.105556,0.383333,-0.917558,70.608,82.143,106.664,4458.0
Victor_9_puntos_intento_3.mp4,1416,11800.000,True,126.000,158.000,0.000,145.000,89.000,0.105556,0.383333,-0.917558,70.523,82.473,104.962,4441.0
Victor_9_puntos_intento_3.mp4,1417,11808.333,True,126.000,158.000,0.000,144.000,89.000,0.100000,0.383333,-0.918181,70.953,83.199,105.306,4461.5
Victor_9_puntos_intento_3.mp4,1418,11816.667,True,126.000,158.000,0.000,144.000,89.000,0.100000,0.383333,-0.918181,70.872,82.876,104.775,4491.0
Victor_9_puntos_intento_3.mp4,1419,11825.000,True,126.000,158.000,0.000,144.000,89.000,0.100000,0.383333,-0.918181,70.476,83.223,104.757,4481.0
Victor_9_puntos_intento_3.mp4,1420,11833.333,True,126.000,158.000,0.000,145.000,89.000,0.105556,0.383333,-0.917558,71.092,82.481,106.275,4492.0
Victor_9_puntos_intento_3.mp4,1421,11841.667,True,126.000,158.000,0.000,144.000,89.000,0.100000,0.383333,-0.918181,70.348,83.133,106.072,4477.5
Victor_9_puntos_intento_3.mp4,1422,11850.000,True,126.000,158.000,0.000,144.000,89.000,0.100000,0.383333,-0.918181,70.807,83.025,105.170,4479.5
Victor_9_puntos_intento_3.mp4,1423,11858.333,True,126.000,158.000,0.000,144.000,89.000,0.100000,0.383333,-0.918181,71.010,83.416,105.769,4509.5
Victor_9_puntos_intento_3.mp4,1424,11866.667,True,126.000,158.000,0.000,144.000,89.000,0.100000,0.383333,-0.918181,71.184,83.808,104.320,4534.5
Victor_9_puntos_intento_3.mp4,1425,11875.000,True,126.000,158.000,0.000,144.000,90.000,0.100000,0.377778,-0.920480,71.007,83.538,106.622,4526.5
Victor_9_puntos_intento_3.mp4,1426,11883.333,True,126.000,158.000,0.000,144.000,90.000,0.100000,0.377778,-0.920480,71.551,83.143,106.062,4539.5
Victor_9_puntos_intento_3.mp4,1427,11891.667,True,126.000,158.000,0.000,144.000,90.000,0.100000,0.377778,-0.920480,71.167,82.928,108.088,4538.0
Victor_9_puntos_intento_3.mp4,1428,11900.000,True,126.000,158.000,0.000,144.000,90.000,0.100000,0.377778,-0.920480,71.493,83.111,107.397,4577.0
Victor_9_puntos_intento_3.mp4,1429,11908.333,True,126.000,158.000,0.000,143.000,90.000,0.094444,0.377778,-0.921067,72.125,83.553,107.927,4577.0
Victor_9_puntos_intento_3.mp4,1430,11916.667,True,126.000,158.000,0.000,143.000,90.000,0.094444,0.377778,-0.921067,71.728,84.035,105.939,4589.5
Victor_9_puntos_intento_3.mp4,1431,11925.000,True,126.000,158.000,0.000,144.000,90.000,0.100000,0.377778,-0.920480,72.388,83.002,107.800,4568.5
Victor_9_puntos_intento_3.mp4,1432,11933.333,True,126.000,158.000,0.000,143.000,90.000,0.094444,0.377778,-0.921067,71.636,84.690,106.785,4625.5
Victor_9_puntos_intento_3.mp4,1433,11941.667,True,126.000,158.000,0.000,144.000,89.000,0.100000,0.383333,-0.918181,70.919,84.876,107.725,4587.0
Victor_9_puntos_intento_3.mp4,1434,11950.000,True,126.000,158.000,0.000,149.000,89.000,0.127778,0.383333,-0.914729,71.324,83.472,109.263,4591.0
Victor_9_puntos_intento_3.mp4,1435,11958.333,True,126.000,158.000,0.000,150.000,88.000,0.133333,0.388889,-0.911585,71.747,83.890,109.951,4603.0
Victor_9_puntos_intento_3.mp4,1436,11966.667,True,126.000,158.000,0.000,148.000,88.000,0.122222,0.388889,-0.913141,71.952,83.435,108.738,4625.0
Victor_9_puntos_intento_3.mp4,1437,11975.000,True,126.000,158.000,0.000,147.000,89.000,0.116667,0.383333,-0.916212,71.905,84.366,107.258,4641.0
Victor_9_puntos_intento_3.mp4,1438,11983.333,True,126.000,158.000,0.000,147.000,89.000,0.116667,0.383333,-0.916212,72.032,84.228,106.556,4643.0
Victor_9_puntos_intento_3.mp4,1439,11991.667,True,126.000,158.000,0.000,148.000,89.000,0.122222,0.383333,-0.915487,71.764,83.580,110.298,4613.5
Victor_9_puntos_intento_3.mp4,1440,12000.000,True,126.000,158.000,0.000,147.000,89.000,0.116667,0.383333,-0.916212,71.941,85.326,105.498,4697.0
Victor_9_puntos_intento_3.mp4,1441,12008.333,True,126.000,158.000,0.000,147.000,89.000,0.116667,0.383333,-0.916212,72.323,84.843,105.765,4665.5
Victor_9_puntos_intento_3.mp4,1442,12016.667,True,126.000,158.000,0.000,147.000,89.000,0.116667,0.383333,-0.916212,72.344,85.503,106.099,4690.0
Victor_9_puntos_intento_3.mp4,1443,12025.000,True,126.000,158.000,0.000,147.000,89.000,0.116667,0.383333,-0.916212,72.365,84.549,106.624,4690.5
Victor_9_puntos_intento_3.mp4,1444,12033.333,True,126.000,158.000,0.000,147.000,89.000,0.116667,0.383333,-0.916212,72.650,84.730,106.545,4707.0
Victor_9_puntos_intento_3.mp4,1445,12041.667,True,126.000,158.000,0.000,147.000,89.000,0.116667,0.383333,-0.916212,72.638,84.414,107.161,4707.5
Victor_9_puntos_intento_3.mp4,1446,12050.000,True,126.000,158.000,0.000,147.000,89.000,0.116667,0.383333,-0.916212,72.756,84.883,105.801,4747.0
Victor_9_puntos_intento_3.mp4,1447,12058.333,True,126.000,158.000,0.000,147.000,89.000,0.116667,0.383333,-0.916212,72.721,84.702,108.120,4737.0
Victor_9_puntos_intento_3.mp4,1448,12066.667,True,126.000,158.000,0.000,147.000,89.000,0.116667,0.383333,-0.916212,72.968,84.357,108.763,4753.0
Victor_9_puntos_intento_3.mp4,1449,12075.000,True,126.000,158.000,0.000,147.000,89.000,0.116667,0.383333,-0.916212,73.283,84.775,106.543,4760.0
Victor_9_puntos_intento_3.mp4,1450,12083.333,True,126.000,158.000,0.000,147.000,89.000,0.116667,0.383333,-0.916212,72.884,85.517,106.761,4781.0
Victor_9_puntos_intento_3.mp4,1451,12091.667,True,126.000,158.000,0.000,147.000,89.000,0.116667,0.383333,-0.916212,72.765,85.634,107.326,4782.0
Victor_9_puntos_intento_3.mp4,1452,12100.000,True,126.000,158.000,0.000,147.000,89.000,0.116667,0.383333,-0.916212,73.028,85.702,107.817,4819.5
Victor_9_puntos_intento_3.mp4,1453,12108.333,True,126.000,158.000,0.000,147.000,89.000,0.116667,0.383333,-0.916212,72.881,86.380,106.532,4819.0
Victor_9_puntos_intento_3.mp4,1454,12116.667,True,126.000,158.000,0.000,147.000,89.000,0.116667,0.383333,-0.916212,72.951,86.596,106.253,4812.5
Victor_9_puntos_intento_3.mp4,1455,12125.000,True,126.000,158.000,0.000,147.000,89.000,0.116667,0.383333,-0.916212,73.499,85.248,106.892,4812.5
Victor_9_puntos_intento_3.mp4,1456,12133.333,True,126.000,158.000,0.000,147.000,89.000,0.116667,0.383333,-0.916212,74.021,85.260,108.218,4839.5
Victor_9_puntos_intento_3.mp4,1457,12141.667,True,126.000,158.000,0.000,147.000,89.000,0.116667,0.383333,-0.916212,73.547,85.842,106.594,4834.0
Victor_9_puntos_intento_3.mp4,1458,12150.000,True,126.000,158.000,0.000,147.000,89.000,0.116667,0.383333,-0.916212,73.913,84.908,107.887,4828.0
Victor_9_puntos_intento_3.mp4,1459,12158.333,True,126.000,158.000,0.000,147.000,89.000,0.116667,0.383333,-0.916212,74.494,85.065,109.334,4845.0
Victor_9_puntos_intento_3.mp4,1460,12166.667,True,126.000,158.000,0.000,147.000,89.000,0.116667,0.383333,-0.916212,74.349,85.723,108.208,4836.5
Victor_9_puntos_intento_3.mp4,1461,12175.000,True,126.000,158.000,0.000,147.000,89.000,0.116667,0.383333,-0.916212,73.767,85.144,110.948,4850.5
Victor_9_puntos_intento_3.mp4,1462,12183.333,True,126.000,158.000,0.000,147.000,89.000,0.116667,0.383333,-0.916212,73.342,85.561,109.822,4839.5
Victor_9_puntos_intento_3.mp4,1463,12191.667,True,126.000,158.000,0.000,146.000,89.000,0.111111,0.383333,-0.916902,73.867,86.177,107.168,4862.0
Victor_9_puntos_intento_3.mp4,1464,12200.000,True,126.000,158.000,0.000,146.000,89.000,0.111111,0.383333,-0.916902,74.162,85.793,107.873,4864.0
Victor_9_puntos_intento_3.mp4,1465,12208.333,True,126.000,158.000,0.000,146.000,89.000,0.111111,0.383333,-0.916902,73.775,86.329,106.083,4842.5
Victor_9_puntos_intento_3.mp4,1466,12216.667,True,126.000,158.000,0.000,147.000,89.000,0.116667,0.383333,-0.916212,74.087,85.585,107.747,4876.5
Victor_9_puntos_intento_3.mp4,1467,12225.000,True,126.000,158.000,0.000,146.000,89.000,0.111111,0.383333,-0.916902,73.639,86.268,107.528,4876.5
Victor_9_puntos_intento_3.mp4,1468,12233.333,True,126.000,158.000,0.000,146.000,89.000,0.111111,0.383333,-0.916902,73.980,86.944,106.405,4883.5
Victor_9_puntos_intento_3.mp4,1469,12241.667,True,126.000,158.000,0.000,147.000,89.000,0.116667,0.383333,-0.916212,73.631,86.347,107.203,4866.0
Victor_9_puntos_intento_3.mp4,1470,12250.000,True,126.000,158.000,0.000,147.000,89.000,0.116667,0.383333,-0.916212,74.022,86.063,108.945,4900.5
Victor_9_puntos_intento_3.mp4,1471,12258.333,True,126.000,158.000,0.000,147.000,89.000,0.116667,0.383333,-0.916212,73.624,86.123,106.993,4856.0
Victor_9_puntos_intento_3.mp4,1472,12266.667,True,126.000,158.000,0.000,146.000,89.000,0.111111,0.383333,-0.916902,73.948,86.196,108.888,4889.5
Victor_9_puntos_intento_3.mp4,1473,12275.000,True,126.000,158.000,0.000,147.000,89.000,0.116667,0.383333,-0.916212,74.125,85.497,108.300,4884.5
Victor_9_puntos_intento_3.mp4,1474,12283.333,True,126.000,158.000,0.000,146.000,89.000,0.111111,0.383333,-0.916902,73.836,86.317,107.597,4902.0
Victor_9_puntos_intento_3.mp4,1475,12291.667,True,126.000,158.000,0.000,146.000,89.000,0.111111,0.383333,-0.916902,74.026,86.429,106.826,4900.0
Victor_9_puntos_intento_3.mp4,1476,12300.000,True,126.000,158.000,0.000,146.000,90.000,0.111111,0.377778,-0.919205,74.405,86.274,106.477,4911.5
Victor_9_puntos_intento_3.mp4,1477,12308.333,True,126.000,158.000,0.000,147.000,89.000,0.116667,0.383333,-0.916212,74.048,85.949,108.249,4883.0
Victor_9_puntos_intento_3.mp4,1478,12316.667,True,126.000,158.000,0.000,146.000,90.000,0.111111,0.377778,-0.919205,74.441,86.075,110.773,4921.5
Victor_9_puntos_intento_3.mp4,1479,12325.000,True,126.000,158.000,0.000,146.000,90.000,0.111111,0.377778,-0.919205,74.376,86.454,108.093,4890.0
Victor_9_puntos_intento_3.mp4,1480,12333.333,True,126.000,158.000,0.000,146.000,89.000,0.111111,0.383333,-0.916902,74.303,86.737,108.148,4911.0
Victor_9_puntos_intento_3.mp4,1481,12341.667,True,126.000,158.000,0.000,146.000,90.000,0.111111,0.377778,-0.919205,74.529,86.469,108.991,4942.5
Victor_9_puntos_intento_3.mp4,1482,12350.000,True,126.000,158.000,0.000,146.000,89.000,0.111111,0.383333,-0.916902,74.608,86.794,109.169,4945.5
Victor_9_puntos_intento_3.mp4,1483,12358.333,True,126.000,158.000,0.000,146.000,89.000,0.111111,0.383333,-0.916902,74.591,86.848,110.393,4944.5
Victor_9_puntos_intento_3.mp4,1484,12366.667,True,126.000,158.000,0.000,146.000,89.000,0.111111,0.383333,-0.916902,74.434,87.404,107.376,4944.0
Victor_9_puntos_intento_3.mp4,1485,12375.000,True,126.000,158.000,0.000,146.000,89.000,0.111111,0.383333,-0.916902,74.671,86.631,108.810,4943.0
Victor_9_puntos_intento_3.mp4,1486,12383.333,True,126.000,158.000,0.000,146.000,90.000,0.111111,0.377778,-0.919205,75.124,86.701,108.692,4969.0
Victor_9_puntos_intento_3.mp4,1487,12391.667,True,126.000,158.000,0.000,146.000,89.000,0.111111,0.383333,-0.916902,74.843,86.553,106.620,4945.5
Victor_9_puntos_intento_3.mp4,1488,12400.000,True,126.000,158.000,0.000,147.000,90.000,0.116667,0.377778,-0.918517,75.060,85.796,109.956,4932.0
Victor_9_puntos_intento_3.mp4,1489,12408.333,True,126.000,158.000,0.000,146.000,90.000,0.111111,0.377778,-0.919205,75.903,86.044,112.779,4942.5
Victor_9_puntos_intento_3.mp4,1490,12416.667,True,126.000,158.000,0.000,147.000,90.000,0.116667,0.377778,-0.918517,74.973,86.583,107.173,4963.5
Victor_9_puntos_intento_3.mp4,1491,12425.000,True,126.000,158.000,0.000,147.000,90.000,0.116667,0.377778,-0.918517,74.151,86.477,108.295,4937.0
Victor_9_puntos_intento_3.mp4,1492,12433.333,True,126.000,158.000,0.000,147.000,90.000,0.116667,0.377778,-0.918517,75.387,86.015,111.563,4998.0
Victor_9_puntos_intento_3.mp4,1493,12441.667,True,126.000,158.000,0.000,147.000,90.000,0.116667,0.377778,-0.918517,74.745,85.957,107.907,4942.0
Victor_9_puntos_intento_3.mp4,1494,12450.000,True,126.000,158.000,0.000,147.000,90.000,0.116667,0.377778,-0.918517,74.861,85.764,109.315,4972.5
Victor_9_puntos_intento_3.mp4,1495,12458.333,True,126.000,158.000,0.000,147.000,90.000,0.116667,0.377778,-0.918517,75.765,85.487,109.684,4945.5
Victor_9_puntos_intento_3.mp4,1496,12466.667,True,126.000,158.000,0.000,147.000,89.000,0.116667,0.383333,-0.916212,74.782,86.154,109.014,4974.0
Victor_9_puntos_intento_3.mp4,1497,12475.000,True,126.000,158.000,0.000,147.000,89.000,0.116667,0.383333,-0.916212,74.841,86.240,110.126,4945.0
Victor_9_puntos_intento_3.mp4,1498,12483.333,True,126.000,158.000,0.000,147.000,89.000,0.116667,0.383333,-0.916212,74.702,87.103,108.667,4976.5
Victor_9_puntos_intento_3.mp4,1499,12491.667,True,126.000,158.000,0.000,147.000,90.000,0.116667,0.377778,-0.918517,74.871,86.114,111.146,4955.0
Victor_9_puntos_intento_3.mp4,1500,12500.000,True,126.000,158.000,0.000,146.000,90.000,0.111111,0.377778,-0.919205,74.896,86.951,107.675,4966.0
Victor_9_puntos_intento_3.mp4,1501,12508.333,True,126.000,158.000,0.000,146.000,89.000,0.111111,0.383333,-0.916902,74.655,86.978,107.489,4957.0
Victor_9_puntos_intento_3.mp4,1502,12516.667,True,126.000,158.000,0.000,146.000,89.000,0.111111,0.383333,-0.916902,74.656,86.856,106.359,4942.0
Victor_9_puntos_intento_3.mp4,1503,12525.000,True,126.000,158.000,0.000,146.000,89.000,0.111111,0.383333,-0.916902,74.416,87.199,106.575,4958.0
Victor_9_puntos_intento_3.mp4,1504,12533.333,True,126.000,158.000,0.000,146.000,89.000,0.111111,0.383333,-0.916902,74.615,87.714,106.900,4997.0
Victor_9_puntos_intento_3.mp4,1505,12541.667,True,126.000,158.000,0.000,147.000,89.000,0.116667,0.383333,-0.916212,74.068,87.158,106.747,4950.5
Victor_9_puntos_intento_3.mp4,1506,12550.000,True,126.000,158.000,0.000,147.000,89.000,0.116667,0.383333,-0.916212,74.762,87.217,106.833,4993.5
Victor_9_puntos_intento_3.mp4,1507,12558.333,True,126.000,158.000,0.000,147.000,90.000,0.116667,0.377778,-0.918517,74.695,86.675,109.462,5006.5
Victor_9_puntos_intento_3.mp4,1508,12566.667,True,126.000,158.000,0.000,147.000,90.000,0.116667,0.377778,-0.918517,74.249,87.261,107.574,4989.5
Victor_9_puntos_intento_3.mp4,1509,12575.000,True,126.000,158.000,0.000,147.000,90.000,0.116667,0.377778,-0.918517,75.105,86.397,109.417,4984.0
Victor_9_puntos_intento_3.mp4,1510,12583.333,True,126.000,158.000,0.000,147.000,90.000,0.116667,0.377778,-0.918517,75.285,86.267,108.744,5017.0
Victor_9_puntos_intento_3.mp4,1511,12591.667,True,126.000,158.000,0.000,147.000,89.000,0.116667,0.383333,-0.916212,75.019,86.656,109.691,4994.5
Victor_9_puntos_intento_3.mp4,1512,12600.000,True,126.000,158.000,0.000,147.000,89.000,0.116667,0.383333,-0.916212,74.728,87.510,107.192,5018.0
Victor_9_puntos_intento_3.mp4,1513,12608.333,True,126.000,158.000,0.000,146.000,90.000,0.111111,0.377778,-0.919205,75.989,87.346,107.215,5025.5
Victor_9_puntos_intento_3.mp4,1514,12616.667,True,126.000,158.000,0.000,147.000,90.000,0.116667,0.377778,-0.918517,75.613,86.669,107.999,5008.0
Victor_9_puntos_intento_3.mp4,1515,12625.000,True,126.000,158.000,0.000,147.000,90.000,0.116667,0.377778,-0.918517,75.211,87.544,105.969,5044.0
Victor_9_puntos_intento_3.mp4,1516,12633.333,True,126.000,158.000,0.000,147.000,90.000,0.116667,0.377778,-0.918517,76.011,87.522,106.122,5041.5
Victor_9_puntos_intento_3.mp4,1517,12641.667,True,126.000,158.000,0.000,146.000,90.000,0.111111,0.377778,-0.919205,76.312,86.935,108.559,5025.0
Victor_9_puntos_intento_3.mp4,1518,12650.000,True,126.000,158.000,0.000,146.000,89.000,0.111111,0.383333,-0.916902,76.164,86.729,111.314,5031.5
Victor_9_puntos_intento_3.mp4,1519,12658.333,True,126.000,158.000,0.000,147.000,89.000,0.116667,0.383333,-0.916212,75.470,86.636,107.877,5042.0
Victor_9_puntos_intento_3.mp4,1520,12666.667,True,126.000,158.000,0.000,147.000,89.000,0.116667,0.383333,-0.916212,75.342,86.678,109.497,5036.0
Victor_9_puntos_intento_3.mp4,1521,12675.000,True,126.000,158.000,0.000,147.000,89.000,0.116667,0.383333,-0.916212,75.569,86.554,105.392,5003.5
Victor_9_puntos_intento_3.mp4,1522,12683.333,True,126.000,158.000,0.000,146.000,89.000,0.111111,0.383333,-0.916902,75.311,88.044,106.845,5052.5
Victor_9_puntos_intento_3.mp4,1523,12691.667,True,126.000,158.000,0.000,147.000,89.000,0.116667,0.383333,-0.916212,75.207,87.543,106.526,5035.0
Victor_9_puntos_intento_3.mp4,1524,12700.000,True,126.000,158.000,0.000,146.000,89.000,0.111111,0.383333,-0.916902,75.306,88.444,105.681,5054.0
Victor_9_puntos_intento_3.mp4,1525,12708.333,True,126.000,158.000,0.000,147.000,89.000,0.116667,0.383333,-0.916212,75.366,88.192,106.360,5059.5
Victor_9_puntos_intento_3.mp4,1526,12716.667,True,126.000,158.000,0.000,146.000,89.000,0.111111,0.383333,-0.916902,75.663,88.076,105.935,5071.0
Victor_9_puntos_intento_3.mp4,1527,12725.000,True,126.000,158.000,0.000,149.000,89.000,0.127778,0.383333,-0.914729,74.778,88.505,107.980,5056.5
Victor_9_puntos_intento_3.mp4,1528,12733.333,True,126.000,158.000,0.000,160.000,89.000,0.188889,0.383333,-0.904089,73.389,88.427,113.411,4957.0
Victor_9_puntos_intento_3.mp4,1529,12741.667,True,126.000,158.000,0.000,177.000,90.000,0.283333,0.377778,-0.881480,72.672,84.607,114.448,4563.0
Victor_9_puntos_intento_3.mp4,1530,12750.000,True,126.000,158.000,0.000,191.000,90.000,0.361111,0.377778,-0.852574,70.538,84.380,120.570,4516.5
Victor_9_puntos_intento_3.mp4,1531,12758.333,True,126.000,158.000,0.000,204.000,90.000,0.433333,0.377778,-0.818234,68.331,85.496,129.837,4469.0
Victor_9_puntos_intento_3.mp4,1532,12766.667,True,126.000,158.000,0.000,216.000,91.000,0.500000,0.372222,-0.781953,66.276,87.281,133.396,4414.5
Victor_9_puntos_intento_3.mp4,1533,12775.000,True,126.000,158.000,0.000,226.000,92.000,0.555556,0.366667,-0.746266,64.029,86.578,135.712,4273.0
Victor_9_puntos_intento_3.mp4,1534,12783.333,True,126.000,158.000,0.000,234.000,93.000,0.600000,0.361111,-0.713862,62.776,85.994,139.172,4187.5
Victor_9_puntos_intento_3.mp4,1535,12791.667,True,126.000,158.000,0.000,241.000,94.000,0.638889,0.355556,-0.682203,60.517,85.675,140.957,4028.5
Victor_9_puntos_intento_3.mp4,1536,12800.000,True,126.000,158.000,0.000,245.000,95.000,0.661111,0.350000,-0.663651,59.900,84.955,143.143,3968.5
Victor_9_puntos_intento_3.mp4,1537,12808.333,True,126.000,158.000,0.000,247.000,96.000,0.672222,0.344444,-0.655344,60.789,84.443,142.489,3990.0
Victor_9_puntos_intento_3.mp4,1538,12816.667,True,126.000,158.000,0.000,248.000,97.000,0.677778,0.338889,-0.652512,60.869,83.977,144.785,3990.0
Victor_9_puntos_intento_3.mp4,1539,12825.000,True,126.000,158.000,0.000,244.000,98.000,0.655556,0.333333,-0.677596,63.421,84.202,144.092,4172.0
Victor_9_puntos_intento_3.mp4,1540,12833.333,True,126.000,158.000,0.000,244.000,99.000,0.655556,0.327778,-0.680300,63.422,85.133,143.208,4224.0
Victor_9_puntos_intento_3.mp4,1541,12841.667,True,126.000,158.000,0.000,246.000,100.000,0.666667,0.322222,-0.672107,61.816,84.700,144.571,4082.5
Victor_9_puntos_intento_3.mp4,1542,12850.000,True,126.000,158.000,0.000,246.000,99.000,0.666667,0.327778,-0.669416,61.053,84.988,145.265,4032.5
Victor_9_puntos_intento_3.mp4,1543,12858.333,True,126.000,158.000,0.000,245.000,99.000,0.661111,0.327778,-0.674903,60.809,84.708,145.601,4012.0
Victor_9_puntos_intento_3.mp4,1544,12866.667,True,126.000,158.000,0.000,245.000,99.000,0.661111,0.327778,-0.674903,61.277,84.943,145.263,4049.5
Victor_9_puntos_intento_3.mp4,1545,12875.000,True,126.000,158.000,0.000,245.000,99.000,0.661111,0.327778,-0.674903,60.657,84.628,145.345,4006.5
Victor_9_puntos_intento_3.mp4,1546,12883.333,True,126.000,157.000,0.000,245.000,99.000,0.661111,0.322222,-0.677573,61.164,85.215,145.172,4052.5
Victor_9_puntos_intento_3.mp4,1547,12891.667,True,126.000,157.000,0.000,245.000,99.000,0.661111,0.322222,-0.677573,61.019,84.737,145.036,4028.0
Victor_9_puntos_intento_3.mp4,1548,12900.000,True,126.000,157.000,0.000,245.000,98.000,0.661111,0.327778,-0.674903,61.108,84.938,145.237,4045.0
Victor_9_puntos_intento_3.mp4,1549,12908.333,True,126.000,157.000,0.000,245.000,98.000,0.661111,0.327778,-0.674903,60.806,85.026,145.136,4025.5
Victor_9_puntos_intento_3.mp4,1550,12916.667,True,126.000,157.000,0.000,244.000,98.000,0.655556,0.327778,-0.680300,61.045,85.160,145.074,4045.5
Victor_9_puntos_intento_3.mp4,1551,12925.000,True,126.000,157.000,0.000,244.000,98.000,0.655556,0.327778,-0.680300,60.760,85.041,144.972,4023.5
Victor_9_puntos_intento_3.mp4,1552,12933.333,True,126.000,157.000,0.000,244.000,98.000,0.655556,0.327778,-0.680300,60.863,85.417,144.789,4042.5
Victor_9_puntos_intento_3.mp4,1553,12941.667,True,126.000,157.000,0.000,244.000,98.000,0.655556,0.327778,-0.680300,60.727,85.570,145.666,4039.5
Victor_9_puntos_intento_3.mp4,1554,12950.000,True,126.000,157.000,0.000,245.000,97.000,0.661111,0.333333,-0.672176,60.805,85.128,144.390,4037.0
Victor_9_puntos_intento_3.mp4,1555,12958.333,True,126.000,157.000,0.000,244.000,97.000,0.655556,0.333333,-0.677596,60.643,85.723,144.929,4045.5
Victor_9_puntos_intento_3.mp4,1556,12966.667,True,126.000,157.000,0.000,244.000,97.000,0.655556,0.333333,-0.677596,61.049,86.048,144.905,4077.0
Victor_9_puntos_intento_3.mp4,1557,12975.000,True,126.000,157.000,0.000,244.000,97.000,0.655556,0.333333,-0.677596,60.482,85.630,144.329,4037.5
Victor_9_puntos_intento_3.mp4,1558,12983.333,True,126.000,157.000,0.000,244.000,97.000,0.655556,0.333333,-0.677596,60.987,85.842,144.448,4076.0
Victor_9_puntos_intento_3.mp4,1559,12991.667,True,126.000,157.000,0.000,244.000,97.000,0.655556,0.333333,-0.677596,60.770,85.891,144.165,4076.5
Victor_9_puntos_intento_3.mp4,1560,13000.000,True,126.000,157.000,0.000,244.000,97.000,0.655556,0.333333,-0.677596,61.018,85.576,144.096,4074.5
Victor_9_puntos_intento_3.mp4,1561,13008.333,True,126.000,157.000,0.000,244.000,97.000,0.655556,0.333333,-0.677596,61.049,85.402,143.839,4044.5
Victor_9_puntos_intento_3.mp4,1562,13016.667,True,126.000,157.000,0.000,244.000,97.000,0.655556,0.333333,-0.677596,61.437,85.474,144.311,4070.5
Victor_9_puntos_intento_3.mp4,1563,13025.000,True,126.000,157.000,0.000,244.000,97.000,0.655556,0.333333,-0.677596,61.088,85.374,144.364,4068.0
Victor_9_puntos_intento_3.mp4,1564,13033.333,True,126.000,157.000,0.000,244.000,97.000,0.655556,0.333333,-0.677596,60.886,85.540,144.033,4061.0
Victor_9_puntos_intento_3.mp4,1565,13041.667,True,126.000,157.000,0.000,244.000,97.000,0.655556,0.333333,-0.677596,61.064,85.586,144.317,4072.5
Victor_9_puntos_intento_3.mp4,1566,13050.000,True,126.000,157.000,0.000,244.000,97.000,0.655556,0.333333,-0.677596,61.167,85.627,144.605,4084.5
Victor_9_puntos_intento_3.mp4,1567,13058.333,True,126.000,157.000,0.000,244.000,97.000,0.655556,0.333333,-0.677596,61.055,85.284,144.637,4067.0
Victor_9_puntos_intento_3.mp4,1568,13066.667,True,126.000,157.000,0.000,244.000,97.000,0.655556,0.333333,-0.677596,60.897,85.239,144.745,4065.5
Victor_9_puntos_intento_3.mp4,1569,13075.000,True,126.000,157.000,0.000,244.000,97.000,0.655556,0.333333,-0.677596,61.294,85.485,144.003,4081.0
Victor_9_puntos_intento_3.mp4,1570,13083.333,True,126.000,157.000,0.000,244.000,97.000,0.655556,0.333333,-0.677596,61.458,85.599,143.565,4081.5
Victor_9_puntos_intento_3.mp4,1571,13091.667,True,126.000,157.000,0.000,244.000,97.000,0.655556,0.333333,-0.677596,61.561,85.547,144.696,4084.5
Victor_9_puntos_intento_3.mp4,1572,13100.000,True,126.000,157.000,0.000,244.000,97.000,0.655556,0.333333,-0.677596,61.443,85.589,144.336,4082.5
Victor_9_puntos_intento_3.mp4,1573,13108.333,True,126.000,157.000,0.000,244.000,97.000,0.655556,0.333333,-0.677596,61.293,85.040,143.812,4053.0
Victor_9_puntos_intento_3.mp4,1574,13116.667,True,126.000,157.000,0.000,244.000,97.000,0.655556,0.333333,-0.677596,61.292,85.556,144.059,4081.0
Victor_9_puntos_intento_3.mp4,1575,13125.000,True,126.000,157.000,0.000,244.000,97.000,0.655556,0.333333,-0.677596,61.327,85.694,144.607,4073.0
Victor_9_puntos_intento_3.mp4,1576,13133.333,True,126.000,157.000,0.000,244.000,97.000,0.655556,0.333333,-0.677596,61.426,85.703,143.994,4080.0
Victor_9_puntos_intento_3.mp4,1577,13141.667,True,126.000,157.000,0.000,244.000,97.000,0.655556,0.333333,-0.677596,61.230,85.578,143.490,4080.5
Victor_9_puntos_intento_3.mp4,1578,13150.000,True,126.000,157.000,0.000,244.000,97.000,0.655556,0.333333,-0.677596,61.382,85.586,143.839,4084.0
Victor_9_puntos_intento_3.mp4,1579,13158.333,True,126.000,157.000,0.000,244.000,97.000,0.655556,0.333333,-0.677596,61.272,85.785,143.706,4077.5
Victor_9_puntos_intento_3.mp4,1580,13166.667,True,126.000,157.000,0.000,244.000,97.000,0.655556,0.333333,-0.677596,61.109,85.812,144.062,4076.0
Victor_9_puntos_intento_3.mp4,1581,13175.000,True,126.000,157.000,0.000,244.000,97.000,0.655556,0.333333,-0.677596,61.211,85.594,144.272,4078.0
Victor_9_puntos_intento_3.mp4,1582,13183.333,True,126.000,157.000,0.000,244.000,97.000,0.655556,0.333333,-0.677596,61.377,86.338,143.739,4112.5
Victor_9_puntos_intento_3.mp4,1583,13191.667,True,126.000,157.000,0.000,244.000,97.000,0.655556,0.333333,-0.677596,61.182,85.790,144.334,4061.0
Victor_9_puntos_intento_3.mp4,1584,13200.000,True,126.000,157.000,0.000,244.000,97.000,0.655556,0.333333,-0.677596,61.361,85.675,143.675,4088.5
Victor_9_puntos_intento_3.mp4,1585,13208.333,True,126.000,157.000,0.000,244.000,97.000,0.655556,0.333333,-0.677596,61.163,85.439,144.113,4064.0
Victor_9_puntos_intento_3.mp4,1586,13216.667,True,126.000,157.000,0.000,244.000,97.000,0.655556,0.333333,-0.677596,60.940,85.444,143.982,4039.0
Victor_9_puntos_intento_3.mp4,1587,13225.000,True,126.000,157.000,0.000,244.000,97.000,0.655556,0.333333,-0.677596,60.748,86.017,143.565,4054.0
Victor_9_puntos_intento_3.mp4,1588,13233.333,True,126.000,157.000,0.000,244.000,97.000,0.655556,0.333333,-0.677596,61.195,85.639,143.418,4066.0
Victor_9_puntos_intento_3.mp4,1589,13241.667,True,126.000,157.000,0.000,244.000,97.000,0.655556,0.333333,-0.677596,61.190,86.167,144.012,4070.5
Victor_9_puntos_intento_3.mp4,1590,13250.000,True,126.000,157.000,0.000,244.000,97.000,0.655556,0.333333,-0.677596,61.273,86.147,143.470,4072.0
Victor_9_puntos_intento_3.mp4,1591,13258.333,True,126.000,157.000,0.000,244.000,97.000,0.655556,0.333333,-0.677596,61.019,85.952,144.013,4087.0
Victor_9_puntos_intento_3.mp4,1592,13266.667,True,126.000,157.000,0.000,244.000,97.000,0.655556,0.333333,-0.677596,61.250,85.807,144.369,4086.0
Victor_9_puntos_intento_3.mp4,1593,13275.000,True,126.000,157.000,0.000,244.000,97.000,0.655556,0.333333,-0.677596,61.274,85.554,144.870,4079.0
Victor_9_puntos_intento_3.mp4,1594,13283.333,True,126.000,157.000,0.000,244.000,97.000,0.655556,0.333333,-0.677596,61.360,85.341,144.601,4069.0
Victor_9_puntos_intento_3.mp4,1595,13291.667,True,126.000,157.000,0.000,244.000,97.000,0.655556,0.333333,-0.677596,61.037,85.746,144.807,4072.5
Victor_9_puntos_intento_3.mp4,1596,13300.000,True,126.000,157.000,0.000,244.000,97.000,0.655556,0.333333,-0.677596,61.193,85.748,145.044,4081.0
Victor_9_puntos_intento_3.mp4,1597,13308.333,True,126.000,157.000,0.000,244.000,97.000,0.655556,0.333333,-0.677596,60.742,85.502,144.417,4035.5
Victor_9_puntos_intento_3.mp4,1598,13316.667,True,126.000,157.000,0.000,244.000,97.000,0.655556,0.333333,-0.677596,61.061,85.730,144.030,4061.0
Victor_9_puntos_intento_3.mp4,1599,13325.000,True,126.000,157.000,0.000,244.000,97.000,0.655556,0.333333,-0.677596,61.160,85.381,144.049,4043.5
Victor_9_puntos_intento_3.mp4,1600,13333.333,True,126.000,157.000,0.000,244.000,97.000,0.655556,0.333333,-0.677596,61.419,85.412,144.113,4077.5
Victor_9_puntos_intento_3.mp4,1601,13341.667,True,126.000,157.000,0.000,245.000,97.000,0.661111,0.333333,-0.672176,61.174,85.824,143.979,4084.5
Victor_9_puntos_intento_3.mp4,1602,13350.000,True,126.000,157.000,0.000,245.000,98.000,0.661111,0.327778,-0.674903,61.167,85.899,144.436,4093.0
Victor_9_puntos_intento_3.mp4,1603,13358.333,True,126.000,157.000,0.000,244.000,98.000,0.655556,0.327778,-0.680300,61.745,85.005,144.416,4093.5
Victor_9_puntos_intento_3.mp4,1604,13366.667,True,126.000,157.000,0.000,244.000,98.000,0.655556,0.327778,-0.680300,61.438,85.677,144.134,4095.5
Victor_9_puntos_intento_3.mp4,1605,13375.000,True,126.000,157.000,0.000,245.000,98.000,0.661111,0.327778,-0.674903,61.435,85.137,144.637,4064.5
Victor_9_puntos_intento_3.mp4,1606,13383.333,True,126.000,157.000,0.000,244.000,98.000,0.655556,0.327778,-0.680300,61.607,85.722,144.558,4117.5
Victor_9_puntos_intento_3.mp4,1607,13391.667,True,126.000,157.000,0.000,245.000,98.000,0.661111,0.327778,-0.674903,61.413,85.796,143.963,4089.0
Victor_9_puntos_intento_3.mp4,1608,13400.000,True,126.000,157.000,0.000,244.000,98.000,0.655556,0.327778,-0.680300,61.333,85.453,144.987,4090.0
Victor_9_puntos_intento_3.mp4,1609,13408.333,True,126.000,157.000,0.000,244.000,98.000,0.655556,0.327778,-0.680300,61.089,86.122,145.002,4087.5
Victor_9_puntos_intento_3.mp4,1610,13416.667,True,126.000,157.000,0.000,245.000,99.000,0.661111,0.322222,-0.677573,61.129,85.982,145.148,4098.5
Victor_9_puntos_intento_3.mp4,1611,13425.000,True,126.000,157.000,0.000,245.000,99.000,0.661111,0.322222,-0.677573,61.529,85.901,145.188,4119.5
Victor_9_puntos_intento_3.mp4,1612,13433.333,True,126.000,157.000,0.000,245.000,99.000,0.661111,0.322222,-0.677573,61.591,86.222,145.649,4116.0
Victor_9_puntos_intento_3.mp4,1613,13441.667,True,126.000,157.000,0.000,244.000,98.000,0.655556,0.327778,-0.680300,61.202,85.855,145.296,4082.0
Victor_9_puntos_intento_3.mp4,1614,13450.000,True,126.000,157.000,0.000,244.000,98.000,0.655556,0.327778,-0.680300,61.416,85.808,144.554,4104.5
Victor_9_puntos_intento_3.mp4,1615,13458.333,True,126.000,157.000,0.000,244.000,98.000,0.655556,0.327778,-0.680300,61.445,85.394,144.959,4101.0
Victor_9_puntos_intento_3.mp4,1616,13466.667,True,126.000,157.000,0.000,244.000,98.000,0.655556,0.327778,-0.680300,61.166,85.957,144.900,4103.0
Victor_9_puntos_intento_3.mp4,1617,13475.000,True,126.000,157.000,0.000,244.000,98.000,0.655556,0.327778,-0.680300,60.907,85.494,144.688,4049.0
Victor_9_puntos_intento_3.mp4,1618,13483.333,True,126.000,157.000,0.000,244.000,98.000,0.655556,0.327778,-0.680300,61.422,85.166,144.775,4084.5
Victor_9_puntos_intento_3.mp4,1619,13491.667,True,126.000,157.000,0.000,244.000,98.000,0.655556,0.327778,-0.680300,61.063,85.042,144.911,4049.5
Victor_9_puntos_intento_3.mp4,1620,13500.000,True,126.000,157.000,0.000,245.000,98.000,0.661111,0.327778,-0.674903,60.982,85.045,145.275,4047.5
Victor_9_puntos_intento_3.mp4,1621,13508.333,True,126.000,157.000,0.000,244.000,98.000,0.655556,0.327778,-0.680300,60.944,85.124,145.557,4035.5
Victor_9_puntos_intento_3.mp4,1622,13516.667,True,126.000,157.000,0.000,244.000,97.000,0.655556,0.333333,-0.677596,60.516,84.852,145.527,4005.5
Victor_9_puntos_intento_3.mp4,1623,13525.000,True,126.000,157.000,0.000,244.000,97.000,0.655556,0.333333,-0.677596,60.720,84.848,145.082,4011.0
Victor_9_puntos_intento_3.mp4,1624,13533.333,True,126.000,157.000,0.000,245.000,97.000,0.661111,0.333333,-0.672176,60.397,85.186,144.796,4006.0
Victor_9_puntos_intento_3.mp4,1625,13541.667,True,126.000,157.000,0.000,245.000,97.000,0.661111,0.333333,-0.672176,60.354,84.767,144.923,3992.5
Victor_9_puntos_intento_3.mp4,1626,13550.000,True,126.000,157.000,0.000,245.000,97.000,0.661111,0.333333,-0.672176,60.127,85.125,145.388,4000.0
Victor_9_puntos_intento_3.mp4,1627,13558.333,True,126.000,157.000,0.000,245.000,97.000,0.661111,0.333333,-0.672176,59.640,85.218,144.839,3950.5
Victor_9_puntos_intento_3.mp4,1628,13566.667,True,126.000,157.000,0.000,245.000,97.000,0.661111,0.333333,-0.672176,59.925,84.755,144.852,3964.0
Victor_9_puntos_intento_3.mp4,1629,13575.000,True,126.000,157.000,0.000,245.000,97.000,0.661111,0.333333,-0.672176,59.898,84.320,144.624,3949.0
Victor_9_puntos_intento_3.mp4,1630,13583.333,True,126.000,157.000,0.000,245.000,97.000,0.661111,0.333333,-0.672176,59.778,84.417,145.479,3952.0
Victor_9_puntos_intento_3.mp4,1631,13591.667,True,126.000,157.000,0.000,245.000,97.000,0.661111,0.333333,-0.672176,59.636,84.299,145.735,3926.5
Victor_9_puntos_intento_3.mp4,1632,13600.000,True,126.000,157.000,0.000,245.000,97.000,0.661111,0.333333,-0.672176,60.010,84.457,145.289,3956.0
Victor_9_puntos_intento_3.mp4,1633,13608.333,True,126.000,157.000,0.000,245.000,97.000,0.661111,0.333333,-0.672176,60.029,84.384,144.601,3938.0
Victor_9_puntos_intento_3.mp4,1634,13616.667,True,126.000,157.000,0.000,245.000,97.000,0.661111,0.333333,-0.672176,60.468,84.224,143.985,3946.5
Victor_9_puntos_intento_3.mp4,1635,13625.000,True,126.000,157.000,0.000,245.000,97.000,0.661111,0.333333,-0.672176,60.100,83.643,144.166,3902.0
Victor_9_puntos_intento_3.mp4,1636,13633.333,True,126.000,157.000,0.000,245.000,97.000,0.661111,0.333333,-0.672176,59.914,84.195,145.044,3915.5
Victor_9_puntos_intento_3.mp4,1637,13641.667,True,126.000,157.000,0.000,245.000,97.000,0.661111,0.333333,-0.672176,59.846,83.523,144.567,3879.0
Victor_9_puntos_intento_3.mp4,1638,13650.000,True,126.000,157.000,0.000,245.000,97.000,0.661111,0.333333,-0.672176,59.722,83.893,144.556,3913.0
Victor_9_puntos_intento_3.mp4,1639,13658.333,True,126.000,157.000,0.000,245.000,97.000,0.661111,0.333333,-0.672176,59.881,84.049,145.028,3915.5
Victor_9_puntos_intento_3.mp4,1640,13666.667,True,126.000,157.000,0.000,245.000,97.000,0.661111,0.333333,-0.672176,60.061,83.624,144.837,3895.5
Victor_9_puntos_intento_3.mp4,1641,13675.000,True,126.000,157.000,0.000,245.000,97.000,0.661111,0.333333,-0.672176,59.552,83.391,144.811,3869.0
Victor_9_puntos_intento_3.mp4,1642,13683.333,True,126.000,157.000,0.000,245.000,97.000,0.661111,0.333333,-0.672176,60.079,83.612,145.089,3901.0
Victor_9_puntos_intento_3.mp4,1643,13691.667,True,126.000,157.000,0.000,245.000,97.000,0.661111,0.333333,-0.672176,59.942,83.578,144.542,3893.0
Victor_9_puntos_intento_3.mp4,1644,13700.000,True,126.000,157.000,0.000,245.000,97.000,0.661111,0.333333,-0.672176,59.347,83.679,144.670,3876.5
Victor_9_puntos_intento_3.mp4,1645,13708.333,True,126.000,157.000,0.000,245.000,97.000,0.661111,0.333333,-0.672176,59.261,83.541,145.423,3844.0
Victor_9_puntos_intento_3.mp4,1646,13716.667,True,126.000,157.000,0.000,245.000,97.000,0.661111,0.333333,-0.672176,60.063,83.695,144.633,3888.5
Victor_9_puntos_intento_3.mp4,1647,13725.000,True,126.000,157.000,0.000,245.000,97.000,0.661111,0.333333,-0.672176,59.804,83.690,144.777,3891.0
Victor_9_puntos_intento_3.mp4,1648,13733.333,True,126.000,157.000,0.000,245.000,97.000,0.661111,0.333333,-0.672176,59.530,83.657,144.489,3891.5
Victor_9_puntos_intento_3.mp4,1649,13741.667,True,126.000,157.000,0.000,245.000,97.000,0.661111,0.333333,-0.672176,59.144,83.184,144.698,3827.5
Victor_9_puntos_intento_3.mp4,1650,13750.000,True,126.000,157.000,0.000,245.000,97.000,0.661111,0.333333,-0.672176,59.365,83.080,144.350,3855.5
Victor_9_puntos_intento_3.mp4,1651,13758.333,True,126.000,157.000,0.000,245.000,97.000,0.661111,0.333333,-0.672176,59.089,82.915,144.350,3831.0
Victor_9_puntos_intento_3.mp4,1652,13766.667,True,126.000,157.000,0.000,246.000,97.000,0.666667,0.333333,-0.666667,59.666,83.126,144.176,3871.5
Victor_9_puntos_intento_3.mp4,1653,13775.000,True,126.000,157.000,0.000,246.000,97.000,0.666667,0.333333,-0.666667,59.109,82.833,144.035,3819.0
Victor_9_puntos_intento_3.mp4,1654,13783.333,True,126.000,157.000,0.000,246.000,97.000,0.666667,0.333333,-0.666667,59.222,82.871,144.284,3831.0
Victor_9_puntos_intento_3.mp4,1655,13791.667,True,126.000,157.000,0.000,246.000,97.000,0.666667,0.333333,-0.666667,59.268,82.976,145.014,3824.5
Victor_9_puntos_intento_3.mp4,1656,13800.000,True,126.000,157.000,0.000,246.000,97.000,0.666667,0.333333,-0.666667,59.643,83.270,144.611,3859.0
Victor_9_puntos_intento_3.mp4,1657,13808.333,True,126.000,157.000,0.000,245.000,97.000,0.661111,0.333333,-0.672176,59.309,83.193,144.981,3807.5
Victor_9_puntos_intento_3.mp4,1658,13816.667,True,126.000,157.000,0.000,245.000,97.000,0.661111,0.333333,-0.672176,59.327,83.007,143.997,3814.0
Victor_9_puntos_intento_3.mp4,1659,13825.000,True,126.000,157.000,0.000,245.000,97.000,0.661111,0.333333,-0.672176,59.153,82.884,144.526,3816.0
Victor_9_puntos_intento_3.mp4,1660,13833.333,True,126.000,157.000,0.000,245.000,96.000,0.661111,0.338889,-0.669393,58.923,83.221,145.463,3819.5
Victor_9_puntos_intento_3.mp4,1661,13841.667,True,126.000,157.000,0.000,243.000,97.000,0.650000,0.333333,-0.682927,60.065,81.975,146.075,3826.0
Victor_9_puntos_intento_3.mp4,1662,13850.000,True,126.000,157.000,0.000,234.000,97.000,0.600000,0.333333,-0.727247,63.539,81.919,143.496,4049.0
Victor_9_puntos_intento_3.mp4,1663,13858.333,True,126.000,157.000,0.000,225.000,98.000,0.550000,0.327778,-0.768155,66.586,81.556,139.120,4222.5
Victor_9_puntos_intento_3.mp4,1664,13866.667,True,126.000,157.000,0.000,218.000,98.000,0.511111,0.327778,-0.794561,67.391,82.323,136.726,4308.5
Victor_9_puntos_intento_3.mp4,1665,13875.000,True,126.000,157.000,0.000,216.000,98.000,0.500000,0.327778,-0.801599,67.216,83.027,137.764,4340.0
Victor_9_puntos_intento_3.mp4,1666,13883.333,True,126.000,157.000,0.000,217.000,98.000,0.505556,0.327778,-0.798107,66.967,82.608,139.411,4313.0
Victor_9_puntos_intento_3.mp4,1667,13891.667,True,126.000,157.000,0.000,218.000,98.000,0.511111,0.327778,-0.794561,66.273,82.724,141.202,4264.5
Victor_9_puntos_intento_3.mp4,1668,13900.000,True,126.000,157.000,0.000,218.000,98.000,0.511111,0.327778,-0.794561,66.549,82.562,139.553,4274.5
Victor_9_puntos_intento_3.mp4,1669,13908.333,True,126.000,157.000,0.000,218.000,98.000,0.511111,0.327778,-0.794561,66.570,82.911,141.701,4305.5
Victor_9_puntos_intento_3.mp4,1670,13916.667,True,126.000,157.000,0.000,218.000,99.000,0.511111,0.322222,-0.796830,66.666,83.270,140.559,4313.5
Victor_9_puntos_intento_3.mp4,1671,13925.000,True,126.000,157.000,0.000,218.000,99.000,0.511111,0.322222,-0.796830,66.717,83.230,140.516,4323.0
Victor_9_puntos_intento_3.mp4,1672,13933.333,True,126.000,157.000,0.000,218.000,99.000,0.511111,0.322222,-0.796830,66.672,82.954,140.927,4318.5
Victor_9_puntos_intento_3.mp4,1673,13941.667,True,126.000,157.000,0.000,218.000,98.000,0.511111,0.327778,-0.794561,66.477,82.604,141.006,4291.5
Victor_9_puntos_intento_3.mp4,1674,13950.000,True,126.000,157.000,0.000,218.000,98.000,0.511111,0.327778,-0.794561,66.491,82.912,139.244,4297.0
Victor_9_puntos_intento_3.mp4,1675,13958.333,True,126.000,157.000,0.000,218.000,98.000,0.511111,0.327778,-0.794561,66.633,82.490,139.975,4275.5
Victor_9_puntos_intento_3.mp4,1676,13966.667,True,126.000,157.000,0.000,218.000,98.000,0.511111,0.327778,-0.794561,66.469,82.591,138.512,4284.5
Victor_9_puntos_intento_3.mp4,1677,13975.000,True,126.000,157.000,0.000,218.000,98.000,0.511111,0.327778,-0.794561,66.541,83.025,137.220,4287.5
Victor_9_puntos_intento_3.mp4,1678,13983.333,True,126.000,157.000,0.000,218.000,98.000,0.511111,0.327778,-0.794561,66.418,83.201,138.167,4289.0
Victor_9_puntos_intento_3.mp4,1679,13991.667,True,126.000,157.000,0.000,218.000,97.000,0.511111,0.333333,-0.792246,66.205,83.240,138.908,4277.5
Victor_9_puntos_intento_3.mp4,1680,14000.000,True,126.000,157.000,0.000,219.000,97.000,0.516667,0.333333,-0.788635,66.535,83.160,139.267,4308.5
Victor_9_puntos_intento_3.mp4,1681,14008.333,True,126.000,157.000,0.000,219.000,97.000,0.516667,0.333333,-0.788635,66.364,83.040,138.891,4300.5
Victor_9_puntos_intento_3.mp4,1682,14016.667,True,126.000,157.000,0.000,219.000,97.000,0.516667,0.333333,-0.788635,66.462,83.248,138.365,4297.0
Victor_9_puntos_intento_3.mp4,1683,14025.000,True,126.000,157.000,0.000,219.000,97.000,0.516667,0.333333,-0.788635,66.280,82.339,136.642,4244.5
Victor_9_puntos_intento_3.mp4,1684,14033.333,True,126.000,157.000,0.000,219.000,97.000,0.516667,0.333333,-0.788635,66.463,82.949,137.654,4287.0
Victor_9_puntos_intento_3.mp4,1685,14041.667,True,126.000,157.000,0.000,219.000,97.000,0.516667,0.333333,-0.788635,66.502,82.876,138.178,4280.5
Victor_9_puntos_intento_3.mp4,1686,14050.000,True,126.000,157.000,0.000,219.000,97.000,0.516667,0.333333,-0.788635,66.436,82.935,137.035,4300.0
Victor_9_puntos_intento_3.mp4,1687,14058.333,True,126.000,157.000,0.000,219.000,97.000,0.516667,0.333333,-0.788635,66.189,82.698,138.391,4263.0
Victor_9_puntos_intento_3.mp4,1688,14066.667,True,126.000,157.000,0.000,219.000,97.000,0.516667,0.333333,-0.788635,66.631,83.017,139.061,4299.5
Victor_9_puntos_intento_3.mp4,1689,14075.000,True,126.000,157.000,0.000,219.000,98.000,0.516667,0.327778,-0.790960,66.304,82.698,136.822,4264.0
Victor_9_puntos_intento_3.mp4,1690,14083.333,True,126.000,157.000,0.000,220.000,98.000,0.522222,0.327778,-0.787303,66.448,83.008,136.639,4315.5
Victor_9_puntos_intento_3.mp4,1691,14091.667,True,126.000,157.000,0.000,225.000,98.000,0.550000,0.327778,-0.768155,64.698,83.438,137.319,4206.5
Victor_9_puntos_intento_3.mp4,1692,14100.000,True,126.000,157.000,0.000,232.000,98.000,0.588889,0.327778,-0.738764,62.684,83.427,140.544,4072.0
Victor_9_puntos_intento_3.mp4,1693,14108.333,True,126.000,157.000,0.000,237.000,97.000,0.616667,0.333333,-0.713170,60.643,82.899,141.673,3914.5
Victor_9_puntos_intento_3.mp4,1694,14116.667,True,126.000,157.000,0.000,240.000,97.000,0.633333,0.333333,-0.698411,59.635,82.527,142.816,3843.5
Victor_9_puntos_intento_3.mp4,1695,14125.000,True,126.000,157.000,0.000,241.000,97.000,0.638889,0.333333,-0.693332,60.015,82.038,143.560,3834.0
Victor_9_puntos_intento_3.mp4,1696,14133.333,True,126.000,157.000,0.000,240.000,97.000,0.633333,0.333333,-0.698411,60.859,81.705,143.457,3878.5
Victor_9_puntos_intento_3.mp4,1697,14141.667,True,126.000,157.000,0.000,239.000,97.000,0.627778,0.333333,-0.703409,60.954,82.472,143.397,3912.0
Victor_9_puntos_intento_3.mp4,1698,14150.000,True,126.000,157.000,0.000,240.000,97.000,0.633333,0.333333,-0.698411,60.462,82.756,143.284,3896.0
Victor_9_puntos_intento_3.mp4,1699,14158.333,True,126.000,157.000,0.000,240.000,97.000,0.633333,0.333333,-0.698411,60.410,82.808,143.760,3902.0
Victor_9_puntos_intento_3.mp4,1700,14166.667,True,126.000,157.000,0.000,240.000,97.000,0.633333,0.333333,-0.698411,60.716,82.445,142.382,3888.5
Victor_9_puntos_intento_3.mp4,1701,14175.000,True,126.000,157.000,0.000,241.000,97.000,0.638889,0.333333,-0.693332,60.368,81.918,143.210,3859.0
Victor_9_puntos_intento_3.mp4,1702,14183.333,True,126.000,157.000,0.000,240.000,97.000,0.633333,0.333333,-0.698411,60.528,81.948,143.247,3866.0
Victor_9_puntos_intento_3.mp4,1703,14191.667,True,126.000,157.000,0.000,241.000,97.000,0.638889,0.333333,-0.693332,60.530,82.054,142.533,3869.5
Victor_9_puntos_intento_3.mp4,1704,14200.000,True,126.000,157.000,0.000,241.000,96.000,0.638889,0.338889,-0.690634,60.545,82.065,142.725,3874.0
Victor_9_puntos_intento_3.mp4,1705,14208.333,True,126.000,157.000,0.000,241.000,96.000,0.638889,0.338889,-0.690634,60.921,82.109,143.032,3878.0
Victor_9_puntos_intento_3.mp4,1706,14216.667,True,126.000,157.000,0.000,241.000,97.000,0.638889,0.333333,-0.693332,60.612,82.590,143.929,3890.5
Victor_9_puntos_intento_3.mp4,1707,14225.000,True,126.000,157.000,0.000,241.000,96.000,0.638889,0.338889,-0.690634,60.582,82.599,143.402,3878.0
Victor_9_puntos_intento_3.mp4,1708,14233.333,True,126.000,157.000,0.000,241.000,96.000,0.638889,0.338889,-0.690634,60.654,82.717,143.694,3891.5
Victor_9_puntos_intento_3.mp4,1709,14241.667,True,126.000,157.000,0.000,241.000,96.000,0.638889,0.338889,-0.690634,60.108,82.471,143.581,3858.5
Victor_9_puntos_intento_3.mp4,1710,14250.000,True,126.000,157.000,0.000,241.000,96.000,0.638889,0.338889,-0.690634,60.384,82.628,143.595,3887.0
Victor_9_puntos_intento_3.mp4,1711,14258.333,True,126.000,157.000,0.000,241.000,96.000,0.638889,0.338889,-0.690634,60.502,82.991,144.166,3918.0
Victor_9_puntos_intento_3.mp4,1712,14266.667,True,126.000,157.000,0.000,241.000,96.000,0.638889,0.338889,-0.690634,60.562,82.968,143.691,3914.5
Victor_9_puntos_intento_3.mp4,1713,14275.000,True,126.000,157.000,0.000,241.000,96.000,0.638889,0.338889,-0.690634,60.538,82.425,143.585,3892.0
Victor_9_puntos_intento_3.mp4,1714,14283.333,True,126.000,157.000,0.000,241.000,96.000,0.638889,0.338889,-0.690634,60.603,82.661,143.345,3916.0
Victor_9_puntos_intento_3.mp4,1715,14291.667,True,126.000,157.000,0.000,241.000,96.000,0.638889,0.338889,-0.690634,60.861,82.674,143.126,3909.5
Victor_9_puntos_intento_3.mp4,1716,14300.000,True,126.000,157.000,0.000,241.000,96.000,0.638889,0.338889,-0.690634,60.860,83.017,143.744,3938.5
Victor_9_puntos_intento_3.mp4,1717,14308.333,True,126.000,157.000,0.000,241.000,96.000,0.638889,0.338889,-0.690634,60.903,82.832,142.806,3922.5
Victor_9_puntos_intento_3.mp4,1718,14316.667,True,126.000,157.000,0.000,241.000,96.000,0.638889,0.338889,-0.690634,60.848,83.275,142.109,3922.0
Victor_9_puntos_intento_3.mp4,1719,14325.000,True,126.000,157.000,0.000,241.000,96.000,0.638889,0.338889,-0.690634,60.693,82.857,142.670,3930.0
Victor_9_puntos_intento_3.mp4,1720,14333.333,True,126.000,157.000,0.000,241.000,96.000,0.638889,0.338889,-0.690634,61.151,83.324,142.994,3944.5
Victor_9_puntos_intento_3.mp4,1721,14341.667,True,126.000,157.000,0.000,241.000,96.000,0.638889,0.338889,-0.690634,60.869,83.430,142.657,3958.0
Victor_9_puntos_intento_3.mp4,1722,14350.000,True,126.000,157.000,0.000,241.000,96.000,0.638889,0.338889,-0.690634,61.109,83.432,142.785,3967.0
Victor_9_puntos_intento_3.mp4,1723,14358.333,True,126.000,157.000,0.000,241.000,96.000,0.638889,0.338889,-0.690634,61.184,83.375,142.406,3982.0
Victor_9_puntos_intento_3.mp4,1724,14366.667,True,126.000,157.000,0.000,241.000,96.000,0.638889,0.338889,-0.690634,61.178,83.662,142.170,3979.0
Victor_9_puntos_intento_3.mp4,1725,14375.000,True,126.000,157.000,0.000,241.000,96.000,0.638889,0.338889,-0.690634,61.397,83.597,142.135,3980.5
Victor_9_puntos_intento_3.mp4,1726,14383.333,True,126.000,157.000,0.000,240.000,96.000,0.633333,0.338889,-0.695732,61.234,83.728,142.778,3991.5
Victor_9_puntos_intento_3.mp4,1727,14391.667,True,126.000,157.000,0.000,241.000,96.000,0.638889,0.338889,-0.690634,61.174,83.756,142.045,3981.0
Victor_9_puntos_intento_3.mp4,1728,14400.000,True,126.000,157.000,0.000,241.000,96.000,0.638889,0.338889,-0.690634,61.453,83.725,142.340,3998.5
Victor_9_puntos_intento_3.mp4,1729,14408.333,True,126.000,157.000,0.000,240.000,96.000,0.633333,0.338889,-0.695732,61.408,84.003,142.591,4007.5
Victor_9_puntos_intento_3.mp4,1730,14416.667,True,126.000,157.000,0.000,240.000,96.000,0.633333,0.338889,-0.695732,61.355,83.968,142.966,4011.0
Victor_9_puntos_intento_3.mp4,1731,14425.000,True,126.000,157.000,0.000,240.000,96.000,0.633333,0.338889,-0.695732,61.417,83.712,142.535,4008.0
Victor_9_puntos_intento_3.mp4,1732,14433.333,True,126.000,157.000,0.000,240.000,96.000,0.633333,0.338889,-0.695732,61.524,84.421,142.833,4038.5
Victor_9_puntos_intento_3.mp4,1733,14441.667,True,126.000,157.000,0.000,240.000,96.000,0.633333,0.338889,-0.695732,61.297,84.330,142.888,4045.0
Victor_9_puntos_intento_3.mp4,1734,14450.000,True,126.000,157.000,0.000,240.000,96.000,0.633333,0.338889,-0.695732,61.455,84.295,142.966,4037.0
Victor_9_puntos_intento_3.mp4,1735,14458.333,True,126.000,157.000,0.000,240.000,96.000,0.633333,0.338889,-0.695732,61.413,84.260,142.987,4031.5
Victor_9_puntos_intento_3.mp4,1736,14466.667,True,126.000,157.000,0.000,240.000,96.000,0.633333,0.338889,-0.695732,61.266,84.865,142.911,4052.5
Victor_9_puntos_intento_3.mp4,1737,14475.000,True,126.000,157.000,0.000,240.000,96.000,0.633333,0.338889,-0.695732,61.287,84.793,143.108,4060.0
Victor_9_puntos_intento_3.mp4,1738,14483.333,True,126.000,157.000,0.000,240.000,96.000,0.633333,0.338889,-0.695732,61.400,84.440,143.099,4048.5
Victor_9_puntos_intento_3.mp4,1739,14491.667,True,126.000,157.000,0.000,240.000,96.000,0.633333,0.338889,-0.695732,61.635,84.638,143.124,4080.0
Victor_9_puntos_intento_3.mp4,1740,14500.000,True,126.000,157.000,0.000,240.000,96.000,0.633333,0.338889,-0.695732,61.659,84.781,143.076,4080.0
Victor_9_puntos_intento_3.mp4,1741,14508.333,True,126.000,157.000,0.000,240.000,96.000,0.633333,0.338889,-0.695732,61.683,84.676,143.164,4066.0
Victor_9_puntos_intento_3.mp4,1742,14516.667,True,126.000,157.000,0.000,240.000,96.000,0.633333,0.338889,-0.695732,61.910,84.656,142.617,4078.5
Victor_9_puntos_intento_3.mp4,1743,14525.000,True,126.000,157.000,0.000,240.000,96.000,0.633333,0.338889,-0.695732,61.624,84.407,143.247,4056.0
Victor_9_puntos_intento_3.mp4,1744,14533.333,True,126.000,157.000,0.000,240.000,96.000,0.633333,0.338889,-0.695732,62.063,84.675,143.349,4098.0
Victor_9_puntos_intento_3.mp4,1745,14541.667,True,126.000,157.000,0.000,240.000,96.000,0.633333,0.338889,-0.695732,61.759,84.463,143.428,4078.0
Victor_9_puntos_intento_3.mp4,1746,14550.000,True,126.000,157.000,0.000,240.000,96.000,0.633333,0.338889,-0.695732,61.654,85.382,143.964,4109.0
Victor_9_puntos_intento_3.mp4,1747,14558.333,True,126.000,157.000,0.000,240.000,96.000,0.633333,0.338889,-0.695732,61.611,84.745,142.933,4065.5
Victor_9_puntos_intento_3.mp4,1748,14566.667,True,126.000,157.000,0.000,240.000,96.000,0.633333,0.338889,-0.695732,61.763,84.945,142.990,4092.0
Victor_9_puntos_intento_3.mp4,1749,14575.000,True,126.000,157.000,0.000,240.000,96.000,0.633333,0.338889,-0.695732,61.863,84.453,142.964,4075.5
Victor_9_puntos_intento_3.mp4,1750,14583.333,True,126.000,157.000,0.000,240.000,95.000,0.633333,0.344444,-0.692998,61.967,84.780,143.221,4088.5
Victor_9_puntos_intento_3.mp4,1751,14591.667,True,126.000,157.000,0.000,239.000,95.000,0.627778,0.344444,-0.698035,61.623,84.719,143.334,4079.0
Victor_9_puntos_intento_3.mp4,1752,14600.000,True,126.000,157.000,0.000,240.000,95.000,0.633333,0.344444,-0.692998,61.889,84.880,143.039,4102.0
Victor_9_puntos_intento_3.mp4,1753,14608.333,True,126.000,157.000,0.000,239.000,96.000,0.627778,0.338889,-0.700749,62.320,84.519,142.461,4087.5
Victor_9_puntos_intento_3.mp4,1754,14616.667,True,126.000,157.000,0.000,234.000,96.000,0.600000,0.338889,-0.724675,64.630,83.643,144.232,4197.0
Victor_9_puntos_intento_3.mp4,1755,14625.000,True,126.000,157.000,0.000,222.000,98.000,0.533333,0.327778,-0.779819,69.006,83.124,138.341,4462.5
Victor_9_puntos_intento_3.mp4,1756,14633.333,True,126.000,157.000,0.000,211.000,98.000,0.472222,0.327778,-0.818271,71.504,84.194,134.423,4695.0
Victor_9_puntos_intento_3.mp4,1757,14641.667,True,126.000,157.000,0.000,203.000,100.000,0.427778,0.316667,-0.846598,73.019,83.580,134.577,4767.5
Victor_9_puntos_intento_3.mp4,1758,14650.000,True,126.000,157.000,0.000,198.000,102.000,0.400000,0.305556,-0.864081,73.082,84.722,136.604,4821.0
Victor_9_puntos_intento_3.mp4,1759,14658.333,True,126.000,157.000,0.000,198.000,102.000,0.400000,0.305556,-0.864081,72.528,85.081,137.500,4802.5
Victor_9_puntos_intento_3.mp4,1760,14666.667,True,126.000,157.000,0.000,198.000,101.000,0.400000,0.311111,-0.862096,71.974,85.111,136.703,4764.0
Victor_9_puntos_intento_3.mp4,1761,14675.000,True,126.000,157.000,0.000,199.000,101.000,0.405556,0.311111,-0.859497,71.874,84.884,134.759,4764.5
Victor_9_puntos_intento_3.mp4,1762,14683.333,True,126.000,157.000,0.000,199.000,101.000,0.405556,0.311111,-0.859497,72.137,85.016,136.047,4785.0
Victor_9_puntos_intento_3.mp4,1763,14691.667,True,126.000,157.000,0.000,199.000,101.000,0.405556,0.311111,-0.859497,72.383,84.704,134.423,4786.5
Victor_9_puntos_intento_3.mp4,1764,14700.000,True,126.000,157.000,0.000,199.000,101.000,0.405556,0.311111,-0.859497,72.356,84.888,134.324,4799.5
Victor_9_puntos_intento_3.mp4,1765,14708.333,True,126.000,157.000,0.000,199.000,101.000,0.405556,0.311111,-0.859497,72.245,84.186,134.495,4757.0
Victor_9_puntos_intento_3.mp4,1766,14716.667,True,126.000,157.000,0.000,199.000,100.000,0.405556,0.316667,-0.857465,72.026,84.751,135.636,4754.0
Victor_9_puntos_intento_3.mp4,1767,14725.000,True,126.000,157.000,0.000,199.000,100.000,0.405556,0.316667,-0.857465,72.125,84.627,135.285,4764.5
Victor_9_puntos_intento_3.mp4,1768,14733.333,True,126.000,157.000,0.000,199.000,100.000,0.405556,0.316667,-0.857465,72.433,84.980,136.452,4782.5
Victor_9_puntos_intento_3.mp4,1769,14741.667,True,126.000,157.000,0.000,199.000,100.000,0.405556,0.316667,-0.857465,72.300,84.565,134.786,4766.5
Victor_9_puntos_intento_3.mp4,1770,14750.000,True,126.000,157.000,0.000,199.000,100.000,0.405556,0.316667,-0.857465,72.286,84.496,137.020,4772.0
Victor_9_puntos_intento_3.mp4,1771,14758.333,True,126.000,157.000,0.000,199.000,100.000,0.405556,0.316667,-0.857465,72.180,84.764,135.955,4760.0
Victor_9_puntos_intento_3.mp4,1772,14766.667,True,126.000,157.000,0.000,199.000,100.000,0.405556,0.316667,-0.857465,72.383,84.430,135.329,4770.0
Victor_9_puntos_intento_3.mp4,1773,14775.000,True,126.000,157.000,0.000,199.000,100.000,0.405556,0.316667,-0.857465,72.439,84.344,135.631,4775.0
Victor_9_puntos_intento_3.mp4,1774,14783.333,True,126.000,157.000,0.000,199.000,100.000,0.405556,0.316667,-0.857465,72.575,84.648,135.245,4780.5
Victor_9_puntos_intento_3.mp4,1775,14791.667,True,126.000,157.000,0.000,199.000,100.000,0.405556,0.316667,-0.857465,72.269,84.554,133.748,4780.5
Victor_9_puntos_intento_3.mp4,1776,14800.000,True,126.000,157.000,0.000,199.000,100.000,0.405556,0.316667,-0.857465,72.230,84.906,135.043,4782.5
Victor_9_puntos_intento_3.mp4,1777,14808.333,True,126.000,157.000,0.000,199.000,100.000,0.405556,0.316667,-0.857465,72.287,84.498,134.872,4755.0
Victor_9_puntos_intento_3.mp4,1778,14816.667,True,126.000,157.000,0.000,199.000,100.000,0.405556,0.316667,-0.857465,72.235,85.073,134.502,4784.0
Victor_9_puntos_intento_3.mp4,1779,14825.000,True,126.000,157.000,0.000,199.000,100.000,0.405556,0.316667,-0.857465,72.420,84.404,133.482,4776.5
Victor_9_puntos_intento_3.mp4,1780,14833.333,True,126.000,157.000,0.000,199.000,100.000,0.405556,0.316667,-0.857465,72.431,84.958,133.220,4789.5
Victor_9_puntos_intento_3.mp4,1781,14841.667,True,126.000,157.000,0.000,199.000,100.000,0.405556,0.316667,-0.857465,72.365,84.601,134.938,4768.5
Victor_9_puntos_intento_3.mp4,1782,14850.000,True,126.000,157.000,0.000,200.000,100.000,0.411111,0.316667,-0.854816,72.356,84.890,134.447,4787.5
Victor_9_puntos_intento_3.mp4,1783,14858.333,True,126.000,157.000,0.000,199.000,100.000,0.405556,0.316667,-0.857465,72.100,84.517,134.103,4754.5
Victor_9_puntos_intento_3.mp4,1784,14866.667,True,126.000,157.000,0.000,200.000,100.000,0.411111,0.316667,-0.854816,72.706,84.994,136.493,4802.5
Victor_9_puntos_intento_3.mp4,1785,14875.000,True,126.000,157.000,0.000,200.000,100.000,0.411111,0.316667,-0.854816,72.599,84.558,134.585,4780.0
Victor_9_puntos_intento_3.mp4,1786,14883.333,True,126.000,157.000,0.000,200.000,100.000,0.411111,0.316667,-0.854816,72.391,84.728,134.850,4784.0
Victor_9_puntos_intento_3.mp4,1787,14891.667,True,126.000,157.000,0.000,200.000,100.000,0.411111,0.316667,-0.854816,72.175,84.464,135.018,4771.0
Victor_9_puntos_intento_3.mp4,1788,14900.000,True,126.000,157.000,0.000,200.000,100.000,0.411111,0.316667,-0.854816,72.471,85.108,135.922,4803.0
Victor_9_puntos_intento_3.mp4,1789,14908.333,True,126.000,157.000,0.000,201.000,100.000,0.416667,0.316667,-0.852122,72.074,84.447,136.134,4727.0
Victor_9_puntos_intento_3.mp4,1790,14916.667,True,126.000,157.000,0.000,203.000,99.000,0.427778,0.322222,-0.844499,71.908,84.017,137.104,4697.5
Victor_9_puntos_intento_3.mp4,1791,14925.000,True,126.000,157.000,0.000,203.000,99.000,0.427778,0.322222,-0.844499,71.982,83.729,136.359,4700.5
Victor_9_puntos_intento_3.mp4,1792,14933.333,True,126.000,157.000,0.000,202.000,99.000,0.422222,0.322222,-0.847291,72.201,84.050,136.385,4734.5
Victor_9_puntos_intento_3.mp4,1793,14941.667,True,126.000,157.000,0.000,202.000,99.000,0.422222,0.322222,-0.847291,71.744,83.942,137.050,4712.5
Victor_9_puntos_intento_3.mp4,1794,14950.000,True,126.000,157.000,0.000,202.000,99.000,0.422222,0.322222,-0.847291,71.662,84.523,136.481,4719.5
Victor_9_puntos_intento_3.mp4,1795,14958.333,True,126.000,157.000,0.000,202.000,99.000,0.422222,0.322222,-0.847291,71.775,84.011,135.899,4714.5
Victor_9_puntos_intento_3.mp4,1796,14966.667,True,126.000,157.000,0.000,202.000,99.000,0.422222,0.322222,-0.847291,71.748,83.976,137.101,4700.5
Victor_9_puntos_intento_3.mp4,1797,14975.000,True,126.000,157.000,0.000,202.000,99.000,0.422222,0.322222,-0.847291,71.922,84.056,137.474,4700.0
Victor_9_puntos_intento_3.mp4,1798,14983.333,True,126.000,157.000,0.000,202.000,99.000,0.422222,0.322222,-0.847291,71.720,84.070,137.648,4702.5
Victor_9_puntos_intento_3.mp4,1799,14991.667,True,126.000,157.000,0.000,202.000,99.000,0.422222,0.322222,-0.847291,71.418,83.852,137.069,4689.0
Victor_9_puntos_intento_3.mp4,1800,15000.000,True,126.000,157.000,0.000,202.000,99.000,0.422222,0.322222,-0.847291,71.815,84.056,135.649,4698.0
Victor_9_puntos_intento_3.mp4,1801,15008.333,True,126.000,157.000,0.000,203.000,99.000,0.427778,0.322222,-0.844499,71.439,83.837,135.195,4669.0
Victor_9_puntos_intento_3.mp4,1802,15016.667,True,126.000,157.000,0.000,203.000,99.000,0.427778,0.322222,-0.844499,71.541,84.017,135.569,4690.0
Victor_9_puntos_intento_3.mp4,1803,15025.000,True,126.000,157.000,0.000,202.000,99.000,0.422222,0.322222,-0.847291,71.732,83.946,136.096,4689.0
Victor_9_puntos_intento_3.mp4,1804,15033.333,True,126.000,157.000,0.000,203.000,99.000,0.427778,0.322222,-0.844499,71.792,83.553,137.040,4683.0
Victor_9_puntos_intento_3.mp4,1805,15041.667,True,126.000,157.000,0.000,203.000,99.000,0.427778,0.322222,-0.844499,71.780,83.580,136.423,4690.5
Victor_9_puntos_intento_3.mp4,1806,15050.000,True,126.000,157.000,0.000,203.000,99.000,0.427778,0.322222,-0.844499,71.442,83.851,136.469,4686.5
Victor_9_puntos_intento_3.mp4,1807,15058.333,True,126.000,157.000,0.000,202.000,99.000,0.422222,0.322222,-0.847291,71.502,83.755,134.768,4688.5
Victor_9_puntos_intento_3.mp4,1808,15066.667,True,126.000,157.000,0.000,202.000,99.000,0.422222,0.322222,-0.847291,71.452,83.287,135.821,4680.0
Victor_9_puntos_intento_3.mp4,1809,15075.000,True,126.000,157.000,0.000,202.000,99.000,0.422222,0.322222,-0.847291,71.423,83.146,135.347,4663.0
Victor_9_puntos_intento_3.mp4,1810,15083.333,True,126.000,157.000,0.000,202.000,99.000,0.422222,0.322222,-0.847291,71.592,83.564,136.865,4698.5
Victor_9_puntos_intento_3.mp4,1811,15091.667,True,126.000,157.000,0.000,202.000,99.000,0.422222,0.322222,-0.847291,71.523,83.107,136.099,4657.5
Victor_9_puntos_intento_3.mp4,1812,15100.000,True,126.000,157.000,0.000,202.000,99.000,0.422222,0.322222,-0.847291,71.737,83.282,138.394,4681.5
Victor_9_puntos_intento_3.mp4,1813,15108.333,True,126.000,157.000,0.000,202.000,99.000,0.422222,0.322222,-0.847291,71.706,83.508,135.002,4652.5
Victor_9_puntos_intento_3.mp4,1814,15116.667,True,126.000,157.000,0.000,202.000,99.000,0.422222,0.322222,-0.847291,71.856,83.381,135.244,4666.0
Victor_9_puntos_intento_3.mp4,1815,15125.000,True,126.000,157.000,0.000,202.000,99.000,0.422222,0.322222,-0.847291,71.726,83.418,135.190,4665.0
Victor_9_puntos_intento_3.mp4,1816,15133.333,True,126.000,157.000,0.000,202.000,99.000,0.422222,0.322222,-0.847291,71.841,83.375,135.504,4669.0
Victor_9_puntos_intento_3.mp4,1817,15141.667,True,126.000,157.000,0.000,202.000,99.000,0.422222,0.322222,-0.847291,71.525,83.495,134.684,4648.0
Victor_9_puntos_intento_3.mp4,1818,15150.000,True,126.000,157.000,0.000,202.000,99.000,0.422222,0.322222,-0.847291,71.672,83.685,134.749,4659.5
Victor_9_puntos_intento_3.mp4,1819,15158.333,True,126.000,157.000,0.000,202.000,99.000,0.422222,0.322222,-0.847291,71.522,83.564,135.636,4654.0
Victor_9_puntos_intento_3.mp4,1820,15166.667,True,126.000,157.000,0.000,202.000,99.000,0.422222,0.322222,-0.847291,71.544,83.596,135.072,4638.5
Victor_9_puntos_intento_3.mp4,1821,15175.000,True,126.000,157.000,0.000,202.000,99.000,0.422222,0.322222,-0.847291,71.154,83.278,136.223,4621.0
Victor_9_puntos_intento_3.mp4,1822,15183.333,True,126.000,157.000,0.000,202.000,99.000,0.422222,0.322222,-0.847291,71.341,83.293,136.464,4635.0
Victor_9_puntos_intento_3.mp4,1823,15191.667,True,126.000,157.000,0.000,202.000,99.000,0.422222,0.322222,-0.847291,71.240,83.132,136.781,4631.5
Victor_9_puntos_intento_3.mp4,1824,15200.000,True,126.000,157.000,0.000,202.000,99.000,0.422222,0.322222,-0.847291,71.199,83.308,135.441,4619.0
Victor_9_puntos_intento_3.mp4,1825,15208.333,True,126.000,157.000,0.000,202.000,99.000,0.422222,0.322222,-0.847291,71.262,82.681,134.668,4586.0
Victor_9_puntos_intento_3.mp4,1826,15216.667,True,126.000,157.000,0.000,203.000,99.000,0.427778,0.322222,-0.844499,71.188,82.397,134.889,4582.5
Victor_9_puntos_intento_3.mp4,1827,15225.000,True,126.000,157.000,0.000,203.000,99.000,0.427778,0.322222,-0.844499,71.094,83.553,135.759,4607.5
Victor_9_puntos_intento_3.mp4,1828,15233.333,True,126.000,157.000,0.000,203.000,99.000,0.427778,0.322222,-0.844499,71.081,83.421,135.708,4620.0
Victor_9_puntos_intento_3.mp4,1829,15241.667,True,126.000,157.000,0.000,203.000,99.000,0.427778,0.322222,-0.844499,70.912,83.097,137.414,4576.0
Victor_9_puntos_intento_3.mp4,1830,15250.000,True,126.000,157.000,0.000,203.000,98.000,0.427778,0.327778,-0.842359,70.617,83.851,135.714,4593.5
Victor_9_puntos_intento_3.mp4,1831,15258.333,True,126.000,157.000,0.000,202.000,99.000,0.422222,0.322222,-0.847291,70.510,83.588,134.428,4557.5
Victor_9_puntos_intento_3.mp4,1832,15266.667,True,126.000,157.000,0.000,203.000,99.000,0.427778,0.322222,-0.844499,70.771,83.488,135.835,4571.5
Victor_9_puntos_intento_3.mp4,1833,15275.000,True,126.000,157.000,0.000,203.000,99.000,0.427778,0.322222,-0.844499,70.700,83.171,134.422,4558.0
Victor_9_puntos_intento_3.mp4,1834,15283.333,True,126.000,157.000,0.000,203.000,99.000,0.427778,0.322222,-0.844499,70.863,83.339,135.490,4565.5
Victor_9_puntos_intento_3.mp4,1835,15291.667,True,126.000,157.000,0.000,203.000,99.000,0.427778,0.322222,-0.844499,70.900,82.882,135.821,4565.0
Victor_9_puntos_intento_3.mp4,1836,15300.000,True,126.000,157.000,0.000,203.000,99.000,0.427778,0.322222,-0.844499,70.820,83.049,136.044,4584.5
Victor_9_puntos_intento_3.mp4,1837,15308.333,True,126.000,157.000,0.000,203.000,99.000,0.427778,0.322222,-0.844499,70.701,82.924,133.256,4558.0
Victor_9_puntos_intento_3.mp4,1838,15316.667,True,126.000,157.000,0.000,203.000,99.000,0.427778,0.322222,-0.844499,70.670,82.430,133.473,4535.0
Victor_9_puntos_intento_3.mp4,1839,15325.000,True,126.000,157.000,0.000,203.000,99.000,0.427778,0.322222,-0.844499,70.522,82.442,134.093,4521.5
Victor_9_puntos_intento_3.mp4,1840,15333.333,True,126.000,157.000,0.000,202.000,99.000,0.422222,0.322222,-0.847291,70.203,82.926,135.447,4513.5
Victor_9_puntos_intento_3.mp4,1841,15341.667,True,126.000,157.000,0.000,202.000,99.000,0.422222,0.322222,-0.847291,70.072,82.692,133.989,4487.5
Victor_9_puntos_intento_3.mp4,1842,15350.000,True,126.000,157.000,0.000,202.000,99.000,0.422222,0.322222,-0.847291,70.244,82.204,133.733,4462.0
Victor_9_puntos_intento_3.mp4,1843,15358.333,True,126.000,157.000,0.000,203.000,98.000,0.427778,0.327778,-0.842359,69.118,82.520,132.721,4435.5
Victor_9_puntos_intento_3.mp4,1844,15366.667,True,126.000,157.000,0.000,204.000,98.000,0.433333,0.327778,-0.839514,69.303,82.323,135.150,4447.0
Victor_9_puntos_intento_3.mp4,1845,15375.000,True,126.000,157.000,0.000,202.000,98.000,0.422222,0.327778,-0.845157,69.685,82.122,134.804,4433.5
Victor_9_puntos_intento_3.mp4,1846,15383.333,True,126.000,157.000,0.000,202.000,98.000,0.422222,0.327778,-0.845157,69.559,82.440,134.725,4446.0
Victor_9_puntos_intento_3.mp4,1847,15391.667,True,126.000,157.000,0.000,202.000,98.000,0.422222,0.327778,-0.845157,69.496,81.697,136.738,4413.0
Victor_9_puntos_intento_3.mp4,1848,15400.000,True,126.000,157.000,0.000,203.000,98.000,0.427778,0.327778,-0.842359,69.507,81.420,135.470,4406.0
Victor_9_puntos_intento_3.mp4,1849,15408.333,True,126.000,157.000,0.000,202.000,97.000,0.422222,0.333333,-0.842981,69.099,81.912,131.814,4365.0
Victor_9_puntos_intento_3.mp4,1850,15416.667,True,126.000,157.000,0.000,202.000,97.000,0.422222,0.333333,-0.842981,68.976,82.078,131.755,4371.0
Victor_9_puntos_intento_3.mp4,1851,15425.000,True,126.000,157.000,0.000,202.000,97.000,0.422222,0.333333,-0.842981,69.147,80.801,132.302,4334.0
Victor_9_puntos_intento_3.mp4,1852,15433.333,True,126.000,157.000,0.000,202.000,97.000,0.422222,0.333333,-0.842981,69.543,80.910,133.252,4363.0
Victor_9_puntos_intento_3.mp4,1853,15441.667,True,126.000,157.000,0.000,202.000,97.000,0.422222,0.333333,-0.842981,68.755,80.947,132.995,4342.0
Victor_9_puntos_intento_3.mp4,1854,15450.000,True,126.000,157.000,0.000,202.000,97.000,0.422222,0.333333,-0.842981,68.527,81.315,132.457,4337.0
Victor_9_puntos_intento_3.mp4,1855,15458.333,True,126.000,157.000,0.000,202.000,97.000,0.422222,0.333333,-0.842981,68.673,80.931,133.435,4320.0
Victor_9_puntos_intento_3.mp4,1856,15466.667,True,126.000,157.000,0.000,202.000,97.000,0.422222,0.333333,-0.842981,68.576,80.938,134.187,4297.5
Victor_9_puntos_intento_3.mp4,1857,15475.000,True,126.000,157.000,0.000,202.000,97.000,0.422222,0.333333,-0.842981,68.819,80.410,133.829,4296.0
Victor_9_puntos_intento_3.mp4,1858,15483.333,True,126.000,157.000,0.000,202.000,97.000,0.422222,0.333333,-0.842981,68.567,80.587,133.006,4297.5
Victor_9_puntos_intento_3.mp4,1859,15491.667,True,126.000,157.000,0.000,203.000,97.000,0.427778,0.333333,-0.840176,68.351,80.134,133.763,4276.5
Victor_9_puntos_intento_3.mp4,1860,15500.000,True,126.000,157.000,0.000,202.000,97.000,0.422222,0.333333,-0.842981,68.580,80.502,132.365,4294.0
Victor_9_puntos_intento_3.mp4,1861,15508.333,True,126.000,157.000,0.000,203.000,97.000,0.427778,0.333333,-0.840176,68.785,80.728,132.979,4286.5
Victor_9_puntos_intento_3.mp4,1862,15516.667,True,126.000,157.000,0.000,203.000,97.000,0.427778,0.333333,-0.840176,68.814,80.316,131.951,4290.5
Victor_9_puntos_intento_3.mp4,1863,15525.000,True,126.000,157.000,0.000,203.000,97.000,0.427778,0.333333,-0.840176,68.373,80.339,133.347,4242.5
Victor_9_puntos_intento_3.mp4,1864,15533.333,True,126.000,157.000,0.000,203.000,97.000,0.427778,0.333333,-0.840176,68.627,80.695,133.956,4308.5
Victor_9_puntos_intento_3.mp4,1865,15541.667,True,126.000,157.000,0.000,203.000,97.000,0.427778,0.333333,-0.840176,68.167,80.396,133.875,4262.0
Victor_9_puntos_intento_3.mp4,1866,15550.000,True,126.000,157.000,0.000,203.000,97.000,0.427778,0.333333,-0.840176,68.355,80.409,134.433,4266.5
Victor_9_puntos_intento_3.mp4,1867,15558.333,True,126.000,157.000,0.000,203.000,97.000,0.427778,0.333333,-0.840176,68.015,80.584,134.388,4231.5
Victor_9_puntos_intento_3.mp4,1868,15566.667,True,126.000,157.000,0.000,203.000,97.000,0.427778,0.333333,-0.840176,68.335,80.455,135.867,4253.0
Victor_9_puntos_intento_3.mp4,1869,15575.000,True,126.000,157.000,0.000,203.000,97.000,0.427778,0.333333,-0.840176,68.036,80.399,132.885,4228.0
Victor_9_puntos_intento_3.mp4,1870,15583.333,True,126.000,157.000,0.000,203.000,97.000,0.427778,0.333333,-0.840176,68.162,80.343,135.307,4235.0
Victor_9_puntos_intento_3.mp4,1871,15591.667,True,126.000,157.000,0.000,203.000,97.000,0.427778,0.333333,-0.840176,67.899,80.474,133.509,4225.0
Victor_9_puntos_intento_3.mp4,1872,15600.000,True,126.000,157.000,0.000,203.000,97.000,0.427778,0.333333,-0.840176,68.300,80.466,134.285,4251.0
Victor_9_puntos_intento_3.mp4,1873,15608.333,True,126.000,157.000,0.000,203.000,98.000,0.427778,0.327778,-0.842359,68.371,80.129,133.733,4235.5
Victor_9_puntos_intento_3.mp4,1874,15616.667,True,126.000,157.000,0.000,203.000,98.000,0.427778,0.327778,-0.842359,68.618,80.284,133.252,4257.5
Victor_9_puntos_intento_3.mp4,1875,15625.000,True,126.000,157.000,0.000,203.000,98.000,0.427778,0.327778,-0.842359,68.211,79.688,133.378,4225.5
Victor_9_puntos_intento_3.mp4,1876,15633.333,True,126.000,157.000,0.000,203.000,98.000,0.427778,0.327778,-0.842359,68.242,79.759,135.777,4229.5
Victor_9_puntos_intento_3.mp4,1877,15641.667,True,126.000,157.000,0.000,203.000,97.000,0.427778,0.333333,-0.840176,67.604,80.473,134.034,4212.5
Victor_9_puntos_intento_3.mp4,1878,15650.000,True,126.000,157.000,0.000,203.000,98.000,0.427778,0.327778,-0.842359,67.829,80.366,134.406,4223.5
Victor_9_puntos_intento_3.mp4,1879,15658.333,True,126.000,157.000,0.000,203.000,98.000,0.427778,0.327778,-0.842359,67.749,80.171,133.155,4217.5
Victor_9_puntos_intento_3.mp4,1880,15666.667,True,126.000,157.000,0.000,203.000,98.000,0.427778,0.327778,-0.842359,67.676,80.315,132.954,4225.5
Victor_9_puntos_intento_3.mp4,1881,15675.000,True,126.000,157.000,0.000,203.000,98.000,0.427778,0.327778,-0.842359,68.003,80.153,133.237,4229.0
Victor_9_puntos_intento_3.mp4,1882,15683.333,True,126.000,157.000,0.000,203.000,97.000,0.427778,0.333333,-0.840176,67.729,80.166,133.337,4234.5
Victor_9_puntos_intento_3.mp4,1883,15691.667,True,126.000,157.000,0.000,203.000,97.000,0.427778,0.333333,-0.840176,67.616,80.408,132.955,4217.5
Victor_9_puntos_intento_3.mp4,1884,15700.000,True,126.000,157.000,0.000,204.000,97.000,0.433333,0.333333,-0.837324,68.061,80.684,134.011,4248.0
Victor_9_puntos_intento_3.mp4,1885,15708.333,True,126.000,157.000,0.000,204.000,97.000,0.433333,0.333333,-0.837324,68.187,80.550,133.900,4251.0
Victor_9_puntos_intento_3.mp4,1886,15716.667,True,126.000,157.000,0.000,204.000,97.000,0.433333,0.333333,-0.837324,68.310,80.696,133.328,4278.0
Victor_9_puntos_intento_3.mp4,1887,15725.000,True,126.000,157.000,0.000,204.000,97.000,0.433333,0.333333,-0.837324,68.251,80.213,133.598,4251.0
Victor_9_puntos_intento_3.mp4,1888,15733.333,True,126.000,157.000,0.000,204.000,97.000,0.433333,0.333333,-0.837324,68.257,80.655,134.694,4272.0
Victor_9_puntos_intento_3.mp4,1889,15741.667,True,126.000,157.000,0.000,203.000,97.000,0.427778,0.333333,-0.840176,68.021,80.541,133.451,4246.5
Victor_9_puntos_intento_3.mp4,1890,15750.000,True,126.000,157.000,0.000,203.000,97.000,0.427778,0.333333,-0.840176,68.387,80.508,134.188,4276.5
Victor_9_puntos_intento_3.mp4,1891,15758.333,True,126.000,157.000,0.000,203.000,97.000,0.427778,0.333333,-0.840176,68.416,80.323,134.016,4263.5
Victor_9_puntos_intento_3.mp4,1892,15766.667,True,126.000,157.000,0.000,203.000,97.000,0.427778,0.333333,-0.840176,68.394,80.865,134.701,4300.5
Victor_9_puntos_intento_3.mp4,1893,15775.000,True,126.000,157.000,0.000,204.000,97.000,0.433333,0.333333,-0.837324,68.487,80.720,134.967,4304.0
Victor_9_puntos_intento_3.mp4,1894,15783.333,True,126.000,157.000,0.000,203.000,97.000,0.427778,0.333333,-0.840176,68.579,80.926,134.841,4314.5
Victor_9_puntos_intento_3.mp4,1895,15791.667,True,126.000,157.000,0.000,203.000,97.000,0.427778,0.333333,-0.840176,68.642,80.983,134.175,4311.0
Victor_9_puntos_intento_3.mp4,1896,15800.000,True,126.000,157.000,0.000,203.000,97.000,0.427778,0.333333,-0.840176,68.597,81.141,135.080,4317.0
Victor_9_puntos_intento_3.mp4,1897,15808.333,True,126.000,157.000,0.000,203.000,97.000,0.427778,0.333333,-0.840176,68.756,81.281,135.307,4332.5
Victor_9_puntos_intento_3.mp4,1898,15816.667,True,126.000,157.000,0.000,203.000,97.000,0.427778,0.333333,-0.840176,69.092,81.830,134.319,4363.5
Victor_9_puntos_intento_3.mp4,1899,15825.000,True,126.000,157.000,0.000,203.000,97.000,0.427778,0.333333,-0.840176,69.165,81.871,134.861,4352.0
Victor_9_puntos_intento_3.mp4,1900,15833.333,True,126.000,157.000,0.000,203.000,97.000,0.427778,0.333333,-0.840176,69.224,82.266,134.180,4403.0
Victor_9_puntos_intento_3.mp4,1901,15841.667,True,126.000,157.000,0.000,203.000,97.000,0.427778,0.333333,-0.840176,69.317,81.849,134.632,4384.5
Victor_9_puntos_intento_3.mp4,1902,15850.000,True,126.000,157.000,0.000,203.000,98.000,0.427778,0.327778,-0.842359,69.368,82.110,133.028,4408.0
Victor_9_puntos_intento_3.mp4,1903,15858.333,True,126.000,157.000,0.000,203.000,97.000,0.427778,0.333333,-0.840176,69.136,81.797,133.232,4375.5
Victor_9_puntos_intento_3.mp4,1904,15866.667,True,126.000,157.000,0.000,203.000,97.000,0.427778,0.333333,-0.840176,69.029,82.668,134.930,4433.0
Victor_9_puntos_intento_3.mp4,1905,15875.000,True,126.000,157.000,0.000,203.000,98.000,0.427778,0.327778,-0.842359,69.203,82.317,134.049,4426.5
Victor_9_puntos_intento_3.mp4,1906,15883.333,True,126.000,157.000,0.000,203.000,98.000,0.427778,0.327778,-0.842359,69.411,82.403,133.721,4447.5
Victor_9_puntos_intento_3.mp4,1907,15891.667,True,126.000,157.000,0.000,203.000,98.000,0.427778,0.327778,-0.842359,69.499,82.092,132.206,4442.0
Victor_9_puntos_intento_3.mp4,1908,15900.000,True,126.000,157.000,0.000,203.000,98.000,0.427778,0.327778,-0.842359,69.768,81.704,133.560,4437.5
Victor_9_puntos_intento_3.mp4,1909,15908.333,True,126.000,157.000,0.000,203.000,98.000,0.427778,0.327778,-0.842359,69.724,82.564,134.677,4447.0
Victor_9_puntos_intento_3.mp4,1910,15916.667,True,126.000,157.000,0.000,203.000,97.000,0.427778,0.333333,-0.840176,70.003,83.067,134.430,4493.0
Victor_9_puntos_intento_3.mp4,1911,15925.000,True,126.000,157.000,0.000,203.000,97.000,0.427778,0.333333,-0.840176,69.892,82.788,134.175,4491.0
Victor_9_puntos_intento_3.mp4,1912,15933.333,True,126.000,157.000,0.000,203.000,98.000,0.427778,0.327778,-0.842359,70.020,82.718,133.770,4506.0
Victor_9_puntos_intento_3.mp4,1913,15941.667,True,126.000,157.000,0.000,203.000,97.000,0.427778,0.333333,-0.840176,69.810,82.480,134.140,4467.0
Victor_9_puntos_intento_3.mp4,1914,15950.000,True,126.000,157.000,0.000,203.000,98.000,0.427778,0.327778,-0.842359,70.403,82.870,135.489,4531.0
Victor_9_puntos_intento_3.mp4,1915,15958.333,True,126.000,157.000,0.000,203.000,97.000,0.427778,0.333333,-0.840176,70.132,82.398,135.134,4492.5
Victor_9_puntos_intento_3.mp4,1916,15966.667,True,126.000,157.000,0.000,203.000,97.000,0.427778,0.333333,-0.840176,70.118,82.663,134.528,4506.0
Victor_9_puntos_intento_3.mp4,1917,15975.000,True,126.000,157.000,0.000,203.000,97.000,0.427778,0.333333,-0.840176,69.915,82.674,134.991,4490.5
Victor_9_puntos_intento_3.mp4,1918,15983.333,True,126.000,157.000,0.000,203.000,97.000,0.427778,0.333333,-0.840176,70.068,83.073,133.763,4514.0
Victor_9_puntos_intento_3.mp4,1919,15991.667,True,126.000,157.000,0.000,203.000,97.000,0.427778,0.333333,-0.840176,69.997,83.466,134.735,4514.0
Victor_9_puntos_intento_3.mp4,1920,16000.000,True,126.000,157.000,0.000,203.000,97.000,0.427778,0.333333,-0.840176,70.157,83.310,134.420,4527.0
Victor_9_puntos_intento_3.mp4,1921,16008.333,True,126.000,157.000,0.000,203.000,97.000,0.427778,0.333333,-0.840176,69.532,82.610,133.214,4446.5
Victor_9_puntos_intento_3.mp4,1922,16016.667,True,126.000,157.000,0.000,203.000,97.000,0.427778,0.333333,-0.840176,69.533,82.807,134.029,4452.5
Victor_9_puntos_intento_3.mp4,1923,16025.000,True,126.000,157.000,0.000,203.000,97.000,0.427778,0.333333,-0.840176,69.490,82.322,133.126,4454.0
Victor_9_puntos_intento_3.mp4,1924,16033.333,True,126.000,157.000,0.000,203.000,97.000,0.427778,0.333333,-0.840176,69.619,82.996,132.953,4480.5
Victor_9_puntos_intento_3.mp4,1925,16041.667,True,126.000,157.000,0.000,203.000,97.000,0.427778,0.333333,-0.840176,69.359,82.803,132.196,4445.0
Victor_9_puntos_intento_3.mp4,1926,16050.000,True,126.000,157.000,0.000,203.000,97.000,0.427778,0.333333,-0.840176,69.786,82.597,133.912,4485.5
Victor_9_puntos_intento_3.mp4,1927,16058.333,True,126.000,157.000,0.000,203.000,97.000,0.427778,0.333333,-0.840176,69.055,82.689,133.433,4441.5
Victor_9_puntos_intento_3.mp4,1928,16066.667,True,126.000,157.000,0.000,203.000,97.000,0.427778,0.333333,-0.840176,69.350,82.626,134.890,4465.5
Victor_9_puntos_intento_3.mp4,1929,16075.000,True,126.000,157.000,0.000,203.000,97.000,0.427778,0.333333,-0.840176,69.194,82.928,133.373,4457.0
Victor_9_puntos_intento_3.mp4,1930,16083.333,True,126.000,157.000,0.000,203.000,97.000,0.427778,0.333333,-0.840176,69.309,82.688,134.293,4463.0
Victor_9_puntos_intento_3.mp4,1931,16091.667,True,126.000,157.000,0.000,203.000,97.000,0.427778,0.333333,-0.840176,69.339,82.176,134.368,4442.0
Victor_9_puntos_intento_3.mp4,1932,16100.000,True,126.000,157.000,0.000,203.000,97.000,0.427778,0.333333,-0.840176,69.514,82.479,134.961,4458.5
Victor_9_puntos_intento_3.mp4,1933,16108.333,True,126.000,157.000,0.000,203.000,97.000,0.427778,0.333333,-0.840176,69.192,82.334,131.279,4417.0
Victor_9_puntos_intento_3.mp4,1934,16116.667,True,126.000,157.000,0.000,203.000,97.000,0.427778,0.333333,-0.840176,69.323,82.616,132.882,4435.5
Victor_9_puntos_intento_3.mp4,1935,16125.000,True,126.000,157.000,0.000,203.000,97.000,0.427778,0.333333,-0.840176,69.440,82.709,134.660,4434.0
Victor_9_puntos_intento_3.mp4,1936,16133.333,True,126.000,157.000,0.000,203.000,97.000,0.427778,0.333333,-0.840176,69.191,82.997,134.419,4431.0
Victor_9_puntos_intento_3.mp4,1937,16141.667,True,126.000,157.000,0.000,203.000,97.000,0.427778,0.333333,-0.840176,68.757,81.989,133.402,4381.0
Victor_9_puntos_intento_3.mp4,1938,16150.000,True,126.000,157.000,0.000,203.000,97.000,0.427778,0.333333,-0.840176,68.981,82.337,133.656,4399.0
Victor_9_puntos_intento_3.mp4,1939,16158.333,True,126.000,157.000,0.000,203.000,97.000,0.427778,0.333333,-0.840176,68.692,82.435,134.832,4385.0
Victor_9_puntos_intento_3.mp4,1940,16166.667,True,126.000,157.000,0.000,202.000,97.000,0.422222,0.333333,-0.842981,68.979,81.762,131.248,4384.0
Victor_9_puntos_intento_3.mp4,1941,16175.000,True,126.000,157.000,0.000,203.000,97.000,0.427778,0.333333,-0.840176,68.590,82.045,132.872,4362.5
Victor_9_puntos_intento_3.mp4,1942,16183.333,True,126.000,157.000,0.000,203.000,97.000,0.427778,0.333333,-0.840176,68.800,81.835,133.942,4382.5
Victor_9_puntos_intento_3.mp4,1943,16191.667,True,126.000,157.000,0.000,203.000,97.000,0.427778,0.333333,-0.840176,68.372,81.373,132.948,4334.0
Victor_9_puntos_intento_3.mp4,1944,16200.000,True,126.000,157.000,0.000,203.000,97.000,0.427778,0.333333,-0.840176,68.290,81.659,132.274,4335.0
Victor_9_puntos_intento_3.mp4,1945,16208.333,True,126.000,157.000,0.000,203.000,97.000,0.427778,0.333333,-0.840176,68.774,81.245,134.808,4321.0
Victor_9_puntos_intento_3.mp4,1946,16216.667,True,126.000,157.000,0.000,203.000,97.000,0.427778,0.333333,-0.840176,68.514,81.490,133.357,4337.5
Victor_9_puntos_intento_3.mp4,1947,16225.000,True,126.000,157.000,0.000,203.000,97.000,0.427778,0.333333,-0.840176,68.264,81.204,133.030,4300.5
Victor_9_puntos_intento_3.mp4,1948,16233.333,True,126.000,157.000,0.000,203.000,97.000,0.427778,0.333333,-0.840176,68.335,81.586,133.063,4322.5
Victor_9_puntos_intento_3.mp4,1949,16241.667,True,126.000,157.000,0.000,203.000,97.000,0.427778,0.333333,-0.840176,68.302,81.153,132.515,4303.5
Victor_9_puntos_intento_3.mp4,1950,16250.000,True,126.000,157.000,0.000,203.000,97.000,0.427778,0.333333,-0.840176,68.034,81.248,132.437,4311.5
Victor_9_puntos_intento_3.mp4,1951,16258.333,True,126.000,157.000,0.000,203.000,97.000,0.427778,0.333333,-0.840176,68.063,80.896,133.182,4292.0
Victor_9_puntos_intento_3.mp4,1952,16266.667,True,126.000,157.000,0.000,203.000,97.000,0.427778,0.333333,-0.840176,67.775,80.921,132.892,4276.5
Victor_9_puntos_intento_3.mp4,1953,16275.000,True,126.000,157.000,0.000,203.000,97.000,0.427778,0.333333,-0.840176,67.816,80.827,132.969,4250.5
Victor_9_puntos_intento_3.mp4,1954,16283.333,True,126.000,157.000,0.000,203.000,97.000,0.427778,0.333333,-0.840176,67.871,80.644,133.859,4260.0
Victor_9_puntos_intento_3.mp4,1955,16291.667,True,126.000,157.000,0.000,203.000,96.000,0.427778,0.338889,-0.837950,68.041,80.636,133.869,4254.0
Victor_9_puntos_intento_3.mp4,1956,16300.000,True,126.000,157.000,0.000,203.000,97.000,0.427778,0.333333,-0.840176,67.844,81.074,133.007,4285.0
Victor_9_puntos_intento_3.mp4,1957,16308.333,True,126.000,157.000,0.000,203.000,97.000,0.427778,0.333333,-0.840176,67.384,80.640,133.945,4212.0
Victor_9_puntos_intento_3.mp4,1958,16316.667,True,126.000,157.000,0.000,203.000,97.000,0.427778,0.333333,-0.840176,67.601,80.233,132.899,4232.0
Victor_9_puntos_intento_3.mp4,1959,16325.000,True,126.000,157.000,0.000,203.000,97.000,0.427778,0.333333,-0.840176,67.699,81.085,133.041,4243.5
Victor_9_puntos_intento_3.mp4,1960,16333.333,True,126.000,157.000,0.000,203.000,97.000,0.427778,0.333333,-0.840176,67.423,80.575,131.634,4239.0
Victor_9_puntos_intento_3.mp4,1961,16341.667,True,126.000,157.000,0.000,203.000,97.000,0.427778,0.333333,-0.840176,67.116,80.638,132.091,4219.0
Victor_9_puntos_intento_3.mp4,1962,16350.000,True,126.000,157.000,0.000,203.000,97.000,0.427778,0.333333,-0.840176,67.545,80.587,132.422,4229.5
Victor_9_puntos_intento_3.mp4,1963,16358.333,True,126.000,157.000,0.000,203.000,97.000,0.427778,0.333333,-0.840176,67.116,79.980,131.715,4188.0
Victor_9_puntos_intento_3.mp4,1964,16366.667,True,126.000,157.000,0.000,203.000,97.000,0.427778,0.333333,-0.840176,67.316,80.182,131.904,4202.5
Victor_9_puntos_intento_3.mp4,1965,16375.000,True,126.000,157.000,0.000,203.000,97.000,0.427778,0.333333,-0.840176,67.573,80.447,132.630,4214.5
Victor_9_puntos_intento_3.mp4,1966,16383.333,True,126.000,157.000,0.000,203.000,97.000,0.427778,0.333333,-0.840176,67.486,79.550,132.835,4179.0
Victor_9_puntos_intento_3.mp4,1967,16391.667,True,126.000,157.000,0.000,203.000,97.000,0.427778,0.333333,-0.840176,67.256,80.029,131.740,4185.5
Victor_9_puntos_intento_3.mp4,1968,16400.000,True,126.000,157.000,0.000,203.000,97.000,0.427778,0.333333,-0.840176,67.248,79.990,132.272,4188.5
Victor_9_puntos_intento_3.mp4,1969,16408.333,True,126.000,157.000,0.000,203.000,97.000,0.427778,0.333333,-0.840176,67.758,79.950,133.309,4182.5
Victor_9_puntos_intento_3.mp4,1970,16416.667,True,126.000,157.000,0.000,203.000,97.000,0.427778,0.333333,-0.840176,67.783,79.804,132.915,4188.0
Victor_9_puntos_intento_3.mp4,1971,16425.000,True,126.000,157.000,0.000,203.000,97.000,0.427778,0.333333,-0.840176,67.351,80.171,132.671,4180.0
Victor_9_puntos_intento_3.mp4,1972,16433.333,True,126.000,157.000,0.000,203.000,97.000,0.427778,0.333333,-0.840176,67.331,80.123,132.884,4188.0
Victor_9_puntos_intento_3.mp4,1973,16441.667,True,126.000,157.000,0.000,203.000,97.000,0.427778,0.333333,-0.840176,66.946,80.068,131.925,4153.0
Victor_9_puntos_intento_3.mp4,1974,16450.000,True,126.000,157.000,0.000,203.000,97.000,0.427778,0.333333,-0.840176,66.997,80.221,132.940,4187.5
Victor_9_puntos_intento_3.mp4,1975,16458.333,True,126.000,157.000,0.000,203.000,97.000,0.427778,0.333333,-0.840176,67.330,79.755,133.428,4170.5
Victor_9_puntos_intento_3.mp4,1976,16466.667,True,126.000,157.000,0.000,203.000,97.000,0.427778,0.333333,-0.840176,67.083,80.068,132.180,4183.0
Victor_9_puntos_intento_3.mp4,1977,16475.000,True,126.000,157.000,0.000,203.000,97.000,0.427778,0.333333,-0.840176,67.008,79.289,131.644,4139.5
Victor_9_puntos_intento_3.mp4,1978,16483.333,True,126.000,157.000,0.000,203.000,97.000,0.427778,0.333333,-0.840176,67.256,79.654,132.473,4155.5
Victor_9_puntos_intento_3.mp4,1979,16491.667,True,126.000,157.000,0.000,203.000,97.000,0.427778,0.333333,-0.840176,67.252,79.168,133.470,4157.0
Victor_9_puntos_intento_3.mp4,1980,16500.000,True,126.000,157.000,0.000,203.000,97.000,0.427778,0.333333,-0.840176,67.152,79.604,131.655,4158.5
Victor_9_puntos_intento_3.mp4,1981,16508.333,True,126.000,157.000,0.000,203.000,97.000,0.427778,0.333333,-0.840176,67.766,79.171,131.771,4164.5
Victor_9_puntos_intento_3.mp4,1982,16516.667,True,126.000,157.000,0.000,203.000,97.000,0.427778,0.333333,-0.840176,67.174,79.929,131.555,4157.5
Victor_9_puntos_intento_3.mp4,1983,16525.000,True,126.000,157.000,0.000,203.000,97.000,0.427778,0.333333,-0.840176,67.119,79.505,131.738,4141.0
Victor_9_puntos_intento_3.mp4,1984,16533.333,True,126.000,157.000,0.000,203.000,97.000,0.427778,0.333333,-0.840176,67.534,79.125,131.777,4165.0
Victor_9_puntos_intento_3.mp4,1985,16541.667,True,126.000,157.000,0.000,203.000,97.000,0.427778,0.333333,-0.840176,67.158,79.547,132.138,4145.0
Victor_9_puntos_intento_3.mp4,1986,16550.000,True,126.000,157.000,0.000,203.000,97.000,0.427778,0.333333,-0.840176,67.825,79.884,132.864,4201.5
Victor_9_puntos_intento_3.mp4,1987,16558.333,True,126.000,157.000,0.000,202.000,97.000,0.422222,0.333333,-0.842981,67.336,79.549,133.135,4154.5
Victor_9_puntos_intento_3.mp4,1988,16566.667,True,126.000,157.000,0.000,202.000,97.000,0.422222,0.333333,-0.842981,67.687,79.934,132.432,4211.0
Victor_9_puntos_intento_3.mp4,1989,16575.000,True,126.000,157.000,0.000,202.000,97.000,0.422222,0.333333,-0.842981,67.669,79.706,133.457,4198.0
Victor_9_puntos_intento_3.mp4,1990,16583.333,True,126.000,157.000,0.000,202.000,97.000,0.422222,0.333333,-0.842981,67.624,80.216,132.558,4204.5
Victor_9_puntos_intento_3.mp4,1991,16591.667,True,126.000,157.000,0.000,202.000,97.000,0.422222,0.333333,-0.842981,67.689,79.527,132.945,4182.0
Victor_9_puntos_intento_3.mp4,1992,16600.000,True,126.000,157.000,0.000,202.000,97.000,0.422222,0.333333,-0.842981,68.058,79.608,132.200,4202.0
Victor_9_puntos_intento_3.mp4,1993,16608.333,True,126.000,157.000,0.000,203.000,97.000,0.427778,0.333333,-0.840176,67.932,79.093,132.889,4181.5
Victor_9_puntos_intento_3.mp4,1994,16616.667,True,126.000,157.000,0.000,203.000,97.000,0.427778,0.333333,-0.840176,67.640,79.126,132.792,4176.0
Victor_9_puntos_intento_3.mp4,1995,16625.000,True,126.000,157.000,0.000,202.000,97.000,0.422222,0.333333,-0.842981,67.558,78.943,132.177,4150.5
Victor_9_puntos_intento_3.mp4,1996,16633.333,True,126.000,157.000,0.000,202.000,97.000,0.422222,0.333333,-0.842981,67.744,79.654,133.772,4187.0
Victor_9_puntos_intento_3.mp4,1997,16641.667,True,126.000,157.000,0.000,202.000,97.000,0.422222,0.333333,-0.842981,67.430,79.590,131.935,4171.0
Victor_9_puntos_intento_3.mp4,1998,16650.000,True,126.000,157.000,0.000,202.000,97.000,0.422222,0.333333,-0.842981,67.709,80.159,131.469,4213.5
Victor_9_puntos_intento_3.mp4,1999,16658.333,True,126.000,157.000,0.000,202.000,97.000,0.422222,0.333333,-0.842981,67.628,79.963,132.766,4209.5
Victor_9_puntos_intento_3.mp4,2000,16666.667,True,126.000,157.000,0.000,203.000,97.000,0.427778,0.333333,-0.840176,67.859,79.744,135.107,4220.0
Victor_9_puntos_intento_3.mp4,2001,16675.000,True,126.000,157.000,0.000,202.000,97.000,0.422222,0.333333,-0.842981,67.374,79.619,132.213,4178.0
Victor_9_puntos_intento_3.mp4,2002,16683.333,True,126.000,157.000,0.000,203.000,97.000,0.427778,0.333333,-0.840176,68.041,79.878,132.918,4216.0
Victor_9_puntos_intento_3.mp4,2003,16691.667,True,126.000,157.000,0.000,203.000,97.000,0.427778,0.333333,-0.840176,67.783,80.002,131.781,4200.5
Victor_9_puntos_intento_3.mp4,2004,16700.000,True,126.000,157.000,0.000,203.000,97.000,0.427778,0.333333,-0.840176,67.865,80.251,132.486,4229.5
Victor_9_puntos_intento_3.mp4,2005,16708.333,True,126.000,157.000,0.000,203.000,97.000,0.427778,0.333333,-0.840176,67.719,79.253,131.837,4173.5
Victor_9_puntos_intento_3.mp4,2006,16716.667,True,126.000,157.000,0.000,203.000,97.000,0.427778,0.333333,-0.840176,67.798,79.986,132.033,4208.0
Victor_9_puntos_intento_3.mp4,2007,16725.000,True,126.000,157.000,0.000,203.000,97.000,0.427778,0.333333,-0.840176,67.803,79.811,131.423,4204.0
Victor_9_puntos_intento_3.mp4,2008,16733.333,True,126.000,157.000,0.000,201.000,97.000,0.416667,0.333333,-0.845741,68.823,78.851,132.996,4224.0
Victor_9_puntos_intento_3.mp4,2009,16741.667,True,126.000,157.000,0.000,192.000,99.000,0.366667,0.322222,-0.872771,71.186,78.720,129.917,4328.5
Victor_9_puntos_intento_3.mp4,2010,16750.000,True,126.000,157.000,0.000,181.000,101.000,0.305556,0.311111,-0.899914,72.441,80.076,111.598,4468.0
Victor_9_puntos_intento_3.mp4,2011,16758.333,True,126.000,157.000,0.000,172.000,103.000,0.255556,0.300000,-0.919071,72.658,81.200,105.448,4573.5
Victor_9_puntos_intento_3.mp4,2012,16766.667,True,126.000,157.000,0.000,162.000,105.000,0.200000,0.288889,-0.936239,73.154,82.391,101.014,4615.0
Victor_9_puntos_intento_3.mp4,2013,16775.000,True,126.000,157.000,0.000,155.000,108.000,0.161111,0.272222,-0.948651,74.421,82.905,99.088,4689.5
Victor_9_puntos_intento_3.mp4,2014,16783.333,True,126.000,157.000,0.000,151.000,109.000,0.138889,0.266667,-0.953729,73.550,82.550,99.306,4618.0
Victor_9_puntos_intento_3.mp4,2015,16791.667,True,126.000,157.000,0.000,149.000,109.000,0.127778,0.266667,-0.955281,73.173,82.893,104.350,4584.0
Victor_9_puntos_intento_3.mp4,2016,16800.000,True,126.000,157.000,0.000,151.000,109.000,0.138889,0.266667,-0.953729,73.107,83.450,102.689,4637.0
Victor_9_puntos_intento_3.mp4,2017,16808.333,True,126.000,157.000,0.000,151.000,108.000,0.138889,0.272222,-0.952158,72.934,84.338,104.713,4630.0
Victor_9_puntos_intento_3.mp4,2018,16816.667,True,126.000,157.000,0.000,151.000,108.000,0.138889,0.272222,-0.952158,73.158,84.380,106.325,4659.5
Victor_9_puntos_intento_3.mp4,2019,16825.000,True,126.000,157.000,0.000,151.000,108.000,0.138889,0.272222,-0.952158,73.247,83.936,107.004,4639.5
Victor_9_puntos_intento_3.mp4,2020,16833.333,True,126.000,157.000,0.000,151.000,108.000,0.138889,0.272222,-0.952158,73.671,83.671,105.280,4644.0
Victor_9_puntos_intento_3.mp4,2021,16841.667,True,126.000,157.000,0.000,151.000,108.000,0.138889,0.272222,-0.952158,73.772,83.940,105.464,4646.5
Victor_9_puntos_intento_3.mp4,2022,16850.000,True,126.000,157.000,0.000,151.000,108.000,0.138889,0.272222,-0.952158,73.665,84.215,104.138,4665.5
Victor_9_puntos_intento_3.mp4,2023,16858.333,True,126.000,157.000,0.000,152.000,108.000,0.144444,0.272222,-0.951331,73.409,84.407,103.326,4650.5
Victor_9_puntos_intento_3.mp4,2024,16866.667,True,126.000,157.000,0.000,152.000,108.000,0.144444,0.272222,-0.951331,73.712,84.358,105.095,4681.0
Victor_9_puntos_intento_3.mp4,2025,16875.000,True,126.000,157.000,0.000,152.000,108.000,0.144444,0.272222,-0.951331,73.397,84.431,103.189,4663.0
Victor_9_puntos_intento_3.mp4,2026,16883.333,True,126.000,157.000,0.000,152.000,108.000,0.144444,0.272222,-0.951331,73.717,84.574,104.251,4689.5
Victor_9_puntos_intento_3.mp4,2027,16891.667,True,126.000,157.000,0.000,152.000,108.000,0.144444,0.272222,-0.951331,73.305,85.156,103.436,4673.5
Victor_9_puntos_intento_3.mp4,2028,16900.000,True,126.000,157.000,0.000,152.000,108.000,0.144444,0.272222,-0.951331,73.273,84.942,103.611,4678.5
Victor_9_puntos_intento_3.mp4,2029,16908.333,True,126.000,157.000,0.000,152.000,107.000,0.144444,0.277778,-0.949724,73.382,85.277,104.667,4651.5
Victor_9_puntos_intento_3.mp4,2030,16916.667,True,126.000,157.000,0.000,152.000,108.000,0.144444,0.272222,-0.951331,73.575,84.345,101.737,4670.0
Victor_9_puntos_intento_3.mp4,2031,16925.000,True,126.000,157.000,0.000,152.000,108.000,0.144444,0.272222,-0.951331,73.760,84.887,101.897,4651.0
Victor_9_puntos_intento_3.mp4,2032,16933.333,True,126.000,157.000,0.000,152.000,108.000,0.144444,0.272222,-0.951331,73.196,84.570,100.922,4655.5
Victor_9_puntos_intento_3.mp4,2033,16941.667,True,126.000,157.000,0.000,152.000,107.000,0.144444,0.277778,-0.949724,73.310,84.194,103.231,4640.5
Victor_9_puntos_intento_3.mp4,2034,16950.000,True,126.000,157.000,0.000,152.000,107.000,0.144444,0.277778,-0.949724,73.958,84.753,102.535,4672.0
Victor_9_puntos_intento_3.mp4,2035,16958.333,True,126.000,157.000,0.000,152.000,107.000,0.144444,0.277778,-0.949724,73.985,84.257,101.041,4619.5
Victor_9_puntos_intento_3.mp4,2036,16966.667,True,126.000,157.000,0.000,152.000,107.000,0.144444,0.277778,-0.949724,73.509,84.539,98.384,4666.5
Victor_9_puntos_intento_3.mp4,2037,16975.000,True,126.000,157.000,0.000,152.000,107.000,0.144444,0.277778,-0.949724,73.166,84.309,98.005,4650.0
Victor_9_puntos_intento_3.mp4,2038,16983.333,True,126.000,157.000,0.000,153.000,107.000,0.150000,0.277778,-0.948862,72.818,84.244,97.531,4623.0
Victor_9_puntos_intento_3.mp4,2039,16991.667,True,126.000,157.000,0.000,153.000,108.000,0.150000,0.272222,-0.950471,72.767,84.079,92.983,4545.5
Victor_9_puntos_intento_3.mp4,2040,17000.000,True,126.000,157.000,0.000,153.000,108.000,0.150000,0.272222,-0.950471,72.731,85.136,96.210,4563.0
Victor_9_puntos_intento_3.mp4,2041,17008.333,True,126.000,157.000,0.000,153.000,108.000,0.150000,0.272222,-0.950471,73.555,85.788,94.754,4607.5
Victor_9_puntos_intento_3.mp4,2042,17016.667,True,126.000,157.000,0.000,154.000,108.000,0.155556,0.272222,-0.949578,73.471,85.341,98.436,4583.5
Victor_9_puntos_intento_3.mp4,2043,17025.000,True,126.000,157.000,0.000,153.000,108.000,0.150000,0.272222,-0.950471,73.674,85.402,94.381,4563.5
Victor_9_puntos_intento_3.mp4,2044,17033.333,True,126.000,157.000,0.000,154.000,108.000,0.155556,0.272222,-0.949578,72.621,85.749,94.550,4592.5
Victor_9_puntos_intento_3.mp4,2045,17041.667,True,126.000,157.000,0.000,153.000,108.000,0.150000,0.272222,-0.950471,73.345,85.479,95.965,4602.0
Victor_9_puntos_intento_3.mp4,2046,17050.000,True,126.000,157.000,0.000,154.000,108.000,0.155556,0.272222,-0.949578,73.393,85.834,97.242,4617.5
Victor_9_puntos_intento_3.mp4,2047,17058.333,True,126.000,157.000,0.000,154.000,107.000,0.155556,0.277778,-0.947967,73.699,86.382,97.738,4608.0
Victor_9_puntos_intento_3.mp4,2048,17066.667,True,126.000,157.000,0.000,154.000,107.000,0.155556,0.277778,-0.947967,73.575,86.142,97.675,4627.5
Victor_9_puntos_intento_3.mp4,2049,17075.000,True,126.000,157.000,0.000,154.000,108.000,0.155556,0.272222,-0.949578,73.647,86.219,93.780,4627.0
Victor_9_puntos_intento_3.mp4,2050,17083.333,True,126.000,157.000,0.000,154.000,108.000,0.155556,0.272222,-0.949578,73.917,86.504,97.333,4657.0
Victor_9_puntos_intento_3.mp4,2051,17091.667,True,126.000,157.000,0.000,154.000,107.000,0.155556,0.277778,-0.947967,73.902,86.718,100.503,4657.5
Victor_9_puntos_intento_3.mp4,2052,17100.000,True,126.000,157.000,0.000,154.000,108.000,0.155556,0.272222,-0.949578,73.541,87.080,98.238,4677.5
Victor_9_puntos_intento_3.mp4,2053,17108.333,True,126.000,157.000,0.000,155.000,108.000,0.161111,0.272222,-0.948651,73.973,87.186,96.970,4729.0
Victor_9_puntos_intento_3.mp4,2054,17116.667,True,126.000,157.000,0.000,155.000,108.000,0.161111,0.272222,-0.948651,74.594,87.261,98.413,4726.5
Victor_9_puntos_intento_3.mp4,2055,17125.000,True,126.000,157.000,0.000,155.000,108.000,0.161111,0.272222,-0.948651,74.664,87.770,98.827,4768.0
Victor_9_puntos_intento_3.mp4,2056,17133.333,True,126.000,157.000,0.000,155.000,108.000,0.161111,0.272222,-0.948651,74.426,87.889,97.750,4769.5
Victor_9_puntos_intento_3.mp4,2057,17141.667,True,126.000,157.000,0.000,155.000,108.000,0.161111,0.272222,-0.948651,74.828,87.342,100.163,4751.5
Victor_9_puntos_intento_3.mp4,2058,17150.000,True,126.000,157.000,0.000,156.000,109.000,0.166667,0.266667,-0.949269,74.380,88.148,97.892,4800.5
Victor_9_puntos_intento_3.mp4,2059,17158.333,True,126.000,157.000,0.000,156.000,108.000,0.166667,0.272222,-0.947691,75.755,87.493,98.721,4802.0
Victor_9_puntos_intento_3.mp4,2060,17166.667,True,126.000,157.000,0.000,156.000,109.000,0.166667,0.266667,-0.949269,73.684,89.271,96.667,4834.5
Victor_9_puntos_intento_3.mp4,2061,17175.000,True,126.000,157.000,0.000,156.000,109.000,0.166667,0.266667,-0.949269,74.705,88.723,95.427,4836.0
Victor_9_puntos_intento_3.mp4,2062,17183.333,True,126.000,157.000,0.000,156.000,109.000,0.166667,0.266667,-0.949269,74.937,89.619,97.935,4909.5
Victor_9_puntos_intento_3.mp4,2063,17191.667,True,126.000,157.000,0.000,156.000,108.000,0.166667,0.272222,-0.947691,74.704,89.544,98.750,4879.5
Victor_9_puntos_intento_3.mp4,2064,17200.000,True,126.000,157.000,0.000,156.000,108.000,0.166667,0.272222,-0.947691,74.837,89.611,97.669,4926.5
Victor_9_puntos_intento_3.mp4,2065,17208.333,True,126.000,157.000,0.000,157.000,109.000,0.172222,0.266667,-0.948277,75.472,88.833,95.950,4946.0
Victor_9_puntos_intento_3.mp4,2066,17216.667,True,126.000,157.000,0.000,156.000,109.000,0.166667,0.266667,-0.949269,76.581,89.001,100.962,4964.0
Victor_9_puntos_intento_3.mp4,2067,17225.000,True,126.000,157.000,0.000,156.000,109.000,0.166667,0.266667,-0.949269,75.699,89.198,99.385,4977.0
Victor_9_puntos_intento_3.mp4,2068,17233.333,True,126.000,157.000,0.000,156.000,109.000,0.166667,0.266667,-0.949269,76.300,89.295,98.989,4989.5
Victor_9_puntos_intento_3.mp4,2069,17241.667,True,126.000,157.000,0.000,156.000,109.000,0.166667,0.266667,-0.949269,76.038,89.926,99.430,4979.0
Victor_9_puntos_intento_3.mp4,2070,17250.000,True,126.000,157.000,0.000,156.000,108.000,0.166667,0.272222,-0.947691,75.954,89.529,97.890,5014.5
Victor_9_puntos_intento_3.mp4,2071,17258.333,True,126.000,157.000,0.000,156.000,108.000,0.166667,0.272222,-0.947691,76.146,90.780,100.379,5001.5
Victor_9_puntos_intento_3.mp4,2072,17266.667,True,126.000,157.000,0.000,156.000,108.000,0.166667,0.272222,-0.947691,75.728,90.512,99.993,5045.0
Victor_9_puntos_intento_3.mp4,2073,17275.000,True,126.000,157.000,0.000,156.000,108.000,0.166667,0.272222,-0.947691,76.377,89.839,100.140,5059.0
Victor_9_puntos_intento_3.mp4,2074,17283.333,True,126.000,157.000,0.000,156.000,108.000,0.166667,0.272222,-0.947691,76.610,89.432,100.048,5088.5
Victor_9_puntos_intento_3.mp4,2075,17291.667,True,126.000,157.000,0.000,156.000,108.000,0.166667,0.272222,-0.947691,76.471,89.601,101.762,5076.0
Victor_9_puntos_intento_3.mp4,2076,17300.000,True,126.000,157.000,0.000,155.000,108.000,0.161111,0.272222,-0.948651,77.032,89.696,98.851,5095.0
Victor_9_puntos_intento_3.mp4,2077,17308.333,True,126.000,157.000,0.000,156.000,108.000,0.166667,0.272222,-0.947691,78.479,89.269,104.452,5155.5
Victor_9_puntos_intento_3.mp4,2078,17316.667,True,126.000,157.000,0.000,155.000,108.000,0.161111,0.272222,-0.948651,76.598,90.813,98.474,5097.5
Victor_9_puntos_intento_3.mp4,2079,17325.000,False,126.000,157.000,0.000,156.000,108.000,0.166667,0.272222,-0.947691,78.002,89.726,101.973,5081.0
Victor_9_puntos_intento_3.mp4,2080,17333.333,False,126.000,157.000,0.000,155.000,108.000,0.161111,0.272222,-0.948651,77.884,89.848,101.327,5091.5
Victor_9_puntos_intento_3.mp4,2081,17341.667,False,126.000,157.000,0.000,155.000,108.000,0.161111,0.272222,-0.948651,77.245,90.648,101.104,5053.0
Victor_9_puntos_intento_3.mp4,2082,17350.000,False,126.000,157.000,,,,,,,,,,
Victor_9_puntos_intento_3.mp4,2083,17358.333,False,126.000,157.000,,,,,,,,,,
Victor_9_puntos_intento_3.mp4,2084,17366.667,False,126.000,157.000,0.000,155.000,108.000,0.161111,0.272222,-0.948651,77.688,90.885,103.238,5226.0
Victor_9_puntos_intento_3.mp4,2085,17375.000,False,126.000,157.000,,,,,,,,,,
Victor_9_puntos_intento_3.mp4,2086,17383.333,False,126.000,157.000,,,,,,,,,,
Victor_9_puntos_intento_3.mp4,2087,17391.667,False,126.000,157.000,,,,,,,,,,
Victor_9_puntos_intento_3.mp4,2088,17400.000,False,126.000,157.000,,,,,,,,,,
Victor_9_puntos_intento_3.mp4,2089,17408.333,False,126.000,157.000,,,,,,,,,,
Victor_9_puntos_intento_3.mp4,2090,17416.667,False,126.000,157.000,,,,,,,,,,
Victor_9_puntos_intento_3.mp4,2091,17425.000,False,126.000,157.000,0.000,155.000,109.000,0.161111,0.266667,-0.950227,77.615,90.027,104.625,5008.0
Victor_9_puntos_intento_3.mp4,2092,17433.333,False,126.000,157.000,0.000,155.000,108.000,0.161111,0.272222,-0.948651,77.640,89.987,102.771,5082.5
Victor_9_puntos_intento_3.mp4,2093,17441.667,False,126.000,157.000,0.000,155.000,109.000,0.161111,0.266667,-0.950227,77.266,90.721,102.561,5028.5
Victor_9_puntos_intento_3.mp4,2094,17450.000,False,126.000,157.000,0.000,155.000,108.000,0.161111,0.272222,-0.948651,77.129,89.560,103.101,5055.0
Victor_9_puntos_intento_3.mp4,2095,17458.333,False,126.000,157.000,,,,,,,,,,
Victor_9_puntos_intento_3.mp4,2096,17466.667,False,126.000,157.000,,,,,,,,,,
Victor_9_puntos_intento_3.mp4,2097,17475.000,False,126.000,157.000,,,,,,,,,,
Victor_9_puntos_intento_3.mp4,2098,17483.333,False,126.000,157.000,,,,,,,,,,
Victor_9_puntos_intento_3.mp4,2099,17491.667,False,126.000,157.000,,,,,,,,,,
Victor_9_puntos_intento_3.mp4,2100,17500.000,False,126.000,157.000,,,,,,,,,,
Victor_9_puntos_intento_3.mp4,2101,17508.333,False,126.000,157.000,,,,,,,,,,
Victor_9_puntos_intento_3.mp4,2102,17516.667,False,126.000,157.000,,,,,,,,,,
Victor_9_puntos_intento_3.mp4,2103,17525.000,False,126.000,157.000,0.000,154.000,108.000,0.155556,0.272222,-0.949578,76.486,89.763,105.963,5067.5
Victor_9_puntos_intento_3.mp4,2104,17533.333,False,126.000,157.000,0.000,154.000,108.000,0.155556,0.272222,-0.949578,76.480,89.315,105.536,5039.5
Victor_9_puntos_intento_3.mp4,2105,17541.667,False,126.000,157.000,0.000,154.000,109.000,0.155556,0.266667,-0.951153,76.358,87.689,104.794,5003.5
Victor_9_puntos_intento_3.mp4,2106,17550.000,True,126.000,157.000,0.000,154.000,109.000,0.155556,0.266667,-0.951153,76.332,88.868,107.784,5024.5
Victor_9_puntos_intento_3.mp4,2107,17558.333,True,126.000,157.000,0.000,154.000,109.000,0.155556,0.266667,-0.951153,75.992,88.489,106.594,4986.5
Victor_9_puntos_intento_3.mp4,2108,17566.667,True,126.000,157.000,0.000,153.000,109.000,0.150000,0.266667,-0.952045,76.119,88.616,107.656,5006.0
Victor_9_puntos_intento_3.mp4,2109,17575.000,True,126.000,157.000,0.000,154.000,109.000,0.155556,0.266667,-0.951153,74.983,89.094,106.314,4971.0
Victor_9_puntos_intento_3.mp4,2110,17583.333,True,126.000,157.000,0.000,155.000,109.000,0.161111,0.266667,-0.950227,76.227,87.424,105.004,4968.0
Victor_9_puntos_intento_3.mp4,2111,17591.667,True,126.000,157.000,0.000,155.000,109.000,0.161111,0.266667,-0.950227,76.356,86.630,107.602,4946.0
Victor_9_puntos_intento_3.mp4,2112,17600.000,True,126.000,157.000,0.000,155.000,109.000,0.161111,0.266667,-0.950227,75.134,87.837,105.112,4954.5
Victor_9_puntos_intento_3.mp4,2113,17608.333,True,126.000,157.000,0.000,155.000,110.000,0.161111,0.261111,-0.951769,75.723,87.328,106.297,4923.5
Victor_9_puntos_intento_3.mp4,2114,17616.667,True,126.000,157.000,0.000,155.000,110.000,0.161111,0.261111,-0.951769,75.570,85.763,104.870,4851.5
Victor_9_puntos_intento_3.mp4,2115,17625.000,True,126.000,157.000,0.000,155.000,110.000,0.161111,0.261111,-0.951769,74.744,86.398,104.188,4843.0
Victor_9_puntos_intento_3.mp4,2116,17633.333,True,126.000,157.000,0.000,155.000,110.000,0.161111,0.261111,-0.951769,74.251,86.041,99.561,4849.0
Victor_9_puntos_intento_3.mp4,2117,17641.667,True,126.000,157.000,0.000,155.000,110.000,0.161111,0.261111,-0.951769,74.648,85.648,102.168,4811.0
Victor_9_puntos_intento_3.mp4,2118,17650.000,True,126.000,157.000,0.000,156.000,110.000,0.166667,0.261111,-0.950812,73.552,86.828,102.572,4807.5
Victor_9_puntos_intento_3.mp4,2119,17658.333,True,126.000,157.000,0.000,155.000,110.000,0.161111,0.261111,-0.951769,74.076,85.612,102.637,4789.5
Victor_9_puntos_intento_3.mp4,2120,17666.667,True,126.000,157.000,0.000,155.000,110.000,0.161111,0.261111,-0.951769,74.630,85.745,103.092,4820.0
Victor_9_puntos_intento_3.mp4,2121,17675.000,True,126.000,157.000,0.000,155.000,109.000,0.161111,0.266667,-0.950227,74.601,85.890,104.862,4808.5
Victor_9_puntos_intento_3.mp4,2122,17683.333,True,126.000,157.000,0.000,155.000,110.000,0.161111,0.261111,-0.951769,74.605,85.132,103.032,4815.5
Victor_9_puntos_intento_3.mp4,2123,17691.667,True,126.000,157.000,0.000,155.000,109.000,0.161111,0.266667,-0.950227,74.596,84.941,105.856,4790.5
Victor_9_puntos_intento_3.mp4,2124,17700.000,True,126.000,157.000,0.000,155.000,109.000,0.161111,0.266667,-0.950227,73.917,85.397,102.074,4775.0
Victor_9_puntos_intento_3.mp4,2125,17708.333,True,126.000,157.000,0.000,155.000,109.000,0.161111,0.266667,-0.950227,73.872,86.014,103.487,4713.5
Victor_9_puntos_intento_3.mp4,2126,17716.667,True,126.000,157.000,0.000,155.000,109.000,0.161111,0.266667,-0.950227,74.693,85.246,108.480,4726.5
Victor_9_puntos_intento_3.mp4,2127,17725.000,True,126.000,157.000,0.000,155.000,110.000,0.161111,0.261111,-0.951769,74.707,84.945,107.891,4733.0
Victor_9_puntos_intento_3.mp4,2128,17733.333,True,126.000,157.000,0.000,155.000,109.000,0.161111,0.266667,-0.950227,74.461,85.662,108.999,4724.0
Victor_9_puntos_intento_3.mp4,2129,17741.667,True,126.000,157.000,0.000,155.000,110.000,0.161111,0.261111,-0.951769,74.804,85.145,104.001,4730.0
Victor_9_puntos_intento_3.mp4,2130,17750.000,True,126.000,157.000,0.000,155.000,110.000,0.161111,0.261111,-0.951769,74.651,85.609,106.033,4739.5
Victor_9_puntos_intento_3.mp4,2131,17758.333,True,126.000,157.000,0.000,154.000,109.000,0.155556,0.266667,-0.951153,74.944,84.896,106.585,4705.5
Victor_9_puntos_intento_3.mp4,2132,17766.667,True,126.000,157.000,0.000,155.000,109.000,0.161111,0.266667,-0.950227,74.499,84.961,107.165,4712.5
Victor_9_puntos_intento_3.mp4,2133,17775.000,True,126.000,157.000,0.000,155.000,109.000,0.161111,0.266667,-0.950227,73.632,85.039,104.689,4716.5
Victor_9_puntos_intento_3.mp4,2134,17783.333,True,126.000,157.000,0.000,155.000,110.000,0.161111,0.261111,-0.951769,73.215,85.375,104.951,4675.0
Victor_9_puntos_intento_3.mp4,2135,17791.667,True,126.000,157.000,0.000,154.000,109.000,0.155556,0.266667,-0.951153,73.828,85.822,106.107,4734.5
Victor_9_puntos_intento_3.mp4,2136,17800.000,True,126.000,157.000,0.000,154.000,109.000,0.155556,0.266667,-0.951153,74.121,85.893,106.530,4740.0
Victor_9_puntos_intento_3.mp4,2137,17808.333,True,126.000,157.000,0.000,154.000,109.000,0.155556,0.266667,-0.951153,74.760,84.667,102.754,4703.0
Victor_9_puntos_intento_3.mp4,2138,17816.667,True,126.000,157.000,0.000,155.000,109.000,0.161111,0.266667,-0.950227,74.124,85.073,106.209,4729.5
Victor_9_puntos_intento_3.mp4,2139,17825.000,True,126.000,157.000,0.000,154.000,109.000,0.155556,0.266667,-0.951153,74.401,85.140,103.497,4699.5
Victor_9_puntos_intento_3.mp4,2140,17833.333,True,126.000,157.000,0.000,154.000,109.000,0.155556,0.266667,-0.951153,73.501,85.467,105.487,4692.5
Victor_9_puntos_intento_3.mp4,2141,17841.667,True,126.000,157.000,0.000,154.000,109.000,0.155556,0.266667,-0.951153,73.766,85.669,106.008,4698.0
Victor_9_puntos_intento_3.mp4,2142,17850.000,True,126.000,157.000,0.000,154.000,109.000,0.155556,0.266667,-0.951153,73.975,84.981,102.760,4660.0
Victor_9_puntos_intento_3.mp4,2143,17858.333,True,126.000,157.000,0.000,154.000,109.000,0.155556,0.266667,-0.951153,73.923,84.791,102.077,4657.0
Victor_9_puntos_intento_3.mp4,2144,17866.667,True,126.000,157.000,0.000,154.000,109.000,0.155556,0.266667,-0.951153,73.972,85.069,102.263,4683.0
Victor_9_puntos_intento_3.mp4,2145,17875.000,True,126.000,157.000,0.000,154.000,109.000,0.155556,0.266667,-0.951153,74.184,85.628,103.184,4686.5
Victor_9_puntos_intento_3.mp4,2146,17883.333,True,126.000,157.000,0.000,154.000,109.000,0.155556,0.266667,-0.951153,73.268,85.119,101.197,4671.5
Victor_9_puntos_intento_3.mp4,2147,17891.667,True,126.000,157.000,0.000,154.000,109.000,0.155556,0.266667,-0.951153,74.305,84.622,101.763,4684.5
Victor_9_puntos_intento_3.mp4,2148,17900.000,True,126.000,157.000,0.000,154.000,109.000,0.155556,0.266667,-0.951153,73.628,84.733,102.696,4681.0
Victor_9_puntos_intento_3.mp4,2149,17908.333,True,126.000,157.000,0.000,154.000,109.000,0.155556,0.266667,-0.951153,74.799,84.114,105.209,4688.0
Victor_9_puntos_intento_3.mp4,2150,17916.667,True,126.000,157.000,0.000,154.000,109.000,0.155556,0.266667,-0.951153,74.323,85.020,102.847,4728.5
Victor_9_puntos_intento_3.mp4,2151,17925.000,True,126.000,157.000,0.000,154.000,109.000,0.155556,0.266667,-0.951153,74.570,84.479,102.533,4707.5
Victor_9_puntos_intento_3.mp4,2152,17933.333,True,126.000,157.000,0.000,154.000,108.000,0.155556,0.272222,-0.949578,74.273,85.404,105.853,4743.5
Victor_9_puntos_intento_3.mp4,2153,17941.667,True,126.000,157.000,0.000,154.000,109.000,0.155556,0.266667,-0.951153,73.990,84.935,101.869,4738.5
Victor_9_puntos_intento_3.mp4,2154,17950.000,True,126.000,157.000,0.000,154.000,108.000,0.155556,0.272222,-0.949578,74.340,85.197,103.697,4749.0
Victor_9_puntos_intento_3.mp4,2155,17958.333,True,126.000,157.000,0.000,154.000,108.000,0.155556,0.272222,-0.949578,74.499,84.864,104.037,4713.5
Victor_9_puntos_intento_3.mp4,2156,17966.667,True,126.000,157.000,0.000,154.000,108.000,0.155556,0.272222,-0.949578,75.148,84.117,103.371,4728.5
Victor_9_puntos_intento_3.mp4,2157,17975.000,True,126.000,157.000,0.000,154.000,108.000,0.155556,0.272222,-0.949578,75.020,84.539,102.696,4737.5
Victor_9_puntos_intento_3.mp4,2158,17983.333,True,126.000,157.000,0.000,154.000,108.000,0.155556,0.272222,-0.949578,74.387,84.666,103.093,4748.0
Victor_9_puntos_intento_3.mp4,2159,17991.667,True,126.000,157.000,0.000,154.000,108.000,0.155556,0.272222,-0.949578,74.527,84.604,102.157,4728.0
Victor_9_puntos_intento_3.mp4,2160,18000.000,True,126.000,157.000,0.000,154.000,108.000,0.155556,0.272222,-0.949578,75.277,84.713,105.909,4767.0
Victor_9_puntos_intento_3.mp4,2161,18008.333,True,126.000,157.000,0.000,154.000,108.000,0.155556,0.272222,-0.949578,74.598,85.495,105.009,4699.0
Victor_9_puntos_intento_3.mp4,2162,18016.667,True,126.000,157.000,0.000,154.000,108.000,0.155556,0.272222,-0.949578,75.719,85.427,107.821,4786.5
Victor_9_puntos_intento_3.mp4,2163,18025.000,True,126.000,157.000,0.000,154.000,108.000,0.155556,0.272222,-0.949578,75.538,84.205,105.214,4730.0
Victor_9_puntos_intento_3.mp4,2164,18033.333,True,126.000,157.000,0.000,154.000,108.000,0.155556,0.272222,-0.949578,75.169,85.168,107.155,4735.5
Victor_9_puntos_intento_3.mp4,2165,18041.667,True,126.000,157.000,0.000,153.000,108.000,0.150000,0.272222,-0.950471,75.666,85.358,107.054,4789.5
Victor_9_puntos_intento_3.mp4,2166,18050.000,True,126.000,157.000,0.000,154.000,108.000,0.155556,0.272222,-0.949578,75.162,84.935,103.688,4796.5
Victor_9_puntos_intento_3.mp4,2167,18058.333,True,126.000,157.000,0.000,154.000,109.000,0.155556,0.266667,-0.951153,75.375,85.328,106.845,4776.0
Victor_9_puntos_intento_3.mp4,2168,18066.667,True,126.000,157.000,0.000,154.000,108.000,0.155556,0.272222,-0.949578,75.419,85.750,108.619,4786.5
Victor_9_puntos_intento_3.mp4,2169,18075.000,True,126.000,157.000,0.000,154.000,109.000,0.155556,0.266667,-0.951153,75.655,85.135,105.956,4782.5
Victor_9_puntos_intento_3.mp4,2170,18083.333,True,126.000,157.000,0.000,154.000,108.000,0.155556,0.272222,-0.949578,75.397,85.611,105.826,4801.5
Victor_9_puntos_intento_3.mp4,2171,18091.667,True,126.000,157.000,0.000,154.000,109.000,0.155556,0.266667,-0.951153,75.139,85.260,106.510,4778.0
Victor_9_puntos_intento_3.mp4,2172,18100.000,True,126.000,157.000,0.000,154.000,109.000,0.155556,0.266667,-0.951153,75.003,85.635,103.888,4798.0
Victor_9_puntos_intento_3.mp4,2173,18108.333,True,126.000,157.000,0.000,154.000,108.000,0.155556,0.272222,-0.949578,74.993,86.585,109.136,4779.5
Victor_9_puntos_intento_3.mp4,2174,18116.667,True,126.000,157.000,0.000,154.000,108.000,0.155556,0.272222,-0.949578,74.509,85.658,103.797,4784.0
Victor_9_puntos_intento_3.mp4,2175,18125.000,True,126.000,157.000,0.000,154.000,109.000,0.155556,0.266667,-0.951153,75.151,85.209,105.785,4767.5
Victor_9_puntos_intento_3.mp4,2176,18133.333,True,126.000,157.000,0.000,154.000,108.000,0.155556,0.272222,-0.949578,75.776,85.671,106.529,4812.0
Victor_9_puntos_intento_3.mp4,2177,18141.667,True,126.000,157.000,0.000,153.000,108.000,0.150000,0.272222,-0.950471,75.265,85.860,107.680,4768.5
Victor_9_puntos_intento_3.mp4,2178,18150.000,True,126.000,157.000,0.000,153.000,108.000,0.150000,0.272222,-0.950471,75.062,85.958,105.601,4797.0
Victor_9_puntos_intento_3.mp4,2179,18158.333,True,126.000,157.000,0.000,153.000,108.000,0.150000,0.272222,-0.950471,75.583,85.162,107.453,4782.5
Victor_9_puntos_intento_3.mp4,2180,18166.667,True,126.000,157.000,0.000,153.000,108.000,0.150000,0.272222,-0.950471,75.618,85.418,106.822,4780.0
Victor_9_puntos_intento_3.mp4,2181,18175.000,True,126.000,157.000,0.000,153.000,108.000,0.150000,0.272222,-0.950471,75.196,85.430,107.508,4766.5
Victor_9_puntos_intento_3.mp4,2182,18183.333,True,126.000,157.000,0.000,153.000,108.000,0.150000,0.272222,-0.950471,75.399,85.162,106.191,4788.5
Victor_9_puntos_intento_3.mp4,2183,18191.667,True,126.000,157.000,0.000,153.000,108.000,0.150000,0.272222,-0.950471,73.968,85.731,101.457,4735.5
Victor_9_puntos_intento_3.mp4,2184,18200.000,True,126.000,157.000,0.000,153.000,108.000,0.150000,0.272222,-0.950471,74.898,85.170,103.093,4777.0
Victor_9_puntos_intento_3.mp4,2185,18208.333,True,126.000,157.000,0.000,153.000,108.000,0.150000,0.272222,-0.950471,75.000,85.247,106.763,4766.0
Victor_9_puntos_intento_3.mp4,2186,18216.667,True,126.000,157.000,0.000,153.000,108.000,0.150000,0.272222,-0.950471,74.938,85.670,106.611,4810.5
Victor_9_puntos_intento_3.mp4,2187,18225.000,True,126.000,157.000,0.000,153.000,108.000,0.150000,0.272222,-0.950471,75.059,85.669,105.924,4821.5
Victor_9_puntos_intento_3.mp4,2188,18233.333,True,126.000,157.000,0.000,153.000,108.000,0.150000,0.272222,-0.950471,75.014,86.018,104.388,4821.0
Victor_9_puntos_intento_3.mp4,2189,18241.667,True,126.000,157.000,0.000,153.000,108.000,0.150000,0.272222,-0.950471,75.032,85.257,105.253,4771.5
Victor_9_puntos_intento_3.mp4,2190,18250.000,True,126.000,157.000,0.000,153.000,108.000,0.150000,0.272222,-0.950471,74.903,85.710,103.826,4793.0
Victor_9_puntos_intento_3.mp4,2191,18258.333,True,126.000,157.000,0.000,153.000,108.000,0.150000,0.272222,-0.950471,75.145,85.380,103.479,4783.5
Victor_9_puntos_intento_3.mp4,2192,18266.667,True,126.000,157.000,0.000,153.000,108.000,0.150000,0.272222,-0.950471,74.999,85.387,103.204,4806.5
Victor_9_puntos_intento_3.mp4,2193,18275.000,True,126.000,157.000,0.000,153.000,108.000,0.150000,0.272222,-0.950471,74.721,85.711,105.303,4778.0
Victor_9_puntos_intento_3.mp4,2194,18283.333,True,126.000,157.000,0.000,153.000,109.000,0.150000,0.266667,-0.952045,75.688,85.122,105.985,4776.0
Victor_9_puntos_intento_3.mp4,2195,18291.667,True,126.000,157.000,0.000,153.000,108.000,0.150000,0.272222,-0.950471,74.544,85.434,107.207,4752.0
Victor_9_puntos_intento_3.mp4,2196,18300.000,True,126.000,157.000,0.000,153.000,108.000,0.150000,0.272222,-0.950471,74.247,85.400,104.177,4767.0
Victor_9_puntos_intento_3.mp4,2197,18308.333,True,126.000,157.000,0.000,153.000,108.000,0.150000,0.272222,-0.950471,75.137,86.402,105.006,4810.5
Victor_9_puntos_intento_3.mp4,2198,18316.667,True,126.000,157.000,0.000,153.000,108.000,0.150000,0.272222,-0.950471,74.986,85.661,104.952,4772.5
Victor_9_puntos_intento_3.mp4,2199,18325.000,True,126.000,157.000,0.000,153.000,108.000,0.150000,0.272222,-0.950471,74.810,85.482,103.203,4762.5
Victor_9_puntos_intento_3.mp4,2200,18333.333,True,126.000,157.000,0.000,153.000,107.000,0.150000,0.277778,-0.948862,74.837,85.810,103.559,4797.5
Victor_9_puntos_intento_3.mp4,2201,18341.667,True,126.000,157.000,0.000,153.000,107.000,0.150000,0.277778,-0.948862,76.217,84.625,107.220,4793.5
Victor_9_puntos_intento_3.mp4,2202,18350.000,True,126.000,157.000,0.000,153.000,108.000,0.150000,0.272222,-0.950471,75.459,85.241,104.421,4788.0
Victor_9_puntos_intento_3.mp4,2203,18358.333,True,126.000,157.000,0.000,152.000,107.000,0.144444,0.277778,-0.949724,74.319,85.590,102.340,4800.5
Victor_9_puntos_intento_3.mp4,2204,18366.667,True,126.000,157.000,0.000,152.000,107.000,0.144444,0.277778,-0.949724,74.086,85.380,101.623,4801.5
Victor_9_puntos_intento_3.mp4,2205,18375.000,True,126.000,157.000,0.000,153.000,107.000,0.150000,0.277778,-0.948862,74.203,86.126,102.951,4786.0
Victor_9_puntos_intento_3.mp4,2206,18383.333,True,126.000,157.000,0.000,153.000,107.000,0.150000,0.277778,-0.948862,74.230,85.183,100.260,4751.0
Victor_9_puntos_intento_3.mp4,2207,18391.667,True,126.000,157.000,0.000,153.000,107.000,0.150000,0.277778,-0.948862,75.482,85.110,104.451,4779.0
Victor_9_puntos_intento_3.mp4,2208,18400.000,True,126.000,157.000,0.000,152.000,107.000,0.144444,0.277778,-0.949724,74.872,85.822,106.441,4802.0
Victor_9_puntos_intento_3.mp4,2209,18408.333,True,126.000,157.000,0.000,152.000,107.000,0.144444,0.277778,-0.949724,75.212,84.976,101.283,4772.0
Victor_9_puntos_intento_3.mp4,2210,18416.667,True,126.000,157.000,0.000,152.000,107.000,0.144444,0.277778,-0.949724,75.474,85.747,106.014,4756.5
Victor_9_puntos_intento_3.mp4,2211,18425.000,True,126.000,157.000,0.000,152.000,107.000,0.144444,0.277778,-0.949724,75.379,86.070,105.550,4802.0
Victor_9_puntos_intento_3.mp4,2212,18433.333,True,126.000,157.000,0.000,152.000,106.000,0.144444,0.283333,-0.948081,75.174,85.922,104.434,4803.0
Victor_9_puntos_intento_3.mp4,2213,18441.667,True,126.000,157.000,0.000,152.000,107.000,0.144444,0.277778,-0.949724,75.206,85.832,101.238,4789.0
Victor_9_puntos_intento_3.mp4,2214,18450.000,True,126.000,157.000,0.000,152.000,107.000,0.144444,0.277778,-0.949724,75.373,85.885,100.905,4827.0
Victor_9_puntos_intento_3.mp4,2215,18458.333,True,126.000,157.000,0.000,152.000,107.000,0.144444,0.277778,-0.949724,75.408,86.195,101.476,4812.0
Victor_9_puntos_intento_3.mp4,2216,18466.667,True,126.000,157.000,0.000,152.000,107.000,0.144444,0.277778,-0.949724,75.228,86.701,104.958,4841.5
Victor_9_puntos_intento_3.mp4,2217,18475.000,True,126.000,157.000,0.000,152.000,107.000,0.144444,0.277778,-0.949724,75.671,85.844,103.884,4826.0
Victor_9_puntos_intento_3.mp4,2218,18483.333,True,126.000,157.000,0.000,152.000,107.000,0.144444,0.277778,-0.949724,75.500,86.066,104.933,4842.5
Victor_9_puntos_intento_3.mp4,2219,18491.667,True,126.000,157.000,0.000,151.000,107.000,0.138889,0.277778,-0.950552,75.722,85.616,101.962,4819.5
Victor_9_puntos_intento_3.mp4,2220,18500.000,True,126.000,157.000,0.000,151.000,107.000,0.138889,0.277778,-0.950552,76.136,85.734,106.285,4859.5
Victor_9_puntos_intento_3.mp4,2221,18508.333,True,126.000,157.000,0.000,151.000,106.000,0.138889,0.283333,-0.948911,75.174,86.496,102.175,4840.0
Victor_9_puntos_intento_3.mp4,2222,18516.667,True,126.000,157.000,0.000,151.000,106.000,0.138889,0.283333,-0.948911,74.962,86.439,102.743,4832.0
Victor_9_puntos_intento_3.mp4,2223,18525.000,True,126.000,157.000,0.000,151.000,107.000,0.138889,0.277778,-0.950552,75.473,87.176,103.949,4840.5
Victor_9_puntos_intento_3.mp4,2224,18533.333,True,126.000,157.000,0.000,151.000,107.000,0.138889,0.277778,-0.950552,76.224,86.089,103.934,4853.0
Victor_9_puntos_intento_3.mp4,2225,18541.667,True,126.000,157.000,0.000,151.000,107.000,0.138889,0.277778,-0.950552,75.627,87.009,102.948,4861.0
Victor_9_puntos_intento_3.mp4,2226,18550.000,True,126.000,157.000,0.000,151.000,107.000,0.138889,0.277778,-0.950552,75.852,86.918,104.803,4880.0
Victor_9_puntos_intento_3.mp4,2227,18558.333,True,126.000,157.000,0.000,151.000,107.000,0.138889,0.277778,-0.950552,75.852,86.404,103.319,4847.0
Victor_9_puntos_intento_3.mp4,2228,18566.667,True,126.000,157.000,0.000,151.000,107.000,0.138889,0.277778,-0.950552,75.760,87.212,104.853,4911.0
Victor_9_puntos_intento_3.mp4,2229,18575.000,True,126.000,157.000,0.000,151.000,107.000,0.138889,0.277778,-0.950552,76.024,87.241,104.637,4910.5
Victor_9_puntos_intento_3.mp4,2230,18583.333,True,126.000,157.000,0.000,151.000,107.000,0.138889,0.277778,-0.950552,75.369,87.285,103.607,4894.5
Victor_9_puntos_intento_3.mp4,2231,18591.667,True,126.000,157.000,0.000,151.000,107.000,0.138889,0.277778,-0.950552,76.181,86.698,105.303,4872.0
Victor_9_puntos_intento_3.mp4,2232,18600.000,True,126.000,157.000,0.000,151.000,108.000,0.138889,0.272222,-0.952158,75.819,86.929,103.310,4883.0
Victor_9_puntos_intento_3.mp4,2233,18608.333,True,126.000,157.000,0.000,151.000,107.000,0.138889,0.277778,-0.950552,76.075,86.884,103.549,4832.5
Victor_9_puntos_intento_3.mp4,2234,18616.667,True,126.000,157.000,0.000,151.000,107.000,0.138889,0.277778,-0.950552,76.334,86.742,105.036,4895.5
Victor_9_puntos_intento_3.mp4,2235,18625.000,True,126.000,157.000,0.000,150.000,107.000,0.133333,0.277778,-0.951347,76.727,86.642,104.972,4864.0
Victor_9_puntos_intento_3.mp4,2236,18633.333,True,126.000,157.000,0.000,150.000,107.000,0.133333,0.277778,-0.951347,76.949,86.079,105.489,4882.0
Victor_9_puntos_intento_3.mp4,2237,18641.667,True,126.000,157.000,0.000,150.000,107.000,0.133333,0.277778,-0.951347,76.536,86.698,103.878,4867.0
Victor_9_puntos_intento_3.mp4,2238,18650.000,True,126.000,157.000,0.000,150.000,107.000,0.133333,0.277778,-0.951347,76.807,86.990,106.408,4916.0
Victor_9_puntos_intento_3.mp4,2239,18658.333,True,126.000,157.000,0.000,150.000,107.000,0.133333,0.277778,-0.951347,76.320,86.277,106.128,4884.5
