video_name,frame_number,timestamp_ms,valid_deteccion,sphere_center_x,sphere_center_y,sphere_center_z,pupil_center_x,pupil_center_y,gaze_x,gaze_y,gaze_z,ellipse_width,ellipse_height,ellipse_angle,contour_area
Victor_experimento_1_intento_6.mp4,1,8.333,True,130.000,160.000,0.000,148.000,98.000,0.100000,0.344444,-0.933466,54.420,62.071,107.185,2411.0
Victor_experimento_1_intento_6.mp4,2,16.667,True,130.000,160.000,0.000,149.000,98.000,0.105556,0.344444,-0.932854,53.964,62.188,103.201,2420.0
Victor_experimento_1_intento_6.mp4,3,25.000,True,130.000,160.000,0.000,154.000,97.000,0.133333,0.350000,-0.927212,52.882,62.026,110.968,2385.5
Victor_experimento_1_intento_6.mp4,4,33.333,True,130.000,160.000,0.000,159.000,95.000,0.161111,0.361111,-0.918500,50.896,63.900,119.503,2358.5
Victor_experimento_1_intento_6.mp4,5,41.667,True,130.000,160.000,0.000,163.000,94.000,0.183333,0.366667,-0.912110,49.866,63.750,120.963,2317.5
Victor_experimento_1_intento_6.mp4,6,50.000,True,130.000,160.000,0.000,164.000,94.000,0.188889,0.366667,-0.910976,49.874,63.229,119.982,2312.0
Victor_experimento_1_intento_6.mp4,7,58.333,True,130.000,160.000,0.000,163.000,94.000,0.183333,0.366667,-0.912110,50.486,62.992,119.791,2347.5
Victor_experimento_1_intento_6.mp4,8,66.667,True,130.000,160.000,0.000,163.000,94.000,0.183333,0.366667,-0.912110,50.475,63.113,116.495,2334.5
Victor_experimento_1_intento_6.mp4,9,75.000,True,129.000,163.000,0.000,163.000,94.000,0.188889,0.383333,-0.904089,50.549,63.113,118.739,2344.5
Victor_experimento_1_intento_6.mp4,10,83.333,True,128.000,164.000,0.000,163.000,94.000,0.194444,0.388889,-0.900531,50.265,62.561,117.697,2356.5
Victor_experimento_1_intento_6.mp4,11,91.667,True,128.000,164.000,0.000,163.000,94.000,0.194444,0.388889,-0.900531,50.606,62.386,119.168,2322.0
Victor_experimento_1_intento_6.mp4,12,100.000,True,128.000,163.000,0.000,163.000,94.000,0.194444,0.383333,-0.902910,50.006,62.363,117.111,2325.0
Victor_experimento_1_intento_6.mp4,13,108.333,True,128.000,163.000,0.000,163.000,94.000,0.194444,0.383333,-0.902910,51.206,61.662,117.263,2339.0
Victor_experimento_1_intento_6.mp4,14,116.667,True,128.000,163.000,0.000,163.000,94.000,0.194444,0.383333,-0.902910,51.201,61.167,118.255,2330.5
Victor_experimento_1_intento_6.mp4,15,125.000,True,128.000,163.000,0.000,163.000,95.000,0.194444,0.377778,-0.905249,51.006,60.886,117.021,2322.5
Victor_experimento_1_intento_6.mp4,16,133.333,True,128.000,162.000,0.000,163.000,94.000,0.194444,0.377778,-0.905249,49.774,62.993,117.910,2304.0
Victor_experimento_1_intento_6.mp4,17,141.667,True,128.000,162.000,0.000,163.000,94.000,0.194444,0.377778,-0.905249,50.013,62.233,119.388,2319.0
Victor_experimento_1_intento_6.mp4,18,150.000,True,128.000,162.000,0.000,163.000,94.000,0.194444,0.377778,-0.905249,49.850,62.367,118.995,2307.5
Victor_experimento_1_intento_6.mp4,19,158.333,True,128.000,162.000,0.000,164.000,94.000,0.200000,0.377778,-0.904038,49.937,61.420,116.816,2323.0
Victor_experimento_1_intento_6.mp4,20,166.667,True,128.000,162.000,0.000,164.000,94.000,0.200000,0.377778,-0.904038,49.791,61.492,116.581,2291.5
Victor_experimento_1_intento_6.mp4,21,175.000,True,128.000,162.000,0.000,164.000,94.000,0.200000,0.377778,-0.904038,50.452,60.951,116.941,2299.0
Victor_experimento_1_intento_6.mp4,22,183.333,True,128.000,162.000,0.000,163.000,94.000,0.194444,0.377778,-0.905249,50.208,62.140,117.294,2306.0
Victor_experimento_1_intento_6.mp4,23,191.667,True,128.000,162.000,0.000,164.000,94.000,0.200000,0.377778,-0.904038,49.961,61.757,117.816,2305.0
Victor_experimento_1_intento_6.mp4,24,200.000,True,128.000,162.000,0.000,163.000,94.000,0.194444,0.377778,-0.905249,50.084,62.314,118.939,2319.5
Victor_experimento_1_intento_6.mp4,25,208.333,True,128.000,162.000,0.000,163.000,94.000,0.194444,0.377778,-0.905249,50.215,62.805,118.521,2311.5
Victor_experimento_1_intento_6.mp4,26,216.667,True,128.000,161.000,0.000,163.000,94.000,0.194444,0.372222,-0.907547,50.531,62.011,117.450,2304.0
Victor_experimento_1_intento_6.mp4,27,225.000,True,128.000,161.000,0.000,164.000,94.000,0.200000,0.372222,-0.906339,50.418,61.427,118.868,2315.0
Victor_experimento_1_intento_6.mp4,28,233.333,True,128.000,161.000,0.000,164.000,94.000,0.200000,0.372222,-0.906339,50.522,60.287,117.198,2312.0
Victor_experimento_1_intento_6.mp4,29,241.667,True,128.000,161.000,0.000,164.000,94.000,0.200000,0.372222,-0.906339,50.595,61.042,118.839,2325.5
Victor_experimento_1_intento_6.mp4,30,250.000,True,128.000,161.000,0.000,164.000,94.000,0.200000,0.372222,-0.906339,50.666,60.876,119.649,2318.0
Victor_experimento_1_intento_6.mp4,31,258.333,True,128.000,161.000,0.000,163.000,94.000,0.194444,0.372222,-0.907547,50.331,61.391,119.175,2316.0
Victor_experimento_1_intento_6.mp4,32,266.667,True,128.000,161.000,0.000,163.000,94.000,0.194444,0.372222,-0.907547,50.526,62.234,117.410,2339.5
Victor_experimento_1_intento_6.mp4,33,275.000,True,128.000,161.000,0.000,163.000,94.000,0.194444,0.372222,-0.907547,49.943,62.879,118.518,2324.5
Victor_experimento_1_intento_6.mp4,34,283.333,True,128.000,161.000,0.000,164.000,94.000,0.200000,0.372222,-0.906339,50.956,60.902,118.798,2334.0
Victor_experimento_1_intento_6.mp4,35,291.667,True,128.000,161.000,0.000,163.000,94.000,0.194444,0.372222,-0.907547,50.660,62.606,117.696,2344.5
Victor_experimento_1_intento_6.mp4,36,300.000,True,128.000,161.000,0.000,163.000,94.000,0.194444,0.372222,-0.907547,50.398,63.109,118.138,2357.0
Victor_experimento_1_intento_6.mp4,37,308.333,True,128.000,161.000,0.000,163.000,94.000,0.194444,0.372222,-0.907547,50.575,62.401,117.231,2342.0
Victor_experimento_1_intento_6.mp4,38,316.667,True,128.000,161.000,0.000,163.000,94.000,0.194444,0.372222,-0.907547,49.891,62.505,115.194,2334.5
Victor_experimento_1_intento_6.mp4,39,325.000,True,128.000,161.000,0.000,164.000,94.000,0.200000,0.372222,-0.906339,51.209,61.116,115.904,2363.0
Victor_experimento_1_intento_6.mp4,40,333.333,True,128.000,161.000,0.000,163.000,94.000,0.194444,0.372222,-0.907547,50.833,64.000,119.358,2395.0
Victor_experimento_1_intento_6.mp4,41,341.667,True,128.000,161.000,0.000,163.000,94.000,0.194444,0.372222,-0.907547,50.969,62.836,119.617,2365.0
Victor_experimento_1_intento_6.mp4,42,350.000,True,128.000,161.000,0.000,163.000,94.000,0.194444,0.372222,-0.907547,51.048,62.634,119.157,2398.5
Victor_experimento_1_intento_6.mp4,43,358.333,True,128.000,161.000,0.000,163.000,94.000,0.194444,0.372222,-0.907547,51.164,62.034,118.398,2383.5
Victor_experimento_1_intento_6.mp4,44,366.667,True,128.000,161.000,0.000,164.000,94.000,0.200000,0.372222,-0.906339,51.072,62.168,119.456,2395.0
Victor_experimento_1_intento_6.mp4,45,375.000,True,128.000,161.000,0.000,163.000,94.000,0.194444,0.372222,-0.907547,50.934,62.920,119.721,2378.0
Victor_experimento_1_intento_6.mp4,46,383.333,True,128.000,161.000,0.000,163.000,94.000,0.194444,0.372222,-0.907547,51.065,63.960,119.952,2408.5
Victor_experimento_1_intento_6.mp4,47,391.667,True,128.000,161.000,0.000,164.000,94.000,0.200000,0.372222,-0.906339,51.379,63.213,119.353,2388.5
Victor_experimento_1_intento_6.mp4,48,400.000,True,128.000,161.000,0.000,163.000,94.000,0.194444,0.372222,-0.907547,50.985,64.236,119.904,2408.5
Victor_experimento_1_intento_6.mp4,49,408.333,True,128.000,161.000,0.000,164.000,94.000,0.200000,0.372222,-0.906339,51.694,62.849,115.655,2414.0
Victor_experimento_1_intento_6.mp4,50,416.667,True,128.000,161.000,0.000,164.000,94.000,0.200000,0.372222,-0.906339,50.896,64.001,117.325,2428.5
Victor_experimento_1_intento_6.mp4,51,425.000,True,128.000,161.000,0.000,164.000,94.000,0.200000,0.372222,-0.906339,51.857,62.714,121.621,2417.0
Victor_experimento_1_intento_6.mp4,52,433.333,True,128.000,161.000,0.000,165.000,93.000,0.205556,0.377778,-0.902791,50.868,62.112,114.997,2381.5
Victor_experimento_1_intento_6.mp4,53,441.667,True,128.000,161.000,0.000,169.000,89.000,0.227778,0.400000,-0.887760,48.016,63.194,122.673,2249.5
Victor_experimento_1_intento_6.mp4,54,450.000,True,128.000,161.000,0.000,172.000,85.000,0.244444,0.422222,-0.872912,45.781,63.763,124.641,2139.5
Victor_experimento_1_intento_6.mp4,55,458.333,True,128.000,161.000,0.000,175.000,82.000,0.261111,0.438889,-0.859766,41.795,65.164,123.607,1975.5
Victor_experimento_1_intento_6.mp4,56,466.667,True,128.000,161.000,0.000,180.000,80.000,0.288889,0.450000,-0.845011,38.696,64.248,122.962,1823.5
Victor_experimento_1_intento_6.mp4,57,475.000,True,128.000,161.000,0.000,185.000,78.000,0.316667,0.461111,-0.828914,36.869,64.317,127.192,1701.5
Victor_experimento_1_intento_6.mp4,58,483.333,True,128.000,161.000,0.000,188.000,78.000,0.333333,0.461111,-0.822354,34.745,63.568,125.493,1593.0
Victor_experimento_1_intento_6.mp4,59,491.667,True,128.000,161.000,0.000,189.000,77.000,0.338889,0.466667,-0.816931,33.564,63.737,124.253,1555.0
Victor_experimento_1_intento_6.mp4,60,500.000,True,128.000,161.000,0.000,189.000,76.000,0.338889,0.472222,-0.813732,34.576,62.843,124.255,1594.0
Victor_experimento_1_intento_6.mp4,61,508.333,True,128.000,161.000,0.000,189.000,76.000,0.338889,0.472222,-0.813732,35.625,62.511,125.026,1585.0
Victor_experimento_1_intento_6.mp4,62,516.667,True,128.000,161.000,0.000,189.000,76.000,0.338889,0.472222,-0.813732,35.742,63.321,124.857,1605.0
Victor_experimento_1_intento_6.mp4,63,525.000,True,128.000,161.000,0.000,190.000,76.000,0.344444,0.472222,-0.811396,35.617,63.062,126.536,1590.0
Victor_experimento_1_intento_6.mp4,64,533.333,True,128.000,161.000,0.000,190.000,76.000,0.344444,0.472222,-0.811396,35.140,61.848,124.843,1573.5
Victor_experimento_1_intento_6.mp4,65,541.667,True,128.000,161.000,0.000,190.000,75.000,0.344444,0.477778,-0.808138,35.124,62.791,125.620,1585.5
Victor_experimento_1_intento_6.mp4,66,550.000,True,128.000,161.000,0.000,190.000,75.000,0.344444,0.477778,-0.808138,34.939,62.633,126.371,1565.5
Victor_experimento_1_intento_6.mp4,67,558.333,True,128.000,161.000,0.000,190.000,75.000,0.344444,0.477778,-0.808138,35.481,63.611,125.866,1619.0
Victor_experimento_1_intento_6.mp4,68,566.667,True,128.000,161.000,0.000,190.000,75.000,0.344444,0.477778,-0.808138,35.555,63.356,126.278,1621.0
Victor_experimento_1_intento_6.mp4,69,575.000,True,128.000,161.000,0.000,190.000,75.000,0.344444,0.477778,-0.808138,34.748,64.278,124.733,1625.0
Victor_experimento_1_intento_6.mp4,70,583.333,True,128.000,161.000,0.000,190.000,75.000,0.344444,0.477778,-0.808138,34.798,62.652,125.791,1585.0
Victor_experimento_1_intento_6.mp4,71,591.667,True,128.000,161.000,0.000,190.000,75.000,0.344444,0.477778,-0.808138,34.616,62.707,125.890,1587.0
Victor_experimento_1_intento_6.mp4,72,600.000,True,128.000,161.000,0.000,190.000,75.000,0.344444,0.477778,-0.808138,34.806,63.386,127.063,1572.0
Victor_experimento_1_intento_6.mp4,73,608.333,True,128.000,161.000,0.000,191.000,75.000,0.350000,0.477778,-0.805747,33.509,62.176,123.610,1536.5
Victor_experimento_1_intento_6.mp4,74,616.667,True,128.000,161.000,0.000,191.000,75.000,0.350000,0.477778,-0.805747,33.760,63.039,123.759,1541.0
Victor_experimento_1_intento_6.mp4,75,625.000,True,128.000,161.000,0.000,191.000,75.000,0.350000,0.477778,-0.805747,33.387,62.826,123.782,1532.5
Victor_experimento_1_intento_6.mp4,76,633.333,True,128.000,161.000,0.000,190.000,75.000,0.344444,0.477778,-0.808138,33.763,63.677,125.600,1520.5
Victor_experimento_1_intento_6.mp4,77,641.667,True,128.000,161.000,0.000,190.000,75.000,0.344444,0.477778,-0.808138,33.011,63.637,124.990,1513.0
Victor_experimento_1_intento_6.mp4,78,650.000,True,128.000,161.000,0.000,190.000,75.000,0.344444,0.477778,-0.808138,33.140,63.492,123.859,1522.0
Victor_experimento_1_intento_6.mp4,79,658.333,True,128.000,161.000,0.000,191.000,75.000,0.350000,0.477778,-0.805747,32.557,63.167,122.925,1482.5
Victor_experimento_1_intento_6.mp4,80,666.667,True,128.000,161.000,0.000,191.000,74.000,0.350000,0.483333,-0.802427,33.532,62.276,126.257,1505.5
Victor_experimento_1_intento_6.mp4,81,675.000,True,128.000,161.000,0.000,191.000,74.000,0.350000,0.483333,-0.802427,33.510,62.433,125.904,1508.5
Victor_experimento_1_intento_6.mp4,82,683.333,True,128.000,161.000,0.000,191.000,75.000,0.350000,0.477778,-0.805747,32.599,62.265,124.210,1492.5
Victor_experimento_1_intento_6.mp4,83,691.667,True,128.000,161.000,0.000,191.000,75.000,0.350000,0.477778,-0.805747,33.254,60.628,124.832,1476.0
Victor_experimento_1_intento_6.mp4,84,700.000,True,128.000,161.000,0.000,191.000,75.000,0.350000,0.477778,-0.805747,32.880,61.869,125.379,1467.0
Victor_experimento_1_intento_6.mp4,85,708.333,True,128.000,161.000,0.000,191.000,75.000,0.350000,0.477778,-0.805747,32.713,62.132,124.902,1457.5
Victor_experimento_1_intento_6.mp4,86,716.667,True,128.000,161.000,0.000,192.000,75.000,0.355556,0.477778,-0.803311,32.564,60.835,122.506,1458.5
Victor_experimento_1_intento_6.mp4,87,725.000,True,128.000,161.000,0.000,191.000,75.000,0.350000,0.477778,-0.805747,33.254,62.261,126.191,1475.5
Victor_experimento_1_intento_6.mp4,88,733.333,True,128.000,161.000,0.000,191.000,75.000,0.350000,0.477778,-0.805747,32.860,62.454,124.572,1462.5
Victor_experimento_1_intento_6.mp4,89,741.667,True,128.000,161.000,0.000,191.000,75.000,0.350000,0.477778,-0.805747,33.038,61.852,125.843,1462.0
Victor_experimento_1_intento_6.mp4,90,750.000,True,128.000,161.000,0.000,191.000,74.000,0.350000,0.483333,-0.802427,33.404,62.081,125.365,1475.0
Victor_experimento_1_intento_6.mp4,91,758.333,True,128.000,161.000,0.000,191.000,75.000,0.350000,0.477778,-0.805747,33.003,62.639,123.483,1511.0
Victor_experimento_1_intento_6.mp4,92,766.667,True,128.000,161.000,0.000,191.000,75.000,0.350000,0.477778,-0.805747,33.203,62.804,123.935,1504.5
Victor_experimento_1_intento_6.mp4,93,775.000,True,128.000,161.000,0.000,191.000,75.000,0.350000,0.477778,-0.805747,33.627,62.872,124.572,1517.0
Victor_experimento_1_intento_6.mp4,94,783.333,True,128.000,161.000,0.000,192.000,75.000,0.355556,0.477778,-0.803311,33.358,61.833,123.890,1514.5
Victor_experimento_1_intento_6.mp4,95,791.667,True,128.000,161.000,0.000,192.000,75.000,0.355556,0.477778,-0.803311,33.115,61.155,122.890,1527.0
Victor_experimento_1_intento_6.mp4,96,800.000,True,128.000,161.000,0.000,192.000,75.000,0.355556,0.477778,-0.803311,33.763,61.985,123.260,1533.5
Victor_experimento_1_intento_6.mp4,97,808.333,True,128.000,161.000,0.000,192.000,75.000,0.355556,0.477778,-0.803311,32.733,61.929,122.557,1481.0
Victor_experimento_1_intento_6.mp4,98,816.667,True,128.000,161.000,0.000,193.000,74.000,0.361111,0.483333,-0.797488,32.547,62.949,125.122,1454.0
Victor_experimento_1_intento_6.mp4,99,825.000,True,128.000,161.000,0.000,195.000,74.000,0.372222,0.483333,-0.792363,30.897,62.978,124.715,1398.5
Victor_experimento_1_intento_6.mp4,100,833.333,True,128.000,161.000,0.000,194.000,75.000,0.366667,0.477778,-0.798301,32.085,61.342,126.066,1423.0
Victor_experimento_1_intento_6.mp4,101,841.667,True,128.000,161.000,0.000,193.000,74.000,0.361111,0.483333,-0.797488,32.663,61.583,126.400,1453.5
Victor_experimento_1_intento_6.mp4,102,850.000,True,128.000,161.000,0.000,193.000,75.000,0.361111,0.477778,-0.800829,31.899,61.292,124.086,1427.0
Victor_experimento_1_intento_6.mp4,103,858.333,True,128.000,161.000,0.000,193.000,74.000,0.361111,0.483333,-0.797488,31.827,62.175,125.707,1415.0
Victor_experimento_1_intento_6.mp4,104,866.667,True,128.000,161.000,0.000,193.000,74.000,0.361111,0.483333,-0.797488,32.175,61.809,125.609,1423.0
Victor_experimento_1_intento_6.mp4,105,875.000,True,128.000,161.000,0.000,193.000,74.000,0.361111,0.483333,-0.797488,32.017,61.710,125.728,1401.5
Victor_experimento_1_intento_6.mp4,106,883.333,True,128.000,161.000,0.000,193.000,74.000,0.361111,0.483333,-0.797488,31.444,61.755,125.702,1423.0
Victor_experimento_1_intento_6.mp4,107,891.667,True,128.000,161.000,0.000,193.000,74.000,0.361111,0.483333,-0.797488,31.665,61.667,125.088,1413.0
Victor_experimento_1_intento_6.mp4,108,900.000,True,128.000,161.000,0.000,193.000,74.000,0.361111,0.483333,-0.797488,31.794,61.319,125.420,1406.5
Victor_experimento_1_intento_6.mp4,109,908.333,True,128.000,161.000,0.000,193.000,73.000,0.361111,0.488889,-0.794095,31.812,61.735,127.039,1392.0
Victor_experimento_1_intento_6.mp4,110,916.667,True,128.000,161.000,0.000,193.000,74.000,0.361111,0.483333,-0.797488,32.117,61.821,125.032,1413.0
Victor_experimento_1_intento_6.mp4,111,925.000,True,128.000,161.000,0.000,193.000,73.000,0.361111,0.488889,-0.794095,31.823,62.031,126.850,1388.5
Victor_experimento_1_intento_6.mp4,112,933.333,True,128.000,161.000,0.000,193.000,74.000,0.361111,0.483333,-0.797488,31.491,62.265,125.594,1398.5
Victor_experimento_1_intento_6.mp4,113,941.667,True,128.000,161.000,0.000,193.000,74.000,0.361111,0.483333,-0.797488,31.114,61.433,124.539,1382.5
Victor_experimento_1_intento_6.mp4,114,950.000,True,128.000,161.000,0.000,193.000,74.000,0.361111,0.483333,-0.797488,31.233,60.455,123.789,1372.5
Victor_experimento_1_intento_6.mp4,115,958.333,True,128.000,161.000,0.000,193.000,74.000,0.361111,0.483333,-0.797488,31.150,60.500,124.054,1381.5
Victor_experimento_1_intento_6.mp4,116,966.667,True,128.000,161.000,0.000,193.000,74.000,0.361111,0.483333,-0.797488,31.459,60.805,125.648,1376.5
Victor_experimento_1_intento_6.mp4,117,975.000,True,128.000,161.000,0.000,193.000,74.000,0.361111,0.483333,-0.797488,31.622,60.661,125.484,1383.0
Victor_experimento_1_intento_6.mp4,118,983.333,True,128.000,161.000,0.000,193.000,74.000,0.361111,0.483333,-0.797488,31.387,59.033,124.494,1345.5
Victor_experimento_1_intento_6.mp4,119,991.667,True,128.000,161.000,0.000,194.000,74.000,0.366667,0.483333,-0.794949,31.297,58.736,126.661,1337.5
Victor_experimento_1_intento_6.mp4,120,1000.000,True,128.000,161.000,0.000,194.000,74.000,0.366667,0.483333,-0.794949,31.224,59.096,126.533,1337.5
Victor_experimento_1_intento_6.mp4,121,1008.333,True,128.000,161.000,0.000,193.000,74.000,0.361111,0.483333,-0.797488,30.483,60.552,124.761,1343.5
Victor_experimento_1_intento_6.mp4,122,1016.667,True,128.000,161.000,0.000,193.000,74.000,0.361111,0.483333,-0.797488,30.147,60.769,124.974,1332.0
Victor_experimento_1_intento_6.mp4,123,1025.000,True,128.000,161.000,0.000,193.000,74.000,0.361111,0.483333,-0.797488,30.491,59.982,124.595,1318.5
Victor_experimento_1_intento_6.mp4,124,1033.333,True,128.000,161.000,0.000,193.000,74.000,0.361111,0.483333,-0.797488,30.107,58.884,122.838,1312.0
Victor_experimento_1_intento_6.mp4,125,1041.667,True,128.000,161.000,0.000,193.000,74.000,0.361111,0.483333,-0.797488,30.303,59.876,124.857,1325.0
Victor_experimento_1_intento_6.mp4,126,1050.000,True,128.000,161.000,0.000,193.000,74.000,0.361111,0.483333,-0.797488,30.222,59.593,124.622,1322.5
Victor_experimento_1_intento_6.mp4,127,1058.333,True,128.000,161.000,0.000,193.000,74.000,0.361111,0.483333,-0.797488,30.234,60.008,123.837,1328.0
Victor_experimento_1_intento_6.mp4,128,1066.667,True,128.000,161.000,0.000,193.000,74.000,0.361111,0.483333,-0.797488,30.647,59.092,125.511,1315.5
Victor_experimento_1_intento_6.mp4,129,1075.000,True,128.000,161.000,0.000,193.000,74.000,0.361111,0.483333,-0.797488,30.379,59.496,124.105,1306.5
Victor_experimento_1_intento_6.mp4,130,1083.333,True,128.000,161.000,0.000,193.000,74.000,0.361111,0.483333,-0.797488,30.473,59.556,124.632,1315.0
Victor_experimento_1_intento_6.mp4,131,1091.667,True,128.000,160.000,0.000,194.000,74.000,0.366667,0.477778,-0.798301,30.483,58.475,124.693,1306.5
Victor_experimento_1_intento_6.mp4,132,1100.000,True,128.000,160.000,0.000,193.000,74.000,0.361111,0.477778,-0.800829,29.829,59.226,123.828,1290.0
Victor_experimento_1_intento_6.mp4,133,1108.333,True,128.000,160.000,0.000,193.000,74.000,0.361111,0.477778,-0.800829,30.833,59.243,125.779,1314.0
Victor_experimento_1_intento_6.mp4,134,1116.667,True,128.000,160.000,0.000,193.000,74.000,0.361111,0.477778,-0.800829,30.769,58.135,125.085,1302.5
Victor_experimento_1_intento_6.mp4,135,1125.000,True,128.000,160.000,0.000,193.000,74.000,0.361111,0.477778,-0.800829,30.041,59.022,123.530,1286.5
Victor_experimento_1_intento_6.mp4,136,1133.333,True,128.000,160.000,0.000,193.000,74.000,0.361111,0.477778,-0.800829,29.771,58.528,125.057,1279.0
Victor_experimento_1_intento_6.mp4,137,1141.667,True,128.000,160.000,0.000,193.000,74.000,0.361111,0.477778,-0.800829,30.654,58.198,124.525,1297.0
Victor_experimento_1_intento_6.mp4,138,1150.000,True,128.000,160.000,0.000,193.000,74.000,0.361111,0.477778,-0.800829,30.689,58.132,125.913,1279.5
Victor_experimento_1_intento_6.mp4,139,1158.333,True,128.000,160.000,0.000,193.000,74.000,0.361111,0.477778,-0.800829,30.779,57.769,126.760,1264.5
Victor_experimento_1_intento_6.mp4,140,1166.667,True,128.000,160.000,0.000,193.000,74.000,0.361111,0.477778,-0.800829,30.493,58.753,125.394,1274.5
Victor_experimento_1_intento_6.mp4,141,1175.000,True,128.000,160.000,0.000,194.000,74.000,0.366667,0.477778,-0.798301,30.769,57.331,126.340,1262.5
Victor_experimento_1_intento_6.mp4,142,1183.333,True,128.000,160.000,0.000,194.000,74.000,0.366667,0.477778,-0.798301,30.379,58.163,125.406,1272.0
Victor_experimento_1_intento_6.mp4,143,1191.667,True,128.000,160.000,0.000,193.000,74.000,0.361111,0.477778,-0.800829,30.303,58.854,125.989,1279.5
Victor_experimento_1_intento_6.mp4,144,1200.000,True,128.000,160.000,0.000,193.000,74.000,0.361111,0.477778,-0.800829,30.237,58.649,124.255,1283.5
Victor_experimento_1_intento_6.mp4,145,1208.333,True,128.000,160.000,0.000,194.000,75.000,0.366667,0.472222,-0.801599,30.146,56.453,123.746,1264.0
Victor_experimento_1_intento_6.mp4,146,1216.667,True,128.000,160.000,0.000,194.000,74.000,0.366667,0.477778,-0.798301,31.157,57.046,127.580,1273.5
Victor_experimento_1_intento_6.mp4,147,1225.000,True,128.000,160.000,0.000,193.000,74.000,0.361111,0.477778,-0.800829,29.954,57.541,120.943,1252.5
Victor_experimento_1_intento_6.mp4,148,1233.333,True,128.000,160.000,0.000,194.000,74.000,0.366667,0.477778,-0.798301,30.058,57.692,124.548,1259.5
Victor_experimento_1_intento_6.mp4,149,1241.667,True,128.000,160.000,0.000,194.000,75.000,0.366667,0.472222,-0.801599,29.608,58.298,125.774,1245.5
Victor_experimento_1_intento_6.mp4,150,1250.000,True,128.000,160.000,0.000,193.000,74.000,0.361111,0.477778,-0.800829,30.372,59.441,126.369,1262.0
Victor_experimento_1_intento_6.mp4,151,1258.333,True,128.000,160.000,0.000,193.000,74.000,0.361111,0.477778,-0.800829,30.115,58.025,126.554,1269.5
Victor_experimento_1_intento_6.mp4,152,1266.667,True,128.000,160.000,0.000,194.000,74.000,0.366667,0.477778,-0.798301,30.394,58.122,126.221,1275.5
Victor_experimento_1_intento_6.mp4,153,1275.000,True,128.000,160.000,0.000,194.000,74.000,0.366667,0.477778,-0.798301,30.390,56.659,125.874,1254.5
Victor_experimento_1_intento_6.mp4,154,1283.333,True,128.000,160.000,0.000,194.000,74.000,0.366667,0.477778,-0.798301,30.052,57.132,125.037,1266.5
Victor_experimento_1_intento_6.mp4,155,1291.667,True,128.000,160.000,0.000,194.000,74.000,0.366667,0.477778,-0.798301,29.938,56.721,125.262,1260.5
Victor_experimento_1_intento_6.mp4,156,1300.000,True,128.000,160.000,0.000,193.000,74.000,0.361111,0.477778,-0.800829,30.486,58.033,126.868,1258.0
Victor_experimento_1_intento_6.mp4,157,1308.333,True,128.000,160.000,0.000,194.000,74.000,0.366667,0.477778,-0.798301,29.923,57.731,125.715,1251.0
Victor_experimento_1_intento_6.mp4,158,1316.667,True,128.000,160.000,0.000,193.000,74.000,0.361111,0.477778,-0.800829,29.647,57.493,126.735,1241.0
Victor_experimento_1_intento_6.mp4,159,1325.000,True,128.000,160.000,0.000,193.000,74.000,0.361111,0.477778,-0.800829,29.410,57.451,123.240,1243.0
Victor_experimento_1_intento_6.mp4,160,1333.333,True,128.000,160.000,0.000,193.000,73.000,0.361111,0.483333,-0.797488,29.495,57.545,124.472,1235.0
Victor_experimento_1_intento_6.mp4,161,1341.667,True,128.000,160.000,0.000,193.000,74.000,0.361111,0.477778,-0.800829,30.066,57.005,126.252,1241.5
Victor_experimento_1_intento_6.mp4,162,1350.000,True,128.000,160.000,0.000,190.000,74.000,0.344444,0.477778,-0.808138,30.976,57.535,123.215,1280.0
Victor_experimento_1_intento_6.mp4,163,1358.333,True,128.000,160.000,0.000,191.000,73.000,0.350000,0.483333,-0.802427,30.416,58.625,123.343,1261.0
Victor_experimento_1_intento_6.mp4,164,1366.667,True,128.000,160.000,0.000,192.000,74.000,0.355556,0.477778,-0.803311,29.648,58.236,125.107,1251.5
Victor_experimento_1_intento_6.mp4,165,1375.000,True,128.000,160.000,0.000,192.000,74.000,0.355556,0.477778,-0.803311,29.941,58.003,125.707,1255.5
Victor_experimento_1_intento_6.mp4,166,1383.333,True,128.000,160.000,0.000,192.000,74.000,0.355556,0.477778,-0.803311,29.666,58.114,123.084,1251.0
Victor_experimento_1_intento_6.mp4,167,1391.667,True,128.000,160.000,0.000,192.000,74.000,0.355556,0.477778,-0.803311,30.161,57.613,124.751,1258.0
Victor_experimento_1_intento_6.mp4,168,1400.000,True,128.000,160.000,0.000,192.000,74.000,0.355556,0.477778,-0.803311,29.721,57.967,123.373,1251.0
Victor_experimento_1_intento_6.mp4,169,1408.333,True,128.000,160.000,0.000,192.000,74.000,0.355556,0.477778,-0.803311,29.934,57.258,127.067,1235.0
Victor_experimento_1_intento_6.mp4,170,1416.667,True,128.000,160.000,0.000,192.000,74.000,0.355556,0.477778,-0.803311,30.231,57.398,125.357,1252.0
Victor_experimento_1_intento_6.mp4,171,1425.000,True,128.000,160.000,0.000,192.000,74.000,0.355556,0.477778,-0.803311,30.442,57.228,125.434,1248.5
Victor_experimento_1_intento_6.mp4,172,1433.333,True,128.000,160.000,0.000,192.000,74.000,0.355556,0.477778,-0.803311,30.087,56.861,123.190,1251.5
Victor_experimento_1_intento_6.mp4,173,1441.667,True,128.000,160.000,0.000,192.000,74.000,0.355556,0.477778,-0.803311,29.491,57.699,124.166,1237.0
Victor_experimento_1_intento_6.mp4,174,1450.000,True,128.000,160.000,0.000,192.000,74.000,0.355556,0.477778,-0.803311,29.615,57.252,123.645,1256.5
Victor_experimento_1_intento_6.mp4,175,1458.333,True,128.000,160.000,0.000,192.000,73.000,0.355556,0.483333,-0.799981,30.266,56.654,126.772,1247.5
Victor_experimento_1_intento_6.mp4,176,1466.667,True,128.000,160.000,0.000,192.000,74.000,0.355556,0.477778,-0.803311,30.186,57.106,124.982,1260.5
Victor_experimento_1_intento_6.mp4,177,1475.000,True,128.000,160.000,0.000,192.000,73.000,0.355556,0.483333,-0.799981,30.716,57.059,126.187,1263.0
Victor_experimento_1_intento_6.mp4,178,1483.333,True,128.000,160.000,0.000,192.000,73.000,0.355556,0.483333,-0.799981,30.845,56.987,127.347,1240.0
Victor_experimento_1_intento_6.mp4,179,1491.667,True,128.000,160.000,0.000,192.000,74.000,0.355556,0.477778,-0.803311,29.704,57.093,124.795,1229.0
Victor_experimento_1_intento_6.mp4,180,1500.000,True,128.000,160.000,0.000,192.000,73.000,0.355556,0.483333,-0.799981,29.993,57.157,125.795,1240.5
Victor_experimento_1_intento_6.mp4,181,1508.333,True,128.000,160.000,0.000,192.000,74.000,0.355556,0.477778,-0.803311,29.492,57.045,125.042,1234.0
Victor_experimento_1_intento_6.mp4,182,1516.667,True,128.000,160.000,0.000,192.000,73.000,0.355556,0.483333,-0.799981,29.678,58.146,125.171,1241.0
Victor_experimento_1_intento_6.mp4,183,1525.000,True,128.000,160.000,0.000,192.000,74.000,0.355556,0.477778,-0.803311,29.975,58.460,125.428,1255.5
Victor_experimento_1_intento_6.mp4,184,1533.333,True,128.000,160.000,0.000,192.000,73.000,0.355556,0.483333,-0.799981,30.408,58.062,125.531,1267.0
Victor_experimento_1_intento_6.mp4,185,1541.667,True,128.000,160.000,0.000,192.000,73.000,0.355556,0.483333,-0.799981,30.003,57.879,125.713,1265.0
Victor_experimento_1_intento_6.mp4,186,1550.000,True,128.000,160.000,0.000,192.000,74.000,0.355556,0.477778,-0.803311,30.039,57.476,126.314,1261.5
Victor_experimento_1_intento_6.mp4,187,1558.333,True,128.000,160.000,0.000,192.000,73.000,0.355556,0.483333,-0.799981,29.912,57.550,125.506,1242.5
Victor_experimento_1_intento_6.mp4,188,1566.667,True,128.000,160.000,0.000,193.000,74.000,0.361111,0.477778,-0.800829,30.030,57.223,124.715,1253.0
Victor_experimento_1_intento_6.mp4,189,1575.000,True,128.000,160.000,0.000,192.000,74.000,0.355556,0.477778,-0.803311,29.398,57.459,124.755,1235.0
Victor_experimento_1_intento_6.mp4,190,1583.333,True,128.000,160.000,0.000,192.000,74.000,0.355556,0.477778,-0.803311,29.439,57.595,125.568,1227.0
Victor_experimento_1_intento_6.mp4,191,1591.667,True,128.000,160.000,0.000,192.000,73.000,0.355556,0.483333,-0.799981,29.565,57.298,125.244,1238.5
Victor_experimento_1_intento_6.mp4,192,1600.000,True,128.000,160.000,0.000,192.000,73.000,0.355556,0.483333,-0.799981,30.311,58.115,124.731,1256.0
Victor_experimento_1_intento_6.mp4,193,1608.333,True,128.000,160.000,0.000,192.000,73.000,0.355556,0.483333,-0.799981,30.582,58.001,124.689,1243.0
Victor_experimento_1_intento_6.mp4,194,1616.667,True,128.000,160.000,0.000,193.000,74.000,0.361111,0.477778,-0.800829,30.631,56.855,125.126,1270.5
Victor_experimento_1_intento_6.mp4,195,1625.000,True,128.000,160.000,0.000,192.000,74.000,0.355556,0.477778,-0.803311,30.396,57.553,125.291,1274.5
Victor_experimento_1_intento_6.mp4,196,1633.333,True,128.000,160.000,0.000,192.000,74.000,0.355556,0.477778,-0.803311,29.958,58.489,123.859,1285.5
Victor_experimento_1_intento_6.mp4,197,1641.667,True,128.000,160.000,0.000,192.000,74.000,0.355556,0.477778,-0.803311,30.533,57.987,124.629,1269.0
Victor_experimento_1_intento_6.mp4,198,1650.000,True,128.000,160.000,0.000,192.000,73.000,0.355556,0.483333,-0.799981,30.477,58.121,125.110,1272.0
Victor_experimento_1_intento_6.mp4,199,1658.333,True,128.000,160.000,0.000,192.000,74.000,0.355556,0.477778,-0.803311,31.074,58.883,125.987,1305.5
Victor_experimento_1_intento_6.mp4,200,1666.667,True,128.000,160.000,0.000,192.000,74.000,0.355556,0.477778,-0.803311,30.576,58.883,126.783,1283.5
Victor_experimento_1_intento_6.mp4,201,1675.000,True,128.000,160.000,0.000,192.000,73.000,0.355556,0.483333,-0.799981,30.862,58.418,126.500,1284.5
Victor_experimento_1_intento_6.mp4,202,1683.333,True,128.000,160.000,0.000,192.000,74.000,0.355556,0.477778,-0.803311,30.982,58.698,125.223,1306.0
Victor_experimento_1_intento_6.mp4,203,1691.667,True,128.000,160.000,0.000,192.000,74.000,0.355556,0.477778,-0.803311,30.774,58.476,125.156,1296.0
Victor_experimento_1_intento_6.mp4,204,1700.000,True,128.000,160.000,0.000,192.000,74.000,0.355556,0.477778,-0.803311,30.915,58.440,124.343,1311.0
Victor_experimento_1_intento_6.mp4,205,1708.333,True,128.000,160.000,0.000,192.000,74.000,0.355556,0.477778,-0.803311,30.736,58.159,125.151,1294.0
Victor_experimento_1_intento_6.mp4,206,1716.667,True,128.000,160.000,0.000,192.000,74.000,0.355556,0.477778,-0.803311,30.555,57.182,122.416,1295.5
Victor_experimento_1_intento_6.mp4,207,1725.000,True,128.000,160.000,0.000,193.000,74.000,0.361111,0.477778,-0.800829,30.397,56.632,123.803,1284.0
Victor_experimento_1_intento_6.mp4,208,1733.333,True,128.000,160.000,0.000,192.000,74.000,0.355556,0.477778,-0.803311,30.753,58.138,123.573,1308.0
Victor_experimento_1_intento_6.mp4,209,1741.667,True,128.000,160.000,0.000,192.000,74.000,0.355556,0.477778,-0.803311,30.669,57.013,125.177,1300.0
Victor_experimento_1_intento_6.mp4,210,1750.000,True,128.000,160.000,0.000,192.000,74.000,0.355556,0.477778,-0.803311,31.002,58.894,125.888,1332.0
Victor_experimento_1_intento_6.mp4,211,1758.333,True,128.000,160.000,0.000,192.000,74.000,0.355556,0.477778,-0.803311,31.303,58.321,126.988,1317.0
Victor_experimento_1_intento_6.mp4,212,1766.667,True,128.000,160.000,0.000,191.000,74.000,0.350000,0.477778,-0.805747,30.986,59.082,125.436,1328.0
Victor_experimento_1_intento_6.mp4,213,1775.000,True,128.000,160.000,0.000,192.000,74.000,0.355556,0.477778,-0.803311,30.874,58.864,124.909,1328.0
Victor_experimento_1_intento_6.mp4,214,1783.333,True,128.000,160.000,0.000,192.000,74.000,0.355556,0.477778,-0.803311,30.622,59.137,124.399,1326.0
Victor_experimento_1_intento_6.mp4,215,1791.667,True,128.000,160.000,0.000,192.000,74.000,0.355556,0.477778,-0.803311,31.239,58.908,125.367,1329.5
Victor_experimento_1_intento_6.mp4,216,1800.000,True,128.000,160.000,0.000,192.000,74.000,0.355556,0.477778,-0.803311,31.475,58.173,126.026,1332.0
Victor_experimento_1_intento_6.mp4,217,1808.333,True,128.000,160.000,0.000,192.000,74.000,0.355556,0.477778,-0.803311,31.580,59.042,124.475,1333.0
Victor_experimento_1_intento_6.mp4,218,1816.667,True,128.000,160.000,0.000,192.000,74.000,0.355556,0.477778,-0.803311,31.727,58.865,125.580,1336.5
Victor_experimento_1_intento_6.mp4,219,1825.000,True,128.000,160.000,0.000,191.000,74.000,0.350000,0.477778,-0.805747,31.025,60.061,123.708,1326.0
Victor_experimento_1_intento_6.mp4,220,1833.333,True,128.000,160.000,0.000,191.000,74.000,0.350000,0.477778,-0.805747,31.205,59.660,126.424,1334.5
Victor_experimento_1_intento_6.mp4,221,1841.667,True,128.000,160.000,0.000,192.000,74.000,0.355556,0.477778,-0.803311,31.546,60.107,124.758,1312.5
Victor_experimento_1_intento_6.mp4,222,1850.000,True,128.000,160.000,0.000,192.000,75.000,0.355556,0.472222,-0.806589,30.862,58.358,124.155,1331.5
Victor_experimento_1_intento_6.mp4,223,1858.333,True,128.000,160.000,0.000,192.000,74.000,0.355556,0.477778,-0.803311,31.480,58.637,125.853,1325.0
Victor_experimento_1_intento_6.mp4,224,1866.667,True,128.000,160.000,0.000,191.000,74.000,0.350000,0.477778,-0.805747,31.373,59.811,122.741,1336.0
Victor_experimento_1_intento_6.mp4,225,1875.000,True,128.000,160.000,0.000,191.000,74.000,0.350000,0.477778,-0.805747,30.761,59.966,122.287,1330.5
Victor_experimento_1_intento_6.mp4,226,1883.333,True,128.000,160.000,0.000,191.000,74.000,0.350000,0.477778,-0.805747,30.519,60.495,122.986,1332.0
Victor_experimento_1_intento_6.mp4,227,1891.667,True,128.000,160.000,0.000,191.000,74.000,0.350000,0.477778,-0.805747,30.528,60.315,123.201,1322.0
Victor_experimento_1_intento_6.mp4,228,1900.000,True,128.000,160.000,0.000,192.000,74.000,0.355556,0.477778,-0.803311,30.570,58.954,122.244,1330.0
Victor_experimento_1_intento_6.mp4,229,1908.333,True,128.000,160.000,0.000,192.000,74.000,0.355556,0.477778,-0.803311,31.280,58.275,123.530,1325.5
Victor_experimento_1_intento_6.mp4,230,1916.667,True,128.000,160.000,0.000,192.000,74.000,0.355556,0.477778,-0.803311,31.217,58.975,125.024,1334.5
Victor_experimento_1_intento_6.mp4,231,1925.000,True,128.000,160.000,0.000,192.000,74.000,0.355556,0.477778,-0.803311,31.145,58.765,124.958,1338.5
Victor_experimento_1_intento_6.mp4,232,1933.333,True,128.000,160.000,0.000,192.000,74.000,0.355556,0.477778,-0.803311,31.296,58.816,124.137,1338.0
Victor_experimento_1_intento_6.mp4,233,1941.667,True,128.000,160.000,0.000,192.000,74.000,0.355556,0.477778,-0.803311,31.701,58.315,126.463,1346.5
Victor_experimento_1_intento_6.mp4,234,1950.000,True,128.000,160.000,0.000,192.000,74.000,0.355556,0.477778,-0.803311,31.576,58.452,125.426,1345.0
Victor_experimento_1_intento_6.mp4,235,1958.333,True,128.000,160.000,0.000,191.000,74.000,0.350000,0.477778,-0.805747,31.494,60.247,125.294,1340.5
Victor_experimento_1_intento_6.mp4,236,1966.667,True,128.000,160.000,0.000,191.000,74.000,0.350000,0.477778,-0.805747,30.907,59.495,124.319,1334.5
Victor_experimento_1_intento_6.mp4,237,1975.000,True,128.000,160.000,0.000,192.000,74.000,0.355556,0.477778,-0.803311,30.735,59.110,123.893,1315.5
Victor_experimento_1_intento_6.mp4,238,1983.333,True,128.000,160.000,0.000,192.000,74.000,0.355556,0.477778,-0.803311,31.024,59.252,124.239,1328.5
Victor_experimento_1_intento_6.mp4,239,1991.667,True,128.000,160.000,0.000,192.000,74.000,0.355556,0.477778,-0.803311,30.660,59.295,124.360,1323.5
Victor_experimento_1_intento_6.mp4,240,2000.000,True,128.000,160.000,0.000,192.000,74.000,0.355556,0.477778,-0.803311,30.403,59.275,123.676,1323.0
Victor_experimento_1_intento_6.mp4,241,2008.333,True,128.000,160.000,0.000,192.000,74.000,0.355556,0.477778,-0.803311,31.390,58.558,124.515,1329.0
Victor_experimento_1_intento_6.mp4,242,2016.667,True,128.000,160.000,0.000,192.000,74.000,0.355556,0.477778,-0.803311,31.818,58.853,125.881,1342.5
Victor_experimento_1_intento_6.mp4,243,2025.000,True,128.000,160.000,0.000,192.000,74.000,0.355556,0.477778,-0.803311,31.509,59.019,126.362,1336.0
Victor_experimento_1_intento_6.mp4,244,2033.333,True,128.000,160.000,0.000,192.000,74.000,0.355556,0.477778,-0.803311,31.605,59.032,125.617,1331.5
Victor_experimento_1_intento_6.mp4,245,2041.667,True,128.000,160.000,0.000,192.000,74.000,0.355556,0.477778,-0.803311,31.670,59.241,126.074,1345.5
Victor_experimento_1_intento_6.mp4,246,2050.000,True,128.000,160.000,0.000,191.000,74.000,0.350000,0.477778,-0.805747,31.136,59.333,124.790,1329.5
Victor_experimento_1_intento_6.mp4,247,2058.333,True,128.000,160.000,0.000,191.000,74.000,0.350000,0.477778,-0.805747,31.224,59.576,125.880,1344.5
Victor_experimento_1_intento_6.mp4,248,2066.667,True,128.000,160.000,0.000,191.000,74.000,0.350000,0.477778,-0.805747,31.229,58.900,125.919,1321.0
Victor_experimento_1_intento_6.mp4,249,2075.000,True,128.000,160.000,0.000,191.000,74.000,0.350000,0.477778,-0.805747,30.852,58.745,125.101,1297.0
Victor_experimento_1_intento_6.mp4,250,2083.333,True,128.000,160.000,0.000,191.000,74.000,0.350000,0.477778,-0.805747,31.234,59.098,124.194,1321.0
Victor_experimento_1_intento_6.mp4,251,2091.667,True,128.000,160.000,0.000,192.000,74.000,0.355556,0.477778,-0.803311,30.961,58.971,125.093,1319.0
Victor_experimento_1_intento_6.mp4,252,2100.000,True,128.000,160.000,0.000,192.000,74.000,0.355556,0.477778,-0.803311,31.352,58.551,124.808,1329.5
Victor_experimento_1_intento_6.mp4,253,2108.333,True,128.000,160.000,0.000,191.000,74.000,0.350000,0.477778,-0.805747,32.055,59.045,127.345,1314.5
Victor_experimento_1_intento_6.mp4,254,2116.667,True,128.000,160.000,0.000,191.000,74.000,0.350000,0.477778,-0.805747,31.755,59.591,125.137,1326.5
Victor_experimento_1_intento_6.mp4,255,2125.000,True,128.000,160.000,0.000,191.000,74.000,0.350000,0.477778,-0.805747,31.238,59.269,125.420,1347.0
Victor_experimento_1_intento_6.mp4,256,2133.333,True,128.000,160.000,0.000,192.000,74.000,0.355556,0.477778,-0.803311,31.029,59.263,125.189,1339.0
Victor_experimento_1_intento_6.mp4,257,2141.667,True,128.000,160.000,0.000,192.000,74.000,0.355556,0.477778,-0.803311,31.297,58.974,125.641,1343.0
Victor_experimento_1_intento_6.mp4,258,2150.000,True,128.000,160.000,0.000,191.000,74.000,0.350000,0.477778,-0.805747,31.640,60.127,123.096,1347.5
Victor_experimento_1_intento_6.mp4,259,2158.333,True,128.000,160.000,0.000,191.000,74.000,0.350000,0.477778,-0.805747,31.517,60.118,123.821,1342.5
Victor_experimento_1_intento_6.mp4,260,2166.667,True,128.000,160.000,0.000,192.000,74.000,0.355556,0.477778,-0.803311,31.719,59.007,126.125,1346.0
Victor_experimento_1_intento_6.mp4,261,2175.000,True,128.000,160.000,0.000,192.000,74.000,0.355556,0.477778,-0.803311,31.699,58.666,125.747,1344.0
Victor_experimento_1_intento_6.mp4,262,2183.333,True,128.000,160.000,0.000,192.000,74.000,0.355556,0.477778,-0.803311,31.849,58.850,125.315,1352.5
Victor_experimento_1_intento_6.mp4,263,2191.667,True,128.000,160.000,0.000,191.000,74.000,0.350000,0.477778,-0.805747,31.714,59.464,125.179,1347.5
Victor_experimento_1_intento_6.mp4,264,2200.000,True,128.000,160.000,0.000,191.000,74.000,0.350000,0.477778,-0.805747,31.866,59.087,125.777,1357.0
Victor_experimento_1_intento_6.mp4,265,2208.333,True,128.000,160.000,0.000,192.000,75.000,0.355556,0.472222,-0.806589,31.801,58.712,123.507,1356.5
Victor_experimento_1_intento_6.mp4,266,2216.667,True,128.000,160.000,0.000,191.000,74.000,0.350000,0.477778,-0.805747,31.535,60.011,123.697,1374.0
Victor_experimento_1_intento_6.mp4,267,2225.000,True,128.000,160.000,0.000,192.000,75.000,0.355556,0.472222,-0.806589,31.129,57.650,122.721,1353.0
Victor_experimento_1_intento_6.mp4,268,2233.333,True,128.000,160.000,0.000,191.000,74.000,0.350000,0.477778,-0.805747,31.057,60.199,124.996,1378.0
Victor_experimento_1_intento_6.mp4,269,2241.667,True,128.000,160.000,0.000,191.000,74.000,0.350000,0.477778,-0.805747,31.705,59.357,124.813,1357.5
Victor_experimento_1_intento_6.mp4,270,2250.000,True,128.000,160.000,0.000,191.000,74.000,0.350000,0.477778,-0.805747,32.120,59.617,124.832,1374.0
Victor_experimento_1_intento_6.mp4,271,2258.333,True,128.000,160.000,0.000,191.000,74.000,0.350000,0.477778,-0.805747,31.552,58.852,124.181,1365.0
Victor_experimento_1_intento_6.mp4,272,2266.667,True,128.000,160.000,0.000,191.000,74.000,0.350000,0.477778,-0.805747,32.472,60.124,124.680,1401.0
Victor_experimento_1_intento_6.mp4,273,2275.000,True,128.000,160.000,0.000,191.000,74.000,0.350000,0.477778,-0.805747,32.205,59.929,127.434,1393.5
Victor_experimento_1_intento_6.mp4,274,2283.333,True,128.000,160.000,0.000,191.000,74.000,0.350000,0.477778,-0.805747,32.368,59.075,124.224,1394.0
Victor_experimento_1_intento_6.mp4,275,2291.667,True,128.000,160.000,0.000,191.000,74.000,0.350000,0.477778,-0.805747,32.034,59.609,124.526,1391.5
Victor_experimento_1_intento_6.mp4,276,2300.000,True,128.000,160.000,0.000,191.000,74.000,0.350000,0.477778,-0.805747,31.859,60.738,125.317,1387.5
Victor_experimento_1_intento_6.mp4,277,2308.333,True,128.000,160.000,0.000,191.000,74.000,0.350000,0.477778,-0.805747,32.071,61.218,123.681,1407.0
Victor_experimento_1_intento_6.mp4,278,2316.667,True,128.000,160.000,0.000,191.000,74.000,0.350000,0.477778,-0.805747,31.773,61.686,124.031,1396.5
Victor_experimento_1_intento_6.mp4,279,2325.000,True,128.000,160.000,0.000,191.000,74.000,0.350000,0.477778,-0.805747,32.013,60.719,124.378,1395.0
Victor_experimento_1_intento_6.mp4,280,2333.333,True,128.000,160.000,0.000,190.000,74.000,0.344444,0.477778,-0.808138,31.848,60.571,124.130,1403.0
Victor_experimento_1_intento_6.mp4,281,2341.667,True,128.000,160.000,0.000,191.000,74.000,0.350000,0.477778,-0.805747,31.589,60.350,124.731,1389.0
Victor_experimento_1_intento_6.mp4,282,2350.000,True,128.000,160.000,0.000,191.000,74.000,0.350000,0.477778,-0.805747,32.265,60.607,125.281,1408.5
Victor_experimento_1_intento_6.mp4,283,2358.333,True,128.000,160.000,0.000,191.000,74.000,0.350000,0.477778,-0.805747,31.702,60.591,125.210,1383.5
Victor_experimento_1_intento_6.mp4,284,2366.667,True,128.000,160.000,0.000,191.000,74.000,0.350000,0.477778,-0.805747,32.512,60.756,125.436,1397.5
Victor_experimento_1_intento_6.mp4,285,2375.000,True,128.000,160.000,0.000,191.000,74.000,0.350000,0.477778,-0.805747,32.922,59.963,127.221,1414.0
Victor_experimento_1_intento_6.mp4,286,2383.333,True,128.000,160.000,0.000,191.000,74.000,0.350000,0.477778,-0.805747,32.209,60.836,124.450,1410.0
Victor_experimento_1_intento_6.mp4,287,2391.667,True,128.000,160.000,0.000,191.000,74.000,0.350000,0.477778,-0.805747,31.804,60.963,126.177,1399.5
Victor_experimento_1_intento_6.mp4,288,2400.000,True,128.000,160.000,0.000,191.000,74.000,0.350000,0.477778,-0.805747,31.766,61.052,125.381,1400.0
Victor_experimento_1_intento_6.mp4,289,2408.333,True,128.000,160.000,0.000,191.000,74.000,0.350000,0.477778,-0.805747,32.937,60.000,124.347,1401.0
Victor_experimento_1_intento_6.mp4,290,2416.667,True,128.000,160.000,0.000,191.000,74.000,0.350000,0.477778,-0.805747,32.711,60.332,124.625,1403.0
Victor_experimento_1_intento_6.mp4,291,2425.000,True,128.000,160.000,0.000,191.000,74.000,0.350000,0.477778,-0.805747,31.840,60.995,122.035,1411.0
Victor_experimento_1_intento_6.mp4,292,2433.333,True,128.000,160.000,0.000,191.000,74.000,0.350000,0.477778,-0.805747,32.793,60.548,125.014,1422.0
Victor_experimento_1_intento_6.mp4,293,2441.667,True,128.000,160.000,0.000,191.000,74.000,0.350000,0.477778,-0.805747,32.868,60.789,125.222,1400.0
Victor_experimento_1_intento_6.mp4,294,2450.000,True,128.000,160.000,0.000,191.000,74.000,0.350000,0.477778,-0.805747,32.438,60.798,124.424,1408.5
Victor_experimento_1_intento_6.mp4,295,2458.333,True,128.000,160.000,0.000,191.000,74.000,0.350000,0.477778,-0.805747,32.438,60.222,125.708,1400.0
Victor_experimento_1_intento_6.mp4,296,2466.667,True,128.000,160.000,0.000,188.000,75.000,0.333333,0.472222,-0.816024,33.746,59.903,124.449,1441.5
Victor_experimento_1_intento_6.mp4,297,2475.000,True,128.000,160.000,0.000,178.000,75.000,0.277778,0.472222,-0.836568,36.736,59.757,124.100,1545.5
Victor_experimento_1_intento_6.mp4,298,2483.333,True,128.000,160.000,0.000,169.000,75.000,0.227778,0.472222,-0.851542,39.449,59.589,120.762,1580.0
Victor_experimento_1_intento_6.mp4,299,2491.667,True,128.000,160.000,0.000,162.000,76.000,0.188889,0.466667,-0.864027,41.603,56.130,119.293,1601.0
Victor_experimento_1_intento_6.mp4,300,2500.000,True,128.000,160.000,0.000,155.000,77.000,0.150000,0.461111,-0.874572,44.632,55.441,117.267,1620.5
Victor_experimento_1_intento_6.mp4,301,2508.333,True,128.000,160.000,0.000,150.000,77.000,0.122222,0.461111,-0.878885,44.232,57.644,115.648,1604.0
Victor_experimento_1_intento_6.mp4,302,2516.667,True,128.000,160.000,0.000,151.000,77.000,0.127778,0.461111,-0.878094,44.160,57.240,116.131,1609.5
Victor_experimento_1_intento_6.mp4,303,2525.000,True,128.000,160.000,0.000,152.000,77.000,0.133333,0.461111,-0.877268,43.619,56.730,118.866,1587.0
Victor_experimento_1_intento_6.mp4,304,2533.333,True,128.000,160.000,0.000,152.000,77.000,0.133333,0.461111,-0.877268,42.770,58.555,118.758,1600.5
Victor_experimento_1_intento_6.mp4,305,2541.667,True,128.000,160.000,0.000,151.000,76.000,0.127778,0.466667,-0.875154,43.045,58.852,114.406,1587.5
Victor_experimento_1_intento_6.mp4,306,2550.000,True,128.000,160.000,0.000,152.000,76.000,0.133333,0.466667,-0.874325,43.837,56.330,118.107,1597.0
Victor_experimento_1_intento_6.mp4,307,2558.333,True,128.000,160.000,0.000,152.000,76.000,0.133333,0.466667,-0.874325,43.577,57.964,117.772,1580.0
Victor_experimento_1_intento_6.mp4,308,2566.667,True,128.000,160.000,0.000,152.000,76.000,0.133333,0.466667,-0.874325,43.173,58.578,116.858,1594.5
Victor_experimento_1_intento_6.mp4,309,2575.000,True,128.000,160.000,0.000,152.000,76.000,0.133333,0.466667,-0.874325,44.227,57.043,121.452,1591.5
Victor_experimento_1_intento_6.mp4,310,2583.333,True,128.000,160.000,0.000,153.000,76.000,0.138889,0.466667,-0.873460,44.618,56.079,120.767,1602.0
Victor_experimento_1_intento_6.mp4,311,2591.667,True,128.000,160.000,0.000,153.000,76.000,0.138889,0.466667,-0.873460,44.172,56.526,122.903,1607.0
Victor_experimento_1_intento_6.mp4,312,2600.000,True,128.000,160.000,0.000,152.000,76.000,0.133333,0.466667,-0.874325,44.228,56.941,117.246,1606.5
Victor_experimento_1_intento_6.mp4,313,2608.333,True,128.000,160.000,0.000,152.000,76.000,0.133333,0.466667,-0.874325,43.469,58.943,114.344,1604.5
Victor_experimento_1_intento_6.mp4,314,2616.667,True,128.000,160.000,0.000,152.000,76.000,0.133333,0.466667,-0.874325,43.860,57.151,117.645,1614.0
Victor_experimento_1_intento_6.mp4,315,2625.000,True,128.000,160.000,0.000,152.000,76.000,0.133333,0.466667,-0.874325,45.060,57.394,118.318,1628.5
Victor_experimento_1_intento_6.mp4,316,2633.333,True,128.000,160.000,0.000,153.000,75.000,0.138889,0.472222,-0.870469,44.394,56.622,119.494,1633.5
Victor_experimento_1_intento_6.mp4,317,2641.667,True,128.000,160.000,0.000,152.000,75.000,0.133333,0.472222,-0.871337,44.673,56.963,117.709,1628.5
Victor_experimento_1_intento_6.mp4,318,2650.000,True,128.000,160.000,0.000,153.000,76.000,0.138889,0.466667,-0.873460,44.284,56.563,119.440,1620.0
Victor_experimento_1_intento_6.mp4,319,2658.333,True,128.000,160.000,0.000,153.000,76.000,0.138889,0.466667,-0.873460,44.902,55.698,118.533,1638.0
Victor_experimento_1_intento_6.mp4,320,2666.667,True,128.000,160.000,0.000,153.000,76.000,0.138889,0.466667,-0.873460,45.381,55.912,117.397,1663.5
Victor_experimento_1_intento_6.mp4,321,2675.000,True,128.000,160.000,0.000,153.000,76.000,0.138889,0.466667,-0.873460,44.584,55.579,117.222,1635.5
Victor_experimento_1_intento_6.mp4,322,2683.333,True,128.000,160.000,0.000,153.000,76.000,0.138889,0.466667,-0.873460,45.001,56.431,117.724,1636.5
Victor_experimento_1_intento_6.mp4,323,2691.667,True,128.000,160.000,0.000,153.000,76.000,0.138889,0.466667,-0.873460,45.205,55.699,120.063,1653.5
Victor_experimento_1_intento_6.mp4,324,2700.000,True,128.000,160.000,0.000,154.000,75.000,0.144444,0.472222,-0.869564,45.812,55.650,120.179,1670.5
Victor_experimento_1_intento_6.mp4,325,2708.333,True,128.000,160.000,0.000,153.000,76.000,0.138889,0.466667,-0.873460,44.626,56.683,118.122,1620.0
Victor_experimento_1_intento_6.mp4,326,2716.667,True,128.000,160.000,0.000,150.000,76.000,0.122222,0.466667,-0.875947,46.433,57.057,112.736,1636.0
Victor_experimento_1_intento_6.mp4,327,2725.000,True,128.000,160.000,0.000,147.000,77.000,0.105556,0.461111,-0.881042,48.811,54.303,106.222,1668.0
Victor_experimento_1_intento_6.mp4,328,2733.333,True,128.000,160.000,0.000,147.000,77.000,0.105556,0.461111,-0.881042,45.196,59.561,110.289,1661.0
Victor_experimento_1_intento_6.mp4,329,2741.667,True,128.000,160.000,0.000,149.000,76.000,0.116667,0.466667,-0.876705,44.871,59.224,113.180,1664.0
Victor_experimento_1_intento_6.mp4,330,2750.000,True,128.000,160.000,0.000,150.000,76.000,0.122222,0.466667,-0.875947,46.157,58.209,112.970,1675.5
Victor_experimento_1_intento_6.mp4,331,2758.333,True,128.000,160.000,0.000,149.000,76.000,0.116667,0.466667,-0.876705,45.422,58.525,114.778,1651.0
Victor_experimento_1_intento_6.mp4,332,2766.667,True,128.000,160.000,0.000,149.000,77.000,0.116667,0.461111,-0.879639,45.478,58.073,112.824,1662.0
Victor_experimento_1_intento_6.mp4,333,2775.000,True,128.000,160.000,0.000,149.000,77.000,0.116667,0.461111,-0.879639,45.414,58.467,111.317,1693.5
Victor_experimento_1_intento_6.mp4,334,2783.333,True,128.000,160.000,0.000,150.000,76.000,0.122222,0.466667,-0.875947,46.401,56.980,118.616,1693.5
Victor_experimento_1_intento_6.mp4,335,2791.667,True,128.000,160.000,0.000,150.000,76.000,0.122222,0.466667,-0.875947,46.194,58.138,116.752,1687.0
Victor_experimento_1_intento_6.mp4,336,2800.000,True,128.000,160.000,0.000,150.000,77.000,0.122222,0.461111,-0.878885,45.803,57.603,113.336,1671.0
Victor_experimento_1_intento_6.mp4,337,2808.333,True,128.000,160.000,0.000,150.000,77.000,0.122222,0.461111,-0.878885,45.703,57.575,109.075,1676.5
Victor_experimento_1_intento_6.mp4,338,2816.667,True,128.000,160.000,0.000,150.000,76.000,0.122222,0.466667,-0.875947,46.169,57.448,111.025,1687.5
Victor_experimento_1_intento_6.mp4,339,2825.000,True,128.000,160.000,0.000,151.000,77.000,0.127778,0.461111,-0.878094,45.255,55.521,114.998,1667.5
Victor_experimento_1_intento_6.mp4,340,2833.333,True,128.000,160.000,0.000,150.000,76.000,0.122222,0.466667,-0.875947,46.602,55.994,119.519,1673.0
Victor_experimento_1_intento_6.mp4,341,2841.667,True,128.000,160.000,0.000,150.000,76.000,0.122222,0.466667,-0.875947,47.044,56.244,119.887,1670.5
Victor_experimento_1_intento_6.mp4,342,2850.000,True,128.000,160.000,0.000,149.000,76.000,0.116667,0.466667,-0.876705,45.525,58.130,113.932,1670.0
Victor_experimento_1_intento_6.mp4,343,2858.333,True,128.000,160.000,0.000,150.000,76.000,0.122222,0.466667,-0.875947,46.849,57.440,118.476,1655.5
Victor_experimento_1_intento_6.mp4,344,2866.667,True,128.000,160.000,0.000,150.000,76.000,0.122222,0.466667,-0.875947,45.980,58.350,116.724,1658.5
Victor_experimento_1_intento_6.mp4,345,2875.000,True,128.000,160.000,0.000,150.000,76.000,0.122222,0.466667,-0.875947,45.923,56.240,112.930,1655.0
Victor_experimento_1_intento_6.mp4,346,2883.333,True,128.000,160.000,0.000,150.000,76.000,0.122222,0.466667,-0.875947,47.035,56.829,116.485,1653.5
Victor_experimento_1_intento_6.mp4,347,2891.667,True,128.000,160.000,0.000,149.000,76.000,0.116667,0.466667,-0.876705,44.871,57.809,110.610,1647.0
Victor_experimento_1_intento_6.mp4,348,2900.000,True,128.000,160.000,0.000,150.000,76.000,0.122222,0.466667,-0.875947,46.283,55.603,112.323,1644.0
Victor_experimento_1_intento_6.mp4,349,2908.333,True,128.000,160.000,0.000,150.000,76.000,0.122222,0.466667,-0.875947,45.600,56.969,113.526,1651.0
Victor_experimento_1_intento_6.mp4,350,2916.667,True,128.000,160.000,0.000,151.000,77.000,0.127778,0.461111,-0.878094,45.640,55.510,111.242,1660.5
Victor_experimento_1_intento_6.mp4,351,2925.000,True,128.000,160.000,0.000,151.000,76.000,0.127778,0.466667,-0.875154,46.692,56.345,114.523,1631.5
Victor_experimento_1_intento_6.mp4,352,2933.333,True,128.000,160.000,0.000,150.000,76.000,0.122222,0.466667,-0.875947,45.424,58.442,115.677,1640.0
Victor_experimento_1_intento_6.mp4,353,2941.667,True,128.000,160.000,0.000,150.000,75.000,0.122222,0.472222,-0.872965,45.807,56.846,120.810,1626.0
Victor_experimento_1_intento_6.mp4,354,2950.000,True,128.000,160.000,0.000,151.000,76.000,0.127778,0.466667,-0.875154,45.183,54.954,119.300,1636.5
Victor_experimento_1_intento_6.mp4,355,2958.333,True,128.000,160.000,0.000,151.000,76.000,0.127778,0.466667,-0.875154,46.139,54.913,123.045,1627.5
Victor_experimento_1_intento_6.mp4,356,2966.667,True,128.000,160.000,0.000,151.000,76.000,0.127778,0.466667,-0.875154,45.420,55.641,118.871,1632.5
Victor_experimento_1_intento_6.mp4,357,2975.000,True,128.000,160.000,0.000,150.000,76.000,0.122222,0.466667,-0.875947,45.442,56.123,113.307,1612.5
Victor_experimento_1_intento_6.mp4,358,2983.333,True,128.000,160.000,0.000,151.000,76.000,0.127778,0.466667,-0.875154,45.013,55.767,114.412,1552.0
Victor_experimento_1_intento_6.mp4,359,2991.667,True,128.000,160.000,0.000,151.000,76.000,0.127778,0.466667,-0.875154,44.195,55.379,112.124,1532.0
Victor_experimento_1_intento_6.mp4,360,3000.000,True,128.000,160.000,0.000,150.000,76.000,0.122222,0.466667,-0.875947,43.862,55.920,112.322,1525.5
Victor_experimento_1_intento_6.mp4,361,3008.333,True,128.000,160.000,0.000,151.000,77.000,0.127778,0.461111,-0.878094,44.475,54.328,109.536,1524.5
Victor_experimento_1_intento_6.mp4,362,3016.667,True,128.000,160.000,0.000,150.000,76.000,0.122222,0.466667,-0.875947,43.511,56.365,111.383,1519.0
Victor_experimento_1_intento_6.mp4,363,3025.000,True,128.000,160.000,0.000,150.000,76.000,0.122222,0.466667,-0.875947,43.413,56.051,114.403,1498.5
Victor_experimento_1_intento_6.mp4,364,3033.333,True,128.000,160.000,0.000,150.000,76.000,0.122222,0.466667,-0.875947,43.647,56.197,112.265,1521.0
Victor_experimento_1_intento_6.mp4,365,3041.667,True,128.000,160.000,0.000,151.000,76.000,0.127778,0.466667,-0.875154,44.117,55.648,110.907,1505.0
Victor_experimento_1_intento_6.mp4,366,3050.000,True,128.000,160.000,0.000,151.000,77.000,0.127778,0.461111,-0.878094,43.392,54.760,110.671,1478.5
Victor_experimento_1_intento_6.mp4,367,3058.333,True,128.000,160.000,0.000,150.000,76.000,0.122222,0.466667,-0.875947,44.031,55.812,112.708,1486.0
Victor_experimento_1_intento_6.mp4,368,3066.667,True,128.000,160.000,0.000,150.000,76.000,0.122222,0.466667,-0.875947,43.671,55.726,112.285,1496.5
Victor_experimento_1_intento_6.mp4,369,3075.000,True,128.000,160.000,0.000,151.000,76.000,0.127778,0.466667,-0.875154,44.375,54.718,113.642,1495.5
Victor_experimento_1_intento_6.mp4,370,3083.333,True,128.000,160.000,0.000,150.000,76.000,0.122222,0.466667,-0.875947,43.832,56.071,112.379,1502.0
Victor_experimento_1_intento_6.mp4,371,3091.667,True,128.000,160.000,0.000,151.000,76.000,0.127778,0.466667,-0.875154,44.120,53.926,112.281,1484.0
Victor_experimento_1_intento_6.mp4,372,3100.000,True,128.000,160.000,0.000,150.000,75.000,0.122222,0.472222,-0.872965,43.880,56.928,109.399,1501.0
Victor_experimento_1_intento_6.mp4,373,3108.333,True,128.000,160.000,0.000,151.000,76.000,0.127778,0.466667,-0.875154,42.967,55.302,117.287,1441.5
Victor_experimento_1_intento_6.mp4,374,3116.667,True,128.000,160.000,0.000,151.000,76.000,0.127778,0.466667,-0.875154,42.519,54.751,116.737,1450.0
Victor_experimento_1_intento_6.mp4,375,3125.000,True,128.000,160.000,0.000,151.000,76.000,0.127778,0.466667,-0.875154,43.298,54.199,116.689,1482.0
Victor_experimento_1_intento_6.mp4,376,3133.333,True,128.000,160.000,0.000,151.000,76.000,0.127778,0.466667,-0.875154,44.321,53.652,118.801,1477.0
Victor_experimento_1_intento_6.mp4,377,3141.667,True,128.000,160.000,0.000,151.000,76.000,0.127778,0.466667,-0.875154,42.947,53.611,121.846,1459.5
Victor_experimento_1_intento_6.mp4,378,3150.000,True,128.000,160.000,0.000,152.000,76.000,0.133333,0.466667,-0.874325,44.843,51.805,114.940,1476.0
Victor_experimento_1_intento_6.mp4,379,3158.333,True,128.000,160.000,0.000,152.000,76.000,0.133333,0.466667,-0.874325,43.579,53.125,119.480,1449.0
Victor_experimento_1_intento_6.mp4,380,3166.667,True,128.000,160.000,0.000,152.000,76.000,0.133333,0.466667,-0.874325,43.280,53.760,118.867,1458.0
Victor_experimento_1_intento_6.mp4,381,3175.000,True,128.000,160.000,0.000,151.000,76.000,0.127778,0.466667,-0.875154,42.777,54.436,116.296,1447.0
Victor_experimento_1_intento_6.mp4,382,3183.333,True,128.000,160.000,0.000,151.000,76.000,0.127778,0.466667,-0.875154,43.588,54.311,113.029,1438.0
Victor_experimento_1_intento_6.mp4,383,3191.667,True,128.000,160.000,0.000,151.000,76.000,0.127778,0.466667,-0.875154,43.290,54.020,116.631,1449.0
Victor_experimento_1_intento_6.mp4,384,3200.000,True,128.000,160.000,0.000,152.000,76.000,0.133333,0.466667,-0.874325,43.178,53.262,119.698,1465.0
Victor_experimento_1_intento_6.mp4,385,3208.333,True,128.000,160.000,0.000,150.000,76.000,0.122222,0.466667,-0.875947,42.690,55.036,117.412,1412.5
Victor_experimento_1_intento_6.mp4,386,3216.667,True,128.000,160.000,0.000,151.000,76.000,0.127778,0.466667,-0.875154,41.899,54.559,113.903,1436.0
Victor_experimento_1_intento_6.mp4,387,3225.000,True,128.000,160.000,0.000,152.000,76.000,0.133333,0.466667,-0.874325,42.649,53.365,116.325,1441.5
Victor_experimento_1_intento_6.mp4,388,3233.333,True,128.000,160.000,0.000,151.000,75.000,0.127778,0.472222,-0.872169,41.804,53.987,121.117,1432.5
Victor_experimento_1_intento_6.mp4,389,3241.667,True,128.000,160.000,0.000,152.000,76.000,0.133333,0.466667,-0.874325,42.406,52.423,121.234,1418.0
Victor_experimento_1_intento_6.mp4,390,3250.000,True,128.000,160.000,0.000,151.000,76.000,0.127778,0.466667,-0.875154,42.718,52.792,114.333,1433.0
Victor_experimento_1_intento_6.mp4,391,3258.333,True,128.000,160.000,0.000,151.000,76.000,0.127778,0.466667,-0.875154,41.162,54.274,110.364,1416.5
Victor_experimento_1_intento_6.mp4,392,3266.667,True,128.000,160.000,0.000,151.000,76.000,0.127778,0.466667,-0.875154,41.553,54.569,111.087,1430.0
Victor_experimento_1_intento_6.mp4,393,3275.000,True,128.000,160.000,0.000,150.000,76.000,0.122222,0.466667,-0.875947,41.575,55.203,110.099,1404.0
Victor_experimento_1_intento_6.mp4,394,3283.333,True,128.000,160.000,0.000,150.000,76.000,0.122222,0.466667,-0.875947,42.011,54.405,112.468,1400.5
Victor_experimento_1_intento_6.mp4,395,3291.667,True,128.000,160.000,0.000,151.000,76.000,0.127778,0.466667,-0.875154,42.133,53.147,113.765,1412.0
Victor_experimento_1_intento_6.mp4,396,3300.000,True,128.000,160.000,0.000,151.000,76.000,0.127778,0.466667,-0.875154,42.039,53.541,116.544,1405.0
Victor_experimento_1_intento_6.mp4,397,3308.333,True,128.000,160.000,0.000,151.000,76.000,0.127778,0.466667,-0.875154,41.349,54.524,110.365,1404.0
Victor_experimento_1_intento_6.mp4,398,3316.667,True,128.000,160.000,0.000,151.000,75.000,0.127778,0.472222,-0.872169,42.896,52.900,117.567,1405.5
Victor_experimento_1_intento_6.mp4,399,3325.000,True,128.000,160.000,0.000,151.000,76.000,0.127778,0.466667,-0.875154,42.986,53.336,112.831,1417.5
Victor_experimento_1_intento_6.mp4,400,3333.333,True,128.000,160.000,0.000,150.000,76.000,0.122222,0.466667,-0.875947,42.440,54.337,112.060,1423.0
Victor_experimento_1_intento_6.mp4,401,3341.667,True,128.000,160.000,0.000,150.000,76.000,0.122222,0.466667,-0.875947,41.310,55.016,111.193,1389.5
Victor_experimento_1_intento_6.mp4,402,3350.000,True,128.000,160.000,0.000,151.000,76.000,0.127778,0.466667,-0.875154,41.736,53.587,114.651,1413.0
Victor_experimento_1_intento_6.mp4,403,3358.333,True,128.000,160.000,0.000,150.000,76.000,0.122222,0.466667,-0.875947,41.552,54.286,114.414,1384.5
Victor_experimento_1_intento_6.mp4,404,3366.667,True,128.000,160.000,0.000,150.000,76.000,0.122222,0.466667,-0.875947,41.357,53.819,114.096,1388.5
Victor_experimento_1_intento_6.mp4,405,3375.000,True,128.000,160.000,0.000,151.000,76.000,0.127778,0.466667,-0.875154,42.569,52.555,114.647,1368.0
Victor_experimento_1_intento_6.mp4,406,3383.333,True,128.000,160.000,0.000,151.000,76.000,0.127778,0.466667,-0.875154,42.193,52.165,112.847,1393.0
Victor_experimento_1_intento_6.mp4,407,3391.667,True,128.000,160.000,0.000,151.000,76.000,0.127778,0.466667,-0.875154,42.969,52.448,112.535,1362.5
Victor_experimento_1_intento_6.mp4,408,3400.000,True,128.000,160.000,0.000,151.000,76.000,0.127778,0.466667,-0.875154,42.537,52.230,115.848,1384.5
Victor_experimento_1_intento_6.mp4,409,3408.333,True,128.000,160.000,0.000,151.000,76.000,0.127778,0.466667,-0.875154,41.817,52.302,117.885,1384.0
Victor_experimento_1_intento_6.mp4,410,3416.667,True,128.000,160.000,0.000,150.000,75.000,0.122222,0.472222,-0.872965,41.531,53.317,115.946,1388.5
Victor_experimento_1_intento_6.mp4,411,3425.000,True,128.000,160.000,0.000,151.000,75.000,0.127778,0.472222,-0.872169,40.751,54.070,115.471,1378.5
Victor_experimento_1_intento_6.mp4,412,3433.333,True,128.000,160.000,0.000,152.000,75.000,0.133333,0.472222,-0.871337,40.898,53.091,119.736,1383.5
Victor_experimento_1_intento_6.mp4,413,3441.667,True,128.000,160.000,0.000,150.000,75.000,0.122222,0.472222,-0.872965,40.961,52.931,114.284,1343.0
Victor_experimento_1_intento_6.mp4,414,3450.000,True,128.000,160.000,0.000,151.000,75.000,0.127778,0.472222,-0.872169,42.143,52.520,111.527,1370.0
Victor_experimento_1_intento_6.mp4,415,3458.333,True,128.000,160.000,0.000,152.000,75.000,0.133333,0.472222,-0.871337,41.830,49.622,122.047,1344.0
Victor_experimento_1_intento_6.mp4,416,3466.667,True,128.000,160.000,0.000,151.000,75.000,0.127778,0.472222,-0.872169,41.729,51.971,121.169,1343.5
Victor_experimento_1_intento_6.mp4,417,3475.000,True,128.000,160.000,0.000,151.000,75.000,0.127778,0.472222,-0.872169,41.249,52.680,113.913,1348.0
Victor_experimento_1_intento_6.mp4,418,3483.333,True,128.000,160.000,0.000,151.000,75.000,0.127778,0.472222,-0.872169,41.406,52.113,116.474,1353.5
Victor_experimento_1_intento_6.mp4,419,3491.667,True,128.000,160.000,0.000,151.000,75.000,0.127778,0.472222,-0.872169,41.268,52.070,113.693,1350.0
Victor_experimento_1_intento_6.mp4,420,3500.000,True,128.000,160.000,0.000,151.000,75.000,0.127778,0.472222,-0.872169,41.120,51.760,119.777,1336.0
Victor_experimento_1_intento_6.mp4,421,3508.333,True,128.000,160.000,0.000,151.000,75.000,0.127778,0.472222,-0.872169,41.221,52.450,116.957,1344.0
Victor_experimento_1_intento_6.mp4,422,3516.667,True,128.000,160.000,0.000,150.000,75.000,0.122222,0.472222,-0.872965,40.960,54.015,114.522,1345.5
Victor_experimento_1_intento_6.mp4,423,3525.000,True,128.000,160.000,0.000,150.000,75.000,0.122222,0.472222,-0.872965,41.124,53.096,117.725,1329.5
Victor_experimento_1_intento_6.mp4,424,3533.333,True,128.000,160.000,0.000,151.000,75.000,0.127778,0.472222,-0.872169,40.611,52.822,118.490,1330.5
Victor_experimento_1_intento_6.mp4,425,3541.667,True,128.000,160.000,0.000,151.000,75.000,0.127778,0.472222,-0.872169,42.134,51.021,115.178,1318.0
Victor_experimento_1_intento_6.mp4,426,3550.000,True,128.000,160.000,0.000,151.000,75.000,0.127778,0.472222,-0.872169,40.982,51.809,119.631,1333.0
Victor_experimento_1_intento_6.mp4,427,3558.333,True,128.000,160.000,0.000,152.000,75.000,0.133333,0.472222,-0.871337,41.237,49.837,124.469,1321.0
Victor_experimento_1_intento_6.mp4,428,3566.667,True,128.000,160.000,0.000,151.000,76.000,0.127778,0.466667,-0.875154,41.696,51.276,112.199,1357.5
Victor_experimento_1_intento_6.mp4,429,3575.000,True,128.000,160.000,0.000,151.000,75.000,0.127778,0.472222,-0.872169,40.845,50.926,120.976,1313.5
Victor_experimento_1_intento_6.mp4,430,3583.333,True,128.000,160.000,0.000,152.000,75.000,0.133333,0.472222,-0.871337,41.935,50.126,116.923,1342.0
Victor_experimento_1_intento_6.mp4,431,3591.667,True,128.000,160.000,0.000,152.000,75.000,0.133333,0.472222,-0.871337,41.556,48.930,118.484,1336.0
Victor_experimento_1_intento_6.mp4,432,3600.000,True,128.000,160.000,0.000,151.000,75.000,0.127778,0.472222,-0.872169,41.286,50.833,113.328,1336.5
Victor_experimento_1_intento_6.mp4,433,3608.333,True,128.000,160.000,0.000,151.000,75.000,0.127778,0.472222,-0.872169,41.018,51.712,118.022,1314.0
Victor_experimento_1_intento_6.mp4,434,3616.667,True,128.000,160.000,0.000,151.000,76.000,0.127778,0.466667,-0.875154,41.560,50.713,120.242,1335.0
Victor_experimento_1_intento_6.mp4,435,3625.000,True,128.000,160.000,0.000,151.000,75.000,0.127778,0.472222,-0.872169,40.424,51.870,113.522,1299.5
Victor_experimento_1_intento_6.mp4,436,3633.333,True,128.000,160.000,0.000,151.000,75.000,0.127778,0.472222,-0.872169,41.293,50.683,114.660,1333.0
Victor_experimento_1_intento_6.mp4,437,3641.667,True,128.000,160.000,0.000,151.000,75.000,0.127778,0.472222,-0.872169,41.379,51.137,116.497,1307.0
Victor_experimento_1_intento_6.mp4,438,3650.000,True,128.000,160.000,0.000,151.000,76.000,0.127778,0.466667,-0.875154,41.123,51.227,115.688,1326.5
Victor_experimento_1_intento_6.mp4,439,3658.333,True,128.000,160.000,0.000,151.000,76.000,0.127778,0.466667,-0.875154,40.796,50.874,117.615,1301.5
Victor_experimento_1_intento_6.mp4,440,3666.667,True,128.000,160.000,0.000,151.000,75.000,0.127778,0.472222,-0.872169,41.862,50.716,119.569,1332.5
Victor_experimento_1_intento_6.mp4,441,3675.000,True,128.000,160.000,0.000,151.000,75.000,0.127778,0.472222,-0.872169,41.943,50.021,113.794,1309.5
Victor_experimento_1_intento_6.mp4,442,3683.333,True,128.000,160.000,0.000,151.000,75.000,0.127778,0.472222,-0.872169,41.476,51.819,117.431,1330.5
Victor_experimento_1_intento_6.mp4,443,3691.667,True,128.000,160.000,0.000,150.000,75.000,0.122222,0.472222,-0.872965,40.381,52.740,119.490,1307.0
Victor_experimento_1_intento_6.mp4,444,3700.000,True,128.000,160.000,0.000,151.000,75.000,0.127778,0.472222,-0.872169,40.527,51.869,115.490,1300.0
Victor_experimento_1_intento_6.mp4,445,3708.333,True,128.000,160.000,0.000,151.000,76.000,0.127778,0.466667,-0.875154,40.775,50.959,119.909,1298.0
Victor_experimento_1_intento_6.mp4,446,3716.667,True,128.000,160.000,0.000,150.000,75.000,0.122222,0.472222,-0.872965,39.846,53.593,116.584,1304.0
Victor_experimento_1_intento_6.mp4,447,3725.000,True,128.000,160.000,0.000,151.000,75.000,0.127778,0.472222,-0.872169,40.106,52.227,117.857,1277.5
Victor_experimento_1_intento_6.mp4,448,3733.333,True,128.000,160.000,0.000,150.000,75.000,0.122222,0.472222,-0.872965,39.651,53.478,116.695,1288.5
Victor_experimento_1_intento_6.mp4,449,3741.667,True,128.000,160.000,0.000,152.000,75.000,0.133333,0.472222,-0.871337,40.563,50.939,122.895,1283.5
Victor_experimento_1_intento_6.mp4,450,3750.000,True,128.000,160.000,0.000,151.000,76.000,0.127778,0.466667,-0.875154,40.845,51.321,115.148,1313.0
Victor_experimento_1_intento_6.mp4,451,3758.333,True,128.000,160.000,0.000,151.000,76.000,0.127778,0.466667,-0.875154,41.217,49.489,111.964,1279.0
Victor_experimento_1_intento_6.mp4,452,3766.667,True,128.000,160.000,0.000,151.000,75.000,0.127778,0.472222,-0.872169,40.355,51.856,116.102,1311.5
Victor_experimento_1_intento_6.mp4,453,3775.000,True,128.000,160.000,0.000,151.000,75.000,0.127778,0.472222,-0.872169,40.649,50.494,117.989,1280.5
Victor_experimento_1_intento_6.mp4,454,3783.333,True,128.000,160.000,0.000,151.000,75.000,0.127778,0.472222,-0.872169,40.590,50.172,115.729,1294.5
Victor_experimento_1_intento_6.mp4,455,3791.667,True,128.000,160.000,0.000,151.000,75.000,0.127778,0.472222,-0.872169,41.031,51.334,112.380,1300.0
Victor_experimento_1_intento_6.mp4,456,3800.000,True,128.000,160.000,0.000,151.000,75.000,0.127778,0.472222,-0.872169,41.505,50.368,114.070,1304.5
Victor_experimento_1_intento_6.mp4,457,3808.333,True,128.000,160.000,0.000,150.000,75.000,0.122222,0.472222,-0.872965,40.427,53.532,116.766,1273.5
Victor_experimento_1_intento_6.mp4,458,3816.667,True,128.000,160.000,0.000,151.000,76.000,0.127778,0.466667,-0.875154,39.808,50.980,115.085,1279.5
Victor_experimento_1_intento_6.mp4,459,3825.000,True,128.000,160.000,0.000,151.000,76.000,0.127778,0.466667,-0.875154,39.986,51.912,117.097,1297.5
Victor_experimento_1_intento_6.mp4,460,3833.333,True,128.000,160.000,0.000,151.000,75.000,0.127778,0.472222,-0.872169,41.406,51.171,115.580,1313.0
Victor_experimento_1_intento_6.mp4,461,3841.667,True,128.000,160.000,0.000,151.000,76.000,0.127778,0.466667,-0.875154,40.535,51.191,111.849,1298.0
Victor_experimento_1_intento_6.mp4,462,3850.000,True,128.000,160.000,0.000,151.000,75.000,0.127778,0.472222,-0.872169,42.211,51.389,113.291,1321.0
Victor_experimento_1_intento_6.mp4,463,3858.333,True,128.000,160.000,0.000,152.000,75.000,0.133333,0.472222,-0.871337,41.205,50.965,115.531,1294.5
Victor_experimento_1_intento_6.mp4,464,3866.667,True,128.000,160.000,0.000,151.000,75.000,0.127778,0.472222,-0.872169,41.509,51.169,116.016,1308.0
Victor_experimento_1_intento_6.mp4,465,3875.000,True,128.000,160.000,0.000,151.000,75.000,0.127778,0.472222,-0.872169,41.180,51.345,114.440,1294.0
Victor_experimento_1_intento_6.mp4,466,3883.333,True,128.000,160.000,0.000,151.000,75.000,0.127778,0.472222,-0.872169,41.268,51.612,114.903,1321.5
Victor_experimento_1_intento_6.mp4,467,3891.667,True,128.000,160.000,0.000,151.000,75.000,0.127778,0.472222,-0.872169,41.814,50.725,115.442,1330.5
Victor_experimento_1_intento_6.mp4,468,3900.000,True,128.000,160.000,0.000,151.000,75.000,0.127778,0.472222,-0.872169,41.204,52.364,114.869,1328.5
Victor_experimento_1_intento_6.mp4,469,3908.333,True,128.000,160.000,0.000,152.000,75.000,0.133333,0.472222,-0.871337,41.265,51.999,114.442,1302.5
Victor_experimento_1_intento_6.mp4,470,3916.667,True,128.000,160.000,0.000,151.000,75.000,0.127778,0.472222,-0.872169,40.877,52.128,114.319,1331.0
Victor_experimento_1_intento_6.mp4,471,3925.000,True,128.000,160.000,0.000,151.000,75.000,0.127778,0.472222,-0.872169,40.834,53.444,112.447,1318.5
Victor_experimento_1_intento_6.mp4,472,3933.333,True,128.000,160.000,0.000,151.000,75.000,0.127778,0.472222,-0.872169,40.695,52.676,113.858,1328.0
Victor_experimento_1_intento_6.mp4,473,3941.667,True,128.000,160.000,0.000,151.000,75.000,0.127778,0.472222,-0.872169,40.807,54.214,113.810,1347.5
Victor_experimento_1_intento_6.mp4,474,3950.000,True,128.000,160.000,0.000,151.000,75.000,0.127778,0.472222,-0.872169,40.978,53.725,114.104,1346.0
Victor_experimento_1_intento_6.mp4,475,3958.333,True,128.000,160.000,0.000,151.000,75.000,0.127778,0.472222,-0.872169,40.976,53.895,114.781,1345.5
Victor_experimento_1_intento_6.mp4,476,3966.667,True,128.000,160.000,0.000,151.000,75.000,0.127778,0.472222,-0.872169,41.304,53.641,115.952,1362.0
Victor_experimento_1_intento_6.mp4,477,3975.000,True,128.000,160.000,0.000,151.000,75.000,0.127778,0.472222,-0.872169,41.773,52.143,120.612,1356.5
Victor_experimento_1_intento_6.mp4,478,3983.333,True,128.000,160.000,0.000,151.000,75.000,0.127778,0.472222,-0.872169,41.249,53.276,116.158,1355.5
Victor_experimento_1_intento_6.mp4,479,3991.667,True,128.000,160.000,0.000,151.000,75.000,0.127778,0.472222,-0.872169,42.980,52.898,116.290,1377.5
Victor_experimento_1_intento_6.mp4,480,4000.000,True,128.000,160.000,0.000,151.000,75.000,0.127778,0.472222,-0.872169,41.897,52.606,117.436,1374.0
Victor_experimento_1_intento_6.mp4,481,4008.333,True,128.000,160.000,0.000,151.000,75.000,0.127778,0.472222,-0.872169,41.191,53.210,110.416,1334.5
Victor_experimento_1_intento_6.mp4,482,4016.667,True,128.000,160.000,0.000,152.000,75.000,0.133333,0.472222,-0.871337,41.906,52.226,115.461,1376.5
Victor_experimento_1_intento_6.mp4,483,4025.000,True,128.000,160.000,0.000,152.000,75.000,0.133333,0.472222,-0.871337,41.424,52.198,115.223,1368.5
Victor_experimento_1_intento_6.mp4,484,4033.333,True,128.000,160.000,0.000,152.000,75.000,0.133333,0.472222,-0.871337,40.943,52.757,116.188,1357.5
Victor_experimento_1_intento_6.mp4,485,4041.667,True,128.000,160.000,0.000,152.000,75.000,0.133333,0.472222,-0.871337,43.050,51.303,114.328,1365.5
Victor_experimento_1_intento_6.mp4,486,4050.000,True,128.000,160.000,0.000,152.000,75.000,0.133333,0.472222,-0.871337,42.709,49.844,115.745,1376.5
Victor_experimento_1_intento_6.mp4,487,4058.333,True,128.000,160.000,0.000,151.000,75.000,0.127778,0.472222,-0.872169,42.272,51.879,116.613,1385.5
Victor_experimento_1_intento_6.mp4,488,4066.667,True,128.000,160.000,0.000,151.000,75.000,0.127778,0.472222,-0.872169,42.131,52.743,114.967,1376.5
Victor_experimento_1_intento_6.mp4,489,4075.000,True,128.000,160.000,0.000,152.000,75.000,0.133333,0.472222,-0.871337,41.430,52.928,112.701,1356.0
Victor_experimento_1_intento_6.mp4,490,4083.333,True,128.000,160.000,0.000,153.000,75.000,0.138889,0.472222,-0.870469,42.500,51.522,117.826,1391.5
Victor_experimento_1_intento_6.mp4,491,4091.667,True,128.000,160.000,0.000,151.000,76.000,0.127778,0.466667,-0.875154,41.319,53.171,113.702,1343.0
Victor_experimento_1_intento_6.mp4,492,4100.000,True,128.000,160.000,0.000,151.000,75.000,0.127778,0.472222,-0.872169,43.109,51.506,113.398,1365.5
Victor_experimento_1_intento_6.mp4,493,4108.333,True,128.000,160.000,0.000,151.000,75.000,0.127778,0.472222,-0.872169,41.724,53.013,110.481,1353.0
Victor_experimento_1_intento_6.mp4,494,4116.667,True,128.000,160.000,0.000,152.000,76.000,0.133333,0.466667,-0.874325,42.366,51.611,117.515,1392.5
Victor_experimento_1_intento_6.mp4,495,4125.000,True,128.000,160.000,0.000,152.000,76.000,0.133333,0.466667,-0.874325,42.654,50.972,113.736,1360.5
Victor_experimento_1_intento_6.mp4,496,4133.333,True,128.000,160.000,0.000,152.000,76.000,0.133333,0.466667,-0.874325,42.259,51.177,118.295,1352.0
Victor_experimento_1_intento_6.mp4,497,4141.667,True,128.000,160.000,0.000,152.000,76.000,0.133333,0.466667,-0.874325,41.560,51.585,115.106,1367.0
Victor_experimento_1_intento_6.mp4,498,4150.000,True,128.000,160.000,0.000,152.000,76.000,0.133333,0.466667,-0.874325,42.127,51.172,118.115,1370.5
Victor_experimento_1_intento_6.mp4,499,4158.333,True,128.000,160.000,0.000,152.000,76.000,0.133333,0.466667,-0.874325,42.348,50.698,116.965,1360.5
Victor_experimento_1_intento_6.mp4,500,4166.667,True,128.000,160.000,0.000,152.000,76.000,0.133333,0.466667,-0.874325,42.551,50.867,117.871,1365.0
Victor_experimento_1_intento_6.mp4,501,4175.000,True,128.000,160.000,0.000,152.000,76.000,0.133333,0.466667,-0.874325,42.488,51.110,112.315,1353.5
Victor_experimento_1_intento_6.mp4,502,4183.333,True,128.000,160.000,0.000,152.000,76.000,0.133333,0.466667,-0.874325,42.112,50.493,115.526,1376.0
Victor_experimento_1_intento_6.mp4,503,4191.667,True,128.000,160.000,0.000,151.000,76.000,0.127778,0.466667,-0.875154,43.354,51.713,117.777,1376.0
Victor_experimento_1_intento_6.mp4,504,4200.000,True,128.000,160.000,0.000,151.000,76.000,0.127778,0.466667,-0.875154,41.426,52.575,114.601,1361.0
Victor_experimento_1_intento_6.mp4,505,4208.333,True,128.000,160.000,0.000,151.000,75.000,0.127778,0.472222,-0.872169,41.634,53.184,113.629,1372.5
Victor_experimento_1_intento_6.mp4,506,4216.667,True,128.000,160.000,0.000,151.000,75.000,0.127778,0.472222,-0.872169,41.854,53.308,113.876,1367.0
Victor_experimento_1_intento_6.mp4,507,4225.000,True,128.000,160.000,0.000,151.000,76.000,0.127778,0.466667,-0.875154,42.066,51.816,110.859,1392.0
Victor_experimento_1_intento_6.mp4,508,4233.333,True,128.000,160.000,0.000,152.000,76.000,0.133333,0.466667,-0.874325,43.394,50.985,109.445,1387.0
Victor_experimento_1_intento_6.mp4,509,4241.667,True,128.000,160.000,0.000,152.000,76.000,0.133333,0.466667,-0.874325,42.067,51.333,111.052,1364.0
Victor_experimento_1_intento_6.mp4,510,4250.000,True,128.000,160.000,0.000,151.000,75.000,0.127778,0.472222,-0.872169,42.386,52.328,111.651,1369.0
Victor_experimento_1_intento_6.mp4,511,4258.333,True,128.000,160.000,0.000,152.000,76.000,0.133333,0.466667,-0.874325,41.730,50.797,111.267,1367.0
Victor_experimento_1_intento_6.mp4,512,4266.667,True,128.000,160.000,0.000,152.000,76.000,0.133333,0.466667,-0.874325,42.292,51.178,113.646,1384.5
Victor_experimento_1_intento_6.mp4,513,4275.000,True,128.000,160.000,0.000,151.000,75.000,0.127778,0.472222,-0.872169,41.792,53.393,113.277,1378.5
Victor_experimento_1_intento_6.mp4,514,4283.333,True,128.000,160.000,0.000,151.000,75.000,0.127778,0.472222,-0.872169,41.237,54.854,111.303,1376.5
Victor_experimento_1_intento_6.mp4,515,4291.667,True,128.000,160.000,0.000,151.000,75.000,0.127778,0.472222,-0.872169,41.075,53.184,111.978,1369.0
Victor_experimento_1_intento_6.mp4,516,4300.000,True,128.000,160.000,0.000,151.000,75.000,0.127778,0.472222,-0.872169,41.970,53.641,112.138,1403.0
Victor_experimento_1_intento_6.mp4,517,4308.333,True,128.000,160.000,0.000,151.000,76.000,0.127778,0.466667,-0.875154,41.404,52.978,113.997,1366.5
Victor_experimento_1_intento_6.mp4,518,4316.667,True,128.000,160.000,0.000,151.000,76.000,0.127778,0.466667,-0.875154,42.583,51.256,115.350,1375.5
Victor_experimento_1_intento_6.mp4,519,4325.000,True,128.000,160.000,0.000,151.000,75.000,0.127778,0.472222,-0.872169,41.677,53.948,108.125,1380.5
Victor_experimento_1_intento_6.mp4,520,4333.333,True,128.000,160.000,0.000,151.000,75.000,0.127778,0.472222,-0.872169,41.668,53.122,114.875,1389.5
Victor_experimento_1_intento_6.mp4,521,4341.667,True,128.000,160.000,0.000,151.000,75.000,0.127778,0.472222,-0.872169,42.150,53.077,112.876,1386.0
Victor_experimento_1_intento_6.mp4,522,4350.000,True,128.000,160.000,0.000,151.000,75.000,0.127778,0.472222,-0.872169,42.710,52.802,115.515,1405.0
Victor_experimento_1_intento_6.mp4,523,4358.333,True,128.000,160.000,0.000,151.000,75.000,0.127778,0.472222,-0.872169,41.819,53.113,110.740,1386.0
Victor_experimento_1_intento_6.mp4,524,4366.667,True,128.000,160.000,0.000,151.000,75.000,0.127778,0.472222,-0.872169,41.928,53.208,111.587,1381.5
Victor_experimento_1_intento_6.mp4,525,4375.000,True,128.000,160.000,0.000,151.000,75.000,0.127778,0.472222,-0.872169,42.246,52.781,112.287,1385.0
Victor_experimento_1_intento_6.mp4,526,4383.333,True,128.000,160.000,0.000,152.000,76.000,0.133333,0.466667,-0.874325,43.490,51.868,116.279,1378.5
Victor_experimento_1_intento_6.mp4,527,4391.667,True,128.000,160.000,0.000,151.000,75.000,0.127778,0.472222,-0.872169,42.604,53.135,113.121,1378.0
Victor_experimento_1_intento_6.mp4,528,4400.000,True,128.000,160.000,0.000,152.000,75.000,0.133333,0.472222,-0.871337,42.183,53.402,114.859,1404.0
Victor_experimento_1_intento_6.mp4,529,4408.333,True,128.000,160.000,0.000,151.000,75.000,0.127778,0.472222,-0.872169,42.138,54.272,109.717,1405.5
Victor_experimento_1_intento_6.mp4,530,4416.667,True,128.000,160.000,0.000,151.000,76.000,0.127778,0.466667,-0.875154,41.292,53.412,114.983,1411.5
Victor_experimento_1_intento_6.mp4,531,4425.000,True,128.000,160.000,0.000,152.000,76.000,0.133333,0.466667,-0.874325,42.481,51.828,114.725,1407.5
Victor_experimento_1_intento_6.mp4,532,4433.333,True,128.000,160.000,0.000,151.000,75.000,0.127778,0.472222,-0.872169,41.664,53.409,116.410,1416.5
Victor_experimento_1_intento_6.mp4,533,4441.667,True,128.000,160.000,0.000,151.000,75.000,0.127778,0.472222,-0.872169,41.849,54.701,112.443,1409.0
Victor_experimento_1_intento_6.mp4,534,4450.000,True,128.000,160.000,0.000,151.000,76.000,0.127778,0.466667,-0.875154,42.723,52.724,113.181,1419.5
Victor_experimento_1_intento_6.mp4,535,4458.333,True,128.000,160.000,0.000,151.000,75.000,0.127778,0.472222,-0.872169,43.377,53.008,117.533,1423.5
Victor_experimento_1_intento_6.mp4,536,4466.667,True,128.000,160.000,0.000,151.000,75.000,0.127778,0.472222,-0.872169,42.918,52.585,120.324,1401.5
Victor_experimento_1_intento_6.mp4,537,4475.000,True,128.000,160.000,0.000,151.000,75.000,0.127778,0.472222,-0.872169,42.973,54.006,116.165,1410.5
Victor_experimento_1_intento_6.mp4,538,4483.333,True,128.000,160.000,0.000,152.000,75.000,0.133333,0.472222,-0.871337,43.417,52.067,122.172,1420.5
Victor_experimento_1_intento_6.mp4,539,4491.667,True,128.000,160.000,0.000,151.000,75.000,0.127778,0.472222,-0.872169,42.746,52.811,119.573,1404.0
Victor_experimento_1_intento_6.mp4,540,4500.000,True,128.000,160.000,0.000,151.000,75.000,0.127778,0.472222,-0.872169,42.332,53.201,119.443,1426.0
Victor_experimento_1_intento_6.mp4,541,4508.333,True,128.000,160.000,0.000,150.000,75.000,0.122222,0.472222,-0.872965,43.009,54.660,116.079,1426.5
Victor_experimento_1_intento_6.mp4,542,4516.667,True,128.000,160.000,0.000,151.000,75.000,0.127778,0.472222,-0.872169,43.779,52.578,119.945,1432.5
Victor_experimento_1_intento_6.mp4,543,4525.000,True,128.000,160.000,0.000,152.000,75.000,0.133333,0.472222,-0.871337,43.349,52.166,118.883,1429.0
Victor_experimento_1_intento_6.mp4,544,4533.333,True,128.000,160.000,0.000,151.000,75.000,0.127778,0.472222,-0.872169,43.780,53.808,119.192,1435.0
Victor_experimento_1_intento_6.mp4,545,4541.667,True,128.000,160.000,0.000,151.000,75.000,0.127778,0.472222,-0.872169,42.564,53.694,117.305,1436.0
Victor_experimento_1_intento_6.mp4,546,4550.000,True,128.000,160.000,0.000,151.000,76.000,0.127778,0.466667,-0.875154,43.287,53.557,118.843,1429.5
Victor_experimento_1_intento_6.mp4,547,4558.333,True,128.000,160.000,0.000,148.000,76.000,0.111111,0.466667,-0.877426,43.156,54.334,110.231,1411.0
Victor_experimento_1_intento_6.mp4,548,4566.667,True,128.000,160.000,0.000,141.000,79.000,0.072222,0.450000,-0.890103,44.174,50.840,91.103,1400.0
Victor_experimento_1_intento_6.mp4,549,4575.000,True,128.000,160.000,0.000,130.000,81.000,0.011111,0.438889,-0.898473,45.266,52.528,84.428,1320.5
Victor_experimento_1_intento_6.mp4,550,4583.333,True,128.000,160.000,0.000,119.000,85.000,-0.050000,0.416667,-0.907683,43.741,53.854,68.431,1300.0
Victor_experimento_1_intento_6.mp4,551,4591.667,True,128.000,160.000,0.000,108.000,88.000,-0.111111,0.400000,-0.909755,43.334,54.436,67.099,1216.0
Victor_experimento_1_intento_6.mp4,552,4600.000,True,128.000,160.000,0.000,104.000,92.000,-0.133333,0.377778,-0.916246,37.921,55.524,57.832,1197.5
Victor_experimento_1_intento_6.mp4,553,4608.333,True,128.000,160.000,0.000,104.000,93.000,-0.133333,0.372222,-0.918517,35.909,60.077,57.609,1191.5
Victor_experimento_1_intento_6.mp4,554,4616.667,True,128.000,160.000,0.000,106.000,91.000,-0.122222,0.383333,-0.915487,36.434,57.799,60.021,1216.5
Victor_experimento_1_intento_6.mp4,555,4625.000,True,128.000,160.000,0.000,106.000,92.000,-0.122222,0.377778,-0.917794,37.055,57.235,61.391,1224.5
Victor_experimento_1_intento_6.mp4,556,4633.333,True,128.000,160.000,0.000,106.000,91.000,-0.122222,0.383333,-0.915487,37.407,58.176,59.759,1288.5
Victor_experimento_1_intento_6.mp4,557,4641.667,True,128.000,160.000,0.000,107.000,91.000,-0.116667,0.383333,-0.916212,36.549,59.775,59.230,1269.5
Victor_experimento_1_intento_6.mp4,558,4650.000,True,128.000,160.000,0.000,106.000,92.000,-0.122222,0.377778,-0.917794,34.173,59.917,60.873,1259.5
Victor_experimento_1_intento_6.mp4,559,4658.333,True,128.000,160.000,0.000,106.000,89.000,-0.122222,0.394444,-0.910755,42.496,58.162,56.813,1468.5
Victor_experimento_1_intento_6.mp4,560,4666.667,True,128.000,160.000,0.000,106.000,89.000,-0.122222,0.394444,-0.910755,43.768,57.654,56.587,1486.5
Victor_experimento_1_intento_6.mp4,561,4675.000,True,128.000,160.000,0.000,106.000,89.000,-0.122222,0.394444,-0.910755,42.976,58.201,54.277,1478.5
Victor_experimento_1_intento_6.mp4,562,4683.333,True,128.000,160.000,0.000,106.000,89.000,-0.122222,0.394444,-0.910755,43.131,58.121,53.193,1520.0
Victor_experimento_1_intento_6.mp4,563,4691.667,True,128.000,160.000,0.000,105.000,88.000,-0.127778,0.400000,-0.907564,44.695,57.724,59.167,1528.5
Victor_experimento_1_intento_6.mp4,564,4700.000,True,128.000,160.000,0.000,105.000,88.000,-0.127778,0.400000,-0.907564,43.800,58.074,59.495,1521.0
Victor_experimento_1_intento_6.mp4,565,4708.333,True,128.000,160.000,0.000,107.000,89.000,-0.116667,0.394444,-0.911484,42.816,59.839,55.467,1545.0
Victor_experimento_1_intento_6.mp4,566,4716.667,True,128.000,160.000,0.000,105.000,88.000,-0.127778,0.400000,-0.907564,43.820,58.790,63.650,1555.5
Victor_experimento_1_intento_6.mp4,567,4725.000,True,128.000,160.000,0.000,105.000,88.000,-0.127778,0.400000,-0.907564,44.600,56.863,59.533,1533.5
Victor_experimento_1_intento_6.mp4,568,4733.333,True,128.000,160.000,0.000,106.000,89.000,-0.122222,0.394444,-0.910755,42.677,58.728,58.632,1576.0
Victor_experimento_1_intento_6.mp4,569,4741.667,True,128.000,160.000,0.000,105.000,89.000,-0.127778,0.394444,-0.909993,42.716,59.732,59.955,1586.5
Victor_experimento_1_intento_6.mp4,570,4750.000,True,128.000,160.000,0.000,106.000,89.000,-0.122222,0.394444,-0.910755,43.037,59.229,58.530,1593.5
Victor_experimento_1_intento_6.mp4,571,4758.333,True,128.000,160.000,0.000,102.000,86.000,-0.144444,0.411111,-0.900069,51.553,62.475,96.466,1916.5
Victor_experimento_1_intento_6.mp4,572,4766.667,True,128.000,160.000,0.000,102.000,86.000,-0.144444,0.411111,-0.900069,51.997,62.468,92.921,1902.0
Victor_experimento_1_intento_6.mp4,573,4775.000,True,128.000,160.000,0.000,102.000,86.000,-0.144444,0.411111,-0.900069,51.799,61.485,94.493,1915.0
Victor_experimento_1_intento_6.mp4,574,4783.333,True,128.000,160.000,0.000,102.000,87.000,-0.144444,0.405556,-0.902585,50.958,61.602,91.555,1936.5
Victor_experimento_1_intento_6.mp4,575,4791.667,True,128.000,160.000,0.000,102.000,86.000,-0.144444,0.411111,-0.900069,50.022,64.073,88.488,1963.5
Victor_experimento_1_intento_6.mp4,576,4800.000,True,128.000,160.000,0.000,101.000,87.000,-0.150000,0.405556,-0.901679,51.019,64.191,84.650,2034.0
Victor_experimento_1_intento_6.mp4,577,4808.333,True,128.000,160.000,0.000,93.000,89.000,-0.194444,0.394444,-0.898112,52.236,65.800,85.167,2023.5
Victor_experimento_1_intento_6.mp4,578,4816.667,True,128.000,160.000,0.000,89.000,90.000,-0.216667,0.388889,-0.895445,51.193,66.184,91.491,2038.5
Victor_experimento_1_intento_6.mp4,579,4825.000,True,128.000,160.000,0.000,92.000,89.000,-0.200000,0.394444,-0.896891,50.719,66.932,88.247,2063.5
Victor_experimento_1_intento_6.mp4,580,4833.333,True,128.000,160.000,0.000,95.000,88.000,-0.183333,0.400000,-0.897992,50.069,66.926,88.821,2062.5
Victor_experimento_1_intento_6.mp4,581,4841.667,True,128.000,160.000,0.000,97.000,87.000,-0.172222,0.405556,-0.897699,51.102,66.143,87.561,2097.5
Victor_experimento_1_intento_6.mp4,582,4850.000,True,128.000,160.000,0.000,96.000,87.000,-0.177778,0.405556,-0.896616,50.445,66.977,86.859,2091.0
Victor_experimento_1_intento_6.mp4,583,4858.333,True,128.000,160.000,0.000,96.000,87.000,-0.177778,0.405556,-0.896616,51.138,65.452,91.960,2035.5
Victor_experimento_1_intento_6.mp4,584,4866.667,True,128.000,160.000,0.000,96.000,87.000,-0.177778,0.405556,-0.896616,50.736,66.035,91.330,2033.5
Victor_experimento_1_intento_6.mp4,585,4875.000,True,128.000,160.000,0.000,97.000,87.000,-0.172222,0.405556,-0.897699,51.425,65.084,90.874,2063.5
Victor_experimento_1_intento_6.mp4,586,4883.333,True,128.000,160.000,0.000,96.000,86.000,-0.177778,0.411111,-0.894082,51.566,66.234,92.312,2070.0
Victor_experimento_1_intento_6.mp4,587,4891.667,True,128.000,160.000,0.000,96.000,86.000,-0.177778,0.411111,-0.894082,51.466,65.548,91.026,2065.5
Victor_experimento_1_intento_6.mp4,588,4900.000,True,128.000,160.000,0.000,96.000,86.000,-0.177778,0.411111,-0.894082,52.558,65.626,90.833,2110.0
Victor_experimento_1_intento_6.mp4,589,4908.333,True,128.000,160.000,0.000,97.000,87.000,-0.172222,0.405556,-0.897699,50.383,66.899,84.921,2084.5
Victor_experimento_1_intento_6.mp4,590,4916.667,True,128.000,160.000,0.000,97.000,87.000,-0.172222,0.405556,-0.897699,50.972,66.497,86.882,2142.0
Victor_experimento_1_intento_6.mp4,591,4925.000,True,128.000,160.000,0.000,98.000,86.000,-0.166667,0.411111,-0.896220,50.266,65.487,88.772,2114.0
Victor_experimento_1_intento_6.mp4,592,4933.333,True,128.000,160.000,0.000,97.000,86.000,-0.172222,0.411111,-0.895169,51.530,67.343,87.133,2162.5
Victor_experimento_1_intento_6.mp4,593,4941.667,True,128.000,160.000,0.000,98.000,87.000,-0.166667,0.405556,-0.898747,50.656,66.618,85.931,2123.5
Victor_experimento_1_intento_6.mp4,594,4950.000,True,128.000,160.000,0.000,98.000,86.000,-0.166667,0.411111,-0.896220,51.910,65.517,85.444,2113.0
Victor_experimento_1_intento_6.mp4,595,4958.333,True,128.000,160.000,0.000,97.000,86.000,-0.172222,0.411111,-0.895169,51.685,65.879,84.948,2093.0
Victor_experimento_1_intento_6.mp4,596,4966.667,True,128.000,160.000,0.000,98.000,86.000,-0.166667,0.411111,-0.896220,51.612,66.436,85.578,2126.0
Victor_experimento_1_intento_6.mp4,597,4975.000,True,128.000,160.000,0.000,98.000,86.000,-0.166667,0.411111,-0.896220,51.907,65.895,89.022,2114.0
Victor_experimento_1_intento_6.mp4,598,4983.333,True,128.000,160.000,0.000,98.000,86.000,-0.166667,0.411111,-0.896220,51.081,66.896,85.497,2153.0
Victor_experimento_1_intento_6.mp4,599,4991.667,True,128.000,160.000,0.000,97.000,87.000,-0.172222,0.405556,-0.897699,50.751,66.383,85.691,2122.5
Victor_experimento_1_intento_6.mp4,600,5000.000,True,128.000,160.000,0.000,97.000,87.000,-0.172222,0.405556,-0.897699,49.616,68.132,85.069,2149.0
Victor_experimento_1_intento_6.mp4,601,5008.333,True,128.000,160.000,0.000,98.000,86.000,-0.166667,0.411111,-0.896220,51.586,62.904,87.063,1939.5
Victor_experimento_1_intento_6.mp4,602,5016.667,True,128.000,160.000,0.000,97.000,86.000,-0.172222,0.411111,-0.895169,52.453,63.328,94.763,1974.0
Victor_experimento_1_intento_6.mp4,603,5025.000,True,128.000,160.000,0.000,97.000,86.000,-0.172222,0.411111,-0.895169,52.235,63.701,92.283,1964.5
Victor_experimento_1_intento_6.mp4,604,5033.333,True,128.000,160.000,0.000,97.000,86.000,-0.172222,0.411111,-0.895169,51.479,64.103,93.254,1984.5
Victor_experimento_1_intento_6.mp4,605,5041.667,True,128.000,160.000,0.000,97.000,86.000,-0.172222,0.411111,-0.895169,51.214,64.115,92.484,1961.5
Victor_experimento_1_intento_6.mp4,606,5050.000,True,128.000,160.000,0.000,97.000,86.000,-0.172222,0.411111,-0.895169,51.334,65.365,91.397,1984.0
Victor_experimento_1_intento_6.mp4,607,5058.333,True,128.000,160.000,0.000,96.000,86.000,-0.177778,0.411111,-0.894082,51.515,64.692,92.255,1978.5
Victor_experimento_1_intento_6.mp4,608,5066.667,True,128.000,160.000,0.000,97.000,86.000,-0.172222,0.411111,-0.895169,51.626,64.295,92.672,1982.5
Victor_experimento_1_intento_6.mp4,609,5075.000,True,128.000,160.000,0.000,97.000,86.000,-0.172222,0.411111,-0.895169,51.852,64.543,91.346,1955.0
Victor_experimento_1_intento_6.mp4,610,5083.333,True,128.000,160.000,0.000,98.000,86.000,-0.166667,0.411111,-0.896220,51.164,64.223,85.423,1993.5
Victor_experimento_1_intento_6.mp4,611,5091.667,True,128.000,160.000,0.000,97.000,86.000,-0.172222,0.411111,-0.895169,50.868,64.169,88.022,1946.0
Victor_experimento_1_intento_6.mp4,612,5100.000,True,128.000,160.000,0.000,98.000,86.000,-0.166667,0.411111,-0.896220,50.338,63.808,86.886,1946.5
Victor_experimento_1_intento_6.mp4,613,5108.333,True,128.000,160.000,0.000,97.000,86.000,-0.172222,0.411111,-0.895169,49.922,65.912,87.897,1973.0
Victor_experimento_1_intento_6.mp4,614,5116.667,True,128.000,160.000,0.000,97.000,86.000,-0.172222,0.411111,-0.895169,50.335,63.968,87.628,1938.5
Victor_experimento_1_intento_6.mp4,615,5125.000,True,128.000,160.000,0.000,98.000,86.000,-0.166667,0.411111,-0.896220,50.544,63.820,88.354,1927.0
Victor_experimento_1_intento_6.mp4,616,5133.333,True,128.000,160.000,0.000,97.000,86.000,-0.172222,0.411111,-0.895169,50.666,65.557,91.944,1945.0
Victor_experimento_1_intento_6.mp4,617,5141.667,True,128.000,160.000,0.000,98.000,86.000,-0.166667,0.411111,-0.896220,50.478,63.767,88.820,1911.5
Victor_experimento_1_intento_6.mp4,618,5150.000,True,128.000,160.000,0.000,98.000,86.000,-0.166667,0.411111,-0.896220,50.116,63.560,88.948,1933.0
Victor_experimento_1_intento_6.mp4,619,5158.333,True,128.000,160.000,0.000,97.000,85.000,-0.172222,0.416667,-0.892596,51.282,64.362,90.956,1962.5
Victor_experimento_1_intento_6.mp4,620,5166.667,True,128.000,160.000,0.000,97.000,86.000,-0.172222,0.411111,-0.895169,50.488,64.310,89.332,1909.5
Victor_experimento_1_intento_6.mp4,621,5175.000,True,128.000,160.000,0.000,98.000,86.000,-0.166667,0.411111,-0.896220,50.486,63.517,89.185,1920.5
Victor_experimento_1_intento_6.mp4,622,5183.333,True,128.000,160.000,0.000,98.000,86.000,-0.166667,0.411111,-0.896220,50.877,62.660,88.360,1909.0
Victor_experimento_1_intento_6.mp4,623,5191.667,True,128.000,160.000,0.000,97.000,86.000,-0.172222,0.411111,-0.895169,51.041,62.809,92.119,1882.0
Victor_experimento_1_intento_6.mp4,624,5200.000,True,128.000,160.000,0.000,97.000,85.000,-0.172222,0.416667,-0.892596,50.458,64.253,91.864,1870.0
Victor_experimento_1_intento_6.mp4,625,5208.333,True,128.000,160.000,0.000,98.000,86.000,-0.166667,0.411111,-0.896220,49.782,63.652,86.687,1908.0
Victor_experimento_1_intento_6.mp4,626,5216.667,True,128.000,160.000,0.000,97.000,86.000,-0.172222,0.411111,-0.895169,50.273,63.837,89.851,1914.0
Victor_experimento_1_intento_6.mp4,627,5225.000,True,128.000,160.000,0.000,97.000,86.000,-0.172222,0.411111,-0.895169,50.008,63.736,87.601,1889.0
Victor_experimento_1_intento_6.mp4,628,5233.333,True,128.000,160.000,0.000,97.000,86.000,-0.172222,0.411111,-0.895169,50.336,64.653,87.834,1916.0
Victor_experimento_1_intento_6.mp4,629,5241.667,True,128.000,160.000,0.000,97.000,86.000,-0.172222,0.411111,-0.895169,49.848,64.048,88.538,1906.0
Victor_experimento_1_intento_6.mp4,630,5250.000,True,128.000,160.000,0.000,97.000,86.000,-0.172222,0.411111,-0.895169,49.612,63.788,93.508,1891.0
Victor_experimento_1_intento_6.mp4,631,5258.333,True,128.000,160.000,0.000,98.000,85.000,-0.166667,0.416667,-0.893650,50.752,62.504,91.033,1823.0
Victor_experimento_1_intento_6.mp4,632,5266.667,True,128.000,160.000,0.000,98.000,86.000,-0.166667,0.411111,-0.896220,49.568,62.805,83.793,1898.5
Victor_experimento_1_intento_6.mp4,633,5275.000,True,128.000,160.000,0.000,98.000,86.000,-0.166667,0.411111,-0.896220,49.145,63.392,88.587,1893.0
Victor_experimento_1_intento_6.mp4,634,5283.333,True,128.000,160.000,0.000,98.000,86.000,-0.166667,0.411111,-0.896220,49.732,62.927,85.775,1873.5
Victor_experimento_1_intento_6.mp4,635,5291.667,True,128.000,160.000,0.000,98.000,86.000,-0.166667,0.411111,-0.896220,49.014,63.082,86.544,1889.0
Victor_experimento_1_intento_6.mp4,636,5300.000,True,128.000,160.000,0.000,98.000,86.000,-0.166667,0.411111,-0.896220,49.392,62.736,87.762,1888.0
Victor_experimento_1_intento_6.mp4,637,5308.333,True,128.000,160.000,0.000,97.000,85.000,-0.172222,0.416667,-0.892596,50.484,63.514,91.322,1885.5
Victor_experimento_1_intento_6.mp4,638,5316.667,True,128.000,160.000,0.000,97.000,86.000,-0.172222,0.411111,-0.895169,49.879,63.151,92.328,1876.0
Victor_experimento_1_intento_6.mp4,639,5325.000,True,128.000,160.000,0.000,98.000,86.000,-0.166667,0.411111,-0.896220,50.273,61.918,88.643,1868.0
Victor_experimento_1_intento_6.mp4,640,5333.333,True,128.000,160.000,0.000,98.000,86.000,-0.166667,0.411111,-0.896220,50.458,61.286,87.279,1858.0
Victor_experimento_1_intento_6.mp4,641,5341.667,True,128.000,160.000,0.000,98.000,85.000,-0.166667,0.416667,-0.893650,50.815,60.856,96.609,1837.0
Victor_experimento_1_intento_6.mp4,642,5350.000,True,128.000,160.000,0.000,99.000,86.000,-0.161111,0.411111,-0.897235,49.533,60.775,85.577,1862.0
Victor_experimento_1_intento_6.mp4,643,5358.333,True,128.000,160.000,0.000,98.000,85.000,-0.166667,0.416667,-0.893650,50.457,60.845,94.566,1814.5
Victor_experimento_1_intento_6.mp4,644,5366.667,True,128.000,160.000,0.000,98.000,85.000,-0.166667,0.416667,-0.893650,50.439,60.863,93.445,1818.5
Victor_experimento_1_intento_6.mp4,645,5375.000,True,128.000,160.000,0.000,98.000,85.000,-0.166667,0.416667,-0.893650,50.644,61.013,95.428,1822.5
Victor_experimento_1_intento_6.mp4,646,5383.333,True,128.000,160.000,0.000,98.000,86.000,-0.166667,0.411111,-0.896220,50.039,60.563,91.135,1802.0
Victor_experimento_1_intento_6.mp4,647,5391.667,True,128.000,160.000,0.000,98.000,85.000,-0.166667,0.416667,-0.893650,50.464,61.524,95.031,1797.0
Victor_experimento_1_intento_6.mp4,648,5400.000,True,128.000,160.000,0.000,98.000,85.000,-0.166667,0.416667,-0.893650,49.541,61.405,91.490,1818.5
Victor_experimento_1_intento_6.mp4,649,5408.333,True,128.000,160.000,0.000,98.000,85.000,-0.166667,0.416667,-0.893650,51.094,60.063,98.726,1776.0
Victor_experimento_1_intento_6.mp4,650,5416.667,True,128.000,160.000,0.000,98.000,86.000,-0.166667,0.411111,-0.896220,49.657,60.399,86.554,1813.5
Victor_experimento_1_intento_6.mp4,651,5425.000,True,128.000,160.000,0.000,98.000,86.000,-0.166667,0.411111,-0.896220,48.877,62.021,89.114,1838.0
Victor_experimento_1_intento_6.mp4,652,5433.333,True,128.000,160.000,0.000,99.000,86.000,-0.161111,0.411111,-0.897235,48.347,61.584,91.039,1839.0
Victor_experimento_1_intento_6.mp4,653,5441.667,True,128.000,160.000,0.000,99.000,86.000,-0.161111,0.411111,-0.897235,47.827,61.649,87.771,1807.0
Victor_experimento_1_intento_6.mp4,654,5450.000,True,128.000,160.000,0.000,98.000,86.000,-0.166667,0.411111,-0.896220,48.358,62.002,90.408,1828.0
Victor_experimento_1_intento_6.mp4,655,5458.333,True,128.000,160.000,0.000,97.000,85.000,-0.172222,0.416667,-0.892596,49.101,62.965,89.895,1826.5
Victor_experimento_1_intento_6.mp4,656,5466.667,True,128.000,160.000,0.000,98.000,86.000,-0.166667,0.411111,-0.896220,48.064,61.434,86.437,1818.0
Victor_experimento_1_intento_6.mp4,657,5475.000,True,128.000,160.000,0.000,98.000,86.000,-0.166667,0.411111,-0.896220,47.601,61.929,89.631,1812.0
Victor_experimento_1_intento_6.mp4,658,5483.333,True,128.000,160.000,0.000,98.000,86.000,-0.166667,0.411111,-0.896220,50.197,59.355,88.818,1822.5
Victor_experimento_1_intento_6.mp4,659,5491.667,True,128.000,160.000,0.000,97.000,85.000,-0.172222,0.416667,-0.892596,49.638,61.642,91.637,1785.5
Victor_experimento_1_intento_6.mp4,660,5500.000,True,128.000,160.000,0.000,97.000,85.000,-0.172222,0.416667,-0.892596,50.326,61.670,91.691,1793.5
Victor_experimento_1_intento_6.mp4,661,5508.333,True,128.000,160.000,0.000,98.000,86.000,-0.166667,0.411111,-0.896220,48.410,60.905,86.698,1823.0
Victor_experimento_1_intento_6.mp4,662,5516.667,True,128.000,160.000,0.000,98.000,85.000,-0.166667,0.416667,-0.893650,49.210,61.775,91.336,1814.0
Victor_experimento_1_intento_6.mp4,663,5525.000,True,128.000,160.000,0.000,98.000,86.000,-0.166667,0.411111,-0.896220,48.030,60.936,84.463,1818.0
Victor_experimento_1_intento_6.mp4,664,5533.333,True,128.000,160.000,0.000,99.000,86.000,-0.161111,0.411111,-0.897235,48.025,61.409,83.352,1818.0
Victor_experimento_1_intento_6.mp4,665,5541.667,True,128.000,160.000,0.000,99.000,86.000,-0.161111,0.411111,-0.897235,48.103,61.502,82.814,1803.5
Victor_experimento_1_intento_6.mp4,666,5550.000,True,128.000,160.000,0.000,98.000,86.000,-0.166667,0.411111,-0.896220,48.132,61.865,85.919,1814.5
Victor_experimento_1_intento_6.mp4,667,5558.333,True,128.000,160.000,0.000,97.000,86.000,-0.172222,0.411111,-0.895169,48.120,61.868,93.518,1782.0
Victor_experimento_1_intento_6.mp4,668,5566.667,True,128.000,160.000,0.000,98.000,86.000,-0.166667,0.411111,-0.896220,48.299,61.313,91.078,1782.0
Victor_experimento_1_intento_6.mp4,669,5575.000,True,128.000,160.000,0.000,98.000,86.000,-0.166667,0.411111,-0.896220,47.766,61.189,89.938,1795.5
Victor_experimento_1_intento_6.mp4,670,5583.333,True,128.000,160.000,0.000,98.000,86.000,-0.166667,0.411111,-0.896220,47.713,62.572,90.351,1777.0
Victor_experimento_1_intento_6.mp4,671,5591.667,True,128.000,160.000,0.000,99.000,86.000,-0.161111,0.411111,-0.897235,47.380,61.370,86.588,1771.5
Victor_experimento_1_intento_6.mp4,672,5600.000,True,128.000,160.000,0.000,98.000,86.000,-0.166667,0.411111,-0.896220,48.350,62.941,88.667,1795.0
Victor_experimento_1_intento_6.mp4,673,5608.333,True,128.000,160.000,0.000,98.000,85.000,-0.166667,0.416667,-0.893650,48.701,61.129,89.727,1755.5
Victor_experimento_1_intento_6.mp4,674,5616.667,True,128.000,160.000,0.000,98.000,85.000,-0.166667,0.416667,-0.893650,48.234,60.442,91.169,1752.0
Victor_experimento_1_intento_6.mp4,675,5625.000,True,128.000,160.000,0.000,98.000,86.000,-0.166667,0.411111,-0.896220,47.851,59.974,91.890,1768.5
Victor_experimento_1_intento_6.mp4,676,5633.333,True,128.000,160.000,0.000,99.000,86.000,-0.161111,0.411111,-0.897235,47.052,60.789,86.908,1762.5
Victor_experimento_1_intento_6.mp4,677,5641.667,True,128.000,160.000,0.000,99.000,86.000,-0.161111,0.411111,-0.897235,47.229,60.452,83.217,1774.5
Victor_experimento_1_intento_6.mp4,678,5650.000,True,128.000,160.000,0.000,99.000,86.000,-0.161111,0.411111,-0.897235,47.183,61.014,86.408,1802.0
Victor_experimento_1_intento_6.mp4,679,5658.333,True,128.000,160.000,0.000,98.000,86.000,-0.166667,0.411111,-0.896220,47.170,60.983,87.557,1771.5
Victor_experimento_1_intento_6.mp4,680,5666.667,True,128.000,160.000,0.000,98.000,85.000,-0.166667,0.416667,-0.893650,47.268,62.742,89.622,1772.0
Victor_experimento_1_intento_6.mp4,681,5675.000,True,128.000,160.000,0.000,98.000,85.000,-0.166667,0.416667,-0.893650,47.285,61.317,88.312,1718.0
Victor_experimento_1_intento_6.mp4,682,5683.333,True,128.000,160.000,0.000,99.000,85.000,-0.161111,0.416667,-0.894669,49.098,60.782,90.529,1781.5
Victor_experimento_1_intento_6.mp4,683,5691.667,True,128.000,160.000,0.000,102.000,85.000,-0.144444,0.416667,-0.897510,46.429,61.068,87.302,1758.0
Victor_experimento_1_intento_6.mp4,684,5700.000,True,128.000,160.000,0.000,102.000,86.000,-0.144444,0.411111,-0.900069,46.492,59.647,84.644,1739.5
Victor_experimento_1_intento_6.mp4,685,5708.333,True,128.000,160.000,0.000,100.000,86.000,-0.155556,0.411111,-0.898215,45.332,61.481,88.428,1740.5
Victor_experimento_1_intento_6.mp4,686,5716.667,True,128.000,160.000,0.000,100.000,85.000,-0.155556,0.416667,-0.895651,47.767,60.863,90.775,1729.0
Victor_experimento_1_intento_6.mp4,687,5725.000,True,128.000,160.000,0.000,100.000,85.000,-0.155556,0.416667,-0.895651,47.298,61.319,91.764,1726.0
Victor_experimento_1_intento_6.mp4,688,5733.333,True,128.000,160.000,0.000,100.000,85.000,-0.155556,0.416667,-0.895651,47.777,61.379,91.887,1752.5
Victor_experimento_1_intento_6.mp4,689,5741.667,True,128.000,160.000,0.000,101.000,85.000,-0.150000,0.416667,-0.896599,47.301,59.940,86.657,1764.5
Victor_experimento_1_intento_6.mp4,690,5750.000,True,128.000,160.000,0.000,100.000,85.000,-0.155556,0.416667,-0.895651,48.075,61.522,89.724,1777.5
Victor_experimento_1_intento_6.mp4,691,5758.333,True,128.000,160.000,0.000,100.000,85.000,-0.155556,0.416667,-0.895651,47.716,61.967,90.853,1763.0
Victor_experimento_1_intento_6.mp4,692,5766.667,True,128.000,160.000,0.000,99.000,85.000,-0.161111,0.416667,-0.894669,47.721,61.994,91.113,1783.0
Victor_experimento_1_intento_6.mp4,693,5775.000,True,128.000,160.000,0.000,100.000,85.000,-0.155556,0.416667,-0.895651,48.172,59.991,88.635,1735.0
Victor_experimento_1_intento_6.mp4,694,5783.333,True,128.000,160.000,0.000,100.000,85.000,-0.155556,0.416667,-0.895651,47.260,61.201,89.130,1775.0
Victor_experimento_1_intento_6.mp4,695,5791.667,True,128.000,160.000,0.000,100.000,85.000,-0.155556,0.416667,-0.895651,47.926,60.500,87.831,1777.0
Victor_experimento_1_intento_6.mp4,696,5800.000,True,128.000,160.000,0.000,100.000,85.000,-0.155556,0.416667,-0.895651,48.492,60.903,92.379,1797.5
Victor_experimento_1_intento_6.mp4,697,5808.333,True,128.000,160.000,0.000,100.000,85.000,-0.155556,0.416667,-0.895651,48.151,61.167,87.020,1795.0
Victor_experimento_1_intento_6.mp4,698,5816.667,True,128.000,160.000,0.000,100.000,86.000,-0.155556,0.411111,-0.898215,47.448,60.622,86.070,1778.5
Victor_experimento_1_intento_6.mp4,699,5825.000,True,128.000,160.000,0.000,100.000,85.000,-0.155556,0.416667,-0.895651,48.401,60.104,88.480,1758.5
Victor_experimento_1_intento_6.mp4,700,5833.333,True,128.000,160.000,0.000,99.000,85.000,-0.161111,0.416667,-0.894669,47.835,62.139,89.775,1830.5
Victor_experimento_1_intento_6.mp4,701,5841.667,True,128.000,160.000,0.000,100.000,85.000,-0.155556,0.416667,-0.895651,47.606,61.187,88.271,1786.5
Victor_experimento_1_intento_6.mp4,702,5850.000,True,128.000,160.000,0.000,100.000,85.000,-0.155556,0.416667,-0.895651,47.244,61.037,90.358,1824.5
Victor_experimento_1_intento_6.mp4,703,5858.333,True,128.000,160.000,0.000,99.000,85.000,-0.161111,0.416667,-0.894669,46.957,61.781,87.389,1788.5
Victor_experimento_1_intento_6.mp4,704,5866.667,True,128.000,160.000,0.000,100.000,85.000,-0.155556,0.416667,-0.895651,47.310,61.552,88.179,1802.0
Victor_experimento_1_intento_6.mp4,705,5875.000,True,128.000,160.000,0.000,100.000,85.000,-0.155556,0.416667,-0.895651,48.055,61.338,90.221,1836.0
Victor_experimento_1_intento_6.mp4,706,5883.333,True,128.000,160.000,0.000,100.000,85.000,-0.155556,0.416667,-0.895651,48.038,62.019,88.957,1867.5
Victor_experimento_1_intento_6.mp4,707,5891.667,True,128.000,160.000,0.000,99.000,85.000,-0.161111,0.416667,-0.894669,48.198,62.341,90.373,1869.5
Victor_experimento_1_intento_6.mp4,708,5900.000,True,128.000,160.000,0.000,100.000,85.000,-0.155556,0.416667,-0.895651,48.356,61.968,88.140,1849.0
Victor_experimento_1_intento_6.mp4,709,5908.333,True,128.000,160.000,0.000,99.000,85.000,-0.161111,0.416667,-0.894669,47.863,62.224,93.077,1853.0
Victor_experimento_1_intento_6.mp4,710,5916.667,True,128.000,160.000,0.000,100.000,85.000,-0.155556,0.416667,-0.895651,47.954,63.486,86.964,1896.0
Victor_experimento_1_intento_6.mp4,711,5925.000,True,128.000,160.000,0.000,99.000,85.000,-0.161111,0.416667,-0.894669,47.480,64.766,87.384,1898.0
Victor_experimento_1_intento_6.mp4,712,5933.333,True,128.000,160.000,0.000,100.000,85.000,-0.155556,0.416667,-0.895651,47.338,64.162,87.510,1898.0
Victor_experimento_1_intento_6.mp4,713,5941.667,True,128.000,160.000,0.000,99.000,85.000,-0.161111,0.416667,-0.894669,47.662,64.450,86.071,1892.5
Victor_experimento_1_intento_6.mp4,714,5950.000,True,128.000,160.000,0.000,99.000,85.000,-0.161111,0.416667,-0.894669,47.584,64.332,86.685,1882.0
Victor_experimento_1_intento_6.mp4,715,5958.333,True,128.000,160.000,0.000,100.000,86.000,-0.155556,0.411111,-0.898215,48.039,61.639,85.085,1858.5
Victor_experimento_1_intento_6.mp4,716,5966.667,True,128.000,160.000,0.000,99.000,85.000,-0.161111,0.416667,-0.894669,48.495,63.643,89.026,1909.5
Victor_experimento_1_intento_6.mp4,717,5975.000,True,128.000,160.000,0.000,99.000,85.000,-0.161111,0.416667,-0.894669,48.133,63.706,90.566,1882.5
Victor_experimento_1_intento_6.mp4,718,5983.333,True,128.000,160.000,0.000,99.000,86.000,-0.161111,0.411111,-0.897235,46.968,66.745,88.688,1910.0
Victor_experimento_1_intento_6.mp4,719,5991.667,True,128.000,160.000,0.000,100.000,85.000,-0.155556,0.416667,-0.895651,48.715,63.823,87.411,1870.5
Victor_experimento_1_intento_6.mp4,720,6000.000,True,128.000,160.000,0.000,100.000,85.000,-0.155556,0.416667,-0.895651,48.083,64.000,88.155,1871.5
Victor_experimento_1_intento_6.mp4,721,6008.333,True,128.000,160.000,0.000,100.000,84.000,-0.155556,0.422222,-0.893046,50.137,61.980,91.167,1869.5
Victor_experimento_1_intento_6.mp4,722,6016.667,True,128.000,160.000,0.000,101.000,85.000,-0.150000,0.416667,-0.896599,50.810,60.113,87.248,1855.0
Victor_experimento_1_intento_6.mp4,723,6025.000,True,128.000,160.000,0.000,100.000,85.000,-0.155556,0.416667,-0.895651,48.996,61.402,87.394,1853.0
Victor_experimento_1_intento_6.mp4,724,6033.333,True,128.000,160.000,0.000,100.000,85.000,-0.155556,0.416667,-0.895651,49.508,62.351,87.704,1898.0
Victor_experimento_1_intento_6.mp4,725,6041.667,True,128.000,160.000,0.000,99.000,85.000,-0.161111,0.416667,-0.894669,50.962,63.002,92.798,1941.0
Victor_experimento_1_intento_6.mp4,726,6050.000,True,128.000,160.000,0.000,99.000,86.000,-0.161111,0.411111,-0.897235,48.716,64.413,92.873,1903.5
Victor_experimento_1_intento_6.mp4,727,6058.333,True,128.000,160.000,0.000,99.000,86.000,-0.161111,0.411111,-0.897235,48.413,65.132,92.093,1936.5
Victor_experimento_1_intento_6.mp4,728,6066.667,True,128.000,160.000,0.000,99.000,85.000,-0.161111,0.416667,-0.894669,48.843,65.562,90.520,1941.0
Victor_experimento_1_intento_6.mp4,729,6075.000,True,128.000,160.000,0.000,99.000,86.000,-0.161111,0.411111,-0.897235,48.802,64.210,87.094,1931.0
Victor_experimento_1_intento_6.mp4,730,6083.333,True,128.000,160.000,0.000,99.000,86.000,-0.161111,0.411111,-0.897235,48.349,65.407,88.591,1983.0
Victor_experimento_1_intento_6.mp4,731,6091.667,True,128.000,160.000,0.000,99.000,86.000,-0.161111,0.411111,-0.897235,49.315,65.163,89.628,1967.0
Victor_experimento_1_intento_6.mp4,732,6100.000,True,128.000,160.000,0.000,101.000,86.000,-0.150000,0.411111,-0.899159,48.473,61.770,84.220,1921.0
Victor_experimento_1_intento_6.mp4,733,6108.333,True,128.000,160.000,0.000,99.000,86.000,-0.161111,0.411111,-0.897235,48.705,65.152,89.189,1927.5
Victor_experimento_1_intento_6.mp4,734,6116.667,True,128.000,160.000,0.000,99.000,85.000,-0.161111,0.416667,-0.894669,49.132,64.309,87.614,1923.0
Victor_experimento_1_intento_6.mp4,735,6125.000,True,128.000,160.000,0.000,99.000,85.000,-0.161111,0.416667,-0.894669,48.637,64.162,90.753,1877.0
Victor_experimento_1_intento_6.mp4,736,6133.333,True,128.000,160.000,0.000,99.000,85.000,-0.161111,0.416667,-0.894669,48.935,64.528,87.842,1976.0
Victor_experimento_1_intento_6.mp4,737,6141.667,True,128.000,160.000,0.000,99.000,86.000,-0.161111,0.411111,-0.897235,48.462,65.093,85.391,1945.0
Victor_experimento_1_intento_6.mp4,738,6150.000,True,128.000,160.000,0.000,100.000,86.000,-0.155556,0.411111,-0.898215,47.790,63.949,85.529,1956.5
Victor_experimento_1_intento_6.mp4,739,6158.333,True,128.000,160.000,0.000,99.000,86.000,-0.161111,0.411111,-0.897235,48.490,64.943,88.079,1957.0
Victor_experimento_1_intento_6.mp4,740,6166.667,True,128.000,160.000,0.000,100.000,86.000,-0.155556,0.411111,-0.898215,49.466,64.260,85.267,1992.5
Victor_experimento_1_intento_6.mp4,741,6175.000,True,128.000,160.000,0.000,99.000,85.000,-0.161111,0.416667,-0.894669,49.552,64.902,84.474,1982.5
Victor_experimento_1_intento_6.mp4,742,6183.333,True,128.000,160.000,0.000,99.000,86.000,-0.161111,0.411111,-0.897235,48.907,64.838,86.292,1955.5
Victor_experimento_1_intento_6.mp4,743,6191.667,True,128.000,160.000,0.000,99.000,86.000,-0.161111,0.411111,-0.897235,49.289,65.233,86.442,1952.5
Victor_experimento_1_intento_6.mp4,744,6200.000,True,128.000,160.000,0.000,99.000,86.000,-0.161111,0.411111,-0.897235,48.355,64.955,87.834,1931.5
Victor_experimento_1_intento_6.mp4,745,6208.333,True,128.000,160.000,0.000,99.000,85.000,-0.161111,0.416667,-0.894669,49.855,63.980,88.526,1977.5
Victor_experimento_1_intento_6.mp4,746,6216.667,True,128.000,160.000,0.000,99.000,86.000,-0.161111,0.411111,-0.897235,50.006,64.466,87.838,1974.5
Victor_experimento_1_intento_6.mp4,747,6225.000,True,128.000,160.000,0.000,99.000,86.000,-0.161111,0.411111,-0.897235,48.761,65.492,86.543,1978.5
Victor_experimento_1_intento_6.mp4,748,6233.333,True,128.000,160.000,0.000,99.000,86.000,-0.161111,0.411111,-0.897235,49.651,64.469,88.122,1979.0
Victor_experimento_1_intento_6.mp4,749,6241.667,True,128.000,160.000,0.000,99.000,86.000,-0.161111,0.411111,-0.897235,49.257,64.179,86.296,1969.0
Victor_experimento_1_intento_6.mp4,750,6250.000,True,128.000,160.000,0.000,99.000,86.000,-0.161111,0.411111,-0.897235,49.329,65.830,88.507,1960.5
Victor_experimento_1_intento_6.mp4,751,6258.333,True,128.000,160.000,0.000,100.000,86.000,-0.155556,0.411111,-0.898215,49.649,63.024,83.143,1961.5
Victor_experimento_1_intento_6.mp4,752,6266.667,True,128.000,160.000,0.000,99.000,86.000,-0.161111,0.411111,-0.897235,48.996,65.622,85.699,2017.0
Victor_experimento_1_intento_6.mp4,753,6275.000,True,128.000,160.000,0.000,99.000,85.000,-0.161111,0.416667,-0.894669,49.409,64.754,89.617,1973.5
Victor_experimento_1_intento_6.mp4,754,6283.333,True,128.000,160.000,0.000,99.000,86.000,-0.161111,0.411111,-0.897235,49.684,64.958,88.606,1968.5
Victor_experimento_1_intento_6.mp4,755,6291.667,True,128.000,160.000,0.000,99.000,86.000,-0.161111,0.411111,-0.897235,49.144,64.423,86.953,1999.0
Victor_experimento_1_intento_6.mp4,756,6300.000,True,128.000,160.000,0.000,99.000,86.000,-0.161111,0.411111,-0.897235,49.893,64.871,88.285,1995.5
Victor_experimento_1_intento_6.mp4,757,6308.333,True,128.000,160.000,0.000,99.000,86.000,-0.161111,0.411111,-0.897235,47.895,65.507,87.243,1958.5
Victor_experimento_1_intento_6.mp4,758,6316.667,True,128.000,160.000,0.000,99.000,86.000,-0.161111,0.411111,-0.897235,49.371,63.929,87.020,1983.0
Victor_experimento_1_intento_6.mp4,759,6325.000,True,128.000,160.000,0.000,99.000,86.000,-0.161111,0.411111,-0.897235,49.771,63.847,85.917,1998.5
Victor_experimento_1_intento_6.mp4,760,6333.333,True,128.000,160.000,0.000,100.000,86.000,-0.155556,0.411111,-0.898215,49.094,63.818,85.061,1979.5
Victor_experimento_1_intento_6.mp4,761,6341.667,True,128.000,160.000,0.000,100.000,87.000,-0.155556,0.405556,-0.900737,48.207,64.095,81.747,2005.0
Victor_experimento_1_intento_6.mp4,762,6350.000,True,128.000,160.000,0.000,99.000,86.000,-0.161111,0.411111,-0.897235,49.427,64.338,86.346,1974.0
Victor_experimento_1_intento_6.mp4,763,6358.333,True,128.000,160.000,0.000,99.000,86.000,-0.161111,0.411111,-0.897235,49.197,64.554,88.084,1972.5
Victor_experimento_1_intento_6.mp4,764,6366.667,True,128.000,160.000,0.000,99.000,86.000,-0.161111,0.411111,-0.897235,49.978,63.690,87.983,1962.5
Victor_experimento_1_intento_6.mp4,765,6375.000,True,128.000,160.000,0.000,99.000,86.000,-0.161111,0.411111,-0.897235,49.800,63.645,87.246,1978.0
Victor_experimento_1_intento_6.mp4,766,6383.333,True,128.000,160.000,0.000,100.000,86.000,-0.155556,0.411111,-0.898215,49.244,63.010,85.124,1971.5
Victor_experimento_1_intento_6.mp4,767,6391.667,True,128.000,160.000,0.000,99.000,86.000,-0.161111,0.411111,-0.897235,48.837,65.103,86.087,1975.5
Victor_experimento_1_intento_6.mp4,768,6400.000,True,128.000,160.000,0.000,100.000,86.000,-0.155556,0.411111,-0.898215,50.180,62.484,87.994,1937.0
Victor_experimento_1_intento_6.mp4,769,6408.333,True,128.000,160.000,0.000,99.000,86.000,-0.161111,0.411111,-0.897235,49.898,64.741,84.995,2030.5
Victor_experimento_1_intento_6.mp4,770,6416.667,True,128.000,160.000,0.000,99.000,86.000,-0.161111,0.411111,-0.897235,48.993,65.029,85.855,2010.0
Victor_experimento_1_intento_6.mp4,771,6425.000,True,128.000,160.000,0.000,99.000,86.000,-0.161111,0.411111,-0.897235,49.245,63.913,87.412,2005.5
Victor_experimento_1_intento_6.mp4,772,6433.333,True,128.000,160.000,0.000,99.000,86.000,-0.161111,0.411111,-0.897235,50.296,63.996,88.393,2014.0
Victor_experimento_1_intento_6.mp4,773,6441.667,True,128.000,160.000,0.000,98.000,85.000,-0.166667,0.416667,-0.893650,51.061,64.665,92.233,2011.5
Victor_experimento_1_intento_6.mp4,774,6450.000,True,128.000,160.000,0.000,98.000,85.000,-0.166667,0.416667,-0.893650,49.906,65.907,87.047,2022.5
Victor_experimento_1_intento_6.mp4,775,6458.333,True,128.000,160.000,0.000,99.000,86.000,-0.161111,0.411111,-0.897235,50.043,65.173,87.049,2032.0
Victor_experimento_1_intento_6.mp4,776,6466.667,True,128.000,160.000,0.000,99.000,85.000,-0.161111,0.416667,-0.894669,50.846,64.944,89.303,2019.5
Victor_experimento_1_intento_6.mp4,777,6475.000,True,128.000,160.000,0.000,99.000,85.000,-0.161111,0.416667,-0.894669,50.047,65.817,85.971,2010.5
Victor_experimento_1_intento_6.mp4,778,6483.333,True,128.000,160.000,0.000,98.000,85.000,-0.166667,0.416667,-0.893650,50.976,66.281,89.705,2030.5
Victor_experimento_1_intento_6.mp4,779,6491.667,True,128.000,160.000,0.000,99.000,85.000,-0.161111,0.416667,-0.894669,50.591,65.639,87.110,2021.5
Victor_experimento_1_intento_6.mp4,780,6500.000,True,128.000,160.000,0.000,99.000,85.000,-0.161111,0.416667,-0.894669,50.845,65.973,87.941,2057.5
Victor_experimento_1_intento_6.mp4,781,6508.333,True,128.000,160.000,0.000,100.000,86.000,-0.155556,0.411111,-0.898215,50.173,63.527,86.772,1980.0
Victor_experimento_1_intento_6.mp4,782,6516.667,True,128.000,160.000,0.000,100.000,86.000,-0.155556,0.411111,-0.898215,49.343,64.870,88.633,2029.0
Victor_experimento_1_intento_6.mp4,783,6525.000,True,128.000,160.000,0.000,100.000,86.000,-0.155556,0.411111,-0.898215,50.004,63.990,88.202,2029.0
Victor_experimento_1_intento_6.mp4,784,6533.333,True,128.000,160.000,0.000,99.000,86.000,-0.161111,0.411111,-0.897235,49.640,65.587,86.952,2074.0
Victor_experimento_1_intento_6.mp4,785,6541.667,True,128.000,160.000,0.000,100.000,86.000,-0.155556,0.411111,-0.898215,50.292,64.706,88.459,2054.5
Victor_experimento_1_intento_6.mp4,786,6550.000,True,128.000,160.000,0.000,99.000,86.000,-0.161111,0.411111,-0.897235,51.303,65.773,87.737,2119.5
Victor_experimento_1_intento_6.mp4,787,6558.333,True,128.000,160.000,0.000,99.000,85.000,-0.161111,0.416667,-0.894669,51.579,66.306,88.395,2110.5
Victor_experimento_1_intento_6.mp4,788,6566.667,True,128.000,160.000,0.000,99.000,86.000,-0.161111,0.411111,-0.897235,49.935,66.563,89.016,2083.0
Victor_experimento_1_intento_6.mp4,789,6575.000,True,128.000,160.000,0.000,99.000,86.000,-0.161111,0.411111,-0.897235,51.054,65.729,88.682,2098.0
Victor_experimento_1_intento_6.mp4,790,6583.333,True,128.000,160.000,0.000,104.000,86.000,-0.133333,0.411111,-0.901782,49.954,65.398,88.149,2090.5
Victor_experimento_1_intento_6.mp4,791,6591.667,True,128.000,160.000,0.000,117.000,85.000,-0.061111,0.416667,-0.907003,49.954,64.147,87.189,2064.5
Victor_experimento_1_intento_6.mp4,792,6600.000,True,128.000,160.000,0.000,132.000,85.000,0.022222,0.416667,-0.908788,51.626,59.132,86.088,2165.0
Victor_experimento_1_intento_6.mp4,793,6608.333,True,128.000,160.000,0.000,145.000,85.000,0.094444,0.416667,-0.904140,50.825,61.018,102.327,2236.0
Victor_experimento_1_intento_6.mp4,794,6616.667,True,128.000,160.000,0.000,155.000,85.000,0.150000,0.416667,-0.896599,49.754,64.207,117.464,2317.5
Victor_experimento_1_intento_6.mp4,795,6625.000,True,128.000,160.000,0.000,166.000,85.000,0.211111,0.416667,-0.884206,47.738,66.235,122.280,2350.0
Victor_experimento_1_intento_6.mp4,796,6633.333,True,128.000,160.000,0.000,176.000,87.000,0.266667,0.405556,-0.874307,45.736,66.752,123.565,2278.0
Victor_experimento_1_intento_6.mp4,797,6641.667,True,128.000,160.000,0.000,184.000,89.000,0.311111,0.394444,-0.864652,44.383,67.979,123.976,2234.5
Victor_experimento_1_intento_6.mp4,798,6650.000,True,128.000,160.000,0.000,190.000,91.000,0.344444,0.383333,-0.856979,43.768,66.663,125.571,2198.0
Victor_experimento_1_intento_6.mp4,799,6658.333,True,128.000,160.000,0.000,194.000,92.000,0.366667,0.377778,-0.850200,43.477,65.810,129.029,2147.0
Victor_experimento_1_intento_6.mp4,800,6666.667,True,128.000,160.000,0.000,196.000,93.000,0.377778,0.372222,-0.847782,43.617,66.031,128.659,2171.0
Victor_experimento_1_intento_6.mp4,801,6675.000,True,128.000,160.000,0.000,196.000,94.000,0.377778,0.366667,-0.850200,44.027,65.990,128.473,2195.5
Victor_experimento_1_intento_6.mp4,802,6683.333,True,128.000,160.000,0.000,196.000,93.000,0.377778,0.372222,-0.847782,44.452,65.831,127.212,2238.0
Victor_experimento_1_intento_6.mp4,803,6691.667,True,128.000,160.000,0.000,196.000,93.000,0.377778,0.372222,-0.847782,44.033,66.533,128.462,2211.5
Victor_experimento_1_intento_6.mp4,804,6700.000,True,128.000,160.000,0.000,196.000,93.000,0.377778,0.372222,-0.847782,43.841,66.394,128.880,2199.5
Victor_experimento_1_intento_6.mp4,805,6708.333,True,128.000,160.000,0.000,197.000,94.000,0.383333,0.366667,-0.847709,43.279,64.847,128.211,2156.0
Victor_experimento_1_intento_6.mp4,806,6716.667,True,128.000,160.000,0.000,196.000,93.000,0.377778,0.372222,-0.847782,43.160,67.097,128.792,2167.5
Victor_experimento_1_intento_6.mp4,807,6725.000,True,128.000,160.000,0.000,196.000,93.000,0.377778,0.372222,-0.847782,43.151,66.368,129.104,2171.0
Victor_experimento_1_intento_6.mp4,808,6733.333,True,128.000,160.000,0.000,197.000,93.000,0.383333,0.372222,-0.845285,41.856,64.993,130.105,2064.0
Victor_experimento_1_intento_6.mp4,809,6741.667,True,128.000,160.000,0.000,196.000,93.000,0.377778,0.372222,-0.847782,41.575,65.763,129.070,2058.5
Victor_experimento_1_intento_6.mp4,810,6750.000,True,128.000,160.000,0.000,196.000,93.000,0.377778,0.372222,-0.847782,42.032,65.196,129.136,2064.0
Victor_experimento_1_intento_6.mp4,811,6758.333,True,128.000,160.000,0.000,197.000,93.000,0.383333,0.372222,-0.845285,41.487,64.580,130.099,2033.5
Victor_experimento_1_intento_6.mp4,812,6766.667,True,128.000,160.000,0.000,197.000,93.000,0.383333,0.372222,-0.845285,41.424,64.762,131.025,2031.0
Victor_experimento_1_intento_6.mp4,813,6775.000,True,128.000,160.000,0.000,197.000,93.000,0.383333,0.372222,-0.845285,41.541,64.979,131.972,2027.5
Victor_experimento_1_intento_6.mp4,814,6783.333,True,128.000,160.000,0.000,197.000,93.000,0.383333,0.372222,-0.845285,41.697,64.267,130.458,2024.5
Victor_experimento_1_intento_6.mp4,815,6791.667,True,128.000,160.000,0.000,197.000,93.000,0.383333,0.372222,-0.845285,41.739,64.300,130.450,2021.0
Victor_experimento_1_intento_6.mp4,816,6800.000,True,128.000,160.000,0.000,196.000,93.000,0.377778,0.372222,-0.847782,41.355,64.239,130.574,2018.0
Victor_experimento_1_intento_6.mp4,817,6808.333,True,128.000,160.000,0.000,197.000,93.000,0.383333,0.372222,-0.845285,41.396,64.137,131.282,2004.5
Victor_experimento_1_intento_6.mp4,818,6816.667,True,128.000,160.000,0.000,197.000,93.000,0.383333,0.372222,-0.845285,40.692,64.105,131.066,2000.0
Victor_experimento_1_intento_6.mp4,819,6825.000,True,128.000,160.000,0.000,197.000,92.000,0.383333,0.377778,-0.842816,41.114,63.926,131.374,1995.5
Victor_experimento_1_intento_6.mp4,820,6833.333,True,128.000,160.000,0.000,197.000,93.000,0.383333,0.372222,-0.845285,40.594,63.024,131.490,1914.5
Victor_experimento_1_intento_6.mp4,821,6841.667,True,128.000,160.000,0.000,196.000,92.000,0.377778,0.377778,-0.845321,40.063,63.062,131.160,1923.5
Victor_experimento_1_intento_6.mp4,822,6850.000,True,128.000,160.000,0.000,197.000,92.000,0.383333,0.377778,-0.842816,40.234,63.516,131.513,1935.5
Victor_experimento_1_intento_6.mp4,823,6858.333,True,128.000,160.000,0.000,199.000,93.000,0.394444,0.372222,-0.840157,39.546,64.069,132.108,1914.5
Victor_experimento_1_intento_6.mp4,824,6866.667,True,128.000,160.000,0.000,202.000,94.000,0.411111,0.366667,-0.834592,38.867,63.746,132.402,1881.0
Victor_experimento_1_intento_6.mp4,825,6875.000,True,128.000,160.000,0.000,200.000,94.000,0.400000,0.366667,-0.839974,39.182,63.033,131.457,1884.0
Victor_experimento_1_intento_6.mp4,826,6883.333,True,128.000,160.000,0.000,199.000,94.000,0.394444,0.366667,-0.842597,40.607,64.061,131.510,1979.0
Victor_experimento_1_intento_6.mp4,827,6891.667,True,128.000,160.000,0.000,200.000,94.000,0.400000,0.366667,-0.839974,40.222,63.813,133.007,1952.5
Victor_experimento_1_intento_6.mp4,828,6900.000,True,128.000,160.000,0.000,200.000,94.000,0.400000,0.366667,-0.839974,40.480,63.600,131.894,1974.5
Victor_experimento_1_intento_6.mp4,829,6908.333,True,128.000,160.000,0.000,200.000,94.000,0.400000,0.366667,-0.839974,40.313,64.387,131.660,1968.0
Victor_experimento_1_intento_6.mp4,830,6916.667,True,128.000,160.000,0.000,200.000,94.000,0.400000,0.366667,-0.839974,40.823,64.364,131.122,1989.0
Victor_experimento_1_intento_6.mp4,831,6925.000,True,128.000,160.000,0.000,200.000,94.000,0.400000,0.366667,-0.839974,40.505,64.354,131.326,1974.0
Victor_experimento_1_intento_6.mp4,832,6933.333,True,128.000,160.000,0.000,200.000,94.000,0.400000,0.366667,-0.839974,40.529,64.053,132.148,1972.5
Victor_experimento_1_intento_6.mp4,833,6941.667,True,128.000,160.000,0.000,200.000,94.000,0.400000,0.366667,-0.839974,40.301,64.242,132.417,1965.0
Victor_experimento_1_intento_6.mp4,834,6950.000,True,128.000,160.000,0.000,200.000,94.000,0.400000,0.366667,-0.839974,40.514,64.768,131.080,1962.0
Victor_experimento_1_intento_6.mp4,835,6958.333,True,128.000,160.000,0.000,200.000,94.000,0.400000,0.366667,-0.839974,40.410,64.175,132.243,1951.5
Victor_experimento_1_intento_6.mp4,836,6966.667,True,128.000,160.000,0.000,200.000,94.000,0.400000,0.366667,-0.839974,40.467,64.506,131.568,1965.5
Victor_experimento_1_intento_6.mp4,837,6975.000,True,128.000,160.000,0.000,200.000,94.000,0.400000,0.366667,-0.839974,40.482,64.626,131.883,1976.0
Victor_experimento_1_intento_6.mp4,838,6983.333,True,128.000,160.000,0.000,200.000,94.000,0.400000,0.366667,-0.839974,40.506,64.066,131.752,1983.5
Victor_experimento_1_intento_6.mp4,839,6991.667,True,128.000,160.000,0.000,200.000,94.000,0.400000,0.366667,-0.839974,40.240,63.923,131.943,1963.0
Victor_experimento_1_intento_6.mp4,840,7000.000,True,128.000,160.000,0.000,200.000,94.000,0.400000,0.366667,-0.839974,39.964,64.632,131.675,1949.5
Victor_experimento_1_intento_6.mp4,841,7008.333,True,128.000,160.000,0.000,200.000,94.000,0.400000,0.366667,-0.839974,40.011,65.074,131.484,1955.0
Victor_experimento_1_intento_6.mp4,842,7016.667,True,128.000,160.000,0.000,200.000,94.000,0.400000,0.366667,-0.839974,39.990,65.329,131.304,1969.5
Victor_experimento_1_intento_6.mp4,843,7025.000,True,128.000,160.000,0.000,200.000,93.000,0.400000,0.372222,-0.837526,39.908,66.018,130.893,1981.5
Victor_experimento_1_intento_6.mp4,844,7033.333,True,128.000,160.000,0.000,200.000,94.000,0.400000,0.366667,-0.839974,40.423,64.332,132.616,1971.5
Victor_experimento_1_intento_6.mp4,845,7041.667,True,128.000,160.000,0.000,200.000,94.000,0.400000,0.366667,-0.839974,40.316,65.112,130.730,1992.5
Victor_experimento_1_intento_6.mp4,846,7050.000,True,128.000,160.000,0.000,200.000,94.000,0.400000,0.366667,-0.839974,40.004,64.864,130.527,1988.5
Victor_experimento_1_intento_6.mp4,847,7058.333,True,128.000,160.000,0.000,200.000,93.000,0.400000,0.372222,-0.837526,40.311,65.626,130.313,1989.5
Victor_experimento_1_intento_6.mp4,848,7066.667,True,128.000,160.000,0.000,200.000,94.000,0.400000,0.366667,-0.839974,40.439,65.028,132.152,1986.5
Victor_experimento_1_intento_6.mp4,849,7075.000,True,128.000,160.000,0.000,200.000,94.000,0.400000,0.366667,-0.839974,40.545,64.929,132.020,1993.0
Victor_experimento_1_intento_6.mp4,850,7083.333,True,128.000,160.000,0.000,200.000,94.000,0.400000,0.366667,-0.839974,40.793,65.129,130.167,2003.0
Victor_experimento_1_intento_6.mp4,851,7091.667,True,128.000,160.000,0.000,200.000,94.000,0.400000,0.366667,-0.839974,40.476,64.950,130.974,2001.0
Victor_experimento_1_intento_6.mp4,852,7100.000,True,128.000,160.000,0.000,200.000,94.000,0.400000,0.366667,-0.839974,40.533,65.161,130.329,2004.5
Victor_experimento_1_intento_6.mp4,853,7108.333,True,128.000,160.000,0.000,200.000,94.000,0.400000,0.366667,-0.839974,40.605,64.591,130.613,1996.5
Victor_experimento_1_intento_6.mp4,854,7116.667,True,128.000,160.000,0.000,200.000,94.000,0.400000,0.366667,-0.839974,40.892,65.139,131.306,2011.0
Victor_experimento_1_intento_6.mp4,855,7125.000,True,128.000,160.000,0.000,200.000,94.000,0.400000,0.366667,-0.839974,40.641,65.128,130.913,2007.0
Victor_experimento_1_intento_6.mp4,856,7133.333,True,128.000,160.000,0.000,200.000,94.000,0.400000,0.366667,-0.839974,41.025,65.293,132.150,2026.0
Victor_experimento_1_intento_6.mp4,857,7141.667,True,128.000,160.000,0.000,200.000,94.000,0.400000,0.366667,-0.839974,40.689,64.615,131.521,1990.5
Victor_experimento_1_intento_6.mp4,858,7150.000,True,128.000,160.000,0.000,200.000,94.000,0.400000,0.366667,-0.839974,40.511,65.762,130.758,1998.0
Victor_experimento_1_intento_6.mp4,859,7158.333,True,128.000,160.000,0.000,200.000,94.000,0.400000,0.366667,-0.839974,40.818,64.893,130.166,1998.5
Victor_experimento_1_intento_6.mp4,860,7166.667,True,128.000,160.000,0.000,200.000,94.000,0.400000,0.366667,-0.839974,40.915,64.405,132.558,2011.0
Victor_experimento_1_intento_6.mp4,861,7175.000,True,128.000,160.000,0.000,200.000,94.000,0.400000,0.366667,-0.839974,40.623,65.497,131.735,2024.0
Victor_experimento_1_intento_6.mp4,862,7183.333,True,128.000,160.000,0.000,200.000,94.000,0.400000,0.366667,-0.839974,40.730,65.422,131.443,2022.0
Victor_experimento_1_intento_6.mp4,863,7191.667,True,128.000,160.000,0.000,200.000,94.000,0.400000,0.366667,-0.839974,40.907,65.071,131.285,2029.5
Victor_experimento_1_intento_6.mp4,864,7200.000,True,128.000,160.000,0.000,200.000,94.000,0.400000,0.366667,-0.839974,40.700,65.156,132.102,2010.5
Victor_experimento_1_intento_6.mp4,865,7208.333,True,128.000,160.000,0.000,200.000,94.000,0.400000,0.366667,-0.839974,40.835,65.427,131.163,2005.0
Victor_experimento_1_intento_6.mp4,866,7216.667,True,128.000,160.000,0.000,200.000,94.000,0.400000,0.366667,-0.839974,41.303,65.734,132.038,2029.5
Victor_experimento_1_intento_6.mp4,867,7225.000,True,128.000,160.000,0.000,200.000,94.000,0.400000,0.366667,-0.839974,40.695,65.835,130.930,2017.5
Victor_experimento_1_intento_6.mp4,868,7233.333,True,128.000,160.000,0.000,200.000,94.000,0.400000,0.366667,-0.839974,40.930,66.571,133.150,2029.0
Victor_experimento_1_intento_6.mp4,869,7241.667,True,128.000,160.000,0.000,200.000,94.000,0.400000,0.366667,-0.839974,40.649,65.514,131.756,2017.5
Victor_experimento_1_intento_6.mp4,870,7250.000,True,128.000,160.000,0.000,200.000,94.000,0.400000,0.366667,-0.839974,40.472,65.655,131.569,2013.0
Victor_experimento_1_intento_6.mp4,871,7258.333,True,128.000,160.000,0.000,200.000,94.000,0.400000,0.366667,-0.839974,40.705,65.802,131.111,2022.5
Victor_experimento_1_intento_6.mp4,872,7266.667,True,128.000,160.000,0.000,200.000,94.000,0.400000,0.366667,-0.839974,40.846,65.678,130.896,2022.0
Victor_experimento_1_intento_6.mp4,873,7275.000,True,128.000,160.000,0.000,200.000,94.000,0.400000,0.366667,-0.839974,40.774,64.784,131.610,1987.0
Victor_experimento_1_intento_6.mp4,874,7283.333,True,128.000,160.000,0.000,200.000,94.000,0.400000,0.366667,-0.839974,40.807,65.254,132.054,2015.0
Victor_experimento_1_intento_6.mp4,875,7291.667,True,128.000,160.000,0.000,200.000,94.000,0.400000,0.366667,-0.839974,40.802,64.428,131.251,2003.0
Victor_experimento_1_intento_6.mp4,876,7300.000,True,128.000,160.000,0.000,200.000,94.000,0.400000,0.366667,-0.839974,40.552,64.897,131.264,1998.5
Victor_experimento_1_intento_6.mp4,877,7308.333,True,128.000,160.000,0.000,200.000,94.000,0.400000,0.366667,-0.839974,40.480,64.988,130.770,1985.0
Victor_experimento_1_intento_6.mp4,878,7316.667,True,128.000,160.000,0.000,200.000,94.000,0.400000,0.366667,-0.839974,40.702,65.132,130.351,1994.0
Victor_experimento_1_intento_6.mp4,879,7325.000,True,128.000,160.000,0.000,200.000,94.000,0.400000,0.366667,-0.839974,40.401,65.067,131.076,1978.5
Victor_experimento_1_intento_6.mp4,880,7333.333,True,128.000,160.000,0.000,200.000,94.000,0.400000,0.366667,-0.839974,40.780,64.604,132.854,1997.5
Victor_experimento_1_intento_6.mp4,881,7341.667,True,128.000,160.000,0.000,200.000,94.000,0.400000,0.366667,-0.839974,40.215,65.015,131.797,1973.5
Victor_experimento_1_intento_6.mp4,882,7350.000,True,128.000,160.000,0.000,200.000,94.000,0.400000,0.366667,-0.839974,39.873,65.274,130.601,1949.0
Victor_experimento_1_intento_6.mp4,883,7358.333,True,128.000,160.000,0.000,200.000,94.000,0.400000,0.366667,-0.839974,39.715,65.379,130.596,1937.5
Victor_experimento_1_intento_6.mp4,884,7366.667,True,128.000,160.000,0.000,200.000,94.000,0.400000,0.366667,-0.839974,40.183,63.258,131.262,1930.0
Victor_experimento_1_intento_6.mp4,885,7375.000,True,128.000,160.000,0.000,200.000,94.000,0.400000,0.366667,-0.839974,40.204,63.013,131.326,1922.5
Victor_experimento_1_intento_6.mp4,886,7383.333,True,128.000,160.000,0.000,200.000,94.000,0.400000,0.366667,-0.839974,40.392,63.217,132.754,1931.0
Victor_experimento_1_intento_6.mp4,887,7391.667,True,128.000,160.000,0.000,200.000,94.000,0.400000,0.366667,-0.839974,40.100,63.490,130.022,1929.5
Victor_experimento_1_intento_6.mp4,888,7400.000,True,128.000,160.000,0.000,200.000,94.000,0.400000,0.366667,-0.839974,39.911,62.564,131.763,1920.0
Victor_experimento_1_intento_6.mp4,889,7408.333,True,128.000,160.000,0.000,200.000,94.000,0.400000,0.366667,-0.839974,40.050,63.307,130.280,1915.0
Victor_experimento_1_intento_6.mp4,890,7416.667,True,128.000,160.000,0.000,200.000,94.000,0.400000,0.366667,-0.839974,40.124,63.405,130.220,1931.0
Victor_experimento_1_intento_6.mp4,891,7425.000,True,128.000,160.000,0.000,200.000,94.000,0.400000,0.366667,-0.839974,39.884,63.615,131.756,1934.5
Victor_experimento_1_intento_6.mp4,892,7433.333,True,128.000,160.000,0.000,200.000,94.000,0.400000,0.366667,-0.839974,40.169,63.514,131.249,1933.0
Victor_experimento_1_intento_6.mp4,893,7441.667,True,128.000,160.000,0.000,200.000,94.000,0.400000,0.366667,-0.839974,39.927,62.689,130.088,1919.5
Victor_experimento_1_intento_6.mp4,894,7450.000,True,128.000,160.000,0.000,200.000,94.000,0.400000,0.366667,-0.839974,39.840,63.067,130.618,1902.0
Victor_experimento_1_intento_6.mp4,895,7458.333,True,128.000,160.000,0.000,200.000,94.000,0.400000,0.366667,-0.839974,40.107,62.419,130.948,1922.5
Victor_experimento_1_intento_6.mp4,896,7466.667,True,128.000,160.000,0.000,200.000,94.000,0.400000,0.366667,-0.839974,39.992,62.381,130.479,1903.0
Victor_experimento_1_intento_6.mp4,897,7475.000,True,128.000,160.000,0.000,200.000,94.000,0.400000,0.366667,-0.839974,39.930,62.436,130.582,1890.5
Victor_experimento_1_intento_6.mp4,898,7483.333,True,128.000,160.000,0.000,200.000,94.000,0.400000,0.366667,-0.839974,39.791,63.010,130.237,1915.0
Victor_experimento_1_intento_6.mp4,899,7491.667,True,128.000,160.000,0.000,200.000,94.000,0.400000,0.366667,-0.839974,40.010,62.335,131.518,1896.0
Victor_experimento_1_intento_6.mp4,900,7500.000,True,128.000,160.000,0.000,200.000,94.000,0.400000,0.366667,-0.839974,39.344,62.888,131.175,1885.0
Victor_experimento_1_intento_6.mp4,901,7508.333,True,128.000,160.000,0.000,200.000,94.000,0.400000,0.366667,-0.839974,39.610,62.608,131.145,1888.0
Victor_experimento_1_intento_6.mp4,902,7516.667,True,128.000,160.000,0.000,200.000,94.000,0.400000,0.366667,-0.839974,39.561,62.453,131.090,1889.0
Victor_experimento_1_intento_6.mp4,903,7525.000,True,128.000,160.000,0.000,201.000,94.000,0.405556,0.366667,-0.837305,39.834,61.884,131.889,1881.5
Victor_experimento_1_intento_6.mp4,904,7533.333,True,128.000,160.000,0.000,200.000,94.000,0.400000,0.366667,-0.839974,40.126,61.976,129.942,1911.5
Victor_experimento_1_intento_6.mp4,905,7541.667,True,128.000,160.000,0.000,200.000,94.000,0.400000,0.366667,-0.839974,39.547,62.970,131.046,1894.0
Victor_experimento_1_intento_6.mp4,906,7550.000,True,128.000,160.000,0.000,201.000,94.000,0.405556,0.366667,-0.837305,39.931,62.724,131.759,1907.5
Victor_experimento_1_intento_6.mp4,907,7558.333,True,128.000,160.000,0.000,200.000,94.000,0.400000,0.366667,-0.839974,39.030,62.790,131.630,1871.0
Victor_experimento_1_intento_6.mp4,908,7566.667,True,129.000,160.000,0.000,200.000,94.000,0.394444,0.366667,-0.842597,39.422,62.357,131.709,1866.5
Victor_experimento_1_intento_6.mp4,909,7575.000,True,129.000,160.000,0.000,200.000,94.000,0.394444,0.366667,-0.842597,39.507,61.947,131.803,1859.0
Victor_experimento_1_intento_6.mp4,910,7583.333,True,129.000,160.000,0.000,200.000,94.000,0.394444,0.366667,-0.842597,39.003,61.960,132.144,1845.5
Victor_experimento_1_intento_6.mp4,911,7591.667,True,129.000,160.000,0.000,200.000,94.000,0.394444,0.366667,-0.842597,38.810,61.676,131.443,1842.0
Victor_experimento_1_intento_6.mp4,912,7600.000,True,129.000,160.000,0.000,201.000,94.000,0.400000,0.366667,-0.839974,38.858,61.807,132.534,1827.0
Victor_experimento_1_intento_6.mp4,913,7608.333,True,129.000,160.000,0.000,200.000,94.000,0.394444,0.366667,-0.842597,40.157,62.255,130.308,1883.5
Victor_experimento_1_intento_6.mp4,914,7616.667,True,129.000,160.000,0.000,200.000,94.000,0.394444,0.366667,-0.842597,39.778,62.305,131.067,1873.5
Victor_experimento_1_intento_6.mp4,915,7625.000,True,129.000,160.000,0.000,200.000,94.000,0.394444,0.366667,-0.842597,39.820,62.065,131.422,1868.5
Victor_experimento_1_intento_6.mp4,916,7633.333,True,129.000,160.000,0.000,200.000,94.000,0.394444,0.366667,-0.842597,39.462,62.307,130.046,1882.0
Victor_experimento_1_intento_6.mp4,917,7641.667,True,129.000,160.000,0.000,200.000,94.000,0.394444,0.366667,-0.842597,39.456,62.314,130.275,1872.0
Victor_experimento_1_intento_6.mp4,918,7650.000,True,129.000,160.000,0.000,200.000,94.000,0.394444,0.366667,-0.842597,39.681,61.947,129.576,1884.0
Victor_experimento_1_intento_6.mp4,919,7658.333,True,129.000,160.000,0.000,200.000,94.000,0.394444,0.366667,-0.842597,39.799,62.560,132.909,1876.0
Victor_experimento_1_intento_6.mp4,920,7666.667,True,129.000,160.000,0.000,200.000,94.000,0.394444,0.366667,-0.842597,39.695,62.723,131.320,1886.0
Victor_experimento_1_intento_6.mp4,921,7675.000,True,129.000,160.000,0.000,200.000,94.000,0.394444,0.366667,-0.842597,39.564,62.225,131.721,1877.5
Victor_experimento_1_intento_6.mp4,922,7683.333,True,129.000,160.000,0.000,200.000,94.000,0.394444,0.366667,-0.842597,39.940,61.759,131.558,1888.0
Victor_experimento_1_intento_6.mp4,923,7691.667,True,129.000,160.000,0.000,200.000,94.000,0.394444,0.366667,-0.842597,39.565,62.554,131.843,1879.0
Victor_experimento_1_intento_6.mp4,924,7700.000,True,129.000,160.000,0.000,200.000,94.000,0.394444,0.366667,-0.842597,39.560,62.480,131.180,1881.0
Victor_experimento_1_intento_6.mp4,925,7708.333,True,129.000,160.000,0.000,200.000,94.000,0.394444,0.366667,-0.842597,39.584,62.205,131.482,1877.5
Victor_experimento_1_intento_6.mp4,926,7716.667,True,129.000,160.000,0.000,200.000,94.000,0.394444,0.366667,-0.842597,39.640,61.864,131.103,1879.0
Victor_experimento_1_intento_6.mp4,927,7725.000,True,129.000,160.000,0.000,200.000,94.000,0.394444,0.366667,-0.842597,39.892,61.860,131.661,1885.5
Victor_experimento_1_intento_6.mp4,928,7733.333,True,129.000,160.000,0.000,200.000,94.000,0.394444,0.366667,-0.842597,39.806,62.072,130.418,1875.5
Victor_experimento_1_intento_6.mp4,929,7741.667,True,129.000,160.000,0.000,200.000,94.000,0.394444,0.366667,-0.842597,39.698,61.913,131.423,1882.0
Victor_experimento_1_intento_6.mp4,930,7750.000,True,129.000,160.000,0.000,200.000,94.000,0.394444,0.366667,-0.842597,39.600,62.079,130.539,1877.0
Victor_experimento_1_intento_6.mp4,931,7758.333,True,129.000,160.000,0.000,200.000,94.000,0.394444,0.366667,-0.842597,40.303,61.988,131.698,1901.5
Victor_experimento_1_intento_6.mp4,932,7766.667,True,129.000,161.000,0.000,200.000,94.000,0.394444,0.372222,-0.840157,39.990,62.144,132.051,1902.5
Victor_experimento_1_intento_6.mp4,933,7775.000,True,129.000,161.000,0.000,200.000,94.000,0.394444,0.372222,-0.840157,40.199,62.015,132.064,1901.0
Victor_experimento_1_intento_6.mp4,934,7783.333,True,129.000,161.000,0.000,200.000,94.000,0.394444,0.372222,-0.840157,40.297,62.522,131.833,1921.0
Victor_experimento_1_intento_6.mp4,935,7791.667,True,129.000,161.000,0.000,200.000,94.000,0.394444,0.372222,-0.840157,39.947,62.786,131.971,1899.0
Victor_experimento_1_intento_6.mp4,936,7800.000,True,129.000,161.000,0.000,201.000,94.000,0.400000,0.372222,-0.837526,39.875,62.439,131.089,1899.0
Victor_experimento_1_intento_6.mp4,937,7808.333,True,129.000,161.000,0.000,200.000,94.000,0.394444,0.372222,-0.840157,40.387,62.691,131.562,1920.0
Victor_experimento_1_intento_6.mp4,938,7816.667,True,129.000,161.000,0.000,200.000,94.000,0.394444,0.372222,-0.840157,40.334,62.794,132.097,1915.5
Victor_experimento_1_intento_6.mp4,939,7825.000,True,129.000,161.000,0.000,200.000,94.000,0.394444,0.372222,-0.840157,40.364,62.826,132.825,1915.0
Victor_experimento_1_intento_6.mp4,940,7833.333,True,129.000,161.000,0.000,200.000,94.000,0.394444,0.372222,-0.840157,40.240,62.801,132.488,1918.5
Victor_experimento_1_intento_6.mp4,941,7841.667,True,129.000,161.000,0.000,200.000,94.000,0.394444,0.372222,-0.840157,39.818,62.521,130.408,1922.5
Victor_experimento_1_intento_6.mp4,942,7850.000,True,129.000,161.000,0.000,200.000,94.000,0.394444,0.372222,-0.840157,39.736,61.968,130.448,1903.5
Victor_experimento_1_intento_6.mp4,943,7858.333,True,129.000,161.000,0.000,200.000,94.000,0.394444,0.372222,-0.840157,40.014,62.156,130.598,1902.5
Victor_experimento_1_intento_6.mp4,944,7866.667,True,129.000,161.000,0.000,200.000,94.000,0.394444,0.372222,-0.840157,39.887,63.019,131.598,1913.5
Victor_experimento_1_intento_6.mp4,945,7875.000,True,129.000,161.000,0.000,200.000,94.000,0.394444,0.372222,-0.840157,39.614,62.873,130.002,1909.5
Victor_experimento_1_intento_6.mp4,946,7883.333,True,129.000,161.000,0.000,200.000,94.000,0.394444,0.372222,-0.840157,39.693,63.163,131.896,1915.0
Victor_experimento_1_intento_6.mp4,947,7891.667,True,129.000,161.000,0.000,200.000,94.000,0.394444,0.372222,-0.840157,40.159,62.475,131.856,1926.5
Victor_experimento_1_intento_6.mp4,948,7900.000,True,129.000,161.000,0.000,200.000,94.000,0.394444,0.372222,-0.840157,39.948,63.077,131.707,1921.5
Victor_experimento_1_intento_6.mp4,949,7908.333,True,129.000,161.000,0.000,200.000,94.000,0.394444,0.372222,-0.840157,40.457,62.324,131.324,1918.0
Victor_experimento_1_intento_6.mp4,950,7916.667,True,129.000,161.000,0.000,201.000,94.000,0.400000,0.372222,-0.837526,39.848,62.458,131.841,1903.0
Victor_experimento_1_intento_6.mp4,951,7925.000,True,129.000,161.000,0.000,200.000,94.000,0.394444,0.372222,-0.840157,40.180,62.935,132.385,1919.0
Victor_experimento_1_intento_6.mp4,952,7933.333,True,129.000,161.000,0.000,200.000,94.000,0.394444,0.372222,-0.840157,40.221,63.135,131.729,1913.0
Victor_experimento_1_intento_6.mp4,953,7941.667,True,129.000,161.000,0.000,200.000,94.000,0.394444,0.372222,-0.840157,40.066,63.100,132.741,1920.0
Victor_experimento_1_intento_6.mp4,954,7950.000,True,129.000,161.000,0.000,200.000,94.000,0.394444,0.372222,-0.840157,39.871,62.984,131.402,1929.5
Victor_experimento_1_intento_6.mp4,955,7958.333,True,129.000,161.000,0.000,200.000,94.000,0.394444,0.372222,-0.840157,39.832,63.035,131.716,1908.0
Victor_experimento_1_intento_6.mp4,956,7966.667,True,129.000,161.000,0.000,200.000,94.000,0.394444,0.372222,-0.840157,39.936,62.778,130.957,1917.0
Victor_experimento_1_intento_6.mp4,957,7975.000,True,129.000,161.000,0.000,200.000,94.000,0.394444,0.372222,-0.840157,40.042,63.124,131.477,1933.5
Victor_experimento_1_intento_6.mp4,958,7983.333,True,129.000,161.000,0.000,200.000,94.000,0.394444,0.372222,-0.840157,40.379,62.892,130.894,1949.0
Victor_experimento_1_intento_6.mp4,959,7991.667,True,129.000,161.000,0.000,200.000,94.000,0.394444,0.372222,-0.840157,40.217,62.932,130.440,1933.0
Victor_experimento_1_intento_6.mp4,960,8000.000,True,129.000,161.000,0.000,200.000,94.000,0.394444,0.372222,-0.840157,40.323,62.735,132.425,1943.5
Victor_experimento_1_intento_6.mp4,961,8008.333,True,129.000,161.000,0.000,200.000,94.000,0.394444,0.372222,-0.840157,39.633,62.922,129.714,1870.5
Victor_experimento_1_intento_6.mp4,962,8016.667,True,129.000,161.000,0.000,200.000,94.000,0.394444,0.372222,-0.840157,39.988,61.652,130.476,1875.5
Victor_experimento_1_intento_6.mp4,963,8025.000,True,129.000,161.000,0.000,200.000,94.000,0.394444,0.372222,-0.840157,39.808,61.871,130.146,1863.5
Victor_experimento_1_intento_6.mp4,964,8033.333,True,129.000,161.000,0.000,200.000,94.000,0.394444,0.372222,-0.840157,39.772,62.833,129.104,1894.0
Victor_experimento_1_intento_6.mp4,965,8041.667,True,129.000,161.000,0.000,200.000,94.000,0.394444,0.372222,-0.840157,40.101,62.746,132.096,1911.5
Victor_experimento_1_intento_6.mp4,966,8050.000,True,129.000,161.000,0.000,201.000,94.000,0.400000,0.372222,-0.837526,39.831,61.596,130.532,1882.0
Victor_experimento_1_intento_6.mp4,967,8058.333,True,129.000,161.000,0.000,201.000,94.000,0.400000,0.372222,-0.837526,39.694,62.103,131.319,1892.0
Victor_experimento_1_intento_6.mp4,968,8066.667,True,129.000,161.000,0.000,200.000,94.000,0.394444,0.372222,-0.840157,39.601,62.957,132.285,1906.0
Victor_experimento_1_intento_6.mp4,969,8075.000,True,129.000,161.000,0.000,200.000,94.000,0.394444,0.372222,-0.840157,39.669,62.825,131.768,1903.0
Victor_experimento_1_intento_6.mp4,970,8083.333,True,129.000,161.000,0.000,200.000,94.000,0.394444,0.372222,-0.840157,39.911,62.523,131.150,1918.5
Victor_experimento_1_intento_6.mp4,971,8091.667,True,129.000,161.000,0.000,200.000,94.000,0.394444,0.372222,-0.840157,39.977,62.326,130.981,1912.5
Victor_experimento_1_intento_6.mp4,972,8100.000,True,129.000,161.000,0.000,200.000,94.000,0.394444,0.372222,-0.840157,40.361,62.816,131.677,1924.5
Victor_experimento_1_intento_6.mp4,973,8108.333,True,129.000,161.000,0.000,200.000,94.000,0.394444,0.372222,-0.840157,40.352,63.271,131.369,1931.0
Victor_experimento_1_intento_6.mp4,974,8116.667,True,129.000,161.000,0.000,200.000,94.000,0.394444,0.372222,-0.840157,40.640,62.955,131.333,1924.5
Victor_experimento_1_intento_6.mp4,975,8125.000,True,129.000,161.000,0.000,200.000,94.000,0.394444,0.372222,-0.840157,40.562,63.270,131.712,1937.5
Victor_experimento_1_intento_6.mp4,976,8133.333,True,129.000,161.000,0.000,200.000,94.000,0.394444,0.372222,-0.840157,40.215,63.799,131.000,1943.5
Victor_experimento_1_intento_6.mp4,977,8141.667,True,129.000,161.000,0.000,200.000,94.000,0.394444,0.372222,-0.840157,40.229,63.680,130.860,1953.0
Victor_experimento_1_intento_6.mp4,978,8150.000,True,129.000,161.000,0.000,200.000,94.000,0.394444,0.372222,-0.840157,40.405,63.308,131.418,1952.0
Victor_experimento_1_intento_6.mp4,979,8158.333,True,129.000,161.000,0.000,200.000,94.000,0.394444,0.372222,-0.840157,40.333,63.541,131.130,1961.5
Victor_experimento_1_intento_6.mp4,980,8166.667,True,129.000,161.000,0.000,200.000,94.000,0.394444,0.372222,-0.840157,40.523,63.485,131.677,1970.0
Victor_experimento_1_intento_6.mp4,981,8175.000,True,129.000,161.000,0.000,200.000,94.000,0.394444,0.372222,-0.840157,40.513,63.823,132.716,1958.5
Victor_experimento_1_intento_6.mp4,982,8183.333,True,129.000,161.000,0.000,200.000,94.000,0.394444,0.372222,-0.840157,40.499,64.244,131.621,1972.0
Victor_experimento_1_intento_6.mp4,983,8191.667,True,129.000,161.000,0.000,200.000,94.000,0.394444,0.372222,-0.840157,40.634,64.054,132.235,1970.5
Victor_experimento_1_intento_6.mp4,984,8200.000,True,129.000,161.000,0.000,200.000,94.000,0.394444,0.372222,-0.840157,40.826,64.141,131.238,1979.5
Victor_experimento_1_intento_6.mp4,985,8208.333,True,129.000,161.000,0.000,200.000,94.000,0.394444,0.372222,-0.840157,40.557,64.503,129.977,1983.0
Victor_experimento_1_intento_6.mp4,986,8216.667,True,129.000,161.000,0.000,200.000,94.000,0.394444,0.372222,-0.840157,40.889,64.444,130.663,2007.0
Victor_experimento_1_intento_6.mp4,987,8225.000,True,129.000,161.000,0.000,200.000,94.000,0.394444,0.372222,-0.840157,40.878,64.411,131.649,2001.5
Victor_experimento_1_intento_6.mp4,988,8233.333,True,129.000,161.000,0.000,200.000,94.000,0.394444,0.372222,-0.840157,41.123,64.637,131.299,2019.5
Victor_experimento_1_intento_6.mp4,989,8241.667,True,129.000,161.000,0.000,200.000,94.000,0.394444,0.372222,-0.840157,40.917,65.132,131.209,2011.0
Victor_experimento_1_intento_6.mp4,990,8250.000,True,129.000,161.000,0.000,200.000,94.000,0.394444,0.372222,-0.840157,41.124,64.371,130.765,2015.5
Victor_experimento_1_intento_6.mp4,991,8258.333,True,129.000,161.000,0.000,200.000,94.000,0.394444,0.372222,-0.840157,40.538,64.689,130.798,1992.5
Victor_experimento_1_intento_6.mp4,992,8266.667,True,129.000,161.000,0.000,200.000,94.000,0.394444,0.372222,-0.840157,40.677,64.295,131.071,1999.0
Victor_experimento_1_intento_6.mp4,993,8275.000,True,129.000,161.000,0.000,200.000,94.000,0.394444,0.372222,-0.840157,40.643,64.570,130.941,1996.0
Victor_experimento_1_intento_6.mp4,994,8283.333,True,129.000,161.000,0.000,200.000,94.000,0.394444,0.372222,-0.840157,40.898,63.943,131.615,1991.0
Victor_experimento_1_intento_6.mp4,995,8291.667,True,129.000,161.000,0.000,200.000,94.000,0.394444,0.372222,-0.840157,40.914,64.474,130.828,2012.5
Victor_experimento_1_intento_6.mp4,996,8300.000,True,129.000,161.000,0.000,200.000,94.000,0.394444,0.372222,-0.840157,40.908,64.134,130.550,2011.5
Victor_experimento_1_intento_6.mp4,997,8308.333,True,129.000,161.000,0.000,200.000,94.000,0.394444,0.372222,-0.840157,41.115,65.100,132.804,2006.0
Victor_experimento_1_intento_6.mp4,998,8316.667,True,129.000,161.000,0.000,200.000,94.000,0.394444,0.372222,-0.840157,40.810,65.488,132.202,2026.5
Victor_experimento_1_intento_6.mp4,999,8325.000,True,129.000,161.000,0.000,200.000,94.000,0.394444,0.372222,-0.840157,41.245,64.768,131.342,2024.0
Victor_experimento_1_intento_6.mp4,1000,8333.333,True,129.000,161.000,0.000,200.000,94.000,0.394444,0.372222,-0.840157,41.279,64.757,132.322,2039.5
Victor_experimento_1_intento_6.mp4,1001,8341.667,True,129.000,161.000,0.000,200.000,94.000,0.394444,0.372222,-0.840157,41.079,65.076,132.619,2024.5
Victor_experimento_1_intento_6.mp4,1002,8350.000,True,129.000,161.000,0.000,200.000,94.000,0.394444,0.372222,-0.840157,41.039,65.031,132.336,2039.5
Victor_experimento_1_intento_6.mp4,1003,8358.333,True,129.000,161.000,0.000,200.000,94.000,0.394444,0.372222,-0.840157,41.200,64.321,130.997,2036.5
Victor_experimento_1_intento_6.mp4,1004,8366.667,True,129.000,161.000,0.000,200.000,94.000,0.394444,0.372222,-0.840157,41.458,65.775,132.223,2058.5
Victor_experimento_1_intento_6.mp4,1005,8375.000,True,129.000,161.000,0.000,200.000,94.000,0.394444,0.372222,-0.840157,41.211,65.287,131.065,2043.5
Victor_experimento_1_intento_6.mp4,1006,8383.333,True,129.000,161.000,0.000,200.000,94.000,0.394444,0.372222,-0.840157,41.378,65.720,131.100,2060.5
Victor_experimento_1_intento_6.mp4,1007,8391.667,True,129.000,161.000,0.000,200.000,94.000,0.394444,0.372222,-0.840157,41.114,65.643,131.874,2042.0
Victor_experimento_1_intento_6.mp4,1008,8400.000,True,129.000,161.000,0.000,200.000,94.000,0.394444,0.372222,-0.840157,41.128,65.967,131.867,2054.5
Victor_experimento_1_intento_6.mp4,1009,8408.333,True,129.000,161.000,0.000,200.000,94.000,0.394444,0.372222,-0.840157,41.363,64.870,131.203,2037.0
Victor_experimento_1_intento_6.mp4,1010,8416.667,True,129.000,161.000,0.000,200.000,94.000,0.394444,0.372222,-0.840157,41.376,65.447,131.590,2045.0
Victor_experimento_1_intento_6.mp4,1011,8425.000,True,129.000,161.000,0.000,200.000,94.000,0.394444,0.372222,-0.840157,41.451,64.699,131.721,2059.0
Victor_experimento_1_intento_6.mp4,1012,8433.333,True,129.000,161.000,0.000,200.000,94.000,0.394444,0.372222,-0.840157,41.617,64.507,130.864,2042.5
Victor_experimento_1_intento_6.mp4,1013,8441.667,True,129.000,161.000,0.000,200.000,94.000,0.394444,0.372222,-0.840157,41.514,64.498,130.711,2054.0
Victor_experimento_1_intento_6.mp4,1014,8450.000,True,129.000,161.000,0.000,200.000,94.000,0.394444,0.372222,-0.840157,41.623,65.734,131.901,2059.5
Victor_experimento_1_intento_6.mp4,1015,8458.333,True,129.000,161.000,0.000,200.000,94.000,0.394444,0.372222,-0.840157,41.161,64.852,131.107,2035.5
Victor_experimento_1_intento_6.mp4,1016,8466.667,True,129.000,161.000,0.000,200.000,94.000,0.394444,0.372222,-0.840157,41.172,64.834,131.831,2037.5
Victor_experimento_1_intento_6.mp4,1017,8475.000,True,129.000,161.000,0.000,200.000,94.000,0.394444,0.372222,-0.840157,41.462,65.208,131.962,2055.5
Victor_experimento_1_intento_6.mp4,1018,8483.333,True,129.000,161.000,0.000,200.000,94.000,0.394444,0.372222,-0.840157,41.129,64.687,130.929,2049.0
Victor_experimento_1_intento_6.mp4,1019,8491.667,True,129.000,161.000,0.000,200.000,94.000,0.394444,0.372222,-0.840157,41.183,65.201,132.679,2043.0
Victor_experimento_1_intento_6.mp4,1020,8500.000,True,129.000,161.000,0.000,200.000,94.000,0.394444,0.372222,-0.840157,41.709,65.377,133.088,2057.0
Victor_experimento_1_intento_6.mp4,1021,8508.333,True,129.000,161.000,0.000,200.000,94.000,0.394444,0.372222,-0.840157,41.549,65.030,130.630,2062.5
Victor_experimento_1_intento_6.mp4,1022,8516.667,True,129.000,161.000,0.000,200.000,94.000,0.394444,0.372222,-0.840157,41.642,65.426,130.679,2078.5
Victor_experimento_1_intento_6.mp4,1023,8525.000,True,129.000,161.000,0.000,200.000,94.000,0.394444,0.372222,-0.840157,41.317,64.942,129.467,2052.5
Victor_experimento_1_intento_6.mp4,1024,8533.333,True,129.000,161.000,0.000,200.000,94.000,0.394444,0.372222,-0.840157,41.526,65.183,131.515,2050.5
Victor_experimento_1_intento_6.mp4,1025,8541.667,True,129.000,161.000,0.000,200.000,94.000,0.394444,0.372222,-0.840157,41.200,65.825,130.818,2068.0
Victor_experimento_1_intento_6.mp4,1026,8550.000,True,129.000,161.000,0.000,200.000,94.000,0.394444,0.372222,-0.840157,41.514,65.473,131.160,2070.5
Victor_experimento_1_intento_6.mp4,1027,8558.333,True,129.000,161.000,0.000,200.000,94.000,0.394444,0.372222,-0.840157,41.305,66.149,130.415,2068.5
Victor_experimento_1_intento_6.mp4,1028,8566.667,True,129.000,161.000,0.000,200.000,94.000,0.394444,0.372222,-0.840157,41.670,65.641,132.289,2056.0
Victor_experimento_1_intento_6.mp4,1029,8575.000,True,129.000,161.000,0.000,200.000,94.000,0.394444,0.372222,-0.840157,41.454,65.303,131.123,2050.5
Victor_experimento_1_intento_6.mp4,1030,8583.333,True,129.000,161.000,0.000,200.000,94.000,0.394444,0.372222,-0.840157,41.195,65.549,131.811,2043.0
Victor_experimento_1_intento_6.mp4,1031,8591.667,True,129.000,161.000,0.000,200.000,94.000,0.394444,0.372222,-0.840157,41.096,65.687,132.152,2047.5
Victor_experimento_1_intento_6.mp4,1032,8600.000,True,129.000,161.000,0.000,200.000,94.000,0.394444,0.372222,-0.840157,41.225,65.675,131.400,2063.5
Victor_experimento_1_intento_6.mp4,1033,8608.333,True,129.000,161.000,0.000,200.000,94.000,0.394444,0.372222,-0.840157,41.745,64.232,130.824,2042.5
Victor_experimento_1_intento_6.mp4,1034,8616.667,True,129.000,161.000,0.000,200.000,94.000,0.394444,0.372222,-0.840157,41.763,64.648,131.231,2040.0
Victor_experimento_1_intento_6.mp4,1035,8625.000,True,129.000,161.000,0.000,200.000,94.000,0.394444,0.372222,-0.840157,41.263,64.764,129.613,2050.0
Victor_experimento_1_intento_6.mp4,1036,8633.333,True,129.000,161.000,0.000,200.000,94.000,0.394444,0.372222,-0.840157,41.964,64.551,131.543,2064.0
Victor_experimento_1_intento_6.mp4,1037,8641.667,True,129.000,161.000,0.000,200.000,94.000,0.394444,0.372222,-0.840157,41.238,64.914,130.326,2044.5
Victor_experimento_1_intento_6.mp4,1038,8650.000,True,129.000,161.000,0.000,200.000,94.000,0.394444,0.372222,-0.840157,40.986,65.361,132.156,2038.5
Victor_experimento_1_intento_6.mp4,1039,8658.333,True,129.000,161.000,0.000,200.000,94.000,0.394444,0.372222,-0.840157,41.469,65.474,131.272,2062.0
Victor_experimento_1_intento_6.mp4,1040,8666.667,True,129.000,161.000,0.000,200.000,94.000,0.394444,0.372222,-0.840157,41.376,65.571,130.467,2062.5
Victor_experimento_1_intento_6.mp4,1041,8675.000,True,129.000,161.000,0.000,198.000,94.000,0.383333,0.372222,-0.845285,42.176,64.252,132.511,2065.5
Victor_experimento_1_intento_6.mp4,1042,8683.333,True,129.000,161.000,0.000,190.000,95.000,0.338889,0.366667,-0.866435,46.412,64.325,129.004,2264.0
Victor_experimento_1_intento_6.mp4,1043,8691.667,True,129.000,161.000,0.000,180.000,95.000,0.283333,0.366667,-0.886159,49.813,64.066,120.823,2410.0
Victor_experimento_1_intento_6.mp4,1044,8700.000,True,129.000,161.000,0.000,171.000,95.000,0.233333,0.366667,-0.900617,51.983,63.852,120.666,2506.5
Victor_experimento_1_intento_6.mp4,1045,8708.333,True,129.000,161.000,0.000,163.000,97.000,0.188889,0.355556,-0.915369,53.425,62.585,114.967,2465.5
Victor_experimento_1_intento_6.mp4,1046,8716.667,True,129.000,161.000,0.000,155.000,98.000,0.144444,0.350000,-0.925546,54.088,61.958,106.498,2493.5
Victor_experimento_1_intento_6.mp4,1047,8725.000,True,129.000,161.000,0.000,152.000,97.000,0.127778,0.355556,-0.925880,54.639,62.652,108.190,2498.5
Victor_experimento_1_intento_6.mp4,1048,8733.333,True,129.000,161.000,0.000,154.000,97.000,0.138889,0.355556,-0.924278,53.928,62.511,112.302,2511.0
Victor_experimento_1_intento_6.mp4,1049,8741.667,True,129.000,161.000,0.000,155.000,97.000,0.144444,0.355556,-0.923426,53.689,61.820,116.788,2457.0
Victor_experimento_1_intento_6.mp4,1050,8750.000,True,129.000,161.000,0.000,155.000,97.000,0.144444,0.355556,-0.923426,53.389,62.922,119.952,2481.0
Victor_experimento_1_intento_6.mp4,1051,8758.333,True,129.000,161.000,0.000,154.000,96.000,0.138889,0.361111,-0.922122,53.369,64.723,115.024,2494.0
Victor_experimento_1_intento_6.mp4,1052,8766.667,True,129.000,161.000,0.000,154.000,96.000,0.138889,0.361111,-0.922122,54.089,63.064,115.387,2527.5
Victor_experimento_1_intento_6.mp4,1053,8775.000,True,129.000,161.000,0.000,154.000,96.000,0.138889,0.361111,-0.922122,54.510,63.602,114.500,2528.0
Victor_experimento_1_intento_6.mp4,1054,8783.333,True,129.000,161.000,0.000,154.000,96.000,0.138889,0.361111,-0.922122,54.430,63.939,114.990,2545.5
Victor_experimento_1_intento_6.mp4,1055,8791.667,True,129.000,161.000,0.000,155.000,96.000,0.144444,0.361111,-0.921268,54.265,63.369,114.696,2528.0
Victor_experimento_1_intento_6.mp4,1056,8800.000,True,129.000,161.000,0.000,155.000,96.000,0.144444,0.361111,-0.921268,54.608,63.480,114.210,2555.5
Victor_experimento_1_intento_6.mp4,1057,8808.333,True,129.000,161.000,0.000,155.000,96.000,0.144444,0.361111,-0.921268,54.589,63.630,111.259,2577.0
Victor_experimento_1_intento_6.mp4,1058,8816.667,True,129.000,161.000,0.000,154.000,97.000,0.138889,0.355556,-0.924278,53.830,63.829,110.142,2535.5
Victor_experimento_1_intento_6.mp4,1059,8825.000,True,129.000,161.000,0.000,155.000,96.000,0.144444,0.361111,-0.921268,54.727,62.996,112.424,2541.0
Victor_experimento_1_intento_6.mp4,1060,8833.333,True,129.000,161.000,0.000,155.000,96.000,0.144444,0.361111,-0.921268,54.174,63.535,111.343,2555.0
Victor_experimento_1_intento_6.mp4,1061,8841.667,True,129.000,161.000,0.000,155.000,96.000,0.144444,0.361111,-0.921268,54.545,62.860,113.201,2553.0
Victor_experimento_1_intento_6.mp4,1062,8850.000,True,129.000,161.000,0.000,155.000,96.000,0.144444,0.361111,-0.921268,55.140,62.950,114.628,2580.0
Victor_experimento_1_intento_6.mp4,1063,8858.333,True,129.000,161.000,0.000,155.000,96.000,0.144444,0.361111,-0.921268,54.635,63.763,112.513,2570.0
Victor_experimento_1_intento_6.mp4,1064,8866.667,True,129.000,161.000,0.000,155.000,96.000,0.144444,0.361111,-0.921268,54.828,63.415,115.619,2555.5
Victor_experimento_1_intento_6.mp4,1065,8875.000,True,129.000,161.000,0.000,155.000,96.000,0.144444,0.361111,-0.921268,54.127,63.207,109.414,2543.0
Victor_experimento_1_intento_6.mp4,1066,8883.333,True,129.000,161.000,0.000,155.000,96.000,0.144444,0.361111,-0.921268,53.819,63.554,108.359,2582.0
Victor_experimento_1_intento_6.mp4,1067,8891.667,True,129.000,161.000,0.000,155.000,96.000,0.144444,0.361111,-0.921268,54.470,63.066,108.669,2579.5
Victor_experimento_1_intento_6.mp4,1068,8900.000,True,129.000,161.000,0.000,155.000,96.000,0.144444,0.361111,-0.921268,54.323,63.728,110.550,2586.0
Victor_experimento_1_intento_6.mp4,1069,8908.333,True,129.000,161.000,0.000,155.000,95.000,0.144444,0.366667,-0.919071,53.976,65.580,113.665,2583.0
Victor_experimento_1_intento_6.mp4,1070,8916.667,True,129.000,161.000,0.000,155.000,95.000,0.144444,0.366667,-0.919071,53.982,65.498,114.345,2589.5
Victor_experimento_1_intento_6.mp4,1071,8925.000,True,129.000,161.000,0.000,155.000,95.000,0.144444,0.366667,-0.919071,54.225,64.716,112.362,2580.5
Victor_experimento_1_intento_6.mp4,1072,8933.333,True,129.000,161.000,0.000,155.000,95.000,0.144444,0.366667,-0.919071,54.131,65.399,112.735,2576.5
Victor_experimento_1_intento_6.mp4,1073,8941.667,True,129.000,161.000,0.000,155.000,96.000,0.144444,0.361111,-0.921268,54.511,64.384,111.064,2599.0
Victor_experimento_1_intento_6.mp4,1074,8950.000,True,129.000,161.000,0.000,155.000,95.000,0.144444,0.366667,-0.919071,54.558,64.266,112.768,2596.5
Victor_experimento_1_intento_6.mp4,1075,8958.333,True,129.000,161.000,0.000,155.000,95.000,0.144444,0.366667,-0.919071,54.471,64.050,114.970,2591.0
Victor_experimento_1_intento_6.mp4,1076,8966.667,True,129.000,161.000,0.000,156.000,96.000,0.150000,0.361111,-0.920380,54.472,63.578,114.021,2597.0
Victor_experimento_1_intento_6.mp4,1077,8975.000,True,129.000,161.000,0.000,156.000,95.000,0.150000,0.366667,-0.918181,54.441,63.075,113.366,2585.5
Victor_experimento_1_intento_6.mp4,1078,8983.333,True,129.000,161.000,0.000,156.000,95.000,0.150000,0.366667,-0.918181,54.262,63.706,112.937,2604.5
Victor_experimento_1_intento_6.mp4,1079,8991.667,True,129.000,161.000,0.000,156.000,95.000,0.150000,0.366667,-0.918181,54.928,63.819,113.441,2585.5
Victor_experimento_1_intento_6.mp4,1080,9000.000,True,129.000,161.000,0.000,156.000,95.000,0.150000,0.366667,-0.918181,55.455,63.809,116.622,2608.5
Victor_experimento_1_intento_6.mp4,1081,9008.333,True,129.000,161.000,0.000,156.000,96.000,0.150000,0.361111,-0.920380,55.233,63.116,111.275,2615.5
Victor_experimento_1_intento_6.mp4,1082,9016.667,True,129.000,161.000,0.000,156.000,95.000,0.150000,0.366667,-0.918181,56.091,63.092,112.849,2634.5
Victor_experimento_1_intento_6.mp4,1083,9025.000,True,129.000,161.000,0.000,156.000,95.000,0.150000,0.366667,-0.918181,54.202,64.626,115.489,2619.5
Victor_experimento_1_intento_6.mp4,1084,9033.333,True,129.000,161.000,0.000,156.000,95.000,0.150000,0.366667,-0.918181,55.204,65.208,115.044,2645.5
Victor_experimento_1_intento_6.mp4,1085,9041.667,True,129.000,161.000,0.000,156.000,95.000,0.150000,0.366667,-0.918181,55.070,64.943,113.833,2640.0
Victor_experimento_1_intento_6.mp4,1086,9050.000,True,129.000,161.000,0.000,156.000,95.000,0.150000,0.366667,-0.918181,55.279,64.513,114.244,2652.5
Victor_experimento_1_intento_6.mp4,1087,9058.333,True,129.000,161.000,0.000,155.000,95.000,0.144444,0.366667,-0.919071,54.671,65.165,112.271,2643.5
Victor_experimento_1_intento_6.mp4,1088,9066.667,True,129.000,161.000,0.000,155.000,95.000,0.144444,0.366667,-0.919071,54.657,65.899,115.229,2651.5
Victor_experimento_1_intento_6.mp4,1089,9075.000,True,129.000,161.000,0.000,156.000,95.000,0.150000,0.366667,-0.918181,54.914,64.895,113.390,2658.0
Victor_experimento_1_intento_6.mp4,1090,9083.333,True,129.000,161.000,0.000,156.000,95.000,0.150000,0.366667,-0.918181,55.052,65.027,114.882,2646.0
Victor_experimento_1_intento_6.mp4,1091,9091.667,True,129.000,161.000,0.000,156.000,95.000,0.150000,0.366667,-0.918181,55.534,65.606,112.733,2662.0
Victor_experimento_1_intento_6.mp4,1092,9100.000,True,129.000,161.000,0.000,156.000,95.000,0.150000,0.366667,-0.918181,55.452,65.519,115.221,2684.5
Victor_experimento_1_intento_6.mp4,1093,9108.333,True,129.000,161.000,0.000,156.000,96.000,0.150000,0.361111,-0.920380,55.902,63.710,114.959,2674.5
Victor_experimento_1_intento_6.mp4,1094,9116.667,True,129.000,161.000,0.000,156.000,95.000,0.150000,0.366667,-0.918181,55.587,64.369,115.634,2668.5
Victor_experimento_1_intento_6.mp4,1095,9125.000,True,129.000,161.000,0.000,156.000,95.000,0.150000,0.366667,-0.918181,55.323,65.839,115.486,2680.0
Victor_experimento_1_intento_6.mp4,1096,9133.333,True,129.000,161.000,0.000,156.000,95.000,0.150000,0.366667,-0.918181,55.926,65.795,115.232,2718.5
Victor_experimento_1_intento_6.mp4,1097,9141.667,True,129.000,161.000,0.000,156.000,95.000,0.150000,0.366667,-0.918181,55.981,66.001,116.568,2731.0
Victor_experimento_1_intento_6.mp4,1098,9150.000,True,129.000,161.000,0.000,156.000,95.000,0.150000,0.366667,-0.918181,55.603,65.111,116.935,2703.5
Victor_experimento_1_intento_6.mp4,1099,9158.333,True,129.000,161.000,0.000,156.000,95.000,0.150000,0.366667,-0.918181,56.038,65.876,116.171,2713.0
Victor_experimento_1_intento_6.mp4,1100,9166.667,True,129.000,161.000,0.000,156.000,95.000,0.150000,0.366667,-0.918181,55.612,65.958,116.748,2713.5
Victor_experimento_1_intento_6.mp4,1101,9175.000,True,129.000,161.000,0.000,156.000,95.000,0.150000,0.366667,-0.918181,56.105,65.275,116.803,2716.0
Victor_experimento_1_intento_6.mp4,1102,9183.333,True,129.000,161.000,0.000,155.000,95.000,0.144444,0.366667,-0.919071,55.838,67.056,117.013,2729.0
Victor_experimento_1_intento_6.mp4,1103,9191.667,True,129.000,161.000,0.000,156.000,95.000,0.150000,0.366667,-0.918181,55.743,66.127,116.751,2742.5
Victor_experimento_1_intento_6.mp4,1104,9200.000,True,129.000,161.000,0.000,156.000,95.000,0.150000,0.366667,-0.918181,55.654,65.510,117.651,2727.0
Victor_experimento_1_intento_6.mp4,1105,9208.333,True,129.000,161.000,0.000,156.000,95.000,0.150000,0.366667,-0.918181,55.924,65.612,116.373,2714.5
Victor_experimento_1_intento_6.mp4,1106,9216.667,True,129.000,161.000,0.000,156.000,96.000,0.150000,0.361111,-0.920380,56.371,64.817,116.267,2709.0
Victor_experimento_1_intento_6.mp4,1107,9225.000,True,129.000,161.000,0.000,156.000,95.000,0.150000,0.366667,-0.918181,56.362,64.816,116.516,2707.5
Victor_experimento_1_intento_6.mp4,1108,9233.333,True,129.000,161.000,0.000,156.000,95.000,0.150000,0.366667,-0.918181,56.437,65.750,115.023,2731.5
Victor_experimento_1_intento_6.mp4,1109,9241.667,True,129.000,161.000,0.000,156.000,95.000,0.150000,0.366667,-0.918181,55.806,64.985,114.025,2707.5
Victor_experimento_1_intento_6.mp4,1110,9250.000,True,129.000,161.000,0.000,156.000,95.000,0.150000,0.366667,-0.918181,56.102,65.255,114.623,2721.5
Victor_experimento_1_intento_6.mp4,1111,9258.333,True,129.000,161.000,0.000,156.000,96.000,0.150000,0.361111,-0.920380,55.666,64.663,112.183,2696.5
Victor_experimento_1_intento_6.mp4,1112,9266.667,True,129.000,161.000,0.000,156.000,95.000,0.150000,0.366667,-0.918181,56.041,64.953,114.018,2716.0
Victor_experimento_1_intento_6.mp4,1113,9275.000,True,129.000,161.000,0.000,156.000,95.000,0.150000,0.366667,-0.918181,55.385,65.937,116.323,2720.5
Victor_experimento_1_intento_6.mp4,1114,9283.333,True,129.000,161.000,0.000,156.000,95.000,0.150000,0.366667,-0.918181,55.464,65.833,114.908,2694.5
Victor_experimento_1_intento_6.mp4,1115,9291.667,True,129.000,161.000,0.000,156.000,95.000,0.150000,0.366667,-0.918181,55.860,64.589,113.183,2699.5
Victor_experimento_1_intento_6.mp4,1116,9300.000,True,129.000,161.000,0.000,156.000,95.000,0.150000,0.366667,-0.918181,55.050,66.445,116.076,2697.5
Victor_experimento_1_intento_6.mp4,1117,9308.333,True,129.000,161.000,0.000,155.000,95.000,0.144444,0.366667,-0.919071,54.788,67.969,117.192,2690.0
Victor_experimento_1_intento_6.mp4,1118,9316.667,True,129.000,161.000,0.000,156.000,95.000,0.150000,0.366667,-0.918181,55.074,65.388,115.408,2663.5
Victor_experimento_1_intento_6.mp4,1119,9325.000,True,129.000,161.000,0.000,156.000,95.000,0.150000,0.366667,-0.918181,55.742,64.954,115.055,2672.5
Victor_experimento_1_intento_6.mp4,1120,9333.333,True,129.000,161.000,0.000,156.000,95.000,0.150000,0.366667,-0.918181,55.095,65.890,114.265,2644.0
Victor_experimento_1_intento_6.mp4,1121,9341.667,True,129.000,161.000,0.000,156.000,95.000,0.150000,0.366667,-0.918181,55.294,65.910,116.160,2648.5
Victor_experimento_1_intento_6.mp4,1122,9350.000,True,129.000,161.000,0.000,156.000,95.000,0.150000,0.366667,-0.918181,55.036,65.533,117.836,2663.0
Victor_experimento_1_intento_6.mp4,1123,9358.333,True,129.000,161.000,0.000,156.000,95.000,0.150000,0.366667,-0.918181,55.164,64.734,117.211,2637.5
Victor_experimento_1_intento_6.mp4,1124,9366.667,True,129.000,161.000,0.000,156.000,95.000,0.150000,0.366667,-0.918181,54.733,65.053,113.399,2647.0
Victor_experimento_1_intento_6.mp4,1125,9375.000,True,129.000,161.000,0.000,156.000,95.000,0.150000,0.366667,-0.918181,54.419,64.539,114.117,2615.5
Victor_experimento_1_intento_6.mp4,1126,9383.333,True,129.000,161.000,0.000,156.000,95.000,0.150000,0.366667,-0.918181,54.384,64.545,114.689,2638.0
Victor_experimento_1_intento_6.mp4,1127,9391.667,True,129.000,161.000,0.000,156.000,95.000,0.150000,0.366667,-0.918181,55.039,63.763,114.888,2625.5
Victor_experimento_1_intento_6.mp4,1128,9400.000,True,129.000,161.000,0.000,156.000,95.000,0.150000,0.366667,-0.918181,54.732,63.755,115.866,2602.5
Victor_experimento_1_intento_6.mp4,1129,9408.333,True,129.000,161.000,0.000,156.000,95.000,0.150000,0.366667,-0.918181,54.139,64.624,111.533,2606.0
Victor_experimento_1_intento_6.mp4,1130,9416.667,True,129.000,161.000,0.000,156.000,95.000,0.150000,0.366667,-0.918181,54.130,63.955,112.063,2615.0
Victor_experimento_1_intento_6.mp4,1131,9425.000,True,129.000,161.000,0.000,155.000,95.000,0.144444,0.366667,-0.919071,54.252,64.673,114.466,2596.0
Victor_experimento_1_intento_6.mp4,1132,9433.333,True,129.000,161.000,0.000,156.000,95.000,0.150000,0.366667,-0.918181,53.758,64.984,112.505,2586.0
Victor_experimento_1_intento_6.mp4,1133,9441.667,True,129.000,161.000,0.000,156.000,95.000,0.150000,0.366667,-0.918181,54.586,64.007,112.669,2587.0
Victor_experimento_1_intento_6.mp4,1134,9450.000,True,129.000,161.000,0.000,156.000,95.000,0.150000,0.366667,-0.918181,54.671,63.824,111.456,2612.0
Victor_experimento_1_intento_6.mp4,1135,9458.333,True,129.000,161.000,0.000,156.000,95.000,0.150000,0.366667,-0.918181,54.133,63.569,114.072,2585.0
Victor_experimento_1_intento_6.mp4,1136,9466.667,True,129.000,161.000,0.000,156.000,95.000,0.150000,0.366667,-0.918181,54.325,64.489,114.373,2584.0
Victor_experimento_1_intento_6.mp4,1137,9475.000,True,129.000,161.000,0.000,156.000,95.000,0.150000,0.366667,-0.918181,54.293,64.914,112.823,2601.5
Victor_experimento_1_intento_6.mp4,1138,9483.333,True,129.000,161.000,0.000,156.000,95.000,0.150000,0.366667,-0.918181,53.638,64.385,112.477,2572.5
Victor_experimento_1_intento_6.mp4,1139,9491.667,True,129.000,161.000,0.000,156.000,95.000,0.150000,0.366667,-0.918181,54.413,63.946,112.172,2584.0
Victor_experimento_1_intento_6.mp4,1140,9500.000,True,129.000,161.000,0.000,156.000,95.000,0.150000,0.366667,-0.918181,54.369,63.714,112.765,2582.0
Victor_experimento_1_intento_6.mp4,1141,9508.333,True,129.000,161.000,0.000,155.000,95.000,0.144444,0.366667,-0.919071,54.061,65.343,114.796,2573.0
Victor_experimento_1_intento_6.mp4,1142,9516.667,True,129.000,161.000,0.000,156.000,95.000,0.150000,0.366667,-0.918181,53.748,64.444,111.790,2583.5
Victor_experimento_1_intento_6.mp4,1143,9525.000,True,129.000,161.000,0.000,156.000,95.000,0.150000,0.366667,-0.918181,54.334,64.589,112.859,2590.5
Victor_experimento_1_intento_6.mp4,1144,9533.333,True,129.000,161.000,0.000,156.000,95.000,0.150000,0.366667,-0.918181,53.801,64.826,112.962,2587.0
Victor_experimento_1_intento_6.mp4,1145,9541.667,True,129.000,161.000,0.000,155.000,95.000,0.144444,0.366667,-0.919071,53.820,65.772,114.387,2598.5
Victor_experimento_1_intento_6.mp4,1146,9550.000,True,129.000,161.000,0.000,156.000,95.000,0.150000,0.366667,-0.918181,53.876,63.963,113.020,2561.5
Victor_experimento_1_intento_6.mp4,1147,9558.333,True,129.000,161.000,0.000,156.000,95.000,0.150000,0.366667,-0.918181,54.362,63.414,113.761,2573.5
Victor_experimento_1_intento_6.mp4,1148,9566.667,True,129.000,161.000,0.000,156.000,96.000,0.150000,0.361111,-0.920380,54.221,63.275,112.666,2579.0
Victor_experimento_1_intento_6.mp4,1149,9575.000,True,129.000,161.000,0.000,156.000,95.000,0.150000,0.366667,-0.918181,54.277,63.927,112.726,2587.5
Victor_experimento_1_intento_6.mp4,1150,9583.333,True,129.000,161.000,0.000,156.000,95.000,0.150000,0.366667,-0.918181,54.043,65.129,112.757,2599.0
Victor_experimento_1_intento_6.mp4,1151,9591.667,True,129.000,161.000,0.000,155.000,95.000,0.144444,0.366667,-0.919071,53.777,64.255,115.324,2571.0
Victor_experimento_1_intento_6.mp4,1152,9600.000,True,129.000,161.000,0.000,156.000,96.000,0.150000,0.361111,-0.920380,53.987,64.211,112.446,2573.5
Victor_experimento_1_intento_6.mp4,1153,9608.333,True,129.000,161.000,0.000,156.000,95.000,0.150000,0.366667,-0.918181,53.927,64.521,113.527,2590.0
Victor_experimento_1_intento_6.mp4,1154,9616.667,True,129.000,161.000,0.000,156.000,95.000,0.150000,0.366667,-0.918181,54.535,64.061,113.990,2594.5
Victor_experimento_1_intento_6.mp4,1155,9625.000,True,129.000,161.000,0.000,156.000,95.000,0.150000,0.366667,-0.918181,54.791,62.878,111.982,2572.5
Victor_experimento_1_intento_6.mp4,1156,9633.333,True,129.000,161.000,0.000,156.000,95.000,0.150000,0.366667,-0.918181,54.983,63.452,113.801,2601.0
Victor_experimento_1_intento_6.mp4,1157,9641.667,True,129.000,161.000,0.000,155.000,95.000,0.144444,0.366667,-0.919071,54.165,64.833,114.440,2572.0
Victor_experimento_1_intento_6.mp4,1158,9650.000,True,129.000,161.000,0.000,156.000,95.000,0.150000,0.366667,-0.918181,54.906,63.686,113.619,2581.0
Victor_experimento_1_intento_6.mp4,1159,9658.333,True,129.000,161.000,0.000,156.000,96.000,0.150000,0.361111,-0.920380,55.070,62.528,109.820,2573.0
Victor_experimento_1_intento_6.mp4,1160,9666.667,True,129.000,161.000,0.000,156.000,95.000,0.150000,0.366667,-0.918181,54.065,64.352,115.439,2550.5
Victor_experimento_1_intento_6.mp4,1161,9675.000,True,129.000,161.000,0.000,156.000,96.000,0.150000,0.361111,-0.920380,54.254,63.815,113.422,2575.0
Victor_experimento_1_intento_6.mp4,1162,9683.333,True,129.000,161.000,0.000,155.000,95.000,0.144444,0.366667,-0.919071,53.904,64.885,114.564,2565.0
Victor_experimento_1_intento_6.mp4,1163,9691.667,True,129.000,161.000,0.000,156.000,95.000,0.150000,0.366667,-0.918181,54.270,64.077,114.545,2547.5
Victor_experimento_1_intento_6.mp4,1164,9700.000,True,129.000,161.000,0.000,156.000,95.000,0.150000,0.366667,-0.918181,54.520,64.000,113.573,2552.5
Victor_experimento_1_intento_6.mp4,1165,9708.333,True,129.000,161.000,0.000,156.000,95.000,0.150000,0.366667,-0.918181,54.670,63.463,113.581,2581.0
Victor_experimento_1_intento_6.mp4,1166,9716.667,True,129.000,161.000,0.000,156.000,95.000,0.150000,0.366667,-0.918181,54.369,63.721,116.019,2573.5
Victor_experimento_1_intento_6.mp4,1167,9725.000,True,129.000,161.000,0.000,156.000,96.000,0.150000,0.361111,-0.920380,54.401,63.280,115.918,2563.5
Victor_experimento_1_intento_6.mp4,1168,9733.333,True,129.000,161.000,0.000,156.000,95.000,0.150000,0.366667,-0.918181,53.668,64.432,115.867,2575.5
Victor_experimento_1_intento_6.mp4,1169,9741.667,True,129.000,161.000,0.000,155.000,95.000,0.144444,0.366667,-0.919071,53.437,65.411,115.327,2556.5
Victor_experimento_1_intento_6.mp4,1170,9750.000,True,129.000,161.000,0.000,156.000,95.000,0.150000,0.366667,-0.918181,53.766,64.323,115.477,2577.5
Victor_experimento_1_intento_6.mp4,1171,9758.333,True,129.000,161.000,0.000,156.000,95.000,0.150000,0.366667,-0.918181,54.377,63.725,115.369,2557.0
Victor_experimento_1_intento_6.mp4,1172,9766.667,True,129.000,161.000,0.000,156.000,95.000,0.150000,0.366667,-0.918181,53.644,64.785,114.684,2567.0
Victor_experimento_1_intento_6.mp4,1173,9775.000,True,129.000,161.000,0.000,156.000,95.000,0.150000,0.366667,-0.918181,54.138,63.347,114.691,2558.5
Victor_experimento_1_intento_6.mp4,1174,9783.333,True,129.000,161.000,0.000,156.000,95.000,0.150000,0.366667,-0.918181,53.830,64.918,114.496,2594.0
Victor_experimento_1_intento_6.mp4,1175,9791.667,True,129.000,161.000,0.000,155.000,95.000,0.144444,0.366667,-0.919071,53.675,65.200,113.308,2579.0
Victor_experimento_1_intento_6.mp4,1176,9800.000,True,129.000,161.000,0.000,156.000,96.000,0.150000,0.361111,-0.920380,54.398,62.987,109.766,2595.0
Victor_experimento_1_intento_6.mp4,1177,9808.333,True,129.000,161.000,0.000,155.000,95.000,0.144444,0.366667,-0.919071,54.326,64.867,113.626,2563.0
Victor_experimento_1_intento_6.mp4,1178,9816.667,True,129.000,161.000,0.000,156.000,95.000,0.150000,0.366667,-0.918181,53.677,64.695,113.208,2554.0
Victor_experimento_1_intento_6.mp4,1179,9825.000,True,129.000,161.000,0.000,156.000,95.000,0.150000,0.366667,-0.918181,54.436,64.583,113.489,2580.5
Victor_experimento_1_intento_6.mp4,1180,9833.333,True,129.000,161.000,0.000,156.000,96.000,0.150000,0.361111,-0.920380,54.611,64.180,114.734,2588.5
Victor_experimento_1_intento_6.mp4,1181,9841.667,True,129.000,161.000,0.000,156.000,96.000,0.150000,0.361111,-0.920380,54.513,63.787,113.975,2584.5
Victor_experimento_1_intento_6.mp4,1182,9850.000,True,129.000,161.000,0.000,156.000,95.000,0.150000,0.366667,-0.918181,54.762,64.107,114.457,2593.0
Victor_experimento_1_intento_6.mp4,1183,9858.333,True,129.000,161.000,0.000,156.000,95.000,0.150000,0.366667,-0.918181,54.628,65.027,115.785,2595.0
Victor_experimento_1_intento_6.mp4,1184,9866.667,True,129.000,161.000,0.000,156.000,95.000,0.150000,0.366667,-0.918181,54.340,64.089,114.977,2615.5
Victor_experimento_1_intento_6.mp4,1185,9875.000,True,129.000,161.000,0.000,156.000,95.000,0.150000,0.366667,-0.918181,54.291,64.942,112.602,2585.0
Victor_experimento_1_intento_6.mp4,1186,9883.333,True,129.000,161.000,0.000,156.000,95.000,0.150000,0.366667,-0.918181,53.935,65.164,113.912,2599.5
Victor_experimento_1_intento_6.mp4,1187,9891.667,True,129.000,161.000,0.000,156.000,95.000,0.150000,0.366667,-0.918181,54.151,64.296,113.293,2581.5
Victor_experimento_1_intento_6.mp4,1188,9900.000,True,129.000,161.000,0.000,156.000,95.000,0.150000,0.366667,-0.918181,54.108,64.279,112.822,2570.0
Victor_experimento_1_intento_6.mp4,1189,9908.333,True,129.000,161.000,0.000,156.000,95.000,0.150000,0.366667,-0.918181,53.810,64.312,110.264,2554.5
Victor_experimento_1_intento_6.mp4,1190,9916.667,True,129.000,161.000,0.000,156.000,95.000,0.150000,0.366667,-0.918181,53.833,64.262,114.876,2554.0
Victor_experimento_1_intento_6.mp4,1191,9925.000,True,129.000,161.000,0.000,156.000,95.000,0.150000,0.366667,-0.918181,53.859,63.574,114.463,2551.5
Victor_experimento_1_intento_6.mp4,1192,9933.333,True,129.000,161.000,0.000,156.000,95.000,0.150000,0.366667,-0.918181,54.170,63.687,111.132,2580.5
Victor_experimento_1_intento_6.mp4,1193,9941.667,True,129.000,161.000,0.000,156.000,95.000,0.150000,0.366667,-0.918181,53.499,64.169,112.707,2539.0
Victor_experimento_1_intento_6.mp4,1194,9950.000,True,129.000,161.000,0.000,156.000,95.000,0.150000,0.366667,-0.918181,53.951,63.611,112.532,2561.0
Victor_experimento_1_intento_6.mp4,1195,9958.333,True,129.000,161.000,0.000,156.000,95.000,0.150000,0.366667,-0.918181,54.039,63.338,113.463,2554.0
Victor_experimento_1_intento_6.mp4,1196,9966.667,True,129.000,161.000,0.000,156.000,95.000,0.150000,0.366667,-0.918181,54.383,62.860,110.657,2566.5
Victor_experimento_1_intento_6.mp4,1197,9975.000,True,129.000,161.000,0.000,156.000,95.000,0.150000,0.366667,-0.918181,54.032,63.085,112.897,2560.0
Victor_experimento_1_intento_6.mp4,1198,9983.333,True,129.000,161.000,0.000,155.000,95.000,0.144444,0.366667,-0.919071,53.842,64.830,113.403,2567.5
Victor_experimento_1_intento_6.mp4,1199,9991.667,True,129.000,161.000,0.000,156.000,95.000,0.150000,0.366667,-0.918181,54.192,64.014,114.693,2569.0
Victor_experimento_1_intento_6.mp4,1200,10000.000,True,129.000,161.000,0.000,156.000,95.000,0.150000,0.366667,-0.918181,53.683,64.813,111.711,2584.0
Victor_experimento_1_intento_6.mp4,1201,10008.333,True,129.000,161.000,0.000,156.000,96.000,0.150000,0.361111,-0.920380,53.917,62.870,110.225,2565.5
Victor_experimento_1_intento_6.mp4,1202,10016.667,True,129.000,161.000,0.000,156.000,96.000,0.150000,0.361111,-0.920380,54.019,62.773,106.530,2585.5
Victor_experimento_1_intento_6.mp4,1203,10025.000,True,129.000,161.000,0.000,156.000,96.000,0.150000,0.361111,-0.920380,53.952,62.996,108.018,2591.0
Victor_experimento_1_intento_6.mp4,1204,10033.333,True,129.000,161.000,0.000,156.000,96.000,0.150000,0.361111,-0.920380,53.771,63.363,108.366,2577.0
Victor_experimento_1_intento_6.mp4,1205,10041.667,True,129.000,161.000,0.000,156.000,96.000,0.150000,0.361111,-0.920380,53.902,62.936,108.204,2578.5
Victor_experimento_1_intento_6.mp4,1206,10050.000,True,129.000,161.000,0.000,156.000,96.000,0.150000,0.361111,-0.920380,54.736,62.901,109.707,2600.5
Victor_experimento_1_intento_6.mp4,1207,10058.333,True,129.000,161.000,0.000,156.000,96.000,0.150000,0.361111,-0.920380,54.478,63.108,107.724,2581.0
Victor_experimento_1_intento_6.mp4,1208,10066.667,True,129.000,161.000,0.000,156.000,96.000,0.150000,0.361111,-0.920380,54.738,62.911,113.666,2593.0
Victor_experimento_1_intento_6.mp4,1209,10075.000,True,129.000,161.000,0.000,156.000,96.000,0.150000,0.361111,-0.920380,54.722,63.595,111.240,2601.5
Victor_experimento_1_intento_6.mp4,1210,10083.333,True,129.000,161.000,0.000,156.000,96.000,0.150000,0.361111,-0.920380,54.261,63.872,109.341,2595.0
Victor_experimento_1_intento_6.mp4,1211,10091.667,True,129.000,161.000,0.000,156.000,95.000,0.150000,0.366667,-0.918181,54.153,64.851,112.840,2594.5
Victor_experimento_1_intento_6.mp4,1212,10100.000,True,129.000,161.000,0.000,156.000,96.000,0.150000,0.361111,-0.920380,54.356,64.041,110.321,2613.5
Victor_experimento_1_intento_6.mp4,1213,10108.333,True,129.000,161.000,0.000,156.000,95.000,0.150000,0.366667,-0.918181,53.735,65.381,114.652,2606.0
Victor_experimento_1_intento_6.mp4,1214,10116.667,True,129.000,161.000,0.000,156.000,95.000,0.150000,0.366667,-0.918181,54.139,64.793,113.812,2600.5
Victor_experimento_1_intento_6.mp4,1215,10125.000,True,129.000,161.000,0.000,156.000,96.000,0.150000,0.361111,-0.920380,54.831,64.539,112.728,2624.5
Victor_experimento_1_intento_6.mp4,1216,10133.333,True,129.000,161.000,0.000,156.000,95.000,0.150000,0.366667,-0.918181,53.926,65.074,113.605,2617.5
Victor_experimento_1_intento_6.mp4,1217,10141.667,True,129.000,161.000,0.000,156.000,95.000,0.150000,0.366667,-0.918181,54.070,65.331,114.562,2610.5
Victor_experimento_1_intento_6.mp4,1218,10150.000,True,129.000,161.000,0.000,156.000,95.000,0.150000,0.366667,-0.918181,54.277,65.295,114.253,2609.5
Victor_experimento_1_intento_6.mp4,1219,10158.333,True,129.000,161.000,0.000,156.000,95.000,0.150000,0.366667,-0.918181,54.209,65.546,113.766,2630.0
Victor_experimento_1_intento_6.mp4,1220,10166.667,True,129.000,161.000,0.000,156.000,95.000,0.150000,0.366667,-0.918181,54.652,64.970,113.455,2628.5
Victor_experimento_1_intento_6.mp4,1221,10175.000,True,129.000,161.000,0.000,156.000,96.000,0.150000,0.361111,-0.920380,54.931,64.373,113.246,2621.5
Victor_experimento_1_intento_6.mp4,1222,10183.333,True,129.000,161.000,0.000,156.000,95.000,0.150000,0.366667,-0.918181,54.416,66.178,113.658,2621.0
Victor_experimento_1_intento_6.mp4,1223,10191.667,True,129.000,161.000,0.000,156.000,95.000,0.150000,0.366667,-0.918181,54.496,65.720,115.582,2636.5
Victor_experimento_1_intento_6.mp4,1224,10200.000,True,129.000,161.000,0.000,156.000,96.000,0.150000,0.361111,-0.920380,54.855,64.807,113.259,2623.5
Victor_experimento_1_intento_6.mp4,1225,10208.333,True,129.000,161.000,0.000,157.000,96.000,0.155556,0.361111,-0.919457,54.632,63.719,109.648,2600.0
Victor_experimento_1_intento_6.mp4,1226,10216.667,True,129.000,161.000,0.000,157.000,96.000,0.155556,0.361111,-0.919457,55.841,63.762,108.811,2627.5
Victor_experimento_1_intento_6.mp4,1227,10225.000,True,129.000,161.000,0.000,156.000,96.000,0.150000,0.361111,-0.920380,55.356,64.320,112.591,2659.5
Victor_experimento_1_intento_6.mp4,1228,10233.333,True,129.000,161.000,0.000,156.000,96.000,0.150000,0.361111,-0.920380,55.171,64.576,112.135,2642.0
Victor_experimento_1_intento_6.mp4,1229,10241.667,True,129.000,161.000,0.000,156.000,96.000,0.150000,0.361111,-0.920380,55.634,63.689,109.451,2638.5
Victor_experimento_1_intento_6.mp4,1230,10250.000,True,129.000,161.000,0.000,156.000,96.000,0.150000,0.361111,-0.920380,55.011,64.098,111.723,2638.5
Victor_experimento_1_intento_6.mp4,1231,10258.333,True,129.000,161.000,0.000,156.000,96.000,0.150000,0.361111,-0.920380,55.396,64.773,112.515,2654.5
Victor_experimento_1_intento_6.mp4,1232,10266.667,True,129.000,161.000,0.000,156.000,96.000,0.150000,0.361111,-0.920380,55.732,63.844,110.769,2663.0
Victor_experimento_1_intento_6.mp4,1233,10275.000,True,129.000,161.000,0.000,156.000,96.000,0.150000,0.361111,-0.920380,55.500,64.027,112.120,2681.0
Victor_experimento_1_intento_6.mp4,1234,10283.333,True,129.000,161.000,0.000,157.000,96.000,0.155556,0.361111,-0.919457,55.760,63.886,111.521,2690.0
Victor_experimento_1_intento_6.mp4,1235,10291.667,True,129.000,161.000,0.000,156.000,95.000,0.150000,0.366667,-0.918181,54.813,65.560,115.042,2635.0
Victor_experimento_1_intento_6.mp4,1236,10300.000,True,129.000,161.000,0.000,156.000,95.000,0.150000,0.366667,-0.918181,55.813,65.036,112.592,2672.0
Victor_experimento_1_intento_6.mp4,1237,10308.333,True,129.000,161.000,0.000,156.000,96.000,0.150000,0.361111,-0.920380,55.263,65.294,112.190,2696.5
Victor_experimento_1_intento_6.mp4,1238,10316.667,True,129.000,161.000,0.000,156.000,96.000,0.150000,0.361111,-0.920380,55.202,65.545,114.452,2681.0
Victor_experimento_1_intento_6.mp4,1239,10325.000,True,129.000,161.000,0.000,156.000,96.000,0.150000,0.361111,-0.920380,54.814,65.257,113.568,2645.5
Victor_experimento_1_intento_6.mp4,1240,10333.333,True,129.000,161.000,0.000,156.000,95.000,0.150000,0.366667,-0.918181,55.226,65.648,116.010,2656.5
Victor_experimento_1_intento_6.mp4,1241,10341.667,True,129.000,161.000,0.000,156.000,96.000,0.150000,0.361111,-0.920380,54.998,65.447,114.992,2667.5
Victor_experimento_1_intento_6.mp4,1242,10350.000,True,129.000,161.000,0.000,156.000,96.000,0.150000,0.361111,-0.920380,55.262,64.519,114.711,2667.0
Victor_experimento_1_intento_6.mp4,1243,10358.333,True,129.000,161.000,0.000,156.000,96.000,0.150000,0.361111,-0.920380,55.038,64.565,114.032,2670.0
Victor_experimento_1_intento_6.mp4,1244,10366.667,True,129.000,161.000,0.000,156.000,96.000,0.150000,0.361111,-0.920380,54.680,66.286,112.281,2686.0
Victor_experimento_1_intento_6.mp4,1245,10375.000,True,129.000,161.000,0.000,156.000,96.000,0.150000,0.361111,-0.920380,54.963,65.616,111.738,2683.5
Victor_experimento_1_intento_6.mp4,1246,10383.333,True,129.000,161.000,0.000,156.000,95.000,0.150000,0.366667,-0.918181,55.643,65.237,115.393,2714.0
Victor_experimento_1_intento_6.mp4,1247,10391.667,True,129.000,161.000,0.000,156.000,96.000,0.150000,0.361111,-0.920380,55.588,64.843,112.317,2689.0
Victor_experimento_1_intento_6.mp4,1248,10400.000,True,129.000,161.000,0.000,156.000,95.000,0.150000,0.366667,-0.918181,55.661,65.116,113.229,2697.5
Victor_experimento_1_intento_6.mp4,1249,10408.333,True,129.000,161.000,0.000,156.000,96.000,0.150000,0.361111,-0.920380,55.345,66.057,112.893,2699.0
Victor_experimento_1_intento_6.mp4,1250,10416.667,True,129.000,161.000,0.000,155.000,95.000,0.144444,0.366667,-0.919071,54.610,66.716,112.948,2688.0
Victor_experimento_1_intento_6.mp4,1251,10425.000,True,129.000,161.000,0.000,156.000,96.000,0.150000,0.361111,-0.920380,55.274,65.465,111.329,2693.0
Victor_experimento_1_intento_6.mp4,1252,10433.333,True,129.000,161.000,0.000,156.000,96.000,0.150000,0.361111,-0.920380,55.390,65.288,110.744,2703.5
Victor_experimento_1_intento_6.mp4,1253,10441.667,True,129.000,161.000,0.000,155.000,95.000,0.144444,0.366667,-0.919071,54.450,67.040,112.501,2673.0
Victor_experimento_1_intento_6.mp4,1254,10450.000,True,129.000,161.000,0.000,156.000,96.000,0.150000,0.361111,-0.920380,55.661,65.236,110.962,2709.5
Victor_experimento_1_intento_6.mp4,1255,10458.333,True,129.000,161.000,0.000,156.000,95.000,0.150000,0.366667,-0.918181,56.159,65.883,111.588,2723.0
Victor_experimento_1_intento_6.mp4,1256,10466.667,True,129.000,161.000,0.000,156.000,95.000,0.150000,0.366667,-0.918181,55.828,65.853,112.875,2712.5
Victor_experimento_1_intento_6.mp4,1257,10475.000,True,129.000,161.000,0.000,155.000,95.000,0.144444,0.366667,-0.919071,55.955,66.411,115.148,2722.0
Victor_experimento_1_intento_6.mp4,1258,10483.333,True,129.000,161.000,0.000,155.000,96.000,0.144444,0.361111,-0.921268,56.194,66.190,114.119,2735.5
Victor_experimento_1_intento_6.mp4,1259,10491.667,True,129.000,161.000,0.000,155.000,95.000,0.144444,0.366667,-0.919071,55.926,66.048,114.609,2720.0
Victor_experimento_1_intento_6.mp4,1260,10500.000,True,129.000,161.000,0.000,156.000,96.000,0.150000,0.361111,-0.920380,55.026,65.696,112.285,2710.0
Victor_experimento_1_intento_6.mp4,1261,10508.333,True,129.000,161.000,0.000,155.000,95.000,0.144444,0.366667,-0.919071,55.098,67.002,111.811,2711.5
Victor_experimento_1_intento_6.mp4,1262,10516.667,True,129.000,161.000,0.000,155.000,95.000,0.144444,0.366667,-0.919071,55.502,67.744,113.677,2711.0
Victor_experimento_1_intento_6.mp4,1263,10525.000,True,129.000,161.000,0.000,155.000,95.000,0.144444,0.366667,-0.919071,55.138,67.350,112.763,2713.5
Victor_experimento_1_intento_6.mp4,1264,10533.333,True,129.000,161.000,0.000,155.000,95.000,0.144444,0.366667,-0.919071,55.990,66.563,113.824,2728.0
Victor_experimento_1_intento_6.mp4,1265,10541.667,True,129.000,161.000,0.000,156.000,96.000,0.150000,0.361111,-0.920380,56.437,65.059,109.308,2709.0
Victor_experimento_1_intento_6.mp4,1266,10550.000,True,129.000,161.000,0.000,156.000,96.000,0.150000,0.361111,-0.920380,56.060,65.464,112.353,2734.0
Victor_experimento_1_intento_6.mp4,1267,10558.333,True,129.000,161.000,0.000,155.000,95.000,0.144444,0.366667,-0.919071,56.118,66.236,113.743,2727.0
Victor_experimento_1_intento_6.mp4,1268,10566.667,True,129.000,161.000,0.000,156.000,96.000,0.150000,0.361111,-0.920380,56.243,66.128,112.123,2740.0
Victor_experimento_1_intento_6.mp4,1269,10575.000,True,129.000,161.000,0.000,156.000,96.000,0.150000,0.361111,-0.920380,55.924,65.449,111.532,2719.5
Victor_experimento_1_intento_6.mp4,1270,10583.333,True,129.000,161.000,0.000,156.000,96.000,0.150000,0.361111,-0.920380,56.044,65.854,111.994,2753.0
Victor_experimento_1_intento_6.mp4,1271,10591.667,True,129.000,161.000,0.000,155.000,95.000,0.144444,0.366667,-0.919071,55.918,67.033,112.022,2736.5
Victor_experimento_1_intento_6.mp4,1272,10600.000,True,129.000,161.000,0.000,155.000,96.000,0.144444,0.361111,-0.921268,55.389,66.819,110.638,2711.5
Victor_experimento_1_intento_6.mp4,1273,10608.333,True,129.000,161.000,0.000,156.000,96.000,0.150000,0.361111,-0.920380,56.295,64.874,110.461,2706.0
Victor_experimento_1_intento_6.mp4,1274,10616.667,True,129.000,161.000,0.000,156.000,96.000,0.150000,0.361111,-0.920380,56.452,64.757,109.781,2724.0
Victor_experimento_1_intento_6.mp4,1275,10625.000,True,129.000,161.000,0.000,156.000,95.000,0.150000,0.366667,-0.918181,55.782,66.298,111.941,2731.5
Victor_experimento_1_intento_6.mp4,1276,10633.333,True,129.000,161.000,0.000,156.000,95.000,0.150000,0.366667,-0.918181,56.355,65.979,114.796,2740.5
Victor_experimento_1_intento_6.mp4,1277,10641.667,True,129.000,161.000,0.000,155.000,95.000,0.144444,0.366667,-0.919071,55.674,66.917,113.262,2740.5
Victor_experimento_1_intento_6.mp4,1278,10650.000,True,129.000,161.000,0.000,155.000,95.000,0.144444,0.366667,-0.919071,55.437,67.866,113.878,2753.0
Victor_experimento_1_intento_6.mp4,1279,10658.333,True,129.000,161.000,0.000,155.000,95.000,0.144444,0.366667,-0.919071,55.572,67.082,114.392,2723.0
Victor_experimento_1_intento_6.mp4,1280,10666.667,True,129.000,161.000,0.000,156.000,95.000,0.150000,0.366667,-0.918181,55.844,65.504,113.376,2758.0
Victor_experimento_1_intento_6.mp4,1281,10675.000,True,129.000,161.000,0.000,155.000,95.000,0.144444,0.366667,-0.919071,55.438,66.807,113.180,2711.5
Victor_experimento_1_intento_6.mp4,1282,10683.333,True,129.000,161.000,0.000,156.000,95.000,0.150000,0.366667,-0.918181,56.014,65.617,113.796,2717.0
Victor_experimento_1_intento_6.mp4,1283,10691.667,True,129.000,161.000,0.000,156.000,95.000,0.150000,0.366667,-0.918181,55.974,65.577,112.375,2712.0
Victor_experimento_1_intento_6.mp4,1284,10700.000,True,129.000,161.000,0.000,156.000,95.000,0.150000,0.366667,-0.918181,55.932,66.033,112.221,2760.0
Victor_experimento_1_intento_6.mp4,1285,10708.333,True,129.000,161.000,0.000,156.000,95.000,0.150000,0.366667,-0.918181,56.053,66.410,114.645,2739.5
Victor_experimento_1_intento_6.mp4,1286,10716.667,True,129.000,161.000,0.000,156.000,96.000,0.150000,0.361111,-0.920380,55.469,65.962,111.204,2736.0
Victor_experimento_1_intento_6.mp4,1287,10725.000,True,129.000,161.000,0.000,155.000,95.000,0.144444,0.366667,-0.919071,56.172,66.138,112.101,2734.0
Victor_experimento_1_intento_6.mp4,1288,10733.333,True,129.000,161.000,0.000,155.000,95.000,0.144444,0.366667,-0.919071,56.059,66.797,113.848,2764.5
Victor_experimento_1_intento_6.mp4,1289,10741.667,True,129.000,161.000,0.000,155.000,95.000,0.144444,0.366667,-0.919071,56.008,66.553,113.173,2762.0
Victor_experimento_1_intento_6.mp4,1290,10750.000,True,129.000,161.000,0.000,151.000,97.000,0.122222,0.355556,-0.926629,58.301,64.853,106.821,2834.0
Victor_experimento_1_intento_6.mp4,1291,10758.333,True,129.000,161.000,0.000,140.000,100.000,0.061111,0.338889,-0.938840,56.402,67.599,76.541,2826.5
Victor_experimento_1_intento_6.mp4,1292,10766.667,True,129.000,161.000,0.000,128.000,103.000,-0.005556,0.322222,-0.946648,56.266,71.130,78.870,2896.0
Victor_experimento_1_intento_6.mp4,1293,10775.000,True,129.000,161.000,0.000,118.000,105.000,-0.061111,0.311111,-0.948407,56.991,72.939,81.673,2935.0
Victor_experimento_1_intento_6.mp4,1294,10783.333,True,129.000,161.000,0.000,108.000,108.000,-0.116667,0.294444,-0.948521,58.760,74.059,85.480,2984.5
Victor_experimento_1_intento_6.mp4,1295,10791.667,True,129.000,161.000,0.000,101.000,110.000,-0.155556,0.283333,-0.946322,57.804,75.007,89.257,2947.5
Victor_experimento_1_intento_6.mp4,1296,10800.000,True,129.000,161.000,0.000,101.000,110.000,-0.155556,0.283333,-0.946322,57.561,74.439,91.653,2954.5
Victor_experimento_1_intento_6.mp4,1297,10808.333,True,129.000,161.000,0.000,101.000,110.000,-0.155556,0.283333,-0.946322,56.539,75.467,91.254,2923.5
Victor_experimento_1_intento_6.mp4,1298,10816.667,True,129.000,161.000,0.000,102.000,109.000,-0.150000,0.288889,-0.945539,57.492,75.161,88.798,2945.0
Victor_experimento_1_intento_6.mp4,1299,10825.000,True,129.000,161.000,0.000,102.000,109.000,-0.150000,0.288889,-0.945539,57.875,74.055,89.469,2974.5
Victor_experimento_1_intento_6.mp4,1300,10833.333,True,129.000,161.000,0.000,101.000,109.000,-0.155556,0.288889,-0.944641,57.241,75.037,90.570,2975.5
Victor_experimento_1_intento_6.mp4,1301,10841.667,True,129.000,161.000,0.000,101.000,110.000,-0.155556,0.283333,-0.946322,55.809,76.226,88.865,2982.0
Victor_experimento_1_intento_6.mp4,1302,10850.000,True,129.000,161.000,0.000,101.000,109.000,-0.155556,0.288889,-0.944641,57.701,75.157,87.917,2977.5
Victor_experimento_1_intento_6.mp4,1303,10858.333,True,129.000,161.000,0.000,102.000,109.000,-0.150000,0.288889,-0.945539,57.578,74.570,87.811,2930.0
Victor_experimento_1_intento_6.mp4,1304,10866.667,True,129.000,161.000,0.000,101.000,108.000,-0.155556,0.294444,-0.942924,58.517,74.761,89.256,2956.5
Victor_experimento_1_intento_6.mp4,1305,10875.000,True,129.000,161.000,0.000,101.000,109.000,-0.155556,0.288889,-0.944641,56.144,76.447,88.738,2932.5
Victor_experimento_1_intento_6.mp4,1306,10883.333,True,129.000,161.000,0.000,101.000,109.000,-0.155556,0.288889,-0.944641,56.039,76.636,88.585,2911.5
Victor_experimento_1_intento_6.mp4,1307,10891.667,True,129.000,161.000,0.000,102.000,108.000,-0.150000,0.294444,-0.943823,56.930,75.623,88.306,2894.0
Victor_experimento_1_intento_6.mp4,1308,10900.000,True,129.000,161.000,0.000,102.000,109.000,-0.150000,0.288889,-0.945539,56.847,74.235,89.047,2887.0
Victor_experimento_1_intento_6.mp4,1309,10908.333,True,129.000,161.000,0.000,102.000,109.000,-0.150000,0.288889,-0.945539,55.710,75.277,88.024,2901.0
Victor_experimento_1_intento_6.mp4,1310,10916.667,True,129.000,161.000,0.000,102.000,109.000,-0.150000,0.288889,-0.945539,55.250,75.522,91.267,2893.0
Victor_experimento_1_intento_6.mp4,1311,10925.000,True,129.000,161.000,0.000,101.000,109.000,-0.155556,0.288889,-0.944641,54.501,76.037,89.503,2864.5
Victor_experimento_1_intento_6.mp4,1312,10933.333,True,129.000,161.000,0.000,102.000,109.000,-0.150000,0.288889,-0.945539,56.229,75.031,88.822,2868.0
Victor_experimento_1_intento_6.mp4,1313,10941.667,True,129.000,161.000,0.000,102.000,109.000,-0.150000,0.288889,-0.945539,56.339,74.536,87.126,2890.0
Victor_experimento_1_intento_6.mp4,1314,10950.000,True,129.000,161.000,0.000,102.000,108.000,-0.150000,0.294444,-0.943823,56.307,74.655,87.893,2881.5
Victor_experimento_1_intento_6.mp4,1315,10958.333,True,129.000,161.000,0.000,102.000,109.000,-0.150000,0.288889,-0.945539,55.839,75.406,87.209,2870.0
Victor_experimento_1_intento_6.mp4,1316,10966.667,True,129.000,161.000,0.000,102.000,109.000,-0.150000,0.288889,-0.945539,54.746,74.049,86.477,2885.0
Victor_experimento_1_intento_6.mp4,1317,10975.000,True,129.000,161.000,0.000,102.000,109.000,-0.150000,0.288889,-0.945539,56.451,73.819,87.843,2875.0
Victor_experimento_1_intento_6.mp4,1318,10983.333,True,129.000,161.000,0.000,102.000,109.000,-0.150000,0.288889,-0.945539,56.655,74.092,88.291,2883.0
Victor_experimento_1_intento_6.mp4,1319,10991.667,True,129.000,161.000,0.000,102.000,109.000,-0.150000,0.288889,-0.945539,55.429,75.873,88.560,2867.0
Victor_experimento_1_intento_6.mp4,1320,11000.000,True,129.000,161.000,0.000,102.000,109.000,-0.150000,0.288889,-0.945539,55.786,76.161,89.572,2893.5
Victor_experimento_1_intento_6.mp4,1321,11008.333,True,129.000,161.000,0.000,103.000,109.000,-0.144444,0.288889,-0.946403,55.776,73.945,85.464,2824.5
Victor_experimento_1_intento_6.mp4,1322,11016.667,True,129.000,161.000,0.000,102.000,109.000,-0.150000,0.288889,-0.945539,55.220,74.853,86.968,2828.0
Victor_experimento_1_intento_6.mp4,1323,11025.000,True,129.000,161.000,0.000,103.000,108.000,-0.144444,0.294444,-0.944690,56.200,73.996,85.139,2845.0
Victor_experimento_1_intento_6.mp4,1324,11033.333,True,129.000,161.000,0.000,103.000,109.000,-0.144444,0.288889,-0.946403,55.665,74.419,84.571,2846.5
Victor_experimento_1_intento_6.mp4,1325,11041.667,True,129.000,161.000,0.000,103.000,109.000,-0.144444,0.288889,-0.946403,56.216,73.501,85.705,2842.5
Victor_experimento_1_intento_6.mp4,1326,11050.000,True,129.000,161.000,0.000,103.000,109.000,-0.144444,0.288889,-0.946403,56.296,73.798,84.804,2878.0
Victor_experimento_1_intento_6.mp4,1327,11058.333,True,129.000,161.000,0.000,102.000,108.000,-0.150000,0.294444,-0.943823,57.093,74.235,86.592,2867.5
Victor_experimento_1_intento_6.mp4,1328,11066.667,True,129.000,161.000,0.000,102.000,108.000,-0.150000,0.294444,-0.943823,56.372,74.566,87.187,2870.0
Victor_experimento_1_intento_6.mp4,1329,11075.000,True,129.000,161.000,0.000,103.000,109.000,-0.144444,0.288889,-0.946403,56.365,73.455,87.627,2822.5
Victor_experimento_1_intento_6.mp4,1330,11083.333,True,129.000,161.000,0.000,102.000,109.000,-0.150000,0.288889,-0.945539,55.250,75.382,87.414,2857.5
Victor_experimento_1_intento_6.mp4,1331,11091.667,True,129.000,161.000,0.000,103.000,109.000,-0.144444,0.288889,-0.946403,55.286,74.767,87.173,2827.0
Victor_experimento_1_intento_6.mp4,1332,11100.000,True,129.000,161.000,0.000,102.000,108.000,-0.150000,0.294444,-0.943823,56.365,74.485,87.844,2833.0
Victor_experimento_1_intento_6.mp4,1333,11108.333,True,129.000,161.000,0.000,103.000,109.000,-0.144444,0.288889,-0.946403,56.229,73.057,86.373,2807.0
Victor_experimento_1_intento_6.mp4,1334,11116.667,True,129.000,161.000,0.000,103.000,109.000,-0.144444,0.288889,-0.946403,54.063,75.555,84.814,2823.0
Victor_experimento_1_intento_6.mp4,1335,11125.000,True,129.000,161.000,0.000,104.000,110.000,-0.138889,0.283333,-0.948911,54.378,74.454,84.747,2815.5
Victor_experimento_1_intento_6.mp4,1336,11133.333,True,129.000,161.000,0.000,104.000,109.000,-0.138889,0.288889,-0.947234,54.935,74.390,83.305,2794.5
Victor_experimento_1_intento_6.mp4,1337,11141.667,True,129.000,161.000,0.000,103.000,109.000,-0.144444,0.288889,-0.946403,55.989,72.696,85.064,2785.0
Victor_experimento_1_intento_6.mp4,1338,11150.000,True,129.000,161.000,0.000,104.000,108.000,-0.138889,0.294444,-0.945522,56.186,72.804,81.336,2806.5
Victor_experimento_1_intento_6.mp4,1339,11158.333,True,129.000,161.000,0.000,104.000,109.000,-0.138889,0.288889,-0.947234,54.749,73.638,84.583,2777.5
Victor_experimento_1_intento_6.mp4,1340,11166.667,True,129.000,161.000,0.000,104.000,108.000,-0.138889,0.294444,-0.945522,56.049,72.847,86.475,2795.5
Victor_experimento_1_intento_6.mp4,1341,11175.000,True,129.000,161.000,0.000,104.000,109.000,-0.138889,0.288889,-0.947234,54.720,71.889,83.483,2769.0
Victor_experimento_1_intento_6.mp4,1342,11183.333,True,129.000,161.000,0.000,104.000,109.000,-0.138889,0.288889,-0.947234,54.493,72.715,83.048,2778.5
Victor_experimento_1_intento_6.mp4,1343,11191.667,True,129.000,161.000,0.000,104.000,109.000,-0.138889,0.288889,-0.947234,54.892,72.279,84.452,2735.5
Victor_experimento_1_intento_6.mp4,1344,11200.000,True,129.000,161.000,0.000,104.000,109.000,-0.138889,0.288889,-0.947234,54.367,72.575,84.382,2747.5
Victor_experimento_1_intento_6.mp4,1345,11208.333,True,129.000,161.000,0.000,104.000,109.000,-0.138889,0.288889,-0.947234,54.049,73.347,85.043,2760.5
Victor_experimento_1_intento_6.mp4,1346,11216.667,True,129.000,161.000,0.000,104.000,108.000,-0.138889,0.294444,-0.945522,56.731,71.149,84.733,2744.0
Victor_experimento_1_intento_6.mp4,1347,11225.000,True,129.000,161.000,0.000,104.000,108.000,-0.138889,0.294444,-0.945522,54.902,71.740,82.465,2709.0
Victor_experimento_1_intento_6.mp4,1348,11233.333,True,129.000,161.000,0.000,104.000,109.000,-0.138889,0.288889,-0.947234,54.368,71.657,80.620,2704.0
Victor_experimento_1_intento_6.mp4,1349,11241.667,True,129.000,161.000,0.000,104.000,109.000,-0.138889,0.288889,-0.947234,52.687,71.808,80.860,2705.0
Victor_experimento_1_intento_6.mp4,1350,11250.000,True,129.000,161.000,0.000,104.000,109.000,-0.138889,0.288889,-0.947234,52.159,71.251,80.602,2686.5
Victor_experimento_1_intento_6.mp4,1351,11258.333,True,129.000,161.000,0.000,104.000,109.000,-0.138889,0.288889,-0.947234,52.162,72.431,83.243,2639.5
Victor_experimento_1_intento_6.mp4,1352,11266.667,True,129.000,161.000,0.000,104.000,108.000,-0.138889,0.294444,-0.945522,54.260,71.140,82.703,2667.5
Victor_experimento_1_intento_6.mp4,1353,11275.000,True,129.000,161.000,0.000,104.000,109.000,-0.138889,0.288889,-0.947234,53.263,70.963,81.498,2659.0
Victor_experimento_1_intento_6.mp4,1354,11283.333,True,129.000,161.000,0.000,104.000,108.000,-0.138889,0.294444,-0.945522,53.673,70.949,81.967,2661.0
Victor_experimento_1_intento_6.mp4,1355,11291.667,True,129.000,161.000,0.000,104.000,109.000,-0.138889,0.288889,-0.947234,53.119,70.607,81.335,2609.0
Victor_experimento_1_intento_6.mp4,1356,11300.000,True,129.000,161.000,0.000,104.000,108.000,-0.138889,0.294444,-0.945522,52.498,72.393,83.675,2632.0
Victor_experimento_1_intento_6.mp4,1357,11308.333,True,129.000,161.000,0.000,104.000,108.000,-0.138889,0.294444,-0.945522,52.032,72.679,84.807,2623.0
Victor_experimento_1_intento_6.mp4,1358,11316.667,True,129.000,161.000,0.000,104.000,109.000,-0.138889,0.288889,-0.947234,52.701,72.196,86.550,2602.5
Victor_experimento_1_intento_6.mp4,1359,11325.000,True,129.000,161.000,0.000,104.000,107.000,-0.138889,0.300000,-0.943774,54.204,71.104,86.338,2637.0
Victor_experimento_1_intento_6.mp4,1360,11333.333,True,129.000,161.000,0.000,104.000,108.000,-0.138889,0.294444,-0.945522,52.099,71.304,87.033,2585.5
Victor_experimento_1_intento_6.mp4,1361,11341.667,True,129.000,161.000,0.000,104.000,108.000,-0.138889,0.294444,-0.945522,53.275,70.570,87.495,2552.0
Victor_experimento_1_intento_6.mp4,1362,11350.000,True,129.000,161.000,0.000,104.000,108.000,-0.138889,0.294444,-0.945522,52.815,70.242,85.119,2553.5
Victor_experimento_1_intento_6.mp4,1363,11358.333,True,129.000,161.000,0.000,103.000,108.000,-0.144444,0.294444,-0.944690,52.102,70.317,88.868,2519.0
Victor_experimento_1_intento_6.mp4,1364,11366.667,True,129.000,161.000,0.000,103.000,108.000,-0.144444,0.294444,-0.944690,52.118,70.424,89.523,2515.5
Victor_experimento_1_intento_6.mp4,1365,11375.000,True,129.000,161.000,0.000,104.000,108.000,-0.138889,0.294444,-0.945522,52.678,70.414,86.160,2548.5
Victor_experimento_1_intento_6.mp4,1366,11383.333,True,129.000,161.000,0.000,104.000,108.000,-0.138889,0.294444,-0.945522,52.442,68.727,85.025,2515.0
Victor_experimento_1_intento_6.mp4,1367,11391.667,True,129.000,161.000,0.000,104.000,108.000,-0.138889,0.294444,-0.945522,51.551,71.039,86.752,2487.0
Victor_experimento_1_intento_6.mp4,1368,11400.000,True,129.000,161.000,0.000,104.000,108.000,-0.138889,0.294444,-0.945522,52.435,70.005,86.413,2534.0
Victor_experimento_1_intento_6.mp4,1369,11408.333,True,129.000,161.000,0.000,104.000,108.000,-0.138889,0.294444,-0.945522,51.792,70.294,84.844,2527.5
Victor_experimento_1_intento_6.mp4,1370,11416.667,True,129.000,161.000,0.000,104.000,108.000,-0.138889,0.294444,-0.945522,53.041,68.929,85.223,2524.0
Victor_experimento_1_intento_6.mp4,1371,11425.000,True,129.000,161.000,0.000,104.000,108.000,-0.138889,0.294444,-0.945522,51.988,69.040,83.805,2517.0
Victor_experimento_1_intento_6.mp4,1372,11433.333,True,129.000,161.000,0.000,104.000,108.000,-0.138889,0.294444,-0.945522,51.460,70.013,83.509,2540.0
Victor_experimento_1_intento_6.mp4,1373,11441.667,True,129.000,161.000,0.000,104.000,108.000,-0.138889,0.294444,-0.945522,50.867,69.372,83.713,2501.0
Victor_experimento_1_intento_6.mp4,1374,11450.000,True,129.000,161.000,0.000,103.000,109.000,-0.144444,0.288889,-0.946403,49.558,70.173,86.397,2477.5
Victor_experimento_1_intento_6.mp4,1375,11458.333,True,129.000,161.000,0.000,105.000,109.000,-0.133333,0.288889,-0.948032,49.466,69.559,81.068,2456.0
Victor_experimento_1_intento_6.mp4,1376,11466.667,True,129.000,161.000,0.000,104.000,109.000,-0.138889,0.288889,-0.947234,48.989,70.784,83.555,2467.0
Victor_experimento_1_intento_6.mp4,1377,11475.000,True,129.000,161.000,0.000,103.000,108.000,-0.144444,0.294444,-0.944690,49.986,70.260,87.130,2472.5
Victor_experimento_1_intento_6.mp4,1378,11483.333,True,129.000,161.000,0.000,104.000,109.000,-0.138889,0.288889,-0.947234,49.786,69.168,83.954,2460.0
Victor_experimento_1_intento_6.mp4,1379,11491.667,True,129.000,161.000,0.000,104.000,109.000,-0.138889,0.288889,-0.947234,49.190,69.586,83.903,2462.0
Victor_experimento_1_intento_6.mp4,1380,11500.000,True,129.000,161.000,0.000,104.000,108.000,-0.138889,0.294444,-0.945522,50.141,68.797,84.171,2451.0
Victor_experimento_1_intento_6.mp4,1381,11508.333,True,129.000,161.000,0.000,104.000,108.000,-0.138889,0.294444,-0.945522,50.566,69.233,85.180,2426.5
Victor_experimento_1_intento_6.mp4,1382,11516.667,True,129.000,161.000,0.000,103.000,108.000,-0.144444,0.294444,-0.944690,49.462,71.500,87.402,2479.5
Victor_experimento_1_intento_6.mp4,1383,11525.000,True,129.000,161.000,0.000,104.000,108.000,-0.138889,0.294444,-0.945522,49.644,69.618,83.679,2413.0
Victor_experimento_1_intento_6.mp4,1384,11533.333,True,129.000,161.000,0.000,104.000,108.000,-0.138889,0.294444,-0.945522,50.001,69.303,84.515,2413.5
Victor_experimento_1_intento_6.mp4,1385,11541.667,True,129.000,161.000,0.000,104.000,108.000,-0.138889,0.294444,-0.945522,50.056,68.678,83.695,2421.0
Victor_experimento_1_intento_6.mp4,1386,11550.000,True,129.000,161.000,0.000,103.000,108.000,-0.144444,0.294444,-0.944690,49.853,69.710,84.169,2410.5
Victor_experimento_1_intento_6.mp4,1387,11558.333,True,129.000,161.000,0.000,103.000,108.000,-0.144444,0.294444,-0.944690,48.700,71.025,86.441,2384.0
Victor_experimento_1_intento_6.mp4,1388,11566.667,True,129.000,161.000,0.000,103.000,108.000,-0.144444,0.294444,-0.944690,49.229,70.375,85.582,2384.5
Victor_experimento_1_intento_6.mp4,1389,11575.000,True,129.000,161.000,0.000,104.000,108.000,-0.138889,0.294444,-0.945522,49.501,68.492,83.360,2386.0
Victor_experimento_1_intento_6.mp4,1390,11583.333,True,129.000,161.000,0.000,103.000,108.000,-0.144444,0.294444,-0.944690,49.395,70.125,84.840,2385.0
Victor_experimento_1_intento_6.mp4,1391,11591.667,True,129.000,161.000,0.000,104.000,108.000,-0.138889,0.294444,-0.945522,49.456,68.839,82.953,2385.5
Victor_experimento_1_intento_6.mp4,1392,11600.000,True,129.000,161.000,0.000,104.000,108.000,-0.138889,0.294444,-0.945522,47.959,69.330,85.926,2373.5
Victor_experimento_1_intento_6.mp4,1393,11608.333,True,129.000,161.000,0.000,104.000,108.000,-0.138889,0.294444,-0.945522,49.702,68.886,86.309,2390.0
Victor_experimento_1_intento_6.mp4,1394,11616.667,True,129.000,161.000,0.000,104.000,108.000,-0.138889,0.294444,-0.945522,48.995,69.518,85.034,2354.5
Victor_experimento_1_intento_6.mp4,1395,11625.000,True,129.000,161.000,0.000,104.000,108.000,-0.138889,0.294444,-0.945522,49.984,68.310,86.281,2343.0
Victor_experimento_1_intento_6.mp4,1396,11633.333,True,129.000,161.000,0.000,104.000,108.000,-0.138889,0.294444,-0.945522,48.471,68.209,84.725,2360.5
Victor_experimento_1_intento_6.mp4,1397,11641.667,True,129.000,161.000,0.000,104.000,108.000,-0.138889,0.294444,-0.945522,49.248,68.025,85.106,2333.5
Victor_experimento_1_intento_6.mp4,1398,11650.000,True,129.000,161.000,0.000,104.000,108.000,-0.138889,0.294444,-0.945522,48.076,68.684,84.253,2339.0
Victor_experimento_1_intento_6.mp4,1399,11658.333,True,129.000,161.000,0.000,104.000,108.000,-0.138889,0.294444,-0.945522,49.390,68.019,83.695,2334.5
Victor_experimento_1_intento_6.mp4,1400,11666.667,True,129.000,161.000,0.000,103.000,108.000,-0.144444,0.294444,-0.944690,49.204,68.531,86.069,2361.5
Victor_experimento_1_intento_6.mp4,1401,11675.000,True,129.000,161.000,0.000,104.000,108.000,-0.138889,0.294444,-0.945522,48.777,68.629,81.685,2349.5
Victor_experimento_1_intento_6.mp4,1402,11683.333,True,129.000,161.000,0.000,104.000,108.000,-0.138889,0.294444,-0.945522,49.285,68.466,81.975,2337.0
Victor_experimento_1_intento_6.mp4,1403,11691.667,True,129.000,161.000,0.000,104.000,108.000,-0.138889,0.294444,-0.945522,49.914,66.202,82.556,2253.0
Victor_experimento_1_intento_6.mp4,1404,11700.000,True,129.000,161.000,0.000,104.000,107.000,-0.138889,0.300000,-0.943774,49.643,67.476,83.656,2306.5
Victor_experimento_1_intento_6.mp4,1405,11708.333,True,129.000,161.000,0.000,105.000,109.000,-0.133333,0.288889,-0.948032,47.798,68.174,80.892,2284.0
Victor_experimento_1_intento_6.mp4,1406,11716.667,True,129.000,161.000,0.000,104.000,108.000,-0.138889,0.294444,-0.945522,48.008,68.239,83.270,2333.0
Victor_experimento_1_intento_6.mp4,1407,11725.000,True,129.000,161.000,0.000,104.000,109.000,-0.138889,0.288889,-0.947234,47.320,67.581,83.429,2267.0
Victor_experimento_1_intento_6.mp4,1408,11733.333,True,129.000,161.000,0.000,105.000,109.000,-0.133333,0.288889,-0.948032,46.682,67.966,82.269,2280.0
Victor_experimento_1_intento_6.mp4,1409,11741.667,True,129.000,161.000,0.000,105.000,109.000,-0.133333,0.288889,-0.948032,47.444,67.004,80.464,2287.0
Victor_experimento_1_intento_6.mp4,1410,11750.000,True,129.000,161.000,0.000,105.000,109.000,-0.133333,0.288889,-0.948032,47.731,67.032,80.835,2306.0
Victor_experimento_1_intento_6.mp4,1411,11758.333,True,129.000,161.000,0.000,104.000,108.000,-0.138889,0.294444,-0.945522,48.306,67.742,81.802,2342.0
Victor_experimento_1_intento_6.mp4,1412,11766.667,True,129.000,161.000,0.000,104.000,108.000,-0.138889,0.294444,-0.945522,47.636,68.606,82.245,2324.5
Victor_experimento_1_intento_6.mp4,1413,11775.000,True,129.000,161.000,0.000,105.000,109.000,-0.133333,0.288889,-0.948032,47.358,68.453,80.756,2301.0
Victor_experimento_1_intento_6.mp4,1414,11783.333,True,129.000,161.000,0.000,105.000,108.000,-0.133333,0.294444,-0.946322,48.027,68.095,82.193,2313.5
Victor_experimento_1_intento_6.mp4,1415,11791.667,True,129.000,161.000,0.000,105.000,109.000,-0.133333,0.288889,-0.948032,47.671,66.929,80.817,2317.5
Victor_experimento_1_intento_6.mp4,1416,11800.000,True,129.000,161.000,0.000,104.000,108.000,-0.138889,0.294444,-0.945522,48.727,68.499,84.700,2326.5
Victor_experimento_1_intento_6.mp4,1417,11808.333,True,129.000,161.000,0.000,104.000,108.000,-0.138889,0.294444,-0.945522,48.067,68.943,81.834,2306.0
Victor_experimento_1_intento_6.mp4,1418,11816.667,True,129.000,161.000,0.000,104.000,108.000,-0.138889,0.294444,-0.945522,49.952,67.225,83.619,2331.0
Victor_experimento_1_intento_6.mp4,1419,11825.000,True,129.000,161.000,0.000,104.000,108.000,-0.138889,0.294444,-0.945522,49.640,67.006,83.702,2329.0
Victor_experimento_1_intento_6.mp4,1420,11833.333,True,129.000,161.000,0.000,104.000,108.000,-0.138889,0.294444,-0.945522,49.335,67.933,85.039,2330.5
Victor_experimento_1_intento_6.mp4,1421,11841.667,True,129.000,161.000,0.000,104.000,108.000,-0.138889,0.294444,-0.945522,48.295,67.739,82.972,2346.5
Victor_experimento_1_intento_6.mp4,1422,11850.000,True,129.000,161.000,0.000,104.000,108.000,-0.138889,0.294444,-0.945522,49.615,67.184,83.927,2335.0
Victor_experimento_1_intento_6.mp4,1423,11858.333,True,129.000,161.000,0.000,104.000,107.000,-0.138889,0.300000,-0.943774,50.688,67.656,83.802,2320.5
Victor_experimento_1_intento_6.mp4,1424,11866.667,True,129.000,161.000,0.000,105.000,108.000,-0.133333,0.294444,-0.946322,49.116,67.376,80.591,2330.0
Victor_experimento_1_intento_6.mp4,1425,11875.000,True,129.000,161.000,0.000,105.000,108.000,-0.133333,0.294444,-0.946322,47.871,67.636,80.522,2332.5
Victor_experimento_1_intento_6.mp4,1426,11883.333,True,129.000,161.000,0.000,105.000,108.000,-0.133333,0.294444,-0.946322,48.306,67.631,81.117,2316.5
Victor_experimento_1_intento_6.mp4,1427,11891.667,True,129.000,161.000,0.000,104.000,108.000,-0.138889,0.294444,-0.945522,48.639,67.472,86.049,2326.0
Victor_experimento_1_intento_6.mp4,1428,11900.000,True,129.000,161.000,0.000,105.000,109.000,-0.133333,0.288889,-0.948032,46.674,67.790,81.993,2297.5
Victor_experimento_1_intento_6.mp4,1429,11908.333,True,129.000,161.000,0.000,104.000,107.000,-0.138889,0.300000,-0.943774,50.214,67.580,84.956,2353.5
Victor_experimento_1_intento_6.mp4,1430,11916.667,True,129.000,161.000,0.000,104.000,107.000,-0.138889,0.300000,-0.943774,50.490,67.898,84.979,2377.5
Victor_experimento_1_intento_6.mp4,1431,11925.000,True,129.000,161.000,0.000,104.000,107.000,-0.138889,0.300000,-0.943774,50.577,67.475,85.990,2349.0
Victor_experimento_1_intento_6.mp4,1432,11933.333,True,129.000,161.000,0.000,105.000,108.000,-0.133333,0.294444,-0.946322,48.894,67.803,79.429,2325.5
Victor_experimento_1_intento_6.mp4,1433,11941.667,True,129.000,161.000,0.000,105.000,108.000,-0.133333,0.294444,-0.946322,48.570,67.141,80.180,2315.0
Victor_experimento_1_intento_6.mp4,1434,11950.000,True,129.000,161.000,0.000,105.000,108.000,-0.133333,0.294444,-0.946322,49.071,66.837,81.109,2314.0
Victor_experimento_1_intento_6.mp4,1435,11958.333,True,129.000,161.000,0.000,105.000,108.000,-0.133333,0.294444,-0.946322,48.600,67.576,82.316,2336.0
Victor_experimento_1_intento_6.mp4,1436,11966.667,True,129.000,161.000,0.000,105.000,108.000,-0.133333,0.294444,-0.946322,48.237,68.177,81.737,2354.0
Victor_experimento_1_intento_6.mp4,1437,11975.000,True,129.000,161.000,0.000,104.000,108.000,-0.138889,0.294444,-0.945522,50.571,67.642,83.112,2340.5
Victor_experimento_1_intento_6.mp4,1438,11983.333,True,129.000,161.000,0.000,105.000,108.000,-0.133333,0.294444,-0.946322,50.217,67.585,83.823,2342.0
Victor_experimento_1_intento_6.mp4,1439,11991.667,True,129.000,161.000,0.000,104.000,108.000,-0.138889,0.294444,-0.945522,50.509,67.343,84.998,2342.5
Victor_experimento_1_intento_6.mp4,1440,12000.000,True,129.000,161.000,0.000,104.000,108.000,-0.138889,0.294444,-0.945522,50.719,67.533,86.358,2361.5
Victor_experimento_1_intento_6.mp4,1441,12008.333,True,129.000,161.000,0.000,104.000,108.000,-0.138889,0.294444,-0.945522,49.992,70.348,86.284,2419.0
Victor_experimento_1_intento_6.mp4,1442,12016.667,True,129.000,161.000,0.000,104.000,108.000,-0.138889,0.294444,-0.945522,48.772,70.395,84.631,2386.5
Victor_experimento_1_intento_6.mp4,1443,12025.000,True,129.000,161.000,0.000,104.000,109.000,-0.138889,0.288889,-0.947234,48.418,69.127,86.477,2365.5
Victor_experimento_1_intento_6.mp4,1444,12033.333,True,129.000,161.000,0.000,104.000,108.000,-0.138889,0.294444,-0.945522,49.047,69.800,87.262,2419.0
Victor_experimento_1_intento_6.mp4,1445,12041.667,True,129.000,161.000,0.000,104.000,108.000,-0.138889,0.294444,-0.945522,49.209,69.598,85.751,2399.5
Victor_experimento_1_intento_6.mp4,1446,12050.000,True,129.000,161.000,0.000,104.000,108.000,-0.138889,0.294444,-0.945522,50.490,68.826,84.181,2423.0
Victor_experimento_1_intento_6.mp4,1447,12058.333,True,129.000,161.000,0.000,104.000,108.000,-0.138889,0.294444,-0.945522,50.177,68.806,85.000,2418.0
Victor_experimento_1_intento_6.mp4,1448,12066.667,True,129.000,161.000,0.000,105.000,109.000,-0.133333,0.288889,-0.948032,47.391,69.910,82.607,2400.0
Victor_experimento_1_intento_6.mp4,1449,12075.000,True,129.000,161.000,0.000,105.000,109.000,-0.133333,0.288889,-0.948032,47.788,68.687,84.650,2384.0
Victor_experimento_1_intento_6.mp4,1450,12083.333,True,129.000,161.000,0.000,104.000,108.000,-0.138889,0.294444,-0.945522,50.739,69.018,84.798,2404.0
Victor_experimento_1_intento_6.mp4,1451,12091.667,True,129.000,161.000,0.000,104.000,108.000,-0.138889,0.294444,-0.945522,50.436,68.606,85.294,2399.5
Victor_experimento_1_intento_6.mp4,1452,12100.000,True,129.000,161.000,0.000,105.000,109.000,-0.133333,0.288889,-0.948032,48.676,69.131,83.332,2400.5
Victor_experimento_1_intento_6.mp4,1453,12108.333,True,129.000,161.000,0.000,105.000,108.000,-0.133333,0.294444,-0.946322,51.279,68.426,83.344,2424.0
Victor_experimento_1_intento_6.mp4,1454,12116.667,True,129.000,161.000,0.000,105.000,108.000,-0.133333,0.294444,-0.946322,49.930,68.701,82.473,2434.0
Victor_experimento_1_intento_6.mp4,1455,12125.000,True,129.000,161.000,0.000,105.000,108.000,-0.133333,0.294444,-0.946322,51.663,68.250,84.709,2417.0
Victor_experimento_1_intento_6.mp4,1456,12133.333,True,129.000,161.000,0.000,105.000,108.000,-0.133333,0.294444,-0.946322,50.691,68.080,80.789,2425.5
Victor_experimento_1_intento_6.mp4,1457,12141.667,True,129.000,161.000,0.000,105.000,108.000,-0.133333,0.294444,-0.946322,49.609,68.537,81.733,2414.0
Victor_experimento_1_intento_6.mp4,1458,12150.000,True,129.000,161.000,0.000,105.000,108.000,-0.133333,0.294444,-0.946322,51.176,67.440,80.851,2413.0
Victor_experimento_1_intento_6.mp4,1459,12158.333,True,129.000,161.000,0.000,105.000,107.000,-0.133333,0.300000,-0.944575,51.841,67.296,84.029,2396.5
Victor_experimento_1_intento_6.mp4,1460,12166.667,True,129.000,161.000,0.000,105.000,108.000,-0.133333,0.294444,-0.946322,49.554,68.474,82.690,2429.0
Victor_experimento_1_intento_6.mp4,1461,12175.000,True,129.000,161.000,0.000,105.000,108.000,-0.133333,0.294444,-0.946322,49.886,68.673,82.928,2403.5
Victor_experimento_1_intento_6.mp4,1462,12183.333,True,129.000,161.000,0.000,105.000,108.000,-0.133333,0.294444,-0.946322,49.905,68.326,84.929,2397.0
Victor_experimento_1_intento_6.mp4,1463,12191.667,True,129.000,161.000,0.000,105.000,108.000,-0.133333,0.294444,-0.946322,50.421,67.596,82.535,2414.0
Victor_experimento_1_intento_6.mp4,1464,12200.000,True,129.000,161.000,0.000,105.000,108.000,-0.133333,0.294444,-0.946322,49.587,68.887,82.170,2430.5
Victor_experimento_1_intento_6.mp4,1465,12208.333,True,129.000,161.000,0.000,105.000,108.000,-0.133333,0.294444,-0.946322,49.339,69.706,83.694,2414.5
Victor_experimento_1_intento_6.mp4,1466,12216.667,True,129.000,161.000,0.000,104.000,108.000,-0.138889,0.294444,-0.945522,49.215,69.822,85.867,2416.0
Victor_experimento_1_intento_6.mp4,1467,12225.000,True,129.000,161.000,0.000,104.000,108.000,-0.138889,0.294444,-0.945522,48.509,70.260,85.741,2418.0
Victor_experimento_1_intento_6.mp4,1468,12233.333,True,129.000,161.000,0.000,105.000,108.000,-0.133333,0.294444,-0.946322,49.604,69.114,84.944,2435.5
Victor_experimento_1_intento_6.mp4,1469,12241.667,True,129.000,161.000,0.000,105.000,109.000,-0.133333,0.288889,-0.948032,48.928,69.531,84.456,2426.0
Victor_experimento_1_intento_6.mp4,1470,12250.000,True,129.000,161.000,0.000,105.000,109.000,-0.133333,0.288889,-0.948032,49.473,68.692,81.383,2431.5
Victor_experimento_1_intento_6.mp4,1471,12258.333,True,129.000,161.000,0.000,105.000,108.000,-0.133333,0.294444,-0.946322,50.941,67.614,81.949,2410.0
Victor_experimento_1_intento_6.mp4,1472,12266.667,True,129.000,161.000,0.000,105.000,108.000,-0.133333,0.294444,-0.946322,50.771,67.909,82.628,2424.0
Victor_experimento_1_intento_6.mp4,1473,12275.000,True,129.000,161.000,0.000,105.000,108.000,-0.133333,0.294444,-0.946322,50.555,67.940,81.647,2394.5
Victor_experimento_1_intento_6.mp4,1474,12283.333,True,129.000,161.000,0.000,105.000,108.000,-0.133333,0.294444,-0.946322,50.341,67.639,81.148,2413.0
Victor_experimento_1_intento_6.mp4,1475,12291.667,True,129.000,161.000,0.000,105.000,108.000,-0.133333,0.294444,-0.946322,49.786,68.090,81.969,2424.0
Victor_experimento_1_intento_6.mp4,1476,12300.000,True,129.000,161.000,0.000,105.000,108.000,-0.133333,0.294444,-0.946322,50.199,68.627,84.227,2413.0
Victor_experimento_1_intento_6.mp4,1477,12308.333,True,129.000,161.000,0.000,105.000,108.000,-0.133333,0.294444,-0.946322,50.308,68.227,81.344,2435.5
Victor_experimento_1_intento_6.mp4,1478,12316.667,True,129.000,161.000,0.000,105.000,108.000,-0.133333,0.294444,-0.946322,51.164,68.181,83.235,2414.5
Victor_experimento_1_intento_6.mp4,1479,12325.000,True,129.000,161.000,0.000,104.000,108.000,-0.138889,0.294444,-0.945522,51.316,68.735,85.666,2427.0
Victor_experimento_1_intento_6.mp4,1480,12333.333,True,129.000,161.000,0.000,104.000,108.000,-0.138889,0.294444,-0.945522,51.279,69.285,84.196,2498.5
Victor_experimento_1_intento_6.mp4,1481,12341.667,True,129.000,161.000,0.000,104.000,107.000,-0.138889,0.300000,-0.943774,52.245,68.629,85.232,2464.5
Victor_experimento_1_intento_6.mp4,1482,12350.000,True,129.000,161.000,0.000,104.000,107.000,-0.138889,0.300000,-0.943774,52.522,68.778,86.221,2476.5
Victor_experimento_1_intento_6.mp4,1483,12358.333,True,129.000,161.000,0.000,104.000,107.000,-0.138889,0.300000,-0.943774,52.725,68.324,86.078,2463.0
Victor_experimento_1_intento_6.mp4,1484,12366.667,True,129.000,161.000,0.000,104.000,108.000,-0.138889,0.294444,-0.945522,50.171,70.353,85.823,2491.0
Victor_experimento_1_intento_6.mp4,1485,12375.000,True,129.000,161.000,0.000,104.000,108.000,-0.138889,0.294444,-0.945522,49.413,70.754,85.145,2460.5
Victor_experimento_1_intento_6.mp4,1486,12383.333,True,129.000,161.000,0.000,104.000,108.000,-0.138889,0.294444,-0.945522,50.390,69.877,84.198,2470.0
Victor_experimento_1_intento_6.mp4,1487,12391.667,True,129.000,161.000,0.000,104.000,108.000,-0.138889,0.294444,-0.945522,49.934,70.893,84.353,2468.5
Victor_experimento_1_intento_6.mp4,1488,12400.000,True,129.000,161.000,0.000,104.000,108.000,-0.138889,0.294444,-0.945522,51.047,70.233,86.022,2483.5
Victor_experimento_1_intento_6.mp4,1489,12408.333,True,129.000,161.000,0.000,104.000,108.000,-0.138889,0.294444,-0.945522,51.692,70.316,84.383,2489.0
Victor_experimento_1_intento_6.mp4,1490,12416.667,True,129.000,161.000,0.000,104.000,108.000,-0.138889,0.294444,-0.945522,52.589,69.215,85.328,2507.5
Victor_experimento_1_intento_6.mp4,1491,12425.000,True,129.000,161.000,0.000,104.000,107.000,-0.138889,0.300000,-0.943774,53.439,69.467,87.332,2480.0
Victor_experimento_1_intento_6.mp4,1492,12433.333,True,129.000,161.000,0.000,105.000,108.000,-0.133333,0.294444,-0.946322,52.505,68.673,82.632,2467.5
Victor_experimento_1_intento_6.mp4,1493,12441.667,True,129.000,161.000,0.000,105.000,109.000,-0.133333,0.288889,-0.948032,50.382,69.711,82.773,2497.0
Victor_experimento_1_intento_6.mp4,1494,12450.000,True,129.000,161.000,0.000,105.000,109.000,-0.133333,0.288889,-0.948032,49.426,70.194,84.163,2465.0
Victor_experimento_1_intento_6.mp4,1495,12458.333,True,129.000,161.000,0.000,105.000,108.000,-0.133333,0.294444,-0.946322,51.184,69.768,84.238,2469.0
Victor_experimento_1_intento_6.mp4,1496,12466.667,True,129.000,161.000,0.000,105.000,108.000,-0.133333,0.294444,-0.946322,52.668,68.757,84.183,2503.0
Victor_experimento_1_intento_6.mp4,1497,12475.000,True,129.000,161.000,0.000,105.000,108.000,-0.133333,0.294444,-0.946322,51.780,69.611,85.412,2502.0
Victor_experimento_1_intento_6.mp4,1498,12483.333,True,129.000,161.000,0.000,104.000,108.000,-0.138889,0.294444,-0.945522,52.403,69.861,85.594,2552.0
Victor_experimento_1_intento_6.mp4,1499,12491.667,True,129.000,161.000,0.000,104.000,108.000,-0.138889,0.294444,-0.945522,51.677,70.258,85.968,2537.0
Victor_experimento_1_intento_6.mp4,1500,12500.000,True,129.000,161.000,0.000,104.000,108.000,-0.138889,0.294444,-0.945522,51.336,70.268,86.756,2530.5
Victor_experimento_1_intento_6.mp4,1501,12508.333,True,129.000,161.000,0.000,105.000,109.000,-0.133333,0.288889,-0.948032,50.313,69.957,81.933,2503.5
Victor_experimento_1_intento_6.mp4,1502,12516.667,True,129.000,161.000,0.000,105.000,109.000,-0.133333,0.288889,-0.948032,51.353,69.905,85.582,2519.0
Victor_experimento_1_intento_6.mp4,1503,12525.000,True,129.000,161.000,0.000,104.000,108.000,-0.138889,0.294444,-0.945522,52.374,70.208,84.789,2522.5
Victor_experimento_1_intento_6.mp4,1504,12533.333,True,129.000,161.000,0.000,104.000,109.000,-0.138889,0.288889,-0.947234,50.383,71.291,85.697,2545.0
Victor_experimento_1_intento_6.mp4,1505,12541.667,True,129.000,161.000,0.000,105.000,108.000,-0.133333,0.294444,-0.946322,51.926,71.238,85.202,2547.5
Victor_experimento_1_intento_6.mp4,1506,12550.000,True,129.000,161.000,0.000,104.000,108.000,-0.138889,0.294444,-0.945522,53.159,70.171,85.047,2563.0
Victor_experimento_1_intento_6.mp4,1507,12558.333,True,129.000,161.000,0.000,105.000,108.000,-0.133333,0.294444,-0.946322,53.351,69.429,84.343,2585.5
Victor_experimento_1_intento_6.mp4,1508,12566.667,True,129.000,161.000,0.000,104.000,108.000,-0.138889,0.294444,-0.945522,53.566,70.725,87.268,2607.0
Victor_experimento_1_intento_6.mp4,1509,12575.000,True,129.000,161.000,0.000,104.000,109.000,-0.138889,0.288889,-0.947234,51.170,72.179,88.203,2588.5
Victor_experimento_1_intento_6.mp4,1510,12583.333,True,129.000,161.000,0.000,104.000,109.000,-0.138889,0.288889,-0.947234,52.417,71.943,86.516,2594.0
Victor_experimento_1_intento_6.mp4,1511,12591.667,True,129.000,161.000,0.000,104.000,108.000,-0.138889,0.294444,-0.945522,53.722,70.634,85.241,2594.0
Victor_experimento_1_intento_6.mp4,1512,12600.000,True,129.000,161.000,0.000,104.000,108.000,-0.138889,0.294444,-0.945522,54.422,70.896,85.178,2636.0
Victor_experimento_1_intento_6.mp4,1513,12608.333,True,129.000,161.000,0.000,104.000,108.000,-0.138889,0.294444,-0.945522,52.642,72.231,87.099,2579.5
Victor_experimento_1_intento_6.mp4,1514,12616.667,True,129.000,161.000,0.000,104.000,108.000,-0.138889,0.294444,-0.945522,53.436,71.883,86.720,2629.5
Victor_experimento_1_intento_6.mp4,1515,12625.000,True,129.000,161.000,0.000,104.000,108.000,-0.138889,0.294444,-0.945522,52.818,72.241,87.643,2620.5
Victor_experimento_1_intento_6.mp4,1516,12633.333,True,129.000,161.000,0.000,104.000,109.000,-0.138889,0.288889,-0.947234,52.633,71.651,85.330,2630.0
Victor_experimento_1_intento_6.mp4,1517,12641.667,True,129.000,161.000,0.000,104.000,108.000,-0.138889,0.294444,-0.945522,52.746,71.288,84.826,2595.5
Victor_experimento_1_intento_6.mp4,1518,12650.000,True,129.000,161.000,0.000,104.000,108.000,-0.138889,0.294444,-0.945522,53.204,71.987,86.621,2613.5
Victor_experimento_1_intento_6.mp4,1519,12658.333,True,129.000,161.000,0.000,104.000,108.000,-0.138889,0.294444,-0.945522,53.620,71.300,86.920,2615.0
Victor_experimento_1_intento_6.mp4,1520,12666.667,True,129.000,161.000,0.000,104.000,108.000,-0.138889,0.294444,-0.945522,54.631,71.525,86.642,2634.0
Victor_experimento_1_intento_6.mp4,1521,12675.000,True,129.000,161.000,0.000,104.000,108.000,-0.138889,0.294444,-0.945522,55.024,71.021,88.113,2642.0
Victor_experimento_1_intento_6.mp4,1522,12683.333,True,129.000,161.000,0.000,104.000,107.000,-0.138889,0.300000,-0.943774,55.679,70.697,86.893,2650.0
Victor_experimento_1_intento_6.mp4,1523,12691.667,True,129.000,161.000,0.000,104.000,108.000,-0.138889,0.294444,-0.945522,54.924,71.466,87.512,2621.5
Victor_experimento_1_intento_6.mp4,1524,12700.000,True,129.000,161.000,0.000,104.000,108.000,-0.138889,0.294444,-0.945522,55.866,70.182,86.504,2658.5
Victor_experimento_1_intento_6.mp4,1525,12708.333,True,129.000,161.000,0.000,105.000,109.000,-0.133333,0.288889,-0.948032,53.067,72.412,82.008,2637.5
Victor_experimento_1_intento_6.mp4,1526,12716.667,True,129.000,161.000,0.000,105.000,109.000,-0.133333,0.288889,-0.948032,52.845,71.381,81.301,2648.5
Victor_experimento_1_intento_6.mp4,1527,12725.000,True,129.000,161.000,0.000,105.000,109.000,-0.133333,0.288889,-0.948032,52.371,72.408,83.719,2659.0
Victor_experimento_1_intento_6.mp4,1528,12733.333,True,129.000,161.000,0.000,105.000,109.000,-0.133333,0.288889,-0.948032,52.113,71.299,81.185,2672.0
Victor_experimento_1_intento_6.mp4,1529,12741.667,True,129.000,161.000,0.000,105.000,109.000,-0.133333,0.288889,-0.948032,52.946,71.114,82.567,2668.0
Victor_experimento_1_intento_6.mp4,1530,12750.000,True,129.000,161.000,0.000,104.000,108.000,-0.138889,0.294444,-0.945522,55.685,72.290,87.915,2696.0
Victor_experimento_1_intento_6.mp4,1531,12758.333,True,129.000,161.000,0.000,104.000,109.000,-0.138889,0.288889,-0.947234,53.646,72.339,88.095,2645.5
Victor_experimento_1_intento_6.mp4,1532,12766.667,True,129.000,161.000,0.000,105.000,109.000,-0.133333,0.288889,-0.948032,54.060,71.624,85.299,2663.0
Victor_experimento_1_intento_6.mp4,1533,12775.000,True,129.000,161.000,0.000,105.000,109.000,-0.133333,0.288889,-0.948032,54.753,70.510,84.079,2633.5
Victor_experimento_1_intento_6.mp4,1534,12783.333,True,129.000,161.000,0.000,104.000,108.000,-0.138889,0.294444,-0.945522,54.515,72.131,87.192,2640.0
Victor_experimento_1_intento_6.mp4,1535,12791.667,True,129.000,161.000,0.000,104.000,109.000,-0.138889,0.288889,-0.947234,53.551,72.655,87.218,2680.5
Victor_experimento_1_intento_6.mp4,1536,12800.000,True,129.000,161.000,0.000,104.000,109.000,-0.138889,0.288889,-0.947234,54.500,71.545,84.763,2695.5
Victor_experimento_1_intento_6.mp4,1537,12808.333,True,129.000,161.000,0.000,105.000,109.000,-0.133333,0.288889,-0.948032,52.858,74.871,87.664,2699.0
Victor_experimento_1_intento_6.mp4,1538,12816.667,True,129.000,161.000,0.000,116.000,109.000,-0.072222,0.288889,-0.954635,53.166,70.901,83.477,2687.0
Victor_experimento_1_intento_6.mp4,1539,12825.000,True,129.000,161.000,0.000,131.000,108.000,0.011111,0.294444,-0.955604,55.997,69.779,88.833,2789.0
Victor_experimento_1_intento_6.mp4,1540,12833.333,True,129.000,161.000,0.000,144.000,107.000,0.083333,0.300000,-0.950292,57.140,66.738,104.461,2780.0
Victor_experimento_1_intento_6.mp4,1541,12841.667,True,129.000,161.000,0.000,156.000,106.000,0.150000,0.305556,-0.940285,56.042,68.357,114.797,2841.0
Victor_experimento_1_intento_6.mp4,1542,12850.000,True,129.000,161.000,0.000,167.000,107.000,0.211111,0.300000,-0.930286,55.065,68.378,120.519,2854.5
Victor_experimento_1_intento_6.mp4,1543,12858.333,True,129.000,161.000,0.000,177.000,108.000,0.266667,0.294444,-0.917710,53.372,69.342,125.873,2844.5
Victor_experimento_1_intento_6.mp4,1544,12866.667,True,129.000,161.000,0.000,185.000,109.000,0.311111,0.288889,-0.905402,52.172,68.735,128.974,2767.0
Victor_experimento_1_intento_6.mp4,1545,12875.000,True,129.000,161.000,0.000,194.000,111.000,0.361111,0.277778,-0.890190,50.920,69.388,133.730,2724.0
Victor_experimento_1_intento_6.mp4,1546,12883.333,True,129.000,161.000,0.000,200.000,113.000,0.394444,0.266667,-0.879376,49.831,69.847,137.845,2705.0
Victor_experimento_1_intento_6.mp4,1547,12891.667,True,129.000,161.000,0.000,204.000,114.000,0.416667,0.261111,-0.870752,49.207,69.509,139.821,2652.5
Victor_experimento_1_intento_6.mp4,1548,12900.000,True,129.000,161.000,0.000,206.000,116.000,0.427778,0.250000,-0.868623,49.492,70.017,141.950,2679.0
Victor_experimento_1_intento_6.mp4,1549,12908.333,True,129.000,161.000,0.000,207.000,117.000,0.433333,0.244444,-0.867450,49.818,69.588,140.558,2687.5
Victor_experimento_1_intento_6.mp4,1550,12916.667,True,129.000,161.000,0.000,206.000,117.000,0.427778,0.244444,-0.870203,50.228,70.316,140.921,2722.5
Victor_experimento_1_intento_6.mp4,1551,12925.000,True,129.000,161.000,0.000,207.000,117.000,0.433333,0.244444,-0.867450,49.799,70.436,140.002,2692.5
Victor_experimento_1_intento_6.mp4,1552,12933.333,True,129.000,161.000,0.000,207.000,117.000,0.433333,0.244444,-0.867450,49.232,70.399,141.374,2662.5
Victor_experimento_1_intento_6.mp4,1553,12941.667,True,129.000,161.000,0.000,207.000,117.000,0.433333,0.244444,-0.867450,48.277,70.245,141.963,2617.5
Victor_experimento_1_intento_6.mp4,1554,12950.000,True,129.000,161.000,0.000,207.000,117.000,0.433333,0.244444,-0.867450,48.043,70.414,142.938,2616.5
Victor_experimento_1_intento_6.mp4,1555,12958.333,True,129.000,161.000,0.000,207.000,117.000,0.433333,0.244444,-0.867450,48.373,70.391,142.949,2634.5
Victor_experimento_1_intento_6.mp4,1556,12966.667,True,129.000,161.000,0.000,207.000,117.000,0.433333,0.244444,-0.867450,47.819,70.550,144.177,2614.0
Victor_experimento_1_intento_6.mp4,1557,12975.000,True,129.000,161.000,0.000,207.000,117.000,0.433333,0.244444,-0.867450,47.804,70.656,143.003,2615.5
Victor_experimento_1_intento_6.mp4,1558,12983.333,True,129.000,161.000,0.000,207.000,117.000,0.433333,0.244444,-0.867450,47.960,70.472,143.262,2610.0
Victor_experimento_1_intento_6.mp4,1559,12991.667,True,129.000,161.000,0.000,207.000,117.000,0.433333,0.244444,-0.867450,48.208,70.636,143.860,2611.0
Victor_experimento_1_intento_6.mp4,1560,13000.000,True,129.000,161.000,0.000,207.000,117.000,0.433333,0.244444,-0.867450,47.934,70.325,144.073,2606.0
Victor_experimento_1_intento_6.mp4,1561,13008.333,True,129.000,161.000,0.000,207.000,116.000,0.433333,0.250000,-0.865865,47.835,70.566,144.232,2619.0
Victor_experimento_1_intento_6.mp4,1562,13016.667,True,129.000,161.000,0.000,207.000,117.000,0.433333,0.244444,-0.867450,48.037,70.724,144.692,2620.5
Victor_experimento_1_intento_6.mp4,1563,13025.000,True,129.000,161.000,0.000,207.000,116.000,0.433333,0.250000,-0.865865,48.030,70.978,144.078,2611.5
Victor_experimento_1_intento_6.mp4,1564,13033.333,True,129.000,161.000,0.000,207.000,117.000,0.433333,0.244444,-0.867450,48.386,70.964,144.235,2645.0
Victor_experimento_1_intento_6.mp4,1565,13041.667,True,129.000,161.000,0.000,207.000,116.000,0.433333,0.250000,-0.865865,48.793,70.850,144.902,2648.5
Victor_experimento_1_intento_6.mp4,1566,13050.000,True,129.000,161.000,0.000,207.000,116.000,0.433333,0.250000,-0.865865,48.919,70.683,144.056,2661.5
Victor_experimento_1_intento_6.mp4,1567,13058.333,True,129.000,161.000,0.000,207.000,116.000,0.433333,0.250000,-0.865865,48.716,70.462,143.705,2650.5
Victor_experimento_1_intento_6.mp4,1568,13066.667,True,129.000,161.000,0.000,207.000,116.000,0.433333,0.250000,-0.865865,48.980,70.986,143.444,2684.0
Victor_experimento_1_intento_6.mp4,1569,13075.000,True,129.000,161.000,0.000,207.000,116.000,0.433333,0.250000,-0.865865,48.995,71.175,143.892,2679.0
Victor_experimento_1_intento_6.mp4,1570,13083.333,True,129.000,161.000,0.000,207.000,116.000,0.433333,0.250000,-0.865865,49.328,70.508,143.693,2693.0
Victor_experimento_1_intento_6.mp4,1571,13091.667,True,129.000,161.000,0.000,207.000,116.000,0.433333,0.250000,-0.865865,48.704,71.129,143.178,2679.0
Victor_experimento_1_intento_6.mp4,1572,13100.000,True,129.000,161.000,0.000,207.000,116.000,0.433333,0.250000,-0.865865,48.703,70.547,143.956,2662.0
Victor_experimento_1_intento_6.mp4,1573,13108.333,True,129.000,161.000,0.000,207.000,116.000,0.433333,0.250000,-0.865865,49.020,71.239,142.923,2695.0
Victor_experimento_1_intento_6.mp4,1574,13116.667,True,129.000,161.000,0.000,207.000,116.000,0.433333,0.250000,-0.865865,49.566,71.191,144.044,2714.5
Victor_experimento_1_intento_6.mp4,1575,13125.000,True,129.000,161.000,0.000,207.000,117.000,0.433333,0.244444,-0.867450,48.958,71.417,143.771,2690.5
Victor_experimento_1_intento_6.mp4,1576,13133.333,True,129.000,161.000,0.000,207.000,116.000,0.433333,0.250000,-0.865865,49.669,71.584,144.291,2736.0
Victor_experimento_1_intento_6.mp4,1577,13141.667,True,129.000,161.000,0.000,207.000,116.000,0.433333,0.250000,-0.865865,49.437,71.259,143.418,2717.0
Victor_experimento_1_intento_6.mp4,1578,13150.000,True,129.000,161.000,0.000,207.000,116.000,0.433333,0.250000,-0.865865,49.440,71.796,143.937,2731.5
Victor_experimento_1_intento_6.mp4,1579,13158.333,True,129.000,161.000,0.000,207.000,116.000,0.433333,0.250000,-0.865865,49.442,70.965,143.235,2721.5
Victor_experimento_1_intento_6.mp4,1580,13166.667,True,129.000,161.000,0.000,207.000,117.000,0.433333,0.244444,-0.867450,49.611,71.181,143.414,2753.0
Victor_experimento_1_intento_6.mp4,1581,13175.000,True,129.000,161.000,0.000,207.000,116.000,0.433333,0.250000,-0.865865,49.714,71.786,144.578,2740.0
Victor_experimento_1_intento_6.mp4,1582,13183.333,True,129.000,161.000,0.000,207.000,116.000,0.433333,0.250000,-0.865865,49.377,71.910,144.582,2755.0
Victor_experimento_1_intento_6.mp4,1583,13191.667,True,129.000,161.000,0.000,207.000,116.000,0.433333,0.250000,-0.865865,49.330,72.127,143.619,2748.0
Victor_experimento_1_intento_6.mp4,1584,13200.000,True,129.000,161.000,0.000,207.000,116.000,0.433333,0.250000,-0.865865,49.568,72.518,144.320,2769.5
Victor_experimento_1_intento_6.mp4,1585,13208.333,True,129.000,161.000,0.000,207.000,117.000,0.433333,0.244444,-0.867450,49.679,71.537,144.350,2754.0
Victor_experimento_1_intento_6.mp4,1586,13216.667,True,129.000,161.000,0.000,207.000,116.000,0.433333,0.250000,-0.865865,49.898,71.667,143.802,2766.5
Victor_experimento_1_intento_6.mp4,1587,13225.000,True,129.000,161.000,0.000,207.000,117.000,0.433333,0.244444,-0.867450,49.892,71.817,143.697,2776.5
Victor_experimento_1_intento_6.mp4,1588,13233.333,True,129.000,161.000,0.000,207.000,117.000,0.433333,0.244444,-0.867450,49.792,72.235,143.026,2809.0
Victor_experimento_1_intento_6.mp4,1589,13241.667,True,129.000,161.000,0.000,207.000,117.000,0.433333,0.244444,-0.867450,49.885,71.833,143.891,2779.5
Victor_experimento_1_intento_6.mp4,1590,13250.000,True,129.000,161.000,0.000,207.000,117.000,0.433333,0.244444,-0.867450,50.079,72.398,144.170,2812.0
Victor_experimento_1_intento_6.mp4,1591,13258.333,True,129.000,161.000,0.000,207.000,117.000,0.433333,0.244444,-0.867450,50.181,71.908,143.770,2806.5
Victor_experimento_1_intento_6.mp4,1592,13266.667,True,129.000,161.000,0.000,207.000,117.000,0.433333,0.244444,-0.867450,50.329,71.667,144.363,2805.0
Victor_experimento_1_intento_6.mp4,1593,13275.000,True,129.000,161.000,0.000,207.000,117.000,0.433333,0.244444,-0.867450,50.961,72.143,143.604,2832.5
Victor_experimento_1_intento_6.mp4,1594,13283.333,True,129.000,161.000,0.000,207.000,117.000,0.433333,0.244444,-0.867450,50.703,72.446,143.575,2836.5
Victor_experimento_1_intento_6.mp4,1595,13291.667,True,129.000,161.000,0.000,207.000,117.000,0.433333,0.244444,-0.867450,50.706,72.385,143.100,2846.0
Victor_experimento_1_intento_6.mp4,1596,13300.000,True,129.000,161.000,0.000,207.000,117.000,0.433333,0.244444,-0.867450,50.945,72.310,143.191,2854.0
Victor_experimento_1_intento_6.mp4,1597,13308.333,True,129.000,161.000,0.000,207.000,117.000,0.433333,0.244444,-0.867450,50.415,72.946,143.923,2844.0
Victor_experimento_1_intento_6.mp4,1598,13316.667,True,129.000,161.000,0.000,207.000,117.000,0.433333,0.244444,-0.867450,50.877,73.044,144.445,2860.0
Victor_experimento_1_intento_6.mp4,1599,13325.000,True,129.000,161.000,0.000,207.000,117.000,0.433333,0.244444,-0.867450,50.657,73.145,144.591,2855.5
Victor_experimento_1_intento_6.mp4,1600,13333.333,True,129.000,161.000,0.000,207.000,117.000,0.433333,0.244444,-0.867450,50.567,72.612,143.521,2839.0
Victor_experimento_1_intento_6.mp4,1601,13341.667,True,129.000,161.000,0.000,207.000,117.000,0.433333,0.244444,-0.867450,50.869,73.188,144.399,2872.0
Victor_experimento_1_intento_6.mp4,1602,13350.000,True,129.000,161.000,0.000,207.000,117.000,0.433333,0.244444,-0.867450,50.942,73.564,143.222,2887.5
Victor_experimento_1_intento_6.mp4,1603,13358.333,True,129.000,161.000,0.000,207.000,117.000,0.433333,0.244444,-0.867450,50.834,73.747,144.108,2875.0
Victor_experimento_1_intento_6.mp4,1604,13366.667,True,129.000,161.000,0.000,207.000,117.000,0.433333,0.244444,-0.867450,51.056,73.003,144.114,2878.5
Victor_experimento_1_intento_6.mp4,1605,13375.000,True,129.000,161.000,0.000,207.000,117.000,0.433333,0.244444,-0.867450,51.092,73.372,143.807,2882.0
Victor_experimento_1_intento_6.mp4,1606,13383.333,True,129.000,161.000,0.000,207.000,116.000,0.433333,0.250000,-0.865865,51.072,73.284,143.538,2894.5
Victor_experimento_1_intento_6.mp4,1607,13391.667,True,129.000,161.000,0.000,207.000,117.000,0.433333,0.244444,-0.867450,50.842,72.590,142.961,2852.5
Victor_experimento_1_intento_6.mp4,1608,13400.000,True,129.000,161.000,0.000,207.000,116.000,0.433333,0.250000,-0.865865,51.271,72.927,144.328,2887.0
Victor_experimento_1_intento_6.mp4,1609,13408.333,True,129.000,161.000,0.000,207.000,117.000,0.433333,0.244444,-0.867450,51.071,72.581,144.659,2882.5
Victor_experimento_1_intento_6.mp4,1610,13416.667,True,129.000,161.000,0.000,207.000,117.000,0.433333,0.244444,-0.867450,51.347,73.085,143.998,2888.0
Victor_experimento_1_intento_6.mp4,1611,13425.000,True,129.000,161.000,0.000,207.000,117.000,0.433333,0.244444,-0.867450,51.139,73.474,144.149,2889.0
Victor_experimento_1_intento_6.mp4,1612,13433.333,True,129.000,161.000,0.000,207.000,117.000,0.433333,0.244444,-0.867450,51.260,73.013,143.769,2902.0
Victor_experimento_1_intento_6.mp4,1613,13441.667,True,129.000,161.000,0.000,207.000,117.000,0.433333,0.244444,-0.867450,50.868,72.185,142.897,2859.5
Victor_experimento_1_intento_6.mp4,1614,13450.000,True,129.000,161.000,0.000,207.000,117.000,0.433333,0.244444,-0.867450,50.911,72.831,144.063,2883.5
Victor_experimento_1_intento_6.mp4,1615,13458.333,True,129.000,161.000,0.000,207.000,117.000,0.433333,0.244444,-0.867450,50.577,72.260,143.172,2854.5
Victor_experimento_1_intento_6.mp4,1616,13466.667,True,129.000,161.000,0.000,207.000,117.000,0.433333,0.244444,-0.867450,50.633,72.662,143.800,2858.5
Victor_experimento_1_intento_6.mp4,1617,13475.000,True,129.000,161.000,0.000,207.000,117.000,0.433333,0.244444,-0.867450,50.235,72.593,143.097,2821.5
Victor_experimento_1_intento_6.mp4,1618,13483.333,True,129.000,161.000,0.000,207.000,117.000,0.433333,0.244444,-0.867450,50.658,72.472,143.625,2833.0
Victor_experimento_1_intento_6.mp4,1619,13491.667,True,129.000,161.000,0.000,207.000,117.000,0.433333,0.244444,-0.867450,50.361,72.343,143.197,2818.5
Victor_experimento_1_intento_6.mp4,1620,13500.000,True,129.000,161.000,0.000,207.000,117.000,0.433333,0.244444,-0.867450,50.753,71.648,143.396,2814.5
Victor_experimento_1_intento_6.mp4,1621,13508.333,True,129.000,161.000,0.000,207.000,117.000,0.433333,0.244444,-0.867450,50.409,71.634,142.499,2796.5
Victor_experimento_1_intento_6.mp4,1622,13516.667,True,129.000,161.000,0.000,207.000,117.000,0.433333,0.244444,-0.867450,50.486,72.000,143.640,2805.0
Victor_experimento_1_intento_6.mp4,1623,13525.000,True,129.000,161.000,0.000,207.000,116.000,0.433333,0.250000,-0.865865,49.944,72.037,143.208,2790.5
Victor_experimento_1_intento_6.mp4,1624,13533.333,True,129.000,161.000,0.000,207.000,116.000,0.433333,0.250000,-0.865865,50.460,71.245,143.846,2784.5
Victor_experimento_1_intento_6.mp4,1625,13541.667,True,129.000,161.000,0.000,207.000,116.000,0.433333,0.250000,-0.865865,50.213,71.358,143.535,2778.5
Victor_experimento_1_intento_6.mp4,1626,13550.000,True,129.000,161.000,0.000,207.000,116.000,0.433333,0.250000,-0.865865,50.206,71.702,143.820,2775.0
Victor_experimento_1_intento_6.mp4,1627,13558.333,True,129.000,161.000,0.000,207.000,116.000,0.433333,0.250000,-0.865865,49.877,71.364,142.748,2757.5
Victor_experimento_1_intento_6.mp4,1628,13566.667,True,129.000,161.000,0.000,207.000,116.000,0.433333,0.250000,-0.865865,50.003,70.932,143.811,2739.5
Victor_experimento_1_intento_6.mp4,1629,13575.000,True,129.000,161.000,0.000,204.000,117.000,0.416667,0.244444,-0.875577,50.512,70.627,144.023,2768.0
Victor_experimento_1_intento_6.mp4,1630,13583.333,True,129.000,161.000,0.000,203.000,117.000,0.411111,0.244444,-0.878200,51.032,71.073,140.876,2810.5
Victor_experimento_1_intento_6.mp4,1631,13591.667,True,129.000,161.000,0.000,205.000,116.000,0.422222,0.250000,-0.871337,50.129,70.780,142.795,2746.5
Victor_experimento_1_intento_6.mp4,1632,13600.000,True,129.000,161.000,0.000,205.000,116.000,0.422222,0.250000,-0.871337,49.866,70.419,143.155,2739.5
Victor_experimento_1_intento_6.mp4,1633,13608.333,True,129.000,161.000,0.000,205.000,116.000,0.422222,0.250000,-0.871337,49.748,70.007,143.419,2698.5
Victor_experimento_1_intento_6.mp4,1634,13616.667,True,129.000,161.000,0.000,205.000,116.000,0.422222,0.250000,-0.871337,49.765,70.287,143.486,2697.0
Victor_experimento_1_intento_6.mp4,1635,13625.000,True,129.000,161.000,0.000,205.000,116.000,0.422222,0.250000,-0.871337,49.256,69.991,142.884,2687.5
Victor_experimento_1_intento_6.mp4,1636,13633.333,True,129.000,161.000,0.000,205.000,117.000,0.422222,0.244444,-0.872912,49.770,70.063,143.279,2690.5
Victor_experimento_1_intento_6.mp4,1637,13641.667,True,129.000,161.000,0.000,205.000,116.000,0.422222,0.250000,-0.871337,49.692,70.478,143.957,2695.5
Victor_experimento_1_intento_6.mp4,1638,13650.000,True,129.000,161.000,0.000,205.000,116.000,0.422222,0.250000,-0.871337,49.201,69.726,143.250,2663.5
Victor_experimento_1_intento_6.mp4,1639,13658.333,True,129.000,161.000,0.000,205.000,116.000,0.422222,0.250000,-0.871337,49.156,70.486,144.103,2672.0
Victor_experimento_1_intento_6.mp4,1640,13666.667,True,129.000,161.000,0.000,205.000,116.000,0.422222,0.250000,-0.871337,49.253,70.144,143.456,2664.0
Victor_experimento_1_intento_6.mp4,1641,13675.000,True,129.000,161.000,0.000,205.000,116.000,0.422222,0.250000,-0.871337,49.082,69.889,142.244,2656.0
Victor_experimento_1_intento_6.mp4,1642,13683.333,True,129.000,161.000,0.000,205.000,116.000,0.422222,0.250000,-0.871337,49.002,69.212,142.491,2639.5
Victor_experimento_1_intento_6.mp4,1643,13691.667,True,129.000,161.000,0.000,205.000,116.000,0.422222,0.250000,-0.871337,48.990,69.713,141.980,2632.0
Victor_experimento_1_intento_6.mp4,1644,13700.000,True,129.000,161.000,0.000,205.000,116.000,0.422222,0.250000,-0.871337,48.622,69.416,141.814,2633.5
Victor_experimento_1_intento_6.mp4,1645,13708.333,True,129.000,161.000,0.000,205.000,116.000,0.422222,0.250000,-0.871337,48.678,69.206,142.992,2604.5
Victor_experimento_1_intento_6.mp4,1646,13716.667,True,129.000,161.000,0.000,205.000,116.000,0.422222,0.250000,-0.871337,48.801,69.589,142.705,2638.0
Victor_experimento_1_intento_6.mp4,1647,13725.000,True,129.000,161.000,0.000,205.000,116.000,0.422222,0.250000,-0.871337,49.033,69.308,141.284,2623.0
Victor_experimento_1_intento_6.mp4,1648,13733.333,True,129.000,161.000,0.000,205.000,116.000,0.422222,0.250000,-0.871337,48.866,69.398,141.867,2622.0
Victor_experimento_1_intento_6.mp4,1649,13741.667,True,129.000,161.000,0.000,206.000,116.000,0.427778,0.250000,-0.868623,48.415,69.628,143.494,2598.0
Victor_experimento_1_intento_6.mp4,1650,13750.000,True,129.000,161.000,0.000,206.000,116.000,0.427778,0.250000,-0.868623,48.599,69.159,141.786,2600.0
Victor_experimento_1_intento_6.mp4,1651,13758.333,True,129.000,161.000,0.000,205.000,116.000,0.422222,0.250000,-0.871337,48.529,69.063,140.855,2596.0
Victor_experimento_1_intento_6.mp4,1652,13766.667,True,129.000,161.000,0.000,205.000,116.000,0.422222,0.250000,-0.871337,48.285,68.876,140.608,2583.0
Victor_experimento_1_intento_6.mp4,1653,13775.000,True,129.000,161.000,0.000,205.000,116.000,0.422222,0.250000,-0.871337,48.366,68.713,142.108,2579.0
Victor_experimento_1_intento_6.mp4,1654,13783.333,True,129.000,161.000,0.000,205.000,116.000,0.422222,0.250000,-0.871337,48.673,68.429,141.026,2592.0
Victor_experimento_1_intento_6.mp4,1655,13791.667,True,129.000,161.000,0.000,205.000,116.000,0.422222,0.250000,-0.871337,48.298,68.431,141.967,2562.5
Victor_experimento_1_intento_6.mp4,1656,13800.000,True,129.000,161.000,0.000,205.000,116.000,0.422222,0.250000,-0.871337,48.259,68.539,141.570,2565.5
Victor_experimento_1_intento_6.mp4,1657,13808.333,True,129.000,161.000,0.000,206.000,115.000,0.427778,0.255556,-0.867005,47.986,68.835,141.557,2544.0
Victor_experimento_1_intento_6.mp4,1658,13816.667,True,129.000,161.000,0.000,206.000,115.000,0.427778,0.255556,-0.867005,47.967,68.359,140.816,2527.0
Victor_experimento_1_intento_6.mp4,1659,13825.000,True,129.000,161.000,0.000,206.000,116.000,0.427778,0.250000,-0.868623,47.916,68.524,141.857,2523.5
Victor_experimento_1_intento_6.mp4,1660,13833.333,True,129.000,161.000,0.000,206.000,115.000,0.427778,0.255556,-0.867005,47.810,68.565,141.544,2521.5
Victor_experimento_1_intento_6.mp4,1661,13841.667,True,129.000,161.000,0.000,206.000,115.000,0.427778,0.255556,-0.867005,47.953,68.380,141.820,2528.0
Victor_experimento_1_intento_6.mp4,1662,13850.000,True,129.000,161.000,0.000,205.000,115.000,0.422222,0.255556,-0.869724,48.175,68.221,141.168,2534.0
Victor_experimento_1_intento_6.mp4,1663,13858.333,True,129.000,161.000,0.000,206.000,115.000,0.427778,0.255556,-0.867005,47.943,68.591,140.889,2539.0
Victor_experimento_1_intento_6.mp4,1664,13866.667,True,129.000,161.000,0.000,206.000,115.000,0.427778,0.255556,-0.867005,48.013,68.071,140.951,2525.0
Victor_experimento_1_intento_6.mp4,1665,13875.000,True,129.000,161.000,0.000,206.000,115.000,0.427778,0.255556,-0.867005,47.708,68.405,140.749,2524.0
Victor_experimento_1_intento_6.mp4,1666,13883.333,True,129.000,161.000,0.000,206.000,115.000,0.427778,0.255556,-0.867005,47.749,68.407,141.078,2521.0
Victor_experimento_1_intento_6.mp4,1667,13891.667,True,129.000,161.000,0.000,206.000,115.000,0.427778,0.255556,-0.867005,47.505,68.244,141.431,2509.5
Victor_experimento_1_intento_6.mp4,1668,13900.000,True,129.000,161.000,0.000,206.000,115.000,0.427778,0.255556,-0.867005,47.489,67.988,140.886,2507.0
Victor_experimento_1_intento_6.mp4,1669,13908.333,True,129.000,161.000,0.000,206.000,116.000,0.427778,0.250000,-0.868623,47.874,68.247,141.752,2516.0
Victor_experimento_1_intento_6.mp4,1670,13916.667,True,129.000,161.000,0.000,206.000,115.000,0.427778,0.255556,-0.867005,48.177,67.551,141.786,2500.0
Victor_experimento_1_intento_6.mp4,1671,13925.000,True,129.000,161.000,0.000,206.000,115.000,0.427778,0.255556,-0.867005,47.983,67.512,141.893,2494.0
Victor_experimento_1_intento_6.mp4,1672,13933.333,True,129.000,161.000,0.000,206.000,116.000,0.427778,0.250000,-0.868623,48.071,68.055,142.353,2512.5
Victor_experimento_1_intento_6.mp4,1673,13941.667,True,129.000,161.000,0.000,206.000,116.000,0.427778,0.250000,-0.868623,47.991,67.758,143.094,2505.0
Victor_experimento_1_intento_6.mp4,1674,13950.000,True,129.000,161.000,0.000,206.000,116.000,0.427778,0.250000,-0.868623,47.940,67.569,142.436,2512.0
Victor_experimento_1_intento_6.mp4,1675,13958.333,True,129.000,161.000,0.000,206.000,115.000,0.427778,0.255556,-0.867005,47.866,67.345,141.068,2498.0
Victor_experimento_1_intento_6.mp4,1676,13966.667,True,129.000,161.000,0.000,206.000,115.000,0.427778,0.255556,-0.867005,47.726,66.923,141.796,2479.0
Victor_experimento_1_intento_6.mp4,1677,13975.000,True,129.000,161.000,0.000,206.000,115.000,0.427778,0.255556,-0.867005,47.466,67.381,142.090,2478.0
Victor_experimento_1_intento_6.mp4,1678,13983.333,True,129.000,161.000,0.000,206.000,115.000,0.427778,0.255556,-0.867005,47.616,67.287,141.195,2479.0
Victor_experimento_1_intento_6.mp4,1679,13991.667,True,129.000,161.000,0.000,206.000,115.000,0.427778,0.255556,-0.867005,47.409,67.534,141.499,2483.0
Victor_experimento_1_intento_6.mp4,1680,14000.000,True,129.000,161.000,0.000,206.000,116.000,0.427778,0.250000,-0.868623,47.704,67.239,141.102,2483.5
Victor_experimento_1_intento_6.mp4,1681,14008.333,True,129.000,161.000,0.000,206.000,116.000,0.427778,0.250000,-0.868623,47.450,68.208,142.454,2490.0
Victor_experimento_1_intento_6.mp4,1682,14016.667,True,129.000,161.000,0.000,206.000,115.000,0.427778,0.255556,-0.867005,47.328,67.606,142.117,2482.5
Victor_experimento_1_intento_6.mp4,1683,14025.000,True,129.000,161.000,0.000,206.000,115.000,0.427778,0.255556,-0.867005,47.691,67.482,141.378,2479.5
Victor_experimento_1_intento_6.mp4,1684,14033.333,True,129.000,161.000,0.000,207.000,115.000,0.433333,0.255556,-0.864242,47.220,67.611,141.211,2474.5
Victor_experimento_1_intento_6.mp4,1685,14041.667,True,129.000,161.000,0.000,209.000,115.000,0.444444,0.255556,-0.858581,46.644,67.307,142.691,2420.0
Victor_experimento_1_intento_6.mp4,1686,14050.000,True,129.000,161.000,0.000,208.000,115.000,0.438889,0.255556,-0.861434,46.757,66.837,142.016,2417.0
Victor_experimento_1_intento_6.mp4,1687,14058.333,True,129.000,161.000,0.000,207.000,114.000,0.433333,0.261111,-0.862579,46.652,66.983,141.827,2432.0
Victor_experimento_1_intento_6.mp4,1688,14066.667,True,129.000,161.000,0.000,207.000,115.000,0.433333,0.255556,-0.864242,46.812,67.141,142.576,2447.5
Victor_experimento_1_intento_6.mp4,1689,14075.000,True,129.000,161.000,0.000,207.000,115.000,0.433333,0.255556,-0.864242,46.964,66.674,141.364,2421.0
Victor_experimento_1_intento_6.mp4,1690,14083.333,True,129.000,161.000,0.000,207.000,115.000,0.433333,0.255556,-0.864242,47.030,67.596,142.271,2448.5
Victor_experimento_1_intento_6.mp4,1691,14091.667,True,129.000,161.000,0.000,207.000,115.000,0.433333,0.255556,-0.864242,46.544,67.113,142.448,2420.0
Victor_experimento_1_intento_6.mp4,1692,14100.000,True,129.000,161.000,0.000,207.000,115.000,0.433333,0.255556,-0.864242,47.067,66.926,141.581,2437.5
Victor_experimento_1_intento_6.mp4,1693,14108.333,True,129.000,161.000,0.000,207.000,115.000,0.433333,0.255556,-0.864242,46.709,67.167,142.404,2418.0
Victor_experimento_1_intento_6.mp4,1694,14116.667,True,129.000,161.000,0.000,207.000,115.000,0.433333,0.255556,-0.864242,46.624,67.614,141.955,2420.0
Victor_experimento_1_intento_6.mp4,1695,14125.000,True,129.000,161.000,0.000,207.000,115.000,0.433333,0.255556,-0.864242,46.056,66.623,141.793,2394.5
Victor_experimento_1_intento_6.mp4,1696,14133.333,True,129.000,161.000,0.000,207.000,115.000,0.433333,0.255556,-0.864242,46.715,66.754,140.349,2408.0
Victor_experimento_1_intento_6.mp4,1697,14141.667,True,129.000,161.000,0.000,207.000,115.000,0.433333,0.255556,-0.864242,46.813,66.426,140.686,2407.5
Victor_experimento_1_intento_6.mp4,1698,14150.000,True,129.000,161.000,0.000,207.000,115.000,0.433333,0.255556,-0.864242,46.894,66.768,141.061,2424.5
Victor_experimento_1_intento_6.mp4,1699,14158.333,True,129.000,161.000,0.000,207.000,114.000,0.433333,0.261111,-0.862579,46.587,66.789,140.933,2408.0
Victor_experimento_1_intento_6.mp4,1700,14166.667,True,129.000,161.000,0.000,207.000,115.000,0.433333,0.255556,-0.864242,46.741,67.138,141.693,2418.5
Victor_experimento_1_intento_6.mp4,1701,14175.000,True,129.000,161.000,0.000,207.000,114.000,0.433333,0.261111,-0.862579,46.154,66.813,140.673,2388.5
Victor_experimento_1_intento_6.mp4,1702,14183.333,True,129.000,161.000,0.000,207.000,115.000,0.433333,0.255556,-0.864242,46.875,66.924,141.081,2420.0
Victor_experimento_1_intento_6.mp4,1703,14191.667,True,129.000,161.000,0.000,207.000,114.000,0.433333,0.261111,-0.862579,46.202,66.578,140.951,2382.5
Victor_experimento_1_intento_6.mp4,1704,14200.000,True,129.000,161.000,0.000,207.000,115.000,0.433333,0.255556,-0.864242,46.767,66.739,141.534,2415.0
Victor_experimento_1_intento_6.mp4,1705,14208.333,True,129.000,161.000,0.000,207.000,115.000,0.433333,0.255556,-0.864242,46.298,66.696,141.829,2382.0
Victor_experimento_1_intento_6.mp4,1706,14216.667,True,129.000,161.000,0.000,207.000,115.000,0.433333,0.255556,-0.864242,46.496,67.125,141.868,2403.5
Victor_experimento_1_intento_6.mp4,1707,14225.000,True,129.000,161.000,0.000,207.000,115.000,0.433333,0.255556,-0.864242,46.591,66.874,141.348,2403.5
Victor_experimento_1_intento_6.mp4,1708,14233.333,True,129.000,161.000,0.000,207.000,115.000,0.433333,0.255556,-0.864242,46.487,66.629,141.916,2407.5
Victor_experimento_1_intento_6.mp4,1709,14241.667,True,129.000,161.000,0.000,207.000,115.000,0.433333,0.255556,-0.864242,47.076,67.121,141.949,2429.0
Victor_experimento_1_intento_6.mp4,1710,14250.000,True,129.000,161.000,0.000,207.000,115.000,0.433333,0.255556,-0.864242,46.563,67.171,142.609,2418.5
Victor_experimento_1_intento_6.mp4,1711,14258.333,True,129.000,161.000,0.000,207.000,115.000,0.433333,0.255556,-0.864242,46.686,66.935,141.800,2415.0
Victor_experimento_1_intento_6.mp4,1712,14266.667,True,129.000,161.000,0.000,207.000,115.000,0.433333,0.255556,-0.864242,46.406,67.392,142.159,2415.0
Victor_experimento_1_intento_6.mp4,1713,14275.000,True,129.000,161.000,0.000,207.000,115.000,0.433333,0.255556,-0.864242,46.396,67.063,141.965,2406.5
Victor_experimento_1_intento_6.mp4,1714,14283.333,True,129.000,161.000,0.000,207.000,114.000,0.433333,0.261111,-0.862579,46.755,67.044,142.448,2418.0
Victor_experimento_1_intento_6.mp4,1715,14291.667,True,129.000,161.000,0.000,207.000,114.000,0.433333,0.261111,-0.862579,46.568,67.290,141.764,2409.0
Victor_experimento_1_intento_6.mp4,1716,14300.000,True,129.000,161.000,0.000,207.000,115.000,0.433333,0.255556,-0.864242,46.611,66.960,141.807,2414.5
Victor_experimento_1_intento_6.mp4,1717,14308.333,True,129.000,161.000,0.000,207.000,115.000,0.433333,0.255556,-0.864242,46.593,67.119,141.564,2407.0
Victor_experimento_1_intento_6.mp4,1718,14316.667,True,129.000,161.000,0.000,207.000,114.000,0.433333,0.261111,-0.862579,46.761,67.378,141.874,2419.0
Victor_experimento_1_intento_6.mp4,1719,14325.000,True,129.000,161.000,0.000,207.000,114.000,0.433333,0.261111,-0.862579,46.733,67.148,141.226,2415.5
Victor_experimento_1_intento_6.mp4,1720,14333.333,True,129.000,161.000,0.000,207.000,115.000,0.433333,0.255556,-0.864242,46.572,67.379,141.195,2421.0
Victor_experimento_1_intento_6.mp4,1721,14341.667,True,129.000,161.000,0.000,207.000,115.000,0.433333,0.255556,-0.864242,46.898,67.045,141.250,2428.0
Victor_experimento_1_intento_6.mp4,1722,14350.000,True,129.000,161.000,0.000,207.000,115.000,0.433333,0.255556,-0.864242,46.828,66.702,141.193,2411.0
Victor_experimento_1_intento_6.mp4,1723,14358.333,True,129.000,161.000,0.000,207.000,115.000,0.433333,0.255556,-0.864242,46.745,67.154,139.968,2429.5
Victor_experimento_1_intento_6.mp4,1724,14366.667,True,129.000,161.000,0.000,207.000,114.000,0.433333,0.261111,-0.862579,46.741,67.044,141.411,2418.0
Victor_experimento_1_intento_6.mp4,1725,14375.000,True,129.000,161.000,0.000,207.000,115.000,0.433333,0.255556,-0.864242,47.127,66.869,141.048,2426.0
Victor_experimento_1_intento_6.mp4,1726,14383.333,True,129.000,161.000,0.000,207.000,114.000,0.433333,0.261111,-0.862579,47.008,66.960,141.218,2430.0
Victor_experimento_1_intento_6.mp4,1727,14391.667,True,129.000,161.000,0.000,207.000,114.000,0.433333,0.261111,-0.862579,47.216,66.368,141.195,2432.0
Victor_experimento_1_intento_6.mp4,1728,14400.000,True,129.000,161.000,0.000,207.000,115.000,0.433333,0.255556,-0.864242,46.843,66.887,140.607,2430.5
Victor_experimento_1_intento_6.mp4,1729,14408.333,True,129.000,161.000,0.000,207.000,115.000,0.433333,0.255556,-0.864242,47.173,66.988,141.863,2452.5
Victor_experimento_1_intento_6.mp4,1730,14416.667,True,129.000,161.000,0.000,207.000,115.000,0.433333,0.255556,-0.864242,46.651,67.373,140.788,2426.5
Victor_experimento_1_intento_6.mp4,1731,14425.000,True,129.000,161.000,0.000,207.000,115.000,0.433333,0.255556,-0.864242,46.570,67.836,142.185,2437.0
Victor_experimento_1_intento_6.mp4,1732,14433.333,True,129.000,161.000,0.000,207.000,115.000,0.433333,0.255556,-0.864242,46.769,67.746,141.984,2444.5
Victor_experimento_1_intento_6.mp4,1733,14441.667,True,129.000,161.000,0.000,207.000,115.000,0.433333,0.255556,-0.864242,46.907,68.005,142.623,2466.5
Victor_experimento_1_intento_6.mp4,1734,14450.000,True,129.000,161.000,0.000,207.000,114.000,0.433333,0.261111,-0.862579,46.699,67.425,141.338,2443.5
Victor_experimento_1_intento_6.mp4,1735,14458.333,True,129.000,161.000,0.000,207.000,115.000,0.433333,0.255556,-0.864242,46.832,68.178,142.178,2466.0
Victor_experimento_1_intento_6.mp4,1736,14466.667,True,129.000,161.000,0.000,207.000,115.000,0.433333,0.255556,-0.864242,47.320,68.009,142.062,2483.0
Victor_experimento_1_intento_6.mp4,1737,14475.000,True,129.000,161.000,0.000,207.000,115.000,0.433333,0.255556,-0.864242,46.951,67.803,142.667,2472.0
Victor_experimento_1_intento_6.mp4,1738,14483.333,True,129.000,161.000,0.000,207.000,115.000,0.433333,0.255556,-0.864242,47.543,67.851,141.798,2485.5
Victor_experimento_1_intento_6.mp4,1739,14491.667,True,129.000,161.000,0.000,207.000,115.000,0.433333,0.255556,-0.864242,47.265,68.058,142.499,2484.5
Victor_experimento_1_intento_6.mp4,1740,14500.000,True,129.000,161.000,0.000,207.000,115.000,0.433333,0.255556,-0.864242,47.167,68.104,141.955,2497.5
Victor_experimento_1_intento_6.mp4,1741,14508.333,True,129.000,161.000,0.000,207.000,115.000,0.433333,0.255556,-0.864242,47.308,67.837,141.517,2482.5
Victor_experimento_1_intento_6.mp4,1742,14516.667,True,129.000,161.000,0.000,207.000,115.000,0.433333,0.255556,-0.864242,47.313,68.038,141.308,2490.5
Victor_experimento_1_intento_6.mp4,1743,14525.000,True,129.000,161.000,0.000,207.000,115.000,0.433333,0.255556,-0.864242,47.362,67.940,142.140,2494.5
Victor_experimento_1_intento_6.mp4,1744,14533.333,True,129.000,161.000,0.000,207.000,115.000,0.433333,0.255556,-0.864242,47.719,67.734,140.726,2500.5
Victor_experimento_1_intento_6.mp4,1745,14541.667,True,129.000,161.000,0.000,207.000,115.000,0.433333,0.255556,-0.864242,47.163,67.946,140.907,2484.5
Victor_experimento_1_intento_6.mp4,1746,14550.000,True,129.000,161.000,0.000,207.000,115.000,0.433333,0.255556,-0.864242,47.225,67.910,141.682,2489.0
Victor_experimento_1_intento_6.mp4,1747,14558.333,True,129.000,161.000,0.000,207.000,115.000,0.433333,0.255556,-0.864242,47.169,67.500,141.234,2474.0
Victor_experimento_1_intento_6.mp4,1748,14566.667,True,129.000,161.000,0.000,207.000,115.000,0.433333,0.255556,-0.864242,47.136,68.020,142.198,2489.5
Victor_experimento_1_intento_6.mp4,1749,14575.000,True,129.000,161.000,0.000,207.000,115.000,0.433333,0.255556,-0.864242,47.213,67.853,141.220,2485.5
Victor_experimento_1_intento_6.mp4,1750,14583.333,True,129.000,161.000,0.000,207.000,115.000,0.433333,0.255556,-0.864242,47.266,67.846,141.078,2489.5
Victor_experimento_1_intento_6.mp4,1751,14591.667,True,129.000,161.000,0.000,207.000,115.000,0.433333,0.255556,-0.864242,47.105,68.341,141.795,2495.5
Victor_experimento_1_intento_6.mp4,1752,14600.000,True,129.000,161.000,0.000,207.000,115.000,0.433333,0.255556,-0.864242,47.644,67.675,141.617,2498.5
Victor_experimento_1_intento_6.mp4,1753,14608.333,True,129.000,161.000,0.000,207.000,115.000,0.433333,0.255556,-0.864242,47.522,68.126,142.416,2517.5
Victor_experimento_1_intento_6.mp4,1754,14616.667,True,129.000,161.000,0.000,207.000,115.000,0.433333,0.255556,-0.864242,47.582,68.178,142.900,2508.5
Victor_experimento_1_intento_6.mp4,1755,14625.000,True,129.000,161.000,0.000,207.000,115.000,0.433333,0.255556,-0.864242,47.333,68.278,141.984,2491.0
Victor_experimento_1_intento_6.mp4,1756,14633.333,True,129.000,161.000,0.000,207.000,115.000,0.433333,0.255556,-0.864242,47.622,68.534,141.890,2511.5
Victor_experimento_1_intento_6.mp4,1757,14641.667,True,129.000,161.000,0.000,207.000,115.000,0.433333,0.255556,-0.864242,47.658,68.641,142.299,2519.0
Victor_experimento_1_intento_6.mp4,1758,14650.000,True,129.000,161.000,0.000,207.000,115.000,0.433333,0.255556,-0.864242,47.582,68.561,142.402,2512.5
Victor_experimento_1_intento_6.mp4,1759,14658.333,True,129.000,161.000,0.000,207.000,115.000,0.433333,0.255556,-0.864242,47.774,68.635,141.675,2545.0
Victor_experimento_1_intento_6.mp4,1760,14666.667,True,129.000,161.000,0.000,207.000,114.000,0.433333,0.261111,-0.862579,47.857,68.878,141.874,2538.0
Victor_experimento_1_intento_6.mp4,1761,14675.000,True,129.000,161.000,0.000,207.000,115.000,0.433333,0.255556,-0.864242,47.429,68.725,142.362,2523.0
Victor_experimento_1_intento_6.mp4,1762,14683.333,True,129.000,161.000,0.000,207.000,115.000,0.433333,0.255556,-0.864242,48.000,69.096,141.815,2551.0
Victor_experimento_1_intento_6.mp4,1763,14691.667,True,129.000,161.000,0.000,207.000,114.000,0.433333,0.261111,-0.862579,47.690,68.958,142.368,2545.5
Victor_experimento_1_intento_6.mp4,1764,14700.000,True,129.000,161.000,0.000,207.000,114.000,0.433333,0.261111,-0.862579,47.801,69.190,142.338,2560.5
Victor_experimento_1_intento_6.mp4,1765,14708.333,True,129.000,161.000,0.000,204.000,115.000,0.416667,0.255556,-0.872399,48.895,68.981,143.980,2586.0
Victor_experimento_1_intento_6.mp4,1766,14716.667,True,129.000,161.000,0.000,196.000,116.000,0.372222,0.250000,-0.893840,52.695,68.050,141.918,2777.0
Victor_experimento_1_intento_6.mp4,1767,14725.000,True,129.000,161.000,0.000,185.000,117.000,0.311111,0.244444,-0.918399,56.367,68.805,133.986,3005.0
Victor_experimento_1_intento_6.mp4,1768,14733.333,True,129.000,161.000,0.000,175.000,118.000,0.255556,0.238889,-0.936816,58.695,69.605,129.051,3147.5
Victor_experimento_1_intento_6.mp4,1769,14741.667,True,129.000,161.000,0.000,167.000,120.000,0.211111,0.227778,-0.950552,60.263,69.308,126.174,3187.5
Victor_experimento_1_intento_6.mp4,1770,14750.000,True,129.000,161.000,0.000,163.000,121.000,0.188889,0.222222,-0.956524,60.587,69.635,125.997,3255.5
Victor_experimento_1_intento_6.mp4,1771,14758.333,True,129.000,161.000,0.000,162.000,121.000,0.183333,0.222222,-0.957604,60.423,69.168,127.731,3237.0
Victor_experimento_1_intento_6.mp4,1772,14766.667,True,129.000,161.000,0.000,162.000,121.000,0.183333,0.222222,-0.957604,59.922,69.405,129.765,3229.0
Victor_experimento_1_intento_6.mp4,1773,14775.000,True,129.000,161.000,0.000,162.000,121.000,0.183333,0.222222,-0.957604,60.040,69.800,130.191,3221.5
Victor_experimento_1_intento_6.mp4,1774,14783.333,True,129.000,161.000,0.000,163.000,120.000,0.188889,0.227778,-0.955216,59.342,69.581,128.081,3192.0
Victor_experimento_1_intento_6.mp4,1775,14791.667,True,129.000,161.000,0.000,163.000,121.000,0.188889,0.222222,-0.956524,59.740,69.363,128.941,3196.5
Victor_experimento_1_intento_6.mp4,1776,14800.000,True,129.000,161.000,0.000,163.000,120.000,0.188889,0.227778,-0.955216,59.527,69.651,127.123,3214.5
Victor_experimento_1_intento_6.mp4,1777,14808.333,True,129.000,161.000,0.000,163.000,120.000,0.188889,0.227778,-0.955216,60.185,69.386,129.670,3213.5
Victor_experimento_1_intento_6.mp4,1778,14816.667,True,129.000,161.000,0.000,163.000,120.000,0.188889,0.227778,-0.955216,60.184,68.899,129.127,3203.0
Victor_experimento_1_intento_6.mp4,1779,14825.000,True,129.000,161.000,0.000,163.000,120.000,0.188889,0.227778,-0.955216,59.866,69.239,125.331,3199.0
Victor_experimento_1_intento_6.mp4,1780,14833.333,True,129.000,161.000,0.000,163.000,120.000,0.188889,0.227778,-0.955216,59.870,69.571,128.133,3226.5
Victor_experimento_1_intento_6.mp4,1781,14841.667,True,129.000,161.000,0.000,163.000,120.000,0.188889,0.227778,-0.955216,59.556,69.756,129.115,3201.0
Victor_experimento_1_intento_6.mp4,1782,14850.000,True,129.000,161.000,0.000,163.000,120.000,0.188889,0.227778,-0.955216,59.949,69.661,127.197,3232.5
Victor_experimento_1_intento_6.mp4,1783,14858.333,True,129.000,161.000,0.000,163.000,120.000,0.188889,0.227778,-0.955216,59.738,69.726,126.712,3229.0
Victor_experimento_1_intento_6.mp4,1784,14866.667,True,129.000,161.000,0.000,163.000,120.000,0.188889,0.227778,-0.955216,60.068,69.785,127.954,3249.5
Victor_experimento_1_intento_6.mp4,1785,14875.000,True,129.000,161.000,0.000,163.000,120.000,0.188889,0.227778,-0.955216,59.799,69.612,126.692,3237.0
Victor_experimento_1_intento_6.mp4,1786,14883.333,True,129.000,161.000,0.000,163.000,120.000,0.188889,0.227778,-0.955216,60.035,69.571,125.745,3226.5
Victor_experimento_1_intento_6.mp4,1787,14891.667,True,129.000,161.000,0.000,163.000,120.000,0.188889,0.227778,-0.955216,59.635,70.245,126.591,3217.0
Victor_experimento_1_intento_6.mp4,1788,14900.000,True,129.000,161.000,0.000,163.000,120.000,0.188889,0.227778,-0.955216,60.339,70.027,127.957,3238.0
Victor_experimento_1_intento_6.mp4,1789,14908.333,True,129.000,161.000,0.000,163.000,120.000,0.188889,0.227778,-0.955216,59.983,69.791,124.589,3234.0
Victor_experimento_1_intento_6.mp4,1790,14916.667,True,129.000,161.000,0.000,163.000,120.000,0.188889,0.227778,-0.955216,60.565,69.466,127.820,3246.0
Victor_experimento_1_intento_6.mp4,1791,14925.000,True,129.000,161.000,0.000,163.000,120.000,0.188889,0.227778,-0.955216,60.027,70.551,126.656,3239.5
Victor_experimento_1_intento_6.mp4,1792,14933.333,True,129.000,161.000,0.000,163.000,120.000,0.188889,0.227778,-0.955216,60.375,69.706,126.066,3246.5
Victor_experimento_1_intento_6.mp4,1793,14941.667,True,129.000,161.000,0.000,163.000,120.000,0.188889,0.227778,-0.955216,60.191,69.844,127.756,3228.5
Victor_experimento_1_intento_6.mp4,1794,14950.000,True,129.000,161.000,0.000,163.000,120.000,0.188889,0.227778,-0.955216,60.515,69.913,124.453,3270.0
Victor_experimento_1_intento_6.mp4,1795,14958.333,True,129.000,161.000,0.000,163.000,119.000,0.188889,0.233333,-0.953874,60.056,69.786,124.575,3227.0
Victor_experimento_1_intento_6.mp4,1796,14966.667,True,129.000,161.000,0.000,163.000,119.000,0.188889,0.233333,-0.953874,60.193,70.380,125.077,3237.0
Victor_experimento_1_intento_6.mp4,1797,14975.000,True,129.000,161.000,0.000,163.000,119.000,0.188889,0.233333,-0.953874,59.983,69.885,124.397,3221.5
Victor_experimento_1_intento_6.mp4,1798,14983.333,True,129.000,161.000,0.000,163.000,119.000,0.188889,0.233333,-0.953874,60.025,70.074,126.092,3250.5
Victor_experimento_1_intento_6.mp4,1799,14991.667,True,129.000,161.000,0.000,163.000,119.000,0.188889,0.233333,-0.953874,60.537,69.849,126.419,3228.5
Victor_experimento_1_intento_6.mp4,1800,15000.000,True,129.000,161.000,0.000,163.000,119.000,0.188889,0.233333,-0.953874,60.252,70.250,129.281,3249.0
Victor_experimento_1_intento_6.mp4,1801,15008.333,True,129.000,161.000,0.000,164.000,119.000,0.194444,0.233333,-0.952758,59.805,69.686,129.722,3202.0
Victor_experimento_1_intento_6.mp4,1802,15016.667,True,129.000,161.000,0.000,164.000,119.000,0.194444,0.233333,-0.952758,59.845,70.246,126.473,3221.0
Victor_experimento_1_intento_6.mp4,1803,15025.000,True,129.000,161.000,0.000,164.000,119.000,0.194444,0.233333,-0.952758,59.624,69.448,127.959,3197.0
Victor_experimento_1_intento_6.mp4,1804,15033.333,True,129.000,161.000,0.000,164.000,119.000,0.194444,0.233333,-0.952758,60.050,70.185,129.221,3222.0
Victor_experimento_1_intento_6.mp4,1805,15041.667,True,129.000,161.000,0.000,164.000,119.000,0.194444,0.233333,-0.952758,60.268,69.477,128.051,3211.0
Victor_experimento_1_intento_6.mp4,1806,15050.000,True,129.000,161.000,0.000,164.000,119.000,0.194444,0.233333,-0.952758,59.910,70.260,129.190,3212.0
Victor_experimento_1_intento_6.mp4,1807,15058.333,True,129.000,161.000,0.000,163.000,119.000,0.188889,0.233333,-0.953874,60.176,69.747,129.777,3218.5
Victor_experimento_1_intento_6.mp4,1808,15066.667,True,129.000,161.000,0.000,162.000,119.000,0.183333,0.233333,-0.954958,60.851,69.163,128.806,3227.0
Victor_experimento_1_intento_6.mp4,1809,15075.000,True,129.000,161.000,0.000,159.000,119.000,0.166667,0.233333,-0.958007,60.392,69.764,124.608,3216.5
Victor_experimento_1_intento_6.mp4,1810,15083.333,True,129.000,161.000,0.000,162.000,118.000,0.183333,0.238889,-0.953583,59.286,69.463,125.218,3191.5
Victor_experimento_1_intento_6.mp4,1811,15091.667,True,129.000,161.000,0.000,162.000,118.000,0.183333,0.238889,-0.953583,59.614,69.551,124.608,3201.0
Victor_experimento_1_intento_6.mp4,1812,15100.000,True,129.000,161.000,0.000,163.000,118.000,0.188889,0.238889,-0.952498,59.843,69.691,125.582,3194.5
Victor_experimento_1_intento_6.mp4,1813,15108.333,True,129.000,161.000,0.000,163.000,118.000,0.188889,0.238889,-0.952498,59.924,69.383,126.042,3192.5
Victor_experimento_1_intento_6.mp4,1814,15116.667,True,129.000,161.000,0.000,162.000,118.000,0.183333,0.238889,-0.953583,59.861,69.788,125.449,3200.5
Victor_experimento_1_intento_6.mp4,1815,15125.000,True,129.000,161.000,0.000,163.000,118.000,0.188889,0.238889,-0.952498,59.739,69.524,127.203,3194.5
Victor_experimento_1_intento_6.mp4,1816,15133.333,True,129.000,161.000,0.000,163.000,118.000,0.188889,0.238889,-0.952498,59.628,70.346,127.182,3213.5
Victor_experimento_1_intento_6.mp4,1817,15141.667,True,129.000,161.000,0.000,163.000,118.000,0.188889,0.238889,-0.952498,59.887,69.907,126.872,3216.0
Victor_experimento_1_intento_6.mp4,1818,15150.000,True,129.000,161.000,0.000,163.000,118.000,0.188889,0.238889,-0.952498,59.986,70.440,124.395,3234.0
Victor_experimento_1_intento_6.mp4,1819,15158.333,True,129.000,161.000,0.000,163.000,118.000,0.188889,0.238889,-0.952498,59.880,69.848,125.308,3234.5
Victor_experimento_1_intento_6.mp4,1820,15166.667,True,129.000,161.000,0.000,163.000,118.000,0.188889,0.238889,-0.952498,59.846,70.724,125.410,3238.5
Victor_experimento_1_intento_6.mp4,1821,15175.000,True,129.000,161.000,0.000,163.000,118.000,0.188889,0.238889,-0.952498,60.016,70.486,124.174,3246.5
Victor_experimento_1_intento_6.mp4,1822,15183.333,True,129.000,161.000,0.000,163.000,118.000,0.188889,0.238889,-0.952498,59.414,71.015,125.851,3234.5
Victor_experimento_1_intento_6.mp4,1823,15191.667,True,129.000,161.000,0.000,163.000,118.000,0.188889,0.238889,-0.952498,60.541,69.782,126.447,3233.5
Victor_experimento_1_intento_6.mp4,1824,15200.000,True,129.000,161.000,0.000,163.000,118.000,0.188889,0.238889,-0.952498,60.094,70.460,125.895,3249.0
Victor_experimento_1_intento_6.mp4,1825,15208.333,True,129.000,161.000,0.000,163.000,118.000,0.188889,0.238889,-0.952498,60.233,70.221,124.925,3248.0
Victor_experimento_1_intento_6.mp4,1826,15216.667,True,129.000,161.000,0.000,163.000,118.000,0.188889,0.238889,-0.952498,60.627,70.246,124.769,3258.5
Victor_experimento_1_intento_6.mp4,1827,15225.000,True,129.000,161.000,0.000,163.000,118.000,0.188889,0.238889,-0.952498,60.696,70.023,124.917,3280.0
Victor_experimento_1_intento_6.mp4,1828,15233.333,True,129.000,161.000,0.000,163.000,118.000,0.188889,0.238889,-0.952498,60.562,70.242,126.133,3280.0
Victor_experimento_1_intento_6.mp4,1829,15241.667,True,129.000,161.000,0.000,163.000,118.000,0.188889,0.238889,-0.952498,60.227,70.547,125.904,3279.0
Victor_experimento_1_intento_6.mp4,1830,15250.000,True,129.000,161.000,0.000,163.000,118.000,0.188889,0.238889,-0.952498,60.505,70.578,127.054,3278.5
Victor_experimento_1_intento_6.mp4,1831,15258.333,True,129.000,161.000,0.000,163.000,118.000,0.188889,0.238889,-0.952498,60.615,70.563,127.170,3287.5
Victor_experimento_1_intento_6.mp4,1832,15266.667,True,129.000,161.000,0.000,163.000,118.000,0.188889,0.238889,-0.952498,60.625,70.394,126.005,3282.0
Victor_experimento_1_intento_6.mp4,1833,15275.000,True,129.000,161.000,0.000,163.000,118.000,0.188889,0.238889,-0.952498,60.298,70.432,125.581,3278.0
Victor_experimento_1_intento_6.mp4,1834,15283.333,True,129.000,161.000,0.000,163.000,118.000,0.188889,0.238889,-0.952498,61.145,70.133,125.950,3299.5
Victor_experimento_1_intento_6.mp4,1835,15291.667,True,129.000,161.000,0.000,163.000,118.000,0.188889,0.238889,-0.952498,60.756,70.354,126.612,3279.5
Victor_experimento_1_intento_6.mp4,1836,15300.000,True,129.000,161.000,0.000,163.000,118.000,0.188889,0.238889,-0.952498,60.786,71.125,128.303,3315.0
Victor_experimento_1_intento_6.mp4,1837,15308.333,True,129.000,161.000,0.000,163.000,118.000,0.188889,0.238889,-0.952498,60.691,70.314,125.720,3283.0
Victor_experimento_1_intento_6.mp4,1838,15316.667,True,129.000,161.000,0.000,163.000,118.000,0.188889,0.238889,-0.952498,60.684,70.627,126.434,3282.5
Victor_experimento_1_intento_6.mp4,1839,15325.000,True,129.000,161.000,0.000,163.000,118.000,0.188889,0.238889,-0.952498,60.737,71.011,124.981,3300.5
Victor_experimento_1_intento_6.mp4,1840,15333.333,True,129.000,161.000,0.000,163.000,118.000,0.188889,0.238889,-0.952498,61.209,70.598,126.719,3290.5
Victor_experimento_1_intento_6.mp4,1841,15341.667,True,129.000,161.000,0.000,163.000,118.000,0.188889,0.238889,-0.952498,60.355,71.213,122.614,3292.0
Victor_experimento_1_intento_6.mp4,1842,15350.000,True,129.000,161.000,0.000,163.000,118.000,0.188889,0.238889,-0.952498,60.319,71.626,123.701,3322.0
Victor_experimento_1_intento_6.mp4,1843,15358.333,True,129.000,161.000,0.000,163.000,118.000,0.188889,0.238889,-0.952498,60.129,70.953,127.057,3284.5
Victor_experimento_1_intento_6.mp4,1844,15366.667,True,129.000,161.000,0.000,163.000,118.000,0.188889,0.238889,-0.952498,60.555,71.619,124.487,3315.5
Victor_experimento_1_intento_6.mp4,1845,15375.000,True,129.000,161.000,0.000,163.000,118.000,0.188889,0.238889,-0.952498,60.493,70.293,122.948,3288.0
Victor_experimento_1_intento_6.mp4,1846,15383.333,True,129.000,161.000,0.000,164.000,118.000,0.194444,0.238889,-0.951380,60.852,70.505,122.067,3298.5
Victor_experimento_1_intento_6.mp4,1847,15391.667,True,129.000,161.000,0.000,163.000,118.000,0.188889,0.238889,-0.952498,61.105,71.044,125.423,3318.0
Victor_experimento_1_intento_6.mp4,1848,15400.000,True,129.000,161.000,0.000,163.000,118.000,0.188889,0.238889,-0.952498,60.946,70.055,123.823,3304.0
Victor_experimento_1_intento_6.mp4,1849,15408.333,True,129.000,161.000,0.000,164.000,118.000,0.194444,0.238889,-0.951380,60.784,69.654,125.006,3270.5
Victor_experimento_1_intento_6.mp4,1850,15416.667,True,129.000,161.000,0.000,163.000,118.000,0.188889,0.238889,-0.952498,60.688,70.701,124.069,3304.5
Victor_experimento_1_intento_6.mp4,1851,15425.000,True,129.000,161.000,0.000,163.000,118.000,0.188889,0.238889,-0.952498,60.571,70.753,124.819,3292.0
Victor_experimento_1_intento_6.mp4,1852,15433.333,True,129.000,161.000,0.000,164.000,118.000,0.194444,0.238889,-0.951380,60.494,70.444,125.672,3287.0
Victor_experimento_1_intento_6.mp4,1853,15441.667,True,129.000,161.000,0.000,163.000,118.000,0.188889,0.238889,-0.952498,61.283,70.094,125.466,3279.5
Victor_experimento_1_intento_6.mp4,1854,15450.000,True,129.000,161.000,0.000,164.000,118.000,0.194444,0.238889,-0.951380,60.731,70.806,126.788,3303.0
Victor_experimento_1_intento_6.mp4,1855,15458.333,True,129.000,161.000,0.000,164.000,118.000,0.194444,0.238889,-0.951380,60.918,70.144,126.999,3264.5
Victor_experimento_1_intento_6.mp4,1856,15466.667,True,129.000,161.000,0.000,163.000,118.000,0.188889,0.238889,-0.952498,61.162,70.490,126.546,3296.0
Victor_experimento_1_intento_6.mp4,1857,15475.000,True,129.000,161.000,0.000,164.000,118.000,0.194444,0.238889,-0.951380,60.475,69.888,124.898,3258.5
Victor_experimento_1_intento_6.mp4,1858,15483.333,True,129.000,161.000,0.000,163.000,118.000,0.188889,0.238889,-0.952498,60.325,70.498,124.848,3279.5
Victor_experimento_1_intento_6.mp4,1859,15491.667,True,129.000,161.000,0.000,163.000,118.000,0.188889,0.238889,-0.952498,60.077,70.575,126.305,3271.5
Victor_experimento_1_intento_6.mp4,1860,15500.000,True,129.000,161.000,0.000,164.000,118.000,0.194444,0.238889,-0.951380,60.169,70.583,125.484,3281.5
Victor_experimento_1_intento_6.mp4,1861,15508.333,True,129.000,161.000,0.000,163.000,118.000,0.188889,0.238889,-0.952498,60.139,71.119,125.806,3259.0
Victor_experimento_1_intento_6.mp4,1862,15516.667,True,129.000,161.000,0.000,164.000,118.000,0.194444,0.238889,-0.951380,60.611,69.486,129.941,3258.0
Victor_experimento_1_intento_6.mp4,1863,15525.000,True,129.000,161.000,0.000,164.000,118.000,0.194444,0.238889,-0.951380,59.978,70.003,126.138,3224.5
Victor_experimento_1_intento_6.mp4,1864,15533.333,True,129.000,161.000,0.000,164.000,118.000,0.194444,0.238889,-0.951380,60.388,69.271,126.839,3234.0
Victor_experimento_1_intento_6.mp4,1865,15541.667,True,129.000,161.000,0.000,164.000,118.000,0.194444,0.238889,-0.951380,60.472,69.334,129.133,3213.5
Victor_experimento_1_intento_6.mp4,1866,15550.000,True,129.000,161.000,0.000,164.000,118.000,0.194444,0.238889,-0.951380,60.279,69.959,125.887,3239.0
Victor_experimento_1_intento_6.mp4,1867,15558.333,True,129.000,161.000,0.000,164.000,118.000,0.194444,0.238889,-0.951380,60.311,70.687,125.999,3242.0
Victor_experimento_1_intento_6.mp4,1868,15566.667,True,129.000,161.000,0.000,164.000,118.000,0.194444,0.238889,-0.951380,60.169,70.269,128.468,3240.5
Victor_experimento_1_intento_6.mp4,1869,15575.000,True,129.000,161.000,0.000,164.000,118.000,0.194444,0.238889,-0.951380,60.281,70.661,126.499,3229.0
Victor_experimento_1_intento_6.mp4,1870,15583.333,True,129.000,161.000,0.000,164.000,118.000,0.194444,0.238889,-0.951380,59.601,69.666,124.455,3204.5
Victor_experimento_1_intento_6.mp4,1871,15591.667,True,129.000,161.000,0.000,164.000,118.000,0.194444,0.238889,-0.951380,59.528,69.539,127.880,3201.5
Victor_experimento_1_intento_6.mp4,1872,15600.000,True,129.000,161.000,0.000,164.000,118.000,0.194444,0.238889,-0.951380,60.029,70.086,125.133,3208.0
Victor_experimento_1_intento_6.mp4,1873,15608.333,True,129.000,161.000,0.000,164.000,118.000,0.194444,0.238889,-0.951380,60.116,69.073,128.811,3168.0
Victor_experimento_1_intento_6.mp4,1874,15616.667,True,129.000,161.000,0.000,164.000,118.000,0.194444,0.238889,-0.951380,60.058,69.021,127.064,3183.5
Victor_experimento_1_intento_6.mp4,1875,15625.000,True,129.000,161.000,0.000,164.000,118.000,0.194444,0.238889,-0.951380,59.739,69.015,125.989,3165.0
Victor_experimento_1_intento_6.mp4,1876,15633.333,True,129.000,161.000,0.000,164.000,118.000,0.194444,0.238889,-0.951380,59.321,69.111,124.586,3170.0
Victor_experimento_1_intento_6.mp4,1877,15641.667,True,129.000,161.000,0.000,164.000,118.000,0.194444,0.238889,-0.951380,59.451,68.798,122.693,3178.0
Victor_experimento_1_intento_6.mp4,1878,15650.000,True,129.000,161.000,0.000,164.000,118.000,0.194444,0.238889,-0.951380,59.826,69.322,127.746,3187.0
Victor_experimento_1_intento_6.mp4,1879,15658.333,True,129.000,161.000,0.000,164.000,118.000,0.194444,0.238889,-0.951380,59.435,68.704,126.792,3152.5
Victor_experimento_1_intento_6.mp4,1880,15666.667,True,129.000,161.000,0.000,164.000,118.000,0.194444,0.238889,-0.951380,59.554,68.441,124.513,3160.5
Victor_experimento_1_intento_6.mp4,1881,15675.000,True,129.000,161.000,0.000,164.000,118.000,0.194444,0.238889,-0.951380,58.840,69.069,121.911,3126.5
Victor_experimento_1_intento_6.mp4,1882,15683.333,True,129.000,161.000,0.000,164.000,118.000,0.194444,0.238889,-0.951380,59.419,68.521,125.145,3151.0
Victor_experimento_1_intento_6.mp4,1883,15691.667,True,129.000,161.000,0.000,164.000,118.000,0.194444,0.238889,-0.951380,59.011,68.520,124.836,3126.0
Victor_experimento_1_intento_6.mp4,1884,15700.000,True,129.000,161.000,0.000,164.000,118.000,0.194444,0.238889,-0.951380,58.829,68.403,124.142,3120.5
Victor_experimento_1_intento_6.mp4,1885,15708.333,True,129.000,161.000,0.000,164.000,118.000,0.194444,0.238889,-0.951380,58.927,68.464,125.166,3110.0
Victor_experimento_1_intento_6.mp4,1886,15716.667,True,129.000,161.000,0.000,164.000,118.000,0.194444,0.238889,-0.951380,59.485,68.620,124.262,3107.0
Victor_experimento_1_intento_6.mp4,1887,15725.000,True,129.000,161.000,0.000,164.000,118.000,0.194444,0.238889,-0.951380,58.977,69.084,127.696,3118.5
Victor_experimento_1_intento_6.mp4,1888,15733.333,True,129.000,161.000,0.000,164.000,118.000,0.194444,0.238889,-0.951380,58.846,69.171,126.170,3120.0
Victor_experimento_1_intento_6.mp4,1889,15741.667,True,129.000,161.000,0.000,164.000,118.000,0.194444,0.238889,-0.951380,58.408,67.860,128.017,3058.5
Victor_experimento_1_intento_6.mp4,1890,15750.000,True,129.000,161.000,0.000,164.000,118.000,0.194444,0.238889,-0.951380,59.157,68.531,124.389,3083.5
Victor_experimento_1_intento_6.mp4,1891,15758.333,True,129.000,161.000,0.000,163.000,118.000,0.188889,0.238889,-0.952498,58.691,67.773,126.931,3073.0
Victor_experimento_1_intento_6.mp4,1892,15766.667,True,129.000,161.000,0.000,164.000,118.000,0.194444,0.238889,-0.951380,58.436,67.888,125.654,3076.5
Victor_experimento_1_intento_6.mp4,1893,15775.000,True,129.000,161.000,0.000,164.000,118.000,0.194444,0.238889,-0.951380,58.753,67.811,124.255,3088.5
Victor_experimento_1_intento_6.mp4,1894,15783.333,True,129.000,161.000,0.000,164.000,118.000,0.194444,0.238889,-0.951380,58.839,67.408,125.523,3065.5
Victor_experimento_1_intento_6.mp4,1895,15791.667,True,129.000,161.000,0.000,164.000,118.000,0.194444,0.238889,-0.951380,58.507,67.111,121.746,3030.5
Victor_experimento_1_intento_6.mp4,1896,15800.000,True,129.000,161.000,0.000,164.000,118.000,0.194444,0.238889,-0.951380,58.638,67.861,121.215,3036.5
Victor_experimento_1_intento_6.mp4,1897,15808.333,True,129.000,161.000,0.000,164.000,118.000,0.194444,0.238889,-0.951380,58.320,67.099,120.513,3009.5
Victor_experimento_1_intento_6.mp4,1898,15816.667,True,129.000,161.000,0.000,164.000,118.000,0.194444,0.238889,-0.951380,58.368,67.083,120.695,3028.5
Victor_experimento_1_intento_6.mp4,1899,15825.000,True,129.000,161.000,0.000,164.000,118.000,0.194444,0.238889,-0.951380,58.364,66.754,123.020,3010.5
Victor_experimento_1_intento_6.mp4,1900,15833.333,True,129.000,161.000,0.000,164.000,118.000,0.194444,0.238889,-0.951380,58.585,66.966,122.714,3008.5
Victor_experimento_1_intento_6.mp4,1901,15841.667,True,129.000,161.000,0.000,164.000,118.000,0.194444,0.238889,-0.951380,58.482,67.004,122.106,3018.5
Victor_experimento_1_intento_6.mp4,1902,15850.000,True,129.000,161.000,0.000,164.000,118.000,0.194444,0.238889,-0.951380,58.233,66.859,122.173,2996.5
Victor_experimento_1_intento_6.mp4,1903,15858.333,True,129.000,161.000,0.000,164.000,118.000,0.194444,0.238889,-0.951380,57.672,67.014,123.019,2980.5
Victor_experimento_1_intento_6.mp4,1904,15866.667,True,129.000,161.000,0.000,164.000,118.000,0.194444,0.238889,-0.951380,57.820,67.256,122.942,2979.5
Victor_experimento_1_intento_6.mp4,1905,15875.000,True,129.000,161.000,0.000,164.000,117.000,0.194444,0.244444,-0.949968,57.884,66.873,124.900,2970.5
Victor_experimento_1_intento_6.mp4,1906,15883.333,True,129.000,161.000,0.000,164.000,118.000,0.194444,0.238889,-0.951380,57.674,66.757,122.133,2955.0
Victor_experimento_1_intento_6.mp4,1907,15891.667,True,129.000,161.000,0.000,164.000,118.000,0.194444,0.238889,-0.951380,57.477,66.667,121.656,2961.5
Victor_experimento_1_intento_6.mp4,1908,15900.000,True,129.000,161.000,0.000,164.000,118.000,0.194444,0.238889,-0.951380,57.791,66.685,122.751,2969.0
Victor_experimento_1_intento_6.mp4,1909,15908.333,True,129.000,161.000,0.000,164.000,118.000,0.194444,0.238889,-0.951380,57.756,66.309,123.166,2943.0
Victor_experimento_1_intento_6.mp4,1910,15916.667,True,129.000,161.000,0.000,164.000,118.000,0.194444,0.238889,-0.951380,57.884,66.121,122.682,2958.0
Victor_experimento_1_intento_6.mp4,1911,15925.000,True,129.000,161.000,0.000,164.000,118.000,0.194444,0.238889,-0.951380,57.777,66.610,123.501,2947.5
Victor_experimento_1_intento_6.mp4,1912,15933.333,True,129.000,161.000,0.000,164.000,118.000,0.194444,0.238889,-0.951380,57.767,66.643,124.842,2963.0
Victor_experimento_1_intento_6.mp4,1913,15941.667,True,129.000,161.000,0.000,163.000,118.000,0.188889,0.238889,-0.952498,57.723,66.412,121.476,2933.0
Victor_experimento_1_intento_6.mp4,1914,15950.000,True,129.000,161.000,0.000,164.000,118.000,0.194444,0.238889,-0.951380,57.808,66.713,123.929,2943.5
Victor_experimento_1_intento_6.mp4,1915,15958.333,True,129.000,161.000,0.000,164.000,118.000,0.194444,0.238889,-0.951380,58.041,66.165,123.684,2955.0
Victor_experimento_1_intento_6.mp4,1916,15966.667,True,129.000,161.000,0.000,164.000,118.000,0.194444,0.238889,-0.951380,58.001,66.467,119.204,2967.0
Victor_experimento_1_intento_6.mp4,1917,15975.000,True,129.000,161.000,0.000,163.000,118.000,0.188889,0.238889,-0.952498,57.655,66.231,116.596,2945.0
Victor_experimento_1_intento_6.mp4,1918,15983.333,True,129.000,161.000,0.000,164.000,118.000,0.194444,0.238889,-0.951380,57.964,66.466,118.547,2964.5
Victor_experimento_1_intento_6.mp4,1919,15991.667,True,129.000,161.000,0.000,163.000,118.000,0.188889,0.238889,-0.952498,57.663,65.732,121.181,2934.5
Victor_experimento_1_intento_6.mp4,1920,16000.000,True,129.000,161.000,0.000,163.000,118.000,0.188889,0.238889,-0.952498,57.794,66.193,122.300,2951.0
Victor_experimento_1_intento_6.mp4,1921,16008.333,True,129.000,161.000,0.000,164.000,118.000,0.194444,0.238889,-0.951380,57.949,65.947,123.510,2946.5
Victor_experimento_1_intento_6.mp4,1922,16016.667,True,129.000,161.000,0.000,164.000,118.000,0.194444,0.238889,-0.951380,57.869,66.337,122.564,2956.5
Victor_experimento_1_intento_6.mp4,1923,16025.000,True,129.000,161.000,0.000,164.000,118.000,0.194444,0.238889,-0.951380,58.175,65.886,123.687,2950.5
Victor_experimento_1_intento_6.mp4,1924,16033.333,True,129.000,161.000,0.000,164.000,118.000,0.194444,0.238889,-0.951380,57.927,66.788,123.988,2981.5
Victor_experimento_1_intento_6.mp4,1925,16041.667,True,129.000,161.000,0.000,164.000,118.000,0.194444,0.238889,-0.951380,57.976,66.821,123.881,2969.0
Victor_experimento_1_intento_6.mp4,1926,16050.000,True,129.000,161.000,0.000,164.000,118.000,0.194444,0.238889,-0.951380,58.280,66.748,124.005,2991.0
Victor_experimento_1_intento_6.mp4,1927,16058.333,True,129.000,161.000,0.000,163.000,118.000,0.188889,0.238889,-0.952498,57.771,67.162,123.546,2973.5
Victor_experimento_1_intento_6.mp4,1928,16066.667,True,129.000,161.000,0.000,164.000,118.000,0.194444,0.238889,-0.951380,58.038,67.265,125.086,2979.5
Victor_experimento_1_intento_6.mp4,1929,16075.000,True,129.000,161.000,0.000,164.000,118.000,0.194444,0.238889,-0.951380,57.569,66.292,124.362,2958.5
Victor_experimento_1_intento_6.mp4,1930,16083.333,True,129.000,161.000,0.000,164.000,118.000,0.194444,0.238889,-0.951380,57.631,66.915,125.466,2992.0
Victor_experimento_1_intento_6.mp4,1931,16091.667,True,129.000,161.000,0.000,164.000,118.000,0.194444,0.238889,-0.951380,57.491,66.756,123.083,2973.5
Victor_experimento_1_intento_6.mp4,1932,16100.000,True,129.000,161.000,0.000,164.000,118.000,0.194444,0.238889,-0.951380,58.298,66.949,124.757,2997.0
Victor_experimento_1_intento_6.mp4,1933,16108.333,True,129.000,161.000,0.000,164.000,118.000,0.194444,0.238889,-0.951380,58.414,66.426,124.684,2976.0
Victor_experimento_1_intento_6.mp4,1934,16116.667,True,129.000,161.000,0.000,164.000,118.000,0.194444,0.238889,-0.951380,58.297,66.857,122.670,2981.0
Victor_experimento_1_intento_6.mp4,1935,16125.000,True,129.000,161.000,0.000,163.000,118.000,0.188889,0.238889,-0.952498,58.208,66.941,122.360,2960.0
Victor_experimento_1_intento_6.mp4,1936,16133.333,True,129.000,161.000,0.000,164.000,118.000,0.194444,0.238889,-0.951380,57.939,66.821,122.538,2986.5
Victor_experimento_1_intento_6.mp4,1937,16141.667,True,129.000,161.000,0.000,163.000,118.000,0.188889,0.238889,-0.952498,57.908,66.841,123.177,2993.0
Victor_experimento_1_intento_6.mp4,1938,16150.000,True,129.000,161.000,0.000,163.000,118.000,0.188889,0.238889,-0.952498,58.393,67.439,121.543,3012.0
Victor_experimento_1_intento_6.mp4,1939,16158.333,True,129.000,161.000,0.000,163.000,118.000,0.188889,0.238889,-0.952498,57.999,67.264,120.867,2991.0
Victor_experimento_1_intento_6.mp4,1940,16166.667,True,129.000,161.000,0.000,164.000,118.000,0.194444,0.238889,-0.951380,57.931,67.169,118.600,3000.0
Victor_experimento_1_intento_6.mp4,1941,16175.000,True,129.000,161.000,0.000,163.000,118.000,0.188889,0.238889,-0.952498,58.441,67.171,122.730,3002.0
Victor_experimento_1_intento_6.mp4,1942,16183.333,True,129.000,161.000,0.000,163.000,118.000,0.188889,0.238889,-0.952498,57.956,67.268,121.123,3021.0
Victor_experimento_1_intento_6.mp4,1943,16191.667,True,129.000,161.000,0.000,164.000,118.000,0.194444,0.238889,-0.951380,58.521,67.160,125.744,3024.0
Victor_experimento_1_intento_6.mp4,1944,16200.000,True,129.000,161.000,0.000,164.000,118.000,0.194444,0.238889,-0.951380,58.636,67.606,125.082,3033.5
Victor_experimento_1_intento_6.mp4,1945,16208.333,True,129.000,161.000,0.000,163.000,118.000,0.188889,0.238889,-0.952498,58.664,66.977,121.228,3032.0
Victor_experimento_1_intento_6.mp4,1946,16216.667,True,129.000,161.000,0.000,163.000,118.000,0.188889,0.238889,-0.952498,58.874,67.368,123.126,3040.0
Victor_experimento_1_intento_6.mp4,1947,16225.000,True,129.000,161.000,0.000,163.000,118.000,0.188889,0.238889,-0.952498,58.747,67.387,123.863,3065.0
Victor_experimento_1_intento_6.mp4,1948,16233.333,True,129.000,161.000,0.000,163.000,118.000,0.188889,0.238889,-0.952498,58.671,67.542,123.300,3075.5
Victor_experimento_1_intento_6.mp4,1949,16241.667,True,129.000,161.000,0.000,163.000,118.000,0.188889,0.238889,-0.952498,59.025,66.777,126.112,3042.0
Victor_experimento_1_intento_6.mp4,1950,16250.000,True,129.000,161.000,0.000,163.000,118.000,0.188889,0.238889,-0.952498,59.115,67.407,120.345,3054.5
Victor_experimento_1_intento_6.mp4,1951,16258.333,True,129.000,161.000,0.000,163.000,118.000,0.188889,0.238889,-0.952498,58.887,67.269,119.553,3045.0
Victor_experimento_1_intento_6.mp4,1952,16266.667,True,129.000,161.000,0.000,163.000,118.000,0.188889,0.238889,-0.952498,58.888,67.565,122.097,3078.5
Victor_experimento_1_intento_6.mp4,1953,16275.000,True,129.000,161.000,0.000,163.000,118.000,0.188889,0.238889,-0.952498,58.783,67.870,122.656,3056.0
Victor_experimento_1_intento_6.mp4,1954,16283.333,True,129.000,161.000,0.000,163.000,118.000,0.188889,0.238889,-0.952498,58.980,67.735,122.094,3047.0
Victor_experimento_1_intento_6.mp4,1955,16291.667,True,129.000,161.000,0.000,163.000,118.000,0.188889,0.238889,-0.952498,58.651,67.674,123.508,3035.5
Victor_experimento_1_intento_6.mp4,1956,16300.000,True,129.000,161.000,0.000,164.000,118.000,0.194444,0.238889,-0.951380,58.190,67.588,122.079,3075.5
Victor_experimento_1_intento_6.mp4,1957,16308.333,True,129.000,161.000,0.000,163.000,118.000,0.188889,0.238889,-0.952498,59.054,67.299,124.627,3061.5
Victor_experimento_1_intento_6.mp4,1958,16316.667,True,129.000,161.000,0.000,163.000,118.000,0.188889,0.238889,-0.952498,59.002,67.704,121.864,3070.0
Victor_experimento_1_intento_6.mp4,1959,16325.000,True,129.000,161.000,0.000,163.000,118.000,0.188889,0.238889,-0.952498,59.001,67.437,124.311,3071.0
Victor_experimento_1_intento_6.mp4,1960,16333.333,True,129.000,161.000,0.000,163.000,118.000,0.188889,0.238889,-0.952498,58.892,67.923,121.612,3100.5
Victor_experimento_1_intento_6.mp4,1961,16341.667,True,129.000,161.000,0.000,163.000,118.000,0.188889,0.238889,-0.952498,58.777,67.297,120.501,3073.0
Victor_experimento_1_intento_6.mp4,1962,16350.000,True,129.000,161.000,0.000,163.000,118.000,0.188889,0.238889,-0.952498,58.440,68.105,121.130,3075.5
Victor_experimento_1_intento_6.mp4,1963,16358.333,True,129.000,161.000,0.000,163.000,118.000,0.188889,0.238889,-0.952498,58.328,67.619,120.742,3070.0
Victor_experimento_1_intento_6.mp4,1964,16366.667,True,129.000,161.000,0.000,163.000,118.000,0.188889,0.238889,-0.952498,59.464,68.280,122.572,3082.0
Victor_experimento_1_intento_6.mp4,1965,16375.000,True,129.000,161.000,0.000,161.000,117.000,0.177778,0.244444,-0.953227,59.292,68.091,117.551,3079.5
Victor_experimento_1_intento_6.mp4,1966,16383.333,True,129.000,161.000,0.000,162.000,117.000,0.183333,0.244444,-0.952174,59.140,67.649,120.216,3078.5
Victor_experimento_1_intento_6.mp4,1967,16391.667,True,129.000,161.000,0.000,162.000,117.000,0.183333,0.244444,-0.952174,58.612,67.016,118.569,3047.0
Victor_experimento_1_intento_6.mp4,1968,16400.000,True,129.000,161.000,0.000,162.000,117.000,0.183333,0.244444,-0.952174,58.747,67.538,118.874,3079.5
Victor_experimento_1_intento_6.mp4,1969,16408.333,True,129.000,161.000,0.000,162.000,117.000,0.183333,0.244444,-0.952174,58.554,67.936,121.532,3045.5
Victor_experimento_1_intento_6.mp4,1970,16416.667,True,129.000,161.000,0.000,162.000,117.000,0.183333,0.244444,-0.952174,58.388,68.022,121.892,3054.0
Victor_experimento_1_intento_6.mp4,1971,16425.000,True,129.000,161.000,0.000,162.000,117.000,0.183333,0.244444,-0.952174,58.440,67.170,119.523,3029.0
Victor_experimento_1_intento_6.mp4,1972,16433.333,True,129.000,161.000,0.000,162.000,117.000,0.183333,0.244444,-0.952174,58.334,67.228,118.196,3044.5
Victor_experimento_1_intento_6.mp4,1973,16441.667,True,129.000,161.000,0.000,162.000,117.000,0.183333,0.244444,-0.952174,57.809,67.831,119.327,3027.5
Victor_experimento_1_intento_6.mp4,1974,16450.000,True,129.000,161.000,0.000,162.000,117.000,0.183333,0.244444,-0.952174,58.120,67.849,120.467,3047.5
Victor_experimento_1_intento_6.mp4,1975,16458.333,True,129.000,161.000,0.000,162.000,117.000,0.183333,0.244444,-0.952174,58.566,67.530,120.798,3025.0
Victor_experimento_1_intento_6.mp4,1976,16466.667,True,129.000,161.000,0.000,162.000,117.000,0.183333,0.244444,-0.952174,57.869,66.797,118.288,2999.5
Victor_experimento_1_intento_6.mp4,1977,16475.000,True,129.000,161.000,0.000,162.000,117.000,0.183333,0.244444,-0.952174,57.959,67.535,119.396,3031.5
Victor_experimento_1_intento_6.mp4,1978,16483.333,True,129.000,161.000,0.000,162.000,117.000,0.183333,0.244444,-0.952174,58.384,67.660,119.334,3052.5
Victor_experimento_1_intento_6.mp4,1979,16491.667,True,129.000,161.000,0.000,162.000,117.000,0.183333,0.244444,-0.952174,58.215,67.221,121.614,3027.5
Victor_experimento_1_intento_6.mp4,1980,16500.000,True,129.000,161.000,0.000,162.000,117.000,0.183333,0.244444,-0.952174,58.457,67.622,119.700,3036.5
Victor_experimento_1_intento_6.mp4,1981,16508.333,True,129.000,161.000,0.000,162.000,117.000,0.183333,0.244444,-0.952174,58.364,67.543,119.816,2996.5
Victor_experimento_1_intento_6.mp4,1982,16516.667,True,129.000,161.000,0.000,162.000,117.000,0.183333,0.244444,-0.952174,57.957,67.633,116.131,3011.0
Victor_experimento_1_intento_6.mp4,1983,16525.000,True,129.000,161.000,0.000,162.000,117.000,0.183333,0.244444,-0.952174,58.722,67.064,118.062,2997.5
Victor_experimento_1_intento_6.mp4,1984,16533.333,True,129.000,161.000,0.000,162.000,117.000,0.183333,0.244444,-0.952174,58.718,67.886,118.904,3034.5
Victor_experimento_1_intento_6.mp4,1985,16541.667,True,129.000,161.000,0.000,162.000,117.000,0.183333,0.244444,-0.952174,58.194,67.040,120.469,3031.5
Victor_experimento_1_intento_6.mp4,1986,16550.000,True,129.000,161.000,0.000,162.000,117.000,0.183333,0.244444,-0.952174,58.806,68.446,120.996,3056.5
Victor_experimento_1_intento_6.mp4,1987,16558.333,True,129.000,161.000,0.000,162.000,117.000,0.183333,0.244444,-0.952174,58.274,66.893,120.520,3014.5
Victor_experimento_1_intento_6.mp4,1988,16566.667,True,129.000,161.000,0.000,162.000,117.000,0.183333,0.244444,-0.952174,57.721,67.824,120.301,2996.5
Victor_experimento_1_intento_6.mp4,1989,16575.000,True,129.000,161.000,0.000,162.000,117.000,0.183333,0.244444,-0.952174,58.003,67.993,120.432,3030.0
Victor_experimento_1_intento_6.mp4,1990,16583.333,True,129.000,161.000,0.000,162.000,117.000,0.183333,0.244444,-0.952174,58.912,68.185,120.236,3058.0
Victor_experimento_1_intento_6.mp4,1991,16591.667,True,129.000,161.000,0.000,162.000,117.000,0.183333,0.244444,-0.952174,58.670,68.032,123.081,3026.0
Victor_experimento_1_intento_6.mp4,1992,16600.000,True,129.000,161.000,0.000,162.000,117.000,0.183333,0.244444,-0.952174,58.764,67.529,120.249,3034.0
Victor_experimento_1_intento_6.mp4,1993,16608.333,True,129.000,161.000,0.000,162.000,117.000,0.183333,0.244444,-0.952174,58.712,67.124,121.172,3019.0
Victor_experimento_1_intento_6.mp4,1994,16616.667,True,129.000,161.000,0.000,162.000,117.000,0.183333,0.244444,-0.952174,58.371,67.942,120.477,3037.5
Victor_experimento_1_intento_6.mp4,1995,16625.000,True,129.000,161.000,0.000,162.000,117.000,0.183333,0.244444,-0.952174,58.247,67.181,120.958,3015.5
Victor_experimento_1_intento_6.mp4,1996,16633.333,True,129.000,161.000,0.000,162.000,117.000,0.183333,0.244444,-0.952174,58.625,67.523,123.435,3028.5
Victor_experimento_1_intento_6.mp4,1997,16641.667,True,129.000,161.000,0.000,161.000,117.000,0.177778,0.244444,-0.953227,59.000,67.718,123.629,3045.0
Victor_experimento_1_intento_6.mp4,1998,16650.000,True,129.000,161.000,0.000,154.000,119.000,0.138889,0.233333,-0.962427,61.643,66.651,106.724,3137.0
Victor_experimento_1_intento_6.mp4,1999,16658.333,True,129.000,161.000,0.000,145.000,121.000,0.088889,0.222222,-0.970936,61.379,68.410,87.686,3234.0
Victor_experimento_1_intento_6.mp4,2000,16666.667,True,129.000,161.000,0.000,136.000,123.000,0.038889,0.211111,-0.976688,61.759,69.746,81.736,3293.0
Victor_experimento_1_intento_6.mp4,2001,16675.000,True,129.000,161.000,0.000,130.000,125.000,0.005556,0.200000,-0.979780,61.040,71.296,85.048,3307.0
Victor_experimento_1_intento_6.mp4,2002,16683.333,True,129.000,161.000,0.000,126.000,126.000,-0.016667,0.194444,-0.980772,60.878,71.271,86.221,3333.0
Victor_experimento_1_intento_6.mp4,2003,16691.667,True,129.000,161.000,0.000,126.000,126.000,-0.016667,0.194444,-0.980772,60.220,71.281,89.420,3287.0
Victor_experimento_1_intento_6.mp4,2004,16700.000,True,129.000,161.000,0.000,126.000,125.000,-0.016667,0.200000,-0.979654,61.902,70.407,92.335,3294.5
Victor_experimento_1_intento_6.mp4,2005,16708.333,True,129.000,161.000,0.000,126.000,125.000,-0.016667,0.200000,-0.979654,62.029,70.456,92.491,3274.5
Victor_experimento_1_intento_6.mp4,2006,16716.667,True,129.000,161.000,0.000,126.000,125.000,-0.016667,0.200000,-0.979654,62.644,70.107,95.155,3291.5
Victor_experimento_1_intento_6.mp4,2007,16725.000,True,129.000,161.000,0.000,126.000,125.000,-0.016667,0.200000,-0.979654,62.344,69.999,95.718,3271.0
Victor_experimento_1_intento_6.mp4,2008,16733.333,True,129.000,161.000,0.000,126.000,125.000,-0.016667,0.200000,-0.979654,62.225,71.048,93.300,3287.5
Victor_experimento_1_intento_6.mp4,2009,16741.667,True,129.000,161.000,0.000,126.000,125.000,-0.016667,0.200000,-0.979654,61.348,70.440,87.649,3260.0
Victor_experimento_1_intento_6.mp4,2010,16750.000,True,129.000,161.000,0.000,126.000,125.000,-0.016667,0.200000,-0.979654,61.581,70.474,86.435,3303.5
Victor_experimento_1_intento_6.mp4,2011,16758.333,True,129.000,161.000,0.000,126.000,125.000,-0.016667,0.200000,-0.979654,61.441,70.236,88.695,3275.0
Victor_experimento_1_intento_6.mp4,2012,16766.667,True,129.000,161.000,0.000,126.000,125.000,-0.016667,0.200000,-0.979654,61.894,69.968,90.203,3280.0
Victor_experimento_1_intento_6.mp4,2013,16775.000,True,129.000,161.000,0.000,126.000,124.000,-0.016667,0.205556,-0.978504,63.422,70.306,97.949,3298.5
Victor_experimento_1_intento_6.mp4,2014,16783.333,True,129.000,161.000,0.000,126.000,125.000,-0.016667,0.200000,-0.979654,62.466,70.558,94.754,3288.0
Victor_experimento_1_intento_6.mp4,2015,16791.667,True,129.000,161.000,0.000,126.000,125.000,-0.016667,0.200000,-0.979654,62.732,70.526,95.120,3294.5
Victor_experimento_1_intento_6.mp4,2016,16800.000,True,129.000,161.000,0.000,126.000,125.000,-0.016667,0.200000,-0.979654,61.652,70.569,89.493,3328.0
Victor_experimento_1_intento_6.mp4,2017,16808.333,True,129.000,161.000,0.000,126.000,125.000,-0.016667,0.200000,-0.979654,61.710,71.313,91.615,3315.5
Victor_experimento_1_intento_6.mp4,2018,16816.667,True,129.000,161.000,0.000,126.000,124.000,-0.016667,0.205556,-0.978504,63.187,70.747,96.562,3331.0
Victor_experimento_1_intento_6.mp4,2019,16825.000,True,129.000,161.000,0.000,126.000,125.000,-0.016667,0.200000,-0.979654,61.572,71.492,90.145,3349.5
Victor_experimento_1_intento_6.mp4,2020,16833.333,True,129.000,161.000,0.000,126.000,125.000,-0.016667,0.200000,-0.979654,62.298,72.520,90.177,3463.5
Victor_experimento_1_intento_6.mp4,2021,16841.667,True,129.000,161.000,0.000,126.000,125.000,-0.016667,0.200000,-0.979654,62.685,71.926,89.724,3464.5
Victor_experimento_1_intento_6.mp4,2022,16850.000,True,129.000,161.000,0.000,126.000,125.000,-0.016667,0.200000,-0.979654,63.344,72.317,92.963,3494.5
Victor_experimento_1_intento_6.mp4,2023,16858.333,True,129.000,161.000,0.000,126.000,125.000,-0.016667,0.200000,-0.979654,62.840,73.027,88.266,3502.5
Victor_experimento_1_intento_6.mp4,2024,16866.667,True,129.000,161.000,0.000,126.000,125.000,-0.016667,0.200000,-0.979654,62.694,72.693,89.759,3489.5
Victor_experimento_1_intento_6.mp4,2025,16875.000,True,129.000,161.000,0.000,126.000,125.000,-0.016667,0.200000,-0.979654,62.773,72.574,90.809,3499.0
Victor_experimento_1_intento_6.mp4,2026,16883.333,True,129.000,161.000,0.000,126.000,125.000,-0.016667,0.200000,-0.979654,64.765,72.784,87.493,3546.0
Victor_experimento_1_intento_6.mp4,2027,16891.667,True,129.000,161.000,0.000,126.000,125.000,-0.016667,0.200000,-0.979654,63.744,72.694,88.851,3517.5
Victor_experimento_1_intento_6.mp4,2028,16900.000,True,129.000,161.000,0.000,126.000,125.000,-0.016667,0.200000,-0.979654,64.188,72.549,89.657,3537.0
Victor_experimento_1_intento_6.mp4,2029,16908.333,True,129.000,161.000,0.000,126.000,125.000,-0.016667,0.200000,-0.979654,63.836,72.283,90.254,3492.5
Victor_experimento_1_intento_6.mp4,2030,16916.667,True,129.000,161.000,0.000,126.000,124.000,-0.016667,0.205556,-0.978504,64.155,72.979,95.693,3523.0
Victor_experimento_1_intento_6.mp4,2031,16925.000,True,129.000,161.000,0.000,126.000,124.000,-0.016667,0.205556,-0.978504,64.391,72.918,95.899,3533.0
Victor_experimento_1_intento_6.mp4,2032,16933.333,True,129.000,161.000,0.000,126.000,124.000,-0.016667,0.205556,-0.978504,64.604,73.923,97.886,3557.0
Victor_experimento_1_intento_6.mp4,2033,16941.667,True,129.000,161.000,0.000,126.000,124.000,-0.016667,0.205556,-0.978504,63.816,73.331,93.946,3551.5
Victor_experimento_1_intento_6.mp4,2034,16950.000,True,129.000,161.000,0.000,126.000,125.000,-0.016667,0.200000,-0.979654,63.737,74.138,91.717,3567.5
Victor_experimento_1_intento_6.mp4,2035,16958.333,True,129.000,161.000,0.000,124.000,126.000,-0.027778,0.194444,-0.980520,65.250,73.954,86.425,3606.5
Victor_experimento_1_intento_6.mp4,2036,16966.667,True,129.000,161.000,0.000,116.000,127.000,-0.072222,0.188889,-0.979339,65.542,75.790,86.621,3712.0
Victor_experimento_1_intento_6.mp4,2037,16975.000,True,129.000,161.000,0.000,110.000,129.000,-0.105556,0.177778,-0.978393,66.416,75.629,87.486,3712.0
Victor_experimento_1_intento_6.mp4,2038,16983.333,True,129.000,161.000,0.000,109.000,129.000,-0.111111,0.177778,-0.977778,66.309,75.693,92.268,3724.0
Victor_experimento_1_intento_6.mp4,2039,16991.667,True,129.000,161.000,0.000,109.000,129.000,-0.111111,0.177778,-0.977778,68.104,74.981,92.944,3727.5
Victor_experimento_1_intento_6.mp4,2040,17000.000,True,129.000,161.000,0.000,110.000,129.000,-0.105556,0.177778,-0.978393,66.499,75.180,91.730,3709.5
Victor_experimento_1_intento_6.mp4,2041,17008.333,True,129.000,161.000,0.000,110.000,129.000,-0.105556,0.177778,-0.978393,64.226,74.376,85.801,3557.0
Victor_experimento_1_intento_6.mp4,2042,17016.667,True,129.000,161.000,0.000,110.000,129.000,-0.105556,0.177778,-0.978393,65.242,73.997,88.347,3551.5
Victor_experimento_1_intento_6.mp4,2043,17025.000,True,129.000,161.000,0.000,110.000,129.000,-0.105556,0.177778,-0.978393,64.207,73.547,87.691,3524.5
Victor_experimento_1_intento_6.mp4,2044,17033.333,True,129.000,161.000,0.000,110.000,129.000,-0.105556,0.177778,-0.978393,64.794,74.178,88.614,3565.5
Victor_experimento_1_intento_6.mp4,2045,17041.667,True,129.000,161.000,0.000,110.000,129.000,-0.105556,0.177778,-0.978393,64.608,73.969,87.531,3571.0
Victor_experimento_1_intento_6.mp4,2046,17050.000,True,129.000,161.000,0.000,110.000,129.000,-0.105556,0.177778,-0.978393,65.466,74.265,86.617,3578.5
Victor_experimento_1_intento_6.mp4,2047,17058.333,True,129.000,161.000,0.000,110.000,129.000,-0.105556,0.177778,-0.978393,64.214,74.787,86.221,3552.0
Victor_experimento_1_intento_6.mp4,2048,17066.667,True,129.000,161.000,0.000,110.000,128.000,-0.105556,0.183333,-0.977367,64.952,74.839,86.783,3576.0
Victor_experimento_1_intento_6.mp4,2049,17075.000,True,129.000,161.000,0.000,110.000,129.000,-0.105556,0.177778,-0.978393,64.285,74.028,86.072,3552.5
Victor_experimento_1_intento_6.mp4,2050,17083.333,True,129.000,161.000,0.000,110.000,129.000,-0.105556,0.177778,-0.978393,65.058,74.189,86.720,3568.0
Victor_experimento_1_intento_6.mp4,2051,17091.667,True,129.000,161.000,0.000,110.000,129.000,-0.105556,0.177778,-0.978393,65.649,73.828,88.702,3581.0
Victor_experimento_1_intento_6.mp4,2052,17100.000,True,129.000,161.000,0.000,110.000,129.000,-0.105556,0.177778,-0.978393,65.279,73.631,87.262,3527.5
Victor_experimento_1_intento_6.mp4,2053,17108.333,True,129.000,161.000,0.000,110.000,129.000,-0.105556,0.177778,-0.978393,64.636,73.752,87.797,3554.5
Victor_experimento_1_intento_6.mp4,2054,17116.667,True,129.000,161.000,0.000,110.000,128.000,-0.105556,0.183333,-0.977367,65.249,73.825,89.447,3566.5
Victor_experimento_1_intento_6.mp4,2055,17125.000,True,129.000,161.000,0.000,110.000,129.000,-0.105556,0.177778,-0.978393,65.738,73.359,88.797,3540.5
Victor_experimento_1_intento_6.mp4,2056,17133.333,True,129.000,161.000,0.000,110.000,128.000,-0.105556,0.183333,-0.977367,65.345,73.910,86.980,3568.0
Victor_experimento_1_intento_6.mp4,2057,17141.667,True,129.000,161.000,0.000,110.000,129.000,-0.105556,0.177778,-0.978393,65.403,73.476,87.225,3567.0
Victor_experimento_1_intento_6.mp4,2058,17150.000,True,129.000,161.000,0.000,110.000,129.000,-0.105556,0.177778,-0.978393,64.701,74.345,87.028,3583.0
Victor_experimento_1_intento_6.mp4,2059,17158.333,True,129.000,161.000,0.000,110.000,129.000,-0.105556,0.177778,-0.978393,65.875,73.568,85.978,3567.5
Victor_experimento_1_intento_6.mp4,2060,17166.667,True,129.000,161.000,0.000,110.000,129.000,-0.105556,0.177778,-0.978393,64.727,74.188,84.595,3565.0
Victor_experimento_1_intento_6.mp4,2061,17175.000,True,129.000,161.000,0.000,110.000,129.000,-0.105556,0.177778,-0.978393,65.091,74.006,84.786,3558.0
Victor_experimento_1_intento_6.mp4,2062,17183.333,True,129.000,161.000,0.000,110.000,128.000,-0.105556,0.183333,-0.977367,66.211,73.769,88.794,3586.5
Victor_experimento_1_intento_6.mp4,2063,17191.667,True,129.000,161.000,0.000,110.000,129.000,-0.105556,0.177778,-0.978393,65.791,74.125,88.418,3579.0
Victor_experimento_1_intento_6.mp4,2064,17200.000,True,129.000,161.000,0.000,110.000,128.000,-0.105556,0.183333,-0.977367,63.330,75.173,86.545,3559.0
Victor_experimento_1_intento_6.mp4,2065,17208.333,True,129.000,161.000,0.000,110.000,128.000,-0.105556,0.183333,-0.977367,64.643,74.457,86.685,3522.5
Victor_experimento_1_intento_6.mp4,2066,17216.667,True,129.000,161.000,0.000,110.000,129.000,-0.105556,0.177778,-0.978393,65.317,73.502,88.093,3551.0
Victor_experimento_1_intento_6.mp4,2067,17225.000,True,129.000,161.000,0.000,110.000,128.000,-0.105556,0.183333,-0.977367,63.388,74.492,89.227,3514.5
Victor_experimento_1_intento_6.mp4,2068,17233.333,True,129.000,161.000,0.000,110.000,129.000,-0.105556,0.177778,-0.978393,65.767,73.226,84.948,3552.5
Victor_experimento_1_intento_6.mp4,2069,17241.667,True,129.000,161.000,0.000,107.000,130.000,-0.122222,0.172222,-0.977446,64.604,74.430,81.165,3579.5
Victor_experimento_1_intento_6.mp4,2070,17250.000,True,129.000,161.000,0.000,105.000,131.000,-0.133333,0.166667,-0.976957,64.678,74.812,85.482,3591.0
Victor_experimento_1_intento_6.mp4,2071,17258.333,True,129.000,161.000,0.000,108.000,130.000,-0.116667,0.172222,-0.978125,65.409,73.217,84.794,3542.5
Victor_experimento_1_intento_6.mp4,2072,17266.667,True,129.000,161.000,0.000,108.000,130.000,-0.116667,0.172222,-0.978125,65.076,74.147,87.150,3569.5
Victor_experimento_1_intento_6.mp4,2073,17275.000,True,129.000,161.000,0.000,109.000,131.000,-0.111111,0.166667,-0.979733,64.784,73.921,83.729,3559.0
Victor_experimento_1_intento_6.mp4,2074,17283.333,True,129.000,161.000,0.000,108.000,131.000,-0.116667,0.166667,-0.979087,65.192,73.747,86.331,3575.0
Victor_experimento_1_intento_6.mp4,2075,17291.667,True,129.000,161.000,0.000,109.000,131.000,-0.111111,0.166667,-0.979733,64.545,73.805,84.731,3540.0
Victor_experimento_1_intento_6.mp4,2076,17300.000,True,129.000,161.000,0.000,109.000,130.000,-0.111111,0.172222,-0.978772,65.037,73.717,85.417,3534.5
Victor_experimento_1_intento_6.mp4,2077,17308.333,True,129.000,161.000,0.000,109.000,130.000,-0.111111,0.172222,-0.978772,64.363,74.115,85.237,3557.5
Victor_experimento_1_intento_6.mp4,2078,17316.667,True,129.000,161.000,0.000,108.000,130.000,-0.116667,0.172222,-0.978125,65.272,73.852,86.163,3581.5
Victor_experimento_1_intento_6.mp4,2079,17325.000,True,129.000,161.000,0.000,108.000,130.000,-0.116667,0.172222,-0.978125,65.282,73.911,89.605,3562.0
Victor_experimento_1_intento_6.mp4,2080,17333.333,True,129.000,161.000,0.000,109.000,130.000,-0.111111,0.172222,-0.978772,65.062,73.855,85.763,3536.0
Victor_experimento_1_intento_6.mp4,2081,17341.667,True,129.000,161.000,0.000,108.000,130.000,-0.116667,0.172222,-0.978125,66.292,73.152,88.028,3550.0
Victor_experimento_1_intento_6.mp4,2082,17350.000,True,129.000,161.000,0.000,108.000,130.000,-0.116667,0.172222,-0.978125,64.394,73.623,86.663,3544.5
Victor_experimento_1_intento_6.mp4,2083,17358.333,True,129.000,161.000,0.000,108.000,130.000,-0.116667,0.172222,-0.978125,65.069,73.396,88.872,3535.5
Victor_experimento_1_intento_6.mp4,2084,17366.667,True,129.000,161.000,0.000,108.000,130.000,-0.116667,0.172222,-0.978125,64.774,73.275,85.877,3530.0
Victor_experimento_1_intento_6.mp4,2085,17375.000,True,129.000,161.000,0.000,109.000,130.000,-0.111111,0.172222,-0.978772,64.356,73.254,86.044,3521.0
Victor_experimento_1_intento_6.mp4,2086,17383.333,True,129.000,161.000,0.000,109.000,131.000,-0.111111,0.166667,-0.979733,64.597,73.486,89.698,3515.5
Victor_experimento_1_intento_6.mp4,2087,17391.667,True,129.000,161.000,0.000,109.000,131.000,-0.111111,0.166667,-0.979733,63.592,73.481,87.541,3497.5
Victor_experimento_1_intento_6.mp4,2088,17400.000,True,129.000,161.000,0.000,109.000,131.000,-0.111111,0.166667,-0.979733,64.664,73.266,84.157,3512.0
Victor_experimento_1_intento_6.mp4,2089,17408.333,True,129.000,161.000,0.000,109.000,130.000,-0.111111,0.172222,-0.978772,63.617,73.310,86.689,3453.0
Victor_experimento_1_intento_6.mp4,2090,17416.667,True,129.000,161.000,0.000,109.000,130.000,-0.111111,0.172222,-0.978772,65.826,72.484,84.582,3495.0
Victor_experimento_1_intento_6.mp4,2091,17425.000,True,129.000,161.000,0.000,109.000,130.000,-0.111111,0.172222,-0.978772,65.012,72.138,86.344,3459.5
Victor_experimento_1_intento_6.mp4,2092,17433.333,True,129.000,161.000,0.000,109.000,130.000,-0.111111,0.172222,-0.978772,63.731,72.920,88.153,3462.5
Victor_experimento_1_intento_6.mp4,2093,17441.667,True,129.000,161.000,0.000,109.000,130.000,-0.111111,0.172222,-0.978772,64.726,72.450,86.335,3474.0
Victor_experimento_1_intento_6.mp4,2094,17450.000,True,129.000,161.000,0.000,109.000,130.000,-0.111111,0.172222,-0.978772,63.704,72.914,86.665,3459.5
Victor_experimento_1_intento_6.mp4,2095,17458.333,True,129.000,161.000,0.000,109.000,130.000,-0.111111,0.172222,-0.978772,63.288,73.180,86.242,3446.5
Victor_experimento_1_intento_6.mp4,2096,17466.667,True,129.000,161.000,0.000,109.000,130.000,-0.111111,0.172222,-0.978772,64.272,72.767,87.722,3475.5
Victor_experimento_1_intento_6.mp4,2097,17475.000,True,129.000,161.000,0.000,109.000,130.000,-0.111111,0.172222,-0.978772,64.446,72.628,87.613,3460.5
Victor_experimento_1_intento_6.mp4,2098,17483.333,True,129.000,161.000,0.000,109.000,130.000,-0.111111,0.172222,-0.978772,64.831,72.487,89.811,3463.0
Victor_experimento_1_intento_6.mp4,2099,17491.667,True,129.000,161.000,0.000,109.000,131.000,-0.111111,0.166667,-0.979733,63.259,72.213,86.835,3433.5
Victor_experimento_1_intento_6.mp4,2100,17500.000,True,129.000,161.000,0.000,109.000,130.000,-0.111111,0.172222,-0.978772,63.976,72.319,85.849,3456.0
Victor_experimento_1_intento_6.mp4,2101,17508.333,True,129.000,161.000,0.000,109.000,130.000,-0.111111,0.172222,-0.978772,63.706,72.183,82.104,3420.5
Victor_experimento_1_intento_6.mp4,2102,17516.667,True,129.000,161.000,0.000,109.000,130.000,-0.111111,0.172222,-0.978772,64.508,72.511,86.020,3470.5
Victor_experimento_1_intento_6.mp4,2103,17525.000,True,129.000,161.000,0.000,109.000,131.000,-0.111111,0.166667,-0.979733,63.163,72.159,85.376,3398.5
Victor_experimento_1_intento_6.mp4,2104,17533.333,True,129.000,161.000,0.000,109.000,130.000,-0.111111,0.172222,-0.978772,63.219,72.133,83.390,3404.5
Victor_experimento_1_intento_6.mp4,2105,17541.667,True,129.000,161.000,0.000,109.000,130.000,-0.111111,0.172222,-0.978772,63.598,72.008,85.885,3387.0
Victor_experimento_1_intento_6.mp4,2106,17550.000,True,129.000,161.000,0.000,109.000,131.000,-0.111111,0.166667,-0.979733,62.276,72.382,84.119,3393.0
Victor_experimento_1_intento_6.mp4,2107,17558.333,True,129.000,161.000,0.000,109.000,130.000,-0.111111,0.172222,-0.978772,61.644,72.621,84.364,3361.0
Victor_experimento_1_intento_6.mp4,2108,17566.667,True,129.000,161.000,0.000,109.000,130.000,-0.111111,0.172222,-0.978772,62.956,72.545,84.108,3371.5
Victor_experimento_1_intento_6.mp4,2109,17575.000,True,129.000,161.000,0.000,109.000,130.000,-0.111111,0.172222,-0.978772,62.917,72.343,85.163,3375.0
Victor_experimento_1_intento_6.mp4,2110,17583.333,True,129.000,161.000,0.000,109.000,130.000,-0.111111,0.172222,-0.978772,63.147,71.536,85.550,3360.5
Victor_experimento_1_intento_6.mp4,2111,17591.667,True,129.000,161.000,0.000,109.000,130.000,-0.111111,0.172222,-0.978772,63.273,72.108,84.855,3397.0
Victor_experimento_1_intento_6.mp4,2112,17600.000,True,129.000,161.000,0.000,109.000,130.000,-0.111111,0.172222,-0.978772,63.017,72.280,84.769,3373.5
Victor_experimento_1_intento_6.mp4,2113,17608.333,True,129.000,161.000,0.000,109.000,130.000,-0.111111,0.172222,-0.978772,62.787,71.744,85.324,3314.5
Victor_experimento_1_intento_6.mp4,2114,17616.667,True,129.000,161.000,0.000,109.000,130.000,-0.111111,0.172222,-0.978772,63.386,71.681,86.432,3352.5
Victor_experimento_1_intento_6.mp4,2115,17625.000,True,129.000,161.000,0.000,109.000,130.000,-0.111111,0.172222,-0.978772,62.211,71.510,86.454,3344.5
Victor_experimento_1_intento_6.mp4,2116,17633.333,True,129.000,161.000,0.000,109.000,130.000,-0.111111,0.172222,-0.978772,63.455,71.171,85.431,3391.5
Victor_experimento_1_intento_6.mp4,2117,17641.667,True,129.000,161.000,0.000,110.000,130.000,-0.105556,0.172222,-0.979386,65.018,70.572,86.195,3353.5
Victor_experimento_1_intento_6.mp4,2118,17650.000,True,129.000,161.000,0.000,112.000,130.000,-0.094444,0.172222,-0.980520,62.229,71.024,82.395,3297.5
Victor_experimento_1_intento_6.mp4,2119,17658.333,True,129.000,161.000,0.000,111.000,130.000,-0.100000,0.172222,-0.979969,61.621,71.532,82.240,3330.5
Victor_experimento_1_intento_6.mp4,2120,17666.667,True,129.000,161.000,0.000,110.000,130.000,-0.105556,0.172222,-0.979386,63.831,70.621,83.571,3348.5
Victor_experimento_1_intento_6.mp4,2121,17675.000,True,129.000,161.000,0.000,110.000,130.000,-0.105556,0.172222,-0.979386,62.484,71.853,83.668,3342.0
Victor_experimento_1_intento_6.mp4,2122,17683.333,True,129.000,161.000,0.000,110.000,130.000,-0.105556,0.172222,-0.979386,63.440,71.224,84.408,3333.5
Victor_experimento_1_intento_6.mp4,2123,17691.667,True,129.000,161.000,0.000,111.000,130.000,-0.100000,0.172222,-0.979969,63.384,70.672,84.439,3335.5
Victor_experimento_1_intento_6.mp4,2124,17700.000,True,129.000,161.000,0.000,111.000,130.000,-0.100000,0.172222,-0.979969,63.744,70.402,83.152,3341.5
Victor_experimento_1_intento_6.mp4,2125,17708.333,True,129.000,161.000,0.000,111.000,130.000,-0.100000,0.172222,-0.979969,63.034,70.876,84.889,3307.5
Victor_experimento_1_intento_6.mp4,2126,17716.667,True,129.000,161.000,0.000,111.000,130.000,-0.100000,0.172222,-0.979969,63.249,70.425,82.118,3295.0
Victor_experimento_1_intento_6.mp4,2127,17725.000,True,129.000,161.000,0.000,110.000,130.000,-0.105556,0.172222,-0.979386,64.451,69.868,78.948,3295.0
Victor_experimento_1_intento_6.mp4,2128,17733.333,True,129.000,161.000,0.000,111.000,130.000,-0.100000,0.172222,-0.979969,62.786,70.352,82.870,3312.5
Victor_experimento_1_intento_6.mp4,2129,17741.667,True,129.000,161.000,0.000,111.000,130.000,-0.100000,0.172222,-0.979969,62.449,70.079,84.883,3288.5
Victor_experimento_1_intento_6.mp4,2130,17750.000,True,129.000,161.000,0.000,111.000,130.000,-0.100000,0.172222,-0.979969,63.203,70.043,83.432,3305.0
Victor_experimento_1_intento_6.mp4,2131,17758.333,True,129.000,161.000,0.000,110.000,130.000,-0.105556,0.172222,-0.979386,63.387,69.885,80.534,3288.0
Victor_experimento_1_intento_6.mp4,2132,17766.667,True,129.000,161.000,0.000,111.000,130.000,-0.100000,0.172222,-0.979969,60.979,71.089,82.912,3272.5
Victor_experimento_1_intento_6.mp4,2133,17775.000,True,129.000,161.000,0.000,111.000,130.000,-0.100000,0.172222,-0.979969,61.897,70.860,79.565,3292.0
Victor_experimento_1_intento_6.mp4,2134,17783.333,True,129.000,161.000,0.000,111.000,130.000,-0.100000,0.172222,-0.979969,61.563,70.826,82.678,3270.5
Victor_experimento_1_intento_6.mp4,2135,17791.667,True,129.000,161.000,0.000,110.000,130.000,-0.105556,0.172222,-0.979386,63.137,70.340,84.038,3273.0
Victor_experimento_1_intento_6.mp4,2136,17800.000,True,129.000,161.000,0.000,111.000,130.000,-0.100000,0.172222,-0.979969,61.546,70.585,82.319,3256.5
Victor_experimento_1_intento_6.mp4,2137,17808.333,True,129.000,161.000,0.000,111.000,130.000,-0.100000,0.172222,-0.979969,62.358,70.076,83.480,3261.5
Victor_experimento_1_intento_6.mp4,2138,17816.667,True,129.000,161.000,0.000,111.000,129.000,-0.100000,0.177778,-0.978977,60.524,70.903,85.458,3236.5
Victor_experimento_1_intento_6.mp4,2139,17825.000,True,129.000,161.000,0.000,111.000,130.000,-0.100000,0.172222,-0.979969,61.697,69.972,84.337,3217.0
Victor_experimento_1_intento_6.mp4,2140,17833.333,True,129.000,161.000,0.000,111.000,130.000,-0.100000,0.172222,-0.979969,61.983,70.304,81.822,3228.0
Victor_experimento_1_intento_6.mp4,2141,17841.667,True,129.000,161.000,0.000,111.000,130.000,-0.100000,0.172222,-0.979969,61.285,69.891,80.353,3208.0
Victor_experimento_1_intento_6.mp4,2142,17850.000,True,129.000,161.000,0.000,111.000,130.000,-0.100000,0.172222,-0.979969,59.393,71.558,83.570,3219.0
Victor_experimento_1_intento_6.mp4,2143,17858.333,True,129.000,161.000,0.000,111.000,130.000,-0.100000,0.172222,-0.979969,61.333,70.205,84.936,3214.0
Victor_experimento_1_intento_6.mp4,2144,17866.667,True,129.000,161.000,0.000,110.000,130.000,-0.105556,0.172222,-0.979386,61.191,70.303,82.475,3204.0
Victor_experimento_1_intento_6.mp4,2145,17875.000,True,129.000,161.000,0.000,111.000,130.000,-0.100000,0.172222,-0.979969,61.182,70.483,81.896,3247.0
Victor_experimento_1_intento_6.mp4,2146,17883.333,True,129.000,161.000,0.000,111.000,130.000,-0.100000,0.172222,-0.979969,61.154,70.566,82.630,3248.5
Victor_experimento_1_intento_6.mp4,2147,17891.667,True,129.000,161.000,0.000,111.000,130.000,-0.100000,0.172222,-0.979969,60.994,70.250,81.680,3229.0
Victor_experimento_1_intento_6.mp4,2148,17900.000,True,129.000,161.000,0.000,111.000,130.000,-0.100000,0.172222,-0.979969,62.015,70.056,82.052,3244.5
Victor_experimento_1_intento_6.mp4,2149,17908.333,True,129.000,161.000,0.000,111.000,130.000,-0.100000,0.172222,-0.979969,62.655,68.797,83.460,3181.5
Victor_experimento_1_intento_6.mp4,2150,17916.667,True,129.000,161.000,0.000,111.000,129.000,-0.100000,0.177778,-0.978977,59.755,70.335,83.907,3189.5
Victor_experimento_1_intento_6.mp4,2151,17925.000,True,129.000,161.000,0.000,111.000,130.000,-0.100000,0.172222,-0.979969,60.874,69.621,82.496,3187.5
Victor_experimento_1_intento_6.mp4,2152,17933.333,True,129.000,161.000,0.000,110.000,130.000,-0.105556,0.172222,-0.979386,61.328,70.019,83.229,3222.5
Victor_experimento_1_intento_6.mp4,2153,17941.667,True,129.000,161.000,0.000,111.000,130.000,-0.100000,0.172222,-0.979969,61.942,70.410,84.507,3245.5
Victor_experimento_1_intento_6.mp4,2154,17950.000,True,129.000,161.000,0.000,111.000,130.000,-0.100000,0.172222,-0.979969,62.061,69.561,83.948,3212.0
Victor_experimento_1_intento_6.mp4,2155,17958.333,True,129.000,161.000,0.000,111.000,130.000,-0.100000,0.172222,-0.979969,60.330,70.079,85.910,3195.5
Victor_experimento_1_intento_6.mp4,2156,17966.667,True,129.000,161.000,0.000,111.000,130.000,-0.100000,0.172222,-0.979969,60.068,70.717,85.772,3219.0
Victor_experimento_1_intento_6.mp4,2157,17975.000,True,129.000,161.000,0.000,111.000,130.000,-0.100000,0.172222,-0.979969,62.375,69.623,82.220,3252.0
Victor_experimento_1_intento_6.mp4,2158,17983.333,True,129.000,161.000,0.000,111.000,130.000,-0.100000,0.172222,-0.979969,61.477,70.156,83.336,3213.5
Victor_experimento_1_intento_6.mp4,2159,17991.667,True,129.000,161.000,0.000,111.000,129.000,-0.100000,0.177778,-0.978977,61.035,70.031,81.997,3224.0
Victor_experimento_1_intento_6.mp4,2160,18000.000,True,129.000,161.000,0.000,111.000,130.000,-0.100000,0.172222,-0.979969,61.933,69.698,83.782,3227.0
Victor_experimento_1_intento_6.mp4,2161,18008.333,True,129.000,161.000,0.000,111.000,130.000,-0.100000,0.172222,-0.979969,62.089,70.358,82.847,3241.5
Victor_experimento_1_intento_6.mp4,2162,18016.667,True,129.000,161.000,0.000,111.000,130.000,-0.100000,0.172222,-0.979969,61.162,71.077,85.114,3271.0
Victor_experimento_1_intento_6.mp4,2163,18025.000,True,129.000,161.000,0.000,111.000,130.000,-0.100000,0.172222,-0.979969,61.012,70.752,84.021,3257.0
Victor_experimento_1_intento_6.mp4,2164,18033.333,True,129.000,161.000,0.000,111.000,130.000,-0.100000,0.172222,-0.979969,62.772,70.194,83.528,3286.0
Victor_experimento_1_intento_6.mp4,2165,18041.667,True,129.000,161.000,0.000,111.000,130.000,-0.100000,0.172222,-0.979969,62.704,69.984,83.337,3238.5
Victor_experimento_1_intento_6.mp4,2166,18050.000,True,129.000,161.000,0.000,111.000,130.000,-0.100000,0.172222,-0.979969,63.210,70.389,79.261,3298.0
Victor_experimento_1_intento_6.mp4,2167,18058.333,True,129.000,161.000,0.000,111.000,130.000,-0.100000,0.172222,-0.979969,62.507,70.535,79.950,3271.0
Victor_experimento_1_intento_6.mp4,2168,18066.667,True,129.000,161.000,0.000,111.000,130.000,-0.100000,0.172222,-0.979969,60.969,71.146,80.424,3264.0
Victor_experimento_1_intento_6.mp4,2169,18075.000,True,129.000,161.000,0.000,111.000,130.000,-0.100000,0.172222,-0.979969,61.978,70.670,84.215,3252.5
Victor_experimento_1_intento_6.mp4,2170,18083.333,True,129.000,161.000,0.000,111.000,130.000,-0.100000,0.172222,-0.979969,61.367,71.034,83.807,3280.5
Victor_experimento_1_intento_6.mp4,2171,18091.667,True,129.000,161.000,0.000,111.000,130.000,-0.100000,0.172222,-0.979969,61.254,70.502,81.263,3251.5
Victor_experimento_1_intento_6.mp4,2172,18100.000,True,129.000,161.000,0.000,111.000,130.000,-0.100000,0.172222,-0.979969,61.002,70.712,82.068,3257.0
Victor_experimento_1_intento_6.mp4,2173,18108.333,True,129.000,161.000,0.000,110.000,130.000,-0.105556,0.172222,-0.979386,62.801,70.398,79.173,3247.0
Victor_experimento_1_intento_6.mp4,2174,18116.667,True,129.000,161.000,0.000,111.000,130.000,-0.100000,0.172222,-0.979969,62.136,70.374,82.390,3293.0
Victor_experimento_1_intento_6.mp4,2175,18125.000,True,129.000,161.000,0.000,111.000,130.000,-0.100000,0.172222,-0.979969,63.572,70.002,82.114,3274.0
Victor_experimento_1_intento_6.mp4,2176,18133.333,True,129.000,161.000,0.000,111.000,130.000,-0.100000,0.172222,-0.979969,63.533,69.975,78.515,3268.5
Victor_experimento_1_intento_6.mp4,2177,18141.667,True,129.000,161.000,0.000,111.000,130.000,-0.100000,0.172222,-0.979969,62.661,70.271,84.725,3264.5
Victor_experimento_1_intento_6.mp4,2178,18150.000,True,129.000,161.000,0.000,111.000,130.000,-0.100000,0.172222,-0.979969,62.240,70.557,84.321,3263.0
Victor_experimento_1_intento_6.mp4,2179,18158.333,True,129.000,161.000,0.000,111.000,130.000,-0.100000,0.172222,-0.979969,61.317,70.509,80.206,3256.0
Victor_experimento_1_intento_6.mp4,2180,18166.667,True,129.000,161.000,0.000,111.000,130.000,-0.100000,0.172222,-0.979969,60.699,71.087,81.404,3251.0
Victor_experimento_1_intento_6.mp4,2181,18175.000,True,129.000,161.000,0.000,111.000,130.000,-0.100000,0.172222,-0.979969,62.118,70.065,81.395,3250.5
Victor_experimento_1_intento_6.mp4,2182,18183.333,True,129.000,161.000,0.000,111.000,130.000,-0.100000,0.172222,-0.979969,60.919,70.519,80.794,3227.5
Victor_experimento_1_intento_6.mp4,2183,18191.667,True,129.000,161.000,0.000,111.000,130.000,-0.100000,0.172222,-0.979969,62.014,70.516,77.517,3226.5
Victor_experimento_1_intento_6.mp4,2184,18200.000,True,129.000,161.000,0.000,111.000,130.000,-0.100000,0.172222,-0.979969,61.260,70.501,78.992,3242.5
Victor_experimento_1_intento_6.mp4,2185,18208.333,True,129.000,161.000,0.000,110.000,130.000,-0.105556,0.172222,-0.979386,63.161,69.632,83.934,3245.0
Victor_experimento_1_intento_6.mp4,2186,18216.667,True,129.000,161.000,0.000,111.000,130.000,-0.100000,0.172222,-0.979969,62.420,70.213,80.337,3263.0
Victor_experimento_1_intento_6.mp4,2187,18225.000,True,129.000,161.000,0.000,111.000,130.000,-0.100000,0.172222,-0.979969,62.758,69.950,83.481,3254.5
Victor_experimento_1_intento_6.mp4,2188,18233.333,True,129.000,161.000,0.000,110.000,130.000,-0.105556,0.172222,-0.979386,63.408,69.983,83.564,3270.5
Victor_experimento_1_intento_6.mp4,2189,18241.667,True,129.000,161.000,0.000,110.000,130.000,-0.105556,0.172222,-0.979386,61.819,70.400,83.167,3248.5
Victor_experimento_1_intento_6.mp4,2190,18250.000,True,129.000,161.000,0.000,111.000,130.000,-0.100000,0.172222,-0.979969,62.105,70.016,85.123,3257.0
Victor_experimento_1_intento_6.mp4,2191,18258.333,True,129.000,161.000,0.000,110.000,130.000,-0.105556,0.172222,-0.979386,62.804,69.883,83.319,3235.5
Victor_experimento_1_intento_6.mp4,2192,18266.667,True,129.000,161.000,0.000,111.000,130.000,-0.100000,0.172222,-0.979969,62.856,70.432,80.764,3268.5
Victor_experimento_1_intento_6.mp4,2193,18275.000,True,129.000,161.000,0.000,110.000,130.000,-0.105556,0.172222,-0.979386,62.138,70.722,84.045,3256.0
Victor_experimento_1_intento_6.mp4,2194,18283.333,True,129.000,161.000,0.000,110.000,130.000,-0.105556,0.172222,-0.979386,61.891,70.644,82.486,3267.0
Victor_experimento_1_intento_6.mp4,2195,18291.667,True,129.000,161.000,0.000,110.000,130.000,-0.105556,0.172222,-0.979386,63.759,69.793,81.430,3260.5
Victor_experimento_1_intento_6.mp4,2196,18300.000,True,129.000,161.000,0.000,111.000,130.000,-0.100000,0.172222,-0.979969,62.356,70.313,84.813,3272.0
Victor_experimento_1_intento_6.mp4,2197,18308.333,True,129.000,161.000,0.000,110.000,130.000,-0.105556,0.172222,-0.979386,63.765,70.245,81.372,3309.0
Victor_experimento_1_intento_6.mp4,2198,18316.667,True,129.000,161.000,0.000,111.000,130.000,-0.100000,0.172222,-0.979969,61.879,70.869,82.707,3293.5
Victor_experimento_1_intento_6.mp4,2199,18325.000,True,129.000,161.000,0.000,111.000,130.000,-0.100000,0.172222,-0.979969,62.499,70.287,79.871,3270.5
Victor_experimento_1_intento_6.mp4,2200,18333.333,True,129.000,161.000,0.000,111.000,130.000,-0.100000,0.172222,-0.979969,62.433,70.644,82.802,3288.0
Victor_experimento_1_intento_6.mp4,2201,18341.667,True,129.000,161.000,0.000,110.000,129.000,-0.105556,0.177778,-0.978393,62.559,70.749,83.078,3285.0
Victor_experimento_1_intento_6.mp4,2202,18350.000,True,129.000,161.000,0.000,110.000,130.000,-0.105556,0.172222,-0.979386,61.848,70.801,85.063,3284.0
Victor_experimento_1_intento_6.mp4,2203,18358.333,True,129.000,161.000,0.000,110.000,130.000,-0.105556,0.172222,-0.979386,61.414,70.755,80.468,3235.0
Victor_experimento_1_intento_6.mp4,2204,18366.667,True,129.000,161.000,0.000,110.000,130.000,-0.105556,0.172222,-0.979386,62.825,70.470,82.269,3285.5
Victor_experimento_1_intento_6.mp4,2205,18375.000,True,129.000,161.000,0.000,111.000,130.000,-0.100000,0.172222,-0.979969,62.100,69.995,82.587,3257.0
Victor_experimento_1_intento_6.mp4,2206,18383.333,True,129.000,161.000,0.000,111.000,130.000,-0.100000,0.172222,-0.979969,62.170,69.844,84.021,3266.0
Victor_experimento_1_intento_6.mp4,2207,18391.667,True,129.000,161.000,0.000,111.000,130.000,-0.100000,0.172222,-0.979969,63.048,69.477,81.943,3243.5
Victor_experimento_1_intento_6.mp4,2208,18400.000,True,129.000,161.000,0.000,111.000,129.000,-0.100000,0.177778,-0.978977,62.580,69.905,84.408,3256.0
Victor_experimento_1_intento_6.mp4,2209,18408.333,True,129.000,161.000,0.000,111.000,130.000,-0.100000,0.172222,-0.979969,63.867,69.853,83.751,3276.5
Victor_experimento_1_intento_6.mp4,2210,18416.667,True,129.000,161.000,0.000,111.000,130.000,-0.100000,0.172222,-0.979969,62.920,70.579,81.369,3276.0
Victor_experimento_1_intento_6.mp4,2211,18425.000,True,129.000,161.000,0.000,111.000,130.000,-0.100000,0.172222,-0.979969,62.949,70.522,84.287,3268.0
Victor_experimento_1_intento_6.mp4,2212,18433.333,True,129.000,161.000,0.000,111.000,130.000,-0.100000,0.172222,-0.979969,62.455,70.180,81.536,3292.5
Victor_experimento_1_intento_6.mp4,2213,18441.667,True,129.000,161.000,0.000,110.000,130.000,-0.105556,0.172222,-0.979386,62.960,70.546,82.861,3286.5
Victor_experimento_1_intento_6.mp4,2214,18450.000,True,129.000,161.000,0.000,111.000,130.000,-0.100000,0.172222,-0.979969,61.378,71.140,82.817,3284.5
Victor_experimento_1_intento_6.mp4,2215,18458.333,True,129.000,161.000,0.000,111.000,130.000,-0.100000,0.172222,-0.979969,60.734,71.839,84.352,3274.0
Victor_experimento_1_intento_6.mp4,2216,18466.667,True,129.000,161.000,0.000,111.000,130.000,-0.100000,0.172222,-0.979969,61.223,71.451,83.621,3284.0
Victor_experimento_1_intento_6.mp4,2217,18475.000,True,129.000,161.000,0.000,111.000,130.000,-0.100000,0.172222,-0.979969,62.085,71.408,86.288,3289.5
Victor_experimento_1_intento_6.mp4,2218,18483.333,True,129.000,161.000,0.000,110.000,130.000,-0.105556,0.172222,-0.979386,61.694,71.505,84.671,3316.5
Victor_experimento_1_intento_6.mp4,2219,18491.667,True,129.000,161.000,0.000,110.000,130.000,-0.105556,0.172222,-0.979386,63.039,70.905,85.093,3312.5
Victor_experimento_1_intento_6.mp4,2220,18500.000,True,129.000,161.000,0.000,111.000,131.000,-0.100000,0.166667,-0.980929,61.842,71.753,82.780,3355.5
Victor_experimento_1_intento_6.mp4,2221,18508.333,True,129.000,161.000,0.000,111.000,130.000,-0.100000,0.172222,-0.979969,62.443,71.497,85.907,3283.5
Victor_experimento_1_intento_6.mp4,2222,18516.667,True,129.000,161.000,0.000,111.000,130.000,-0.100000,0.172222,-0.979969,62.371,70.980,80.618,3304.5
Victor_experimento_1_intento_6.mp4,2223,18525.000,True,129.000,161.000,0.000,111.000,130.000,-0.100000,0.172222,-0.979969,62.589,71.148,84.256,3296.5
Victor_experimento_1_intento_6.mp4,2224,18533.333,True,129.000,161.000,0.000,111.000,130.000,-0.100000,0.172222,-0.979969,63.333,70.812,83.900,3319.5
Victor_experimento_1_intento_6.mp4,2225,18541.667,True,129.000,161.000,0.000,111.000,130.000,-0.100000,0.172222,-0.979969,62.262,71.187,84.269,3316.0
Victor_experimento_1_intento_6.mp4,2226,18550.000,True,129.000,161.000,0.000,111.000,130.000,-0.100000,0.172222,-0.979969,63.730,70.692,82.179,3358.5
Victor_experimento_1_intento_6.mp4,2227,18558.333,True,129.000,161.000,0.000,111.000,129.000,-0.100000,0.177778,-0.978977,62.021,71.192,86.214,3322.5
Victor_experimento_1_intento_6.mp4,2228,18566.667,True,129.000,161.000,0.000,111.000,130.000,-0.100000,0.172222,-0.979969,63.119,70.815,85.444,3306.5
Victor_experimento_1_intento_6.mp4,2229,18575.000,True,129.000,161.000,0.000,111.000,130.000,-0.100000,0.172222,-0.979969,62.011,71.491,83.504,3336.5
Victor_experimento_1_intento_6.mp4,2230,18583.333,True,129.000,161.000,0.000,111.000,130.000,-0.100000,0.172222,-0.979969,61.751,71.615,84.136,3324.5
Victor_experimento_1_intento_6.mp4,2231,18591.667,True,129.000,161.000,0.000,111.000,130.000,-0.100000,0.172222,-0.979969,63.222,70.753,86.551,3327.0
Victor_experimento_1_intento_6.mp4,2232,18600.000,True,129.000,161.000,0.000,111.000,130.000,-0.100000,0.172222,-0.979969,63.333,71.330,84.672,3360.5
Victor_experimento_1_intento_6.mp4,2233,18608.333,True,129.000,161.000,0.000,111.000,130.000,-0.100000,0.172222,-0.979969,63.808,71.061,85.910,3306.0
Victor_experimento_1_intento_6.mp4,2234,18616.667,True,129.000,161.000,0.000,111.000,130.000,-0.100000,0.172222,-0.979969,63.400,71.436,83.223,3361.5
Victor_experimento_1_intento_6.mp4,2235,18625.000,True,129.000,161.000,0.000,111.000,130.000,-0.100000,0.172222,-0.979969,63.837,71.183,85.046,3336.5
Victor_experimento_1_intento_6.mp4,2236,18633.333,True,129.000,161.000,0.000,111.000,130.000,-0.100000,0.172222,-0.979969,63.881,71.334,86.031,3361.5
Victor_experimento_1_intento_6.mp4,2237,18641.667,True,129.000,161.000,0.000,111.000,130.000,-0.100000,0.172222,-0.979969,63.211,71.403,82.789,3365.5
Victor_experimento_1_intento_6.mp4,2238,18650.000,True,129.000,161.000,0.000,111.000,130.000,-0.100000,0.172222,-0.979969,62.291,72.082,81.209,3363.5
Victor_experimento_1_intento_6.mp4,2239,18658.333,True,129.000,161.000,0.000,111.000,131.000,-0.100000,0.166667,-0.980929,61.770,71.435,80.515,3344.0
Victor_experimento_1_intento_6.mp4,2240,18666.667,True,129.000,161.000,0.000,111.000,130.000,-0.100000,0.172222,-0.979969,63.340,70.637,82.247,3359.5
Victor_experimento_1_intento_6.mp4,2241,18675.000,True,129.000,161.000,0.000,111.000,130.000,-0.100000,0.172222,-0.979969,63.606,71.078,84.130,3356.5
Victor_experimento_1_intento_6.mp4,2242,18683.333,True,129.000,161.000,0.000,111.000,130.000,-0.100000,0.172222,-0.979969,64.161,71.700,84.622,3404.5
Victor_experimento_1_intento_6.mp4,2243,18691.667,True,129.000,161.000,0.000,111.000,130.000,-0.100000,0.172222,-0.979969,62.891,71.353,85.542,3355.0
Victor_experimento_1_intento_6.mp4,2244,18700.000,True,129.000,161.000,0.000,111.000,130.000,-0.100000,0.172222,-0.979969,63.768,71.529,81.966,3373.0
Victor_experimento_1_intento_6.mp4,2245,18708.333,True,129.000,161.000,0.000,111.000,131.000,-0.100000,0.166667,-0.980929,62.840,71.650,81.245,3368.5
Victor_experimento_1_intento_6.mp4,2246,18716.667,True,129.000,161.000,0.000,111.000,131.000,-0.100000,0.166667,-0.980929,62.888,71.839,78.328,3374.0
Victor_experimento_1_intento_6.mp4,2247,18725.000,True,129.000,161.000,0.000,111.000,130.000,-0.100000,0.172222,-0.979969,63.821,71.528,82.007,3357.0
Victor_experimento_1_intento_6.mp4,2248,18733.333,True,129.000,161.000,0.000,111.000,130.000,-0.100000,0.172222,-0.979969,63.903,71.854,80.822,3405.0
Victor_experimento_1_intento_6.mp4,2249,18741.667,True,129.000,161.000,0.000,111.000,130.000,-0.100000,0.172222,-0.979969,62.752,72.311,82.065,3386.5
Victor_experimento_1_intento_6.mp4,2250,18750.000,True,129.000,161.000,0.000,111.000,130.000,-0.100000,0.172222,-0.979969,62.914,72.278,82.981,3359.0
Victor_experimento_1_intento_6.mp4,2251,18758.333,True,129.000,161.000,0.000,111.000,130.000,-0.100000,0.172222,-0.979969,62.467,72.133,83.538,3369.5
Victor_experimento_1_intento_6.mp4,2252,18766.667,True,129.000,161.000,0.000,111.000,130.000,-0.100000,0.172222,-0.979969,62.665,72.265,80.809,3390.5
Victor_experimento_1_intento_6.mp4,2253,18775.000,True,129.000,161.000,0.000,111.000,130.000,-0.100000,0.172222,-0.979969,63.013,71.534,83.503,3359.0
Victor_experimento_1_intento_6.mp4,2254,18783.333,True,129.000,161.000,0.000,111.000,130.000,-0.100000,0.172222,-0.979969,62.691,72.094,82.869,3397.0
Victor_experimento_1_intento_6.mp4,2255,18791.667,True,129.000,161.000,0.000,111.000,130.000,-0.100000,0.172222,-0.979969,62.713,71.770,82.917,3386.0
Victor_experimento_1_intento_6.mp4,2256,18800.000,True,129.000,161.000,0.000,111.000,130.000,-0.100000,0.172222,-0.979969,63.020,71.998,80.434,3403.5
Victor_experimento_1_intento_6.mp4,2257,18808.333,True,129.000,161.000,0.000,111.000,130.000,-0.100000,0.172222,-0.979969,63.417,71.462,86.961,3359.0
Victor_experimento_1_intento_6.mp4,2258,18816.667,True,129.000,161.000,0.000,111.000,130.000,-0.100000,0.172222,-0.979969,62.341,72.259,84.256,3370.0
Victor_experimento_1_intento_6.mp4,2259,18825.000,True,129.000,161.000,0.000,111.000,130.000,-0.100000,0.172222,-0.979969,63.527,71.840,82.565,3394.5
Victor_experimento_1_intento_6.mp4,2260,18833.333,True,129.000,161.000,0.000,111.000,130.000,-0.100000,0.172222,-0.979969,63.065,71.758,84.336,3378.5
Victor_experimento_1_intento_6.mp4,2261,18841.667,True,129.000,161.000,0.000,111.000,131.000,-0.100000,0.166667,-0.980929,63.331,72.319,81.340,3406.0
Victor_experimento_1_intento_6.mp4,2262,18850.000,True,129.000,161.000,0.000,111.000,130.000,-0.100000,0.172222,-0.979969,64.276,71.931,83.836,3405.5
Victor_experimento_1_intento_6.mp4,2263,18858.333,True,129.000,161.000,0.000,111.000,131.000,-0.100000,0.166667,-0.980929,62.964,72.563,81.524,3380.5
Victor_experimento_1_intento_6.mp4,2264,18866.667,True,129.000,161.000,0.000,111.000,130.000,-0.100000,0.172222,-0.979969,63.285,72.278,84.109,3397.5
