video_name,frame_number,timestamp_ms,valid_deteccion,sphere_center_x,sphere_center_y,sphere_center_z,pupil_center_x,pupil_center_y,gaze_x,gaze_y,gaze_z,ellipse_width,ellipse_height,ellipse_angle,contour_area
Victor_9_puntos_intento_1.mp4,1,8.333,True,140.000,170.000,0.000,183.000,90.000,0.238889,0.444444,-0.863366,71.748,83.787,132.005,4565.5
Victor_9_puntos_intento_1.mp4,2,16.667,True,140.000,170.000,0.000,183.000,90.000,0.238889,0.444444,-0.863366,72.696,83.500,132.553,4590.0
Victor_9_puntos_intento_1.mp4,3,25.000,True,140.000,170.000,0.000,183.000,90.000,0.238889,0.444444,-0.863366,72.186,83.190,130.272,4530.0
Victor_9_puntos_intento_1.mp4,4,33.333,True,140.000,170.000,0.000,185.000,89.000,0.250000,0.450000,-0.857321,70.780,83.517,128.799,4486.0
Victor_9_puntos_intento_1.mp4,5,41.667,True,140.000,170.000,0.000,190.000,85.000,0.277778,0.472222,-0.836568,68.511,83.922,128.790,4310.0
Victor_9_puntos_intento_1.mp4,6,50.000,True,140.000,170.000,0.000,195.000,82.000,0.305556,0.488889,-0.817082,66.108,82.383,129.302,4142.5
Victor_9_puntos_intento_1.mp4,7,58.333,True,140.000,170.000,0.000,198.000,79.000,0.322222,0.505556,-0.800366,64.327,82.069,127.383,4023.0
Victor_9_puntos_intento_1.mp4,8,66.667,True,140.000,170.000,0.000,200.000,78.000,0.333333,0.511111,-0.792246,63.720,81.232,127.655,3922.0
Victor_9_puntos_intento_1.mp4,9,75.000,True,140.000,170.000,0.000,200.000,77.000,0.333333,0.516667,-0.788635,63.479,81.555,126.535,3913.5
Victor_9_puntos_intento_1.mp4,10,83.333,True,140.000,170.000,0.000,199.000,77.000,0.327778,0.516667,-0.790960,63.497,81.664,128.668,3926.0
Victor_9_puntos_intento_1.mp4,11,91.667,True,140.000,170.000,0.000,200.000,78.000,0.333333,0.511111,-0.792246,63.818,80.597,128.852,3926.0
Victor_9_puntos_intento_1.mp4,12,100.000,True,140.000,170.000,0.000,199.000,77.000,0.327778,0.516667,-0.790960,63.891,81.313,127.536,3931.0
Victor_9_puntos_intento_1.mp4,13,108.333,True,140.000,170.000,0.000,200.000,77.000,0.333333,0.516667,-0.788635,63.777,80.987,128.257,3911.0
Victor_9_puntos_intento_1.mp4,14,116.667,True,140.000,170.000,0.000,200.000,77.000,0.333333,0.516667,-0.788635,64.093,81.472,127.856,3965.5
Victor_9_puntos_intento_1.mp4,15,125.000,True,140.000,170.000,0.000,200.000,77.000,0.333333,0.516667,-0.788635,64.038,81.286,127.460,3941.5
Victor_9_puntos_intento_1.mp4,16,133.333,True,140.000,170.000,0.000,199.000,77.000,0.327778,0.516667,-0.790960,63.674,82.647,127.884,3978.5
Victor_9_puntos_intento_1.mp4,17,141.667,True,140.000,170.000,0.000,200.000,77.000,0.333333,0.516667,-0.788635,63.853,81.359,127.293,3932.5
Victor_9_puntos_intento_1.mp4,18,150.000,True,140.000,170.000,0.000,199.000,77.000,0.327778,0.516667,-0.790960,63.588,82.297,126.463,3939.5
Victor_9_puntos_intento_1.mp4,19,158.333,True,140.000,170.000,0.000,200.000,77.000,0.333333,0.516667,-0.788635,63.864,79.718,128.980,3920.0
Victor_9_puntos_intento_1.mp4,20,166.667,True,140.000,170.000,0.000,200.000,77.000,0.333333,0.516667,-0.788635,63.933,81.092,127.773,3968.5
Victor_9_puntos_intento_1.mp4,21,175.000,True,140.000,170.000,0.000,200.000,77.000,0.333333,0.516667,-0.788635,63.696,81.930,127.167,3939.5
Victor_9_puntos_intento_1.mp4,22,183.333,True,140.000,170.000,0.000,200.000,77.000,0.333333,0.516667,-0.788635,63.529,82.041,128.045,3946.0
Victor_9_puntos_intento_1.mp4,23,191.667,True,140.000,170.000,0.000,200.000,77.000,0.333333,0.516667,-0.788635,63.495,81.472,128.460,3913.5
Victor_9_puntos_intento_1.mp4,24,200.000,True,140.000,170.000,0.000,200.000,77.000,0.333333,0.516667,-0.788635,63.564,82.290,125.573,3925.0
Victor_9_puntos_intento_1.mp4,25,208.333,True,140.000,170.000,0.000,200.000,77.000,0.333333,0.516667,-0.788635,63.918,81.272,127.608,3933.5
Victor_9_puntos_intento_1.mp4,26,216.667,True,140.000,170.000,0.000,200.000,77.000,0.333333,0.516667,-0.788635,63.697,81.613,126.814,3914.5
Victor_9_puntos_intento_1.mp4,27,225.000,True,140.000,170.000,0.000,200.000,77.000,0.333333,0.516667,-0.788635,63.441,80.864,127.188,3897.5
Victor_9_puntos_intento_1.mp4,28,233.333,True,140.000,170.000,0.000,200.000,77.000,0.333333,0.516667,-0.788635,63.950,81.269,127.070,3937.0
Victor_9_puntos_intento_1.mp4,29,241.667,True,140.000,170.000,0.000,200.000,77.000,0.333333,0.516667,-0.788635,63.126,81.822,126.800,3895.0
Victor_9_puntos_intento_1.mp4,30,250.000,True,140.000,170.000,0.000,200.000,77.000,0.333333,0.516667,-0.788635,63.633,81.694,127.327,3937.0
Victor_9_puntos_intento_1.mp4,31,258.333,True,140.000,170.000,0.000,200.000,77.000,0.333333,0.516667,-0.788635,63.575,81.156,128.304,3921.0
Victor_9_puntos_intento_1.mp4,32,266.667,True,140.000,170.000,0.000,200.000,77.000,0.333333,0.516667,-0.788635,63.724,81.366,127.885,3916.5
Victor_9_puntos_intento_1.mp4,33,275.000,True,140.000,170.000,0.000,200.000,77.000,0.333333,0.516667,-0.788635,63.870,81.482,126.442,3921.0
Victor_9_puntos_intento_1.mp4,34,283.333,True,140.000,170.000,0.000,200.000,77.000,0.333333,0.516667,-0.788635,63.853,81.275,127.659,3930.0
Victor_9_puntos_intento_1.mp4,35,291.667,True,140.000,170.000,0.000,200.000,77.000,0.333333,0.516667,-0.788635,63.444,81.892,127.165,3918.5
Victor_9_puntos_intento_1.mp4,36,300.000,True,140.000,170.000,0.000,200.000,77.000,0.333333,0.516667,-0.788635,63.582,82.247,127.474,3934.0
Victor_9_puntos_intento_1.mp4,37,308.333,True,140.000,170.000,0.000,200.000,77.000,0.333333,0.516667,-0.788635,63.568,81.320,127.599,3911.5
Victor_9_puntos_intento_1.mp4,38,316.667,True,140.000,170.000,0.000,200.000,77.000,0.333333,0.516667,-0.788635,63.709,81.618,127.768,3922.5
Victor_9_puntos_intento_1.mp4,39,325.000,True,140.000,170.000,0.000,200.000,77.000,0.333333,0.516667,-0.788635,63.798,80.903,128.344,3932.5
Victor_9_puntos_intento_1.mp4,40,333.333,True,140.000,170.000,0.000,200.000,77.000,0.333333,0.516667,-0.788635,64.015,80.948,128.832,3954.5
Victor_9_puntos_intento_1.mp4,41,341.667,True,140.000,170.000,0.000,200.000,77.000,0.333333,0.516667,-0.788635,63.169,82.026,129.319,3941.0
Victor_9_puntos_intento_1.mp4,42,350.000,True,140.000,170.000,0.000,200.000,77.000,0.333333,0.516667,-0.788635,63.692,81.914,127.654,3981.5
Victor_9_puntos_intento_1.mp4,43,358.333,True,140.000,170.000,0.000,200.000,77.000,0.333333,0.516667,-0.788635,63.807,81.999,128.528,3987.0
Victor_9_puntos_intento_1.mp4,44,366.667,True,140.000,170.000,0.000,200.000,77.000,0.333333,0.516667,-0.788635,63.996,81.903,128.916,3973.0
Victor_9_puntos_intento_1.mp4,45,375.000,True,140.000,170.000,0.000,200.000,77.000,0.333333,0.516667,-0.788635,64.034,81.218,129.172,3967.0
Victor_9_puntos_intento_1.mp4,46,383.333,True,140.000,170.000,0.000,200.000,77.000,0.333333,0.516667,-0.788635,63.940,81.851,126.687,3968.0
Victor_9_puntos_intento_1.mp4,47,391.667,True,140.000,170.000,0.000,200.000,77.000,0.333333,0.516667,-0.788635,63.795,82.060,126.600,3956.5
Victor_9_puntos_intento_1.mp4,48,400.000,True,140.000,170.000,0.000,201.000,77.000,0.338889,0.516667,-0.786263,63.491,82.120,126.619,3951.0
Victor_9_puntos_intento_1.mp4,49,408.333,True,140.000,170.000,0.000,205.000,73.000,0.361111,0.538889,-0.761050,60.756,81.864,127.451,3745.5
Victor_9_puntos_intento_1.mp4,50,416.667,True,140.000,170.000,0.000,210.000,70.000,0.388889,0.555556,-0.734931,57.950,82.299,127.489,3582.0
Victor_9_puntos_intento_1.mp4,51,425.000,True,140.000,170.000,0.000,215.000,68.000,0.416667,0.566667,-0.710829,55.223,82.001,130.055,3420.0
Victor_9_puntos_intento_1.mp4,52,433.333,True,140.000,170.000,0.000,220.000,66.000,0.444444,0.577778,-0.684574,52.851,82.200,130.011,3302.0
Victor_9_puntos_intento_1.mp4,53,441.667,True,140.000,170.000,0.000,223.000,64.000,0.461111,0.588889,-0.663767,51.070,82.329,130.144,3208.5
Victor_9_puntos_intento_1.mp4,54,450.000,True,140.000,170.000,0.000,223.000,64.000,0.461111,0.588889,-0.663767,51.112,81.670,130.458,3169.0
Victor_9_puntos_intento_1.mp4,55,458.333,True,140.000,170.000,0.000,222.000,64.000,0.455556,0.588889,-0.667592,51.424,81.498,129.210,3195.5
Victor_9_puntos_intento_1.mp4,56,466.667,True,140.000,170.000,0.000,222.000,64.000,0.455556,0.588889,-0.667592,52.387,81.495,128.818,3245.5
Victor_9_puntos_intento_1.mp4,57,475.000,True,140.000,170.000,0.000,222.000,64.000,0.455556,0.588889,-0.667592,51.576,82.394,130.978,3235.0
Victor_9_puntos_intento_1.mp4,58,483.333,True,140.000,170.000,0.000,222.000,64.000,0.455556,0.588889,-0.667592,51.453,81.393,129.949,3214.5
Victor_9_puntos_intento_1.mp4,59,491.667,True,140.000,170.000,0.000,222.000,63.000,0.455556,0.594444,-0.662650,51.526,82.031,129.150,3208.0
Victor_9_puntos_intento_1.mp4,60,500.000,True,140.000,170.000,0.000,222.000,64.000,0.455556,0.588889,-0.667592,51.857,82.301,130.260,3244.0
Victor_9_puntos_intento_1.mp4,61,508.333,True,140.000,170.000,0.000,222.000,64.000,0.455556,0.588889,-0.667592,52.699,82.874,129.252,3317.0
Victor_9_puntos_intento_1.mp4,62,516.667,True,140.000,170.000,0.000,223.000,64.000,0.461111,0.588889,-0.663767,52.634,83.043,129.576,3322.5
Victor_9_puntos_intento_1.mp4,63,525.000,True,140.000,170.000,0.000,223.000,64.000,0.461111,0.588889,-0.663767,52.891,83.050,130.750,3320.0
Victor_9_puntos_intento_1.mp4,64,533.333,True,140.000,170.000,0.000,223.000,64.000,0.461111,0.588889,-0.663767,52.690,82.302,129.959,3320.0
Victor_9_puntos_intento_1.mp4,65,541.667,True,140.000,170.000,0.000,223.000,64.000,0.461111,0.588889,-0.663767,52.636,82.610,130.289,3316.5
Victor_9_puntos_intento_1.mp4,66,550.000,True,140.000,170.000,0.000,223.000,64.000,0.461111,0.588889,-0.663767,52.511,83.115,130.117,3327.5
Victor_9_puntos_intento_1.mp4,67,558.333,True,140.000,170.000,0.000,223.000,64.000,0.461111,0.588889,-0.663767,52.777,83.149,130.643,3333.0
Victor_9_puntos_intento_1.mp4,68,566.667,True,140.000,170.000,0.000,223.000,64.000,0.461111,0.588889,-0.663767,52.497,83.659,130.659,3347.5
Victor_9_puntos_intento_1.mp4,69,575.000,True,140.000,170.000,0.000,223.000,63.000,0.461111,0.594444,-0.658796,52.449,83.871,128.959,3345.0
Victor_9_puntos_intento_1.mp4,70,583.333,True,140.000,170.000,0.000,223.000,64.000,0.461111,0.588889,-0.663767,52.366,83.333,130.321,3323.5
Victor_9_puntos_intento_1.mp4,71,591.667,True,140.000,170.000,0.000,223.000,63.000,0.461111,0.594444,-0.658796,52.044,83.549,130.389,3308.5
Victor_9_puntos_intento_1.mp4,72,600.000,True,140.000,170.000,0.000,223.000,64.000,0.461111,0.588889,-0.663767,52.500,83.234,130.662,3344.5
Victor_9_puntos_intento_1.mp4,73,608.333,True,140.000,170.000,0.000,223.000,64.000,0.461111,0.588889,-0.663767,52.192,83.212,130.430,3301.0
Victor_9_puntos_intento_1.mp4,74,616.667,True,140.000,170.000,0.000,223.000,64.000,0.461111,0.588889,-0.663767,52.571,83.379,131.603,3321.5
Victor_9_puntos_intento_1.mp4,75,625.000,True,140.000,170.000,0.000,223.000,64.000,0.461111,0.588889,-0.663767,52.598,83.497,129.632,3338.5
Victor_9_puntos_intento_1.mp4,76,633.333,True,140.000,170.000,0.000,223.000,64.000,0.461111,0.588889,-0.663767,52.355,83.010,130.635,3319.0
Victor_9_puntos_intento_1.mp4,77,641.667,True,140.000,161.000,0.000,223.000,64.000,0.461111,0.538889,-0.704965,52.594,83.468,131.016,3325.5
Victor_9_puntos_intento_1.mp4,78,650.000,True,140.000,161.000,0.000,223.000,64.000,0.461111,0.538889,-0.704965,52.592,83.301,131.640,3340.0
Victor_9_puntos_intento_1.mp4,79,658.333,True,140.000,161.000,0.000,223.000,63.000,0.461111,0.544444,-0.700683,52.272,83.480,129.725,3289.0
Victor_9_puntos_intento_1.mp4,80,666.667,True,140.000,161.000,0.000,223.000,64.000,0.461111,0.538889,-0.704965,52.602,83.501,131.022,3334.5
Victor_9_puntos_intento_1.mp4,81,675.000,True,140.000,161.000,0.000,223.000,64.000,0.461111,0.538889,-0.704965,52.329,83.302,131.267,3308.5
Victor_9_puntos_intento_1.mp4,82,683.333,True,140.000,161.000,0.000,223.000,64.000,0.461111,0.538889,-0.704965,52.346,83.815,129.763,3322.0
Victor_9_puntos_intento_1.mp4,83,691.667,True,140.000,161.000,0.000,223.000,63.000,0.461111,0.544444,-0.700683,51.883,83.724,129.709,3287.5
Victor_9_puntos_intento_1.mp4,84,700.000,True,140.000,161.000,0.000,223.000,64.000,0.461111,0.538889,-0.704965,52.317,83.993,130.764,3322.5
Victor_9_puntos_intento_1.mp4,85,708.333,True,140.000,161.000,0.000,223.000,63.000,0.461111,0.544444,-0.700683,51.960,83.695,128.481,3280.5
Victor_9_puntos_intento_1.mp4,86,716.667,True,140.000,161.000,0.000,223.000,64.000,0.461111,0.538889,-0.704965,52.091,83.470,129.320,3301.0
Victor_9_puntos_intento_1.mp4,87,725.000,True,140.000,161.000,0.000,223.000,63.000,0.461111,0.544444,-0.700683,52.090,83.713,128.295,3289.0
Victor_9_puntos_intento_1.mp4,88,733.333,True,140.000,161.000,0.000,223.000,64.000,0.461111,0.538889,-0.704965,52.179,83.295,129.205,3292.5
Victor_9_puntos_intento_1.mp4,89,741.667,True,140.000,161.000,0.000,223.000,63.000,0.461111,0.544444,-0.700683,51.825,82.891,128.583,3257.5
Victor_9_puntos_intento_1.mp4,90,750.000,True,140.000,161.000,0.000,223.000,64.000,0.461111,0.538889,-0.704965,51.697,82.131,130.465,3267.5
Victor_9_puntos_intento_1.mp4,91,758.333,True,140.000,161.000,0.000,221.000,64.000,0.450000,0.538889,-0.712109,52.221,82.331,130.333,3284.0
Victor_9_puntos_intento_1.mp4,92,766.667,True,140.000,161.000,0.000,221.000,63.000,0.450000,0.544444,-0.707870,51.807,83.107,129.528,3282.5
Victor_9_puntos_intento_1.mp4,93,775.000,True,140.000,161.000,0.000,222.000,64.000,0.455556,0.538889,-0.708567,51.895,82.409,129.892,3263.5
Victor_9_puntos_intento_1.mp4,94,783.333,True,140.000,161.000,0.000,222.000,64.000,0.455556,0.538889,-0.708567,51.897,81.559,130.240,3245.5
Victor_9_puntos_intento_1.mp4,95,791.667,True,139.000,161.000,0.000,222.000,64.000,0.461111,0.538889,-0.704965,51.128,81.107,130.707,3193.5
Victor_9_puntos_intento_1.mp4,96,800.000,True,139.000,161.000,0.000,222.000,63.000,0.461111,0.544444,-0.700683,51.684,82.168,129.984,3232.0
Victor_9_puntos_intento_1.mp4,97,808.333,True,139.000,161.000,0.000,222.000,64.000,0.461111,0.538889,-0.704965,51.806,81.636,130.980,3195.0
Victor_9_puntos_intento_1.mp4,98,816.667,True,139.000,161.000,0.000,222.000,64.000,0.461111,0.538889,-0.704965,52.016,81.732,131.244,3215.0
Victor_9_puntos_intento_1.mp4,99,825.000,True,139.000,161.000,0.000,222.000,63.000,0.461111,0.544444,-0.700683,51.521,81.256,130.288,3159.5
Victor_9_puntos_intento_1.mp4,100,833.333,True,139.000,161.000,0.000,222.000,64.000,0.461111,0.538889,-0.704965,51.635,80.845,131.401,3163.5
Victor_9_puntos_intento_1.mp4,101,841.667,True,139.000,161.000,0.000,222.000,63.000,0.461111,0.544444,-0.700683,51.411,81.207,129.966,3146.0
Victor_9_puntos_intento_1.mp4,102,850.000,True,139.000,161.000,0.000,222.000,63.000,0.461111,0.544444,-0.700683,51.094,80.711,129.897,3137.5
Victor_9_puntos_intento_1.mp4,103,858.333,True,139.000,161.000,0.000,222.000,63.000,0.461111,0.544444,-0.700683,51.062,80.596,130.517,3129.5
Victor_9_puntos_intento_1.mp4,104,866.667,True,139.000,161.000,0.000,222.000,63.000,0.461111,0.544444,-0.700683,50.909,80.810,129.249,3114.0
Victor_9_puntos_intento_1.mp4,105,875.000,True,139.000,161.000,0.000,222.000,63.000,0.461111,0.544444,-0.700683,50.755,80.933,129.549,3103.0
Victor_9_puntos_intento_1.mp4,106,883.333,True,139.000,161.000,0.000,223.000,63.000,0.466667,0.544444,-0.696995,50.746,79.370,131.446,3092.0
Victor_9_puntos_intento_1.mp4,107,891.667,True,139.000,161.000,0.000,222.000,63.000,0.461111,0.544444,-0.700683,50.485,79.782,130.978,3082.5
Victor_9_puntos_intento_1.mp4,108,900.000,True,139.000,161.000,0.000,222.000,63.000,0.461111,0.544444,-0.700683,50.185,79.187,131.240,3060.0
Victor_9_puntos_intento_1.mp4,109,908.333,True,139.000,161.000,0.000,223.000,63.000,0.466667,0.544444,-0.696995,50.964,78.995,129.890,3061.0
Victor_9_puntos_intento_1.mp4,110,916.667,True,139.000,161.000,0.000,222.000,63.000,0.461111,0.544444,-0.700683,50.047,79.521,129.041,3018.5
Victor_9_puntos_intento_1.mp4,111,925.000,True,139.000,161.000,0.000,222.000,63.000,0.461111,0.544444,-0.700683,50.483,80.272,127.532,3020.0
Victor_9_puntos_intento_1.mp4,112,933.333,True,139.000,161.000,0.000,223.000,63.000,0.466667,0.544444,-0.696995,50.071,78.860,130.065,3034.0
Victor_9_puntos_intento_1.mp4,113,941.667,True,139.000,161.000,0.000,222.000,63.000,0.461111,0.544444,-0.700683,50.007,79.180,129.459,2986.0
Victor_9_puntos_intento_1.mp4,114,950.000,True,139.000,161.000,0.000,222.000,63.000,0.461111,0.544444,-0.700683,50.087,78.407,130.989,2990.5
Victor_9_puntos_intento_1.mp4,115,958.333,True,139.000,161.000,0.000,222.000,63.000,0.461111,0.544444,-0.700683,49.920,78.751,131.077,2976.0
Victor_9_puntos_intento_1.mp4,116,966.667,True,139.000,161.000,0.000,223.000,63.000,0.466667,0.544444,-0.696995,50.026,78.426,131.102,2982.5
Victor_9_puntos_intento_1.mp4,117,975.000,True,139.000,161.000,0.000,223.000,63.000,0.466667,0.544444,-0.696995,49.811,77.949,131.002,2953.5
Victor_9_puntos_intento_1.mp4,118,983.333,True,139.000,161.000,0.000,223.000,63.000,0.466667,0.544444,-0.696995,49.663,77.891,130.988,2949.5
Victor_9_puntos_intento_1.mp4,119,991.667,True,139.000,161.000,0.000,223.000,63.000,0.466667,0.544444,-0.696995,49.430,77.363,130.144,2925.0
Victor_9_puntos_intento_1.mp4,120,1000.000,True,139.000,161.000,0.000,223.000,63.000,0.466667,0.544444,-0.696995,49.692,77.228,131.062,2935.0
Victor_9_puntos_intento_1.mp4,121,1008.333,True,139.000,161.000,0.000,223.000,63.000,0.466667,0.544444,-0.696995,49.129,77.719,130.635,2903.5
Victor_9_puntos_intento_1.mp4,122,1016.667,True,139.000,161.000,0.000,223.000,63.000,0.466667,0.544444,-0.696995,49.133,77.433,130.160,2906.0
Victor_9_puntos_intento_1.mp4,123,1025.000,True,139.000,161.000,0.000,223.000,63.000,0.466667,0.544444,-0.696995,49.541,77.325,130.731,2893.0
Victor_9_puntos_intento_1.mp4,124,1033.333,True,139.000,161.000,0.000,223.000,63.000,0.466667,0.544444,-0.696995,49.578,77.166,131.017,2899.5
Victor_9_puntos_intento_1.mp4,125,1041.667,True,139.000,161.000,0.000,223.000,63.000,0.466667,0.544444,-0.696995,49.409,76.753,130.874,2881.0
Victor_9_puntos_intento_1.mp4,126,1050.000,True,139.000,161.000,0.000,223.000,63.000,0.466667,0.544444,-0.696995,48.839,76.774,130.273,2876.0
Victor_9_puntos_intento_1.mp4,127,1058.333,True,139.000,161.000,0.000,223.000,63.000,0.466667,0.544444,-0.696995,48.795,76.595,130.586,2869.5
Victor_9_puntos_intento_1.mp4,128,1066.667,True,139.000,161.000,0.000,222.000,63.000,0.461111,0.544444,-0.700683,48.735,76.313,129.700,2854.0
Victor_9_puntos_intento_1.mp4,129,1075.000,True,139.000,161.000,0.000,223.000,63.000,0.466667,0.544444,-0.696995,48.374,76.337,130.207,2817.5
Victor_9_puntos_intento_1.mp4,130,1083.333,True,139.000,161.000,0.000,223.000,63.000,0.466667,0.544444,-0.696995,49.107,75.743,130.357,2847.0
Victor_9_puntos_intento_1.mp4,131,1091.667,True,139.000,161.000,0.000,222.000,62.000,0.461111,0.550000,-0.696331,48.520,76.122,130.147,2826.0
Victor_9_puntos_intento_1.mp4,132,1100.000,True,139.000,161.000,0.000,222.000,62.000,0.461111,0.550000,-0.696331,48.736,76.003,129.871,2822.5
Victor_9_puntos_intento_1.mp4,133,1108.333,True,139.000,161.000,0.000,222.000,62.000,0.461111,0.550000,-0.696331,48.176,75.984,129.788,2806.5
Victor_9_puntos_intento_1.mp4,134,1116.667,True,139.000,161.000,0.000,222.000,62.000,0.461111,0.550000,-0.696331,48.315,75.691,129.166,2805.5
Victor_9_puntos_intento_1.mp4,135,1125.000,True,139.000,161.000,0.000,222.000,62.000,0.461111,0.550000,-0.696331,48.416,75.249,130.571,2789.0
Victor_9_puntos_intento_1.mp4,136,1133.333,True,139.000,161.000,0.000,222.000,62.000,0.461111,0.550000,-0.696331,48.255,75.545,130.307,2803.5
Victor_9_puntos_intento_1.mp4,137,1141.667,True,139.000,161.000,0.000,222.000,62.000,0.461111,0.550000,-0.696331,47.937,75.870,131.611,2767.0
Victor_9_puntos_intento_1.mp4,138,1150.000,True,139.000,161.000,0.000,222.000,62.000,0.461111,0.550000,-0.696331,48.387,75.411,129.983,2793.0
Victor_9_puntos_intento_1.mp4,139,1158.333,True,139.000,161.000,0.000,222.000,62.000,0.461111,0.550000,-0.696331,47.850,75.464,130.836,2785.0
Victor_9_puntos_intento_1.mp4,140,1166.667,True,139.000,161.000,0.000,222.000,62.000,0.461111,0.550000,-0.696331,47.581,75.110,130.613,2758.0
Victor_9_puntos_intento_1.mp4,141,1175.000,True,139.000,161.000,0.000,222.000,62.000,0.461111,0.550000,-0.696331,47.866,75.247,130.699,2758.0
Victor_9_puntos_intento_1.mp4,142,1183.333,True,139.000,161.000,0.000,222.000,62.000,0.461111,0.550000,-0.696331,47.863,75.533,130.986,2760.5
Victor_9_puntos_intento_1.mp4,143,1191.667,True,139.000,161.000,0.000,222.000,62.000,0.461111,0.550000,-0.696331,48.220,74.824,130.246,2767.0
Victor_9_puntos_intento_1.mp4,144,1200.000,True,139.000,161.000,0.000,222.000,62.000,0.461111,0.550000,-0.696331,48.109,74.576,130.046,2751.5
Victor_9_puntos_intento_1.mp4,145,1208.333,True,139.000,161.000,0.000,222.000,62.000,0.461111,0.550000,-0.696331,48.264,74.852,130.133,2753.0
Victor_9_puntos_intento_1.mp4,146,1216.667,True,139.000,161.000,0.000,222.000,62.000,0.461111,0.550000,-0.696331,48.068,74.506,130.132,2745.5
Victor_9_puntos_intento_1.mp4,147,1225.000,True,139.000,161.000,0.000,222.000,62.000,0.461111,0.550000,-0.696331,47.785,74.920,129.543,2737.5
Victor_9_puntos_intento_1.mp4,148,1233.333,True,139.000,161.000,0.000,222.000,62.000,0.461111,0.550000,-0.696331,48.157,74.778,129.679,2747.5
Victor_9_puntos_intento_1.mp4,149,1241.667,True,139.000,161.000,0.000,222.000,62.000,0.461111,0.550000,-0.696331,48.408,74.928,129.520,2746.5
Victor_9_puntos_intento_1.mp4,150,1250.000,True,139.000,161.000,0.000,222.000,62.000,0.461111,0.550000,-0.696331,48.298,74.750,130.025,2745.5
Victor_9_puntos_intento_1.mp4,151,1258.333,True,139.000,160.000,0.000,222.000,62.000,0.461111,0.544444,-0.700683,48.193,74.744,129.702,2743.5
Victor_9_puntos_intento_1.mp4,152,1266.667,True,139.000,160.000,0.000,222.000,63.000,0.461111,0.538889,-0.704965,48.083,74.678,129.836,2730.5
Victor_9_puntos_intento_1.mp4,153,1275.000,True,139.000,160.000,0.000,222.000,62.000,0.461111,0.544444,-0.700683,47.777,74.652,130.197,2725.5
Victor_9_puntos_intento_1.mp4,154,1283.333,True,139.000,160.000,0.000,222.000,62.000,0.461111,0.544444,-0.700683,47.951,74.488,130.513,2730.5
Victor_9_puntos_intento_1.mp4,155,1291.667,True,139.000,160.000,0.000,222.000,63.000,0.461111,0.538889,-0.704965,48.000,73.756,130.163,2709.5
Victor_9_puntos_intento_1.mp4,156,1300.000,True,139.000,160.000,0.000,222.000,63.000,0.461111,0.538889,-0.704965,48.000,74.065,129.880,2714.5
Victor_9_puntos_intento_1.mp4,157,1308.333,True,139.000,160.000,0.000,222.000,62.000,0.461111,0.544444,-0.700683,47.843,73.327,129.411,2690.0
Victor_9_puntos_intento_1.mp4,158,1316.667,True,139.000,160.000,0.000,222.000,62.000,0.461111,0.544444,-0.700683,47.824,73.756,129.310,2700.0
Victor_9_puntos_intento_1.mp4,159,1325.000,True,139.000,160.000,0.000,222.000,62.000,0.461111,0.544444,-0.700683,47.794,73.846,129.344,2686.0
Victor_9_puntos_intento_1.mp4,160,1333.333,True,139.000,160.000,0.000,222.000,62.000,0.461111,0.544444,-0.700683,48.022,73.473,130.167,2695.5
Victor_9_puntos_intento_1.mp4,161,1341.667,True,139.000,160.000,0.000,222.000,62.000,0.461111,0.544444,-0.700683,47.658,73.497,129.201,2678.5
Victor_9_puntos_intento_1.mp4,162,1350.000,True,139.000,160.000,0.000,222.000,62.000,0.461111,0.544444,-0.700683,47.696,73.454,129.414,2678.0
Victor_9_puntos_intento_1.mp4,163,1358.333,True,139.000,160.000,0.000,222.000,62.000,0.461111,0.544444,-0.700683,47.732,73.345,129.696,2684.5
Victor_9_puntos_intento_1.mp4,164,1366.667,True,139.000,160.000,0.000,222.000,62.000,0.461111,0.544444,-0.700683,47.615,73.336,129.062,2683.5
Victor_9_puntos_intento_1.mp4,165,1375.000,True,139.000,160.000,0.000,222.000,62.000,0.461111,0.544444,-0.700683,47.359,73.080,129.612,2658.5
Victor_9_puntos_intento_1.mp4,166,1383.333,True,139.000,160.000,0.000,222.000,62.000,0.461111,0.544444,-0.700683,47.760,72.906,129.421,2665.0
Victor_9_puntos_intento_1.mp4,167,1391.667,True,139.000,160.000,0.000,222.000,62.000,0.461111,0.544444,-0.700683,47.689,73.780,129.001,2665.5
Victor_9_puntos_intento_1.mp4,168,1400.000,True,139.000,160.000,0.000,223.000,62.000,0.466667,0.544444,-0.696995,47.274,73.188,129.453,2654.5
Victor_9_puntos_intento_1.mp4,169,1408.333,True,139.000,160.000,0.000,222.000,62.000,0.461111,0.544444,-0.700683,47.308,72.958,129.783,2637.0
Victor_9_puntos_intento_1.mp4,170,1416.667,True,139.000,160.000,0.000,222.000,62.000,0.461111,0.544444,-0.700683,47.503,72.870,129.624,2644.5
Victor_9_puntos_intento_1.mp4,171,1425.000,True,139.000,160.000,0.000,222.000,62.000,0.461111,0.544444,-0.700683,47.506,72.970,129.169,2652.5
Victor_9_puntos_intento_1.mp4,172,1433.333,True,139.000,160.000,0.000,222.000,62.000,0.461111,0.544444,-0.700683,47.518,72.780,129.650,2645.5
Victor_9_puntos_intento_1.mp4,173,1441.667,True,139.000,160.000,0.000,222.000,62.000,0.461111,0.544444,-0.700683,47.074,73.181,129.213,2616.5
Victor_9_puntos_intento_1.mp4,174,1450.000,True,139.000,160.000,0.000,223.000,62.000,0.466667,0.544444,-0.696995,47.287,72.536,129.916,2629.0
Victor_9_puntos_intento_1.mp4,175,1458.333,True,139.000,160.000,0.000,222.000,62.000,0.461111,0.544444,-0.700683,47.252,73.180,129.574,2632.0
Victor_9_puntos_intento_1.mp4,176,1466.667,True,139.000,160.000,0.000,222.000,62.000,0.461111,0.544444,-0.700683,47.019,72.905,130.033,2611.5
Victor_9_puntos_intento_1.mp4,177,1475.000,True,140.000,160.000,0.000,222.000,62.000,0.455556,0.544444,-0.704308,47.383,72.062,129.251,2615.0
Victor_9_puntos_intento_1.mp4,178,1483.333,True,140.000,160.000,0.000,222.000,62.000,0.455556,0.544444,-0.704308,47.250,71.792,130.227,2607.0
Victor_9_puntos_intento_1.mp4,179,1491.667,True,140.000,160.000,0.000,222.000,62.000,0.455556,0.544444,-0.704308,47.309,72.933,128.851,2611.0
Victor_9_puntos_intento_1.mp4,180,1500.000,True,140.000,160.000,0.000,222.000,62.000,0.455556,0.544444,-0.704308,46.829,72.595,130.626,2603.0
Victor_9_puntos_intento_1.mp4,181,1508.333,True,140.000,160.000,0.000,222.000,62.000,0.455556,0.544444,-0.704308,46.550,72.329,129.022,2581.5
Victor_9_puntos_intento_1.mp4,182,1516.667,True,140.000,160.000,0.000,222.000,62.000,0.455556,0.544444,-0.704308,47.035,72.450,128.701,2598.0
Victor_9_puntos_intento_1.mp4,183,1525.000,True,140.000,160.000,0.000,223.000,62.000,0.461111,0.544444,-0.700683,47.180,71.560,129.882,2590.5
Victor_9_puntos_intento_1.mp4,184,1533.333,True,140.000,160.000,0.000,223.000,62.000,0.461111,0.544444,-0.700683,47.065,71.506,130.453,2598.0
Victor_9_puntos_intento_1.mp4,185,1541.667,True,140.000,160.000,0.000,222.000,62.000,0.455556,0.544444,-0.704308,46.789,71.825,130.317,2582.5
Victor_9_puntos_intento_1.mp4,186,1550.000,True,140.000,160.000,0.000,223.000,62.000,0.461111,0.544444,-0.700683,47.045,72.808,130.289,2614.0
Victor_9_puntos_intento_1.mp4,187,1558.333,True,140.000,160.000,0.000,223.000,62.000,0.461111,0.544444,-0.700683,46.641,72.235,129.566,2578.5
Victor_9_puntos_intento_1.mp4,188,1566.667,True,140.000,160.000,0.000,223.000,62.000,0.461111,0.544444,-0.700683,46.497,72.182,129.524,2575.0
Victor_9_puntos_intento_1.mp4,189,1575.000,True,140.000,160.000,0.000,224.000,62.000,0.466667,0.544444,-0.696995,46.254,72.258,129.494,2549.5
Victor_9_puntos_intento_1.mp4,190,1583.333,True,140.000,160.000,0.000,224.000,62.000,0.466667,0.544444,-0.696995,45.892,71.901,129.507,2518.0
Victor_9_puntos_intento_1.mp4,191,1591.667,True,140.000,160.000,0.000,223.000,62.000,0.461111,0.544444,-0.700683,46.128,71.654,129.367,2532.5
Victor_9_puntos_intento_1.mp4,192,1600.000,True,140.000,160.000,0.000,224.000,62.000,0.466667,0.544444,-0.696995,46.148,71.661,130.094,2547.5
Victor_9_puntos_intento_1.mp4,193,1608.333,True,140.000,160.000,0.000,224.000,62.000,0.466667,0.544444,-0.696995,46.163,71.757,130.185,2543.5
Victor_9_puntos_intento_1.mp4,194,1616.667,True,140.000,160.000,0.000,224.000,62.000,0.466667,0.544444,-0.696995,46.273,71.639,130.526,2545.5
Victor_9_puntos_intento_1.mp4,195,1625.000,True,140.000,160.000,0.000,223.000,62.000,0.461111,0.544444,-0.700683,45.910,71.973,130.006,2537.5
Victor_9_puntos_intento_1.mp4,196,1633.333,True,140.000,160.000,0.000,223.000,62.000,0.461111,0.544444,-0.700683,46.477,71.855,130.077,2550.0
Victor_9_puntos_intento_1.mp4,197,1641.667,True,140.000,160.000,0.000,223.000,62.000,0.461111,0.544444,-0.700683,46.340,71.101,129.288,2530.0
Victor_9_puntos_intento_1.mp4,198,1650.000,True,140.000,160.000,0.000,224.000,62.000,0.466667,0.544444,-0.696995,46.329,71.982,129.077,2537.0
Victor_9_puntos_intento_1.mp4,199,1658.333,True,140.000,160.000,0.000,224.000,62.000,0.466667,0.544444,-0.696995,46.055,71.851,129.884,2537.0
Victor_9_puntos_intento_1.mp4,200,1666.667,True,140.000,160.000,0.000,224.000,62.000,0.466667,0.544444,-0.696995,46.238,71.916,130.423,2543.0
Victor_9_puntos_intento_1.mp4,201,1675.000,True,140.000,160.000,0.000,224.000,62.000,0.466667,0.544444,-0.696995,46.113,72.216,129.493,2546.0
Victor_9_puntos_intento_1.mp4,202,1683.333,True,140.000,160.000,0.000,224.000,62.000,0.466667,0.544444,-0.696995,46.055,71.787,129.584,2532.0
Victor_9_puntos_intento_1.mp4,203,1691.667,True,140.000,160.000,0.000,224.000,62.000,0.466667,0.544444,-0.696995,45.952,72.139,130.036,2549.5
Victor_9_puntos_intento_1.mp4,204,1700.000,True,140.000,160.000,0.000,224.000,62.000,0.466667,0.544444,-0.696995,46.054,72.330,128.662,2544.5
Victor_9_puntos_intento_1.mp4,205,1708.333,True,140.000,160.000,0.000,224.000,62.000,0.466667,0.544444,-0.696995,46.148,72.243,129.325,2516.0
Victor_9_puntos_intento_1.mp4,206,1716.667,True,140.000,160.000,0.000,224.000,62.000,0.466667,0.544444,-0.696995,46.214,71.991,129.719,2532.5
Victor_9_puntos_intento_1.mp4,207,1725.000,True,140.000,160.000,0.000,224.000,62.000,0.466667,0.544444,-0.696995,46.028,71.601,131.313,2522.0
Victor_9_puntos_intento_1.mp4,208,1733.333,True,140.000,160.000,0.000,224.000,62.000,0.466667,0.544444,-0.696995,45.730,72.050,131.702,2544.0
Victor_9_puntos_intento_1.mp4,209,1741.667,True,140.000,160.000,0.000,224.000,61.000,0.466667,0.550000,-0.692620,45.721,72.081,130.740,2520.0
Victor_9_puntos_intento_1.mp4,210,1750.000,True,140.000,160.000,0.000,224.000,61.000,0.466667,0.550000,-0.692620,45.643,72.108,131.752,2539.0
Victor_9_puntos_intento_1.mp4,211,1758.333,True,140.000,160.000,0.000,224.000,62.000,0.466667,0.544444,-0.696995,45.753,71.771,131.125,2523.5
Victor_9_puntos_intento_1.mp4,212,1766.667,True,140.000,160.000,0.000,224.000,62.000,0.466667,0.544444,-0.696995,46.038,71.071,131.327,2519.5
Victor_9_puntos_intento_1.mp4,213,1775.000,True,140.000,160.000,0.000,224.000,62.000,0.466667,0.544444,-0.696995,46.313,71.251,130.823,2525.0
Victor_9_puntos_intento_1.mp4,214,1783.333,True,140.000,160.000,0.000,224.000,62.000,0.466667,0.544444,-0.696995,46.136,71.542,130.480,2524.0
Victor_9_puntos_intento_1.mp4,215,1791.667,True,140.000,160.000,0.000,224.000,62.000,0.466667,0.544444,-0.696995,46.339,71.310,129.626,2534.5
Victor_9_puntos_intento_1.mp4,216,1800.000,True,140.000,160.000,0.000,224.000,62.000,0.466667,0.544444,-0.696995,45.936,71.947,130.347,2523.5
Victor_9_puntos_intento_1.mp4,217,1808.333,True,140.000,160.000,0.000,224.000,62.000,0.466667,0.544444,-0.696995,46.010,72.330,130.227,2547.0
Victor_9_puntos_intento_1.mp4,218,1816.667,True,140.000,160.000,0.000,224.000,61.000,0.466667,0.550000,-0.692620,46.302,72.411,129.600,2559.0
Victor_9_puntos_intento_1.mp4,219,1825.000,True,140.000,160.000,0.000,224.000,61.000,0.466667,0.550000,-0.692620,45.955,72.439,130.408,2550.5
Victor_9_puntos_intento_1.mp4,220,1833.333,True,140.000,160.000,0.000,224.000,61.000,0.466667,0.550000,-0.692620,45.910,72.578,129.974,2554.0
Victor_9_puntos_intento_1.mp4,221,1841.667,True,140.000,160.000,0.000,224.000,62.000,0.466667,0.544444,-0.696995,45.590,71.794,130.685,2518.0
Victor_9_puntos_intento_1.mp4,222,1850.000,True,140.000,160.000,0.000,224.000,61.000,0.466667,0.550000,-0.692620,46.181,72.407,130.972,2556.5
Victor_9_puntos_intento_1.mp4,223,1858.333,True,140.000,160.000,0.000,224.000,62.000,0.466667,0.544444,-0.696995,46.453,72.224,130.817,2567.5
Victor_9_puntos_intento_1.mp4,224,1866.667,True,140.000,160.000,0.000,224.000,61.000,0.466667,0.550000,-0.692620,46.244,72.159,130.510,2552.0
Victor_9_puntos_intento_1.mp4,225,1875.000,True,140.000,160.000,0.000,224.000,62.000,0.466667,0.544444,-0.696995,46.365,72.450,130.538,2561.0
Victor_9_puntos_intento_1.mp4,226,1883.333,True,140.000,159.000,0.000,224.000,62.000,0.466667,0.538889,-0.701299,46.762,72.762,130.661,2592.0
Victor_9_puntos_intento_1.mp4,227,1891.667,True,140.000,159.000,0.000,224.000,62.000,0.466667,0.538889,-0.701299,46.361,72.874,130.470,2577.5
Victor_9_puntos_intento_1.mp4,228,1900.000,True,140.000,159.000,0.000,224.000,62.000,0.466667,0.538889,-0.701299,46.422,72.927,130.867,2581.5
Victor_9_puntos_intento_1.mp4,229,1908.333,True,140.000,159.000,0.000,224.000,62.000,0.466667,0.538889,-0.701299,46.234,72.611,131.195,2559.0
Victor_9_puntos_intento_1.mp4,230,1916.667,True,140.000,159.000,0.000,224.000,62.000,0.466667,0.538889,-0.701299,46.481,72.880,130.326,2564.0
Victor_9_puntos_intento_1.mp4,231,1925.000,True,140.000,159.000,0.000,224.000,62.000,0.466667,0.538889,-0.701299,46.405,72.476,131.555,2567.0
Victor_9_puntos_intento_1.mp4,232,1933.333,True,140.000,159.000,0.000,224.000,62.000,0.466667,0.538889,-0.701299,46.028,72.693,129.393,2563.0
Victor_9_puntos_intento_1.mp4,233,1941.667,True,140.000,159.000,0.000,224.000,62.000,0.466667,0.538889,-0.701299,46.258,72.795,130.285,2548.0
Victor_9_puntos_intento_1.mp4,234,1950.000,True,140.000,159.000,0.000,224.000,62.000,0.466667,0.538889,-0.701299,46.450,73.165,130.283,2578.0
Victor_9_puntos_intento_1.mp4,235,1958.333,True,140.000,159.000,0.000,224.000,62.000,0.466667,0.538889,-0.701299,46.535,72.979,129.604,2571.0
Victor_9_puntos_intento_1.mp4,236,1966.667,True,140.000,159.000,0.000,224.000,61.000,0.466667,0.544444,-0.696995,46.531,72.504,129.862,2587.0
Victor_9_puntos_intento_1.mp4,237,1975.000,True,140.000,159.000,0.000,224.000,62.000,0.466667,0.538889,-0.701299,46.427,72.518,130.378,2571.0
Victor_9_puntos_intento_1.mp4,238,1983.333,True,140.000,159.000,0.000,224.000,61.000,0.466667,0.544444,-0.696995,46.488,72.726,129.945,2583.0
Victor_9_puntos_intento_1.mp4,239,1991.667,True,140.000,159.000,0.000,224.000,61.000,0.466667,0.544444,-0.696995,46.292,72.582,130.302,2574.0
Victor_9_puntos_intento_1.mp4,240,2000.000,True,140.000,159.000,0.000,224.000,62.000,0.466667,0.538889,-0.701299,46.460,72.897,129.446,2586.5
Victor_9_puntos_intento_1.mp4,241,2008.333,True,140.000,159.000,0.000,224.000,62.000,0.466667,0.538889,-0.701299,46.624,73.092,132.076,2583.0
Victor_9_puntos_intento_1.mp4,242,2016.667,True,140.000,159.000,0.000,224.000,62.000,0.466667,0.538889,-0.701299,46.560,72.812,130.900,2597.0
Victor_9_puntos_intento_1.mp4,243,2025.000,True,140.000,159.000,0.000,224.000,62.000,0.466667,0.538889,-0.701299,46.608,72.671,130.493,2601.5
Victor_9_puntos_intento_1.mp4,244,2033.333,True,140.000,159.000,0.000,223.000,62.000,0.461111,0.538889,-0.704965,46.649,72.007,129.702,2576.0
Victor_9_puntos_intento_1.mp4,245,2041.667,True,140.000,159.000,0.000,223.000,62.000,0.461111,0.538889,-0.704965,46.311,72.877,129.686,2596.0
Victor_9_puntos_intento_1.mp4,246,2050.000,True,140.000,159.000,0.000,223.000,62.000,0.461111,0.538889,-0.704965,46.235,72.859,129.838,2590.5
Victor_9_puntos_intento_1.mp4,247,2058.333,True,140.000,159.000,0.000,224.000,62.000,0.466667,0.538889,-0.701299,46.653,71.960,130.113,2582.5
Victor_9_puntos_intento_1.mp4,248,2066.667,True,140.000,159.000,0.000,224.000,62.000,0.466667,0.538889,-0.701299,46.556,72.134,130.452,2598.0
Victor_9_puntos_intento_1.mp4,249,2075.000,True,140.000,159.000,0.000,224.000,62.000,0.466667,0.538889,-0.701299,46.440,72.263,130.543,2586.0
Victor_9_puntos_intento_1.mp4,250,2083.333,True,140.000,159.000,0.000,223.000,62.000,0.461111,0.538889,-0.704965,46.853,71.756,129.719,2590.5
Victor_9_puntos_intento_1.mp4,251,2091.667,True,140.000,159.000,0.000,224.000,62.000,0.466667,0.538889,-0.701299,46.569,72.036,130.544,2596.5
Victor_9_puntos_intento_1.mp4,252,2100.000,True,140.000,159.000,0.000,223.000,62.000,0.461111,0.538889,-0.704965,46.942,71.858,130.084,2608.5
Victor_9_puntos_intento_1.mp4,253,2108.333,True,140.000,159.000,0.000,223.000,62.000,0.461111,0.538889,-0.704965,46.981,72.850,129.733,2594.5
Victor_9_puntos_intento_1.mp4,254,2116.667,True,140.000,159.000,0.000,223.000,61.000,0.461111,0.544444,-0.700683,47.025,72.923,128.716,2602.5
Victor_9_puntos_intento_1.mp4,255,2125.000,True,140.000,159.000,0.000,223.000,61.000,0.461111,0.544444,-0.700683,46.769,73.378,129.713,2595.0
Victor_9_puntos_intento_1.mp4,256,2133.333,True,140.000,159.000,0.000,223.000,61.000,0.461111,0.544444,-0.700683,46.917,72.537,130.285,2597.0
Victor_9_puntos_intento_1.mp4,257,2141.667,True,140.000,159.000,0.000,223.000,61.000,0.461111,0.544444,-0.700683,46.734,72.848,130.493,2602.0
Victor_9_puntos_intento_1.mp4,258,2150.000,True,140.000,159.000,0.000,222.000,61.000,0.455556,0.544444,-0.704308,46.886,73.409,129.729,2611.5
Victor_9_puntos_intento_1.mp4,259,2158.333,True,140.000,159.000,0.000,223.000,61.000,0.461111,0.544444,-0.700683,47.070,72.800,130.820,2615.0
Victor_9_puntos_intento_1.mp4,260,2166.667,True,140.000,159.000,0.000,223.000,61.000,0.461111,0.544444,-0.700683,46.973,72.868,130.913,2610.0
Victor_9_puntos_intento_1.mp4,261,2175.000,True,140.000,159.000,0.000,222.000,61.000,0.455556,0.544444,-0.704308,46.453,72.504,130.443,2596.5
Victor_9_puntos_intento_1.mp4,262,2183.333,True,140.000,159.000,0.000,222.000,61.000,0.455556,0.544444,-0.704308,46.934,73.052,129.672,2611.5
Victor_9_puntos_intento_1.mp4,263,2191.667,True,140.000,159.000,0.000,222.000,61.000,0.455556,0.544444,-0.704308,46.803,73.170,129.287,2614.0
Victor_9_puntos_intento_1.mp4,264,2200.000,True,140.000,159.000,0.000,222.000,61.000,0.455556,0.544444,-0.704308,46.895,72.773,130.482,2609.0
Victor_9_puntos_intento_1.mp4,265,2208.333,True,140.000,159.000,0.000,222.000,61.000,0.455556,0.544444,-0.704308,47.144,72.454,130.657,2617.0
Victor_9_puntos_intento_1.mp4,266,2216.667,True,140.000,159.000,0.000,222.000,61.000,0.455556,0.544444,-0.704308,46.941,72.443,130.433,2617.0
Victor_9_puntos_intento_1.mp4,267,2225.000,True,140.000,159.000,0.000,222.000,61.000,0.455556,0.544444,-0.704308,47.413,72.608,129.653,2628.0
Victor_9_puntos_intento_1.mp4,268,2233.333,True,140.000,159.000,0.000,223.000,61.000,0.461111,0.544444,-0.700683,47.329,72.542,131.053,2623.0
Victor_9_puntos_intento_1.mp4,269,2241.667,True,140.000,159.000,0.000,222.000,61.000,0.455556,0.544444,-0.704308,47.238,72.263,130.820,2616.0
Victor_9_puntos_intento_1.mp4,270,2250.000,True,140.000,159.000,0.000,223.000,61.000,0.461111,0.544444,-0.700683,47.430,72.840,130.327,2640.0
Victor_9_puntos_intento_1.mp4,271,2258.333,True,140.000,159.000,0.000,222.000,61.000,0.455556,0.544444,-0.704308,46.999,73.133,129.945,2617.5
Victor_9_puntos_intento_1.mp4,272,2266.667,True,140.000,159.000,0.000,222.000,61.000,0.455556,0.544444,-0.704308,46.815,73.120,129.607,2614.0
Victor_9_puntos_intento_1.mp4,273,2275.000,True,140.000,159.000,0.000,222.000,61.000,0.455556,0.544444,-0.704308,46.827,73.161,129.810,2607.5
Victor_9_puntos_intento_1.mp4,274,2283.333,True,140.000,159.000,0.000,223.000,61.000,0.461111,0.544444,-0.700683,47.381,73.103,129.844,2629.5
Victor_9_puntos_intento_1.mp4,275,2291.667,True,140.000,159.000,0.000,223.000,61.000,0.461111,0.544444,-0.700683,47.010,72.563,130.626,2626.5
Victor_9_puntos_intento_1.mp4,276,2300.000,True,140.000,159.000,0.000,223.000,61.000,0.461111,0.544444,-0.700683,47.031,72.987,129.616,2617.5
Victor_9_puntos_intento_1.mp4,277,2308.333,True,140.000,159.000,0.000,223.000,61.000,0.461111,0.544444,-0.700683,47.135,72.739,131.348,2624.0
Victor_9_puntos_intento_1.mp4,278,2316.667,True,140.000,159.000,0.000,223.000,61.000,0.461111,0.544444,-0.700683,46.783,73.283,130.191,2625.0
Victor_9_puntos_intento_1.mp4,279,2325.000,True,140.000,159.000,0.000,222.000,61.000,0.455556,0.544444,-0.704308,47.060,72.894,129.392,2636.5
Victor_9_puntos_intento_1.mp4,280,2333.333,True,140.000,159.000,0.000,222.000,61.000,0.455556,0.544444,-0.704308,47.053,73.080,129.359,2628.5
Victor_9_puntos_intento_1.mp4,281,2341.667,True,140.000,159.000,0.000,222.000,61.000,0.455556,0.544444,-0.704308,46.498,73.390,129.333,2606.5
Victor_9_puntos_intento_1.mp4,282,2350.000,True,140.000,159.000,0.000,222.000,61.000,0.455556,0.544444,-0.704308,47.387,73.107,129.352,2640.0
Victor_9_puntos_intento_1.mp4,283,2358.333,True,140.000,159.000,0.000,222.000,62.000,0.455556,0.538889,-0.708567,47.241,72.527,130.609,2621.5
Victor_9_puntos_intento_1.mp4,284,2366.667,True,140.000,159.000,0.000,222.000,61.000,0.455556,0.544444,-0.704308,47.449,73.228,128.909,2642.5
Victor_9_puntos_intento_1.mp4,285,2375.000,True,140.000,159.000,0.000,222.000,62.000,0.455556,0.538889,-0.708567,47.219,72.783,130.599,2612.5
Victor_9_puntos_intento_1.mp4,286,2383.333,True,140.000,159.000,0.000,222.000,62.000,0.455556,0.538889,-0.708567,47.481,73.059,129.927,2631.5
Victor_9_puntos_intento_1.mp4,287,2391.667,True,140.000,159.000,0.000,221.000,61.000,0.450000,0.544444,-0.707870,47.162,73.742,130.696,2628.0
Victor_9_puntos_intento_1.mp4,288,2400.000,True,140.000,159.000,0.000,221.000,61.000,0.450000,0.544444,-0.707870,46.723,74.381,129.904,2625.5
Victor_9_puntos_intento_1.mp4,289,2408.333,True,140.000,159.000,0.000,221.000,61.000,0.450000,0.544444,-0.707870,47.607,72.016,129.730,2631.0
Victor_9_puntos_intento_1.mp4,290,2416.667,True,140.000,159.000,0.000,221.000,61.000,0.450000,0.544444,-0.707870,47.323,72.374,129.232,2635.0
Victor_9_puntos_intento_1.mp4,291,2425.000,True,140.000,159.000,0.000,221.000,61.000,0.450000,0.544444,-0.707870,47.293,71.866,129.002,2615.0
Victor_9_puntos_intento_1.mp4,292,2433.333,True,140.000,159.000,0.000,221.000,61.000,0.450000,0.544444,-0.707870,47.383,73.118,129.959,2644.5
Victor_9_puntos_intento_1.mp4,293,2441.667,True,140.000,159.000,0.000,221.000,61.000,0.450000,0.544444,-0.707870,47.358,73.089,128.893,2639.5
Victor_9_puntos_intento_1.mp4,294,2450.000,True,140.000,159.000,0.000,221.000,61.000,0.450000,0.544444,-0.707870,47.201,72.862,129.286,2637.5
Victor_9_puntos_intento_1.mp4,295,2458.333,True,140.000,159.000,0.000,221.000,61.000,0.450000,0.544444,-0.707870,47.337,73.077,127.916,2638.0
Victor_9_puntos_intento_1.mp4,296,2466.667,True,140.000,159.000,0.000,221.000,61.000,0.450000,0.544444,-0.707870,47.257,73.042,129.227,2643.5
Victor_9_puntos_intento_1.mp4,297,2475.000,True,140.000,159.000,0.000,221.000,61.000,0.450000,0.544444,-0.707870,47.360,72.315,129.744,2627.0
Victor_9_puntos_intento_1.mp4,298,2483.333,True,140.000,159.000,0.000,216.000,62.000,0.422222,0.538889,-0.728922,49.153,71.115,130.230,2698.5
Victor_9_puntos_intento_1.mp4,299,2491.667,True,140.000,159.000,0.000,203.000,62.000,0.350000,0.538889,-0.766224,52.026,72.183,122.107,2833.5
Victor_9_puntos_intento_1.mp4,300,2500.000,True,140.000,159.000,0.000,191.000,63.000,0.283333,0.533333,-0.797043,55.867,71.448,119.333,2986.0
Victor_9_puntos_intento_1.mp4,301,2508.333,True,140.000,159.000,0.000,179.000,65.000,0.216667,0.522222,-0.824827,58.356,72.815,116.591,3119.0
Victor_9_puntos_intento_1.mp4,302,2516.667,True,140.000,159.000,0.000,171.000,67.000,0.172222,0.511111,-0.842084,60.284,71.935,113.757,3188.0
Victor_9_puntos_intento_1.mp4,303,2525.000,True,140.000,159.000,0.000,168.000,68.000,0.155556,0.505556,-0.848655,59.697,71.843,113.887,3191.0
Victor_9_puntos_intento_1.mp4,304,2533.333,True,140.000,159.000,0.000,170.000,67.000,0.166667,0.511111,-0.843201,58.534,73.751,117.598,3155.5
Victor_9_puntos_intento_1.mp4,305,2541.667,True,140.000,159.000,0.000,172.000,66.000,0.177778,0.516667,-0.837526,57.495,73.359,118.968,3110.0
Victor_9_puntos_intento_1.mp4,306,2550.000,True,140.000,159.000,0.000,173.000,66.000,0.183333,0.516667,-0.836328,58.015,72.816,119.792,3142.0
Victor_9_puntos_intento_1.mp4,307,2558.333,True,140.000,159.000,0.000,172.000,66.000,0.177778,0.516667,-0.837526,57.960,73.385,118.913,3154.5
Victor_9_puntos_intento_1.mp4,308,2566.667,True,140.000,159.000,0.000,172.000,66.000,0.177778,0.516667,-0.837526,58.283,72.400,119.606,3163.5
Victor_9_puntos_intento_1.mp4,309,2575.000,True,140.000,159.000,0.000,173.000,66.000,0.183333,0.516667,-0.836328,58.744,72.416,119.588,3178.0
Victor_9_puntos_intento_1.mp4,310,2583.333,True,140.000,159.000,0.000,173.000,66.000,0.183333,0.516667,-0.836328,59.024,72.225,121.551,3168.0
Victor_9_puntos_intento_1.mp4,311,2591.667,True,140.000,159.000,0.000,173.000,66.000,0.183333,0.516667,-0.836328,58.863,72.291,123.762,3160.5
Victor_9_puntos_intento_1.mp4,312,2600.000,True,140.000,159.000,0.000,172.000,66.000,0.177778,0.516667,-0.837526,58.903,73.904,118.487,3208.5
Victor_9_puntos_intento_1.mp4,313,2608.333,True,140.000,159.000,0.000,172.000,65.000,0.177778,0.522222,-0.834074,58.344,74.421,119.830,3175.5
Victor_9_puntos_intento_1.mp4,314,2616.667,True,140.000,159.000,0.000,172.000,65.000,0.177778,0.522222,-0.834074,58.664,73.629,120.503,3168.5
Victor_9_puntos_intento_1.mp4,315,2625.000,True,140.000,159.000,0.000,173.000,65.000,0.183333,0.522222,-0.832870,58.987,72.092,121.605,3172.0
Victor_9_puntos_intento_1.mp4,316,2633.333,True,140.000,159.000,0.000,173.000,66.000,0.183333,0.516667,-0.836328,58.049,71.846,120.049,3065.0
Victor_9_puntos_intento_1.mp4,317,2641.667,True,140.000,159.000,0.000,173.000,65.000,0.183333,0.522222,-0.832870,57.693,72.611,120.621,3053.0
Victor_9_puntos_intento_1.mp4,318,2650.000,True,140.000,159.000,0.000,173.000,65.000,0.183333,0.522222,-0.832870,57.839,72.932,119.542,3046.5
Victor_9_puntos_intento_1.mp4,319,2658.333,True,140.000,159.000,0.000,173.000,65.000,0.183333,0.522222,-0.832870,57.730,72.655,121.122,3042.5
Victor_9_puntos_intento_1.mp4,320,2666.667,True,140.000,159.000,0.000,173.000,65.000,0.183333,0.522222,-0.832870,57.426,73.067,121.261,3060.5
Victor_9_puntos_intento_1.mp4,321,2675.000,True,140.000,159.000,0.000,173.000,65.000,0.183333,0.522222,-0.832870,57.596,73.288,123.610,3076.5
Victor_9_puntos_intento_1.mp4,322,2683.333,True,140.000,159.000,0.000,173.000,65.000,0.183333,0.522222,-0.832870,58.249,72.622,121.678,3109.5
Victor_9_puntos_intento_1.mp4,323,2691.667,True,140.000,159.000,0.000,174.000,65.000,0.188889,0.522222,-0.831628,58.180,72.002,122.281,3077.0
Victor_9_puntos_intento_1.mp4,324,2700.000,True,140.000,159.000,0.000,174.000,65.000,0.188889,0.522222,-0.831628,58.512,72.093,122.183,3119.0
Victor_9_puntos_intento_1.mp4,325,2708.333,True,140.000,159.000,0.000,174.000,65.000,0.188889,0.522222,-0.831628,58.327,72.663,123.440,3091.5
Victor_9_puntos_intento_1.mp4,326,2716.667,True,140.000,159.000,0.000,174.000,65.000,0.188889,0.522222,-0.831628,58.313,73.254,120.085,3118.5
Victor_9_puntos_intento_1.mp4,327,2725.000,True,140.000,159.000,0.000,174.000,65.000,0.188889,0.522222,-0.831628,58.330,72.897,120.710,3107.0
Victor_9_puntos_intento_1.mp4,328,2733.333,True,140.000,159.000,0.000,176.000,65.000,0.200000,0.522222,-0.829026,58.014,74.112,123.603,3126.0
Victor_9_puntos_intento_1.mp4,329,2741.667,True,140.000,159.000,0.000,177.000,65.000,0.205556,0.522222,-0.827666,57.947,74.667,121.681,3152.0
Victor_9_puntos_intento_1.mp4,330,2750.000,True,140.000,159.000,0.000,177.000,65.000,0.205556,0.522222,-0.827666,57.604,74.901,122.088,3156.0
Victor_9_puntos_intento_1.mp4,331,2758.333,True,140.000,159.000,0.000,177.000,65.000,0.205556,0.522222,-0.827666,57.882,74.871,122.528,3162.0
Victor_9_puntos_intento_1.mp4,332,2766.667,True,140.000,159.000,0.000,177.000,65.000,0.205556,0.522222,-0.827666,58.098,74.534,121.196,3160.0
Victor_9_puntos_intento_1.mp4,333,2775.000,True,140.000,159.000,0.000,176.000,65.000,0.200000,0.522222,-0.829026,58.165,75.554,118.491,3158.0
Victor_9_puntos_intento_1.mp4,334,2783.333,True,140.000,159.000,0.000,177.000,65.000,0.205556,0.522222,-0.827666,58.235,74.950,119.505,3156.5
Victor_9_puntos_intento_1.mp4,335,2791.667,True,140.000,159.000,0.000,178.000,65.000,0.211111,0.522222,-0.826266,58.145,73.229,122.866,3138.5
Victor_9_puntos_intento_1.mp4,336,2800.000,True,140.000,159.000,0.000,177.000,65.000,0.205556,0.522222,-0.827666,58.529,74.110,121.050,3180.5
Victor_9_puntos_intento_1.mp4,337,2808.333,True,140.000,159.000,0.000,177.000,65.000,0.205556,0.522222,-0.827666,58.658,73.284,122.491,3153.5
Victor_9_puntos_intento_1.mp4,338,2816.667,True,140.000,159.000,0.000,178.000,65.000,0.211111,0.522222,-0.826266,58.734,73.301,123.270,3203.0
Victor_9_puntos_intento_1.mp4,339,2825.000,True,140.000,159.000,0.000,178.000,64.000,0.211111,0.527778,-0.822729,58.232,73.624,122.134,3178.0
Victor_9_puntos_intento_1.mp4,340,2833.333,True,140.000,159.000,0.000,177.000,65.000,0.205556,0.522222,-0.827666,58.495,74.566,121.665,3233.0
Victor_9_puntos_intento_1.mp4,341,2841.667,True,140.000,159.000,0.000,178.000,65.000,0.211111,0.522222,-0.826266,58.859,73.164,124.133,3176.5
Victor_9_puntos_intento_1.mp4,342,2850.000,True,140.000,159.000,0.000,178.000,65.000,0.211111,0.522222,-0.826266,58.482,73.740,124.301,3224.5
Victor_9_puntos_intento_1.mp4,343,2858.333,True,140.000,159.000,0.000,178.000,65.000,0.211111,0.522222,-0.826266,58.665,74.560,123.538,3216.5
Victor_9_puntos_intento_1.mp4,344,2866.667,True,140.000,159.000,0.000,177.000,65.000,0.205556,0.522222,-0.827666,58.677,75.776,121.631,3253.0
Victor_9_puntos_intento_1.mp4,345,2875.000,True,140.000,159.000,0.000,177.000,65.000,0.205556,0.522222,-0.827666,58.457,75.974,119.622,3222.0
Victor_9_puntos_intento_1.mp4,346,2883.333,True,140.000,159.000,0.000,177.000,65.000,0.205556,0.522222,-0.827666,58.796,75.499,120.088,3253.5
Victor_9_puntos_intento_1.mp4,347,2891.667,True,140.000,159.000,0.000,178.000,65.000,0.211111,0.522222,-0.826266,59.108,74.627,119.659,3257.0
Victor_9_puntos_intento_1.mp4,348,2900.000,True,140.000,159.000,0.000,177.000,65.000,0.205556,0.522222,-0.827666,58.652,76.062,119.587,3260.5
Victor_9_puntos_intento_1.mp4,349,2908.333,True,140.000,159.000,0.000,178.000,65.000,0.211111,0.522222,-0.826266,59.250,74.786,120.082,3246.5
Victor_9_puntos_intento_1.mp4,350,2916.667,True,140.000,159.000,0.000,177.000,65.000,0.205556,0.522222,-0.827666,59.087,75.659,118.155,3223.5
Victor_9_puntos_intento_1.mp4,351,2925.000,True,140.000,159.000,0.000,178.000,65.000,0.211111,0.522222,-0.826266,58.853,75.306,119.846,3221.0
Victor_9_puntos_intento_1.mp4,352,2933.333,True,140.000,159.000,0.000,178.000,65.000,0.211111,0.522222,-0.826266,58.980,75.014,121.227,3244.5
Victor_9_puntos_intento_1.mp4,353,2941.667,True,140.000,159.000,0.000,178.000,65.000,0.211111,0.522222,-0.826266,59.241,74.208,121.202,3238.5
Victor_9_puntos_intento_1.mp4,354,2950.000,True,140.000,159.000,0.000,178.000,65.000,0.211111,0.522222,-0.826266,59.276,73.926,122.503,3269.0
Victor_9_puntos_intento_1.mp4,355,2958.333,True,140.000,159.000,0.000,178.000,65.000,0.211111,0.522222,-0.826266,59.037,74.240,122.276,3249.5
Victor_9_puntos_intento_1.mp4,356,2966.667,True,140.000,159.000,0.000,178.000,65.000,0.211111,0.522222,-0.826266,58.951,74.496,121.631,3255.5
Victor_9_puntos_intento_1.mp4,357,2975.000,True,140.000,159.000,0.000,178.000,65.000,0.211111,0.522222,-0.826266,58.818,74.210,121.733,3232.0
Victor_9_puntos_intento_1.mp4,358,2983.333,True,140.000,159.000,0.000,178.000,64.000,0.211111,0.527778,-0.822729,58.736,75.221,121.510,3264.0
Victor_9_puntos_intento_1.mp4,359,2991.667,True,140.000,159.000,0.000,178.000,65.000,0.211111,0.522222,-0.826266,58.883,73.698,122.844,3250.0
Victor_9_puntos_intento_1.mp4,360,3000.000,True,140.000,159.000,0.000,178.000,65.000,0.211111,0.522222,-0.826266,58.741,74.004,123.005,3238.0
Victor_9_puntos_intento_1.mp4,361,3008.333,True,140.000,159.000,0.000,178.000,64.000,0.211111,0.527778,-0.822729,59.005,74.870,120.493,3259.0
Victor_9_puntos_intento_1.mp4,362,3016.667,True,140.000,159.000,0.000,178.000,64.000,0.211111,0.527778,-0.822729,59.167,74.855,121.923,3270.5
Victor_9_puntos_intento_1.mp4,363,3025.000,True,140.000,159.000,0.000,178.000,64.000,0.211111,0.527778,-0.822729,59.022,74.434,121.288,3239.5
Victor_9_puntos_intento_1.mp4,364,3033.333,True,140.000,159.000,0.000,178.000,64.000,0.211111,0.527778,-0.822729,58.846,74.812,119.985,3237.5
Victor_9_puntos_intento_1.mp4,365,3041.667,True,140.000,159.000,0.000,178.000,65.000,0.211111,0.522222,-0.826266,58.749,73.908,121.530,3230.5
Victor_9_puntos_intento_1.mp4,366,3050.000,True,140.000,159.000,0.000,178.000,64.000,0.211111,0.527778,-0.822729,58.535,74.532,123.181,3244.5
Victor_9_puntos_intento_1.mp4,367,3058.333,True,140.000,159.000,0.000,178.000,64.000,0.211111,0.527778,-0.822729,59.022,74.396,120.808,3233.0
Victor_9_puntos_intento_1.mp4,368,3066.667,True,140.000,159.000,0.000,178.000,64.000,0.211111,0.527778,-0.822729,58.864,75.104,120.929,3263.0
Victor_9_puntos_intento_1.mp4,369,3075.000,True,140.000,159.000,0.000,178.000,64.000,0.211111,0.527778,-0.822729,58.615,74.281,121.922,3224.0
Victor_9_puntos_intento_1.mp4,370,3083.333,True,140.000,159.000,0.000,179.000,64.000,0.216667,0.527778,-0.821283,59.103,72.825,123.325,3212.5
Victor_9_puntos_intento_1.mp4,371,3091.667,True,140.000,159.000,0.000,178.000,64.000,0.211111,0.527778,-0.822729,58.060,73.901,123.965,3202.0
Victor_9_puntos_intento_1.mp4,372,3100.000,True,140.000,159.000,0.000,178.000,64.000,0.211111,0.527778,-0.822729,57.905,74.300,123.774,3199.5
Victor_9_puntos_intento_1.mp4,373,3108.333,True,140.000,159.000,0.000,178.000,64.000,0.211111,0.527778,-0.822729,58.626,74.434,124.284,3201.5
Victor_9_puntos_intento_1.mp4,374,3116.667,True,140.000,159.000,0.000,178.000,64.000,0.211111,0.527778,-0.822729,58.477,74.994,120.153,3213.0
Victor_9_puntos_intento_1.mp4,375,3125.000,True,140.000,159.000,0.000,178.000,64.000,0.211111,0.527778,-0.822729,58.490,74.551,123.895,3204.5
Victor_9_puntos_intento_1.mp4,376,3133.333,True,140.000,159.000,0.000,178.000,64.000,0.211111,0.527778,-0.822729,58.552,74.825,120.154,3211.0
Victor_9_puntos_intento_1.mp4,377,3141.667,True,140.000,159.000,0.000,178.000,64.000,0.211111,0.527778,-0.822729,58.171,73.606,122.018,3171.5
Victor_9_puntos_intento_1.mp4,378,3150.000,True,140.000,159.000,0.000,178.000,64.000,0.211111,0.527778,-0.822729,58.156,73.642,122.034,3173.0
Victor_9_puntos_intento_1.mp4,379,3158.333,True,140.000,159.000,0.000,178.000,64.000,0.211111,0.527778,-0.822729,58.445,72.868,121.643,3146.0
Victor_9_puntos_intento_1.mp4,380,3166.667,True,140.000,159.000,0.000,178.000,64.000,0.211111,0.527778,-0.822729,58.214,73.224,120.671,3159.0
Victor_9_puntos_intento_1.mp4,381,3175.000,True,140.000,159.000,0.000,178.000,64.000,0.211111,0.527778,-0.822729,57.945,73.672,120.613,3144.0
Victor_9_puntos_intento_1.mp4,382,3183.333,True,140.000,159.000,0.000,178.000,64.000,0.211111,0.527778,-0.822729,58.032,73.193,122.959,3142.0
Victor_9_puntos_intento_1.mp4,383,3191.667,True,140.000,159.000,0.000,178.000,64.000,0.211111,0.527778,-0.822729,58.304,73.399,121.237,3142.0
Victor_9_puntos_intento_1.mp4,384,3200.000,True,140.000,159.000,0.000,178.000,64.000,0.211111,0.527778,-0.822729,58.452,72.136,122.393,3155.5
Victor_9_puntos_intento_1.mp4,385,3208.333,True,140.000,159.000,0.000,178.000,64.000,0.211111,0.527778,-0.822729,57.702,72.697,122.020,3115.5
Victor_9_puntos_intento_1.mp4,386,3216.667,True,140.000,159.000,0.000,178.000,64.000,0.211111,0.527778,-0.822729,58.044,72.631,123.352,3146.5
Victor_9_puntos_intento_1.mp4,387,3225.000,True,140.000,159.000,0.000,179.000,65.000,0.216667,0.522222,-0.824827,57.921,71.664,122.019,3104.0
Victor_9_puntos_intento_1.mp4,388,3233.333,True,140.000,159.000,0.000,178.000,64.000,0.211111,0.527778,-0.822729,57.874,72.672,119.186,3109.5
Victor_9_puntos_intento_1.mp4,389,3241.667,True,140.000,159.000,0.000,178.000,64.000,0.211111,0.527778,-0.822729,57.773,72.069,123.446,3086.0
Victor_9_puntos_intento_1.mp4,390,3250.000,True,140.000,159.000,0.000,177.000,64.000,0.205556,0.527778,-0.824134,57.553,73.531,118.257,3094.0
Victor_9_puntos_intento_1.mp4,391,3258.333,True,140.000,159.000,0.000,178.000,64.000,0.211111,0.527778,-0.822729,57.182,72.784,119.520,3057.5
Victor_9_puntos_intento_1.mp4,392,3266.667,True,140.000,159.000,0.000,178.000,64.000,0.211111,0.527778,-0.822729,57.503,71.921,121.905,3076.5
Victor_9_puntos_intento_1.mp4,393,3275.000,True,140.000,159.000,0.000,179.000,64.000,0.216667,0.527778,-0.821283,57.166,71.794,123.302,3066.5
Victor_9_puntos_intento_1.mp4,394,3283.333,True,140.000,159.000,0.000,178.000,64.000,0.211111,0.527778,-0.822729,57.150,72.449,121.784,3076.0
Victor_9_puntos_intento_1.mp4,395,3291.667,True,140.000,159.000,0.000,178.000,64.000,0.211111,0.527778,-0.822729,57.280,71.787,122.703,3068.5
Victor_9_puntos_intento_1.mp4,396,3300.000,True,140.000,159.000,0.000,178.000,64.000,0.211111,0.527778,-0.822729,57.405,71.706,122.953,3078.5
Victor_9_puntos_intento_1.mp4,397,3308.333,True,140.000,159.000,0.000,178.000,64.000,0.211111,0.527778,-0.822729,57.201,72.491,120.575,3054.5
Victor_9_puntos_intento_1.mp4,398,3316.667,True,140.000,159.000,0.000,178.000,64.000,0.211111,0.527778,-0.822729,57.146,73.063,120.186,3068.5
Victor_9_puntos_intento_1.mp4,399,3325.000,True,140.000,159.000,0.000,178.000,64.000,0.211111,0.527778,-0.822729,57.325,71.587,121.489,3024.5
Victor_9_puntos_intento_1.mp4,400,3333.333,True,140.000,159.000,0.000,178.000,64.000,0.211111,0.527778,-0.822729,56.861,72.819,120.537,3039.5
Victor_9_puntos_intento_1.mp4,401,3341.667,True,140.000,159.000,0.000,179.000,64.000,0.216667,0.527778,-0.821283,57.085,70.896,120.861,3014.0
Victor_9_puntos_intento_1.mp4,402,3350.000,True,140.000,159.000,0.000,179.000,64.000,0.216667,0.527778,-0.821283,57.356,71.113,120.058,3035.5
Victor_9_puntos_intento_1.mp4,403,3358.333,True,140.000,159.000,0.000,179.000,64.000,0.216667,0.527778,-0.821283,56.751,70.941,123.366,2999.0
Victor_9_puntos_intento_1.mp4,404,3366.667,True,140.000,159.000,0.000,179.000,64.000,0.216667,0.527778,-0.821283,56.935,71.133,121.645,3012.0
Victor_9_puntos_intento_1.mp4,405,3375.000,True,140.000,159.000,0.000,178.000,64.000,0.211111,0.527778,-0.822729,56.838,72.107,121.469,3023.0
Victor_9_puntos_intento_1.mp4,406,3383.333,True,140.000,159.000,0.000,179.000,64.000,0.216667,0.527778,-0.821283,56.573,71.531,120.868,2986.5
Victor_9_puntos_intento_1.mp4,407,3391.667,True,140.000,159.000,0.000,179.000,64.000,0.216667,0.527778,-0.821283,56.844,70.456,122.409,2974.0
Victor_9_puntos_intento_1.mp4,408,3400.000,True,140.000,159.000,0.000,178.000,64.000,0.211111,0.527778,-0.822729,56.484,72.016,119.689,2962.0
Victor_9_puntos_intento_1.mp4,409,3408.333,True,140.000,159.000,0.000,179.000,64.000,0.216667,0.527778,-0.821283,57.108,71.400,118.968,3003.0
Victor_9_puntos_intento_1.mp4,410,3416.667,True,140.000,159.000,0.000,178.000,64.000,0.211111,0.527778,-0.822729,56.575,71.495,119.166,2979.0
Victor_9_puntos_intento_1.mp4,411,3425.000,True,140.000,159.000,0.000,179.000,64.000,0.216667,0.527778,-0.821283,56.494,71.170,121.987,2980.0
Victor_9_puntos_intento_1.mp4,412,3433.333,True,140.000,159.000,0.000,179.000,64.000,0.216667,0.527778,-0.821283,56.697,70.475,122.780,2989.0
Victor_9_puntos_intento_1.mp4,413,3441.667,True,140.000,159.000,0.000,179.000,64.000,0.216667,0.527778,-0.821283,56.230,71.007,123.085,2956.0
Victor_9_puntos_intento_1.mp4,414,3450.000,True,140.000,159.000,0.000,178.000,64.000,0.211111,0.527778,-0.822729,56.286,71.732,121.246,2967.0
Victor_9_puntos_intento_1.mp4,415,3458.333,True,140.000,159.000,0.000,178.000,64.000,0.211111,0.527778,-0.822729,56.389,71.396,122.172,2933.0
Victor_9_puntos_intento_1.mp4,416,3466.667,True,140.000,159.000,0.000,178.000,64.000,0.211111,0.527778,-0.822729,56.565,71.609,121.109,2966.0
Victor_9_puntos_intento_1.mp4,417,3475.000,True,140.000,159.000,0.000,178.000,64.000,0.211111,0.527778,-0.822729,56.333,71.127,122.837,2935.5
Victor_9_puntos_intento_1.mp4,418,3483.333,True,140.000,159.000,0.000,178.000,64.000,0.211111,0.527778,-0.822729,56.267,70.884,123.697,2936.0
Victor_9_puntos_intento_1.mp4,419,3491.667,True,140.000,159.000,0.000,178.000,64.000,0.211111,0.527778,-0.822729,56.583,70.733,121.573,2935.5
Victor_9_puntos_intento_1.mp4,420,3500.000,True,140.000,159.000,0.000,178.000,63.000,0.211111,0.533333,-0.819138,55.915,71.284,122.643,2951.5
Victor_9_puntos_intento_1.mp4,421,3508.333,True,140.000,159.000,0.000,178.000,64.000,0.211111,0.527778,-0.822729,56.467,70.253,123.567,2910.5
Victor_9_puntos_intento_1.mp4,422,3516.667,True,140.000,159.000,0.000,178.000,64.000,0.211111,0.527778,-0.822729,55.909,70.512,120.904,2919.5
Victor_9_puntos_intento_1.mp4,423,3525.000,True,140.000,159.000,0.000,178.000,64.000,0.211111,0.527778,-0.822729,56.483,70.670,121.320,2930.0
Victor_9_puntos_intento_1.mp4,424,3533.333,True,140.000,159.000,0.000,178.000,64.000,0.211111,0.527778,-0.822729,56.726,69.454,123.310,2934.5
Victor_9_puntos_intento_1.mp4,425,3541.667,True,140.000,159.000,0.000,180.000,64.000,0.222222,0.527778,-0.819797,56.054,69.658,124.324,2911.5
Victor_9_puntos_intento_1.mp4,426,3550.000,True,140.000,159.000,0.000,180.000,64.000,0.222222,0.527778,-0.819797,56.373,69.715,120.727,2939.5
Victor_9_puntos_intento_1.mp4,427,3558.333,True,140.000,159.000,0.000,179.000,64.000,0.216667,0.527778,-0.821283,56.635,68.690,124.370,2916.0
Victor_9_puntos_intento_1.mp4,428,3566.667,True,140.000,159.000,0.000,179.000,64.000,0.216667,0.527778,-0.821283,55.553,69.327,122.412,2920.5
Victor_9_puntos_intento_1.mp4,429,3575.000,True,140.000,159.000,0.000,179.000,64.000,0.216667,0.527778,-0.821283,56.007,70.505,119.109,2928.5
Victor_9_puntos_intento_1.mp4,430,3583.333,True,140.000,159.000,0.000,179.000,64.000,0.216667,0.527778,-0.821283,56.106,70.468,120.579,2941.5
Victor_9_puntos_intento_1.mp4,431,3591.667,True,140.000,159.000,0.000,179.000,64.000,0.216667,0.527778,-0.821283,56.194,69.592,119.536,2932.0
Victor_9_puntos_intento_1.mp4,432,3600.000,True,140.000,159.000,0.000,178.000,64.000,0.211111,0.527778,-0.822729,55.924,71.050,119.296,2944.0
Victor_9_puntos_intento_1.mp4,433,3608.333,True,140.000,159.000,0.000,179.000,64.000,0.216667,0.527778,-0.821283,56.211,70.196,120.681,2937.0
Victor_9_puntos_intento_1.mp4,434,3616.667,True,140.000,159.000,0.000,179.000,64.000,0.216667,0.527778,-0.821283,56.292,71.255,120.452,2939.5
Victor_9_puntos_intento_1.mp4,435,3625.000,True,140.000,159.000,0.000,179.000,64.000,0.216667,0.527778,-0.821283,55.876,70.549,121.686,2917.5
Victor_9_puntos_intento_1.mp4,436,3633.333,True,140.000,159.000,0.000,179.000,64.000,0.216667,0.527778,-0.821283,55.822,70.760,121.882,2924.0
Victor_9_puntos_intento_1.mp4,437,3641.667,True,140.000,159.000,0.000,180.000,64.000,0.222222,0.527778,-0.819797,56.040,69.446,121.932,2926.0
Victor_9_puntos_intento_1.mp4,438,3650.000,True,140.000,159.000,0.000,179.000,64.000,0.216667,0.527778,-0.821283,55.833,70.639,121.626,2924.0
Victor_9_puntos_intento_1.mp4,439,3658.333,True,140.000,159.000,0.000,179.000,64.000,0.216667,0.527778,-0.821283,56.246,69.748,122.264,2924.0
Victor_9_puntos_intento_1.mp4,440,3666.667,True,140.000,159.000,0.000,179.000,64.000,0.216667,0.527778,-0.821283,56.328,70.479,120.322,2929.5
Victor_9_puntos_intento_1.mp4,441,3675.000,True,140.000,159.000,0.000,179.000,64.000,0.216667,0.527778,-0.821283,55.651,70.500,123.780,2921.5
Victor_9_puntos_intento_1.mp4,442,3683.333,True,140.000,159.000,0.000,179.000,63.000,0.216667,0.533333,-0.817686,56.104,71.392,118.426,2925.5
Victor_9_puntos_intento_1.mp4,443,3691.667,True,140.000,159.000,0.000,179.000,64.000,0.216667,0.527778,-0.821283,56.250,70.464,121.587,2931.5
Victor_9_puntos_intento_1.mp4,444,3700.000,True,140.000,159.000,0.000,179.000,64.000,0.216667,0.527778,-0.821283,56.222,71.318,119.728,2958.0
Victor_9_puntos_intento_1.mp4,445,3708.333,True,140.000,159.000,0.000,179.000,64.000,0.216667,0.527778,-0.821283,55.907,71.660,120.299,2960.5
Victor_9_puntos_intento_1.mp4,446,3716.667,True,140.000,159.000,0.000,179.000,64.000,0.216667,0.527778,-0.821283,56.571,70.780,122.612,2972.5
Victor_9_puntos_intento_1.mp4,447,3725.000,True,140.000,159.000,0.000,179.000,64.000,0.216667,0.527778,-0.821283,56.569,71.605,121.219,3002.5
Victor_9_puntos_intento_1.mp4,448,3733.333,True,140.000,159.000,0.000,179.000,64.000,0.216667,0.527778,-0.821283,56.111,71.305,120.691,2969.5
Victor_9_puntos_intento_1.mp4,449,3741.667,True,140.000,159.000,0.000,179.000,64.000,0.216667,0.527778,-0.821283,55.626,71.837,121.839,2995.5
Victor_9_puntos_intento_1.mp4,450,3750.000,True,140.000,159.000,0.000,180.000,64.000,0.222222,0.527778,-0.819797,55.976,71.416,123.762,3005.5
Victor_9_puntos_intento_1.mp4,451,3758.333,True,140.000,159.000,0.000,180.000,64.000,0.222222,0.527778,-0.819797,56.082,71.646,122.218,3003.0
Victor_9_puntos_intento_1.mp4,452,3766.667,True,140.000,159.000,0.000,180.000,64.000,0.222222,0.527778,-0.819797,56.531,71.481,123.251,3023.5
Victor_9_puntos_intento_1.mp4,453,3775.000,True,140.000,159.000,0.000,179.000,64.000,0.216667,0.527778,-0.821283,56.858,71.277,120.647,3016.0
Victor_9_puntos_intento_1.mp4,454,3783.333,True,140.000,159.000,0.000,179.000,64.000,0.216667,0.527778,-0.821283,56.871,71.675,120.234,3034.0
Victor_9_puntos_intento_1.mp4,455,3791.667,True,140.000,159.000,0.000,180.000,64.000,0.222222,0.527778,-0.819797,56.927,70.645,122.287,3021.0
Victor_9_puntos_intento_1.mp4,456,3800.000,True,140.000,159.000,0.000,179.000,64.000,0.216667,0.527778,-0.821283,56.687,71.852,122.150,3044.0
Victor_9_puntos_intento_1.mp4,457,3808.333,True,140.000,159.000,0.000,179.000,64.000,0.216667,0.527778,-0.821283,57.058,71.964,120.983,3036.0
Victor_9_puntos_intento_1.mp4,458,3816.667,True,140.000,159.000,0.000,179.000,64.000,0.216667,0.527778,-0.821283,57.099,71.976,120.864,3064.5
Victor_9_puntos_intento_1.mp4,459,3825.000,True,140.000,159.000,0.000,179.000,64.000,0.216667,0.527778,-0.821283,57.289,72.571,120.983,3105.5
Victor_9_puntos_intento_1.mp4,460,3833.333,True,140.000,159.000,0.000,180.000,64.000,0.222222,0.527778,-0.819797,57.509,72.069,120.114,3093.5
Victor_9_puntos_intento_1.mp4,461,3841.667,True,140.000,159.000,0.000,180.000,64.000,0.222222,0.527778,-0.819797,57.408,71.554,121.390,3097.5
Victor_9_puntos_intento_1.mp4,462,3850.000,True,140.000,159.000,0.000,180.000,64.000,0.222222,0.527778,-0.819797,57.284,72.024,121.795,3108.0
Victor_9_puntos_intento_1.mp4,463,3858.333,True,140.000,159.000,0.000,179.000,64.000,0.216667,0.527778,-0.821283,57.180,73.131,122.442,3104.0
Victor_9_puntos_intento_1.mp4,464,3866.667,True,140.000,159.000,0.000,179.000,64.000,0.216667,0.527778,-0.821283,57.050,73.172,121.670,3099.5
Victor_9_puntos_intento_1.mp4,465,3875.000,True,140.000,159.000,0.000,179.000,64.000,0.216667,0.527778,-0.821283,57.493,73.442,121.579,3127.5
Victor_9_puntos_intento_1.mp4,466,3883.333,True,140.000,159.000,0.000,180.000,64.000,0.222222,0.527778,-0.819797,58.002,72.535,122.346,3147.0
Victor_9_puntos_intento_1.mp4,467,3891.667,True,140.000,159.000,0.000,180.000,64.000,0.222222,0.527778,-0.819797,58.110,72.309,122.609,3128.5
Victor_9_puntos_intento_1.mp4,468,3900.000,True,140.000,159.000,0.000,180.000,64.000,0.222222,0.527778,-0.819797,58.167,72.920,121.113,3165.5
Victor_9_puntos_intento_1.mp4,469,3908.333,True,140.000,159.000,0.000,179.000,64.000,0.216667,0.527778,-0.821283,58.419,72.826,122.461,3133.5
Victor_9_puntos_intento_1.mp4,470,3916.667,True,140.000,159.000,0.000,179.000,64.000,0.216667,0.527778,-0.821283,58.231,73.198,123.236,3138.5
Victor_9_puntos_intento_1.mp4,471,3925.000,True,140.000,159.000,0.000,179.000,64.000,0.216667,0.527778,-0.821283,57.388,73.542,120.114,3144.5
Victor_9_puntos_intento_1.mp4,472,3933.333,True,140.000,159.000,0.000,179.000,64.000,0.216667,0.527778,-0.821283,58.186,72.973,120.161,3160.0
Victor_9_puntos_intento_1.mp4,473,3941.667,True,140.000,159.000,0.000,179.000,64.000,0.216667,0.527778,-0.821283,58.180,73.139,122.159,3198.0
Victor_9_puntos_intento_1.mp4,474,3950.000,True,140.000,159.000,0.000,179.000,64.000,0.216667,0.527778,-0.821283,58.473,73.540,122.260,3168.0
Victor_9_puntos_intento_1.mp4,475,3958.333,True,140.000,159.000,0.000,179.000,64.000,0.216667,0.527778,-0.821283,57.990,73.967,121.432,3161.5
Victor_9_puntos_intento_1.mp4,476,3966.667,True,140.000,159.000,0.000,179.000,64.000,0.216667,0.527778,-0.821283,58.102,74.221,119.287,3184.5
Victor_9_puntos_intento_1.mp4,477,3975.000,True,140.000,159.000,0.000,178.000,64.000,0.211111,0.527778,-0.822729,58.157,75.376,117.462,3185.5
Victor_9_puntos_intento_1.mp4,478,3983.333,True,140.000,159.000,0.000,179.000,64.000,0.216667,0.527778,-0.821283,58.295,74.474,120.213,3197.0
Victor_9_puntos_intento_1.mp4,479,3991.667,True,140.000,159.000,0.000,179.000,64.000,0.216667,0.527778,-0.821283,58.120,74.679,120.223,3185.0
Victor_9_puntos_intento_1.mp4,480,4000.000,True,140.000,159.000,0.000,179.000,64.000,0.216667,0.527778,-0.821283,58.020,74.821,120.569,3178.0
Victor_9_puntos_intento_1.mp4,481,4008.333,True,140.000,159.000,0.000,179.000,65.000,0.216667,0.522222,-0.824827,58.650,73.985,120.627,3166.0
Victor_9_puntos_intento_1.mp4,482,4016.667,True,140.000,159.000,0.000,179.000,65.000,0.216667,0.522222,-0.824827,58.958,73.128,121.417,3206.5
Victor_9_puntos_intento_1.mp4,483,4025.000,True,140.000,159.000,0.000,180.000,65.000,0.222222,0.522222,-0.823348,58.932,73.046,126.247,3194.0
Victor_9_puntos_intento_1.mp4,484,4033.333,True,140.000,159.000,0.000,180.000,65.000,0.222222,0.522222,-0.823348,58.864,73.519,124.652,3210.0
Victor_9_puntos_intento_1.mp4,485,4041.667,True,140.000,159.000,0.000,180.000,64.000,0.222222,0.527778,-0.819797,58.827,73.157,124.477,3193.0
Victor_9_puntos_intento_1.mp4,486,4050.000,True,140.000,159.000,0.000,179.000,65.000,0.216667,0.522222,-0.824827,59.026,73.093,123.017,3211.0
Victor_9_puntos_intento_1.mp4,487,4058.333,True,140.000,159.000,0.000,179.000,65.000,0.216667,0.522222,-0.824827,59.214,73.135,124.004,3212.0
Victor_9_puntos_intento_1.mp4,488,4066.667,True,140.000,159.000,0.000,179.000,65.000,0.216667,0.522222,-0.824827,58.683,73.511,120.663,3213.0
Victor_9_puntos_intento_1.mp4,489,4075.000,True,140.000,159.000,0.000,179.000,65.000,0.216667,0.522222,-0.824827,59.023,72.976,122.059,3200.0
Victor_9_puntos_intento_1.mp4,490,4083.333,True,140.000,159.000,0.000,179.000,65.000,0.216667,0.522222,-0.824827,59.122,73.736,121.612,3220.5
Victor_9_puntos_intento_1.mp4,491,4091.667,True,140.000,159.000,0.000,179.000,64.000,0.216667,0.527778,-0.821283,58.442,73.939,121.296,3200.0
Victor_9_puntos_intento_1.mp4,492,4100.000,True,140.000,159.000,0.000,179.000,64.000,0.216667,0.527778,-0.821283,58.786,73.669,120.222,3222.5
Victor_9_puntos_intento_1.mp4,493,4108.333,True,140.000,159.000,0.000,179.000,64.000,0.216667,0.527778,-0.821283,58.689,73.818,119.924,3218.0
Victor_9_puntos_intento_1.mp4,494,4116.667,True,140.000,159.000,0.000,179.000,64.000,0.216667,0.527778,-0.821283,58.448,74.846,119.815,3229.0
Victor_9_puntos_intento_1.mp4,495,4125.000,True,140.000,159.000,0.000,179.000,64.000,0.216667,0.527778,-0.821283,58.196,73.889,123.292,3166.5
Victor_9_puntos_intento_1.mp4,496,4133.333,True,140.000,159.000,0.000,179.000,64.000,0.216667,0.527778,-0.821283,58.390,74.090,122.176,3211.0
Victor_9_puntos_intento_1.mp4,497,4141.667,True,140.000,159.000,0.000,179.000,64.000,0.216667,0.527778,-0.821283,58.485,74.196,122.944,3219.5
Victor_9_puntos_intento_1.mp4,498,4150.000,True,140.000,159.000,0.000,180.000,64.000,0.222222,0.527778,-0.819797,58.283,73.495,126.507,3189.0
Victor_9_puntos_intento_1.mp4,499,4158.333,True,140.000,159.000,0.000,180.000,64.000,0.222222,0.527778,-0.819797,57.848,74.019,123.787,3192.5
Victor_9_puntos_intento_1.mp4,500,4166.667,True,140.000,159.000,0.000,179.000,64.000,0.216667,0.527778,-0.821283,58.158,73.441,121.840,3187.5
Victor_9_puntos_intento_1.mp4,501,4175.000,True,140.000,159.000,0.000,180.000,65.000,0.222222,0.522222,-0.823348,58.290,73.894,122.542,3196.0
Victor_9_puntos_intento_1.mp4,502,4183.333,True,140.000,159.000,0.000,179.000,64.000,0.216667,0.527778,-0.821283,57.956,74.509,120.301,3190.5
Victor_9_puntos_intento_1.mp4,503,4191.667,True,140.000,159.000,0.000,179.000,65.000,0.216667,0.522222,-0.824827,58.329,74.381,120.522,3174.5
Victor_9_puntos_intento_1.mp4,504,4200.000,True,140.000,159.000,0.000,179.000,65.000,0.216667,0.522222,-0.824827,58.224,74.500,121.037,3171.0
Victor_9_puntos_intento_1.mp4,505,4208.333,True,140.000,159.000,0.000,180.000,65.000,0.222222,0.522222,-0.823348,58.078,73.812,122.733,3157.0
Victor_9_puntos_intento_1.mp4,506,4216.667,True,140.000,159.000,0.000,179.000,65.000,0.216667,0.522222,-0.824827,58.190,73.983,119.404,3152.0
Victor_9_puntos_intento_1.mp4,507,4225.000,True,140.000,159.000,0.000,180.000,64.000,0.222222,0.527778,-0.819797,58.179,74.167,121.576,3170.5
Victor_9_puntos_intento_1.mp4,508,4233.333,True,140.000,159.000,0.000,180.000,64.000,0.222222,0.527778,-0.819797,58.302,73.513,121.614,3165.0
Victor_9_puntos_intento_1.mp4,509,4241.667,True,140.000,159.000,0.000,180.000,65.000,0.222222,0.522222,-0.823348,58.589,71.973,124.166,3159.5
Victor_9_puntos_intento_1.mp4,510,4250.000,True,140.000,159.000,0.000,180.000,64.000,0.222222,0.527778,-0.819797,58.133,73.418,121.329,3173.5
Victor_9_puntos_intento_1.mp4,511,4258.333,True,140.000,159.000,0.000,180.000,65.000,0.222222,0.522222,-0.823348,57.940,72.829,125.732,3146.0
Victor_9_puntos_intento_1.mp4,512,4266.667,True,140.000,159.000,0.000,180.000,65.000,0.222222,0.522222,-0.823348,57.822,72.626,124.232,3171.0
Victor_9_puntos_intento_1.mp4,513,4275.000,True,140.000,159.000,0.000,180.000,65.000,0.222222,0.522222,-0.823348,57.510,72.416,125.119,3136.0
Victor_9_puntos_intento_1.mp4,514,4283.333,True,140.000,159.000,0.000,180.000,64.000,0.222222,0.527778,-0.819797,57.818,73.067,122.586,3145.5
Victor_9_puntos_intento_1.mp4,515,4291.667,True,140.000,159.000,0.000,180.000,65.000,0.222222,0.522222,-0.823348,57.825,72.442,123.783,3156.5
Victor_9_puntos_intento_1.mp4,516,4300.000,True,140.000,159.000,0.000,180.000,65.000,0.222222,0.522222,-0.823348,57.421,73.368,122.717,3134.5
Victor_9_puntos_intento_1.mp4,517,4308.333,True,140.000,159.000,0.000,181.000,65.000,0.227778,0.522222,-0.821828,58.146,72.981,121.502,3134.0
Victor_9_puntos_intento_1.mp4,518,4316.667,True,140.000,159.000,0.000,180.000,65.000,0.222222,0.522222,-0.823348,57.903,73.468,122.186,3143.5
Victor_9_puntos_intento_1.mp4,519,4325.000,True,140.000,159.000,0.000,180.000,65.000,0.222222,0.522222,-0.823348,57.741,73.442,121.332,3129.5
Victor_9_puntos_intento_1.mp4,520,4333.333,True,140.000,159.000,0.000,180.000,65.000,0.222222,0.522222,-0.823348,57.634,74.553,120.763,3151.0
Victor_9_puntos_intento_1.mp4,521,4341.667,True,140.000,159.000,0.000,181.000,65.000,0.227778,0.522222,-0.821828,57.454,73.028,123.740,3133.0
Victor_9_puntos_intento_1.mp4,522,4350.000,True,140.000,159.000,0.000,181.000,65.000,0.227778,0.522222,-0.821828,57.645,72.803,122.900,3145.0
Victor_9_puntos_intento_1.mp4,523,4358.333,True,140.000,159.000,0.000,181.000,65.000,0.227778,0.522222,-0.821828,57.500,72.860,123.077,3126.5
Victor_9_puntos_intento_1.mp4,524,4366.667,True,140.000,159.000,0.000,181.000,65.000,0.227778,0.522222,-0.821828,58.078,72.048,125.274,3122.5
Victor_9_puntos_intento_1.mp4,525,4375.000,True,140.000,159.000,0.000,181.000,65.000,0.227778,0.522222,-0.821828,57.791,72.762,122.103,3134.5
Victor_9_puntos_intento_1.mp4,526,4383.333,True,140.000,159.000,0.000,181.000,65.000,0.227778,0.522222,-0.821828,57.752,73.432,121.141,3145.0
Victor_9_puntos_intento_1.mp4,527,4391.667,True,140.000,159.000,0.000,181.000,65.000,0.227778,0.522222,-0.821828,57.769,73.194,121.720,3115.5
Victor_9_puntos_intento_1.mp4,528,4400.000,True,140.000,159.000,0.000,181.000,65.000,0.227778,0.522222,-0.821828,57.568,73.357,122.027,3121.5
Victor_9_puntos_intento_1.mp4,529,4408.333,True,140.000,159.000,0.000,181.000,65.000,0.227778,0.522222,-0.821828,57.428,73.083,122.337,3112.0
Victor_9_puntos_intento_1.mp4,530,4416.667,True,140.000,159.000,0.000,181.000,64.000,0.227778,0.527778,-0.818271,57.617,72.939,123.739,3135.0
Victor_9_puntos_intento_1.mp4,531,4425.000,True,140.000,159.000,0.000,181.000,64.000,0.227778,0.527778,-0.818271,57.491,72.681,125.982,3110.0
Victor_9_puntos_intento_1.mp4,532,4433.333,True,140.000,159.000,0.000,182.000,65.000,0.233333,0.522222,-0.820268,57.172,71.853,125.832,3115.0
Victor_9_puntos_intento_1.mp4,533,4441.667,True,140.000,159.000,0.000,181.000,65.000,0.227778,0.522222,-0.821828,57.171,72.743,123.634,3114.5
Victor_9_puntos_intento_1.mp4,534,4450.000,True,140.000,159.000,0.000,181.000,65.000,0.227778,0.522222,-0.821828,57.526,72.204,124.006,3135.5
Victor_9_puntos_intento_1.mp4,535,4458.333,True,140.000,159.000,0.000,181.000,65.000,0.227778,0.522222,-0.821828,56.998,72.137,124.193,3114.5
Victor_9_puntos_intento_1.mp4,536,4466.667,True,140.000,159.000,0.000,181.000,65.000,0.227778,0.522222,-0.821828,57.320,71.852,123.728,3129.0
Victor_9_puntos_intento_1.mp4,537,4475.000,True,140.000,159.000,0.000,181.000,65.000,0.227778,0.522222,-0.821828,57.429,72.127,123.330,3090.5
Victor_9_puntos_intento_1.mp4,538,4483.333,True,140.000,159.000,0.000,181.000,65.000,0.227778,0.522222,-0.821828,56.975,72.569,125.318,3106.5
Victor_9_puntos_intento_1.mp4,539,4491.667,True,140.000,159.000,0.000,182.000,65.000,0.233333,0.522222,-0.820268,57.249,71.642,125.419,3093.0
Victor_9_puntos_intento_1.mp4,540,4500.000,True,140.000,159.000,0.000,182.000,65.000,0.233333,0.522222,-0.820268,57.801,71.203,124.995,3118.0
Victor_9_puntos_intento_1.mp4,541,4508.333,True,140.000,159.000,0.000,181.000,65.000,0.227778,0.522222,-0.821828,57.666,72.853,125.042,3113.0
Victor_9_puntos_intento_1.mp4,542,4516.667,True,140.000,159.000,0.000,179.000,65.000,0.216667,0.522222,-0.824827,58.168,72.608,124.381,3170.5
Victor_9_puntos_intento_1.mp4,543,4525.000,True,140.000,159.000,0.000,170.000,68.000,0.166667,0.505556,-0.846543,61.411,70.757,121.688,3258.0
Victor_9_puntos_intento_1.mp4,544,4533.333,True,140.000,159.000,0.000,156.000,70.000,0.088889,0.494444,-0.864652,62.803,75.618,103.333,3675.5
Victor_9_puntos_intento_1.mp4,545,4541.667,True,140.000,159.000,0.000,144.000,73.000,0.022222,0.477778,-0.878200,64.706,76.617,98.037,3813.5
Victor_9_puntos_intento_1.mp4,546,4550.000,True,140.000,159.000,0.000,132.000,77.000,-0.044444,0.455556,-0.889097,65.787,77.459,91.728,3901.0
Victor_9_puntos_intento_1.mp4,547,4558.333,True,140.000,159.000,0.000,124.000,80.000,-0.088889,0.438889,-0.894134,66.470,77.075,89.880,3935.0
Victor_9_puntos_intento_1.mp4,548,4566.667,True,140.000,159.000,0.000,123.000,80.000,-0.094444,0.438889,-0.893564,66.563,77.215,91.351,3926.0
Victor_9_puntos_intento_1.mp4,549,4575.000,True,140.000,159.000,0.000,125.000,79.000,-0.083333,0.444444,-0.891922,65.314,77.225,96.102,3861.0
Victor_9_puntos_intento_1.mp4,550,4583.333,True,140.000,159.000,0.000,126.000,78.000,-0.077778,0.450000,-0.889635,65.102,77.687,96.729,3867.0
Victor_9_puntos_intento_1.mp4,551,4591.667,True,140.000,159.000,0.000,126.000,78.000,-0.077778,0.450000,-0.889635,65.538,76.690,96.405,3862.0
Victor_9_puntos_intento_1.mp4,552,4600.000,True,140.000,159.000,0.000,126.000,78.000,-0.077778,0.450000,-0.889635,65.339,77.389,96.322,3865.0
Victor_9_puntos_intento_1.mp4,553,4608.333,True,140.000,159.000,0.000,126.000,78.000,-0.077778,0.450000,-0.889635,66.142,77.368,95.738,3851.5
Victor_9_puntos_intento_1.mp4,554,4616.667,True,140.000,159.000,0.000,126.000,78.000,-0.077778,0.450000,-0.889635,66.226,77.215,96.431,3876.5
Victor_9_puntos_intento_1.mp4,555,4625.000,True,140.000,159.000,0.000,126.000,78.000,-0.077778,0.450000,-0.889635,65.745,77.315,95.436,3864.0
Victor_9_puntos_intento_1.mp4,556,4633.333,True,140.000,159.000,0.000,127.000,77.000,-0.072222,0.455556,-0.887273,65.933,77.046,95.477,3883.0
Victor_9_puntos_intento_1.mp4,557,4641.667,True,140.000,159.000,0.000,126.000,77.000,-0.077778,0.455556,-0.886803,65.280,77.512,94.260,3855.5
Victor_9_puntos_intento_1.mp4,558,4650.000,True,140.000,159.000,0.000,126.000,77.000,-0.077778,0.455556,-0.886803,65.360,77.531,94.878,3871.0
Victor_9_puntos_intento_1.mp4,559,4658.333,True,140.000,159.000,0.000,127.000,77.000,-0.072222,0.455556,-0.887273,65.537,77.439,96.679,3884.5
Victor_9_puntos_intento_1.mp4,560,4666.667,True,140.000,159.000,0.000,127.000,77.000,-0.072222,0.455556,-0.887273,65.700,76.826,96.534,3886.5
Victor_9_puntos_intento_1.mp4,561,4675.000,True,140.000,159.000,0.000,127.000,77.000,-0.072222,0.455556,-0.887273,65.547,77.667,95.243,3886.5
Victor_9_puntos_intento_1.mp4,562,4683.333,True,140.000,159.000,0.000,127.000,77.000,-0.072222,0.455556,-0.887273,65.571,78.001,95.264,3913.0
Victor_9_puntos_intento_1.mp4,563,4691.667,True,140.000,159.000,0.000,127.000,77.000,-0.072222,0.455556,-0.887273,65.945,77.549,96.746,3921.0
Victor_9_puntos_intento_1.mp4,564,4700.000,True,140.000,159.000,0.000,127.000,77.000,-0.072222,0.455556,-0.887273,66.007,77.186,97.142,3914.0
Victor_9_puntos_intento_1.mp4,565,4708.333,True,140.000,159.000,0.000,127.000,77.000,-0.072222,0.455556,-0.887273,66.210,77.404,94.259,3903.5
Victor_9_puntos_intento_1.mp4,566,4716.667,True,140.000,159.000,0.000,127.000,77.000,-0.072222,0.455556,-0.887273,66.624,77.639,95.590,3931.0
Victor_9_puntos_intento_1.mp4,567,4725.000,True,140.000,159.000,0.000,127.000,76.000,-0.072222,0.461111,-0.884398,66.005,77.163,95.409,3903.5
Victor_9_puntos_intento_1.mp4,568,4733.333,True,140.000,159.000,0.000,127.000,77.000,-0.072222,0.455556,-0.887273,66.100,77.987,94.957,3936.5
Victor_9_puntos_intento_1.mp4,569,4741.667,True,140.000,159.000,0.000,127.000,76.000,-0.072222,0.461111,-0.884398,66.401,77.644,94.935,3931.0
Victor_9_puntos_intento_1.mp4,570,4750.000,True,140.000,159.000,0.000,128.000,77.000,-0.066667,0.455556,-0.887708,67.066,77.303,97.030,3949.5
Victor_9_puntos_intento_1.mp4,571,4758.333,True,140.000,159.000,0.000,128.000,76.000,-0.066667,0.461111,-0.884835,67.257,77.255,97.263,3946.0
Victor_9_puntos_intento_1.mp4,572,4766.667,True,140.000,159.000,0.000,128.000,76.000,-0.066667,0.461111,-0.884835,66.910,77.266,97.622,3955.0
Victor_9_puntos_intento_1.mp4,573,4775.000,True,140.000,159.000,0.000,128.000,76.000,-0.066667,0.461111,-0.884835,66.695,77.184,98.255,3960.0
Victor_9_puntos_intento_1.mp4,574,4783.333,True,140.000,159.000,0.000,128.000,76.000,-0.066667,0.461111,-0.884835,65.963,77.544,97.052,3945.5
Victor_9_puntos_intento_1.mp4,575,4791.667,True,140.000,159.000,0.000,128.000,76.000,-0.066667,0.461111,-0.884835,66.845,77.946,96.663,3981.0
Victor_9_puntos_intento_1.mp4,576,4800.000,True,140.000,159.000,0.000,127.000,76.000,-0.072222,0.461111,-0.884398,66.587,78.727,95.990,3988.0
Victor_9_puntos_intento_1.mp4,577,4808.333,True,140.000,159.000,0.000,128.000,76.000,-0.066667,0.461111,-0.884835,67.193,77.938,94.031,3983.0
Victor_9_puntos_intento_1.mp4,578,4816.667,True,140.000,159.000,0.000,128.000,76.000,-0.066667,0.461111,-0.884835,66.815,78.776,94.499,4005.0
Victor_9_puntos_intento_1.mp4,579,4825.000,True,140.000,159.000,0.000,128.000,77.000,-0.066667,0.455556,-0.887708,67.109,78.502,92.780,4024.0
Victor_9_puntos_intento_1.mp4,580,4833.333,True,140.000,159.000,0.000,128.000,76.000,-0.066667,0.461111,-0.884835,66.569,78.823,94.442,4037.0
Victor_9_puntos_intento_1.mp4,581,4841.667,True,140.000,159.000,0.000,128.000,76.000,-0.066667,0.461111,-0.884835,66.407,79.166,94.242,4026.0
Victor_9_puntos_intento_1.mp4,582,4850.000,True,140.000,159.000,0.000,127.000,77.000,-0.072222,0.455556,-0.887273,67.163,79.429,94.080,4042.5
Victor_9_puntos_intento_1.mp4,583,4858.333,True,140.000,159.000,0.000,128.000,77.000,-0.066667,0.455556,-0.887708,67.378,78.778,95.270,4033.5
Victor_9_puntos_intento_1.mp4,584,4866.667,True,140.000,159.000,0.000,127.000,77.000,-0.072222,0.455556,-0.887273,67.327,79.404,94.678,4081.5
Victor_9_puntos_intento_1.mp4,585,4875.000,True,140.000,159.000,0.000,127.000,77.000,-0.072222,0.455556,-0.887273,67.343,79.282,94.988,4085.0
Victor_9_puntos_intento_1.mp4,586,4883.333,True,140.000,159.000,0.000,127.000,77.000,-0.072222,0.455556,-0.887273,67.314,79.304,95.125,4098.5
Victor_9_puntos_intento_1.mp4,587,4891.667,True,140.000,159.000,0.000,128.000,77.000,-0.066667,0.455556,-0.887708,67.760,79.428,94.956,4123.0
Victor_9_puntos_intento_1.mp4,588,4900.000,True,140.000,159.000,0.000,128.000,77.000,-0.066667,0.455556,-0.887708,67.757,79.795,94.980,4140.0
Victor_9_puntos_intento_1.mp4,589,4908.333,True,140.000,159.000,0.000,127.000,77.000,-0.072222,0.455556,-0.887273,67.672,80.050,95.442,4120.0
Victor_9_puntos_intento_1.mp4,590,4916.667,True,140.000,159.000,0.000,127.000,77.000,-0.072222,0.455556,-0.887273,68.006,79.864,94.621,4141.0
Victor_9_puntos_intento_1.mp4,591,4925.000,True,140.000,159.000,0.000,127.000,77.000,-0.072222,0.455556,-0.887273,67.972,79.704,95.315,4146.0
Victor_9_puntos_intento_1.mp4,592,4933.333,True,140.000,159.000,0.000,128.000,77.000,-0.066667,0.455556,-0.887708,68.526,80.218,95.416,4183.0
Victor_9_puntos_intento_1.mp4,593,4941.667,True,140.000,159.000,0.000,127.000,77.000,-0.072222,0.455556,-0.887273,68.442,79.755,94.664,4160.0
Victor_9_puntos_intento_1.mp4,594,4950.000,True,140.000,159.000,0.000,127.000,77.000,-0.072222,0.455556,-0.887273,67.993,80.327,93.375,4182.0
Victor_9_puntos_intento_1.mp4,595,4958.333,True,140.000,159.000,0.000,127.000,76.000,-0.072222,0.461111,-0.884398,68.379,80.526,95.006,4195.0
Victor_9_puntos_intento_1.mp4,596,4966.667,True,140.000,159.000,0.000,127.000,77.000,-0.072222,0.455556,-0.887273,68.352,80.241,96.567,4212.5
Victor_9_puntos_intento_1.mp4,597,4975.000,True,140.000,159.000,0.000,127.000,76.000,-0.072222,0.461111,-0.884398,68.224,80.630,95.467,4204.5
Victor_9_puntos_intento_1.mp4,598,4983.333,True,140.000,159.000,0.000,127.000,76.000,-0.072222,0.461111,-0.884398,67.995,81.156,94.897,4218.5
Victor_9_puntos_intento_1.mp4,599,4991.667,True,140.000,159.000,0.000,127.000,76.000,-0.072222,0.461111,-0.884398,68.546,80.121,95.771,4202.0
Victor_9_puntos_intento_1.mp4,600,5000.000,True,140.000,159.000,0.000,127.000,76.000,-0.072222,0.461111,-0.884398,68.784,80.151,96.513,4227.0
Victor_9_puntos_intento_1.mp4,601,5008.333,True,140.000,159.000,0.000,127.000,77.000,-0.072222,0.455556,-0.887273,68.863,80.340,94.500,4220.0
Victor_9_puntos_intento_1.mp4,602,5016.667,True,140.000,159.000,0.000,128.000,76.000,-0.066667,0.461111,-0.884835,68.964,79.955,97.524,4214.5
Victor_9_puntos_intento_1.mp4,603,5025.000,True,140.000,159.000,0.000,128.000,76.000,-0.066667,0.461111,-0.884835,68.681,80.137,96.188,4208.0
Victor_9_puntos_intento_1.mp4,604,5033.333,True,140.000,159.000,0.000,127.000,76.000,-0.072222,0.461111,-0.884398,69.133,80.544,94.983,4256.0
Victor_9_puntos_intento_1.mp4,605,5041.667,True,140.000,159.000,0.000,127.000,77.000,-0.072222,0.455556,-0.887273,69.241,80.041,95.073,4223.5
Victor_9_puntos_intento_1.mp4,606,5050.000,True,140.000,159.000,0.000,127.000,76.000,-0.072222,0.461111,-0.884398,68.938,80.174,95.224,4214.5
Victor_9_puntos_intento_1.mp4,607,5058.333,True,140.000,159.000,0.000,127.000,76.000,-0.072222,0.461111,-0.884398,68.861,80.217,96.890,4221.0
Victor_9_puntos_intento_1.mp4,608,5066.667,True,140.000,159.000,0.000,127.000,76.000,-0.072222,0.461111,-0.884398,68.429,80.296,95.762,4215.5
Victor_9_puntos_intento_1.mp4,609,5075.000,True,140.000,159.000,0.000,127.000,76.000,-0.072222,0.461111,-0.884398,68.329,80.323,95.786,4205.0
Victor_9_puntos_intento_1.mp4,610,5083.333,True,140.000,159.000,0.000,127.000,76.000,-0.072222,0.461111,-0.884398,68.338,79.880,95.023,4197.5
Victor_9_puntos_intento_1.mp4,611,5091.667,True,140.000,159.000,0.000,127.000,76.000,-0.072222,0.461111,-0.884398,68.304,80.022,95.777,4192.5
Victor_9_puntos_intento_1.mp4,612,5100.000,True,140.000,159.000,0.000,127.000,76.000,-0.072222,0.461111,-0.884398,68.451,80.539,93.255,4211.0
Victor_9_puntos_intento_1.mp4,613,5108.333,True,140.000,159.000,0.000,127.000,76.000,-0.072222,0.461111,-0.884398,68.396,79.666,96.963,4161.5
Victor_9_puntos_intento_1.mp4,614,5116.667,True,140.000,159.000,0.000,127.000,76.000,-0.072222,0.461111,-0.884398,68.368,80.146,96.045,4171.0
Victor_9_puntos_intento_1.mp4,615,5125.000,True,140.000,159.000,0.000,127.000,76.000,-0.072222,0.461111,-0.884398,68.288,79.780,95.413,4176.0
Victor_9_puntos_intento_1.mp4,616,5133.333,True,140.000,159.000,0.000,127.000,76.000,-0.072222,0.461111,-0.884398,68.478,79.249,96.612,4167.0
Victor_9_puntos_intento_1.mp4,617,5141.667,True,140.000,159.000,0.000,127.000,76.000,-0.072222,0.461111,-0.884398,68.144,79.888,94.682,4139.5
Victor_9_puntos_intento_1.mp4,618,5150.000,True,140.000,159.000,0.000,127.000,76.000,-0.072222,0.461111,-0.884398,67.807,79.114,96.639,4116.0
Victor_9_puntos_intento_1.mp4,619,5158.333,True,140.000,159.000,0.000,127.000,76.000,-0.072222,0.461111,-0.884398,68.011,79.531,94.648,4128.0
Victor_9_puntos_intento_1.mp4,620,5166.667,True,140.000,159.000,0.000,127.000,76.000,-0.072222,0.461111,-0.884398,67.932,79.468,94.489,4141.0
Victor_9_puntos_intento_1.mp4,621,5175.000,True,140.000,159.000,0.000,127.000,76.000,-0.072222,0.461111,-0.884398,67.956,79.712,94.747,4127.0
Victor_9_puntos_intento_1.mp4,622,5183.333,True,140.000,159.000,0.000,127.000,76.000,-0.072222,0.461111,-0.884398,67.729,79.215,98.007,4117.0
Victor_9_puntos_intento_1.mp4,623,5191.667,True,140.000,159.000,0.000,127.000,76.000,-0.072222,0.461111,-0.884398,68.048,79.397,96.548,4110.0
Victor_9_puntos_intento_1.mp4,624,5200.000,True,140.000,159.000,0.000,127.000,76.000,-0.072222,0.461111,-0.884398,68.000,78.953,98.193,4112.5
Victor_9_puntos_intento_1.mp4,625,5208.333,True,140.000,159.000,0.000,127.000,76.000,-0.072222,0.461111,-0.884398,68.280,78.962,96.183,4117.5
Victor_9_puntos_intento_1.mp4,626,5216.667,True,140.000,159.000,0.000,127.000,77.000,-0.072222,0.455556,-0.887273,68.581,78.659,98.346,4104.0
Victor_9_puntos_intento_1.mp4,627,5225.000,True,140.000,159.000,0.000,127.000,77.000,-0.072222,0.455556,-0.887273,68.313,78.756,96.062,4081.0
Victor_9_puntos_intento_1.mp4,628,5233.333,True,140.000,159.000,0.000,127.000,76.000,-0.072222,0.461111,-0.884398,68.185,78.927,96.440,4104.5
Victor_9_puntos_intento_1.mp4,629,5241.667,True,140.000,159.000,0.000,127.000,76.000,-0.072222,0.461111,-0.884398,67.972,78.374,97.354,4077.0
Victor_9_puntos_intento_1.mp4,630,5250.000,True,140.000,159.000,0.000,127.000,76.000,-0.072222,0.461111,-0.884398,67.691,79.007,95.287,4097.5
Victor_9_puntos_intento_1.mp4,631,5258.333,True,140.000,159.000,0.000,127.000,76.000,-0.072222,0.461111,-0.884398,67.705,78.715,98.605,4098.0
Victor_9_puntos_intento_1.mp4,632,5266.667,True,140.000,159.000,0.000,127.000,76.000,-0.072222,0.461111,-0.884398,67.874,79.091,96.780,4119.0
Victor_9_puntos_intento_1.mp4,633,5275.000,True,140.000,159.000,0.000,127.000,76.000,-0.072222,0.461111,-0.884398,68.051,78.775,95.544,4089.5
Victor_9_puntos_intento_1.mp4,634,5283.333,True,140.000,159.000,0.000,127.000,76.000,-0.072222,0.461111,-0.884398,67.954,78.937,97.429,4110.5
Victor_9_puntos_intento_1.mp4,635,5291.667,True,140.000,159.000,0.000,127.000,76.000,-0.072222,0.461111,-0.884398,67.262,79.369,95.161,4071.0
Victor_9_puntos_intento_1.mp4,636,5300.000,True,140.000,159.000,0.000,127.000,76.000,-0.072222,0.461111,-0.884398,67.178,79.584,95.592,4076.5
Victor_9_puntos_intento_1.mp4,637,5308.333,True,140.000,159.000,0.000,127.000,76.000,-0.072222,0.461111,-0.884398,67.869,78.720,97.804,4087.0
Victor_9_puntos_intento_1.mp4,638,5316.667,True,140.000,159.000,0.000,127.000,76.000,-0.072222,0.461111,-0.884398,67.363,78.963,96.891,4078.5
Victor_9_puntos_intento_1.mp4,639,5325.000,True,140.000,159.000,0.000,127.000,76.000,-0.072222,0.461111,-0.884398,67.268,79.017,95.587,4064.0
Victor_9_puntos_intento_1.mp4,640,5333.333,True,140.000,159.000,0.000,127.000,76.000,-0.072222,0.461111,-0.884398,67.086,78.788,95.856,4047.5
Victor_9_puntos_intento_1.mp4,641,5341.667,True,140.000,159.000,0.000,127.000,76.000,-0.072222,0.461111,-0.884398,67.116,79.370,93.946,4069.0
Victor_9_puntos_intento_1.mp4,642,5350.000,True,140.000,159.000,0.000,127.000,76.000,-0.072222,0.461111,-0.884398,67.005,79.250,94.401,4061.0
Victor_9_puntos_intento_1.mp4,643,5358.333,True,140.000,159.000,0.000,127.000,76.000,-0.072222,0.461111,-0.884398,67.417,78.391,95.614,4060.5
Victor_9_puntos_intento_1.mp4,644,5366.667,True,140.000,159.000,0.000,127.000,76.000,-0.072222,0.461111,-0.884398,67.002,79.543,94.430,4078.5
Victor_9_puntos_intento_1.mp4,645,5375.000,True,140.000,159.000,0.000,127.000,76.000,-0.072222,0.461111,-0.884398,67.246,78.879,95.585,4065.5
Victor_9_puntos_intento_1.mp4,646,5383.333,True,140.000,159.000,0.000,127.000,76.000,-0.072222,0.461111,-0.884398,67.187,78.916,96.061,4068.0
Victor_9_puntos_intento_1.mp4,647,5391.667,True,140.000,159.000,0.000,127.000,76.000,-0.072222,0.461111,-0.884398,67.374,78.041,97.295,4054.5
Victor_9_puntos_intento_1.mp4,648,5400.000,True,140.000,159.000,0.000,127.000,76.000,-0.072222,0.461111,-0.884398,67.118,78.796,96.156,4068.5
Victor_9_puntos_intento_1.mp4,649,5408.333,True,140.000,159.000,0.000,127.000,76.000,-0.072222,0.461111,-0.884398,67.542,78.368,95.376,4048.0
Victor_9_puntos_intento_1.mp4,650,5416.667,True,140.000,159.000,0.000,127.000,76.000,-0.072222,0.461111,-0.884398,67.030,79.202,94.260,4062.0
Victor_9_puntos_intento_1.mp4,651,5425.000,True,140.000,159.000,0.000,127.000,76.000,-0.072222,0.461111,-0.884398,67.119,78.836,95.959,4081.0
Victor_9_puntos_intento_1.mp4,652,5433.333,True,140.000,159.000,0.000,127.000,76.000,-0.072222,0.461111,-0.884398,67.438,78.864,94.716,4084.5
Victor_9_puntos_intento_1.mp4,653,5441.667,True,140.000,159.000,0.000,127.000,76.000,-0.072222,0.461111,-0.884398,67.352,79.053,94.243,4073.5
Victor_9_puntos_intento_1.mp4,654,5450.000,True,140.000,159.000,0.000,128.000,76.000,-0.066667,0.461111,-0.884835,67.534,78.806,97.578,4097.0
Victor_9_puntos_intento_1.mp4,655,5458.333,True,140.000,159.000,0.000,127.000,76.000,-0.072222,0.461111,-0.884398,67.466,79.357,95.115,4091.5
Victor_9_puntos_intento_1.mp4,656,5466.667,True,140.000,159.000,0.000,127.000,76.000,-0.072222,0.461111,-0.884398,66.964,79.100,95.493,4066.0
Victor_9_puntos_intento_1.mp4,657,5475.000,True,140.000,159.000,0.000,127.000,76.000,-0.072222,0.461111,-0.884398,67.703,79.701,94.603,4108.5
Victor_9_puntos_intento_1.mp4,658,5483.333,True,140.000,159.000,0.000,127.000,76.000,-0.072222,0.461111,-0.884398,67.403,79.949,94.094,4108.0
Victor_9_puntos_intento_1.mp4,659,5491.667,True,140.000,159.000,0.000,128.000,76.000,-0.066667,0.461111,-0.884835,67.302,79.062,95.410,4079.0
Victor_9_puntos_intento_1.mp4,660,5500.000,True,140.000,159.000,0.000,127.000,76.000,-0.072222,0.461111,-0.884398,67.393,79.485,93.644,4103.0
Victor_9_puntos_intento_1.mp4,661,5508.333,True,140.000,159.000,0.000,127.000,76.000,-0.072222,0.461111,-0.884398,67.500,78.853,96.334,4089.5
Victor_9_puntos_intento_1.mp4,662,5516.667,True,140.000,159.000,0.000,128.000,76.000,-0.066667,0.461111,-0.884835,67.256,79.353,96.208,4096.5
Victor_9_puntos_intento_1.mp4,663,5525.000,True,140.000,159.000,0.000,127.000,76.000,-0.072222,0.461111,-0.884398,67.060,79.910,95.852,4095.0
Victor_9_puntos_intento_1.mp4,664,5533.333,True,140.000,159.000,0.000,127.000,76.000,-0.072222,0.461111,-0.884398,67.438,80.162,95.892,4118.0
Victor_9_puntos_intento_1.mp4,665,5541.667,True,140.000,159.000,0.000,127.000,76.000,-0.072222,0.461111,-0.884398,67.329,80.084,93.448,4093.0
Victor_9_puntos_intento_1.mp4,666,5550.000,True,140.000,159.000,0.000,127.000,76.000,-0.072222,0.461111,-0.884398,67.691,79.988,94.001,4101.0
Victor_9_puntos_intento_1.mp4,667,5558.333,True,140.000,159.000,0.000,128.000,76.000,-0.066667,0.461111,-0.884835,68.223,79.569,94.623,4128.0
Victor_9_puntos_intento_1.mp4,668,5566.667,True,140.000,159.000,0.000,128.000,76.000,-0.066667,0.461111,-0.884835,68.049,79.396,94.374,4130.5
Victor_9_puntos_intento_1.mp4,669,5575.000,True,140.000,159.000,0.000,128.000,76.000,-0.066667,0.461111,-0.884835,67.995,78.733,97.204,4120.0
Victor_9_puntos_intento_1.mp4,670,5583.333,True,140.000,159.000,0.000,128.000,76.000,-0.066667,0.461111,-0.884835,67.778,78.684,98.685,4115.5
Victor_9_puntos_intento_1.mp4,671,5591.667,True,140.000,159.000,0.000,128.000,76.000,-0.066667,0.461111,-0.884835,67.512,78.800,96.866,4101.5
Victor_9_puntos_intento_1.mp4,672,5600.000,True,140.000,159.000,0.000,127.000,76.000,-0.072222,0.461111,-0.884398,67.446,79.849,94.112,4114.0
Victor_9_puntos_intento_1.mp4,673,5608.333,True,140.000,159.000,0.000,127.000,76.000,-0.072222,0.461111,-0.884398,68.404,78.617,94.588,4102.5
Victor_9_puntos_intento_1.mp4,674,5616.667,True,140.000,159.000,0.000,127.000,76.000,-0.072222,0.461111,-0.884398,67.825,78.813,93.470,4108.5
Victor_9_puntos_intento_1.mp4,675,5625.000,True,140.000,159.000,0.000,127.000,76.000,-0.072222,0.461111,-0.884398,67.671,78.572,94.034,4085.0
Victor_9_puntos_intento_1.mp4,676,5633.333,True,140.000,159.000,0.000,127.000,76.000,-0.072222,0.461111,-0.884398,67.925,79.715,93.357,4112.5
Victor_9_puntos_intento_1.mp4,677,5641.667,True,140.000,159.000,0.000,127.000,76.000,-0.072222,0.461111,-0.884398,67.907,79.009,93.724,4110.5
Victor_9_puntos_intento_1.mp4,678,5650.000,True,140.000,159.000,0.000,127.000,76.000,-0.072222,0.461111,-0.884398,67.567,79.313,93.228,4105.5
Victor_9_puntos_intento_1.mp4,679,5658.333,True,140.000,159.000,0.000,127.000,75.000,-0.072222,0.466667,-0.881480,67.057,79.167,94.108,4081.5
Victor_9_puntos_intento_1.mp4,680,5666.667,True,140.000,159.000,0.000,127.000,75.000,-0.072222,0.466667,-0.881480,67.056,79.492,92.818,4080.0
Victor_9_puntos_intento_1.mp4,681,5675.000,True,140.000,159.000,0.000,127.000,76.000,-0.072222,0.461111,-0.884398,67.374,79.069,93.506,4070.5
Victor_9_puntos_intento_1.mp4,682,5683.333,True,140.000,159.000,0.000,127.000,76.000,-0.072222,0.461111,-0.884398,67.219,79.965,94.202,4115.0
Victor_9_puntos_intento_1.mp4,683,5691.667,True,140.000,159.000,0.000,128.000,76.000,-0.066667,0.461111,-0.884835,67.048,79.001,95.407,4061.0
Victor_9_puntos_intento_1.mp4,684,5700.000,True,140.000,159.000,0.000,127.000,76.000,-0.072222,0.461111,-0.884398,67.255,79.144,93.475,4077.5
Victor_9_puntos_intento_1.mp4,685,5708.333,True,140.000,159.000,0.000,128.000,76.000,-0.066667,0.461111,-0.884835,68.238,78.619,95.424,4078.0
Victor_9_puntos_intento_1.mp4,686,5716.667,True,140.000,159.000,0.000,128.000,76.000,-0.066667,0.461111,-0.884835,67.776,78.538,93.779,4060.0
Victor_9_puntos_intento_1.mp4,687,5725.000,True,140.000,159.000,0.000,128.000,75.000,-0.066667,0.466667,-0.881917,67.036,78.441,96.805,4052.5
Victor_9_puntos_intento_1.mp4,688,5733.333,True,140.000,159.000,0.000,128.000,75.000,-0.066667,0.466667,-0.881917,67.117,79.497,94.218,4063.5
Victor_9_puntos_intento_1.mp4,689,5741.667,True,140.000,159.000,0.000,128.000,75.000,-0.066667,0.466667,-0.881917,66.993,78.006,96.094,4018.0
Victor_9_puntos_intento_1.mp4,690,5750.000,True,140.000,159.000,0.000,128.000,75.000,-0.066667,0.466667,-0.881917,66.843,77.738,95.634,4040.5
Victor_9_puntos_intento_1.mp4,691,5758.333,True,140.000,159.000,0.000,128.000,75.000,-0.066667,0.466667,-0.881917,66.762,78.149,93.835,4016.0
Victor_9_puntos_intento_1.mp4,692,5766.667,True,140.000,159.000,0.000,128.000,75.000,-0.066667,0.466667,-0.881917,66.917,77.927,94.704,4018.5
Victor_9_puntos_intento_1.mp4,693,5775.000,True,140.000,159.000,0.000,128.000,75.000,-0.066667,0.466667,-0.881917,66.317,78.629,94.061,3994.5
Victor_9_puntos_intento_1.mp4,694,5783.333,True,140.000,159.000,0.000,128.000,75.000,-0.066667,0.466667,-0.881917,66.971,78.880,93.766,4027.5
Victor_9_puntos_intento_1.mp4,695,5791.667,True,140.000,159.000,0.000,128.000,75.000,-0.066667,0.466667,-0.881917,66.784,77.857,93.957,3992.5
Victor_9_puntos_intento_1.mp4,696,5800.000,True,140.000,159.000,0.000,128.000,75.000,-0.066667,0.466667,-0.881917,66.996,78.306,95.501,4001.5
Victor_9_puntos_intento_1.mp4,697,5808.333,True,140.000,159.000,0.000,128.000,75.000,-0.066667,0.466667,-0.881917,66.495,77.212,97.636,3966.5
Victor_9_puntos_intento_1.mp4,698,5816.667,True,140.000,159.000,0.000,128.000,75.000,-0.066667,0.466667,-0.881917,66.289,78.520,93.277,3975.5
Victor_9_puntos_intento_1.mp4,699,5825.000,True,140.000,159.000,0.000,128.000,75.000,-0.066667,0.466667,-0.881917,66.028,77.805,94.686,3964.0
Victor_9_puntos_intento_1.mp4,700,5833.333,True,140.000,159.000,0.000,128.000,75.000,-0.066667,0.466667,-0.881917,66.166,78.597,94.930,3990.5
Victor_9_puntos_intento_1.mp4,701,5841.667,True,140.000,159.000,0.000,128.000,75.000,-0.066667,0.466667,-0.881917,66.611,77.404,95.534,3964.5
Victor_9_puntos_intento_1.mp4,702,5850.000,True,140.000,159.000,0.000,128.000,76.000,-0.066667,0.461111,-0.884835,66.665,77.729,95.228,3984.5
Victor_9_puntos_intento_1.mp4,703,5858.333,True,140.000,159.000,0.000,128.000,76.000,-0.066667,0.461111,-0.884835,66.715,77.590,96.206,3978.5
Victor_9_puntos_intento_1.mp4,704,5866.667,True,140.000,159.000,0.000,128.000,76.000,-0.066667,0.461111,-0.884835,66.544,77.600,95.766,3972.0
Victor_9_puntos_intento_1.mp4,705,5875.000,True,140.000,159.000,0.000,128.000,76.000,-0.066667,0.461111,-0.884835,66.315,77.722,96.563,3967.0
Victor_9_puntos_intento_1.mp4,706,5883.333,True,140.000,159.000,0.000,128.000,76.000,-0.066667,0.461111,-0.884835,66.305,77.792,95.266,3972.5
Victor_9_puntos_intento_1.mp4,707,5891.667,True,140.000,159.000,0.000,128.000,76.000,-0.066667,0.461111,-0.884835,66.404,77.120,95.670,3955.0
Victor_9_puntos_intento_1.mp4,708,5900.000,True,140.000,159.000,0.000,128.000,76.000,-0.066667,0.461111,-0.884835,66.460,76.947,96.401,3959.0
Victor_9_puntos_intento_1.mp4,709,5908.333,True,140.000,159.000,0.000,128.000,76.000,-0.066667,0.461111,-0.884835,66.276,77.862,94.126,3945.0
Victor_9_puntos_intento_1.mp4,710,5916.667,True,140.000,159.000,0.000,129.000,76.000,-0.061111,0.461111,-0.885236,66.562,77.113,95.056,3939.5
Victor_9_puntos_intento_1.mp4,711,5925.000,True,140.000,159.000,0.000,129.000,76.000,-0.061111,0.461111,-0.885236,66.048,77.683,96.557,3941.5
Victor_9_puntos_intento_1.mp4,712,5933.333,True,140.000,159.000,0.000,129.000,76.000,-0.061111,0.461111,-0.885236,66.161,77.739,95.145,3941.0
Victor_9_puntos_intento_1.mp4,713,5941.667,True,140.000,159.000,0.000,129.000,75.000,-0.061111,0.466667,-0.882319,65.674,76.723,98.728,3905.5
Victor_9_puntos_intento_1.mp4,714,5950.000,True,140.000,159.000,0.000,130.000,75.000,-0.055556,0.466667,-0.882687,66.574,77.390,96.551,3945.5
Victor_9_puntos_intento_1.mp4,715,5958.333,True,140.000,159.000,0.000,130.000,75.000,-0.055556,0.466667,-0.882687,66.208,77.986,95.458,3913.5
Victor_9_puntos_intento_1.mp4,716,5966.667,True,140.000,159.000,0.000,131.000,75.000,-0.050000,0.466667,-0.883019,66.290,77.519,95.424,3944.0
Victor_9_puntos_intento_1.mp4,717,5975.000,True,140.000,159.000,0.000,132.000,75.000,-0.044444,0.466667,-0.883316,65.917,77.495,98.668,3884.5
Victor_9_puntos_intento_1.mp4,718,5983.333,True,140.000,159.000,0.000,135.000,74.000,-0.027778,0.472222,-0.881042,65.129,77.584,100.937,3862.5
Victor_9_puntos_intento_1.mp4,719,5991.667,True,140.000,159.000,0.000,137.000,74.000,-0.016667,0.472222,-0.881322,65.442,77.109,101.672,3868.0
Victor_9_puntos_intento_1.mp4,720,6000.000,True,140.000,159.000,0.000,136.000,74.000,-0.022222,0.472222,-0.881199,65.347,77.829,98.804,3888.0
Victor_9_puntos_intento_1.mp4,721,6008.333,True,140.000,159.000,0.000,136.000,74.000,-0.022222,0.472222,-0.881199,65.955,77.219,100.822,3886.5
Victor_9_puntos_intento_1.mp4,722,6016.667,True,140.000,159.000,0.000,136.000,74.000,-0.022222,0.472222,-0.881199,65.455,77.133,100.265,3879.0
Victor_9_puntos_intento_1.mp4,723,6025.000,True,140.000,159.000,0.000,136.000,74.000,-0.022222,0.472222,-0.881199,65.820,77.522,99.592,3880.0
Victor_9_puntos_intento_1.mp4,724,6033.333,True,140.000,159.000,0.000,136.000,74.000,-0.022222,0.472222,-0.881199,66.253,77.338,100.810,3898.0
Victor_9_puntos_intento_1.mp4,725,6041.667,True,140.000,159.000,0.000,137.000,75.000,-0.016667,0.466667,-0.884276,65.924,77.239,99.455,3882.5
Victor_9_puntos_intento_1.mp4,726,6050.000,True,140.000,159.000,0.000,136.000,75.000,-0.022222,0.466667,-0.884154,65.755,77.896,97.906,3917.0
Victor_9_puntos_intento_1.mp4,727,6058.333,True,140.000,159.000,0.000,136.000,75.000,-0.022222,0.466667,-0.884154,65.916,76.791,102.805,3894.5
Victor_9_puntos_intento_1.mp4,728,6066.667,True,140.000,159.000,0.000,136.000,75.000,-0.022222,0.466667,-0.884154,65.884,78.052,100.442,3953.5
Victor_9_puntos_intento_1.mp4,729,6075.000,True,140.000,159.000,0.000,136.000,75.000,-0.022222,0.466667,-0.884154,66.386,77.643,100.492,3932.0
Victor_9_puntos_intento_1.mp4,730,6083.333,True,140.000,159.000,0.000,136.000,75.000,-0.022222,0.466667,-0.884154,66.581,77.302,99.990,3948.0
Victor_9_puntos_intento_1.mp4,731,6091.667,True,140.000,159.000,0.000,135.000,75.000,-0.027778,0.466667,-0.883997,65.716,78.503,97.615,3930.0
Victor_9_puntos_intento_1.mp4,732,6100.000,True,140.000,159.000,0.000,136.000,75.000,-0.022222,0.466667,-0.884154,66.220,77.546,98.735,3933.5
Victor_9_puntos_intento_1.mp4,733,6108.333,True,140.000,159.000,0.000,135.000,75.000,-0.027778,0.466667,-0.883997,66.357,76.968,100.296,3908.5
Victor_9_puntos_intento_1.mp4,734,6116.667,True,140.000,159.000,0.000,135.000,75.000,-0.027778,0.466667,-0.883997,66.063,76.950,102.205,3935.0
Victor_9_puntos_intento_1.mp4,735,6125.000,True,140.000,159.000,0.000,134.000,75.000,-0.033333,0.466667,-0.883805,66.409,77.973,98.648,3970.5
Victor_9_puntos_intento_1.mp4,736,6133.333,True,140.000,159.000,0.000,135.000,75.000,-0.027778,0.466667,-0.883997,66.539,77.425,98.956,3968.5
Victor_9_puntos_intento_1.mp4,737,6141.667,True,140.000,159.000,0.000,134.000,76.000,-0.033333,0.461111,-0.886716,66.572,78.224,95.603,3974.5
Victor_9_puntos_intento_1.mp4,738,6150.000,True,140.000,159.000,0.000,134.000,75.000,-0.033333,0.466667,-0.883805,66.388,78.000,97.284,3980.5
Victor_9_puntos_intento_1.mp4,739,6158.333,True,140.000,159.000,0.000,134.000,76.000,-0.033333,0.461111,-0.886716,66.356,77.499,98.151,3937.0
Victor_9_puntos_intento_1.mp4,740,6166.667,True,140.000,159.000,0.000,134.000,76.000,-0.033333,0.461111,-0.886716,66.716,78.319,97.510,4000.5
Victor_9_puntos_intento_1.mp4,741,6175.000,True,140.000,159.000,0.000,134.000,75.000,-0.033333,0.466667,-0.883805,66.621,77.812,98.315,3978.5
Victor_9_puntos_intento_1.mp4,742,6183.333,True,140.000,159.000,0.000,133.000,75.000,-0.038889,0.466667,-0.883578,66.809,78.003,96.615,3979.0
Victor_9_puntos_intento_1.mp4,743,6191.667,True,140.000,159.000,0.000,133.000,75.000,-0.038889,0.466667,-0.883578,66.861,78.065,97.346,3998.5
Victor_9_puntos_intento_1.mp4,744,6200.000,True,140.000,159.000,0.000,133.000,75.000,-0.038889,0.466667,-0.883578,66.773,78.251,97.769,4014.5
Victor_9_puntos_intento_1.mp4,745,6208.333,True,140.000,159.000,0.000,133.000,76.000,-0.038889,0.461111,-0.886490,66.944,78.521,96.769,4012.5
Victor_9_puntos_intento_1.mp4,746,6216.667,True,140.000,159.000,0.000,133.000,75.000,-0.038889,0.466667,-0.883578,66.952,78.794,96.265,4028.5
Victor_9_puntos_intento_1.mp4,747,6225.000,True,140.000,159.000,0.000,133.000,75.000,-0.038889,0.466667,-0.883578,66.876,79.023,97.310,4031.0
Victor_9_puntos_intento_1.mp4,748,6233.333,True,140.000,159.000,0.000,133.000,75.000,-0.038889,0.466667,-0.883578,67.209,77.969,96.839,4042.5
Victor_9_puntos_intento_1.mp4,749,6241.667,True,140.000,159.000,0.000,133.000,75.000,-0.038889,0.466667,-0.883578,67.312,78.518,95.660,4040.5
Victor_9_puntos_intento_1.mp4,750,6250.000,True,140.000,159.000,0.000,133.000,75.000,-0.038889,0.466667,-0.883578,67.086,78.832,95.543,4054.0
Victor_9_puntos_intento_1.mp4,751,6258.333,True,140.000,159.000,0.000,133.000,75.000,-0.038889,0.466667,-0.883578,67.063,78.718,95.006,4044.5
Victor_9_puntos_intento_1.mp4,752,6266.667,True,140.000,159.000,0.000,132.000,75.000,-0.044444,0.466667,-0.883316,66.928,79.111,95.415,4050.0
Victor_9_puntos_intento_1.mp4,753,6275.000,True,140.000,159.000,0.000,133.000,75.000,-0.038889,0.466667,-0.883578,67.701,78.443,96.884,4064.0
Victor_9_puntos_intento_1.mp4,754,6283.333,True,140.000,159.000,0.000,132.000,75.000,-0.044444,0.466667,-0.883316,67.352,78.564,97.020,4070.5
Victor_9_puntos_intento_1.mp4,755,6291.667,True,140.000,159.000,0.000,132.000,75.000,-0.044444,0.466667,-0.883316,67.622,78.451,97.763,4063.0
Victor_9_puntos_intento_1.mp4,756,6300.000,True,140.000,159.000,0.000,132.000,75.000,-0.044444,0.466667,-0.883316,67.233,79.602,95.719,4092.5
Victor_9_puntos_intento_1.mp4,757,6308.333,True,140.000,159.000,0.000,132.000,75.000,-0.044444,0.466667,-0.883316,66.984,79.761,96.571,4092.0
Victor_9_puntos_intento_1.mp4,758,6316.667,True,140.000,159.000,0.000,132.000,75.000,-0.044444,0.466667,-0.883316,67.900,78.972,95.563,4098.5
Victor_9_puntos_intento_1.mp4,759,6325.000,True,140.000,159.000,0.000,132.000,75.000,-0.044444,0.466667,-0.883316,67.297,78.871,96.629,4098.0
Victor_9_puntos_intento_1.mp4,760,6333.333,True,140.000,159.000,0.000,132.000,75.000,-0.044444,0.466667,-0.883316,67.548,79.540,96.354,4124.0
Victor_9_puntos_intento_1.mp4,761,6341.667,True,140.000,159.000,0.000,132.000,75.000,-0.044444,0.466667,-0.883316,67.403,79.464,95.920,4108.0
Victor_9_puntos_intento_1.mp4,762,6350.000,True,140.000,159.000,0.000,132.000,75.000,-0.044444,0.466667,-0.883316,68.230,79.482,93.325,4127.5
Victor_9_puntos_intento_1.mp4,763,6358.333,True,140.000,159.000,0.000,132.000,75.000,-0.044444,0.466667,-0.883316,67.589,79.402,94.858,4124.5
Victor_9_puntos_intento_1.mp4,764,6366.667,True,140.000,159.000,0.000,132.000,75.000,-0.044444,0.466667,-0.883316,67.257,79.690,95.773,4123.0
Victor_9_puntos_intento_1.mp4,765,6375.000,True,140.000,159.000,0.000,132.000,75.000,-0.044444,0.466667,-0.883316,67.358,79.557,95.397,4132.0
Victor_9_puntos_intento_1.mp4,766,6383.333,True,140.000,159.000,0.000,132.000,75.000,-0.044444,0.466667,-0.883316,67.969,79.642,96.169,4167.5
Victor_9_puntos_intento_1.mp4,767,6391.667,True,140.000,159.000,0.000,132.000,75.000,-0.044444,0.466667,-0.883316,67.875,80.042,94.052,4167.5
Victor_9_puntos_intento_1.mp4,768,6400.000,True,140.000,159.000,0.000,132.000,75.000,-0.044444,0.466667,-0.883316,68.033,80.205,95.059,4168.5
Victor_9_puntos_intento_1.mp4,769,6408.333,True,140.000,159.000,0.000,132.000,75.000,-0.044444,0.466667,-0.883316,67.886,80.517,95.844,4190.0
Victor_9_puntos_intento_1.mp4,770,6416.667,True,140.000,159.000,0.000,132.000,75.000,-0.044444,0.466667,-0.883316,68.231,80.543,95.469,4220.5
Victor_9_puntos_intento_1.mp4,771,6425.000,True,140.000,159.000,0.000,132.000,75.000,-0.044444,0.466667,-0.883316,67.869,80.426,95.981,4186.5
Victor_9_puntos_intento_1.mp4,772,6433.333,True,140.000,159.000,0.000,132.000,75.000,-0.044444,0.466667,-0.883316,68.501,80.099,95.664,4211.5
Victor_9_puntos_intento_1.mp4,773,6441.667,True,140.000,159.000,0.000,132.000,75.000,-0.044444,0.466667,-0.883316,68.129,80.326,96.357,4190.0
Victor_9_puntos_intento_1.mp4,774,6450.000,True,140.000,159.000,0.000,132.000,75.000,-0.044444,0.466667,-0.883316,68.458,79.835,97.519,4203.5
Victor_9_puntos_intento_1.mp4,775,6458.333,True,140.000,159.000,0.000,132.000,75.000,-0.044444,0.466667,-0.883316,68.732,80.040,98.170,4212.5
Victor_9_puntos_intento_1.mp4,776,6466.667,True,140.000,159.000,0.000,132.000,75.000,-0.044444,0.466667,-0.883316,68.450,79.933,97.341,4204.5
Victor_9_puntos_intento_1.mp4,777,6475.000,True,140.000,159.000,0.000,132.000,75.000,-0.044444,0.466667,-0.883316,68.153,80.496,96.797,4200.0
Victor_9_puntos_intento_1.mp4,778,6483.333,True,140.000,159.000,0.000,132.000,75.000,-0.044444,0.466667,-0.883316,68.495,80.319,97.140,4209.0
Victor_9_puntos_intento_1.mp4,779,6491.667,True,140.000,159.000,0.000,132.000,75.000,-0.044444,0.466667,-0.883316,68.126,80.324,95.379,4183.5
Victor_9_puntos_intento_1.mp4,780,6500.000,True,140.000,159.000,0.000,132.000,76.000,-0.044444,0.461111,-0.886229,68.542,80.728,97.253,4206.5
Victor_9_puntos_intento_1.mp4,781,6508.333,True,140.000,159.000,0.000,132.000,75.000,-0.044444,0.466667,-0.883316,68.062,80.265,95.901,4156.0
Victor_9_puntos_intento_1.mp4,782,6516.667,True,140.000,159.000,0.000,134.000,75.000,-0.033333,0.466667,-0.883805,67.579,80.827,99.864,4169.0
Victor_9_puntos_intento_1.mp4,783,6525.000,True,140.000,159.000,0.000,143.000,74.000,0.016667,0.472222,-0.881322,65.717,81.604,105.654,4108.0
Victor_9_puntos_intento_1.mp4,784,6533.333,True,140.000,159.000,0.000,159.000,74.000,0.105556,0.472222,-0.875137,63.402,82.499,112.905,4037.5
Victor_9_puntos_intento_1.mp4,785,6541.667,True,140.000,159.000,0.000,176.000,74.000,0.200000,0.472222,-0.858491,61.872,79.408,120.088,3649.0
Victor_9_puntos_intento_1.mp4,786,6550.000,True,140.000,159.000,0.000,189.000,75.000,0.272222,0.466667,-0.841497,60.915,79.541,123.946,3618.5
Victor_9_puntos_intento_1.mp4,787,6558.333,True,140.000,159.000,0.000,201.000,76.000,0.338889,0.461111,-0.820080,59.316,78.405,124.984,3505.5
Victor_9_puntos_intento_1.mp4,788,6566.667,True,140.000,159.000,0.000,212.000,77.000,0.400000,0.455556,-0.795279,57.929,77.300,129.410,3434.5
Victor_9_puntos_intento_1.mp4,789,6575.000,True,140.000,159.000,0.000,221.000,79.000,0.450000,0.444444,-0.774577,56.065,79.779,129.572,3384.0
Victor_9_puntos_intento_1.mp4,790,6583.333,True,140.000,159.000,0.000,228.000,81.000,0.488889,0.433333,-0.757106,54.797,79.399,133.098,3339.5
Victor_9_puntos_intento_1.mp4,791,6591.667,True,140.000,159.000,0.000,233.000,83.000,0.516667,0.422222,-0.744838,54.498,78.827,134.395,3294.5
Victor_9_puntos_intento_1.mp4,792,6600.000,True,140.000,159.000,0.000,234.000,83.000,0.522222,0.422222,-0.740954,55.432,78.376,135.040,3313.0
Victor_9_puntos_intento_1.mp4,793,6608.333,True,140.000,159.000,0.000,232.000,83.000,0.511111,0.422222,-0.748661,56.102,78.227,132.016,3370.0
Victor_9_puntos_intento_1.mp4,794,6616.667,True,140.000,159.000,0.000,232.000,83.000,0.511111,0.422222,-0.748661,56.354,78.582,133.323,3397.5
Victor_9_puntos_intento_1.mp4,795,6625.000,True,140.000,159.000,0.000,232.000,83.000,0.511111,0.422222,-0.748661,55.920,78.560,132.645,3380.0
Victor_9_puntos_intento_1.mp4,796,6633.333,True,140.000,159.000,0.000,232.000,83.000,0.511111,0.422222,-0.748661,55.820,78.594,132.819,3373.0
Victor_9_puntos_intento_1.mp4,797,6641.667,True,140.000,159.000,0.000,232.000,83.000,0.511111,0.422222,-0.748661,55.772,78.471,133.088,3362.5
Victor_9_puntos_intento_1.mp4,798,6650.000,True,140.000,159.000,0.000,232.000,83.000,0.511111,0.422222,-0.748661,55.951,77.965,134.445,3371.0
Victor_9_puntos_intento_1.mp4,799,6658.333,True,140.000,159.000,0.000,232.000,83.000,0.511111,0.422222,-0.748661,55.559,78.416,135.073,3348.0
Victor_9_puntos_intento_1.mp4,800,6666.667,True,140.000,159.000,0.000,232.000,82.000,0.511111,0.427778,-0.745501,55.789,78.255,134.991,3359.0
Victor_9_puntos_intento_1.mp4,801,6675.000,True,140.000,159.000,0.000,232.000,82.000,0.511111,0.427778,-0.745501,55.415,78.883,134.289,3336.5
Victor_9_puntos_intento_1.mp4,802,6683.333,True,140.000,159.000,0.000,232.000,83.000,0.511111,0.422222,-0.748661,55.828,78.544,135.799,3357.0
Victor_9_puntos_intento_1.mp4,803,6691.667,True,140.000,159.000,0.000,232.000,83.000,0.511111,0.422222,-0.748661,55.598,78.165,136.121,3334.0
Victor_9_puntos_intento_1.mp4,804,6700.000,True,140.000,159.000,0.000,231.000,82.000,0.505556,0.427778,-0.749279,55.705,78.365,135.077,3359.0
Victor_9_puntos_intento_1.mp4,805,6708.333,True,140.000,159.000,0.000,231.000,83.000,0.505556,0.422222,-0.752424,55.373,79.155,135.969,3319.0
Victor_9_puntos_intento_1.mp4,806,6716.667,True,140.000,159.000,0.000,231.000,82.000,0.505556,0.427778,-0.749279,55.078,79.354,134.970,3339.0
Victor_9_puntos_intento_1.mp4,807,6725.000,True,140.000,159.000,0.000,231.000,82.000,0.505556,0.427778,-0.749279,55.601,78.841,135.178,3354.5
Victor_9_puntos_intento_1.mp4,808,6733.333,True,140.000,159.000,0.000,231.000,82.000,0.505556,0.427778,-0.749279,55.534,78.755,134.963,3354.5
Victor_9_puntos_intento_1.mp4,809,6741.667,True,140.000,159.000,0.000,231.000,82.000,0.505556,0.427778,-0.749279,55.475,79.053,135.301,3362.0
Victor_9_puntos_intento_1.mp4,810,6750.000,True,140.000,159.000,0.000,231.000,82.000,0.505556,0.427778,-0.749279,55.346,79.766,136.071,3376.5
Victor_9_puntos_intento_1.mp4,811,6758.333,True,140.000,159.000,0.000,231.000,83.000,0.505556,0.422222,-0.752424,55.498,79.419,136.376,3375.5
Victor_9_puntos_intento_1.mp4,812,6766.667,True,140.000,159.000,0.000,231.000,82.000,0.505556,0.427778,-0.749279,55.338,79.477,135.615,3387.5
Victor_9_puntos_intento_1.mp4,813,6775.000,True,140.000,159.000,0.000,235.000,83.000,0.527778,0.422222,-0.737007,54.295,80.411,136.077,3378.5
Victor_9_puntos_intento_1.mp4,814,6783.333,True,140.000,159.000,0.000,237.000,85.000,0.538889,0.411111,-0.735246,53.344,79.778,138.113,3304.5
Victor_9_puntos_intento_1.mp4,815,6791.667,True,140.000,159.000,0.000,235.000,84.000,0.527778,0.416667,-0.740162,54.853,78.870,137.476,3345.0
Victor_9_puntos_intento_1.mp4,816,6800.000,True,140.000,159.000,0.000,234.000,84.000,0.522222,0.416667,-0.744092,54.523,79.658,136.614,3377.0
Victor_9_puntos_intento_1.mp4,817,6808.333,True,140.000,159.000,0.000,235.000,84.000,0.527778,0.416667,-0.740162,55.323,79.355,138.019,3388.0
Victor_9_puntos_intento_1.mp4,818,6816.667,True,140.000,159.000,0.000,235.000,85.000,0.527778,0.411111,-0.743262,55.239,79.730,138.802,3396.0
Victor_9_puntos_intento_1.mp4,819,6825.000,True,140.000,159.000,0.000,235.000,84.000,0.527778,0.416667,-0.740162,55.215,79.888,136.460,3383.5
Victor_9_puntos_intento_1.mp4,820,6833.333,True,140.000,159.000,0.000,235.000,84.000,0.527778,0.416667,-0.740162,55.200,80.316,136.253,3399.5
Victor_9_puntos_intento_1.mp4,821,6841.667,True,140.000,159.000,0.000,235.000,84.000,0.527778,0.416667,-0.740162,54.750,79.835,136.441,3377.0
Victor_9_puntos_intento_1.mp4,822,6850.000,True,140.000,159.000,0.000,235.000,84.000,0.527778,0.416667,-0.740162,55.064,79.630,136.600,3384.5
Victor_9_puntos_intento_1.mp4,823,6858.333,True,140.000,159.000,0.000,235.000,84.000,0.527778,0.416667,-0.740162,54.731,79.345,136.846,3381.5
Victor_9_puntos_intento_1.mp4,824,6866.667,True,140.000,159.000,0.000,235.000,84.000,0.527778,0.416667,-0.740162,54.814,79.497,136.477,3381.0
Victor_9_puntos_intento_1.mp4,825,6875.000,True,140.000,159.000,0.000,235.000,84.000,0.527778,0.416667,-0.740162,54.867,80.161,136.688,3384.5
Victor_9_puntos_intento_1.mp4,826,6883.333,True,140.000,159.000,0.000,235.000,85.000,0.527778,0.411111,-0.743262,55.028,79.483,137.157,3388.0
Victor_9_puntos_intento_1.mp4,827,6891.667,True,140.000,159.000,0.000,235.000,84.000,0.527778,0.416667,-0.740162,54.792,79.250,136.668,3366.5
Victor_9_puntos_intento_1.mp4,828,6900.000,True,140.000,159.000,0.000,235.000,84.000,0.527778,0.416667,-0.740162,55.176,79.966,136.727,3393.5
Victor_9_puntos_intento_1.mp4,829,6908.333,True,140.000,159.000,0.000,235.000,84.000,0.527778,0.416667,-0.740162,54.888,80.093,136.181,3392.5
Victor_9_puntos_intento_1.mp4,830,6916.667,True,140.000,159.000,0.000,234.000,84.000,0.522222,0.416667,-0.744092,54.775,80.182,136.553,3387.0
Victor_9_puntos_intento_1.mp4,831,6925.000,True,140.000,159.000,0.000,235.000,84.000,0.527778,0.416667,-0.740162,55.465,80.381,136.598,3402.5
Victor_9_puntos_intento_1.mp4,832,6933.333,True,140.000,159.000,0.000,235.000,84.000,0.527778,0.416667,-0.740162,55.225,80.503,137.550,3399.0
Victor_9_puntos_intento_1.mp4,833,6941.667,True,140.000,159.000,0.000,235.000,84.000,0.527778,0.416667,-0.740162,55.117,80.170,136.601,3397.5
Victor_9_puntos_intento_1.mp4,834,6950.000,True,140.000,159.000,0.000,235.000,84.000,0.527778,0.416667,-0.740162,55.028,80.180,136.336,3399.5
Victor_9_puntos_intento_1.mp4,835,6958.333,True,140.000,159.000,0.000,234.000,84.000,0.522222,0.416667,-0.744092,54.892,80.700,136.905,3405.5
Victor_9_puntos_intento_1.mp4,836,6966.667,True,140.000,159.000,0.000,234.000,84.000,0.522222,0.416667,-0.744092,55.089,79.554,135.905,3378.0
Victor_9_puntos_intento_1.mp4,837,6975.000,True,140.000,159.000,0.000,234.000,84.000,0.522222,0.416667,-0.744092,55.252,80.223,136.752,3393.5
Victor_9_puntos_intento_1.mp4,838,6983.333,True,140.000,159.000,0.000,235.000,84.000,0.527778,0.416667,-0.740162,55.120,79.742,137.037,3402.0
Victor_9_puntos_intento_1.mp4,839,6991.667,True,140.000,159.000,0.000,234.000,84.000,0.522222,0.416667,-0.744092,54.855,79.666,137.072,3382.0
Victor_9_puntos_intento_1.mp4,840,7000.000,True,140.000,159.000,0.000,234.000,84.000,0.522222,0.416667,-0.744092,55.146,80.446,137.393,3401.5
Victor_9_puntos_intento_1.mp4,841,7008.333,True,140.000,159.000,0.000,234.000,84.000,0.522222,0.416667,-0.744092,55.119,80.263,136.308,3396.0
Victor_9_puntos_intento_1.mp4,842,7016.667,True,140.000,159.000,0.000,234.000,84.000,0.522222,0.416667,-0.744092,55.351,80.359,135.738,3392.0
Victor_9_puntos_intento_1.mp4,843,7025.000,True,140.000,159.000,0.000,234.000,84.000,0.522222,0.416667,-0.744092,54.769,79.542,136.257,3379.5
Victor_9_puntos_intento_1.mp4,844,7033.333,True,140.000,159.000,0.000,234.000,84.000,0.522222,0.416667,-0.744092,55.167,80.128,137.154,3409.0
Victor_9_puntos_intento_1.mp4,845,7041.667,True,140.000,159.000,0.000,234.000,84.000,0.522222,0.416667,-0.744092,55.052,80.165,136.982,3395.5
Victor_9_puntos_intento_1.mp4,846,7050.000,True,140.000,159.000,0.000,234.000,84.000,0.522222,0.416667,-0.744092,55.025,80.147,136.316,3401.0
Victor_9_puntos_intento_1.mp4,847,7058.333,True,140.000,159.000,0.000,234.000,84.000,0.522222,0.416667,-0.744092,55.033,79.709,136.201,3380.0
Victor_9_puntos_intento_1.mp4,848,7066.667,True,140.000,159.000,0.000,234.000,84.000,0.522222,0.416667,-0.744092,55.132,79.791,137.101,3418.5
Victor_9_puntos_intento_1.mp4,849,7075.000,True,140.000,159.000,0.000,234.000,84.000,0.522222,0.416667,-0.744092,55.416,79.529,136.124,3394.0
Victor_9_puntos_intento_1.mp4,850,7083.333,True,140.000,159.000,0.000,234.000,84.000,0.522222,0.416667,-0.744092,55.178,80.139,136.825,3398.0
Victor_9_puntos_intento_1.mp4,851,7091.667,True,140.000,159.000,0.000,234.000,84.000,0.522222,0.416667,-0.744092,54.892,80.019,135.650,3395.5
Victor_9_puntos_intento_1.mp4,852,7100.000,True,140.000,159.000,0.000,233.000,84.000,0.516667,0.416667,-0.747960,55.222,80.393,136.120,3414.0
Victor_9_puntos_intento_1.mp4,853,7108.333,True,140.000,159.000,0.000,234.000,84.000,0.522222,0.416667,-0.744092,55.264,80.570,135.989,3409.0
Victor_9_puntos_intento_1.mp4,854,7116.667,True,140.000,159.000,0.000,233.000,84.000,0.516667,0.416667,-0.747960,55.312,80.467,136.493,3398.5
Victor_9_puntos_intento_1.mp4,855,7125.000,True,140.000,159.000,0.000,234.000,84.000,0.522222,0.416667,-0.744092,55.263,79.861,136.939,3391.0
Victor_9_puntos_intento_1.mp4,856,7133.333,True,140.000,159.000,0.000,233.000,84.000,0.516667,0.416667,-0.747960,55.359,80.073,136.217,3402.5
Victor_9_puntos_intento_1.mp4,857,7141.667,True,140.000,159.000,0.000,233.000,84.000,0.516667,0.416667,-0.747960,55.206,80.211,136.755,3385.5
Victor_9_puntos_intento_1.mp4,858,7150.000,True,140.000,159.000,0.000,233.000,83.000,0.516667,0.422222,-0.744838,55.290,80.499,135.836,3409.0
Victor_9_puntos_intento_1.mp4,859,7158.333,True,140.000,159.000,0.000,233.000,83.000,0.516667,0.422222,-0.744838,55.061,79.645,136.286,3393.0
Victor_9_puntos_intento_1.mp4,860,7166.667,True,140.000,159.000,0.000,233.000,83.000,0.516667,0.422222,-0.744838,55.644,79.986,135.444,3410.5
Victor_9_puntos_intento_1.mp4,861,7175.000,True,140.000,159.000,0.000,233.000,84.000,0.516667,0.416667,-0.747960,55.274,79.644,136.023,3399.0
Victor_9_puntos_intento_1.mp4,862,7183.333,True,140.000,159.000,0.000,233.000,84.000,0.516667,0.416667,-0.747960,55.501,79.244,135.681,3398.0
Victor_9_puntos_intento_1.mp4,863,7191.667,True,140.000,159.000,0.000,233.000,84.000,0.516667,0.416667,-0.747960,55.413,79.361,136.812,3386.5
Victor_9_puntos_intento_1.mp4,864,7200.000,True,140.000,159.000,0.000,233.000,84.000,0.516667,0.416667,-0.747960,55.283,79.488,135.942,3402.5
Victor_9_puntos_intento_1.mp4,865,7208.333,True,140.000,159.000,0.000,233.000,84.000,0.516667,0.416667,-0.747960,55.234,79.784,135.450,3357.5
Victor_9_puntos_intento_1.mp4,866,7216.667,True,140.000,159.000,0.000,233.000,84.000,0.516667,0.416667,-0.747960,55.662,79.841,135.074,3387.5
Victor_9_puntos_intento_1.mp4,867,7225.000,True,140.000,159.000,0.000,233.000,84.000,0.516667,0.416667,-0.747960,55.522,78.903,137.043,3356.5
Victor_9_puntos_intento_1.mp4,868,7233.333,True,140.000,159.000,0.000,233.000,84.000,0.516667,0.416667,-0.747960,55.229,79.614,135.392,3358.5
Victor_9_puntos_intento_1.mp4,869,7241.667,True,140.000,159.000,0.000,233.000,84.000,0.516667,0.416667,-0.747960,55.292,78.738,137.042,3352.0
Victor_9_puntos_intento_1.mp4,870,7250.000,True,140.000,159.000,0.000,233.000,84.000,0.516667,0.416667,-0.747960,55.353,78.187,136.677,3340.5
Victor_9_puntos_intento_1.mp4,871,7258.333,True,140.000,159.000,0.000,233.000,84.000,0.516667,0.416667,-0.747960,55.043,78.452,136.134,3335.5
Victor_9_puntos_intento_1.mp4,872,7266.667,True,140.000,159.000,0.000,233.000,84.000,0.516667,0.416667,-0.747960,55.268,78.699,136.395,3332.0
Victor_9_puntos_intento_1.mp4,873,7275.000,True,140.000,159.000,0.000,233.000,84.000,0.516667,0.416667,-0.747960,55.068,78.872,135.732,3328.0
Victor_9_puntos_intento_1.mp4,874,7283.333,True,140.000,159.000,0.000,233.000,84.000,0.516667,0.416667,-0.747960,55.193,78.386,135.642,3307.0
Victor_9_puntos_intento_1.mp4,875,7291.667,True,140.000,159.000,0.000,233.000,84.000,0.516667,0.416667,-0.747960,54.659,77.718,135.950,3288.5
Victor_9_puntos_intento_1.mp4,876,7300.000,True,140.000,159.000,0.000,233.000,83.000,0.516667,0.422222,-0.744838,54.897,77.674,136.120,3295.0
Victor_9_puntos_intento_1.mp4,877,7308.333,True,140.000,159.000,0.000,233.000,84.000,0.516667,0.416667,-0.747960,54.927,78.040,137.192,3261.0
Victor_9_puntos_intento_1.mp4,878,7316.667,True,140.000,159.000,0.000,233.000,84.000,0.516667,0.416667,-0.747960,54.597,78.253,136.222,3257.0
Victor_9_puntos_intento_1.mp4,879,7325.000,True,140.000,159.000,0.000,233.000,83.000,0.516667,0.422222,-0.744838,54.707,77.535,136.619,3256.0
Victor_9_puntos_intento_1.mp4,880,7333.333,True,140.000,159.000,0.000,233.000,84.000,0.516667,0.416667,-0.747960,54.197,77.770,136.878,3227.0
Victor_9_puntos_intento_1.mp4,881,7341.667,True,140.000,159.000,0.000,233.000,84.000,0.516667,0.416667,-0.747960,54.046,77.041,137.200,3219.0
Victor_9_puntos_intento_1.mp4,882,7350.000,True,140.000,159.000,0.000,233.000,83.000,0.516667,0.422222,-0.744838,54.154,77.168,136.591,3215.0
Victor_9_puntos_intento_1.mp4,883,7358.333,True,140.000,159.000,0.000,233.000,83.000,0.516667,0.422222,-0.744838,54.145,76.869,135.610,3223.0
Victor_9_puntos_intento_1.mp4,884,7366.667,True,140.000,159.000,0.000,232.000,83.000,0.511111,0.422222,-0.748661,54.767,76.576,135.723,3215.0
Victor_9_puntos_intento_1.mp4,885,7375.000,True,140.000,159.000,0.000,232.000,83.000,0.511111,0.422222,-0.748661,54.169,76.567,135.605,3193.0
Victor_9_puntos_intento_1.mp4,886,7383.333,True,140.000,159.000,0.000,233.000,84.000,0.516667,0.416667,-0.747960,53.659,76.616,136.593,3177.5
Victor_9_puntos_intento_1.mp4,887,7391.667,True,140.000,159.000,0.000,233.000,83.000,0.516667,0.422222,-0.744838,53.680,76.324,136.245,3152.5
Victor_9_puntos_intento_1.mp4,888,7400.000,True,140.000,159.000,0.000,233.000,83.000,0.516667,0.422222,-0.744838,53.657,76.584,135.222,3161.5
Victor_9_puntos_intento_1.mp4,889,7408.333,True,140.000,159.000,0.000,233.000,83.000,0.516667,0.422222,-0.744838,53.900,76.216,135.095,3131.5
Victor_9_puntos_intento_1.mp4,890,7416.667,True,140.000,159.000,0.000,233.000,83.000,0.516667,0.422222,-0.744838,53.593,76.154,134.168,3115.0
Victor_9_puntos_intento_1.mp4,891,7425.000,True,140.000,159.000,0.000,233.000,83.000,0.516667,0.422222,-0.744838,53.458,75.772,135.669,3100.0
Victor_9_puntos_intento_1.mp4,892,7433.333,True,140.000,159.000,0.000,233.000,83.000,0.516667,0.422222,-0.744838,53.655,75.785,135.722,3113.5
Victor_9_puntos_intento_1.mp4,893,7441.667,True,140.000,159.000,0.000,233.000,83.000,0.516667,0.422222,-0.744838,53.249,75.745,135.924,3083.5
Victor_9_puntos_intento_1.mp4,894,7450.000,True,140.000,159.000,0.000,233.000,83.000,0.516667,0.422222,-0.744838,53.174,75.672,135.891,3082.0
Victor_9_puntos_intento_1.mp4,895,7458.333,True,140.000,159.000,0.000,233.000,83.000,0.516667,0.422222,-0.744838,52.683,75.244,135.434,3046.5
Victor_9_puntos_intento_1.mp4,896,7466.667,True,140.000,159.000,0.000,233.000,83.000,0.516667,0.422222,-0.744838,53.364,74.909,135.040,3077.0
Victor_9_puntos_intento_1.mp4,897,7475.000,True,140.000,159.000,0.000,233.000,83.000,0.516667,0.422222,-0.744838,53.284,74.526,135.572,3068.0
Victor_9_puntos_intento_1.mp4,898,7483.333,True,140.000,159.000,0.000,233.000,83.000,0.516667,0.422222,-0.744838,52.774,75.177,135.570,3049.5
Victor_9_puntos_intento_1.mp4,899,7491.667,True,140.000,159.000,0.000,233.000,83.000,0.516667,0.422222,-0.744838,52.518,74.781,134.432,3043.5
Victor_9_puntos_intento_1.mp4,900,7500.000,True,140.000,159.000,0.000,233.000,83.000,0.516667,0.422222,-0.744838,52.740,74.937,135.555,3040.5
Victor_9_puntos_intento_1.mp4,901,7508.333,True,140.000,159.000,0.000,233.000,83.000,0.516667,0.422222,-0.744838,52.985,74.508,135.133,3046.5
Victor_9_puntos_intento_1.mp4,902,7516.667,True,140.000,159.000,0.000,233.000,83.000,0.516667,0.422222,-0.744838,52.843,74.223,135.395,3014.5
Victor_9_puntos_intento_1.mp4,903,7525.000,True,140.000,159.000,0.000,233.000,83.000,0.516667,0.422222,-0.744838,52.714,74.171,135.021,3016.0
Victor_9_puntos_intento_1.mp4,904,7533.333,True,140.000,159.000,0.000,233.000,83.000,0.516667,0.422222,-0.744838,52.694,74.811,136.435,3008.5
Victor_9_puntos_intento_1.mp4,905,7541.667,True,140.000,159.000,0.000,233.000,83.000,0.516667,0.422222,-0.744838,52.806,74.531,136.722,3003.5
Victor_9_puntos_intento_1.mp4,906,7550.000,True,140.000,159.000,0.000,233.000,83.000,0.516667,0.422222,-0.744838,52.474,74.615,136.117,2994.5
Victor_9_puntos_intento_1.mp4,907,7558.333,True,140.000,159.000,0.000,233.000,83.000,0.516667,0.422222,-0.744838,52.320,74.650,136.126,2994.5
Victor_9_puntos_intento_1.mp4,908,7566.667,True,140.000,159.000,0.000,233.000,83.000,0.516667,0.422222,-0.744838,52.259,74.394,136.222,2979.0
Victor_9_puntos_intento_1.mp4,909,7575.000,True,140.000,159.000,0.000,233.000,83.000,0.516667,0.422222,-0.744838,52.151,73.671,135.480,2953.0
Victor_9_puntos_intento_1.mp4,910,7583.333,True,140.000,159.000,0.000,233.000,83.000,0.516667,0.422222,-0.744838,52.192,73.716,135.182,2959.5
Victor_9_puntos_intento_1.mp4,911,7591.667,True,140.000,159.000,0.000,233.000,83.000,0.516667,0.422222,-0.744838,51.886,74.247,135.058,2951.5
Victor_9_puntos_intento_1.mp4,912,7600.000,True,140.000,159.000,0.000,233.000,83.000,0.516667,0.422222,-0.744838,51.715,73.699,134.897,2938.5
Victor_9_puntos_intento_1.mp4,913,7608.333,True,140.000,159.000,0.000,233.000,83.000,0.516667,0.422222,-0.744838,51.897,73.672,135.853,2922.5
Victor_9_puntos_intento_1.mp4,914,7616.667,True,140.000,159.000,0.000,233.000,83.000,0.516667,0.422222,-0.744838,52.231,73.913,135.798,2933.5
Victor_9_puntos_intento_1.mp4,915,7625.000,True,140.000,159.000,0.000,234.000,83.000,0.522222,0.422222,-0.740954,51.619,73.832,134.078,2919.5
Victor_9_puntos_intento_1.mp4,916,7633.333,True,140.000,159.000,0.000,234.000,83.000,0.522222,0.422222,-0.740954,51.616,73.922,135.467,2918.0
Victor_9_puntos_intento_1.mp4,917,7641.667,True,140.000,159.000,0.000,233.000,83.000,0.516667,0.422222,-0.744838,51.689,73.122,135.971,2910.5
Victor_9_puntos_intento_1.mp4,918,7650.000,True,140.000,159.000,0.000,234.000,83.000,0.522222,0.422222,-0.740954,51.467,73.464,135.581,2915.5
Victor_9_puntos_intento_1.mp4,919,7658.333,True,140.000,159.000,0.000,234.000,83.000,0.522222,0.422222,-0.740954,51.592,73.247,135.156,2909.0
Victor_9_puntos_intento_1.mp4,920,7666.667,True,140.000,159.000,0.000,234.000,83.000,0.522222,0.422222,-0.740954,51.899,73.532,136.814,2921.0
Victor_9_puntos_intento_1.mp4,921,7675.000,True,140.000,159.000,0.000,234.000,83.000,0.522222,0.422222,-0.740954,51.607,72.890,135.363,2901.0
Victor_9_puntos_intento_1.mp4,922,7683.333,True,140.000,159.000,0.000,234.000,83.000,0.522222,0.422222,-0.740954,51.554,73.683,135.675,2916.0
Victor_9_puntos_intento_1.mp4,923,7691.667,True,140.000,159.000,0.000,234.000,83.000,0.522222,0.422222,-0.740954,51.505,73.198,135.557,2904.5
Victor_9_puntos_intento_1.mp4,924,7700.000,True,140.000,159.000,0.000,234.000,83.000,0.522222,0.422222,-0.740954,51.398,73.140,135.409,2905.0
Victor_9_puntos_intento_1.mp4,925,7708.333,True,140.000,159.000,0.000,234.000,83.000,0.522222,0.422222,-0.740954,51.409,73.346,135.139,2880.5
Victor_9_puntos_intento_1.mp4,926,7716.667,True,140.000,159.000,0.000,234.000,83.000,0.522222,0.422222,-0.740954,51.277,73.345,135.176,2892.0
Victor_9_puntos_intento_1.mp4,927,7725.000,True,140.000,159.000,0.000,234.000,83.000,0.522222,0.422222,-0.740954,51.264,72.958,135.507,2889.5
Victor_9_puntos_intento_1.mp4,928,7733.333,True,140.000,159.000,0.000,234.000,83.000,0.522222,0.422222,-0.740954,51.557,72.643,135.981,2878.0
Victor_9_puntos_intento_1.mp4,929,7741.667,True,140.000,159.000,0.000,234.000,83.000,0.522222,0.422222,-0.740954,51.226,72.558,135.906,2863.5
Victor_9_puntos_intento_1.mp4,930,7750.000,True,140.000,159.000,0.000,234.000,83.000,0.522222,0.422222,-0.740954,51.206,72.458,135.377,2856.0
Victor_9_puntos_intento_1.mp4,931,7758.333,True,140.000,159.000,0.000,234.000,83.000,0.522222,0.422222,-0.740954,51.290,72.743,135.671,2867.0
Victor_9_puntos_intento_1.mp4,932,7766.667,True,140.000,159.000,0.000,234.000,83.000,0.522222,0.422222,-0.740954,50.998,72.810,135.740,2855.0
Victor_9_puntos_intento_1.mp4,933,7775.000,True,140.000,159.000,0.000,234.000,83.000,0.522222,0.422222,-0.740954,51.024,72.873,136.653,2861.0
Victor_9_puntos_intento_1.mp4,934,7783.333,True,140.000,159.000,0.000,234.000,83.000,0.522222,0.422222,-0.740954,50.875,72.279,135.432,2854.5
Victor_9_puntos_intento_1.mp4,935,7791.667,True,140.000,159.000,0.000,234.000,83.000,0.522222,0.422222,-0.740954,50.826,72.912,135.816,2839.5
Victor_9_puntos_intento_1.mp4,936,7800.000,True,140.000,159.000,0.000,234.000,83.000,0.522222,0.422222,-0.740954,50.993,72.190,134.804,2836.0
Victor_9_puntos_intento_1.mp4,937,7808.333,True,140.000,159.000,0.000,234.000,83.000,0.522222,0.422222,-0.740954,50.652,72.991,135.769,2863.5
Victor_9_puntos_intento_1.mp4,938,7816.667,True,140.000,159.000,0.000,234.000,83.000,0.522222,0.422222,-0.740954,50.927,72.604,135.487,2835.5
Victor_9_puntos_intento_1.mp4,939,7825.000,True,140.000,159.000,0.000,234.000,83.000,0.522222,0.422222,-0.740954,50.601,72.367,135.388,2828.0
Victor_9_puntos_intento_1.mp4,940,7833.333,True,140.000,159.000,0.000,234.000,83.000,0.522222,0.422222,-0.740954,50.887,72.713,135.258,2845.5
Victor_9_puntos_intento_1.mp4,941,7841.667,True,140.000,159.000,0.000,234.000,83.000,0.522222,0.422222,-0.740954,50.778,72.626,136.270,2827.5
Victor_9_puntos_intento_1.mp4,942,7850.000,True,140.000,159.000,0.000,234.000,83.000,0.522222,0.422222,-0.740954,51.051,72.651,136.143,2841.0
Victor_9_puntos_intento_1.mp4,943,7858.333,True,140.000,159.000,0.000,234.000,83.000,0.522222,0.422222,-0.740954,50.857,72.602,135.043,2830.0
Victor_9_puntos_intento_1.mp4,944,7866.667,True,140.000,159.000,0.000,234.000,84.000,0.522222,0.416667,-0.744092,50.888,72.464,136.744,2824.5
Victor_9_puntos_intento_1.mp4,945,7875.000,True,140.000,159.000,0.000,234.000,83.000,0.522222,0.422222,-0.740954,50.759,72.061,135.281,2821.5
Victor_9_puntos_intento_1.mp4,946,7883.333,True,140.000,159.000,0.000,234.000,83.000,0.522222,0.422222,-0.740954,50.813,72.356,135.312,2828.5
Victor_9_puntos_intento_1.mp4,947,7891.667,True,140.000,159.000,0.000,234.000,83.000,0.522222,0.422222,-0.740954,50.792,72.393,133.806,2827.5
Victor_9_puntos_intento_1.mp4,948,7900.000,True,140.000,159.000,0.000,234.000,83.000,0.522222,0.422222,-0.740954,50.865,72.591,134.688,2838.5
Victor_9_puntos_intento_1.mp4,949,7908.333,True,140.000,159.000,0.000,234.000,83.000,0.522222,0.422222,-0.740954,50.774,71.826,136.207,2806.0
Victor_9_puntos_intento_1.mp4,950,7916.667,True,140.000,159.000,0.000,234.000,83.000,0.522222,0.422222,-0.740954,50.544,72.201,136.269,2816.0
Victor_9_puntos_intento_1.mp4,951,7925.000,True,140.000,159.000,0.000,234.000,83.000,0.522222,0.422222,-0.740954,50.594,72.155,135.306,2828.0
Victor_9_puntos_intento_1.mp4,952,7933.333,True,140.000,159.000,0.000,234.000,83.000,0.522222,0.422222,-0.740954,50.598,71.847,135.589,2818.5
Victor_9_puntos_intento_1.mp4,953,7941.667,True,140.000,159.000,0.000,234.000,83.000,0.522222,0.422222,-0.740954,50.194,71.875,135.454,2784.0
Victor_9_puntos_intento_1.mp4,954,7950.000,True,140.000,159.000,0.000,234.000,83.000,0.522222,0.422222,-0.740954,50.871,72.077,135.671,2816.5
Victor_9_puntos_intento_1.mp4,955,7958.333,True,140.000,159.000,0.000,234.000,83.000,0.522222,0.422222,-0.740954,50.566,72.451,135.394,2817.0
Victor_9_puntos_intento_1.mp4,956,7966.667,True,140.000,159.000,0.000,234.000,83.000,0.522222,0.422222,-0.740954,50.520,71.782,136.274,2815.0
Victor_9_puntos_intento_1.mp4,957,7975.000,True,140.000,159.000,0.000,234.000,83.000,0.522222,0.422222,-0.740954,50.261,72.209,134.926,2802.0
Victor_9_puntos_intento_1.mp4,958,7983.333,True,140.000,159.000,0.000,234.000,83.000,0.522222,0.422222,-0.740954,50.065,72.862,135.531,2807.5
Victor_9_puntos_intento_1.mp4,959,7991.667,True,140.000,159.000,0.000,234.000,83.000,0.522222,0.422222,-0.740954,49.884,72.512,135.236,2796.5
Victor_9_puntos_intento_1.mp4,960,8000.000,True,140.000,159.000,0.000,234.000,83.000,0.522222,0.422222,-0.740954,50.084,72.514,134.678,2791.0
Victor_9_puntos_intento_1.mp4,961,8008.333,True,140.000,159.000,0.000,234.000,83.000,0.522222,0.422222,-0.740954,50.054,72.142,134.652,2792.5
Victor_9_puntos_intento_1.mp4,962,8016.667,True,140.000,159.000,0.000,234.000,83.000,0.522222,0.422222,-0.740954,50.638,72.361,135.267,2809.5
Victor_9_puntos_intento_1.mp4,963,8025.000,True,140.000,159.000,0.000,234.000,83.000,0.522222,0.422222,-0.740954,50.369,72.682,135.364,2801.0
Victor_9_puntos_intento_1.mp4,964,8033.333,True,140.000,159.000,0.000,234.000,83.000,0.522222,0.422222,-0.740954,50.655,73.075,135.592,2819.0
Victor_9_puntos_intento_1.mp4,965,8041.667,True,140.000,159.000,0.000,234.000,83.000,0.522222,0.422222,-0.740954,50.299,72.009,135.697,2806.5
Victor_9_puntos_intento_1.mp4,966,8050.000,True,140.000,159.000,0.000,234.000,83.000,0.522222,0.422222,-0.740954,50.305,72.743,135.046,2818.5
Victor_9_puntos_intento_1.mp4,967,8058.333,True,140.000,159.000,0.000,233.000,83.000,0.516667,0.422222,-0.744838,50.111,72.436,135.668,2793.5
Victor_9_puntos_intento_1.mp4,968,8066.667,True,140.000,159.000,0.000,233.000,84.000,0.516667,0.416667,-0.747960,50.255,72.292,136.500,2808.0
Victor_9_puntos_intento_1.mp4,969,8075.000,True,140.000,159.000,0.000,233.000,84.000,0.516667,0.416667,-0.747960,50.538,72.233,135.769,2818.0
Victor_9_puntos_intento_1.mp4,970,8083.333,True,140.000,159.000,0.000,233.000,84.000,0.516667,0.416667,-0.747960,50.654,72.102,135.812,2815.0
Victor_9_puntos_intento_1.mp4,971,8091.667,True,140.000,159.000,0.000,233.000,84.000,0.516667,0.416667,-0.747960,50.480,71.312,136.218,2794.0
Victor_9_puntos_intento_1.mp4,972,8100.000,True,140.000,159.000,0.000,233.000,84.000,0.516667,0.416667,-0.747960,50.713,72.093,135.662,2822.5
Victor_9_puntos_intento_1.mp4,973,8108.333,True,140.000,159.000,0.000,234.000,84.000,0.522222,0.416667,-0.744092,50.677,72.000,135.408,2830.5
Victor_9_puntos_intento_1.mp4,974,8116.667,True,140.000,159.000,0.000,234.000,84.000,0.522222,0.416667,-0.744092,50.802,72.577,135.193,2824.5
Victor_9_puntos_intento_1.mp4,975,8125.000,True,140.000,159.000,0.000,234.000,84.000,0.522222,0.416667,-0.744092,50.326,72.921,134.996,2811.5
Victor_9_puntos_intento_1.mp4,976,8133.333,True,140.000,159.000,0.000,234.000,84.000,0.522222,0.416667,-0.744092,50.581,72.822,135.464,2829.0
Victor_9_puntos_intento_1.mp4,977,8141.667,True,140.000,159.000,0.000,234.000,84.000,0.522222,0.416667,-0.744092,50.425,73.245,135.994,2829.0
Victor_9_puntos_intento_1.mp4,978,8150.000,True,140.000,159.000,0.000,234.000,84.000,0.522222,0.416667,-0.744092,50.622,73.284,134.521,2839.5
Victor_9_puntos_intento_1.mp4,979,8158.333,True,140.000,159.000,0.000,234.000,84.000,0.522222,0.416667,-0.744092,50.426,73.278,135.136,2835.5
Victor_9_puntos_intento_1.mp4,980,8166.667,True,140.000,159.000,0.000,234.000,84.000,0.522222,0.416667,-0.744092,50.780,72.608,135.352,2835.5
Victor_9_puntos_intento_1.mp4,981,8175.000,True,140.000,159.000,0.000,234.000,85.000,0.522222,0.411111,-0.747176,50.627,73.050,136.550,2836.0
Victor_9_puntos_intento_1.mp4,982,8183.333,True,140.000,159.000,0.000,234.000,84.000,0.522222,0.416667,-0.744092,50.691,72.749,135.927,2842.0
Victor_9_puntos_intento_1.mp4,983,8191.667,True,140.000,159.000,0.000,234.000,84.000,0.522222,0.416667,-0.744092,50.601,73.275,135.556,2859.0
Victor_9_puntos_intento_1.mp4,984,8200.000,True,140.000,159.000,0.000,234.000,84.000,0.522222,0.416667,-0.744092,51.111,73.171,135.970,2870.5
Victor_9_puntos_intento_1.mp4,985,8208.333,True,140.000,159.000,0.000,234.000,84.000,0.522222,0.416667,-0.744092,50.819,73.049,135.960,2853.0
Victor_9_puntos_intento_1.mp4,986,8216.667,True,140.000,159.000,0.000,234.000,84.000,0.522222,0.416667,-0.744092,50.743,73.136,135.670,2844.5
Victor_9_puntos_intento_1.mp4,987,8225.000,True,140.000,159.000,0.000,234.000,84.000,0.522222,0.416667,-0.744092,50.549,72.917,135.192,2859.0
Victor_9_puntos_intento_1.mp4,988,8233.333,True,140.000,159.000,0.000,234.000,84.000,0.522222,0.416667,-0.744092,50.899,73.582,136.123,2877.0
Victor_9_puntos_intento_1.mp4,989,8241.667,True,140.000,159.000,0.000,234.000,84.000,0.522222,0.416667,-0.744092,50.684,73.402,135.390,2852.5
Victor_9_puntos_intento_1.mp4,990,8250.000,True,140.000,159.000,0.000,234.000,84.000,0.522222,0.416667,-0.744092,50.986,73.281,135.865,2877.0
Victor_9_puntos_intento_1.mp4,991,8258.333,True,140.000,159.000,0.000,234.000,84.000,0.522222,0.416667,-0.744092,51.098,73.297,135.620,2876.5
Victor_9_puntos_intento_1.mp4,992,8266.667,True,140.000,159.000,0.000,234.000,84.000,0.522222,0.416667,-0.744092,51.108,73.555,135.405,2882.5
Victor_9_puntos_intento_1.mp4,993,8275.000,True,140.000,159.000,0.000,234.000,84.000,0.522222,0.416667,-0.744092,51.086,73.734,136.149,2894.5
Victor_9_puntos_intento_1.mp4,994,8283.333,True,140.000,159.000,0.000,234.000,84.000,0.522222,0.416667,-0.744092,51.199,73.180,135.224,2881.5
Victor_9_puntos_intento_1.mp4,995,8291.667,True,140.000,159.000,0.000,234.000,84.000,0.522222,0.416667,-0.744092,51.389,73.707,136.216,2901.5
Victor_9_puntos_intento_1.mp4,996,8300.000,True,140.000,159.000,0.000,234.000,84.000,0.522222,0.416667,-0.744092,51.334,73.645,137.145,2905.0
Victor_9_puntos_intento_1.mp4,997,8308.333,True,140.000,159.000,0.000,234.000,84.000,0.522222,0.416667,-0.744092,51.334,74.262,136.870,2916.5
Victor_9_puntos_intento_1.mp4,998,8316.667,True,140.000,159.000,0.000,234.000,84.000,0.522222,0.416667,-0.744092,51.900,74.175,136.574,2932.5
Victor_9_puntos_intento_1.mp4,999,8325.000,True,140.000,159.000,0.000,234.000,84.000,0.522222,0.416667,-0.744092,51.393,74.449,135.162,2927.0
Victor_9_puntos_intento_1.mp4,1000,8333.333,True,140.000,159.000,0.000,234.000,84.000,0.522222,0.416667,-0.744092,51.645,74.416,135.505,2940.5
Victor_9_puntos_intento_1.mp4,1001,8341.667,True,140.000,159.000,0.000,234.000,84.000,0.522222,0.416667,-0.744092,51.177,73.550,135.686,2906.0
Victor_9_puntos_intento_1.mp4,1002,8350.000,True,140.000,159.000,0.000,234.000,84.000,0.522222,0.416667,-0.744092,51.364,73.753,135.438,2926.0
Victor_9_puntos_intento_1.mp4,1003,8358.333,True,140.000,159.000,0.000,234.000,84.000,0.522222,0.416667,-0.744092,51.528,74.589,135.571,2942.0
Victor_9_puntos_intento_1.mp4,1004,8366.667,True,140.000,159.000,0.000,234.000,84.000,0.522222,0.416667,-0.744092,51.516,74.682,135.162,2943.0
Victor_9_puntos_intento_1.mp4,1005,8375.000,True,140.000,159.000,0.000,234.000,84.000,0.522222,0.416667,-0.744092,51.684,74.658,136.096,2959.0
Victor_9_puntos_intento_1.mp4,1006,8383.333,True,140.000,159.000,0.000,234.000,84.000,0.522222,0.416667,-0.744092,51.705,74.918,135.971,2971.5
Victor_9_puntos_intento_1.mp4,1007,8391.667,True,140.000,159.000,0.000,234.000,83.000,0.522222,0.422222,-0.740954,51.680,74.606,136.058,2971.0
Victor_9_puntos_intento_1.mp4,1008,8400.000,True,140.000,159.000,0.000,234.000,84.000,0.522222,0.416667,-0.744092,51.546,75.287,134.311,2984.5
Victor_9_puntos_intento_1.mp4,1009,8408.333,True,140.000,159.000,0.000,234.000,84.000,0.522222,0.416667,-0.744092,51.500,74.177,135.136,2963.5
Victor_9_puntos_intento_1.mp4,1010,8416.667,True,140.000,159.000,0.000,234.000,84.000,0.522222,0.416667,-0.744092,51.676,74.600,135.010,2987.5
Victor_9_puntos_intento_1.mp4,1011,8425.000,True,140.000,159.000,0.000,234.000,83.000,0.522222,0.422222,-0.740954,51.496,74.197,135.417,2973.5
Victor_9_puntos_intento_1.mp4,1012,8433.333,True,140.000,159.000,0.000,234.000,84.000,0.522222,0.416667,-0.744092,51.892,74.462,134.346,2996.0
Victor_9_puntos_intento_1.mp4,1013,8441.667,True,140.000,159.000,0.000,234.000,83.000,0.522222,0.422222,-0.740954,51.654,74.275,135.978,2976.0
Victor_9_puntos_intento_1.mp4,1014,8450.000,True,140.000,159.000,0.000,233.000,83.000,0.516667,0.422222,-0.744838,52.045,74.672,135.596,3000.5
Victor_9_puntos_intento_1.mp4,1015,8458.333,True,140.000,159.000,0.000,234.000,84.000,0.522222,0.416667,-0.744092,52.050,75.290,135.943,3036.5
Victor_9_puntos_intento_1.mp4,1016,8466.667,True,140.000,159.000,0.000,234.000,84.000,0.522222,0.416667,-0.744092,52.094,75.103,135.674,3039.0
Victor_9_puntos_intento_1.mp4,1017,8475.000,True,140.000,159.000,0.000,234.000,84.000,0.522222,0.416667,-0.744092,52.337,75.211,136.454,3021.0
Victor_9_puntos_intento_1.mp4,1018,8483.333,True,140.000,159.000,0.000,234.000,84.000,0.522222,0.416667,-0.744092,52.239,75.027,134.850,3040.5
Victor_9_puntos_intento_1.mp4,1019,8491.667,True,140.000,159.000,0.000,234.000,84.000,0.522222,0.416667,-0.744092,52.332,75.715,134.825,3056.5
Victor_9_puntos_intento_1.mp4,1020,8500.000,True,140.000,159.000,0.000,234.000,84.000,0.522222,0.416667,-0.744092,52.006,75.380,134.887,3031.0
Victor_9_puntos_intento_1.mp4,1021,8508.333,True,140.000,159.000,0.000,234.000,84.000,0.522222,0.416667,-0.744092,52.419,75.305,134.613,3038.5
Victor_9_puntos_intento_1.mp4,1022,8516.667,True,140.000,159.000,0.000,234.000,84.000,0.522222,0.416667,-0.744092,52.417,75.725,135.238,3056.0
Victor_9_puntos_intento_1.mp4,1023,8525.000,True,140.000,159.000,0.000,234.000,84.000,0.522222,0.416667,-0.744092,52.527,75.800,134.883,3058.0
Victor_9_puntos_intento_1.mp4,1024,8533.333,True,140.000,159.000,0.000,234.000,84.000,0.522222,0.416667,-0.744092,52.868,76.352,136.700,3084.5
Victor_9_puntos_intento_1.mp4,1025,8541.667,True,140.000,159.000,0.000,234.000,84.000,0.522222,0.416667,-0.744092,52.703,76.318,136.191,3071.0
Victor_9_puntos_intento_1.mp4,1026,8550.000,True,140.000,159.000,0.000,234.000,84.000,0.522222,0.416667,-0.744092,52.611,75.951,135.761,3072.0
Victor_9_puntos_intento_1.mp4,1027,8558.333,True,140.000,159.000,0.000,232.000,84.000,0.511111,0.416667,-0.751767,54.043,75.112,136.869,3121.0
Victor_9_puntos_intento_1.mp4,1028,8566.667,True,140.000,159.000,0.000,222.000,86.000,0.455556,0.405556,-0.792461,58.344,73.562,135.961,3289.5
Victor_9_puntos_intento_1.mp4,1029,8575.000,True,140.000,159.000,0.000,210.000,87.000,0.388889,0.400000,-0.829919,61.320,74.069,128.509,3488.0
Victor_9_puntos_intento_1.mp4,1030,8583.333,True,140.000,159.000,0.000,201.000,88.000,0.338889,0.394444,-0.854147,63.238,73.728,127.668,3584.5
Victor_9_puntos_intento_1.mp4,1031,8591.667,True,140.000,159.000,0.000,193.000,90.000,0.294444,0.383333,-0.875419,65.202,73.369,126.491,3683.0
Victor_9_puntos_intento_1.mp4,1032,8600.000,True,140.000,159.000,0.000,188.000,90.000,0.266667,0.383333,-0.884276,64.976,74.320,124.717,3726.5
Victor_9_puntos_intento_1.mp4,1033,8608.333,True,140.000,159.000,0.000,188.000,90.000,0.266667,0.383333,-0.884276,64.414,75.433,125.595,3697.0
Victor_9_puntos_intento_1.mp4,1034,8616.667,True,140.000,159.000,0.000,188.000,89.000,0.266667,0.388889,-0.881847,63.894,74.879,126.140,3667.0
Victor_9_puntos_intento_1.mp4,1035,8625.000,True,140.000,159.000,0.000,188.000,89.000,0.266667,0.388889,-0.881847,63.661,75.664,127.192,3682.5
Victor_9_puntos_intento_1.mp4,1036,8633.333,True,140.000,159.000,0.000,188.000,89.000,0.266667,0.388889,-0.881847,63.808,76.011,126.263,3707.5
Victor_9_puntos_intento_1.mp4,1037,8641.667,True,140.000,159.000,0.000,188.000,89.000,0.266667,0.388889,-0.881847,63.953,76.551,126.235,3712.0
Victor_9_puntos_intento_1.mp4,1038,8650.000,True,140.000,159.000,0.000,188.000,89.000,0.266667,0.388889,-0.881847,64.382,76.099,127.669,3726.5
Victor_9_puntos_intento_1.mp4,1039,8658.333,True,140.000,159.000,0.000,188.000,89.000,0.266667,0.388889,-0.881847,64.060,76.492,126.937,3711.0
Victor_9_puntos_intento_1.mp4,1040,8666.667,True,140.000,159.000,0.000,189.000,89.000,0.272222,0.388889,-0.880148,64.684,75.350,127.708,3739.0
Victor_9_puntos_intento_1.mp4,1041,8675.000,True,140.000,159.000,0.000,189.000,89.000,0.272222,0.388889,-0.880148,64.405,74.795,126.638,3707.5
Victor_9_puntos_intento_1.mp4,1042,8683.333,True,140.000,159.000,0.000,189.000,89.000,0.272222,0.388889,-0.880148,64.651,76.196,126.965,3749.5
Victor_9_puntos_intento_1.mp4,1043,8691.667,True,140.000,159.000,0.000,189.000,89.000,0.272222,0.388889,-0.880148,65.284,75.726,128.544,3756.0
Victor_9_puntos_intento_1.mp4,1044,8700.000,True,140.000,159.000,0.000,189.000,89.000,0.272222,0.388889,-0.880148,64.851,76.617,126.857,3774.0
Victor_9_puntos_intento_1.mp4,1045,8708.333,True,140.000,159.000,0.000,189.000,89.000,0.272222,0.388889,-0.880148,64.705,76.299,128.217,3758.0
Victor_9_puntos_intento_1.mp4,1046,8716.667,True,140.000,159.000,0.000,189.000,89.000,0.272222,0.388889,-0.880148,65.069,76.672,128.922,3805.5
Victor_9_puntos_intento_1.mp4,1047,8725.000,True,140.000,159.000,0.000,189.000,89.000,0.272222,0.388889,-0.880148,64.833,76.302,126.514,3798.5
Victor_9_puntos_intento_1.mp4,1048,8733.333,True,140.000,159.000,0.000,189.000,89.000,0.272222,0.388889,-0.880148,65.403,75.779,128.232,3814.0
Victor_9_puntos_intento_1.mp4,1049,8741.667,True,140.000,159.000,0.000,189.000,89.000,0.272222,0.388889,-0.880148,65.447,75.512,127.046,3834.5
Victor_9_puntos_intento_1.mp4,1050,8750.000,True,140.000,159.000,0.000,189.000,89.000,0.272222,0.388889,-0.880148,65.518,76.547,127.857,3839.5
Victor_9_puntos_intento_1.mp4,1051,8758.333,True,140.000,159.000,0.000,189.000,89.000,0.272222,0.388889,-0.880148,66.129,76.664,126.798,3865.5
Victor_9_puntos_intento_1.mp4,1052,8766.667,True,140.000,159.000,0.000,189.000,89.000,0.272222,0.388889,-0.880148,65.655,77.347,127.865,3862.0
Victor_9_puntos_intento_1.mp4,1053,8775.000,True,140.000,159.000,0.000,190.000,89.000,0.277778,0.388889,-0.878410,65.862,76.802,129.346,3880.5
Victor_9_puntos_intento_1.mp4,1054,8783.333,True,140.000,159.000,0.000,189.000,89.000,0.272222,0.388889,-0.880148,65.806,77.481,129.316,3880.5
Victor_9_puntos_intento_1.mp4,1055,8791.667,True,140.000,159.000,0.000,189.000,89.000,0.272222,0.388889,-0.880148,65.669,78.013,128.745,3886.0
Victor_9_puntos_intento_1.mp4,1056,8800.000,True,140.000,159.000,0.000,189.000,89.000,0.272222,0.388889,-0.880148,65.569,77.985,130.240,3876.0
Victor_9_puntos_intento_1.mp4,1057,8808.333,True,140.000,159.000,0.000,189.000,89.000,0.272222,0.388889,-0.880148,65.970,76.440,129.352,3860.0
Victor_9_puntos_intento_1.mp4,1058,8816.667,True,140.000,159.000,0.000,190.000,89.000,0.277778,0.388889,-0.878410,65.326,76.858,127.709,3859.0
Victor_9_puntos_intento_1.mp4,1059,8825.000,True,140.000,159.000,0.000,190.000,89.000,0.277778,0.388889,-0.878410,65.995,76.497,129.342,3872.0
Victor_9_puntos_intento_1.mp4,1060,8833.333,True,140.000,159.000,0.000,190.000,89.000,0.277778,0.388889,-0.878410,66.339,76.746,131.571,3900.5
Victor_9_puntos_intento_1.mp4,1061,8841.667,True,140.000,159.000,0.000,190.000,89.000,0.277778,0.388889,-0.878410,65.804,77.205,127.564,3896.0
Victor_9_puntos_intento_1.mp4,1062,8850.000,True,140.000,159.000,0.000,189.000,88.000,0.272222,0.394444,-0.877672,65.653,78.106,128.603,3905.5
Victor_9_puntos_intento_1.mp4,1063,8858.333,True,140.000,159.000,0.000,190.000,89.000,0.277778,0.388889,-0.878410,66.235,77.238,132.485,3914.5
Victor_9_puntos_intento_1.mp4,1064,8866.667,True,140.000,159.000,0.000,188.000,89.000,0.266667,0.388889,-0.881847,66.818,77.053,128.951,3938.0
Victor_9_puntos_intento_1.mp4,1065,8875.000,True,140.000,159.000,0.000,184.000,90.000,0.244444,0.383333,-0.890675,67.947,76.248,128.368,3965.5
Victor_9_puntos_intento_1.mp4,1066,8883.333,True,140.000,159.000,0.000,185.000,89.000,0.250000,0.388889,-0.886716,67.617,77.371,128.041,3992.5
Victor_9_puntos_intento_1.mp4,1067,8891.667,True,140.000,159.000,0.000,187.000,89.000,0.261111,0.388889,-0.883508,66.628,77.520,129.250,3953.0
Victor_9_puntos_intento_1.mp4,1068,8900.000,True,140.000,159.000,0.000,187.000,89.000,0.261111,0.388889,-0.883508,67.208,77.634,130.321,3999.0
Victor_9_puntos_intento_1.mp4,1069,8908.333,True,140.000,159.000,0.000,187.000,89.000,0.261111,0.388889,-0.883508,66.818,78.096,128.598,3983.0
Victor_9_puntos_intento_1.mp4,1070,8916.667,True,140.000,159.000,0.000,187.000,89.000,0.261111,0.388889,-0.883508,66.979,77.828,128.107,3991.0
Victor_9_puntos_intento_1.mp4,1071,8925.000,True,140.000,159.000,0.000,187.000,89.000,0.261111,0.388889,-0.883508,66.732,78.197,128.842,3974.0
Victor_9_puntos_intento_1.mp4,1072,8933.333,True,140.000,159.000,0.000,187.000,89.000,0.261111,0.388889,-0.883508,66.884,78.901,128.382,4010.0
Victor_9_puntos_intento_1.mp4,1073,8941.667,True,140.000,159.000,0.000,187.000,89.000,0.261111,0.388889,-0.883508,66.829,78.599,130.647,3992.0
Victor_9_puntos_intento_1.mp4,1074,8950.000,True,140.000,159.000,0.000,187.000,89.000,0.261111,0.388889,-0.883508,67.736,78.727,128.172,4029.0
Victor_9_puntos_intento_1.mp4,1075,8958.333,True,140.000,159.000,0.000,187.000,89.000,0.261111,0.388889,-0.883508,67.211,78.723,129.879,4028.0
Victor_9_puntos_intento_1.mp4,1076,8966.667,True,140.000,159.000,0.000,187.000,89.000,0.261111,0.388889,-0.883508,67.628,77.835,129.054,4018.5
Victor_9_puntos_intento_1.mp4,1077,8975.000,True,140.000,159.000,0.000,187.000,89.000,0.261111,0.388889,-0.883508,67.875,77.946,131.495,4016.5
Victor_9_puntos_intento_1.mp4,1078,8983.333,True,140.000,159.000,0.000,187.000,89.000,0.261111,0.388889,-0.883508,67.263,79.608,128.224,4035.0
Victor_9_puntos_intento_1.mp4,1079,8991.667,True,140.000,159.000,0.000,187.000,89.000,0.261111,0.388889,-0.883508,67.205,78.983,129.169,4018.0
Victor_9_puntos_intento_1.mp4,1080,9000.000,True,140.000,159.000,0.000,187.000,89.000,0.261111,0.388889,-0.883508,67.233,78.963,130.274,4037.5
Victor_9_puntos_intento_1.mp4,1081,9008.333,True,140.000,159.000,0.000,187.000,89.000,0.261111,0.388889,-0.883508,66.940,78.469,129.948,4003.0
Victor_9_puntos_intento_1.mp4,1082,9016.667,True,140.000,159.000,0.000,187.000,89.000,0.261111,0.388889,-0.883508,67.618,78.519,129.589,4060.5
Victor_9_puntos_intento_1.mp4,1083,9025.000,True,140.000,159.000,0.000,187.000,89.000,0.261111,0.388889,-0.883508,67.443,78.116,130.454,4045.5
Victor_9_puntos_intento_1.mp4,1084,9033.333,True,140.000,159.000,0.000,187.000,89.000,0.261111,0.388889,-0.883508,67.566,78.833,130.108,4069.0
Victor_9_puntos_intento_1.mp4,1085,9041.667,True,140.000,159.000,0.000,187.000,89.000,0.261111,0.388889,-0.883508,67.593,78.375,128.738,4053.0
Victor_9_puntos_intento_1.mp4,1086,9050.000,True,140.000,159.000,0.000,187.000,89.000,0.261111,0.388889,-0.883508,67.946,78.445,128.711,4082.5
Victor_9_puntos_intento_1.mp4,1087,9058.333,True,140.000,159.000,0.000,187.000,89.000,0.261111,0.388889,-0.883508,67.783,78.509,127.552,4068.0
Victor_9_puntos_intento_1.mp4,1088,9066.667,True,140.000,159.000,0.000,187.000,89.000,0.261111,0.388889,-0.883508,67.664,78.331,129.562,4061.0
Victor_9_puntos_intento_1.mp4,1089,9075.000,True,140.000,159.000,0.000,187.000,89.000,0.261111,0.388889,-0.883508,67.576,78.874,129.510,4052.5
Victor_9_puntos_intento_1.mp4,1090,9083.333,True,140.000,159.000,0.000,187.000,89.000,0.261111,0.388889,-0.883508,67.795,78.161,128.580,4065.5
Victor_9_puntos_intento_1.mp4,1091,9091.667,True,140.000,159.000,0.000,187.000,88.000,0.261111,0.394444,-0.881042,67.697,78.261,129.405,4034.0
Victor_9_puntos_intento_1.mp4,1092,9100.000,True,140.000,159.000,0.000,187.000,88.000,0.261111,0.394444,-0.881042,67.475,78.337,128.327,4045.5
Victor_9_puntos_intento_1.mp4,1093,9108.333,True,140.000,159.000,0.000,187.000,88.000,0.261111,0.394444,-0.881042,67.677,77.853,129.417,4007.5
Victor_9_puntos_intento_1.mp4,1094,9116.667,True,140.000,159.000,0.000,187.000,88.000,0.261111,0.394444,-0.881042,67.041,79.106,127.983,4015.5
Victor_9_puntos_intento_1.mp4,1095,9125.000,True,140.000,159.000,0.000,187.000,88.000,0.261111,0.394444,-0.881042,67.168,77.861,130.009,3991.0
Victor_9_puntos_intento_1.mp4,1096,9133.333,True,140.000,159.000,0.000,187.000,88.000,0.261111,0.394444,-0.881042,67.403,77.521,127.421,4004.5
Victor_9_puntos_intento_1.mp4,1097,9141.667,True,140.000,159.000,0.000,187.000,88.000,0.261111,0.394444,-0.881042,66.980,77.149,129.124,4002.5
Victor_9_puntos_intento_1.mp4,1098,9150.000,True,140.000,159.000,0.000,187.000,88.000,0.261111,0.394444,-0.881042,67.100,77.595,129.487,4011.0
Victor_9_puntos_intento_1.mp4,1099,9158.333,True,140.000,159.000,0.000,187.000,88.000,0.261111,0.394444,-0.881042,66.504,77.762,126.361,3964.5
Victor_9_puntos_intento_1.mp4,1100,9166.667,True,140.000,159.000,0.000,187.000,88.000,0.261111,0.394444,-0.881042,66.431,78.985,127.446,3992.0
Victor_9_puntos_intento_1.mp4,1101,9175.000,True,140.000,159.000,0.000,187.000,88.000,0.261111,0.394444,-0.881042,66.724,77.945,127.551,3964.0
Victor_9_puntos_intento_1.mp4,1102,9183.333,True,140.000,159.000,0.000,187.000,88.000,0.261111,0.394444,-0.881042,66.778,77.940,127.972,3971.5
Victor_9_puntos_intento_1.mp4,1103,9191.667,True,140.000,159.000,0.000,187.000,88.000,0.261111,0.394444,-0.881042,66.678,77.498,128.067,3959.5
Victor_9_puntos_intento_1.mp4,1104,9200.000,True,140.000,159.000,0.000,187.000,88.000,0.261111,0.394444,-0.881042,66.766,78.107,127.686,3970.0
Victor_9_puntos_intento_1.mp4,1105,9208.333,True,140.000,159.000,0.000,187.000,88.000,0.261111,0.394444,-0.881042,66.015,77.087,128.874,3901.0
Victor_9_puntos_intento_1.mp4,1106,9216.667,True,140.000,159.000,0.000,187.000,88.000,0.261111,0.394444,-0.881042,67.247,76.177,132.965,3908.5
Victor_9_puntos_intento_1.mp4,1107,9225.000,True,140.000,159.000,0.000,187.000,88.000,0.261111,0.394444,-0.881042,66.643,76.199,128.444,3879.5
Victor_9_puntos_intento_1.mp4,1108,9233.333,True,140.000,159.000,0.000,187.000,88.000,0.261111,0.394444,-0.881042,66.803,76.452,130.962,3931.5
Victor_9_puntos_intento_1.mp4,1109,9241.667,True,140.000,159.000,0.000,187.000,88.000,0.261111,0.394444,-0.881042,66.850,76.299,129.831,3912.0
Victor_9_puntos_intento_1.mp4,1110,9250.000,True,140.000,159.000,0.000,187.000,88.000,0.261111,0.394444,-0.881042,67.147,76.201,130.071,3924.5
Victor_9_puntos_intento_1.mp4,1111,9258.333,True,140.000,159.000,0.000,187.000,88.000,0.261111,0.394444,-0.881042,66.446,76.548,129.849,3887.0
Victor_9_puntos_intento_1.mp4,1112,9266.667,True,140.000,159.000,0.000,187.000,89.000,0.261111,0.388889,-0.883508,66.849,75.552,127.628,3870.5
Victor_9_puntos_intento_1.mp4,1113,9275.000,True,140.000,159.000,0.000,187.000,89.000,0.261111,0.388889,-0.883508,66.472,75.726,128.602,3868.0
Victor_9_puntos_intento_1.mp4,1114,9283.333,True,140.000,159.000,0.000,187.000,89.000,0.261111,0.388889,-0.883508,66.283,76.324,129.411,3849.0
Victor_9_puntos_intento_1.mp4,1115,9291.667,True,140.000,159.000,0.000,187.000,89.000,0.261111,0.388889,-0.883508,66.466,76.272,126.496,3857.5
Victor_9_puntos_intento_1.mp4,1116,9300.000,True,140.000,159.000,0.000,187.000,89.000,0.261111,0.388889,-0.883508,66.274,75.572,128.496,3824.5
Victor_9_puntos_intento_1.mp4,1117,9308.333,True,140.000,159.000,0.000,187.000,89.000,0.261111,0.388889,-0.883508,66.746,75.649,128.134,3846.5
Victor_9_puntos_intento_1.mp4,1118,9316.667,True,140.000,159.000,0.000,187.000,89.000,0.261111,0.388889,-0.883508,66.744,75.714,126.397,3865.0
Victor_9_puntos_intento_1.mp4,1119,9325.000,True,140.000,159.000,0.000,187.000,88.000,0.261111,0.394444,-0.881042,66.045,76.037,126.427,3823.5
Victor_9_puntos_intento_1.mp4,1120,9333.333,True,140.000,159.000,0.000,187.000,88.000,0.261111,0.394444,-0.881042,66.336,75.376,123.941,3820.0
Victor_9_puntos_intento_1.mp4,1121,9341.667,True,140.000,159.000,0.000,188.000,88.000,0.266667,0.394444,-0.879376,65.794,75.449,128.480,3816.0
Victor_9_puntos_intento_1.mp4,1122,9350.000,True,140.000,159.000,0.000,188.000,88.000,0.266667,0.394444,-0.879376,66.138,75.803,127.425,3804.0
Victor_9_puntos_intento_1.mp4,1123,9358.333,True,140.000,159.000,0.000,190.000,88.000,0.277778,0.394444,-0.875930,65.655,75.336,130.964,3781.0
Victor_9_puntos_intento_1.mp4,1124,9366.667,True,140.000,159.000,0.000,190.000,88.000,0.277778,0.394444,-0.875930,65.610,74.928,130.159,3776.0
Victor_9_puntos_intento_1.mp4,1125,9375.000,True,140.000,159.000,0.000,189.000,88.000,0.272222,0.394444,-0.877672,66.133,74.380,131.186,3757.5
Victor_9_puntos_intento_1.mp4,1126,9383.333,True,140.000,159.000,0.000,189.000,88.000,0.272222,0.394444,-0.877672,65.654,75.621,129.664,3789.5
Victor_9_puntos_intento_1.mp4,1127,9391.667,True,140.000,159.000,0.000,189.000,88.000,0.272222,0.394444,-0.877672,65.414,75.944,126.267,3751.0
Victor_9_puntos_intento_1.mp4,1128,9400.000,True,140.000,159.000,0.000,189.000,88.000,0.272222,0.394444,-0.877672,65.396,75.195,129.145,3750.5
Victor_9_puntos_intento_1.mp4,1129,9408.333,True,140.000,159.000,0.000,189.000,88.000,0.272222,0.394444,-0.877672,65.546,75.428,126.460,3754.0
Victor_9_puntos_intento_1.mp4,1130,9416.667,True,140.000,159.000,0.000,190.000,88.000,0.277778,0.394444,-0.875930,65.982,73.616,128.589,3730.5
Victor_9_puntos_intento_1.mp4,1131,9425.000,True,140.000,159.000,0.000,190.000,88.000,0.277778,0.394444,-0.875930,65.879,73.279,127.588,3709.0
Victor_9_puntos_intento_1.mp4,1132,9433.333,True,140.000,159.000,0.000,189.000,88.000,0.272222,0.394444,-0.877672,65.229,74.524,128.617,3735.5
Victor_9_puntos_intento_1.mp4,1133,9441.667,True,140.000,159.000,0.000,189.000,88.000,0.272222,0.394444,-0.877672,64.687,74.843,125.973,3713.0
Victor_9_puntos_intento_1.mp4,1134,9450.000,True,140.000,159.000,0.000,189.000,88.000,0.272222,0.394444,-0.877672,64.596,74.884,125.657,3708.0
Victor_9_puntos_intento_1.mp4,1135,9458.333,True,140.000,159.000,0.000,189.000,88.000,0.272222,0.394444,-0.877672,64.896,73.918,127.741,3681.0
Victor_9_puntos_intento_1.mp4,1136,9466.667,True,140.000,159.000,0.000,189.000,88.000,0.272222,0.394444,-0.877672,64.875,74.576,127.201,3712.0
Victor_9_puntos_intento_1.mp4,1137,9475.000,True,140.000,159.000,0.000,189.000,88.000,0.272222,0.394444,-0.877672,64.349,74.682,125.620,3662.5
Victor_9_puntos_intento_1.mp4,1138,9483.333,True,140.000,159.000,0.000,189.000,88.000,0.272222,0.394444,-0.877672,64.767,73.873,126.820,3646.0
Victor_9_puntos_intento_1.mp4,1139,9491.667,True,140.000,159.000,0.000,189.000,88.000,0.272222,0.394444,-0.877672,64.321,74.843,125.446,3647.5
Victor_9_puntos_intento_1.mp4,1140,9500.000,True,140.000,159.000,0.000,189.000,88.000,0.272222,0.394444,-0.877672,64.432,75.032,126.261,3664.5
Victor_9_puntos_intento_1.mp4,1141,9508.333,True,140.000,159.000,0.000,189.000,88.000,0.272222,0.394444,-0.877672,64.413,74.065,126.810,3653.0
Victor_9_puntos_intento_1.mp4,1142,9516.667,True,140.000,159.000,0.000,189.000,88.000,0.272222,0.394444,-0.877672,64.075,74.236,127.090,3627.5
Victor_9_puntos_intento_1.mp4,1143,9525.000,True,140.000,159.000,0.000,189.000,88.000,0.272222,0.394444,-0.877672,64.131,74.337,126.973,3637.0
Victor_9_puntos_intento_1.mp4,1144,9533.333,True,140.000,159.000,0.000,189.000,88.000,0.272222,0.394444,-0.877672,64.103,74.981,124.863,3654.0
Victor_9_puntos_intento_1.mp4,1145,9541.667,True,140.000,159.000,0.000,189.000,88.000,0.272222,0.394444,-0.877672,63.635,75.683,124.904,3637.0
Victor_9_puntos_intento_1.mp4,1146,9550.000,True,140.000,159.000,0.000,189.000,88.000,0.272222,0.394444,-0.877672,64.054,73.988,126.700,3626.0
Victor_9_puntos_intento_1.mp4,1147,9558.333,True,140.000,159.000,0.000,189.000,88.000,0.272222,0.394444,-0.877672,63.966,73.631,126.155,3600.0
Victor_9_puntos_intento_1.mp4,1148,9566.667,True,140.000,159.000,0.000,189.000,88.000,0.272222,0.394444,-0.877672,63.924,74.171,126.734,3633.5
Victor_9_puntos_intento_1.mp4,1149,9575.000,True,140.000,159.000,0.000,189.000,87.000,0.272222,0.400000,-0.875154,63.563,74.993,125.667,3604.0
Victor_9_puntos_intento_1.mp4,1150,9583.333,True,140.000,159.000,0.000,189.000,88.000,0.272222,0.394444,-0.877672,63.513,74.600,126.028,3594.5
Victor_9_puntos_intento_1.mp4,1151,9591.667,True,140.000,159.000,0.000,189.000,88.000,0.272222,0.394444,-0.877672,63.603,73.937,126.529,3571.5
Victor_9_puntos_intento_1.mp4,1152,9600.000,True,140.000,159.000,0.000,189.000,88.000,0.272222,0.394444,-0.877672,63.471,74.326,125.746,3582.5
Victor_9_puntos_intento_1.mp4,1153,9608.333,True,140.000,159.000,0.000,190.000,88.000,0.277778,0.394444,-0.875930,63.576,73.463,126.191,3542.5
Victor_9_puntos_intento_1.mp4,1154,9616.667,True,140.000,159.000,0.000,189.000,87.000,0.272222,0.400000,-0.875154,63.303,73.678,125.429,3565.0
Victor_9_puntos_intento_1.mp4,1155,9625.000,True,140.000,159.000,0.000,190.000,88.000,0.277778,0.394444,-0.875930,63.312,72.964,126.553,3536.5
Victor_9_puntos_intento_1.mp4,1156,9633.333,True,140.000,159.000,0.000,190.000,87.000,0.277778,0.400000,-0.873407,63.987,72.892,125.700,3571.5
Victor_9_puntos_intento_1.mp4,1157,9641.667,True,140.000,159.000,0.000,190.000,87.000,0.277778,0.400000,-0.873407,63.156,73.751,125.902,3557.5
Victor_9_puntos_intento_1.mp4,1158,9650.000,True,140.000,159.000,0.000,189.000,87.000,0.272222,0.400000,-0.875154,63.308,72.751,125.374,3549.5
Victor_9_puntos_intento_1.mp4,1159,9658.333,True,140.000,159.000,0.000,189.000,87.000,0.272222,0.400000,-0.875154,63.446,73.066,127.891,3549.5
Victor_9_puntos_intento_1.mp4,1160,9666.667,True,140.000,159.000,0.000,190.000,87.000,0.277778,0.400000,-0.873407,63.722,72.752,126.217,3535.0
Victor_9_puntos_intento_1.mp4,1161,9675.000,True,140.000,159.000,0.000,189.000,87.000,0.272222,0.400000,-0.875154,62.878,74.077,125.178,3543.0
Victor_9_puntos_intento_1.mp4,1162,9683.333,True,140.000,159.000,0.000,189.000,87.000,0.272222,0.400000,-0.875154,62.904,73.874,125.502,3542.0
Victor_9_puntos_intento_1.mp4,1163,9691.667,True,140.000,159.000,0.000,189.000,87.000,0.272222,0.400000,-0.875154,63.213,72.513,126.395,3526.0
Victor_9_puntos_intento_1.mp4,1164,9700.000,True,140.000,159.000,0.000,189.000,87.000,0.272222,0.400000,-0.875154,62.930,72.508,126.765,3526.0
Victor_9_puntos_intento_1.mp4,1165,9708.333,True,140.000,159.000,0.000,190.000,88.000,0.277778,0.394444,-0.875930,63.476,72.670,127.459,3538.0
Victor_9_puntos_intento_1.mp4,1166,9716.667,True,140.000,159.000,0.000,190.000,87.000,0.277778,0.400000,-0.873407,63.013,73.073,126.342,3537.0
Victor_9_puntos_intento_1.mp4,1167,9725.000,True,140.000,159.000,0.000,190.000,87.000,0.277778,0.400000,-0.873407,62.901,73.186,124.415,3515.5
Victor_9_puntos_intento_1.mp4,1168,9733.333,True,140.000,159.000,0.000,190.000,87.000,0.277778,0.400000,-0.873407,63.360,73.238,124.428,3537.5
Victor_9_puntos_intento_1.mp4,1169,9741.667,True,140.000,159.000,0.000,190.000,87.000,0.277778,0.400000,-0.873407,62.925,72.911,125.524,3517.0
Victor_9_puntos_intento_1.mp4,1170,9750.000,True,140.000,159.000,0.000,189.000,87.000,0.272222,0.400000,-0.875154,62.652,73.906,126.072,3530.5
Victor_9_puntos_intento_1.mp4,1171,9758.333,True,140.000,159.000,0.000,190.000,87.000,0.277778,0.400000,-0.873407,63.064,73.353,125.177,3536.5
Victor_9_puntos_intento_1.mp4,1172,9766.667,True,140.000,159.000,0.000,190.000,87.000,0.277778,0.400000,-0.873407,63.164,72.310,124.908,3514.5
Victor_9_puntos_intento_1.mp4,1173,9775.000,True,140.000,159.000,0.000,190.000,87.000,0.277778,0.400000,-0.873407,63.125,72.107,124.001,3488.5
Victor_9_puntos_intento_1.mp4,1174,9783.333,True,140.000,159.000,0.000,189.000,87.000,0.272222,0.400000,-0.875154,63.063,72.775,124.924,3502.5
Victor_9_puntos_intento_1.mp4,1175,9791.667,True,140.000,159.000,0.000,190.000,87.000,0.277778,0.400000,-0.873407,62.964,72.350,123.807,3492.5
Victor_9_puntos_intento_1.mp4,1176,9800.000,True,140.000,159.000,0.000,189.000,87.000,0.272222,0.400000,-0.875154,62.861,73.132,123.906,3503.5
Victor_9_puntos_intento_1.mp4,1177,9808.333,True,140.000,159.000,0.000,190.000,87.000,0.277778,0.400000,-0.873407,63.245,73.051,124.251,3543.5
Victor_9_puntos_intento_1.mp4,1178,9816.667,True,140.000,159.000,0.000,190.000,87.000,0.277778,0.400000,-0.873407,63.286,73.005,125.312,3542.5
Victor_9_puntos_intento_1.mp4,1179,9825.000,True,140.000,159.000,0.000,190.000,87.000,0.277778,0.400000,-0.873407,62.758,72.912,124.875,3516.0
Victor_9_puntos_intento_1.mp4,1180,9833.333,True,140.000,159.000,0.000,190.000,87.000,0.277778,0.400000,-0.873407,62.632,72.931,125.251,3502.5
Victor_9_puntos_intento_1.mp4,1181,9841.667,True,140.000,159.000,0.000,190.000,87.000,0.277778,0.400000,-0.873407,63.160,72.908,123.605,3506.0
Victor_9_puntos_intento_1.mp4,1182,9850.000,True,140.000,159.000,0.000,190.000,87.000,0.277778,0.400000,-0.873407,62.911,72.721,121.585,3512.5
Victor_9_puntos_intento_1.mp4,1183,9858.333,True,140.000,160.000,0.000,190.000,87.000,0.277778,0.405556,-0.870841,62.818,72.865,124.977,3501.0
Victor_9_puntos_intento_1.mp4,1184,9866.667,True,140.000,160.000,0.000,190.000,87.000,0.277778,0.405556,-0.870841,63.138,72.345,123.868,3490.0
Victor_9_puntos_intento_1.mp4,1185,9875.000,True,140.000,160.000,0.000,189.000,87.000,0.272222,0.405556,-0.872594,63.101,72.717,123.591,3498.0
Victor_9_puntos_intento_1.mp4,1186,9883.333,True,140.000,160.000,0.000,190.000,87.000,0.277778,0.405556,-0.870841,63.229,73.042,126.838,3504.5
Victor_9_puntos_intento_1.mp4,1187,9891.667,True,140.000,160.000,0.000,190.000,87.000,0.277778,0.405556,-0.870841,62.865,73.656,125.467,3480.0
Victor_9_puntos_intento_1.mp4,1188,9900.000,True,140.000,160.000,0.000,189.000,87.000,0.272222,0.405556,-0.872594,62.487,73.841,125.517,3482.0
Victor_9_puntos_intento_1.mp4,1189,9908.333,True,140.000,160.000,0.000,189.000,87.000,0.272222,0.405556,-0.872594,62.810,72.352,127.136,3469.0
Victor_9_puntos_intento_1.mp4,1190,9916.667,True,140.000,160.000,0.000,190.000,87.000,0.277778,0.405556,-0.870841,63.193,72.767,124.927,3513.5
Victor_9_puntos_intento_1.mp4,1191,9925.000,True,140.000,160.000,0.000,190.000,87.000,0.277778,0.405556,-0.870841,62.821,72.542,125.652,3480.5
Victor_9_puntos_intento_1.mp4,1192,9933.333,True,140.000,160.000,0.000,190.000,87.000,0.277778,0.405556,-0.870841,63.139,71.615,125.016,3472.5
Victor_9_puntos_intento_1.mp4,1193,9941.667,True,140.000,160.000,0.000,189.000,87.000,0.272222,0.405556,-0.872594,63.166,72.105,127.520,3491.0
Victor_9_puntos_intento_1.mp4,1194,9950.000,True,140.000,160.000,0.000,189.000,87.000,0.272222,0.405556,-0.872594,62.834,72.297,125.381,3485.5
Victor_9_puntos_intento_1.mp4,1195,9958.333,True,140.000,160.000,0.000,190.000,87.000,0.277778,0.405556,-0.870841,62.913,72.220,124.910,3488.5
Victor_9_puntos_intento_1.mp4,1196,9966.667,True,140.000,160.000,0.000,190.000,87.000,0.277778,0.405556,-0.870841,63.351,72.213,122.833,3503.5
Victor_9_puntos_intento_1.mp4,1197,9975.000,True,140.000,160.000,0.000,190.000,87.000,0.277778,0.405556,-0.870841,62.871,72.075,126.097,3468.5
Victor_9_puntos_intento_1.mp4,1198,9983.333,True,140.000,160.000,0.000,190.000,87.000,0.277778,0.405556,-0.870841,63.377,72.347,124.746,3505.5
Victor_9_puntos_intento_1.mp4,1199,9991.667,True,140.000,160.000,0.000,189.000,87.000,0.272222,0.405556,-0.872594,62.762,72.231,122.369,3473.0
Victor_9_puntos_intento_1.mp4,1200,10000.000,True,140.000,160.000,0.000,190.000,87.000,0.277778,0.405556,-0.870841,63.138,72.212,122.941,3507.0
Victor_9_puntos_intento_1.mp4,1201,10008.333,True,140.000,160.000,0.000,190.000,87.000,0.277778,0.405556,-0.870841,62.986,71.613,123.338,3462.0
Victor_9_puntos_intento_1.mp4,1202,10016.667,True,140.000,160.000,0.000,190.000,87.000,0.277778,0.405556,-0.870841,62.759,71.941,123.650,3464.5
Victor_9_puntos_intento_1.mp4,1203,10025.000,True,140.000,160.000,0.000,189.000,87.000,0.272222,0.405556,-0.872594,62.269,72.647,124.605,3457.0
Victor_9_puntos_intento_1.mp4,1204,10033.333,True,140.000,160.000,0.000,190.000,87.000,0.277778,0.405556,-0.870841,62.841,71.912,125.860,3486.0
Victor_9_puntos_intento_1.mp4,1205,10041.667,True,140.000,160.000,0.000,190.000,87.000,0.277778,0.405556,-0.870841,63.236,71.866,123.497,3476.0
Victor_9_puntos_intento_1.mp4,1206,10050.000,True,140.000,160.000,0.000,190.000,87.000,0.277778,0.405556,-0.870841,62.932,73.026,124.011,3485.0
Victor_9_puntos_intento_1.mp4,1207,10058.333,True,140.000,160.000,0.000,190.000,87.000,0.277778,0.405556,-0.870841,62.811,73.170,125.048,3476.0
Victor_9_puntos_intento_1.mp4,1208,10066.667,True,140.000,160.000,0.000,190.000,87.000,0.277778,0.405556,-0.870841,62.835,72.772,124.542,3466.5
Victor_9_puntos_intento_1.mp4,1209,10075.000,True,140.000,160.000,0.000,190.000,87.000,0.277778,0.405556,-0.870841,62.724,72.346,121.906,3476.0
Victor_9_puntos_intento_1.mp4,1210,10083.333,True,140.000,160.000,0.000,190.000,87.000,0.277778,0.405556,-0.870841,62.926,72.315,123.702,3475.0
Victor_9_puntos_intento_1.mp4,1211,10091.667,True,140.000,160.000,0.000,190.000,87.000,0.277778,0.405556,-0.870841,62.287,71.745,124.107,3440.5
Victor_9_puntos_intento_1.mp4,1212,10100.000,True,140.000,160.000,0.000,190.000,87.000,0.277778,0.405556,-0.870841,61.841,72.286,122.935,3456.0
Victor_9_puntos_intento_1.mp4,1213,10108.333,True,140.000,160.000,0.000,190.000,87.000,0.277778,0.405556,-0.870841,63.090,71.840,126.952,3468.0
Victor_9_puntos_intento_1.mp4,1214,10116.667,True,140.000,160.000,0.000,190.000,87.000,0.277778,0.405556,-0.870841,63.069,71.404,124.980,3467.5
Victor_9_puntos_intento_1.mp4,1215,10125.000,True,140.000,160.000,0.000,189.000,87.000,0.272222,0.405556,-0.872594,62.736,72.185,123.633,3472.0
Victor_9_puntos_intento_1.mp4,1216,10133.333,True,140.000,160.000,0.000,190.000,87.000,0.277778,0.405556,-0.870841,62.659,71.765,126.205,3492.0
Victor_9_puntos_intento_1.mp4,1217,10141.667,True,140.000,160.000,0.000,190.000,87.000,0.277778,0.405556,-0.870841,62.909,71.883,124.342,3493.5
Victor_9_puntos_intento_1.mp4,1218,10150.000,True,140.000,160.000,0.000,190.000,87.000,0.277778,0.405556,-0.870841,62.413,72.076,123.634,3462.0
Victor_9_puntos_intento_1.mp4,1219,10158.333,True,140.000,160.000,0.000,190.000,87.000,0.277778,0.405556,-0.870841,62.391,72.396,125.157,3456.5
Victor_9_puntos_intento_1.mp4,1220,10166.667,True,140.000,160.000,0.000,190.000,87.000,0.277778,0.405556,-0.870841,62.490,71.903,124.271,3455.5
Victor_9_puntos_intento_1.mp4,1221,10175.000,True,140.000,160.000,0.000,190.000,87.000,0.277778,0.405556,-0.870841,62.995,71.450,124.265,3467.5
Victor_9_puntos_intento_1.mp4,1222,10183.333,True,140.000,160.000,0.000,190.000,87.000,0.277778,0.405556,-0.870841,62.784,71.949,123.444,3478.5
Victor_9_puntos_intento_1.mp4,1223,10191.667,True,140.000,160.000,0.000,190.000,87.000,0.277778,0.405556,-0.870841,62.965,72.134,123.975,3488.5
Victor_9_puntos_intento_1.mp4,1224,10200.000,True,140.000,160.000,0.000,190.000,87.000,0.277778,0.405556,-0.870841,62.919,71.751,124.650,3457.0
Victor_9_puntos_intento_1.mp4,1225,10208.333,True,140.000,160.000,0.000,190.000,87.000,0.277778,0.405556,-0.870841,62.653,72.027,124.686,3466.5
Victor_9_puntos_intento_1.mp4,1226,10216.667,True,140.000,160.000,0.000,190.000,87.000,0.277778,0.405556,-0.870841,62.802,72.370,124.681,3490.5
Victor_9_puntos_intento_1.mp4,1227,10225.000,True,140.000,160.000,0.000,190.000,87.000,0.277778,0.405556,-0.870841,62.830,72.656,124.641,3480.5
Victor_9_puntos_intento_1.mp4,1228,10233.333,True,140.000,160.000,0.000,190.000,87.000,0.277778,0.405556,-0.870841,62.590,72.402,122.764,3490.5
Victor_9_puntos_intento_1.mp4,1229,10241.667,True,140.000,160.000,0.000,190.000,87.000,0.277778,0.405556,-0.870841,62.847,71.923,124.895,3476.5
Victor_9_puntos_intento_1.mp4,1230,10250.000,True,140.000,160.000,0.000,190.000,87.000,0.277778,0.405556,-0.870841,62.531,72.751,122.283,3507.0
Victor_9_puntos_intento_1.mp4,1231,10258.333,True,140.000,160.000,0.000,189.000,86.000,0.272222,0.411111,-0.869990,62.790,72.151,123.973,3487.5
Victor_9_puntos_intento_1.mp4,1232,10266.667,True,140.000,160.000,0.000,190.000,86.000,0.277778,0.411111,-0.868232,62.384,72.413,123.259,3482.5
Victor_9_puntos_intento_1.mp4,1233,10275.000,True,140.000,160.000,0.000,189.000,86.000,0.272222,0.411111,-0.869990,62.518,72.623,124.422,3481.5
Victor_9_puntos_intento_1.mp4,1234,10283.333,True,140.000,160.000,0.000,189.000,86.000,0.272222,0.411111,-0.869990,63.301,73.039,125.596,3519.0
Victor_9_puntos_intento_1.mp4,1235,10291.667,True,140.000,160.000,0.000,189.000,86.000,0.272222,0.411111,-0.869990,63.443,72.128,124.621,3498.5
Victor_9_puntos_intento_1.mp4,1236,10300.000,True,140.000,160.000,0.000,189.000,87.000,0.272222,0.405556,-0.872594,63.391,72.345,128.608,3505.5
Victor_9_puntos_intento_1.mp4,1237,10308.333,True,140.000,160.000,0.000,188.000,87.000,0.266667,0.405556,-0.874307,64.419,72.175,124.494,3549.5
Victor_9_puntos_intento_1.mp4,1238,10316.667,True,140.000,160.000,0.000,179.000,89.000,0.216667,0.394444,-0.893011,66.954,71.410,113.145,3616.0
Victor_9_puntos_intento_1.mp4,1239,10325.000,True,140.000,160.000,0.000,168.000,92.000,0.155556,0.377778,-0.912736,67.009,74.168,85.733,3787.5
Victor_9_puntos_intento_1.mp4,1240,10333.333,True,140.000,160.000,0.000,156.000,94.000,0.088889,0.366667,-0.926096,68.799,77.137,94.809,4106.5
Victor_9_puntos_intento_1.mp4,1241,10341.667,True,140.000,160.000,0.000,146.000,96.000,0.033333,0.355556,-0.934061,69.731,78.003,98.132,4200.0
Victor_9_puntos_intento_1.mp4,1242,10350.000,True,140.000,160.000,0.000,140.000,97.000,0.000000,0.350000,-0.936750,69.732,78.710,98.673,4231.5
Victor_9_puntos_intento_1.mp4,1243,10358.333,True,140.000,160.000,0.000,139.000,97.000,-0.005556,0.350000,-0.936733,69.851,78.856,103.983,4260.0
Victor_9_puntos_intento_1.mp4,1244,10366.667,True,140.000,160.000,0.000,139.000,97.000,-0.005556,0.350000,-0.936733,69.542,78.914,107.195,4241.0
Victor_9_puntos_intento_1.mp4,1245,10375.000,True,140.000,160.000,0.000,139.000,97.000,-0.005556,0.350000,-0.936733,69.333,79.194,104.925,4242.0
Victor_9_puntos_intento_1.mp4,1246,10383.333,True,140.000,160.000,0.000,139.000,97.000,-0.005556,0.350000,-0.936733,69.768,79.870,106.206,4276.0
Victor_9_puntos_intento_1.mp4,1247,10391.667,True,140.000,160.000,0.000,139.000,97.000,-0.005556,0.350000,-0.936733,69.778,80.399,105.065,4271.0
Victor_9_puntos_intento_1.mp4,1248,10400.000,True,140.000,160.000,0.000,139.000,97.000,-0.005556,0.350000,-0.936733,69.628,80.417,104.837,4286.5
Victor_9_puntos_intento_1.mp4,1249,10408.333,True,140.000,160.000,0.000,139.000,97.000,-0.005556,0.350000,-0.936733,69.984,80.405,105.242,4296.0
Victor_9_puntos_intento_1.mp4,1250,10416.667,True,140.000,160.000,0.000,139.000,97.000,-0.005556,0.350000,-0.936733,70.350,81.024,105.607,4339.5
Victor_9_puntos_intento_1.mp4,1251,10425.000,True,140.000,160.000,0.000,139.000,97.000,-0.005556,0.350000,-0.936733,70.480,80.841,104.679,4357.5
Victor_9_puntos_intento_1.mp4,1252,10433.333,True,140.000,160.000,0.000,139.000,97.000,-0.005556,0.350000,-0.936733,70.502,80.677,106.841,4357.5
Victor_9_puntos_intento_1.mp4,1253,10441.667,True,140.000,160.000,0.000,139.000,97.000,-0.005556,0.350000,-0.936733,70.153,80.826,106.301,4355.5
Victor_9_puntos_intento_1.mp4,1254,10450.000,True,140.000,160.000,0.000,139.000,98.000,-0.005556,0.344444,-0.938790,71.894,80.255,110.596,4389.0
Victor_9_puntos_intento_1.mp4,1255,10458.333,True,140.000,160.000,0.000,139.000,97.000,-0.005556,0.350000,-0.936733,70.504,81.251,106.408,4387.0
Victor_9_puntos_intento_1.mp4,1256,10466.667,True,140.000,160.000,0.000,139.000,97.000,-0.005556,0.350000,-0.936733,71.557,80.297,110.924,4415.5
Victor_9_puntos_intento_1.mp4,1257,10475.000,True,140.000,160.000,0.000,139.000,97.000,-0.005556,0.350000,-0.936733,70.387,82.137,104.349,4420.5
Victor_9_puntos_intento_1.mp4,1258,10483.333,True,140.000,160.000,0.000,139.000,97.000,-0.005556,0.350000,-0.936733,71.083,81.387,107.228,4458.0
Victor_9_puntos_intento_1.mp4,1259,10491.667,True,140.000,160.000,0.000,139.000,97.000,-0.005556,0.350000,-0.936733,70.741,81.558,104.129,4434.0
Victor_9_puntos_intento_1.mp4,1260,10500.000,True,140.000,160.000,0.000,139.000,97.000,-0.005556,0.350000,-0.936733,71.342,81.376,105.893,4482.5
Victor_9_puntos_intento_1.mp4,1261,10508.333,True,140.000,160.000,0.000,139.000,97.000,-0.005556,0.350000,-0.936733,71.198,82.737,105.224,4496.5
Victor_9_puntos_intento_1.mp4,1262,10516.667,True,140.000,160.000,0.000,139.000,97.000,-0.005556,0.350000,-0.936733,71.204,82.910,103.741,4503.5
Victor_9_puntos_intento_1.mp4,1263,10525.000,True,140.000,160.000,0.000,139.000,97.000,-0.005556,0.350000,-0.936733,72.027,82.070,106.817,4533.5
Victor_9_puntos_intento_1.mp4,1264,10533.333,True,140.000,160.000,0.000,139.000,97.000,-0.005556,0.350000,-0.936733,72.339,82.345,105.280,4557.0
Victor_9_puntos_intento_1.mp4,1265,10541.667,True,140.000,160.000,0.000,139.000,97.000,-0.005556,0.350000,-0.936733,72.150,82.283,105.917,4544.0
Victor_9_puntos_intento_1.mp4,1266,10550.000,True,140.000,160.000,0.000,139.000,97.000,-0.005556,0.350000,-0.936733,72.767,82.294,106.160,4577.5
Victor_9_puntos_intento_1.mp4,1267,10558.333,True,140.000,160.000,0.000,139.000,97.000,-0.005556,0.350000,-0.936733,72.927,82.960,107.396,4618.5
Victor_9_puntos_intento_1.mp4,1268,10566.667,True,140.000,160.000,0.000,139.000,97.000,-0.005556,0.350000,-0.936733,72.094,83.414,103.310,4613.0
Victor_9_puntos_intento_1.mp4,1269,10575.000,True,140.000,160.000,0.000,139.000,97.000,-0.005556,0.350000,-0.936733,73.269,82.535,110.824,4616.5
Victor_9_puntos_intento_1.mp4,1270,10583.333,True,139.000,160.000,0.000,139.000,97.000,0.000000,0.350000,-0.936750,73.430,83.353,109.640,4662.5
Victor_9_puntos_intento_1.mp4,1271,10591.667,True,139.000,160.000,0.000,139.000,97.000,0.000000,0.350000,-0.936750,73.204,82.769,109.196,4666.0
Victor_9_puntos_intento_1.mp4,1272,10600.000,True,139.000,160.000,0.000,139.000,97.000,0.000000,0.350000,-0.936750,73.398,83.080,107.973,4670.5
Victor_9_puntos_intento_1.mp4,1273,10608.333,True,139.000,160.000,0.000,139.000,97.000,0.000000,0.350000,-0.936750,74.108,82.308,109.172,4690.5
Victor_9_puntos_intento_1.mp4,1274,10616.667,True,139.000,160.000,0.000,139.000,97.000,0.000000,0.350000,-0.936750,73.733,83.114,108.488,4697.0
Victor_9_puntos_intento_1.mp4,1275,10625.000,True,139.000,160.000,0.000,139.000,97.000,0.000000,0.350000,-0.936750,73.027,83.687,106.322,4696.0
Victor_9_puntos_intento_1.mp4,1276,10633.333,True,139.000,160.000,0.000,139.000,97.000,0.000000,0.350000,-0.936750,73.891,84.072,107.391,4757.5
Victor_9_puntos_intento_1.mp4,1277,10641.667,True,139.000,160.000,0.000,139.000,97.000,0.000000,0.350000,-0.936750,73.836,84.170,106.144,4782.0
Victor_9_puntos_intento_1.mp4,1278,10650.000,True,139.000,160.000,0.000,139.000,97.000,0.000000,0.350000,-0.936750,74.434,84.171,105.892,4796.5
Victor_9_puntos_intento_1.mp4,1279,10658.333,True,139.000,160.000,0.000,139.000,97.000,0.000000,0.350000,-0.936750,74.847,83.960,109.229,4828.0
Victor_9_puntos_intento_1.mp4,1280,10666.667,True,139.000,160.000,0.000,139.000,97.000,0.000000,0.350000,-0.936750,74.044,84.665,106.386,4823.5
Victor_9_puntos_intento_1.mp4,1281,10675.000,True,139.000,160.000,0.000,139.000,97.000,0.000000,0.350000,-0.936750,74.553,83.855,106.520,4811.0
Victor_9_puntos_intento_1.mp4,1282,10683.333,True,139.000,160.000,0.000,139.000,97.000,0.000000,0.350000,-0.936750,74.439,84.437,106.887,4842.0
Victor_9_puntos_intento_1.mp4,1283,10691.667,True,139.000,160.000,0.000,139.000,97.000,0.000000,0.350000,-0.936750,74.432,84.877,107.159,4848.5
Victor_9_puntos_intento_1.mp4,1284,10700.000,True,139.000,160.000,0.000,139.000,97.000,0.000000,0.350000,-0.936750,74.624,85.999,105.905,4900.0
Victor_9_puntos_intento_1.mp4,1285,10708.333,True,139.000,160.000,0.000,135.000,98.000,-0.022222,0.344444,-0.938544,76.514,84.154,106.157,4940.0
Victor_9_puntos_intento_1.mp4,1286,10716.667,True,139.000,160.000,0.000,133.000,98.000,-0.033333,0.344444,-0.938215,75.143,85.954,105.124,4950.5
Victor_9_puntos_intento_1.mp4,1287,10725.000,True,139.000,160.000,0.000,135.000,98.000,-0.022222,0.344444,-0.938544,75.110,85.016,109.008,4910.5
Victor_9_puntos_intento_1.mp4,1288,10733.333,True,139.000,160.000,0.000,135.000,98.000,-0.022222,0.344444,-0.938544,75.809,85.204,107.162,4948.0
Victor_9_puntos_intento_1.mp4,1289,10741.667,True,139.000,160.000,0.000,135.000,98.000,-0.022222,0.344444,-0.938544,75.900,84.682,107.939,4949.0
Victor_9_puntos_intento_1.mp4,1290,10750.000,True,139.000,160.000,0.000,135.000,98.000,-0.022222,0.344444,-0.938544,75.646,85.447,107.526,4962.5
Victor_9_puntos_intento_1.mp4,1291,10758.333,True,139.000,160.000,0.000,135.000,98.000,-0.022222,0.344444,-0.938544,75.618,85.879,106.702,4966.5
Victor_9_puntos_intento_1.mp4,1292,10766.667,True,139.000,160.000,0.000,135.000,98.000,-0.022222,0.344444,-0.938544,76.092,85.713,107.058,4984.0
Victor_9_puntos_intento_1.mp4,1293,10775.000,True,139.000,160.000,0.000,135.000,97.000,-0.022222,0.350000,-0.936486,75.403,85.709,106.790,4978.5
Victor_9_puntos_intento_1.mp4,1294,10783.333,True,139.000,160.000,0.000,135.000,98.000,-0.022222,0.344444,-0.938544,76.644,85.892,106.628,5029.0
Victor_9_puntos_intento_1.mp4,1295,10791.667,True,139.000,160.000,0.000,135.000,97.000,-0.022222,0.350000,-0.936486,75.953,85.959,107.453,4989.5
Victor_9_puntos_intento_1.mp4,1296,10800.000,True,139.000,160.000,0.000,135.000,97.000,-0.022222,0.350000,-0.936486,75.962,85.969,106.713,4995.5
Victor_9_puntos_intento_1.mp4,1297,10808.333,True,139.000,160.000,0.000,136.000,97.000,-0.016667,0.350000,-0.936601,76.134,86.303,106.926,4984.0
Victor_9_puntos_intento_1.mp4,1298,10816.667,True,139.000,160.000,0.000,136.000,97.000,-0.016667,0.350000,-0.936601,75.659,86.302,105.502,5000.0
Victor_9_puntos_intento_1.mp4,1299,10825.000,True,139.000,160.000,0.000,136.000,97.000,-0.016667,0.350000,-0.936601,76.129,86.529,106.760,5025.0
Victor_9_puntos_intento_1.mp4,1300,10833.333,True,139.000,160.000,0.000,136.000,97.000,-0.016667,0.350000,-0.936601,75.998,86.278,107.187,5025.5
Victor_9_puntos_intento_1.mp4,1301,10841.667,True,139.000,160.000,0.000,136.000,97.000,-0.016667,0.350000,-0.936601,76.324,86.189,105.431,5025.5
Victor_9_puntos_intento_1.mp4,1302,10850.000,True,139.000,160.000,0.000,135.000,97.000,-0.022222,0.350000,-0.936486,76.033,86.595,106.989,5006.0
Victor_9_puntos_intento_1.mp4,1303,10858.333,True,139.000,160.000,0.000,135.000,97.000,-0.022222,0.350000,-0.936486,75.719,86.746,108.435,4995.5
Victor_9_puntos_intento_1.mp4,1304,10866.667,True,139.000,160.000,0.000,136.000,97.000,-0.016667,0.350000,-0.936601,76.309,86.538,106.770,5045.5
Victor_9_puntos_intento_1.mp4,1305,10875.000,True,139.000,160.000,0.000,136.000,97.000,-0.016667,0.350000,-0.936601,76.309,86.428,107.730,5050.5
Victor_9_puntos_intento_1.mp4,1306,10883.333,True,139.000,160.000,0.000,136.000,97.000,-0.016667,0.350000,-0.936601,76.553,86.149,109.782,5051.5
Victor_9_puntos_intento_1.mp4,1307,10891.667,True,139.000,160.000,0.000,136.000,97.000,-0.016667,0.350000,-0.936601,76.930,86.797,110.383,5063.0
Victor_9_puntos_intento_1.mp4,1308,10900.000,True,139.000,160.000,0.000,136.000,97.000,-0.016667,0.350000,-0.936601,76.762,86.944,108.798,5051.5
Victor_9_puntos_intento_1.mp4,1309,10908.333,True,139.000,160.000,0.000,136.000,97.000,-0.016667,0.350000,-0.936601,76.374,86.279,107.216,5055.0
Victor_9_puntos_intento_1.mp4,1310,10916.667,True,139.000,160.000,0.000,136.000,97.000,-0.016667,0.350000,-0.936601,76.048,86.331,105.762,5036.0
Victor_9_puntos_intento_1.mp4,1311,10925.000,True,139.000,160.000,0.000,136.000,97.000,-0.016667,0.350000,-0.936601,76.187,86.570,107.797,5048.5
Victor_9_puntos_intento_1.mp4,1312,10933.333,True,139.000,160.000,0.000,136.000,97.000,-0.016667,0.350000,-0.936601,76.483,86.758,107.459,5077.5
Victor_9_puntos_intento_1.mp4,1313,10941.667,True,139.000,160.000,0.000,135.000,97.000,-0.022222,0.350000,-0.936486,76.478,86.481,106.341,5056.0
Victor_9_puntos_intento_1.mp4,1314,10950.000,True,139.000,160.000,0.000,136.000,97.000,-0.016667,0.350000,-0.936601,77.171,86.595,108.776,5091.0
Victor_9_puntos_intento_1.mp4,1315,10958.333,True,139.000,160.000,0.000,136.000,97.000,-0.016667,0.350000,-0.936601,76.872,86.502,108.952,5079.5
Victor_9_puntos_intento_1.mp4,1316,10966.667,True,139.000,160.000,0.000,135.000,97.000,-0.022222,0.350000,-0.936486,76.563,86.553,107.393,5078.0
Victor_9_puntos_intento_1.mp4,1317,10975.000,True,139.000,160.000,0.000,136.000,97.000,-0.016667,0.350000,-0.936601,76.916,86.555,109.014,5071.5
Victor_9_puntos_intento_1.mp4,1318,10983.333,True,139.000,160.000,0.000,136.000,97.000,-0.016667,0.350000,-0.936601,77.040,87.065,105.866,5095.5
Victor_9_puntos_intento_1.mp4,1319,10991.667,True,139.000,160.000,0.000,136.000,97.000,-0.016667,0.350000,-0.936601,76.425,86.946,108.388,5071.0
Victor_9_puntos_intento_1.mp4,1320,11000.000,True,139.000,160.000,0.000,136.000,97.000,-0.016667,0.350000,-0.936601,76.937,86.604,107.761,5082.0
Victor_9_puntos_intento_1.mp4,1321,11008.333,True,139.000,160.000,0.000,136.000,97.000,-0.016667,0.350000,-0.936601,77.492,86.085,108.446,5080.0
Victor_9_puntos_intento_1.mp4,1322,11016.667,True,139.000,160.000,0.000,136.000,97.000,-0.016667,0.350000,-0.936601,77.446,86.382,108.891,5110.0
Victor_9_puntos_intento_1.mp4,1323,11025.000,True,139.000,160.000,0.000,136.000,97.000,-0.016667,0.350000,-0.936601,75.825,86.487,105.128,5052.0
Victor_9_puntos_intento_1.mp4,1324,11033.333,True,139.000,160.000,0.000,136.000,97.000,-0.016667,0.350000,-0.936601,77.029,86.420,107.593,5096.5
Victor_9_puntos_intento_1.mp4,1325,11041.667,True,139.000,160.000,0.000,135.000,97.000,-0.022222,0.350000,-0.936486,75.609,86.903,105.453,5053.0
Victor_9_puntos_intento_1.mp4,1326,11050.000,True,139.000,160.000,0.000,136.000,97.000,-0.016667,0.350000,-0.936601,76.247,86.541,104.215,5052.5
Victor_9_puntos_intento_1.mp4,1327,11058.333,True,139.000,160.000,0.000,136.000,97.000,-0.016667,0.350000,-0.936601,76.759,86.074,109.342,5088.5
Victor_9_puntos_intento_1.mp4,1328,11066.667,True,139.000,160.000,0.000,136.000,98.000,-0.016667,0.344444,-0.938659,77.020,86.461,107.405,5099.5
Victor_9_puntos_intento_1.mp4,1329,11075.000,True,139.000,160.000,0.000,135.000,98.000,-0.022222,0.344444,-0.938544,77.600,87.006,107.159,5135.0
Victor_9_puntos_intento_1.mp4,1330,11083.333,True,139.000,160.000,0.000,136.000,97.000,-0.016667,0.350000,-0.936601,76.580,86.769,108.049,5115.5
Victor_9_puntos_intento_1.mp4,1331,11091.667,True,139.000,160.000,0.000,135.000,97.000,-0.022222,0.350000,-0.936486,76.420,87.002,105.792,5071.0
Victor_9_puntos_intento_1.mp4,1332,11100.000,True,139.000,160.000,0.000,135.000,97.000,-0.022222,0.350000,-0.936486,76.658,86.765,105.382,5072.5
Victor_9_puntos_intento_1.mp4,1333,11108.333,True,139.000,160.000,0.000,135.000,98.000,-0.022222,0.344444,-0.938544,76.630,86.995,107.705,5079.5
Victor_9_puntos_intento_1.mp4,1334,11116.667,True,139.000,160.000,0.000,135.000,97.000,-0.022222,0.350000,-0.936486,76.283,87.129,106.916,5050.0
Victor_9_puntos_intento_1.mp4,1335,11125.000,True,139.000,160.000,0.000,135.000,98.000,-0.022222,0.344444,-0.938544,76.845,86.631,108.290,5078.5
Victor_9_puntos_intento_1.mp4,1336,11133.333,True,139.000,160.000,0.000,135.000,98.000,-0.022222,0.344444,-0.938544,76.845,87.354,108.172,5121.0
Victor_9_puntos_intento_1.mp4,1337,11141.667,True,139.000,160.000,0.000,135.000,97.000,-0.022222,0.350000,-0.936486,76.880,87.223,107.963,5102.0
Victor_9_puntos_intento_1.mp4,1338,11150.000,True,139.000,160.000,0.000,135.000,98.000,-0.022222,0.344444,-0.938544,76.984,86.778,108.679,5087.5
Victor_9_puntos_intento_1.mp4,1339,11158.333,True,139.000,160.000,0.000,135.000,98.000,-0.022222,0.344444,-0.938544,76.475,86.804,107.503,5073.5
Victor_9_puntos_intento_1.mp4,1340,11166.667,True,139.000,160.000,0.000,135.000,98.000,-0.022222,0.344444,-0.938544,77.056,86.062,111.174,5078.0
Victor_9_puntos_intento_1.mp4,1341,11175.000,True,139.000,160.000,0.000,135.000,97.000,-0.022222,0.350000,-0.936486,76.566,86.349,107.464,5042.5
Victor_9_puntos_intento_1.mp4,1342,11183.333,True,139.000,160.000,0.000,135.000,97.000,-0.022222,0.350000,-0.936486,76.363,86.621,106.423,5052.0
Victor_9_puntos_intento_1.mp4,1343,11191.667,True,139.000,160.000,0.000,135.000,97.000,-0.022222,0.350000,-0.936486,76.851,86.442,108.221,5078.5
Victor_9_puntos_intento_1.mp4,1344,11200.000,True,139.000,160.000,0.000,135.000,97.000,-0.022222,0.350000,-0.936486,76.508,86.669,106.929,5058.0
Victor_9_puntos_intento_1.mp4,1345,11208.333,True,139.000,160.000,0.000,135.000,97.000,-0.022222,0.350000,-0.936486,76.441,86.553,108.385,5047.5
Victor_9_puntos_intento_1.mp4,1346,11216.667,True,139.000,160.000,0.000,135.000,97.000,-0.022222,0.350000,-0.936486,76.213,86.703,107.390,5035.5
Victor_9_puntos_intento_1.mp4,1347,11225.000,True,139.000,160.000,0.000,136.000,97.000,-0.016667,0.350000,-0.936601,76.175,85.893,107.527,5013.5
Victor_9_puntos_intento_1.mp4,1348,11233.333,True,139.000,160.000,0.000,135.000,97.000,-0.022222,0.350000,-0.936486,76.177,86.387,106.141,5035.5
Victor_9_puntos_intento_1.mp4,1349,11241.667,True,139.000,160.000,0.000,136.000,97.000,-0.016667,0.350000,-0.936601,76.365,86.177,108.678,5015.5
Victor_9_puntos_intento_1.mp4,1350,11250.000,True,139.000,160.000,0.000,136.000,97.000,-0.016667,0.350000,-0.936601,76.311,85.669,109.958,5031.0
Victor_9_puntos_intento_1.mp4,1351,11258.333,True,139.000,160.000,0.000,136.000,98.000,-0.016667,0.344444,-0.938659,76.744,85.575,110.556,5028.5
Victor_9_puntos_intento_1.mp4,1352,11266.667,True,139.000,160.000,0.000,136.000,98.000,-0.016667,0.344444,-0.938659,76.871,85.935,110.847,5036.5
Victor_9_puntos_intento_1.mp4,1353,11275.000,True,139.000,160.000,0.000,136.000,98.000,-0.016667,0.344444,-0.938659,76.357,86.273,108.788,5024.0
Victor_9_puntos_intento_1.mp4,1354,11283.333,True,139.000,160.000,0.000,136.000,98.000,-0.016667,0.344444,-0.938659,76.413,85.784,108.145,5031.5
Victor_9_puntos_intento_1.mp4,1355,11291.667,True,139.000,160.000,0.000,136.000,98.000,-0.016667,0.344444,-0.938659,76.738,86.032,107.881,5024.5
Victor_9_puntos_intento_1.mp4,1356,11300.000,True,139.000,160.000,0.000,136.000,98.000,-0.016667,0.344444,-0.938659,76.316,85.813,108.541,5019.5
Victor_9_puntos_intento_1.mp4,1357,11308.333,True,139.000,160.000,0.000,136.000,98.000,-0.016667,0.344444,-0.938659,76.302,85.679,109.995,5006.0
Victor_9_puntos_intento_1.mp4,1358,11316.667,True,139.000,160.000,0.000,136.000,98.000,-0.016667,0.344444,-0.938659,76.301,85.741,109.479,5014.5
Victor_9_puntos_intento_1.mp4,1359,11325.000,True,139.000,160.000,0.000,136.000,98.000,-0.016667,0.344444,-0.938659,76.287,85.360,108.804,4999.5
Victor_9_puntos_intento_1.mp4,1360,11333.333,True,139.000,160.000,0.000,136.000,98.000,-0.016667,0.344444,-0.938659,76.772,85.843,107.149,5019.5
Victor_9_puntos_intento_1.mp4,1361,11341.667,True,139.000,160.000,0.000,136.000,98.000,-0.016667,0.344444,-0.938659,76.144,85.546,108.531,4969.0
Victor_9_puntos_intento_1.mp4,1362,11350.000,True,139.000,160.000,0.000,136.000,97.000,-0.016667,0.350000,-0.936601,76.071,85.909,108.425,4996.0
Victor_9_puntos_intento_1.mp4,1363,11358.333,True,139.000,160.000,0.000,136.000,97.000,-0.016667,0.350000,-0.936601,76.015,85.614,107.298,4979.0
Victor_9_puntos_intento_1.mp4,1364,11366.667,True,139.000,160.000,0.000,136.000,97.000,-0.016667,0.350000,-0.936601,75.579,85.752,106.824,4972.5
Victor_9_puntos_intento_1.mp4,1365,11375.000,True,139.000,160.000,0.000,136.000,98.000,-0.016667,0.344444,-0.938659,76.086,85.287,108.453,4966.5
Victor_9_puntos_intento_1.mp4,1366,11383.333,True,139.000,160.000,0.000,136.000,97.000,-0.016667,0.350000,-0.936601,76.087,85.508,104.887,4963.0
Victor_9_puntos_intento_1.mp4,1367,11391.667,True,139.000,160.000,0.000,136.000,98.000,-0.016667,0.344444,-0.938659,75.798,84.270,111.270,4896.5
Victor_9_puntos_intento_1.mp4,1368,11400.000,True,139.000,160.000,0.000,136.000,97.000,-0.016667,0.350000,-0.936601,76.142,84.735,110.491,4945.0
Victor_9_puntos_intento_1.mp4,1369,11408.333,True,139.000,160.000,0.000,136.000,98.000,-0.016667,0.344444,-0.938659,75.991,85.605,108.370,4937.0
Victor_9_puntos_intento_1.mp4,1370,11416.667,True,139.000,160.000,0.000,136.000,98.000,-0.016667,0.344444,-0.938659,75.587,85.735,105.710,4956.5
Victor_9_puntos_intento_1.mp4,1371,11425.000,True,139.000,160.000,0.000,136.000,98.000,-0.016667,0.344444,-0.938659,76.152,84.936,105.890,4901.0
Victor_9_puntos_intento_1.mp4,1372,11433.333,True,139.000,160.000,0.000,136.000,98.000,-0.016667,0.344444,-0.938659,76.044,85.401,108.165,4922.0
Victor_9_puntos_intento_1.mp4,1373,11441.667,True,139.000,160.000,0.000,136.000,98.000,-0.016667,0.344444,-0.938659,75.813,84.983,107.629,4918.5
Victor_9_puntos_intento_1.mp4,1374,11450.000,True,139.000,160.000,0.000,136.000,98.000,-0.016667,0.344444,-0.938659,75.583,85.243,108.600,4930.0
Victor_9_puntos_intento_1.mp4,1375,11458.333,True,139.000,160.000,0.000,136.000,98.000,-0.016667,0.344444,-0.938659,76.338,85.246,107.732,4945.0
Victor_9_puntos_intento_1.mp4,1376,11466.667,True,139.000,160.000,0.000,136.000,97.000,-0.016667,0.350000,-0.936601,75.780,85.266,108.267,4927.0
Victor_9_puntos_intento_1.mp4,1377,11475.000,True,139.000,160.000,0.000,137.000,97.000,-0.011111,0.350000,-0.936684,75.572,84.915,110.436,4905.0
Victor_9_puntos_intento_1.mp4,1378,11483.333,True,139.000,160.000,0.000,136.000,97.000,-0.016667,0.350000,-0.936601,75.895,84.888,108.897,4923.5
Victor_9_puntos_intento_1.mp4,1379,11491.667,True,139.000,160.000,0.000,136.000,97.000,-0.016667,0.350000,-0.936601,75.196,85.585,104.392,4872.5
Victor_9_puntos_intento_1.mp4,1380,11500.000,True,139.000,160.000,0.000,136.000,97.000,-0.016667,0.350000,-0.936601,75.302,85.606,106.819,4908.5
Victor_9_puntos_intento_1.mp4,1381,11508.333,True,139.000,160.000,0.000,136.000,97.000,-0.016667,0.350000,-0.936601,75.632,85.100,107.156,4900.0
Victor_9_puntos_intento_1.mp4,1382,11516.667,True,139.000,160.000,0.000,136.000,97.000,-0.016667,0.350000,-0.936601,74.993,85.506,107.579,4904.0
Victor_9_puntos_intento_1.mp4,1383,11525.000,True,139.000,160.000,0.000,137.000,97.000,-0.011111,0.350000,-0.936684,75.265,85.611,107.332,4904.0
Victor_9_puntos_intento_1.mp4,1384,11533.333,True,139.000,160.000,0.000,137.000,97.000,-0.011111,0.350000,-0.936684,75.070,85.460,106.771,4895.5
Victor_9_puntos_intento_1.mp4,1385,11541.667,True,139.000,160.000,0.000,137.000,97.000,-0.011111,0.350000,-0.936684,75.492,84.987,107.676,4900.5
Victor_9_puntos_intento_1.mp4,1386,11550.000,True,139.000,160.000,0.000,137.000,97.000,-0.011111,0.350000,-0.936684,74.632,85.425,106.749,4898.0
Victor_9_puntos_intento_1.mp4,1387,11558.333,True,139.000,160.000,0.000,137.000,97.000,-0.011111,0.350000,-0.936684,75.535,85.407,109.181,4928.0
Victor_9_puntos_intento_1.mp4,1388,11566.667,True,139.000,160.000,0.000,136.000,97.000,-0.016667,0.350000,-0.936601,74.941,85.703,106.066,4917.0
Victor_9_puntos_intento_1.mp4,1389,11575.000,True,139.000,160.000,0.000,137.000,97.000,-0.011111,0.350000,-0.936684,75.564,85.182,108.042,4904.0
Victor_9_puntos_intento_1.mp4,1390,11583.333,True,139.000,160.000,0.000,136.000,97.000,-0.016667,0.350000,-0.936601,74.656,85.957,107.387,4910.0
Victor_9_puntos_intento_1.mp4,1391,11591.667,True,139.000,160.000,0.000,137.000,97.000,-0.011111,0.350000,-0.936684,75.387,84.754,108.117,4902.0
Victor_9_puntos_intento_1.mp4,1392,11600.000,True,139.000,160.000,0.000,136.000,97.000,-0.016667,0.350000,-0.936601,75.972,85.483,108.401,4931.5
Victor_9_puntos_intento_1.mp4,1393,11608.333,True,139.000,160.000,0.000,136.000,97.000,-0.016667,0.350000,-0.936601,75.852,84.619,108.704,4877.5
Victor_9_puntos_intento_1.mp4,1394,11616.667,True,139.000,160.000,0.000,136.000,97.000,-0.016667,0.350000,-0.936601,74.897,85.309,106.954,4891.0
Victor_9_puntos_intento_1.mp4,1395,11625.000,True,139.000,160.000,0.000,137.000,97.000,-0.011111,0.350000,-0.936684,75.598,84.727,110.838,4914.5
Victor_9_puntos_intento_1.mp4,1396,11633.333,True,139.000,160.000,0.000,137.000,97.000,-0.011111,0.350000,-0.936684,75.697,84.332,111.913,4897.5
Victor_9_puntos_intento_1.mp4,1397,11641.667,True,139.000,160.000,0.000,137.000,97.000,-0.011111,0.350000,-0.936684,75.002,85.196,106.285,4884.5
Victor_9_puntos_intento_1.mp4,1398,11650.000,True,139.000,160.000,0.000,137.000,97.000,-0.011111,0.350000,-0.936684,76.042,84.426,110.052,4884.0
Victor_9_puntos_intento_1.mp4,1399,11658.333,True,139.000,160.000,0.000,137.000,97.000,-0.011111,0.350000,-0.936684,75.005,85.241,107.590,4891.5
Victor_9_puntos_intento_1.mp4,1400,11666.667,True,139.000,160.000,0.000,137.000,97.000,-0.011111,0.350000,-0.936684,75.005,84.596,107.976,4871.0
Victor_9_puntos_intento_1.mp4,1401,11675.000,True,139.000,160.000,0.000,137.000,97.000,-0.011111,0.350000,-0.936684,74.962,84.929,107.568,4877.5
Victor_9_puntos_intento_1.mp4,1402,11683.333,True,139.000,160.000,0.000,136.000,97.000,-0.016667,0.350000,-0.936601,75.344,85.364,107.509,4915.5
Victor_9_puntos_intento_1.mp4,1403,11691.667,True,139.000,160.000,0.000,137.000,97.000,-0.011111,0.350000,-0.936684,75.553,84.650,110.231,4888.5
Victor_9_puntos_intento_1.mp4,1404,11700.000,True,139.000,160.000,0.000,137.000,97.000,-0.011111,0.350000,-0.936684,75.995,84.635,109.950,4908.5
Victor_9_puntos_intento_1.mp4,1405,11708.333,True,139.000,160.000,0.000,136.000,97.000,-0.016667,0.350000,-0.936601,75.728,84.622,110.891,4882.0
Victor_9_puntos_intento_1.mp4,1406,11716.667,True,139.000,160.000,0.000,137.000,97.000,-0.011111,0.350000,-0.936684,75.045,85.124,109.206,4891.0
Victor_9_puntos_intento_1.mp4,1407,11725.000,True,139.000,160.000,0.000,136.000,97.000,-0.016667,0.350000,-0.936601,75.835,84.826,108.530,4881.5
Victor_9_puntos_intento_1.mp4,1408,11733.333,True,139.000,160.000,0.000,137.000,97.000,-0.011111,0.350000,-0.936684,75.048,85.684,106.703,4907.5
Victor_9_puntos_intento_1.mp4,1409,11741.667,True,139.000,160.000,0.000,137.000,97.000,-0.011111,0.350000,-0.936684,75.899,84.395,107.947,4894.5
Victor_9_puntos_intento_1.mp4,1410,11750.000,True,139.000,160.000,0.000,136.000,97.000,-0.016667,0.350000,-0.936601,74.825,85.262,107.593,4893.0
Victor_9_puntos_intento_1.mp4,1411,11758.333,True,139.000,160.000,0.000,136.000,97.000,-0.016667,0.350000,-0.936601,75.355,85.333,106.089,4873.0
Victor_9_puntos_intento_1.mp4,1412,11766.667,True,139.000,160.000,0.000,137.000,97.000,-0.011111,0.350000,-0.936684,74.459,84.978,106.823,4860.0
Victor_9_puntos_intento_1.mp4,1413,11775.000,True,139.000,160.000,0.000,137.000,97.000,-0.011111,0.350000,-0.936684,75.187,85.233,106.412,4906.0
Victor_9_puntos_intento_1.mp4,1414,11783.333,True,139.000,160.000,0.000,137.000,97.000,-0.011111,0.350000,-0.936684,74.768,85.175,106.639,4893.0
Victor_9_puntos_intento_1.mp4,1415,11791.667,True,139.000,160.000,0.000,136.000,97.000,-0.016667,0.350000,-0.936601,75.280,85.043,110.593,4886.0
Victor_9_puntos_intento_1.mp4,1416,11800.000,True,139.000,160.000,0.000,137.000,97.000,-0.011111,0.350000,-0.936684,75.362,85.162,108.612,4907.0
Victor_9_puntos_intento_1.mp4,1417,11808.333,True,139.000,160.000,0.000,136.000,97.000,-0.016667,0.350000,-0.936601,74.711,85.364,108.334,4870.5
Victor_9_puntos_intento_1.mp4,1418,11816.667,True,139.000,160.000,0.000,136.000,97.000,-0.016667,0.350000,-0.936601,75.323,85.876,106.474,4915.0
Victor_9_puntos_intento_1.mp4,1419,11825.000,True,139.000,160.000,0.000,136.000,97.000,-0.016667,0.350000,-0.936601,75.744,85.816,106.061,4920.0
Victor_9_puntos_intento_1.mp4,1420,11833.333,True,139.000,160.000,0.000,136.000,97.000,-0.016667,0.350000,-0.936601,75.638,85.015,108.878,4908.0
Victor_9_puntos_intento_1.mp4,1421,11841.667,True,139.000,160.000,0.000,136.000,97.000,-0.016667,0.350000,-0.936601,75.210,85.603,106.977,4916.0
Victor_9_puntos_intento_1.mp4,1422,11850.000,True,139.000,160.000,0.000,136.000,97.000,-0.016667,0.350000,-0.936601,75.961,85.411,108.850,4923.5
Victor_9_puntos_intento_1.mp4,1423,11858.333,True,139.000,160.000,0.000,136.000,97.000,-0.016667,0.350000,-0.936601,75.775,85.366,107.896,4930.5
Victor_9_puntos_intento_1.mp4,1424,11866.667,True,139.000,160.000,0.000,136.000,97.000,-0.016667,0.350000,-0.936601,76.564,85.393,109.626,4947.5
Victor_9_puntos_intento_1.mp4,1425,11875.000,True,139.000,160.000,0.000,136.000,97.000,-0.016667,0.350000,-0.936601,75.729,85.635,107.320,4951.0
Victor_9_puntos_intento_1.mp4,1426,11883.333,True,139.000,160.000,0.000,136.000,97.000,-0.016667,0.350000,-0.936601,75.918,85.345,108.399,4964.5
Victor_9_puntos_intento_1.mp4,1427,11891.667,True,139.000,160.000,0.000,136.000,97.000,-0.016667,0.350000,-0.936601,75.920,85.227,108.392,4930.0
Victor_9_puntos_intento_1.mp4,1428,11900.000,True,139.000,160.000,0.000,136.000,97.000,-0.016667,0.350000,-0.936601,76.176,85.281,108.437,4948.0
Victor_9_puntos_intento_1.mp4,1429,11908.333,True,139.000,160.000,0.000,136.000,97.000,-0.016667,0.350000,-0.936601,75.624,86.170,107.982,4980.5
Victor_9_puntos_intento_1.mp4,1430,11916.667,True,139.000,160.000,0.000,136.000,97.000,-0.016667,0.350000,-0.936601,75.828,86.526,106.887,4988.0
Victor_9_puntos_intento_1.mp4,1431,11925.000,True,139.000,160.000,0.000,136.000,97.000,-0.016667,0.350000,-0.936601,75.895,85.995,106.665,4990.0
Victor_9_puntos_intento_1.mp4,1432,11933.333,True,139.000,160.000,0.000,136.000,97.000,-0.016667,0.350000,-0.936601,76.386,86.353,109.749,5029.0
Victor_9_puntos_intento_1.mp4,1433,11941.667,True,139.000,160.000,0.000,136.000,97.000,-0.016667,0.350000,-0.936601,76.244,86.100,109.070,4991.0
Victor_9_puntos_intento_1.mp4,1434,11950.000,True,139.000,160.000,0.000,136.000,97.000,-0.016667,0.350000,-0.936601,76.577,85.737,110.204,5021.0
Victor_9_puntos_intento_1.mp4,1435,11958.333,True,139.000,160.000,0.000,136.000,97.000,-0.016667,0.350000,-0.936601,76.382,85.807,110.104,5011.0
Victor_9_puntos_intento_1.mp4,1436,11966.667,True,139.000,160.000,0.000,136.000,97.000,-0.016667,0.350000,-0.936601,75.702,86.429,108.585,5009.5
Victor_9_puntos_intento_1.mp4,1437,11975.000,True,139.000,160.000,0.000,136.000,97.000,-0.016667,0.350000,-0.936601,75.819,85.578,108.630,5000.5
Victor_9_puntos_intento_1.mp4,1438,11983.333,True,139.000,160.000,0.000,136.000,97.000,-0.016667,0.350000,-0.936601,75.652,86.167,110.191,5011.0
Victor_9_puntos_intento_1.mp4,1439,11991.667,True,139.000,160.000,0.000,136.000,97.000,-0.016667,0.350000,-0.936601,76.735,85.870,109.348,5027.5
Victor_9_puntos_intento_1.mp4,1440,12000.000,True,139.000,160.000,0.000,136.000,97.000,-0.016667,0.350000,-0.936601,75.927,85.940,109.060,4997.0
Victor_9_puntos_intento_1.mp4,1441,12008.333,True,139.000,160.000,0.000,136.000,97.000,-0.016667,0.350000,-0.936601,76.601,86.129,105.807,5002.0
Victor_9_puntos_intento_1.mp4,1442,12016.667,True,139.000,160.000,0.000,136.000,97.000,-0.016667,0.350000,-0.936601,76.283,86.554,106.876,5004.5
Victor_9_puntos_intento_1.mp4,1443,12025.000,True,139.000,160.000,0.000,136.000,97.000,-0.016667,0.350000,-0.936601,76.132,86.094,106.938,4980.5
Victor_9_puntos_intento_1.mp4,1444,12033.333,True,139.000,160.000,0.000,136.000,97.000,-0.016667,0.350000,-0.936601,76.248,86.331,106.329,4987.5
Victor_9_puntos_intento_1.mp4,1445,12041.667,True,139.000,160.000,0.000,136.000,97.000,-0.016667,0.350000,-0.936601,76.032,85.712,106.778,4968.0
Victor_9_puntos_intento_1.mp4,1446,12050.000,True,139.000,160.000,0.000,136.000,97.000,-0.016667,0.350000,-0.936601,75.826,86.023,108.509,4990.0
Victor_9_puntos_intento_1.mp4,1447,12058.333,True,139.000,160.000,0.000,136.000,97.000,-0.016667,0.350000,-0.936601,76.319,86.009,108.206,5004.5
Victor_9_puntos_intento_1.mp4,1448,12066.667,True,139.000,160.000,0.000,136.000,97.000,-0.016667,0.350000,-0.936601,76.568,86.258,108.522,5009.5
Victor_9_puntos_intento_1.mp4,1449,12075.000,True,139.000,160.000,0.000,136.000,97.000,-0.016667,0.350000,-0.936601,76.357,86.223,109.665,5023.0
Victor_9_puntos_intento_1.mp4,1450,12083.333,True,139.000,160.000,0.000,136.000,97.000,-0.016667,0.350000,-0.936601,76.269,86.075,108.282,4998.0
Victor_9_puntos_intento_1.mp4,1451,12091.667,True,139.000,160.000,0.000,136.000,97.000,-0.016667,0.350000,-0.936601,75.411,86.124,109.148,4984.5
Victor_9_puntos_intento_1.mp4,1452,12100.000,True,139.000,160.000,0.000,136.000,97.000,-0.016667,0.350000,-0.936601,76.057,85.910,110.445,4987.5
Victor_9_puntos_intento_1.mp4,1453,12108.333,True,139.000,160.000,0.000,136.000,97.000,-0.016667,0.350000,-0.936601,76.544,85.651,109.622,5028.0
Victor_9_puntos_intento_1.mp4,1454,12116.667,True,139.000,160.000,0.000,136.000,97.000,-0.016667,0.350000,-0.936601,76.148,85.675,109.548,5017.0
Victor_9_puntos_intento_1.mp4,1455,12125.000,True,139.000,160.000,0.000,136.000,97.000,-0.016667,0.350000,-0.936601,76.401,86.303,107.854,5032.5
Victor_9_puntos_intento_1.mp4,1456,12133.333,True,139.000,160.000,0.000,136.000,97.000,-0.016667,0.350000,-0.936601,76.401,86.540,107.827,5036.0
Victor_9_puntos_intento_1.mp4,1457,12141.667,True,139.000,160.000,0.000,136.000,97.000,-0.016667,0.350000,-0.936601,76.641,86.208,107.102,5056.0
Victor_9_puntos_intento_1.mp4,1458,12150.000,True,139.000,160.000,0.000,136.000,97.000,-0.016667,0.350000,-0.936601,75.918,86.817,106.801,5036.5
Victor_9_puntos_intento_1.mp4,1459,12158.333,True,139.000,160.000,0.000,136.000,97.000,-0.016667,0.350000,-0.936601,76.368,85.968,109.044,5033.5
Victor_9_puntos_intento_1.mp4,1460,12166.667,True,139.000,160.000,0.000,136.000,97.000,-0.016667,0.350000,-0.936601,76.123,87.179,106.688,5057.5
Victor_9_puntos_intento_1.mp4,1461,12175.000,True,139.000,160.000,0.000,136.000,97.000,-0.016667,0.350000,-0.936601,76.157,86.419,108.085,5032.0
Victor_9_puntos_intento_1.mp4,1462,12183.333,True,139.000,160.000,0.000,136.000,97.000,-0.016667,0.350000,-0.936601,76.096,86.106,106.807,5038.5
Victor_9_puntos_intento_1.mp4,1463,12191.667,True,139.000,160.000,0.000,136.000,97.000,-0.016667,0.350000,-0.936601,76.279,86.534,108.929,5049.0
Victor_9_puntos_intento_1.mp4,1464,12200.000,True,139.000,160.000,0.000,136.000,97.000,-0.016667,0.350000,-0.936601,76.057,87.152,107.444,5060.0
Victor_9_puntos_intento_1.mp4,1465,12208.333,True,139.000,160.000,0.000,136.000,97.000,-0.016667,0.350000,-0.936601,76.314,86.801,110.038,5049.5
Victor_9_puntos_intento_1.mp4,1466,12216.667,True,139.000,160.000,0.000,136.000,97.000,-0.016667,0.350000,-0.936601,76.657,86.397,108.322,5059.0
Victor_9_puntos_intento_1.mp4,1467,12225.000,True,139.000,160.000,0.000,136.000,97.000,-0.016667,0.350000,-0.936601,76.307,87.006,107.876,5062.5
Victor_9_puntos_intento_1.mp4,1468,12233.333,True,139.000,160.000,0.000,136.000,96.000,-0.016667,0.355556,-0.934507,75.812,87.906,106.872,5107.5
Victor_9_puntos_intento_1.mp4,1469,12241.667,True,139.000,160.000,0.000,136.000,97.000,-0.016667,0.350000,-0.936601,76.874,86.186,111.805,5097.5
Victor_9_puntos_intento_1.mp4,1470,12250.000,True,139.000,160.000,0.000,136.000,97.000,-0.016667,0.350000,-0.936601,76.226,86.939,107.738,5067.5
Victor_9_puntos_intento_1.mp4,1471,12258.333,True,139.000,160.000,0.000,136.000,97.000,-0.016667,0.350000,-0.936601,76.663,86.500,109.988,5083.0
Victor_9_puntos_intento_1.mp4,1472,12266.667,True,139.000,160.000,0.000,136.000,97.000,-0.016667,0.350000,-0.936601,76.629,86.358,111.394,5104.0
Victor_9_puntos_intento_1.mp4,1473,12275.000,True,139.000,160.000,0.000,136.000,97.000,-0.016667,0.350000,-0.936601,76.756,87.034,109.125,5104.0
Victor_9_puntos_intento_1.mp4,1474,12283.333,True,139.000,160.000,0.000,136.000,97.000,-0.016667,0.350000,-0.936601,77.042,86.530,108.644,5136.5
Victor_9_puntos_intento_1.mp4,1475,12291.667,True,139.000,160.000,0.000,136.000,97.000,-0.016667,0.350000,-0.936601,77.127,86.438,108.604,5120.5
Victor_9_puntos_intento_1.mp4,1476,12300.000,True,139.000,160.000,0.000,136.000,97.000,-0.016667,0.350000,-0.936601,77.693,86.721,111.636,5152.0
Victor_9_puntos_intento_1.mp4,1477,12308.333,True,139.000,160.000,0.000,135.000,97.000,-0.022222,0.350000,-0.936486,77.235,87.538,109.958,5166.0
Victor_9_puntos_intento_1.mp4,1478,12316.667,True,139.000,160.000,0.000,136.000,97.000,-0.016667,0.350000,-0.936601,77.021,87.673,110.293,5183.5
Victor_9_puntos_intento_1.mp4,1479,12325.000,True,139.000,160.000,0.000,136.000,97.000,-0.016667,0.350000,-0.936601,77.140,87.303,110.563,5188.0
Victor_9_puntos_intento_1.mp4,1480,12333.333,True,139.000,160.000,0.000,135.000,97.000,-0.022222,0.350000,-0.936486,77.165,88.122,107.717,5217.0
Victor_9_puntos_intento_1.mp4,1481,12341.667,True,139.000,160.000,0.000,135.000,97.000,-0.022222,0.350000,-0.936486,77.211,87.865,108.404,5195.0
Victor_9_puntos_intento_1.mp4,1482,12350.000,True,139.000,160.000,0.000,136.000,97.000,-0.016667,0.350000,-0.936601,77.526,87.141,109.910,5204.5
Victor_9_puntos_intento_1.mp4,1483,12358.333,True,139.000,160.000,0.000,135.000,97.000,-0.022222,0.350000,-0.936486,77.323,87.351,108.796,5199.5
Victor_9_puntos_intento_1.mp4,1484,12366.667,True,139.000,160.000,0.000,135.000,97.000,-0.022222,0.350000,-0.936486,77.608,88.044,109.479,5240.0
Victor_9_puntos_intento_1.mp4,1485,12375.000,True,139.000,160.000,0.000,135.000,97.000,-0.022222,0.350000,-0.936486,77.297,88.116,109.632,5227.0
Victor_9_puntos_intento_1.mp4,1486,12383.333,True,139.000,160.000,0.000,135.000,97.000,-0.022222,0.350000,-0.936486,77.333,88.564,107.527,5253.0
Victor_9_puntos_intento_1.mp4,1487,12391.667,True,139.000,160.000,0.000,135.000,97.000,-0.022222,0.350000,-0.936486,77.573,88.429,108.556,5232.5
Victor_9_puntos_intento_1.mp4,1488,12400.000,True,139.000,160.000,0.000,135.000,97.000,-0.022222,0.350000,-0.936486,77.626,88.310,109.807,5249.0
Victor_9_puntos_intento_1.mp4,1489,12408.333,True,139.000,160.000,0.000,135.000,97.000,-0.022222,0.350000,-0.936486,77.687,88.133,107.211,5221.5
Victor_9_puntos_intento_1.mp4,1490,12416.667,True,139.000,160.000,0.000,135.000,97.000,-0.022222,0.350000,-0.936486,77.838,88.503,109.110,5256.5
Victor_9_puntos_intento_1.mp4,1491,12425.000,True,139.000,160.000,0.000,135.000,97.000,-0.022222,0.350000,-0.936486,77.479,88.260,108.828,5229.0
Victor_9_puntos_intento_1.mp4,1492,12433.333,True,139.000,160.000,0.000,136.000,98.000,-0.016667,0.344444,-0.938659,78.543,88.046,109.222,5271.5
Victor_9_puntos_intento_1.mp4,1493,12441.667,True,139.000,160.000,0.000,136.000,97.000,-0.016667,0.350000,-0.936601,77.764,88.040,109.972,5252.0
Victor_9_puntos_intento_1.mp4,1494,12450.000,True,139.000,160.000,0.000,136.000,98.000,-0.016667,0.344444,-0.938659,77.965,88.139,110.133,5274.0
Victor_9_puntos_intento_1.mp4,1495,12458.333,True,139.000,160.000,0.000,136.000,97.000,-0.016667,0.350000,-0.936601,77.264,88.459,109.396,5248.5
Victor_9_puntos_intento_1.mp4,1496,12466.667,True,139.000,160.000,0.000,136.000,97.000,-0.016667,0.350000,-0.936601,77.472,88.638,108.431,5257.0
Victor_9_puntos_intento_1.mp4,1497,12475.000,True,139.000,160.000,0.000,136.000,97.000,-0.016667,0.350000,-0.936601,77.852,88.100,109.783,5246.5
Victor_9_puntos_intento_1.mp4,1498,12483.333,True,139.000,160.000,0.000,135.000,97.000,-0.022222,0.350000,-0.936486,77.850,88.787,108.505,5265.0
Victor_9_puntos_intento_1.mp4,1499,12491.667,True,139.000,160.000,0.000,135.000,97.000,-0.022222,0.350000,-0.936486,77.560,88.440,108.554,5235.0
Victor_9_puntos_intento_1.mp4,1500,12500.000,True,139.000,160.000,0.000,136.000,97.000,-0.016667,0.350000,-0.936601,77.804,87.842,108.124,5251.5
Victor_9_puntos_intento_1.mp4,1501,12508.333,True,139.000,160.000,0.000,135.000,97.000,-0.022222,0.350000,-0.936486,77.475,88.976,107.712,5243.5
Victor_9_puntos_intento_1.mp4,1502,12516.667,True,139.000,160.000,0.000,135.000,97.000,-0.022222,0.350000,-0.936486,77.776,88.314,109.349,5238.0
Victor_9_puntos_intento_1.mp4,1503,12525.000,True,139.000,160.000,0.000,135.000,97.000,-0.022222,0.350000,-0.936486,77.486,88.264,108.384,5218.5
Victor_9_puntos_intento_1.mp4,1504,12533.333,True,139.000,160.000,0.000,135.000,97.000,-0.022222,0.350000,-0.936486,77.785,88.865,107.963,5246.0
Victor_9_puntos_intento_1.mp4,1505,12541.667,True,139.000,160.000,0.000,135.000,96.000,-0.022222,0.355556,-0.934391,77.443,89.015,108.789,5261.5
Victor_9_puntos_intento_1.mp4,1506,12550.000,True,139.000,160.000,0.000,135.000,97.000,-0.022222,0.350000,-0.936486,77.263,88.420,109.857,5251.0
Victor_9_puntos_intento_1.mp4,1507,12558.333,True,139.000,160.000,0.000,135.000,97.000,-0.022222,0.350000,-0.936486,77.938,88.690,110.354,5287.5
Victor_9_puntos_intento_1.mp4,1508,12566.667,True,139.000,160.000,0.000,136.000,96.000,-0.016667,0.355556,-0.934507,77.339,89.522,109.249,5315.0
Victor_9_puntos_intento_1.mp4,1509,12575.000,True,139.000,160.000,0.000,145.000,96.000,0.033333,0.355556,-0.934061,76.268,89.684,116.174,5267.0
Victor_9_puntos_intento_1.mp4,1510,12583.333,True,139.000,160.000,0.000,159.000,96.000,0.111111,0.355556,-0.928027,74.509,90.045,119.089,5172.0
Victor_9_puntos_intento_1.mp4,1511,12591.667,True,139.000,160.000,0.000,174.000,95.000,0.194444,0.361111,-0.912025,73.549,85.843,124.379,4902.0
Victor_9_puntos_intento_1.mp4,1512,12600.000,True,139.000,160.000,0.000,187.000,96.000,0.266667,0.355556,-0.895806,71.947,86.793,130.603,4776.0
Victor_9_puntos_intento_1.mp4,1513,12608.333,True,139.000,160.000,0.000,199.000,98.000,0.333333,0.344444,-0.877637,70.058,88.216,133.978,4755.0
Victor_9_puntos_intento_1.mp4,1514,12616.667,True,139.000,160.000,0.000,209.000,99.000,0.388889,0.338889,-0.856691,69.004,88.079,135.197,4696.5
Victor_9_puntos_intento_1.mp4,1515,12625.000,True,139.000,160.000,0.000,219.000,101.000,0.444444,0.327778,-0.833685,67.685,88.873,138.363,4632.5
Victor_9_puntos_intento_1.mp4,1516,12633.333,True,139.000,160.000,0.000,226.000,103.000,0.483333,0.316667,-0.816156,66.893,87.729,141.094,4546.5
Victor_9_puntos_intento_1.mp4,1517,12641.667,True,139.000,160.000,0.000,232.000,104.000,0.516667,0.311111,-0.797662,65.749,87.630,142.868,4477.5
Victor_9_puntos_intento_1.mp4,1518,12650.000,True,139.000,160.000,0.000,234.000,105.000,0.527778,0.305556,-0.792519,65.848,87.173,144.857,4456.5
Victor_9_puntos_intento_1.mp4,1519,12658.333,True,139.000,160.000,0.000,234.000,104.000,0.527778,0.311111,-0.790355,66.424,86.843,143.520,4509.5
Victor_9_puntos_intento_1.mp4,1520,12666.667,True,139.000,160.000,0.000,233.000,105.000,0.522222,0.305556,-0.796191,66.762,87.273,142.451,4546.5
Victor_9_puntos_intento_1.mp4,1521,12675.000,True,139.000,160.000,0.000,233.000,105.000,0.522222,0.305556,-0.796191,66.104,87.242,142.725,4504.5
Victor_9_puntos_intento_1.mp4,1522,12683.333,True,139.000,160.000,0.000,233.000,105.000,0.522222,0.305556,-0.796191,66.520,87.508,143.282,4542.5
Victor_9_puntos_intento_1.mp4,1523,12691.667,True,139.000,160.000,0.000,233.000,104.000,0.522222,0.311111,-0.794036,66.311,87.081,142.705,4495.0
Victor_9_puntos_intento_1.mp4,1524,12700.000,True,139.000,160.000,0.000,233.000,104.000,0.522222,0.311111,-0.794036,66.044,88.159,144.443,4529.0
Victor_9_puntos_intento_1.mp4,1525,12708.333,True,139.000,160.000,0.000,233.000,104.000,0.522222,0.311111,-0.794036,65.832,88.032,143.618,4499.5
Victor_9_puntos_intento_1.mp4,1526,12716.667,True,139.000,160.000,0.000,233.000,104.000,0.522222,0.311111,-0.794036,65.832,87.986,144.243,4515.0
Victor_9_puntos_intento_1.mp4,1527,12725.000,True,139.000,160.000,0.000,233.000,104.000,0.522222,0.311111,-0.794036,66.115,88.092,144.165,4530.0
Victor_9_puntos_intento_1.mp4,1528,12733.333,True,139.000,160.000,0.000,233.000,104.000,0.522222,0.311111,-0.794036,66.320,88.055,145.008,4545.5
Victor_9_puntos_intento_1.mp4,1529,12741.667,True,139.000,160.000,0.000,233.000,104.000,0.522222,0.311111,-0.794036,66.096,88.148,144.595,4538.5
Victor_9_puntos_intento_1.mp4,1530,12750.000,True,139.000,160.000,0.000,233.000,104.000,0.522222,0.311111,-0.794036,66.013,88.601,144.588,4568.5
Victor_9_puntos_intento_1.mp4,1531,12758.333,True,139.000,160.000,0.000,233.000,105.000,0.522222,0.305556,-0.796191,66.174,88.514,145.379,4556.5
Victor_9_puntos_intento_1.mp4,1532,12766.667,True,139.000,160.000,0.000,233.000,104.000,0.522222,0.311111,-0.794036,66.127,88.738,145.951,4566.0
Victor_9_puntos_intento_1.mp4,1533,12775.000,True,139.000,160.000,0.000,233.000,104.000,0.522222,0.311111,-0.794036,66.255,88.633,145.686,4575.5
Victor_9_puntos_intento_1.mp4,1534,12783.333,True,139.000,160.000,0.000,233.000,104.000,0.522222,0.311111,-0.794036,66.407,88.385,145.222,4580.5
Victor_9_puntos_intento_1.mp4,1535,12791.667,True,139.000,160.000,0.000,233.000,104.000,0.522222,0.311111,-0.794036,66.345,88.525,145.732,4574.5
Victor_9_puntos_intento_1.mp4,1536,12800.000,True,139.000,160.000,0.000,233.000,105.000,0.522222,0.305556,-0.796191,66.727,88.929,145.819,4628.0
Victor_9_puntos_intento_1.mp4,1537,12808.333,True,139.000,160.000,0.000,233.000,104.000,0.522222,0.311111,-0.794036,66.663,89.059,145.728,4606.0
Victor_9_puntos_intento_1.mp4,1538,12816.667,True,139.000,160.000,0.000,234.000,105.000,0.527778,0.305556,-0.792519,66.367,89.374,144.798,4618.0
Victor_9_puntos_intento_1.mp4,1539,12825.000,True,139.000,160.000,0.000,238.000,106.000,0.550000,0.300000,-0.779423,65.339,90.539,146.510,4607.0
Victor_9_puntos_intento_1.mp4,1540,12833.333,True,139.000,160.000,0.000,240.000,107.000,0.561111,0.294444,-0.773600,65.335,89.225,148.351,4555.0
Victor_9_puntos_intento_1.mp4,1541,12841.667,True,139.000,160.000,0.000,238.000,107.000,0.550000,0.294444,-0.781539,65.954,89.243,148.002,4593.5
Victor_9_puntos_intento_1.mp4,1542,12850.000,True,139.000,160.000,0.000,238.000,107.000,0.550000,0.294444,-0.781539,65.968,89.573,147.528,4610.0
Victor_9_puntos_intento_1.mp4,1543,12858.333,True,139.000,160.000,0.000,238.000,107.000,0.550000,0.294444,-0.781539,66.138,89.683,147.709,4636.5
Victor_9_puntos_intento_1.mp4,1544,12866.667,True,139.000,160.000,0.000,238.000,107.000,0.550000,0.294444,-0.781539,66.149,89.502,147.740,4624.0
Victor_9_puntos_intento_1.mp4,1545,12875.000,True,139.000,160.000,0.000,238.000,107.000,0.550000,0.294444,-0.781539,65.915,89.951,147.008,4636.0
Victor_9_puntos_intento_1.mp4,1546,12883.333,True,139.000,160.000,0.000,238.000,107.000,0.550000,0.294444,-0.781539,66.001,89.872,147.369,4631.0
Victor_9_puntos_intento_1.mp4,1547,12891.667,True,139.000,160.000,0.000,238.000,107.000,0.550000,0.294444,-0.781539,66.279,89.749,147.520,4629.5
Victor_9_puntos_intento_1.mp4,1548,12900.000,True,139.000,160.000,0.000,238.000,107.000,0.550000,0.294444,-0.781539,66.446,89.715,147.542,4648.0
Victor_9_puntos_intento_1.mp4,1549,12908.333,True,139.000,160.000,0.000,238.000,107.000,0.550000,0.294444,-0.781539,65.936,89.374,148.118,4589.5
Victor_9_puntos_intento_1.mp4,1550,12916.667,True,139.000,160.000,0.000,238.000,107.000,0.550000,0.294444,-0.781539,66.026,89.648,147.468,4608.5
Victor_9_puntos_intento_1.mp4,1551,12925.000,True,139.000,160.000,0.000,238.000,107.000,0.550000,0.294444,-0.781539,66.077,89.314,147.087,4600.5
Victor_9_puntos_intento_1.mp4,1552,12933.333,True,139.000,160.000,0.000,238.000,107.000,0.550000,0.294444,-0.781539,66.758,88.985,146.474,4624.5
Victor_9_puntos_intento_1.mp4,1553,12941.667,True,139.000,160.000,0.000,238.000,106.000,0.550000,0.300000,-0.779423,66.083,89.248,146.801,4596.5
Victor_9_puntos_intento_1.mp4,1554,12950.000,True,139.000,160.000,0.000,238.000,107.000,0.550000,0.294444,-0.781539,66.321,89.202,147.498,4598.5
Victor_9_puntos_intento_1.mp4,1555,12958.333,True,139.000,160.000,0.000,238.000,107.000,0.550000,0.294444,-0.781539,66.182,89.472,147.335,4597.5
Victor_9_puntos_intento_1.mp4,1556,12966.667,True,139.000,160.000,0.000,238.000,107.000,0.550000,0.294444,-0.781539,66.436,89.192,147.562,4617.0
Victor_9_puntos_intento_1.mp4,1557,12975.000,True,139.000,160.000,0.000,238.000,107.000,0.550000,0.294444,-0.781539,66.076,88.967,147.709,4573.0
Victor_9_puntos_intento_1.mp4,1558,12983.333,True,139.000,160.000,0.000,238.000,107.000,0.550000,0.294444,-0.781539,66.152,89.670,148.131,4612.0
Victor_9_puntos_intento_1.mp4,1559,12991.667,True,139.000,160.000,0.000,238.000,107.000,0.550000,0.294444,-0.781539,66.209,89.270,147.960,4605.0
Victor_9_puntos_intento_1.mp4,1560,13000.000,True,139.000,160.000,0.000,238.000,107.000,0.550000,0.294444,-0.781539,66.453,89.677,147.675,4634.5
Victor_9_puntos_intento_1.mp4,1561,13008.333,True,139.000,160.000,0.000,238.000,107.000,0.550000,0.294444,-0.781539,66.154,88.932,147.913,4577.5
Victor_9_puntos_intento_1.mp4,1562,13016.667,True,139.000,160.000,0.000,238.000,107.000,0.550000,0.294444,-0.781539,66.323,89.129,147.304,4583.0
Victor_9_puntos_intento_1.mp4,1563,13025.000,True,139.000,160.000,0.000,238.000,107.000,0.550000,0.294444,-0.781539,65.894,89.240,147.028,4590.0
Victor_9_puntos_intento_1.mp4,1564,13033.333,True,139.000,160.000,0.000,238.000,107.000,0.550000,0.294444,-0.781539,66.069,88.985,146.718,4573.5
Victor_9_puntos_intento_1.mp4,1565,13041.667,True,139.000,160.000,0.000,238.000,107.000,0.550000,0.294444,-0.781539,65.587,89.092,147.318,4560.5
Victor_9_puntos_intento_1.mp4,1566,13050.000,True,139.000,160.000,0.000,238.000,107.000,0.550000,0.294444,-0.781539,65.965,89.619,146.993,4617.5
Victor_9_puntos_intento_1.mp4,1567,13058.333,True,139.000,160.000,0.000,238.000,107.000,0.550000,0.294444,-0.781539,65.891,89.889,147.220,4617.0
Victor_9_puntos_intento_1.mp4,1568,13066.667,True,139.000,160.000,0.000,238.000,107.000,0.550000,0.294444,-0.781539,66.042,89.703,147.687,4632.0
Victor_9_puntos_intento_1.mp4,1569,13075.000,True,139.000,160.000,0.000,238.000,107.000,0.550000,0.294444,-0.781539,65.975,89.377,147.076,4607.0
Victor_9_puntos_intento_1.mp4,1570,13083.333,True,139.000,160.000,0.000,238.000,107.000,0.550000,0.294444,-0.781539,66.086,89.500,147.754,4618.0
Victor_9_puntos_intento_1.mp4,1571,13091.667,True,139.000,160.000,0.000,238.000,107.000,0.550000,0.294444,-0.781539,66.008,89.157,147.600,4599.0
Victor_9_puntos_intento_1.mp4,1572,13100.000,True,139.000,160.000,0.000,239.000,107.000,0.555556,0.294444,-0.777599,66.226,89.299,147.203,4631.0
Victor_9_puntos_intento_1.mp4,1573,13108.333,True,139.000,160.000,0.000,238.000,107.000,0.550000,0.294444,-0.781539,66.254,89.341,147.311,4616.5
Victor_9_puntos_intento_1.mp4,1574,13116.667,True,139.000,160.000,0.000,238.000,107.000,0.550000,0.294444,-0.781539,65.874,89.112,147.141,4582.0
Victor_9_puntos_intento_1.mp4,1575,13125.000,True,139.000,160.000,0.000,238.000,107.000,0.550000,0.294444,-0.781539,66.120,89.248,147.358,4612.0
Victor_9_puntos_intento_1.mp4,1576,13133.333,True,139.000,160.000,0.000,239.000,107.000,0.555556,0.294444,-0.777599,66.159,89.666,146.979,4631.5
Victor_9_puntos_intento_1.mp4,1577,13141.667,True,139.000,160.000,0.000,239.000,107.000,0.555556,0.294444,-0.777599,66.260,89.321,147.434,4613.5
Victor_9_puntos_intento_1.mp4,1578,13150.000,True,139.000,160.000,0.000,238.000,107.000,0.550000,0.294444,-0.781539,66.417,89.208,147.338,4620.5
Victor_9_puntos_intento_1.mp4,1579,13158.333,True,139.000,160.000,0.000,239.000,107.000,0.555556,0.294444,-0.777599,66.359,88.864,146.725,4606.0
Victor_9_puntos_intento_1.mp4,1580,13166.667,True,139.000,160.000,0.000,239.000,107.000,0.555556,0.294444,-0.777599,66.204,89.372,147.329,4625.0
Victor_9_puntos_intento_1.mp4,1581,13175.000,True,139.000,160.000,0.000,239.000,107.000,0.555556,0.294444,-0.777599,66.291,89.080,147.099,4610.0
Victor_9_puntos_intento_1.mp4,1582,13183.333,True,139.000,160.000,0.000,239.000,107.000,0.555556,0.294444,-0.777599,66.346,89.285,147.058,4626.0
Victor_9_puntos_intento_1.mp4,1583,13191.667,True,139.000,160.000,0.000,239.000,107.000,0.555556,0.294444,-0.777599,65.919,89.458,147.628,4610.0
Victor_9_puntos_intento_1.mp4,1584,13200.000,True,139.000,160.000,0.000,239.000,107.000,0.555556,0.294444,-0.777599,66.102,89.297,147.004,4608.0
Victor_9_puntos_intento_1.mp4,1585,13208.333,True,139.000,160.000,0.000,239.000,107.000,0.555556,0.294444,-0.777599,66.386,88.852,147.544,4587.0
Victor_9_puntos_intento_1.mp4,1586,13216.667,True,139.000,160.000,0.000,239.000,107.000,0.555556,0.294444,-0.777599,65.976,89.115,147.381,4582.0
Victor_9_puntos_intento_1.mp4,1587,13225.000,True,139.000,160.000,0.000,239.000,107.000,0.555556,0.294444,-0.777599,65.923,89.384,147.315,4597.0
Victor_9_puntos_intento_1.mp4,1588,13233.333,True,139.000,160.000,0.000,239.000,107.000,0.555556,0.294444,-0.777599,66.352,89.237,147.966,4611.5
Victor_9_puntos_intento_1.mp4,1589,13241.667,True,139.000,160.000,0.000,239.000,107.000,0.555556,0.294444,-0.777599,65.869,88.792,146.752,4552.5
Victor_9_puntos_intento_1.mp4,1590,13250.000,True,139.000,160.000,0.000,239.000,107.000,0.555556,0.294444,-0.777599,65.756,88.861,146.946,4558.5
Victor_9_puntos_intento_1.mp4,1591,13258.333,True,139.000,160.000,0.000,239.000,107.000,0.555556,0.294444,-0.777599,65.724,88.801,147.677,4554.5
Victor_9_puntos_intento_1.mp4,1592,13266.667,True,139.000,160.000,0.000,239.000,107.000,0.555556,0.294444,-0.777599,65.305,88.320,147.174,4508.0
Victor_9_puntos_intento_1.mp4,1593,13275.000,True,139.000,160.000,0.000,239.000,107.000,0.555556,0.294444,-0.777599,65.528,88.151,146.611,4509.0
Victor_9_puntos_intento_1.mp4,1594,13283.333,True,139.000,160.000,0.000,239.000,107.000,0.555556,0.294444,-0.777599,65.319,88.505,147.414,4511.0
Victor_9_puntos_intento_1.mp4,1595,13291.667,True,139.000,160.000,0.000,239.000,107.000,0.555556,0.294444,-0.777599,65.388,88.099,147.048,4492.5
Victor_9_puntos_intento_1.mp4,1596,13300.000,True,139.000,160.000,0.000,239.000,107.000,0.555556,0.294444,-0.777599,65.325,87.743,147.329,4476.0
Victor_9_puntos_intento_1.mp4,1597,13308.333,True,139.000,160.000,0.000,239.000,107.000,0.555556,0.294444,-0.777599,65.387,88.204,147.547,4470.0
Victor_9_puntos_intento_1.mp4,1598,13316.667,True,139.000,160.000,0.000,239.000,107.000,0.555556,0.294444,-0.777599,65.406,87.887,146.682,4466.0
Victor_9_puntos_intento_1.mp4,1599,13325.000,True,139.000,160.000,0.000,239.000,107.000,0.555556,0.294444,-0.777599,65.043,87.813,147.192,4446.5
Victor_9_puntos_intento_1.mp4,1600,13333.333,True,139.000,160.000,0.000,239.000,107.000,0.555556,0.294444,-0.777599,64.989,87.554,146.807,4432.5
Victor_9_puntos_intento_1.mp4,1601,13341.667,True,139.000,160.000,0.000,239.000,107.000,0.555556,0.294444,-0.777599,65.021,86.774,147.205,4404.5
Victor_9_puntos_intento_1.mp4,1602,13350.000,True,139.000,160.000,0.000,239.000,107.000,0.555556,0.294444,-0.777599,65.066,86.846,146.697,4410.0
Victor_9_puntos_intento_1.mp4,1603,13358.333,True,139.000,160.000,0.000,239.000,107.000,0.555556,0.294444,-0.777599,64.901,86.821,146.115,4397.0
Victor_9_puntos_intento_1.mp4,1604,13366.667,True,139.000,160.000,0.000,239.000,107.000,0.555556,0.294444,-0.777599,64.696,86.602,146.309,4363.0
Victor_9_puntos_intento_1.mp4,1605,13375.000,True,139.000,160.000,0.000,239.000,107.000,0.555556,0.294444,-0.777599,64.341,86.291,146.649,4334.0
Victor_9_puntos_intento_1.mp4,1606,13383.333,True,139.000,160.000,0.000,239.000,107.000,0.555556,0.294444,-0.777599,64.446,86.234,145.431,4338.5
Victor_9_puntos_intento_1.mp4,1607,13391.667,True,139.000,160.000,0.000,239.000,107.000,0.555556,0.294444,-0.777599,63.928,85.959,146.468,4290.5
Victor_9_puntos_intento_1.mp4,1608,13400.000,True,139.000,160.000,0.000,239.000,107.000,0.555556,0.294444,-0.777599,63.981,85.514,145.975,4259.5
Victor_9_puntos_intento_1.mp4,1609,13408.333,True,139.000,160.000,0.000,239.000,106.000,0.555556,0.300000,-0.775473,63.901,85.216,147.351,4226.0
Victor_9_puntos_intento_1.mp4,1610,13416.667,True,139.000,160.000,0.000,239.000,107.000,0.555556,0.294444,-0.777599,63.526,85.389,146.511,4236.5
Victor_9_puntos_intento_1.mp4,1611,13425.000,True,139.000,160.000,0.000,239.000,107.000,0.555556,0.294444,-0.777599,63.536,85.330,146.805,4218.5
Victor_9_puntos_intento_1.mp4,1612,13433.333,True,139.000,160.000,0.000,239.000,107.000,0.555556,0.294444,-0.777599,63.147,85.244,146.404,4191.0
Victor_9_puntos_intento_1.mp4,1613,13441.667,True,139.000,160.000,0.000,239.000,107.000,0.555556,0.294444,-0.777599,63.163,84.905,145.930,4202.0
Victor_9_puntos_intento_1.mp4,1614,13450.000,True,139.000,160.000,0.000,239.000,107.000,0.555556,0.294444,-0.777599,63.079,84.700,146.274,4193.5
Victor_9_puntos_intento_1.mp4,1615,13458.333,True,139.000,160.000,0.000,239.000,106.000,0.555556,0.300000,-0.775473,62.895,84.512,146.584,4147.0
Victor_9_puntos_intento_1.mp4,1616,13466.667,True,139.000,160.000,0.000,239.000,106.000,0.555556,0.300000,-0.775473,62.967,84.627,146.301,4150.5
Victor_9_puntos_intento_1.mp4,1617,13475.000,True,139.000,160.000,0.000,239.000,107.000,0.555556,0.294444,-0.777599,62.788,84.299,145.921,4111.5
Victor_9_puntos_intento_1.mp4,1618,13483.333,True,139.000,160.000,0.000,239.000,106.000,0.555556,0.300000,-0.775473,62.537,84.177,146.309,4122.0
Victor_9_puntos_intento_1.mp4,1619,13491.667,True,139.000,160.000,0.000,239.000,106.000,0.555556,0.300000,-0.775473,62.291,84.003,146.346,4081.5
Victor_9_puntos_intento_1.mp4,1620,13500.000,True,139.000,160.000,0.000,239.000,106.000,0.555556,0.300000,-0.775473,62.262,83.520,146.349,4062.0
Victor_9_puntos_intento_1.mp4,1621,13508.333,True,139.000,160.000,0.000,239.000,106.000,0.555556,0.300000,-0.775473,62.583,82.890,145.425,4035.5
Victor_9_puntos_intento_1.mp4,1622,13516.667,True,139.000,160.000,0.000,239.000,106.000,0.555556,0.300000,-0.775473,62.232,83.196,145.286,4023.5
Victor_9_puntos_intento_1.mp4,1623,13525.000,True,139.000,160.000,0.000,239.000,106.000,0.555556,0.300000,-0.775473,61.831,83.272,145.074,4017.5
Victor_9_puntos_intento_1.mp4,1624,13533.333,True,139.000,160.000,0.000,240.000,106.000,0.561111,0.300000,-0.771462,61.543,83.271,145.090,3984.0
Victor_9_puntos_intento_1.mp4,1625,13541.667,True,139.000,160.000,0.000,242.000,106.000,0.572222,0.300000,-0.763257,60.507,82.758,147.230,3907.5
Victor_9_puntos_intento_1.mp4,1626,13550.000,True,139.000,160.000,0.000,240.000,105.000,0.561111,0.305556,-0.769279,60.879,81.799,146.314,3889.0
Victor_9_puntos_intento_1.mp4,1627,13558.333,True,139.000,160.000,0.000,239.000,105.000,0.555556,0.305556,-0.773301,61.330,81.912,145.329,3916.0
Victor_9_puntos_intento_1.mp4,1628,13566.667,True,139.000,160.000,0.000,240.000,105.000,0.561111,0.305556,-0.769279,61.005,82.335,145.438,3910.5
Victor_9_puntos_intento_1.mp4,1629,13575.000,True,139.000,160.000,0.000,240.000,105.000,0.561111,0.305556,-0.769279,60.620,81.971,146.165,3870.0
Victor_9_puntos_intento_1.mp4,1630,13583.333,True,139.000,160.000,0.000,240.000,105.000,0.561111,0.305556,-0.769279,60.890,82.205,145.690,3888.5
Victor_9_puntos_intento_1.mp4,1631,13591.667,True,139.000,160.000,0.000,240.000,105.000,0.561111,0.305556,-0.769279,60.265,81.866,145.086,3855.0
Victor_9_puntos_intento_1.mp4,1632,13600.000,True,139.000,160.000,0.000,240.000,105.000,0.561111,0.305556,-0.769279,60.794,81.991,146.149,3884.0
Victor_9_puntos_intento_1.mp4,1633,13608.333,True,139.000,160.000,0.000,239.000,105.000,0.555556,0.305556,-0.773301,60.959,81.134,144.099,3839.5
Victor_9_puntos_intento_1.mp4,1634,13616.667,True,139.000,160.000,0.000,239.000,105.000,0.555556,0.305556,-0.773301,60.517,81.242,144.690,3838.5
Victor_9_puntos_intento_1.mp4,1635,13625.000,True,139.000,160.000,0.000,240.000,105.000,0.561111,0.305556,-0.769279,60.290,81.660,144.578,3842.5
Victor_9_puntos_intento_1.mp4,1636,13633.333,True,139.000,160.000,0.000,240.000,105.000,0.561111,0.305556,-0.769279,60.283,81.473,145.566,3836.5
Victor_9_puntos_intento_1.mp4,1637,13641.667,True,139.000,160.000,0.000,240.000,105.000,0.561111,0.305556,-0.769279,60.368,81.501,144.797,3849.0
Victor_9_puntos_intento_1.mp4,1638,13650.000,True,139.000,160.000,0.000,240.000,105.000,0.561111,0.305556,-0.769279,60.374,81.179,144.088,3814.5
Victor_9_puntos_intento_1.mp4,1639,13658.333,True,139.000,160.000,0.000,240.000,105.000,0.561111,0.305556,-0.769279,60.192,81.273,145.201,3810.0
Victor_9_puntos_intento_1.mp4,1640,13666.667,True,139.000,160.000,0.000,239.000,105.000,0.555556,0.305556,-0.773301,60.473,81.051,145.712,3793.0
Victor_9_puntos_intento_1.mp4,1641,13675.000,True,139.000,160.000,0.000,240.000,105.000,0.561111,0.305556,-0.769279,60.140,80.800,143.928,3784.5
Victor_9_puntos_intento_1.mp4,1642,13683.333,True,139.000,160.000,0.000,239.000,105.000,0.555556,0.305556,-0.773301,59.977,80.901,145.985,3784.0
Victor_9_puntos_intento_1.mp4,1643,13691.667,True,139.000,160.000,0.000,239.000,105.000,0.555556,0.305556,-0.773301,59.649,80.854,144.541,3764.5
Victor_9_puntos_intento_1.mp4,1644,13700.000,True,139.000,160.000,0.000,239.000,104.000,0.555556,0.311111,-0.771082,59.893,80.823,145.571,3759.5
Victor_9_puntos_intento_1.mp4,1645,13708.333,True,139.000,160.000,0.000,239.000,105.000,0.555556,0.305556,-0.773301,59.883,80.176,144.787,3742.5
Victor_9_puntos_intento_1.mp4,1646,13716.667,True,139.000,160.000,0.000,240.000,104.000,0.561111,0.311111,-0.767049,59.809,80.823,144.754,3766.0
Victor_9_puntos_intento_1.mp4,1647,13725.000,True,139.000,160.000,0.000,240.000,104.000,0.561111,0.311111,-0.767049,59.737,80.363,144.732,3741.0
Victor_9_puntos_intento_1.mp4,1648,13733.333,True,139.000,160.000,0.000,240.000,104.000,0.561111,0.311111,-0.767049,59.726,80.756,145.677,3760.5
Victor_9_puntos_intento_1.mp4,1649,13741.667,True,139.000,160.000,0.000,240.000,104.000,0.561111,0.311111,-0.767049,59.348,80.413,144.595,3719.0
Victor_9_puntos_intento_1.mp4,1650,13750.000,True,139.000,160.000,0.000,240.000,104.000,0.561111,0.311111,-0.767049,60.092,80.527,145.147,3749.5
Victor_9_puntos_intento_1.mp4,1651,13758.333,True,139.000,160.000,0.000,240.000,104.000,0.561111,0.311111,-0.767049,59.628,80.421,144.955,3745.5
Victor_9_puntos_intento_1.mp4,1652,13766.667,True,139.000,160.000,0.000,239.000,104.000,0.555556,0.311111,-0.771082,59.855,80.628,145.160,3749.0
Victor_9_puntos_intento_1.mp4,1653,13775.000,True,139.000,160.000,0.000,239.000,104.000,0.555556,0.311111,-0.771082,59.550,80.384,144.797,3721.0
Victor_9_puntos_intento_1.mp4,1654,13783.333,True,139.000,160.000,0.000,239.000,104.000,0.555556,0.311111,-0.771082,59.822,80.316,144.923,3745.0
Victor_9_puntos_intento_1.mp4,1655,13791.667,True,139.000,160.000,0.000,239.000,104.000,0.555556,0.311111,-0.771082,59.063,80.245,145.574,3719.0
Victor_9_puntos_intento_1.mp4,1656,13800.000,True,139.000,160.000,0.000,239.000,104.000,0.555556,0.311111,-0.771082,59.572,80.605,144.356,3744.5
Victor_9_puntos_intento_1.mp4,1657,13808.333,True,139.000,160.000,0.000,239.000,104.000,0.555556,0.311111,-0.771082,59.659,80.207,144.495,3713.0
Victor_9_puntos_intento_1.mp4,1658,13816.667,True,139.000,160.000,0.000,239.000,104.000,0.555556,0.311111,-0.771082,59.550,80.387,144.095,3720.5
Victor_9_puntos_intento_1.mp4,1659,13825.000,True,139.000,160.000,0.000,239.000,104.000,0.555556,0.311111,-0.771082,59.427,80.507,144.587,3730.0
Victor_9_puntos_intento_1.mp4,1660,13833.333,True,139.000,160.000,0.000,239.000,104.000,0.555556,0.311111,-0.771082,59.743,80.768,144.910,3766.5
Victor_9_puntos_intento_1.mp4,1661,13841.667,True,139.000,160.000,0.000,239.000,104.000,0.555556,0.311111,-0.771082,59.158,80.748,144.221,3731.0
Victor_9_puntos_intento_1.mp4,1662,13850.000,True,139.000,160.000,0.000,239.000,104.000,0.555556,0.311111,-0.771082,59.590,80.835,144.902,3734.5
Victor_9_puntos_intento_1.mp4,1663,13858.333,True,139.000,160.000,0.000,239.000,104.000,0.555556,0.311111,-0.771082,59.245,80.617,145.238,3735.5
Victor_9_puntos_intento_1.mp4,1664,13866.667,True,139.000,160.000,0.000,240.000,104.000,0.561111,0.311111,-0.767049,59.367,80.663,146.374,3739.0
Victor_9_puntos_intento_1.mp4,1665,13875.000,True,139.000,160.000,0.000,240.000,104.000,0.561111,0.311111,-0.767049,59.125,81.039,145.432,3741.5
Victor_9_puntos_intento_1.mp4,1666,13883.333,True,139.000,161.000,0.000,240.000,104.000,0.561111,0.316667,-0.764772,59.634,80.505,145.145,3751.5
Victor_9_puntos_intento_1.mp4,1667,13891.667,True,139.000,161.000,0.000,240.000,104.000,0.561111,0.316667,-0.764772,59.521,81.069,145.500,3761.0
Victor_9_puntos_intento_1.mp4,1668,13900.000,True,139.000,161.000,0.000,240.000,104.000,0.561111,0.316667,-0.764772,59.628,80.647,145.298,3752.0
Victor_9_puntos_intento_1.mp4,1669,13908.333,True,139.000,161.000,0.000,240.000,104.000,0.561111,0.316667,-0.764772,59.958,80.339,144.697,3728.5
Victor_9_puntos_intento_1.mp4,1670,13916.667,True,139.000,161.000,0.000,240.000,104.000,0.561111,0.316667,-0.764772,59.694,80.945,145.100,3773.5
Victor_9_puntos_intento_1.mp4,1671,13925.000,True,139.000,161.000,0.000,240.000,104.000,0.561111,0.316667,-0.764772,59.754,80.667,144.486,3751.0
Victor_9_puntos_intento_1.mp4,1672,13933.333,True,139.000,161.000,0.000,240.000,104.000,0.561111,0.316667,-0.764772,59.540,80.732,144.835,3734.0
Victor_9_puntos_intento_1.mp4,1673,13941.667,True,139.000,161.000,0.000,240.000,104.000,0.561111,0.316667,-0.764772,59.223,80.338,145.391,3707.5
Victor_9_puntos_intento_1.mp4,1674,13950.000,True,139.000,161.000,0.000,240.000,104.000,0.561111,0.316667,-0.764772,59.789,80.370,145.748,3744.5
Victor_9_puntos_intento_1.mp4,1675,13958.333,True,139.000,161.000,0.000,240.000,104.000,0.561111,0.316667,-0.764772,59.315,80.543,145.427,3733.5
Victor_9_puntos_intento_1.mp4,1676,13966.667,True,139.000,161.000,0.000,240.000,104.000,0.561111,0.316667,-0.764772,59.652,80.575,144.635,3750.5
Victor_9_puntos_intento_1.mp4,1677,13975.000,True,139.000,161.000,0.000,240.000,104.000,0.561111,0.316667,-0.764772,59.738,80.545,144.540,3758.5
Victor_9_puntos_intento_1.mp4,1678,13983.333,True,139.000,161.000,0.000,240.000,104.000,0.561111,0.316667,-0.764772,59.737,80.772,144.641,3760.5
Victor_9_puntos_intento_1.mp4,1679,13991.667,True,139.000,161.000,0.000,240.000,104.000,0.561111,0.316667,-0.764772,59.570,81.130,145.319,3777.5
Victor_9_puntos_intento_1.mp4,1680,14000.000,True,139.000,161.000,0.000,240.000,104.000,0.561111,0.316667,-0.764772,59.578,80.534,144.816,3746.0
Victor_9_puntos_intento_1.mp4,1681,14008.333,True,139.000,161.000,0.000,241.000,104.000,0.566667,0.316667,-0.760665,59.736,80.405,145.428,3736.0
Victor_9_puntos_intento_1.mp4,1682,14016.667,True,139.000,161.000,0.000,240.000,104.000,0.561111,0.316667,-0.764772,59.727,81.046,145.211,3761.0
Victor_9_puntos_intento_1.mp4,1683,14025.000,True,139.000,161.000,0.000,241.000,104.000,0.566667,0.316667,-0.760665,59.373,80.819,145.789,3745.5
Victor_9_puntos_intento_1.mp4,1684,14033.333,True,139.000,161.000,0.000,241.000,104.000,0.566667,0.316667,-0.760665,59.447,80.712,144.865,3749.0
Victor_9_puntos_intento_1.mp4,1685,14041.667,True,139.000,161.000,0.000,241.000,104.000,0.566667,0.316667,-0.760665,59.418,80.802,145.849,3748.5
Victor_9_puntos_intento_1.mp4,1686,14050.000,True,139.000,161.000,0.000,241.000,104.000,0.566667,0.316667,-0.760665,59.335,81.036,144.799,3767.0
Victor_9_puntos_intento_1.mp4,1687,14058.333,True,139.000,161.000,0.000,241.000,104.000,0.566667,0.316667,-0.760665,59.518,81.111,145.206,3770.0
Victor_9_puntos_intento_1.mp4,1688,14066.667,True,139.000,161.000,0.000,241.000,104.000,0.566667,0.316667,-0.760665,59.787,81.265,145.335,3765.0
Victor_9_puntos_intento_1.mp4,1689,14075.000,True,139.000,161.000,0.000,241.000,104.000,0.566667,0.316667,-0.760665,59.588,80.780,144.934,3746.0
Victor_9_puntos_intento_1.mp4,1690,14083.333,True,139.000,161.000,0.000,241.000,105.000,0.566667,0.311111,-0.762954,60.076,81.300,146.244,3778.5
Victor_9_puntos_intento_1.mp4,1691,14091.667,True,139.000,161.000,0.000,241.000,104.000,0.566667,0.316667,-0.760665,59.314,80.873,145.237,3756.0
Victor_9_puntos_intento_1.mp4,1692,14100.000,True,139.000,161.000,0.000,241.000,105.000,0.566667,0.311111,-0.762954,59.500,81.194,145.631,3772.5
Victor_9_puntos_intento_1.mp4,1693,14108.333,True,139.000,161.000,0.000,241.000,104.000,0.566667,0.316667,-0.760665,59.353,80.741,145.781,3737.0
Victor_9_puntos_intento_1.mp4,1694,14116.667,True,139.000,161.000,0.000,241.000,105.000,0.566667,0.311111,-0.762954,59.547,81.306,145.887,3771.5
Victor_9_puntos_intento_1.mp4,1695,14125.000,True,139.000,161.000,0.000,241.000,104.000,0.566667,0.316667,-0.760665,59.650,80.941,144.816,3745.5
Victor_9_puntos_intento_1.mp4,1696,14133.333,True,139.000,161.000,0.000,241.000,104.000,0.566667,0.316667,-0.760665,59.619,80.960,144.766,3742.5
Victor_9_puntos_intento_1.mp4,1697,14141.667,True,139.000,161.000,0.000,241.000,104.000,0.566667,0.316667,-0.760665,59.463,80.916,144.990,3731.0
Victor_9_puntos_intento_1.mp4,1698,14150.000,True,139.000,161.000,0.000,241.000,104.000,0.566667,0.316667,-0.760665,59.639,80.881,144.752,3747.5
Victor_9_puntos_intento_1.mp4,1699,14158.333,True,139.000,161.000,0.000,241.000,104.000,0.566667,0.316667,-0.760665,59.238,80.664,145.738,3724.0
Victor_9_puntos_intento_1.mp4,1700,14166.667,True,139.000,161.000,0.000,241.000,104.000,0.566667,0.316667,-0.760665,59.492,80.716,145.059,3729.0
Victor_9_puntos_intento_1.mp4,1701,14175.000,True,139.000,161.000,0.000,241.000,104.000,0.566667,0.316667,-0.760665,59.343,80.233,145.410,3721.5
Victor_9_puntos_intento_1.mp4,1702,14183.333,True,139.000,161.000,0.000,241.000,104.000,0.566667,0.316667,-0.760665,59.165,80.497,144.757,3718.0
Victor_9_puntos_intento_1.mp4,1703,14191.667,True,139.000,161.000,0.000,241.000,104.000,0.566667,0.316667,-0.760665,59.009,80.332,144.583,3705.0
Victor_9_puntos_intento_1.mp4,1704,14200.000,True,139.000,161.000,0.000,241.000,104.000,0.566667,0.316667,-0.760665,59.274,80.241,145.931,3702.5
Victor_9_puntos_intento_1.mp4,1705,14208.333,True,139.000,161.000,0.000,241.000,104.000,0.566667,0.316667,-0.760665,59.254,80.298,144.028,3684.5
Victor_9_puntos_intento_1.mp4,1706,14216.667,True,139.000,161.000,0.000,241.000,104.000,0.566667,0.316667,-0.760665,59.200,80.694,144.979,3720.5
Victor_9_puntos_intento_1.mp4,1707,14225.000,True,139.000,161.000,0.000,241.000,104.000,0.566667,0.316667,-0.760665,59.289,80.190,145.276,3680.5
Victor_9_puntos_intento_1.mp4,1708,14233.333,True,139.000,161.000,0.000,241.000,104.000,0.566667,0.316667,-0.760665,58.675,79.938,144.575,3666.0
Victor_9_puntos_intento_1.mp4,1709,14241.667,True,139.000,161.000,0.000,241.000,104.000,0.566667,0.316667,-0.760665,58.663,80.024,144.629,3662.0
Victor_9_puntos_intento_1.mp4,1710,14250.000,True,139.000,161.000,0.000,241.000,104.000,0.566667,0.316667,-0.760665,58.586,80.168,143.928,3662.5
Victor_9_puntos_intento_1.mp4,1711,14258.333,True,139.000,161.000,0.000,241.000,104.000,0.566667,0.316667,-0.760665,58.650,79.644,144.569,3652.5
Victor_9_puntos_intento_1.mp4,1712,14266.667,True,139.000,161.000,0.000,241.000,104.000,0.566667,0.316667,-0.760665,58.347,79.395,144.518,3623.5
Victor_9_puntos_intento_1.mp4,1713,14275.000,True,139.000,161.000,0.000,241.000,104.000,0.566667,0.316667,-0.760665,58.399,79.291,143.968,3619.0
Victor_9_puntos_intento_1.mp4,1714,14283.333,True,139.000,161.000,0.000,241.000,104.000,0.566667,0.316667,-0.760665,58.783,79.054,144.265,3630.5
Victor_9_puntos_intento_1.mp4,1715,14291.667,True,139.000,161.000,0.000,241.000,104.000,0.566667,0.316667,-0.760665,58.046,79.392,144.439,3610.0
Victor_9_puntos_intento_1.mp4,1716,14300.000,True,139.000,161.000,0.000,241.000,104.000,0.566667,0.316667,-0.760665,58.156,79.403,144.532,3609.0
Victor_9_puntos_intento_1.mp4,1717,14308.333,True,139.000,161.000,0.000,241.000,104.000,0.566667,0.316667,-0.760665,58.081,79.335,144.943,3580.5
Victor_9_puntos_intento_1.mp4,1718,14316.667,True,139.000,161.000,0.000,241.000,104.000,0.566667,0.316667,-0.760665,58.085,79.159,145.167,3566.5
Victor_9_puntos_intento_1.mp4,1719,14325.000,True,139.000,161.000,0.000,241.000,104.000,0.566667,0.316667,-0.760665,57.937,78.702,144.553,3553.5
Victor_9_puntos_intento_1.mp4,1720,14333.333,True,139.000,161.000,0.000,241.000,104.000,0.566667,0.316667,-0.760665,57.968,79.128,143.856,3570.5
Victor_9_puntos_intento_1.mp4,1721,14341.667,True,139.000,161.000,0.000,241.000,104.000,0.566667,0.316667,-0.760665,58.357,79.155,144.947,3568.5
Victor_9_puntos_intento_1.mp4,1722,14350.000,True,139.000,161.000,0.000,241.000,104.000,0.566667,0.316667,-0.760665,57.848,78.887,144.932,3556.0
Victor_9_puntos_intento_1.mp4,1723,14358.333,True,139.000,161.000,0.000,241.000,104.000,0.566667,0.316667,-0.760665,58.224,78.784,145.117,3550.5
Victor_9_puntos_intento_1.mp4,1724,14366.667,True,139.000,161.000,0.000,241.000,104.000,0.566667,0.316667,-0.760665,57.821,78.588,145.026,3548.5
Victor_9_puntos_intento_1.mp4,1725,14375.000,True,139.000,161.000,0.000,241.000,104.000,0.566667,0.316667,-0.760665,57.983,78.694,144.860,3540.5
Victor_9_puntos_intento_1.mp4,1726,14383.333,True,139.000,161.000,0.000,241.000,104.000,0.566667,0.316667,-0.760665,57.854,78.499,145.002,3543.0
Victor_9_puntos_intento_1.mp4,1727,14391.667,True,139.000,161.000,0.000,241.000,104.000,0.566667,0.316667,-0.760665,57.652,78.560,144.839,3517.5
Victor_9_puntos_intento_1.mp4,1728,14400.000,True,139.000,161.000,0.000,241.000,104.000,0.566667,0.316667,-0.760665,57.537,78.178,145.336,3509.5
Victor_9_puntos_intento_1.mp4,1729,14408.333,True,139.000,161.000,0.000,241.000,104.000,0.566667,0.316667,-0.760665,57.966,78.342,144.210,3531.0
Victor_9_puntos_intento_1.mp4,1730,14416.667,True,139.000,161.000,0.000,241.000,104.000,0.566667,0.316667,-0.760665,57.914,78.607,144.725,3531.5
Victor_9_puntos_intento_1.mp4,1731,14425.000,True,139.000,161.000,0.000,241.000,104.000,0.566667,0.316667,-0.760665,57.492,78.023,144.900,3508.5
Victor_9_puntos_intento_1.mp4,1732,14433.333,True,139.000,161.000,0.000,241.000,104.000,0.566667,0.316667,-0.760665,58.133,78.323,144.309,3517.5
Victor_9_puntos_intento_1.mp4,1733,14441.667,True,139.000,161.000,0.000,241.000,104.000,0.566667,0.316667,-0.760665,57.371,78.052,145.190,3483.0
Victor_9_puntos_intento_1.mp4,1734,14450.000,True,139.000,161.000,0.000,240.000,104.000,0.561111,0.316667,-0.764772,57.678,78.417,144.005,3499.5
Victor_9_puntos_intento_1.mp4,1735,14458.333,True,139.000,161.000,0.000,241.000,104.000,0.566667,0.316667,-0.760665,57.461,78.258,144.826,3487.5
Victor_9_puntos_intento_1.mp4,1736,14466.667,True,139.000,161.000,0.000,241.000,104.000,0.566667,0.316667,-0.760665,58.073,78.409,144.721,3525.0
Victor_9_puntos_intento_1.mp4,1737,14475.000,True,139.000,161.000,0.000,241.000,104.000,0.566667,0.316667,-0.760665,57.625,78.321,144.299,3502.5
Victor_9_puntos_intento_1.mp4,1738,14483.333,True,139.000,161.000,0.000,241.000,104.000,0.566667,0.316667,-0.760665,57.845,78.388,145.000,3507.5
Victor_9_puntos_intento_1.mp4,1739,14491.667,True,139.000,161.000,0.000,241.000,104.000,0.566667,0.316667,-0.760665,57.668,77.953,144.912,3492.5
Victor_9_puntos_intento_1.mp4,1740,14500.000,True,139.000,161.000,0.000,241.000,104.000,0.566667,0.316667,-0.760665,58.130,77.860,144.964,3503.0
Victor_9_puntos_intento_1.mp4,1741,14508.333,True,139.000,161.000,0.000,241.000,104.000,0.566667,0.316667,-0.760665,57.614,78.226,144.759,3490.5
Victor_9_puntos_intento_1.mp4,1742,14516.667,True,139.000,161.000,0.000,241.000,104.000,0.566667,0.316667,-0.760665,57.799,78.484,143.602,3521.5
Victor_9_puntos_intento_1.mp4,1743,14525.000,True,139.000,161.000,0.000,241.000,104.000,0.566667,0.316667,-0.760665,57.360,77.879,143.948,3488.5
Victor_9_puntos_intento_1.mp4,1744,14533.333,True,139.000,161.000,0.000,241.000,104.000,0.566667,0.316667,-0.760665,57.786,77.791,143.612,3521.0
Victor_9_puntos_intento_1.mp4,1745,14541.667,True,139.000,161.000,0.000,241.000,104.000,0.566667,0.316667,-0.760665,57.684,77.846,144.500,3502.0
Victor_9_puntos_intento_1.mp4,1746,14550.000,True,139.000,161.000,0.000,241.000,104.000,0.566667,0.316667,-0.760665,57.728,78.165,145.271,3505.5
Victor_9_puntos_intento_1.mp4,1747,14558.333,True,139.000,161.000,0.000,241.000,104.000,0.566667,0.316667,-0.760665,57.214,77.677,144.737,3469.5
Victor_9_puntos_intento_1.mp4,1748,14566.667,True,139.000,161.000,0.000,241.000,104.000,0.566667,0.316667,-0.760665,57.798,78.106,143.719,3498.0
Victor_9_puntos_intento_1.mp4,1749,14575.000,True,139.000,161.000,0.000,241.000,105.000,0.566667,0.311111,-0.762954,57.737,78.175,144.448,3500.5
Victor_9_puntos_intento_1.mp4,1750,14583.333,True,139.000,161.000,0.000,241.000,104.000,0.566667,0.316667,-0.760665,57.528,77.919,144.159,3496.0
Victor_9_puntos_intento_1.mp4,1751,14591.667,True,139.000,161.000,0.000,241.000,105.000,0.566667,0.311111,-0.762954,57.769,77.614,144.634,3484.5
Victor_9_puntos_intento_1.mp4,1752,14600.000,True,139.000,161.000,0.000,241.000,105.000,0.566667,0.311111,-0.762954,57.868,77.688,145.044,3502.0
Victor_9_puntos_intento_1.mp4,1753,14608.333,True,139.000,161.000,0.000,241.000,105.000,0.566667,0.311111,-0.762954,58.018,77.755,145.349,3498.5
Victor_9_puntos_intento_1.mp4,1754,14616.667,True,139.000,161.000,0.000,240.000,105.000,0.561111,0.311111,-0.767049,58.200,77.648,144.374,3505.0
Victor_9_puntos_intento_1.mp4,1755,14625.000,True,139.000,161.000,0.000,240.000,105.000,0.561111,0.311111,-0.767049,57.990,77.252,145.306,3501.0
Victor_9_puntos_intento_1.mp4,1756,14633.333,True,139.000,161.000,0.000,240.000,105.000,0.561111,0.311111,-0.767049,57.975,77.385,145.579,3497.0
Victor_9_puntos_intento_1.mp4,1757,14641.667,True,139.000,161.000,0.000,240.000,105.000,0.561111,0.311111,-0.767049,58.009,77.284,144.685,3500.5
Victor_9_puntos_intento_1.mp4,1758,14650.000,True,139.000,161.000,0.000,240.000,105.000,0.561111,0.311111,-0.767049,57.747,77.759,144.307,3510.0
Victor_9_puntos_intento_1.mp4,1759,14658.333,True,139.000,161.000,0.000,240.000,105.000,0.561111,0.311111,-0.767049,58.095,77.409,144.631,3494.5
Victor_9_puntos_intento_1.mp4,1760,14666.667,True,139.000,161.000,0.000,240.000,105.000,0.561111,0.311111,-0.767049,58.092,77.504,145.293,3505.5
Victor_9_puntos_intento_1.mp4,1761,14675.000,True,139.000,161.000,0.000,241.000,105.000,0.566667,0.311111,-0.762954,58.007,77.343,144.627,3501.5
Victor_9_puntos_intento_1.mp4,1762,14683.333,True,139.000,161.000,0.000,240.000,105.000,0.561111,0.311111,-0.767049,58.238,77.622,145.064,3523.5
Victor_9_puntos_intento_1.mp4,1763,14691.667,True,139.000,161.000,0.000,241.000,106.000,0.566667,0.305556,-0.765196,57.975,77.554,145.559,3505.5
Victor_9_puntos_intento_1.mp4,1764,14700.000,True,139.000,161.000,0.000,241.000,106.000,0.566667,0.305556,-0.765196,58.425,77.904,145.523,3533.0
Victor_9_puntos_intento_1.mp4,1765,14708.333,True,139.000,161.000,0.000,241.000,106.000,0.566667,0.305556,-0.765196,58.378,77.665,144.122,3519.5
Victor_9_puntos_intento_1.mp4,1766,14716.667,True,139.000,161.000,0.000,241.000,106.000,0.566667,0.305556,-0.765196,58.213,77.995,144.828,3524.5
Victor_9_puntos_intento_1.mp4,1767,14725.000,True,139.000,161.000,0.000,241.000,106.000,0.566667,0.305556,-0.765196,58.485,77.514,145.228,3531.5
Victor_9_puntos_intento_1.mp4,1768,14733.333,True,139.000,161.000,0.000,236.000,107.000,0.538889,0.300000,-0.787146,60.507,77.216,148.373,3632.5
Victor_9_puntos_intento_1.mp4,1769,14741.667,True,139.000,161.000,0.000,224.000,108.000,0.472222,0.294444,-0.830848,64.592,76.887,141.769,3868.0
Victor_9_puntos_intento_1.mp4,1770,14750.000,True,139.000,161.000,0.000,213.000,109.000,0.411111,0.288889,-0.864599,67.518,77.010,137.481,4061.5
Victor_9_puntos_intento_1.mp4,1771,14758.333,True,139.000,161.000,0.000,203.000,111.000,0.355556,0.277778,-0.892424,69.227,78.086,135.886,4205.5
Victor_9_puntos_intento_1.mp4,1772,14766.667,True,139.000,161.000,0.000,196.000,113.000,0.316667,0.266667,-0.910281,69.763,78.171,137.020,4243.5
Victor_9_puntos_intento_1.mp4,1773,14775.000,True,139.000,161.000,0.000,195.000,113.000,0.311111,0.266667,-0.912194,68.786,78.766,134.858,4221.0
Victor_9_puntos_intento_1.mp4,1774,14783.333,True,139.000,161.000,0.000,197.000,112.000,0.322222,0.272222,-0.906680,68.627,78.295,138.858,4190.0
Victor_9_puntos_intento_1.mp4,1775,14791.667,True,139.000,161.000,0.000,197.000,112.000,0.322222,0.272222,-0.906680,68.469,78.513,138.949,4184.0
Victor_9_puntos_intento_1.mp4,1776,14800.000,True,139.000,161.000,0.000,197.000,112.000,0.322222,0.272222,-0.906680,68.866,78.788,138.689,4218.0
Victor_9_puntos_intento_1.mp4,1777,14808.333,True,139.000,161.000,0.000,197.000,112.000,0.322222,0.272222,-0.906680,68.717,78.707,137.196,4217.5
Victor_9_puntos_intento_1.mp4,1778,14816.667,True,139.000,161.000,0.000,197.000,112.000,0.322222,0.272222,-0.906680,68.685,78.784,135.770,4200.0
Victor_9_puntos_intento_1.mp4,1779,14825.000,True,139.000,161.000,0.000,197.000,112.000,0.322222,0.272222,-0.906680,69.019,78.792,136.476,4235.0
Victor_9_puntos_intento_1.mp4,1780,14833.333,True,139.000,161.000,0.000,197.000,112.000,0.322222,0.272222,-0.906680,68.970,78.569,138.663,4214.0
Victor_9_puntos_intento_1.mp4,1781,14841.667,True,139.000,161.000,0.000,197.000,112.000,0.322222,0.272222,-0.906680,69.181,78.534,136.170,4224.0
Victor_9_puntos_intento_1.mp4,1782,14850.000,True,139.000,161.000,0.000,198.000,112.000,0.327778,0.272222,-0.904686,68.958,78.907,137.441,4229.0
Victor_9_puntos_intento_1.mp4,1783,14858.333,True,139.000,161.000,0.000,198.000,112.000,0.327778,0.272222,-0.904686,69.030,78.313,136.293,4230.0
Victor_9_puntos_intento_1.mp4,1784,14866.667,True,139.000,161.000,0.000,198.000,112.000,0.327778,0.272222,-0.904686,68.831,78.677,136.885,4240.5
Victor_9_puntos_intento_1.mp4,1785,14875.000,True,139.000,161.000,0.000,198.000,112.000,0.327778,0.272222,-0.904686,68.911,78.998,136.367,4262.5
Victor_9_puntos_intento_1.mp4,1786,14883.333,True,139.000,161.000,0.000,198.000,112.000,0.327778,0.272222,-0.904686,69.208,79.636,138.022,4294.0
Victor_9_puntos_intento_1.mp4,1787,14891.667,True,139.000,161.000,0.000,198.000,111.000,0.327778,0.277778,-0.902996,69.432,78.773,136.270,4267.0
Victor_9_puntos_intento_1.mp4,1788,14900.000,True,139.000,161.000,0.000,198.000,111.000,0.327778,0.277778,-0.902996,69.111,79.388,137.825,4284.0
Victor_9_puntos_intento_1.mp4,1789,14908.333,True,139.000,161.000,0.000,198.000,111.000,0.327778,0.277778,-0.902996,69.310,79.036,138.392,4265.5
Victor_9_puntos_intento_1.mp4,1790,14916.667,True,139.000,161.000,0.000,198.000,112.000,0.327778,0.272222,-0.904686,69.254,78.844,138.413,4271.0
Victor_9_puntos_intento_1.mp4,1791,14925.000,True,139.000,161.000,0.000,198.000,111.000,0.327778,0.277778,-0.902996,69.453,79.525,136.201,4290.0
Victor_9_puntos_intento_1.mp4,1792,14933.333,True,139.000,161.000,0.000,198.000,111.000,0.327778,0.277778,-0.902996,69.376,78.799,135.968,4274.5
Victor_9_puntos_intento_1.mp4,1793,14941.667,True,139.000,161.000,0.000,198.000,111.000,0.327778,0.277778,-0.902996,69.517,79.303,135.558,4299.5
Victor_9_puntos_intento_1.mp4,1794,14950.000,True,139.000,161.000,0.000,198.000,111.000,0.327778,0.277778,-0.902996,69.417,79.348,135.046,4281.5
Victor_9_puntos_intento_1.mp4,1795,14958.333,True,139.000,161.000,0.000,198.000,111.000,0.327778,0.277778,-0.902996,69.610,79.367,137.266,4296.0
Victor_9_puntos_intento_1.mp4,1796,14966.667,True,139.000,161.000,0.000,198.000,111.000,0.327778,0.277778,-0.902996,69.663,79.523,136.403,4304.5
Victor_9_puntos_intento_1.mp4,1797,14975.000,True,139.000,161.000,0.000,198.000,111.000,0.327778,0.277778,-0.902996,69.835,79.521,137.143,4317.5
Victor_9_puntos_intento_1.mp4,1798,14983.333,True,139.000,161.000,0.000,198.000,111.000,0.327778,0.277778,-0.902996,69.549,80.179,136.565,4337.5
Victor_9_puntos_intento_1.mp4,1799,14991.667,True,139.000,161.000,0.000,198.000,111.000,0.327778,0.277778,-0.902996,69.783,79.426,135.544,4310.0
Victor_9_puntos_intento_1.mp4,1800,15000.000,True,139.000,161.000,0.000,198.000,110.000,0.327778,0.283333,-0.901268,69.858,80.370,136.884,4362.5
Victor_9_puntos_intento_1.mp4,1801,15008.333,True,139.000,161.000,0.000,198.000,111.000,0.327778,0.277778,-0.902996,70.530,80.162,138.624,4387.0
Victor_9_puntos_intento_1.mp4,1802,15016.667,True,139.000,161.000,0.000,198.000,110.000,0.327778,0.283333,-0.901268,70.027,80.193,139.905,4386.0
Victor_9_puntos_intento_1.mp4,1803,15025.000,True,139.000,161.000,0.000,198.000,110.000,0.327778,0.283333,-0.901268,70.051,80.397,138.269,4391.5
Victor_9_puntos_intento_1.mp4,1804,15033.333,True,139.000,161.000,0.000,198.000,110.000,0.327778,0.283333,-0.901268,70.110,80.227,138.472,4388.5
Victor_9_puntos_intento_1.mp4,1805,15041.667,True,139.000,161.000,0.000,198.000,110.000,0.327778,0.283333,-0.901268,70.260,80.159,135.966,4390.5
Victor_9_puntos_intento_1.mp4,1806,15050.000,True,139.000,161.000,0.000,198.000,110.000,0.327778,0.283333,-0.901268,69.937,80.196,134.921,4391.5
Victor_9_puntos_intento_1.mp4,1807,15058.333,True,139.000,161.000,0.000,198.000,110.000,0.327778,0.283333,-0.901268,70.317,80.331,136.993,4397.5
Victor_9_puntos_intento_1.mp4,1808,15066.667,True,139.000,161.000,0.000,198.000,110.000,0.327778,0.283333,-0.901268,70.543,80.937,138.661,4458.5
Victor_9_puntos_intento_1.mp4,1809,15075.000,True,139.000,161.000,0.000,198.000,110.000,0.327778,0.283333,-0.901268,70.596,80.606,137.168,4434.5
Victor_9_puntos_intento_1.mp4,1810,15083.333,True,139.000,161.000,0.000,198.000,110.000,0.327778,0.283333,-0.901268,70.515,81.055,140.020,4453.5
Victor_9_puntos_intento_1.mp4,1811,15091.667,True,139.000,161.000,0.000,198.000,110.000,0.327778,0.283333,-0.901268,70.864,80.787,137.627,4452.0
Victor_9_puntos_intento_1.mp4,1812,15100.000,True,139.000,161.000,0.000,198.000,110.000,0.327778,0.283333,-0.901268,71.087,81.039,136.979,4478.5
Victor_9_puntos_intento_1.mp4,1813,15108.333,True,139.000,161.000,0.000,198.000,110.000,0.327778,0.283333,-0.901268,70.985,81.406,137.091,4476.5
Victor_9_puntos_intento_1.mp4,1814,15116.667,True,139.000,161.000,0.000,198.000,110.000,0.327778,0.283333,-0.901268,70.721,81.333,137.377,4479.0
Victor_9_puntos_intento_1.mp4,1815,15125.000,True,139.000,161.000,0.000,198.000,110.000,0.327778,0.283333,-0.901268,71.103,81.389,137.507,4497.5
Victor_9_puntos_intento_1.mp4,1816,15133.333,True,139.000,161.000,0.000,198.000,110.000,0.327778,0.283333,-0.901268,71.323,81.253,137.670,4520.0
Victor_9_puntos_intento_1.mp4,1817,15141.667,True,139.000,161.000,0.000,198.000,110.000,0.327778,0.283333,-0.901268,71.039,81.610,136.931,4518.0
Victor_9_puntos_intento_1.mp4,1818,15150.000,True,139.000,161.000,0.000,198.000,110.000,0.327778,0.283333,-0.901268,71.382,81.375,136.944,4528.0
Victor_9_puntos_intento_1.mp4,1819,15158.333,True,139.000,161.000,0.000,198.000,110.000,0.327778,0.283333,-0.901268,71.366,82.243,137.478,4573.5
Victor_9_puntos_intento_1.mp4,1820,15166.667,True,139.000,161.000,0.000,198.000,110.000,0.327778,0.283333,-0.901268,71.233,81.965,138.042,4555.0
Victor_9_puntos_intento_1.mp4,1821,15175.000,True,139.000,161.000,0.000,198.000,110.000,0.327778,0.283333,-0.901268,71.702,81.739,139.419,4561.5
Victor_9_puntos_intento_1.mp4,1822,15183.333,True,139.000,161.000,0.000,198.000,110.000,0.327778,0.283333,-0.901268,72.034,82.129,139.044,4604.0
Victor_9_puntos_intento_1.mp4,1823,15191.667,True,139.000,161.000,0.000,198.000,110.000,0.327778,0.283333,-0.901268,71.460,82.456,138.912,4607.5
Victor_9_puntos_intento_1.mp4,1824,15200.000,True,139.000,161.000,0.000,198.000,110.000,0.327778,0.283333,-0.901268,71.993,82.059,138.902,4599.5
Victor_9_puntos_intento_1.mp4,1825,15208.333,True,139.000,161.000,0.000,198.000,110.000,0.327778,0.283333,-0.901268,71.847,82.722,140.674,4619.0
Victor_9_puntos_intento_1.mp4,1826,15216.667,True,139.000,161.000,0.000,198.000,110.000,0.327778,0.283333,-0.901268,71.837,82.705,141.560,4636.0
Victor_9_puntos_intento_1.mp4,1827,15225.000,True,139.000,161.000,0.000,198.000,110.000,0.327778,0.283333,-0.901268,71.524,82.968,140.346,4626.0
Victor_9_puntos_intento_1.mp4,1828,15233.333,True,139.000,161.000,0.000,198.000,110.000,0.327778,0.283333,-0.901268,72.018,82.984,140.336,4649.0
Victor_9_puntos_intento_1.mp4,1829,15241.667,True,139.000,161.000,0.000,198.000,110.000,0.327778,0.283333,-0.901268,71.930,82.380,140.416,4635.5
Victor_9_puntos_intento_1.mp4,1830,15250.000,True,139.000,161.000,0.000,198.000,110.000,0.327778,0.283333,-0.901268,72.096,82.605,140.160,4642.5
Victor_9_puntos_intento_1.mp4,1831,15258.333,True,139.000,161.000,0.000,198.000,110.000,0.327778,0.283333,-0.901268,71.965,82.740,137.669,4619.5
Victor_9_puntos_intento_1.mp4,1832,15266.667,True,139.000,161.000,0.000,198.000,110.000,0.327778,0.283333,-0.901268,71.866,83.140,138.405,4659.0
Victor_9_puntos_intento_1.mp4,1833,15275.000,True,139.000,161.000,0.000,198.000,109.000,0.327778,0.288889,-0.899503,72.082,83.228,138.909,4671.0
Victor_9_puntos_intento_1.mp4,1834,15283.333,True,139.000,161.000,0.000,198.000,109.000,0.327778,0.288889,-0.899503,72.160,83.341,140.962,4670.5
Victor_9_puntos_intento_1.mp4,1835,15291.667,True,139.000,161.000,0.000,198.000,109.000,0.327778,0.288889,-0.899503,72.026,82.876,138.544,4654.0
Victor_9_puntos_intento_1.mp4,1836,15300.000,True,139.000,161.000,0.000,198.000,109.000,0.327778,0.288889,-0.899503,72.100,83.126,138.088,4668.5
Victor_9_puntos_intento_1.mp4,1837,15308.333,True,139.000,161.000,0.000,198.000,109.000,0.327778,0.288889,-0.899503,71.856,83.711,141.688,4651.5
Victor_9_puntos_intento_1.mp4,1838,15316.667,True,139.000,161.000,0.000,198.000,109.000,0.327778,0.288889,-0.899503,71.935,83.379,139.571,4651.5
Victor_9_puntos_intento_1.mp4,1839,15325.000,True,139.000,161.000,0.000,198.000,109.000,0.327778,0.288889,-0.899503,71.387,83.218,139.442,4617.5
Victor_9_puntos_intento_1.mp4,1840,15333.333,True,139.000,161.000,0.000,198.000,109.000,0.327778,0.288889,-0.899503,71.884,82.877,140.111,4635.0
Victor_9_puntos_intento_1.mp4,1841,15341.667,True,139.000,161.000,0.000,198.000,109.000,0.327778,0.288889,-0.899503,71.985,82.892,139.526,4651.0
Victor_9_puntos_intento_1.mp4,1842,15350.000,True,139.000,161.000,0.000,198.000,109.000,0.327778,0.288889,-0.899503,71.842,83.501,139.424,4667.0
Victor_9_puntos_intento_1.mp4,1843,15358.333,True,139.000,161.000,0.000,198.000,109.000,0.327778,0.288889,-0.899503,71.928,83.193,140.110,4665.0
Victor_9_puntos_intento_1.mp4,1844,15366.667,True,139.000,161.000,0.000,198.000,109.000,0.327778,0.288889,-0.899503,72.041,82.898,139.205,4665.0
Victor_9_puntos_intento_1.mp4,1845,15375.000,True,139.000,161.000,0.000,198.000,109.000,0.327778,0.288889,-0.899503,71.950,82.783,137.928,4665.0
Victor_9_puntos_intento_1.mp4,1846,15383.333,True,139.000,161.000,0.000,198.000,109.000,0.327778,0.288889,-0.899503,72.078,83.341,140.102,4688.0
Victor_9_puntos_intento_1.mp4,1847,15391.667,True,139.000,161.000,0.000,198.000,109.000,0.327778,0.288889,-0.899503,72.326,82.774,141.934,4671.0
Victor_9_puntos_intento_1.mp4,1848,15400.000,True,139.000,161.000,0.000,195.000,109.000,0.311111,0.288889,-0.905402,72.681,83.075,140.241,4692.0
Victor_9_puntos_intento_1.mp4,1849,15408.333,True,139.000,161.000,0.000,195.000,109.000,0.311111,0.288889,-0.905402,72.269,83.253,135.496,4680.5
Victor_9_puntos_intento_1.mp4,1850,15416.667,True,139.000,161.000,0.000,197.000,108.000,0.322222,0.294444,-0.899708,71.972,83.231,140.337,4646.0
Victor_9_puntos_intento_1.mp4,1851,15425.000,True,139.000,161.000,0.000,197.000,108.000,0.322222,0.294444,-0.899708,72.192,82.709,139.461,4650.5
Victor_9_puntos_intento_1.mp4,1852,15433.333,True,139.000,161.000,0.000,197.000,108.000,0.322222,0.294444,-0.899708,72.104,82.479,140.449,4615.0
Victor_9_puntos_intento_1.mp4,1853,15441.667,True,139.000,161.000,0.000,197.000,108.000,0.322222,0.294444,-0.899708,71.800,82.732,140.704,4614.5
Victor_9_puntos_intento_1.mp4,1854,15450.000,True,139.000,161.000,0.000,197.000,108.000,0.322222,0.294444,-0.899708,72.156,82.175,139.098,4623.5
Victor_9_puntos_intento_1.mp4,1855,15458.333,True,139.000,161.000,0.000,197.000,108.000,0.322222,0.294444,-0.899708,71.529,82.002,136.573,4583.5
Victor_9_puntos_intento_1.mp4,1856,15466.667,True,139.000,161.000,0.000,197.000,108.000,0.322222,0.294444,-0.899708,71.907,82.087,138.840,4598.0
Victor_9_puntos_intento_1.mp4,1857,15475.000,True,139.000,161.000,0.000,197.000,108.000,0.322222,0.294444,-0.899708,71.908,81.978,140.248,4594.0
Victor_9_puntos_intento_1.mp4,1858,15483.333,True,139.000,161.000,0.000,197.000,108.000,0.322222,0.294444,-0.899708,71.693,82.457,138.105,4599.0
Victor_9_puntos_intento_1.mp4,1859,15491.667,True,139.000,161.000,0.000,197.000,108.000,0.322222,0.294444,-0.899708,71.654,82.591,136.719,4582.0
Victor_9_puntos_intento_1.mp4,1860,15500.000,True,139.000,161.000,0.000,197.000,108.000,0.322222,0.294444,-0.899708,72.180,82.686,138.745,4635.5
Victor_9_puntos_intento_1.mp4,1861,15508.333,True,139.000,161.000,0.000,197.000,108.000,0.322222,0.294444,-0.899708,71.457,82.294,139.751,4568.5
Victor_9_puntos_intento_1.mp4,1862,15516.667,True,139.000,161.000,0.000,197.000,108.000,0.322222,0.294444,-0.899708,71.815,82.522,139.178,4614.5
Victor_9_puntos_intento_1.mp4,1863,15525.000,True,139.000,161.000,0.000,197.000,108.000,0.322222,0.294444,-0.899708,71.669,82.740,138.543,4621.5
Victor_9_puntos_intento_1.mp4,1864,15533.333,True,139.000,161.000,0.000,197.000,108.000,0.322222,0.294444,-0.899708,71.492,82.890,138.242,4603.0
Victor_9_puntos_intento_1.mp4,1865,15541.667,True,139.000,161.000,0.000,197.000,108.000,0.322222,0.294444,-0.899708,71.666,82.517,137.695,4600.0
Victor_9_puntos_intento_1.mp4,1866,15550.000,True,139.000,161.000,0.000,197.000,108.000,0.322222,0.294444,-0.899708,71.688,82.915,139.072,4622.5
Victor_9_puntos_intento_1.mp4,1867,15558.333,True,139.000,161.000,0.000,197.000,108.000,0.322222,0.294444,-0.899708,71.607,82.494,140.788,4583.0
Victor_9_puntos_intento_1.mp4,1868,15566.667,True,139.000,161.000,0.000,197.000,108.000,0.322222,0.294444,-0.899708,71.851,82.586,140.570,4610.5
Victor_9_puntos_intento_1.mp4,1869,15575.000,True,139.000,161.000,0.000,197.000,108.000,0.322222,0.294444,-0.899708,71.736,82.186,140.137,4603.5
Victor_9_puntos_intento_1.mp4,1870,15583.333,True,139.000,161.000,0.000,197.000,108.000,0.322222,0.294444,-0.899708,71.877,82.545,139.417,4611.0
Victor_9_puntos_intento_1.mp4,1871,15591.667,True,139.000,161.000,0.000,197.000,108.000,0.322222,0.294444,-0.899708,71.979,82.127,140.461,4615.0
Victor_9_puntos_intento_1.mp4,1872,15600.000,True,139.000,161.000,0.000,197.000,108.000,0.322222,0.294444,-0.899708,72.017,82.165,139.386,4615.5
Victor_9_puntos_intento_1.mp4,1873,15608.333,True,139.000,161.000,0.000,197.000,108.000,0.322222,0.294444,-0.899708,71.920,82.508,139.823,4620.5
Victor_9_puntos_intento_1.mp4,1874,15616.667,True,139.000,161.000,0.000,197.000,108.000,0.322222,0.294444,-0.899708,72.226,81.968,136.866,4616.5
Victor_9_puntos_intento_1.mp4,1875,15625.000,True,139.000,161.000,0.000,197.000,109.000,0.322222,0.288889,-0.901508,72.049,82.241,139.254,4623.5
Victor_9_puntos_intento_1.mp4,1876,15633.333,True,139.000,161.000,0.000,197.000,109.000,0.322222,0.288889,-0.901508,72.188,82.311,140.382,4628.5
Victor_9_puntos_intento_1.mp4,1877,15641.667,True,139.000,161.000,0.000,197.000,109.000,0.322222,0.288889,-0.901508,72.348,82.477,141.175,4646.0
Victor_9_puntos_intento_1.mp4,1878,15650.000,True,139.000,161.000,0.000,197.000,109.000,0.322222,0.288889,-0.901508,72.570,82.532,141.730,4665.0
Victor_9_puntos_intento_1.mp4,1879,15658.333,True,139.000,161.000,0.000,197.000,109.000,0.322222,0.288889,-0.901508,72.584,82.932,139.445,4683.0
Victor_9_puntos_intento_1.mp4,1880,15666.667,True,139.000,161.000,0.000,197.000,108.000,0.322222,0.294444,-0.899708,72.409,82.766,140.898,4668.0
Victor_9_puntos_intento_1.mp4,1881,15675.000,True,139.000,161.000,0.000,196.000,108.000,0.316667,0.294444,-0.901679,72.380,83.387,140.270,4687.5
Victor_9_puntos_intento_1.mp4,1882,15683.333,True,139.000,161.000,0.000,196.000,108.000,0.316667,0.294444,-0.901679,72.623,82.652,139.941,4685.5
Victor_9_puntos_intento_1.mp4,1883,15691.667,True,139.000,161.000,0.000,196.000,109.000,0.316667,0.288889,-0.903474,72.766,82.941,142.272,4684.5
Victor_9_puntos_intento_1.mp4,1884,15700.000,True,139.000,161.000,0.000,196.000,109.000,0.316667,0.288889,-0.903474,72.650,83.393,139.908,4716.5
Victor_9_puntos_intento_1.mp4,1885,15708.333,True,139.000,161.000,0.000,196.000,108.000,0.316667,0.294444,-0.901679,72.590,83.303,141.016,4707.0
Victor_9_puntos_intento_1.mp4,1886,15716.667,True,139.000,161.000,0.000,196.000,108.000,0.316667,0.294444,-0.901679,72.482,83.426,137.959,4707.0
Victor_9_puntos_intento_1.mp4,1887,15725.000,True,139.000,161.000,0.000,196.000,108.000,0.316667,0.294444,-0.901679,72.229,83.223,138.239,4693.5
Victor_9_puntos_intento_1.mp4,1888,15733.333,True,139.000,161.000,0.000,196.000,108.000,0.316667,0.294444,-0.901679,72.698,83.678,136.273,4728.5
Victor_9_puntos_intento_1.mp4,1889,15741.667,True,139.000,161.000,0.000,196.000,108.000,0.316667,0.294444,-0.901679,72.468,83.997,137.971,4723.0
Victor_9_puntos_intento_1.mp4,1890,15750.000,True,139.000,161.000,0.000,196.000,108.000,0.316667,0.294444,-0.901679,72.433,84.093,138.191,4748.0
Victor_9_puntos_intento_1.mp4,1891,15758.333,True,139.000,161.000,0.000,196.000,108.000,0.316667,0.294444,-0.901679,72.402,83.859,139.304,4721.0
Victor_9_puntos_intento_1.mp4,1892,15766.667,True,139.000,161.000,0.000,196.000,108.000,0.316667,0.294444,-0.901679,72.813,83.944,138.636,4736.0
Victor_9_puntos_intento_1.mp4,1893,15775.000,True,139.000,161.000,0.000,196.000,108.000,0.316667,0.294444,-0.901679,73.014,83.514,138.533,4735.0
Victor_9_puntos_intento_1.mp4,1894,15783.333,True,139.000,161.000,0.000,197.000,108.000,0.322222,0.294444,-0.899708,72.797,84.039,137.025,4755.5
Victor_9_puntos_intento_1.mp4,1895,15791.667,True,139.000,161.000,0.000,197.000,108.000,0.322222,0.294444,-0.899708,72.844,84.346,138.921,4778.5
Victor_9_puntos_intento_1.mp4,1896,15800.000,True,139.000,161.000,0.000,197.000,108.000,0.322222,0.294444,-0.899708,72.816,83.897,138.733,4767.5
Victor_9_puntos_intento_1.mp4,1897,15808.333,True,139.000,161.000,0.000,197.000,107.000,0.322222,0.300000,-0.897871,73.162,84.516,139.504,4815.5
Victor_9_puntos_intento_1.mp4,1898,15816.667,True,139.000,161.000,0.000,197.000,108.000,0.322222,0.294444,-0.899708,73.119,84.219,138.525,4806.5
Victor_9_puntos_intento_1.mp4,1899,15825.000,True,139.000,161.000,0.000,197.000,107.000,0.322222,0.300000,-0.897871,72.905,84.570,139.809,4803.5
Victor_9_puntos_intento_1.mp4,1900,15833.333,True,139.000,161.000,0.000,197.000,107.000,0.322222,0.300000,-0.897871,72.912,84.540,138.597,4793.0
Victor_9_puntos_intento_1.mp4,1901,15841.667,True,139.000,161.000,0.000,197.000,107.000,0.322222,0.300000,-0.897871,73.042,84.722,138.693,4823.5
Victor_9_puntos_intento_1.mp4,1902,15850.000,True,139.000,161.000,0.000,197.000,107.000,0.322222,0.300000,-0.897871,73.048,85.020,139.131,4831.0
Victor_9_puntos_intento_1.mp4,1903,15858.333,True,139.000,161.000,0.000,197.000,107.000,0.322222,0.300000,-0.897871,73.027,85.005,139.567,4833.5
Victor_9_puntos_intento_1.mp4,1904,15866.667,True,139.000,161.000,0.000,197.000,108.000,0.322222,0.294444,-0.899708,73.515,85.278,139.676,4878.5
Victor_9_puntos_intento_1.mp4,1905,15875.000,True,139.000,161.000,0.000,197.000,108.000,0.322222,0.294444,-0.899708,73.096,85.858,139.143,4870.0
Victor_9_puntos_intento_1.mp4,1906,15883.333,True,139.000,161.000,0.000,197.000,108.000,0.322222,0.294444,-0.899708,73.554,85.636,136.139,4874.0
Victor_9_puntos_intento_1.mp4,1907,15891.667,True,139.000,161.000,0.000,198.000,108.000,0.327778,0.294444,-0.897699,73.421,85.570,138.566,4882.0
Victor_9_puntos_intento_1.mp4,1908,15900.000,True,139.000,161.000,0.000,197.000,108.000,0.322222,0.294444,-0.899708,73.203,85.465,138.819,4860.0
Victor_9_puntos_intento_1.mp4,1909,15908.333,True,139.000,161.000,0.000,197.000,108.000,0.322222,0.294444,-0.899708,73.126,85.779,137.016,4863.0
Victor_9_puntos_intento_1.mp4,1910,15916.667,True,139.000,161.000,0.000,198.000,108.000,0.327778,0.294444,-0.897699,73.020,85.654,139.134,4877.0
Victor_9_puntos_intento_1.mp4,1911,15925.000,True,139.000,161.000,0.000,198.000,108.000,0.327778,0.294444,-0.897699,73.374,85.496,138.332,4876.0
Victor_9_puntos_intento_1.mp4,1912,15933.333,True,139.000,161.000,0.000,197.000,108.000,0.322222,0.294444,-0.899708,73.572,85.391,136.307,4874.0
Victor_9_puntos_intento_1.mp4,1913,15941.667,True,139.000,161.000,0.000,194.000,109.000,0.305556,0.288889,-0.907292,74.345,85.673,136.287,4909.5
Victor_9_puntos_intento_1.mp4,1914,15950.000,True,139.000,161.000,0.000,195.000,109.000,0.311111,0.288889,-0.905402,74.193,85.825,137.424,4937.0
Victor_9_puntos_intento_1.mp4,1915,15958.333,True,139.000,161.000,0.000,196.000,109.000,0.316667,0.288889,-0.903474,73.703,85.276,138.998,4883.5
Victor_9_puntos_intento_1.mp4,1916,15966.667,True,139.000,161.000,0.000,196.000,109.000,0.316667,0.288889,-0.903474,73.728,85.309,139.742,4854.5
Victor_9_puntos_intento_1.mp4,1917,15975.000,True,139.000,161.000,0.000,196.000,109.000,0.316667,0.288889,-0.903474,73.761,85.528,139.626,4881.5
Victor_9_puntos_intento_1.mp4,1918,15983.333,True,139.000,161.000,0.000,196.000,109.000,0.316667,0.288889,-0.903474,73.569,85.405,139.925,4891.5
Victor_9_puntos_intento_1.mp4,1919,15991.667,True,139.000,161.000,0.000,196.000,108.000,0.316667,0.294444,-0.901679,73.295,85.361,137.407,4859.0
Victor_9_puntos_intento_1.mp4,1920,16000.000,True,139.000,161.000,0.000,196.000,109.000,0.316667,0.288889,-0.903474,73.243,85.564,139.365,4864.0
Victor_9_puntos_intento_1.mp4,1921,16008.333,True,139.000,161.000,0.000,196.000,109.000,0.316667,0.288889,-0.903474,73.100,85.432,137.608,4844.5
Victor_9_puntos_intento_1.mp4,1922,16016.667,True,139.000,161.000,0.000,196.000,109.000,0.316667,0.288889,-0.903474,73.526,85.020,138.817,4841.0
Victor_9_puntos_intento_1.mp4,1923,16025.000,True,139.000,161.000,0.000,196.000,109.000,0.316667,0.288889,-0.903474,73.485,85.393,137.949,4860.0
Victor_9_puntos_intento_1.mp4,1924,16033.333,True,139.000,161.000,0.000,196.000,109.000,0.316667,0.288889,-0.903474,73.510,85.633,137.971,4890.5
Victor_9_puntos_intento_1.mp4,1925,16041.667,True,139.000,161.000,0.000,196.000,110.000,0.316667,0.283333,-0.905232,74.052,85.255,139.419,4874.5
Victor_9_puntos_intento_1.mp4,1926,16050.000,True,139.000,161.000,0.000,196.000,109.000,0.316667,0.288889,-0.903474,73.613,85.564,139.370,4883.5
Victor_9_puntos_intento_1.mp4,1927,16058.333,True,139.000,161.000,0.000,196.000,110.000,0.316667,0.283333,-0.905232,73.823,85.274,139.156,4873.5
Victor_9_puntos_intento_1.mp4,1928,16066.667,True,139.000,161.000,0.000,197.000,110.000,0.322222,0.283333,-0.903269,73.394,85.321,137.950,4865.0
Victor_9_puntos_intento_1.mp4,1929,16075.000,True,139.000,161.000,0.000,196.000,110.000,0.316667,0.283333,-0.905232,73.431,85.104,138.333,4860.5
Victor_9_puntos_intento_1.mp4,1930,16083.333,True,139.000,161.000,0.000,196.000,109.000,0.316667,0.288889,-0.903474,73.320,85.008,138.123,4842.0
Victor_9_puntos_intento_1.mp4,1931,16091.667,True,139.000,161.000,0.000,196.000,109.000,0.316667,0.288889,-0.903474,73.356,84.911,138.894,4827.5
Victor_9_puntos_intento_1.mp4,1932,16100.000,True,139.000,161.000,0.000,196.000,109.000,0.316667,0.288889,-0.903474,73.154,84.734,138.330,4818.5
Victor_9_puntos_intento_1.mp4,1933,16108.333,True,139.000,162.000,0.000,196.000,109.000,0.316667,0.294444,-0.901679,73.381,85.093,136.674,4835.0
Victor_9_puntos_intento_1.mp4,1934,16116.667,True,139.000,162.000,0.000,196.000,109.000,0.316667,0.294444,-0.901679,73.343,84.202,136.455,4797.5
Victor_9_puntos_intento_1.mp4,1935,16125.000,True,139.000,162.000,0.000,196.000,109.000,0.316667,0.294444,-0.901679,73.500,84.605,138.873,4811.0
Victor_9_puntos_intento_1.mp4,1936,16133.333,True,139.000,162.000,0.000,196.000,108.000,0.316667,0.300000,-0.899846,72.971,85.276,137.181,4802.5
Victor_9_puntos_intento_1.mp4,1937,16141.667,True,139.000,162.000,0.000,196.000,108.000,0.316667,0.300000,-0.899846,73.461,84.424,137.158,4818.5
Victor_9_puntos_intento_1.mp4,1938,16150.000,True,139.000,162.000,0.000,196.000,108.000,0.316667,0.300000,-0.899846,72.858,84.923,136.703,4822.0
Victor_9_puntos_intento_1.mp4,1939,16158.333,True,139.000,162.000,0.000,196.000,108.000,0.316667,0.300000,-0.899846,72.391,84.658,136.192,4787.0
Victor_9_puntos_intento_1.mp4,1940,16166.667,True,139.000,162.000,0.000,196.000,109.000,0.316667,0.294444,-0.901679,72.762,84.993,138.321,4811.0
Victor_9_puntos_intento_1.mp4,1941,16175.000,True,139.000,162.000,0.000,196.000,109.000,0.316667,0.294444,-0.901679,73.174,85.085,138.977,4822.5
Victor_9_puntos_intento_1.mp4,1942,16183.333,True,139.000,162.000,0.000,196.000,109.000,0.316667,0.294444,-0.901679,72.721,84.884,136.976,4818.5
Victor_9_puntos_intento_1.mp4,1943,16191.667,True,139.000,162.000,0.000,196.000,109.000,0.316667,0.294444,-0.901679,72.647,85.147,136.964,4809.5
Victor_9_puntos_intento_1.mp4,1944,16200.000,True,139.000,162.000,0.000,197.000,109.000,0.322222,0.294444,-0.899708,72.625,85.436,137.068,4832.5
Victor_9_puntos_intento_1.mp4,1945,16208.333,True,139.000,162.000,0.000,197.000,109.000,0.322222,0.294444,-0.899708,73.259,84.600,137.964,4826.0
Victor_9_puntos_intento_1.mp4,1946,16216.667,True,139.000,162.000,0.000,197.000,109.000,0.322222,0.294444,-0.899708,72.997,84.841,137.743,4834.0
Victor_9_puntos_intento_1.mp4,1947,16225.000,True,139.000,162.000,0.000,197.000,109.000,0.322222,0.294444,-0.899708,72.974,84.737,139.051,4814.0
Victor_9_puntos_intento_1.mp4,1948,16233.333,True,139.000,162.000,0.000,197.000,109.000,0.322222,0.294444,-0.899708,72.851,84.984,135.746,4830.0
Victor_9_puntos_intento_1.mp4,1949,16241.667,True,139.000,162.000,0.000,197.000,109.000,0.322222,0.294444,-0.899708,72.623,84.759,138.725,4800.5
Victor_9_puntos_intento_1.mp4,1950,16250.000,True,139.000,162.000,0.000,197.000,109.000,0.322222,0.294444,-0.899708,73.198,85.144,139.285,4838.5
Victor_9_puntos_intento_1.mp4,1951,16258.333,True,139.000,162.000,0.000,197.000,109.000,0.322222,0.294444,-0.899708,72.729,84.825,137.687,4795.5
Victor_9_puntos_intento_1.mp4,1952,16266.667,True,139.000,162.000,0.000,197.000,109.000,0.322222,0.294444,-0.899708,73.903,84.642,139.118,4830.5
Victor_9_puntos_intento_1.mp4,1953,16275.000,True,139.000,162.000,0.000,197.000,110.000,0.322222,0.288889,-0.901508,72.861,84.918,138.375,4805.5
Victor_9_puntos_intento_1.mp4,1954,16283.333,True,139.000,162.000,0.000,197.000,110.000,0.322222,0.288889,-0.901508,72.921,85.197,138.722,4833.5
Victor_9_puntos_intento_1.mp4,1955,16291.667,True,139.000,162.000,0.000,196.000,110.000,0.316667,0.288889,-0.903474,73.606,84.603,140.533,4817.0
Victor_9_puntos_intento_1.mp4,1956,16300.000,True,139.000,162.000,0.000,196.000,110.000,0.316667,0.288889,-0.903474,73.606,84.913,139.060,4841.5
Victor_9_puntos_intento_1.mp4,1957,16308.333,True,139.000,162.000,0.000,196.000,110.000,0.316667,0.288889,-0.903474,72.895,84.421,136.875,4814.0
Victor_9_puntos_intento_1.mp4,1958,16316.667,True,139.000,162.000,0.000,196.000,110.000,0.316667,0.288889,-0.903474,73.380,85.138,139.145,4855.0
Victor_9_puntos_intento_1.mp4,1959,16325.000,True,139.000,162.000,0.000,196.000,110.000,0.316667,0.288889,-0.903474,73.114,85.196,137.879,4870.0
Victor_9_puntos_intento_1.mp4,1960,16333.333,True,139.000,162.000,0.000,196.000,110.000,0.316667,0.288889,-0.903474,73.295,84.902,137.493,4863.5
Victor_9_puntos_intento_1.mp4,1961,16341.667,True,139.000,162.000,0.000,196.000,110.000,0.316667,0.288889,-0.903474,73.462,85.280,138.409,4871.5
Victor_9_puntos_intento_1.mp4,1962,16350.000,True,139.000,162.000,0.000,196.000,110.000,0.316667,0.288889,-0.903474,73.084,85.311,138.048,4872.5
Victor_9_puntos_intento_1.mp4,1963,16358.333,True,139.000,162.000,0.000,195.000,110.000,0.311111,0.288889,-0.905402,74.047,84.296,140.687,4840.0
Victor_9_puntos_intento_1.mp4,1964,16366.667,True,139.000,162.000,0.000,196.000,110.000,0.316667,0.288889,-0.903474,72.885,85.080,138.077,4861.0
Victor_9_puntos_intento_1.mp4,1965,16375.000,True,139.000,162.000,0.000,196.000,110.000,0.316667,0.288889,-0.903474,73.108,84.972,138.727,4851.0
Victor_9_puntos_intento_1.mp4,1966,16383.333,True,139.000,162.000,0.000,196.000,111.000,0.316667,0.283333,-0.905232,74.391,84.719,138.863,4891.0
Victor_9_puntos_intento_1.mp4,1967,16391.667,True,139.000,162.000,0.000,196.000,110.000,0.316667,0.288889,-0.903474,72.864,85.423,136.870,4872.5
Victor_9_puntos_intento_1.mp4,1968,16400.000,True,139.000,162.000,0.000,196.000,110.000,0.316667,0.288889,-0.903474,73.672,85.251,138.754,4879.5
Victor_9_puntos_intento_1.mp4,1969,16408.333,True,139.000,162.000,0.000,196.000,110.000,0.316667,0.288889,-0.903474,73.011,84.605,137.210,4820.0
Victor_9_puntos_intento_1.mp4,1970,16416.667,True,139.000,162.000,0.000,196.000,110.000,0.316667,0.288889,-0.903474,73.597,84.708,138.764,4834.5
Victor_9_puntos_intento_1.mp4,1971,16425.000,True,139.000,162.000,0.000,196.000,110.000,0.316667,0.288889,-0.903474,73.282,84.515,139.405,4817.5
Victor_9_puntos_intento_1.mp4,1972,16433.333,True,139.000,162.000,0.000,196.000,110.000,0.316667,0.288889,-0.903474,73.240,84.371,138.564,4802.5
Victor_9_puntos_intento_1.mp4,1973,16441.667,True,139.000,162.000,0.000,197.000,111.000,0.322222,0.283333,-0.903269,72.897,84.914,139.191,4823.0
Victor_9_puntos_intento_1.mp4,1974,16450.000,True,139.000,162.000,0.000,197.000,111.000,0.322222,0.283333,-0.903269,72.989,84.708,139.496,4797.5
Victor_9_puntos_intento_1.mp4,1975,16458.333,True,139.000,162.000,0.000,196.000,110.000,0.316667,0.288889,-0.903474,73.422,83.990,141.010,4788.5
Victor_9_puntos_intento_1.mp4,1976,16466.667,True,139.000,162.000,0.000,196.000,110.000,0.316667,0.288889,-0.903474,72.316,84.926,139.548,4789.0
Victor_9_puntos_intento_1.mp4,1977,16475.000,True,139.000,162.000,0.000,196.000,110.000,0.316667,0.288889,-0.903474,73.242,84.155,139.314,4778.0
Victor_9_puntos_intento_1.mp4,1978,16483.333,True,139.000,162.000,0.000,196.000,110.000,0.316667,0.288889,-0.903474,73.190,84.594,139.162,4812.0
Victor_9_puntos_intento_1.mp4,1979,16491.667,True,139.000,162.000,0.000,197.000,110.000,0.322222,0.288889,-0.901508,72.633,84.200,138.584,4772.0
Victor_9_puntos_intento_1.mp4,1980,16500.000,True,139.000,162.000,0.000,196.000,110.000,0.316667,0.288889,-0.903474,72.609,84.638,138.792,4792.0
Victor_9_puntos_intento_1.mp4,1981,16508.333,True,139.000,162.000,0.000,196.000,110.000,0.316667,0.288889,-0.903474,72.591,84.286,138.430,4762.0
Victor_9_puntos_intento_1.mp4,1982,16516.667,True,139.000,162.000,0.000,196.000,110.000,0.316667,0.288889,-0.903474,72.849,85.017,139.414,4804.5
Victor_9_puntos_intento_1.mp4,1983,16525.000,True,139.000,162.000,0.000,196.000,110.000,0.316667,0.288889,-0.903474,73.618,84.510,140.113,4793.5
Victor_9_puntos_intento_1.mp4,1984,16533.333,True,139.000,162.000,0.000,196.000,110.000,0.316667,0.288889,-0.903474,73.164,84.374,138.047,4783.5
Victor_9_puntos_intento_1.mp4,1985,16541.667,True,139.000,162.000,0.000,196.000,110.000,0.316667,0.288889,-0.903474,72.528,84.817,137.760,4771.5
Victor_9_puntos_intento_1.mp4,1986,16550.000,True,139.000,162.000,0.000,196.000,110.000,0.316667,0.288889,-0.903474,72.317,84.333,137.916,4771.0
Victor_9_puntos_intento_1.mp4,1987,16558.333,True,139.000,162.000,0.000,196.000,110.000,0.316667,0.288889,-0.903474,72.593,84.180,139.359,4779.5
Victor_9_puntos_intento_1.mp4,1988,16566.667,True,139.000,162.000,0.000,196.000,110.000,0.316667,0.288889,-0.903474,72.882,84.258,138.521,4772.0
Victor_9_puntos_intento_1.mp4,1989,16575.000,True,139.000,162.000,0.000,196.000,110.000,0.316667,0.288889,-0.903474,72.767,84.160,139.993,4766.0
Victor_9_puntos_intento_1.mp4,1990,16583.333,True,139.000,162.000,0.000,196.000,110.000,0.316667,0.288889,-0.903474,72.850,84.556,137.905,4786.0
Victor_9_puntos_intento_1.mp4,1991,16591.667,True,139.000,162.000,0.000,196.000,110.000,0.316667,0.288889,-0.903474,72.636,84.140,140.978,4737.5
Victor_9_puntos_intento_1.mp4,1992,16600.000,True,139.000,162.000,0.000,196.000,110.000,0.316667,0.288889,-0.903474,72.509,84.756,138.224,4769.5
Victor_9_puntos_intento_1.mp4,1993,16608.333,True,139.000,162.000,0.000,196.000,109.000,0.316667,0.294444,-0.901679,72.198,84.287,140.522,4753.0
Victor_9_puntos_intento_1.mp4,1994,16616.667,True,139.000,162.000,0.000,196.000,109.000,0.316667,0.294444,-0.901679,72.651,84.420,140.192,4772.5
Victor_9_puntos_intento_1.mp4,1995,16625.000,True,139.000,162.000,0.000,196.000,109.000,0.316667,0.294444,-0.901679,72.984,83.813,139.678,4769.0
Victor_9_puntos_intento_1.mp4,1996,16633.333,True,139.000,162.000,0.000,196.000,109.000,0.316667,0.294444,-0.901679,72.431,83.927,138.863,4758.5
Victor_9_puntos_intento_1.mp4,1997,16641.667,True,139.000,162.000,0.000,195.000,109.000,0.311111,0.294444,-0.903611,73.344,84.085,140.121,4778.5
Victor_9_puntos_intento_1.mp4,1998,16650.000,True,139.000,162.000,0.000,196.000,110.000,0.316667,0.288889,-0.903474,73.527,84.246,139.756,4789.5
Victor_9_puntos_intento_1.mp4,1999,16658.333,True,139.000,162.000,0.000,196.000,109.000,0.316667,0.294444,-0.901679,72.918,84.296,137.908,4790.5
Victor_9_puntos_intento_1.mp4,2000,16666.667,True,139.000,162.000,0.000,196.000,110.000,0.316667,0.288889,-0.903474,73.433,84.670,139.233,4820.5
Victor_9_puntos_intento_1.mp4,2001,16675.000,True,139.000,162.000,0.000,196.000,110.000,0.316667,0.288889,-0.903474,73.388,84.664,139.307,4800.5
Victor_9_puntos_intento_1.mp4,2002,16683.333,True,139.000,162.000,0.000,196.000,110.000,0.316667,0.288889,-0.903474,73.186,85.348,137.616,4838.0
Victor_9_puntos_intento_1.mp4,2003,16691.667,True,139.000,162.000,0.000,196.000,110.000,0.316667,0.288889,-0.903474,73.250,84.973,138.420,4842.5
Victor_9_puntos_intento_1.mp4,2004,16700.000,True,139.000,162.000,0.000,196.000,110.000,0.316667,0.288889,-0.903474,74.267,84.664,140.016,4867.0
Victor_9_puntos_intento_1.mp4,2005,16708.333,True,139.000,162.000,0.000,196.000,110.000,0.316667,0.288889,-0.903474,74.073,85.071,140.542,4846.5
Victor_9_puntos_intento_1.mp4,2006,16716.667,True,139.000,162.000,0.000,196.000,110.000,0.316667,0.288889,-0.903474,73.600,85.351,140.794,4864.5
Victor_9_puntos_intento_1.mp4,2007,16725.000,True,139.000,162.000,0.000,196.000,110.000,0.316667,0.288889,-0.903474,73.659,85.265,139.551,4868.0
Victor_9_puntos_intento_1.mp4,2008,16733.333,True,139.000,162.000,0.000,196.000,109.000,0.316667,0.294444,-0.901679,73.369,85.710,138.886,4899.5
Victor_9_puntos_intento_1.mp4,2009,16741.667,True,139.000,162.000,0.000,196.000,109.000,0.316667,0.294444,-0.901679,73.618,84.902,139.561,4878.0
Victor_9_puntos_intento_1.mp4,2010,16750.000,True,139.000,162.000,0.000,196.000,109.000,0.316667,0.294444,-0.901679,73.308,84.977,140.023,4847.5
Victor_9_puntos_intento_1.mp4,2011,16758.333,True,139.000,162.000,0.000,195.000,109.000,0.311111,0.294444,-0.903611,74.060,84.946,140.512,4880.0
Victor_9_puntos_intento_1.mp4,2012,16766.667,True,139.000,162.000,0.000,195.000,109.000,0.311111,0.294444,-0.903611,74.211,85.249,140.325,4918.0
Victor_9_puntos_intento_1.mp4,2013,16775.000,True,139.000,162.000,0.000,191.000,110.000,0.288889,0.288889,-0.912736,76.046,84.726,139.215,4988.5
Victor_9_puntos_intento_1.mp4,2014,16783.333,True,139.000,162.000,0.000,179.000,112.000,0.222222,0.277778,-0.934589,78.314,85.073,117.101,5098.0
Victor_9_puntos_intento_1.mp4,2015,16791.667,True,139.000,162.000,0.000,167.000,115.000,0.155556,0.261111,-0.952693,79.594,87.794,102.794,5223.0
Victor_9_puntos_intento_1.mp4,2016,16800.000,True,139.000,162.000,0.000,156.000,117.000,0.094444,0.250000,-0.963629,78.983,88.858,111.460,5187.0
Victor_9_puntos_intento_1.mp4,2017,16808.333,True,139.000,162.000,0.000,148.000,119.000,0.050000,0.238889,-0.969759,77.157,91.380,107.386,5137.5
Victor_9_puntos_intento_1.mp4,2018,16816.667,True,139.000,162.000,0.000,144.000,120.000,0.027778,0.233333,-0.972000,78.202,91.015,110.172,5083.0
Victor_9_puntos_intento_1.mp4,2019,16825.000,True,139.000,162.000,0.000,144.000,120.000,0.027778,0.233333,-0.972000,78.786,89.680,112.787,5104.5
Victor_9_puntos_intento_1.mp4,2020,16833.333,True,139.000,162.000,0.000,144.000,120.000,0.027778,0.233333,-0.972000,77.834,90.841,112.145,5097.5
Victor_9_puntos_intento_1.mp4,2021,16841.667,True,139.000,162.000,0.000,144.000,120.000,0.027778,0.233333,-0.972000,78.141,90.314,113.683,5100.0
Victor_9_puntos_intento_1.mp4,2022,16850.000,True,139.000,162.000,0.000,144.000,120.000,0.027778,0.233333,-0.972000,78.472,89.439,111.767,5131.0
Victor_9_puntos_intento_1.mp4,2023,16858.333,True,139.000,162.000,0.000,145.000,120.000,0.033333,0.233333,-0.971825,78.209,90.644,112.764,5117.0
Victor_9_puntos_intento_1.mp4,2024,16866.667,True,139.000,162.000,0.000,145.000,120.000,0.033333,0.233333,-0.971825,77.551,91.891,111.261,5147.5
Victor_9_puntos_intento_1.mp4,2025,16875.000,True,139.000,162.000,0.000,144.000,120.000,0.027778,0.233333,-0.972000,78.474,91.112,108.910,5127.0
Victor_9_puntos_intento_1.mp4,2026,16883.333,True,139.000,162.000,0.000,144.000,119.000,0.027778,0.238889,-0.970650,78.202,90.692,109.081,5149.5
Victor_9_puntos_intento_1.mp4,2027,16891.667,True,139.000,162.000,0.000,144.000,120.000,0.027778,0.233333,-0.972000,78.747,91.238,109.375,5151.0
Victor_9_puntos_intento_1.mp4,2028,16900.000,True,139.000,162.000,0.000,144.000,120.000,0.027778,0.233333,-0.972000,78.686,91.742,110.846,5173.0
Victor_9_puntos_intento_1.mp4,2029,16908.333,True,139.000,162.000,0.000,144.000,120.000,0.027778,0.233333,-0.972000,77.964,92.156,108.941,5203.0
Victor_9_puntos_intento_1.mp4,2030,16916.667,True,139.000,162.000,0.000,144.000,119.000,0.027778,0.238889,-0.970650,78.691,91.624,108.320,5220.5
Victor_9_puntos_intento_1.mp4,2031,16925.000,True,139.000,162.000,0.000,144.000,119.000,0.027778,0.238889,-0.970650,77.839,91.260,107.178,5187.0
Victor_9_puntos_intento_1.mp4,2032,16933.333,True,139.000,162.000,0.000,144.000,119.000,0.027778,0.238889,-0.970650,78.132,91.358,110.024,5221.0
Victor_9_puntos_intento_1.mp4,2033,16941.667,True,139.000,162.000,0.000,144.000,119.000,0.027778,0.238889,-0.970650,77.574,92.586,106.443,5199.0
Victor_9_puntos_intento_1.mp4,2034,16950.000,True,139.000,162.000,0.000,144.000,119.000,0.027778,0.238889,-0.970650,79.749,91.932,109.185,5250.5
Victor_9_puntos_intento_1.mp4,2035,16958.333,True,139.000,162.000,0.000,144.000,119.000,0.027778,0.238889,-0.970650,79.171,91.556,111.038,5232.5
Victor_9_puntos_intento_1.mp4,2036,16966.667,True,139.000,162.000,0.000,144.000,119.000,0.027778,0.238889,-0.970650,78.772,92.142,107.373,5243.0
Victor_9_puntos_intento_1.mp4,2037,16975.000,True,139.000,162.000,0.000,144.000,119.000,0.027778,0.238889,-0.970650,79.017,90.994,111.273,5211.0
Victor_9_puntos_intento_1.mp4,2038,16983.333,True,139.000,162.000,0.000,144.000,119.000,0.027778,0.238889,-0.970650,78.599,92.076,110.439,5226.0
Victor_9_puntos_intento_1.mp4,2039,16991.667,True,139.000,162.000,0.000,144.000,119.000,0.027778,0.238889,-0.970650,79.039,91.500,109.283,5236.5
Victor_9_puntos_intento_1.mp4,2040,17000.000,True,139.000,162.000,0.000,144.000,119.000,0.027778,0.238889,-0.970650,77.975,92.443,106.647,5256.5
Victor_9_puntos_intento_1.mp4,2041,17008.333,True,139.000,162.000,0.000,144.000,119.000,0.027778,0.238889,-0.970650,78.394,92.448,107.420,5253.5
Victor_9_puntos_intento_1.mp4,2042,17016.667,True,139.000,162.000,0.000,144.000,119.000,0.027778,0.238889,-0.970650,79.121,92.742,108.839,5275.0
Victor_9_puntos_intento_1.mp4,2043,17025.000,True,139.000,162.000,0.000,144.000,119.000,0.027778,0.238889,-0.970650,78.469,92.746,110.039,5253.5
Victor_9_puntos_intento_1.mp4,2044,17033.333,True,139.000,162.000,0.000,144.000,119.000,0.027778,0.238889,-0.970650,79.283,92.433,112.033,5289.5
Victor_9_puntos_intento_1.mp4,2045,17041.667,True,139.000,162.000,0.000,144.000,119.000,0.027778,0.238889,-0.970650,78.745,91.864,111.033,5279.0
Victor_9_puntos_intento_1.mp4,2046,17050.000,True,139.000,162.000,0.000,144.000,120.000,0.027778,0.233333,-0.972000,79.752,92.072,112.393,5296.5
Victor_9_puntos_intento_1.mp4,2047,17058.333,True,139.000,162.000,0.000,144.000,119.000,0.027778,0.238889,-0.970650,79.381,92.065,108.817,5297.0
Victor_9_puntos_intento_1.mp4,2048,17066.667,True,139.000,162.000,0.000,144.000,119.000,0.027778,0.238889,-0.970650,78.665,92.891,107.929,5312.0
Victor_9_puntos_intento_1.mp4,2049,17075.000,True,139.000,162.000,0.000,144.000,119.000,0.027778,0.238889,-0.970650,78.550,91.826,105.430,5266.0
Victor_9_puntos_intento_1.mp4,2050,17083.333,True,139.000,162.000,0.000,144.000,119.000,0.027778,0.238889,-0.970650,79.496,92.903,108.645,5323.5
Victor_9_puntos_intento_1.mp4,2051,17091.667,True,139.000,162.000,0.000,144.000,119.000,0.027778,0.238889,-0.970650,79.123,93.178,110.304,5287.0
Victor_9_puntos_intento_1.mp4,2052,17100.000,True,139.000,162.000,0.000,144.000,119.000,0.027778,0.238889,-0.970650,78.304,93.094,107.423,5299.0
Victor_9_puntos_intento_1.mp4,2053,17108.333,True,139.000,162.000,0.000,145.000,119.000,0.033333,0.238889,-0.970475,77.572,93.990,109.946,5301.5
Victor_9_puntos_intento_1.mp4,2054,17116.667,True,139.000,162.000,0.000,145.000,118.000,0.033333,0.244444,-0.969090,78.501,93.537,108.396,5334.5
Victor_9_puntos_intento_1.mp4,2055,17125.000,True,139.000,162.000,0.000,146.000,118.000,0.038889,0.244444,-0.968883,78.916,92.445,111.600,5369.0
Victor_9_puntos_intento_1.mp4,2056,17133.333,True,139.000,162.000,0.000,145.000,117.000,0.033333,0.250000,-0.967672,77.878,93.061,108.136,5327.0
Victor_9_puntos_intento_1.mp4,2057,17141.667,True,139.000,162.000,0.000,145.000,118.000,0.033333,0.244444,-0.969090,78.827,92.426,107.374,5328.0
Victor_9_puntos_intento_1.mp4,2058,17150.000,True,139.000,162.000,0.000,145.000,117.000,0.033333,0.250000,-0.967672,78.850,92.051,108.597,5315.0
Victor_9_puntos_intento_1.mp4,2059,17158.333,True,139.000,162.000,0.000,145.000,117.000,0.033333,0.250000,-0.967672,79.323,91.610,111.234,5322.0
Victor_9_puntos_intento_1.mp4,2060,17166.667,True,139.000,162.000,0.000,146.000,117.000,0.038889,0.250000,-0.967465,78.019,94.337,109.387,5315.5
Victor_9_puntos_intento_1.mp4,2061,17175.000,True,139.000,162.000,0.000,146.000,117.000,0.038889,0.250000,-0.967465,77.877,92.365,108.403,5285.0
Victor_9_puntos_intento_1.mp4,2062,17183.333,True,139.000,162.000,0.000,146.000,118.000,0.038889,0.244444,-0.968883,78.553,93.057,110.688,5314.5
Victor_9_puntos_intento_1.mp4,2063,17191.667,True,139.000,162.000,0.000,146.000,117.000,0.038889,0.250000,-0.967465,78.734,92.381,108.657,5314.5
Victor_9_puntos_intento_1.mp4,2064,17200.000,True,139.000,162.000,0.000,146.000,117.000,0.038889,0.250000,-0.967465,79.084,91.846,108.748,5326.5
Victor_9_puntos_intento_1.mp4,2065,17208.333,True,139.000,162.000,0.000,146.000,117.000,0.038889,0.250000,-0.967465,78.823,93.245,108.810,5315.5
Victor_9_puntos_intento_1.mp4,2066,17216.667,True,139.000,162.000,0.000,146.000,117.000,0.038889,0.250000,-0.967465,78.696,92.699,108.208,5318.0
Victor_9_puntos_intento_1.mp4,2067,17225.000,True,139.000,162.000,0.000,146.000,117.000,0.038889,0.250000,-0.967465,78.827,92.523,108.085,5303.5
Victor_9_puntos_intento_1.mp4,2068,17233.333,True,139.000,162.000,0.000,146.000,117.000,0.038889,0.250000,-0.967465,79.855,94.481,108.959,5463.5
Victor_9_puntos_intento_1.mp4,2069,17241.667,True,139.000,162.000,0.000,146.000,117.000,0.038889,0.250000,-0.967465,80.107,94.557,108.296,5460.0
Victor_9_puntos_intento_1.mp4,2070,17250.000,True,139.000,162.000,0.000,146.000,117.000,0.038889,0.250000,-0.967465,79.389,94.179,105.854,5475.0
Victor_9_puntos_intento_1.mp4,2071,17258.333,True,139.000,162.000,0.000,146.000,117.000,0.038889,0.250000,-0.967465,79.111,94.714,106.586,5437.5
Victor_9_puntos_intento_1.mp4,2072,17266.667,True,139.000,162.000,0.000,146.000,117.000,0.038889,0.250000,-0.967465,78.531,94.695,105.874,5436.5
Victor_9_puntos_intento_1.mp4,2073,17275.000,True,139.000,162.000,0.000,146.000,118.000,0.038889,0.244444,-0.968883,80.993,93.532,110.598,5412.0
Victor_9_puntos_intento_1.mp4,2074,17283.333,True,139.000,162.000,0.000,145.000,117.000,0.033333,0.250000,-0.967672,78.527,94.713,105.239,5430.5
Victor_9_puntos_intento_1.mp4,2075,17291.667,True,139.000,162.000,0.000,146.000,117.000,0.038889,0.250000,-0.967465,79.172,93.712,104.888,5379.5
Victor_9_puntos_intento_1.mp4,2076,17300.000,True,139.000,162.000,0.000,145.000,117.000,0.033333,0.250000,-0.967672,80.552,92.943,107.623,5473.0
Victor_9_puntos_intento_1.mp4,2077,17308.333,True,139.000,162.000,0.000,146.000,118.000,0.038889,0.244444,-0.968883,79.675,92.513,110.074,5343.5
Victor_9_puntos_intento_1.mp4,2078,17316.667,True,139.000,162.000,0.000,146.000,117.000,0.038889,0.250000,-0.967465,78.722,94.226,108.507,5352.0
Victor_9_puntos_intento_1.mp4,2079,17325.000,True,139.000,162.000,0.000,146.000,117.000,0.038889,0.250000,-0.967465,79.396,93.618,108.484,5367.0
Victor_9_puntos_intento_1.mp4,2080,17333.333,True,139.000,162.000,0.000,146.000,117.000,0.038889,0.250000,-0.967465,79.510,92.653,107.730,5343.5
Victor_9_puntos_intento_1.mp4,2081,17341.667,True,139.000,162.000,0.000,146.000,117.000,0.038889,0.250000,-0.967465,79.768,91.594,106.142,5327.5
Victor_9_puntos_intento_1.mp4,2082,17350.000,True,139.000,162.000,0.000,146.000,117.000,0.038889,0.250000,-0.967465,79.881,91.577,109.180,5323.5
Victor_9_puntos_intento_1.mp4,2083,17358.333,True,139.000,162.000,0.000,146.000,117.000,0.038889,0.250000,-0.967465,77.729,92.660,110.467,5299.5
Victor_9_puntos_intento_1.mp4,2084,17366.667,True,139.000,162.000,0.000,146.000,117.000,0.038889,0.250000,-0.967465,78.233,91.771,107.879,5270.5
Victor_9_puntos_intento_1.mp4,2085,17375.000,True,139.000,162.000,0.000,146.000,116.000,0.038889,0.255556,-0.966012,76.640,92.516,106.905,5256.5
Victor_9_puntos_intento_1.mp4,2086,17383.333,True,139.000,162.000,0.000,146.000,117.000,0.038889,0.250000,-0.967465,78.298,92.035,106.895,5300.5
Victor_9_puntos_intento_1.mp4,2087,17391.667,True,139.000,162.000,0.000,146.000,117.000,0.038889,0.250000,-0.967465,77.952,91.884,109.211,5258.5
Victor_9_puntos_intento_1.mp4,2088,17400.000,True,139.000,162.000,0.000,146.000,117.000,0.038889,0.250000,-0.967465,78.215,91.654,109.260,5263.0
Victor_9_puntos_intento_1.mp4,2089,17408.333,True,139.000,162.000,0.000,146.000,117.000,0.038889,0.250000,-0.967465,76.912,92.726,107.234,5205.0
Victor_9_puntos_intento_1.mp4,2090,17416.667,True,139.000,162.000,0.000,146.000,117.000,0.038889,0.250000,-0.967465,79.371,91.621,109.062,5248.5
Victor_9_puntos_intento_1.mp4,2091,17425.000,True,139.000,162.000,0.000,146.000,117.000,0.038889,0.250000,-0.967465,77.580,91.754,107.774,5198.0
Victor_9_puntos_intento_1.mp4,2092,17433.333,True,139.000,162.000,0.000,146.000,117.000,0.038889,0.250000,-0.967465,78.497,91.672,109.070,5196.5
Victor_9_puntos_intento_1.mp4,2093,17441.667,True,139.000,162.000,0.000,146.000,116.000,0.038889,0.255556,-0.966012,76.378,92.090,108.094,5171.0
Victor_9_puntos_intento_1.mp4,2094,17450.000,True,139.000,162.000,0.000,146.000,118.000,0.038889,0.244444,-0.968883,79.280,90.576,106.770,5175.0
Victor_9_puntos_intento_1.mp4,2095,17458.333,True,139.000,162.000,0.000,146.000,117.000,0.038889,0.250000,-0.967465,78.018,91.590,109.026,5187.5
Victor_9_puntos_intento_1.mp4,2096,17466.667,True,139.000,162.000,0.000,146.000,117.000,0.038889,0.250000,-0.967465,78.285,91.383,107.585,5155.0
Victor_9_puntos_intento_1.mp4,2097,17475.000,True,139.000,162.000,0.000,146.000,117.000,0.038889,0.250000,-0.967465,77.750,90.636,108.940,5149.0
Victor_9_puntos_intento_1.mp4,2098,17483.333,True,139.000,162.000,0.000,146.000,118.000,0.038889,0.244444,-0.968883,78.538,91.302,108.838,5147.0
Victor_9_puntos_intento_1.mp4,2099,17491.667,True,139.000,162.000,0.000,146.000,118.000,0.038889,0.244444,-0.968883,78.209,91.101,107.308,5119.0
Victor_9_puntos_intento_1.mp4,2100,17500.000,True,139.000,162.000,0.000,146.000,118.000,0.038889,0.244444,-0.968883,78.548,89.795,109.000,5118.0
Victor_9_puntos_intento_1.mp4,2101,17508.333,True,139.000,162.000,0.000,146.000,117.000,0.038889,0.250000,-0.967465,77.473,91.282,109.482,5087.0
Victor_9_puntos_intento_1.mp4,2102,17516.667,True,139.000,162.000,0.000,146.000,117.000,0.038889,0.250000,-0.967465,77.207,91.509,106.913,5120.0
Victor_9_puntos_intento_1.mp4,2103,17525.000,True,139.000,162.000,0.000,147.000,117.000,0.044444,0.250000,-0.967225,77.063,90.853,109.148,5107.5
Victor_9_puntos_intento_1.mp4,2104,17533.333,True,139.000,162.000,0.000,146.000,117.000,0.038889,0.250000,-0.967465,78.348,90.004,108.840,5113.5
Victor_9_puntos_intento_1.mp4,2105,17541.667,True,139.000,162.000,0.000,146.000,117.000,0.038889,0.250000,-0.967465,77.694,89.935,107.994,5083.5
Victor_9_puntos_intento_1.mp4,2106,17550.000,True,139.000,162.000,0.000,146.000,117.000,0.038889,0.250000,-0.967465,77.338,90.163,105.747,5085.0
Victor_9_puntos_intento_1.mp4,2107,17558.333,True,139.000,162.000,0.000,146.000,118.000,0.038889,0.244444,-0.968883,77.635,89.821,109.467,5060.5
Victor_9_puntos_intento_1.mp4,2108,17566.667,True,139.000,162.000,0.000,146.000,117.000,0.038889,0.250000,-0.967465,76.946,90.034,107.663,5062.5
Victor_9_puntos_intento_1.mp4,2109,17575.000,True,139.000,162.000,0.000,146.000,117.000,0.038889,0.250000,-0.967465,77.630,89.037,103.984,5057.5
Victor_9_puntos_intento_1.mp4,2110,17583.333,True,139.000,162.000,0.000,146.000,117.000,0.038889,0.250000,-0.967465,76.972,88.709,105.038,5030.5
Victor_9_puntos_intento_1.mp4,2111,17591.667,True,139.000,162.000,0.000,146.000,117.000,0.038889,0.250000,-0.967465,76.369,89.230,105.296,5007.5
Victor_9_puntos_intento_1.mp4,2112,17600.000,True,139.000,162.000,0.000,146.000,117.000,0.038889,0.250000,-0.967465,77.574,88.207,102.721,5004.0
Victor_9_puntos_intento_1.mp4,2113,17608.333,True,139.000,162.000,0.000,146.000,117.000,0.038889,0.250000,-0.967465,76.885,89.079,106.647,5021.0
Victor_9_puntos_intento_1.mp4,2114,17616.667,True,139.000,162.000,0.000,146.000,117.000,0.038889,0.250000,-0.967465,76.431,90.505,107.307,5026.5
Victor_9_puntos_intento_1.mp4,2115,17625.000,True,139.000,162.000,0.000,146.000,117.000,0.038889,0.250000,-0.967465,76.468,89.384,104.954,5003.0
Victor_9_puntos_intento_1.mp4,2116,17633.333,True,139.000,162.000,0.000,146.000,117.000,0.038889,0.250000,-0.967465,75.802,89.523,106.611,4971.0
Victor_9_puntos_intento_1.mp4,2117,17641.667,True,139.000,162.000,0.000,145.000,117.000,0.033333,0.250000,-0.967672,76.268,88.956,101.574,4944.5
Victor_9_puntos_intento_1.mp4,2118,17650.000,True,139.000,162.000,0.000,144.000,118.000,0.027778,0.244444,-0.969265,75.384,89.733,103.931,4944.0
Victor_9_puntos_intento_1.mp4,2119,17658.333,True,139.000,162.000,0.000,146.000,118.000,0.038889,0.244444,-0.968883,76.563,88.281,107.043,4932.5
Victor_9_puntos_intento_1.mp4,2120,17666.667,True,139.000,162.000,0.000,146.000,118.000,0.038889,0.244444,-0.968883,75.858,88.863,104.108,4943.5
Victor_9_puntos_intento_1.mp4,2121,17675.000,True,139.000,162.000,0.000,146.000,117.000,0.038889,0.250000,-0.967465,76.019,87.379,101.584,4902.0
Victor_9_puntos_intento_1.mp4,2122,17683.333,True,139.000,162.000,0.000,145.000,117.000,0.033333,0.250000,-0.967672,75.591,88.148,103.537,4915.5
Victor_9_puntos_intento_1.mp4,2123,17691.667,True,139.000,162.000,0.000,146.000,117.000,0.038889,0.250000,-0.967465,75.737,88.317,103.509,4889.5
Victor_9_puntos_intento_1.mp4,2124,17700.000,True,139.000,162.000,0.000,146.000,117.000,0.038889,0.250000,-0.967465,76.489,87.629,101.111,4908.0
Victor_9_puntos_intento_1.mp4,2125,17708.333,True,139.000,162.000,0.000,146.000,117.000,0.038889,0.250000,-0.967465,76.423,88.210,103.557,4928.0
Victor_9_puntos_intento_1.mp4,2126,17716.667,True,139.000,162.000,0.000,145.000,117.000,0.033333,0.250000,-0.967672,77.236,87.302,103.378,4903.0
Victor_9_puntos_intento_1.mp4,2127,17725.000,True,139.000,162.000,0.000,145.000,116.000,0.033333,0.255556,-0.966220,76.081,86.786,102.057,4881.0
Victor_9_puntos_intento_1.mp4,2128,17733.333,True,139.000,162.000,0.000,146.000,117.000,0.038889,0.250000,-0.967465,76.110,87.324,104.076,4899.0
Victor_9_puntos_intento_1.mp4,2129,17741.667,True,139.000,162.000,0.000,145.000,116.000,0.033333,0.255556,-0.966220,75.135,87.355,101.209,4881.0
Victor_9_puntos_intento_1.mp4,2130,17750.000,True,139.000,162.000,0.000,145.000,117.000,0.033333,0.250000,-0.967672,76.887,86.453,99.783,4857.5
Victor_9_puntos_intento_1.mp4,2131,17758.333,True,139.000,162.000,0.000,146.000,117.000,0.038889,0.250000,-0.967465,75.725,86.528,101.026,4874.5
Victor_9_puntos_intento_1.mp4,2132,17766.667,True,139.000,162.000,0.000,146.000,117.000,0.038889,0.250000,-0.967465,75.774,87.140,100.545,4872.5
Victor_9_puntos_intento_1.mp4,2133,17775.000,True,139.000,162.000,0.000,146.000,117.000,0.038889,0.250000,-0.967465,76.186,86.383,102.049,4854.0
Victor_9_puntos_intento_1.mp4,2134,17783.333,True,139.000,162.000,0.000,146.000,117.000,0.038889,0.250000,-0.967465,76.792,85.890,102.608,4851.0
Victor_9_puntos_intento_1.mp4,2135,17791.667,True,139.000,162.000,0.000,146.000,117.000,0.038889,0.250000,-0.967465,76.116,86.084,103.799,4834.5
Victor_9_puntos_intento_1.mp4,2136,17800.000,True,139.000,162.000,0.000,145.000,117.000,0.033333,0.250000,-0.967672,75.357,87.245,107.800,4835.5
Victor_9_puntos_intento_1.mp4,2137,17808.333,True,139.000,162.000,0.000,146.000,117.000,0.038889,0.250000,-0.967465,75.606,86.964,102.034,4821.5
Victor_9_puntos_intento_1.mp4,2138,17816.667,True,139.000,162.000,0.000,146.000,117.000,0.038889,0.250000,-0.967465,76.518,86.223,103.139,4833.5
Victor_9_puntos_intento_1.mp4,2139,17825.000,True,139.000,162.000,0.000,145.000,117.000,0.033333,0.250000,-0.967672,76.389,87.278,100.843,4847.0
Victor_9_puntos_intento_1.mp4,2140,17833.333,True,139.000,162.000,0.000,146.000,117.000,0.038889,0.250000,-0.967465,76.166,87.048,103.157,4844.5
Victor_9_puntos_intento_1.mp4,2141,17841.667,True,139.000,162.000,0.000,145.000,118.000,0.033333,0.244444,-0.969090,76.627,86.725,102.771,4829.0
Victor_9_puntos_intento_1.mp4,2142,17850.000,True,139.000,162.000,0.000,145.000,117.000,0.033333,0.250000,-0.967672,76.700,86.168,101.844,4832.5
Victor_9_puntos_intento_1.mp4,2143,17858.333,True,139.000,162.000,0.000,145.000,117.000,0.033333,0.250000,-0.967672,76.631,86.105,102.508,4838.0
Victor_9_puntos_intento_1.mp4,2144,17866.667,True,139.000,162.000,0.000,145.000,117.000,0.033333,0.250000,-0.967672,76.265,86.220,101.569,4844.5
Victor_9_puntos_intento_1.mp4,2145,17875.000,True,139.000,162.000,0.000,145.000,117.000,0.033333,0.250000,-0.967672,75.617,86.330,101.470,4808.0
Victor_9_puntos_intento_1.mp4,2146,17883.333,True,139.000,162.000,0.000,145.000,117.000,0.033333,0.250000,-0.967672,76.223,86.473,102.563,4845.5
Victor_9_puntos_intento_1.mp4,2147,17891.667,True,139.000,162.000,0.000,145.000,117.000,0.033333,0.250000,-0.967672,76.109,86.810,102.438,4844.0
Victor_9_puntos_intento_1.mp4,2148,17900.000,True,139.000,162.000,0.000,145.000,118.000,0.033333,0.244444,-0.969090,76.886,86.801,104.741,4874.5
Victor_9_puntos_intento_1.mp4,2149,17908.333,True,139.000,162.000,0.000,145.000,118.000,0.033333,0.244444,-0.969090,76.271,85.995,98.921,4813.0
Victor_9_puntos_intento_1.mp4,2150,17916.667,True,139.000,162.000,0.000,145.000,117.000,0.033333,0.250000,-0.967672,75.919,86.580,101.590,4841.5
Victor_9_puntos_intento_1.mp4,2151,17925.000,True,139.000,162.000,0.000,145.000,118.000,0.033333,0.244444,-0.969090,76.300,86.973,102.811,4843.5
Victor_9_puntos_intento_1.mp4,2152,17933.333,True,139.000,162.000,0.000,146.000,117.000,0.038889,0.250000,-0.967465,75.201,88.244,104.030,4864.0
Victor_9_puntos_intento_1.mp4,2153,17941.667,True,139.000,162.000,0.000,145.000,118.000,0.033333,0.244444,-0.969090,77.074,86.681,103.563,4863.0
Victor_9_puntos_intento_1.mp4,2154,17950.000,True,139.000,162.000,0.000,145.000,117.000,0.033333,0.250000,-0.967672,76.452,87.096,106.536,4885.0
Victor_9_puntos_intento_1.mp4,2155,17958.333,True,139.000,162.000,0.000,146.000,117.000,0.038889,0.250000,-0.967465,76.472,86.939,103.217,4853.5
Victor_9_puntos_intento_1.mp4,2156,17966.667,True,139.000,162.000,0.000,146.000,117.000,0.038889,0.250000,-0.967465,77.158,86.075,104.959,4862.0
Victor_9_puntos_intento_1.mp4,2157,17975.000,True,139.000,162.000,0.000,145.000,117.000,0.033333,0.250000,-0.967672,76.867,87.320,101.795,4860.5
Victor_9_puntos_intento_1.mp4,2158,17983.333,True,139.000,162.000,0.000,145.000,117.000,0.033333,0.250000,-0.967672,76.235,87.971,104.606,4898.5
Victor_9_puntos_intento_1.mp4,2159,17991.667,True,139.000,162.000,0.000,146.000,117.000,0.038889,0.250000,-0.967465,76.324,88.081,104.777,4915.0
Victor_9_puntos_intento_1.mp4,2160,18000.000,True,139.000,162.000,0.000,146.000,117.000,0.038889,0.250000,-0.967465,76.955,87.703,103.663,4911.0
Victor_9_puntos_intento_1.mp4,2161,18008.333,True,139.000,162.000,0.000,146.000,118.000,0.038889,0.244444,-0.968883,77.511,86.751,101.388,4901.5
Victor_9_puntos_intento_1.mp4,2162,18016.667,True,139.000,162.000,0.000,146.000,117.000,0.038889,0.250000,-0.967465,77.752,86.663,102.235,4912.5
Victor_9_puntos_intento_1.mp4,2163,18025.000,True,139.000,162.000,0.000,146.000,117.000,0.038889,0.250000,-0.967465,76.037,87.718,98.901,4911.0
Victor_9_puntos_intento_1.mp4,2164,18033.333,True,139.000,162.000,0.000,146.000,117.000,0.038889,0.250000,-0.967465,76.289,87.278,99.961,4889.5
Victor_9_puntos_intento_1.mp4,2165,18041.667,True,139.000,162.000,0.000,145.000,118.000,0.033333,0.244444,-0.969090,78.026,86.466,98.916,4897.5
Victor_9_puntos_intento_1.mp4,2166,18050.000,True,139.000,162.000,0.000,146.000,117.000,0.038889,0.250000,-0.967465,75.938,88.187,99.648,4917.5
Victor_9_puntos_intento_1.mp4,2167,18058.333,True,139.000,162.000,0.000,146.000,117.000,0.038889,0.250000,-0.967465,76.247,88.317,101.216,4933.0
Victor_9_puntos_intento_1.mp4,2168,18066.667,True,139.000,162.000,0.000,146.000,118.000,0.038889,0.244444,-0.968883,77.689,87.739,100.908,4936.5
Victor_9_puntos_intento_1.mp4,2169,18075.000,True,139.000,162.000,0.000,146.000,117.000,0.038889,0.250000,-0.967465,76.373,87.863,103.787,4906.0
Victor_9_puntos_intento_1.mp4,2170,18083.333,True,139.000,162.000,0.000,146.000,118.000,0.038889,0.244444,-0.968883,77.684,87.571,103.006,4910.5
Victor_9_puntos_intento_1.mp4,2171,18091.667,True,139.000,162.000,0.000,146.000,118.000,0.038889,0.244444,-0.968883,78.100,87.441,100.694,4903.5
Victor_9_puntos_intento_1.mp4,2172,18100.000,True,139.000,162.000,0.000,146.000,118.000,0.038889,0.244444,-0.968883,77.111,87.894,102.612,4946.0
Victor_9_puntos_intento_1.mp4,2173,18108.333,True,139.000,162.000,0.000,146.000,117.000,0.038889,0.250000,-0.967465,76.420,88.306,101.667,4953.5
Victor_9_puntos_intento_1.mp4,2174,18116.667,True,139.000,162.000,0.000,145.000,117.000,0.033333,0.250000,-0.967672,77.207,87.568,99.923,4951.5
Victor_9_puntos_intento_1.mp4,2175,18125.000,True,139.000,162.000,0.000,146.000,117.000,0.038889,0.250000,-0.967465,76.988,88.476,101.387,4999.0
Victor_9_puntos_intento_1.mp4,2176,18133.333,True,139.000,162.000,0.000,146.000,117.000,0.038889,0.250000,-0.967465,77.455,88.082,105.150,5012.5
Victor_9_puntos_intento_1.mp4,2177,18141.667,True,139.000,162.000,0.000,146.000,117.000,0.038889,0.250000,-0.967465,76.966,89.373,104.611,5001.0
Victor_9_puntos_intento_1.mp4,2178,18150.000,True,139.000,162.000,0.000,146.000,117.000,0.038889,0.250000,-0.967465,76.436,89.011,103.229,4985.0
Victor_9_puntos_intento_1.mp4,2179,18158.333,True,139.000,162.000,0.000,146.000,116.000,0.038889,0.255556,-0.966012,75.966,88.988,100.740,5019.0
Victor_9_puntos_intento_1.mp4,2180,18166.667,True,139.000,162.000,0.000,145.000,117.000,0.033333,0.250000,-0.967672,77.248,87.879,101.106,5007.5
Victor_9_puntos_intento_1.mp4,2181,18175.000,True,139.000,162.000,0.000,145.000,117.000,0.033333,0.250000,-0.967672,77.549,87.986,100.992,5020.0
Victor_9_puntos_intento_1.mp4,2182,18183.333,True,139.000,162.000,0.000,145.000,117.000,0.033333,0.250000,-0.967672,79.020,86.844,102.289,5009.0
Victor_9_puntos_intento_1.mp4,2183,18191.667,True,139.000,162.000,0.000,145.000,117.000,0.033333,0.250000,-0.967672,77.717,87.812,103.352,4995.5
Victor_9_puntos_intento_1.mp4,2184,18200.000,True,139.000,162.000,0.000,145.000,117.000,0.033333,0.250000,-0.967672,77.331,88.953,103.512,5034.0
Victor_9_puntos_intento_1.mp4,2185,18208.333,True,139.000,162.000,0.000,146.000,117.000,0.038889,0.250000,-0.967465,76.123,89.151,106.004,4983.5
Victor_9_puntos_intento_1.mp4,2186,18216.667,True,139.000,162.000,0.000,146.000,117.000,0.038889,0.250000,-0.967465,77.708,89.415,103.768,5033.5
Victor_9_puntos_intento_1.mp4,2187,18225.000,True,139.000,162.000,0.000,145.000,117.000,0.033333,0.250000,-0.967672,78.488,88.235,107.206,5010.5
Victor_9_puntos_intento_1.mp4,2188,18233.333,True,139.000,162.000,0.000,145.000,117.000,0.033333,0.250000,-0.967672,77.697,88.696,105.396,5032.0
Victor_9_puntos_intento_1.mp4,2189,18241.667,True,139.000,162.000,0.000,145.000,117.000,0.033333,0.250000,-0.967672,77.172,89.115,103.599,5032.0
Victor_9_puntos_intento_1.mp4,2190,18250.000,True,138.000,162.000,0.000,145.000,116.000,0.038889,0.255556,-0.966012,77.764,89.706,105.989,5041.0
Victor_9_puntos_intento_1.mp4,2191,18258.333,True,138.000,162.000,0.000,145.000,117.000,0.038889,0.250000,-0.967465,79.203,87.877,105.555,4992.0
Victor_9_puntos_intento_1.mp4,2192,18266.667,True,138.000,162.000,0.000,145.000,117.000,0.038889,0.250000,-0.967465,78.081,88.823,107.278,5009.0
Victor_9_puntos_intento_1.mp4,2193,18275.000,True,138.000,162.000,0.000,145.000,116.000,0.038889,0.255556,-0.966012,77.751,88.466,105.147,4996.5
Victor_9_puntos_intento_1.mp4,2194,18283.333,True,138.000,162.000,0.000,146.000,117.000,0.044444,0.250000,-0.967225,77.811,89.181,105.596,5020.5
Victor_9_puntos_intento_1.mp4,2195,18291.667,True,138.000,162.000,0.000,145.000,117.000,0.038889,0.250000,-0.967465,78.010,88.458,105.826,5014.0
Victor_9_puntos_intento_1.mp4,2196,18300.000,True,138.000,162.000,0.000,145.000,116.000,0.038889,0.255556,-0.966012,76.524,88.639,102.957,5003.0
Victor_9_puntos_intento_1.mp4,2197,18308.333,True,138.000,162.000,0.000,145.000,117.000,0.038889,0.250000,-0.967465,78.501,87.190,101.997,4962.5
Victor_9_puntos_intento_1.mp4,2198,18316.667,True,138.000,162.000,0.000,146.000,117.000,0.044444,0.250000,-0.967225,76.579,88.603,103.407,4987.0
Victor_9_puntos_intento_1.mp4,2199,18325.000,True,138.000,162.000,0.000,145.000,117.000,0.038889,0.250000,-0.967465,77.688,88.050,104.818,4973.5
Victor_9_puntos_intento_1.mp4,2200,18333.333,True,138.000,162.000,0.000,145.000,117.000,0.038889,0.250000,-0.967465,77.734,87.817,101.397,5004.5
Victor_9_puntos_intento_1.mp4,2201,18341.667,True,138.000,162.000,0.000,146.000,117.000,0.044444,0.250000,-0.967225,77.081,87.542,103.076,4956.0
Victor_9_puntos_intento_1.mp4,2202,18350.000,True,138.000,162.000,0.000,146.000,117.000,0.044444,0.250000,-0.967225,76.691,88.027,104.885,4951.5
Victor_9_puntos_intento_1.mp4,2203,18358.333,True,138.000,162.000,0.000,145.000,116.000,0.038889,0.255556,-0.966012,75.907,88.181,103.987,4940.5
Victor_9_puntos_intento_1.mp4,2204,18366.667,True,138.000,162.000,0.000,145.000,117.000,0.038889,0.250000,-0.967465,77.393,87.491,105.242,4963.5
Victor_9_puntos_intento_1.mp4,2205,18375.000,True,138.000,162.000,0.000,145.000,117.000,0.038889,0.250000,-0.967465,77.544,86.590,96.982,4919.5
Victor_9_puntos_intento_1.mp4,2206,18383.333,True,138.000,162.000,0.000,146.000,116.000,0.044444,0.255556,-0.965772,76.793,86.549,103.245,4929.0
Victor_9_puntos_intento_1.mp4,2207,18391.667,True,138.000,162.000,0.000,146.000,118.000,0.044444,0.244444,-0.968644,77.468,86.344,107.559,4875.5
Victor_9_puntos_intento_1.mp4,2208,18400.000,True,138.000,162.000,0.000,146.000,117.000,0.044444,0.250000,-0.967225,77.500,87.076,101.871,4919.5
Victor_9_puntos_intento_1.mp4,2209,18408.333,True,138.000,162.000,0.000,146.000,117.000,0.044444,0.250000,-0.967225,76.313,87.620,99.524,4911.0
Victor_9_puntos_intento_1.mp4,2210,18416.667,True,138.000,162.000,0.000,146.000,117.000,0.044444,0.250000,-0.967225,76.557,86.841,102.268,4898.0
Victor_9_puntos_intento_1.mp4,2211,18425.000,True,138.000,162.000,0.000,146.000,117.000,0.044444,0.250000,-0.967225,76.161,87.463,99.692,4837.0
Victor_9_puntos_intento_1.mp4,2212,18433.333,True,138.000,162.000,0.000,146.000,117.000,0.044444,0.250000,-0.967225,76.676,87.054,100.672,4860.5
Victor_9_puntos_intento_1.mp4,2213,18441.667,True,138.000,162.000,0.000,146.000,117.000,0.044444,0.250000,-0.967225,75.949,87.013,102.829,4855.5
Victor_9_puntos_intento_1.mp4,2214,18450.000,True,138.000,162.000,0.000,146.000,117.000,0.044444,0.250000,-0.967225,75.809,86.682,106.516,4820.0
Victor_9_puntos_intento_1.mp4,2215,18458.333,True,138.000,162.000,0.000,146.000,117.000,0.044444,0.250000,-0.967225,75.117,86.921,103.534,4812.0
Victor_9_puntos_intento_1.mp4,2216,18466.667,True,138.000,162.000,0.000,146.000,117.000,0.044444,0.250000,-0.967225,76.611,86.047,104.212,4814.5
Victor_9_puntos_intento_1.mp4,2217,18475.000,True,138.000,162.000,0.000,146.000,117.000,0.044444,0.250000,-0.967225,76.297,85.615,103.615,4799.5
Victor_9_puntos_intento_1.mp4,2218,18483.333,True,138.000,162.000,0.000,146.000,117.000,0.044444,0.250000,-0.967225,75.869,85.202,100.491,4792.5
Victor_9_puntos_intento_1.mp4,2219,18491.667,True,138.000,162.000,0.000,146.000,117.000,0.044444,0.250000,-0.967225,75.691,85.590,102.742,4768.0
Victor_9_puntos_intento_1.mp4,2220,18500.000,True,138.000,162.000,0.000,146.000,117.000,0.044444,0.250000,-0.967225,75.785,85.848,105.021,4785.5
Victor_9_puntos_intento_1.mp4,2221,18508.333,True,138.000,162.000,0.000,146.000,117.000,0.044444,0.250000,-0.967225,73.680,86.066,102.619,4724.5
Victor_9_puntos_intento_1.mp4,2222,18516.667,True,138.000,162.000,0.000,146.000,117.000,0.044444,0.250000,-0.967225,75.404,84.901,101.168,4748.0
Victor_9_puntos_intento_1.mp4,2223,18525.000,True,138.000,162.000,0.000,146.000,117.000,0.044444,0.250000,-0.967225,74.536,85.168,104.166,4724.0
Victor_9_puntos_intento_1.mp4,2224,18533.333,True,138.000,162.000,0.000,146.000,117.000,0.044444,0.250000,-0.967225,76.632,84.379,107.881,4743.5
Victor_9_puntos_intento_1.mp4,2225,18541.667,True,138.000,162.000,0.000,146.000,117.000,0.044444,0.250000,-0.967225,75.313,84.864,106.152,4703.5
Victor_9_puntos_intento_1.mp4,2226,18550.000,True,138.000,162.000,0.000,146.000,118.000,0.044444,0.244444,-0.968644,76.871,84.376,104.612,4733.5
Victor_9_puntos_intento_1.mp4,2227,18558.333,True,138.000,162.000,0.000,146.000,117.000,0.044444,0.250000,-0.967225,75.636,85.341,105.654,4710.5
Victor_9_puntos_intento_1.mp4,2228,18566.667,True,138.000,162.000,0.000,146.000,117.000,0.044444,0.250000,-0.967225,75.858,84.700,98.630,4713.0
Victor_9_puntos_intento_1.mp4,2229,18575.000,True,138.000,162.000,0.000,146.000,117.000,0.044444,0.250000,-0.967225,75.783,84.539,102.940,4680.5
Victor_9_puntos_intento_1.mp4,2230,18583.333,True,138.000,162.000,0.000,146.000,116.000,0.044444,0.255556,-0.965772,74.132,85.598,103.598,4701.0
Victor_9_puntos_intento_1.mp4,2231,18591.667,True,138.000,162.000,0.000,146.000,116.000,0.044444,0.255556,-0.965772,74.251,84.506,101.952,4651.5
Victor_9_puntos_intento_1.mp4,2232,18600.000,True,138.000,162.000,0.000,146.000,116.000,0.044444,0.255556,-0.965772,75.160,84.402,100.968,4679.5
Victor_9_puntos_intento_1.mp4,2233,18608.333,True,138.000,162.000,0.000,145.000,116.000,0.038889,0.255556,-0.966012,75.706,83.891,104.719,4666.0
Victor_9_puntos_intento_1.mp4,2234,18616.667,True,138.000,162.000,0.000,145.000,117.000,0.038889,0.250000,-0.967465,74.537,84.684,104.420,4645.5
Victor_9_puntos_intento_1.mp4,2235,18625.000,True,138.000,162.000,0.000,146.000,116.000,0.044444,0.255556,-0.965772,73.520,84.953,102.927,4625.0
Victor_9_puntos_intento_1.mp4,2236,18633.333,True,138.000,162.000,0.000,145.000,116.000,0.038889,0.255556,-0.966012,74.543,84.507,101.093,4652.0
Victor_9_puntos_intento_1.mp4,2237,18641.667,True,138.000,162.000,0.000,145.000,116.000,0.038889,0.255556,-0.966012,74.351,84.015,100.830,4614.5
Victor_9_puntos_intento_1.mp4,2238,18650.000,True,138.000,162.000,0.000,145.000,117.000,0.038889,0.250000,-0.967465,74.767,84.217,98.427,4641.5
