video_name,frame_number,timestamp_ms,valid_deteccion,sphere_center_x,sphere_center_y,sphere_center_z,pupil_center_x,pupil_center_y,gaze_x,gaze_y,gaze_z,ellipse_width,ellipse_height,ellipse_angle,contour_area
Victor_9_puntos_intento_10.mp4,1,8.333,True,140.000,170.000,0.000,204.000,65.000,0.355556,0.583333,-0.730276,58.608,78.522,126.484,3476.0
Victor_9_puntos_intento_10.mp4,2,16.667,True,140.000,170.000,0.000,204.000,65.000,0.355556,0.583333,-0.730276,58.945,78.102,126.974,3497.5
Victor_9_puntos_intento_10.mp4,3,25.000,True,140.000,170.000,0.000,205.000,66.000,0.361111,0.577778,-0.731964,58.893,77.627,127.278,3475.0
Victor_9_puntos_intento_10.mp4,4,33.333,True,140.000,170.000,0.000,205.000,66.000,0.361111,0.577778,-0.731964,58.534,78.968,126.773,3499.5
Victor_9_puntos_intento_10.mp4,5,41.667,True,140.000,170.000,0.000,205.000,65.000,0.361111,0.583333,-0.727544,58.852,77.769,128.092,3481.5
Victor_9_puntos_intento_10.mp4,6,50.000,True,140.000,170.000,0.000,205.000,66.000,0.361111,0.577778,-0.731964,58.683,77.673,127.529,3471.0
Victor_9_puntos_intento_10.mp4,7,58.333,True,140.000,170.000,0.000,205.000,65.000,0.361111,0.583333,-0.727544,58.981,78.094,127.200,3483.0
Victor_9_puntos_intento_10.mp4,8,66.667,True,140.000,170.000,0.000,205.000,66.000,0.361111,0.577778,-0.731964,58.987,77.487,127.842,3479.0
Victor_9_puntos_intento_10.mp4,9,75.000,True,140.000,170.000,0.000,205.000,65.000,0.361111,0.583333,-0.727544,58.817,76.700,126.954,3459.0
Victor_9_puntos_intento_10.mp4,10,83.333,True,140.000,170.000,0.000,206.000,63.000,0.366667,0.594444,-0.715675,57.056,76.842,125.479,3344.0
Victor_9_puntos_intento_10.mp4,11,91.667,True,140.000,170.000,0.000,205.000,62.000,0.361111,0.600000,-0.713862,56.317,76.284,126.715,3271.5
Victor_9_puntos_intento_10.mp4,12,100.000,True,140.000,170.000,0.000,206.000,61.000,0.366667,0.605556,-0.706299,55.944,76.399,125.111,3256.0
Victor_9_puntos_intento_10.mp4,13,108.333,True,140.000,170.000,0.000,206.000,59.000,0.366667,0.616667,-0.696619,54.682,76.524,127.073,3209.5
Victor_9_puntos_intento_10.mp4,14,116.667,True,140.000,170.000,0.000,207.000,59.000,0.372222,0.616667,-0.693666,55.120,76.365,126.656,3229.5
Victor_9_puntos_intento_10.mp4,15,125.000,True,140.000,170.000,0.000,207.000,59.000,0.372222,0.616667,-0.693666,56.177,76.119,125.872,3274.5
Victor_9_puntos_intento_10.mp4,16,133.333,True,140.000,170.000,0.000,207.000,59.000,0.372222,0.616667,-0.693666,56.341,76.320,127.362,3296.5
Victor_9_puntos_intento_10.mp4,17,141.667,True,140.000,170.000,0.000,206.000,59.000,0.366667,0.616667,-0.696619,55.817,77.224,124.481,3288.5
Victor_9_puntos_intento_10.mp4,18,150.000,True,140.000,170.000,0.000,207.000,59.000,0.372222,0.616667,-0.693666,55.734,76.550,126.621,3245.0
Victor_9_puntos_intento_10.mp4,19,158.333,True,140.000,170.000,0.000,207.000,59.000,0.372222,0.616667,-0.693666,55.442,76.355,125.498,3235.0
Victor_9_puntos_intento_10.mp4,20,166.667,True,140.000,170.000,0.000,207.000,59.000,0.372222,0.616667,-0.693666,55.925,75.900,126.954,3242.0
Victor_9_puntos_intento_10.mp4,21,175.000,True,140.000,170.000,0.000,207.000,59.000,0.372222,0.616667,-0.693666,54.933,76.128,126.118,3190.0
Victor_9_puntos_intento_10.mp4,22,183.333,True,140.000,170.000,0.000,207.000,59.000,0.372222,0.616667,-0.693666,54.912,75.396,125.783,3167.0
Victor_9_puntos_intento_10.mp4,23,191.667,True,140.000,170.000,0.000,207.000,59.000,0.372222,0.616667,-0.693666,55.172,75.376,126.938,3203.5
Victor_9_puntos_intento_10.mp4,24,200.000,True,140.000,170.000,0.000,207.000,59.000,0.372222,0.616667,-0.693666,54.809,74.837,126.011,3162.5
Victor_9_puntos_intento_10.mp4,25,208.333,True,140.000,170.000,0.000,207.000,59.000,0.372222,0.616667,-0.693666,54.880,75.508,125.647,3138.5
Victor_9_puntos_intento_10.mp4,26,216.667,True,140.000,170.000,0.000,207.000,59.000,0.372222,0.616667,-0.693666,54.924,75.369,127.139,3175.5
Victor_9_puntos_intento_10.mp4,27,225.000,True,140.000,170.000,0.000,207.000,59.000,0.372222,0.616667,-0.693666,54.594,73.952,126.465,3096.0
Victor_9_puntos_intento_10.mp4,28,233.333,True,140.000,170.000,0.000,207.000,59.000,0.372222,0.616667,-0.693666,53.934,74.957,125.511,3093.5
Victor_9_puntos_intento_10.mp4,29,241.667,True,140.000,170.000,0.000,207.000,59.000,0.372222,0.616667,-0.693666,54.298,75.288,126.288,3107.0
Victor_9_puntos_intento_10.mp4,30,250.000,True,140.000,170.000,0.000,207.000,59.000,0.372222,0.616667,-0.693666,53.945,75.110,126.606,3083.5
Victor_9_puntos_intento_10.mp4,31,258.333,True,140.000,170.000,0.000,207.000,59.000,0.372222,0.616667,-0.693666,54.035,75.157,126.241,3083.5
Victor_9_puntos_intento_10.mp4,32,266.667,True,140.000,170.000,0.000,207.000,59.000,0.372222,0.616667,-0.693666,54.097,75.599,125.675,3100.5
Victor_9_puntos_intento_10.mp4,33,275.000,True,140.000,170.000,0.000,207.000,59.000,0.372222,0.616667,-0.693666,54.638,75.291,125.778,3139.0
Victor_9_puntos_intento_10.mp4,34,283.333,True,140.000,170.000,0.000,207.000,59.000,0.372222,0.616667,-0.693666,54.779,75.418,126.036,3140.5
Victor_9_puntos_intento_10.mp4,35,291.667,True,140.000,170.000,0.000,207.000,59.000,0.372222,0.616667,-0.693666,53.967,75.545,125.003,3095.0
Victor_9_puntos_intento_10.mp4,36,300.000,True,140.000,170.000,0.000,211.000,56.000,0.394444,0.633333,-0.665810,51.267,75.154,126.243,2943.0
Victor_9_puntos_intento_10.mp4,37,308.333,True,140.000,170.000,0.000,215.000,54.000,0.416667,0.644444,-0.641155,49.313,75.304,127.433,2804.5
Victor_9_puntos_intento_10.mp4,38,316.667,True,140.000,170.000,0.000,219.000,52.000,0.438889,0.655556,-0.614511,46.550,74.908,127.197,2659.5
Victor_9_puntos_intento_10.mp4,39,325.000,True,140.000,170.000,0.000,221.000,51.000,0.450000,0.661111,-0.600360,44.721,74.522,127.690,2535.0
Victor_9_puntos_intento_10.mp4,40,333.333,True,140.000,170.000,0.000,222.000,50.000,0.455556,0.666667,-0.589936,44.384,74.268,128.148,2504.0
Victor_9_puntos_intento_10.mp4,41,341.667,True,140.000,170.000,0.000,223.000,49.000,0.461111,0.672222,-0.579218,43.669,74.708,128.724,2451.5
Victor_9_puntos_intento_10.mp4,42,350.000,True,140.000,170.000,0.000,223.000,48.000,0.461111,0.677778,-0.572707,43.463,74.097,128.147,2464.5
Victor_9_puntos_intento_10.mp4,43,358.333,True,140.000,170.000,0.000,224.000,49.000,0.466667,0.672222,-0.574752,44.518,72.993,127.547,2500.5
Victor_9_puntos_intento_10.mp4,44,366.667,True,140.000,170.000,0.000,223.000,48.000,0.461111,0.677778,-0.572707,44.070,73.887,128.464,2495.0
Victor_9_puntos_intento_10.mp4,45,375.000,True,140.000,170.000,0.000,223.000,48.000,0.461111,0.677778,-0.572707,43.812,73.471,129.921,2476.0
Victor_9_puntos_intento_10.mp4,46,383.333,True,140.000,170.000,0.000,224.000,48.000,0.466667,0.677778,-0.568190,43.989,73.603,130.619,2470.5
Victor_9_puntos_intento_10.mp4,47,391.667,True,140.000,170.000,0.000,224.000,48.000,0.466667,0.677778,-0.568190,43.944,73.811,130.299,2470.5
Victor_9_puntos_intento_10.mp4,48,400.000,True,140.000,170.000,0.000,224.000,48.000,0.466667,0.677778,-0.568190,43.675,73.772,128.892,2460.0
Victor_9_puntos_intento_10.mp4,49,408.333,True,140.000,170.000,0.000,224.000,48.000,0.466667,0.677778,-0.568190,43.348,73.799,129.070,2451.0
Victor_9_puntos_intento_10.mp4,50,416.667,True,140.000,170.000,0.000,224.000,48.000,0.466667,0.677778,-0.568190,43.315,74.235,129.039,2459.0
Victor_9_puntos_intento_10.mp4,51,425.000,True,140.000,170.000,0.000,224.000,48.000,0.466667,0.677778,-0.568190,42.965,73.960,130.775,2429.5
Victor_9_puntos_intento_10.mp4,52,433.333,True,140.000,170.000,0.000,224.000,48.000,0.466667,0.677778,-0.568190,43.031,74.129,130.161,2438.5
Victor_9_puntos_intento_10.mp4,53,441.667,True,140.000,170.000,0.000,224.000,48.000,0.466667,0.677778,-0.568190,42.985,74.049,130.015,2438.5
Victor_9_puntos_intento_10.mp4,54,450.000,True,140.000,170.000,0.000,224.000,48.000,0.466667,0.677778,-0.568190,42.812,73.974,130.085,2422.0
Victor_9_puntos_intento_10.mp4,55,458.333,True,140.000,170.000,0.000,224.000,48.000,0.466667,0.677778,-0.568190,42.810,73.934,129.768,2419.5
Victor_9_puntos_intento_10.mp4,56,466.667,True,140.000,170.000,0.000,224.000,48.000,0.466667,0.677778,-0.568190,42.995,74.014,129.182,2420.0
Victor_9_puntos_intento_10.mp4,57,475.000,True,140.000,170.000,0.000,225.000,46.000,0.472222,0.688889,-0.549944,41.781,73.262,129.514,2346.5
Victor_9_puntos_intento_10.mp4,58,483.333,True,140.000,170.000,0.000,225.000,45.000,0.472222,0.694444,-0.542912,40.258,73.283,129.573,2282.0
Victor_9_puntos_intento_10.mp4,59,491.667,True,140.000,170.000,0.000,225.000,45.000,0.472222,0.694444,-0.542912,40.247,72.936,128.520,2265.0
Victor_9_puntos_intento_10.mp4,60,500.000,True,140.000,170.000,0.000,225.000,44.000,0.472222,0.700000,-0.535730,40.602,73.549,128.618,2295.0
Victor_9_puntos_intento_10.mp4,61,508.333,True,140.000,170.000,0.000,225.000,44.000,0.472222,0.700000,-0.535730,41.152,73.401,127.575,2322.0
Victor_9_puntos_intento_10.mp4,62,516.667,True,140.000,170.000,0.000,225.000,44.000,0.472222,0.700000,-0.535730,41.373,74.138,127.717,2332.5
Victor_9_puntos_intento_10.mp4,63,525.000,True,140.000,170.000,0.000,226.000,44.000,0.477778,0.700000,-0.530781,41.387,74.444,127.835,2351.0
Victor_9_puntos_intento_10.mp4,64,533.333,True,140.000,170.000,0.000,226.000,44.000,0.477778,0.700000,-0.530781,40.998,74.381,127.607,2335.5
Victor_9_puntos_intento_10.mp4,65,541.667,True,140.000,170.000,0.000,226.000,44.000,0.477778,0.700000,-0.530781,41.134,73.824,128.885,2344.5
Victor_9_puntos_intento_10.mp4,66,550.000,True,140.000,170.000,0.000,226.000,44.000,0.477778,0.700000,-0.530781,41.070,73.830,127.959,2337.0
Victor_9_puntos_intento_10.mp4,67,558.333,True,140.000,170.000,0.000,226.000,44.000,0.477778,0.700000,-0.530781,40.929,73.600,128.104,2305.0
Victor_9_puntos_intento_10.mp4,68,566.667,True,140.000,170.000,0.000,226.000,44.000,0.477778,0.700000,-0.530781,40.901,74.100,127.544,2324.0
Victor_9_puntos_intento_10.mp4,69,575.000,True,140.000,170.000,0.000,226.000,44.000,0.477778,0.700000,-0.530781,40.660,73.827,128.250,2301.5
Victor_9_puntos_intento_10.mp4,70,583.333,True,140.000,170.000,0.000,226.000,44.000,0.477778,0.700000,-0.530781,40.722,73.748,128.172,2308.0
Victor_9_puntos_intento_10.mp4,71,591.667,True,140.000,170.000,0.000,226.000,44.000,0.477778,0.700000,-0.530781,40.479,73.953,127.895,2306.5
Victor_9_puntos_intento_10.mp4,72,600.000,True,140.000,170.000,0.000,226.000,43.000,0.477778,0.705556,-0.523373,41.114,73.633,127.669,2314.0
Victor_9_puntos_intento_10.mp4,73,608.333,True,140.000,170.000,0.000,226.000,43.000,0.477778,0.705556,-0.523373,40.389,73.431,128.357,2273.0
Victor_9_puntos_intento_10.mp4,74,616.667,True,140.000,170.000,0.000,226.000,43.000,0.477778,0.705556,-0.523373,40.425,73.980,127.644,2301.0
Victor_9_puntos_intento_10.mp4,75,625.000,True,140.000,170.000,0.000,227.000,44.000,0.483333,0.700000,-0.525727,40.416,73.335,129.121,2293.0
Victor_9_puntos_intento_10.mp4,76,633.333,True,140.000,170.000,0.000,226.000,43.000,0.477778,0.705556,-0.523373,40.515,73.628,128.047,2289.0
Victor_9_puntos_intento_10.mp4,77,641.667,True,140.000,170.000,0.000,226.000,43.000,0.477778,0.705556,-0.523373,40.170,73.560,127.085,2271.0
Victor_9_puntos_intento_10.mp4,78,650.000,True,140.000,170.000,0.000,226.000,43.000,0.477778,0.705556,-0.523373,40.500,73.290,127.586,2272.0
Victor_9_puntos_intento_10.mp4,79,658.333,True,140.000,170.000,0.000,226.000,43.000,0.477778,0.705556,-0.523373,40.413,74.095,127.221,2274.5
Victor_9_puntos_intento_10.mp4,80,666.667,True,140.000,170.000,0.000,226.000,43.000,0.477778,0.705556,-0.523373,40.497,73.267,128.248,2283.5
Victor_9_puntos_intento_10.mp4,81,675.000,True,140.000,170.000,0.000,226.000,43.000,0.477778,0.705556,-0.523373,39.930,73.025,127.955,2239.0
Victor_9_puntos_intento_10.mp4,82,683.333,True,140.000,170.000,0.000,226.000,43.000,0.477778,0.705556,-0.523373,40.139,73.097,128.048,2247.0
Victor_9_puntos_intento_10.mp4,83,691.667,True,140.000,170.000,0.000,226.000,43.000,0.477778,0.705556,-0.523373,39.925,72.643,127.051,2215.5
Victor_9_puntos_intento_10.mp4,84,700.000,True,140.000,170.000,0.000,226.000,43.000,0.477778,0.705556,-0.523373,40.086,72.563,128.399,2231.0
Victor_9_puntos_intento_10.mp4,85,708.333,True,140.000,170.000,0.000,226.000,43.000,0.477778,0.705556,-0.523373,39.821,72.322,128.425,2208.0
Victor_9_puntos_intento_10.mp4,86,716.667,True,140.000,170.000,0.000,226.000,43.000,0.477778,0.705556,-0.523373,40.057,71.247,128.693,2204.5
Victor_9_puntos_intento_10.mp4,87,725.000,True,140.000,170.000,0.000,226.000,43.000,0.477778,0.705556,-0.523373,39.897,71.709,127.527,2199.5
Victor_9_puntos_intento_10.mp4,88,733.333,True,140.000,170.000,0.000,226.000,43.000,0.477778,0.705556,-0.523373,40.130,71.967,127.216,2213.5
Victor_9_puntos_intento_10.mp4,89,741.667,True,140.000,170.000,0.000,226.000,43.000,0.477778,0.705556,-0.523373,39.617,71.919,128.144,2199.0
Victor_9_puntos_intento_10.mp4,90,750.000,True,140.000,170.000,0.000,226.000,43.000,0.477778,0.705556,-0.523373,39.660,72.242,127.386,2178.5
Victor_9_puntos_intento_10.mp4,91,758.333,True,140.000,170.000,0.000,226.000,43.000,0.477778,0.705556,-0.523373,39.420,71.788,127.412,2168.0
Victor_9_puntos_intento_10.mp4,92,766.667,True,140.000,170.000,0.000,226.000,43.000,0.477778,0.705556,-0.523373,39.353,72.083,127.973,2181.5
Victor_9_puntos_intento_10.mp4,93,775.000,True,140.000,170.000,0.000,226.000,43.000,0.477778,0.705556,-0.523373,39.503,72.074,128.048,2174.5
Victor_9_puntos_intento_10.mp4,94,783.333,True,140.000,170.000,0.000,226.000,43.000,0.477778,0.705556,-0.523373,39.052,71.991,127.876,2166.0
Victor_9_puntos_intento_10.mp4,95,791.667,True,140.000,170.000,0.000,226.000,43.000,0.477778,0.705556,-0.523373,39.396,71.188,127.676,2157.5
Victor_9_puntos_intento_10.mp4,96,800.000,True,140.000,170.000,0.000,226.000,43.000,0.477778,0.705556,-0.523373,39.128,71.714,127.138,2146.0
Victor_9_puntos_intento_10.mp4,97,808.333,True,140.000,170.000,0.000,226.000,43.000,0.477778,0.705556,-0.523373,39.334,71.081,127.812,2136.0
Victor_9_puntos_intento_10.mp4,98,816.667,True,140.000,170.000,0.000,226.000,43.000,0.477778,0.705556,-0.523373,39.331,71.466,128.653,2157.0
Victor_9_puntos_intento_10.mp4,99,825.000,True,140.000,170.000,0.000,226.000,43.000,0.477778,0.705556,-0.523373,39.471,71.276,127.245,2138.5
Victor_9_puntos_intento_10.mp4,100,833.333,True,140.000,170.000,0.000,226.000,43.000,0.477778,0.705556,-0.523373,39.037,70.928,128.199,2110.5
Victor_9_puntos_intento_10.mp4,101,841.667,True,140.000,170.000,0.000,226.000,43.000,0.477778,0.705556,-0.523373,39.281,70.980,127.088,2127.0
Victor_9_puntos_intento_10.mp4,102,850.000,True,140.000,170.000,0.000,226.000,43.000,0.477778,0.705556,-0.523373,39.067,70.474,127.451,2106.5
Victor_9_puntos_intento_10.mp4,103,858.333,True,140.000,170.000,0.000,226.000,43.000,0.477778,0.705556,-0.523373,39.176,70.996,125.813,2102.5
Victor_9_puntos_intento_10.mp4,104,866.667,True,140.000,170.000,0.000,226.000,43.000,0.477778,0.705556,-0.523373,39.253,70.525,126.793,2106.5
Victor_9_puntos_intento_10.mp4,105,875.000,True,140.000,170.000,0.000,226.000,43.000,0.477778,0.705556,-0.523373,39.229,69.988,126.768,2101.0
Victor_9_puntos_intento_10.mp4,106,883.333,True,140.000,170.000,0.000,226.000,43.000,0.477778,0.705556,-0.523373,38.941,69.406,127.617,2072.0
Victor_9_puntos_intento_10.mp4,107,891.667,True,140.000,170.000,0.000,226.000,43.000,0.477778,0.705556,-0.523373,39.328,69.560,127.411,2091.5
Victor_9_puntos_intento_10.mp4,108,900.000,True,140.000,170.000,0.000,226.000,43.000,0.477778,0.705556,-0.523373,39.191,69.861,127.468,2092.5
Victor_9_puntos_intento_10.mp4,109,908.333,True,140.000,170.000,0.000,226.000,43.000,0.477778,0.705556,-0.523373,39.006,68.912,128.142,2041.5
Victor_9_puntos_intento_10.mp4,110,916.667,True,132.000,167.000,0.000,226.000,43.000,0.522222,0.688889,-0.502709,39.046,70.159,127.450,2073.5
Victor_9_puntos_intento_10.mp4,111,925.000,True,132.000,167.000,0.000,226.000,43.000,0.522222,0.688889,-0.502709,38.927,69.070,127.248,2065.5
Victor_9_puntos_intento_10.mp4,112,933.333,True,132.000,167.000,0.000,226.000,43.000,0.522222,0.688889,-0.502709,38.696,67.987,126.923,2030.0
Victor_9_puntos_intento_10.mp4,113,941.667,True,132.000,167.000,0.000,226.000,43.000,0.522222,0.688889,-0.502709,38.563,69.509,127.503,2040.5
Victor_9_puntos_intento_10.mp4,114,950.000,True,132.000,167.000,0.000,226.000,43.000,0.522222,0.688889,-0.502709,38.431,69.312,127.133,2035.0
Victor_9_puntos_intento_10.mp4,115,958.333,True,132.000,167.000,0.000,226.000,43.000,0.522222,0.688889,-0.502709,38.459,69.197,125.999,2022.0
Victor_9_puntos_intento_10.mp4,116,966.667,True,132.000,167.000,0.000,226.000,43.000,0.522222,0.688889,-0.502709,38.768,69.610,127.794,2046.0
Victor_9_puntos_intento_10.mp4,117,975.000,True,132.000,167.000,0.000,226.000,43.000,0.522222,0.688889,-0.502709,37.884,69.194,127.015,1972.5
Victor_9_puntos_intento_10.mp4,118,983.333,True,132.000,166.000,0.000,226.000,43.000,0.522222,0.683333,-0.510235,37.958,68.219,127.740,1963.5
Victor_9_puntos_intento_10.mp4,119,991.667,True,132.000,166.000,0.000,226.000,43.000,0.522222,0.683333,-0.510235,37.681,67.920,127.170,1961.0
Victor_9_puntos_intento_10.mp4,120,1000.000,True,132.000,166.000,0.000,226.000,43.000,0.522222,0.683333,-0.510235,37.316,67.457,126.885,1922.5
Victor_9_puntos_intento_10.mp4,121,1008.333,True,132.000,166.000,0.000,226.000,43.000,0.522222,0.683333,-0.510235,37.061,67.431,127.452,1888.0
Victor_9_puntos_intento_10.mp4,122,1016.667,True,132.000,165.000,0.000,226.000,43.000,0.522222,0.677778,-0.517592,37.135,67.188,127.618,1889.0
Victor_9_puntos_intento_10.mp4,123,1025.000,True,132.000,165.000,0.000,226.000,42.000,0.522222,0.683333,-0.510235,36.975,66.977,127.043,1871.5
Victor_9_puntos_intento_10.mp4,124,1033.333,True,132.000,165.000,0.000,226.000,43.000,0.522222,0.677778,-0.517592,36.663,67.367,127.705,1876.5
Victor_9_puntos_intento_10.mp4,125,1041.667,True,132.000,165.000,0.000,226.000,42.000,0.522222,0.683333,-0.510235,36.615,67.258,127.130,1868.5
Victor_9_puntos_intento_10.mp4,126,1050.000,True,132.000,165.000,0.000,226.000,42.000,0.522222,0.683333,-0.510235,36.437,66.060,127.896,1823.0
Victor_9_puntos_intento_10.mp4,127,1058.333,True,132.000,165.000,0.000,226.000,42.000,0.522222,0.683333,-0.510235,36.298,66.246,126.181,1822.0
Victor_9_puntos_intento_10.mp4,128,1066.667,True,132.000,165.000,0.000,226.000,42.000,0.522222,0.683333,-0.510235,36.047,66.225,127.483,1813.0
Victor_9_puntos_intento_10.mp4,129,1075.000,True,132.000,165.000,0.000,226.000,42.000,0.522222,0.683333,-0.510235,35.323,66.015,127.203,1766.0
Victor_9_puntos_intento_10.mp4,130,1083.333,True,132.000,164.000,0.000,226.000,42.000,0.522222,0.677778,-0.517592,35.536,65.886,128.350,1754.0
Victor_9_puntos_intento_10.mp4,131,1091.667,True,132.000,164.000,0.000,226.000,42.000,0.522222,0.677778,-0.517592,35.662,64.561,127.477,1736.0
Victor_9_puntos_intento_10.mp4,132,1100.000,True,132.000,164.000,0.000,226.000,42.000,0.522222,0.677778,-0.517592,35.283,64.738,127.338,1742.5
Victor_9_puntos_intento_10.mp4,133,1108.333,True,132.000,164.000,0.000,226.000,42.000,0.522222,0.677778,-0.517592,35.663,65.439,127.703,1746.5
Victor_9_puntos_intento_10.mp4,134,1116.667,True,132.000,164.000,0.000,226.000,42.000,0.522222,0.677778,-0.517592,35.734,64.362,127.025,1739.5
Victor_9_puntos_intento_10.mp4,135,1125.000,True,132.000,164.000,0.000,226.000,43.000,0.522222,0.672222,-0.524787,35.469,64.743,128.043,1747.0
Victor_9_puntos_intento_10.mp4,136,1133.333,True,132.000,164.000,0.000,226.000,42.000,0.522222,0.677778,-0.517592,35.025,64.539,126.401,1745.5
Victor_9_puntos_intento_10.mp4,137,1141.667,True,132.000,164.000,0.000,226.000,42.000,0.522222,0.677778,-0.517592,35.098,65.314,126.712,1737.0
Victor_9_puntos_intento_10.mp4,138,1150.000,True,132.000,164.000,0.000,226.000,42.000,0.522222,0.677778,-0.517592,35.220,64.751,126.608,1723.5
Victor_9_puntos_intento_10.mp4,139,1158.333,True,132.000,164.000,0.000,226.000,42.000,0.522222,0.677778,-0.517592,34.940,64.970,126.151,1720.5
Victor_9_puntos_intento_10.mp4,140,1166.667,True,132.000,164.000,0.000,226.000,42.000,0.522222,0.677778,-0.517592,35.117,64.829,126.783,1731.5
Victor_9_puntos_intento_10.mp4,141,1175.000,True,132.000,164.000,0.000,226.000,42.000,0.522222,0.677778,-0.517592,34.866,64.787,126.410,1714.0
Victor_9_puntos_intento_10.mp4,142,1183.333,True,132.000,164.000,0.000,226.000,42.000,0.522222,0.677778,-0.517592,34.894,64.378,126.788,1709.5
Victor_9_puntos_intento_10.mp4,143,1191.667,True,132.000,164.000,0.000,226.000,42.000,0.522222,0.677778,-0.517592,34.923,64.110,127.062,1708.0
Victor_9_puntos_intento_10.mp4,144,1200.000,True,132.000,164.000,0.000,226.000,42.000,0.522222,0.677778,-0.517592,34.884,64.226,127.158,1708.0
Victor_9_puntos_intento_10.mp4,145,1208.333,True,132.000,164.000,0.000,226.000,42.000,0.522222,0.677778,-0.517592,34.944,63.916,127.227,1690.5
Victor_9_puntos_intento_10.mp4,146,1216.667,True,132.000,164.000,0.000,226.000,43.000,0.522222,0.672222,-0.524787,34.683,64.696,127.051,1699.0
Victor_9_puntos_intento_10.mp4,147,1225.000,True,132.000,164.000,0.000,226.000,42.000,0.522222,0.677778,-0.517592,34.706,63.571,127.581,1659.0
Victor_9_puntos_intento_10.mp4,148,1233.333,True,132.000,164.000,0.000,226.000,43.000,0.522222,0.672222,-0.524787,34.410,62.637,127.607,1634.5
Victor_9_puntos_intento_10.mp4,149,1241.667,True,132.000,164.000,0.000,226.000,42.000,0.522222,0.677778,-0.517592,34.378,63.104,127.776,1655.5
Victor_9_puntos_intento_10.mp4,150,1250.000,True,132.000,164.000,0.000,226.000,43.000,0.522222,0.672222,-0.524787,34.094,62.651,126.145,1629.5
Victor_9_puntos_intento_10.mp4,151,1258.333,True,132.000,164.000,0.000,226.000,43.000,0.522222,0.672222,-0.524787,34.129,62.358,127.724,1607.5
Victor_9_puntos_intento_10.mp4,152,1266.667,True,132.000,164.000,0.000,226.000,42.000,0.522222,0.677778,-0.517592,34.433,63.164,128.056,1638.5
Victor_9_puntos_intento_10.mp4,153,1275.000,True,132.000,164.000,0.000,226.000,43.000,0.522222,0.672222,-0.524787,33.819,62.133,127.601,1604.5
Victor_9_puntos_intento_10.mp4,154,1283.333,True,132.000,164.000,0.000,226.000,43.000,0.522222,0.672222,-0.524787,34.109,63.301,128.121,1638.5
Victor_9_puntos_intento_10.mp4,155,1291.667,True,132.000,164.000,0.000,226.000,42.000,0.522222,0.677778,-0.517592,34.055,62.669,127.009,1633.5
Victor_9_puntos_intento_10.mp4,156,1300.000,True,132.000,164.000,0.000,225.000,43.000,0.516667,0.672222,-0.530257,33.874,63.027,126.144,1634.0
Victor_9_puntos_intento_10.mp4,157,1308.333,True,132.000,164.000,0.000,225.000,42.000,0.516667,0.677778,-0.523137,34.421,63.469,127.165,1654.0
Victor_9_puntos_intento_10.mp4,158,1316.667,True,132.000,164.000,0.000,225.000,42.000,0.516667,0.677778,-0.523137,34.318,63.477,127.304,1637.0
Victor_9_puntos_intento_10.mp4,159,1325.000,True,132.000,164.000,0.000,226.000,43.000,0.522222,0.672222,-0.524787,33.946,63.127,127.557,1624.0
Victor_9_puntos_intento_10.mp4,160,1333.333,True,132.000,164.000,0.000,226.000,43.000,0.522222,0.672222,-0.524787,34.224,62.787,127.656,1633.0
Victor_9_puntos_intento_10.mp4,161,1341.667,True,132.000,164.000,0.000,225.000,42.000,0.516667,0.677778,-0.523137,34.344,63.253,127.221,1623.0
Victor_9_puntos_intento_10.mp4,162,1350.000,True,132.000,164.000,0.000,225.000,43.000,0.516667,0.672222,-0.530257,34.257,63.547,125.121,1632.0
Victor_9_puntos_intento_10.mp4,163,1358.333,True,132.000,164.000,0.000,226.000,42.000,0.522222,0.677778,-0.517592,34.376,62.469,127.375,1623.0
Victor_9_puntos_intento_10.mp4,164,1366.667,True,132.000,164.000,0.000,225.000,42.000,0.516667,0.677778,-0.523137,34.584,63.126,126.535,1630.5
Victor_9_puntos_intento_10.mp4,165,1375.000,True,132.000,164.000,0.000,226.000,42.000,0.522222,0.677778,-0.517592,34.178,62.863,127.469,1614.0
Victor_9_puntos_intento_10.mp4,166,1383.333,True,132.000,163.000,0.000,226.000,43.000,0.522222,0.666667,-0.531827,34.200,62.469,128.084,1614.5
Victor_9_puntos_intento_10.mp4,167,1391.667,True,132.000,163.000,0.000,226.000,43.000,0.522222,0.666667,-0.531827,34.114,63.017,128.007,1618.5
Victor_9_puntos_intento_10.mp4,168,1400.000,True,132.000,163.000,0.000,226.000,43.000,0.522222,0.666667,-0.531827,34.407,62.770,127.748,1625.0
Victor_9_puntos_intento_10.mp4,169,1408.333,True,132.000,163.000,0.000,226.000,42.000,0.522222,0.672222,-0.524787,34.417,62.467,126.927,1619.0
Victor_9_puntos_intento_10.mp4,170,1416.667,True,132.000,163.000,0.000,226.000,43.000,0.522222,0.666667,-0.531827,34.383,62.713,127.881,1631.5
Victor_9_puntos_intento_10.mp4,171,1425.000,True,132.000,163.000,0.000,226.000,42.000,0.522222,0.672222,-0.524787,33.666,62.135,127.688,1604.0
Victor_9_puntos_intento_10.mp4,172,1433.333,True,132.000,163.000,0.000,226.000,42.000,0.522222,0.672222,-0.524787,33.407,62.524,127.050,1614.0
Victor_9_puntos_intento_10.mp4,173,1441.667,True,132.000,163.000,0.000,226.000,42.000,0.522222,0.672222,-0.524787,33.717,61.981,127.551,1607.5
Victor_9_puntos_intento_10.mp4,174,1450.000,True,132.000,163.000,0.000,226.000,43.000,0.522222,0.666667,-0.531827,33.698,62.443,127.770,1612.0
Victor_9_puntos_intento_10.mp4,175,1458.333,True,132.000,163.000,0.000,226.000,42.000,0.522222,0.672222,-0.524787,33.900,62.510,127.304,1622.0
Victor_9_puntos_intento_10.mp4,176,1466.667,True,132.000,163.000,0.000,226.000,43.000,0.522222,0.666667,-0.531827,33.765,62.327,127.608,1622.5
Victor_9_puntos_intento_10.mp4,177,1475.000,True,132.000,163.000,0.000,226.000,42.000,0.522222,0.672222,-0.524787,33.793,62.068,127.015,1609.5
Victor_9_puntos_intento_10.mp4,178,1483.333,True,132.000,163.000,0.000,226.000,43.000,0.522222,0.666667,-0.531827,33.726,63.263,128.756,1637.0
Victor_9_puntos_intento_10.mp4,179,1491.667,True,132.000,163.000,0.000,226.000,43.000,0.522222,0.666667,-0.531827,33.883,62.594,127.136,1612.0
Victor_9_puntos_intento_10.mp4,180,1500.000,True,132.000,163.000,0.000,226.000,42.000,0.522222,0.672222,-0.524787,33.903,63.059,127.204,1625.0
Victor_9_puntos_intento_10.mp4,181,1508.333,True,132.000,163.000,0.000,225.000,42.000,0.516667,0.672222,-0.530257,34.327,62.682,127.110,1617.5
Victor_9_puntos_intento_10.mp4,182,1516.667,True,132.000,163.000,0.000,225.000,42.000,0.516667,0.672222,-0.530257,34.204,62.457,127.650,1620.5
Victor_9_puntos_intento_10.mp4,183,1525.000,True,132.000,163.000,0.000,226.000,42.000,0.522222,0.672222,-0.524787,33.825,62.410,127.543,1620.5
Victor_9_puntos_intento_10.mp4,184,1533.333,True,132.000,163.000,0.000,225.000,42.000,0.516667,0.672222,-0.530257,34.043,62.957,127.983,1632.0
Victor_9_puntos_intento_10.mp4,185,1541.667,True,132.000,163.000,0.000,225.000,42.000,0.516667,0.672222,-0.530257,33.998,63.380,127.313,1621.5
Victor_9_puntos_intento_10.mp4,186,1550.000,True,132.000,163.000,0.000,225.000,42.000,0.516667,0.672222,-0.530257,33.810,62.192,126.837,1598.5
Victor_9_puntos_intento_10.mp4,187,1558.333,True,132.000,163.000,0.000,225.000,42.000,0.516667,0.672222,-0.530257,33.825,62.278,126.681,1603.0
Victor_9_puntos_intento_10.mp4,188,1566.667,True,132.000,163.000,0.000,225.000,42.000,0.516667,0.672222,-0.530257,34.225,61.789,127.193,1608.5
Victor_9_puntos_intento_10.mp4,189,1575.000,True,132.000,163.000,0.000,226.000,42.000,0.522222,0.672222,-0.524787,33.427,61.712,127.515,1603.0
Victor_9_puntos_intento_10.mp4,190,1583.333,True,132.000,163.000,0.000,226.000,43.000,0.522222,0.666667,-0.531827,33.661,62.249,127.273,1619.5
Victor_9_puntos_intento_10.mp4,191,1591.667,True,132.000,163.000,0.000,225.000,42.000,0.516667,0.672222,-0.530257,33.547,61.243,127.470,1588.0
Victor_9_puntos_intento_10.mp4,192,1600.000,True,132.000,163.000,0.000,225.000,42.000,0.516667,0.672222,-0.530257,34.426,62.470,125.739,1620.0
Victor_9_puntos_intento_10.mp4,193,1608.333,True,132.000,163.000,0.000,225.000,42.000,0.516667,0.672222,-0.530257,33.857,62.606,127.846,1597.5
Victor_9_puntos_intento_10.mp4,194,1616.667,True,132.000,163.000,0.000,225.000,42.000,0.516667,0.672222,-0.530257,34.177,62.868,127.817,1616.0
Victor_9_puntos_intento_10.mp4,195,1625.000,True,132.000,163.000,0.000,225.000,43.000,0.516667,0.666667,-0.537225,34.113,62.623,127.970,1609.0
Victor_9_puntos_intento_10.mp4,196,1633.333,True,132.000,163.000,0.000,225.000,42.000,0.516667,0.672222,-0.530257,33.947,62.122,127.186,1601.5
Victor_9_puntos_intento_10.mp4,197,1641.667,True,132.000,163.000,0.000,225.000,42.000,0.516667,0.672222,-0.530257,34.185,62.656,128.432,1606.5
Victor_9_puntos_intento_10.mp4,198,1650.000,True,132.000,163.000,0.000,225.000,43.000,0.516667,0.666667,-0.537225,34.190,62.693,127.681,1624.0
Victor_9_puntos_intento_10.mp4,199,1658.333,True,132.000,163.000,0.000,225.000,43.000,0.516667,0.666667,-0.537225,33.857,62.749,127.169,1608.5
Victor_9_puntos_intento_10.mp4,200,1666.667,True,132.000,163.000,0.000,225.000,43.000,0.516667,0.666667,-0.537225,34.210,62.558,127.622,1614.0
Victor_9_puntos_intento_10.mp4,201,1675.000,True,132.000,163.000,0.000,225.000,43.000,0.516667,0.666667,-0.537225,34.131,62.316,127.543,1603.0
Victor_9_puntos_intento_10.mp4,202,1683.333,True,132.000,163.000,0.000,225.000,43.000,0.516667,0.666667,-0.537225,34.350,62.713,127.980,1621.5
Victor_9_puntos_intento_10.mp4,203,1691.667,True,132.000,163.000,0.000,226.000,43.000,0.522222,0.666667,-0.531827,34.316,61.923,128.125,1626.5
Victor_9_puntos_intento_10.mp4,204,1700.000,True,132.000,163.000,0.000,225.000,43.000,0.516667,0.666667,-0.537225,34.190,62.248,127.441,1619.5
Victor_9_puntos_intento_10.mp4,205,1708.333,True,132.000,163.000,0.000,225.000,43.000,0.516667,0.666667,-0.537225,34.571,61.988,127.548,1633.0
Victor_9_puntos_intento_10.mp4,206,1716.667,True,132.000,163.000,0.000,225.000,43.000,0.516667,0.666667,-0.537225,34.116,62.572,127.121,1635.5
Victor_9_puntos_intento_10.mp4,207,1725.000,True,132.000,163.000,0.000,225.000,42.000,0.516667,0.672222,-0.530257,34.057,63.930,125.518,1636.5
Victor_9_puntos_intento_10.mp4,208,1733.333,True,132.000,163.000,0.000,225.000,43.000,0.516667,0.666667,-0.537225,34.455,62.610,126.812,1647.0
Victor_9_puntos_intento_10.mp4,209,1741.667,True,132.000,163.000,0.000,225.000,43.000,0.516667,0.666667,-0.537225,34.561,62.769,126.041,1638.0
Victor_9_puntos_intento_10.mp4,210,1750.000,True,132.000,163.000,0.000,225.000,43.000,0.516667,0.666667,-0.537225,34.753,62.260,126.037,1648.5
Victor_9_puntos_intento_10.mp4,211,1758.333,True,132.000,163.000,0.000,225.000,43.000,0.516667,0.666667,-0.537225,34.325,63.048,125.932,1643.5
Victor_9_puntos_intento_10.mp4,212,1766.667,True,132.000,163.000,0.000,225.000,43.000,0.516667,0.666667,-0.537225,34.444,63.290,126.062,1673.5
Victor_9_puntos_intento_10.mp4,213,1775.000,True,132.000,163.000,0.000,225.000,43.000,0.516667,0.666667,-0.537225,35.183,63.845,127.242,1714.5
Victor_9_puntos_intento_10.mp4,214,1783.333,True,132.000,163.000,0.000,225.000,43.000,0.516667,0.666667,-0.537225,35.555,63.958,127.060,1712.0
Victor_9_puntos_intento_10.mp4,215,1791.667,True,132.000,163.000,0.000,225.000,43.000,0.516667,0.666667,-0.537225,35.243,64.270,126.312,1725.5
Victor_9_puntos_intento_10.mp4,216,1800.000,True,132.000,163.000,0.000,225.000,43.000,0.516667,0.666667,-0.537225,35.830,64.751,126.701,1776.5
Victor_9_puntos_intento_10.mp4,217,1808.333,True,132.000,163.000,0.000,225.000,43.000,0.516667,0.666667,-0.537225,36.420,64.180,126.981,1784.5
Victor_9_puntos_intento_10.mp4,218,1816.667,True,132.000,163.000,0.000,225.000,43.000,0.516667,0.666667,-0.537225,36.510,64.148,127.277,1787.0
Victor_9_puntos_intento_10.mp4,219,1825.000,True,132.000,163.000,0.000,225.000,43.000,0.516667,0.666667,-0.537225,36.506,64.873,126.808,1806.5
Victor_9_puntos_intento_10.mp4,220,1833.333,True,132.000,163.000,0.000,225.000,43.000,0.516667,0.666667,-0.537225,36.340,64.890,127.081,1805.5
Victor_9_puntos_intento_10.mp4,221,1841.667,True,132.000,163.000,0.000,225.000,43.000,0.516667,0.666667,-0.537225,36.476,64.456,127.289,1809.0
Victor_9_puntos_intento_10.mp4,222,1850.000,True,132.000,163.000,0.000,225.000,43.000,0.516667,0.666667,-0.537225,36.620,64.824,126.562,1818.0
Victor_9_puntos_intento_10.mp4,223,1858.333,True,132.000,163.000,0.000,225.000,43.000,0.516667,0.666667,-0.537225,36.261,64.666,126.688,1803.0
Victor_9_puntos_intento_10.mp4,224,1866.667,True,132.000,163.000,0.000,225.000,43.000,0.516667,0.666667,-0.537225,36.150,64.829,126.889,1811.5
Victor_9_puntos_intento_10.mp4,225,1875.000,True,132.000,163.000,0.000,225.000,43.000,0.516667,0.666667,-0.537225,36.322,64.840,126.536,1819.5
Victor_9_puntos_intento_10.mp4,226,1883.333,True,132.000,163.000,0.000,225.000,43.000,0.516667,0.666667,-0.537225,37.005,64.615,126.227,1821.5
Victor_9_puntos_intento_10.mp4,227,1891.667,True,132.000,163.000,0.000,225.000,43.000,0.516667,0.666667,-0.537225,36.220,65.717,126.358,1823.5
Victor_9_puntos_intento_10.mp4,228,1900.000,True,132.000,163.000,0.000,225.000,43.000,0.516667,0.666667,-0.537225,36.635,65.558,126.421,1829.5
Victor_9_puntos_intento_10.mp4,229,1908.333,True,132.000,163.000,0.000,225.000,43.000,0.516667,0.666667,-0.537225,36.706,66.132,126.405,1846.5
Victor_9_puntos_intento_10.mp4,230,1916.667,True,132.000,163.000,0.000,225.000,43.000,0.516667,0.666667,-0.537225,36.794,66.388,126.783,1852.0
Victor_9_puntos_intento_10.mp4,231,1925.000,True,132.000,163.000,0.000,225.000,43.000,0.516667,0.666667,-0.537225,36.998,66.592,126.603,1872.0
Victor_9_puntos_intento_10.mp4,232,1933.333,True,132.000,163.000,0.000,225.000,43.000,0.516667,0.666667,-0.537225,36.848,65.442,127.111,1861.5
Victor_9_puntos_intento_10.mp4,233,1941.667,True,132.000,163.000,0.000,225.000,43.000,0.516667,0.666667,-0.537225,36.618,65.781,127.735,1847.0
Victor_9_puntos_intento_10.mp4,234,1950.000,True,132.000,163.000,0.000,225.000,43.000,0.516667,0.666667,-0.537225,36.626,66.370,127.070,1866.5
Victor_9_puntos_intento_10.mp4,235,1958.333,True,132.000,163.000,0.000,225.000,43.000,0.516667,0.666667,-0.537225,36.756,66.509,127.315,1864.5
Victor_9_puntos_intento_10.mp4,236,1966.667,True,132.000,163.000,0.000,225.000,43.000,0.516667,0.666667,-0.537225,36.676,66.539,126.673,1874.0
Victor_9_puntos_intento_10.mp4,237,1975.000,True,132.000,163.000,0.000,225.000,43.000,0.516667,0.666667,-0.537225,36.418,66.236,127.073,1847.0
Victor_9_puntos_intento_10.mp4,238,1983.333,True,132.000,163.000,0.000,225.000,43.000,0.516667,0.666667,-0.537225,36.832,66.284,127.359,1873.5
Victor_9_puntos_intento_10.mp4,239,1991.667,True,132.000,163.000,0.000,225.000,43.000,0.516667,0.666667,-0.537225,36.741,66.245,127.213,1871.0
Victor_9_puntos_intento_10.mp4,240,2000.000,True,132.000,163.000,0.000,225.000,43.000,0.516667,0.666667,-0.537225,37.271,66.572,126.850,1899.5
Victor_9_puntos_intento_10.mp4,241,2008.333,True,132.000,163.000,0.000,225.000,43.000,0.516667,0.666667,-0.537225,37.241,65.778,127.114,1847.5
Victor_9_puntos_intento_10.mp4,242,2016.667,True,132.000,163.000,0.000,225.000,43.000,0.516667,0.666667,-0.537225,37.474,65.418,127.111,1860.0
Victor_9_puntos_intento_10.mp4,243,2025.000,True,132.000,163.000,0.000,225.000,43.000,0.516667,0.666667,-0.537225,37.077,66.278,127.159,1871.5
Victor_9_puntos_intento_10.mp4,244,2033.333,True,132.000,163.000,0.000,225.000,43.000,0.516667,0.666667,-0.537225,37.082,66.729,128.100,1872.5
Victor_9_puntos_intento_10.mp4,245,2041.667,True,132.000,163.000,0.000,225.000,43.000,0.516667,0.666667,-0.537225,36.453,65.858,127.351,1855.5
Victor_9_puntos_intento_10.mp4,246,2050.000,True,132.000,163.000,0.000,225.000,43.000,0.516667,0.666667,-0.537225,36.809,65.645,127.857,1855.5
Victor_9_puntos_intento_10.mp4,247,2058.333,True,132.000,163.000,0.000,225.000,43.000,0.516667,0.666667,-0.537225,36.770,66.292,127.643,1868.0
Victor_9_puntos_intento_10.mp4,248,2066.667,True,132.000,163.000,0.000,225.000,43.000,0.516667,0.666667,-0.537225,36.745,66.155,127.580,1867.0
Victor_9_puntos_intento_10.mp4,249,2075.000,True,132.000,163.000,0.000,225.000,43.000,0.516667,0.666667,-0.537225,36.747,66.552,127.276,1860.5
Victor_9_puntos_intento_10.mp4,250,2083.333,True,132.000,163.000,0.000,225.000,43.000,0.516667,0.666667,-0.537225,36.779,66.452,127.644,1857.5
Victor_9_puntos_intento_10.mp4,251,2091.667,True,132.000,163.000,0.000,225.000,43.000,0.516667,0.666667,-0.537225,36.818,66.499,127.802,1859.0
Victor_9_puntos_intento_10.mp4,252,2100.000,True,132.000,163.000,0.000,225.000,43.000,0.516667,0.666667,-0.537225,37.100,66.402,127.706,1876.5
Victor_9_puntos_intento_10.mp4,253,2108.333,True,132.000,163.000,0.000,225.000,43.000,0.516667,0.666667,-0.537225,36.479,65.758,127.477,1848.0
Victor_9_puntos_intento_10.mp4,254,2116.667,True,132.000,163.000,0.000,225.000,43.000,0.516667,0.666667,-0.537225,36.782,66.174,127.430,1853.5
Victor_9_puntos_intento_10.mp4,255,2125.000,True,132.000,163.000,0.000,225.000,43.000,0.516667,0.666667,-0.537225,36.808,66.352,127.306,1862.0
Victor_9_puntos_intento_10.mp4,256,2133.333,True,132.000,163.000,0.000,225.000,43.000,0.516667,0.666667,-0.537225,36.965,65.665,126.934,1851.0
Victor_9_puntos_intento_10.mp4,257,2141.667,True,132.000,163.000,0.000,225.000,43.000,0.516667,0.666667,-0.537225,36.971,65.475,127.071,1860.5
Victor_9_puntos_intento_10.mp4,258,2150.000,True,132.000,163.000,0.000,225.000,43.000,0.516667,0.666667,-0.537225,36.996,65.848,127.558,1876.5
Victor_9_puntos_intento_10.mp4,259,2158.333,True,132.000,163.000,0.000,225.000,43.000,0.516667,0.666667,-0.537225,36.780,66.032,127.306,1873.0
Victor_9_puntos_intento_10.mp4,260,2166.667,True,132.000,163.000,0.000,225.000,43.000,0.516667,0.666667,-0.537225,36.874,66.346,126.635,1876.5
Victor_9_puntos_intento_10.mp4,261,2175.000,True,132.000,163.000,0.000,225.000,43.000,0.516667,0.666667,-0.537225,36.481,66.487,127.534,1862.5
Victor_9_puntos_intento_10.mp4,262,2183.333,True,132.000,163.000,0.000,225.000,43.000,0.516667,0.666667,-0.537225,36.788,66.275,127.302,1864.0
Victor_9_puntos_intento_10.mp4,263,2191.667,True,132.000,163.000,0.000,225.000,43.000,0.516667,0.666667,-0.537225,37.049,66.565,126.901,1879.5
Victor_9_puntos_intento_10.mp4,264,2200.000,True,132.000,163.000,0.000,225.000,43.000,0.516667,0.666667,-0.537225,36.879,66.365,126.535,1877.5
Victor_9_puntos_intento_10.mp4,265,2208.333,True,132.000,163.000,0.000,225.000,43.000,0.516667,0.666667,-0.537225,37.180,65.887,127.233,1860.5
Victor_9_puntos_intento_10.mp4,266,2216.667,True,132.000,163.000,0.000,225.000,43.000,0.516667,0.666667,-0.537225,37.245,65.961,126.704,1864.0
Victor_9_puntos_intento_10.mp4,267,2225.000,True,132.000,163.000,0.000,225.000,43.000,0.516667,0.666667,-0.537225,37.008,66.203,127.440,1870.0
Victor_9_puntos_intento_10.mp4,268,2233.333,True,132.000,163.000,0.000,225.000,43.000,0.516667,0.666667,-0.537225,36.934,66.739,127.369,1882.0
Victor_9_puntos_intento_10.mp4,269,2241.667,True,132.000,163.000,0.000,225.000,43.000,0.516667,0.666667,-0.537225,37.106,66.669,127.103,1888.0
Victor_9_puntos_intento_10.mp4,270,2250.000,True,132.000,163.000,0.000,225.000,43.000,0.516667,0.666667,-0.537225,37.426,66.591,126.876,1885.5
Victor_9_puntos_intento_10.mp4,271,2258.333,True,132.000,163.000,0.000,225.000,43.000,0.516667,0.666667,-0.537225,36.750,66.436,127.220,1861.5
Victor_9_puntos_intento_10.mp4,272,2266.667,True,132.000,163.000,0.000,225.000,43.000,0.516667,0.666667,-0.537225,37.370,66.369,127.598,1895.0
Victor_9_puntos_intento_10.mp4,273,2275.000,True,132.000,163.000,0.000,225.000,43.000,0.516667,0.666667,-0.537225,37.024,66.068,126.390,1880.5
Victor_9_puntos_intento_10.mp4,274,2283.333,True,132.000,163.000,0.000,225.000,43.000,0.516667,0.666667,-0.537225,37.065,67.185,127.257,1897.5
Victor_9_puntos_intento_10.mp4,275,2291.667,True,132.000,163.000,0.000,225.000,43.000,0.516667,0.666667,-0.537225,37.368,66.515,127.072,1890.0
Victor_9_puntos_intento_10.mp4,276,2300.000,True,132.000,163.000,0.000,225.000,43.000,0.516667,0.666667,-0.537225,37.164,66.571,126.380,1898.0
Victor_9_puntos_intento_10.mp4,277,2308.333,True,132.000,163.000,0.000,225.000,42.000,0.516667,0.672222,-0.530257,37.200,66.025,126.508,1855.0
Victor_9_puntos_intento_10.mp4,278,2316.667,True,132.000,163.000,0.000,225.000,43.000,0.516667,0.666667,-0.537225,37.419,66.030,127.089,1887.0
Victor_9_puntos_intento_10.mp4,279,2325.000,True,132.000,163.000,0.000,225.000,43.000,0.516667,0.666667,-0.537225,37.048,65.844,127.644,1861.5
Victor_9_puntos_intento_10.mp4,280,2333.333,True,132.000,163.000,0.000,225.000,43.000,0.516667,0.666667,-0.537225,36.904,65.912,127.993,1863.0
Victor_9_puntos_intento_10.mp4,281,2341.667,True,132.000,163.000,0.000,225.000,43.000,0.516667,0.666667,-0.537225,37.232,66.946,126.743,1890.0
Victor_9_puntos_intento_10.mp4,282,2350.000,True,132.000,163.000,0.000,225.000,43.000,0.516667,0.666667,-0.537225,37.331,66.905,127.876,1897.0
Victor_9_puntos_intento_10.mp4,283,2358.333,True,132.000,163.000,0.000,225.000,43.000,0.516667,0.666667,-0.537225,36.974,66.093,126.977,1868.5
Victor_9_puntos_intento_10.mp4,284,2366.667,True,132.000,163.000,0.000,225.000,43.000,0.516667,0.666667,-0.537225,36.996,66.465,127.790,1881.5
Victor_9_puntos_intento_10.mp4,285,2375.000,True,132.000,163.000,0.000,225.000,43.000,0.516667,0.666667,-0.537225,37.120,66.825,126.994,1901.5
Victor_9_puntos_intento_10.mp4,286,2383.333,True,132.000,163.000,0.000,225.000,43.000,0.516667,0.666667,-0.537225,37.083,67.217,127.849,1890.0
Victor_9_puntos_intento_10.mp4,287,2391.667,True,132.000,163.000,0.000,225.000,43.000,0.516667,0.666667,-0.537225,36.898,66.460,127.069,1893.5
Victor_9_puntos_intento_10.mp4,288,2400.000,True,132.000,163.000,0.000,225.000,43.000,0.516667,0.666667,-0.537225,37.549,66.673,127.538,1912.5
Victor_9_puntos_intento_10.mp4,289,2408.333,True,132.000,163.000,0.000,225.000,43.000,0.516667,0.666667,-0.537225,37.536,66.224,127.452,1890.0
Victor_9_puntos_intento_10.mp4,290,2416.667,True,132.000,163.000,0.000,225.000,43.000,0.516667,0.666667,-0.537225,36.952,66.704,127.111,1900.0
Victor_9_puntos_intento_10.mp4,291,2425.000,True,132.000,163.000,0.000,224.000,43.000,0.511111,0.666667,-0.542514,37.020,67.248,127.222,1897.0
Victor_9_puntos_intento_10.mp4,292,2433.333,True,132.000,163.000,0.000,225.000,43.000,0.516667,0.666667,-0.537225,37.230,66.860,127.347,1906.5
Victor_9_puntos_intento_10.mp4,293,2441.667,True,132.000,163.000,0.000,225.000,43.000,0.516667,0.666667,-0.537225,37.058,66.678,126.998,1904.0
Victor_9_puntos_intento_10.mp4,294,2450.000,True,132.000,163.000,0.000,224.000,43.000,0.511111,0.666667,-0.542514,37.906,66.332,127.221,1915.0
Victor_9_puntos_intento_10.mp4,295,2458.333,True,132.000,163.000,0.000,216.000,44.000,0.466667,0.661111,-0.587498,40.911,65.838,126.302,2026.0
Victor_9_puntos_intento_10.mp4,296,2466.667,True,132.000,163.000,0.000,204.000,44.000,0.400000,0.661111,-0.634769,44.174,66.016,121.138,2213.5
Victor_9_puntos_intento_10.mp4,297,2475.000,True,132.000,163.000,0.000,194.000,45.000,0.344444,0.655556,-0.672016,46.741,67.189,118.838,2366.5
Victor_9_puntos_intento_10.mp4,298,2483.333,True,132.000,163.000,0.000,184.000,47.000,0.288889,0.644444,-0.707979,48.993,68.585,116.406,2472.5
Victor_9_puntos_intento_10.mp4,299,2491.667,True,132.000,163.000,0.000,177.000,48.000,0.250000,0.638889,-0.727544,49.992,68.764,115.745,2501.0
Victor_9_puntos_intento_10.mp4,300,2500.000,True,132.000,163.000,0.000,177.000,48.000,0.250000,0.638889,-0.727544,49.699,68.383,119.520,2508.0
Victor_9_puntos_intento_10.mp4,301,2508.333,True,132.000,163.000,0.000,179.000,47.000,0.261111,0.644444,-0.718688,48.571,67.926,121.245,2416.5
Victor_9_puntos_intento_10.mp4,302,2516.667,True,132.000,163.000,0.000,180.000,47.000,0.266667,0.644444,-0.716645,48.793,67.378,121.919,2423.0
Victor_9_puntos_intento_10.mp4,303,2525.000,True,132.000,163.000,0.000,179.000,47.000,0.261111,0.644444,-0.718688,47.787,67.948,121.457,2360.0
Victor_9_puntos_intento_10.mp4,304,2533.333,True,132.000,163.000,0.000,179.000,47.000,0.261111,0.644444,-0.718688,48.489,67.592,120.276,2392.0
Victor_9_puntos_intento_10.mp4,305,2541.667,True,132.000,163.000,0.000,179.000,47.000,0.261111,0.644444,-0.718688,48.835,68.347,121.818,2395.0
Victor_9_puntos_intento_10.mp4,306,2550.000,True,132.000,163.000,0.000,179.000,47.000,0.261111,0.644444,-0.718688,48.672,68.794,118.989,2409.0
Victor_9_puntos_intento_10.mp4,307,2558.333,True,132.000,163.000,0.000,179.000,47.000,0.261111,0.644444,-0.718688,48.868,68.522,119.484,2405.5
Victor_9_puntos_intento_10.mp4,308,2566.667,True,132.000,163.000,0.000,179.000,47.000,0.261111,0.644444,-0.718688,48.638,68.809,118.585,2423.5
Victor_9_puntos_intento_10.mp4,309,2575.000,True,132.000,163.000,0.000,180.000,47.000,0.266667,0.644444,-0.716645,48.370,68.032,119.414,2376.0
Victor_9_puntos_intento_10.mp4,310,2583.333,True,132.000,163.000,0.000,179.000,47.000,0.261111,0.644444,-0.718688,48.219,69.003,118.935,2387.5
Victor_9_puntos_intento_10.mp4,311,2591.667,True,132.000,163.000,0.000,179.000,47.000,0.261111,0.644444,-0.718688,48.414,69.553,117.983,2405.0
Victor_9_puntos_intento_10.mp4,312,2600.000,True,132.000,163.000,0.000,180.000,47.000,0.266667,0.644444,-0.716645,49.441,68.128,120.314,2419.5
Victor_9_puntos_intento_10.mp4,313,2608.333,True,132.000,163.000,0.000,180.000,46.000,0.266667,0.650000,-0.711610,48.600,69.251,118.768,2387.0
Victor_9_puntos_intento_10.mp4,314,2616.667,True,132.000,163.000,0.000,180.000,46.000,0.266667,0.650000,-0.711610,49.188,68.716,119.488,2418.5
Victor_9_puntos_intento_10.mp4,315,2625.000,True,132.000,163.000,0.000,180.000,46.000,0.266667,0.650000,-0.711610,48.962,69.019,119.309,2421.0
Victor_9_puntos_intento_10.mp4,316,2633.333,True,132.000,163.000,0.000,180.000,46.000,0.266667,0.650000,-0.711610,49.075,68.348,120.220,2418.5
Victor_9_puntos_intento_10.mp4,317,2641.667,True,132.000,163.000,0.000,180.000,46.000,0.266667,0.650000,-0.711610,48.720,68.827,119.320,2424.5
Victor_9_puntos_intento_10.mp4,318,2650.000,True,132.000,163.000,0.000,180.000,46.000,0.266667,0.650000,-0.711610,48.944,69.130,119.017,2434.5
Victor_9_puntos_intento_10.mp4,319,2658.333,True,132.000,163.000,0.000,180.000,46.000,0.266667,0.650000,-0.711610,48.914,70.056,117.871,2430.5
Victor_9_puntos_intento_10.mp4,320,2666.667,True,132.000,163.000,0.000,180.000,46.000,0.266667,0.650000,-0.711610,49.032,69.526,118.821,2423.5
Victor_9_puntos_intento_10.mp4,321,2675.000,True,132.000,163.000,0.000,180.000,46.000,0.266667,0.650000,-0.711610,48.546,70.413,118.957,2433.5
Victor_9_puntos_intento_10.mp4,322,2683.333,True,132.000,163.000,0.000,180.000,46.000,0.266667,0.650000,-0.711610,49.151,69.558,120.686,2461.0
Victor_9_puntos_intento_10.mp4,323,2691.667,True,132.000,163.000,0.000,180.000,46.000,0.266667,0.650000,-0.711610,49.170,70.498,119.522,2467.5
Victor_9_puntos_intento_10.mp4,324,2700.000,True,132.000,163.000,0.000,181.000,46.000,0.272222,0.650000,-0.709503,49.576,68.746,120.764,2485.0
Victor_9_puntos_intento_10.mp4,325,2708.333,True,132.000,163.000,0.000,181.000,46.000,0.272222,0.650000,-0.709503,49.540,69.138,120.974,2497.0
Victor_9_puntos_intento_10.mp4,326,2716.667,True,132.000,163.000,0.000,180.000,46.000,0.266667,0.650000,-0.711610,49.698,70.292,118.570,2504.0
Victor_9_puntos_intento_10.mp4,327,2725.000,True,132.000,163.000,0.000,181.000,46.000,0.272222,0.650000,-0.709503,49.227,70.216,119.128,2512.0
Victor_9_puntos_intento_10.mp4,328,2733.333,True,132.000,163.000,0.000,180.000,46.000,0.266667,0.650000,-0.711610,49.857,70.139,118.918,2537.0
Victor_9_puntos_intento_10.mp4,329,2741.667,True,132.000,163.000,0.000,181.000,46.000,0.272222,0.650000,-0.709503,49.528,69.115,119.527,2525.5
Victor_9_puntos_intento_10.mp4,330,2750.000,True,132.000,163.000,0.000,181.000,46.000,0.272222,0.650000,-0.709503,50.069,71.252,119.375,2562.0
Victor_9_puntos_intento_10.mp4,331,2758.333,True,132.000,163.000,0.000,181.000,46.000,0.272222,0.650000,-0.709503,49.816,71.230,120.353,2552.5
Victor_9_puntos_intento_10.mp4,332,2766.667,True,132.000,163.000,0.000,181.000,46.000,0.272222,0.650000,-0.709503,49.644,70.898,120.652,2565.5
Victor_9_puntos_intento_10.mp4,333,2775.000,True,132.000,163.000,0.000,181.000,46.000,0.272222,0.650000,-0.709503,49.585,70.969,118.291,2560.0
Victor_9_puntos_intento_10.mp4,334,2783.333,True,132.000,163.000,0.000,181.000,46.000,0.272222,0.650000,-0.709503,49.970,71.182,118.816,2583.0
Victor_9_puntos_intento_10.mp4,335,2791.667,True,132.000,163.000,0.000,181.000,46.000,0.272222,0.650000,-0.709503,50.990,68.753,119.648,2551.0
Victor_9_puntos_intento_10.mp4,336,2800.000,True,132.000,163.000,0.000,181.000,46.000,0.272222,0.650000,-0.709503,50.387,69.996,119.375,2591.0
Victor_9_puntos_intento_10.mp4,337,2808.333,True,132.000,163.000,0.000,181.000,46.000,0.272222,0.650000,-0.709503,50.238,70.798,119.594,2564.0
Victor_9_puntos_intento_10.mp4,338,2816.667,True,132.000,163.000,0.000,181.000,46.000,0.272222,0.650000,-0.709503,50.609,70.685,119.855,2562.5
Victor_9_puntos_intento_10.mp4,339,2825.000,True,132.000,163.000,0.000,181.000,46.000,0.272222,0.650000,-0.709503,50.436,70.824,119.729,2567.0
Victor_9_puntos_intento_10.mp4,340,2833.333,True,132.000,163.000,0.000,181.000,46.000,0.272222,0.650000,-0.709503,50.656,70.833,118.573,2596.5
Victor_9_puntos_intento_10.mp4,341,2841.667,True,132.000,163.000,0.000,181.000,46.000,0.272222,0.650000,-0.709503,50.205,72.084,119.048,2611.5
Victor_9_puntos_intento_10.mp4,342,2850.000,True,132.000,163.000,0.000,180.000,46.000,0.266667,0.650000,-0.711610,50.444,72.472,117.516,2629.5
Victor_9_puntos_intento_10.mp4,343,2858.333,True,132.000,163.000,0.000,181.000,46.000,0.272222,0.650000,-0.709503,50.713,71.551,117.726,2611.5
Victor_9_puntos_intento_10.mp4,344,2866.667,True,132.000,163.000,0.000,180.000,46.000,0.266667,0.650000,-0.711610,50.356,72.214,118.191,2611.5
Victor_9_puntos_intento_10.mp4,345,2875.000,True,132.000,163.000,0.000,180.000,46.000,0.266667,0.650000,-0.711610,50.673,72.854,117.985,2643.5
Victor_9_puntos_intento_10.mp4,346,2883.333,True,132.000,163.000,0.000,180.000,46.000,0.266667,0.650000,-0.711610,50.496,72.199,117.677,2609.0
Victor_9_puntos_intento_10.mp4,347,2891.667,True,132.000,163.000,0.000,181.000,46.000,0.272222,0.650000,-0.709503,50.426,72.623,117.448,2625.5
Victor_9_puntos_intento_10.mp4,348,2900.000,True,132.000,163.000,0.000,181.000,46.000,0.272222,0.650000,-0.709503,50.785,72.581,117.685,2640.5
Victor_9_puntos_intento_10.mp4,349,2908.333,True,132.000,163.000,0.000,180.000,46.000,0.266667,0.650000,-0.711610,50.763,73.168,116.602,2627.5
Victor_9_puntos_intento_10.mp4,350,2916.667,True,132.000,163.000,0.000,180.000,46.000,0.266667,0.650000,-0.711610,50.977,72.331,118.343,2632.5
Victor_9_puntos_intento_10.mp4,351,2925.000,True,132.000,163.000,0.000,181.000,46.000,0.272222,0.650000,-0.709503,50.748,71.641,121.549,2613.5
Victor_9_puntos_intento_10.mp4,352,2933.333,True,132.000,163.000,0.000,181.000,46.000,0.272222,0.650000,-0.709503,50.535,72.238,120.662,2639.0
Victor_9_puntos_intento_10.mp4,353,2941.667,True,132.000,163.000,0.000,181.000,46.000,0.272222,0.650000,-0.709503,50.226,71.474,121.002,2601.5
Victor_9_puntos_intento_10.mp4,354,2950.000,True,132.000,163.000,0.000,181.000,46.000,0.272222,0.650000,-0.709503,50.467,71.804,119.367,2606.5
Victor_9_puntos_intento_10.mp4,355,2958.333,True,132.000,163.000,0.000,181.000,46.000,0.272222,0.650000,-0.709503,50.660,71.093,119.378,2596.5
Victor_9_puntos_intento_10.mp4,356,2966.667,True,132.000,163.000,0.000,182.000,46.000,0.277778,0.650000,-0.707347,50.752,70.664,121.503,2630.0
Victor_9_puntos_intento_10.mp4,357,2975.000,True,132.000,163.000,0.000,181.000,46.000,0.272222,0.650000,-0.709503,50.371,71.077,120.020,2603.5
Victor_9_puntos_intento_10.mp4,358,2983.333,True,132.000,163.000,0.000,181.000,46.000,0.272222,0.650000,-0.709503,50.064,71.140,120.137,2580.0
Victor_9_puntos_intento_10.mp4,359,2991.667,True,132.000,163.000,0.000,181.000,46.000,0.272222,0.650000,-0.709503,50.055,71.261,120.331,2590.0
Victor_9_puntos_intento_10.mp4,360,3000.000,True,132.000,163.000,0.000,181.000,46.000,0.272222,0.650000,-0.709503,50.322,71.399,118.472,2587.5
Victor_9_puntos_intento_10.mp4,361,3008.333,True,132.000,163.000,0.000,181.000,46.000,0.272222,0.650000,-0.709503,49.738,71.377,118.429,2550.0
Victor_9_puntos_intento_10.mp4,362,3016.667,True,132.000,163.000,0.000,182.000,46.000,0.277778,0.650000,-0.707347,49.775,70.979,120.133,2541.5
Victor_9_puntos_intento_10.mp4,363,3025.000,True,132.000,163.000,0.000,181.000,46.000,0.272222,0.650000,-0.709503,49.129,70.630,119.514,2514.5
Victor_9_puntos_intento_10.mp4,364,3033.333,True,132.000,163.000,0.000,182.000,46.000,0.277778,0.650000,-0.707347,49.333,69.941,119.465,2511.5
Victor_9_puntos_intento_10.mp4,365,3041.667,True,132.000,163.000,0.000,182.000,46.000,0.277778,0.650000,-0.707347,49.289,69.975,120.938,2486.5
Victor_9_puntos_intento_10.mp4,366,3050.000,True,132.000,163.000,0.000,182.000,46.000,0.277778,0.650000,-0.707347,49.428,69.954,121.283,2483.5
Victor_9_puntos_intento_10.mp4,367,3058.333,True,132.000,163.000,0.000,182.000,46.000,0.277778,0.650000,-0.707347,48.968,70.015,119.171,2475.5
Victor_9_puntos_intento_10.mp4,368,3066.667,True,132.000,163.000,0.000,182.000,46.000,0.277778,0.650000,-0.707347,49.261,70.201,120.411,2460.0
Victor_9_puntos_intento_10.mp4,369,3075.000,True,132.000,163.000,0.000,182.000,46.000,0.277778,0.650000,-0.707347,48.806,69.635,120.920,2456.5
Victor_9_puntos_intento_10.mp4,370,3083.333,True,132.000,163.000,0.000,182.000,46.000,0.277778,0.650000,-0.707347,48.656,70.352,119.554,2449.0
Victor_9_puntos_intento_10.mp4,371,3091.667,True,132.000,163.000,0.000,182.000,46.000,0.277778,0.650000,-0.707347,48.710,69.438,121.425,2427.5
Victor_9_puntos_intento_10.mp4,372,3100.000,True,132.000,163.000,0.000,182.000,46.000,0.277778,0.650000,-0.707347,48.535,69.762,119.153,2419.5
Victor_9_puntos_intento_10.mp4,373,3108.333,True,132.000,163.000,0.000,182.000,46.000,0.277778,0.650000,-0.707347,48.327,69.350,117.776,2416.0
Victor_9_puntos_intento_10.mp4,374,3116.667,True,132.000,163.000,0.000,184.000,45.000,0.288889,0.655556,-0.697703,48.322,67.385,121.578,2364.0
Victor_9_puntos_intento_10.mp4,375,3125.000,True,132.000,163.000,0.000,183.000,45.000,0.283333,0.655556,-0.699978,47.783,67.916,121.182,2339.0
Victor_9_puntos_intento_10.mp4,376,3133.333,True,132.000,163.000,0.000,183.000,45.000,0.283333,0.655556,-0.699978,48.202,67.206,119.133,2343.0
Victor_9_puntos_intento_10.mp4,377,3141.667,True,132.000,163.000,0.000,183.000,45.000,0.283333,0.655556,-0.699978,47.279,68.194,119.379,2333.5
Victor_9_puntos_intento_10.mp4,378,3150.000,True,132.000,163.000,0.000,183.000,45.000,0.283333,0.655556,-0.699978,47.688,68.260,118.144,2333.5
Victor_9_puntos_intento_10.mp4,379,3158.333,True,132.000,163.000,0.000,183.000,45.000,0.283333,0.655556,-0.699978,47.688,68.430,117.724,2331.5
Victor_9_puntos_intento_10.mp4,380,3166.667,True,132.000,163.000,0.000,183.000,45.000,0.283333,0.655556,-0.699978,47.790,67.548,121.347,2313.5
Victor_9_puntos_intento_10.mp4,381,3175.000,True,132.000,163.000,0.000,183.000,45.000,0.283333,0.655556,-0.699978,47.325,67.687,120.759,2311.0
Victor_9_puntos_intento_10.mp4,382,3183.333,True,132.000,163.000,0.000,183.000,45.000,0.283333,0.655556,-0.699978,47.321,67.983,121.600,2300.5
Victor_9_puntos_intento_10.mp4,383,3191.667,True,132.000,163.000,0.000,183.000,45.000,0.283333,0.655556,-0.699978,47.525,67.756,120.685,2300.0
Victor_9_puntos_intento_10.mp4,384,3200.000,True,132.000,163.000,0.000,183.000,45.000,0.283333,0.655556,-0.699978,47.311,68.667,120.824,2305.0
Victor_9_puntos_intento_10.mp4,385,3208.333,True,132.000,163.000,0.000,183.000,45.000,0.283333,0.655556,-0.699978,47.199,66.684,121.341,2281.5
Victor_9_puntos_intento_10.mp4,386,3216.667,True,132.000,163.000,0.000,183.000,45.000,0.283333,0.655556,-0.699978,47.127,66.882,120.158,2297.0
Victor_9_puntos_intento_10.mp4,387,3225.000,True,132.000,163.000,0.000,183.000,45.000,0.283333,0.655556,-0.699978,46.805,67.053,120.582,2277.0
Victor_9_puntos_intento_10.mp4,388,3233.333,True,132.000,163.000,0.000,182.000,45.000,0.277778,0.655556,-0.702201,46.977,67.408,117.476,2286.0
Victor_9_puntos_intento_10.mp4,389,3241.667,True,132.000,163.000,0.000,183.000,45.000,0.283333,0.655556,-0.699978,47.125,67.034,120.123,2258.5
Victor_9_puntos_intento_10.mp4,390,3250.000,True,132.000,163.000,0.000,183.000,45.000,0.283333,0.655556,-0.699978,46.481,66.340,120.735,2255.0
Victor_9_puntos_intento_10.mp4,391,3258.333,True,132.000,163.000,0.000,183.000,44.000,0.283333,0.661111,-0.694733,45.985,66.674,120.471,2230.0
Victor_9_puntos_intento_10.mp4,392,3266.667,True,132.000,163.000,0.000,182.000,44.000,0.277778,0.661111,-0.696973,46.441,67.646,119.933,2256.0
Victor_9_puntos_intento_10.mp4,393,3275.000,True,132.000,163.000,0.000,183.000,45.000,0.283333,0.655556,-0.699978,46.673,66.007,120.714,2252.0
Victor_9_puntos_intento_10.mp4,394,3283.333,True,132.000,163.000,0.000,183.000,45.000,0.283333,0.655556,-0.699978,46.219,65.378,121.349,2241.0
Victor_9_puntos_intento_10.mp4,395,3291.667,True,132.000,163.000,0.000,183.000,45.000,0.283333,0.655556,-0.699978,46.426,65.217,120.508,2236.5
Victor_9_puntos_intento_10.mp4,396,3300.000,True,132.000,163.000,0.000,183.000,45.000,0.283333,0.655556,-0.699978,46.729,65.817,119.579,2248.0
Victor_9_puntos_intento_10.mp4,397,3308.333,True,132.000,163.000,0.000,183.000,45.000,0.283333,0.655556,-0.699978,46.194,66.455,118.965,2196.0
Victor_9_puntos_intento_10.mp4,398,3316.667,True,132.000,163.000,0.000,183.000,45.000,0.283333,0.655556,-0.699978,46.070,65.983,120.140,2203.5
Victor_9_puntos_intento_10.mp4,399,3325.000,True,132.000,163.000,0.000,183.000,45.000,0.283333,0.655556,-0.699978,46.025,65.816,121.777,2205.0
Victor_9_puntos_intento_10.mp4,400,3333.333,True,132.000,163.000,0.000,183.000,45.000,0.283333,0.655556,-0.699978,46.682,65.856,120.876,2203.5
Victor_9_puntos_intento_10.mp4,401,3341.667,True,132.000,163.000,0.000,184.000,44.000,0.288889,0.661111,-0.692442,45.900,65.560,122.248,2187.0
Victor_9_puntos_intento_10.mp4,402,3350.000,True,132.000,163.000,0.000,183.000,44.000,0.283333,0.661111,-0.694733,45.861,65.782,121.859,2203.0
Victor_9_puntos_intento_10.mp4,403,3358.333,True,132.000,163.000,0.000,183.000,44.000,0.283333,0.661111,-0.694733,45.813,65.993,119.781,2187.5
Victor_9_puntos_intento_10.mp4,404,3366.667,True,132.000,163.000,0.000,183.000,44.000,0.283333,0.661111,-0.694733,45.900,65.474,119.845,2167.0
Victor_9_puntos_intento_10.mp4,405,3375.000,True,132.000,163.000,0.000,183.000,44.000,0.283333,0.661111,-0.694733,45.536,66.721,117.061,2151.0
Victor_9_puntos_intento_10.mp4,406,3383.333,True,132.000,163.000,0.000,183.000,44.000,0.283333,0.661111,-0.694733,46.057,66.282,119.410,2191.5
Victor_9_puntos_intento_10.mp4,407,3391.667,True,132.000,163.000,0.000,183.000,44.000,0.283333,0.661111,-0.694733,46.008,65.291,119.744,2152.0
Victor_9_puntos_intento_10.mp4,408,3400.000,True,132.000,163.000,0.000,183.000,44.000,0.283333,0.661111,-0.694733,46.194,65.925,119.354,2191.5
Victor_9_puntos_intento_10.mp4,409,3408.333,True,132.000,163.000,0.000,183.000,44.000,0.283333,0.661111,-0.694733,45.497,65.126,119.591,2147.0
Victor_9_puntos_intento_10.mp4,410,3416.667,True,132.000,163.000,0.000,183.000,45.000,0.283333,0.655556,-0.699978,45.915,65.081,119.573,2167.0
Victor_9_puntos_intento_10.mp4,411,3425.000,True,132.000,163.000,0.000,183.000,44.000,0.283333,0.661111,-0.694733,45.623,66.398,120.734,2161.5
Victor_9_puntos_intento_10.mp4,412,3433.333,True,132.000,163.000,0.000,183.000,44.000,0.283333,0.661111,-0.694733,45.595,66.309,119.202,2177.5
Victor_9_puntos_intento_10.mp4,413,3441.667,True,132.000,163.000,0.000,183.000,44.000,0.283333,0.661111,-0.694733,45.099,65.487,120.495,2116.5
Victor_9_puntos_intento_10.mp4,414,3450.000,True,132.000,163.000,0.000,183.000,44.000,0.283333,0.661111,-0.694733,45.321,64.649,119.718,2126.0
Victor_9_puntos_intento_10.mp4,415,3458.333,True,132.000,163.000,0.000,184.000,44.000,0.288889,0.661111,-0.692442,45.206,64.778,120.523,2132.5
Victor_9_puntos_intento_10.mp4,416,3466.667,True,132.000,163.000,0.000,184.000,44.000,0.288889,0.661111,-0.692442,44.981,65.044,120.095,2143.0
Victor_9_puntos_intento_10.mp4,417,3475.000,True,132.000,163.000,0.000,183.000,44.000,0.283333,0.661111,-0.694733,45.291,65.070,119.494,2143.5
Victor_9_puntos_intento_10.mp4,418,3483.333,True,132.000,163.000,0.000,184.000,44.000,0.288889,0.661111,-0.692442,45.451,65.008,120.806,2163.5
Victor_9_puntos_intento_10.mp4,419,3491.667,True,132.000,163.000,0.000,183.000,44.000,0.283333,0.661111,-0.694733,45.238,64.929,119.581,2148.0
Victor_9_puntos_intento_10.mp4,420,3500.000,True,132.000,163.000,0.000,184.000,44.000,0.288889,0.661111,-0.692442,45.466,64.204,120.510,2145.0
Victor_9_puntos_intento_10.mp4,421,3508.333,True,132.000,163.000,0.000,184.000,44.000,0.288889,0.661111,-0.692442,45.089,63.998,121.788,2116.5
Victor_9_puntos_intento_10.mp4,422,3516.667,True,132.000,163.000,0.000,183.000,44.000,0.283333,0.661111,-0.694733,45.493,64.655,119.141,2150.0
Victor_9_puntos_intento_10.mp4,423,3525.000,True,132.000,163.000,0.000,184.000,44.000,0.288889,0.661111,-0.692442,45.745,64.526,122.106,2131.0
Victor_9_puntos_intento_10.mp4,424,3533.333,True,132.000,163.000,0.000,184.000,44.000,0.288889,0.661111,-0.692442,45.265,64.810,121.162,2125.5
Victor_9_puntos_intento_10.mp4,425,3541.667,True,132.000,163.000,0.000,184.000,44.000,0.288889,0.661111,-0.692442,45.240,64.312,120.607,2120.0
Victor_9_puntos_intento_10.mp4,426,3550.000,True,132.000,163.000,0.000,184.000,44.000,0.288889,0.661111,-0.692442,45.215,64.675,120.474,2126.0
Victor_9_puntos_intento_10.mp4,427,3558.333,True,132.000,163.000,0.000,183.000,44.000,0.283333,0.661111,-0.694733,45.157,65.124,119.470,2116.0
Victor_9_puntos_intento_10.mp4,428,3566.667,True,132.000,163.000,0.000,184.000,44.000,0.288889,0.661111,-0.692442,45.308,63.440,122.881,2115.0
Victor_9_puntos_intento_10.mp4,429,3575.000,True,132.000,163.000,0.000,184.000,44.000,0.288889,0.661111,-0.692442,45.147,63.714,118.475,2087.5
Victor_9_puntos_intento_10.mp4,430,3583.333,True,132.000,163.000,0.000,183.000,44.000,0.283333,0.661111,-0.694733,45.225,65.291,116.944,2132.5
Victor_9_puntos_intento_10.mp4,431,3591.667,True,132.000,163.000,0.000,184.000,44.000,0.288889,0.661111,-0.692442,45.558,63.046,120.326,2129.0
Victor_9_puntos_intento_10.mp4,432,3600.000,True,132.000,163.000,0.000,184.000,44.000,0.288889,0.661111,-0.692442,44.865,63.466,122.903,2092.0
Victor_9_puntos_intento_10.mp4,433,3608.333,True,132.000,163.000,0.000,184.000,44.000,0.288889,0.661111,-0.692442,44.363,64.241,123.595,2097.5
Victor_9_puntos_intento_10.mp4,434,3616.667,True,132.000,163.000,0.000,183.000,44.000,0.283333,0.661111,-0.694733,44.415,65.522,119.613,2079.0
Victor_9_puntos_intento_10.mp4,435,3625.000,True,132.000,163.000,0.000,184.000,44.000,0.288889,0.661111,-0.692442,44.142,64.491,121.328,2081.5
Victor_9_puntos_intento_10.mp4,436,3633.333,True,132.000,163.000,0.000,184.000,44.000,0.288889,0.661111,-0.692442,44.560,64.632,122.150,2089.5
Victor_9_puntos_intento_10.mp4,437,3641.667,True,132.000,163.000,0.000,183.000,44.000,0.283333,0.661111,-0.694733,44.871,65.389,118.720,2082.0
Victor_9_puntos_intento_10.mp4,438,3650.000,True,132.000,163.000,0.000,183.000,44.000,0.283333,0.661111,-0.694733,44.430,64.933,118.558,2097.0
Victor_9_puntos_intento_10.mp4,439,3658.333,True,132.000,163.000,0.000,184.000,44.000,0.288889,0.661111,-0.692442,44.437,63.078,122.718,2054.0
Victor_9_puntos_intento_10.mp4,440,3666.667,True,132.000,163.000,0.000,184.000,44.000,0.288889,0.661111,-0.692442,44.830,63.755,121.694,2099.5
Victor_9_puntos_intento_10.mp4,441,3675.000,True,132.000,163.000,0.000,184.000,45.000,0.288889,0.655556,-0.697703,45.562,62.381,121.806,2084.0
Victor_9_puntos_intento_10.mp4,442,3683.333,True,132.000,163.000,0.000,184.000,45.000,0.288889,0.655556,-0.697703,45.215,62.837,119.380,2095.5
Victor_9_puntos_intento_10.mp4,443,3691.667,True,132.000,163.000,0.000,184.000,44.000,0.288889,0.661111,-0.692442,44.973,64.019,120.234,2089.5
Victor_9_puntos_intento_10.mp4,444,3700.000,True,132.000,163.000,0.000,183.000,44.000,0.283333,0.661111,-0.694733,44.809,65.248,119.814,2099.5
Victor_9_puntos_intento_10.mp4,445,3708.333,True,132.000,163.000,0.000,183.000,44.000,0.283333,0.661111,-0.694733,45.035,65.071,118.005,2109.0
Victor_9_puntos_intento_10.mp4,446,3716.667,True,132.000,163.000,0.000,183.000,44.000,0.283333,0.661111,-0.694733,45.387,64.886,118.568,2130.0
Victor_9_puntos_intento_10.mp4,447,3725.000,True,132.000,163.000,0.000,183.000,44.000,0.283333,0.661111,-0.694733,45.714,64.941,120.339,2117.5
Victor_9_puntos_intento_10.mp4,448,3733.333,True,132.000,163.000,0.000,183.000,44.000,0.283333,0.661111,-0.694733,45.737,64.708,117.505,2126.0
Victor_9_puntos_intento_10.mp4,449,3741.667,True,132.000,163.000,0.000,183.000,44.000,0.283333,0.661111,-0.694733,45.373,64.983,119.537,2124.5
Victor_9_puntos_intento_10.mp4,450,3750.000,True,132.000,163.000,0.000,183.000,44.000,0.283333,0.661111,-0.694733,45.437,65.654,116.803,2149.0
Victor_9_puntos_intento_10.mp4,451,3758.333,True,132.000,163.000,0.000,183.000,44.000,0.283333,0.661111,-0.694733,45.420,65.315,118.441,2120.0
Victor_9_puntos_intento_10.mp4,452,3766.667,True,132.000,163.000,0.000,183.000,44.000,0.283333,0.661111,-0.694733,45.486,66.114,118.609,2146.0
Victor_9_puntos_intento_10.mp4,453,3775.000,True,132.000,163.000,0.000,184.000,44.000,0.288889,0.661111,-0.692442,45.521,63.938,121.123,2119.0
Victor_9_puntos_intento_10.mp4,454,3783.333,True,132.000,163.000,0.000,183.000,45.000,0.283333,0.655556,-0.699978,45.552,64.602,120.335,2145.0
Victor_9_puntos_intento_10.mp4,455,3791.667,True,132.000,163.000,0.000,183.000,44.000,0.283333,0.661111,-0.694733,45.667,64.919,120.785,2115.5
Victor_9_puntos_intento_10.mp4,456,3800.000,True,132.000,163.000,0.000,184.000,45.000,0.288889,0.655556,-0.697703,45.909,64.140,119.402,2130.0
Victor_9_puntos_intento_10.mp4,457,3808.333,True,132.000,163.000,0.000,183.000,44.000,0.283333,0.661111,-0.694733,45.191,64.818,121.593,2117.0
Victor_9_puntos_intento_10.mp4,458,3816.667,True,132.000,163.000,0.000,183.000,44.000,0.283333,0.661111,-0.694733,45.206,65.035,120.309,2137.5
Victor_9_puntos_intento_10.mp4,459,3825.000,True,132.000,163.000,0.000,184.000,44.000,0.288889,0.661111,-0.692442,45.070,64.505,121.344,2126.5
Victor_9_puntos_intento_10.mp4,460,3833.333,True,132.000,163.000,0.000,183.000,44.000,0.283333,0.661111,-0.694733,45.059,66.486,118.327,2145.5
Victor_9_puntos_intento_10.mp4,461,3841.667,True,132.000,163.000,0.000,183.000,44.000,0.283333,0.661111,-0.694733,45.852,64.893,119.447,2150.5
Victor_9_puntos_intento_10.mp4,462,3850.000,True,132.000,163.000,0.000,183.000,44.000,0.283333,0.661111,-0.694733,45.980,65.041,118.661,2185.0
Victor_9_puntos_intento_10.mp4,463,3858.333,True,132.000,163.000,0.000,183.000,45.000,0.283333,0.655556,-0.699978,45.631,64.876,121.559,2168.5
Victor_9_puntos_intento_10.mp4,464,3866.667,True,132.000,163.000,0.000,183.000,44.000,0.283333,0.661111,-0.694733,45.574,65.862,120.802,2163.5
Victor_9_puntos_intento_10.mp4,465,3875.000,True,132.000,163.000,0.000,183.000,44.000,0.283333,0.661111,-0.694733,45.508,65.812,120.534,2146.0
Victor_9_puntos_intento_10.mp4,466,3883.333,True,132.000,163.000,0.000,183.000,44.000,0.283333,0.661111,-0.694733,45.056,66.365,119.025,2127.0
Victor_9_puntos_intento_10.mp4,467,3891.667,True,132.000,163.000,0.000,183.000,44.000,0.283333,0.661111,-0.694733,44.918,66.684,119.779,2137.5
Victor_9_puntos_intento_10.mp4,468,3900.000,True,132.000,163.000,0.000,184.000,44.000,0.288889,0.661111,-0.692442,45.146,65.523,121.861,2151.0
Victor_9_puntos_intento_10.mp4,469,3908.333,True,132.000,163.000,0.000,184.000,44.000,0.288889,0.661111,-0.692442,45.377,65.618,119.279,2131.5
Victor_9_puntos_intento_10.mp4,470,3916.667,True,132.000,163.000,0.000,184.000,44.000,0.288889,0.661111,-0.692442,45.701,65.327,121.061,2168.0
Victor_9_puntos_intento_10.mp4,471,3925.000,True,132.000,163.000,0.000,184.000,44.000,0.288889,0.661111,-0.692442,46.038,64.853,120.885,2167.5
Victor_9_puntos_intento_10.mp4,472,3933.333,True,132.000,163.000,0.000,184.000,44.000,0.288889,0.661111,-0.692442,46.014,66.042,119.726,2200.5
Victor_9_puntos_intento_10.mp4,473,3941.667,True,132.000,163.000,0.000,184.000,44.000,0.288889,0.661111,-0.692442,44.999,66.878,120.811,2161.0
Victor_9_puntos_intento_10.mp4,474,3950.000,True,132.000,163.000,0.000,184.000,44.000,0.288889,0.661111,-0.692442,45.958,65.205,121.059,2177.5
Victor_9_puntos_intento_10.mp4,475,3958.333,True,132.000,163.000,0.000,184.000,45.000,0.288889,0.655556,-0.697703,45.893,64.594,121.131,2176.0
Victor_9_puntos_intento_10.mp4,476,3966.667,True,132.000,163.000,0.000,184.000,45.000,0.288889,0.655556,-0.697703,46.337,64.455,120.611,2186.5
Victor_9_puntos_intento_10.mp4,477,3975.000,True,132.000,163.000,0.000,184.000,44.000,0.288889,0.661111,-0.692442,45.432,64.574,120.796,2093.5
Victor_9_puntos_intento_10.mp4,478,3983.333,True,132.000,163.000,0.000,184.000,44.000,0.288889,0.661111,-0.692442,45.177,64.719,120.823,2107.0
Victor_9_puntos_intento_10.mp4,479,3991.667,True,132.000,163.000,0.000,184.000,44.000,0.288889,0.661111,-0.692442,44.868,64.788,120.511,2108.0
Victor_9_puntos_intento_10.mp4,480,4000.000,True,132.000,163.000,0.000,184.000,44.000,0.288889,0.661111,-0.692442,45.453,64.293,120.234,2086.5
Victor_9_puntos_intento_10.mp4,481,4008.333,True,132.000,163.000,0.000,184.000,44.000,0.288889,0.661111,-0.692442,44.240,65.561,120.919,2079.0
Victor_9_puntos_intento_10.mp4,482,4016.667,True,132.000,163.000,0.000,184.000,44.000,0.288889,0.661111,-0.692442,44.657,65.837,120.646,2085.0
Victor_9_puntos_intento_10.mp4,483,4025.000,True,132.000,163.000,0.000,184.000,44.000,0.288889,0.661111,-0.692442,44.747,65.188,122.188,2079.0
Victor_9_puntos_intento_10.mp4,484,4033.333,True,132.000,163.000,0.000,184.000,44.000,0.288889,0.661111,-0.692442,45.060,65.898,120.988,2116.0
Victor_9_puntos_intento_10.mp4,485,4041.667,True,132.000,163.000,0.000,184.000,44.000,0.288889,0.661111,-0.692442,45.043,65.390,120.869,2083.0
Victor_9_puntos_intento_10.mp4,486,4050.000,True,132.000,163.000,0.000,184.000,44.000,0.288889,0.661111,-0.692442,45.162,65.010,122.785,2088.5
Victor_9_puntos_intento_10.mp4,487,4058.333,True,132.000,163.000,0.000,183.000,44.000,0.283333,0.661111,-0.694733,45.229,64.665,119.069,2081.0
Victor_9_puntos_intento_10.mp4,488,4066.667,True,132.000,163.000,0.000,183.000,44.000,0.283333,0.661111,-0.694733,45.515,65.744,119.567,2131.5
Victor_9_puntos_intento_10.mp4,489,4075.000,True,132.000,163.000,0.000,183.000,44.000,0.283333,0.661111,-0.694733,45.494,66.261,117.938,2098.5
Victor_9_puntos_intento_10.mp4,490,4083.333,True,132.000,163.000,0.000,183.000,44.000,0.283333,0.661111,-0.694733,44.872,66.210,118.631,2112.0
Victor_9_puntos_intento_10.mp4,491,4091.667,True,132.000,163.000,0.000,183.000,44.000,0.283333,0.661111,-0.694733,44.892,66.558,118.848,2102.0
Victor_9_puntos_intento_10.mp4,492,4100.000,True,132.000,163.000,0.000,183.000,44.000,0.283333,0.661111,-0.694733,44.699,66.111,120.186,2104.0
Victor_9_puntos_intento_10.mp4,493,4108.333,True,132.000,163.000,0.000,183.000,44.000,0.283333,0.661111,-0.694733,45.155,65.801,120.222,2087.5
Victor_9_puntos_intento_10.mp4,494,4116.667,True,132.000,163.000,0.000,183.000,44.000,0.283333,0.661111,-0.694733,45.648,65.050,120.160,2130.5
Victor_9_puntos_intento_10.mp4,495,4125.000,True,132.000,163.000,0.000,183.000,44.000,0.283333,0.661111,-0.694733,45.022,64.918,120.304,2100.0
Victor_9_puntos_intento_10.mp4,496,4133.333,True,132.000,163.000,0.000,183.000,44.000,0.283333,0.661111,-0.694733,45.270,65.337,120.994,2093.0
Victor_9_puntos_intento_10.mp4,497,4141.667,True,132.000,163.000,0.000,183.000,44.000,0.283333,0.661111,-0.694733,45.049,65.426,118.818,2079.0
Victor_9_puntos_intento_10.mp4,498,4150.000,True,132.000,163.000,0.000,184.000,44.000,0.288889,0.661111,-0.692442,45.469,64.958,119.831,2119.0
Victor_9_puntos_intento_10.mp4,499,4158.333,True,132.000,163.000,0.000,183.000,44.000,0.283333,0.661111,-0.694733,45.282,65.769,118.662,2113.0
Victor_9_puntos_intento_10.mp4,500,4166.667,True,132.000,163.000,0.000,183.000,44.000,0.283333,0.661111,-0.694733,45.132,65.978,120.369,2103.5
Victor_9_puntos_intento_10.mp4,501,4175.000,True,132.000,163.000,0.000,183.000,44.000,0.283333,0.661111,-0.694733,45.695,64.871,120.929,2091.0
Victor_9_puntos_intento_10.mp4,502,4183.333,True,132.000,163.000,0.000,183.000,44.000,0.283333,0.661111,-0.694733,45.602,65.918,119.465,2121.0
Victor_9_puntos_intento_10.mp4,503,4191.667,True,132.000,163.000,0.000,183.000,44.000,0.283333,0.661111,-0.694733,45.085,65.629,121.334,2098.5
Victor_9_puntos_intento_10.mp4,504,4200.000,True,132.000,163.000,0.000,183.000,44.000,0.283333,0.661111,-0.694733,45.114,66.772,120.686,2114.5
Victor_9_puntos_intento_10.mp4,505,4208.333,True,132.000,163.000,0.000,184.000,44.000,0.288889,0.661111,-0.692442,45.504,63.871,123.523,2089.0
Victor_9_puntos_intento_10.mp4,506,4216.667,True,132.000,163.000,0.000,184.000,45.000,0.288889,0.655556,-0.697703,45.841,63.804,125.281,2104.5
Victor_9_puntos_intento_10.mp4,507,4225.000,True,132.000,163.000,0.000,183.000,44.000,0.283333,0.661111,-0.694733,45.814,65.657,122.169,2137.5
Victor_9_puntos_intento_10.mp4,508,4233.333,True,132.000,163.000,0.000,184.000,44.000,0.288889,0.661111,-0.692442,45.533,64.693,123.079,2121.5
Victor_9_puntos_intento_10.mp4,509,4241.667,True,132.000,163.000,0.000,184.000,45.000,0.288889,0.655556,-0.697703,45.062,65.004,121.935,2097.0
Victor_9_puntos_intento_10.mp4,510,4250.000,True,132.000,163.000,0.000,184.000,44.000,0.288889,0.661111,-0.692442,45.767,64.589,123.880,2129.0
Victor_9_puntos_intento_10.mp4,511,4258.333,True,132.000,163.000,0.000,184.000,45.000,0.288889,0.655556,-0.697703,45.736,63.987,123.677,2116.0
Victor_9_puntos_intento_10.mp4,512,4266.667,True,132.000,163.000,0.000,184.000,44.000,0.288889,0.661111,-0.692442,46.246,65.193,120.235,2142.0
Victor_9_puntos_intento_10.mp4,513,4275.000,True,132.000,163.000,0.000,184.000,44.000,0.288889,0.661111,-0.692442,45.403,65.848,122.154,2135.5
Victor_9_puntos_intento_10.mp4,514,4283.333,True,132.000,163.000,0.000,184.000,44.000,0.288889,0.661111,-0.692442,45.449,65.204,122.843,2124.0
Victor_9_puntos_intento_10.mp4,515,4291.667,True,132.000,163.000,0.000,184.000,44.000,0.288889,0.661111,-0.692442,45.286,65.531,121.491,2103.5
Victor_9_puntos_intento_10.mp4,516,4300.000,True,132.000,163.000,0.000,184.000,44.000,0.288889,0.661111,-0.692442,45.297,65.157,122.360,2149.5
Victor_9_puntos_intento_10.mp4,517,4308.333,True,132.000,163.000,0.000,184.000,45.000,0.288889,0.655556,-0.697703,46.490,64.840,120.602,2147.5
Victor_9_puntos_intento_10.mp4,518,4316.667,True,132.000,163.000,0.000,183.000,44.000,0.283333,0.661111,-0.694733,45.246,66.639,119.658,2136.5
Victor_9_puntos_intento_10.mp4,519,4325.000,True,132.000,163.000,0.000,184.000,44.000,0.288889,0.661111,-0.692442,45.530,65.508,119.890,2128.5
Victor_9_puntos_intento_10.mp4,520,4333.333,True,132.000,163.000,0.000,184.000,44.000,0.288889,0.661111,-0.692442,45.647,66.086,120.425,2146.5
Victor_9_puntos_intento_10.mp4,521,4341.667,True,132.000,163.000,0.000,184.000,44.000,0.288889,0.661111,-0.692442,45.948,66.268,120.732,2147.0
Victor_9_puntos_intento_10.mp4,522,4350.000,True,132.000,163.000,0.000,184.000,45.000,0.288889,0.655556,-0.697703,46.018,65.759,121.630,2157.0
Victor_9_puntos_intento_10.mp4,523,4358.333,True,132.000,163.000,0.000,184.000,44.000,0.288889,0.661111,-0.692442,45.647,66.278,119.808,2161.0
Victor_9_puntos_intento_10.mp4,524,4366.667,True,132.000,163.000,0.000,184.000,45.000,0.288889,0.655556,-0.697703,45.794,66.462,121.114,2179.5
Victor_9_puntos_intento_10.mp4,525,4375.000,True,132.000,163.000,0.000,184.000,44.000,0.288889,0.661111,-0.692442,45.542,66.662,123.404,2143.0
Victor_9_puntos_intento_10.mp4,526,4383.333,True,132.000,163.000,0.000,184.000,44.000,0.288889,0.661111,-0.692442,45.881,66.356,122.825,2163.0
Victor_9_puntos_intento_10.mp4,527,4391.667,True,132.000,163.000,0.000,184.000,44.000,0.288889,0.661111,-0.692442,45.865,66.266,120.624,2157.5
Victor_9_puntos_intento_10.mp4,528,4400.000,True,132.000,163.000,0.000,184.000,45.000,0.288889,0.655556,-0.697703,45.892,66.078,119.930,2160.0
Victor_9_puntos_intento_10.mp4,529,4408.333,True,132.000,163.000,0.000,183.000,44.000,0.283333,0.661111,-0.694733,45.265,67.216,118.907,2152.5
Victor_9_puntos_intento_10.mp4,530,4416.667,True,132.000,163.000,0.000,183.000,44.000,0.283333,0.661111,-0.694733,45.966,67.031,120.576,2168.0
Victor_9_puntos_intento_10.mp4,531,4425.000,True,132.000,163.000,0.000,183.000,44.000,0.283333,0.661111,-0.694733,45.930,66.477,120.138,2166.0
Victor_9_puntos_intento_10.mp4,532,4433.333,True,132.000,163.000,0.000,184.000,44.000,0.288889,0.661111,-0.692442,45.801,66.021,122.485,2192.0
Victor_9_puntos_intento_10.mp4,533,4441.667,True,132.000,163.000,0.000,184.000,44.000,0.288889,0.661111,-0.692442,46.083,66.536,119.461,2183.0
Victor_9_puntos_intento_10.mp4,534,4450.000,True,132.000,163.000,0.000,183.000,44.000,0.283333,0.661111,-0.694733,46.145,67.027,118.571,2185.0
Victor_9_puntos_intento_10.mp4,535,4458.333,True,132.000,163.000,0.000,183.000,44.000,0.283333,0.661111,-0.694733,46.179,67.598,117.332,2161.0
Victor_9_puntos_intento_10.mp4,536,4466.667,True,132.000,163.000,0.000,183.000,44.000,0.283333,0.661111,-0.694733,46.488,68.139,116.345,2209.5
Victor_9_puntos_intento_10.mp4,537,4475.000,True,132.000,163.000,0.000,183.000,45.000,0.283333,0.655556,-0.699978,46.288,67.568,118.111,2206.5
Victor_9_puntos_intento_10.mp4,538,4483.333,True,132.000,163.000,0.000,184.000,45.000,0.288889,0.655556,-0.697703,46.572,66.314,119.368,2201.5
Victor_9_puntos_intento_10.mp4,539,4491.667,True,132.000,163.000,0.000,184.000,45.000,0.288889,0.655556,-0.697703,46.975,66.498,119.502,2197.5
Victor_9_puntos_intento_10.mp4,540,4500.000,True,132.000,163.000,0.000,183.000,45.000,0.283333,0.655556,-0.699978,46.917,67.508,118.697,2225.5
Victor_9_puntos_intento_10.mp4,541,4508.333,True,132.000,163.000,0.000,183.000,45.000,0.283333,0.655556,-0.699978,45.957,68.116,118.532,2199.5
Victor_9_puntos_intento_10.mp4,542,4516.667,True,132.000,163.000,0.000,183.000,45.000,0.283333,0.655556,-0.699978,46.930,66.488,119.482,2221.5
Victor_9_puntos_intento_10.mp4,543,4525.000,True,132.000,163.000,0.000,176.000,47.000,0.244444,0.644444,-0.724526,48.977,66.669,118.047,2258.0
Victor_9_puntos_intento_10.mp4,544,4533.333,True,132.000,163.000,0.000,166.000,49.000,0.188889,0.633333,-0.750473,50.915,66.479,108.207,2315.0
Victor_9_puntos_intento_10.mp4,545,4541.667,True,132.000,163.000,0.000,156.000,52.000,0.133333,0.616667,-0.775851,52.908,66.068,109.063,2399.5
Victor_9_puntos_intento_10.mp4,546,4550.000,True,132.000,163.000,0.000,144.000,54.000,0.066667,0.605556,-0.793006,55.741,69.884,102.213,2915.5
Victor_9_puntos_intento_10.mp4,547,4558.333,True,132.000,163.000,0.000,134.000,57.000,0.011111,0.588889,-0.808138,56.520,70.721,94.887,2988.5
Victor_9_puntos_intento_10.mp4,548,4566.667,True,132.000,163.000,0.000,129.000,58.000,-0.016667,0.583333,-0.812062,56.900,69.540,96.738,3040.0
Victor_9_puntos_intento_10.mp4,549,4575.000,True,132.000,163.000,0.000,129.000,58.000,-0.016667,0.583333,-0.812062,57.556,71.284,100.576,3140.5
Victor_9_puntos_intento_10.mp4,550,4583.333,True,132.000,163.000,0.000,130.000,58.000,-0.011111,0.583333,-0.812157,56.950,71.328,100.943,3121.0
Victor_9_puntos_intento_10.mp4,551,4591.667,True,132.000,163.000,0.000,130.000,57.000,-0.011111,0.588889,-0.808138,57.394,71.633,101.509,3139.5
Victor_9_puntos_intento_10.mp4,552,4600.000,True,132.000,163.000,0.000,130.000,57.000,-0.011111,0.588889,-0.808138,57.824,72.608,99.378,3201.5
Victor_9_puntos_intento_10.mp4,553,4608.333,True,132.000,163.000,0.000,130.000,57.000,-0.011111,0.588889,-0.808138,57.424,72.099,100.725,3208.5
Victor_9_puntos_intento_10.mp4,554,4616.667,True,132.000,163.000,0.000,130.000,57.000,-0.011111,0.588889,-0.808138,58.340,72.084,100.566,3240.0
Victor_9_puntos_intento_10.mp4,555,4625.000,True,132.000,163.000,0.000,130.000,57.000,-0.011111,0.588889,-0.808138,59.500,72.978,102.100,3347.0
Victor_9_puntos_intento_10.mp4,556,4633.333,True,132.000,163.000,0.000,130.000,57.000,-0.011111,0.588889,-0.808138,58.960,73.824,100.287,3373.5
Victor_9_puntos_intento_10.mp4,557,4641.667,True,132.000,163.000,0.000,130.000,57.000,-0.011111,0.588889,-0.808138,59.195,74.034,98.951,3353.0
Victor_9_puntos_intento_10.mp4,558,4650.000,True,132.000,163.000,0.000,130.000,56.000,-0.011111,0.594444,-0.804060,59.382,73.387,101.231,3400.0
Victor_9_puntos_intento_10.mp4,559,4658.333,True,132.000,163.000,0.000,131.000,56.000,-0.005556,0.594444,-0.804117,59.469,73.819,101.043,3400.0
Victor_9_puntos_intento_10.mp4,560,4666.667,True,132.000,163.000,0.000,131.000,56.000,-0.005556,0.594444,-0.804117,59.324,74.202,99.645,3419.0
Victor_9_puntos_intento_10.mp4,561,4675.000,True,132.000,163.000,0.000,130.000,56.000,-0.011111,0.594444,-0.804060,59.699,74.729,99.631,3449.0
Victor_9_puntos_intento_10.mp4,562,4683.333,True,132.000,163.000,0.000,131.000,56.000,-0.005556,0.594444,-0.804117,60.115,74.916,98.483,3461.5
Victor_9_puntos_intento_10.mp4,563,4691.667,True,132.000,163.000,0.000,131.000,56.000,-0.005556,0.594444,-0.804117,59.876,74.994,99.052,3450.0
Victor_9_puntos_intento_10.mp4,564,4700.000,True,132.000,163.000,0.000,131.000,56.000,-0.005556,0.594444,-0.804117,60.852,75.515,98.618,3550.0
Victor_9_puntos_intento_10.mp4,565,4708.333,True,132.000,163.000,0.000,131.000,56.000,-0.005556,0.594444,-0.804117,60.637,75.782,98.478,3543.5
Victor_9_puntos_intento_10.mp4,566,4716.667,True,132.000,163.000,0.000,131.000,56.000,-0.005556,0.594444,-0.804117,61.109,75.990,98.281,3580.5
Victor_9_puntos_intento_10.mp4,567,4725.000,True,132.000,163.000,0.000,131.000,56.000,-0.005556,0.594444,-0.804117,61.572,76.207,98.333,3610.5
Victor_9_puntos_intento_10.mp4,568,4733.333,True,132.000,163.000,0.000,131.000,56.000,-0.005556,0.594444,-0.804117,61.246,76.272,98.354,3598.5
Victor_9_puntos_intento_10.mp4,569,4741.667,True,132.000,163.000,0.000,131.000,56.000,-0.005556,0.594444,-0.804117,61.651,76.129,99.457,3623.5
Victor_9_puntos_intento_10.mp4,570,4750.000,True,132.000,163.000,0.000,131.000,56.000,-0.005556,0.594444,-0.804117,61.731,75.887,100.033,3646.0
Victor_9_puntos_intento_10.mp4,571,4758.333,True,132.000,163.000,0.000,131.000,56.000,-0.005556,0.594444,-0.804117,61.675,76.668,98.089,3636.5
Victor_9_puntos_intento_10.mp4,572,4766.667,True,132.000,163.000,0.000,131.000,56.000,-0.005556,0.594444,-0.804117,61.855,76.510,100.012,3663.5
Victor_9_puntos_intento_10.mp4,573,4775.000,True,132.000,163.000,0.000,131.000,56.000,-0.005556,0.594444,-0.804117,62.435,77.507,99.688,3755.5
Victor_9_puntos_intento_10.mp4,574,4783.333,True,132.000,163.000,0.000,131.000,56.000,-0.005556,0.594444,-0.804117,63.061,77.836,97.132,3785.5
Victor_9_puntos_intento_10.mp4,575,4791.667,True,132.000,163.000,0.000,131.000,56.000,-0.005556,0.594444,-0.804117,62.855,77.989,98.502,3769.5
Victor_9_puntos_intento_10.mp4,576,4800.000,True,132.000,163.000,0.000,131.000,56.000,-0.005556,0.594444,-0.804117,63.506,78.048,98.513,3822.5
Victor_9_puntos_intento_10.mp4,577,4808.333,True,132.000,163.000,0.000,131.000,56.000,-0.005556,0.594444,-0.804117,63.471,77.974,99.332,3825.0
Victor_9_puntos_intento_10.mp4,578,4816.667,True,132.000,163.000,0.000,131.000,56.000,-0.005556,0.594444,-0.804117,63.639,78.596,98.088,3850.0
Victor_9_puntos_intento_10.mp4,579,4825.000,True,132.000,163.000,0.000,131.000,56.000,-0.005556,0.594444,-0.804117,63.555,78.226,99.166,3878.0
Victor_9_puntos_intento_10.mp4,580,4833.333,True,132.000,163.000,0.000,131.000,56.000,-0.005556,0.594444,-0.804117,63.553,78.606,98.893,3872.0
Victor_9_puntos_intento_10.mp4,581,4841.667,True,132.000,163.000,0.000,131.000,56.000,-0.005556,0.594444,-0.804117,63.687,78.389,99.142,3889.0
Victor_9_puntos_intento_10.mp4,582,4850.000,True,132.000,163.000,0.000,131.000,56.000,-0.005556,0.594444,-0.804117,63.821,79.170,97.634,3916.0
Victor_9_puntos_intento_10.mp4,583,4858.333,True,132.000,163.000,0.000,131.000,56.000,-0.005556,0.594444,-0.804117,63.948,79.338,97.801,3925.0
Victor_9_puntos_intento_10.mp4,584,4866.667,True,132.000,163.000,0.000,131.000,56.000,-0.005556,0.594444,-0.804117,63.773,79.579,97.584,3931.0
Victor_9_puntos_intento_10.mp4,585,4875.000,True,132.000,163.000,0.000,131.000,56.000,-0.005556,0.594444,-0.804117,64.286,79.527,97.955,3953.5
Victor_9_puntos_intento_10.mp4,586,4883.333,True,132.000,163.000,0.000,131.000,56.000,-0.005556,0.594444,-0.804117,64.363,79.837,97.357,3968.0
Victor_9_puntos_intento_10.mp4,587,4891.667,True,132.000,163.000,0.000,131.000,56.000,-0.005556,0.594444,-0.804117,64.041,80.245,96.398,3974.0
Victor_9_puntos_intento_10.mp4,588,4900.000,True,132.000,163.000,0.000,130.000,56.000,-0.011111,0.594444,-0.804060,64.330,80.045,96.985,3972.0
Victor_9_puntos_intento_10.mp4,589,4908.333,True,132.000,163.000,0.000,131.000,56.000,-0.005556,0.594444,-0.804117,64.381,80.352,97.378,3996.0
Victor_9_puntos_intento_10.mp4,590,4916.667,True,132.000,163.000,0.000,131.000,56.000,-0.005556,0.594444,-0.804117,64.298,80.013,98.483,3969.5
Victor_9_puntos_intento_10.mp4,591,4925.000,True,132.000,163.000,0.000,131.000,56.000,-0.005556,0.594444,-0.804117,64.545,80.197,97.702,3993.0
Victor_9_puntos_intento_10.mp4,592,4933.333,True,132.000,163.000,0.000,131.000,56.000,-0.005556,0.594444,-0.804117,64.304,80.607,97.498,4004.0
Victor_9_puntos_intento_10.mp4,593,4941.667,True,132.000,163.000,0.000,131.000,56.000,-0.005556,0.594444,-0.804117,64.466,80.455,97.409,4013.5
Victor_9_puntos_intento_10.mp4,594,4950.000,True,132.000,163.000,0.000,131.000,56.000,-0.005556,0.594444,-0.804117,64.607,80.122,97.041,4019.0
Victor_9_puntos_intento_10.mp4,595,4958.333,True,132.000,163.000,0.000,131.000,56.000,-0.005556,0.594444,-0.804117,64.825,80.826,96.871,4026.0
Victor_9_puntos_intento_10.mp4,596,4966.667,True,132.000,163.000,0.000,131.000,56.000,-0.005556,0.594444,-0.804117,64.921,80.845,97.479,4045.5
Victor_9_puntos_intento_10.mp4,597,4975.000,True,132.000,163.000,0.000,131.000,56.000,-0.005556,0.594444,-0.804117,64.471,80.848,97.687,4029.5
Victor_9_puntos_intento_10.mp4,598,4983.333,True,132.000,163.000,0.000,131.000,56.000,-0.005556,0.594444,-0.804117,65.080,80.397,97.122,4048.5
Victor_9_puntos_intento_10.mp4,599,4991.667,True,132.000,163.000,0.000,131.000,56.000,-0.005556,0.594444,-0.804117,64.773,80.797,95.375,4033.0
Victor_9_puntos_intento_10.mp4,600,5000.000,True,132.000,163.000,0.000,131.000,56.000,-0.005556,0.594444,-0.804117,65.101,80.134,97.203,4047.0
Victor_9_puntos_intento_10.mp4,601,5008.333,True,132.000,163.000,0.000,131.000,56.000,-0.005556,0.594444,-0.804117,64.584,80.941,96.760,4021.0
Victor_9_puntos_intento_10.mp4,602,5016.667,True,132.000,163.000,0.000,131.000,56.000,-0.005556,0.594444,-0.804117,64.414,80.821,97.632,4025.5
Victor_9_puntos_intento_10.mp4,603,5025.000,True,132.000,163.000,0.000,131.000,56.000,-0.005556,0.594444,-0.804117,64.862,81.242,96.147,4037.5
Victor_9_puntos_intento_10.mp4,604,5033.333,True,132.000,163.000,0.000,131.000,56.000,-0.005556,0.594444,-0.804117,64.793,80.181,97.967,4025.5
Victor_9_puntos_intento_10.mp4,605,5041.667,True,132.000,163.000,0.000,131.000,56.000,-0.005556,0.594444,-0.804117,64.821,80.501,97.048,4031.0
Victor_9_puntos_intento_10.mp4,606,5050.000,True,132.000,163.000,0.000,131.000,56.000,-0.005556,0.594444,-0.804117,64.708,80.503,96.910,4026.5
Victor_9_puntos_intento_10.mp4,607,5058.333,True,132.000,163.000,0.000,131.000,56.000,-0.005556,0.594444,-0.804117,64.434,80.370,98.253,4017.5
Victor_9_puntos_intento_10.mp4,608,5066.667,True,132.000,163.000,0.000,131.000,56.000,-0.005556,0.594444,-0.804117,64.523,80.964,96.455,4027.5
Victor_9_puntos_intento_10.mp4,609,5075.000,True,132.000,163.000,0.000,131.000,56.000,-0.005556,0.594444,-0.804117,64.733,80.177,97.450,4009.0
Victor_9_puntos_intento_10.mp4,610,5083.333,True,132.000,163.000,0.000,131.000,56.000,-0.005556,0.594444,-0.804117,64.626,80.080,97.420,4005.5
Victor_9_puntos_intento_10.mp4,611,5091.667,True,132.000,163.000,0.000,131.000,56.000,-0.005556,0.594444,-0.804117,64.495,80.079,96.961,3996.5
Victor_9_puntos_intento_10.mp4,612,5100.000,True,132.000,163.000,0.000,131.000,56.000,-0.005556,0.594444,-0.804117,64.519,79.918,96.599,3996.0
Victor_9_puntos_intento_10.mp4,613,5108.333,True,132.000,163.000,0.000,131.000,56.000,-0.005556,0.594444,-0.804117,64.263,79.776,97.550,3964.0
Victor_9_puntos_intento_10.mp4,614,5116.667,True,132.000,163.000,0.000,131.000,56.000,-0.005556,0.594444,-0.804117,63.982,80.324,96.651,3967.0
Victor_9_puntos_intento_10.mp4,615,5125.000,True,132.000,163.000,0.000,131.000,56.000,-0.005556,0.594444,-0.804117,64.236,80.151,96.433,3955.5
Victor_9_puntos_intento_10.mp4,616,5133.333,True,132.000,163.000,0.000,131.000,56.000,-0.005556,0.594444,-0.804117,63.912,79.850,96.994,3939.5
Victor_9_puntos_intento_10.mp4,617,5141.667,True,132.000,163.000,0.000,131.000,56.000,-0.005556,0.594444,-0.804117,63.988,79.571,96.413,3927.0
Victor_9_puntos_intento_10.mp4,618,5150.000,True,132.000,163.000,0.000,131.000,56.000,-0.005556,0.594444,-0.804117,63.956,79.173,97.509,3927.0
Victor_9_puntos_intento_10.mp4,619,5158.333,True,132.000,163.000,0.000,131.000,56.000,-0.005556,0.594444,-0.804117,63.668,79.152,97.190,3897.5
Victor_9_puntos_intento_10.mp4,620,5166.667,True,132.000,163.000,0.000,131.000,56.000,-0.005556,0.594444,-0.804117,63.857,78.814,96.741,3913.5
Victor_9_puntos_intento_10.mp4,621,5175.000,True,132.000,163.000,0.000,131.000,56.000,-0.005556,0.594444,-0.804117,63.747,78.749,96.930,3863.5
Victor_9_puntos_intento_10.mp4,622,5183.333,True,132.000,163.000,0.000,131.000,56.000,-0.005556,0.594444,-0.804117,63.584,78.662,97.612,3875.0
Victor_9_puntos_intento_10.mp4,623,5191.667,True,132.000,163.000,0.000,131.000,55.000,-0.005556,0.600000,-0.799981,63.078,78.714,96.458,3849.0
Victor_9_puntos_intento_10.mp4,624,5200.000,True,132.000,163.000,0.000,131.000,55.000,-0.005556,0.600000,-0.799981,62.975,78.910,95.187,3827.5
Victor_9_puntos_intento_10.mp4,625,5208.333,True,132.000,163.000,0.000,131.000,56.000,-0.005556,0.594444,-0.804117,63.612,78.195,96.554,3833.5
Victor_9_puntos_intento_10.mp4,626,5216.667,True,132.000,163.000,0.000,131.000,55.000,-0.005556,0.600000,-0.799981,63.051,78.106,95.917,3807.0
Victor_9_puntos_intento_10.mp4,627,5225.000,True,132.000,163.000,0.000,131.000,55.000,-0.005556,0.600000,-0.799981,62.995,77.579,96.186,3784.5
Victor_9_puntos_intento_10.mp4,628,5233.333,True,132.000,163.000,0.000,131.000,55.000,-0.005556,0.600000,-0.799981,63.046,77.435,98.108,3792.5
Victor_9_puntos_intento_10.mp4,629,5241.667,True,132.000,163.000,0.000,131.000,55.000,-0.005556,0.600000,-0.799981,62.770,77.711,95.568,3787.5
Victor_9_puntos_intento_10.mp4,630,5250.000,True,132.000,163.000,0.000,131.000,55.000,-0.005556,0.600000,-0.799981,62.479,77.356,95.557,3746.0
Victor_9_puntos_intento_10.mp4,631,5258.333,True,132.000,163.000,0.000,131.000,55.000,-0.005556,0.600000,-0.799981,62.372,77.292,96.960,3720.0
Victor_9_puntos_intento_10.mp4,632,5266.667,True,132.000,163.000,0.000,131.000,56.000,-0.005556,0.594444,-0.804117,62.407,76.969,97.402,3730.5
Victor_9_puntos_intento_10.mp4,633,5275.000,True,132.000,163.000,0.000,131.000,55.000,-0.005556,0.600000,-0.799981,62.366,77.031,96.870,3714.5
Victor_9_puntos_intento_10.mp4,634,5283.333,True,132.000,163.000,0.000,131.000,55.000,-0.005556,0.600000,-0.799981,62.250,77.216,95.972,3708.5
Victor_9_puntos_intento_10.mp4,635,5291.667,True,132.000,163.000,0.000,131.000,55.000,-0.005556,0.600000,-0.799981,62.279,76.679,98.155,3685.0
Victor_9_puntos_intento_10.mp4,636,5300.000,True,132.000,163.000,0.000,131.000,55.000,-0.005556,0.600000,-0.799981,62.051,76.533,96.427,3669.0
Victor_9_puntos_intento_10.mp4,637,5308.333,True,132.000,163.000,0.000,131.000,55.000,-0.005556,0.600000,-0.799981,61.726,76.236,97.229,3644.5
Victor_9_puntos_intento_10.mp4,638,5316.667,True,132.000,163.000,0.000,131.000,55.000,-0.005556,0.600000,-0.799981,61.495,76.211,97.396,3635.0
Victor_9_puntos_intento_10.mp4,639,5325.000,True,132.000,163.000,0.000,131.000,55.000,-0.005556,0.600000,-0.799981,61.879,76.551,95.558,3659.0
Victor_9_puntos_intento_10.mp4,640,5333.333,True,132.000,163.000,0.000,131.000,55.000,-0.005556,0.600000,-0.799981,61.413,76.213,95.330,3632.5
Victor_9_puntos_intento_10.mp4,641,5341.667,True,132.000,163.000,0.000,131.000,55.000,-0.005556,0.600000,-0.799981,61.392,76.331,97.118,3614.5
Victor_9_puntos_intento_10.mp4,642,5350.000,True,132.000,163.000,0.000,131.000,55.000,-0.005556,0.600000,-0.799981,61.113,75.855,98.842,3608.0
Victor_9_puntos_intento_10.mp4,643,5358.333,True,132.000,163.000,0.000,131.000,55.000,-0.005556,0.600000,-0.799981,61.264,75.912,96.734,3594.5
Victor_9_puntos_intento_10.mp4,644,5366.667,True,132.000,163.000,0.000,131.000,55.000,-0.005556,0.600000,-0.799981,61.651,75.803,97.620,3599.5
Victor_9_puntos_intento_10.mp4,645,5375.000,True,132.000,163.000,0.000,131.000,55.000,-0.005556,0.600000,-0.799981,61.364,75.274,97.247,3573.0
Victor_9_puntos_intento_10.mp4,646,5383.333,True,132.000,163.000,0.000,131.000,55.000,-0.005556,0.600000,-0.799981,61.309,75.344,97.375,3558.5
Victor_9_puntos_intento_10.mp4,647,5391.667,True,132.000,163.000,0.000,131.000,55.000,-0.005556,0.600000,-0.799981,60.869,75.547,98.029,3546.5
Victor_9_puntos_intento_10.mp4,648,5400.000,True,132.000,163.000,0.000,131.000,55.000,-0.005556,0.600000,-0.799981,61.158,75.521,95.754,3573.5
Victor_9_puntos_intento_10.mp4,649,5408.333,True,132.000,163.000,0.000,131.000,56.000,-0.005556,0.594444,-0.804117,61.171,75.286,96.168,3540.5
Victor_9_puntos_intento_10.mp4,650,5416.667,True,132.000,163.000,0.000,131.000,56.000,-0.005556,0.594444,-0.804117,61.155,75.435,96.924,3560.0
Victor_9_puntos_intento_10.mp4,651,5425.000,True,132.000,163.000,0.000,131.000,56.000,-0.005556,0.594444,-0.804117,61.086,75.387,96.585,3573.0
Victor_9_puntos_intento_10.mp4,652,5433.333,True,132.000,163.000,0.000,132.000,56.000,0.000000,0.594444,-0.804137,61.001,75.182,97.818,3557.5
Victor_9_puntos_intento_10.mp4,653,5441.667,True,132.000,163.000,0.000,132.000,56.000,0.000000,0.594444,-0.804137,61.053,74.939,98.448,3526.0
Victor_9_puntos_intento_10.mp4,654,5450.000,True,132.000,163.000,0.000,132.000,56.000,0.000000,0.594444,-0.804137,61.887,75.317,97.408,3576.5
Victor_9_puntos_intento_10.mp4,655,5458.333,True,132.000,163.000,0.000,132.000,56.000,0.000000,0.594444,-0.804137,61.325,75.156,97.591,3554.0
Victor_9_puntos_intento_10.mp4,656,5466.667,True,132.000,163.000,0.000,131.000,56.000,-0.005556,0.594444,-0.804117,61.046,75.792,96.752,3560.0
Victor_9_puntos_intento_10.mp4,657,5475.000,True,132.000,163.000,0.000,132.000,56.000,0.000000,0.594444,-0.804137,60.981,75.098,97.164,3535.5
Victor_9_puntos_intento_10.mp4,658,5483.333,True,132.000,163.000,0.000,131.000,56.000,-0.005556,0.594444,-0.804117,60.965,75.005,96.149,3544.0
Victor_9_puntos_intento_10.mp4,659,5491.667,True,132.000,163.000,0.000,132.000,56.000,0.000000,0.594444,-0.804137,60.890,75.094,97.556,3554.0
Victor_9_puntos_intento_10.mp4,660,5500.000,True,132.000,163.000,0.000,131.000,56.000,-0.005556,0.594444,-0.804117,60.827,75.413,96.118,3555.5
Victor_9_puntos_intento_10.mp4,661,5508.333,True,132.000,163.000,0.000,131.000,56.000,-0.005556,0.594444,-0.804117,60.638,75.661,95.925,3530.0
Victor_9_puntos_intento_10.mp4,662,5516.667,True,132.000,163.000,0.000,132.000,56.000,0.000000,0.594444,-0.804137,60.760,74.953,97.882,3534.5
Victor_9_puntos_intento_10.mp4,663,5525.000,True,132.000,163.000,0.000,132.000,56.000,0.000000,0.594444,-0.804137,60.974,75.153,96.882,3540.0
Victor_9_puntos_intento_10.mp4,664,5533.333,True,132.000,163.000,0.000,132.000,56.000,0.000000,0.594444,-0.804137,60.759,74.969,98.149,3549.5
Victor_9_puntos_intento_10.mp4,665,5541.667,True,132.000,163.000,0.000,132.000,56.000,0.000000,0.594444,-0.804137,60.728,75.532,96.417,3561.0
Victor_9_puntos_intento_10.mp4,666,5550.000,True,132.000,163.000,0.000,132.000,56.000,0.000000,0.594444,-0.804137,61.057,75.120,97.115,3561.5
Victor_9_puntos_intento_10.mp4,667,5558.333,True,132.000,163.000,0.000,132.000,56.000,0.000000,0.594444,-0.804137,61.316,75.258,97.167,3569.0
Victor_9_puntos_intento_10.mp4,668,5566.667,True,132.000,163.000,0.000,132.000,56.000,0.000000,0.594444,-0.804137,61.047,75.618,97.461,3576.5
Victor_9_puntos_intento_10.mp4,669,5575.000,True,132.000,163.000,0.000,132.000,56.000,0.000000,0.594444,-0.804137,61.086,75.322,98.439,3569.0
Victor_9_puntos_intento_10.mp4,670,5583.333,True,132.000,163.000,0.000,132.000,56.000,0.000000,0.594444,-0.804137,61.629,75.026,98.660,3578.0
Victor_9_puntos_intento_10.mp4,671,5591.667,True,132.000,163.000,0.000,132.000,56.000,0.000000,0.594444,-0.804137,61.442,75.840,96.721,3600.5
Victor_9_puntos_intento_10.mp4,672,5600.000,True,132.000,163.000,0.000,132.000,56.000,0.000000,0.594444,-0.804137,61.552,75.716,97.450,3618.0
Victor_9_puntos_intento_10.mp4,673,5608.333,True,132.000,163.000,0.000,132.000,56.000,0.000000,0.594444,-0.804137,61.814,75.959,96.581,3624.0
Victor_9_puntos_intento_10.mp4,674,5616.667,True,132.000,163.000,0.000,132.000,56.000,0.000000,0.594444,-0.804137,61.342,76.089,96.739,3618.5
Victor_9_puntos_intento_10.mp4,675,5625.000,True,132.000,163.000,0.000,132.000,56.000,0.000000,0.594444,-0.804137,61.633,76.190,96.716,3625.0
Victor_9_puntos_intento_10.mp4,676,5633.333,True,132.000,163.000,0.000,132.000,56.000,0.000000,0.594444,-0.804137,61.932,75.726,97.519,3641.5
Victor_9_puntos_intento_10.mp4,677,5641.667,True,132.000,163.000,0.000,132.000,56.000,0.000000,0.594444,-0.804137,61.821,76.023,96.568,3636.0
Victor_9_puntos_intento_10.mp4,678,5650.000,True,132.000,163.000,0.000,132.000,56.000,0.000000,0.594444,-0.804137,62.207,76.229,97.541,3656.5
Victor_9_puntos_intento_10.mp4,679,5658.333,True,132.000,163.000,0.000,132.000,56.000,0.000000,0.594444,-0.804137,62.222,75.793,98.071,3654.0
Victor_9_puntos_intento_10.mp4,680,5666.667,True,132.000,163.000,0.000,132.000,56.000,0.000000,0.594444,-0.804137,61.804,76.409,96.970,3665.0
Victor_9_puntos_intento_10.mp4,681,5675.000,True,132.000,163.000,0.000,132.000,56.000,0.000000,0.594444,-0.804137,62.315,76.282,98.000,3689.5
Victor_9_puntos_intento_10.mp4,682,5683.333,True,132.000,163.000,0.000,132.000,56.000,0.000000,0.594444,-0.804137,62.109,76.199,97.718,3669.5
Victor_9_puntos_intento_10.mp4,683,5691.667,True,132.000,163.000,0.000,132.000,56.000,0.000000,0.594444,-0.804137,62.398,76.690,97.652,3708.5
Victor_9_puntos_intento_10.mp4,684,5700.000,True,132.000,163.000,0.000,131.000,56.000,-0.005556,0.594444,-0.804117,62.571,77.234,96.115,3718.0
Victor_9_puntos_intento_10.mp4,685,5708.333,True,132.000,163.000,0.000,132.000,56.000,0.000000,0.594444,-0.804137,62.404,77.157,96.469,3720.0
Victor_9_puntos_intento_10.mp4,686,5716.667,True,132.000,163.000,0.000,132.000,56.000,0.000000,0.594444,-0.804137,62.619,77.261,96.374,3738.0
Victor_9_puntos_intento_10.mp4,687,5725.000,True,132.000,163.000,0.000,132.000,56.000,0.000000,0.594444,-0.804137,62.789,77.316,96.875,3751.0
Victor_9_puntos_intento_10.mp4,688,5733.333,True,132.000,163.000,0.000,131.000,56.000,-0.005556,0.594444,-0.804117,62.564,77.879,96.520,3779.5
Victor_9_puntos_intento_10.mp4,689,5741.667,True,132.000,163.000,0.000,132.000,56.000,0.000000,0.594444,-0.804137,62.803,77.808,96.603,3788.0
Victor_9_puntos_intento_10.mp4,690,5750.000,True,132.000,163.000,0.000,132.000,56.000,0.000000,0.594444,-0.804137,63.260,77.886,96.171,3798.5
Victor_9_puntos_intento_10.mp4,691,5758.333,True,132.000,163.000,0.000,132.000,56.000,0.000000,0.594444,-0.804137,63.105,77.972,97.290,3814.5
Victor_9_puntos_intento_10.mp4,692,5766.667,True,132.000,163.000,0.000,132.000,56.000,0.000000,0.594444,-0.804137,62.991,78.050,97.006,3806.5
Victor_9_puntos_intento_10.mp4,693,5775.000,True,132.000,163.000,0.000,131.000,56.000,-0.005556,0.594444,-0.804117,63.232,78.470,96.451,3838.0
Victor_9_puntos_intento_10.mp4,694,5783.333,True,132.000,163.000,0.000,131.000,56.000,-0.005556,0.594444,-0.804117,63.339,78.472,96.698,3836.5
Victor_9_puntos_intento_10.mp4,695,5791.667,True,132.000,163.000,0.000,132.000,56.000,0.000000,0.594444,-0.804137,63.080,78.401,97.026,3832.0
Victor_9_puntos_intento_10.mp4,696,5800.000,True,132.000,163.000,0.000,132.000,56.000,0.000000,0.594444,-0.804137,63.611,78.467,97.338,3869.0
Victor_9_puntos_intento_10.mp4,697,5808.333,True,132.000,163.000,0.000,131.000,56.000,-0.005556,0.594444,-0.804117,63.320,78.850,96.910,3840.0
Victor_9_puntos_intento_10.mp4,698,5816.667,True,132.000,163.000,0.000,131.000,56.000,-0.005556,0.594444,-0.804117,63.667,78.718,98.111,3870.0
Victor_9_puntos_intento_10.mp4,699,5825.000,True,132.000,163.000,0.000,132.000,56.000,0.000000,0.594444,-0.804137,62.895,77.738,97.858,3771.5
Victor_9_puntos_intento_10.mp4,700,5833.333,True,132.000,163.000,0.000,131.000,56.000,-0.005556,0.594444,-0.804117,63.034,77.928,97.079,3781.5
Victor_9_puntos_intento_10.mp4,701,5841.667,True,132.000,163.000,0.000,132.000,56.000,0.000000,0.594444,-0.804137,62.787,77.766,97.703,3790.0
Victor_9_puntos_intento_10.mp4,702,5850.000,True,132.000,163.000,0.000,131.000,57.000,-0.005556,0.588889,-0.808195,63.177,77.941,98.249,3812.5
Victor_9_puntos_intento_10.mp4,703,5858.333,True,132.000,163.000,0.000,132.000,56.000,0.000000,0.594444,-0.804137,63.152,78.155,97.246,3788.0
Victor_9_puntos_intento_10.mp4,704,5866.667,True,132.000,163.000,0.000,132.000,57.000,0.000000,0.588889,-0.808214,63.355,78.069,97.246,3808.0
Victor_9_puntos_intento_10.mp4,705,5875.000,True,132.000,163.000,0.000,132.000,57.000,0.000000,0.588889,-0.808214,63.879,78.251,98.714,3850.5
Victor_9_puntos_intento_10.mp4,706,5883.333,True,132.000,163.000,0.000,132.000,57.000,0.000000,0.588889,-0.808214,63.353,78.312,98.382,3835.0
Victor_9_puntos_intento_10.mp4,707,5891.667,True,132.000,163.000,0.000,133.000,56.000,0.005556,0.594444,-0.804117,63.647,78.356,98.736,3843.5
Victor_9_puntos_intento_10.mp4,708,5900.000,True,132.000,163.000,0.000,135.000,56.000,0.016667,0.594444,-0.803964,61.767,77.027,99.239,3670.5
Victor_9_puntos_intento_10.mp4,709,5908.333,True,132.000,163.000,0.000,134.000,56.000,0.011111,0.594444,-0.804060,62.775,76.774,99.312,3715.0
Victor_9_puntos_intento_10.mp4,710,5916.667,True,132.000,163.000,0.000,133.000,56.000,0.005556,0.594444,-0.804117,61.994,77.720,98.144,3739.5
Victor_9_puntos_intento_10.mp4,711,5925.000,True,132.000,163.000,0.000,134.000,56.000,0.011111,0.594444,-0.804060,62.490,77.343,99.815,3729.5
Victor_9_puntos_intento_10.mp4,712,5933.333,True,132.000,163.000,0.000,134.000,56.000,0.011111,0.594444,-0.804060,61.949,77.519,100.109,3737.5
Victor_9_puntos_intento_10.mp4,713,5941.667,True,132.000,163.000,0.000,133.000,56.000,0.005556,0.594444,-0.804117,62.218,77.817,98.649,3751.0
Victor_9_puntos_intento_10.mp4,714,5950.000,True,132.000,163.000,0.000,133.000,56.000,0.005556,0.594444,-0.804117,62.340,77.654,99.017,3749.0
Victor_9_puntos_intento_10.mp4,715,5958.333,True,132.000,163.000,0.000,133.000,56.000,0.005556,0.594444,-0.804117,62.320,77.859,97.844,3748.0
Victor_9_puntos_intento_10.mp4,716,5966.667,True,132.000,163.000,0.000,133.000,56.000,0.005556,0.594444,-0.804117,62.588,77.490,98.382,3749.0
Victor_9_puntos_intento_10.mp4,717,5975.000,True,132.000,163.000,0.000,133.000,56.000,0.005556,0.594444,-0.804117,61.603,76.458,99.404,3634.5
Victor_9_puntos_intento_10.mp4,718,5983.333,True,132.000,163.000,0.000,133.000,56.000,0.005556,0.594444,-0.804117,61.749,77.045,97.010,3655.0
Victor_9_puntos_intento_10.mp4,719,5991.667,True,132.000,163.000,0.000,133.000,56.000,0.005556,0.594444,-0.804117,61.218,76.966,96.989,3631.0
Victor_9_puntos_intento_10.mp4,720,6000.000,True,132.000,163.000,0.000,133.000,56.000,0.005556,0.594444,-0.804117,61.333,76.954,97.580,3642.5
Victor_9_puntos_intento_10.mp4,721,6008.333,True,132.000,163.000,0.000,133.000,56.000,0.005556,0.594444,-0.804117,61.700,76.559,100.389,3633.0
Victor_9_puntos_intento_10.mp4,722,6016.667,True,132.000,163.000,0.000,133.000,56.000,0.005556,0.594444,-0.804117,61.584,76.679,99.059,3640.5
Victor_9_puntos_intento_10.mp4,723,6025.000,True,132.000,163.000,0.000,133.000,56.000,0.005556,0.594444,-0.804117,60.935,76.830,98.738,3610.5
Victor_9_puntos_intento_10.mp4,724,6033.333,True,132.000,163.000,0.000,133.000,56.000,0.005556,0.594444,-0.804117,61.450,76.589,99.032,3627.5
Victor_9_puntos_intento_10.mp4,725,6041.667,True,132.000,163.000,0.000,133.000,56.000,0.005556,0.594444,-0.804117,61.372,76.630,98.308,3621.5
Victor_9_puntos_intento_10.mp4,726,6050.000,True,132.000,163.000,0.000,133.000,56.000,0.005556,0.594444,-0.804117,61.257,76.498,98.577,3593.0
Victor_9_puntos_intento_10.mp4,727,6058.333,True,132.000,163.000,0.000,134.000,56.000,0.011111,0.594444,-0.804060,61.107,76.379,99.503,3596.5
Victor_9_puntos_intento_10.mp4,728,6066.667,True,132.000,163.000,0.000,133.000,56.000,0.005556,0.594444,-0.804117,61.185,76.757,96.777,3611.5
Victor_9_puntos_intento_10.mp4,729,6075.000,True,132.000,163.000,0.000,133.000,56.000,0.005556,0.594444,-0.804117,61.395,76.367,96.458,3600.0
Victor_9_puntos_intento_10.mp4,730,6083.333,True,132.000,163.000,0.000,133.000,56.000,0.005556,0.594444,-0.804117,61.292,75.499,98.634,3588.5
Victor_9_puntos_intento_10.mp4,731,6091.667,True,132.000,163.000,0.000,133.000,56.000,0.005556,0.594444,-0.804117,60.842,75.894,98.434,3579.0
Victor_9_puntos_intento_10.mp4,732,6100.000,True,132.000,163.000,0.000,133.000,55.000,0.005556,0.600000,-0.799981,61.056,75.750,99.044,3562.0
Victor_9_puntos_intento_10.mp4,733,6108.333,True,132.000,163.000,0.000,133.000,55.000,0.005556,0.600000,-0.799981,60.908,75.500,98.311,3555.5
Victor_9_puntos_intento_10.mp4,734,6116.667,True,132.000,163.000,0.000,133.000,56.000,0.005556,0.594444,-0.804117,60.945,75.187,99.201,3555.0
Victor_9_puntos_intento_10.mp4,735,6125.000,True,132.000,163.000,0.000,133.000,56.000,0.005556,0.594444,-0.804117,60.883,75.902,97.951,3555.5
Victor_9_puntos_intento_10.mp4,736,6133.333,True,132.000,163.000,0.000,133.000,56.000,0.005556,0.594444,-0.804117,61.127,75.778,97.416,3572.5
Victor_9_puntos_intento_10.mp4,737,6141.667,True,132.000,163.000,0.000,133.000,55.000,0.005556,0.600000,-0.799981,60.876,75.431,98.660,3548.5
Victor_9_puntos_intento_10.mp4,738,6150.000,True,132.000,163.000,0.000,133.000,55.000,0.005556,0.600000,-0.799981,60.943,75.504,98.154,3558.5
Victor_9_puntos_intento_10.mp4,739,6158.333,True,132.000,163.000,0.000,133.000,55.000,0.005556,0.600000,-0.799981,60.835,75.268,98.149,3547.0
Victor_9_puntos_intento_10.mp4,740,6166.667,True,132.000,163.000,0.000,133.000,55.000,0.005556,0.600000,-0.799981,60.677,75.283,98.266,3535.5
Victor_9_puntos_intento_10.mp4,741,6175.000,True,132.000,163.000,0.000,133.000,55.000,0.005556,0.600000,-0.799981,60.773,75.921,98.568,3542.5
Victor_9_puntos_intento_10.mp4,742,6183.333,True,132.000,163.000,0.000,133.000,55.000,0.005556,0.600000,-0.799981,60.860,75.858,98.054,3561.5
Victor_9_puntos_intento_10.mp4,743,6191.667,True,132.000,163.000,0.000,133.000,55.000,0.005556,0.600000,-0.799981,60.739,75.769,97.872,3537.0
Victor_9_puntos_intento_10.mp4,744,6200.000,True,132.000,163.000,0.000,133.000,55.000,0.005556,0.600000,-0.799981,60.873,75.590,99.393,3550.0
Victor_9_puntos_intento_10.mp4,745,6208.333,True,132.000,163.000,0.000,133.000,55.000,0.005556,0.600000,-0.799981,60.941,74.868,99.768,3526.0
Victor_9_puntos_intento_10.mp4,746,6216.667,True,132.000,163.000,0.000,133.000,55.000,0.005556,0.600000,-0.799981,60.877,75.157,99.320,3534.5
Victor_9_puntos_intento_10.mp4,747,6225.000,True,132.000,163.000,0.000,133.000,55.000,0.005556,0.600000,-0.799981,60.769,75.571,98.609,3539.5
Victor_9_puntos_intento_10.mp4,748,6233.333,True,132.000,163.000,0.000,133.000,55.000,0.005556,0.600000,-0.799981,60.711,75.243,98.680,3544.0
Victor_9_puntos_intento_10.mp4,749,6241.667,True,132.000,163.000,0.000,133.000,55.000,0.005556,0.600000,-0.799981,60.784,75.606,97.836,3562.5
Victor_9_puntos_intento_10.mp4,750,6250.000,True,132.000,163.000,0.000,133.000,56.000,0.005556,0.594444,-0.804117,61.350,75.735,97.819,3590.5
Victor_9_puntos_intento_10.mp4,751,6258.333,True,132.000,163.000,0.000,133.000,56.000,0.005556,0.594444,-0.804117,60.724,75.593,99.130,3554.5
Victor_9_puntos_intento_10.mp4,752,6266.667,True,132.000,163.000,0.000,133.000,56.000,0.005556,0.594444,-0.804117,60.935,75.351,99.335,3563.5
Victor_9_puntos_intento_10.mp4,753,6275.000,True,132.000,163.000,0.000,134.000,55.000,0.011111,0.600000,-0.799923,60.986,75.041,100.332,3555.0
Victor_9_puntos_intento_10.mp4,754,6283.333,True,132.000,163.000,0.000,134.000,55.000,0.011111,0.600000,-0.799923,60.828,76.021,97.969,3585.5
Victor_9_puntos_intento_10.mp4,755,6291.667,True,132.000,163.000,0.000,133.000,56.000,0.005556,0.594444,-0.804117,60.827,75.904,98.354,3576.5
Victor_9_puntos_intento_10.mp4,756,6300.000,True,132.000,163.000,0.000,133.000,56.000,0.005556,0.594444,-0.804117,61.489,76.196,98.369,3621.0
Victor_9_puntos_intento_10.mp4,757,6308.333,True,132.000,163.000,0.000,134.000,55.000,0.011111,0.600000,-0.799923,60.876,76.168,98.296,3591.5
Victor_9_puntos_intento_10.mp4,758,6316.667,True,132.000,163.000,0.000,134.000,56.000,0.011111,0.594444,-0.804060,61.038,75.898,97.341,3584.5
Victor_9_puntos_intento_10.mp4,759,6325.000,True,132.000,163.000,0.000,133.000,55.000,0.005556,0.600000,-0.799981,61.156,76.429,97.691,3606.5
Victor_9_puntos_intento_10.mp4,760,6333.333,True,132.000,163.000,0.000,134.000,56.000,0.011111,0.594444,-0.804060,61.117,76.151,97.833,3595.0
Victor_9_puntos_intento_10.mp4,761,6341.667,True,132.000,163.000,0.000,134.000,56.000,0.011111,0.594444,-0.804060,61.090,76.016,99.725,3602.5
Victor_9_puntos_intento_10.mp4,762,6350.000,True,132.000,163.000,0.000,133.000,56.000,0.005556,0.594444,-0.804117,61.238,76.291,97.996,3615.5
Victor_9_puntos_intento_10.mp4,763,6358.333,True,132.000,163.000,0.000,134.000,56.000,0.011111,0.594444,-0.804060,61.445,75.909,98.808,3615.0
Victor_9_puntos_intento_10.mp4,764,6366.667,True,132.000,163.000,0.000,134.000,56.000,0.011111,0.594444,-0.804060,61.573,75.976,98.030,3608.0
Victor_9_puntos_intento_10.mp4,765,6375.000,True,132.000,163.000,0.000,134.000,56.000,0.011111,0.594444,-0.804060,61.694,76.246,99.141,3630.0
Victor_9_puntos_intento_10.mp4,766,6383.333,True,132.000,163.000,0.000,134.000,56.000,0.011111,0.594444,-0.804060,61.899,76.170,98.911,3629.5
Victor_9_puntos_intento_10.mp4,767,6391.667,True,132.000,163.000,0.000,133.000,55.000,0.005556,0.600000,-0.799981,61.772,76.380,99.477,3641.0
Victor_9_puntos_intento_10.mp4,768,6400.000,True,132.000,163.000,0.000,134.000,55.000,0.011111,0.600000,-0.799923,61.713,76.946,98.975,3662.5
Victor_9_puntos_intento_10.mp4,769,6408.333,True,132.000,163.000,0.000,133.000,55.000,0.005556,0.600000,-0.799981,61.533,76.964,98.664,3644.0
Victor_9_puntos_intento_10.mp4,770,6416.667,True,132.000,163.000,0.000,133.000,55.000,0.005556,0.600000,-0.799981,61.904,76.613,98.925,3656.5
Victor_9_puntos_intento_10.mp4,771,6425.000,True,132.000,163.000,0.000,133.000,55.000,0.005556,0.600000,-0.799981,61.830,76.375,99.408,3637.5
Victor_9_puntos_intento_10.mp4,772,6433.333,True,132.000,163.000,0.000,133.000,55.000,0.005556,0.600000,-0.799981,61.915,76.204,98.617,3651.5
Victor_9_puntos_intento_10.mp4,773,6441.667,True,132.000,163.000,0.000,133.000,55.000,0.005556,0.600000,-0.799981,61.697,76.418,98.788,3644.5
Victor_9_puntos_intento_10.mp4,774,6450.000,True,132.000,163.000,0.000,133.000,56.000,0.005556,0.594444,-0.804117,61.857,76.727,97.634,3661.5
Victor_9_puntos_intento_10.mp4,775,6458.333,True,132.000,163.000,0.000,133.000,55.000,0.005556,0.600000,-0.799981,61.642,77.194,98.317,3666.0
Victor_9_puntos_intento_10.mp4,776,6466.667,True,132.000,163.000,0.000,133.000,56.000,0.005556,0.594444,-0.804117,61.953,77.541,98.864,3709.5
Victor_9_puntos_intento_10.mp4,777,6475.000,True,132.000,163.000,0.000,133.000,56.000,0.005556,0.594444,-0.804117,62.451,76.775,99.471,3697.0
Victor_9_puntos_intento_10.mp4,778,6483.333,True,132.000,163.000,0.000,133.000,55.000,0.005556,0.600000,-0.799981,62.104,77.711,98.983,3721.0
Victor_9_puntos_intento_10.mp4,779,6491.667,True,132.000,163.000,0.000,133.000,56.000,0.005556,0.594444,-0.804117,62.060,77.682,97.846,3708.0
Victor_9_puntos_intento_10.mp4,780,6500.000,True,132.000,163.000,0.000,133.000,56.000,0.005556,0.594444,-0.804117,62.814,77.230,98.846,3732.5
Victor_9_puntos_intento_10.mp4,781,6508.333,True,132.000,163.000,0.000,133.000,56.000,0.005556,0.594444,-0.804117,61.910,77.616,98.465,3702.5
Victor_9_puntos_intento_10.mp4,782,6516.667,True,132.000,163.000,0.000,133.000,56.000,0.005556,0.594444,-0.804117,62.065,77.685,98.158,3721.5
Victor_9_puntos_intento_10.mp4,783,6525.000,True,132.000,163.000,0.000,133.000,56.000,0.005556,0.594444,-0.804117,62.316,77.880,98.056,3732.5
Victor_9_puntos_intento_10.mp4,784,6533.333,True,132.000,163.000,0.000,132.000,56.000,0.000000,0.594444,-0.804137,62.588,77.708,98.296,3735.0
Victor_9_puntos_intento_10.mp4,785,6541.667,True,132.000,163.000,0.000,133.000,56.000,0.005556,0.594444,-0.804117,62.126,77.760,99.226,3741.5
Victor_9_puntos_intento_10.mp4,786,6550.000,True,132.000,163.000,0.000,137.000,55.000,0.027778,0.600000,-0.799518,61.540,78.006,103.315,3731.0
Victor_9_puntos_intento_10.mp4,787,6558.333,True,132.000,163.000,0.000,150.000,54.000,0.100000,0.605556,-0.789495,59.203,79.535,108.569,3655.5
Victor_9_puntos_intento_10.mp4,788,6566.667,True,132.000,163.000,0.000,165.000,54.000,0.183333,0.605556,-0.774397,57.523,81.500,110.578,3586.0
Victor_9_puntos_intento_10.mp4,789,6575.000,True,132.000,163.000,0.000,181.000,54.000,0.272222,0.605556,-0.747795,55.888,78.896,118.402,3353.5
Victor_9_puntos_intento_10.mp4,790,6583.333,True,132.000,163.000,0.000,194.000,55.000,0.344444,0.600000,-0.722051,53.855,77.561,121.495,3195.0
Victor_9_puntos_intento_10.mp4,791,6591.667,True,132.000,163.000,0.000,205.000,56.000,0.405556,0.594444,-0.694378,52.393,77.994,123.558,3103.5
Victor_9_puntos_intento_10.mp4,792,6600.000,True,132.000,163.000,0.000,216.000,58.000,0.466667,0.583333,-0.664789,50.788,77.473,126.865,2973.5
Victor_9_puntos_intento_10.mp4,793,6608.333,True,132.000,163.000,0.000,225.000,59.000,0.516667,0.577778,-0.631845,49.558,76.776,128.503,2900.0
Victor_9_puntos_intento_10.mp4,794,6616.667,True,132.000,163.000,0.000,231.000,61.000,0.550000,0.566667,-0.613505,48.719,76.550,130.000,2849.0
Victor_9_puntos_intento_10.mp4,795,6625.000,True,132.000,163.000,0.000,235.000,62.000,0.572222,0.561111,-0.598094,48.127,75.809,130.753,2770.5
Victor_9_puntos_intento_10.mp4,796,6633.333,True,132.000,163.000,0.000,236.000,63.000,0.577778,0.555556,-0.597939,47.944,76.317,130.077,2778.5
Victor_9_puntos_intento_10.mp4,797,6641.667,True,132.000,163.000,0.000,234.000,63.000,0.566667,0.555556,-0.608479,49.148,76.199,129.561,2863.5
Victor_9_puntos_intento_10.mp4,798,6650.000,True,132.000,163.000,0.000,235.000,62.000,0.572222,0.561111,-0.598094,49.171,76.917,129.137,2914.0
Victor_9_puntos_intento_10.mp4,799,6658.333,True,132.000,163.000,0.000,235.000,63.000,0.572222,0.555556,-0.603258,48.840,77.414,129.811,2883.0
Victor_9_puntos_intento_10.mp4,800,6666.667,True,132.000,163.000,0.000,235.000,62.000,0.572222,0.561111,-0.598094,48.459,76.928,129.497,2836.5
Victor_9_puntos_intento_10.mp4,801,6675.000,True,132.000,163.000,0.000,235.000,62.000,0.572222,0.561111,-0.598094,47.845,77.205,130.889,2804.5
Victor_9_puntos_intento_10.mp4,802,6683.333,True,132.000,163.000,0.000,235.000,62.000,0.572222,0.561111,-0.598094,47.804,76.843,131.499,2805.5
Victor_9_puntos_intento_10.mp4,803,6691.667,True,132.000,163.000,0.000,235.000,63.000,0.572222,0.555556,-0.603258,47.936,76.345,132.389,2795.0
Victor_9_puntos_intento_10.mp4,804,6700.000,True,132.000,163.000,0.000,235.000,62.000,0.572222,0.561111,-0.598094,47.691,75.586,132.054,2755.5
Victor_9_puntos_intento_10.mp4,805,6708.333,True,132.000,163.000,0.000,234.000,63.000,0.566667,0.555556,-0.608479,47.617,76.574,132.303,2737.5
Victor_9_puntos_intento_10.mp4,806,6716.667,True,132.000,163.000,0.000,235.000,62.000,0.572222,0.561111,-0.598094,47.711,75.855,132.359,2766.0
Victor_9_puntos_intento_10.mp4,807,6725.000,True,132.000,163.000,0.000,235.000,62.000,0.572222,0.561111,-0.598094,47.025,76.282,132.549,2700.0
Victor_9_puntos_intento_10.mp4,808,6733.333,True,132.000,163.000,0.000,235.000,62.000,0.572222,0.561111,-0.598094,47.792,76.090,133.096,2746.0
Victor_9_puntos_intento_10.mp4,809,6741.667,True,132.000,163.000,0.000,234.000,62.000,0.566667,0.561111,-0.603360,47.318,75.656,131.966,2726.0
Victor_9_puntos_intento_10.mp4,810,6750.000,True,132.000,163.000,0.000,235.000,62.000,0.572222,0.561111,-0.598094,47.473,74.998,131.843,2732.5
Victor_9_puntos_intento_10.mp4,811,6758.333,True,132.000,163.000,0.000,234.000,62.000,0.566667,0.561111,-0.603360,47.170,76.245,131.325,2729.0
Victor_9_puntos_intento_10.mp4,812,6766.667,True,132.000,163.000,0.000,234.000,62.000,0.566667,0.561111,-0.603360,47.573,76.574,130.780,2749.5
Victor_9_puntos_intento_10.mp4,813,6775.000,True,132.000,163.000,0.000,234.000,62.000,0.566667,0.561111,-0.603360,46.785,75.462,131.064,2707.0
Victor_9_puntos_intento_10.mp4,814,6783.333,True,132.000,163.000,0.000,234.000,62.000,0.566667,0.561111,-0.603360,47.135,75.727,130.682,2722.0
Victor_9_puntos_intento_10.mp4,815,6791.667,True,132.000,163.000,0.000,234.000,62.000,0.566667,0.561111,-0.603360,47.188,75.573,131.158,2719.0
Victor_9_puntos_intento_10.mp4,816,6800.000,True,132.000,163.000,0.000,234.000,62.000,0.566667,0.561111,-0.603360,47.009,76.321,131.746,2704.0
Victor_9_puntos_intento_10.mp4,817,6808.333,True,132.000,163.000,0.000,234.000,62.000,0.566667,0.561111,-0.603360,46.927,76.811,131.636,2734.5
Victor_9_puntos_intento_10.mp4,818,6816.667,True,132.000,163.000,0.000,234.000,62.000,0.566667,0.561111,-0.603360,47.146,76.531,131.157,2718.0
Victor_9_puntos_intento_10.mp4,819,6825.000,True,132.000,163.000,0.000,234.000,62.000,0.566667,0.561111,-0.603360,46.711,77.016,130.409,2704.0
Victor_9_puntos_intento_10.mp4,820,6833.333,True,132.000,163.000,0.000,234.000,62.000,0.566667,0.561111,-0.603360,47.527,76.093,131.785,2743.0
Victor_9_puntos_intento_10.mp4,821,6841.667,True,132.000,163.000,0.000,234.000,62.000,0.566667,0.561111,-0.603360,47.189,76.374,131.758,2749.5
Victor_9_puntos_intento_10.mp4,822,6850.000,True,132.000,163.000,0.000,234.000,62.000,0.566667,0.561111,-0.603360,46.716,76.380,131.498,2733.5
Victor_9_puntos_intento_10.mp4,823,6858.333,True,132.000,163.000,0.000,234.000,62.000,0.566667,0.561111,-0.603360,46.854,76.675,131.698,2753.0
Victor_9_puntos_intento_10.mp4,824,6866.667,True,132.000,163.000,0.000,234.000,61.000,0.566667,0.566667,-0.598145,46.890,76.570,131.873,2753.0
Victor_9_puntos_intento_10.mp4,825,6875.000,True,132.000,163.000,0.000,234.000,62.000,0.566667,0.561111,-0.603360,47.429,77.213,131.482,2813.5
Victor_9_puntos_intento_10.mp4,826,6883.333,True,132.000,163.000,0.000,234.000,62.000,0.566667,0.561111,-0.603360,47.301,77.444,131.333,2819.5
Victor_9_puntos_intento_10.mp4,827,6891.667,True,132.000,163.000,0.000,234.000,62.000,0.566667,0.561111,-0.603360,47.734,76.893,132.300,2813.5
Victor_9_puntos_intento_10.mp4,828,6900.000,True,132.000,163.000,0.000,234.000,62.000,0.566667,0.561111,-0.603360,47.667,76.644,132.222,2818.0
Victor_9_puntos_intento_10.mp4,829,6908.333,True,132.000,163.000,0.000,234.000,61.000,0.566667,0.566667,-0.598145,47.580,77.352,131.629,2810.0
Victor_9_puntos_intento_10.mp4,830,6916.667,True,132.000,163.000,0.000,234.000,62.000,0.566667,0.561111,-0.603360,47.761,78.061,130.670,2831.5
Victor_9_puntos_intento_10.mp4,831,6925.000,True,132.000,163.000,0.000,234.000,62.000,0.566667,0.561111,-0.603360,47.673,77.581,131.341,2806.0
Victor_9_puntos_intento_10.mp4,832,6933.333,True,132.000,163.000,0.000,234.000,61.000,0.566667,0.566667,-0.598145,47.517,77.911,131.039,2810.0
Victor_9_puntos_intento_10.mp4,833,6941.667,True,132.000,163.000,0.000,234.000,62.000,0.566667,0.561111,-0.603360,47.265,78.226,131.316,2809.0
Victor_9_puntos_intento_10.mp4,834,6950.000,True,132.000,163.000,0.000,234.000,62.000,0.566667,0.561111,-0.603360,47.554,77.812,132.070,2820.0
Victor_9_puntos_intento_10.mp4,835,6958.333,True,132.000,163.000,0.000,234.000,62.000,0.566667,0.561111,-0.603360,47.493,77.525,131.626,2810.0
Victor_9_puntos_intento_10.mp4,836,6966.667,True,132.000,163.000,0.000,234.000,62.000,0.566667,0.561111,-0.603360,47.900,77.775,130.962,2830.5
Victor_9_puntos_intento_10.mp4,837,6975.000,True,132.000,163.000,0.000,234.000,62.000,0.566667,0.561111,-0.603360,47.424,77.580,131.678,2820.5
Victor_9_puntos_intento_10.mp4,838,6983.333,True,132.000,163.000,0.000,234.000,62.000,0.566667,0.561111,-0.603360,47.383,77.564,131.516,2809.5
Victor_9_puntos_intento_10.mp4,839,6991.667,True,132.000,163.000,0.000,234.000,62.000,0.566667,0.561111,-0.603360,47.703,77.542,131.361,2824.0
Victor_9_puntos_intento_10.mp4,840,7000.000,True,132.000,163.000,0.000,234.000,62.000,0.566667,0.561111,-0.603360,47.775,77.539,131.718,2824.5
Victor_9_puntos_intento_10.mp4,841,7008.333,True,132.000,163.000,0.000,234.000,62.000,0.566667,0.561111,-0.603360,48.022,77.994,131.274,2833.5
Victor_9_puntos_intento_10.mp4,842,7016.667,True,132.000,163.000,0.000,234.000,62.000,0.566667,0.561111,-0.603360,48.221,77.884,131.092,2849.0
Victor_9_puntos_intento_10.mp4,843,7025.000,True,132.000,163.000,0.000,234.000,62.000,0.566667,0.561111,-0.603360,47.753,78.021,130.333,2846.0
Victor_9_puntos_intento_10.mp4,844,7033.333,True,132.000,163.000,0.000,234.000,62.000,0.566667,0.561111,-0.603360,47.795,77.896,130.405,2820.5
Victor_9_puntos_intento_10.mp4,845,7041.667,True,132.000,163.000,0.000,234.000,62.000,0.566667,0.561111,-0.603360,47.793,77.429,132.146,2834.5
Victor_9_puntos_intento_10.mp4,846,7050.000,True,132.000,163.000,0.000,234.000,62.000,0.566667,0.561111,-0.603360,48.044,77.176,132.525,2841.0
Victor_9_puntos_intento_10.mp4,847,7058.333,True,132.000,163.000,0.000,234.000,62.000,0.566667,0.561111,-0.603360,47.303,77.536,131.616,2808.5
Victor_9_puntos_intento_10.mp4,848,7066.667,True,132.000,163.000,0.000,234.000,62.000,0.566667,0.561111,-0.603360,47.605,77.468,131.452,2840.0
Victor_9_puntos_intento_10.mp4,849,7075.000,True,132.000,163.000,0.000,234.000,62.000,0.566667,0.561111,-0.603360,48.251,77.559,131.081,2864.5
Victor_9_puntos_intento_10.mp4,850,7083.333,True,132.000,163.000,0.000,234.000,64.000,0.566667,0.550000,-0.613505,48.860,77.869,132.468,2932.0
Victor_9_puntos_intento_10.mp4,851,7091.667,True,132.000,163.000,0.000,235.000,64.000,0.572222,0.550000,-0.608327,48.424,78.644,131.487,2899.5
Victor_9_puntos_intento_10.mp4,852,7100.000,True,132.000,163.000,0.000,235.000,64.000,0.572222,0.550000,-0.608327,48.189,78.682,131.428,2897.5
Victor_9_puntos_intento_10.mp4,853,7108.333,True,132.000,163.000,0.000,234.000,64.000,0.566667,0.550000,-0.613505,48.493,78.179,132.298,2903.0
Victor_9_puntos_intento_10.mp4,854,7116.667,True,132.000,163.000,0.000,235.000,64.000,0.572222,0.550000,-0.608327,48.463,78.919,132.219,2899.0
Victor_9_puntos_intento_10.mp4,855,7125.000,True,132.000,163.000,0.000,235.000,64.000,0.572222,0.550000,-0.608327,48.080,77.819,131.720,2878.0
Victor_9_puntos_intento_10.mp4,856,7133.333,True,132.000,163.000,0.000,234.000,63.000,0.566667,0.555556,-0.608479,48.231,78.501,131.538,2891.0
Victor_9_puntos_intento_10.mp4,857,7141.667,True,132.000,163.000,0.000,235.000,64.000,0.572222,0.550000,-0.608327,48.400,78.013,131.359,2884.0
Victor_9_puntos_intento_10.mp4,858,7150.000,True,132.000,163.000,0.000,234.000,64.000,0.566667,0.550000,-0.613505,48.464,77.563,131.798,2876.0
Victor_9_puntos_intento_10.mp4,859,7158.333,True,132.000,163.000,0.000,234.000,64.000,0.566667,0.550000,-0.613505,48.494,77.544,131.773,2876.0
Victor_9_puntos_intento_10.mp4,860,7166.667,True,132.000,163.000,0.000,234.000,64.000,0.566667,0.550000,-0.613505,48.464,78.209,132.295,2890.5
Victor_9_puntos_intento_10.mp4,861,7175.000,True,132.000,163.000,0.000,234.000,64.000,0.566667,0.550000,-0.613505,48.358,78.399,132.447,2878.5
Victor_9_puntos_intento_10.mp4,862,7183.333,True,132.000,163.000,0.000,234.000,63.000,0.566667,0.555556,-0.608479,48.168,78.026,130.835,2863.0
Victor_9_puntos_intento_10.mp4,863,7191.667,True,132.000,163.000,0.000,234.000,63.000,0.566667,0.555556,-0.608479,48.055,77.981,130.790,2854.0
Victor_9_puntos_intento_10.mp4,864,7200.000,True,132.000,163.000,0.000,235.000,64.000,0.572222,0.550000,-0.608327,47.959,77.868,131.502,2858.0
Victor_9_puntos_intento_10.mp4,865,7208.333,True,132.000,163.000,0.000,234.000,63.000,0.566667,0.555556,-0.608479,47.719,77.769,131.148,2826.5
Victor_9_puntos_intento_10.mp4,866,7216.667,True,132.000,163.000,0.000,234.000,63.000,0.566667,0.555556,-0.608479,47.537,78.535,131.761,2838.0
Victor_9_puntos_intento_10.mp4,867,7225.000,True,132.000,163.000,0.000,234.000,63.000,0.566667,0.555556,-0.608479,48.071,77.886,130.929,2823.0
Victor_9_puntos_intento_10.mp4,868,7233.333,True,132.000,163.000,0.000,234.000,64.000,0.566667,0.550000,-0.613505,47.748,78.327,131.616,2834.0
Victor_9_puntos_intento_10.mp4,869,7241.667,True,132.000,163.000,0.000,234.000,63.000,0.566667,0.555556,-0.608479,47.979,77.697,130.562,2821.5
Victor_9_puntos_intento_10.mp4,870,7250.000,True,132.000,163.000,0.000,234.000,63.000,0.566667,0.555556,-0.608479,47.666,77.756,130.972,2810.0
Victor_9_puntos_intento_10.mp4,871,7258.333,True,132.000,163.000,0.000,234.000,64.000,0.566667,0.550000,-0.613505,47.393,77.641,132.193,2788.0
Victor_9_puntos_intento_10.mp4,872,7266.667,True,132.000,163.000,0.000,234.000,64.000,0.566667,0.550000,-0.613505,48.021,77.835,131.552,2835.0
Victor_9_puntos_intento_10.mp4,873,7275.000,True,132.000,163.000,0.000,235.000,64.000,0.572222,0.550000,-0.608327,47.851,77.388,132.373,2824.5
Victor_9_puntos_intento_10.mp4,874,7283.333,True,132.000,163.000,0.000,235.000,64.000,0.572222,0.550000,-0.608327,48.057,77.195,132.555,2829.5
Victor_9_puntos_intento_10.mp4,875,7291.667,True,132.000,163.000,0.000,235.000,64.000,0.572222,0.550000,-0.608327,47.886,77.046,132.503,2804.0
Victor_9_puntos_intento_10.mp4,876,7300.000,True,132.000,163.000,0.000,235.000,64.000,0.572222,0.550000,-0.608327,47.774,76.519,131.658,2807.5
Victor_9_puntos_intento_10.mp4,877,7308.333,True,132.000,163.000,0.000,234.000,64.000,0.566667,0.550000,-0.613505,47.326,76.856,131.997,2768.5
Victor_9_puntos_intento_10.mp4,878,7316.667,True,132.000,163.000,0.000,234.000,64.000,0.566667,0.550000,-0.613505,47.623,77.441,131.606,2797.5
Victor_9_puntos_intento_10.mp4,879,7325.000,True,132.000,163.000,0.000,234.000,64.000,0.566667,0.550000,-0.613505,47.281,78.413,130.492,2802.5
Victor_9_puntos_intento_10.mp4,880,7333.333,True,132.000,163.000,0.000,235.000,64.000,0.572222,0.550000,-0.608327,47.478,76.878,131.948,2775.5
Victor_9_puntos_intento_10.mp4,881,7341.667,True,132.000,163.000,0.000,235.000,64.000,0.572222,0.550000,-0.608327,47.462,76.428,132.020,2773.0
Victor_9_puntos_intento_10.mp4,882,7350.000,True,132.000,163.000,0.000,234.000,63.000,0.566667,0.555556,-0.608479,47.487,76.128,131.598,2769.0
Victor_9_puntos_intento_10.mp4,883,7358.333,True,132.000,163.000,0.000,235.000,64.000,0.572222,0.550000,-0.608327,47.339,76.249,131.800,2765.0
Victor_9_puntos_intento_10.mp4,884,7366.667,True,132.000,163.000,0.000,234.000,64.000,0.566667,0.550000,-0.613505,47.770,75.980,131.279,2755.5
Victor_9_puntos_intento_10.mp4,885,7375.000,True,132.000,163.000,0.000,234.000,63.000,0.566667,0.555556,-0.608479,47.559,76.427,131.323,2765.5
Victor_9_puntos_intento_10.mp4,886,7383.333,True,132.000,163.000,0.000,234.000,63.000,0.566667,0.555556,-0.608479,47.034,76.025,130.777,2753.5
Victor_9_puntos_intento_10.mp4,887,7391.667,True,132.000,163.000,0.000,235.000,64.000,0.572222,0.550000,-0.608327,47.414,75.882,131.064,2769.5
Victor_9_puntos_intento_10.mp4,888,7400.000,True,132.000,163.000,0.000,234.000,63.000,0.566667,0.555556,-0.608479,47.378,75.591,130.647,2745.0
Victor_9_puntos_intento_10.mp4,889,7408.333,True,132.000,163.000,0.000,234.000,63.000,0.566667,0.555556,-0.608479,47.481,75.201,131.030,2732.5
Victor_9_puntos_intento_10.mp4,890,7416.667,True,132.000,163.000,0.000,234.000,63.000,0.566667,0.555556,-0.608479,47.567,75.388,130.893,2750.0
Victor_9_puntos_intento_10.mp4,891,7425.000,True,132.000,163.000,0.000,234.000,63.000,0.566667,0.555556,-0.608479,47.354,75.160,131.044,2733.5
Victor_9_puntos_intento_10.mp4,892,7433.333,True,132.000,163.000,0.000,234.000,63.000,0.566667,0.555556,-0.608479,47.664,75.093,132.461,2728.5
Victor_9_puntos_intento_10.mp4,893,7441.667,True,132.000,163.000,0.000,234.000,64.000,0.566667,0.550000,-0.613505,47.275,74.561,130.967,2727.5
Victor_9_puntos_intento_10.mp4,894,7450.000,True,132.000,163.000,0.000,234.000,63.000,0.566667,0.555556,-0.608479,47.284,75.038,130.724,2725.5
Victor_9_puntos_intento_10.mp4,895,7458.333,True,132.000,163.000,0.000,234.000,63.000,0.566667,0.555556,-0.608479,47.230,75.017,131.384,2725.0
Victor_9_puntos_intento_10.mp4,896,7466.667,True,132.000,163.000,0.000,234.000,63.000,0.566667,0.555556,-0.608479,47.173,75.300,131.424,2723.0
Victor_9_puntos_intento_10.mp4,897,7475.000,True,132.000,163.000,0.000,234.000,63.000,0.566667,0.555556,-0.608479,47.480,75.103,131.260,2733.0
Victor_9_puntos_intento_10.mp4,898,7483.333,True,132.000,163.000,0.000,234.000,63.000,0.566667,0.555556,-0.608479,47.420,75.487,130.511,2744.5
Victor_9_puntos_intento_10.mp4,899,7491.667,True,132.000,163.000,0.000,234.000,63.000,0.566667,0.555556,-0.608479,46.764,75.770,130.398,2712.5
Victor_9_puntos_intento_10.mp4,900,7500.000,True,132.000,163.000,0.000,234.000,63.000,0.566667,0.555556,-0.608479,46.821,75.219,131.150,2705.5
Victor_9_puntos_intento_10.mp4,901,7508.333,True,132.000,163.000,0.000,234.000,63.000,0.566667,0.555556,-0.608479,47.253,75.773,131.752,2694.0
Victor_9_puntos_intento_10.mp4,902,7516.667,True,132.000,163.000,0.000,234.000,63.000,0.566667,0.555556,-0.608479,46.847,75.438,131.734,2705.5
Victor_9_puntos_intento_10.mp4,903,7525.000,True,132.000,163.000,0.000,234.000,63.000,0.566667,0.555556,-0.608479,47.029,74.362,130.880,2705.0
Victor_9_puntos_intento_10.mp4,904,7533.333,True,132.000,163.000,0.000,234.000,64.000,0.566667,0.550000,-0.613505,47.214,75.455,133.327,2689.5
Victor_9_puntos_intento_10.mp4,905,7541.667,True,132.000,163.000,0.000,234.000,63.000,0.566667,0.555556,-0.608479,47.239,75.116,130.969,2697.0
Victor_9_puntos_intento_10.mp4,906,7550.000,True,132.000,163.000,0.000,234.000,63.000,0.566667,0.555556,-0.608479,47.130,75.197,130.468,2724.5
Victor_9_puntos_intento_10.mp4,907,7558.333,True,132.000,163.000,0.000,234.000,63.000,0.566667,0.555556,-0.608479,46.863,74.371,132.028,2693.5
Victor_9_puntos_intento_10.mp4,908,7566.667,True,132.000,163.000,0.000,234.000,63.000,0.566667,0.555556,-0.608479,47.078,74.786,131.590,2705.5
Victor_9_puntos_intento_10.mp4,909,7575.000,True,132.000,163.000,0.000,234.000,63.000,0.566667,0.555556,-0.608479,47.314,74.782,131.418,2711.0
Victor_9_puntos_intento_10.mp4,910,7583.333,True,132.000,163.000,0.000,234.000,63.000,0.566667,0.555556,-0.608479,46.971,75.077,130.439,2685.5
Victor_9_puntos_intento_10.mp4,911,7591.667,True,132.000,163.000,0.000,234.000,63.000,0.566667,0.555556,-0.608479,47.159,74.658,130.550,2676.0
Victor_9_puntos_intento_10.mp4,912,7600.000,True,132.000,163.000,0.000,233.000,63.000,0.561111,0.555556,-0.613606,47.576,74.811,131.504,2697.5
Victor_9_puntos_intento_10.mp4,913,7608.333,True,132.000,163.000,0.000,231.000,63.000,0.550000,0.555556,-0.623585,47.878,74.995,130.303,2717.5
Victor_9_puntos_intento_10.mp4,914,7616.667,True,132.000,163.000,0.000,232.000,63.000,0.555556,0.555556,-0.618640,46.811,75.099,130.726,2664.0
Victor_9_puntos_intento_10.mp4,915,7625.000,True,132.000,163.000,0.000,233.000,63.000,0.561111,0.555556,-0.613606,46.585,75.346,131.113,2654.5
Victor_9_puntos_intento_10.mp4,916,7633.333,True,132.000,163.000,0.000,233.000,63.000,0.561111,0.555556,-0.613606,47.035,74.718,131.015,2668.5
Victor_9_puntos_intento_10.mp4,917,7641.667,True,132.000,163.000,0.000,233.000,63.000,0.561111,0.555556,-0.613606,46.958,74.937,131.066,2683.0
Victor_9_puntos_intento_10.mp4,918,7650.000,True,132.000,163.000,0.000,233.000,62.000,0.561111,0.561111,-0.608530,46.559,74.884,130.563,2660.5
Victor_9_puntos_intento_10.mp4,919,7658.333,True,132.000,163.000,0.000,233.000,62.000,0.561111,0.561111,-0.608530,46.798,75.042,131.040,2657.5
Victor_9_puntos_intento_10.mp4,920,7666.667,True,132.000,163.000,0.000,233.000,63.000,0.561111,0.555556,-0.613606,46.922,74.254,130.439,2666.5
Victor_9_puntos_intento_10.mp4,921,7675.000,True,132.000,163.000,0.000,233.000,63.000,0.561111,0.555556,-0.613606,46.963,74.684,130.624,2670.5
Victor_9_puntos_intento_10.mp4,922,7683.333,True,132.000,163.000,0.000,233.000,62.000,0.561111,0.561111,-0.608530,46.736,75.224,130.091,2660.0
Victor_9_puntos_intento_10.mp4,923,7691.667,True,132.000,163.000,0.000,233.000,62.000,0.561111,0.561111,-0.608530,46.712,74.421,130.080,2648.0
Victor_9_puntos_intento_10.mp4,924,7700.000,True,132.000,163.000,0.000,233.000,63.000,0.561111,0.555556,-0.613606,46.919,73.685,131.339,2653.0
Victor_9_puntos_intento_10.mp4,925,7708.333,True,132.000,163.000,0.000,233.000,63.000,0.561111,0.555556,-0.613606,47.016,74.638,131.804,2651.5
Victor_9_puntos_intento_10.mp4,926,7716.667,True,132.000,163.000,0.000,233.000,63.000,0.561111,0.555556,-0.613606,46.605,74.414,131.271,2630.5
Victor_9_puntos_intento_10.mp4,927,7725.000,True,132.000,163.000,0.000,233.000,63.000,0.561111,0.555556,-0.613606,46.684,74.119,130.777,2636.5
Victor_9_puntos_intento_10.mp4,928,7733.333,True,132.000,163.000,0.000,233.000,63.000,0.561111,0.555556,-0.613606,46.734,74.046,132.384,2620.0
Victor_9_puntos_intento_10.mp4,929,7741.667,True,132.000,163.000,0.000,233.000,63.000,0.561111,0.555556,-0.613606,46.448,74.879,131.584,2610.5
Victor_9_puntos_intento_10.mp4,930,7750.000,True,132.000,163.000,0.000,234.000,63.000,0.566667,0.555556,-0.608479,46.491,74.326,131.869,2619.5
Victor_9_puntos_intento_10.mp4,931,7758.333,True,132.000,163.000,0.000,233.000,63.000,0.561111,0.555556,-0.613606,46.396,74.154,131.633,2617.0
Victor_9_puntos_intento_10.mp4,932,7766.667,True,132.000,163.000,0.000,234.000,63.000,0.566667,0.555556,-0.608479,46.835,73.950,132.276,2630.0
Victor_9_puntos_intento_10.mp4,933,7775.000,True,132.000,163.000,0.000,233.000,62.000,0.561111,0.561111,-0.608530,46.440,73.495,131.771,2593.5
Victor_9_puntos_intento_10.mp4,934,7783.333,True,132.000,163.000,0.000,233.000,62.000,0.561111,0.561111,-0.608530,46.227,74.233,131.543,2604.5
Victor_9_puntos_intento_10.mp4,935,7791.667,True,132.000,163.000,0.000,233.000,62.000,0.561111,0.561111,-0.608530,46.072,74.360,130.714,2588.5
Victor_9_puntos_intento_10.mp4,936,7800.000,True,132.000,163.000,0.000,233.000,63.000,0.561111,0.555556,-0.613606,46.312,74.019,131.578,2585.0
Victor_9_puntos_intento_10.mp4,937,7808.333,True,132.000,163.000,0.000,233.000,63.000,0.561111,0.555556,-0.613606,45.979,73.674,130.967,2578.5
Victor_9_puntos_intento_10.mp4,938,7816.667,True,132.000,163.000,0.000,234.000,63.000,0.566667,0.555556,-0.608479,46.059,73.046,132.250,2569.5
Victor_9_puntos_intento_10.mp4,939,7825.000,True,132.000,163.000,0.000,234.000,63.000,0.566667,0.555556,-0.608479,46.352,72.993,131.313,2580.5
Victor_9_puntos_intento_10.mp4,940,7833.333,True,132.000,163.000,0.000,234.000,63.000,0.566667,0.555556,-0.608479,46.106,73.336,131.206,2575.5
Victor_9_puntos_intento_10.mp4,941,7841.667,True,132.000,163.000,0.000,234.000,63.000,0.566667,0.555556,-0.608479,46.066,72.879,131.116,2576.5
Victor_9_puntos_intento_10.mp4,942,7850.000,True,132.000,163.000,0.000,233.000,62.000,0.561111,0.561111,-0.608530,46.050,74.127,130.446,2582.5
Victor_9_puntos_intento_10.mp4,943,7858.333,True,132.000,163.000,0.000,233.000,62.000,0.561111,0.561111,-0.608530,45.717,73.922,129.874,2571.0
Victor_9_puntos_intento_10.mp4,944,7866.667,True,132.000,163.000,0.000,234.000,63.000,0.566667,0.555556,-0.608479,46.098,73.328,131.272,2575.0
Victor_9_puntos_intento_10.mp4,945,7875.000,True,132.000,163.000,0.000,234.000,63.000,0.566667,0.555556,-0.608479,45.843,73.536,131.921,2573.5
Victor_9_puntos_intento_10.mp4,946,7883.333,True,132.000,163.000,0.000,234.000,63.000,0.566667,0.555556,-0.608479,46.199,73.549,132.006,2580.5
Victor_9_puntos_intento_10.mp4,947,7891.667,True,132.000,163.000,0.000,234.000,63.000,0.566667,0.555556,-0.608479,45.703,73.369,131.036,2563.5
Victor_9_puntos_intento_10.mp4,948,7900.000,True,132.000,163.000,0.000,234.000,63.000,0.566667,0.555556,-0.608479,45.690,73.383,130.963,2581.0
Victor_9_puntos_intento_10.mp4,949,7908.333,True,132.000,163.000,0.000,234.000,63.000,0.566667,0.555556,-0.608479,46.493,73.857,131.627,2584.0
Victor_9_puntos_intento_10.mp4,950,7916.667,True,132.000,163.000,0.000,234.000,63.000,0.566667,0.555556,-0.608479,46.427,74.100,131.125,2584.5
Victor_9_puntos_intento_10.mp4,951,7925.000,True,132.000,163.000,0.000,234.000,63.000,0.566667,0.555556,-0.608479,46.017,73.513,132.426,2576.5
Victor_9_puntos_intento_10.mp4,952,7933.333,True,132.000,163.000,0.000,234.000,63.000,0.566667,0.555556,-0.608479,46.246,73.589,131.537,2588.5
Victor_9_puntos_intento_10.mp4,953,7941.667,True,132.000,163.000,0.000,234.000,62.000,0.566667,0.561111,-0.603360,46.342,73.816,131.287,2590.5
Victor_9_puntos_intento_10.mp4,954,7950.000,True,132.000,163.000,0.000,234.000,63.000,0.566667,0.555556,-0.608479,46.369,73.638,131.720,2591.0
Victor_9_puntos_intento_10.mp4,955,7958.333,True,132.000,163.000,0.000,234.000,63.000,0.566667,0.555556,-0.608479,46.395,74.233,132.374,2600.5
Victor_9_puntos_intento_10.mp4,956,7966.667,True,132.000,163.000,0.000,234.000,63.000,0.566667,0.555556,-0.608479,46.191,73.584,131.618,2595.5
Victor_9_puntos_intento_10.mp4,957,7975.000,True,132.000,163.000,0.000,234.000,63.000,0.566667,0.555556,-0.608479,46.407,73.892,131.407,2612.0
Victor_9_puntos_intento_10.mp4,958,7983.333,True,132.000,163.000,0.000,234.000,63.000,0.566667,0.555556,-0.608479,46.456,73.705,131.343,2605.5
Victor_9_puntos_intento_10.mp4,959,7991.667,True,132.000,163.000,0.000,234.000,63.000,0.566667,0.555556,-0.608479,46.436,74.369,131.422,2626.0
Victor_9_puntos_intento_10.mp4,960,8000.000,True,132.000,163.000,0.000,234.000,63.000,0.566667,0.555556,-0.608479,46.443,74.391,132.211,2628.5
Victor_9_puntos_intento_10.mp4,961,8008.333,True,132.000,163.000,0.000,234.000,63.000,0.566667,0.555556,-0.608479,46.241,75.447,132.068,2618.5
Victor_9_puntos_intento_10.mp4,962,8016.667,True,132.000,163.000,0.000,234.000,63.000,0.566667,0.555556,-0.608479,46.141,75.231,130.937,2628.5
Victor_9_puntos_intento_10.mp4,963,8025.000,True,132.000,163.000,0.000,234.000,62.000,0.566667,0.561111,-0.603360,46.502,75.113,131.890,2639.5
Victor_9_puntos_intento_10.mp4,964,8033.333,True,132.000,163.000,0.000,233.000,62.000,0.561111,0.561111,-0.608530,46.496,75.274,130.997,2658.0
Victor_9_puntos_intento_10.mp4,965,8041.667,True,132.000,163.000,0.000,233.000,62.000,0.561111,0.561111,-0.608530,46.474,75.071,130.836,2637.5
Victor_9_puntos_intento_10.mp4,966,8050.000,True,132.000,163.000,0.000,234.000,63.000,0.566667,0.555556,-0.608479,46.453,75.829,131.121,2653.5
Victor_9_puntos_intento_10.mp4,967,8058.333,True,132.000,163.000,0.000,233.000,62.000,0.561111,0.561111,-0.608530,46.379,75.242,131.186,2649.5
Victor_9_puntos_intento_10.mp4,968,8066.667,True,132.000,163.000,0.000,234.000,63.000,0.566667,0.555556,-0.608479,46.700,75.027,130.796,2672.5
Victor_9_puntos_intento_10.mp4,969,8075.000,True,132.000,163.000,0.000,233.000,62.000,0.561111,0.561111,-0.608530,46.569,75.088,130.011,2654.5
Victor_9_puntos_intento_10.mp4,970,8083.333,True,132.000,163.000,0.000,234.000,63.000,0.566667,0.555556,-0.608479,46.491,75.426,131.025,2659.0
Victor_9_puntos_intento_10.mp4,971,8091.667,True,132.000,163.000,0.000,234.000,62.000,0.566667,0.561111,-0.603360,46.547,75.564,129.879,2677.5
Victor_9_puntos_intento_10.mp4,972,8100.000,True,132.000,163.000,0.000,234.000,63.000,0.566667,0.555556,-0.608479,46.528,75.157,130.909,2673.5
Victor_9_puntos_intento_10.mp4,973,8108.333,True,132.000,163.000,0.000,233.000,63.000,0.561111,0.555556,-0.613606,47.251,75.730,130.373,2705.5
Victor_9_puntos_intento_10.mp4,974,8116.667,True,132.000,163.000,0.000,233.000,63.000,0.561111,0.555556,-0.613606,47.059,75.726,130.075,2700.5
Victor_9_puntos_intento_10.mp4,975,8125.000,True,132.000,163.000,0.000,234.000,62.000,0.566667,0.561111,-0.603360,47.481,75.217,130.880,2703.0
Victor_9_puntos_intento_10.mp4,976,8133.333,True,132.000,163.000,0.000,233.000,63.000,0.561111,0.555556,-0.613606,47.048,76.322,131.116,2714.0
Victor_9_puntos_intento_10.mp4,977,8141.667,True,132.000,163.000,0.000,234.000,62.000,0.566667,0.561111,-0.603360,46.985,76.151,130.123,2729.5
Victor_9_puntos_intento_10.mp4,978,8150.000,True,132.000,163.000,0.000,234.000,62.000,0.566667,0.561111,-0.603360,47.377,76.414,131.207,2731.5
Victor_9_puntos_intento_10.mp4,979,8158.333,True,132.000,163.000,0.000,234.000,63.000,0.566667,0.555556,-0.608479,47.172,76.045,131.295,2722.5
Victor_9_puntos_intento_10.mp4,980,8166.667,True,132.000,163.000,0.000,234.000,63.000,0.566667,0.555556,-0.608479,47.499,76.164,131.058,2723.0
Victor_9_puntos_intento_10.mp4,981,8175.000,True,132.000,163.000,0.000,234.000,63.000,0.566667,0.555556,-0.608479,47.191,75.828,131.854,2717.5
Victor_9_puntos_intento_10.mp4,982,8183.333,True,132.000,163.000,0.000,234.000,62.000,0.566667,0.561111,-0.603360,47.251,76.146,131.823,2745.0
Victor_9_puntos_intento_10.mp4,983,8191.667,True,132.000,163.000,0.000,233.000,62.000,0.561111,0.561111,-0.608530,46.854,75.761,130.025,2718.5
Victor_9_puntos_intento_10.mp4,984,8200.000,True,132.000,163.000,0.000,234.000,62.000,0.566667,0.561111,-0.603360,47.317,76.595,131.811,2748.0
Victor_9_puntos_intento_10.mp4,985,8208.333,True,132.000,163.000,0.000,233.000,62.000,0.561111,0.561111,-0.608530,47.017,76.448,130.352,2732.5
Victor_9_puntos_intento_10.mp4,986,8216.667,True,132.000,163.000,0.000,233.000,62.000,0.561111,0.561111,-0.608530,47.194,76.096,130.418,2727.0
Victor_9_puntos_intento_10.mp4,987,8225.000,True,132.000,163.000,0.000,233.000,62.000,0.561111,0.561111,-0.608530,47.485,76.277,131.441,2757.5
Victor_9_puntos_intento_10.mp4,988,8233.333,True,132.000,163.000,0.000,233.000,62.000,0.561111,0.561111,-0.608530,47.435,76.147,130.748,2744.5
Victor_9_puntos_intento_10.mp4,989,8241.667,True,132.000,163.000,0.000,234.000,62.000,0.566667,0.561111,-0.603360,47.312,75.957,130.643,2742.5
Victor_9_puntos_intento_10.mp4,990,8250.000,True,132.000,163.000,0.000,234.000,63.000,0.566667,0.555556,-0.608479,47.392,76.723,131.256,2771.5
Victor_9_puntos_intento_10.mp4,991,8258.333,True,132.000,163.000,0.000,233.000,63.000,0.561111,0.555556,-0.613606,47.212,76.653,130.715,2751.5
Victor_9_puntos_intento_10.mp4,992,8266.667,True,132.000,163.000,0.000,233.000,62.000,0.561111,0.561111,-0.608530,46.923,77.382,130.924,2751.5
Victor_9_puntos_intento_10.mp4,993,8275.000,True,132.000,163.000,0.000,233.000,62.000,0.561111,0.561111,-0.608530,47.235,77.014,131.043,2780.0
Victor_9_puntos_intento_10.mp4,994,8283.333,True,132.000,163.000,0.000,233.000,62.000,0.561111,0.561111,-0.608530,46.841,76.816,129.951,2752.5
Victor_9_puntos_intento_10.mp4,995,8291.667,True,132.000,163.000,0.000,233.000,62.000,0.561111,0.561111,-0.608530,47.384,76.935,130.646,2757.0
Victor_9_puntos_intento_10.mp4,996,8300.000,True,132.000,163.000,0.000,233.000,62.000,0.561111,0.561111,-0.608530,47.146,76.664,130.515,2756.0
Victor_9_puntos_intento_10.mp4,997,8308.333,True,132.000,163.000,0.000,233.000,62.000,0.561111,0.561111,-0.608530,47.422,76.846,129.914,2767.5
Victor_9_puntos_intento_10.mp4,998,8316.667,True,132.000,163.000,0.000,229.000,63.000,0.538889,0.555556,-0.633211,49.090,75.298,130.785,2833.5
Victor_9_puntos_intento_10.mp4,999,8325.000,True,132.000,163.000,0.000,219.000,64.000,0.483333,0.550000,-0.681094,54.041,74.254,127.911,3046.5
Victor_9_puntos_intento_10.mp4,1000,8333.333,True,132.000,163.000,0.000,208.000,65.000,0.422222,0.544444,-0.724782,57.195,74.672,125.999,3263.5
Victor_9_puntos_intento_10.mp4,1001,8341.667,True,132.000,163.000,0.000,199.000,67.000,0.372222,0.533333,-0.759609,58.670,75.414,125.283,3376.5
Victor_9_puntos_intento_10.mp4,1002,8350.000,True,132.000,163.000,0.000,194.000,68.000,0.344444,0.527778,-0.776408,60.197,77.046,122.866,3521.0
Victor_9_puntos_intento_10.mp4,1003,8358.333,True,132.000,163.000,0.000,192.000,69.000,0.333333,0.522222,-0.784967,60.232,76.781,125.169,3524.5
Victor_9_puntos_intento_10.mp4,1004,8366.667,True,132.000,163.000,0.000,192.000,68.000,0.333333,0.527778,-0.781242,59.581,76.937,125.347,3497.5
Victor_9_puntos_intento_10.mp4,1005,8375.000,True,132.000,163.000,0.000,193.000,69.000,0.338889,0.522222,-0.782584,58.913,75.915,126.448,3412.5
Victor_9_puntos_intento_10.mp4,1006,8383.333,True,132.000,163.000,0.000,192.000,69.000,0.333333,0.522222,-0.784967,59.271,76.181,123.625,3435.0
Victor_9_puntos_intento_10.mp4,1007,8391.667,True,132.000,163.000,0.000,192.000,68.000,0.333333,0.527778,-0.781242,59.670,76.303,125.827,3452.5
Victor_9_puntos_intento_10.mp4,1008,8400.000,True,132.000,163.000,0.000,192.000,68.000,0.333333,0.527778,-0.781242,60.172,76.633,123.877,3517.5
Victor_9_puntos_intento_10.mp4,1009,8408.333,True,132.000,163.000,0.000,192.000,68.000,0.333333,0.527778,-0.781242,60.166,76.738,124.951,3508.0
Victor_9_puntos_intento_10.mp4,1010,8416.667,True,132.000,163.000,0.000,192.000,68.000,0.333333,0.527778,-0.781242,60.144,76.601,125.351,3501.0
Victor_9_puntos_intento_10.mp4,1011,8425.000,True,132.000,163.000,0.000,192.000,68.000,0.333333,0.527778,-0.781242,60.052,77.373,125.918,3544.5
Victor_9_puntos_intento_10.mp4,1012,8433.333,True,132.000,163.000,0.000,192.000,68.000,0.333333,0.527778,-0.781242,60.406,76.963,126.612,3562.5
Victor_9_puntos_intento_10.mp4,1013,8441.667,True,132.000,163.000,0.000,192.000,68.000,0.333333,0.527778,-0.781242,60.319,77.267,125.057,3553.0
Victor_9_puntos_intento_10.mp4,1014,8450.000,True,132.000,163.000,0.000,192.000,68.000,0.333333,0.527778,-0.781242,60.770,78.573,125.032,3606.0
Victor_9_puntos_intento_10.mp4,1015,8458.333,True,132.000,163.000,0.000,192.000,68.000,0.333333,0.527778,-0.781242,61.013,77.846,124.918,3609.5
Victor_9_puntos_intento_10.mp4,1016,8466.667,True,132.000,163.000,0.000,192.000,68.000,0.333333,0.527778,-0.781242,60.931,78.252,124.492,3641.0
Victor_9_puntos_intento_10.mp4,1017,8475.000,True,132.000,163.000,0.000,192.000,68.000,0.333333,0.527778,-0.781242,60.800,79.111,125.061,3669.5
Victor_9_puntos_intento_10.mp4,1018,8483.333,True,132.000,163.000,0.000,193.000,68.000,0.338889,0.527778,-0.778848,61.381,78.324,125.701,3664.5
Victor_9_puntos_intento_10.mp4,1019,8491.667,True,132.000,163.000,0.000,193.000,68.000,0.338889,0.527778,-0.778848,61.155,78.405,125.129,3655.5
Victor_9_puntos_intento_10.mp4,1020,8500.000,True,132.000,163.000,0.000,193.000,68.000,0.338889,0.527778,-0.778848,60.981,78.795,123.891,3679.0
Victor_9_puntos_intento_10.mp4,1021,8508.333,True,132.000,163.000,0.000,193.000,68.000,0.338889,0.527778,-0.778848,61.319,77.750,124.562,3658.5
Victor_9_puntos_intento_10.mp4,1022,8516.667,True,132.000,163.000,0.000,193.000,68.000,0.338889,0.527778,-0.778848,61.299,78.731,124.878,3687.5
Victor_9_puntos_intento_10.mp4,1023,8525.000,True,132.000,163.000,0.000,193.000,68.000,0.338889,0.527778,-0.778848,61.544,79.454,124.880,3730.5
Victor_9_puntos_intento_10.mp4,1024,8533.333,True,132.000,163.000,0.000,193.000,68.000,0.338889,0.527778,-0.778848,61.806,79.144,124.810,3722.0
Victor_9_puntos_intento_10.mp4,1025,8541.667,True,132.000,163.000,0.000,193.000,68.000,0.338889,0.527778,-0.778848,61.773,79.087,124.068,3755.0
Victor_9_puntos_intento_10.mp4,1026,8550.000,True,132.000,163.000,0.000,193.000,68.000,0.338889,0.527778,-0.778848,61.864,79.442,125.897,3755.0
Victor_9_puntos_intento_10.mp4,1027,8558.333,True,132.000,163.000,0.000,193.000,67.000,0.338889,0.533333,-0.775055,61.755,79.341,125.465,3753.5
Victor_9_puntos_intento_10.mp4,1028,8566.667,True,132.000,163.000,0.000,193.000,67.000,0.338889,0.533333,-0.775055,61.304,80.385,124.937,3751.0
Victor_9_puntos_intento_10.mp4,1029,8575.000,True,132.000,163.000,0.000,193.000,68.000,0.338889,0.527778,-0.778848,61.277,78.162,125.752,3663.0
Victor_9_puntos_intento_10.mp4,1030,8583.333,True,132.000,163.000,0.000,193.000,68.000,0.338889,0.527778,-0.778848,60.772,78.863,124.809,3647.5
Victor_9_puntos_intento_10.mp4,1031,8591.667,True,132.000,163.000,0.000,193.000,68.000,0.338889,0.527778,-0.778848,61.573,78.744,125.491,3668.5
Victor_9_puntos_intento_10.mp4,1032,8600.000,True,132.000,163.000,0.000,193.000,67.000,0.338889,0.533333,-0.775055,61.547,79.335,124.802,3700.0
Victor_9_puntos_intento_10.mp4,1033,8608.333,True,132.000,163.000,0.000,193.000,67.000,0.338889,0.533333,-0.775055,61.774,78.601,125.154,3704.0
Victor_9_puntos_intento_10.mp4,1034,8616.667,True,132.000,163.000,0.000,193.000,67.000,0.338889,0.533333,-0.775055,61.665,79.544,124.821,3749.0
Victor_9_puntos_intento_10.mp4,1035,8625.000,True,132.000,163.000,0.000,193.000,67.000,0.338889,0.533333,-0.775055,62.108,79.835,125.706,3755.5
Victor_9_puntos_intento_10.mp4,1036,8633.333,True,132.000,163.000,0.000,193.000,67.000,0.338889,0.533333,-0.775055,61.860,79.324,124.910,3738.5
Victor_9_puntos_intento_10.mp4,1037,8641.667,True,132.000,163.000,0.000,193.000,67.000,0.338889,0.533333,-0.775055,61.324,79.938,125.771,3749.0
Victor_9_puntos_intento_10.mp4,1038,8650.000,True,132.000,163.000,0.000,193.000,67.000,0.338889,0.533333,-0.775055,61.710,81.395,124.175,3809.5
Victor_9_puntos_intento_10.mp4,1039,8658.333,True,132.000,163.000,0.000,193.000,67.000,0.338889,0.533333,-0.775055,61.219,80.655,125.479,3744.0
Victor_9_puntos_intento_10.mp4,1040,8666.667,True,132.000,163.000,0.000,193.000,68.000,0.338889,0.527778,-0.778848,61.950,79.212,125.609,3753.5
Victor_9_puntos_intento_10.mp4,1041,8675.000,True,132.000,163.000,0.000,193.000,67.000,0.338889,0.533333,-0.775055,61.676,80.255,126.124,3770.0
Victor_9_puntos_intento_10.mp4,1042,8683.333,True,132.000,163.000,0.000,193.000,67.000,0.338889,0.533333,-0.775055,61.687,81.411,124.615,3813.5
Victor_9_puntos_intento_10.mp4,1043,8691.667,True,132.000,163.000,0.000,193.000,67.000,0.338889,0.533333,-0.775055,61.781,80.660,125.737,3796.0
Victor_9_puntos_intento_10.mp4,1044,8700.000,True,132.000,163.000,0.000,193.000,67.000,0.338889,0.533333,-0.775055,62.336,79.983,125.559,3847.5
Victor_9_puntos_intento_10.mp4,1045,8708.333,True,132.000,163.000,0.000,193.000,67.000,0.338889,0.533333,-0.775055,62.248,80.563,125.523,3808.5
Victor_9_puntos_intento_10.mp4,1046,8716.667,True,132.000,163.000,0.000,191.000,67.000,0.327778,0.533333,-0.779819,63.256,79.904,124.659,3846.0
Victor_9_puntos_intento_10.mp4,1047,8725.000,True,132.000,163.000,0.000,189.000,67.000,0.316667,0.533333,-0.784396,63.119,80.891,122.156,3855.5
Victor_9_puntos_intento_10.mp4,1048,8733.333,True,132.000,163.000,0.000,190.000,66.000,0.322222,0.538889,-0.778313,62.469,81.613,123.400,3850.0
Victor_9_puntos_intento_10.mp4,1049,8741.667,True,132.000,163.000,0.000,191.000,67.000,0.327778,0.533333,-0.779819,62.819,81.150,124.588,3860.0
Victor_9_puntos_intento_10.mp4,1050,8750.000,True,132.000,163.000,0.000,191.000,67.000,0.327778,0.533333,-0.779819,62.427,81.353,124.418,3887.0
Victor_9_puntos_intento_10.mp4,1051,8758.333,True,132.000,163.000,0.000,191.000,67.000,0.327778,0.533333,-0.779819,62.366,81.363,124.494,3883.0
Victor_9_puntos_intento_10.mp4,1052,8766.667,True,132.000,163.000,0.000,191.000,67.000,0.327778,0.533333,-0.779819,63.390,81.504,125.279,3935.5
Victor_9_puntos_intento_10.mp4,1053,8775.000,True,132.000,163.000,0.000,191.000,67.000,0.327778,0.533333,-0.779819,62.705,81.565,125.733,3886.0
Victor_9_puntos_intento_10.mp4,1054,8783.333,True,132.000,163.000,0.000,191.000,67.000,0.327778,0.533333,-0.779819,63.341,81.250,126.461,3919.0
Victor_9_puntos_intento_10.mp4,1055,8791.667,True,132.000,163.000,0.000,191.000,67.000,0.327778,0.533333,-0.779819,63.336,80.850,125.060,3901.0
Victor_9_puntos_intento_10.mp4,1056,8800.000,True,132.000,163.000,0.000,191.000,67.000,0.327778,0.533333,-0.779819,63.084,82.266,123.758,3951.0
Victor_9_puntos_intento_10.mp4,1057,8808.333,True,132.000,163.000,0.000,191.000,66.000,0.327778,0.538889,-0.775990,63.411,81.270,126.565,3903.5
Victor_9_puntos_intento_10.mp4,1058,8816.667,True,132.000,163.000,0.000,191.000,66.000,0.327778,0.538889,-0.775990,63.498,82.045,125.651,3950.0
Victor_9_puntos_intento_10.mp4,1059,8825.000,True,132.000,163.000,0.000,191.000,67.000,0.327778,0.533333,-0.779819,63.933,81.516,126.036,3947.5
Victor_9_puntos_intento_10.mp4,1060,8833.333,True,132.000,163.000,0.000,192.000,67.000,0.333333,0.533333,-0.777460,63.875,80.638,126.231,3944.0
Victor_9_puntos_intento_10.mp4,1061,8841.667,True,132.000,163.000,0.000,192.000,67.000,0.333333,0.533333,-0.777460,63.398,81.065,125.982,3919.0
Victor_9_puntos_intento_10.mp4,1062,8850.000,True,132.000,163.000,0.000,191.000,66.000,0.327778,0.538889,-0.775990,63.526,82.704,124.603,3985.0
Victor_9_puntos_intento_10.mp4,1063,8858.333,True,132.000,163.000,0.000,191.000,67.000,0.327778,0.533333,-0.779819,63.928,81.900,124.707,3982.0
Victor_9_puntos_intento_10.mp4,1064,8866.667,True,132.000,163.000,0.000,192.000,67.000,0.333333,0.533333,-0.777460,63.594,81.690,126.102,3959.0
Victor_9_puntos_intento_10.mp4,1065,8875.000,True,132.000,163.000,0.000,191.000,67.000,0.327778,0.533333,-0.779819,64.126,81.054,127.529,3960.0
Victor_9_puntos_intento_10.mp4,1066,8883.333,True,132.000,163.000,0.000,192.000,67.000,0.333333,0.533333,-0.777460,64.101,81.186,127.119,3985.0
Victor_9_puntos_intento_10.mp4,1067,8891.667,True,132.000,163.000,0.000,191.000,67.000,0.327778,0.533333,-0.779819,63.787,82.397,125.069,3971.0
Victor_9_puntos_intento_10.mp4,1068,8900.000,True,132.000,163.000,0.000,191.000,66.000,0.327778,0.538889,-0.775990,63.578,82.454,123.794,3988.5
Victor_9_puntos_intento_10.mp4,1069,8908.333,True,132.000,163.000,0.000,191.000,67.000,0.327778,0.533333,-0.779819,64.029,80.991,126.862,3955.0
Victor_9_puntos_intento_10.mp4,1070,8916.667,True,132.000,163.000,0.000,191.000,66.000,0.327778,0.538889,-0.775990,63.645,81.541,125.204,3978.0
Victor_9_puntos_intento_10.mp4,1071,8925.000,True,132.000,163.000,0.000,192.000,67.000,0.333333,0.533333,-0.777460,63.807,81.349,125.941,3967.5
Victor_9_puntos_intento_10.mp4,1072,8933.333,True,132.000,163.000,0.000,192.000,67.000,0.333333,0.533333,-0.777460,63.377,80.792,125.061,3931.0
Victor_9_puntos_intento_10.mp4,1073,8941.667,True,132.000,163.000,0.000,192.000,67.000,0.333333,0.533333,-0.777460,63.559,81.475,125.015,3941.5
Victor_9_puntos_intento_10.mp4,1074,8950.000,True,132.000,163.000,0.000,192.000,67.000,0.333333,0.533333,-0.777460,63.671,81.038,125.643,3955.0
Victor_9_puntos_intento_10.mp4,1075,8958.333,True,132.000,163.000,0.000,192.000,67.000,0.333333,0.533333,-0.777460,63.504,80.656,125.291,3922.0
Victor_9_puntos_intento_10.mp4,1076,8966.667,True,132.000,163.000,0.000,192.000,66.000,0.333333,0.538889,-0.773620,63.253,81.659,125.476,3955.5
Victor_9_puntos_intento_10.mp4,1077,8975.000,True,132.000,163.000,0.000,191.000,66.000,0.327778,0.538889,-0.775990,63.613,82.164,125.207,3953.5
Victor_9_puntos_intento_10.mp4,1078,8983.333,True,132.000,163.000,0.000,192.000,67.000,0.333333,0.533333,-0.777460,63.312,80.878,125.492,3915.0
Victor_9_puntos_intento_10.mp4,1079,8991.667,True,132.000,163.000,0.000,192.000,67.000,0.333333,0.533333,-0.777460,63.121,80.943,125.682,3909.5
Victor_9_puntos_intento_10.mp4,1080,9000.000,True,132.000,163.000,0.000,192.000,67.000,0.333333,0.533333,-0.777460,63.325,80.928,125.240,3923.0
Victor_9_puntos_intento_10.mp4,1081,9008.333,True,132.000,163.000,0.000,192.000,66.000,0.333333,0.538889,-0.773620,63.451,80.384,123.347,3891.5
Victor_9_puntos_intento_10.mp4,1082,9016.667,True,132.000,163.000,0.000,192.000,66.000,0.333333,0.538889,-0.773620,63.462,80.683,125.057,3905.0
Victor_9_puntos_intento_10.mp4,1083,9025.000,True,132.000,163.000,0.000,192.000,67.000,0.333333,0.533333,-0.777460,63.503,78.713,125.580,3875.5
Victor_9_puntos_intento_10.mp4,1084,9033.333,True,132.000,163.000,0.000,192.000,67.000,0.333333,0.533333,-0.777460,63.446,80.017,125.849,3879.5
Victor_9_puntos_intento_10.mp4,1085,9041.667,True,132.000,163.000,0.000,192.000,66.000,0.333333,0.538889,-0.773620,62.784,79.706,125.982,3866.5
Victor_9_puntos_intento_10.mp4,1086,9050.000,True,132.000,163.000,0.000,192.000,66.000,0.333333,0.538889,-0.773620,62.796,80.573,126.065,3878.5
Victor_9_puntos_intento_10.mp4,1087,9058.333,True,132.000,163.000,0.000,192.000,67.000,0.333333,0.533333,-0.777460,62.749,79.190,125.438,3822.5
Victor_9_puntos_intento_10.mp4,1088,9066.667,True,132.000,163.000,0.000,192.000,66.000,0.333333,0.538889,-0.773620,62.841,79.680,125.206,3832.0
Victor_9_puntos_intento_10.mp4,1089,9075.000,True,132.000,163.000,0.000,192.000,66.000,0.333333,0.538889,-0.773620,62.401,79.552,125.117,3800.0
Victor_9_puntos_intento_10.mp4,1090,9083.333,True,132.000,163.000,0.000,191.000,66.000,0.327778,0.538889,-0.775990,62.659,80.588,124.011,3843.5
Victor_9_puntos_intento_10.mp4,1091,9091.667,True,132.000,163.000,0.000,192.000,66.000,0.333333,0.538889,-0.773620,62.587,79.595,123.144,3826.5
Victor_9_puntos_intento_10.mp4,1092,9100.000,True,132.000,163.000,0.000,192.000,66.000,0.333333,0.538889,-0.773620,62.612,80.045,125.040,3826.5
Victor_9_puntos_intento_10.mp4,1093,9108.333,True,132.000,163.000,0.000,192.000,66.000,0.333333,0.538889,-0.773620,62.670,78.538,124.214,3757.5
Victor_9_puntos_intento_10.mp4,1094,9116.667,True,132.000,163.000,0.000,192.000,66.000,0.333333,0.538889,-0.773620,62.975,78.594,123.745,3783.5
Victor_9_puntos_intento_10.mp4,1095,9125.000,True,132.000,163.000,0.000,192.000,66.000,0.333333,0.538889,-0.773620,62.754,78.251,125.488,3763.5
Victor_9_puntos_intento_10.mp4,1096,9133.333,True,132.000,163.000,0.000,192.000,66.000,0.333333,0.538889,-0.773620,62.612,78.270,124.110,3746.5
Victor_9_puntos_intento_10.mp4,1097,9141.667,True,132.000,163.000,0.000,192.000,66.000,0.333333,0.538889,-0.773620,62.199,78.172,123.698,3728.5
Victor_9_puntos_intento_10.mp4,1098,9150.000,True,132.000,163.000,0.000,192.000,66.000,0.333333,0.538889,-0.773620,61.917,78.329,123.046,3725.5
Victor_9_puntos_intento_10.mp4,1099,9158.333,True,132.000,163.000,0.000,192.000,66.000,0.333333,0.538889,-0.773620,62.448,77.008,124.544,3718.0
Victor_9_puntos_intento_10.mp4,1100,9166.667,True,132.000,163.000,0.000,191.000,66.000,0.327778,0.538889,-0.775990,62.138,78.644,123.447,3726.0
Victor_9_puntos_intento_10.mp4,1101,9175.000,True,132.000,163.000,0.000,191.000,66.000,0.327778,0.538889,-0.775990,61.987,78.845,122.921,3732.5
Victor_9_puntos_intento_10.mp4,1102,9183.333,True,132.000,163.000,0.000,191.000,66.000,0.327778,0.538889,-0.775990,61.617,79.644,121.933,3747.0
Victor_9_puntos_intento_10.mp4,1103,9191.667,True,132.000,163.000,0.000,191.000,66.000,0.327778,0.538889,-0.775990,61.566,79.003,122.500,3705.0
Victor_9_puntos_intento_10.mp4,1104,9200.000,True,132.000,163.000,0.000,191.000,66.000,0.327778,0.538889,-0.775990,61.871,78.751,122.908,3705.5
Victor_9_puntos_intento_10.mp4,1105,9208.333,True,132.000,163.000,0.000,191.000,66.000,0.327778,0.538889,-0.775990,61.340,78.624,122.282,3669.5
Victor_9_puntos_intento_10.mp4,1106,9216.667,True,132.000,163.000,0.000,191.000,66.000,0.327778,0.538889,-0.775990,61.648,78.679,122.017,3666.0
Victor_9_puntos_intento_10.mp4,1107,9225.000,True,132.000,163.000,0.000,191.000,66.000,0.327778,0.538889,-0.775990,61.745,78.575,121.639,3682.0
Victor_9_puntos_intento_10.mp4,1108,9233.333,True,132.000,163.000,0.000,191.000,66.000,0.327778,0.538889,-0.775990,61.735,78.468,124.463,3692.0
Victor_9_puntos_intento_10.mp4,1109,9241.667,True,132.000,163.000,0.000,192.000,66.000,0.333333,0.538889,-0.773620,61.525,77.653,123.647,3664.5
Victor_9_puntos_intento_10.mp4,1110,9250.000,True,132.000,163.000,0.000,192.000,66.000,0.333333,0.538889,-0.773620,61.249,77.686,122.914,3662.5
Victor_9_puntos_intento_10.mp4,1111,9258.333,True,132.000,163.000,0.000,191.000,66.000,0.327778,0.538889,-0.775990,61.221,78.306,123.441,3650.5
Victor_9_puntos_intento_10.mp4,1112,9266.667,True,132.000,163.000,0.000,191.000,66.000,0.327778,0.538889,-0.775990,61.521,78.293,123.497,3637.0
Victor_9_puntos_intento_10.mp4,1113,9275.000,True,132.000,163.000,0.000,192.000,66.000,0.333333,0.538889,-0.773620,60.976,77.999,123.329,3637.0
Victor_9_puntos_intento_10.mp4,1114,9283.333,True,132.000,163.000,0.000,192.000,66.000,0.333333,0.538889,-0.773620,61.149,77.624,123.924,3642.0
Victor_9_puntos_intento_10.mp4,1115,9291.667,True,132.000,163.000,0.000,191.000,66.000,0.327778,0.538889,-0.775990,60.769,78.296,123.252,3629.5
Victor_9_puntos_intento_10.mp4,1116,9300.000,True,132.000,163.000,0.000,192.000,66.000,0.333333,0.538889,-0.773620,60.754,78.327,123.583,3624.5
Victor_9_puntos_intento_10.mp4,1117,9308.333,True,132.000,163.000,0.000,192.000,66.000,0.333333,0.538889,-0.773620,61.143,77.140,121.913,3604.0
Victor_9_puntos_intento_10.mp4,1118,9316.667,True,132.000,163.000,0.000,191.000,66.000,0.327778,0.538889,-0.775990,61.027,76.960,121.956,3598.0
Victor_9_puntos_intento_10.mp4,1119,9325.000,True,132.000,163.000,0.000,192.000,66.000,0.333333,0.538889,-0.773620,60.969,77.157,123.002,3590.5
Victor_9_puntos_intento_10.mp4,1120,9333.333,True,132.000,163.000,0.000,192.000,66.000,0.333333,0.538889,-0.773620,61.152,76.602,122.552,3583.5
Victor_9_puntos_intento_10.mp4,1121,9341.667,True,132.000,163.000,0.000,192.000,66.000,0.333333,0.538889,-0.773620,60.589,77.147,121.996,3576.5
Victor_9_puntos_intento_10.mp4,1122,9350.000,True,132.000,163.000,0.000,191.000,66.000,0.327778,0.538889,-0.775990,60.801,77.887,121.760,3581.0
Victor_9_puntos_intento_10.mp4,1123,9358.333,True,132.000,163.000,0.000,191.000,66.000,0.327778,0.538889,-0.775990,60.769,77.243,122.176,3563.0
Victor_9_puntos_intento_10.mp4,1124,9366.667,True,132.000,163.000,0.000,192.000,66.000,0.333333,0.538889,-0.773620,60.526,77.302,122.283,3570.5
Victor_9_puntos_intento_10.mp4,1125,9375.000,True,132.000,163.000,0.000,192.000,66.000,0.333333,0.538889,-0.773620,60.378,77.184,121.689,3545.0
Victor_9_puntos_intento_10.mp4,1126,9383.333,True,132.000,164.000,0.000,191.000,66.000,0.327778,0.544444,-0.772102,60.380,77.220,121.220,3565.0
Victor_9_puntos_intento_10.mp4,1127,9391.667,True,132.000,164.000,0.000,192.000,66.000,0.333333,0.544444,-0.769720,60.282,76.090,122.502,3523.5
Victor_9_puntos_intento_10.mp4,1128,9400.000,True,132.000,164.000,0.000,191.000,66.000,0.327778,0.544444,-0.772102,60.456,77.366,121.955,3544.0
Victor_9_puntos_intento_10.mp4,1129,9408.333,True,132.000,164.000,0.000,192.000,66.000,0.333333,0.544444,-0.769720,60.700,75.948,120.912,3547.0
Victor_9_puntos_intento_10.mp4,1130,9416.667,True,132.000,164.000,0.000,191.000,66.000,0.327778,0.544444,-0.772102,60.309,76.674,120.271,3524.0
Victor_9_puntos_intento_10.mp4,1131,9425.000,True,132.000,164.000,0.000,191.000,66.000,0.327778,0.544444,-0.772102,59.918,76.612,120.351,3515.0
Victor_9_puntos_intento_10.mp4,1132,9433.333,True,132.000,164.000,0.000,192.000,66.000,0.333333,0.544444,-0.769720,60.393,75.937,121.999,3509.0
Victor_9_puntos_intento_10.mp4,1133,9441.667,True,132.000,164.000,0.000,192.000,66.000,0.333333,0.544444,-0.769720,60.621,76.532,120.096,3542.0
Victor_9_puntos_intento_10.mp4,1134,9450.000,True,132.000,164.000,0.000,192.000,66.000,0.333333,0.544444,-0.769720,60.434,77.020,121.250,3550.5
Victor_9_puntos_intento_10.mp4,1135,9458.333,True,132.000,164.000,0.000,192.000,66.000,0.333333,0.544444,-0.769720,60.410,75.490,122.107,3483.5
Victor_9_puntos_intento_10.mp4,1136,9466.667,True,132.000,164.000,0.000,192.000,66.000,0.333333,0.544444,-0.769720,60.062,76.469,123.370,3521.5
Victor_9_puntos_intento_10.mp4,1137,9475.000,True,132.000,164.000,0.000,192.000,66.000,0.333333,0.544444,-0.769720,60.242,75.572,124.047,3478.0
Victor_9_puntos_intento_10.mp4,1138,9483.333,True,132.000,164.000,0.000,192.000,66.000,0.333333,0.544444,-0.769720,60.126,76.601,121.205,3519.5
Victor_9_puntos_intento_10.mp4,1139,9491.667,True,132.000,164.000,0.000,192.000,66.000,0.333333,0.544444,-0.769720,59.963,76.161,121.969,3498.0
Victor_9_puntos_intento_10.mp4,1140,9500.000,True,132.000,164.000,0.000,191.000,66.000,0.327778,0.544444,-0.772102,60.097,76.431,121.455,3506.0
Victor_9_puntos_intento_10.mp4,1141,9508.333,True,132.000,164.000,0.000,190.000,66.000,0.322222,0.544444,-0.774437,60.104,74.992,120.123,3456.5
Victor_9_puntos_intento_10.mp4,1142,9516.667,True,132.000,164.000,0.000,191.000,66.000,0.327778,0.544444,-0.772102,60.099,75.249,120.920,3479.0
Victor_9_puntos_intento_10.mp4,1143,9525.000,True,132.000,164.000,0.000,192.000,65.000,0.333333,0.550000,-0.765760,59.571,75.593,122.774,3453.0
Victor_9_puntos_intento_10.mp4,1144,9533.333,True,132.000,164.000,0.000,192.000,65.000,0.333333,0.550000,-0.765760,59.353,76.284,121.788,3472.5
Victor_9_puntos_intento_10.mp4,1145,9541.667,True,132.000,164.000,0.000,191.000,65.000,0.327778,0.550000,-0.768155,59.493,76.882,120.228,3461.0
Victor_9_puntos_intento_10.mp4,1146,9550.000,True,132.000,164.000,0.000,192.000,65.000,0.333333,0.550000,-0.765760,59.525,76.224,120.254,3479.5
Victor_9_puntos_intento_10.mp4,1147,9558.333,True,132.000,164.000,0.000,192.000,65.000,0.333333,0.550000,-0.765760,59.758,75.938,122.769,3465.5
Victor_9_puntos_intento_10.mp4,1148,9566.667,True,132.000,164.000,0.000,192.000,65.000,0.333333,0.550000,-0.765760,60.171,75.795,122.941,3474.5
Victor_9_puntos_intento_10.mp4,1149,9575.000,True,132.000,164.000,0.000,192.000,65.000,0.333333,0.550000,-0.765760,59.578,75.395,121.848,3457.0
Victor_9_puntos_intento_10.mp4,1150,9583.333,True,132.000,164.000,0.000,192.000,65.000,0.333333,0.550000,-0.765760,59.565,76.043,122.011,3481.0
Victor_9_puntos_intento_10.mp4,1151,9591.667,True,132.000,164.000,0.000,191.000,65.000,0.327778,0.550000,-0.768155,59.322,75.825,121.888,3455.0
Victor_9_puntos_intento_10.mp4,1152,9600.000,True,132.000,164.000,0.000,192.000,65.000,0.333333,0.550000,-0.765760,59.436,75.872,121.718,3457.0
Victor_9_puntos_intento_10.mp4,1153,9608.333,True,132.000,164.000,0.000,192.000,65.000,0.333333,0.550000,-0.765760,59.806,74.603,120.920,3427.0
Victor_9_puntos_intento_10.mp4,1154,9616.667,True,132.000,164.000,0.000,192.000,65.000,0.333333,0.550000,-0.765760,59.534,75.317,121.003,3438.5
Victor_9_puntos_intento_10.mp4,1155,9625.000,True,132.000,164.000,0.000,192.000,65.000,0.333333,0.550000,-0.765760,59.126,75.147,121.556,3411.5
Victor_9_puntos_intento_10.mp4,1156,9633.333,True,132.000,164.000,0.000,192.000,65.000,0.333333,0.550000,-0.765760,59.539,75.921,121.445,3458.5
Victor_9_puntos_intento_10.mp4,1157,9641.667,True,132.000,164.000,0.000,192.000,65.000,0.333333,0.550000,-0.765760,59.388,75.762,121.587,3427.5
Victor_9_puntos_intento_10.mp4,1158,9650.000,True,132.000,164.000,0.000,192.000,65.000,0.333333,0.550000,-0.765760,59.700,75.203,121.310,3417.0
Victor_9_puntos_intento_10.mp4,1159,9658.333,True,132.000,164.000,0.000,192.000,65.000,0.333333,0.550000,-0.765760,59.635,75.038,122.522,3427.5
Victor_9_puntos_intento_10.mp4,1160,9666.667,True,132.000,164.000,0.000,191.000,65.000,0.327778,0.550000,-0.768155,59.615,75.316,121.120,3444.0
Victor_9_puntos_intento_10.mp4,1161,9675.000,True,132.000,164.000,0.000,192.000,65.000,0.333333,0.550000,-0.765760,59.293,74.813,122.309,3407.0
Victor_9_puntos_intento_10.mp4,1162,9683.333,True,132.000,164.000,0.000,192.000,65.000,0.333333,0.550000,-0.765760,59.486,74.843,120.612,3426.5
Victor_9_puntos_intento_10.mp4,1163,9691.667,True,132.000,164.000,0.000,192.000,65.000,0.333333,0.550000,-0.765760,59.341,74.363,121.118,3402.5
Victor_9_puntos_intento_10.mp4,1164,9700.000,True,132.000,164.000,0.000,192.000,65.000,0.333333,0.550000,-0.765760,59.536,74.802,120.552,3403.5
Victor_9_puntos_intento_10.mp4,1165,9708.333,True,132.000,164.000,0.000,192.000,65.000,0.333333,0.550000,-0.765760,59.190,74.839,121.973,3370.5
Victor_9_puntos_intento_10.mp4,1166,9716.667,True,132.000,164.000,0.000,192.000,65.000,0.333333,0.550000,-0.765760,59.154,75.520,122.414,3406.0
Victor_9_puntos_intento_10.mp4,1167,9725.000,True,132.000,164.000,0.000,191.000,65.000,0.327778,0.550000,-0.768155,59.158,75.071,122.590,3384.0
Victor_9_puntos_intento_10.mp4,1168,9733.333,True,132.000,164.000,0.000,192.000,65.000,0.333333,0.550000,-0.765760,59.338,74.040,121.562,3381.0
Victor_9_puntos_intento_10.mp4,1169,9741.667,True,132.000,164.000,0.000,192.000,65.000,0.333333,0.550000,-0.765760,58.804,74.984,122.688,3370.0
Victor_9_puntos_intento_10.mp4,1170,9750.000,True,132.000,164.000,0.000,192.000,65.000,0.333333,0.550000,-0.765760,59.247,74.455,121.647,3395.5
Victor_9_puntos_intento_10.mp4,1171,9758.333,True,132.000,164.000,0.000,192.000,65.000,0.333333,0.550000,-0.765760,58.542,74.743,122.470,3356.0
Victor_9_puntos_intento_10.mp4,1172,9766.667,True,132.000,164.000,0.000,192.000,65.000,0.333333,0.550000,-0.765760,58.343,74.394,122.958,3351.0
Victor_9_puntos_intento_10.mp4,1173,9775.000,True,132.000,164.000,0.000,192.000,65.000,0.333333,0.550000,-0.765760,58.770,74.506,121.929,3355.5
Victor_9_puntos_intento_10.mp4,1174,9783.333,True,132.000,164.000,0.000,192.000,65.000,0.333333,0.550000,-0.765760,58.905,75.668,122.337,3381.5
Victor_9_puntos_intento_10.mp4,1175,9791.667,True,132.000,164.000,0.000,192.000,65.000,0.333333,0.550000,-0.765760,58.715,74.847,121.364,3375.0
Victor_9_puntos_intento_10.mp4,1176,9800.000,True,132.000,164.000,0.000,191.000,65.000,0.327778,0.550000,-0.768155,58.732,75.062,121.000,3355.0
Victor_9_puntos_intento_10.mp4,1177,9808.333,True,132.000,164.000,0.000,192.000,65.000,0.333333,0.550000,-0.765760,58.979,74.687,121.743,3350.0
Victor_9_puntos_intento_10.mp4,1178,9816.667,True,132.000,164.000,0.000,192.000,65.000,0.333333,0.550000,-0.765760,59.276,74.510,121.096,3336.5
Victor_9_puntos_intento_10.mp4,1179,9825.000,True,132.000,164.000,0.000,192.000,65.000,0.333333,0.550000,-0.765760,58.312,73.897,121.726,3320.5
Victor_9_puntos_intento_10.mp4,1180,9833.333,True,132.000,164.000,0.000,192.000,65.000,0.333333,0.550000,-0.765760,58.506,74.465,122.005,3325.5
Victor_9_puntos_intento_10.mp4,1181,9841.667,True,132.000,164.000,0.000,192.000,65.000,0.333333,0.550000,-0.765760,59.017,74.021,121.531,3341.5
Victor_9_puntos_intento_10.mp4,1182,9850.000,True,132.000,164.000,0.000,192.000,65.000,0.333333,0.550000,-0.765760,58.990,73.446,121.050,3338.5
Victor_9_puntos_intento_10.mp4,1183,9858.333,True,132.000,164.000,0.000,192.000,65.000,0.333333,0.550000,-0.765760,58.569,72.570,121.604,3300.0
Victor_9_puntos_intento_10.mp4,1184,9866.667,True,132.000,164.000,0.000,192.000,65.000,0.333333,0.550000,-0.765760,59.125,73.619,122.517,3324.0
Victor_9_puntos_intento_10.mp4,1185,9875.000,True,132.000,164.000,0.000,192.000,65.000,0.333333,0.550000,-0.765760,58.799,73.494,121.762,3328.0
Victor_9_puntos_intento_10.mp4,1186,9883.333,True,132.000,164.000,0.000,192.000,65.000,0.333333,0.550000,-0.765760,58.400,73.423,121.390,3304.0
Victor_9_puntos_intento_10.mp4,1187,9891.667,True,132.000,164.000,0.000,192.000,65.000,0.333333,0.550000,-0.765760,58.278,73.744,121.337,3302.5
Victor_9_puntos_intento_10.mp4,1188,9900.000,True,132.000,164.000,0.000,192.000,65.000,0.333333,0.550000,-0.765760,57.924,74.526,121.271,3302.0
Victor_9_puntos_intento_10.mp4,1189,9908.333,True,132.000,164.000,0.000,192.000,65.000,0.333333,0.550000,-0.765760,58.699,73.786,122.471,3263.5
Victor_9_puntos_intento_10.mp4,1190,9916.667,True,132.000,164.000,0.000,192.000,65.000,0.333333,0.550000,-0.765760,58.471,73.960,120.716,3289.5
Victor_9_puntos_intento_10.mp4,1191,9925.000,True,132.000,164.000,0.000,192.000,65.000,0.333333,0.550000,-0.765760,58.314,74.008,120.334,3289.0
Victor_9_puntos_intento_10.mp4,1192,9933.333,True,132.000,164.000,0.000,192.000,65.000,0.333333,0.550000,-0.765760,58.300,74.642,122.555,3286.0
Victor_9_puntos_intento_10.mp4,1193,9941.667,True,132.000,164.000,0.000,192.000,65.000,0.333333,0.550000,-0.765760,58.239,74.199,120.998,3296.5
Victor_9_puntos_intento_10.mp4,1194,9950.000,True,132.000,164.000,0.000,192.000,65.000,0.333333,0.550000,-0.765760,58.093,74.197,120.295,3277.0
Victor_9_puntos_intento_10.mp4,1195,9958.333,True,132.000,164.000,0.000,192.000,64.000,0.333333,0.555556,-0.761739,57.602,74.357,119.684,3262.0
Victor_9_puntos_intento_10.mp4,1196,9966.667,True,132.000,164.000,0.000,192.000,64.000,0.333333,0.555556,-0.761739,58.416,73.810,120.389,3294.5
Victor_9_puntos_intento_10.mp4,1197,9975.000,True,132.000,164.000,0.000,192.000,65.000,0.333333,0.550000,-0.765760,58.167,73.969,119.967,3278.0
Victor_9_puntos_intento_10.mp4,1198,9983.333,True,132.000,164.000,0.000,192.000,65.000,0.333333,0.550000,-0.765760,58.120,73.248,121.477,3285.0
Victor_9_puntos_intento_10.mp4,1199,9991.667,True,132.000,164.000,0.000,192.000,65.000,0.333333,0.550000,-0.765760,58.416,73.127,121.385,3281.0
Victor_9_puntos_intento_10.mp4,1200,10000.000,True,132.000,164.000,0.000,192.000,64.000,0.333333,0.555556,-0.761739,58.040,74.052,119.542,3288.0
Victor_9_puntos_intento_10.mp4,1201,10008.333,True,132.000,164.000,0.000,192.000,64.000,0.333333,0.555556,-0.761739,58.219,73.528,121.075,3262.5
Victor_9_puntos_intento_10.mp4,1202,10016.667,True,132.000,164.000,0.000,192.000,64.000,0.333333,0.555556,-0.761739,58.133,74.147,120.850,3281.5
Victor_9_puntos_intento_10.mp4,1203,10025.000,True,132.000,164.000,0.000,190.000,65.000,0.322222,0.550000,-0.770502,59.094,73.780,120.277,3316.5
Victor_9_puntos_intento_10.mp4,1204,10033.333,True,132.000,164.000,0.000,188.000,65.000,0.311111,0.550000,-0.775055,59.946,74.262,118.586,3376.0
Victor_9_puntos_intento_10.mp4,1205,10041.667,True,132.000,164.000,0.000,188.000,65.000,0.311111,0.550000,-0.775055,59.078,73.780,118.826,3341.5
Victor_9_puntos_intento_10.mp4,1206,10050.000,True,132.000,164.000,0.000,189.000,65.000,0.316667,0.550000,-0.772802,59.001,74.244,119.849,3360.0
Victor_9_puntos_intento_10.mp4,1207,10058.333,True,132.000,164.000,0.000,190.000,65.000,0.322222,0.550000,-0.770502,58.679,74.675,119.978,3313.5
Victor_9_puntos_intento_10.mp4,1208,10066.667,True,132.000,164.000,0.000,190.000,65.000,0.322222,0.550000,-0.770502,58.986,73.452,119.948,3322.0
Victor_9_puntos_intento_10.mp4,1209,10075.000,True,132.000,164.000,0.000,190.000,65.000,0.322222,0.550000,-0.770502,58.717,74.140,119.709,3320.0
Victor_9_puntos_intento_10.mp4,1210,10083.333,True,132.000,164.000,0.000,190.000,65.000,0.322222,0.550000,-0.770502,58.739,74.298,120.630,3321.5
Victor_9_puntos_intento_10.mp4,1211,10091.667,True,132.000,164.000,0.000,190.000,65.000,0.322222,0.550000,-0.770502,58.978,74.172,121.482,3320.5
Victor_9_puntos_intento_10.mp4,1212,10100.000,True,132.000,164.000,0.000,190.000,65.000,0.322222,0.550000,-0.770502,59.178,74.474,121.840,3340.5
Victor_9_puntos_intento_10.mp4,1213,10108.333,True,132.000,164.000,0.000,190.000,65.000,0.322222,0.550000,-0.770502,59.099,75.568,120.167,3318.0
Victor_9_puntos_intento_10.mp4,1214,10116.667,True,132.000,164.000,0.000,190.000,65.000,0.322222,0.550000,-0.770502,59.114,74.486,119.929,3343.0
Victor_9_puntos_intento_10.mp4,1215,10125.000,True,132.000,164.000,0.000,190.000,65.000,0.322222,0.550000,-0.770502,58.848,75.598,121.006,3358.0
Victor_9_puntos_intento_10.mp4,1216,10133.333,True,132.000,164.000,0.000,190.000,65.000,0.322222,0.550000,-0.770502,59.269,74.872,122.073,3375.5
Victor_9_puntos_intento_10.mp4,1217,10141.667,True,132.000,164.000,0.000,190.000,65.000,0.322222,0.550000,-0.770502,58.688,74.460,119.641,3341.0
Victor_9_puntos_intento_10.mp4,1218,10150.000,True,132.000,164.000,0.000,190.000,65.000,0.322222,0.550000,-0.770502,58.756,74.664,120.075,3342.5
Victor_9_puntos_intento_10.mp4,1219,10158.333,True,132.000,164.000,0.000,190.000,65.000,0.322222,0.550000,-0.770502,58.734,74.561,119.650,3347.0
Victor_9_puntos_intento_10.mp4,1220,10166.667,True,132.000,164.000,0.000,190.000,65.000,0.322222,0.550000,-0.770502,59.115,74.470,120.830,3390.5
Victor_9_puntos_intento_10.mp4,1221,10175.000,True,132.000,164.000,0.000,190.000,65.000,0.322222,0.550000,-0.770502,59.024,74.829,120.458,3385.0
Victor_9_puntos_intento_10.mp4,1222,10183.333,True,132.000,164.000,0.000,190.000,65.000,0.322222,0.550000,-0.770502,59.111,74.366,120.891,3399.0
Victor_9_puntos_intento_10.mp4,1223,10191.667,True,132.000,164.000,0.000,190.000,65.000,0.322222,0.550000,-0.770502,59.406,75.207,121.074,3390.5
Victor_9_puntos_intento_10.mp4,1224,10200.000,True,132.000,164.000,0.000,189.000,65.000,0.316667,0.550000,-0.772802,59.335,74.895,120.072,3382.0
Victor_9_puntos_intento_10.mp4,1225,10208.333,True,132.000,164.000,0.000,190.000,65.000,0.322222,0.550000,-0.770502,59.673,74.012,121.006,3376.0
Victor_9_puntos_intento_10.mp4,1226,10216.667,True,132.000,164.000,0.000,190.000,65.000,0.322222,0.550000,-0.770502,59.492,74.646,121.823,3398.5
Victor_9_puntos_intento_10.mp4,1227,10225.000,True,132.000,164.000,0.000,190.000,65.000,0.322222,0.550000,-0.770502,59.433,74.933,120.342,3403.0
Victor_9_puntos_intento_10.mp4,1228,10233.333,True,132.000,164.000,0.000,190.000,65.000,0.322222,0.550000,-0.770502,59.218,75.293,121.026,3412.5
Victor_9_puntos_intento_10.mp4,1229,10241.667,True,132.000,164.000,0.000,190.000,65.000,0.322222,0.550000,-0.770502,59.255,75.273,120.514,3380.0
Victor_9_puntos_intento_10.mp4,1230,10250.000,True,132.000,164.000,0.000,190.000,65.000,0.322222,0.550000,-0.770502,59.044,74.862,120.881,3393.0
Victor_9_puntos_intento_10.mp4,1231,10258.333,True,132.000,164.000,0.000,190.000,65.000,0.322222,0.550000,-0.770502,59.622,74.849,121.249,3406.5
Victor_9_puntos_intento_10.mp4,1232,10266.667,True,132.000,164.000,0.000,190.000,65.000,0.322222,0.550000,-0.770502,59.258,74.793,120.735,3398.5
Victor_9_puntos_intento_10.mp4,1233,10275.000,True,132.000,164.000,0.000,190.000,65.000,0.322222,0.550000,-0.770502,59.298,74.364,120.334,3394.5
Victor_9_puntos_intento_10.mp4,1234,10283.333,True,132.000,164.000,0.000,190.000,65.000,0.322222,0.550000,-0.770502,59.084,75.843,120.303,3405.0
Victor_9_puntos_intento_10.mp4,1235,10291.667,True,132.000,164.000,0.000,190.000,65.000,0.322222,0.550000,-0.770502,59.599,75.641,120.355,3422.0
Victor_9_puntos_intento_10.mp4,1236,10300.000,True,132.000,164.000,0.000,190.000,65.000,0.322222,0.550000,-0.770502,59.546,75.520,120.493,3425.0
Victor_9_puntos_intento_10.mp4,1237,10308.333,True,132.000,164.000,0.000,190.000,65.000,0.322222,0.550000,-0.770502,59.395,74.575,121.719,3415.0
Victor_9_puntos_intento_10.mp4,1238,10316.667,True,132.000,164.000,0.000,190.000,65.000,0.322222,0.550000,-0.770502,59.234,75.271,121.281,3435.5
Victor_9_puntos_intento_10.mp4,1239,10325.000,True,132.000,164.000,0.000,190.000,65.000,0.322222,0.550000,-0.770502,59.319,75.757,121.158,3429.0
Victor_9_puntos_intento_10.mp4,1240,10333.333,True,132.000,164.000,0.000,190.000,65.000,0.322222,0.550000,-0.770502,59.718,74.733,123.182,3456.5
Victor_9_puntos_intento_10.mp4,1241,10341.667,True,132.000,164.000,0.000,190.000,65.000,0.322222,0.550000,-0.770502,59.777,75.620,120.140,3426.0
Victor_9_puntos_intento_10.mp4,1242,10350.000,True,132.000,164.000,0.000,190.000,65.000,0.322222,0.550000,-0.770502,59.961,75.823,122.611,3452.0
Victor_9_puntos_intento_10.mp4,1243,10358.333,True,132.000,164.000,0.000,190.000,65.000,0.322222,0.550000,-0.770502,59.532,75.532,122.095,3447.5
Victor_9_puntos_intento_10.mp4,1244,10366.667,True,132.000,164.000,0.000,190.000,64.000,0.322222,0.555556,-0.766506,59.782,76.762,121.606,3467.5
Victor_9_puntos_intento_10.mp4,1245,10375.000,True,132.000,164.000,0.000,190.000,65.000,0.322222,0.550000,-0.770502,59.513,75.571,120.197,3439.0
Victor_9_puntos_intento_10.mp4,1246,10383.333,True,132.000,164.000,0.000,190.000,65.000,0.322222,0.550000,-0.770502,59.703,76.188,120.738,3457.0
Victor_9_puntos_intento_10.mp4,1247,10391.667,True,132.000,164.000,0.000,190.000,65.000,0.322222,0.550000,-0.770502,59.410,75.280,119.455,3444.0
Victor_9_puntos_intento_10.mp4,1248,10400.000,True,132.000,164.000,0.000,190.000,64.000,0.322222,0.555556,-0.766506,59.512,76.321,120.886,3488.5
Victor_9_puntos_intento_10.mp4,1249,10408.333,True,132.000,164.000,0.000,190.000,65.000,0.322222,0.550000,-0.770502,59.496,75.819,121.046,3430.5
Victor_9_puntos_intento_10.mp4,1250,10416.667,True,132.000,164.000,0.000,190.000,65.000,0.322222,0.550000,-0.770502,59.618,75.961,121.297,3458.5
Victor_9_puntos_intento_10.mp4,1251,10425.000,True,132.000,164.000,0.000,189.000,65.000,0.316667,0.550000,-0.772802,59.382,76.572,119.751,3492.0
Victor_9_puntos_intento_10.mp4,1252,10433.333,True,132.000,164.000,0.000,190.000,65.000,0.322222,0.550000,-0.770502,59.889,75.739,120.663,3466.0
Victor_9_puntos_intento_10.mp4,1253,10441.667,True,132.000,164.000,0.000,190.000,65.000,0.322222,0.550000,-0.770502,59.711,75.589,119.408,3490.0
Victor_9_puntos_intento_10.mp4,1254,10450.000,True,132.000,164.000,0.000,190.000,65.000,0.322222,0.550000,-0.770502,60.320,75.115,121.251,3515.0
Victor_9_puntos_intento_10.mp4,1255,10458.333,True,132.000,164.000,0.000,190.000,65.000,0.322222,0.550000,-0.770502,60.119,76.039,121.752,3505.5
Victor_9_puntos_intento_10.mp4,1256,10466.667,True,132.000,164.000,0.000,189.000,65.000,0.316667,0.550000,-0.772802,59.313,76.811,121.236,3496.5
Victor_9_puntos_intento_10.mp4,1257,10475.000,True,132.000,164.000,0.000,190.000,65.000,0.322222,0.550000,-0.770502,59.923,76.241,120.173,3495.5
Victor_9_puntos_intento_10.mp4,1258,10483.333,True,132.000,164.000,0.000,190.000,65.000,0.322222,0.550000,-0.770502,60.066,75.997,119.505,3486.0
Victor_9_puntos_intento_10.mp4,1259,10491.667,True,132.000,164.000,0.000,189.000,65.000,0.316667,0.550000,-0.772802,59.678,76.763,119.844,3493.5
Victor_9_puntos_intento_10.mp4,1260,10500.000,True,132.000,164.000,0.000,189.000,65.000,0.316667,0.550000,-0.772802,59.851,77.484,120.512,3522.5
Victor_9_puntos_intento_10.mp4,1261,10508.333,True,132.000,164.000,0.000,189.000,65.000,0.316667,0.550000,-0.772802,60.295,76.432,120.063,3525.0
Victor_9_puntos_intento_10.mp4,1262,10516.667,True,132.000,164.000,0.000,189.000,65.000,0.316667,0.550000,-0.772802,60.236,77.542,119.503,3546.0
Victor_9_puntos_intento_10.mp4,1263,10525.000,True,132.000,164.000,0.000,189.000,65.000,0.316667,0.550000,-0.772802,60.151,76.606,119.900,3524.0
Victor_9_puntos_intento_10.mp4,1264,10533.333,True,132.000,164.000,0.000,190.000,65.000,0.322222,0.550000,-0.770502,60.604,75.823,120.176,3532.0
Victor_9_puntos_intento_10.mp4,1265,10541.667,True,132.000,164.000,0.000,189.000,65.000,0.316667,0.550000,-0.772802,60.334,76.305,121.675,3532.5
Victor_9_puntos_intento_10.mp4,1266,10550.000,True,132.000,164.000,0.000,189.000,65.000,0.316667,0.550000,-0.772802,60.213,77.691,119.329,3560.0
Victor_9_puntos_intento_10.mp4,1267,10558.333,True,132.000,164.000,0.000,190.000,65.000,0.322222,0.550000,-0.770502,60.571,75.654,120.744,3545.0
Victor_9_puntos_intento_10.mp4,1268,10566.667,True,132.000,164.000,0.000,190.000,65.000,0.322222,0.550000,-0.770502,60.841,75.747,121.994,3542.5
Victor_9_puntos_intento_10.mp4,1269,10575.000,True,132.000,164.000,0.000,190.000,65.000,0.322222,0.550000,-0.770502,60.280,76.770,120.507,3530.5
Victor_9_puntos_intento_10.mp4,1270,10583.333,True,132.000,164.000,0.000,190.000,65.000,0.322222,0.550000,-0.770502,60.555,76.924,120.497,3552.5
Victor_9_puntos_intento_10.mp4,1271,10591.667,True,132.000,164.000,0.000,190.000,65.000,0.322222,0.550000,-0.770502,60.825,76.768,120.266,3556.5
Victor_9_puntos_intento_10.mp4,1272,10600.000,True,132.000,164.000,0.000,190.000,65.000,0.322222,0.550000,-0.770502,60.125,77.380,119.556,3568.0
Victor_9_puntos_intento_10.mp4,1273,10608.333,True,132.000,164.000,0.000,189.000,65.000,0.316667,0.550000,-0.772802,60.619,76.810,121.186,3568.5
Victor_9_puntos_intento_10.mp4,1274,10616.667,True,132.000,164.000,0.000,190.000,65.000,0.322222,0.550000,-0.770502,60.824,75.979,123.585,3574.5
Victor_9_puntos_intento_10.mp4,1275,10625.000,True,132.000,164.000,0.000,189.000,65.000,0.316667,0.550000,-0.772802,60.500,77.260,120.920,3565.5
Victor_9_puntos_intento_10.mp4,1276,10633.333,True,132.000,164.000,0.000,189.000,65.000,0.316667,0.550000,-0.772802,60.779,77.305,121.472,3587.0
Victor_9_puntos_intento_10.mp4,1277,10641.667,True,132.000,164.000,0.000,187.000,66.000,0.305556,0.544444,-0.781163,61.884,76.643,120.698,3598.5
Victor_9_puntos_intento_10.mp4,1278,10650.000,True,132.000,164.000,0.000,179.000,68.000,0.261111,0.533333,-0.804597,65.041,76.138,116.120,3769.5
Victor_9_puntos_intento_10.mp4,1279,10658.333,True,132.000,164.000,0.000,167.000,70.000,0.194444,0.522222,-0.830346,66.330,79.730,105.333,4032.0
Victor_9_puntos_intento_10.mp4,1280,10666.667,True,132.000,164.000,0.000,155.000,72.000,0.127778,0.511111,-0.849964,67.713,81.358,104.007,4247.5
Victor_9_puntos_intento_10.mp4,1281,10675.000,True,132.000,164.000,0.000,145.000,75.000,0.072222,0.494444,-0.866204,69.261,81.405,100.554,4339.0
Victor_9_puntos_intento_10.mp4,1282,10683.333,True,132.000,164.000,0.000,137.000,78.000,0.027778,0.477778,-0.878041,69.358,82.077,99.128,4386.5
Victor_9_puntos_intento_10.mp4,1283,10691.667,True,132.000,164.000,0.000,135.000,78.000,0.016667,0.477778,-0.878323,69.210,82.068,102.079,4350.0
Victor_9_puntos_intento_10.mp4,1284,10700.000,True,132.000,164.000,0.000,137.000,77.000,0.027778,0.483333,-0.874996,68.578,82.116,104.593,4339.0
Victor_9_puntos_intento_10.mp4,1285,10708.333,True,132.000,164.000,0.000,137.000,77.000,0.027778,0.483333,-0.874996,68.353,82.228,104.366,4311.0
Victor_9_puntos_intento_10.mp4,1286,10716.667,True,132.000,164.000,0.000,137.000,77.000,0.027778,0.483333,-0.874996,68.754,82.400,105.870,4359.5
Victor_9_puntos_intento_10.mp4,1287,10725.000,True,132.000,164.000,0.000,137.000,77.000,0.027778,0.483333,-0.874996,68.140,82.694,105.472,4344.0
Victor_9_puntos_intento_10.mp4,1288,10733.333,True,132.000,164.000,0.000,137.000,77.000,0.027778,0.483333,-0.874996,68.362,82.837,103.728,4335.5
Victor_9_puntos_intento_10.mp4,1289,10741.667,True,132.000,164.000,0.000,137.000,77.000,0.027778,0.483333,-0.874996,68.807,82.334,102.349,4340.5
Victor_9_puntos_intento_10.mp4,1290,10750.000,True,132.000,164.000,0.000,137.000,77.000,0.027778,0.483333,-0.874996,68.425,82.871,102.689,4361.0
Victor_9_puntos_intento_10.mp4,1291,10758.333,True,132.000,164.000,0.000,137.000,77.000,0.027778,0.483333,-0.874996,68.543,82.380,103.509,4334.5
Victor_9_puntos_intento_10.mp4,1292,10766.667,True,132.000,164.000,0.000,137.000,77.000,0.027778,0.483333,-0.874996,68.439,82.469,103.231,4331.5
Victor_9_puntos_intento_10.mp4,1293,10775.000,True,132.000,164.000,0.000,137.000,76.000,0.027778,0.488889,-0.871904,68.294,82.506,102.988,4339.0
Victor_9_puntos_intento_10.mp4,1294,10783.333,True,132.000,164.000,0.000,137.000,76.000,0.027778,0.488889,-0.871904,68.320,82.576,102.446,4342.5
Victor_9_puntos_intento_10.mp4,1295,10791.667,True,132.000,164.000,0.000,137.000,76.000,0.027778,0.488889,-0.871904,68.263,82.121,103.144,4322.0
Victor_9_puntos_intento_10.mp4,1296,10800.000,True,132.000,164.000,0.000,137.000,76.000,0.027778,0.488889,-0.871904,68.496,82.814,102.436,4357.5
Victor_9_puntos_intento_10.mp4,1297,10808.333,True,132.000,164.000,0.000,137.000,76.000,0.027778,0.488889,-0.871904,68.472,82.437,103.282,4339.5
Victor_9_puntos_intento_10.mp4,1298,10816.667,True,132.000,164.000,0.000,137.000,76.000,0.027778,0.488889,-0.871904,68.654,82.688,102.604,4341.0
Victor_9_puntos_intento_10.mp4,1299,10825.000,True,132.000,164.000,0.000,137.000,76.000,0.027778,0.488889,-0.871904,68.671,82.310,104.333,4341.5
Victor_9_puntos_intento_10.mp4,1300,10833.333,True,132.000,164.000,0.000,137.000,76.000,0.027778,0.488889,-0.871904,68.048,83.251,101.617,4330.0
Victor_9_puntos_intento_10.mp4,1301,10841.667,True,132.000,164.000,0.000,137.000,76.000,0.027778,0.488889,-0.871904,68.635,82.156,102.327,4336.0
Victor_9_puntos_intento_10.mp4,1302,10850.000,True,132.000,164.000,0.000,137.000,76.000,0.027778,0.488889,-0.871904,68.316,82.754,102.332,4343.0
Victor_9_puntos_intento_10.mp4,1303,10858.333,True,132.000,164.000,0.000,137.000,76.000,0.027778,0.488889,-0.871904,68.603,81.972,102.599,4336.5
Victor_9_puntos_intento_10.mp4,1304,10866.667,True,132.000,164.000,0.000,137.000,76.000,0.027778,0.488889,-0.871904,68.922,82.536,101.141,4361.0
Victor_9_puntos_intento_10.mp4,1305,10875.000,True,132.000,164.000,0.000,137.000,76.000,0.027778,0.488889,-0.871904,69.106,82.731,103.145,4391.0
Victor_9_puntos_intento_10.mp4,1306,10883.333,True,132.000,164.000,0.000,137.000,76.000,0.027778,0.488889,-0.871904,68.880,82.592,102.699,4392.0
Victor_9_puntos_intento_10.mp4,1307,10891.667,True,132.000,164.000,0.000,137.000,76.000,0.027778,0.488889,-0.871904,68.948,82.487,103.084,4383.5
Victor_9_puntos_intento_10.mp4,1308,10900.000,True,132.000,164.000,0.000,137.000,76.000,0.027778,0.488889,-0.871904,68.983,83.111,102.762,4408.5
Victor_9_puntos_intento_10.mp4,1309,10908.333,True,132.000,164.000,0.000,137.000,75.000,0.027778,0.494444,-0.868765,68.355,83.012,102.722,4365.5
Victor_9_puntos_intento_10.mp4,1310,10916.667,True,132.000,164.000,0.000,137.000,76.000,0.027778,0.488889,-0.871904,68.537,82.989,102.466,4368.0
Victor_9_puntos_intento_10.mp4,1311,10925.000,True,132.000,164.000,0.000,137.000,75.000,0.027778,0.494444,-0.868765,68.985,83.285,101.304,4406.0
Victor_9_puntos_intento_10.mp4,1312,10933.333,True,132.000,164.000,0.000,137.000,75.000,0.027778,0.494444,-0.868765,68.513,83.736,101.743,4417.5
Victor_9_puntos_intento_10.mp4,1313,10941.667,True,132.000,164.000,0.000,137.000,75.000,0.027778,0.494444,-0.868765,68.910,83.618,101.688,4426.5
Victor_9_puntos_intento_10.mp4,1314,10950.000,True,132.000,164.000,0.000,138.000,75.000,0.033333,0.494444,-0.868570,69.373,82.474,103.733,4428.0
Victor_9_puntos_intento_10.mp4,1315,10958.333,True,132.000,164.000,0.000,137.000,75.000,0.027778,0.494444,-0.868765,69.127,83.142,101.957,4437.0
Victor_9_puntos_intento_10.mp4,1316,10966.667,True,132.000,164.000,0.000,137.000,75.000,0.027778,0.494444,-0.868765,69.210,83.767,101.014,4461.5
Victor_9_puntos_intento_10.mp4,1317,10975.000,True,132.000,164.000,0.000,137.000,76.000,0.027778,0.488889,-0.871904,69.445,83.363,102.169,4463.0
Victor_9_puntos_intento_10.mp4,1318,10983.333,True,132.000,164.000,0.000,138.000,75.000,0.033333,0.494444,-0.868570,69.162,83.818,103.114,4480.5
Victor_9_puntos_intento_10.mp4,1319,10991.667,True,132.000,164.000,0.000,138.000,75.000,0.033333,0.494444,-0.868570,69.228,83.634,102.397,4467.5
Victor_9_puntos_intento_10.mp4,1320,11000.000,True,132.000,164.000,0.000,138.000,75.000,0.033333,0.494444,-0.868570,69.973,83.560,103.598,4501.0
Victor_9_puntos_intento_10.mp4,1321,11008.333,True,132.000,164.000,0.000,137.000,75.000,0.027778,0.494444,-0.868765,69.959,84.341,100.974,4517.0
Victor_9_puntos_intento_10.mp4,1322,11016.667,True,132.000,164.000,0.000,138.000,75.000,0.033333,0.494444,-0.868570,70.317,83.783,102.793,4537.0
Victor_9_puntos_intento_10.mp4,1323,11025.000,True,132.000,164.000,0.000,138.000,75.000,0.033333,0.494444,-0.868570,70.371,83.782,102.875,4521.5
Victor_9_puntos_intento_10.mp4,1324,11033.333,True,132.000,164.000,0.000,138.000,75.000,0.033333,0.494444,-0.868570,70.474,83.978,102.666,4551.5
Victor_9_puntos_intento_10.mp4,1325,11041.667,True,132.000,164.000,0.000,138.000,75.000,0.033333,0.494444,-0.868570,70.429,84.309,101.767,4570.5
Victor_9_puntos_intento_10.mp4,1326,11050.000,True,132.000,164.000,0.000,138.000,75.000,0.033333,0.494444,-0.868570,71.083,84.144,101.443,4598.5
Victor_9_puntos_intento_10.mp4,1327,11058.333,True,132.000,164.000,0.000,138.000,75.000,0.033333,0.494444,-0.868570,70.494,84.578,102.347,4580.5
Victor_9_puntos_intento_10.mp4,1328,11066.667,True,132.000,164.000,0.000,138.000,75.000,0.033333,0.494444,-0.868570,70.504,84.604,102.760,4608.5
Victor_9_puntos_intento_10.mp4,1329,11075.000,True,132.000,164.000,0.000,138.000,75.000,0.033333,0.494444,-0.868570,70.843,84.604,102.342,4600.0
Victor_9_puntos_intento_10.mp4,1330,11083.333,True,132.000,164.000,0.000,138.000,75.000,0.033333,0.494444,-0.868570,70.935,84.645,103.444,4620.0
Victor_9_puntos_intento_10.mp4,1331,11091.667,True,132.000,164.000,0.000,138.000,76.000,0.033333,0.488889,-0.871709,70.954,84.924,101.101,4592.0
Victor_9_puntos_intento_10.mp4,1332,11100.000,True,132.000,164.000,0.000,138.000,76.000,0.033333,0.488889,-0.871709,71.322,85.124,101.029,4641.5
Victor_9_puntos_intento_10.mp4,1333,11108.333,True,132.000,164.000,0.000,138.000,76.000,0.033333,0.488889,-0.871709,70.842,85.101,101.632,4619.0
Victor_9_puntos_intento_10.mp4,1334,11116.667,True,132.000,164.000,0.000,138.000,75.000,0.033333,0.494444,-0.868570,70.691,84.917,103.080,4624.0
Victor_9_puntos_intento_10.mp4,1335,11125.000,True,132.000,164.000,0.000,138.000,76.000,0.033333,0.488889,-0.871709,70.676,85.339,101.044,4642.5
Victor_9_puntos_intento_10.mp4,1336,11133.333,True,132.000,164.000,0.000,138.000,75.000,0.033333,0.494444,-0.868570,71.302,84.833,102.371,4639.5
Victor_9_puntos_intento_10.mp4,1337,11141.667,True,132.000,164.000,0.000,138.000,75.000,0.033333,0.494444,-0.868570,71.068,84.944,101.383,4642.0
Victor_9_puntos_intento_10.mp4,1338,11150.000,True,132.000,164.000,0.000,138.000,75.000,0.033333,0.494444,-0.868570,71.184,85.275,103.155,4663.5
Victor_9_puntos_intento_10.mp4,1339,11158.333,True,132.000,164.000,0.000,138.000,75.000,0.033333,0.494444,-0.868570,70.898,84.895,102.490,4626.5
Victor_9_puntos_intento_10.mp4,1340,11166.667,True,132.000,164.000,0.000,138.000,75.000,0.033333,0.494444,-0.868570,70.911,85.102,101.637,4636.0
Victor_9_puntos_intento_10.mp4,1341,11175.000,True,132.000,164.000,0.000,138.000,75.000,0.033333,0.494444,-0.868570,70.535,85.140,102.539,4627.0
Victor_9_puntos_intento_10.mp4,1342,11183.333,True,132.000,164.000,0.000,138.000,75.000,0.033333,0.494444,-0.868570,70.972,85.146,101.242,4643.0
Victor_9_puntos_intento_10.mp4,1343,11191.667,True,132.000,164.000,0.000,138.000,75.000,0.033333,0.494444,-0.868570,70.405,84.960,102.294,4606.0
Victor_9_puntos_intento_10.mp4,1344,11200.000,True,132.000,164.000,0.000,138.000,75.000,0.033333,0.494444,-0.868570,70.396,84.910,101.854,4592.0
Victor_9_puntos_intento_10.mp4,1345,11208.333,True,132.000,164.000,0.000,138.000,75.000,0.033333,0.494444,-0.868570,70.583,84.752,102.262,4585.0
Victor_9_puntos_intento_10.mp4,1346,11216.667,True,131.000,164.000,0.000,138.000,75.000,0.038889,0.494444,-0.868339,70.256,84.949,102.160,4590.0
Victor_9_puntos_intento_10.mp4,1347,11225.000,True,131.000,164.000,0.000,138.000,75.000,0.038889,0.494444,-0.868339,69.775,85.193,103.379,4585.0
Victor_9_puntos_intento_10.mp4,1348,11233.333,True,131.000,164.000,0.000,138.000,75.000,0.038889,0.494444,-0.868339,70.124,85.290,101.909,4580.5
Victor_9_puntos_intento_10.mp4,1349,11241.667,True,131.000,164.000,0.000,138.000,75.000,0.038889,0.494444,-0.868339,69.879,85.062,102.277,4578.0
Victor_9_puntos_intento_10.mp4,1350,11250.000,True,131.000,164.000,0.000,138.000,75.000,0.038889,0.494444,-0.868339,69.963,84.817,102.226,4580.5
Victor_9_puntos_intento_10.mp4,1351,11258.333,True,131.000,164.000,0.000,138.000,75.000,0.038889,0.494444,-0.868339,69.921,84.650,101.513,4558.0
Victor_9_puntos_intento_10.mp4,1352,11266.667,True,131.000,164.000,0.000,138.000,75.000,0.038889,0.494444,-0.868339,69.720,84.285,102.318,4534.5
Victor_9_puntos_intento_10.mp4,1353,11275.000,True,131.000,164.000,0.000,138.000,75.000,0.038889,0.494444,-0.868339,69.918,84.216,101.313,4515.5
Victor_9_puntos_intento_10.mp4,1354,11283.333,True,131.000,164.000,0.000,138.000,75.000,0.038889,0.494444,-0.868339,70.060,84.317,103.206,4548.5
Victor_9_puntos_intento_10.mp4,1355,11291.667,True,131.000,164.000,0.000,138.000,74.000,0.038889,0.500000,-0.865152,69.770,84.439,102.246,4528.5
Victor_9_puntos_intento_10.mp4,1356,11300.000,True,131.000,164.000,0.000,138.000,75.000,0.038889,0.494444,-0.868339,69.519,84.510,101.731,4509.0
Victor_9_puntos_intento_10.mp4,1357,11308.333,True,131.000,164.000,0.000,138.000,75.000,0.038889,0.494444,-0.868339,69.725,84.440,101.751,4506.0
Victor_9_puntos_intento_10.mp4,1358,11316.667,True,131.000,164.000,0.000,138.000,75.000,0.038889,0.494444,-0.868339,68.982,84.221,101.368,4462.0
Victor_9_puntos_intento_10.mp4,1359,11325.000,True,131.000,164.000,0.000,138.000,75.000,0.038889,0.494444,-0.868339,69.536,83.807,100.870,4486.0
Victor_9_puntos_intento_10.mp4,1360,11333.333,True,131.000,164.000,0.000,138.000,75.000,0.038889,0.494444,-0.868339,69.252,83.705,100.302,4453.0
Victor_9_puntos_intento_10.mp4,1361,11341.667,True,131.000,164.000,0.000,138.000,75.000,0.038889,0.494444,-0.868339,69.533,83.588,101.581,4450.5
Victor_9_puntos_intento_10.mp4,1362,11350.000,True,131.000,164.000,0.000,138.000,75.000,0.038889,0.494444,-0.868339,69.640,83.299,100.977,4447.0
Victor_9_puntos_intento_10.mp4,1363,11358.333,True,131.000,164.000,0.000,138.000,74.000,0.038889,0.500000,-0.865152,69.066,83.419,100.619,4426.5
Victor_9_puntos_intento_10.mp4,1364,11366.667,True,131.000,164.000,0.000,138.000,75.000,0.038889,0.494444,-0.868339,69.009,83.584,101.297,4423.0
Victor_9_puntos_intento_10.mp4,1365,11375.000,True,131.000,164.000,0.000,138.000,75.000,0.038889,0.494444,-0.868339,68.898,83.092,101.931,4406.5
Victor_9_puntos_intento_10.mp4,1366,11383.333,True,131.000,164.000,0.000,138.000,74.000,0.038889,0.500000,-0.865152,69.115,83.119,101.092,4405.5
Victor_9_puntos_intento_10.mp4,1367,11391.667,True,131.000,164.000,0.000,138.000,75.000,0.038889,0.494444,-0.868339,68.557,82.800,100.916,4371.0
Victor_9_puntos_intento_10.mp4,1368,11400.000,True,131.000,164.000,0.000,138.000,74.000,0.038889,0.500000,-0.865152,68.697,82.367,101.885,4354.5
Victor_9_puntos_intento_10.mp4,1369,11408.333,True,131.000,164.000,0.000,138.000,75.000,0.038889,0.494444,-0.868339,69.193,82.277,100.805,4330.5
Victor_9_puntos_intento_10.mp4,1370,11416.667,True,131.000,164.000,0.000,138.000,75.000,0.038889,0.494444,-0.868339,68.752,82.472,101.372,4338.5
Victor_9_puntos_intento_10.mp4,1371,11425.000,True,131.000,164.000,0.000,138.000,76.000,0.038889,0.488889,-0.871479,68.411,82.134,102.608,4316.5
Victor_9_puntos_intento_10.mp4,1372,11433.333,True,131.000,164.000,0.000,139.000,76.000,0.044444,0.488889,-0.871213,68.367,82.206,101.774,4296.5
Victor_9_puntos_intento_10.mp4,1373,11441.667,True,131.000,164.000,0.000,139.000,76.000,0.044444,0.488889,-0.871213,68.222,82.044,101.569,4273.5
Victor_9_puntos_intento_10.mp4,1374,11450.000,True,131.000,164.000,0.000,139.000,76.000,0.044444,0.488889,-0.871213,68.240,81.934,103.495,4313.5
Victor_9_puntos_intento_10.mp4,1375,11458.333,True,131.000,164.000,0.000,139.000,76.000,0.044444,0.488889,-0.871213,68.256,81.790,103.097,4280.5
Victor_9_puntos_intento_10.mp4,1376,11466.667,True,131.000,164.000,0.000,139.000,75.000,0.044444,0.494444,-0.868072,67.382,81.956,103.011,4275.5
Victor_9_puntos_intento_10.mp4,1377,11475.000,True,131.000,164.000,0.000,139.000,75.000,0.044444,0.494444,-0.868072,67.235,81.408,103.635,4222.0
Victor_9_puntos_intento_10.mp4,1378,11483.333,True,131.000,164.000,0.000,139.000,76.000,0.044444,0.488889,-0.871213,67.293,81.675,102.126,4216.5
Victor_9_puntos_intento_10.mp4,1379,11491.667,True,131.000,164.000,0.000,139.000,76.000,0.044444,0.488889,-0.871213,67.260,80.945,102.441,4201.5
Victor_9_puntos_intento_10.mp4,1380,11500.000,True,131.000,164.000,0.000,139.000,75.000,0.044444,0.494444,-0.868072,66.763,80.568,103.988,4184.0
Victor_9_puntos_intento_10.mp4,1381,11508.333,True,131.000,164.000,0.000,139.000,75.000,0.044444,0.494444,-0.868072,66.920,80.931,100.859,4162.5
Victor_9_puntos_intento_10.mp4,1382,11516.667,True,131.000,164.000,0.000,139.000,75.000,0.044444,0.494444,-0.868072,66.673,81.632,100.881,4170.5
Victor_9_puntos_intento_10.mp4,1383,11525.000,True,131.000,164.000,0.000,139.000,75.000,0.044444,0.494444,-0.868072,66.486,80.450,102.151,4127.0
Victor_9_puntos_intento_10.mp4,1384,11533.333,True,131.000,164.000,0.000,139.000,75.000,0.044444,0.494444,-0.868072,66.580,80.624,100.381,4128.5
Victor_9_puntos_intento_10.mp4,1385,11541.667,True,131.000,164.000,0.000,139.000,76.000,0.044444,0.488889,-0.871213,66.857,80.524,100.363,4136.5
Victor_9_puntos_intento_10.mp4,1386,11550.000,True,131.000,164.000,0.000,140.000,75.000,0.050000,0.494444,-0.867770,67.038,80.137,103.413,4136.0
Victor_9_puntos_intento_10.mp4,1387,11558.333,True,131.000,164.000,0.000,139.000,76.000,0.044444,0.488889,-0.871213,66.974,79.969,101.594,4109.0
Victor_9_puntos_intento_10.mp4,1388,11566.667,True,131.000,164.000,0.000,139.000,76.000,0.044444,0.488889,-0.871213,67.029,80.158,101.542,4103.5
Victor_9_puntos_intento_10.mp4,1389,11575.000,True,131.000,164.000,0.000,140.000,75.000,0.050000,0.494444,-0.867770,66.560,79.901,102.802,4099.0
Victor_9_puntos_intento_10.mp4,1390,11583.333,True,131.000,164.000,0.000,139.000,76.000,0.044444,0.488889,-0.871213,66.647,79.493,103.027,4079.5
Victor_9_puntos_intento_10.mp4,1391,11591.667,True,131.000,164.000,0.000,140.000,76.000,0.050000,0.488889,-0.870912,66.368,79.567,101.718,4074.0
Victor_9_puntos_intento_10.mp4,1392,11600.000,True,131.000,164.000,0.000,139.000,76.000,0.044444,0.488889,-0.871213,66.463,79.657,101.725,4066.0
Victor_9_puntos_intento_10.mp4,1393,11608.333,True,131.000,164.000,0.000,140.000,76.000,0.050000,0.488889,-0.870912,66.321,80.132,101.366,4044.5
Victor_9_puntos_intento_10.mp4,1394,11616.667,True,131.000,164.000,0.000,139.000,76.000,0.044444,0.488889,-0.871213,65.951,79.740,101.437,4043.5
Victor_9_puntos_intento_10.mp4,1395,11625.000,True,131.000,164.000,0.000,140.000,76.000,0.050000,0.488889,-0.870912,66.136,79.790,102.029,4044.5
Victor_9_puntos_intento_10.mp4,1396,11633.333,True,131.000,164.000,0.000,140.000,76.000,0.050000,0.488889,-0.870912,65.993,79.674,101.300,4029.0
Victor_9_puntos_intento_10.mp4,1397,11641.667,True,131.000,164.000,0.000,140.000,76.000,0.050000,0.488889,-0.870912,65.712,79.855,101.350,4015.5
Victor_9_puntos_intento_10.mp4,1398,11650.000,True,131.000,164.000,0.000,139.000,76.000,0.044444,0.488889,-0.871213,65.871,79.905,101.504,4024.5
Victor_9_puntos_intento_10.mp4,1399,11658.333,True,131.000,164.000,0.000,139.000,76.000,0.044444,0.488889,-0.871213,65.618,79.910,99.894,4001.5
Victor_9_puntos_intento_10.mp4,1400,11666.667,True,131.000,164.000,0.000,140.000,76.000,0.050000,0.488889,-0.870912,65.921,80.073,100.416,4031.0
Victor_9_puntos_intento_10.mp4,1401,11675.000,True,131.000,164.000,0.000,140.000,76.000,0.050000,0.488889,-0.870912,66.008,79.244,100.772,4012.0
Victor_9_puntos_intento_10.mp4,1402,11683.333,True,131.000,164.000,0.000,140.000,76.000,0.050000,0.488889,-0.870912,65.955,78.976,101.244,4003.0
Victor_9_puntos_intento_10.mp4,1403,11691.667,True,131.000,164.000,0.000,139.000,76.000,0.044444,0.488889,-0.871213,65.628,79.632,101.655,3999.0
Victor_9_puntos_intento_10.mp4,1404,11700.000,True,131.000,164.000,0.000,139.000,76.000,0.044444,0.488889,-0.871213,65.872,79.392,101.577,3997.5
Victor_9_puntos_intento_10.mp4,1405,11708.333,True,131.000,164.000,0.000,139.000,76.000,0.044444,0.488889,-0.871213,65.624,79.499,100.720,3989.5
Victor_9_puntos_intento_10.mp4,1406,11716.667,True,131.000,164.000,0.000,139.000,75.000,0.044444,0.494444,-0.868072,65.775,78.973,100.958,3984.0
Victor_9_puntos_intento_10.mp4,1407,11725.000,True,131.000,164.000,0.000,139.000,76.000,0.044444,0.488889,-0.871213,65.123,79.368,100.224,3975.0
Victor_9_puntos_intento_10.mp4,1408,11733.333,True,131.000,164.000,0.000,139.000,76.000,0.044444,0.488889,-0.871213,65.154,80.045,100.269,3982.0
Victor_9_puntos_intento_10.mp4,1409,11741.667,True,131.000,164.000,0.000,139.000,75.000,0.044444,0.494444,-0.868072,65.103,80.017,101.392,3983.0
Victor_9_puntos_intento_10.mp4,1410,11750.000,True,131.000,164.000,0.000,139.000,75.000,0.044444,0.494444,-0.868072,65.589,79.074,102.110,3992.5
Victor_9_puntos_intento_10.mp4,1411,11758.333,True,131.000,164.000,0.000,139.000,75.000,0.044444,0.494444,-0.868072,65.687,79.221,100.986,3990.5
Victor_9_puntos_intento_10.mp4,1412,11766.667,True,131.000,164.000,0.000,139.000,75.000,0.044444,0.494444,-0.868072,65.684,79.648,101.409,4008.5
Victor_9_puntos_intento_10.mp4,1413,11775.000,True,131.000,164.000,0.000,139.000,76.000,0.044444,0.488889,-0.871213,65.548,79.198,101.682,4000.0
Victor_9_puntos_intento_10.mp4,1414,11783.333,True,131.000,164.000,0.000,139.000,75.000,0.044444,0.494444,-0.868072,65.852,78.965,102.278,3998.0
Victor_9_puntos_intento_10.mp4,1415,11791.667,True,131.000,164.000,0.000,140.000,75.000,0.050000,0.494444,-0.867770,65.678,78.636,102.496,3968.5
Victor_9_puntos_intento_10.mp4,1416,11800.000,True,131.000,164.000,0.000,139.000,75.000,0.044444,0.494444,-0.868072,65.267,79.080,101.559,3967.0
Victor_9_puntos_intento_10.mp4,1417,11808.333,True,131.000,164.000,0.000,139.000,75.000,0.044444,0.494444,-0.868072,65.460,78.513,100.595,3951.0
Victor_9_puntos_intento_10.mp4,1418,11816.667,True,131.000,164.000,0.000,139.000,76.000,0.044444,0.488889,-0.871213,65.764,78.950,100.632,3969.0
Victor_9_puntos_intento_10.mp4,1419,11825.000,True,131.000,164.000,0.000,139.000,75.000,0.044444,0.494444,-0.868072,65.448,78.550,99.839,3940.0
Victor_9_puntos_intento_10.mp4,1420,11833.333,True,131.000,164.000,0.000,140.000,75.000,0.050000,0.494444,-0.867770,65.377,79.030,101.357,3982.0
Victor_9_puntos_intento_10.mp4,1421,11841.667,True,131.000,164.000,0.000,139.000,75.000,0.044444,0.494444,-0.868072,65.590,78.690,101.147,3968.0
Victor_9_puntos_intento_10.mp4,1422,11850.000,True,131.000,164.000,0.000,139.000,75.000,0.044444,0.494444,-0.868072,65.419,79.311,101.253,3975.5
Victor_9_puntos_intento_10.mp4,1423,11858.333,True,131.000,164.000,0.000,139.000,75.000,0.044444,0.494444,-0.868072,65.675,78.571,101.517,3960.5
Victor_9_puntos_intento_10.mp4,1424,11866.667,True,131.000,164.000,0.000,139.000,76.000,0.044444,0.488889,-0.871213,65.454,78.847,99.494,3972.5
Victor_9_puntos_intento_10.mp4,1425,11875.000,True,131.000,164.000,0.000,139.000,75.000,0.044444,0.494444,-0.868072,65.153,78.771,101.090,3945.5
Victor_9_puntos_intento_10.mp4,1426,11883.333,True,131.000,164.000,0.000,139.000,75.000,0.044444,0.494444,-0.868072,65.284,79.200,101.014,3970.5
Victor_9_puntos_intento_10.mp4,1427,11891.667,True,131.000,164.000,0.000,139.000,75.000,0.044444,0.494444,-0.868072,65.024,79.035,100.725,3949.5
Victor_9_puntos_intento_10.mp4,1428,11900.000,True,131.000,164.000,0.000,140.000,75.000,0.050000,0.494444,-0.867770,64.995,78.762,101.164,3934.5
Victor_9_puntos_intento_10.mp4,1429,11908.333,True,131.000,164.000,0.000,139.000,75.000,0.044444,0.494444,-0.868072,65.265,78.323,102.915,3915.5
Victor_9_puntos_intento_10.mp4,1430,11916.667,True,131.000,164.000,0.000,139.000,75.000,0.044444,0.494444,-0.868072,65.592,79.270,100.579,3940.5
Victor_9_puntos_intento_10.mp4,1431,11925.000,True,131.000,164.000,0.000,139.000,75.000,0.044444,0.494444,-0.868072,65.368,78.984,102.612,3932.0
Victor_9_puntos_intento_10.mp4,1432,11933.333,True,131.000,164.000,0.000,139.000,75.000,0.044444,0.494444,-0.868072,65.366,79.337,101.641,3948.0
Victor_9_puntos_intento_10.mp4,1433,11941.667,True,131.000,164.000,0.000,138.000,75.000,0.038889,0.494444,-0.868339,64.886,78.590,101.264,3901.5
Victor_9_puntos_intento_10.mp4,1434,11950.000,True,131.000,164.000,0.000,138.000,75.000,0.038889,0.494444,-0.868339,64.435,78.628,101.431,3887.5
Victor_9_puntos_intento_10.mp4,1435,11958.333,True,131.000,164.000,0.000,139.000,74.000,0.044444,0.500000,-0.864884,64.000,78.976,100.949,3870.0
Victor_9_puntos_intento_10.mp4,1436,11966.667,True,131.000,164.000,0.000,139.000,74.000,0.044444,0.500000,-0.864884,64.320,78.425,101.359,3852.0
Victor_9_puntos_intento_10.mp4,1437,11975.000,True,131.000,164.000,0.000,139.000,74.000,0.044444,0.500000,-0.864884,64.691,77.822,101.817,3860.0
Victor_9_puntos_intento_10.mp4,1438,11983.333,True,131.000,164.000,0.000,140.000,74.000,0.050000,0.500000,-0.864581,64.508,77.249,101.033,3855.5
Victor_9_puntos_intento_10.mp4,1439,11991.667,True,131.000,164.000,0.000,139.000,74.000,0.044444,0.500000,-0.864884,64.821,77.548,100.659,3842.0
Victor_9_puntos_intento_10.mp4,1440,12000.000,True,131.000,164.000,0.000,140.000,74.000,0.050000,0.500000,-0.864581,65.024,77.196,100.558,3843.0
Victor_9_puntos_intento_10.mp4,1441,12008.333,True,131.000,164.000,0.000,140.000,74.000,0.050000,0.500000,-0.864581,64.719,77.480,100.474,3849.0
Victor_9_puntos_intento_10.mp4,1442,12016.667,True,131.000,164.000,0.000,139.000,74.000,0.044444,0.500000,-0.864884,64.271,77.614,99.237,3815.5
Victor_9_puntos_intento_10.mp4,1443,12025.000,True,131.000,164.000,0.000,140.000,74.000,0.050000,0.500000,-0.864581,64.353,77.366,99.991,3789.5
Victor_9_puntos_intento_10.mp4,1444,12033.333,True,131.000,164.000,0.000,140.000,74.000,0.050000,0.500000,-0.864581,64.558,76.709,101.571,3794.0
Victor_9_puntos_intento_10.mp4,1445,12041.667,True,131.000,164.000,0.000,140.000,74.000,0.050000,0.500000,-0.864581,63.631,77.141,99.789,3774.0
Victor_9_puntos_intento_10.mp4,1446,12050.000,True,131.000,164.000,0.000,140.000,74.000,0.050000,0.500000,-0.864581,64.307,77.781,99.161,3792.0
Victor_9_puntos_intento_10.mp4,1447,12058.333,True,131.000,164.000,0.000,140.000,74.000,0.050000,0.500000,-0.864581,63.917,77.043,100.329,3774.5
Victor_9_puntos_intento_10.mp4,1448,12066.667,True,131.000,164.000,0.000,140.000,74.000,0.050000,0.500000,-0.864581,63.691,77.901,99.203,3766.0
Victor_9_puntos_intento_10.mp4,1449,12075.000,True,131.000,164.000,0.000,140.000,74.000,0.050000,0.500000,-0.864581,63.533,77.381,100.658,3742.5
Victor_9_puntos_intento_10.mp4,1450,12083.333,True,131.000,164.000,0.000,140.000,74.000,0.050000,0.500000,-0.864581,63.442,76.884,100.204,3736.5
Victor_9_puntos_intento_10.mp4,1451,12091.667,True,131.000,164.000,0.000,140.000,74.000,0.050000,0.500000,-0.864581,63.389,76.342,101.387,3725.5
Victor_9_puntos_intento_10.mp4,1452,12100.000,True,131.000,164.000,0.000,140.000,74.000,0.050000,0.500000,-0.864581,63.887,76.475,98.839,3722.0
Victor_9_puntos_intento_10.mp4,1453,12108.333,True,131.000,164.000,0.000,140.000,74.000,0.050000,0.500000,-0.864581,63.970,76.494,100.635,3734.5
Victor_9_puntos_intento_10.mp4,1454,12116.667,True,131.000,164.000,0.000,140.000,74.000,0.050000,0.500000,-0.864581,63.635,76.083,100.271,3702.5
Victor_9_puntos_intento_10.mp4,1455,12125.000,True,131.000,164.000,0.000,140.000,73.000,0.050000,0.505556,-0.861344,63.630,76.588,100.176,3725.0
Victor_9_puntos_intento_10.mp4,1456,12133.333,True,131.000,164.000,0.000,140.000,74.000,0.050000,0.500000,-0.864581,63.523,76.008,101.394,3705.0
Victor_9_puntos_intento_10.mp4,1457,12141.667,True,131.000,164.000,0.000,140.000,73.000,0.050000,0.505556,-0.861344,63.677,75.689,102.048,3703.5
Victor_9_puntos_intento_10.mp4,1458,12150.000,True,131.000,164.000,0.000,140.000,73.000,0.050000,0.505556,-0.861344,63.129,75.902,100.622,3666.0
Victor_9_puntos_intento_10.mp4,1459,12158.333,True,131.000,164.000,0.000,140.000,73.000,0.050000,0.505556,-0.861344,62.981,75.915,101.000,3650.0
Victor_9_puntos_intento_10.mp4,1460,12166.667,True,131.000,164.000,0.000,140.000,74.000,0.050000,0.500000,-0.864581,63.370,76.622,99.064,3682.0
Victor_9_puntos_intento_10.mp4,1461,12175.000,True,131.000,164.000,0.000,140.000,74.000,0.050000,0.500000,-0.864581,63.332,76.077,98.909,3660.5
Victor_9_puntos_intento_10.mp4,1462,12183.333,True,131.000,164.000,0.000,140.000,74.000,0.050000,0.500000,-0.864581,62.150,76.676,98.305,3644.0
Victor_9_puntos_intento_10.mp4,1463,12191.667,True,131.000,164.000,0.000,140.000,73.000,0.050000,0.505556,-0.861344,62.718,76.358,99.259,3654.0
Victor_9_puntos_intento_10.mp4,1464,12200.000,True,131.000,164.000,0.000,140.000,74.000,0.050000,0.500000,-0.864581,62.985,76.250,98.995,3651.5
Victor_9_puntos_intento_10.mp4,1465,12208.333,True,131.000,164.000,0.000,140.000,74.000,0.050000,0.500000,-0.864581,63.210,75.334,101.381,3625.5
Victor_9_puntos_intento_10.mp4,1466,12216.667,True,131.000,164.000,0.000,140.000,74.000,0.050000,0.500000,-0.864581,63.414,75.617,101.082,3640.0
Victor_9_puntos_intento_10.mp4,1467,12225.000,True,131.000,164.000,0.000,140.000,74.000,0.050000,0.500000,-0.864581,63.214,74.802,100.887,3601.0
Victor_9_puntos_intento_10.mp4,1468,12233.333,True,131.000,164.000,0.000,140.000,74.000,0.050000,0.500000,-0.864581,62.768,75.904,101.146,3631.5
Victor_9_puntos_intento_10.mp4,1469,12241.667,True,131.000,164.000,0.000,140.000,74.000,0.050000,0.500000,-0.864581,63.034,75.304,100.587,3610.0
Victor_9_puntos_intento_10.mp4,1470,12250.000,True,131.000,164.000,0.000,140.000,74.000,0.050000,0.500000,-0.864581,62.823,75.877,100.155,3629.5
Victor_9_puntos_intento_10.mp4,1471,12258.333,True,131.000,164.000,0.000,140.000,74.000,0.050000,0.500000,-0.864581,62.633,75.874,101.600,3640.0
Victor_9_puntos_intento_10.mp4,1472,12266.667,True,131.000,164.000,0.000,140.000,74.000,0.050000,0.500000,-0.864581,62.960,75.567,99.801,3649.5
Victor_9_puntos_intento_10.mp4,1473,12275.000,True,131.000,164.000,0.000,140.000,74.000,0.050000,0.500000,-0.864581,62.632,75.143,101.157,3604.0
Victor_9_puntos_intento_10.mp4,1474,12283.333,True,131.000,164.000,0.000,140.000,74.000,0.050000,0.500000,-0.864581,62.629,75.164,100.712,3619.5
Victor_9_puntos_intento_10.mp4,1475,12291.667,True,131.000,164.000,0.000,140.000,74.000,0.050000,0.500000,-0.864581,62.797,75.436,100.864,3622.5
Victor_9_puntos_intento_10.mp4,1476,12300.000,True,131.000,164.000,0.000,140.000,74.000,0.050000,0.500000,-0.864581,62.839,75.299,101.380,3617.0
Victor_9_puntos_intento_10.mp4,1477,12308.333,True,131.000,164.000,0.000,140.000,74.000,0.050000,0.500000,-0.864581,63.102,75.066,100.209,3610.0
Victor_9_puntos_intento_10.mp4,1478,12316.667,True,131.000,164.000,0.000,140.000,74.000,0.050000,0.500000,-0.864581,62.466,75.833,98.785,3620.5
Victor_9_puntos_intento_10.mp4,1479,12325.000,True,131.000,164.000,0.000,139.000,74.000,0.044444,0.500000,-0.864884,62.810,75.986,98.334,3624.5
Victor_9_puntos_intento_10.mp4,1480,12333.333,True,131.000,164.000,0.000,140.000,74.000,0.050000,0.500000,-0.864581,62.641,75.204,101.157,3600.5
Victor_9_puntos_intento_10.mp4,1481,12341.667,True,131.000,164.000,0.000,140.000,74.000,0.050000,0.500000,-0.864581,62.592,75.671,99.280,3608.0
Victor_9_puntos_intento_10.mp4,1482,12350.000,True,131.000,164.000,0.000,140.000,74.000,0.050000,0.500000,-0.864581,63.036,75.677,100.810,3642.5
Victor_9_puntos_intento_10.mp4,1483,12358.333,True,131.000,164.000,0.000,140.000,74.000,0.050000,0.500000,-0.864581,62.927,75.892,99.114,3643.0
Victor_9_puntos_intento_10.mp4,1484,12366.667,True,131.000,164.000,0.000,140.000,74.000,0.050000,0.500000,-0.864581,63.005,75.412,99.748,3644.0
Victor_9_puntos_intento_10.mp4,1485,12375.000,True,131.000,164.000,0.000,139.000,74.000,0.044444,0.500000,-0.864884,63.010,76.221,98.162,3631.5
Victor_9_puntos_intento_10.mp4,1486,12383.333,True,131.000,164.000,0.000,140.000,74.000,0.050000,0.500000,-0.864581,63.129,75.880,100.244,3660.0
Victor_9_puntos_intento_10.mp4,1487,12391.667,True,131.000,164.000,0.000,140.000,74.000,0.050000,0.500000,-0.864581,63.594,75.227,101.378,3662.0
Victor_9_puntos_intento_10.mp4,1488,12400.000,True,131.000,164.000,0.000,140.000,74.000,0.050000,0.500000,-0.864581,62.872,76.256,100.243,3655.0
Victor_9_puntos_intento_10.mp4,1489,12408.333,True,131.000,164.000,0.000,140.000,74.000,0.050000,0.500000,-0.864581,63.709,75.961,99.888,3677.5
Victor_9_puntos_intento_10.mp4,1490,12416.667,True,131.000,164.000,0.000,140.000,74.000,0.050000,0.500000,-0.864581,63.082,76.015,99.305,3662.5
Victor_9_puntos_intento_10.mp4,1491,12425.000,True,131.000,164.000,0.000,140.000,74.000,0.050000,0.500000,-0.864581,63.418,76.022,99.343,3669.0
Victor_9_puntos_intento_10.mp4,1492,12433.333,True,131.000,164.000,0.000,140.000,74.000,0.050000,0.500000,-0.864581,63.351,75.935,100.374,3685.0
Victor_9_puntos_intento_10.mp4,1493,12441.667,True,131.000,164.000,0.000,140.000,74.000,0.050000,0.500000,-0.864581,63.447,76.153,100.240,3692.5
Victor_9_puntos_intento_10.mp4,1494,12450.000,True,131.000,164.000,0.000,140.000,74.000,0.050000,0.500000,-0.864581,63.700,75.786,98.638,3678.5
Victor_9_puntos_intento_10.mp4,1495,12458.333,True,131.000,164.000,0.000,140.000,74.000,0.050000,0.500000,-0.864581,63.934,75.908,97.940,3708.5
Victor_9_puntos_intento_10.mp4,1496,12466.667,True,131.000,164.000,0.000,140.000,74.000,0.050000,0.500000,-0.864581,64.073,76.566,98.190,3735.0
Victor_9_puntos_intento_10.mp4,1497,12475.000,True,131.000,164.000,0.000,140.000,74.000,0.050000,0.500000,-0.864581,63.532,76.174,99.567,3722.5
Victor_9_puntos_intento_10.mp4,1498,12483.333,True,131.000,164.000,0.000,140.000,74.000,0.050000,0.500000,-0.864581,63.854,76.101,100.608,3727.0
Victor_9_puntos_intento_10.mp4,1499,12491.667,True,131.000,164.000,0.000,140.000,74.000,0.050000,0.500000,-0.864581,63.898,76.292,100.574,3729.5
Victor_9_puntos_intento_10.mp4,1500,12500.000,True,131.000,164.000,0.000,140.000,74.000,0.050000,0.500000,-0.864581,63.743,76.634,101.102,3756.5
Victor_9_puntos_intento_10.mp4,1501,12508.333,True,131.000,164.000,0.000,140.000,74.000,0.050000,0.500000,-0.864581,63.946,76.977,100.245,3754.5
Victor_9_puntos_intento_10.mp4,1502,12516.667,True,131.000,164.000,0.000,139.000,74.000,0.044444,0.500000,-0.864884,64.241,77.380,98.061,3775.0
Victor_9_puntos_intento_10.mp4,1503,12525.000,True,131.000,164.000,0.000,139.000,74.000,0.044444,0.500000,-0.864884,64.078,77.085,97.809,3761.0
Victor_9_puntos_intento_10.mp4,1504,12533.333,True,131.000,164.000,0.000,139.000,74.000,0.044444,0.500000,-0.864884,64.466,76.725,99.606,3789.5
Victor_9_puntos_intento_10.mp4,1505,12541.667,True,131.000,164.000,0.000,139.000,74.000,0.044444,0.500000,-0.864884,64.382,76.588,99.176,3798.5
Victor_9_puntos_intento_10.mp4,1506,12550.000,True,131.000,164.000,0.000,140.000,74.000,0.050000,0.500000,-0.864581,65.020,76.853,99.603,3817.5
Victor_9_puntos_intento_10.mp4,1507,12558.333,True,131.000,164.000,0.000,139.000,74.000,0.044444,0.500000,-0.864884,64.631,76.586,99.746,3771.0
Victor_9_puntos_intento_10.mp4,1508,12566.667,True,131.000,164.000,0.000,139.000,74.000,0.044444,0.500000,-0.864884,64.935,76.797,101.841,3828.0
Victor_9_puntos_intento_10.mp4,1509,12575.000,True,131.000,164.000,0.000,139.000,74.000,0.044444,0.500000,-0.864884,64.389,77.511,98.892,3807.0
Victor_9_puntos_intento_10.mp4,1510,12583.333,True,131.000,164.000,0.000,139.000,74.000,0.044444,0.500000,-0.864884,64.686,77.093,100.567,3828.5
Victor_9_puntos_intento_10.mp4,1511,12591.667,True,131.000,164.000,0.000,139.000,74.000,0.044444,0.500000,-0.864884,64.437,77.168,100.741,3817.0
Victor_9_puntos_intento_10.mp4,1512,12600.000,True,131.000,164.000,0.000,139.000,74.000,0.044444,0.500000,-0.864884,64.224,77.557,100.363,3820.5
Victor_9_puntos_intento_10.mp4,1513,12608.333,True,131.000,164.000,0.000,139.000,74.000,0.044444,0.500000,-0.864884,64.575,76.878,100.132,3799.5
Victor_9_puntos_intento_10.mp4,1514,12616.667,True,131.000,164.000,0.000,139.000,74.000,0.044444,0.500000,-0.864884,65.068,77.507,99.412,3873.0
Victor_9_puntos_intento_10.mp4,1515,12625.000,True,131.000,164.000,0.000,139.000,74.000,0.044444,0.500000,-0.864884,64.780,77.659,99.327,3860.5
Victor_9_puntos_intento_10.mp4,1516,12633.333,True,131.000,164.000,0.000,139.000,74.000,0.044444,0.500000,-0.864884,65.006,77.520,99.256,3859.5
Victor_9_puntos_intento_10.mp4,1517,12641.667,True,131.000,164.000,0.000,139.000,74.000,0.044444,0.500000,-0.864884,64.468,78.195,99.555,3854.0
Victor_9_puntos_intento_10.mp4,1518,12650.000,True,131.000,164.000,0.000,139.000,74.000,0.044444,0.500000,-0.864884,64.847,78.013,99.919,3889.5
Victor_9_puntos_intento_10.mp4,1519,12658.333,True,131.000,164.000,0.000,139.000,74.000,0.044444,0.500000,-0.864884,64.804,77.899,101.421,3892.0
Victor_9_puntos_intento_10.mp4,1520,12666.667,True,131.000,164.000,0.000,139.000,74.000,0.044444,0.500000,-0.864884,65.259,78.520,99.472,3913.0
Victor_9_puntos_intento_10.mp4,1521,12675.000,True,131.000,164.000,0.000,139.000,74.000,0.044444,0.500000,-0.864884,65.457,77.944,100.713,3909.5
Victor_9_puntos_intento_10.mp4,1522,12683.333,True,131.000,164.000,0.000,139.000,74.000,0.044444,0.500000,-0.864884,65.262,78.359,99.330,3900.0
Victor_9_puntos_intento_10.mp4,1523,12691.667,True,131.000,164.000,0.000,139.000,75.000,0.044444,0.494444,-0.868072,65.353,77.783,99.162,3900.5
Victor_9_puntos_intento_10.mp4,1524,12700.000,True,131.000,164.000,0.000,139.000,74.000,0.044444,0.500000,-0.864884,65.280,78.131,100.145,3919.5
Victor_9_puntos_intento_10.mp4,1525,12708.333,True,131.000,164.000,0.000,139.000,74.000,0.044444,0.500000,-0.864884,65.120,78.641,99.751,3914.0
Victor_9_puntos_intento_10.mp4,1526,12716.667,True,131.000,164.000,0.000,139.000,75.000,0.044444,0.494444,-0.868072,65.671,78.343,99.307,3934.5
Victor_9_puntos_intento_10.mp4,1527,12725.000,True,131.000,164.000,0.000,141.000,74.000,0.055556,0.500000,-0.864242,65.005,79.676,101.476,3947.5
Victor_9_puntos_intento_10.mp4,1528,12733.333,True,131.000,164.000,0.000,150.000,74.000,0.105556,0.500000,-0.859569,64.310,78.535,109.491,3903.0
Victor_9_puntos_intento_10.mp4,1529,12741.667,True,131.000,164.000,0.000,164.000,74.000,0.183333,0.500000,-0.846398,62.685,78.191,110.666,3783.0
Victor_9_puntos_intento_10.mp4,1530,12750.000,True,131.000,164.000,0.000,178.000,73.000,0.261111,0.505556,-0.822335,61.265,76.240,117.506,3568.0
Victor_9_puntos_intento_10.mp4,1531,12758.333,True,131.000,164.000,0.000,190.000,74.000,0.327778,0.500000,-0.801599,59.690,75.214,121.921,3463.0
Victor_9_puntos_intento_10.mp4,1532,12766.667,True,131.000,164.000,0.000,201.000,74.000,0.388889,0.500000,-0.773799,58.068,75.300,126.320,3373.5
Victor_9_puntos_intento_10.mp4,1533,12775.000,True,131.000,164.000,0.000,210.000,75.000,0.438889,0.494444,-0.750267,56.261,75.197,129.032,3293.5
Victor_9_puntos_intento_10.mp4,1534,12783.333,True,131.000,164.000,0.000,218.000,75.000,0.483333,0.494444,-0.722436,54.631,75.721,132.554,3227.0
Victor_9_puntos_intento_10.mp4,1535,12791.667,True,131.000,164.000,0.000,225.000,75.000,0.522222,0.494444,-0.694844,53.299,75.122,133.832,3128.0
Victor_9_puntos_intento_10.mp4,1536,12800.000,True,131.000,164.000,0.000,230.000,77.000,0.550000,0.483333,-0.681094,52.035,76.067,134.496,3083.0
Victor_9_puntos_intento_10.mp4,1537,12808.333,True,131.000,164.000,0.000,237.000,79.000,0.588889,0.472222,-0.655909,51.486,76.800,136.923,3065.0
Victor_9_puntos_intento_10.mp4,1538,12816.667,True,131.000,164.000,0.000,241.000,82.000,0.611111,0.455556,-0.647312,51.790,76.307,139.166,3074.0
Victor_9_puntos_intento_10.mp4,1539,12825.000,True,131.000,164.000,0.000,242.000,84.000,0.616667,0.444444,-0.649763,52.605,75.531,140.558,3093.5
Victor_9_puntos_intento_10.mp4,1540,12833.333,True,131.000,164.000,0.000,244.000,85.000,0.627778,0.438889,-0.642862,53.094,76.830,140.265,3161.0
Victor_9_puntos_intento_10.mp4,1541,12841.667,True,131.000,164.000,0.000,247.000,87.000,0.644444,0.427778,-0.633796,52.579,76.227,142.549,3112.5
Victor_9_puntos_intento_10.mp4,1542,12850.000,True,131.000,164.000,0.000,245.000,87.000,0.633333,0.427778,-0.644899,54.444,76.648,143.044,3257.0
Victor_9_puntos_intento_10.mp4,1543,12858.333,True,131.000,164.000,0.000,242.000,88.000,0.616667,0.422222,-0.664418,55.920,77.126,141.591,3342.5
Victor_9_puntos_intento_10.mp4,1544,12866.667,True,131.000,164.000,0.000,240.000,88.000,0.605556,0.422222,-0.674560,56.178,78.290,140.505,3433.0
Victor_9_puntos_intento_10.mp4,1545,12875.000,True,131.000,164.000,0.000,242.000,88.000,0.616667,0.422222,-0.664418,54.369,77.345,140.754,3278.5
Victor_9_puntos_intento_10.mp4,1546,12883.333,True,131.000,164.000,0.000,243.000,88.000,0.622222,0.422222,-0.659218,53.838,77.225,141.778,3241.0
Victor_9_puntos_intento_10.mp4,1547,12891.667,True,131.000,164.000,0.000,243.000,88.000,0.622222,0.422222,-0.659218,53.171,76.942,142.437,3186.5
Victor_9_puntos_intento_10.mp4,1548,12900.000,True,131.000,164.000,0.000,243.000,88.000,0.622222,0.422222,-0.659218,54.195,77.310,142.257,3260.5
Victor_9_puntos_intento_10.mp4,1549,12908.333,True,131.000,164.000,0.000,243.000,88.000,0.622222,0.422222,-0.659218,54.070,78.135,143.306,3246.0
Victor_9_puntos_intento_10.mp4,1550,12916.667,True,131.000,164.000,0.000,243.000,88.000,0.622222,0.422222,-0.659218,54.239,77.678,142.184,3247.5
Victor_9_puntos_intento_10.mp4,1551,12925.000,True,131.000,164.000,0.000,243.000,88.000,0.622222,0.422222,-0.659218,54.302,78.104,142.756,3282.5
Victor_9_puntos_intento_10.mp4,1552,12933.333,True,131.000,164.000,0.000,243.000,88.000,0.622222,0.422222,-0.659218,54.126,78.169,142.730,3290.0
Victor_9_puntos_intento_10.mp4,1553,12941.667,True,131.000,164.000,0.000,243.000,88.000,0.622222,0.422222,-0.659218,54.340,78.197,142.124,3297.5
Victor_9_puntos_intento_10.mp4,1554,12950.000,True,131.000,164.000,0.000,243.000,88.000,0.622222,0.422222,-0.659218,54.544,78.875,142.556,3319.5
Victor_9_puntos_intento_10.mp4,1555,12958.333,True,131.000,164.000,0.000,243.000,87.000,0.622222,0.427778,-0.655626,54.471,78.832,142.405,3316.0
Victor_9_puntos_intento_10.mp4,1556,12966.667,True,131.000,164.000,0.000,243.000,87.000,0.622222,0.427778,-0.655626,54.446,78.828,142.678,3329.0
Victor_9_puntos_intento_10.mp4,1557,12975.000,True,131.000,164.000,0.000,243.000,87.000,0.622222,0.427778,-0.655626,55.045,78.698,142.992,3361.5
Victor_9_puntos_intento_10.mp4,1558,12983.333,True,131.000,164.000,0.000,243.000,87.000,0.622222,0.427778,-0.655626,54.893,78.829,142.904,3357.5
Victor_9_puntos_intento_10.mp4,1559,12991.667,True,131.000,164.000,0.000,243.000,87.000,0.622222,0.427778,-0.655626,54.696,78.705,142.624,3343.0
Victor_9_puntos_intento_10.mp4,1560,13000.000,True,131.000,164.000,0.000,243.000,87.000,0.622222,0.427778,-0.655626,55.120,79.051,142.555,3375.5
Victor_9_puntos_intento_10.mp4,1561,13008.333,True,131.000,164.000,0.000,243.000,87.000,0.622222,0.427778,-0.655626,54.946,78.956,142.919,3378.0
Victor_9_puntos_intento_10.mp4,1562,13016.667,True,131.000,164.000,0.000,243.000,87.000,0.622222,0.427778,-0.655626,55.354,79.253,142.560,3411.0
Victor_9_puntos_intento_10.mp4,1563,13025.000,True,131.000,164.000,0.000,243.000,87.000,0.622222,0.427778,-0.655626,55.036,79.152,142.130,3404.5
Victor_9_puntos_intento_10.mp4,1564,13033.333,True,131.000,164.000,0.000,243.000,87.000,0.622222,0.427778,-0.655626,55.570,80.106,142.249,3448.0
Victor_9_puntos_intento_10.mp4,1565,13041.667,True,131.000,164.000,0.000,243.000,87.000,0.622222,0.427778,-0.655626,55.202,79.001,141.424,3412.5
Victor_9_puntos_intento_10.mp4,1566,13050.000,True,131.000,164.000,0.000,243.000,87.000,0.622222,0.427778,-0.655626,55.950,79.828,142.476,3475.5
Victor_9_puntos_intento_10.mp4,1567,13058.333,True,131.000,164.000,0.000,243.000,87.000,0.622222,0.427778,-0.655626,55.266,79.738,142.082,3416.0
Victor_9_puntos_intento_10.mp4,1568,13066.667,True,131.000,164.000,0.000,243.000,87.000,0.622222,0.427778,-0.655626,55.535,80.341,142.099,3453.0
Victor_9_puntos_intento_10.mp4,1569,13075.000,True,131.000,164.000,0.000,243.000,87.000,0.622222,0.427778,-0.655626,55.464,79.956,141.197,3464.0
Victor_9_puntos_intento_10.mp4,1570,13083.333,True,131.000,164.000,0.000,243.000,87.000,0.622222,0.427778,-0.655626,55.575,79.632,141.085,3461.0
Victor_9_puntos_intento_10.mp4,1571,13091.667,True,131.000,164.000,0.000,243.000,87.000,0.622222,0.427778,-0.655626,55.846,79.859,141.658,3481.0
Victor_9_puntos_intento_10.mp4,1572,13100.000,True,131.000,164.000,0.000,243.000,87.000,0.622222,0.427778,-0.655626,56.215,80.082,141.587,3490.5
Victor_9_puntos_intento_10.mp4,1573,13108.333,True,131.000,164.000,0.000,243.000,87.000,0.622222,0.427778,-0.655626,56.015,80.404,142.146,3474.0
Victor_9_puntos_intento_10.mp4,1574,13116.667,True,131.000,164.000,0.000,243.000,87.000,0.622222,0.427778,-0.655626,56.566,80.111,141.576,3492.0
Victor_9_puntos_intento_10.mp4,1575,13125.000,True,131.000,164.000,0.000,243.000,87.000,0.622222,0.427778,-0.655626,55.960,80.646,142.044,3509.0
Victor_9_puntos_intento_10.mp4,1576,13133.333,True,131.000,164.000,0.000,243.000,87.000,0.622222,0.427778,-0.655626,56.365,80.501,142.389,3507.0
Victor_9_puntos_intento_10.mp4,1577,13141.667,True,131.000,164.000,0.000,243.000,87.000,0.622222,0.427778,-0.655626,56.549,80.385,142.100,3520.0
Victor_9_puntos_intento_10.mp4,1578,13150.000,True,131.000,164.000,0.000,243.000,87.000,0.622222,0.427778,-0.655626,56.379,80.335,142.271,3529.0
Victor_9_puntos_intento_10.mp4,1579,13158.333,True,131.000,164.000,0.000,243.000,87.000,0.622222,0.427778,-0.655626,56.131,80.300,142.156,3516.0
Victor_9_puntos_intento_10.mp4,1580,13166.667,True,131.000,164.000,0.000,243.000,87.000,0.622222,0.427778,-0.655626,56.402,80.425,142.107,3532.0
Victor_9_puntos_intento_10.mp4,1581,13175.000,True,131.000,164.000,0.000,243.000,87.000,0.622222,0.427778,-0.655626,56.352,80.854,142.314,3557.0
Victor_9_puntos_intento_10.mp4,1582,13183.333,True,131.000,164.000,0.000,243.000,87.000,0.622222,0.427778,-0.655626,56.543,80.760,141.798,3557.0
Victor_9_puntos_intento_10.mp4,1583,13191.667,True,131.000,164.000,0.000,243.000,87.000,0.622222,0.427778,-0.655626,56.496,80.744,142.208,3556.0
Victor_9_puntos_intento_10.mp4,1584,13200.000,True,131.000,164.000,0.000,243.000,87.000,0.622222,0.427778,-0.655626,56.811,81.104,141.852,3585.5
Victor_9_puntos_intento_10.mp4,1585,13208.333,True,131.000,164.000,0.000,243.000,87.000,0.622222,0.427778,-0.655626,56.536,80.894,141.913,3532.5
Victor_9_puntos_intento_10.mp4,1586,13216.667,True,131.000,164.000,0.000,243.000,87.000,0.622222,0.427778,-0.655626,56.563,81.327,141.771,3593.5
Victor_9_puntos_intento_10.mp4,1587,13225.000,True,131.000,164.000,0.000,243.000,87.000,0.622222,0.427778,-0.655626,56.482,81.356,142.485,3566.5
Victor_9_puntos_intento_10.mp4,1588,13233.333,True,131.000,164.000,0.000,243.000,87.000,0.622222,0.427778,-0.655626,56.912,81.401,142.442,3603.5
Victor_9_puntos_intento_10.mp4,1589,13241.667,True,131.000,164.000,0.000,243.000,87.000,0.622222,0.427778,-0.655626,56.821,81.501,142.703,3584.5
Victor_9_puntos_intento_10.mp4,1590,13250.000,True,131.000,164.000,0.000,243.000,87.000,0.622222,0.427778,-0.655626,57.043,81.513,141.958,3595.5
Victor_9_puntos_intento_10.mp4,1591,13258.333,True,131.000,164.000,0.000,243.000,87.000,0.622222,0.427778,-0.655626,56.697,81.215,142.061,3592.0
Victor_9_puntos_intento_10.mp4,1592,13266.667,True,131.000,164.000,0.000,243.000,87.000,0.622222,0.427778,-0.655626,57.103,81.701,142.335,3617.5
Victor_9_puntos_intento_10.mp4,1593,13275.000,True,131.000,164.000,0.000,243.000,87.000,0.622222,0.427778,-0.655626,56.767,81.053,142.112,3586.0
Victor_9_puntos_intento_10.mp4,1594,13283.333,True,131.000,164.000,0.000,243.000,87.000,0.622222,0.427778,-0.655626,56.567,81.081,142.942,3587.0
Victor_9_puntos_intento_10.mp4,1595,13291.667,True,131.000,164.000,0.000,243.000,87.000,0.622222,0.427778,-0.655626,56.873,81.494,142.370,3595.0
Victor_9_puntos_intento_10.mp4,1596,13300.000,True,131.000,164.000,0.000,243.000,87.000,0.622222,0.427778,-0.655626,57.392,81.240,142.419,3604.0
Victor_9_puntos_intento_10.mp4,1597,13308.333,True,131.000,164.000,0.000,244.000,87.000,0.627778,0.427778,-0.650309,56.796,81.128,141.844,3580.0
Victor_9_puntos_intento_10.mp4,1598,13316.667,True,131.000,164.000,0.000,243.000,87.000,0.622222,0.427778,-0.655626,56.899,81.619,141.944,3614.0
Victor_9_puntos_intento_10.mp4,1599,13325.000,True,131.000,164.000,0.000,243.000,87.000,0.622222,0.427778,-0.655626,57.085,81.251,142.154,3598.5
Victor_9_puntos_intento_10.mp4,1600,13333.333,True,131.000,164.000,0.000,243.000,87.000,0.622222,0.427778,-0.655626,56.656,81.532,142.213,3598.5
Victor_9_puntos_intento_10.mp4,1601,13341.667,True,131.000,164.000,0.000,243.000,87.000,0.622222,0.427778,-0.655626,56.786,81.614,141.832,3599.0
Victor_9_puntos_intento_10.mp4,1602,13350.000,True,131.000,164.000,0.000,243.000,87.000,0.622222,0.427778,-0.655626,56.237,80.914,141.402,3554.5
Victor_9_puntos_intento_10.mp4,1603,13358.333,True,131.000,164.000,0.000,243.000,87.000,0.622222,0.427778,-0.655626,56.144,80.648,141.767,3538.5
Victor_9_puntos_intento_10.mp4,1604,13366.667,True,131.000,164.000,0.000,243.000,87.000,0.622222,0.427778,-0.655626,56.275,80.655,141.329,3550.5
Victor_9_puntos_intento_10.mp4,1605,13375.000,True,131.000,164.000,0.000,244.000,87.000,0.627778,0.427778,-0.650309,56.653,80.666,142.349,3540.0
Victor_9_puntos_intento_10.mp4,1606,13383.333,True,131.000,164.000,0.000,243.000,87.000,0.622222,0.427778,-0.655626,56.604,80.542,142.109,3540.5
Victor_9_puntos_intento_10.mp4,1607,13391.667,True,131.000,164.000,0.000,241.000,86.000,0.611111,0.433333,-0.662394,56.318,80.239,140.897,3519.5
Victor_9_puntos_intento_10.mp4,1608,13400.000,True,131.000,164.000,0.000,242.000,85.000,0.616667,0.438889,-0.653528,56.226,80.031,139.782,3490.0
Victor_9_puntos_intento_10.mp4,1609,13408.333,True,131.000,164.000,0.000,241.000,85.000,0.611111,0.438889,-0.658726,55.381,79.596,140.605,3422.5
Victor_9_puntos_intento_10.mp4,1610,13416.667,True,131.000,164.000,0.000,242.000,85.000,0.616667,0.438889,-0.653528,56.115,79.762,139.837,3459.0
Victor_9_puntos_intento_10.mp4,1611,13425.000,True,131.000,164.000,0.000,242.000,85.000,0.616667,0.438889,-0.653528,55.646,79.484,141.596,3429.0
Victor_9_puntos_intento_10.mp4,1612,13433.333,True,131.000,164.000,0.000,242.000,85.000,0.616667,0.438889,-0.653528,55.341,79.386,140.836,3403.0
Victor_9_puntos_intento_10.mp4,1613,13441.667,True,131.000,164.000,0.000,242.000,85.000,0.616667,0.438889,-0.653528,55.260,79.049,140.914,3384.5
Victor_9_puntos_intento_10.mp4,1614,13450.000,True,131.000,164.000,0.000,242.000,85.000,0.616667,0.438889,-0.653528,54.941,78.837,141.468,3389.5
Victor_9_puntos_intento_10.mp4,1615,13458.333,True,131.000,164.000,0.000,242.000,85.000,0.616667,0.438889,-0.653528,54.909,78.646,140.732,3376.0
Victor_9_puntos_intento_10.mp4,1616,13466.667,True,131.000,164.000,0.000,242.000,85.000,0.616667,0.438889,-0.653528,55.112,78.578,141.444,3359.0
Victor_9_puntos_intento_10.mp4,1617,13475.000,True,131.000,164.000,0.000,242.000,85.000,0.616667,0.438889,-0.653528,54.914,78.189,140.781,3327.0
Victor_9_puntos_intento_10.mp4,1618,13483.333,True,131.000,164.000,0.000,242.000,85.000,0.616667,0.438889,-0.653528,55.030,78.320,140.759,3345.5
Victor_9_puntos_intento_10.mp4,1619,13491.667,True,131.000,164.000,0.000,242.000,85.000,0.616667,0.438889,-0.653528,54.774,77.532,140.769,3304.5
Victor_9_puntos_intento_10.mp4,1620,13500.000,True,131.000,164.000,0.000,242.000,85.000,0.616667,0.438889,-0.653528,54.514,77.990,141.209,3307.0
Victor_9_puntos_intento_10.mp4,1621,13508.333,True,131.000,164.000,0.000,242.000,85.000,0.616667,0.438889,-0.653528,54.572,78.295,140.562,3295.0
Victor_9_puntos_intento_10.mp4,1622,13516.667,True,131.000,164.000,0.000,242.000,85.000,0.616667,0.438889,-0.653528,54.083,77.744,141.091,3272.0
Victor_9_puntos_intento_10.mp4,1623,13525.000,True,131.000,164.000,0.000,242.000,85.000,0.616667,0.438889,-0.653528,54.379,77.172,140.835,3268.0
Victor_9_puntos_intento_10.mp4,1624,13533.333,True,131.000,164.000,0.000,242.000,85.000,0.616667,0.438889,-0.653528,54.428,77.345,141.107,3278.5
Victor_9_puntos_intento_10.mp4,1625,13541.667,True,131.000,164.000,0.000,242.000,85.000,0.616667,0.438889,-0.653528,54.461,77.175,140.428,3267.5
Victor_9_puntos_intento_10.mp4,1626,13550.000,True,131.000,164.000,0.000,242.000,85.000,0.616667,0.438889,-0.653528,54.068,77.154,140.287,3264.5
Victor_9_puntos_intento_10.mp4,1627,13558.333,True,131.000,164.000,0.000,242.000,85.000,0.616667,0.438889,-0.653528,53.809,76.923,140.532,3230.5
Victor_9_puntos_intento_10.mp4,1628,13566.667,True,131.000,164.000,0.000,242.000,85.000,0.616667,0.438889,-0.653528,53.841,76.796,140.107,3234.0
Victor_9_puntos_intento_10.mp4,1629,13575.000,True,131.000,164.000,0.000,242.000,85.000,0.616667,0.438889,-0.653528,53.404,76.471,140.448,3189.0
Victor_9_puntos_intento_10.mp4,1630,13583.333,True,131.000,164.000,0.000,242.000,85.000,0.616667,0.438889,-0.653528,53.736,76.612,140.369,3187.5
Victor_9_puntos_intento_10.mp4,1631,13591.667,True,131.000,164.000,0.000,242.000,85.000,0.616667,0.438889,-0.653528,53.768,76.800,139.745,3198.5
Victor_9_puntos_intento_10.mp4,1632,13600.000,True,131.000,164.000,0.000,242.000,85.000,0.616667,0.438889,-0.653528,54.039,76.344,140.227,3188.5
Victor_9_puntos_intento_10.mp4,1633,13608.333,True,131.000,164.000,0.000,242.000,85.000,0.616667,0.438889,-0.653528,52.825,76.641,141.183,3151.0
Victor_9_puntos_intento_10.mp4,1634,13616.667,True,131.000,164.000,0.000,242.000,85.000,0.616667,0.438889,-0.653528,53.461,76.885,140.714,3186.5
Victor_9_puntos_intento_10.mp4,1635,13625.000,True,131.000,164.000,0.000,242.000,85.000,0.616667,0.438889,-0.653528,53.280,76.434,140.823,3168.0
Victor_9_puntos_intento_10.mp4,1636,13633.333,True,131.000,164.000,0.000,242.000,85.000,0.616667,0.438889,-0.653528,52.929,76.490,140.504,3143.5
Victor_9_puntos_intento_10.mp4,1637,13641.667,True,131.000,164.000,0.000,242.000,85.000,0.616667,0.438889,-0.653528,53.143,76.091,140.774,3147.5
Victor_9_puntos_intento_10.mp4,1638,13650.000,True,131.000,164.000,0.000,242.000,85.000,0.616667,0.438889,-0.653528,53.047,75.533,140.776,3119.5
Victor_9_puntos_intento_10.mp4,1639,13658.333,True,131.000,164.000,0.000,242.000,85.000,0.616667,0.438889,-0.653528,53.152,75.878,141.321,3119.5
Victor_9_puntos_intento_10.mp4,1640,13666.667,True,131.000,164.000,0.000,242.000,85.000,0.616667,0.438889,-0.653528,53.117,75.992,140.251,3112.5
Victor_9_puntos_intento_10.mp4,1641,13675.000,True,131.000,164.000,0.000,242.000,85.000,0.616667,0.438889,-0.653528,53.294,75.898,141.014,3132.5
Victor_9_puntos_intento_10.mp4,1642,13683.333,True,131.000,164.000,0.000,242.000,85.000,0.616667,0.438889,-0.653528,53.115,75.970,140.683,3133.0
Victor_9_puntos_intento_10.mp4,1643,13691.667,True,131.000,164.000,0.000,242.000,85.000,0.616667,0.438889,-0.653528,52.691,75.704,140.430,3121.5
Victor_9_puntos_intento_10.mp4,1644,13700.000,True,131.000,164.000,0.000,242.000,85.000,0.616667,0.438889,-0.653528,52.878,75.724,140.748,3132.5
Victor_9_puntos_intento_10.mp4,1645,13708.333,True,131.000,164.000,0.000,242.000,85.000,0.616667,0.438889,-0.653528,53.425,75.873,139.645,3141.0
Victor_9_puntos_intento_10.mp4,1646,13716.667,True,131.000,164.000,0.000,242.000,85.000,0.616667,0.438889,-0.653528,53.558,75.966,139.676,3139.0
Victor_9_puntos_intento_10.mp4,1647,13725.000,True,131.000,164.000,0.000,242.000,85.000,0.616667,0.438889,-0.653528,53.002,75.602,139.694,3115.0
Victor_9_puntos_intento_10.mp4,1648,13733.333,True,131.000,164.000,0.000,242.000,85.000,0.616667,0.438889,-0.653528,53.378,76.010,140.681,3134.5
Victor_9_puntos_intento_10.mp4,1649,13741.667,True,131.000,164.000,0.000,242.000,85.000,0.616667,0.438889,-0.653528,53.061,76.013,140.420,3123.5
Victor_9_puntos_intento_10.mp4,1650,13750.000,True,131.000,164.000,0.000,242.000,85.000,0.616667,0.438889,-0.653528,53.415,76.407,140.108,3150.5
Victor_9_puntos_intento_10.mp4,1651,13758.333,True,131.000,164.000,0.000,242.000,85.000,0.616667,0.438889,-0.653528,53.467,76.217,141.687,3142.5
Victor_9_puntos_intento_10.mp4,1652,13766.667,True,131.000,164.000,0.000,242.000,85.000,0.616667,0.438889,-0.653528,53.872,75.980,140.079,3164.0
Victor_9_puntos_intento_10.mp4,1653,13775.000,True,131.000,164.000,0.000,242.000,85.000,0.616667,0.438889,-0.653528,53.608,75.581,140.901,3138.0
Victor_9_puntos_intento_10.mp4,1654,13783.333,True,131.000,164.000,0.000,242.000,85.000,0.616667,0.438889,-0.653528,53.358,75.450,140.419,3127.5
Victor_9_puntos_intento_10.mp4,1655,13791.667,True,131.000,164.000,0.000,242.000,85.000,0.616667,0.438889,-0.653528,53.339,76.218,140.541,3147.5
Victor_9_puntos_intento_10.mp4,1656,13800.000,True,131.000,164.000,0.000,242.000,85.000,0.616667,0.438889,-0.653528,53.350,75.858,140.740,3138.0
Victor_9_puntos_intento_10.mp4,1657,13808.333,True,131.000,164.000,0.000,242.000,85.000,0.616667,0.438889,-0.653528,53.048,75.268,141.316,3097.5
Victor_9_puntos_intento_10.mp4,1658,13816.667,True,131.000,164.000,0.000,242.000,85.000,0.616667,0.438889,-0.653528,53.276,75.457,140.838,3132.0
Victor_9_puntos_intento_10.mp4,1659,13825.000,True,131.000,164.000,0.000,242.000,85.000,0.616667,0.438889,-0.653528,53.079,75.800,140.826,3134.5
Victor_9_puntos_intento_10.mp4,1660,13833.333,True,131.000,164.000,0.000,242.000,85.000,0.616667,0.438889,-0.653528,53.072,75.716,140.085,3110.0
Victor_9_puntos_intento_10.mp4,1661,13841.667,True,131.000,164.000,0.000,242.000,85.000,0.616667,0.438889,-0.653528,53.188,75.525,140.403,3127.0
Victor_9_puntos_intento_10.mp4,1662,13850.000,True,131.000,164.000,0.000,242.000,85.000,0.616667,0.438889,-0.653528,53.080,75.844,140.849,3122.5
Victor_9_puntos_intento_10.mp4,1663,13858.333,True,131.000,164.000,0.000,242.000,85.000,0.616667,0.438889,-0.653528,52.773,75.829,140.962,3097.5
Victor_9_puntos_intento_10.mp4,1664,13866.667,True,131.000,164.000,0.000,242.000,85.000,0.616667,0.438889,-0.653528,52.737,75.563,139.878,3092.0
Victor_9_puntos_intento_10.mp4,1665,13875.000,True,131.000,164.000,0.000,242.000,84.000,0.616667,0.444444,-0.649763,53.051,75.171,140.463,3087.5
Victor_9_puntos_intento_10.mp4,1666,13883.333,True,131.000,164.000,0.000,242.000,85.000,0.616667,0.438889,-0.653528,53.190,75.328,140.595,3099.5
Victor_9_puntos_intento_10.mp4,1667,13891.667,True,131.000,164.000,0.000,242.000,85.000,0.616667,0.438889,-0.653528,52.852,75.492,140.202,3091.5
Victor_9_puntos_intento_10.mp4,1668,13900.000,True,131.000,164.000,0.000,242.000,85.000,0.616667,0.438889,-0.653528,52.815,75.196,140.601,3095.0
Victor_9_puntos_intento_10.mp4,1669,13908.333,True,131.000,164.000,0.000,242.000,85.000,0.616667,0.438889,-0.653528,53.118,75.297,140.293,3109.5
Victor_9_puntos_intento_10.mp4,1670,13916.667,True,131.000,164.000,0.000,242.000,85.000,0.616667,0.438889,-0.653528,52.927,75.662,140.617,3107.5
Victor_9_puntos_intento_10.mp4,1671,13925.000,True,131.000,164.000,0.000,242.000,85.000,0.616667,0.438889,-0.653528,53.162,75.216,140.003,3104.0
Victor_9_puntos_intento_10.mp4,1672,13933.333,True,131.000,164.000,0.000,242.000,84.000,0.616667,0.444444,-0.649763,52.989,75.325,140.416,3112.5
Victor_9_puntos_intento_10.mp4,1673,13941.667,True,131.000,164.000,0.000,242.000,85.000,0.616667,0.438889,-0.653528,53.111,75.409,139.536,3102.5
Victor_9_puntos_intento_10.mp4,1674,13950.000,True,131.000,164.000,0.000,242.000,85.000,0.616667,0.438889,-0.653528,52.880,75.794,140.291,3099.5
Victor_9_puntos_intento_10.mp4,1675,13958.333,True,131.000,164.000,0.000,242.000,84.000,0.616667,0.444444,-0.649763,52.676,75.602,140.340,3077.0
Victor_9_puntos_intento_10.mp4,1676,13966.667,True,131.000,164.000,0.000,242.000,85.000,0.616667,0.438889,-0.653528,52.911,75.643,140.822,3095.0
Victor_9_puntos_intento_10.mp4,1677,13975.000,True,131.000,164.000,0.000,242.000,84.000,0.616667,0.444444,-0.649763,52.811,74.968,139.531,3081.5
Victor_9_puntos_intento_10.mp4,1678,13983.333,True,131.000,164.000,0.000,242.000,85.000,0.616667,0.438889,-0.653528,52.848,75.451,140.329,3085.5
Victor_9_puntos_intento_10.mp4,1679,13991.667,True,131.000,164.000,0.000,242.000,84.000,0.616667,0.444444,-0.649763,52.494,75.372,139.710,3065.5
Victor_9_puntos_intento_10.mp4,1680,14000.000,True,131.000,164.000,0.000,242.000,85.000,0.616667,0.438889,-0.653528,52.978,75.393,140.155,3087.5
Victor_9_puntos_intento_10.mp4,1681,14008.333,True,131.000,164.000,0.000,242.000,85.000,0.616667,0.438889,-0.653528,52.026,74.918,140.744,3041.0
Victor_9_puntos_intento_10.mp4,1682,14016.667,True,131.000,164.000,0.000,242.000,84.000,0.616667,0.444444,-0.649763,52.333,75.523,140.759,3071.0
Victor_9_puntos_intento_10.mp4,1683,14025.000,True,131.000,164.000,0.000,242.000,84.000,0.616667,0.444444,-0.649763,52.588,74.832,139.842,3047.0
Victor_9_puntos_intento_10.mp4,1684,14033.333,True,131.000,164.000,0.000,242.000,84.000,0.616667,0.444444,-0.649763,52.615,75.036,139.248,3052.5
Victor_9_puntos_intento_10.mp4,1685,14041.667,True,131.000,164.000,0.000,242.000,84.000,0.616667,0.444444,-0.649763,52.856,74.765,140.034,3056.0
Victor_9_puntos_intento_10.mp4,1686,14050.000,True,131.000,164.000,0.000,242.000,84.000,0.616667,0.444444,-0.649763,52.369,75.101,140.544,3074.0
Victor_9_puntos_intento_10.mp4,1687,14058.333,True,131.000,164.000,0.000,242.000,84.000,0.616667,0.444444,-0.649763,52.467,75.108,140.884,3058.5
Victor_9_puntos_intento_10.mp4,1688,14066.667,True,131.000,164.000,0.000,242.000,84.000,0.616667,0.444444,-0.649763,52.449,74.928,140.319,3059.5
Victor_9_puntos_intento_10.mp4,1689,14075.000,True,131.000,164.000,0.000,242.000,84.000,0.616667,0.444444,-0.649763,52.397,74.747,140.335,3040.5
Victor_9_puntos_intento_10.mp4,1690,14083.333,True,131.000,164.000,0.000,242.000,84.000,0.616667,0.444444,-0.649763,52.396,75.204,139.916,3053.5
Victor_9_puntos_intento_10.mp4,1691,14091.667,True,131.000,164.000,0.000,242.000,84.000,0.616667,0.444444,-0.649763,52.344,74.918,139.824,3046.0
Victor_9_puntos_intento_10.mp4,1692,14100.000,True,131.000,164.000,0.000,242.000,84.000,0.616667,0.444444,-0.649763,52.377,74.673,139.888,3053.5
Victor_9_puntos_intento_10.mp4,1693,14108.333,True,131.000,164.000,0.000,242.000,84.000,0.616667,0.444444,-0.649763,52.374,75.050,140.580,3040.5
Victor_9_puntos_intento_10.mp4,1694,14116.667,True,131.000,164.000,0.000,242.000,84.000,0.616667,0.444444,-0.649763,51.948,75.325,141.477,3061.0
Victor_9_puntos_intento_10.mp4,1695,14125.000,True,131.000,164.000,0.000,242.000,84.000,0.616667,0.444444,-0.649763,52.492,74.933,140.228,3058.5
Victor_9_puntos_intento_10.mp4,1696,14133.333,True,131.000,164.000,0.000,242.000,84.000,0.616667,0.444444,-0.649763,52.631,75.059,140.938,3063.5
Victor_9_puntos_intento_10.mp4,1697,14141.667,True,131.000,164.000,0.000,242.000,84.000,0.616667,0.444444,-0.649763,52.535,75.141,140.638,3067.0
Victor_9_puntos_intento_10.mp4,1698,14150.000,True,131.000,164.000,0.000,242.000,84.000,0.616667,0.444444,-0.649763,52.905,75.351,140.973,3088.0
Victor_9_puntos_intento_10.mp4,1699,14158.333,True,131.000,164.000,0.000,242.000,84.000,0.616667,0.444444,-0.649763,52.772,75.112,140.994,3067.0
Victor_9_puntos_intento_10.mp4,1700,14166.667,True,131.000,164.000,0.000,242.000,84.000,0.616667,0.444444,-0.649763,52.810,75.316,141.007,3073.0
Victor_9_puntos_intento_10.mp4,1701,14175.000,True,131.000,164.000,0.000,242.000,84.000,0.616667,0.444444,-0.649763,52.734,75.386,140.611,3080.5
Victor_9_puntos_intento_10.mp4,1702,14183.333,True,131.000,164.000,0.000,242.000,84.000,0.616667,0.444444,-0.649763,52.545,75.484,141.366,3076.0
Victor_9_puntos_intento_10.mp4,1703,14191.667,True,131.000,164.000,0.000,243.000,85.000,0.622222,0.438889,-0.648241,52.398,75.197,141.219,3055.0
Victor_9_puntos_intento_10.mp4,1704,14200.000,True,131.000,164.000,0.000,242.000,85.000,0.616667,0.438889,-0.653528,53.027,75.269,141.105,3089.5
Victor_9_puntos_intento_10.mp4,1705,14208.333,True,131.000,164.000,0.000,242.000,84.000,0.616667,0.444444,-0.649763,52.888,75.186,140.337,3102.5
Victor_9_puntos_intento_10.mp4,1706,14216.667,True,131.000,164.000,0.000,242.000,85.000,0.616667,0.438889,-0.653528,52.670,75.323,140.810,3083.5
Victor_9_puntos_intento_10.mp4,1707,14225.000,True,131.000,164.000,0.000,243.000,85.000,0.622222,0.438889,-0.648241,52.480,75.625,140.877,3062.5
Victor_9_puntos_intento_10.mp4,1708,14233.333,True,131.000,164.000,0.000,243.000,85.000,0.622222,0.438889,-0.648241,52.444,75.921,141.008,3078.0
Victor_9_puntos_intento_10.mp4,1709,14241.667,True,131.000,164.000,0.000,242.000,85.000,0.616667,0.438889,-0.653528,52.730,76.038,141.646,3097.0
Victor_9_puntos_intento_10.mp4,1710,14250.000,True,131.000,164.000,0.000,242.000,85.000,0.616667,0.438889,-0.653528,52.426,75.992,141.738,3095.5
Victor_9_puntos_intento_10.mp4,1711,14258.333,True,131.000,164.000,0.000,242.000,84.000,0.616667,0.444444,-0.649763,52.548,75.981,141.702,3102.0
Victor_9_puntos_intento_10.mp4,1712,14266.667,True,131.000,164.000,0.000,243.000,85.000,0.622222,0.438889,-0.648241,52.914,76.162,140.540,3113.5
Victor_9_puntos_intento_10.mp4,1713,14275.000,True,131.000,164.000,0.000,242.000,85.000,0.616667,0.438889,-0.653528,52.939,76.168,141.777,3125.5
Victor_9_puntos_intento_10.mp4,1714,14283.333,True,131.000,164.000,0.000,242.000,85.000,0.616667,0.438889,-0.653528,52.963,76.190,141.079,3129.5
Victor_9_puntos_intento_10.mp4,1715,14291.667,True,131.000,164.000,0.000,242.000,85.000,0.616667,0.438889,-0.653528,52.953,76.145,141.251,3120.0
Victor_9_puntos_intento_10.mp4,1716,14300.000,True,131.000,164.000,0.000,242.000,85.000,0.616667,0.438889,-0.653528,53.204,76.225,140.603,3145.5
Victor_9_puntos_intento_10.mp4,1717,14308.333,True,131.000,164.000,0.000,242.000,85.000,0.616667,0.438889,-0.653528,53.273,76.385,141.674,3125.5
Victor_9_puntos_intento_10.mp4,1718,14316.667,True,131.000,164.000,0.000,242.000,85.000,0.616667,0.438889,-0.653528,53.389,76.153,140.434,3153.5
Victor_9_puntos_intento_10.mp4,1719,14325.000,True,131.000,164.000,0.000,242.000,85.000,0.616667,0.438889,-0.653528,53.125,76.358,141.586,3156.0
Victor_9_puntos_intento_10.mp4,1720,14333.333,True,131.000,164.000,0.000,242.000,85.000,0.616667,0.438889,-0.653528,52.945,76.133,140.791,3151.5
Victor_9_puntos_intento_10.mp4,1721,14341.667,True,131.000,164.000,0.000,242.000,85.000,0.616667,0.438889,-0.653528,53.077,76.091,141.258,3144.5
Victor_9_puntos_intento_10.mp4,1722,14350.000,True,131.000,164.000,0.000,242.000,85.000,0.616667,0.438889,-0.653528,53.166,76.511,141.480,3154.0
Victor_9_puntos_intento_10.mp4,1723,14358.333,True,131.000,164.000,0.000,242.000,85.000,0.616667,0.438889,-0.653528,53.433,76.297,140.967,3170.5
Victor_9_puntos_intento_10.mp4,1724,14366.667,True,131.000,164.000,0.000,242.000,85.000,0.616667,0.438889,-0.653528,53.510,76.546,141.302,3172.0
Victor_9_puntos_intento_10.mp4,1725,14375.000,True,131.000,164.000,0.000,242.000,85.000,0.616667,0.438889,-0.653528,53.341,76.593,140.792,3173.0
Victor_9_puntos_intento_10.mp4,1726,14383.333,True,131.000,164.000,0.000,242.000,85.000,0.616667,0.438889,-0.653528,53.321,76.417,141.580,3178.5
Victor_9_puntos_intento_10.mp4,1727,14391.667,True,131.000,164.000,0.000,242.000,85.000,0.616667,0.438889,-0.653528,53.316,76.605,141.604,3191.5
Victor_9_puntos_intento_10.mp4,1728,14400.000,True,131.000,164.000,0.000,242.000,85.000,0.616667,0.438889,-0.653528,53.894,76.361,141.680,3192.0
Victor_9_puntos_intento_10.mp4,1729,14408.333,True,131.000,164.000,0.000,242.000,85.000,0.616667,0.438889,-0.653528,53.705,76.497,142.454,3185.5
Victor_9_puntos_intento_10.mp4,1730,14416.667,True,131.000,164.000,0.000,242.000,85.000,0.616667,0.438889,-0.653528,53.941,76.658,141.004,3202.5
Victor_9_puntos_intento_10.mp4,1731,14425.000,True,131.000,164.000,0.000,242.000,85.000,0.616667,0.438889,-0.653528,53.724,76.909,140.861,3197.0
Victor_9_puntos_intento_10.mp4,1732,14433.333,True,131.000,164.000,0.000,242.000,85.000,0.616667,0.438889,-0.653528,53.678,76.886,141.951,3210.0
Victor_9_puntos_intento_10.mp4,1733,14441.667,True,131.000,164.000,0.000,242.000,85.000,0.616667,0.438889,-0.653528,53.788,76.837,141.246,3197.5
Victor_9_puntos_intento_10.mp4,1734,14450.000,True,131.000,164.000,0.000,242.000,85.000,0.616667,0.438889,-0.653528,54.070,77.208,141.809,3219.5
Victor_9_puntos_intento_10.mp4,1735,14458.333,True,131.000,164.000,0.000,242.000,85.000,0.616667,0.438889,-0.653528,54.407,76.636,142.071,3218.5
Victor_9_puntos_intento_10.mp4,1736,14466.667,True,131.000,164.000,0.000,242.000,85.000,0.616667,0.438889,-0.653528,54.328,77.193,141.789,3231.0
Victor_9_puntos_intento_10.mp4,1737,14475.000,True,131.000,164.000,0.000,242.000,85.000,0.616667,0.438889,-0.653528,53.843,77.431,142.365,3256.5
Victor_9_puntos_intento_10.mp4,1738,14483.333,True,131.000,164.000,0.000,242.000,85.000,0.616667,0.438889,-0.653528,54.047,77.486,141.370,3237.5
Victor_9_puntos_intento_10.mp4,1739,14491.667,True,131.000,164.000,0.000,242.000,85.000,0.616667,0.438889,-0.653528,54.354,77.224,140.821,3238.5
Victor_9_puntos_intento_10.mp4,1740,14500.000,True,131.000,164.000,0.000,242.000,85.000,0.616667,0.438889,-0.653528,54.647,77.911,141.197,3283.5
Victor_9_puntos_intento_10.mp4,1741,14508.333,True,131.000,164.000,0.000,242.000,85.000,0.616667,0.438889,-0.653528,54.035,77.433,141.373,3262.0
Victor_9_puntos_intento_10.mp4,1742,14516.667,True,131.000,164.000,0.000,242.000,85.000,0.616667,0.438889,-0.653528,54.299,77.800,141.179,3293.5
Victor_9_puntos_intento_10.mp4,1743,14525.000,True,131.000,164.000,0.000,242.000,85.000,0.616667,0.438889,-0.653528,54.458,77.300,141.808,3261.5
Victor_9_puntos_intento_10.mp4,1744,14533.333,True,131.000,164.000,0.000,242.000,85.000,0.616667,0.438889,-0.653528,54.244,77.303,141.318,3271.0
Victor_9_puntos_intento_10.mp4,1745,14541.667,True,131.000,164.000,0.000,242.000,85.000,0.616667,0.438889,-0.653528,54.470,78.143,142.536,3304.0
Victor_9_puntos_intento_10.mp4,1746,14550.000,True,131.000,164.000,0.000,242.000,85.000,0.616667,0.438889,-0.653528,54.930,78.311,141.922,3324.0
Victor_9_puntos_intento_10.mp4,1747,14558.333,True,131.000,164.000,0.000,242.000,85.000,0.616667,0.438889,-0.653528,54.601,77.982,141.283,3330.0
Victor_9_puntos_intento_10.mp4,1748,14566.667,True,131.000,164.000,0.000,242.000,85.000,0.616667,0.438889,-0.653528,54.309,77.974,141.497,3310.5
Victor_9_puntos_intento_10.mp4,1749,14575.000,True,131.000,164.000,0.000,242.000,85.000,0.616667,0.438889,-0.653528,55.068,77.949,141.097,3324.0
Victor_9_puntos_intento_10.mp4,1750,14583.333,True,131.000,164.000,0.000,242.000,85.000,0.616667,0.438889,-0.653528,55.232,78.399,140.522,3353.0
Victor_9_puntos_intento_10.mp4,1751,14591.667,True,131.000,164.000,0.000,242.000,85.000,0.616667,0.438889,-0.653528,54.721,78.139,141.038,3343.0
Victor_9_puntos_intento_10.mp4,1752,14600.000,True,131.000,164.000,0.000,242.000,85.000,0.616667,0.438889,-0.653528,54.897,78.038,141.544,3348.0
Victor_9_puntos_intento_10.mp4,1753,14608.333,True,131.000,164.000,0.000,242.000,85.000,0.616667,0.438889,-0.653528,55.032,78.429,142.027,3356.5
Victor_9_puntos_intento_10.mp4,1754,14616.667,True,131.000,164.000,0.000,242.000,85.000,0.616667,0.438889,-0.653528,55.176,78.626,142.134,3382.5
Victor_9_puntos_intento_10.mp4,1755,14625.000,True,131.000,164.000,0.000,242.000,85.000,0.616667,0.438889,-0.653528,55.024,78.199,140.709,3363.5
Victor_9_puntos_intento_10.mp4,1756,14633.333,True,131.000,164.000,0.000,242.000,85.000,0.616667,0.438889,-0.653528,55.633,78.276,141.922,3395.0
Victor_9_puntos_intento_10.mp4,1757,14641.667,True,131.000,164.000,0.000,242.000,85.000,0.616667,0.438889,-0.653528,55.325,78.600,140.514,3375.5
Victor_9_puntos_intento_10.mp4,1758,14650.000,True,131.000,164.000,0.000,242.000,85.000,0.616667,0.438889,-0.653528,55.742,78.535,142.100,3389.5
Victor_9_puntos_intento_10.mp4,1759,14658.333,True,131.000,164.000,0.000,242.000,85.000,0.616667,0.438889,-0.653528,55.571,78.180,141.265,3364.0
Victor_9_puntos_intento_10.mp4,1760,14666.667,True,131.000,164.000,0.000,242.000,85.000,0.616667,0.438889,-0.653528,55.108,78.604,141.421,3392.0
Victor_9_puntos_intento_10.mp4,1761,14675.000,True,131.000,164.000,0.000,242.000,85.000,0.616667,0.438889,-0.653528,55.216,78.613,141.213,3377.5
Victor_9_puntos_intento_10.mp4,1762,14683.333,True,131.000,164.000,0.000,242.000,85.000,0.616667,0.438889,-0.653528,55.202,78.610,140.757,3386.5
Victor_9_puntos_intento_10.mp4,1763,14691.667,True,131.000,164.000,0.000,242.000,85.000,0.616667,0.438889,-0.653528,55.444,78.708,141.317,3388.5
Victor_9_puntos_intento_10.mp4,1764,14700.000,True,131.000,164.000,0.000,242.000,85.000,0.616667,0.438889,-0.653528,55.141,78.318,141.591,3370.5
Victor_9_puntos_intento_10.mp4,1765,14708.333,True,131.000,164.000,0.000,242.000,85.000,0.616667,0.438889,-0.653528,55.069,79.075,141.601,3384.5
Victor_9_puntos_intento_10.mp4,1766,14716.667,True,131.000,164.000,0.000,242.000,85.000,0.616667,0.438889,-0.653528,55.085,78.479,141.614,3370.5
Victor_9_puntos_intento_10.mp4,1767,14725.000,True,131.000,164.000,0.000,238.000,86.000,0.594444,0.433333,-0.677391,56.790,77.921,142.283,3450.5
Victor_9_puntos_intento_10.mp4,1768,14733.333,True,131.000,164.000,0.000,227.000,87.000,0.533333,0.427778,-0.729768,61.278,78.090,138.511,3715.5
Victor_9_puntos_intento_10.mp4,1769,14741.667,True,131.000,164.000,0.000,216.000,87.000,0.472222,0.427778,-0.770722,64.345,78.038,132.233,3923.5
Victor_9_puntos_intento_10.mp4,1770,14750.000,True,131.000,164.000,0.000,208.000,89.000,0.427778,0.416667,-0.802119,66.120,78.511,132.485,4046.0
Victor_9_puntos_intento_10.mp4,1771,14758.333,True,131.000,164.000,0.000,201.000,90.000,0.388889,0.411111,-0.824471,66.935,78.470,135.115,4096.5
Victor_9_puntos_intento_10.mp4,1772,14766.667,True,131.000,164.000,0.000,198.000,90.000,0.372222,0.411111,-0.832129,66.991,79.585,129.995,4151.5
Victor_9_puntos_intento_10.mp4,1773,14775.000,True,131.000,164.000,0.000,199.000,90.000,0.377778,0.411111,-0.829621,66.088,80.593,132.019,4135.0
Victor_9_puntos_intento_10.mp4,1774,14783.333,True,131.000,164.000,0.000,199.000,90.000,0.377778,0.411111,-0.829621,65.823,80.142,134.626,4093.0
Victor_9_puntos_intento_10.mp4,1775,14791.667,True,131.000,164.000,0.000,199.000,90.000,0.377778,0.411111,-0.829621,65.964,79.748,131.845,4103.0
Victor_9_puntos_intento_10.mp4,1776,14800.000,True,131.000,164.000,0.000,199.000,90.000,0.377778,0.411111,-0.829621,66.368,79.747,132.326,4137.0
Victor_9_puntos_intento_10.mp4,1777,14808.333,True,131.000,164.000,0.000,199.000,90.000,0.377778,0.411111,-0.829621,66.303,79.142,131.843,4110.5
Victor_9_puntos_intento_10.mp4,1778,14816.667,True,131.000,164.000,0.000,199.000,89.000,0.377778,0.416667,-0.826845,66.618,79.178,131.221,4131.5
Victor_9_puntos_intento_10.mp4,1779,14825.000,True,131.000,164.000,0.000,199.000,89.000,0.377778,0.416667,-0.826845,66.318,79.511,132.102,4118.5
Victor_9_puntos_intento_10.mp4,1780,14833.333,True,131.000,164.000,0.000,199.000,90.000,0.377778,0.411111,-0.829621,66.569,79.783,131.923,4132.5
Victor_9_puntos_intento_10.mp4,1781,14841.667,True,131.000,164.000,0.000,199.000,89.000,0.377778,0.416667,-0.826845,66.845,79.722,131.825,4150.0
Victor_9_puntos_intento_10.mp4,1782,14850.000,True,131.000,164.000,0.000,199.000,89.000,0.377778,0.416667,-0.826845,66.279,79.625,133.633,4123.5
Victor_9_puntos_intento_10.mp4,1783,14858.333,True,131.000,164.000,0.000,199.000,89.000,0.377778,0.416667,-0.826845,66.701,79.628,130.721,4143.5
Victor_9_puntos_intento_10.mp4,1784,14866.667,True,131.000,164.000,0.000,199.000,89.000,0.377778,0.416667,-0.826845,66.579,80.054,131.055,4172.5
Victor_9_puntos_intento_10.mp4,1785,14875.000,True,131.000,164.000,0.000,199.000,89.000,0.377778,0.416667,-0.826845,66.490,80.147,130.295,4176.5
Victor_9_puntos_intento_10.mp4,1786,14883.333,True,131.000,164.000,0.000,199.000,89.000,0.377778,0.416667,-0.826845,66.666,79.917,129.822,4165.5
Victor_9_puntos_intento_10.mp4,1787,14891.667,True,131.000,164.000,0.000,199.000,89.000,0.377778,0.416667,-0.826845,66.776,80.140,132.006,4172.5
Victor_9_puntos_intento_10.mp4,1788,14900.000,True,131.000,164.000,0.000,199.000,89.000,0.377778,0.416667,-0.826845,66.447,80.811,130.492,4178.0
Victor_9_puntos_intento_10.mp4,1789,14908.333,True,131.000,164.000,0.000,199.000,89.000,0.377778,0.416667,-0.826845,66.873,80.296,131.948,4174.0
Victor_9_puntos_intento_10.mp4,1790,14916.667,True,131.000,164.000,0.000,199.000,89.000,0.377778,0.416667,-0.826845,67.087,80.596,132.284,4196.5
Victor_9_puntos_intento_10.mp4,1791,14925.000,True,131.000,164.000,0.000,199.000,89.000,0.377778,0.416667,-0.826845,66.975,80.524,131.824,4190.0
Victor_9_puntos_intento_10.mp4,1792,14933.333,True,131.000,164.000,0.000,199.000,89.000,0.377778,0.416667,-0.826845,67.293,80.367,132.887,4223.0
Victor_9_puntos_intento_10.mp4,1793,14941.667,True,131.000,164.000,0.000,199.000,89.000,0.377778,0.416667,-0.826845,66.962,80.680,132.722,4200.5
Victor_9_puntos_intento_10.mp4,1794,14950.000,True,131.000,164.000,0.000,199.000,89.000,0.377778,0.416667,-0.826845,67.419,80.788,132.442,4230.0
Victor_9_puntos_intento_10.mp4,1795,14958.333,True,131.000,164.000,0.000,199.000,89.000,0.377778,0.416667,-0.826845,67.407,80.227,132.790,4206.5
Victor_9_puntos_intento_10.mp4,1796,14966.667,True,131.000,164.000,0.000,199.000,89.000,0.377778,0.416667,-0.826845,67.872,80.428,131.427,4240.0
Victor_9_puntos_intento_10.mp4,1797,14975.000,True,131.000,164.000,0.000,199.000,89.000,0.377778,0.416667,-0.826845,67.893,80.857,132.183,4253.0
Victor_9_puntos_intento_10.mp4,1798,14983.333,True,131.000,164.000,0.000,199.000,89.000,0.377778,0.416667,-0.826845,67.558,81.418,131.190,4260.0
Victor_9_puntos_intento_10.mp4,1799,14991.667,True,131.000,164.000,0.000,199.000,88.000,0.377778,0.422222,-0.824022,67.697,80.893,132.070,4252.0
Victor_9_puntos_intento_10.mp4,1800,15000.000,True,131.000,164.000,0.000,200.000,89.000,0.383333,0.416667,-0.824284,67.796,80.988,132.232,4273.5
Victor_9_puntos_intento_10.mp4,1801,15008.333,True,131.000,164.000,0.000,200.000,89.000,0.383333,0.416667,-0.824284,67.664,80.761,132.915,4258.5
Victor_9_puntos_intento_10.mp4,1802,15016.667,True,131.000,164.000,0.000,200.000,89.000,0.383333,0.416667,-0.824284,67.773,80.891,132.557,4278.5
Victor_9_puntos_intento_10.mp4,1803,15025.000,True,131.000,164.000,0.000,200.000,89.000,0.383333,0.416667,-0.824284,67.672,81.605,132.021,4294.5
Victor_9_puntos_intento_10.mp4,1804,15033.333,True,131.000,164.000,0.000,200.000,88.000,0.383333,0.422222,-0.821452,68.021,81.609,131.742,4327.0
Victor_9_puntos_intento_10.mp4,1805,15041.667,True,131.000,164.000,0.000,200.000,88.000,0.383333,0.422222,-0.821452,68.096,80.859,132.256,4293.5
Victor_9_puntos_intento_10.mp4,1806,15050.000,True,131.000,164.000,0.000,200.000,88.000,0.383333,0.422222,-0.821452,68.452,81.481,131.622,4353.5
Victor_9_puntos_intento_10.mp4,1807,15058.333,True,131.000,164.000,0.000,200.000,88.000,0.383333,0.422222,-0.821452,68.261,81.315,131.299,4326.5
Victor_9_puntos_intento_10.mp4,1808,15066.667,True,131.000,164.000,0.000,200.000,88.000,0.383333,0.422222,-0.821452,68.354,81.610,130.773,4354.5
Victor_9_puntos_intento_10.mp4,1809,15075.000,True,131.000,164.000,0.000,200.000,88.000,0.383333,0.422222,-0.821452,68.145,81.815,131.512,4341.0
Victor_9_puntos_intento_10.mp4,1810,15083.333,True,131.000,164.000,0.000,200.000,89.000,0.383333,0.416667,-0.824284,68.419,81.955,132.069,4373.5
Victor_9_puntos_intento_10.mp4,1811,15091.667,True,131.000,164.000,0.000,199.000,88.000,0.377778,0.422222,-0.824022,68.201,82.086,131.648,4365.5
Victor_9_puntos_intento_10.mp4,1812,15100.000,True,131.000,164.000,0.000,200.000,88.000,0.383333,0.422222,-0.821452,68.350,82.397,132.619,4384.0
Victor_9_puntos_intento_10.mp4,1813,15108.333,True,131.000,164.000,0.000,200.000,88.000,0.383333,0.422222,-0.821452,68.647,82.029,132.453,4393.5
Victor_9_puntos_intento_10.mp4,1814,15116.667,True,131.000,164.000,0.000,200.000,88.000,0.383333,0.422222,-0.821452,68.519,82.139,132.273,4400.5
Victor_9_puntos_intento_10.mp4,1815,15125.000,True,131.000,164.000,0.000,200.000,88.000,0.383333,0.422222,-0.821452,69.113,82.265,132.106,4427.0
Victor_9_puntos_intento_10.mp4,1816,15133.333,True,131.000,164.000,0.000,200.000,88.000,0.383333,0.422222,-0.821452,68.557,82.398,130.869,4409.5
Victor_9_puntos_intento_10.mp4,1817,15141.667,True,131.000,164.000,0.000,199.000,88.000,0.377778,0.422222,-0.824022,68.594,82.920,131.756,4429.0
Victor_9_puntos_intento_10.mp4,1818,15150.000,True,131.000,164.000,0.000,199.000,88.000,0.377778,0.422222,-0.824022,68.652,83.094,132.368,4438.5
Victor_9_puntos_intento_10.mp4,1819,15158.333,True,131.000,164.000,0.000,200.000,88.000,0.383333,0.422222,-0.821452,68.874,83.177,132.558,4448.5
Victor_9_puntos_intento_10.mp4,1820,15166.667,True,131.000,164.000,0.000,200.000,88.000,0.383333,0.422222,-0.821452,68.874,83.218,131.943,4454.0
Victor_9_puntos_intento_10.mp4,1821,15175.000,True,131.000,164.000,0.000,200.000,88.000,0.383333,0.422222,-0.821452,69.293,82.907,131.112,4468.5
Victor_9_puntos_intento_10.mp4,1822,15183.333,True,131.000,164.000,0.000,200.000,88.000,0.383333,0.422222,-0.821452,68.968,83.522,132.569,4485.0
Victor_9_puntos_intento_10.mp4,1823,15191.667,True,131.000,164.000,0.000,200.000,88.000,0.383333,0.422222,-0.821452,69.151,82.877,133.308,4464.0
Victor_9_puntos_intento_10.mp4,1824,15200.000,True,131.000,164.000,0.000,200.000,88.000,0.383333,0.422222,-0.821452,69.549,83.093,131.591,4504.5
Victor_9_puntos_intento_10.mp4,1825,15208.333,True,131.000,164.000,0.000,200.000,88.000,0.383333,0.422222,-0.821452,69.346,82.934,134.250,4487.0
Victor_9_puntos_intento_10.mp4,1826,15216.667,True,131.000,164.000,0.000,199.000,88.000,0.377778,0.422222,-0.824022,69.058,83.195,133.381,4482.0
Victor_9_puntos_intento_10.mp4,1827,15225.000,True,131.000,164.000,0.000,199.000,88.000,0.377778,0.422222,-0.824022,69.237,83.322,133.119,4478.0
Victor_9_puntos_intento_10.mp4,1828,15233.333,True,131.000,164.000,0.000,199.000,88.000,0.377778,0.422222,-0.824022,69.356,83.596,134.307,4514.5
Victor_9_puntos_intento_10.mp4,1829,15241.667,True,131.000,164.000,0.000,199.000,88.000,0.377778,0.422222,-0.824022,69.293,83.552,132.802,4493.5
Victor_9_puntos_intento_10.mp4,1830,15250.000,True,131.000,164.000,0.000,199.000,88.000,0.377778,0.422222,-0.824022,69.341,83.350,132.296,4506.5
Victor_9_puntos_intento_10.mp4,1831,15258.333,True,131.000,164.000,0.000,199.000,88.000,0.377778,0.422222,-0.824022,69.073,83.279,131.483,4472.5
Victor_9_puntos_intento_10.mp4,1832,15266.667,True,131.000,164.000,0.000,200.000,88.000,0.383333,0.422222,-0.821452,69.198,83.374,131.282,4480.5
Victor_9_puntos_intento_10.mp4,1833,15275.000,True,131.000,164.000,0.000,199.000,88.000,0.377778,0.422222,-0.824022,69.070,83.696,132.185,4497.0
Victor_9_puntos_intento_10.mp4,1834,15283.333,True,131.000,164.000,0.000,199.000,88.000,0.377778,0.422222,-0.824022,69.045,83.723,131.693,4486.5
Victor_9_puntos_intento_10.mp4,1835,15291.667,True,131.000,164.000,0.000,199.000,88.000,0.377778,0.422222,-0.824022,69.047,83.551,131.906,4481.5
Victor_9_puntos_intento_10.mp4,1836,15300.000,True,131.000,164.000,0.000,199.000,88.000,0.377778,0.422222,-0.824022,69.505,82.876,130.264,4494.0
Victor_9_puntos_intento_10.mp4,1837,15308.333,True,131.000,164.000,0.000,197.000,88.000,0.366667,0.422222,-0.829026,69.754,82.508,131.818,4477.5
Victor_9_puntos_intento_10.mp4,1838,15316.667,True,131.000,164.000,0.000,195.000,89.000,0.355556,0.416667,-0.836642,70.120,83.406,129.870,4554.0
Victor_9_puntos_intento_10.mp4,1839,15325.000,True,131.000,164.000,0.000,197.000,89.000,0.366667,0.416667,-0.831832,69.417,83.350,132.600,4499.5
Victor_9_puntos_intento_10.mp4,1840,15333.333,True,131.000,164.000,0.000,198.000,89.000,0.372222,0.416667,-0.829361,69.042,83.082,133.099,4468.0
Victor_9_puntos_intento_10.mp4,1841,15341.667,True,131.000,164.000,0.000,198.000,88.000,0.372222,0.422222,-0.826546,69.003,82.875,131.047,4460.5
Victor_9_puntos_intento_10.mp4,1842,15350.000,True,131.000,164.000,0.000,198.000,88.000,0.372222,0.422222,-0.826546,68.901,83.312,132.797,4465.0
Victor_9_puntos_intento_10.mp4,1843,15358.333,True,131.000,164.000,0.000,198.000,89.000,0.372222,0.416667,-0.829361,69.311,82.811,131.110,4460.5
Victor_9_puntos_intento_10.mp4,1844,15366.667,True,131.000,164.000,0.000,198.000,89.000,0.372222,0.416667,-0.829361,69.067,82.572,132.297,4439.0
Victor_9_puntos_intento_10.mp4,1845,15375.000,True,131.000,164.000,0.000,198.000,89.000,0.372222,0.416667,-0.829361,69.264,82.471,133.091,4454.5
Victor_9_puntos_intento_10.mp4,1846,15383.333,True,131.000,164.000,0.000,198.000,89.000,0.372222,0.416667,-0.829361,69.219,82.484,133.140,4439.0
Victor_9_puntos_intento_10.mp4,1847,15391.667,True,131.000,164.000,0.000,198.000,89.000,0.372222,0.416667,-0.829361,68.840,81.534,131.538,4393.5
Victor_9_puntos_intento_10.mp4,1848,15400.000,True,131.000,164.000,0.000,198.000,89.000,0.372222,0.416667,-0.829361,68.479,82.069,130.960,4385.5
Victor_9_puntos_intento_10.mp4,1849,15408.333,True,131.000,164.000,0.000,198.000,89.000,0.372222,0.416667,-0.829361,68.622,81.367,130.859,4363.0
Victor_9_puntos_intento_10.mp4,1850,15416.667,True,131.000,164.000,0.000,198.000,89.000,0.372222,0.416667,-0.829361,68.410,81.580,132.241,4371.5
Victor_9_puntos_intento_10.mp4,1851,15425.000,True,131.000,164.000,0.000,198.000,89.000,0.372222,0.416667,-0.829361,68.347,81.564,133.410,4354.5
Victor_9_puntos_intento_10.mp4,1852,15433.333,True,131.000,164.000,0.000,198.000,88.000,0.372222,0.422222,-0.826546,68.444,81.345,131.979,4352.5
Victor_9_puntos_intento_10.mp4,1853,15441.667,True,131.000,164.000,0.000,198.000,88.000,0.372222,0.422222,-0.826546,68.147,80.813,133.151,4297.5
Victor_9_puntos_intento_10.mp4,1854,15450.000,True,131.000,164.000,0.000,198.000,88.000,0.372222,0.422222,-0.826546,68.215,81.354,131.912,4312.5
Victor_9_puntos_intento_10.mp4,1855,15458.333,True,131.000,164.000,0.000,198.000,88.000,0.372222,0.422222,-0.826546,67.791,81.177,130.915,4277.0
Victor_9_puntos_intento_10.mp4,1856,15466.667,True,131.000,164.000,0.000,198.000,89.000,0.372222,0.416667,-0.829361,67.848,80.737,132.486,4275.0
Victor_9_puntos_intento_10.mp4,1857,15475.000,True,131.000,164.000,0.000,198.000,88.000,0.372222,0.422222,-0.826546,67.569,80.566,130.930,4254.5
Victor_9_puntos_intento_10.mp4,1858,15483.333,True,131.000,164.000,0.000,198.000,88.000,0.372222,0.422222,-0.826546,67.098,80.614,130.351,4222.0
Victor_9_puntos_intento_10.mp4,1859,15491.667,True,131.000,164.000,0.000,198.000,88.000,0.372222,0.422222,-0.826546,67.469,80.081,130.607,4220.0
Victor_9_puntos_intento_10.mp4,1860,15500.000,True,131.000,164.000,0.000,198.000,88.000,0.372222,0.422222,-0.826546,67.386,80.250,131.805,4220.0
Victor_9_puntos_intento_10.mp4,1861,15508.333,True,131.000,164.000,0.000,198.000,88.000,0.372222,0.422222,-0.826546,67.265,80.207,133.104,4206.0
Victor_9_puntos_intento_10.mp4,1862,15516.667,True,131.000,164.000,0.000,198.000,88.000,0.372222,0.422222,-0.826546,67.339,79.914,131.869,4209.0
Victor_9_puntos_intento_10.mp4,1863,15525.000,True,131.000,164.000,0.000,198.000,88.000,0.372222,0.422222,-0.826546,67.132,79.768,131.935,4180.5
Victor_9_puntos_intento_10.mp4,1864,15533.333,True,131.000,164.000,0.000,198.000,88.000,0.372222,0.422222,-0.826546,67.170,79.524,131.391,4171.5
Victor_9_puntos_intento_10.mp4,1865,15541.667,True,131.000,164.000,0.000,198.000,88.000,0.372222,0.422222,-0.826546,66.784,79.558,133.158,4153.0
Victor_9_puntos_intento_10.mp4,1866,15550.000,True,131.000,164.000,0.000,198.000,88.000,0.372222,0.422222,-0.826546,66.953,79.804,131.366,4162.0
Victor_9_puntos_intento_10.mp4,1867,15558.333,True,131.000,164.000,0.000,198.000,88.000,0.372222,0.422222,-0.826546,66.905,79.346,131.121,4135.5
Victor_9_puntos_intento_10.mp4,1868,15566.667,True,131.000,164.000,0.000,198.000,88.000,0.372222,0.422222,-0.826546,66.988,79.195,132.091,4131.0
Victor_9_puntos_intento_10.mp4,1869,15575.000,True,131.000,164.000,0.000,198.000,88.000,0.372222,0.422222,-0.826546,67.084,78.895,132.009,4136.5
Victor_9_puntos_intento_10.mp4,1870,15583.333,True,131.000,164.000,0.000,198.000,88.000,0.372222,0.422222,-0.826546,66.800,78.806,133.052,4110.0
Victor_9_puntos_intento_10.mp4,1871,15591.667,True,131.000,164.000,0.000,198.000,88.000,0.372222,0.422222,-0.826546,66.527,79.226,133.173,4100.0
Victor_9_puntos_intento_10.mp4,1872,15600.000,True,131.000,164.000,0.000,198.000,88.000,0.372222,0.422222,-0.826546,66.525,78.693,132.058,4092.0
Victor_9_puntos_intento_10.mp4,1873,15608.333,True,131.000,164.000,0.000,198.000,88.000,0.372222,0.422222,-0.826546,66.228,78.826,131.815,4054.0
Victor_9_puntos_intento_10.mp4,1874,15616.667,True,131.000,164.000,0.000,198.000,88.000,0.372222,0.422222,-0.826546,66.377,78.979,133.224,4074.0
Victor_9_puntos_intento_10.mp4,1875,15625.000,True,131.000,164.000,0.000,198.000,88.000,0.372222,0.422222,-0.826546,65.855,79.321,133.444,4074.0
Victor_9_puntos_intento_10.mp4,1876,15633.333,True,131.000,164.000,0.000,198.000,88.000,0.372222,0.422222,-0.826546,66.019,78.334,132.406,4040.5
Victor_9_puntos_intento_10.mp4,1877,15641.667,True,131.000,164.000,0.000,198.000,88.000,0.372222,0.422222,-0.826546,66.080,78.775,133.205,4060.0
Victor_9_puntos_intento_10.mp4,1878,15650.000,True,131.000,164.000,0.000,198.000,88.000,0.372222,0.422222,-0.826546,66.133,78.899,132.200,4073.5
Victor_9_puntos_intento_10.mp4,1879,15658.333,True,131.000,164.000,0.000,198.000,88.000,0.372222,0.422222,-0.826546,66.137,78.851,132.852,4064.5
Victor_9_puntos_intento_10.mp4,1880,15666.667,True,131.000,164.000,0.000,198.000,88.000,0.372222,0.422222,-0.826546,66.103,78.762,133.149,4045.5
Victor_9_puntos_intento_10.mp4,1881,15675.000,True,131.000,164.000,0.000,198.000,88.000,0.372222,0.422222,-0.826546,66.182,78.681,132.467,4047.5
Victor_9_puntos_intento_10.mp4,1882,15683.333,True,131.000,164.000,0.000,198.000,88.000,0.372222,0.422222,-0.826546,66.199,78.509,132.243,4048.0
Victor_9_puntos_intento_10.mp4,1883,15691.667,True,131.000,164.000,0.000,198.000,88.000,0.372222,0.422222,-0.826546,66.016,78.631,133.514,4047.5
Victor_9_puntos_intento_10.mp4,1884,15700.000,True,131.000,164.000,0.000,198.000,88.000,0.372222,0.422222,-0.826546,65.687,78.725,132.852,4038.5
Victor_9_puntos_intento_10.mp4,1885,15708.333,True,131.000,164.000,0.000,198.000,88.000,0.372222,0.422222,-0.826546,65.995,78.506,132.055,4021.5
Victor_9_puntos_intento_10.mp4,1886,15716.667,True,131.000,164.000,0.000,198.000,88.000,0.372222,0.422222,-0.826546,65.695,78.567,130.192,4024.0
Victor_9_puntos_intento_10.mp4,1887,15725.000,True,131.000,164.000,0.000,198.000,88.000,0.372222,0.422222,-0.826546,65.778,78.197,130.875,4031.0
Victor_9_puntos_intento_10.mp4,1888,15733.333,True,131.000,164.000,0.000,198.000,88.000,0.372222,0.422222,-0.826546,66.036,77.863,132.351,4026.5
Victor_9_puntos_intento_10.mp4,1889,15741.667,True,131.000,164.000,0.000,198.000,88.000,0.372222,0.422222,-0.826546,65.756,77.892,131.755,4014.0
Victor_9_puntos_intento_10.mp4,1890,15750.000,True,131.000,164.000,0.000,198.000,88.000,0.372222,0.422222,-0.826546,65.707,78.237,131.513,4026.5
Victor_9_puntos_intento_10.mp4,1891,15758.333,True,131.000,164.000,0.000,198.000,88.000,0.372222,0.422222,-0.826546,65.763,78.130,130.309,4021.5
Victor_9_puntos_intento_10.mp4,1892,15766.667,True,131.000,164.000,0.000,198.000,88.000,0.372222,0.422222,-0.826546,65.605,77.978,132.170,4008.5
Victor_9_puntos_intento_10.mp4,1893,15775.000,True,131.000,164.000,0.000,198.000,88.000,0.372222,0.422222,-0.826546,65.529,78.220,131.719,4012.5
Victor_9_puntos_intento_10.mp4,1894,15783.333,True,131.000,164.000,0.000,198.000,88.000,0.372222,0.422222,-0.826546,65.513,78.218,131.888,3999.5
Victor_9_puntos_intento_10.mp4,1895,15791.667,True,131.000,164.000,0.000,198.000,88.000,0.372222,0.422222,-0.826546,65.934,77.926,131.281,3983.0
Victor_9_puntos_intento_10.mp4,1896,15800.000,True,131.000,164.000,0.000,198.000,88.000,0.372222,0.422222,-0.826546,65.920,77.781,131.986,4008.0
Victor_9_puntos_intento_10.mp4,1897,15808.333,True,131.000,164.000,0.000,198.000,88.000,0.372222,0.422222,-0.826546,65.513,78.085,133.459,3999.0
Victor_9_puntos_intento_10.mp4,1898,15816.667,True,131.000,164.000,0.000,198.000,88.000,0.372222,0.422222,-0.826546,65.763,78.345,132.748,4015.5
Victor_9_puntos_intento_10.mp4,1899,15825.000,True,131.000,164.000,0.000,198.000,88.000,0.372222,0.422222,-0.826546,65.612,77.515,133.543,3976.0
Victor_9_puntos_intento_10.mp4,1900,15833.333,True,131.000,164.000,0.000,198.000,88.000,0.372222,0.422222,-0.826546,65.667,77.883,132.624,3991.0
Victor_9_puntos_intento_10.mp4,1901,15841.667,True,131.000,164.000,0.000,198.000,88.000,0.372222,0.422222,-0.826546,65.807,77.752,132.243,3981.0
Victor_9_puntos_intento_10.mp4,1902,15850.000,True,131.000,164.000,0.000,198.000,88.000,0.372222,0.422222,-0.826546,65.485,77.775,132.379,3976.0
Victor_9_puntos_intento_10.mp4,1903,15858.333,True,131.000,164.000,0.000,198.000,88.000,0.372222,0.422222,-0.826546,65.407,78.040,131.941,3987.0
Victor_9_puntos_intento_10.mp4,1904,15866.667,True,131.000,164.000,0.000,198.000,88.000,0.372222,0.422222,-0.826546,65.586,77.987,132.356,3992.5
Victor_9_puntos_intento_10.mp4,1905,15875.000,True,131.000,164.000,0.000,198.000,88.000,0.372222,0.422222,-0.826546,65.162,78.044,132.119,3974.5
Victor_9_puntos_intento_10.mp4,1906,15883.333,True,131.000,164.000,0.000,198.000,88.000,0.372222,0.422222,-0.826546,65.497,78.194,130.905,3995.0
Victor_9_puntos_intento_10.mp4,1907,15891.667,True,131.000,164.000,0.000,198.000,88.000,0.372222,0.422222,-0.826546,65.376,77.219,132.951,3955.0
Victor_9_puntos_intento_10.mp4,1908,15900.000,True,131.000,164.000,0.000,198.000,88.000,0.372222,0.422222,-0.826546,65.573,77.530,131.633,3982.0
Victor_9_puntos_intento_10.mp4,1909,15908.333,True,131.000,164.000,0.000,198.000,88.000,0.372222,0.422222,-0.826546,65.551,78.230,131.985,3982.5
Victor_9_puntos_intento_10.mp4,1910,15916.667,True,131.000,164.000,0.000,198.000,88.000,0.372222,0.422222,-0.826546,65.216,77.765,132.915,3940.0
Victor_9_puntos_intento_10.mp4,1911,15925.000,True,131.000,164.000,0.000,198.000,88.000,0.372222,0.422222,-0.826546,65.163,77.782,133.235,3932.5
Victor_9_puntos_intento_10.mp4,1912,15933.333,True,131.000,164.000,0.000,198.000,88.000,0.372222,0.422222,-0.826546,65.485,77.780,131.849,3968.0
Victor_9_puntos_intento_10.mp4,1913,15941.667,True,131.000,164.000,0.000,198.000,88.000,0.372222,0.422222,-0.826546,65.211,76.992,132.016,3928.0
Victor_9_puntos_intento_10.mp4,1914,15950.000,True,131.000,164.000,0.000,198.000,88.000,0.372222,0.422222,-0.826546,65.254,77.380,132.166,3938.0
Victor_9_puntos_intento_10.mp4,1915,15958.333,True,131.000,164.000,0.000,198.000,88.000,0.372222,0.422222,-0.826546,65.388,77.092,132.678,3924.0
Victor_9_puntos_intento_10.mp4,1916,15966.667,True,131.000,164.000,0.000,198.000,88.000,0.372222,0.422222,-0.826546,65.169,77.343,131.824,3924.0
Victor_9_puntos_intento_10.mp4,1917,15975.000,True,131.000,164.000,0.000,198.000,88.000,0.372222,0.422222,-0.826546,65.399,77.024,131.474,3937.5
Victor_9_puntos_intento_10.mp4,1918,15983.333,True,131.000,164.000,0.000,198.000,88.000,0.372222,0.422222,-0.826546,65.379,77.154,131.215,3928.0
Victor_9_puntos_intento_10.mp4,1919,15991.667,True,131.000,164.000,0.000,198.000,88.000,0.372222,0.422222,-0.826546,65.611,77.452,133.070,3952.0
Victor_9_puntos_intento_10.mp4,1920,16000.000,True,131.000,164.000,0.000,198.000,88.000,0.372222,0.422222,-0.826546,65.422,77.172,132.509,3937.5
Victor_9_puntos_intento_10.mp4,1921,16008.333,True,131.000,164.000,0.000,198.000,88.000,0.372222,0.422222,-0.826546,65.303,77.312,132.655,3909.0
Victor_9_puntos_intento_10.mp4,1922,16016.667,True,131.000,164.000,0.000,198.000,88.000,0.372222,0.422222,-0.826546,65.289,77.100,132.324,3912.0
Victor_9_puntos_intento_10.mp4,1923,16025.000,True,131.000,164.000,0.000,198.000,88.000,0.372222,0.422222,-0.826546,65.231,77.441,130.441,3928.5
Victor_9_puntos_intento_10.mp4,1924,16033.333,True,131.000,164.000,0.000,198.000,88.000,0.372222,0.422222,-0.826546,65.290,77.297,130.835,3928.5
Victor_9_puntos_intento_10.mp4,1925,16041.667,True,131.000,164.000,0.000,198.000,88.000,0.372222,0.422222,-0.826546,65.068,77.413,131.350,3912.5
Victor_9_puntos_intento_10.mp4,1926,16050.000,True,131.000,164.000,0.000,198.000,88.000,0.372222,0.422222,-0.826546,65.042,77.162,131.211,3911.0
Victor_9_puntos_intento_10.mp4,1927,16058.333,True,131.000,164.000,0.000,198.000,88.000,0.372222,0.422222,-0.826546,64.952,77.217,130.690,3907.5
Victor_9_puntos_intento_10.mp4,1928,16066.667,True,131.000,164.000,0.000,198.000,88.000,0.372222,0.422222,-0.826546,64.894,77.336,131.288,3909.0
Victor_9_puntos_intento_10.mp4,1929,16075.000,True,131.000,164.000,0.000,198.000,88.000,0.372222,0.422222,-0.826546,64.847,77.135,131.003,3892.0
Victor_9_puntos_intento_10.mp4,1930,16083.333,True,131.000,164.000,0.000,198.000,88.000,0.372222,0.422222,-0.826546,65.253,77.287,132.002,3927.5
Victor_9_puntos_intento_10.mp4,1931,16091.667,True,131.000,164.000,0.000,198.000,88.000,0.372222,0.422222,-0.826546,65.176,76.822,131.424,3897.5
Victor_9_puntos_intento_10.mp4,1932,16100.000,True,131.000,164.000,0.000,198.000,88.000,0.372222,0.422222,-0.826546,64.835,77.210,130.263,3905.0
Victor_9_puntos_intento_10.mp4,1933,16108.333,True,131.000,164.000,0.000,198.000,88.000,0.372222,0.422222,-0.826546,65.209,76.860,132.169,3896.0
Victor_9_puntos_intento_10.mp4,1934,16116.667,True,131.000,164.000,0.000,198.000,88.000,0.372222,0.422222,-0.826546,65.140,77.750,131.335,3924.5
Victor_9_puntos_intento_10.mp4,1935,16125.000,True,131.000,164.000,0.000,198.000,88.000,0.372222,0.422222,-0.826546,65.034,78.039,131.946,3936.5
Victor_9_puntos_intento_10.mp4,1936,16133.333,True,131.000,164.000,0.000,198.000,88.000,0.372222,0.422222,-0.826546,65.076,77.740,131.286,3932.5
Victor_9_puntos_intento_10.mp4,1937,16141.667,True,131.000,164.000,0.000,198.000,88.000,0.372222,0.422222,-0.826546,65.441,77.231,130.908,3927.5
Victor_9_puntos_intento_10.mp4,1938,16150.000,True,131.000,164.000,0.000,198.000,88.000,0.372222,0.422222,-0.826546,65.066,77.353,132.491,3918.5
Victor_9_puntos_intento_10.mp4,1939,16158.333,True,131.000,164.000,0.000,198.000,88.000,0.372222,0.422222,-0.826546,64.851,77.257,131.682,3913.0
Victor_9_puntos_intento_10.mp4,1940,16166.667,True,131.000,164.000,0.000,198.000,88.000,0.372222,0.422222,-0.826546,64.860,77.654,132.307,3917.5
Victor_9_puntos_intento_10.mp4,1941,16175.000,True,131.000,164.000,0.000,198.000,88.000,0.372222,0.422222,-0.826546,65.034,77.509,132.829,3926.0
Victor_9_puntos_intento_10.mp4,1942,16183.333,True,131.000,164.000,0.000,198.000,88.000,0.372222,0.422222,-0.826546,65.424,77.530,132.425,3940.0
Victor_9_puntos_intento_10.mp4,1943,16191.667,True,131.000,164.000,0.000,198.000,88.000,0.372222,0.422222,-0.826546,65.207,77.001,132.039,3892.5
Victor_9_puntos_intento_10.mp4,1944,16200.000,True,131.000,164.000,0.000,198.000,88.000,0.372222,0.422222,-0.826546,65.132,77.247,132.816,3902.5
Victor_9_puntos_intento_10.mp4,1945,16208.333,True,131.000,164.000,0.000,198.000,88.000,0.372222,0.422222,-0.826546,65.069,76.796,129.817,3891.0
Victor_9_puntos_intento_10.mp4,1946,16216.667,True,131.000,164.000,0.000,198.000,88.000,0.372222,0.422222,-0.826546,65.350,76.983,132.510,3932.0
Victor_9_puntos_intento_10.mp4,1947,16225.000,True,131.000,164.000,0.000,198.000,88.000,0.372222,0.422222,-0.826546,65.498,77.261,131.839,3942.5
Victor_9_puntos_intento_10.mp4,1948,16233.333,True,131.000,164.000,0.000,198.000,88.000,0.372222,0.422222,-0.826546,65.458,77.499,130.866,3945.0
Victor_9_puntos_intento_10.mp4,1949,16241.667,True,131.000,164.000,0.000,198.000,89.000,0.372222,0.416667,-0.829361,65.710,77.357,132.320,3961.5
Victor_9_puntos_intento_10.mp4,1950,16250.000,True,131.000,164.000,0.000,198.000,88.000,0.372222,0.422222,-0.826546,65.611,77.557,132.042,3975.0
Victor_9_puntos_intento_10.mp4,1951,16258.333,True,131.000,164.000,0.000,198.000,88.000,0.372222,0.422222,-0.826546,65.434,77.793,131.994,3959.0
Victor_9_puntos_intento_10.mp4,1952,16266.667,True,131.000,164.000,0.000,198.000,88.000,0.372222,0.422222,-0.826546,65.599,77.470,132.203,3959.5
Victor_9_puntos_intento_10.mp4,1953,16275.000,True,131.000,164.000,0.000,198.000,88.000,0.372222,0.422222,-0.826546,65.603,77.455,132.490,3956.5
Victor_9_puntos_intento_10.mp4,1954,16283.333,True,131.000,164.000,0.000,198.000,88.000,0.372222,0.422222,-0.826546,65.549,77.794,133.348,3969.5
Victor_9_puntos_intento_10.mp4,1955,16291.667,True,131.000,164.000,0.000,198.000,89.000,0.372222,0.416667,-0.829361,65.561,77.800,132.186,3973.0
Victor_9_puntos_intento_10.mp4,1956,16300.000,True,131.000,164.000,0.000,198.000,88.000,0.372222,0.422222,-0.826546,65.848,77.527,132.464,3975.5
Victor_9_puntos_intento_10.mp4,1957,16308.333,True,131.000,164.000,0.000,198.000,89.000,0.372222,0.416667,-0.829361,65.608,77.729,133.041,3973.5
Victor_9_puntos_intento_10.mp4,1958,16316.667,True,131.000,164.000,0.000,198.000,89.000,0.372222,0.416667,-0.829361,65.600,77.405,132.685,3971.0
Victor_9_puntos_intento_10.mp4,1959,16325.000,True,131.000,164.000,0.000,198.000,88.000,0.372222,0.422222,-0.826546,65.533,77.916,132.647,3977.0
Victor_9_puntos_intento_10.mp4,1960,16333.333,True,131.000,164.000,0.000,198.000,89.000,0.372222,0.416667,-0.829361,65.702,77.826,132.789,3996.5
Victor_9_puntos_intento_10.mp4,1961,16341.667,True,131.000,164.000,0.000,198.000,88.000,0.372222,0.422222,-0.826546,65.791,77.562,132.064,3987.0
Victor_9_puntos_intento_10.mp4,1962,16350.000,True,131.000,164.000,0.000,198.000,88.000,0.372222,0.422222,-0.826546,66.218,77.576,132.347,3993.0
Victor_9_puntos_intento_10.mp4,1963,16358.333,True,131.000,164.000,0.000,198.000,88.000,0.372222,0.422222,-0.826546,65.653,77.619,131.347,3995.0
Victor_9_puntos_intento_10.mp4,1964,16366.667,True,131.000,164.000,0.000,198.000,88.000,0.372222,0.422222,-0.826546,65.716,77.938,131.391,4002.0
Victor_9_puntos_intento_10.mp4,1965,16375.000,True,131.000,164.000,0.000,198.000,88.000,0.372222,0.422222,-0.826546,65.688,77.968,131.872,3999.0
Victor_9_puntos_intento_10.mp4,1966,16383.333,True,131.000,164.000,0.000,198.000,88.000,0.372222,0.422222,-0.826546,66.068,78.513,133.729,4041.0
Victor_9_puntos_intento_10.mp4,1967,16391.667,True,131.000,164.000,0.000,198.000,88.000,0.372222,0.422222,-0.826546,66.210,78.480,132.851,4048.0
Victor_9_puntos_intento_10.mp4,1968,16400.000,True,131.000,164.000,0.000,198.000,88.000,0.372222,0.422222,-0.826546,66.342,77.929,132.304,4042.5
Victor_9_puntos_intento_10.mp4,1969,16408.333,True,131.000,164.000,0.000,198.000,89.000,0.372222,0.416667,-0.829361,66.085,77.984,131.956,4014.0
Victor_9_puntos_intento_10.mp4,1970,16416.667,True,131.000,164.000,0.000,198.000,88.000,0.372222,0.422222,-0.826546,66.190,78.164,131.572,4030.0
Victor_9_puntos_intento_10.mp4,1971,16425.000,True,131.000,164.000,0.000,198.000,89.000,0.372222,0.416667,-0.829361,66.110,78.521,133.011,4032.0
Victor_9_puntos_intento_10.mp4,1972,16433.333,True,131.000,164.000,0.000,198.000,88.000,0.372222,0.422222,-0.826546,66.492,78.364,132.918,4056.5
Victor_9_puntos_intento_10.mp4,1973,16441.667,True,131.000,164.000,0.000,198.000,89.000,0.372222,0.416667,-0.829361,66.081,78.380,132.082,4047.0
Victor_9_puntos_intento_10.mp4,1974,16450.000,True,131.000,164.000,0.000,198.000,89.000,0.372222,0.416667,-0.829361,66.300,78.454,131.919,4062.5
Victor_9_puntos_intento_10.mp4,1975,16458.333,True,131.000,164.000,0.000,198.000,89.000,0.372222,0.416667,-0.829361,66.395,78.589,132.962,4071.0
Victor_9_puntos_intento_10.mp4,1976,16466.667,True,131.000,164.000,0.000,198.000,89.000,0.372222,0.416667,-0.829361,66.382,78.794,132.982,4083.5
Victor_9_puntos_intento_10.mp4,1977,16475.000,True,131.000,164.000,0.000,198.000,89.000,0.372222,0.416667,-0.829361,66.346,78.653,132.038,4074.5
Victor_9_puntos_intento_10.mp4,1978,16483.333,True,131.000,164.000,0.000,198.000,89.000,0.372222,0.416667,-0.829361,66.346,79.132,132.953,4078.5
Victor_9_puntos_intento_10.mp4,1979,16491.667,True,131.000,164.000,0.000,198.000,89.000,0.372222,0.416667,-0.829361,66.479,79.011,133.556,4090.5
Victor_9_puntos_intento_10.mp4,1980,16500.000,True,131.000,164.000,0.000,198.000,89.000,0.372222,0.416667,-0.829361,66.689,78.894,133.419,4101.0
Victor_9_puntos_intento_10.mp4,1981,16508.333,True,131.000,164.000,0.000,198.000,89.000,0.372222,0.416667,-0.829361,66.770,79.274,131.272,4091.0
Victor_9_puntos_intento_10.mp4,1982,16516.667,True,131.000,164.000,0.000,198.000,89.000,0.372222,0.416667,-0.829361,66.743,78.733,132.242,4069.5
Victor_9_puntos_intento_10.mp4,1983,16525.000,True,131.000,164.000,0.000,198.000,89.000,0.372222,0.416667,-0.829361,66.801,78.894,133.473,4090.0
Victor_9_puntos_intento_10.mp4,1984,16533.333,True,131.000,164.000,0.000,198.000,89.000,0.372222,0.416667,-0.829361,67.098,78.692,132.661,4122.0
Victor_9_puntos_intento_10.mp4,1985,16541.667,True,131.000,164.000,0.000,198.000,89.000,0.372222,0.416667,-0.829361,66.772,78.599,132.286,4083.5
Victor_9_puntos_intento_10.mp4,1986,16550.000,True,131.000,164.000,0.000,198.000,89.000,0.372222,0.416667,-0.829361,66.524,78.884,133.089,4089.0
Victor_9_puntos_intento_10.mp4,1987,16558.333,True,131.000,164.000,0.000,198.000,89.000,0.372222,0.416667,-0.829361,66.825,78.512,132.719,4087.0
Victor_9_puntos_intento_10.mp4,1988,16566.667,True,131.000,164.000,0.000,198.000,89.000,0.372222,0.416667,-0.829361,66.606,78.774,133.203,4099.0
Victor_9_puntos_intento_10.mp4,1989,16575.000,True,131.000,164.000,0.000,198.000,89.000,0.372222,0.416667,-0.829361,66.600,78.562,132.004,4075.0
Victor_9_puntos_intento_10.mp4,1990,16583.333,True,131.000,164.000,0.000,198.000,89.000,0.372222,0.416667,-0.829361,66.611,78.535,132.862,4081.5
Victor_9_puntos_intento_10.mp4,1991,16591.667,True,131.000,164.000,0.000,198.000,89.000,0.372222,0.416667,-0.829361,66.894,78.848,133.882,4100.5
Victor_9_puntos_intento_10.mp4,1992,16600.000,True,131.000,164.000,0.000,198.000,89.000,0.372222,0.416667,-0.829361,66.737,78.749,133.629,4106.0
Victor_9_puntos_intento_10.mp4,1993,16608.333,True,131.000,164.000,0.000,199.000,89.000,0.377778,0.416667,-0.826845,66.962,78.723,132.889,4098.5
Victor_9_puntos_intento_10.mp4,1994,16616.667,True,131.000,164.000,0.000,199.000,89.000,0.377778,0.416667,-0.826845,66.831,78.486,133.014,4102.0
Victor_9_puntos_intento_10.mp4,1995,16625.000,True,131.000,164.000,0.000,198.000,89.000,0.372222,0.416667,-0.829361,66.588,79.243,133.094,4106.0
Victor_9_puntos_intento_10.mp4,1996,16633.333,True,131.000,164.000,0.000,199.000,89.000,0.377778,0.416667,-0.826845,66.893,79.054,133.568,4137.5
Victor_9_puntos_intento_10.mp4,1997,16641.667,True,131.000,164.000,0.000,199.000,89.000,0.377778,0.416667,-0.826845,66.983,78.917,134.382,4112.0
Victor_9_puntos_intento_10.mp4,1998,16650.000,True,131.000,164.000,0.000,199.000,89.000,0.377778,0.416667,-0.826845,66.999,79.314,133.400,4137.0
Victor_9_puntos_intento_10.mp4,1999,16658.333,True,131.000,164.000,0.000,199.000,89.000,0.377778,0.416667,-0.826845,66.430,78.645,132.671,4079.0
Victor_9_puntos_intento_10.mp4,2000,16666.667,True,131.000,164.000,0.000,199.000,89.000,0.377778,0.416667,-0.826845,66.596,78.929,134.391,4100.0
Victor_9_puntos_intento_10.mp4,2001,16675.000,True,131.000,164.000,0.000,199.000,89.000,0.377778,0.416667,-0.826845,66.745,79.228,132.895,4120.5
Victor_9_puntos_intento_10.mp4,2002,16683.333,True,131.000,164.000,0.000,199.000,89.000,0.377778,0.416667,-0.826845,66.682,78.974,132.919,4116.0
Victor_9_puntos_intento_10.mp4,2003,16691.667,True,131.000,164.000,0.000,199.000,89.000,0.377778,0.416667,-0.826845,67.152,79.322,134.523,4136.5
Victor_9_puntos_intento_10.mp4,2004,16700.000,True,131.000,164.000,0.000,199.000,89.000,0.377778,0.416667,-0.826845,67.211,79.244,134.918,4142.0
Victor_9_puntos_intento_10.mp4,2005,16708.333,True,131.000,164.000,0.000,199.000,89.000,0.377778,0.416667,-0.826845,67.273,79.398,133.836,4146.0
Victor_9_puntos_intento_10.mp4,2006,16716.667,True,131.000,164.000,0.000,199.000,89.000,0.377778,0.416667,-0.826845,67.027,79.384,133.852,4143.5
Victor_9_puntos_intento_10.mp4,2007,16725.000,True,131.000,164.000,0.000,199.000,89.000,0.377778,0.416667,-0.826845,67.139,79.241,134.023,4142.0
Victor_9_puntos_intento_10.mp4,2008,16733.333,True,131.000,164.000,0.000,199.000,89.000,0.377778,0.416667,-0.826845,67.153,79.829,132.184,4167.0
Victor_9_puntos_intento_10.mp4,2009,16741.667,True,131.000,164.000,0.000,199.000,90.000,0.377778,0.411111,-0.829621,67.155,79.676,132.774,4168.5
Victor_9_puntos_intento_10.mp4,2010,16750.000,True,131.000,164.000,0.000,199.000,90.000,0.377778,0.411111,-0.829621,67.630,79.271,135.124,4178.0
Victor_9_puntos_intento_10.mp4,2011,16758.333,True,131.000,164.000,0.000,199.000,90.000,0.377778,0.411111,-0.829621,67.299,79.635,134.074,4186.0
Victor_9_puntos_intento_10.mp4,2012,16766.667,True,131.000,164.000,0.000,199.000,90.000,0.377778,0.411111,-0.829621,67.372,79.915,133.202,4200.0
Victor_9_puntos_intento_10.mp4,2013,16775.000,True,131.000,164.000,0.000,199.000,89.000,0.377778,0.416667,-0.826845,67.521,79.743,133.092,4201.5
Victor_9_puntos_intento_10.mp4,2014,16783.333,True,131.000,164.000,0.000,199.000,90.000,0.377778,0.411111,-0.829621,67.340,79.805,132.446,4201.5
Victor_9_puntos_intento_10.mp4,2015,16791.667,True,131.000,164.000,0.000,199.000,90.000,0.377778,0.411111,-0.829621,67.191,80.095,132.928,4202.5
Victor_9_puntos_intento_10.mp4,2016,16800.000,True,131.000,164.000,0.000,198.000,90.000,0.372222,0.411111,-0.832129,67.710,79.537,133.649,4211.0
Victor_9_puntos_intento_10.mp4,2017,16808.333,True,131.000,164.000,0.000,191.000,91.000,0.333333,0.405556,-0.851125,70.339,79.332,130.732,4321.0
Victor_9_puntos_intento_10.mp4,2018,16816.667,True,131.000,164.000,0.000,180.000,94.000,0.272222,0.388889,-0.880148,72.188,80.785,111.476,4493.0
Victor_9_puntos_intento_10.mp4,2019,16825.000,True,131.000,164.000,0.000,168.000,95.000,0.205556,0.383333,-0.900446,73.536,82.859,106.304,4668.0
Victor_9_puntos_intento_10.mp4,2020,16833.333,True,131.000,164.000,0.000,157.000,98.000,0.144444,0.366667,-0.919071,74.516,82.737,99.933,4733.0
Victor_9_puntos_intento_10.mp4,2021,16841.667,True,131.000,164.000,0.000,148.000,100.000,0.094444,0.355556,-0.929871,75.576,82.657,97.477,4790.5
Victor_9_puntos_intento_10.mp4,2022,16850.000,True,131.000,164.000,0.000,143.000,101.000,0.066667,0.350000,-0.934374,74.447,83.911,103.243,4783.5
Victor_9_puntos_intento_10.mp4,2023,16858.333,True,131.000,164.000,0.000,144.000,101.000,0.072222,0.350000,-0.933961,75.154,82.867,106.571,4778.5
Victor_9_puntos_intento_10.mp4,2024,16866.667,True,131.000,164.000,0.000,144.000,101.000,0.072222,0.350000,-0.933961,74.820,82.974,106.782,4776.5
Victor_9_puntos_intento_10.mp4,2025,16875.000,True,131.000,164.000,0.000,145.000,101.000,0.077778,0.350000,-0.933515,74.685,83.158,108.168,4775.0
Victor_9_puntos_intento_10.mp4,2026,16883.333,True,131.000,164.000,0.000,145.000,101.000,0.077778,0.350000,-0.933515,75.026,83.567,107.776,4786.5
Victor_9_puntos_intento_10.mp4,2027,16891.667,True,131.000,164.000,0.000,145.000,101.000,0.077778,0.350000,-0.933515,74.988,83.481,108.105,4784.5
Victor_9_puntos_intento_10.mp4,2028,16900.000,True,131.000,164.000,0.000,145.000,101.000,0.077778,0.350000,-0.933515,74.307,83.623,108.923,4787.0
Victor_9_puntos_intento_10.mp4,2029,16908.333,True,131.000,164.000,0.000,145.000,101.000,0.077778,0.350000,-0.933515,75.322,82.999,105.937,4775.0
Victor_9_puntos_intento_10.mp4,2030,16916.667,True,131.000,164.000,0.000,145.000,101.000,0.077778,0.350000,-0.933515,75.589,83.322,109.194,4822.0
Victor_9_puntos_intento_10.mp4,2031,16925.000,True,131.000,164.000,0.000,145.000,101.000,0.077778,0.350000,-0.933515,75.572,83.231,107.906,4802.0
Victor_9_puntos_intento_10.mp4,2032,16933.333,True,131.000,164.000,0.000,145.000,101.000,0.077778,0.350000,-0.933515,75.292,83.234,106.219,4804.5
Victor_9_puntos_intento_10.mp4,2033,16941.667,True,131.000,164.000,0.000,145.000,101.000,0.077778,0.350000,-0.933515,75.388,83.393,105.449,4819.5
Victor_9_puntos_intento_10.mp4,2034,16950.000,True,131.000,164.000,0.000,145.000,101.000,0.077778,0.350000,-0.933515,75.728,82.688,108.261,4787.0
Victor_9_puntos_intento_10.mp4,2035,16958.333,True,131.000,164.000,0.000,145.000,100.000,0.077778,0.355556,-0.931413,75.232,82.841,104.101,4777.5
Victor_9_puntos_intento_10.mp4,2036,16966.667,True,131.000,164.000,0.000,145.000,100.000,0.077778,0.355556,-0.931413,75.367,82.615,105.614,4805.0
Victor_9_puntos_intento_10.mp4,2037,16975.000,True,131.000,164.000,0.000,145.000,100.000,0.077778,0.355556,-0.931413,74.820,83.711,106.474,4801.5
Victor_9_puntos_intento_10.mp4,2038,16983.333,True,131.000,164.000,0.000,145.000,101.000,0.077778,0.350000,-0.933515,76.076,83.378,108.326,4833.0
Victor_9_puntos_intento_10.mp4,2039,16991.667,True,131.000,164.000,0.000,145.000,100.000,0.077778,0.355556,-0.931413,75.066,83.484,105.379,4814.5
Victor_9_puntos_intento_10.mp4,2040,17000.000,True,131.000,164.000,0.000,145.000,100.000,0.077778,0.355556,-0.931413,75.449,83.799,105.818,4839.5
Victor_9_puntos_intento_10.mp4,2041,17008.333,True,131.000,164.000,0.000,145.000,100.000,0.077778,0.355556,-0.931413,75.116,84.024,107.855,4817.5
Victor_9_puntos_intento_10.mp4,2042,17016.667,True,131.000,164.000,0.000,145.000,100.000,0.077778,0.355556,-0.931413,75.696,84.281,111.496,4852.5
Victor_9_puntos_intento_10.mp4,2043,17025.000,True,131.000,164.000,0.000,145.000,100.000,0.077778,0.355556,-0.931413,75.514,84.621,109.400,4848.5
Victor_9_puntos_intento_10.mp4,2044,17033.333,True,131.000,164.000,0.000,145.000,100.000,0.077778,0.355556,-0.931413,75.828,84.246,109.748,4872.0
Victor_9_puntos_intento_10.mp4,2045,17041.667,True,131.000,164.000,0.000,145.000,100.000,0.077778,0.355556,-0.931413,75.572,83.552,108.068,4854.0
Victor_9_puntos_intento_10.mp4,2046,17050.000,True,131.000,164.000,0.000,145.000,100.000,0.077778,0.355556,-0.931413,75.351,84.706,108.256,4864.0
Victor_9_puntos_intento_10.mp4,2047,17058.333,True,131.000,164.000,0.000,145.000,100.000,0.077778,0.355556,-0.931413,75.008,84.218,105.814,4842.0
Victor_9_puntos_intento_10.mp4,2048,17066.667,True,131.000,164.000,0.000,145.000,100.000,0.077778,0.355556,-0.931413,75.811,84.756,107.851,4896.5
Victor_9_puntos_intento_10.mp4,2049,17075.000,True,131.000,164.000,0.000,145.000,100.000,0.077778,0.355556,-0.931413,76.230,84.288,104.804,4893.0
Victor_9_puntos_intento_10.mp4,2050,17083.333,True,131.000,164.000,0.000,145.000,100.000,0.077778,0.355556,-0.931413,75.340,84.367,104.367,4871.5
Victor_9_puntos_intento_10.mp4,2051,17091.667,True,131.000,164.000,0.000,145.000,100.000,0.077778,0.355556,-0.931413,75.803,84.606,104.833,4883.0
Victor_9_puntos_intento_10.mp4,2052,17100.000,True,131.000,164.000,0.000,145.000,100.000,0.077778,0.355556,-0.931413,76.022,85.173,106.110,4931.5
Victor_9_puntos_intento_10.mp4,2053,17108.333,True,131.000,164.000,0.000,145.000,100.000,0.077778,0.355556,-0.931413,76.210,84.001,108.619,4866.0
Victor_9_puntos_intento_10.mp4,2054,17116.667,True,131.000,164.000,0.000,145.000,100.000,0.077778,0.355556,-0.931413,75.388,84.085,107.113,4898.0
Victor_9_puntos_intento_10.mp4,2055,17125.000,True,131.000,164.000,0.000,145.000,100.000,0.077778,0.355556,-0.931413,76.021,85.149,110.392,4928.0
Victor_9_puntos_intento_10.mp4,2056,17133.333,True,131.000,164.000,0.000,145.000,100.000,0.077778,0.355556,-0.931413,75.909,84.959,108.173,4925.0
Victor_9_puntos_intento_10.mp4,2057,17141.667,True,131.000,164.000,0.000,145.000,100.000,0.077778,0.355556,-0.931413,75.701,84.806,106.129,4931.5
Victor_9_puntos_intento_10.mp4,2058,17150.000,True,131.000,164.000,0.000,145.000,100.000,0.077778,0.355556,-0.931413,75.872,85.021,106.555,4962.5
Victor_9_puntos_intento_10.mp4,2059,17158.333,True,131.000,164.000,0.000,145.000,100.000,0.077778,0.355556,-0.931413,75.853,85.456,107.258,4956.5
Victor_9_puntos_intento_10.mp4,2060,17166.667,True,131.000,164.000,0.000,145.000,100.000,0.077778,0.355556,-0.931413,76.383,85.337,107.358,4965.5
Victor_9_puntos_intento_10.mp4,2061,17175.000,True,131.000,164.000,0.000,145.000,99.000,0.077778,0.361111,-0.929274,76.481,84.808,106.498,4974.5
Victor_9_puntos_intento_10.mp4,2062,17183.333,True,131.000,164.000,0.000,145.000,100.000,0.077778,0.355556,-0.931413,76.285,85.755,107.559,4996.5
Victor_9_puntos_intento_10.mp4,2063,17191.667,True,131.000,164.000,0.000,145.000,99.000,0.077778,0.361111,-0.929274,76.018,85.721,106.841,4992.0
Victor_9_puntos_intento_10.mp4,2064,17200.000,True,131.000,164.000,0.000,145.000,100.000,0.077778,0.355556,-0.931413,76.076,85.826,106.469,5005.5
Victor_9_puntos_intento_10.mp4,2065,17208.333,True,131.000,164.000,0.000,145.000,100.000,0.077778,0.355556,-0.931413,75.893,85.526,106.721,4975.5
Victor_9_puntos_intento_10.mp4,2066,17216.667,True,131.000,164.000,0.000,146.000,100.000,0.083333,0.355556,-0.930933,76.498,85.047,104.995,4983.0
Victor_9_puntos_intento_10.mp4,2067,17225.000,True,131.000,164.000,0.000,145.000,100.000,0.077778,0.355556,-0.931413,76.188,85.560,106.153,4999.5
Victor_9_puntos_intento_10.mp4,2068,17233.333,True,131.000,164.000,0.000,145.000,100.000,0.077778,0.355556,-0.931413,76.817,85.348,107.522,5009.0
Victor_9_puntos_intento_10.mp4,2069,17241.667,True,131.000,164.000,0.000,145.000,100.000,0.077778,0.355556,-0.931413,76.326,85.962,108.819,5017.5
Victor_9_puntos_intento_10.mp4,2070,17250.000,True,131.000,164.000,0.000,145.000,100.000,0.077778,0.355556,-0.931413,76.125,86.013,107.102,4998.5
Victor_9_puntos_intento_10.mp4,2071,17258.333,True,131.000,164.000,0.000,145.000,100.000,0.077778,0.355556,-0.931413,76.492,85.750,107.908,4992.5
Victor_9_puntos_intento_10.mp4,2072,17266.667,True,131.000,164.000,0.000,145.000,100.000,0.077778,0.355556,-0.931413,76.125,85.988,108.653,5002.5
Victor_9_puntos_intento_10.mp4,2073,17275.000,True,131.000,164.000,0.000,146.000,100.000,0.083333,0.355556,-0.930933,76.597,85.299,106.648,5004.5
Victor_9_puntos_intento_10.mp4,2074,17283.333,True,131.000,164.000,0.000,145.000,100.000,0.077778,0.355556,-0.931413,76.428,85.657,106.208,4999.5
Victor_9_puntos_intento_10.mp4,2075,17291.667,True,131.000,164.000,0.000,145.000,100.000,0.077778,0.355556,-0.931413,76.046,85.568,105.980,4959.5
Victor_9_puntos_intento_10.mp4,2076,17300.000,True,131.000,164.000,0.000,145.000,100.000,0.077778,0.355556,-0.931413,75.695,86.049,106.398,4973.0
Victor_9_puntos_intento_10.mp4,2077,17308.333,True,131.000,164.000,0.000,145.000,100.000,0.077778,0.355556,-0.931413,75.892,85.213,105.367,4931.0
Victor_9_puntos_intento_10.mp4,2078,17316.667,True,131.000,164.000,0.000,146.000,100.000,0.083333,0.355556,-0.930933,75.836,84.872,106.224,4935.5
Victor_9_puntos_intento_10.mp4,2079,17325.000,True,131.000,164.000,0.000,146.000,100.000,0.083333,0.355556,-0.930933,75.932,84.869,107.424,4926.5
Victor_9_puntos_intento_10.mp4,2080,17333.333,True,131.000,164.000,0.000,146.000,100.000,0.083333,0.355556,-0.930933,75.074,85.079,107.430,4914.5
Victor_9_puntos_intento_10.mp4,2081,17341.667,True,131.000,164.000,0.000,145.000,100.000,0.077778,0.355556,-0.931413,75.324,85.177,106.915,4879.5
Victor_9_puntos_intento_10.mp4,2082,17350.000,True,130.000,164.000,0.000,145.000,100.000,0.083333,0.355556,-0.930933,76.009,84.436,107.110,4886.5
Victor_9_puntos_intento_10.mp4,2083,17358.333,True,130.000,164.000,0.000,145.000,100.000,0.083333,0.355556,-0.930933,75.254,84.250,103.231,4863.0
Victor_9_puntos_intento_10.mp4,2084,17366.667,True,130.000,164.000,0.000,146.000,100.000,0.088889,0.355556,-0.930419,74.998,84.349,105.771,4860.0
Victor_9_puntos_intento_10.mp4,2085,17375.000,True,130.000,164.000,0.000,146.000,100.000,0.088889,0.355556,-0.930419,74.894,83.804,104.031,4813.5
Victor_9_puntos_intento_10.mp4,2086,17383.333,True,130.000,164.000,0.000,146.000,100.000,0.088889,0.355556,-0.930419,75.365,83.216,103.735,4822.5
Victor_9_puntos_intento_10.mp4,2087,17391.667,True,130.000,164.000,0.000,145.000,100.000,0.083333,0.355556,-0.930933,74.650,83.995,104.951,4812.0
Victor_9_puntos_intento_10.mp4,2088,17400.000,True,130.000,164.000,0.000,145.000,100.000,0.083333,0.355556,-0.930933,74.588,84.113,106.195,4801.0
Victor_9_puntos_intento_10.mp4,2089,17408.333,True,130.000,164.000,0.000,145.000,100.000,0.083333,0.355556,-0.930933,74.404,84.622,103.689,4794.0
Victor_9_puntos_intento_10.mp4,2090,17416.667,True,130.000,164.000,0.000,146.000,100.000,0.088889,0.355556,-0.930419,74.179,83.881,105.367,4783.0
Victor_9_puntos_intento_10.mp4,2091,17425.000,True,130.000,164.000,0.000,145.000,100.000,0.083333,0.355556,-0.930933,73.881,84.132,103.359,4765.0
Victor_9_puntos_intento_10.mp4,2092,17433.333,True,130.000,164.000,0.000,145.000,100.000,0.083333,0.355556,-0.930933,74.530,84.138,103.889,4778.5
Victor_9_puntos_intento_10.mp4,2093,17441.667,True,130.000,164.000,0.000,145.000,100.000,0.083333,0.355556,-0.930933,74.472,83.231,105.509,4763.5
Victor_9_puntos_intento_10.mp4,2094,17450.000,True,130.000,164.000,0.000,145.000,100.000,0.083333,0.355556,-0.930933,74.492,83.888,107.003,4764.0
Victor_9_puntos_intento_10.mp4,2095,17458.333,True,130.000,164.000,0.000,145.000,99.000,0.083333,0.361111,-0.928792,73.799,83.448,105.676,4744.0
Victor_9_puntos_intento_10.mp4,2096,17466.667,True,130.000,164.000,0.000,146.000,100.000,0.088889,0.355556,-0.930419,73.799,83.539,106.281,4739.5
Victor_9_puntos_intento_10.mp4,2097,17475.000,True,130.000,164.000,0.000,145.000,100.000,0.083333,0.355556,-0.930933,74.516,82.578,105.623,4714.5
Victor_9_puntos_intento_10.mp4,2098,17483.333,True,130.000,164.000,0.000,145.000,100.000,0.083333,0.355556,-0.930933,74.262,82.874,105.780,4723.5
Victor_9_puntos_intento_10.mp4,2099,17491.667,True,130.000,164.000,0.000,146.000,100.000,0.088889,0.355556,-0.930419,73.883,82.865,103.775,4688.0
Victor_9_puntos_intento_10.mp4,2100,17500.000,True,130.000,164.000,0.000,146.000,100.000,0.088889,0.355556,-0.930419,73.293,82.778,100.761,4686.0
Victor_9_puntos_intento_10.mp4,2101,17508.333,True,130.000,164.000,0.000,146.000,100.000,0.088889,0.355556,-0.930419,73.771,82.368,103.791,4641.5
Victor_9_puntos_intento_10.mp4,2102,17516.667,True,130.000,164.000,0.000,148.000,99.000,0.100000,0.361111,-0.927145,72.487,82.599,106.010,4609.0
Victor_9_puntos_intento_10.mp4,2103,17525.000,True,130.000,164.000,0.000,149.000,98.000,0.105556,0.366667,-0.924345,72.276,82.088,107.166,4547.5
Victor_9_puntos_intento_10.mp4,2104,17533.333,True,130.000,164.000,0.000,148.000,98.000,0.100000,0.366667,-0.924962,72.853,82.266,105.181,4591.5
Victor_9_puntos_intento_10.mp4,2105,17541.667,True,130.000,164.000,0.000,148.000,98.000,0.100000,0.366667,-0.924962,73.262,82.119,105.708,4579.5
Victor_9_puntos_intento_10.mp4,2106,17550.000,True,130.000,164.000,0.000,148.000,98.000,0.100000,0.366667,-0.924962,72.869,81.712,105.669,4565.0
Victor_9_puntos_intento_10.mp4,2107,17558.333,True,130.000,164.000,0.000,148.000,98.000,0.100000,0.366667,-0.924962,72.817,80.941,104.420,4538.0
Victor_9_puntos_intento_10.mp4,2108,17566.667,True,130.000,164.000,0.000,148.000,98.000,0.100000,0.366667,-0.924962,72.319,81.850,106.109,4520.5
Victor_9_puntos_intento_10.mp4,2109,17575.000,True,130.000,164.000,0.000,148.000,98.000,0.100000,0.366667,-0.924962,71.947,81.970,106.497,4523.0
Victor_9_puntos_intento_10.mp4,2110,17583.333,True,130.000,164.000,0.000,148.000,98.000,0.100000,0.366667,-0.924962,72.223,80.639,103.796,4491.5
Victor_9_puntos_intento_10.mp4,2111,17591.667,True,130.000,164.000,0.000,148.000,98.000,0.100000,0.366667,-0.924962,71.561,81.156,105.949,4458.5
Victor_9_puntos_intento_10.mp4,2112,17600.000,True,130.000,164.000,0.000,148.000,98.000,0.100000,0.366667,-0.924962,72.364,80.583,105.454,4484.0
Victor_9_puntos_intento_10.mp4,2113,17608.333,True,130.000,164.000,0.000,148.000,98.000,0.100000,0.366667,-0.924962,72.479,80.154,105.027,4414.5
Victor_9_puntos_intento_10.mp4,2114,17616.667,True,130.000,164.000,0.000,148.000,98.000,0.100000,0.366667,-0.924962,71.983,80.259,105.091,4429.0
Victor_9_puntos_intento_10.mp4,2115,17625.000,True,130.000,164.000,0.000,148.000,98.000,0.100000,0.366667,-0.924962,72.246,80.486,106.711,4426.0
Victor_9_puntos_intento_10.mp4,2116,17633.333,True,130.000,164.000,0.000,148.000,98.000,0.100000,0.366667,-0.924962,71.965,80.266,105.465,4415.0
Victor_9_puntos_intento_10.mp4,2117,17641.667,True,130.000,164.000,0.000,148.000,98.000,0.100000,0.366667,-0.924962,71.034,80.773,107.093,4376.0
Victor_9_puntos_intento_10.mp4,2118,17650.000,True,130.000,164.000,0.000,148.000,98.000,0.100000,0.366667,-0.924962,71.325,80.433,107.853,4388.5
Victor_9_puntos_intento_10.mp4,2119,17658.333,True,130.000,164.000,0.000,148.000,98.000,0.100000,0.366667,-0.924962,71.931,79.599,106.453,4360.5
Victor_9_puntos_intento_10.mp4,2120,17666.667,True,130.000,164.000,0.000,148.000,98.000,0.100000,0.366667,-0.924962,71.534,79.665,104.668,4361.5
Victor_9_puntos_intento_10.mp4,2121,17675.000,True,130.000,164.000,0.000,148.000,98.000,0.100000,0.366667,-0.924962,70.525,79.842,104.660,4322.0
Victor_9_puntos_intento_10.mp4,2122,17683.333,True,130.000,164.000,0.000,148.000,98.000,0.100000,0.366667,-0.924962,70.540,79.534,106.706,4296.0
Victor_9_puntos_intento_10.mp4,2123,17691.667,True,130.000,164.000,0.000,148.000,98.000,0.100000,0.366667,-0.924962,71.072,79.207,105.497,4282.5
Victor_9_puntos_intento_10.mp4,2124,17700.000,True,130.000,164.000,0.000,148.000,98.000,0.100000,0.366667,-0.924962,71.299,79.133,105.281,4290.0
Victor_9_puntos_intento_10.mp4,2125,17708.333,True,130.000,164.000,0.000,148.000,98.000,0.100000,0.366667,-0.924962,71.646,79.093,104.086,4266.5
Victor_9_puntos_intento_10.mp4,2126,17716.667,True,130.000,164.000,0.000,148.000,98.000,0.100000,0.366667,-0.924962,70.333,79.808,105.986,4278.0
Victor_9_puntos_intento_10.mp4,2127,17725.000,True,130.000,164.000,0.000,148.000,98.000,0.100000,0.366667,-0.924962,70.781,79.347,105.645,4290.0
Victor_9_puntos_intento_10.mp4,2128,17733.333,True,130.000,164.000,0.000,148.000,98.000,0.100000,0.366667,-0.924962,70.060,79.491,105.746,4276.5
Victor_9_puntos_intento_10.mp4,2129,17741.667,True,130.000,164.000,0.000,148.000,98.000,0.100000,0.366667,-0.924962,69.121,79.225,105.051,4195.5
Victor_9_puntos_intento_10.mp4,2130,17750.000,True,130.000,164.000,0.000,148.000,98.000,0.100000,0.366667,-0.924962,70.923,78.678,107.210,4252.0
Victor_9_puntos_intento_10.mp4,2131,17758.333,True,130.000,164.000,0.000,148.000,98.000,0.100000,0.366667,-0.924962,70.135,78.482,105.952,4221.5
Victor_9_puntos_intento_10.mp4,2132,17766.667,True,130.000,164.000,0.000,147.000,98.000,0.094444,0.366667,-0.925546,70.840,78.540,103.479,4237.5
Victor_9_puntos_intento_10.mp4,2133,17775.000,True,130.000,164.000,0.000,148.000,98.000,0.100000,0.366667,-0.924962,70.626,78.398,104.354,4233.0
Victor_9_puntos_intento_10.mp4,2134,17783.333,True,130.000,164.000,0.000,148.000,98.000,0.100000,0.366667,-0.924962,70.471,78.051,103.527,4196.0
Victor_9_puntos_intento_10.mp4,2135,17791.667,True,130.000,164.000,0.000,148.000,98.000,0.100000,0.366667,-0.924962,69.920,78.088,107.300,4175.0
Victor_9_puntos_intento_10.mp4,2136,17800.000,True,130.000,164.000,0.000,147.000,98.000,0.094444,0.366667,-0.925546,70.336,77.527,105.609,4177.5
Victor_9_puntos_intento_10.mp4,2137,17808.333,True,130.000,164.000,0.000,147.000,99.000,0.094444,0.361111,-0.927728,70.618,77.705,102.525,4146.0
Victor_9_puntos_intento_10.mp4,2138,17816.667,True,130.000,164.000,0.000,147.000,98.000,0.094444,0.366667,-0.925546,70.009,77.844,103.706,4162.0
Victor_9_puntos_intento_10.mp4,2139,17825.000,True,130.000,164.000,0.000,144.000,100.000,0.077778,0.355556,-0.931413,69.558,77.636,97.059,4176.0
Victor_9_puntos_intento_10.mp4,2140,17833.333,True,130.000,164.000,0.000,143.000,100.000,0.072222,0.355556,-0.931861,69.143,78.403,99.007,4171.0
Victor_9_puntos_intento_10.mp4,2141,17841.667,True,130.000,164.000,0.000,144.000,99.000,0.077778,0.361111,-0.929274,69.225,77.683,100.604,4140.5
Victor_9_puntos_intento_10.mp4,2142,17850.000,True,130.000,164.000,0.000,144.000,99.000,0.077778,0.361111,-0.929274,69.073,77.918,101.641,4159.5
Victor_9_puntos_intento_10.mp4,2143,17858.333,True,130.000,164.000,0.000,144.000,99.000,0.077778,0.361111,-0.929274,68.397,78.293,101.334,4122.0
Victor_9_puntos_intento_10.mp4,2144,17866.667,True,130.000,164.000,0.000,144.000,99.000,0.077778,0.361111,-0.929274,69.488,77.549,99.763,4156.5
Victor_9_puntos_intento_10.mp4,2145,17875.000,True,130.000,164.000,0.000,145.000,100.000,0.083333,0.355556,-0.930933,69.504,77.257,100.531,4140.5
Victor_9_puntos_intento_10.mp4,2146,17883.333,True,130.000,164.000,0.000,145.000,100.000,0.083333,0.355556,-0.930933,69.956,77.142,100.586,4134.5
Victor_9_puntos_intento_10.mp4,2147,17891.667,True,130.000,164.000,0.000,145.000,100.000,0.083333,0.355556,-0.930933,69.759,77.337,100.893,4135.0
Victor_9_puntos_intento_10.mp4,2148,17900.000,True,130.000,164.000,0.000,145.000,100.000,0.083333,0.355556,-0.930933,69.548,77.470,100.834,4139.5
Victor_9_puntos_intento_10.mp4,2149,17908.333,True,130.000,164.000,0.000,146.000,100.000,0.088889,0.355556,-0.930419,69.545,77.338,102.051,4105.5
Victor_9_puntos_intento_10.mp4,2150,17916.667,True,130.000,164.000,0.000,146.000,100.000,0.088889,0.355556,-0.930419,70.001,77.651,102.421,4145.0
Victor_9_puntos_intento_10.mp4,2151,17925.000,True,130.000,164.000,0.000,146.000,100.000,0.088889,0.355556,-0.930419,69.823,77.457,100.951,4135.5
Victor_9_puntos_intento_10.mp4,2152,17933.333,True,130.000,164.000,0.000,146.000,99.000,0.088889,0.361111,-0.928277,69.910,77.617,104.425,4133.5
Victor_9_puntos_intento_10.mp4,2153,17941.667,True,130.000,164.000,0.000,146.000,100.000,0.088889,0.355556,-0.930419,70.041,77.193,100.763,4136.5
Victor_9_puntos_intento_10.mp4,2154,17950.000,True,130.000,164.000,0.000,146.000,100.000,0.088889,0.355556,-0.930419,69.479,77.905,100.495,4122.5
Victor_9_puntos_intento_10.mp4,2155,17958.333,True,130.000,164.000,0.000,146.000,100.000,0.088889,0.355556,-0.930419,69.094,77.144,102.312,4090.5
Victor_9_puntos_intento_10.mp4,2156,17966.667,True,130.000,164.000,0.000,146.000,100.000,0.088889,0.355556,-0.930419,69.287,77.695,101.405,4135.5
Victor_9_puntos_intento_10.mp4,2157,17975.000,True,130.000,164.000,0.000,145.000,100.000,0.083333,0.355556,-0.930933,68.862,77.497,102.970,4115.0
Victor_9_puntos_intento_10.mp4,2158,17983.333,True,130.000,164.000,0.000,145.000,100.000,0.083333,0.355556,-0.930933,68.757,77.439,101.196,4123.0
Victor_9_puntos_intento_10.mp4,2159,17991.667,True,130.000,164.000,0.000,145.000,100.000,0.083333,0.355556,-0.930933,69.574,77.375,101.901,4135.0
Victor_9_puntos_intento_10.mp4,2160,18000.000,True,130.000,164.000,0.000,144.000,100.000,0.077778,0.355556,-0.931413,69.195,77.496,98.036,4150.0
Victor_9_puntos_intento_10.mp4,2161,18008.333,True,130.000,164.000,0.000,143.000,100.000,0.072222,0.355556,-0.931861,69.231,77.854,99.721,4134.0
Victor_9_puntos_intento_10.mp4,2162,18016.667,True,130.000,164.000,0.000,143.000,100.000,0.072222,0.355556,-0.931861,68.840,77.985,99.701,4150.0
Victor_9_puntos_intento_10.mp4,2163,18025.000,True,130.000,164.000,0.000,143.000,100.000,0.072222,0.355556,-0.931861,68.806,78.038,100.392,4136.5
Victor_9_puntos_intento_10.mp4,2164,18033.333,True,130.000,164.000,0.000,143.000,100.000,0.072222,0.355556,-0.931861,69.853,77.660,100.370,4166.0
Victor_9_puntos_intento_10.mp4,2165,18041.667,True,130.000,164.000,0.000,143.000,100.000,0.072222,0.355556,-0.931861,69.270,78.033,101.400,4179.5
Victor_9_puntos_intento_10.mp4,2166,18050.000,True,130.000,164.000,0.000,143.000,100.000,0.072222,0.355556,-0.931861,69.935,78.051,97.874,4207.5
Victor_9_puntos_intento_10.mp4,2167,18058.333,True,130.000,164.000,0.000,143.000,100.000,0.072222,0.355556,-0.931861,69.047,78.139,100.157,4171.0
Victor_9_puntos_intento_10.mp4,2168,18066.667,True,130.000,164.000,0.000,144.000,100.000,0.077778,0.355556,-0.931413,69.395,78.098,99.883,4186.0
Victor_9_puntos_intento_10.mp4,2169,18075.000,True,130.000,164.000,0.000,144.000,100.000,0.077778,0.355556,-0.931413,69.091,78.796,100.305,4178.0
Victor_9_puntos_intento_10.mp4,2170,18083.333,True,130.000,164.000,0.000,144.000,100.000,0.077778,0.355556,-0.931413,69.657,78.283,100.643,4192.0
Victor_9_puntos_intento_10.mp4,2171,18091.667,True,130.000,165.000,0.000,144.000,99.000,0.077778,0.366667,-0.927096,70.628,77.842,102.417,4188.5
Victor_9_puntos_intento_10.mp4,2172,18100.000,True,130.000,165.000,0.000,145.000,100.000,0.083333,0.361111,-0.928792,69.407,78.436,99.379,4196.0
Victor_9_puntos_intento_10.mp4,2173,18108.333,True,130.000,165.000,0.000,145.000,100.000,0.083333,0.361111,-0.928792,69.916,77.855,103.800,4171.0
Victor_9_puntos_intento_10.mp4,2174,18116.667,True,130.000,165.000,0.000,145.000,99.000,0.083333,0.366667,-0.926613,70.341,78.080,101.938,4206.0
Victor_9_puntos_intento_10.mp4,2175,18125.000,True,130.000,165.000,0.000,145.000,100.000,0.083333,0.361111,-0.928792,70.082,78.523,102.650,4190.0
Victor_9_puntos_intento_10.mp4,2176,18133.333,True,130.000,165.000,0.000,145.000,100.000,0.083333,0.361111,-0.928792,70.166,78.442,102.918,4218.5
Victor_9_puntos_intento_10.mp4,2177,18141.667,True,130.000,165.000,0.000,145.000,100.000,0.083333,0.361111,-0.928792,70.769,78.427,105.265,4222.5
Victor_9_puntos_intento_10.mp4,2178,18150.000,True,130.000,165.000,0.000,145.000,100.000,0.083333,0.361111,-0.928792,70.542,78.764,105.392,4247.5
Victor_9_puntos_intento_10.mp4,2179,18158.333,True,130.000,165.000,0.000,145.000,100.000,0.083333,0.361111,-0.928792,70.487,78.678,103.138,4254.5
Victor_9_puntos_intento_10.mp4,2180,18166.667,True,130.000,165.000,0.000,145.000,100.000,0.083333,0.361111,-0.928792,70.018,79.390,101.048,4250.5
Victor_9_puntos_intento_10.mp4,2181,18175.000,True,130.000,165.000,0.000,145.000,100.000,0.083333,0.361111,-0.928792,69.975,78.730,98.731,4246.0
Victor_9_puntos_intento_10.mp4,2182,18183.333,True,130.000,165.000,0.000,145.000,100.000,0.083333,0.361111,-0.928792,71.111,79.110,98.419,4293.5
Victor_9_puntos_intento_10.mp4,2183,18191.667,True,130.000,165.000,0.000,145.000,100.000,0.083333,0.361111,-0.928792,70.728,79.088,99.513,4293.0
Victor_9_puntos_intento_10.mp4,2184,18200.000,True,130.000,165.000,0.000,145.000,100.000,0.083333,0.361111,-0.928792,71.116,79.553,100.566,4338.5
Victor_9_puntos_intento_10.mp4,2185,18208.333,True,130.000,165.000,0.000,145.000,100.000,0.083333,0.361111,-0.928792,71.820,78.691,99.550,4288.0
Victor_9_puntos_intento_10.mp4,2186,18216.667,True,130.000,165.000,0.000,145.000,100.000,0.083333,0.361111,-0.928792,71.385,78.972,99.225,4343.0
Victor_9_puntos_intento_10.mp4,2187,18225.000,True,130.000,165.000,0.000,145.000,100.000,0.083333,0.361111,-0.928792,71.057,78.664,99.599,4295.5
Victor_9_puntos_intento_10.mp4,2188,18233.333,True,130.000,165.000,0.000,145.000,100.000,0.083333,0.361111,-0.928792,71.489,78.783,98.665,4303.5
Victor_9_puntos_intento_10.mp4,2189,18241.667,True,130.000,165.000,0.000,145.000,100.000,0.083333,0.361111,-0.928792,71.223,79.015,104.252,4320.5
Victor_9_puntos_intento_10.mp4,2190,18250.000,True,130.000,165.000,0.000,145.000,100.000,0.083333,0.361111,-0.928792,71.164,79.850,101.627,4350.0
Victor_9_puntos_intento_10.mp4,2191,18258.333,True,130.000,165.000,0.000,145.000,100.000,0.083333,0.361111,-0.928792,71.124,79.589,101.128,4339.0
Victor_9_puntos_intento_10.mp4,2192,18266.667,True,130.000,165.000,0.000,145.000,100.000,0.083333,0.361111,-0.928792,71.583,79.980,102.718,4380.0
Victor_9_puntos_intento_10.mp4,2193,18275.000,True,130.000,165.000,0.000,145.000,100.000,0.083333,0.361111,-0.928792,71.526,79.488,100.663,4366.5
Victor_9_puntos_intento_10.mp4,2194,18283.333,True,130.000,165.000,0.000,145.000,100.000,0.083333,0.361111,-0.928792,71.836,79.824,104.668,4387.0
Victor_9_puntos_intento_10.mp4,2195,18291.667,True,130.000,165.000,0.000,145.000,100.000,0.083333,0.361111,-0.928792,72.357,79.457,101.969,4378.0
Victor_9_puntos_intento_10.mp4,2196,18300.000,True,130.000,165.000,0.000,145.000,100.000,0.083333,0.361111,-0.928792,71.351,80.069,103.588,4389.5
Victor_9_puntos_intento_10.mp4,2197,18308.333,True,130.000,165.000,0.000,145.000,100.000,0.083333,0.361111,-0.928792,71.674,80.357,100.262,4390.0
Victor_9_puntos_intento_10.mp4,2198,18316.667,True,130.000,165.000,0.000,145.000,100.000,0.083333,0.361111,-0.928792,71.991,80.141,97.561,4422.0
Victor_9_puntos_intento_10.mp4,2199,18325.000,True,130.000,165.000,0.000,145.000,100.000,0.083333,0.361111,-0.928792,72.516,79.975,102.071,4428.0
Victor_9_puntos_intento_10.mp4,2200,18333.333,True,130.000,165.000,0.000,145.000,100.000,0.083333,0.361111,-0.928792,71.794,80.413,103.694,4421.5
Victor_9_puntos_intento_10.mp4,2201,18341.667,True,130.000,165.000,0.000,146.000,100.000,0.088889,0.361111,-0.928277,71.969,81.334,104.980,4437.0
Victor_9_puntos_intento_10.mp4,2202,18350.000,True,130.000,165.000,0.000,145.000,100.000,0.083333,0.361111,-0.928792,72.564,80.678,105.080,4456.5
Victor_9_puntos_intento_10.mp4,2203,18358.333,True,130.000,165.000,0.000,146.000,100.000,0.088889,0.361111,-0.928277,72.396,80.890,102.938,4468.0
Victor_9_puntos_intento_10.mp4,2204,18366.667,True,130.000,165.000,0.000,145.000,100.000,0.083333,0.361111,-0.928792,71.888,81.235,105.371,4464.5
Victor_9_puntos_intento_10.mp4,2205,18375.000,True,130.000,165.000,0.000,145.000,100.000,0.083333,0.361111,-0.928792,72.182,81.120,103.410,4463.0
Victor_9_puntos_intento_10.mp4,2206,18383.333,True,130.000,165.000,0.000,145.000,100.000,0.083333,0.361111,-0.928792,72.486,80.944,102.880,4479.0
Victor_9_puntos_intento_10.mp4,2207,18391.667,True,130.000,165.000,0.000,146.000,100.000,0.088889,0.361111,-0.928277,72.391,80.551,103.162,4480.5
Victor_9_puntos_intento_10.mp4,2208,18400.000,True,130.000,165.000,0.000,145.000,100.000,0.083333,0.361111,-0.928792,72.711,81.023,101.907,4505.5
Victor_9_puntos_intento_10.mp4,2209,18408.333,True,130.000,165.000,0.000,146.000,100.000,0.088889,0.361111,-0.928277,71.703,81.641,101.657,4468.0
Victor_9_puntos_intento_10.mp4,2210,18416.667,True,130.000,165.000,0.000,145.000,100.000,0.083333,0.361111,-0.928792,72.423,81.127,102.959,4485.5
Victor_9_puntos_intento_10.mp4,2211,18425.000,True,130.000,165.000,0.000,146.000,100.000,0.088889,0.361111,-0.928277,72.578,81.250,104.380,4489.5
Victor_9_puntos_intento_10.mp4,2212,18433.333,True,130.000,165.000,0.000,146.000,100.000,0.088889,0.361111,-0.928277,72.766,81.272,101.984,4497.5
Victor_9_puntos_intento_10.mp4,2213,18441.667,True,130.000,165.000,0.000,145.000,100.000,0.083333,0.361111,-0.928792,72.708,81.030,103.873,4501.5
Victor_9_puntos_intento_10.mp4,2214,18450.000,True,130.000,165.000,0.000,145.000,100.000,0.083333,0.361111,-0.928792,72.863,81.040,102.886,4531.0
Victor_9_puntos_intento_10.mp4,2215,18458.333,True,130.000,165.000,0.000,145.000,100.000,0.083333,0.361111,-0.928792,72.194,81.750,101.683,4518.0
Victor_9_puntos_intento_10.mp4,2216,18466.667,True,130.000,165.000,0.000,145.000,100.000,0.083333,0.361111,-0.928792,72.632,82.100,102.676,4539.0
Victor_9_puntos_intento_10.mp4,2217,18475.000,True,130.000,165.000,0.000,145.000,100.000,0.083333,0.361111,-0.928792,72.501,81.344,104.192,4523.5
Victor_9_puntos_intento_10.mp4,2218,18483.333,True,130.000,165.000,0.000,145.000,100.000,0.083333,0.361111,-0.928792,72.718,81.005,104.744,4511.5
Victor_9_puntos_intento_10.mp4,2219,18491.667,True,130.000,165.000,0.000,145.000,100.000,0.083333,0.361111,-0.928792,72.819,80.721,102.852,4515.5
Victor_9_puntos_intento_10.mp4,2220,18500.000,True,130.000,165.000,0.000,145.000,100.000,0.083333,0.361111,-0.928792,72.877,81.169,100.487,4525.5
Victor_9_puntos_intento_10.mp4,2221,18508.333,True,130.000,165.000,0.000,145.000,100.000,0.083333,0.361111,-0.928792,72.885,80.960,99.114,4485.0
Victor_9_puntos_intento_10.mp4,2222,18516.667,True,130.000,165.000,0.000,145.000,100.000,0.083333,0.361111,-0.928792,72.850,80.799,100.022,4477.0
Victor_9_puntos_intento_10.mp4,2223,18525.000,True,130.000,165.000,0.000,145.000,100.000,0.083333,0.361111,-0.928792,72.976,81.609,104.526,4516.0
Victor_9_puntos_intento_10.mp4,2224,18533.333,True,130.000,165.000,0.000,145.000,100.000,0.083333,0.361111,-0.928792,72.419,81.605,103.575,4531.0
Victor_9_puntos_intento_10.mp4,2225,18541.667,True,130.000,165.000,0.000,145.000,100.000,0.083333,0.361111,-0.928792,72.370,81.317,103.254,4509.5
Victor_9_puntos_intento_10.mp4,2226,18550.000,True,130.000,165.000,0.000,145.000,100.000,0.083333,0.361111,-0.928792,72.746,80.835,103.215,4509.0
Victor_9_puntos_intento_10.mp4,2227,18558.333,True,130.000,165.000,0.000,145.000,100.000,0.083333,0.361111,-0.928792,72.484,81.734,105.958,4526.5
Victor_9_puntos_intento_10.mp4,2228,18566.667,True,130.000,165.000,0.000,145.000,100.000,0.083333,0.361111,-0.928792,72.770,81.698,103.230,4517.5
Victor_9_puntos_intento_10.mp4,2229,18575.000,True,130.000,165.000,0.000,145.000,100.000,0.083333,0.361111,-0.928792,72.900,81.032,103.151,4510.0
Victor_9_puntos_intento_10.mp4,2230,18583.333,True,130.000,165.000,0.000,145.000,100.000,0.083333,0.361111,-0.928792,72.649,81.138,105.482,4507.0
Victor_9_puntos_intento_10.mp4,2231,18591.667,True,130.000,165.000,0.000,145.000,100.000,0.083333,0.361111,-0.928792,72.840,81.354,102.934,4514.5
Victor_9_puntos_intento_10.mp4,2232,18600.000,True,130.000,165.000,0.000,145.000,100.000,0.083333,0.361111,-0.928792,72.382,81.093,102.977,4506.5
Victor_9_puntos_intento_10.mp4,2233,18608.333,True,130.000,165.000,0.000,145.000,100.000,0.083333,0.361111,-0.928792,72.251,80.800,103.966,4468.0
Victor_9_puntos_intento_10.mp4,2234,18616.667,True,130.000,165.000,0.000,145.000,100.000,0.083333,0.361111,-0.928792,72.096,81.345,105.320,4476.5
Victor_9_puntos_intento_10.mp4,2235,18625.000,True,130.000,165.000,0.000,145.000,100.000,0.083333,0.361111,-0.928792,72.380,81.516,105.573,4519.5
Victor_9_puntos_intento_10.mp4,2236,18633.333,True,130.000,165.000,0.000,145.000,99.000,0.083333,0.366667,-0.926613,72.290,81.147,107.925,4506.5
Victor_9_puntos_intento_10.mp4,2237,18641.667,True,130.000,165.000,0.000,145.000,100.000,0.083333,0.361111,-0.928792,73.201,80.432,102.860,4504.0
Victor_9_puntos_intento_10.mp4,2238,18650.000,True,130.000,165.000,0.000,145.000,100.000,0.083333,0.361111,-0.928792,72.366,81.185,105.405,4493.5
Victor_9_puntos_intento_10.mp4,2239,18658.333,True,130.000,165.000,0.000,145.000,100.000,0.083333,0.361111,-0.928792,72.511,80.747,106.756,4477.0
