video_name,frame_number,timestamp_ms,valid_deteccion,sphere_center_x,sphere_center_y,sphere_center_z,pupil_center_x,pupil_center_y,gaze_x,gaze_y,gaze_z,ellipse_width,ellipse_height,ellipse_angle,contour_area
Arteaga_9_puntos_intento_10.mp4,1,8.333,True,150.000,165.000,0.000,186.000,92.000,0.200000,0.405556,-0.891922,85.944,110.828,136.714,6790.0
Arteaga_9_puntos_intento_10.mp4,2,16.667,True,150.000,165.000,0.000,186.000,92.000,0.200000,0.405556,-0.891922,85.350,111.419,135.175,6782.0
Arteaga_9_puntos_intento_10.mp4,3,25.000,True,150.000,165.000,0.000,184.000,93.000,0.188889,0.400000,-0.896839,86.163,109.567,137.807,6781.5
Arteaga_9_puntos_intento_10.mp4,4,33.333,True,150.000,165.000,0.000,179.000,93.000,0.161111,0.400000,-0.902243,85.338,109.225,134.752,6673.5
Arteaga_9_puntos_intento_10.mp4,5,41.667,True,150.000,165.000,0.000,174.000,94.000,0.133333,0.394444,-0.909195,84.649,106.661,137.773,6469.0
Arteaga_9_puntos_intento_10.mp4,6,50.000,True,150.000,165.000,0.000,171.000,94.000,0.116667,0.394444,-0.911484,82.968,108.455,137.548,6356.0
Arteaga_9_puntos_intento_10.mp4,7,58.333,True,150.000,165.000,0.000,171.000,94.000,0.116667,0.394444,-0.911484,83.486,108.414,135.540,6481.0
Arteaga_9_puntos_intento_10.mp4,8,66.667,True,150.000,165.000,0.000,171.000,94.000,0.116667,0.394444,-0.911484,83.525,109.585,133.347,6558.5
Arteaga_9_puntos_intento_10.mp4,9,75.000,True,150.000,165.000,0.000,171.000,95.000,0.116667,0.388889,-0.913868,84.229,108.320,133.700,6533.5
Arteaga_9_puntos_intento_10.mp4,10,83.333,True,150.000,165.000,0.000,170.000,94.000,0.111111,0.394444,-0.912178,84.335,109.884,133.714,6606.5
Arteaga_9_puntos_intento_10.mp4,11,91.667,True,150.000,165.000,0.000,170.000,94.000,0.111111,0.394444,-0.912178,84.806,110.161,135.638,6572.5
Arteaga_9_puntos_intento_10.mp4,12,100.000,True,150.000,165.000,0.000,171.000,95.000,0.116667,0.388889,-0.913868,84.930,108.417,138.652,6645.0
Arteaga_9_puntos_intento_10.mp4,13,108.333,True,150.000,165.000,0.000,170.000,95.000,0.111111,0.388889,-0.914560,87.338,112.278,143.685,6788.5
Arteaga_9_puntos_intento_10.mp4,14,116.667,True,150.000,165.000,0.000,170.000,95.000,0.111111,0.388889,-0.914560,87.988,111.148,138.407,6875.0
Arteaga_9_puntos_intento_10.mp4,15,125.000,True,150.000,165.000,0.000,170.000,95.000,0.111111,0.388889,-0.914560,88.392,110.754,141.916,6847.5
Arteaga_9_puntos_intento_10.mp4,16,133.333,True,150.000,165.000,0.000,170.000,95.000,0.111111,0.388889,-0.914560,88.058,109.311,140.000,6708.0
Arteaga_9_puntos_intento_10.mp4,17,141.667,True,150.000,165.000,0.000,171.000,95.000,0.116667,0.388889,-0.913868,86.920,108.539,141.716,6645.0
Arteaga_9_puntos_intento_10.mp4,18,150.000,True,150.000,165.000,0.000,171.000,95.000,0.116667,0.388889,-0.913868,87.943,108.273,142.834,6673.5
Arteaga_9_puntos_intento_10.mp4,19,158.333,True,150.000,165.000,0.000,170.000,95.000,0.111111,0.388889,-0.914560,89.023,107.712,138.801,6738.5
Arteaga_9_puntos_intento_10.mp4,20,166.667,True,150.000,165.000,0.000,170.000,95.000,0.111111,0.388889,-0.914560,88.964,106.775,139.230,6731.5
Arteaga_9_puntos_intento_10.mp4,21,175.000,True,150.000,165.000,0.000,171.000,94.000,0.116667,0.394444,-0.911484,87.482,108.747,140.874,6755.0
Arteaga_9_puntos_intento_10.mp4,22,183.333,True,150.000,165.000,0.000,170.000,94.000,0.111111,0.394444,-0.912178,88.756,109.095,141.909,6736.5
Arteaga_9_puntos_intento_10.mp4,23,191.667,True,150.000,165.000,0.000,170.000,95.000,0.111111,0.388889,-0.914560,90.221,108.180,143.296,6683.5
Arteaga_9_puntos_intento_10.mp4,24,200.000,True,150.000,165.000,0.000,170.000,94.000,0.111111,0.394444,-0.912178,88.795,110.340,141.443,6764.0
Arteaga_9_puntos_intento_10.mp4,25,208.333,True,150.000,165.000,0.000,170.000,95.000,0.111111,0.388889,-0.914560,90.168,108.428,143.197,6815.0
Arteaga_9_puntos_intento_10.mp4,26,216.667,True,150.000,165.000,0.000,171.000,96.000,0.116667,0.383333,-0.916212,90.480,108.190,146.051,6797.5
Arteaga_9_puntos_intento_10.mp4,27,225.000,True,150.000,165.000,0.000,170.000,95.000,0.111111,0.388889,-0.914560,90.890,109.867,144.063,6854.0
Arteaga_9_puntos_intento_10.mp4,28,233.333,True,150.000,165.000,0.000,171.000,95.000,0.116667,0.388889,-0.913868,90.227,109.844,142.984,6946.0
Arteaga_9_puntos_intento_10.mp4,29,241.667,True,150.000,165.000,0.000,171.000,96.000,0.116667,0.383333,-0.916212,91.725,109.026,141.431,6912.5
Arteaga_9_puntos_intento_10.mp4,30,250.000,True,150.000,165.000,0.000,171.000,96.000,0.116667,0.383333,-0.916212,90.876,109.076,149.921,6927.0
Arteaga_9_puntos_intento_10.mp4,31,258.333,True,150.000,165.000,0.000,172.000,95.000,0.122222,0.388889,-0.913141,90.553,110.731,148.041,7026.0
Arteaga_9_puntos_intento_10.mp4,32,266.667,True,150.000,165.000,0.000,171.000,96.000,0.116667,0.383333,-0.916212,91.633,110.590,146.235,7007.5
Arteaga_9_puntos_intento_10.mp4,33,275.000,True,150.000,165.000,0.000,171.000,95.000,0.116667,0.388889,-0.913868,90.672,110.037,145.313,6995.0
Arteaga_9_puntos_intento_10.mp4,34,283.333,True,150.000,165.000,0.000,172.000,95.000,0.122222,0.388889,-0.913141,90.492,109.702,146.256,7023.0
Arteaga_9_puntos_intento_10.mp4,35,291.667,True,150.000,165.000,0.000,172.000,95.000,0.122222,0.388889,-0.913141,90.577,110.360,146.139,7020.0
Arteaga_9_puntos_intento_10.mp4,36,300.000,True,150.000,165.000,0.000,172.000,96.000,0.122222,0.383333,-0.915487,90.521,109.584,146.656,7031.5
Arteaga_9_puntos_intento_10.mp4,37,308.333,True,150.000,165.000,0.000,172.000,95.000,0.122222,0.388889,-0.913141,90.100,110.986,146.307,7045.5
Arteaga_9_puntos_intento_10.mp4,38,316.667,True,150.000,165.000,0.000,173.000,95.000,0.127778,0.388889,-0.912381,89.145,111.281,145.683,7076.0
Arteaga_9_puntos_intento_10.mp4,39,325.000,True,150.000,165.000,0.000,171.000,95.000,0.116667,0.388889,-0.913868,92.086,109.965,140.042,7093.0
Arteaga_9_puntos_intento_10.mp4,40,333.333,True,150.000,165.000,0.000,172.000,95.000,0.122222,0.388889,-0.913141,90.947,109.724,140.970,7149.5
Arteaga_9_puntos_intento_10.mp4,41,341.667,True,150.000,165.000,0.000,172.000,94.000,0.122222,0.394444,-0.910755,91.247,110.664,138.155,7150.0
Arteaga_9_puntos_intento_10.mp4,42,350.000,True,150.000,165.000,0.000,172.000,95.000,0.122222,0.388889,-0.913141,91.747,110.247,140.492,7151.5
Arteaga_9_puntos_intento_10.mp4,43,358.333,True,150.000,165.000,0.000,172.000,95.000,0.122222,0.388889,-0.913141,92.207,110.247,141.804,7118.0
Arteaga_9_puntos_intento_10.mp4,44,366.667,True,150.000,165.000,0.000,172.000,95.000,0.122222,0.388889,-0.913141,92.227,110.592,143.504,7136.0
Arteaga_9_puntos_intento_10.mp4,45,375.000,True,150.000,165.000,0.000,173.000,94.000,0.127778,0.394444,-0.909993,90.772,109.357,141.149,7131.5
Arteaga_9_puntos_intento_10.mp4,46,383.333,True,150.000,165.000,0.000,172.000,94.000,0.122222,0.394444,-0.910755,91.739,110.064,140.635,7149.0
Arteaga_9_puntos_intento_10.mp4,47,391.667,True,150.000,165.000,0.000,173.000,94.000,0.127778,0.394444,-0.909993,90.755,110.310,145.115,7071.0
Arteaga_9_puntos_intento_10.mp4,48,400.000,True,150.000,165.000,0.000,174.000,94.000,0.133333,0.394444,-0.909195,90.444,110.842,141.133,7091.0
Arteaga_9_puntos_intento_10.mp4,49,408.333,True,150.000,165.000,0.000,179.000,90.000,0.161111,0.416667,-0.894669,87.150,112.272,139.976,7001.5
Arteaga_9_puntos_intento_10.mp4,50,416.667,True,150.000,165.000,0.000,185.000,85.000,0.194444,0.444444,-0.874449,84.135,112.861,133.878,6728.5
Arteaga_9_puntos_intento_10.mp4,51,425.000,True,150.000,165.000,0.000,193.000,80.000,0.238889,0.472222,-0.848492,79.616,110.630,131.314,6271.0
Arteaga_9_puntos_intento_10.mp4,52,433.333,True,150.000,165.000,0.000,200.000,75.000,0.277778,0.500000,-0.820268,72.741,109.804,130.986,5504.0
Arteaga_9_puntos_intento_10.mp4,53,441.667,True,150.000,165.000,0.000,205.000,73.000,0.305556,0.511111,-0.803369,69.106,108.619,129.905,5137.5
Arteaga_9_puntos_intento_10.mp4,54,450.000,True,150.000,165.000,0.000,208.000,73.000,0.322222,0.511111,-0.796830,69.572,106.935,125.872,5106.0
Arteaga_9_puntos_intento_10.mp4,55,458.333,True,150.000,165.000,0.000,208.000,73.000,0.322222,0.511111,-0.796830,71.477,107.656,128.683,5325.0
Arteaga_9_puntos_intento_10.mp4,56,466.667,True,150.000,165.000,0.000,208.000,72.000,0.322222,0.516667,-0.793239,71.441,107.367,128.628,5297.0
Arteaga_9_puntos_intento_10.mp4,57,475.000,True,150.000,165.000,0.000,207.000,72.000,0.316667,0.516667,-0.795473,70.484,109.105,127.417,5214.5
Arteaga_9_puntos_intento_10.mp4,58,483.333,True,150.000,165.000,0.000,207.000,72.000,0.316667,0.516667,-0.795473,70.775,108.361,126.843,5183.0
Arteaga_9_puntos_intento_10.mp4,59,491.667,True,150.000,165.000,0.000,207.000,72.000,0.316667,0.516667,-0.795473,69.609,108.895,128.041,5180.5
Arteaga_9_puntos_intento_10.mp4,60,500.000,True,150.000,165.000,0.000,207.000,72.000,0.316667,0.516667,-0.795473,70.465,108.987,127.981,5186.5
Arteaga_9_puntos_intento_10.mp4,61,508.333,True,150.000,165.000,0.000,208.000,73.000,0.322222,0.511111,-0.796830,70.186,104.080,128.761,5039.0
Arteaga_9_puntos_intento_10.mp4,62,516.667,True,150.000,165.000,0.000,208.000,72.000,0.322222,0.516667,-0.793239,70.268,106.046,128.735,5145.0
Arteaga_9_puntos_intento_10.mp4,63,525.000,True,150.000,165.000,0.000,207.000,71.000,0.316667,0.522222,-0.791837,70.315,107.225,128.399,5105.5
Arteaga_9_puntos_intento_10.mp4,64,533.333,True,150.000,165.000,0.000,206.000,71.000,0.311111,0.522222,-0.794036,70.392,107.494,127.049,5032.5
Arteaga_9_puntos_intento_10.mp4,65,541.667,True,150.000,165.000,0.000,207.000,72.000,0.316667,0.516667,-0.795473,69.409,106.651,128.835,5066.0
Arteaga_9_puntos_intento_10.mp4,66,550.000,True,150.000,165.000,0.000,207.000,72.000,0.316667,0.516667,-0.795473,69.971,105.983,128.928,5057.5
Arteaga_9_puntos_intento_10.mp4,67,558.333,True,150.000,165.000,0.000,207.000,71.000,0.316667,0.522222,-0.791837,70.669,108.872,128.968,5298.5
Arteaga_9_puntos_intento_10.mp4,68,566.667,True,150.000,165.000,0.000,208.000,71.000,0.322222,0.522222,-0.789593,70.555,107.124,127.873,5199.5
Arteaga_9_puntos_intento_10.mp4,69,575.000,True,150.000,165.000,0.000,211.000,70.000,0.338889,0.527778,-0.778848,68.578,106.024,128.778,5069.5
Arteaga_9_puntos_intento_10.mp4,70,583.333,True,150.000,165.000,0.000,212.000,70.000,0.344444,0.527778,-0.776408,67.613,107.084,128.973,4998.5
Arteaga_9_puntos_intento_10.mp4,71,591.667,True,150.000,165.000,0.000,212.000,71.000,0.344444,0.522222,-0.780155,67.297,105.381,129.793,4923.5
Arteaga_9_puntos_intento_10.mp4,72,600.000,True,150.000,165.000,0.000,211.000,70.000,0.338889,0.527778,-0.778848,67.518,106.880,128.249,4989.5
Arteaga_9_puntos_intento_10.mp4,73,608.333,True,150.000,165.000,0.000,212.000,71.000,0.344444,0.522222,-0.780155,67.379,105.665,130.977,4916.0
Arteaga_9_puntos_intento_10.mp4,74,616.667,True,150.000,165.000,0.000,212.000,71.000,0.344444,0.522222,-0.780155,67.543,105.412,129.875,4938.5
Arteaga_9_puntos_intento_10.mp4,75,625.000,True,150.000,165.000,0.000,211.000,70.000,0.338889,0.527778,-0.778848,67.948,106.530,129.307,4938.0
Arteaga_9_puntos_intento_10.mp4,76,633.333,True,150.000,165.000,0.000,212.000,71.000,0.344444,0.522222,-0.780155,67.044,105.781,132.613,4950.0
Arteaga_9_puntos_intento_10.mp4,77,641.667,True,150.000,165.000,0.000,211.000,71.000,0.338889,0.522222,-0.782584,67.543,105.277,130.632,4941.5
Arteaga_9_puntos_intento_10.mp4,78,650.000,True,150.000,165.000,0.000,211.000,71.000,0.338889,0.522222,-0.782584,68.246,105.032,129.856,4996.5
Arteaga_9_puntos_intento_10.mp4,79,658.333,True,150.000,165.000,0.000,211.000,71.000,0.338889,0.522222,-0.782584,67.194,106.998,129.869,4945.5
Arteaga_9_puntos_intento_10.mp4,80,666.667,True,150.000,165.000,0.000,211.000,71.000,0.338889,0.522222,-0.782584,67.810,106.310,129.855,4952.0
Arteaga_9_puntos_intento_10.mp4,81,675.000,True,150.000,165.000,0.000,211.000,71.000,0.338889,0.522222,-0.782584,67.439,106.304,131.634,4987.5
Arteaga_9_puntos_intento_10.mp4,82,683.333,True,150.000,165.000,0.000,211.000,71.000,0.338889,0.522222,-0.782584,68.181,103.950,128.680,4884.5
Arteaga_9_puntos_intento_10.mp4,83,691.667,True,150.000,165.000,0.000,211.000,71.000,0.338889,0.522222,-0.782584,67.355,105.854,130.096,4893.5
Arteaga_9_puntos_intento_10.mp4,84,700.000,True,150.000,165.000,0.000,211.000,71.000,0.338889,0.522222,-0.782584,68.144,104.518,129.689,4908.5
Arteaga_9_puntos_intento_10.mp4,85,708.333,True,150.000,165.000,0.000,210.000,70.000,0.333333,0.527778,-0.781242,66.882,105.062,126.809,4669.5
Arteaga_9_puntos_intento_10.mp4,86,716.667,True,150.000,165.000,0.000,210.000,70.000,0.333333,0.527778,-0.781242,66.803,104.532,129.813,4690.5
Arteaga_9_puntos_intento_10.mp4,87,725.000,True,150.000,165.000,0.000,210.000,71.000,0.333333,0.522222,-0.784967,66.716,105.001,128.489,4687.0
Arteaga_9_puntos_intento_10.mp4,88,733.333,True,150.000,165.000,0.000,210.000,70.000,0.333333,0.527778,-0.781242,66.499,105.177,130.030,4680.5
Arteaga_9_puntos_intento_10.mp4,89,741.667,True,150.000,165.000,0.000,210.000,70.000,0.333333,0.527778,-0.781242,66.202,104.972,129.723,4591.5
Arteaga_9_puntos_intento_10.mp4,90,750.000,True,150.000,165.000,0.000,211.000,71.000,0.338889,0.522222,-0.782584,65.929,104.664,130.543,4654.5
Arteaga_9_puntos_intento_10.mp4,91,758.333,True,150.000,165.000,0.000,210.000,70.000,0.333333,0.527778,-0.781242,66.714,106.141,129.657,4820.0
Arteaga_9_puntos_intento_10.mp4,92,766.667,True,150.000,165.000,0.000,211.000,70.000,0.338889,0.527778,-0.778848,66.889,104.372,130.066,4823.5
Arteaga_9_puntos_intento_10.mp4,93,775.000,True,150.000,165.000,0.000,210.000,70.000,0.333333,0.527778,-0.781242,66.417,105.653,129.598,4767.5
Arteaga_9_puntos_intento_10.mp4,94,783.333,True,150.000,165.000,0.000,210.000,70.000,0.333333,0.527778,-0.781242,66.902,106.057,129.473,4807.5
Arteaga_9_puntos_intento_10.mp4,95,791.667,True,150.000,165.000,0.000,211.000,70.000,0.338889,0.527778,-0.778848,66.217,104.800,131.328,4772.0
Arteaga_9_puntos_intento_10.mp4,96,800.000,True,150.000,165.000,0.000,210.000,70.000,0.333333,0.527778,-0.781242,66.951,105.414,129.325,4844.0
Arteaga_9_puntos_intento_10.mp4,97,808.333,True,150.000,165.000,0.000,210.000,70.000,0.333333,0.527778,-0.781242,65.356,104.582,129.517,4560.0
Arteaga_9_puntos_intento_10.mp4,98,816.667,True,150.000,165.000,0.000,210.000,70.000,0.333333,0.527778,-0.781242,65.349,105.268,129.264,4595.0
Arteaga_9_puntos_intento_10.mp4,99,825.000,True,150.000,165.000,0.000,212.000,71.000,0.344444,0.522222,-0.780155,65.637,102.183,129.751,4542.5
Arteaga_9_puntos_intento_10.mp4,100,833.333,True,150.000,165.000,0.000,210.000,70.000,0.333333,0.527778,-0.781242,65.510,101.646,129.645,4524.5
Arteaga_9_puntos_intento_10.mp4,101,841.667,True,150.000,165.000,0.000,210.000,70.000,0.333333,0.527778,-0.781242,65.192,104.194,130.098,4578.0
Arteaga_9_puntos_intento_10.mp4,102,850.000,True,150.000,165.000,0.000,211.000,70.000,0.338889,0.527778,-0.778848,64.440,103.038,131.532,4542.5
Arteaga_9_puntos_intento_10.mp4,103,858.333,True,150.000,165.000,0.000,210.000,70.000,0.333333,0.527778,-0.781242,65.232,102.573,129.465,4537.5
Arteaga_9_puntos_intento_10.mp4,104,866.667,True,150.000,165.000,0.000,210.000,71.000,0.333333,0.522222,-0.784967,65.453,103.597,128.357,4510.5
Arteaga_9_puntos_intento_10.mp4,105,875.000,True,150.000,165.000,0.000,210.000,70.000,0.333333,0.527778,-0.781242,63.762,103.653,129.531,4476.0
Arteaga_9_puntos_intento_10.mp4,106,883.333,True,150.000,165.000,0.000,209.000,69.000,0.327778,0.533333,-0.779819,64.762,105.005,128.019,4516.5
Arteaga_9_puntos_intento_10.mp4,107,891.667,True,150.000,165.000,0.000,210.000,70.000,0.333333,0.527778,-0.781242,64.887,103.571,128.321,4491.5
Arteaga_9_puntos_intento_10.mp4,108,900.000,True,150.000,165.000,0.000,209.000,69.000,0.327778,0.533333,-0.779819,63.650,105.434,128.899,4465.0
Arteaga_9_puntos_intento_10.mp4,109,908.333,True,150.000,165.000,0.000,211.000,71.000,0.338889,0.522222,-0.782584,65.509,100.479,128.045,4453.5
Arteaga_9_puntos_intento_10.mp4,110,916.667,True,150.000,165.000,0.000,210.000,70.000,0.333333,0.527778,-0.781242,64.766,102.764,130.443,4448.5
Arteaga_9_puntos_intento_10.mp4,111,925.000,True,150.000,165.000,0.000,210.000,70.000,0.333333,0.527778,-0.781242,64.322,102.134,128.560,4430.0
Arteaga_9_puntos_intento_10.mp4,112,933.333,True,150.000,165.000,0.000,210.000,69.000,0.333333,0.533333,-0.777460,63.956,104.434,129.463,4475.0
Arteaga_9_puntos_intento_10.mp4,113,941.667,True,150.000,165.000,0.000,210.000,70.000,0.333333,0.527778,-0.781242,64.691,102.294,127.388,4515.0
Arteaga_9_puntos_intento_10.mp4,114,950.000,True,150.000,165.000,0.000,210.000,69.000,0.333333,0.533333,-0.777460,64.617,103.147,128.293,4532.5
Arteaga_9_puntos_intento_10.mp4,115,958.333,True,150.000,165.000,0.000,211.000,70.000,0.338889,0.527778,-0.778848,65.019,100.895,129.040,4497.0
Arteaga_9_puntos_intento_10.mp4,116,966.667,True,150.000,165.000,0.000,210.000,69.000,0.333333,0.533333,-0.777460,64.805,101.175,126.331,4461.5
Arteaga_9_puntos_intento_10.mp4,117,975.000,True,150.000,165.000,0.000,210.000,69.000,0.333333,0.533333,-0.777460,64.566,99.992,126.678,4396.5
Arteaga_9_puntos_intento_10.mp4,118,983.333,True,150.000,165.000,0.000,211.000,69.000,0.338889,0.533333,-0.775055,65.216,99.867,127.628,4459.5
Arteaga_9_puntos_intento_10.mp4,119,991.667,True,150.000,165.000,0.000,210.000,69.000,0.333333,0.533333,-0.777460,64.733,101.737,127.274,4474.5
Arteaga_9_puntos_intento_10.mp4,120,1000.000,True,150.000,165.000,0.000,210.000,69.000,0.333333,0.533333,-0.777460,64.598,101.852,126.808,4470.5
Arteaga_9_puntos_intento_10.mp4,121,1008.333,True,150.000,165.000,0.000,210.000,68.000,0.333333,0.538889,-0.773620,63.935,102.429,129.735,4439.0
Arteaga_9_puntos_intento_10.mp4,122,1016.667,True,150.000,165.000,0.000,210.000,68.000,0.333333,0.538889,-0.773620,64.482,102.607,127.897,4461.5
Arteaga_9_puntos_intento_10.mp4,123,1025.000,True,150.000,165.000,0.000,210.000,68.000,0.333333,0.538889,-0.773620,64.097,101.976,128.953,4422.5
Arteaga_9_puntos_intento_10.mp4,124,1033.333,True,150.000,165.000,0.000,210.000,68.000,0.333333,0.538889,-0.773620,63.921,101.712,129.549,4423.0
Arteaga_9_puntos_intento_10.mp4,125,1041.667,True,150.000,165.000,0.000,210.000,68.000,0.333333,0.538889,-0.773620,63.225,101.484,129.695,4402.5
Arteaga_9_puntos_intento_10.mp4,126,1050.000,True,150.000,165.000,0.000,211.000,68.000,0.338889,0.538889,-0.771202,63.678,100.981,129.734,4416.5
Arteaga_9_puntos_intento_10.mp4,127,1058.333,True,150.000,165.000,0.000,211.000,68.000,0.338889,0.538889,-0.771202,63.911,100.918,129.184,4434.5
Arteaga_9_puntos_intento_10.mp4,128,1066.667,True,150.000,165.000,0.000,211.000,68.000,0.338889,0.538889,-0.771202,64.580,102.345,127.496,4455.0
Arteaga_9_puntos_intento_10.mp4,129,1075.000,True,150.000,165.000,0.000,211.000,68.000,0.338889,0.538889,-0.771202,64.348,101.778,127.890,4470.0
Arteaga_9_puntos_intento_10.mp4,130,1083.333,True,150.000,165.000,0.000,211.000,68.000,0.338889,0.538889,-0.771202,64.009,101.094,129.307,4451.0
Arteaga_9_puntos_intento_10.mp4,131,1091.667,True,150.000,165.000,0.000,212.000,69.000,0.344444,0.533333,-0.772602,64.090,100.401,128.259,4433.0
Arteaga_9_puntos_intento_10.mp4,132,1100.000,True,150.000,165.000,0.000,211.000,69.000,0.338889,0.533333,-0.775055,65.110,101.253,127.079,4494.0
Arteaga_9_puntos_intento_10.mp4,133,1108.333,True,150.000,165.000,0.000,212.000,70.000,0.344444,0.527778,-0.776408,64.406,102.013,130.293,4525.0
Arteaga_9_puntos_intento_10.mp4,134,1116.667,True,150.000,165.000,0.000,210.000,68.000,0.333333,0.538889,-0.773620,64.372,103.560,127.710,4479.5
Arteaga_9_puntos_intento_10.mp4,135,1125.000,True,150.000,165.000,0.000,212.000,70.000,0.344444,0.527778,-0.776408,64.647,99.440,128.655,4468.0
Arteaga_9_puntos_intento_10.mp4,136,1133.333,True,150.000,165.000,0.000,212.000,70.000,0.344444,0.527778,-0.776408,64.007,102.301,129.274,4475.5
Arteaga_9_puntos_intento_10.mp4,137,1141.667,True,150.000,165.000,0.000,212.000,70.000,0.344444,0.527778,-0.776408,64.507,100.567,128.441,4474.5
Arteaga_9_puntos_intento_10.mp4,138,1150.000,True,150.000,165.000,0.000,212.000,70.000,0.344444,0.527778,-0.776408,63.575,102.451,129.852,4444.5
Arteaga_9_puntos_intento_10.mp4,139,1158.333,True,150.000,165.000,0.000,211.000,69.000,0.338889,0.533333,-0.775055,63.918,103.444,127.675,4418.5
Arteaga_9_puntos_intento_10.mp4,140,1166.667,True,150.000,165.000,0.000,211.000,70.000,0.338889,0.527778,-0.778848,62.992,103.951,129.089,4413.5
Arteaga_9_puntos_intento_10.mp4,141,1175.000,True,150.000,165.000,0.000,212.000,70.000,0.344444,0.527778,-0.776408,63.768,101.505,129.562,4344.0
Arteaga_9_puntos_intento_10.mp4,142,1183.333,True,150.000,165.000,0.000,211.000,69.000,0.338889,0.533333,-0.775055,63.788,103.153,127.567,4329.0
Arteaga_9_puntos_intento_10.mp4,143,1191.667,True,150.000,165.000,0.000,211.000,69.000,0.338889,0.533333,-0.775055,63.533,102.429,127.709,4320.0
Arteaga_9_puntos_intento_10.mp4,144,1200.000,True,150.000,165.000,0.000,210.000,69.000,0.333333,0.533333,-0.777460,64.176,103.922,125.922,4332.0
Arteaga_9_puntos_intento_10.mp4,145,1208.333,True,150.000,165.000,0.000,210.000,69.000,0.333333,0.533333,-0.777460,63.579,104.321,127.341,4395.5
Arteaga_9_puntos_intento_10.mp4,146,1216.667,True,150.000,165.000,0.000,211.000,69.000,0.338889,0.533333,-0.775055,63.892,103.196,127.373,4407.5
Arteaga_9_puntos_intento_10.mp4,147,1225.000,True,150.000,165.000,0.000,211.000,69.000,0.338889,0.533333,-0.775055,64.089,103.502,127.528,4332.5
Arteaga_9_puntos_intento_10.mp4,148,1233.333,True,150.000,165.000,0.000,211.000,69.000,0.338889,0.533333,-0.775055,63.735,103.156,127.133,4379.0
Arteaga_9_puntos_intento_10.mp4,149,1241.667,True,150.000,165.000,0.000,212.000,69.000,0.344444,0.533333,-0.772602,63.639,101.034,127.149,4370.5
Arteaga_9_puntos_intento_10.mp4,150,1250.000,True,150.000,165.000,0.000,212.000,69.000,0.344444,0.533333,-0.772602,63.836,101.473,127.505,4427.0
Arteaga_9_puntos_intento_10.mp4,151,1258.333,True,150.000,165.000,0.000,212.000,69.000,0.344444,0.533333,-0.772602,64.133,100.686,125.775,4390.0
Arteaga_9_puntos_intento_10.mp4,152,1266.667,True,150.000,165.000,0.000,212.000,69.000,0.344444,0.533333,-0.772602,64.406,100.416,126.792,4385.5
Arteaga_9_puntos_intento_10.mp4,153,1275.000,True,150.000,165.000,0.000,211.000,69.000,0.338889,0.533333,-0.775055,64.120,100.706,125.865,4348.0
Arteaga_9_puntos_intento_10.mp4,154,1283.333,True,150.000,165.000,0.000,212.000,69.000,0.344444,0.533333,-0.772602,63.464,100.361,128.241,4338.5
Arteaga_9_puntos_intento_10.mp4,155,1291.667,True,150.000,165.000,0.000,212.000,69.000,0.344444,0.533333,-0.772602,63.906,100.113,126.449,4403.0
Arteaga_9_puntos_intento_10.mp4,156,1300.000,True,150.000,165.000,0.000,211.000,69.000,0.338889,0.533333,-0.775055,63.786,101.751,127.609,4446.5
Arteaga_9_puntos_intento_10.mp4,157,1308.333,True,150.000,165.000,0.000,212.000,69.000,0.344444,0.533333,-0.772602,63.495,101.290,127.434,4402.0
Arteaga_9_puntos_intento_10.mp4,158,1316.667,True,150.000,165.000,0.000,211.000,69.000,0.338889,0.533333,-0.775055,63.800,101.264,127.248,4389.0
Arteaga_9_puntos_intento_10.mp4,159,1325.000,True,150.000,165.000,0.000,211.000,68.000,0.338889,0.538889,-0.771202,63.870,102.728,127.504,4387.5
Arteaga_9_puntos_intento_10.mp4,160,1333.333,True,150.000,165.000,0.000,211.000,68.000,0.338889,0.538889,-0.771202,64.055,101.130,127.031,4393.0
Arteaga_9_puntos_intento_10.mp4,161,1341.667,True,150.000,165.000,0.000,212.000,68.000,0.344444,0.538889,-0.768737,64.116,100.508,126.796,4390.5
Arteaga_9_puntos_intento_10.mp4,162,1350.000,True,150.000,165.000,0.000,211.000,68.000,0.338889,0.538889,-0.771202,64.077,100.135,127.566,4352.0
Arteaga_9_puntos_intento_10.mp4,163,1358.333,True,150.000,165.000,0.000,212.000,68.000,0.344444,0.538889,-0.768737,63.164,100.851,129.150,4360.0
Arteaga_9_puntos_intento_10.mp4,164,1366.667,True,150.000,165.000,0.000,211.000,68.000,0.338889,0.538889,-0.771202,63.247,101.807,129.035,4382.5
Arteaga_9_puntos_intento_10.mp4,165,1375.000,True,150.000,165.000,0.000,211.000,69.000,0.338889,0.533333,-0.775055,64.062,99.575,126.807,4386.0
Arteaga_9_puntos_intento_10.mp4,166,1383.333,True,150.000,165.000,0.000,210.000,68.000,0.333333,0.538889,-0.773620,63.376,102.097,127.772,4387.0
Arteaga_9_puntos_intento_10.mp4,167,1391.667,True,150.000,165.000,0.000,212.000,68.000,0.344444,0.538889,-0.768737,63.435,100.788,128.563,4337.0
Arteaga_9_puntos_intento_10.mp4,168,1400.000,True,150.000,165.000,0.000,211.000,68.000,0.338889,0.538889,-0.771202,63.052,99.912,128.662,4357.0
Arteaga_9_puntos_intento_10.mp4,169,1408.333,True,150.000,165.000,0.000,210.000,68.000,0.333333,0.538889,-0.773620,62.667,103.443,127.714,4337.5
Arteaga_9_puntos_intento_10.mp4,170,1416.667,True,150.000,165.000,0.000,210.000,68.000,0.333333,0.538889,-0.773620,63.357,101.579,127.429,4376.5
Arteaga_9_puntos_intento_10.mp4,171,1425.000,True,150.000,165.000,0.000,209.000,69.000,0.327778,0.533333,-0.779819,62.545,100.617,128.493,4336.0
Arteaga_9_puntos_intento_10.mp4,172,1433.333,True,150.000,165.000,0.000,209.000,68.000,0.327778,0.538889,-0.775990,63.275,100.891,127.906,4349.0
Arteaga_9_puntos_intento_10.mp4,173,1441.667,True,150.000,165.000,0.000,210.000,69.000,0.333333,0.533333,-0.777460,62.714,99.781,126.728,4289.5
Arteaga_9_puntos_intento_10.mp4,174,1450.000,True,150.000,165.000,0.000,210.000,68.000,0.333333,0.538889,-0.773620,62.710,101.718,127.459,4337.0
Arteaga_9_puntos_intento_10.mp4,175,1458.333,True,150.000,165.000,0.000,210.000,68.000,0.333333,0.538889,-0.773620,63.476,100.403,126.687,4319.5
Arteaga_9_puntos_intento_10.mp4,176,1466.667,True,150.000,165.000,0.000,210.000,69.000,0.333333,0.533333,-0.777460,63.097,98.751,127.766,4286.0
Arteaga_9_puntos_intento_10.mp4,177,1475.000,True,150.000,165.000,0.000,210.000,69.000,0.333333,0.533333,-0.777460,62.769,99.176,129.227,4274.5
Arteaga_9_puntos_intento_10.mp4,178,1483.333,True,150.000,165.000,0.000,210.000,69.000,0.333333,0.533333,-0.777460,63.199,99.230,128.925,4296.0
Arteaga_9_puntos_intento_10.mp4,179,1491.667,True,150.000,165.000,0.000,209.000,68.000,0.327778,0.538889,-0.775990,62.814,101.114,126.996,4305.5
Arteaga_9_puntos_intento_10.mp4,180,1500.000,True,150.000,165.000,0.000,210.000,68.000,0.333333,0.538889,-0.773620,63.431,101.327,127.645,4328.5
Arteaga_9_puntos_intento_10.mp4,181,1508.333,True,150.000,165.000,0.000,210.000,68.000,0.333333,0.538889,-0.773620,62.458,101.188,129.824,4315.0
Arteaga_9_puntos_intento_10.mp4,182,1516.667,True,150.000,165.000,0.000,210.000,68.000,0.333333,0.538889,-0.773620,63.600,100.164,129.121,4327.0
Arteaga_9_puntos_intento_10.mp4,183,1525.000,True,150.000,165.000,0.000,210.000,68.000,0.333333,0.538889,-0.773620,63.346,99.888,128.912,4270.5
Arteaga_9_puntos_intento_10.mp4,184,1533.333,True,150.000,165.000,0.000,210.000,68.000,0.333333,0.538889,-0.773620,63.340,100.034,128.712,4298.5
Arteaga_9_puntos_intento_10.mp4,185,1541.667,True,150.000,165.000,0.000,209.000,68.000,0.327778,0.538889,-0.775990,63.422,100.086,127.189,4235.0
Arteaga_9_puntos_intento_10.mp4,186,1550.000,True,150.000,165.000,0.000,210.000,69.000,0.333333,0.533333,-0.777460,63.247,99.752,129.148,4283.5
Arteaga_9_puntos_intento_10.mp4,187,1558.333,True,150.000,165.000,0.000,209.000,68.000,0.327778,0.538889,-0.775990,62.534,101.765,128.185,4219.0
Arteaga_9_puntos_intento_10.mp4,188,1566.667,True,150.000,165.000,0.000,210.000,68.000,0.333333,0.538889,-0.773620,62.855,101.883,128.221,4218.5
Arteaga_9_puntos_intento_10.mp4,189,1575.000,True,150.000,165.000,0.000,210.000,69.000,0.333333,0.533333,-0.777460,62.497,100.830,128.171,4224.0
Arteaga_9_puntos_intento_10.mp4,190,1583.333,True,150.000,165.000,0.000,210.000,68.000,0.333333,0.538889,-0.773620,63.319,99.272,127.474,4222.5
Arteaga_9_puntos_intento_10.mp4,191,1591.667,True,150.000,165.000,0.000,209.000,68.000,0.327778,0.538889,-0.775990,62.635,102.643,126.356,4247.5
Arteaga_9_puntos_intento_10.mp4,192,1600.000,True,150.000,165.000,0.000,209.000,69.000,0.327778,0.533333,-0.779819,63.805,99.293,126.930,4264.5
Arteaga_9_puntos_intento_10.mp4,193,1608.333,True,150.000,165.000,0.000,209.000,69.000,0.327778,0.533333,-0.779819,62.833,101.152,129.243,4228.5
Arteaga_9_puntos_intento_10.mp4,194,1616.667,True,150.000,165.000,0.000,209.000,69.000,0.327778,0.533333,-0.779819,63.200,101.480,128.271,4229.0
Arteaga_9_puntos_intento_10.mp4,195,1625.000,True,150.000,165.000,0.000,209.000,68.000,0.327778,0.538889,-0.775990,62.846,100.774,126.328,4176.0
Arteaga_9_puntos_intento_10.mp4,196,1633.333,True,150.000,165.000,0.000,209.000,68.000,0.327778,0.538889,-0.775990,63.244,100.208,127.087,4229.0
Arteaga_9_puntos_intento_10.mp4,197,1641.667,True,150.000,165.000,0.000,210.000,69.000,0.333333,0.533333,-0.777460,62.681,98.150,128.060,4192.0
Arteaga_9_puntos_intento_10.mp4,198,1650.000,True,150.000,165.000,0.000,209.000,68.000,0.327778,0.538889,-0.775990,62.898,100.784,127.255,4255.5
Arteaga_9_puntos_intento_10.mp4,199,1658.333,True,150.000,165.000,0.000,209.000,68.000,0.327778,0.538889,-0.775990,62.978,99.612,126.871,4242.5
Arteaga_9_puntos_intento_10.mp4,200,1666.667,True,150.000,165.000,0.000,209.000,68.000,0.327778,0.538889,-0.775990,62.776,101.591,127.764,4227.0
Arteaga_9_puntos_intento_10.mp4,201,1675.000,True,150.000,165.000,0.000,209.000,68.000,0.327778,0.538889,-0.775990,62.874,100.376,128.459,4281.0
Arteaga_9_puntos_intento_10.mp4,202,1683.333,True,150.000,165.000,0.000,210.000,69.000,0.333333,0.533333,-0.777460,63.062,99.304,128.056,4282.0
Arteaga_9_puntos_intento_10.mp4,203,1691.667,True,150.000,165.000,0.000,210.000,69.000,0.333333,0.533333,-0.777460,63.115,99.653,127.518,4237.5
Arteaga_9_puntos_intento_10.mp4,204,1700.000,True,150.000,165.000,0.000,209.000,68.000,0.327778,0.538889,-0.775990,62.999,99.860,126.526,4226.5
Arteaga_9_puntos_intento_10.mp4,205,1708.333,True,150.000,165.000,0.000,209.000,68.000,0.327778,0.538889,-0.775990,63.387,100.867,128.993,4275.0
Arteaga_9_puntos_intento_10.mp4,206,1716.667,True,150.000,165.000,0.000,210.000,69.000,0.333333,0.533333,-0.777460,63.552,98.086,128.221,4292.0
Arteaga_9_puntos_intento_10.mp4,207,1725.000,True,150.000,165.000,0.000,209.000,68.000,0.327778,0.538889,-0.775990,63.983,101.031,125.468,4253.5
Arteaga_9_puntos_intento_10.mp4,208,1733.333,True,150.000,165.000,0.000,209.000,68.000,0.327778,0.538889,-0.775990,63.377,101.595,125.156,4269.0
Arteaga_9_puntos_intento_10.mp4,209,1741.667,True,150.000,165.000,0.000,210.000,69.000,0.333333,0.533333,-0.777460,63.056,98.743,127.324,4259.0
Arteaga_9_puntos_intento_10.mp4,210,1750.000,True,150.000,165.000,0.000,209.000,68.000,0.327778,0.538889,-0.775990,63.353,101.011,127.659,4328.0
Arteaga_9_puntos_intento_10.mp4,211,1758.333,True,150.000,165.000,0.000,210.000,69.000,0.333333,0.533333,-0.777460,63.243,99.301,127.901,4296.0
Arteaga_9_puntos_intento_10.mp4,212,1766.667,True,150.000,165.000,0.000,209.000,68.000,0.327778,0.538889,-0.775990,63.360,100.719,126.171,4311.0
Arteaga_9_puntos_intento_10.mp4,213,1775.000,True,150.000,165.000,0.000,209.000,68.000,0.327778,0.538889,-0.775990,63.580,101.130,125.434,4306.5
Arteaga_9_puntos_intento_10.mp4,214,1783.333,True,150.000,165.000,0.000,209.000,68.000,0.327778,0.538889,-0.775990,63.214,100.623,127.757,4335.0
Arteaga_9_puntos_intento_10.mp4,215,1791.667,True,150.000,165.000,0.000,209.000,68.000,0.327778,0.538889,-0.775990,63.268,101.106,126.390,4314.5
Arteaga_9_puntos_intento_10.mp4,216,1800.000,True,150.000,165.000,0.000,209.000,68.000,0.327778,0.538889,-0.775990,63.212,101.274,127.446,4352.0
Arteaga_9_puntos_intento_10.mp4,217,1808.333,True,150.000,165.000,0.000,209.000,68.000,0.327778,0.538889,-0.775990,63.519,99.617,128.071,4339.5
Arteaga_9_puntos_intento_10.mp4,218,1816.667,True,150.000,165.000,0.000,209.000,68.000,0.327778,0.538889,-0.775990,63.709,100.219,127.038,4335.0
Arteaga_9_puntos_intento_10.mp4,219,1825.000,True,150.000,165.000,0.000,209.000,68.000,0.327778,0.538889,-0.775990,62.923,100.302,128.098,4327.5
Arteaga_9_puntos_intento_10.mp4,220,1833.333,True,150.000,165.000,0.000,209.000,68.000,0.327778,0.538889,-0.775990,63.462,101.216,126.756,4360.5
Arteaga_9_puntos_intento_10.mp4,221,1841.667,True,150.000,165.000,0.000,209.000,68.000,0.327778,0.538889,-0.775990,63.371,99.085,128.168,4314.0
Arteaga_9_puntos_intento_10.mp4,222,1850.000,True,150.000,165.000,0.000,209.000,68.000,0.327778,0.538889,-0.775990,63.841,100.229,126.330,4315.0
Arteaga_9_puntos_intento_10.mp4,223,1858.333,True,150.000,165.000,0.000,209.000,69.000,0.327778,0.533333,-0.779819,63.940,97.947,127.956,4290.0
Arteaga_9_puntos_intento_10.mp4,224,1866.667,True,150.000,165.000,0.000,209.000,68.000,0.327778,0.538889,-0.775990,63.683,99.679,127.815,4357.0
Arteaga_9_puntos_intento_10.mp4,225,1875.000,True,150.000,165.000,0.000,209.000,68.000,0.327778,0.538889,-0.775990,63.433,99.503,127.077,4335.0
Arteaga_9_puntos_intento_10.mp4,226,1883.333,True,150.000,165.000,0.000,210.000,68.000,0.333333,0.538889,-0.773620,63.793,97.684,128.286,4362.5
Arteaga_9_puntos_intento_10.mp4,227,1891.667,True,150.000,165.000,0.000,209.000,68.000,0.327778,0.538889,-0.775990,63.702,99.622,127.911,4315.5
Arteaga_9_puntos_intento_10.mp4,228,1900.000,True,150.000,165.000,0.000,210.000,68.000,0.333333,0.538889,-0.773620,63.409,99.739,128.377,4330.5
Arteaga_9_puntos_intento_10.mp4,229,1908.333,True,150.000,165.000,0.000,210.000,69.000,0.333333,0.533333,-0.777460,63.684,98.555,128.556,4354.0
Arteaga_9_puntos_intento_10.mp4,230,1916.667,True,150.000,165.000,0.000,209.000,68.000,0.327778,0.538889,-0.775990,63.704,100.211,126.162,4366.5
Arteaga_9_puntos_intento_10.mp4,231,1925.000,True,150.000,165.000,0.000,209.000,68.000,0.327778,0.538889,-0.775990,63.391,98.528,129.000,4305.5
Arteaga_9_puntos_intento_10.mp4,232,1933.333,True,150.000,165.000,0.000,209.000,68.000,0.327778,0.538889,-0.775990,63.906,101.363,127.157,4424.5
Arteaga_9_puntos_intento_10.mp4,233,1941.667,True,150.000,165.000,0.000,209.000,68.000,0.327778,0.538889,-0.775990,63.449,100.481,127.122,4336.5
Arteaga_9_puntos_intento_10.mp4,234,1950.000,True,150.000,165.000,0.000,209.000,68.000,0.327778,0.538889,-0.775990,64.370,100.687,125.884,4401.0
Arteaga_9_puntos_intento_10.mp4,235,1958.333,True,150.000,165.000,0.000,209.000,68.000,0.327778,0.538889,-0.775990,63.558,100.306,126.178,4349.0
Arteaga_9_puntos_intento_10.mp4,236,1966.667,True,150.000,165.000,0.000,210.000,68.000,0.333333,0.538889,-0.773620,63.581,99.763,129.086,4337.0
Arteaga_9_puntos_intento_10.mp4,237,1975.000,True,150.000,165.000,0.000,210.000,68.000,0.333333,0.538889,-0.773620,63.151,98.936,127.232,4360.5
Arteaga_9_puntos_intento_10.mp4,238,1983.333,True,150.000,165.000,0.000,209.000,68.000,0.327778,0.538889,-0.775990,63.545,100.335,126.188,4345.0
Arteaga_9_puntos_intento_10.mp4,239,1991.667,True,150.000,165.000,0.000,210.000,68.000,0.333333,0.538889,-0.773620,63.287,98.228,128.276,4342.5
Arteaga_9_puntos_intento_10.mp4,240,2000.000,True,150.000,165.000,0.000,209.000,68.000,0.327778,0.538889,-0.775990,63.737,98.883,126.187,4336.0
Arteaga_9_puntos_intento_10.mp4,241,2008.333,True,150.000,165.000,0.000,208.000,68.000,0.322222,0.538889,-0.778313,63.567,100.926,126.139,4333.0
Arteaga_9_puntos_intento_10.mp4,242,2016.667,True,150.000,165.000,0.000,209.000,68.000,0.327778,0.538889,-0.775990,63.564,98.350,125.916,4315.5
Arteaga_9_puntos_intento_10.mp4,243,2025.000,True,150.000,165.000,0.000,210.000,69.000,0.333333,0.533333,-0.777460,63.993,96.589,127.927,4328.0
Arteaga_9_puntos_intento_10.mp4,244,2033.333,True,150.000,165.000,0.000,208.000,68.000,0.322222,0.538889,-0.778313,63.597,101.019,126.117,4313.5
Arteaga_9_puntos_intento_10.mp4,245,2041.667,True,150.000,165.000,0.000,208.000,68.000,0.322222,0.538889,-0.778313,63.580,100.679,126.580,4331.0
Arteaga_9_puntos_intento_10.mp4,246,2050.000,True,150.000,165.000,0.000,209.000,69.000,0.327778,0.533333,-0.779819,63.394,99.647,126.574,4309.0
Arteaga_9_puntos_intento_10.mp4,247,2058.333,True,150.000,165.000,0.000,209.000,68.000,0.327778,0.538889,-0.775990,62.881,98.932,127.396,4281.0
Arteaga_9_puntos_intento_10.mp4,248,2066.667,True,150.000,165.000,0.000,208.000,68.000,0.322222,0.538889,-0.778313,62.930,100.796,126.609,4296.0
Arteaga_9_puntos_intento_10.mp4,249,2075.000,True,150.000,165.000,0.000,209.000,68.000,0.327778,0.538889,-0.775990,62.986,98.957,127.335,4307.5
Arteaga_9_puntos_intento_10.mp4,250,2083.333,True,150.000,165.000,0.000,209.000,68.000,0.327778,0.538889,-0.775990,63.279,98.527,128.369,4325.0
Arteaga_9_puntos_intento_10.mp4,251,2091.667,True,150.000,165.000,0.000,209.000,68.000,0.327778,0.538889,-0.775990,62.802,100.782,129.052,4271.5
Arteaga_9_puntos_intento_10.mp4,252,2100.000,True,150.000,165.000,0.000,210.000,68.000,0.333333,0.538889,-0.773620,62.784,99.134,127.659,4306.0
Arteaga_9_puntos_intento_10.mp4,253,2108.333,True,150.000,165.000,0.000,209.000,69.000,0.327778,0.533333,-0.779819,63.353,98.057,125.956,4305.0
Arteaga_9_puntos_intento_10.mp4,254,2116.667,True,150.000,165.000,0.000,209.000,68.000,0.327778,0.538889,-0.775990,62.857,98.824,127.209,4301.0
Arteaga_9_puntos_intento_10.mp4,255,2125.000,True,150.000,165.000,0.000,209.000,69.000,0.327778,0.533333,-0.779819,63.338,98.532,125.994,4319.0
Arteaga_9_puntos_intento_10.mp4,256,2133.333,True,150.000,165.000,0.000,209.000,68.000,0.327778,0.538889,-0.775990,63.402,99.371,127.426,4329.0
Arteaga_9_puntos_intento_10.mp4,257,2141.667,True,150.000,165.000,0.000,210.000,69.000,0.333333,0.533333,-0.777460,63.559,96.488,126.360,4319.0
Arteaga_9_puntos_intento_10.mp4,258,2150.000,True,150.000,165.000,0.000,210.000,69.000,0.333333,0.533333,-0.777460,63.384,97.845,127.116,4332.0
Arteaga_9_puntos_intento_10.mp4,259,2158.333,True,150.000,165.000,0.000,210.000,68.000,0.333333,0.538889,-0.773620,63.067,98.887,127.149,4331.5
Arteaga_9_puntos_intento_10.mp4,260,2166.667,True,150.000,165.000,0.000,210.000,69.000,0.333333,0.533333,-0.777460,63.240,98.720,127.142,4283.5
Arteaga_9_puntos_intento_10.mp4,261,2175.000,True,150.000,165.000,0.000,210.000,68.000,0.333333,0.538889,-0.773620,63.434,99.223,127.113,4311.0
Arteaga_9_puntos_intento_10.mp4,262,2183.333,True,150.000,165.000,0.000,209.000,68.000,0.327778,0.538889,-0.775990,62.659,99.843,127.468,4326.5
Arteaga_9_puntos_intento_10.mp4,263,2191.667,True,150.000,165.000,0.000,210.000,69.000,0.333333,0.533333,-0.777460,63.067,97.319,127.809,4295.0
Arteaga_9_puntos_intento_10.mp4,264,2200.000,True,150.000,165.000,0.000,210.000,68.000,0.333333,0.538889,-0.773620,62.889,98.874,128.048,4342.0
Arteaga_9_puntos_intento_10.mp4,265,2208.333,True,150.000,165.000,0.000,208.000,68.000,0.322222,0.538889,-0.778313,62.809,101.341,125.920,4331.5
Arteaga_9_puntos_intento_10.mp4,266,2216.667,True,150.000,165.000,0.000,209.000,69.000,0.327778,0.533333,-0.779819,63.086,98.873,126.967,4335.5
Arteaga_9_puntos_intento_10.mp4,267,2225.000,True,150.000,165.000,0.000,207.000,69.000,0.316667,0.533333,-0.784396,63.668,99.916,127.489,4377.0
Arteaga_9_puntos_intento_10.mp4,268,2233.333,True,150.000,165.000,0.000,208.000,69.000,0.322222,0.533333,-0.782131,63.178,99.506,126.722,4371.5
Arteaga_9_puntos_intento_10.mp4,269,2241.667,True,150.000,165.000,0.000,208.000,69.000,0.322222,0.533333,-0.782131,62.942,99.546,127.861,4302.5
Arteaga_9_puntos_intento_10.mp4,270,2250.000,True,150.000,165.000,0.000,208.000,69.000,0.322222,0.533333,-0.782131,63.903,99.597,126.776,4360.5
Arteaga_9_puntos_intento_10.mp4,271,2258.333,True,150.000,165.000,0.000,209.000,69.000,0.327778,0.533333,-0.779819,63.047,98.767,129.520,4357.5
Arteaga_9_puntos_intento_10.mp4,272,2266.667,True,150.000,165.000,0.000,208.000,69.000,0.322222,0.533333,-0.782131,63.454,99.338,127.397,4315.0
Arteaga_9_puntos_intento_10.mp4,273,2275.000,True,150.000,165.000,0.000,209.000,70.000,0.327778,0.527778,-0.783589,62.926,99.217,129.409,4321.0
Arteaga_9_puntos_intento_10.mp4,274,2283.333,True,150.000,165.000,0.000,209.000,70.000,0.327778,0.527778,-0.783589,64.001,98.768,127.132,4348.5
Arteaga_9_puntos_intento_10.mp4,275,2291.667,True,150.000,165.000,0.000,208.000,69.000,0.322222,0.533333,-0.782131,63.715,100.045,125.154,4326.0
Arteaga_9_puntos_intento_10.mp4,276,2300.000,True,150.000,165.000,0.000,208.000,69.000,0.322222,0.533333,-0.782131,63.429,99.599,126.701,4372.0
Arteaga_9_puntos_intento_10.mp4,277,2308.333,True,150.000,165.000,0.000,209.000,69.000,0.327778,0.533333,-0.779819,63.333,98.499,127.644,4362.5
Arteaga_9_puntos_intento_10.mp4,278,2316.667,True,150.000,165.000,0.000,208.000,69.000,0.322222,0.533333,-0.782131,63.309,99.578,126.445,4325.0
Arteaga_9_puntos_intento_10.mp4,279,2325.000,True,150.000,165.000,0.000,209.000,69.000,0.327778,0.533333,-0.779819,63.052,98.586,128.446,4359.5
Arteaga_9_puntos_intento_10.mp4,280,2333.333,True,150.000,165.000,0.000,209.000,69.000,0.327778,0.533333,-0.779819,62.366,98.932,128.692,4312.0
Arteaga_9_puntos_intento_10.mp4,281,2341.667,True,150.000,165.000,0.000,208.000,69.000,0.322222,0.533333,-0.782131,62.969,100.273,128.491,4333.0
Arteaga_9_puntos_intento_10.mp4,282,2350.000,True,150.000,165.000,0.000,209.000,69.000,0.327778,0.533333,-0.779819,63.155,99.614,126.502,4332.5
Arteaga_9_puntos_intento_10.mp4,283,2358.333,True,150.000,165.000,0.000,209.000,69.000,0.327778,0.533333,-0.779819,62.755,100.020,127.679,4349.0
Arteaga_9_puntos_intento_10.mp4,284,2366.667,True,150.000,165.000,0.000,209.000,69.000,0.327778,0.533333,-0.779819,63.046,100.313,127.666,4365.0
Arteaga_9_puntos_intento_10.mp4,285,2375.000,True,150.000,165.000,0.000,208.000,69.000,0.322222,0.533333,-0.782131,63.540,99.445,126.626,4374.0
Arteaga_9_puntos_intento_10.mp4,286,2383.333,True,150.000,165.000,0.000,208.000,69.000,0.322222,0.533333,-0.782131,63.044,100.744,127.011,4400.0
Arteaga_9_puntos_intento_10.mp4,287,2391.667,True,150.000,165.000,0.000,209.000,70.000,0.327778,0.527778,-0.783589,63.038,97.172,127.673,4317.5
Arteaga_9_puntos_intento_10.mp4,288,2400.000,True,150.000,165.000,0.000,209.000,70.000,0.327778,0.527778,-0.783589,63.171,98.336,127.247,4336.5
Arteaga_9_puntos_intento_10.mp4,289,2408.333,True,150.000,165.000,0.000,207.000,69.000,0.316667,0.533333,-0.784396,63.244,100.860,125.685,4347.0
Arteaga_9_puntos_intento_10.mp4,290,2416.667,True,150.000,165.000,0.000,209.000,70.000,0.327778,0.527778,-0.783589,62.991,98.937,128.912,4397.0
Arteaga_9_puntos_intento_10.mp4,291,2425.000,True,150.000,165.000,0.000,209.000,69.000,0.327778,0.533333,-0.779819,63.100,100.001,128.260,4363.0
Arteaga_9_puntos_intento_10.mp4,292,2433.333,True,150.000,165.000,0.000,208.000,69.000,0.322222,0.533333,-0.782131,63.573,100.163,125.815,4388.5
Arteaga_9_puntos_intento_10.mp4,293,2441.667,True,150.000,165.000,0.000,207.000,70.000,0.316667,0.527778,-0.788145,64.643,98.433,125.623,4395.0
Arteaga_9_puntos_intento_10.mp4,294,2450.000,True,150.000,165.000,0.000,201.000,72.000,0.283333,0.516667,-0.807947,67.441,97.222,127.919,4538.0
Arteaga_9_puntos_intento_10.mp4,295,2458.333,True,150.000,165.000,0.000,189.000,73.000,0.216667,0.511111,-0.831758,72.075,94.881,126.056,4661.0
Arteaga_9_puntos_intento_10.mp4,296,2466.667,True,150.000,165.000,0.000,178.000,76.000,0.155556,0.494444,-0.855177,75.552,95.276,118.620,4819.5
Arteaga_9_puntos_intento_10.mp4,297,2475.000,True,150.000,165.000,0.000,167.000,77.000,0.094444,0.488889,-0.867218,77.463,95.494,121.610,4806.0
Arteaga_9_puntos_intento_10.mp4,298,2483.333,True,150.000,165.000,0.000,163.000,78.000,0.072222,0.483333,-0.872452,77.564,94.344,119.734,4807.0
Arteaga_9_puntos_intento_10.mp4,299,2491.667,True,150.000,165.000,0.000,162.000,77.000,0.066667,0.488889,-0.869795,76.989,95.030,124.475,4748.5
Arteaga_9_puntos_intento_10.mp4,300,2500.000,True,150.000,165.000,0.000,162.000,78.000,0.066667,0.483333,-0.872894,76.349,96.086,119.324,4759.0
Arteaga_9_puntos_intento_10.mp4,301,2508.333,True,150.000,165.000,0.000,163.000,78.000,0.072222,0.483333,-0.872452,76.324,93.593,125.877,4650.0
Arteaga_9_puntos_intento_10.mp4,302,2516.667,True,150.000,165.000,0.000,162.000,78.000,0.066667,0.483333,-0.872894,76.376,94.776,117.243,4675.0
Arteaga_9_puntos_intento_10.mp4,303,2525.000,True,150.000,165.000,0.000,161.000,78.000,0.061111,0.483333,-0.873301,75.991,95.479,114.358,4690.0
Arteaga_9_puntos_intento_10.mp4,304,2533.333,True,150.000,165.000,0.000,161.000,77.000,0.061111,0.488889,-0.870203,76.459,95.766,118.352,4707.5
Arteaga_9_puntos_intento_10.mp4,305,2541.667,True,150.000,165.000,0.000,161.000,78.000,0.061111,0.483333,-0.873301,75.535,95.624,116.544,4690.5
Arteaga_9_puntos_intento_10.mp4,306,2550.000,True,150.000,165.000,0.000,161.000,76.000,0.061111,0.494444,-0.867058,75.906,95.998,120.390,4646.5
Arteaga_9_puntos_intento_10.mp4,307,2558.333,True,150.000,165.000,0.000,161.000,77.000,0.061111,0.488889,-0.870203,77.412,94.550,118.594,4769.0
Arteaga_9_puntos_intento_10.mp4,308,2566.667,True,150.000,165.000,0.000,161.000,77.000,0.061111,0.488889,-0.870203,76.911,96.252,116.499,4817.0
Arteaga_9_puntos_intento_10.mp4,309,2575.000,True,150.000,165.000,0.000,162.000,77.000,0.066667,0.488889,-0.869795,76.909,94.225,116.395,4696.0
Arteaga_9_puntos_intento_10.mp4,310,2583.333,True,150.000,165.000,0.000,162.000,76.000,0.066667,0.494444,-0.866649,78.439,96.957,116.962,5109.5
Arteaga_9_puntos_intento_10.mp4,311,2591.667,True,150.000,165.000,0.000,162.000,76.000,0.066667,0.494444,-0.866649,77.356,96.905,119.761,5019.5
Arteaga_9_puntos_intento_10.mp4,312,2600.000,True,150.000,165.000,0.000,163.000,76.000,0.072222,0.494444,-0.866204,78.022,96.070,119.718,5065.0
Arteaga_9_puntos_intento_10.mp4,313,2608.333,True,150.000,165.000,0.000,162.000,76.000,0.066667,0.494444,-0.866649,77.913,97.045,118.666,5127.0
Arteaga_9_puntos_intento_10.mp4,314,2616.667,True,150.000,165.000,0.000,163.000,76.000,0.072222,0.494444,-0.866204,78.885,95.895,124.058,5133.5
Arteaga_9_puntos_intento_10.mp4,315,2625.000,True,150.000,165.000,0.000,162.000,76.000,0.066667,0.494444,-0.866649,77.638,98.008,117.436,5135.5
Arteaga_9_puntos_intento_10.mp4,316,2633.333,True,150.000,165.000,0.000,163.000,77.000,0.072222,0.488889,-0.869351,79.540,94.124,118.960,5223.0
Arteaga_9_puntos_intento_10.mp4,317,2641.667,True,150.000,165.000,0.000,163.000,76.000,0.072222,0.494444,-0.866204,78.817,96.094,122.668,5234.5
Arteaga_9_puntos_intento_10.mp4,318,2650.000,True,150.000,165.000,0.000,162.000,76.000,0.066667,0.494444,-0.866649,79.014,97.825,114.968,5246.0
Arteaga_9_puntos_intento_10.mp4,319,2658.333,True,150.000,165.000,0.000,162.000,76.000,0.066667,0.494444,-0.866649,78.905,99.339,116.852,5291.0
Arteaga_9_puntos_intento_10.mp4,320,2666.667,True,150.000,165.000,0.000,162.000,76.000,0.066667,0.494444,-0.866649,79.844,98.715,116.824,5274.0
Arteaga_9_puntos_intento_10.mp4,321,2675.000,True,150.000,165.000,0.000,162.000,76.000,0.066667,0.494444,-0.866649,78.841,98.128,119.910,5252.5
Arteaga_9_puntos_intento_10.mp4,322,2683.333,True,150.000,165.000,0.000,162.000,76.000,0.066667,0.494444,-0.866649,79.619,99.873,116.884,5493.5
Arteaga_9_puntos_intento_10.mp4,323,2691.667,True,150.000,165.000,0.000,161.000,75.000,0.061111,0.500000,-0.863867,79.864,100.898,117.683,5528.5
Arteaga_9_puntos_intento_10.mp4,324,2700.000,True,150.000,165.000,0.000,163.000,76.000,0.072222,0.494444,-0.866204,79.399,99.164,120.506,5496.5
Arteaga_9_puntos_intento_10.mp4,325,2708.333,True,150.000,165.000,0.000,162.000,76.000,0.066667,0.494444,-0.866649,80.375,99.828,118.251,5556.5
Arteaga_9_puntos_intento_10.mp4,326,2716.667,True,150.000,165.000,0.000,162.000,75.000,0.066667,0.500000,-0.863456,80.034,99.866,119.097,5552.0
Arteaga_9_puntos_intento_10.mp4,327,2725.000,True,150.000,165.000,0.000,163.000,75.000,0.072222,0.500000,-0.863009,79.098,98.701,119.717,5525.0
Arteaga_9_puntos_intento_10.mp4,328,2733.333,True,150.000,165.000,0.000,162.000,76.000,0.066667,0.494444,-0.866649,79.916,99.396,115.942,5518.0
Arteaga_9_puntos_intento_10.mp4,329,2741.667,True,150.000,165.000,0.000,162.000,75.000,0.066667,0.500000,-0.863456,79.369,99.501,119.144,5473.0
Arteaga_9_puntos_intento_10.mp4,330,2750.000,True,150.000,165.000,0.000,162.000,76.000,0.066667,0.494444,-0.866649,80.428,98.684,118.026,5528.0
Arteaga_9_puntos_intento_10.mp4,331,2758.333,True,150.000,165.000,0.000,162.000,75.000,0.066667,0.500000,-0.863456,80.196,99.971,119.929,5519.0
Arteaga_9_puntos_intento_10.mp4,332,2766.667,True,150.000,165.000,0.000,162.000,75.000,0.066667,0.500000,-0.863456,80.059,100.164,116.694,5573.0
Arteaga_9_puntos_intento_10.mp4,333,2775.000,True,150.000,165.000,0.000,162.000,75.000,0.066667,0.500000,-0.863456,80.235,99.330,120.744,5508.5
Arteaga_9_puntos_intento_10.mp4,334,2783.333,True,150.000,165.000,0.000,162.000,75.000,0.066667,0.500000,-0.863456,80.425,100.079,121.701,5510.5
Arteaga_9_puntos_intento_10.mp4,335,2791.667,True,150.000,165.000,0.000,162.000,76.000,0.066667,0.494444,-0.866649,80.185,97.826,117.492,5498.5
Arteaga_9_puntos_intento_10.mp4,336,2800.000,True,150.000,165.000,0.000,162.000,76.000,0.066667,0.494444,-0.866649,80.009,98.593,115.801,5519.0
Arteaga_9_puntos_intento_10.mp4,337,2808.333,True,150.000,165.000,0.000,162.000,75.000,0.066667,0.500000,-0.863456,80.277,98.082,118.915,5470.5
Arteaga_9_puntos_intento_10.mp4,338,2816.667,True,150.000,165.000,0.000,162.000,75.000,0.066667,0.500000,-0.863456,80.035,98.452,119.023,5496.5
Arteaga_9_puntos_intento_10.mp4,339,2825.000,True,150.000,165.000,0.000,162.000,75.000,0.066667,0.500000,-0.863456,79.121,98.955,121.725,5455.5
Arteaga_9_puntos_intento_10.mp4,340,2833.333,True,150.000,165.000,0.000,162.000,75.000,0.066667,0.500000,-0.863456,79.941,98.550,118.223,5511.0
Arteaga_9_puntos_intento_10.mp4,341,2841.667,True,150.000,165.000,0.000,163.000,75.000,0.072222,0.500000,-0.863009,79.730,96.363,121.621,5433.0
Arteaga_9_puntos_intento_10.mp4,342,2850.000,True,150.000,165.000,0.000,163.000,75.000,0.072222,0.500000,-0.863009,79.491,96.852,121.955,5453.0
Arteaga_9_puntos_intento_10.mp4,343,2858.333,True,150.000,165.000,0.000,162.000,75.000,0.066667,0.500000,-0.863456,79.525,99.821,119.943,5596.5
Arteaga_9_puntos_intento_10.mp4,344,2866.667,True,150.000,165.000,0.000,163.000,75.000,0.072222,0.500000,-0.863009,79.927,98.033,118.531,5596.5
Arteaga_9_puntos_intento_10.mp4,345,2875.000,True,150.000,165.000,0.000,162.000,75.000,0.066667,0.500000,-0.863456,79.516,99.118,117.523,5565.0
Arteaga_9_puntos_intento_10.mp4,346,2883.333,True,150.000,165.000,0.000,162.000,75.000,0.066667,0.500000,-0.863456,79.585,99.199,116.977,5563.5
Arteaga_9_puntos_intento_10.mp4,347,2891.667,True,150.000,165.000,0.000,163.000,75.000,0.072222,0.500000,-0.863009,80.095,97.158,119.058,5546.5
Arteaga_9_puntos_intento_10.mp4,348,2900.000,True,150.000,165.000,0.000,161.000,75.000,0.061111,0.500000,-0.863867,79.760,99.453,115.697,5548.5
Arteaga_9_puntos_intento_10.mp4,349,2908.333,True,150.000,165.000,0.000,163.000,75.000,0.072222,0.500000,-0.863009,79.147,97.333,119.613,5523.0
Arteaga_9_puntos_intento_10.mp4,350,2916.667,True,150.000,165.000,0.000,162.000,75.000,0.066667,0.500000,-0.863456,79.480,98.410,116.692,5510.5
Arteaga_9_puntos_intento_10.mp4,351,2925.000,True,150.000,165.000,0.000,162.000,75.000,0.066667,0.500000,-0.863456,79.024,98.755,114.171,5502.0
Arteaga_9_puntos_intento_10.mp4,352,2933.333,True,150.000,165.000,0.000,161.000,74.000,0.061111,0.505556,-0.860627,79.943,99.403,116.212,5493.5
Arteaga_9_puntos_intento_10.mp4,353,2941.667,True,150.000,165.000,0.000,162.000,75.000,0.066667,0.500000,-0.863456,79.306,98.946,115.038,5456.5
Arteaga_9_puntos_intento_10.mp4,354,2950.000,True,150.000,165.000,0.000,162.000,75.000,0.066667,0.500000,-0.863456,79.398,98.663,119.149,5513.0
Arteaga_9_puntos_intento_10.mp4,355,2958.333,True,150.000,165.000,0.000,162.000,76.000,0.066667,0.494444,-0.866649,79.555,99.125,115.247,5526.0
Arteaga_9_puntos_intento_10.mp4,356,2966.667,True,150.000,165.000,0.000,163.000,76.000,0.072222,0.494444,-0.866204,79.820,97.770,113.290,5518.0
Arteaga_9_puntos_intento_10.mp4,357,2975.000,True,150.000,165.000,0.000,161.000,76.000,0.061111,0.494444,-0.867058,78.648,100.530,111.126,5518.0
Arteaga_9_puntos_intento_10.mp4,358,2983.333,True,150.000,165.000,0.000,162.000,76.000,0.066667,0.494444,-0.866649,78.619,99.779,112.631,5450.5
Arteaga_9_puntos_intento_10.mp4,359,2991.667,True,150.000,165.000,0.000,162.000,75.000,0.066667,0.500000,-0.863456,78.200,99.258,113.635,5418.5
Arteaga_9_puntos_intento_10.mp4,360,3000.000,True,150.000,165.000,0.000,162.000,75.000,0.066667,0.500000,-0.863456,78.086,99.224,113.795,5431.0
Arteaga_9_puntos_intento_10.mp4,361,3008.333,True,150.000,165.000,0.000,162.000,75.000,0.066667,0.500000,-0.863456,78.240,98.916,116.616,5429.5
Arteaga_9_puntos_intento_10.mp4,362,3016.667,True,150.000,165.000,0.000,163.000,75.000,0.072222,0.500000,-0.863009,78.589,95.769,118.193,5364.0
Arteaga_9_puntos_intento_10.mp4,363,3025.000,True,150.000,165.000,0.000,164.000,76.000,0.077778,0.494444,-0.865722,78.521,94.265,118.060,5316.5
Arteaga_9_puntos_intento_10.mp4,364,3033.333,True,150.000,165.000,0.000,162.000,75.000,0.066667,0.500000,-0.863456,78.521,97.187,115.777,5328.5
Arteaga_9_puntos_intento_10.mp4,365,3041.667,True,150.000,165.000,0.000,163.000,75.000,0.072222,0.500000,-0.863009,78.126,96.537,118.963,5317.5
Arteaga_9_puntos_intento_10.mp4,366,3050.000,True,150.000,165.000,0.000,164.000,76.000,0.077778,0.494444,-0.865722,79.060,94.228,122.524,5324.5
Arteaga_9_puntos_intento_10.mp4,367,3058.333,True,150.000,165.000,0.000,162.000,75.000,0.066667,0.500000,-0.863456,77.999,97.839,114.077,5329.0
Arteaga_9_puntos_intento_10.mp4,368,3066.667,True,150.000,165.000,0.000,163.000,76.000,0.072222,0.494444,-0.866204,77.907,96.360,111.777,5355.0
Arteaga_9_puntos_intento_10.mp4,369,3075.000,True,150.000,165.000,0.000,163.000,76.000,0.072222,0.494444,-0.866204,78.540,94.429,117.384,5314.5
Arteaga_9_puntos_intento_10.mp4,370,3083.333,True,150.000,165.000,0.000,163.000,76.000,0.072222,0.494444,-0.866204,77.992,95.864,116.352,5331.0
Arteaga_9_puntos_intento_10.mp4,371,3091.667,True,150.000,165.000,0.000,162.000,75.000,0.066667,0.500000,-0.863456,77.543,97.983,113.441,5296.5
Arteaga_9_puntos_intento_10.mp4,372,3100.000,True,150.000,165.000,0.000,163.000,75.000,0.072222,0.500000,-0.863009,77.495,95.203,117.461,5268.0
Arteaga_9_puntos_intento_10.mp4,373,3108.333,True,150.000,165.000,0.000,162.000,75.000,0.066667,0.500000,-0.863456,78.488,96.107,117.296,5299.5
Arteaga_9_puntos_intento_10.mp4,374,3116.667,True,150.000,165.000,0.000,162.000,75.000,0.066667,0.500000,-0.863456,77.711,96.268,118.216,5246.5
Arteaga_9_puntos_intento_10.mp4,375,3125.000,True,150.000,165.000,0.000,163.000,75.000,0.072222,0.500000,-0.863009,78.472,94.524,115.296,5294.5
Arteaga_9_puntos_intento_10.mp4,376,3133.333,True,150.000,165.000,0.000,163.000,75.000,0.072222,0.500000,-0.863009,77.593,94.632,116.297,5263.5
Arteaga_9_puntos_intento_10.mp4,377,3141.667,True,150.000,165.000,0.000,162.000,74.000,0.066667,0.505556,-0.860215,77.025,96.897,118.458,5196.5
Arteaga_9_puntos_intento_10.mp4,378,3150.000,True,150.000,165.000,0.000,163.000,75.000,0.072222,0.500000,-0.863009,77.578,94.850,117.625,5239.5
Arteaga_9_puntos_intento_10.mp4,379,3158.333,True,150.000,165.000,0.000,162.000,75.000,0.066667,0.500000,-0.863456,76.973,95.876,112.723,5250.5
Arteaga_9_puntos_intento_10.mp4,380,3166.667,True,150.000,165.000,0.000,163.000,75.000,0.072222,0.500000,-0.863009,77.026,95.254,116.999,5244.5
Arteaga_9_puntos_intento_10.mp4,381,3175.000,True,150.000,165.000,0.000,162.000,75.000,0.066667,0.500000,-0.863456,77.383,95.793,114.509,5194.0
Arteaga_9_puntos_intento_10.mp4,382,3183.333,True,150.000,165.000,0.000,162.000,75.000,0.066667,0.500000,-0.863456,77.760,95.681,115.624,5219.0
Arteaga_9_puntos_intento_10.mp4,383,3191.667,True,150.000,165.000,0.000,162.000,75.000,0.066667,0.500000,-0.863456,77.514,95.040,114.237,5219.0
Arteaga_9_puntos_intento_10.mp4,384,3200.000,True,150.000,165.000,0.000,162.000,75.000,0.066667,0.500000,-0.863456,77.198,94.318,116.501,5199.0
Arteaga_9_puntos_intento_10.mp4,385,3208.333,True,150.000,165.000,0.000,162.000,75.000,0.066667,0.500000,-0.863456,76.746,95.664,114.641,5155.0
Arteaga_9_puntos_intento_10.mp4,386,3216.667,True,150.000,165.000,0.000,162.000,75.000,0.066667,0.500000,-0.863456,77.553,95.409,115.509,5216.0
Arteaga_9_puntos_intento_10.mp4,387,3225.000,True,150.000,165.000,0.000,163.000,75.000,0.072222,0.500000,-0.863009,76.983,94.316,116.965,5209.5
Arteaga_9_puntos_intento_10.mp4,388,3233.333,True,150.000,165.000,0.000,162.000,75.000,0.066667,0.500000,-0.863456,76.266,95.493,114.128,5197.0
Arteaga_9_puntos_intento_10.mp4,389,3241.667,True,150.000,165.000,0.000,162.000,75.000,0.066667,0.500000,-0.863456,76.699,95.663,115.930,5179.0
Arteaga_9_puntos_intento_10.mp4,390,3250.000,True,150.000,165.000,0.000,162.000,75.000,0.066667,0.500000,-0.863456,77.723,94.565,117.514,5211.0
Arteaga_9_puntos_intento_10.mp4,391,3258.333,True,150.000,165.000,0.000,162.000,75.000,0.066667,0.500000,-0.863456,77.227,94.142,112.980,5160.0
Arteaga_9_puntos_intento_10.mp4,392,3266.667,True,150.000,165.000,0.000,161.000,75.000,0.061111,0.500000,-0.863867,77.550,95.528,116.074,5164.5
Arteaga_9_puntos_intento_10.mp4,393,3275.000,True,150.000,165.000,0.000,161.000,74.000,0.061111,0.505556,-0.860627,77.117,96.440,119.321,5172.5
Arteaga_9_puntos_intento_10.mp4,394,3283.333,True,150.000,165.000,0.000,162.000,75.000,0.066667,0.500000,-0.863456,77.371,95.426,116.670,5218.5
Arteaga_9_puntos_intento_10.mp4,395,3291.667,True,150.000,165.000,0.000,163.000,75.000,0.072222,0.500000,-0.863009,76.637,93.156,118.547,5160.5
Arteaga_9_puntos_intento_10.mp4,396,3300.000,True,150.000,165.000,0.000,162.000,75.000,0.066667,0.500000,-0.863456,76.312,96.364,114.730,5206.0
Arteaga_9_puntos_intento_10.mp4,397,3308.333,True,150.000,165.000,0.000,162.000,75.000,0.066667,0.500000,-0.863456,76.869,95.435,114.632,5183.0
Arteaga_9_puntos_intento_10.mp4,398,3316.667,True,150.000,165.000,0.000,162.000,74.000,0.066667,0.505556,-0.860215,77.232,96.415,114.778,5276.5
Arteaga_9_puntos_intento_10.mp4,399,3325.000,True,150.000,165.000,0.000,162.000,75.000,0.066667,0.500000,-0.863456,76.994,94.684,114.745,5201.5
Arteaga_9_puntos_intento_10.mp4,400,3333.333,True,150.000,165.000,0.000,162.000,75.000,0.066667,0.500000,-0.863456,76.963,94.895,114.908,5230.5
Arteaga_9_puntos_intento_10.mp4,401,3341.667,True,150.000,165.000,0.000,162.000,75.000,0.066667,0.500000,-0.863456,77.952,92.997,114.175,5199.0
Arteaga_9_puntos_intento_10.mp4,402,3350.000,True,150.000,165.000,0.000,162.000,75.000,0.066667,0.500000,-0.863456,76.648,95.209,114.082,5216.0
Arteaga_9_puntos_intento_10.mp4,403,3358.333,True,150.000,165.000,0.000,162.000,75.000,0.066667,0.500000,-0.863456,77.477,94.090,113.938,5221.0
Arteaga_9_puntos_intento_10.mp4,404,3366.667,True,150.000,165.000,0.000,162.000,75.000,0.066667,0.500000,-0.863456,77.778,93.779,114.505,5193.0
Arteaga_9_puntos_intento_10.mp4,405,3375.000,True,150.000,165.000,0.000,162.000,74.000,0.066667,0.505556,-0.860215,76.416,95.443,115.208,5184.5
Arteaga_9_puntos_intento_10.mp4,406,3383.333,True,150.000,165.000,0.000,163.000,75.000,0.072222,0.500000,-0.863009,77.583,94.451,117.479,5234.0
Arteaga_9_puntos_intento_10.mp4,407,3391.667,True,150.000,165.000,0.000,162.000,75.000,0.066667,0.500000,-0.863456,76.739,94.828,114.787,5157.0
Arteaga_9_puntos_intento_10.mp4,408,3400.000,True,150.000,165.000,0.000,162.000,75.000,0.066667,0.500000,-0.863456,77.864,94.758,115.734,5234.5
Arteaga_9_puntos_intento_10.mp4,409,3408.333,True,150.000,165.000,0.000,162.000,75.000,0.066667,0.500000,-0.863456,77.003,95.163,117.902,5163.0
Arteaga_9_puntos_intento_10.mp4,410,3416.667,True,150.000,165.000,0.000,162.000,75.000,0.066667,0.500000,-0.863456,77.178,95.120,117.728,5188.5
Arteaga_9_puntos_intento_10.mp4,411,3425.000,True,150.000,165.000,0.000,163.000,75.000,0.072222,0.500000,-0.863009,77.426,93.716,119.301,5144.0
Arteaga_9_puntos_intento_10.mp4,412,3433.333,True,150.000,165.000,0.000,162.000,75.000,0.066667,0.500000,-0.863456,76.885,94.274,114.962,5202.5
Arteaga_9_puntos_intento_10.mp4,413,3441.667,True,150.000,165.000,0.000,162.000,75.000,0.066667,0.500000,-0.863456,77.472,94.361,115.115,5228.0
Arteaga_9_puntos_intento_10.mp4,414,3450.000,True,150.000,165.000,0.000,162.000,75.000,0.066667,0.500000,-0.863456,77.699,94.661,113.646,5278.5
Arteaga_9_puntos_intento_10.mp4,415,3458.333,True,150.000,165.000,0.000,162.000,75.000,0.066667,0.500000,-0.863456,77.997,94.221,115.004,5232.0
Arteaga_9_puntos_intento_10.mp4,416,3466.667,True,150.000,165.000,0.000,162.000,75.000,0.066667,0.500000,-0.863456,76.943,95.204,114.041,5230.0
Arteaga_9_puntos_intento_10.mp4,417,3475.000,True,150.000,165.000,0.000,163.000,75.000,0.072222,0.500000,-0.863009,77.073,93.257,114.522,5178.0
Arteaga_9_puntos_intento_10.mp4,418,3483.333,True,150.000,165.000,0.000,163.000,75.000,0.072222,0.500000,-0.863009,77.397,93.809,118.314,5221.5
Arteaga_9_puntos_intento_10.mp4,419,3491.667,True,150.000,165.000,0.000,163.000,74.000,0.072222,0.505556,-0.859766,76.613,95.130,119.704,5199.5
Arteaga_9_puntos_intento_10.mp4,420,3500.000,True,150.000,165.000,0.000,162.000,75.000,0.066667,0.500000,-0.863456,77.069,95.813,116.138,5206.5
Arteaga_9_puntos_intento_10.mp4,421,3508.333,True,150.000,165.000,0.000,162.000,75.000,0.066667,0.500000,-0.863456,77.040,94.900,114.054,5209.5
Arteaga_9_puntos_intento_10.mp4,422,3516.667,True,150.000,165.000,0.000,161.000,75.000,0.061111,0.500000,-0.863867,76.975,94.866,115.296,5215.0
Arteaga_9_puntos_intento_10.mp4,423,3525.000,True,150.000,165.000,0.000,161.000,75.000,0.061111,0.500000,-0.863867,77.332,95.404,115.871,5210.0
Arteaga_9_puntos_intento_10.mp4,424,3533.333,True,150.000,165.000,0.000,161.000,75.000,0.061111,0.500000,-0.863867,76.704,96.559,111.240,5159.0
Arteaga_9_puntos_intento_10.mp4,425,3541.667,True,150.000,165.000,0.000,162.000,75.000,0.066667,0.500000,-0.863456,76.419,94.752,116.401,5162.0
Arteaga_9_puntos_intento_10.mp4,426,3550.000,True,150.000,165.000,0.000,162.000,75.000,0.066667,0.500000,-0.863456,76.000,94.976,115.470,5152.5
Arteaga_9_puntos_intento_10.mp4,427,3558.333,True,150.000,165.000,0.000,162.000,75.000,0.066667,0.500000,-0.863456,76.605,95.816,114.713,5174.5
Arteaga_9_puntos_intento_10.mp4,428,3566.667,True,150.000,165.000,0.000,161.000,75.000,0.061111,0.500000,-0.863867,77.123,96.580,113.465,5210.5
Arteaga_9_puntos_intento_10.mp4,429,3575.000,True,150.000,165.000,0.000,162.000,75.000,0.066667,0.500000,-0.863456,76.476,94.765,114.887,5214.0
Arteaga_9_puntos_intento_10.mp4,430,3583.333,True,150.000,165.000,0.000,163.000,75.000,0.072222,0.500000,-0.863009,77.707,93.777,114.612,5266.5
Arteaga_9_puntos_intento_10.mp4,431,3591.667,True,150.000,165.000,0.000,162.000,75.000,0.066667,0.500000,-0.863456,76.536,96.061,112.780,5214.0
Arteaga_9_puntos_intento_10.mp4,432,3600.000,True,150.000,165.000,0.000,162.000,75.000,0.066667,0.500000,-0.863456,76.384,95.774,114.192,5212.0
Arteaga_9_puntos_intento_10.mp4,433,3608.333,True,150.000,165.000,0.000,163.000,75.000,0.072222,0.500000,-0.863009,76.563,94.429,119.149,5093.5
Arteaga_9_puntos_intento_10.mp4,434,3616.667,True,150.000,165.000,0.000,163.000,75.000,0.072222,0.500000,-0.863009,77.320,93.574,120.896,5132.5
Arteaga_9_puntos_intento_10.mp4,435,3625.000,True,150.000,165.000,0.000,162.000,75.000,0.066667,0.500000,-0.863456,76.768,94.381,118.197,5115.5
Arteaga_9_puntos_intento_10.mp4,436,3633.333,True,150.000,165.000,0.000,162.000,75.000,0.066667,0.500000,-0.863456,76.304,94.879,116.083,5121.5
Arteaga_9_puntos_intento_10.mp4,437,3641.667,True,150.000,165.000,0.000,163.000,75.000,0.072222,0.500000,-0.863009,76.452,93.489,114.943,5151.0
Arteaga_9_puntos_intento_10.mp4,438,3650.000,True,150.000,165.000,0.000,162.000,75.000,0.066667,0.500000,-0.863456,76.036,95.333,116.107,5153.0
Arteaga_9_puntos_intento_10.mp4,439,3658.333,True,150.000,165.000,0.000,162.000,75.000,0.066667,0.500000,-0.863456,76.051,94.967,117.412,5097.5
Arteaga_9_puntos_intento_10.mp4,440,3666.667,True,150.000,165.000,0.000,162.000,75.000,0.066667,0.500000,-0.863456,76.476,93.985,115.811,5105.0
Arteaga_9_puntos_intento_10.mp4,441,3675.000,True,150.000,165.000,0.000,163.000,75.000,0.072222,0.500000,-0.863009,76.577,92.935,116.001,5095.5
Arteaga_9_puntos_intento_10.mp4,442,3683.333,True,150.000,165.000,0.000,162.000,75.000,0.066667,0.500000,-0.863456,76.053,94.458,113.422,5121.0
Arteaga_9_puntos_intento_10.mp4,443,3691.667,True,150.000,165.000,0.000,161.000,75.000,0.061111,0.500000,-0.863867,75.961,95.194,110.801,5086.0
Arteaga_9_puntos_intento_10.mp4,444,3700.000,True,150.000,165.000,0.000,161.000,75.000,0.061111,0.500000,-0.863867,75.806,95.224,111.220,5065.5
Arteaga_9_puntos_intento_10.mp4,445,3708.333,True,150.000,165.000,0.000,161.000,75.000,0.061111,0.500000,-0.863867,76.170,96.160,108.902,5056.0
Arteaga_9_puntos_intento_10.mp4,446,3716.667,True,150.000,165.000,0.000,161.000,75.000,0.061111,0.500000,-0.863867,75.693,95.895,113.304,5067.0
Arteaga_9_puntos_intento_10.mp4,447,3725.000,True,150.000,165.000,0.000,161.000,75.000,0.061111,0.500000,-0.863867,75.074,95.218,111.875,5022.5
Arteaga_9_puntos_intento_10.mp4,448,3733.333,True,150.000,165.000,0.000,162.000,76.000,0.066667,0.494444,-0.866649,75.254,93.276,111.664,5053.5
Arteaga_9_puntos_intento_10.mp4,449,3741.667,True,150.000,165.000,0.000,162.000,75.000,0.066667,0.500000,-0.863456,75.262,93.032,112.998,5029.0
Arteaga_9_puntos_intento_10.mp4,450,3750.000,True,150.000,165.000,0.000,162.000,75.000,0.066667,0.500000,-0.863456,75.486,94.439,114.487,5043.0
Arteaga_9_puntos_intento_10.mp4,451,3758.333,True,150.000,165.000,0.000,162.000,75.000,0.066667,0.500000,-0.863456,76.060,94.032,113.402,5067.5
Arteaga_9_puntos_intento_10.mp4,452,3766.667,True,150.000,165.000,0.000,161.000,75.000,0.061111,0.500000,-0.863867,75.577,94.656,110.734,5008.5
Arteaga_9_puntos_intento_10.mp4,453,3775.000,True,150.000,165.000,0.000,161.000,75.000,0.061111,0.500000,-0.863867,74.890,94.551,112.898,4973.0
Arteaga_9_puntos_intento_10.mp4,454,3783.333,True,150.000,165.000,0.000,161.000,75.000,0.061111,0.500000,-0.863867,75.733,94.400,112.449,5135.5
Arteaga_9_puntos_intento_10.mp4,455,3791.667,True,150.000,165.000,0.000,161.000,75.000,0.061111,0.500000,-0.863867,75.545,95.210,113.790,5090.0
Arteaga_9_puntos_intento_10.mp4,456,3800.000,True,150.000,165.000,0.000,162.000,75.000,0.066667,0.500000,-0.863456,75.379,94.762,114.721,5153.5
Arteaga_9_puntos_intento_10.mp4,457,3808.333,True,150.000,165.000,0.000,162.000,75.000,0.066667,0.500000,-0.863456,75.453,93.879,115.105,5060.5
Arteaga_9_puntos_intento_10.mp4,458,3816.667,True,150.000,165.000,0.000,161.000,75.000,0.061111,0.500000,-0.863867,75.612,94.809,115.073,5064.5
Arteaga_9_puntos_intento_10.mp4,459,3825.000,True,150.000,165.000,0.000,162.000,75.000,0.066667,0.500000,-0.863456,75.204,93.516,114.981,5009.0
Arteaga_9_puntos_intento_10.mp4,460,3833.333,True,150.000,165.000,0.000,162.000,75.000,0.066667,0.500000,-0.863456,75.166,93.837,115.739,5034.5
Arteaga_9_puntos_intento_10.mp4,461,3841.667,True,150.000,165.000,0.000,162.000,75.000,0.066667,0.500000,-0.863456,75.394,93.510,115.171,5048.0
Arteaga_9_puntos_intento_10.mp4,462,3850.000,True,150.000,165.000,0.000,162.000,75.000,0.066667,0.500000,-0.863456,75.435,92.659,114.262,5031.0
Arteaga_9_puntos_intento_10.mp4,463,3858.333,True,150.000,165.000,0.000,161.000,75.000,0.061111,0.500000,-0.863867,75.098,93.994,114.625,5026.0
Arteaga_9_puntos_intento_10.mp4,464,3866.667,True,150.000,165.000,0.000,162.000,75.000,0.066667,0.500000,-0.863456,75.095,93.338,112.912,5044.5
Arteaga_9_puntos_intento_10.mp4,465,3875.000,True,150.000,165.000,0.000,162.000,75.000,0.066667,0.500000,-0.863456,75.004,92.305,114.342,4980.0
Arteaga_9_puntos_intento_10.mp4,466,3883.333,True,150.000,165.000,0.000,161.000,75.000,0.061111,0.500000,-0.863867,74.942,94.387,110.461,5016.5
Arteaga_9_puntos_intento_10.mp4,467,3891.667,True,150.000,165.000,0.000,161.000,75.000,0.061111,0.500000,-0.863867,75.471,92.908,115.040,4974.5
Arteaga_9_puntos_intento_10.mp4,468,3900.000,True,150.000,165.000,0.000,161.000,75.000,0.061111,0.500000,-0.863867,74.916,94.047,111.907,4972.5
Arteaga_9_puntos_intento_10.mp4,469,3908.333,True,150.000,165.000,0.000,162.000,75.000,0.066667,0.500000,-0.863456,75.580,91.712,115.112,4987.0
Arteaga_9_puntos_intento_10.mp4,470,3916.667,True,150.000,165.000,0.000,161.000,75.000,0.061111,0.500000,-0.863867,74.456,93.753,110.869,4979.0
Arteaga_9_puntos_intento_10.mp4,471,3925.000,True,150.000,165.000,0.000,161.000,75.000,0.061111,0.500000,-0.863867,73.897,94.493,110.774,4957.5
Arteaga_9_puntos_intento_10.mp4,472,3933.333,True,150.000,165.000,0.000,160.000,75.000,0.055556,0.500000,-0.864242,74.235,94.848,109.287,4978.0
Arteaga_9_puntos_intento_10.mp4,473,3941.667,True,150.000,165.000,0.000,160.000,75.000,0.055556,0.500000,-0.864242,74.054,93.585,111.723,4931.0
Arteaga_9_puntos_intento_10.mp4,474,3950.000,True,150.000,165.000,0.000,160.000,75.000,0.055556,0.500000,-0.864242,73.829,94.512,110.857,4975.5
Arteaga_9_puntos_intento_10.mp4,475,3958.333,True,150.000,165.000,0.000,161.000,74.000,0.061111,0.505556,-0.860627,74.234,92.817,115.664,4936.0
Arteaga_9_puntos_intento_10.mp4,476,3966.667,True,150.000,165.000,0.000,161.000,75.000,0.061111,0.500000,-0.863867,74.104,93.965,112.247,4987.5
Arteaga_9_puntos_intento_10.mp4,477,3975.000,True,150.000,165.000,0.000,162.000,75.000,0.066667,0.500000,-0.863456,74.492,92.363,113.129,4954.5
Arteaga_9_puntos_intento_10.mp4,478,3983.333,True,150.000,165.000,0.000,160.000,74.000,0.055556,0.505556,-0.861004,74.367,94.285,109.806,4957.5
Arteaga_9_puntos_intento_10.mp4,479,3991.667,True,150.000,165.000,0.000,161.000,74.000,0.061111,0.505556,-0.860627,73.940,92.975,112.762,4922.0
Arteaga_9_puntos_intento_10.mp4,480,4000.000,True,150.000,165.000,0.000,161.000,74.000,0.061111,0.505556,-0.860627,73.829,92.277,112.263,4934.5
Arteaga_9_puntos_intento_10.mp4,481,4008.333,True,150.000,165.000,0.000,161.000,75.000,0.061111,0.500000,-0.863867,74.877,92.351,113.125,4971.0
Arteaga_9_puntos_intento_10.mp4,482,4016.667,True,150.000,165.000,0.000,161.000,74.000,0.061111,0.505556,-0.860627,73.854,93.737,112.605,4910.5
Arteaga_9_puntos_intento_10.mp4,483,4025.000,True,150.000,165.000,0.000,161.000,75.000,0.061111,0.500000,-0.863867,75.587,90.345,113.155,4974.5
Arteaga_9_puntos_intento_10.mp4,484,4033.333,True,150.000,165.000,0.000,161.000,75.000,0.061111,0.500000,-0.863867,74.290,92.522,110.910,4950.5
Arteaga_9_puntos_intento_10.mp4,485,4041.667,True,150.000,165.000,0.000,160.000,74.000,0.055556,0.505556,-0.861004,74.028,93.873,112.100,4896.5
Arteaga_9_puntos_intento_10.mp4,486,4050.000,True,150.000,165.000,0.000,159.000,74.000,0.050000,0.505556,-0.861344,73.965,95.479,107.897,4955.5
Arteaga_9_puntos_intento_10.mp4,487,4058.333,True,150.000,165.000,0.000,161.000,75.000,0.061111,0.500000,-0.863867,74.370,92.228,108.996,4924.5
Arteaga_9_puntos_intento_10.mp4,488,4066.667,True,150.000,165.000,0.000,161.000,75.000,0.061111,0.500000,-0.863867,74.377,91.448,110.258,4923.5
Arteaga_9_puntos_intento_10.mp4,489,4075.000,True,150.000,165.000,0.000,161.000,75.000,0.061111,0.500000,-0.863867,73.497,92.706,110.623,4910.5
Arteaga_9_puntos_intento_10.mp4,490,4083.333,True,150.000,165.000,0.000,160.000,74.000,0.055556,0.505556,-0.861004,73.677,93.568,111.401,4838.5
Arteaga_9_puntos_intento_10.mp4,491,4091.667,True,150.000,165.000,0.000,161.000,74.000,0.061111,0.505556,-0.860627,73.937,89.861,114.974,4796.5
Arteaga_9_puntos_intento_10.mp4,492,4100.000,True,150.000,165.000,0.000,161.000,74.000,0.061111,0.505556,-0.860627,74.216,90.409,111.155,4820.0
Arteaga_9_puntos_intento_10.mp4,493,4108.333,True,150.000,165.000,0.000,161.000,74.000,0.061111,0.505556,-0.860627,74.224,89.960,111.690,4827.5
Arteaga_9_puntos_intento_10.mp4,494,4116.667,True,150.000,165.000,0.000,162.000,75.000,0.066667,0.500000,-0.863456,74.128,88.683,108.766,4817.0
Arteaga_9_puntos_intento_10.mp4,495,4125.000,True,150.000,165.000,0.000,161.000,75.000,0.061111,0.500000,-0.863867,73.560,91.579,108.723,4810.0
Arteaga_9_puntos_intento_10.mp4,496,4133.333,True,150.000,165.000,0.000,161.000,74.000,0.061111,0.505556,-0.860627,73.155,91.882,113.137,4791.0
Arteaga_9_puntos_intento_10.mp4,497,4141.667,True,150.000,165.000,0.000,161.000,74.000,0.061111,0.505556,-0.860627,73.369,91.202,110.849,4787.0
Arteaga_9_puntos_intento_10.mp4,498,4150.000,True,150.000,165.000,0.000,161.000,74.000,0.061111,0.505556,-0.860627,73.342,91.054,112.819,4815.5
Arteaga_9_puntos_intento_10.mp4,499,4158.333,True,150.000,165.000,0.000,160.000,75.000,0.055556,0.500000,-0.864242,73.250,91.998,108.439,4788.5
Arteaga_9_puntos_intento_10.mp4,500,4166.667,True,150.000,165.000,0.000,161.000,74.000,0.061111,0.505556,-0.860627,73.353,90.317,112.631,4820.0
Arteaga_9_puntos_intento_10.mp4,501,4175.000,True,150.000,165.000,0.000,160.000,74.000,0.055556,0.505556,-0.861004,73.712,91.838,110.414,4824.5
Arteaga_9_puntos_intento_10.mp4,502,4183.333,True,150.000,165.000,0.000,160.000,74.000,0.055556,0.505556,-0.861004,73.314,92.683,110.651,4871.0
Arteaga_9_puntos_intento_10.mp4,503,4191.667,True,150.000,165.000,0.000,160.000,74.000,0.055556,0.505556,-0.861004,73.482,91.905,108.603,4809.5
Arteaga_9_puntos_intento_10.mp4,504,4200.000,True,150.000,165.000,0.000,160.000,74.000,0.055556,0.505556,-0.861004,73.420,91.541,110.993,4808.5
Arteaga_9_puntos_intento_10.mp4,505,4208.333,True,150.000,165.000,0.000,161.000,74.000,0.061111,0.505556,-0.860627,73.674,91.295,112.371,4793.5
Arteaga_9_puntos_intento_10.mp4,506,4216.667,True,150.000,165.000,0.000,161.000,75.000,0.061111,0.500000,-0.863867,73.695,89.825,114.316,4791.5
Arteaga_9_puntos_intento_10.mp4,507,4225.000,True,150.000,165.000,0.000,160.000,74.000,0.055556,0.505556,-0.861004,73.584,91.649,111.177,4830.0
Arteaga_9_puntos_intento_10.mp4,508,4233.333,True,150.000,165.000,0.000,160.000,74.000,0.055556,0.505556,-0.861004,73.819,91.327,109.860,4871.0
Arteaga_9_puntos_intento_10.mp4,509,4241.667,True,150.000,165.000,0.000,161.000,75.000,0.061111,0.500000,-0.863867,72.864,91.350,111.072,4836.0
Arteaga_9_puntos_intento_10.mp4,510,4250.000,True,150.000,165.000,0.000,160.000,74.000,0.055556,0.505556,-0.861004,73.276,92.941,109.719,4863.0
Arteaga_9_puntos_intento_10.mp4,511,4258.333,True,150.000,165.000,0.000,160.000,74.000,0.055556,0.505556,-0.861004,73.582,91.566,110.441,4837.5
Arteaga_9_puntos_intento_10.mp4,512,4266.667,True,150.000,165.000,0.000,160.000,74.000,0.055556,0.505556,-0.861004,73.613,93.125,110.854,4891.0
Arteaga_9_puntos_intento_10.mp4,513,4275.000,True,150.000,165.000,0.000,160.000,75.000,0.055556,0.500000,-0.864242,73.287,92.034,109.848,4853.0
Arteaga_9_puntos_intento_10.mp4,514,4283.333,True,150.000,165.000,0.000,160.000,74.000,0.055556,0.505556,-0.861004,73.409,92.024,110.024,4833.0
Arteaga_9_puntos_intento_10.mp4,515,4291.667,True,150.000,165.000,0.000,160.000,74.000,0.055556,0.505556,-0.861004,73.015,92.635,111.777,4872.0
Arteaga_9_puntos_intento_10.mp4,516,4300.000,True,150.000,165.000,0.000,160.000,74.000,0.055556,0.505556,-0.861004,73.039,92.883,109.185,4857.5
Arteaga_9_puntos_intento_10.mp4,517,4308.333,True,150.000,165.000,0.000,161.000,74.000,0.061111,0.505556,-0.860627,74.297,90.627,116.460,4831.5
Arteaga_9_puntos_intento_10.mp4,518,4316.667,True,150.000,165.000,0.000,161.000,74.000,0.061111,0.505556,-0.860627,73.445,91.276,114.394,4838.0
Arteaga_9_puntos_intento_10.mp4,519,4325.000,True,150.000,165.000,0.000,160.000,75.000,0.055556,0.500000,-0.864242,72.848,91.738,109.013,4810.5
Arteaga_9_puntos_intento_10.mp4,520,4333.333,True,150.000,165.000,0.000,160.000,74.000,0.055556,0.505556,-0.861004,73.638,91.520,111.790,4861.0
Arteaga_9_puntos_intento_10.mp4,521,4341.667,True,150.000,165.000,0.000,160.000,75.000,0.055556,0.500000,-0.864242,73.803,91.447,111.730,4853.0
Arteaga_9_puntos_intento_10.mp4,522,4350.000,True,150.000,165.000,0.000,160.000,75.000,0.055556,0.500000,-0.864242,73.431,91.888,109.386,4844.5
Arteaga_9_puntos_intento_10.mp4,523,4358.333,True,150.000,165.000,0.000,161.000,75.000,0.061111,0.500000,-0.863867,73.331,91.689,108.593,4875.0
Arteaga_9_puntos_intento_10.mp4,524,4366.667,True,150.000,165.000,0.000,161.000,75.000,0.061111,0.500000,-0.863867,73.342,91.466,109.061,4867.0
Arteaga_9_puntos_intento_10.mp4,525,4375.000,True,150.000,165.000,0.000,161.000,74.000,0.061111,0.505556,-0.860627,73.829,91.164,114.328,4879.0
Arteaga_9_puntos_intento_10.mp4,526,4383.333,True,150.000,165.000,0.000,161.000,75.000,0.061111,0.500000,-0.863867,73.358,91.002,110.299,4863.5
Arteaga_9_puntos_intento_10.mp4,527,4391.667,True,150.000,165.000,0.000,160.000,75.000,0.055556,0.500000,-0.864242,72.579,93.650,109.236,4847.0
Arteaga_9_puntos_intento_10.mp4,528,4400.000,True,150.000,165.000,0.000,160.000,75.000,0.055556,0.500000,-0.864242,74.021,91.282,111.364,4884.5
Arteaga_9_puntos_intento_10.mp4,529,4408.333,True,150.000,165.000,0.000,160.000,75.000,0.055556,0.500000,-0.864242,73.845,91.928,109.803,4886.0
Arteaga_9_puntos_intento_10.mp4,530,4416.667,True,150.000,165.000,0.000,161.000,75.000,0.061111,0.500000,-0.863867,74.005,92.213,109.652,4904.5
Arteaga_9_puntos_intento_10.mp4,531,4425.000,True,150.000,165.000,0.000,161.000,75.000,0.061111,0.500000,-0.863867,73.766,92.249,111.547,4906.5
Arteaga_9_puntos_intento_10.mp4,532,4433.333,True,150.000,165.000,0.000,161.000,75.000,0.061111,0.500000,-0.863867,73.601,92.195,107.877,4919.5
Arteaga_9_puntos_intento_10.mp4,533,4441.667,True,150.000,165.000,0.000,161.000,75.000,0.061111,0.500000,-0.863867,73.316,92.455,106.739,4874.5
Arteaga_9_puntos_intento_10.mp4,534,4450.000,True,150.000,165.000,0.000,162.000,74.000,0.066667,0.505556,-0.860215,74.106,90.750,113.946,4905.5
Arteaga_9_puntos_intento_10.mp4,535,4458.333,True,150.000,165.000,0.000,160.000,75.000,0.055556,0.500000,-0.864242,73.807,91.005,114.277,4884.5
Arteaga_9_puntos_intento_10.mp4,536,4466.667,True,150.000,165.000,0.000,156.000,78.000,0.033333,0.483333,-0.874802,75.067,90.702,107.109,4940.0
Arteaga_9_puntos_intento_10.mp4,537,4475.000,True,150.000,165.000,0.000,145.000,80.000,-0.027778,0.472222,-0.881042,76.990,93.354,102.823,5070.0
Arteaga_9_puntos_intento_10.mp4,538,4483.333,True,150.000,165.000,0.000,135.000,85.000,-0.083333,0.444444,-0.891922,77.686,92.858,96.462,5124.0
Arteaga_9_puntos_intento_10.mp4,539,4491.667,True,150.000,165.000,0.000,123.000,86.000,-0.150000,0.438889,-0.885933,83.113,92.644,89.123,5591.5
Arteaga_9_puntos_intento_10.mp4,540,4500.000,True,150.000,165.000,0.000,114.000,89.000,-0.200000,0.422222,-0.884154,83.751,94.044,81.081,5675.0
Arteaga_9_puntos_intento_10.mp4,541,4508.333,True,150.000,165.000,0.000,110.000,90.000,-0.222222,0.416667,-0.881480,83.232,96.255,79.596,5681.0
Arteaga_9_puntos_intento_10.mp4,542,4516.667,True,150.000,165.000,0.000,110.000,89.000,-0.222222,0.422222,-0.878832,82.429,95.724,83.851,5601.0
Arteaga_9_puntos_intento_10.mp4,543,4525.000,True,150.000,165.000,0.000,110.000,89.000,-0.222222,0.422222,-0.878832,82.563,95.210,89.674,5624.5
Arteaga_9_puntos_intento_10.mp4,544,4533.333,True,150.000,165.000,0.000,110.000,89.000,-0.222222,0.422222,-0.878832,83.590,94.613,85.961,5672.5
Arteaga_9_puntos_intento_10.mp4,545,4541.667,True,150.000,165.000,0.000,110.000,89.000,-0.222222,0.422222,-0.878832,83.231,94.920,85.266,5662.0
Arteaga_9_puntos_intento_10.mp4,546,4550.000,True,150.000,165.000,0.000,110.000,91.000,-0.222222,0.411111,-0.884084,79.796,95.146,90.677,5224.0
Arteaga_9_puntos_intento_10.mp4,547,4558.333,True,150.000,165.000,0.000,109.000,91.000,-0.227778,0.411111,-0.882669,79.900,94.891,92.327,5182.5
Arteaga_9_puntos_intento_10.mp4,548,4566.667,True,150.000,165.000,0.000,108.000,90.000,-0.233333,0.416667,-0.878604,79.677,97.233,92.880,5228.0
Arteaga_9_puntos_intento_10.mp4,549,4575.000,True,150.000,165.000,0.000,110.000,91.000,-0.222222,0.411111,-0.884084,79.494,94.587,92.035,5202.5
Arteaga_9_puntos_intento_10.mp4,550,4583.333,True,150.000,165.000,0.000,109.000,91.000,-0.227778,0.411111,-0.882669,79.955,96.381,90.035,5352.5
Arteaga_9_puntos_intento_10.mp4,551,4591.667,True,150.000,165.000,0.000,110.000,89.000,-0.222222,0.422222,-0.878832,84.163,95.126,85.866,5712.0
Arteaga_9_puntos_intento_10.mp4,552,4600.000,True,150.000,165.000,0.000,110.000,88.000,-0.222222,0.427778,-0.876141,84.767,94.967,85.832,5766.5
Arteaga_9_puntos_intento_10.mp4,553,4608.333,True,150.000,165.000,0.000,110.000,88.000,-0.222222,0.427778,-0.876141,85.016,94.435,88.894,5780.0
Arteaga_9_puntos_intento_10.mp4,554,4616.667,True,150.000,165.000,0.000,110.000,88.000,-0.222222,0.427778,-0.876141,85.054,95.100,87.300,5802.5
Arteaga_9_puntos_intento_10.mp4,555,4625.000,True,150.000,165.000,0.000,110.000,88.000,-0.222222,0.427778,-0.876141,84.844,94.658,86.947,5806.0
Arteaga_9_puntos_intento_10.mp4,556,4633.333,True,150.000,165.000,0.000,110.000,90.000,-0.222222,0.416667,-0.881480,80.509,96.097,91.705,5264.0
Arteaga_9_puntos_intento_10.mp4,557,4641.667,True,150.000,165.000,0.000,110.000,90.000,-0.222222,0.416667,-0.881480,80.989,94.784,90.896,5259.0
Arteaga_9_puntos_intento_10.mp4,558,4650.000,True,150.000,165.000,0.000,110.000,90.000,-0.222222,0.416667,-0.881480,81.429,95.047,88.681,5252.0
Arteaga_9_puntos_intento_10.mp4,559,4658.333,True,150.000,165.000,0.000,110.000,90.000,-0.222222,0.416667,-0.881480,82.066,94.681,88.775,5324.5
Arteaga_9_puntos_intento_10.mp4,560,4666.667,True,150.000,165.000,0.000,110.000,88.000,-0.222222,0.427778,-0.876141,85.428,94.115,83.779,5752.0
Arteaga_9_puntos_intento_10.mp4,561,4675.000,True,150.000,165.000,0.000,110.000,88.000,-0.222222,0.427778,-0.876141,84.896,94.572,87.150,5751.5
Arteaga_9_puntos_intento_10.mp4,562,4683.333,True,150.000,165.000,0.000,110.000,88.000,-0.222222,0.427778,-0.876141,85.404,96.107,81.382,5828.5
Arteaga_9_puntos_intento_10.mp4,563,4691.667,True,150.000,165.000,0.000,110.000,88.000,-0.222222,0.427778,-0.876141,85.498,96.051,86.739,5835.0
Arteaga_9_puntos_intento_10.mp4,564,4700.000,True,150.000,165.000,0.000,110.000,88.000,-0.222222,0.427778,-0.876141,85.524,96.233,85.718,5898.5
Arteaga_9_puntos_intento_10.mp4,565,4708.333,True,150.000,165.000,0.000,109.000,88.000,-0.227778,0.427778,-0.874713,87.383,96.378,85.768,5947.0
Arteaga_9_puntos_intento_10.mp4,566,4716.667,True,150.000,165.000,0.000,109.000,90.000,-0.227778,0.416667,-0.880060,88.414,94.057,71.234,5972.0
Arteaga_9_puntos_intento_10.mp4,567,4725.000,True,150.000,165.000,0.000,107.000,91.000,-0.238889,0.411111,-0.879727,88.163,96.365,77.235,5989.0
Arteaga_9_puntos_intento_10.mp4,568,4733.333,True,150.000,165.000,0.000,108.000,93.000,-0.233333,0.400000,-0.886316,82.129,98.626,90.967,5641.5
Arteaga_9_puntos_intento_10.mp4,569,4741.667,True,150.000,165.000,0.000,107.000,91.000,-0.238889,0.411111,-0.879727,88.957,96.145,80.098,6007.0
Arteaga_9_puntos_intento_10.mp4,570,4750.000,True,150.000,165.000,0.000,108.000,93.000,-0.233333,0.400000,-0.886316,84.074,96.339,86.135,5664.5
Arteaga_9_puntos_intento_10.mp4,571,4758.333,True,150.000,165.000,0.000,109.000,92.000,-0.227778,0.405556,-0.885236,84.068,95.042,90.818,5621.0
Arteaga_9_puntos_intento_10.mp4,572,4766.667,True,150.000,165.000,0.000,107.000,90.000,-0.238889,0.416667,-0.877109,87.689,97.074,82.683,6068.0
Arteaga_9_puntos_intento_10.mp4,573,4775.000,True,150.000,165.000,0.000,107.000,90.000,-0.238889,0.416667,-0.877109,87.764,97.360,82.349,6042.5
Arteaga_9_puntos_intento_10.mp4,574,4783.333,True,150.000,165.000,0.000,107.000,90.000,-0.238889,0.416667,-0.877109,88.165,96.935,82.143,6062.0
Arteaga_9_puntos_intento_10.mp4,575,4791.667,True,150.000,165.000,0.000,106.000,90.000,-0.244444,0.416667,-0.875577,87.316,99.325,82.919,6104.0
Arteaga_9_puntos_intento_10.mp4,576,4800.000,True,150.000,165.000,0.000,107.000,91.000,-0.238889,0.411111,-0.879727,85.448,95.996,92.004,5705.0
Arteaga_9_puntos_intento_10.mp4,577,4808.333,True,150.000,165.000,0.000,108.000,90.000,-0.233333,0.416667,-0.878604,88.029,96.176,89.453,6059.0
Arteaga_9_puntos_intento_10.mp4,578,4816.667,True,150.000,165.000,0.000,107.000,90.000,-0.238889,0.416667,-0.877109,87.539,97.668,85.107,6027.5
Arteaga_9_puntos_intento_10.mp4,579,4825.000,True,150.000,165.000,0.000,108.000,90.000,-0.233333,0.416667,-0.878604,88.203,96.230,82.055,6096.0
Arteaga_9_puntos_intento_10.mp4,580,4833.333,True,150.000,165.000,0.000,107.000,90.000,-0.238889,0.416667,-0.877109,88.596,97.313,77.526,6134.5
Arteaga_9_puntos_intento_10.mp4,581,4841.667,True,150.000,165.000,0.000,106.000,92.000,-0.244444,0.405556,-0.880779,84.138,99.365,90.885,5734.5
Arteaga_9_puntos_intento_10.mp4,582,4850.000,True,150.000,165.000,0.000,107.000,90.000,-0.238889,0.416667,-0.877109,87.619,97.505,84.302,6071.5
Arteaga_9_puntos_intento_10.mp4,583,4858.333,True,150.000,165.000,0.000,108.000,92.000,-0.233333,0.405556,-0.883787,83.074,95.834,97.534,5644.0
Arteaga_9_puntos_intento_10.mp4,584,4866.667,True,150.000,165.000,0.000,107.000,91.000,-0.238889,0.411111,-0.879727,85.394,97.814,93.756,5733.5
Arteaga_9_puntos_intento_10.mp4,585,4875.000,True,150.000,165.000,0.000,107.000,92.000,-0.238889,0.405556,-0.882302,82.489,99.866,94.270,5717.0
Arteaga_9_puntos_intento_10.mp4,586,4883.333,True,150.000,165.000,0.000,107.000,90.000,-0.238889,0.416667,-0.877109,87.765,97.413,86.457,6083.0
Arteaga_9_puntos_intento_10.mp4,587,4891.667,True,150.000,165.000,0.000,108.000,89.000,-0.233333,0.422222,-0.875947,89.114,94.594,89.830,6059.0
Arteaga_9_puntos_intento_10.mp4,588,4900.000,True,150.000,165.000,0.000,107.000,90.000,-0.238889,0.416667,-0.877109,87.418,97.956,85.764,6054.0
Arteaga_9_puntos_intento_10.mp4,589,4908.333,True,150.000,165.000,0.000,108.000,89.000,-0.233333,0.422222,-0.875947,88.042,95.291,87.663,6091.0
Arteaga_9_puntos_intento_10.mp4,590,4916.667,True,150.000,165.000,0.000,107.000,90.000,-0.238889,0.416667,-0.877109,87.028,98.517,83.636,6048.5
Arteaga_9_puntos_intento_10.mp4,591,4925.000,True,150.000,165.000,0.000,108.000,90.000,-0.233333,0.416667,-0.878604,88.716,94.498,85.091,6033.5
Arteaga_9_puntos_intento_10.mp4,592,4933.333,True,150.000,165.000,0.000,108.000,89.000,-0.233333,0.422222,-0.875947,88.224,95.101,91.288,6100.5
Arteaga_9_puntos_intento_10.mp4,593,4941.667,True,150.000,165.000,0.000,108.000,89.000,-0.233333,0.422222,-0.875947,87.864,95.566,89.719,6082.0
Arteaga_9_puntos_intento_10.mp4,594,4950.000,True,150.000,165.000,0.000,107.000,89.000,-0.238889,0.422222,-0.874449,87.180,96.769,89.526,6110.5
Arteaga_9_puntos_intento_10.mp4,595,4958.333,True,150.000,165.000,0.000,108.000,90.000,-0.233333,0.416667,-0.878604,87.785,95.616,86.424,6145.5
Arteaga_9_puntos_intento_10.mp4,596,4966.667,True,150.000,165.000,0.000,108.000,89.000,-0.233333,0.422222,-0.875947,87.554,94.636,92.700,6041.5
Arteaga_9_puntos_intento_10.mp4,597,4975.000,True,150.000,165.000,0.000,107.000,89.000,-0.238889,0.422222,-0.874449,86.514,97.182,87.555,6060.0
Arteaga_9_puntos_intento_10.mp4,598,4983.333,True,150.000,165.000,0.000,108.000,90.000,-0.233333,0.416667,-0.878604,87.891,96.368,83.061,6081.5
Arteaga_9_puntos_intento_10.mp4,599,4991.667,True,150.000,165.000,0.000,108.000,89.000,-0.233333,0.422222,-0.875947,87.070,95.794,88.919,6064.5
Arteaga_9_puntos_intento_10.mp4,600,5000.000,True,150.000,165.000,0.000,107.000,90.000,-0.238889,0.416667,-0.877109,87.459,97.479,84.533,6067.0
Arteaga_9_puntos_intento_10.mp4,601,5008.333,True,150.000,165.000,0.000,108.000,89.000,-0.233333,0.422222,-0.875947,87.145,96.595,88.603,6015.0
Arteaga_9_puntos_intento_10.mp4,602,5016.667,True,150.000,165.000,0.000,108.000,89.000,-0.233333,0.422222,-0.875947,86.344,96.438,86.410,6014.5
Arteaga_9_puntos_intento_10.mp4,603,5025.000,True,150.000,165.000,0.000,108.000,89.000,-0.233333,0.422222,-0.875947,86.442,96.197,87.579,6003.5
Arteaga_9_puntos_intento_10.mp4,604,5033.333,True,150.000,165.000,0.000,107.000,89.000,-0.238889,0.422222,-0.874449,86.357,96.937,87.046,6027.5
Arteaga_9_puntos_intento_10.mp4,605,5041.667,True,150.000,165.000,0.000,107.000,89.000,-0.238889,0.422222,-0.874449,86.377,96.942,85.416,5990.0
Arteaga_9_puntos_intento_10.mp4,606,5050.000,True,150.000,165.000,0.000,107.000,89.000,-0.238889,0.422222,-0.874449,86.165,97.570,88.028,6006.5
Arteaga_9_puntos_intento_10.mp4,607,5058.333,True,150.000,165.000,0.000,108.000,89.000,-0.233333,0.422222,-0.875947,86.136,98.334,84.965,6064.5
Arteaga_9_puntos_intento_10.mp4,608,5066.667,True,150.000,165.000,0.000,109.000,89.000,-0.227778,0.422222,-0.877409,86.349,97.277,87.962,6070.0
Arteaga_9_puntos_intento_10.mp4,609,5075.000,True,150.000,165.000,0.000,108.000,89.000,-0.233333,0.422222,-0.875947,85.975,98.288,89.182,6016.0
Arteaga_9_puntos_intento_10.mp4,610,5083.333,True,150.000,165.000,0.000,110.000,88.000,-0.222222,0.427778,-0.876141,85.229,94.806,93.740,5889.5
Arteaga_9_puntos_intento_10.mp4,611,5091.667,True,150.000,165.000,0.000,108.000,89.000,-0.233333,0.422222,-0.875947,85.398,97.604,88.347,5896.5
Arteaga_9_puntos_intento_10.mp4,612,5100.000,True,150.000,165.000,0.000,110.000,89.000,-0.222222,0.422222,-0.878832,86.192,94.095,92.877,5862.5
Arteaga_9_puntos_intento_10.mp4,613,5108.333,True,150.000,165.000,0.000,109.000,89.000,-0.227778,0.422222,-0.877409,85.392,97.000,88.674,5846.5
Arteaga_9_puntos_intento_10.mp4,614,5116.667,True,150.000,165.000,0.000,108.000,89.000,-0.233333,0.422222,-0.875947,85.123,96.974,87.778,5835.0
Arteaga_9_puntos_intento_10.mp4,615,5125.000,True,150.000,165.000,0.000,109.000,89.000,-0.227778,0.422222,-0.877409,86.104,95.793,86.885,5858.0
Arteaga_9_puntos_intento_10.mp4,616,5133.333,True,150.000,165.000,0.000,109.000,89.000,-0.227778,0.422222,-0.877409,85.603,96.012,86.250,5898.5
Arteaga_9_puntos_intento_10.mp4,617,5141.667,True,150.000,165.000,0.000,109.000,89.000,-0.227778,0.422222,-0.877409,86.244,95.684,80.886,5833.5
Arteaga_9_puntos_intento_10.mp4,618,5150.000,True,150.000,165.000,0.000,109.000,89.000,-0.227778,0.422222,-0.877409,85.749,96.157,85.151,5857.0
Arteaga_9_puntos_intento_10.mp4,619,5158.333,True,150.000,165.000,0.000,109.000,89.000,-0.227778,0.422222,-0.877409,85.678,95.424,86.602,5900.5
Arteaga_9_puntos_intento_10.mp4,620,5166.667,True,150.000,165.000,0.000,110.000,89.000,-0.222222,0.422222,-0.878832,85.617,94.452,93.414,5878.5
Arteaga_9_puntos_intento_10.mp4,621,5175.000,True,150.000,165.000,0.000,109.000,89.000,-0.227778,0.422222,-0.877409,85.686,94.876,88.805,5881.0
Arteaga_9_puntos_intento_10.mp4,622,5183.333,True,150.000,165.000,0.000,109.000,89.000,-0.227778,0.422222,-0.877409,85.336,96.355,87.885,5884.5
Arteaga_9_puntos_intento_10.mp4,623,5191.667,True,150.000,165.000,0.000,109.000,89.000,-0.227778,0.422222,-0.877409,87.318,93.594,88.045,5862.0
Arteaga_9_puntos_intento_10.mp4,624,5200.000,True,150.000,165.000,0.000,110.000,89.000,-0.222222,0.422222,-0.878832,87.120,93.621,84.462,5918.5
Arteaga_9_puntos_intento_10.mp4,625,5208.333,True,150.000,165.000,0.000,109.000,89.000,-0.227778,0.422222,-0.877409,86.029,94.986,84.383,5907.0
Arteaga_9_puntos_intento_10.mp4,626,5216.667,True,150.000,165.000,0.000,109.000,88.000,-0.227778,0.427778,-0.874713,85.916,94.622,90.496,5867.0
Arteaga_9_puntos_intento_10.mp4,627,5225.000,True,150.000,165.000,0.000,108.000,89.000,-0.233333,0.422222,-0.875947,85.752,95.970,82.677,5880.5
Arteaga_9_puntos_intento_10.mp4,628,5233.333,True,150.000,165.000,0.000,109.000,89.000,-0.227778,0.422222,-0.877409,86.828,94.842,82.735,5900.0
Arteaga_9_puntos_intento_10.mp4,629,5241.667,True,150.000,165.000,0.000,109.000,89.000,-0.227778,0.422222,-0.877409,87.060,93.832,88.737,5872.0
Arteaga_9_puntos_intento_10.mp4,630,5250.000,True,150.000,165.000,0.000,108.000,89.000,-0.233333,0.422222,-0.875947,85.959,96.399,85.933,5886.0
Arteaga_9_puntos_intento_10.mp4,631,5258.333,True,150.000,165.000,0.000,109.000,88.000,-0.227778,0.427778,-0.874713,86.411,94.713,88.603,5908.5
Arteaga_9_puntos_intento_10.mp4,632,5266.667,True,150.000,165.000,0.000,108.000,89.000,-0.233333,0.422222,-0.875947,84.898,96.611,88.198,5904.5
Arteaga_9_puntos_intento_10.mp4,633,5275.000,True,150.000,165.000,0.000,108.000,89.000,-0.233333,0.422222,-0.875947,85.099,96.650,84.871,5934.5
Arteaga_9_puntos_intento_10.mp4,634,5283.333,True,150.000,165.000,0.000,109.000,89.000,-0.227778,0.422222,-0.877409,86.051,95.293,88.584,5931.0
Arteaga_9_puntos_intento_10.mp4,635,5291.667,True,150.000,165.000,0.000,108.000,89.000,-0.233333,0.422222,-0.875947,86.684,95.097,86.263,5913.0
Arteaga_9_puntos_intento_10.mp4,636,5300.000,True,150.000,165.000,0.000,109.000,88.000,-0.227778,0.427778,-0.874713,86.201,95.069,91.082,5899.5
Arteaga_9_puntos_intento_10.mp4,637,5308.333,True,150.000,165.000,0.000,108.000,89.000,-0.233333,0.422222,-0.875947,85.472,96.490,85.985,5916.5
Arteaga_9_puntos_intento_10.mp4,638,5316.667,True,150.000,165.000,0.000,108.000,89.000,-0.233333,0.422222,-0.875947,86.432,94.730,83.551,5874.5
Arteaga_9_puntos_intento_10.mp4,639,5325.000,True,150.000,165.000,0.000,108.000,89.000,-0.233333,0.422222,-0.875947,86.790,96.226,84.917,5930.0
Arteaga_9_puntos_intento_10.mp4,640,5333.333,True,150.000,165.000,0.000,109.000,88.000,-0.227778,0.427778,-0.874713,86.863,93.324,92.161,5947.5
Arteaga_9_puntos_intento_10.mp4,641,5341.667,True,150.000,165.000,0.000,108.000,89.000,-0.233333,0.422222,-0.875947,86.432,96.010,81.260,5942.5
Arteaga_9_puntos_intento_10.mp4,642,5350.000,True,150.000,165.000,0.000,109.000,88.000,-0.227778,0.427778,-0.874713,85.654,95.129,88.175,5898.5
Arteaga_9_puntos_intento_10.mp4,643,5358.333,True,150.000,165.000,0.000,109.000,88.000,-0.227778,0.427778,-0.874713,86.287,93.994,88.595,5890.0
Arteaga_9_puntos_intento_10.mp4,644,5366.667,True,150.000,165.000,0.000,108.000,89.000,-0.233333,0.422222,-0.875947,85.565,96.881,86.496,5908.0
Arteaga_9_puntos_intento_10.mp4,645,5375.000,True,150.000,165.000,0.000,109.000,88.000,-0.227778,0.427778,-0.874713,85.560,94.722,89.636,5901.5
Arteaga_9_puntos_intento_10.mp4,646,5383.333,True,150.000,165.000,0.000,108.000,89.000,-0.233333,0.422222,-0.875947,85.621,97.174,86.646,5918.5
Arteaga_9_puntos_intento_10.mp4,647,5391.667,True,150.000,165.000,0.000,105.000,90.000,-0.250000,0.416667,-0.874007,85.663,98.718,81.717,5903.5
Arteaga_9_puntos_intento_10.mp4,648,5400.000,True,150.000,165.000,0.000,106.000,90.000,-0.244444,0.416667,-0.875577,85.762,96.183,78.963,5938.5
Arteaga_9_puntos_intento_10.mp4,649,5408.333,True,150.000,165.000,0.000,105.000,90.000,-0.250000,0.416667,-0.874007,84.793,99.525,85.742,5945.0
Arteaga_9_puntos_intento_10.mp4,650,5416.667,True,150.000,165.000,0.000,105.000,90.000,-0.250000,0.416667,-0.874007,84.726,98.600,86.134,5918.5
Arteaga_9_puntos_intento_10.mp4,651,5425.000,True,150.000,165.000,0.000,106.000,90.000,-0.244444,0.416667,-0.875577,86.232,96.256,82.979,5945.5
Arteaga_9_puntos_intento_10.mp4,652,5433.333,True,150.000,165.000,0.000,106.000,89.000,-0.244444,0.422222,-0.872912,86.396,96.261,89.946,5981.5
Arteaga_9_puntos_intento_10.mp4,653,5441.667,True,150.000,165.000,0.000,106.000,90.000,-0.244444,0.416667,-0.875577,86.404,97.967,86.204,5988.5
Arteaga_9_puntos_intento_10.mp4,654,5450.000,True,150.000,165.000,0.000,106.000,90.000,-0.244444,0.416667,-0.875577,85.980,97.909,85.550,5964.0
Arteaga_9_puntos_intento_10.mp4,655,5458.333,True,150.000,165.000,0.000,106.000,90.000,-0.244444,0.416667,-0.875577,87.116,95.393,87.440,5930.0
Arteaga_9_puntos_intento_10.mp4,656,5466.667,True,150.000,165.000,0.000,106.000,90.000,-0.244444,0.416667,-0.875577,86.354,97.522,79.239,5958.0
Arteaga_9_puntos_intento_10.mp4,657,5475.000,True,150.000,165.000,0.000,105.000,90.000,-0.250000,0.416667,-0.874007,85.873,97.660,83.506,5896.0
Arteaga_9_puntos_intento_10.mp4,658,5483.333,True,150.000,165.000,0.000,106.000,90.000,-0.244444,0.416667,-0.875577,86.378,97.069,81.737,5970.0
Arteaga_9_puntos_intento_10.mp4,659,5491.667,True,150.000,165.000,0.000,106.000,89.000,-0.244444,0.422222,-0.872912,85.753,96.466,87.314,5920.5
Arteaga_9_puntos_intento_10.mp4,660,5500.000,True,150.000,165.000,0.000,106.000,90.000,-0.244444,0.416667,-0.875577,86.411,97.191,83.569,5949.0
Arteaga_9_puntos_intento_10.mp4,661,5508.333,True,150.000,165.000,0.000,106.000,89.000,-0.244444,0.422222,-0.872912,86.135,95.951,92.670,5949.5
Arteaga_9_puntos_intento_10.mp4,662,5516.667,True,150.000,165.000,0.000,106.000,89.000,-0.244444,0.422222,-0.872912,85.940,96.453,90.659,5998.5
Arteaga_9_puntos_intento_10.mp4,663,5525.000,True,150.000,165.000,0.000,106.000,89.000,-0.244444,0.422222,-0.872912,86.242,96.402,88.115,5981.5
Arteaga_9_puntos_intento_10.mp4,664,5533.333,True,150.000,165.000,0.000,106.000,89.000,-0.244444,0.422222,-0.872912,86.425,97.371,86.885,5979.5
Arteaga_9_puntos_intento_10.mp4,665,5541.667,True,150.000,165.000,0.000,107.000,89.000,-0.238889,0.422222,-0.874449,86.766,95.940,84.997,5927.0
Arteaga_9_puntos_intento_10.mp4,666,5550.000,True,150.000,165.000,0.000,106.000,89.000,-0.244444,0.422222,-0.872912,86.397,97.089,86.673,5981.0
Arteaga_9_puntos_intento_10.mp4,667,5558.333,True,150.000,165.000,0.000,106.000,89.000,-0.244444,0.422222,-0.872912,86.047,97.253,86.681,5972.5
Arteaga_9_puntos_intento_10.mp4,668,5566.667,True,150.000,165.000,0.000,107.000,89.000,-0.238889,0.422222,-0.874449,86.581,95.700,87.117,5974.0
Arteaga_9_puntos_intento_10.mp4,669,5575.000,True,150.000,165.000,0.000,107.000,89.000,-0.238889,0.422222,-0.874449,85.806,95.805,89.870,5945.0
Arteaga_9_puntos_intento_10.mp4,670,5583.333,True,150.000,165.000,0.000,107.000,89.000,-0.238889,0.422222,-0.874449,86.244,95.747,90.805,5967.5
Arteaga_9_puntos_intento_10.mp4,671,5591.667,True,150.000,165.000,0.000,107.000,89.000,-0.238889,0.422222,-0.874449,87.184,95.632,85.007,5983.0
Arteaga_9_puntos_intento_10.mp4,672,5600.000,True,150.000,165.000,0.000,106.000,89.000,-0.244444,0.422222,-0.872912,86.813,97.626,83.621,6022.5
Arteaga_9_puntos_intento_10.mp4,673,5608.333,True,150.000,165.000,0.000,106.000,92.000,-0.244444,0.405556,-0.880779,81.432,98.912,91.975,5568.5
Arteaga_9_puntos_intento_10.mp4,674,5616.667,True,150.000,165.000,0.000,107.000,89.000,-0.238889,0.422222,-0.874449,87.067,95.607,90.373,6001.0
Arteaga_9_puntos_intento_10.mp4,675,5625.000,True,150.000,165.000,0.000,107.000,89.000,-0.238889,0.422222,-0.874449,87.283,95.935,85.955,6006.0
Arteaga_9_puntos_intento_10.mp4,676,5633.333,True,150.000,165.000,0.000,107.000,89.000,-0.238889,0.422222,-0.874449,86.354,96.587,86.218,6000.0
Arteaga_9_puntos_intento_10.mp4,677,5641.667,True,150.000,165.000,0.000,107.000,90.000,-0.238889,0.416667,-0.877109,86.667,96.077,81.568,5994.0
Arteaga_9_puntos_intento_10.mp4,678,5650.000,True,150.000,165.000,0.000,107.000,89.000,-0.238889,0.422222,-0.874449,87.025,96.725,84.581,6019.0
Arteaga_9_puntos_intento_10.mp4,679,5658.333,True,150.000,165.000,0.000,107.000,89.000,-0.238889,0.422222,-0.874449,86.664,97.299,85.406,6012.0
Arteaga_9_puntos_intento_10.mp4,680,5666.667,True,150.000,165.000,0.000,107.000,90.000,-0.238889,0.416667,-0.877109,86.640,96.158,78.951,6016.5
Arteaga_9_puntos_intento_10.mp4,681,5675.000,True,150.000,165.000,0.000,108.000,90.000,-0.233333,0.416667,-0.878604,87.166,95.113,81.893,6011.5
Arteaga_9_puntos_intento_10.mp4,682,5683.333,True,150.000,165.000,0.000,108.000,90.000,-0.233333,0.416667,-0.878604,87.749,94.067,85.175,6028.5
Arteaga_9_puntos_intento_10.mp4,683,5691.667,True,150.000,165.000,0.000,107.000,89.000,-0.238889,0.422222,-0.874449,86.918,96.323,85.746,6000.5
Arteaga_9_puntos_intento_10.mp4,684,5700.000,True,150.000,165.000,0.000,108.000,90.000,-0.233333,0.416667,-0.878604,88.195,95.755,78.149,6026.0
Arteaga_9_puntos_intento_10.mp4,685,5708.333,True,150.000,165.000,0.000,107.000,90.000,-0.238889,0.416667,-0.877109,88.059,96.922,86.021,6019.0
Arteaga_9_puntos_intento_10.mp4,686,5716.667,True,150.000,165.000,0.000,106.000,90.000,-0.244444,0.416667,-0.875577,87.021,97.956,82.162,6027.5
Arteaga_9_puntos_intento_10.mp4,687,5725.000,True,150.000,165.000,0.000,106.000,90.000,-0.244444,0.416667,-0.875577,86.849,97.421,86.674,6033.0
Arteaga_9_puntos_intento_10.mp4,688,5733.333,True,150.000,165.000,0.000,107.000,89.000,-0.238889,0.422222,-0.874449,87.058,96.373,87.820,6050.0
Arteaga_9_puntos_intento_10.mp4,689,5741.667,True,150.000,165.000,0.000,107.000,89.000,-0.238889,0.422222,-0.874449,87.166,96.349,86.430,6014.0
Arteaga_9_puntos_intento_10.mp4,690,5750.000,True,150.000,165.000,0.000,107.000,89.000,-0.238889,0.422222,-0.874449,86.226,97.537,87.457,6068.5
Arteaga_9_puntos_intento_10.mp4,691,5758.333,True,150.000,165.000,0.000,107.000,89.000,-0.238889,0.422222,-0.874449,87.033,96.123,85.978,6008.0
Arteaga_9_puntos_intento_10.mp4,692,5766.667,True,150.000,165.000,0.000,107.000,90.000,-0.238889,0.416667,-0.877109,86.667,96.940,84.044,6004.5
Arteaga_9_puntos_intento_10.mp4,693,5775.000,True,150.000,165.000,0.000,108.000,90.000,-0.233333,0.416667,-0.878604,87.385,94.394,84.751,5993.0
Arteaga_9_puntos_intento_10.mp4,694,5783.333,True,150.000,165.000,0.000,106.000,90.000,-0.244444,0.416667,-0.875577,86.690,97.987,88.127,6011.0
Arteaga_9_puntos_intento_10.mp4,695,5791.667,True,150.000,165.000,0.000,107.000,89.000,-0.238889,0.422222,-0.874449,86.259,97.033,88.331,5984.0
Arteaga_9_puntos_intento_10.mp4,696,5800.000,True,150.000,165.000,0.000,107.000,89.000,-0.238889,0.422222,-0.874449,86.444,97.280,89.476,5960.5
Arteaga_9_puntos_intento_10.mp4,697,5808.333,True,150.000,165.000,0.000,107.000,89.000,-0.238889,0.422222,-0.874449,86.865,95.900,89.610,5950.5
Arteaga_9_puntos_intento_10.mp4,698,5816.667,True,150.000,165.000,0.000,107.000,91.000,-0.238889,0.411111,-0.879727,83.553,95.147,92.806,5572.0
Arteaga_9_puntos_intento_10.mp4,699,5825.000,True,150.000,165.000,0.000,106.000,91.000,-0.244444,0.411111,-0.878200,83.616,96.762,91.512,5612.0
Arteaga_9_puntos_intento_10.mp4,700,5833.333,True,150.000,165.000,0.000,106.000,90.000,-0.244444,0.416667,-0.875577,86.899,97.948,85.952,6108.0
Arteaga_9_puntos_intento_10.mp4,701,5841.667,True,150.000,165.000,0.000,106.000,90.000,-0.244444,0.416667,-0.875577,87.076,97.601,84.883,6118.5
Arteaga_9_puntos_intento_10.mp4,702,5850.000,True,150.000,165.000,0.000,107.000,90.000,-0.238889,0.416667,-0.877109,87.682,96.643,86.114,6135.0
Arteaga_9_puntos_intento_10.mp4,703,5858.333,True,150.000,165.000,0.000,106.000,90.000,-0.244444,0.416667,-0.875577,87.420,97.553,83.475,6162.5
Arteaga_9_puntos_intento_10.mp4,704,5866.667,True,150.000,165.000,0.000,107.000,89.000,-0.238889,0.422222,-0.874449,88.254,95.903,90.470,6126.0
Arteaga_9_puntos_intento_10.mp4,705,5875.000,True,150.000,165.000,0.000,107.000,90.000,-0.238889,0.416667,-0.877109,87.252,97.677,87.849,6132.5
Arteaga_9_puntos_intento_10.mp4,706,5883.333,True,150.000,165.000,0.000,110.000,89.000,-0.222222,0.422222,-0.878832,85.673,101.297,90.569,6114.5
Arteaga_9_puntos_intento_10.mp4,707,5891.667,True,150.000,165.000,0.000,123.000,87.000,-0.150000,0.433333,-0.888663,84.664,99.056,105.515,6061.5
Arteaga_9_puntos_intento_10.mp4,708,5900.000,True,150.000,165.000,0.000,139.000,88.000,-0.061111,0.427778,-0.901816,81.122,98.781,111.543,5761.5
Arteaga_9_puntos_intento_10.mp4,709,5908.333,True,150.000,165.000,0.000,155.000,87.000,0.027778,0.433333,-0.900806,79.725,98.787,116.151,5762.5
Arteaga_9_puntos_intento_10.mp4,710,5916.667,True,150.000,165.000,0.000,168.000,87.000,0.100000,0.433333,-0.895669,78.887,100.534,119.031,5816.0
Arteaga_9_puntos_intento_10.mp4,711,5925.000,True,150.000,165.000,0.000,181.000,88.000,0.172222,0.427778,-0.887325,78.614,100.298,121.554,5943.5
Arteaga_9_puntos_intento_10.mp4,712,5933.333,True,150.000,165.000,0.000,191.000,88.000,0.227778,0.427778,-0.874713,75.972,103.120,124.261,5703.5
Arteaga_9_puntos_intento_10.mp4,713,5941.667,True,150.000,165.000,0.000,200.000,89.000,0.277778,0.422222,-0.862883,75.334,100.683,126.254,5604.5
Arteaga_9_puntos_intento_10.mp4,714,5950.000,True,150.000,165.000,0.000,201.000,88.000,0.283333,0.427778,-0.858329,75.529,100.467,127.271,5618.5
Arteaga_9_puntos_intento_10.mp4,715,5958.333,True,150.000,165.000,0.000,201.000,88.000,0.283333,0.427778,-0.858329,76.770,99.884,125.385,5669.5
Arteaga_9_puntos_intento_10.mp4,716,5966.667,True,150.000,165.000,0.000,200.000,87.000,0.277778,0.433333,-0.857357,76.041,101.626,125.874,5679.5
Arteaga_9_puntos_intento_10.mp4,717,5975.000,True,150.000,165.000,0.000,200.000,88.000,0.277778,0.427778,-0.860143,76.499,100.859,125.370,5653.0
Arteaga_9_puntos_intento_10.mp4,718,5983.333,True,150.000,165.000,0.000,201.000,88.000,0.283333,0.427778,-0.858329,75.296,97.597,128.031,5444.0
Arteaga_9_puntos_intento_10.mp4,719,5991.667,True,150.000,165.000,0.000,201.000,88.000,0.283333,0.427778,-0.858329,76.088,97.065,126.756,5468.0
Arteaga_9_puntos_intento_10.mp4,720,6000.000,True,150.000,165.000,0.000,200.000,87.000,0.277778,0.433333,-0.857357,75.058,100.543,124.491,5466.5
Arteaga_9_puntos_intento_10.mp4,721,6008.333,True,150.000,165.000,0.000,200.000,88.000,0.277778,0.427778,-0.860143,75.168,98.762,126.717,5453.5
Arteaga_9_puntos_intento_10.mp4,722,6016.667,True,150.000,165.000,0.000,200.000,87.000,0.277778,0.433333,-0.857357,75.117,99.708,127.027,5459.0
Arteaga_9_puntos_intento_10.mp4,723,6025.000,True,150.000,165.000,0.000,200.000,87.000,0.277778,0.433333,-0.857357,74.502,99.554,127.861,5465.5
Arteaga_9_puntos_intento_10.mp4,724,6033.333,True,150.000,165.000,0.000,200.000,87.000,0.277778,0.433333,-0.857357,74.285,98.715,125.377,5326.5
Arteaga_9_puntos_intento_10.mp4,725,6041.667,True,150.000,165.000,0.000,200.000,87.000,0.277778,0.433333,-0.857357,73.919,98.645,124.794,5311.0
Arteaga_9_puntos_intento_10.mp4,726,6050.000,True,150.000,165.000,0.000,199.000,86.000,0.272222,0.438889,-0.856313,73.732,99.564,123.774,5317.5
Arteaga_9_puntos_intento_10.mp4,727,6058.333,True,150.000,165.000,0.000,199.000,86.000,0.272222,0.438889,-0.856313,74.029,99.665,123.219,5292.0
Arteaga_9_puntos_intento_10.mp4,728,6066.667,True,150.000,165.000,0.000,200.000,86.000,0.277778,0.438889,-0.854527,73.899,98.610,126.376,5326.5
Arteaga_9_puntos_intento_10.mp4,729,6075.000,True,150.000,165.000,0.000,200.000,86.000,0.277778,0.438889,-0.854527,74.034,97.351,127.572,5275.5
Arteaga_9_puntos_intento_10.mp4,730,6083.333,True,150.000,165.000,0.000,200.000,86.000,0.277778,0.438889,-0.854527,73.002,96.736,126.883,5130.5
Arteaga_9_puntos_intento_10.mp4,731,6091.667,True,150.000,165.000,0.000,201.000,87.000,0.283333,0.433333,-0.855538,73.520,94.740,125.028,5106.5
Arteaga_9_puntos_intento_10.mp4,732,6100.000,True,150.000,165.000,0.000,201.000,86.000,0.283333,0.438889,-0.852701,72.921,96.302,126.344,5136.0
Arteaga_9_puntos_intento_10.mp4,733,6108.333,True,150.000,165.000,0.000,201.000,86.000,0.283333,0.438889,-0.852701,73.441,95.902,127.776,5122.0
Arteaga_9_puntos_intento_10.mp4,734,6116.667,True,150.000,165.000,0.000,201.000,86.000,0.283333,0.438889,-0.852701,73.165,95.360,127.151,5113.5
Arteaga_9_puntos_intento_10.mp4,735,6125.000,True,150.000,165.000,0.000,200.000,86.000,0.277778,0.438889,-0.854527,73.200,96.449,126.287,5165.5
Arteaga_9_puntos_intento_10.mp4,736,6133.333,True,150.000,165.000,0.000,200.000,86.000,0.277778,0.438889,-0.854527,73.484,95.721,127.688,5125.0
Arteaga_9_puntos_intento_10.mp4,737,6141.667,True,150.000,165.000,0.000,200.000,86.000,0.277778,0.438889,-0.854527,72.671,96.373,126.570,5088.5
Arteaga_9_puntos_intento_10.mp4,738,6150.000,True,150.000,165.000,0.000,200.000,86.000,0.277778,0.438889,-0.854527,72.689,98.618,124.131,5125.5
Arteaga_9_puntos_intento_10.mp4,739,6158.333,True,150.000,165.000,0.000,200.000,86.000,0.277778,0.438889,-0.854527,73.535,96.475,123.073,5104.5
Arteaga_9_puntos_intento_10.mp4,740,6166.667,True,150.000,165.000,0.000,201.000,86.000,0.283333,0.438889,-0.852701,73.717,95.259,126.470,5154.0
Arteaga_9_puntos_intento_10.mp4,741,6175.000,True,150.000,165.000,0.000,200.000,86.000,0.277778,0.438889,-0.854527,73.490,95.226,126.414,5109.5
Arteaga_9_puntos_intento_10.mp4,742,6183.333,True,150.000,165.000,0.000,200.000,86.000,0.277778,0.438889,-0.854527,73.225,96.465,126.409,5132.0
Arteaga_9_puntos_intento_10.mp4,743,6191.667,True,150.000,165.000,0.000,201.000,86.000,0.283333,0.438889,-0.852701,73.995,94.639,125.761,5118.5
Arteaga_9_puntos_intento_10.mp4,744,6200.000,True,150.000,165.000,0.000,201.000,86.000,0.283333,0.438889,-0.852701,73.859,95.188,127.006,5147.0
Arteaga_9_puntos_intento_10.mp4,745,6208.333,True,150.000,165.000,0.000,200.000,86.000,0.277778,0.438889,-0.854527,73.341,96.883,124.211,5125.0
Arteaga_9_puntos_intento_10.mp4,746,6216.667,True,150.000,165.000,0.000,200.000,85.000,0.277778,0.444444,-0.851651,73.024,97.096,125.733,5096.5
Arteaga_9_puntos_intento_10.mp4,747,6225.000,True,150.000,165.000,0.000,200.000,86.000,0.277778,0.438889,-0.854527,73.499,95.214,125.168,5106.0
Arteaga_9_puntos_intento_10.mp4,748,6233.333,True,150.000,165.000,0.000,200.000,86.000,0.277778,0.438889,-0.854527,73.241,95.946,127.056,5126.5
Arteaga_9_puntos_intento_10.mp4,749,6241.667,True,150.000,165.000,0.000,200.000,85.000,0.277778,0.444444,-0.851651,72.962,97.365,124.085,5084.0
Arteaga_9_puntos_intento_10.mp4,750,6250.000,True,150.000,165.000,0.000,199.000,85.000,0.272222,0.444444,-0.853443,73.031,98.951,124.874,5146.0
Arteaga_9_puntos_intento_10.mp4,751,6258.333,True,150.000,165.000,0.000,201.000,85.000,0.283333,0.444444,-0.849818,72.810,97.026,127.238,5116.5
Arteaga_9_puntos_intento_10.mp4,752,6266.667,True,150.000,165.000,0.000,200.000,86.000,0.277778,0.438889,-0.854527,72.879,96.679,127.017,5122.5
Arteaga_9_puntos_intento_10.mp4,753,6275.000,True,150.000,165.000,0.000,200.000,86.000,0.277778,0.438889,-0.854527,72.856,96.677,125.739,5125.5
Arteaga_9_puntos_intento_10.mp4,754,6283.333,True,150.000,165.000,0.000,200.000,86.000,0.277778,0.438889,-0.854527,73.227,96.734,126.251,5124.5
Arteaga_9_puntos_intento_10.mp4,755,6291.667,True,150.000,165.000,0.000,201.000,86.000,0.283333,0.438889,-0.852701,73.580,94.204,127.971,5109.0
Arteaga_9_puntos_intento_10.mp4,756,6300.000,True,150.000,165.000,0.000,201.000,86.000,0.283333,0.438889,-0.852701,73.893,95.391,125.725,5163.5
Arteaga_9_puntos_intento_10.mp4,757,6308.333,True,150.000,165.000,0.000,201.000,86.000,0.283333,0.438889,-0.852701,73.528,95.005,126.144,5117.0
Arteaga_9_puntos_intento_10.mp4,758,6316.667,True,150.000,165.000,0.000,200.000,86.000,0.277778,0.438889,-0.854527,72.668,97.088,122.778,5120.0
Arteaga_9_puntos_intento_10.mp4,759,6325.000,True,150.000,165.000,0.000,200.000,86.000,0.277778,0.438889,-0.854527,73.451,96.347,125.292,5132.0
Arteaga_9_puntos_intento_10.mp4,760,6333.333,True,150.000,165.000,0.000,201.000,86.000,0.283333,0.438889,-0.852701,73.191,95.922,125.582,5104.0
Arteaga_9_puntos_intento_10.mp4,761,6341.667,True,150.000,165.000,0.000,201.000,86.000,0.283333,0.438889,-0.852701,73.419,94.651,126.438,5107.5
Arteaga_9_puntos_intento_10.mp4,762,6350.000,True,150.000,165.000,0.000,201.000,86.000,0.283333,0.438889,-0.852701,73.107,95.917,126.110,5117.5
Arteaga_9_puntos_intento_10.mp4,763,6358.333,True,150.000,165.000,0.000,201.000,86.000,0.283333,0.438889,-0.852701,72.824,95.533,124.471,5083.0
Arteaga_9_puntos_intento_10.mp4,764,6366.667,True,150.000,165.000,0.000,201.000,86.000,0.283333,0.438889,-0.852701,72.895,95.014,124.511,5089.5
Arteaga_9_puntos_intento_10.mp4,765,6375.000,True,150.000,165.000,0.000,202.000,87.000,0.288889,0.433333,-0.853678,73.352,93.916,126.136,5080.5
Arteaga_9_puntos_intento_10.mp4,766,6383.333,True,150.000,165.000,0.000,200.000,86.000,0.277778,0.438889,-0.854527,72.973,96.513,123.882,5092.5
Arteaga_9_puntos_intento_10.mp4,767,6391.667,True,150.000,165.000,0.000,201.000,86.000,0.283333,0.438889,-0.852701,73.208,95.490,126.057,5141.5
Arteaga_9_puntos_intento_10.mp4,768,6400.000,True,150.000,165.000,0.000,201.000,86.000,0.283333,0.438889,-0.852701,73.034,96.529,124.761,5121.0
Arteaga_9_puntos_intento_10.mp4,769,6408.333,True,150.000,165.000,0.000,201.000,86.000,0.283333,0.438889,-0.852701,74.022,94.712,127.184,5156.5
Arteaga_9_puntos_intento_10.mp4,770,6416.667,True,150.000,165.000,0.000,201.000,86.000,0.283333,0.438889,-0.852701,73.430,96.038,123.493,5125.0
Arteaga_9_puntos_intento_10.mp4,771,6425.000,True,150.000,165.000,0.000,201.000,87.000,0.283333,0.433333,-0.855538,72.959,96.148,123.222,5128.5
Arteaga_9_puntos_intento_10.mp4,772,6433.333,True,150.000,165.000,0.000,201.000,86.000,0.283333,0.438889,-0.852701,72.773,96.227,123.617,5154.0
Arteaga_9_puntos_intento_10.mp4,773,6441.667,True,150.000,165.000,0.000,201.000,87.000,0.283333,0.433333,-0.855538,73.232,95.288,125.028,5108.0
Arteaga_9_puntos_intento_10.mp4,774,6450.000,True,150.000,165.000,0.000,200.000,86.000,0.277778,0.438889,-0.854527,72.867,97.131,124.144,5115.5
Arteaga_9_puntos_intento_10.mp4,775,6458.333,True,150.000,165.000,0.000,201.000,87.000,0.283333,0.433333,-0.855538,73.238,95.796,125.840,5138.0
Arteaga_9_puntos_intento_10.mp4,776,6466.667,True,150.000,165.000,0.000,201.000,87.000,0.283333,0.433333,-0.855538,73.356,95.704,125.294,5135.5
Arteaga_9_puntos_intento_10.mp4,777,6475.000,True,150.000,165.000,0.000,201.000,86.000,0.283333,0.438889,-0.852701,72.887,96.753,124.429,5142.0
Arteaga_9_puntos_intento_10.mp4,778,6483.333,True,150.000,165.000,0.000,202.000,87.000,0.288889,0.433333,-0.853678,73.640,95.395,126.193,5186.0
Arteaga_9_puntos_intento_10.mp4,779,6491.667,True,150.000,165.000,0.000,201.000,87.000,0.283333,0.433333,-0.855538,73.491,96.303,126.176,5159.0
Arteaga_9_puntos_intento_10.mp4,780,6500.000,True,150.000,165.000,0.000,201.000,87.000,0.283333,0.433333,-0.855538,73.528,95.790,125.666,5202.5
Arteaga_9_puntos_intento_10.mp4,781,6508.333,True,150.000,165.000,0.000,201.000,86.000,0.283333,0.438889,-0.852701,74.174,96.378,127.436,5190.5
Arteaga_9_puntos_intento_10.mp4,782,6516.667,True,150.000,165.000,0.000,201.000,86.000,0.283333,0.438889,-0.852701,73.836,96.642,128.014,5198.5
Arteaga_9_puntos_intento_10.mp4,783,6525.000,True,150.000,165.000,0.000,201.000,86.000,0.283333,0.438889,-0.852701,73.622,97.784,125.768,5209.0
Arteaga_9_puntos_intento_10.mp4,784,6533.333,True,150.000,165.000,0.000,201.000,86.000,0.283333,0.438889,-0.852701,73.826,97.407,127.291,5209.5
Arteaga_9_puntos_intento_10.mp4,785,6541.667,True,150.000,165.000,0.000,201.000,86.000,0.283333,0.438889,-0.852701,73.467,97.211,129.731,5240.5
Arteaga_9_puntos_intento_10.mp4,786,6550.000,True,150.000,165.000,0.000,203.000,87.000,0.294444,0.433333,-0.851777,73.679,97.793,127.034,5280.5
Arteaga_9_puntos_intento_10.mp4,787,6558.333,True,150.000,165.000,0.000,211.000,91.000,0.338889,0.411111,-0.846252,73.529,101.722,128.660,5529.5
Arteaga_9_puntos_intento_10.mp4,788,6566.667,True,150.000,165.000,0.000,220.000,95.000,0.388889,0.388889,-0.835183,72.449,101.678,129.844,5550.5
Arteaga_9_puntos_intento_10.mp4,789,6575.000,True,150.000,165.000,0.000,225.000,97.000,0.416667,0.377778,-0.826845,72.029,100.773,132.932,5490.5
Arteaga_9_puntos_intento_10.mp4,790,6583.333,True,150.000,165.000,0.000,223.000,96.000,0.405556,0.383333,-0.829807,72.542,101.358,130.997,5490.0
Arteaga_9_puntos_intento_10.mp4,791,6591.667,True,150.000,165.000,0.000,222.000,96.000,0.400000,0.383333,-0.832500,73.198,101.353,129.922,5560.5
Arteaga_9_puntos_intento_10.mp4,792,6600.000,True,150.000,165.000,0.000,223.000,97.000,0.405556,0.377778,-0.832351,73.326,101.368,130.146,5581.5
Arteaga_9_puntos_intento_10.mp4,793,6608.333,True,150.000,165.000,0.000,223.000,97.000,0.405556,0.377778,-0.832351,72.876,100.644,130.245,5518.5
Arteaga_9_puntos_intento_10.mp4,794,6616.667,True,150.000,165.000,0.000,224.000,97.000,0.411111,0.377778,-0.829621,73.221,99.374,131.443,5527.5
Arteaga_9_puntos_intento_10.mp4,795,6625.000,True,150.000,165.000,0.000,223.000,96.000,0.405556,0.383333,-0.829807,72.595,100.753,130.508,5509.5
Arteaga_9_puntos_intento_10.mp4,796,6633.333,True,150.000,165.000,0.000,223.000,97.000,0.405556,0.377778,-0.832351,73.282,100.278,131.606,5575.5
Arteaga_9_puntos_intento_10.mp4,797,6641.667,True,150.000,165.000,0.000,223.000,96.000,0.405556,0.383333,-0.829807,72.972,100.025,131.661,5505.0
Arteaga_9_puntos_intento_10.mp4,798,6650.000,True,150.000,165.000,0.000,223.000,96.000,0.405556,0.383333,-0.829807,72.945,100.608,130.760,5541.0
Arteaga_9_puntos_intento_10.mp4,799,6658.333,True,150.000,165.000,0.000,223.000,96.000,0.405556,0.383333,-0.829807,73.068,99.446,130.712,5512.5
Arteaga_9_puntos_intento_10.mp4,800,6666.667,True,150.000,165.000,0.000,223.000,96.000,0.405556,0.383333,-0.829807,73.226,101.464,129.182,5565.0
Arteaga_9_puntos_intento_10.mp4,801,6675.000,True,150.000,165.000,0.000,223.000,96.000,0.405556,0.383333,-0.829807,73.347,101.508,130.891,5582.0
Arteaga_9_puntos_intento_10.mp4,802,6683.333,True,150.000,165.000,0.000,223.000,96.000,0.405556,0.383333,-0.829807,73.302,101.250,130.218,5557.5
Arteaga_9_puntos_intento_10.mp4,803,6691.667,True,150.000,165.000,0.000,223.000,96.000,0.405556,0.383333,-0.829807,73.299,101.540,130.990,5566.0
Arteaga_9_puntos_intento_10.mp4,804,6700.000,True,150.000,165.000,0.000,223.000,96.000,0.405556,0.383333,-0.829807,72.887,101.084,131.332,5550.5
Arteaga_9_puntos_intento_10.mp4,805,6708.333,True,150.000,165.000,0.000,222.000,96.000,0.400000,0.383333,-0.832500,73.093,102.188,130.587,5562.0
Arteaga_9_puntos_intento_10.mp4,806,6716.667,True,150.000,165.000,0.000,222.000,95.000,0.400000,0.388889,-0.829919,73.331,102.322,131.180,5595.5
Arteaga_9_puntos_intento_10.mp4,807,6725.000,True,150.000,165.000,0.000,222.000,95.000,0.400000,0.388889,-0.829919,73.431,102.797,130.905,5609.5
Arteaga_9_puntos_intento_10.mp4,808,6733.333,True,150.000,165.000,0.000,223.000,95.000,0.405556,0.388889,-0.827218,73.435,101.943,131.051,5595.5
Arteaga_9_puntos_intento_10.mp4,809,6741.667,True,150.000,165.000,0.000,223.000,96.000,0.405556,0.383333,-0.829807,73.140,101.499,131.773,5592.0
Arteaga_9_puntos_intento_10.mp4,810,6750.000,True,150.000,165.000,0.000,223.000,96.000,0.405556,0.383333,-0.829807,73.135,101.503,130.373,5627.0
Arteaga_9_puntos_intento_10.mp4,811,6758.333,True,150.000,165.000,0.000,223.000,96.000,0.405556,0.383333,-0.829807,73.031,101.692,132.323,5569.5
Arteaga_9_puntos_intento_10.mp4,812,6766.667,True,150.000,165.000,0.000,223.000,96.000,0.405556,0.383333,-0.829807,73.310,101.945,131.718,5628.0
Arteaga_9_puntos_intento_10.mp4,813,6775.000,True,150.000,165.000,0.000,223.000,96.000,0.405556,0.383333,-0.829807,73.298,100.797,131.015,5618.0
Arteaga_9_puntos_intento_10.mp4,814,6783.333,True,150.000,165.000,0.000,223.000,95.000,0.405556,0.388889,-0.827218,74.377,103.814,132.029,5797.5
Arteaga_9_puntos_intento_10.mp4,815,6791.667,True,150.000,165.000,0.000,223.000,96.000,0.405556,0.383333,-0.829807,74.412,102.544,132.013,5786.5
Arteaga_9_puntos_intento_10.mp4,816,6800.000,True,150.000,165.000,0.000,223.000,95.000,0.405556,0.388889,-0.827218,74.308,102.819,132.293,5775.5
Arteaga_9_puntos_intento_10.mp4,817,6808.333,True,150.000,165.000,0.000,223.000,96.000,0.405556,0.383333,-0.829807,74.731,102.197,132.464,5756.0
Arteaga_9_puntos_intento_10.mp4,818,6816.667,True,150.000,165.000,0.000,222.000,95.000,0.400000,0.388889,-0.829919,74.277,104.062,131.238,5765.5
Arteaga_9_puntos_intento_10.mp4,819,6825.000,True,150.000,165.000,0.000,223.000,95.000,0.405556,0.388889,-0.827218,74.529,103.474,132.683,5776.5
Arteaga_9_puntos_intento_10.mp4,820,6833.333,True,150.000,165.000,0.000,222.000,95.000,0.400000,0.388889,-0.829919,74.564,104.360,131.859,5823.0
Arteaga_9_puntos_intento_10.mp4,821,6841.667,True,150.000,165.000,0.000,222.000,95.000,0.400000,0.388889,-0.829919,74.152,104.388,130.546,5803.0
Arteaga_9_puntos_intento_10.mp4,822,6850.000,True,150.000,165.000,0.000,222.000,96.000,0.400000,0.383333,-0.832500,74.134,103.980,130.879,5805.0
Arteaga_9_puntos_intento_10.mp4,823,6858.333,True,150.000,165.000,0.000,223.000,95.000,0.405556,0.388889,-0.827218,75.045,103.444,132.002,5800.0
Arteaga_9_puntos_intento_10.mp4,824,6866.667,True,150.000,165.000,0.000,223.000,95.000,0.405556,0.388889,-0.827218,75.130,103.544,132.738,5825.0
Arteaga_9_puntos_intento_10.mp4,825,6875.000,True,150.000,165.000,0.000,222.000,95.000,0.400000,0.388889,-0.829919,74.535,103.824,132.049,5771.5
Arteaga_9_puntos_intento_10.mp4,826,6883.333,True,150.000,165.000,0.000,222.000,95.000,0.400000,0.388889,-0.829919,74.866,103.869,131.648,5811.0
Arteaga_9_puntos_intento_10.mp4,827,6891.667,True,150.000,165.000,0.000,222.000,95.000,0.400000,0.388889,-0.829919,74.952,104.026,130.830,5825.0
Arteaga_9_puntos_intento_10.mp4,828,6900.000,True,150.000,165.000,0.000,222.000,95.000,0.400000,0.388889,-0.829919,74.870,104.458,130.642,5847.5
Arteaga_9_puntos_intento_10.mp4,829,6908.333,True,150.000,165.000,0.000,223.000,95.000,0.405556,0.388889,-0.827218,74.415,104.483,131.180,5802.5
Arteaga_9_puntos_intento_10.mp4,830,6916.667,True,150.000,165.000,0.000,223.000,95.000,0.405556,0.388889,-0.827218,74.391,103.519,132.676,5779.5
Arteaga_9_puntos_intento_10.mp4,831,6925.000,True,150.000,165.000,0.000,223.000,95.000,0.405556,0.388889,-0.827218,74.580,103.779,131.630,5793.0
Arteaga_9_puntos_intento_10.mp4,832,6933.333,True,150.000,165.000,0.000,223.000,95.000,0.405556,0.388889,-0.827218,74.402,103.112,129.736,5792.0
Arteaga_9_puntos_intento_10.mp4,833,6941.667,True,150.000,165.000,0.000,222.000,95.000,0.400000,0.388889,-0.829919,74.995,103.447,131.755,5816.5
Arteaga_9_puntos_intento_10.mp4,834,6950.000,True,150.000,165.000,0.000,223.000,95.000,0.405556,0.388889,-0.827218,74.742,103.764,130.795,5805.5
Arteaga_9_puntos_intento_10.mp4,835,6958.333,True,150.000,165.000,0.000,223.000,95.000,0.405556,0.388889,-0.827218,74.469,102.881,131.718,5780.0
Arteaga_9_puntos_intento_10.mp4,836,6966.667,True,150.000,165.000,0.000,223.000,95.000,0.405556,0.388889,-0.827218,74.678,103.818,131.062,5807.5
Arteaga_9_puntos_intento_10.mp4,837,6975.000,True,150.000,165.000,0.000,222.000,95.000,0.400000,0.388889,-0.829919,74.774,104.350,131.342,5797.5
Arteaga_9_puntos_intento_10.mp4,838,6983.333,True,150.000,165.000,0.000,222.000,95.000,0.400000,0.388889,-0.829919,74.311,104.277,131.221,5789.5
Arteaga_9_puntos_intento_10.mp4,839,6991.667,True,150.000,165.000,0.000,223.000,95.000,0.405556,0.388889,-0.827218,74.567,103.354,131.431,5762.5
Arteaga_9_puntos_intento_10.mp4,840,7000.000,True,150.000,165.000,0.000,222.000,95.000,0.400000,0.388889,-0.829919,74.637,103.311,130.628,5766.5
Arteaga_9_puntos_intento_10.mp4,841,7008.333,True,150.000,165.000,0.000,222.000,95.000,0.400000,0.388889,-0.829919,74.081,104.017,131.867,5740.0
Arteaga_9_puntos_intento_10.mp4,842,7016.667,True,150.000,165.000,0.000,223.000,95.000,0.405556,0.388889,-0.827218,73.999,103.610,131.463,5740.5
Arteaga_9_puntos_intento_10.mp4,843,7025.000,True,150.000,165.000,0.000,223.000,94.000,0.405556,0.394444,-0.824584,73.312,102.132,131.695,5640.5
Arteaga_9_puntos_intento_10.mp4,844,7033.333,True,150.000,165.000,0.000,223.000,94.000,0.405556,0.394444,-0.824584,73.579,102.423,131.187,5678.5
Arteaga_9_puntos_intento_10.mp4,845,7041.667,True,150.000,165.000,0.000,223.000,94.000,0.405556,0.394444,-0.824584,73.281,103.008,131.979,5630.0
Arteaga_9_puntos_intento_10.mp4,846,7050.000,True,150.000,165.000,0.000,223.000,94.000,0.405556,0.394444,-0.824584,73.404,101.633,131.838,5634.0
Arteaga_9_puntos_intento_10.mp4,847,7058.333,True,150.000,165.000,0.000,223.000,94.000,0.405556,0.394444,-0.824584,73.235,101.869,131.289,5619.0
Arteaga_9_puntos_intento_10.mp4,848,7066.667,True,150.000,165.000,0.000,223.000,94.000,0.405556,0.394444,-0.824584,73.206,103.328,131.358,5634.5
Arteaga_9_puntos_intento_10.mp4,849,7075.000,True,150.000,165.000,0.000,223.000,94.000,0.405556,0.394444,-0.824584,73.300,101.080,131.088,5633.5
Arteaga_9_puntos_intento_10.mp4,850,7083.333,True,150.000,165.000,0.000,223.000,94.000,0.405556,0.394444,-0.824584,73.287,101.785,130.460,5650.0
Arteaga_9_puntos_intento_10.mp4,851,7091.667,True,150.000,165.000,0.000,223.000,94.000,0.405556,0.394444,-0.824584,73.129,101.590,129.327,5616.5
Arteaga_9_puntos_intento_10.mp4,852,7100.000,True,150.000,165.000,0.000,223.000,94.000,0.405556,0.394444,-0.824584,73.784,101.943,130.877,5667.0
Arteaga_9_puntos_intento_10.mp4,853,7108.333,True,150.000,165.000,0.000,223.000,94.000,0.405556,0.394444,-0.824584,73.784,101.154,131.890,5626.0
Arteaga_9_puntos_intento_10.mp4,854,7116.667,True,150.000,165.000,0.000,223.000,94.000,0.405556,0.394444,-0.824584,73.855,101.093,131.407,5640.0
Arteaga_9_puntos_intento_10.mp4,855,7125.000,True,150.000,165.000,0.000,223.000,94.000,0.405556,0.394444,-0.824584,73.484,102.890,132.727,5629.5
Arteaga_9_puntos_intento_10.mp4,856,7133.333,True,150.000,165.000,0.000,223.000,94.000,0.405556,0.394444,-0.824584,73.293,101.465,131.726,5667.5
Arteaga_9_puntos_intento_10.mp4,857,7141.667,True,150.000,165.000,0.000,223.000,94.000,0.405556,0.394444,-0.824584,73.308,101.619,132.653,5637.0
Arteaga_9_puntos_intento_10.mp4,858,7150.000,True,150.000,165.000,0.000,223.000,94.000,0.405556,0.394444,-0.824584,72.783,103.452,130.293,5638.0
Arteaga_9_puntos_intento_10.mp4,859,7158.333,True,150.000,165.000,0.000,223.000,94.000,0.405556,0.394444,-0.824584,72.876,101.866,130.861,5603.0
Arteaga_9_puntos_intento_10.mp4,860,7166.667,True,150.000,165.000,0.000,223.000,94.000,0.405556,0.394444,-0.824584,73.189,101.288,131.255,5617.0
Arteaga_9_puntos_intento_10.mp4,861,7175.000,True,150.000,165.000,0.000,223.000,94.000,0.405556,0.394444,-0.824584,72.805,101.634,130.948,5595.5
Arteaga_9_puntos_intento_10.mp4,862,7183.333,True,150.000,165.000,0.000,222.000,94.000,0.400000,0.394444,-0.827293,72.719,102.265,129.774,5595.0
Arteaga_9_puntos_intento_10.mp4,863,7191.667,True,150.000,165.000,0.000,222.000,93.000,0.400000,0.400000,-0.824621,72.667,103.051,130.397,5581.0
Arteaga_9_puntos_intento_10.mp4,864,7200.000,True,150.000,165.000,0.000,223.000,94.000,0.405556,0.394444,-0.824584,73.136,101.164,131.638,5595.0
Arteaga_9_puntos_intento_10.mp4,865,7208.333,True,150.000,165.000,0.000,223.000,94.000,0.405556,0.394444,-0.824584,72.800,102.320,130.612,5583.5
Arteaga_9_puntos_intento_10.mp4,866,7216.667,True,150.000,165.000,0.000,223.000,94.000,0.405556,0.394444,-0.824584,73.074,102.423,130.683,5630.0
Arteaga_9_puntos_intento_10.mp4,867,7225.000,True,150.000,165.000,0.000,223.000,94.000,0.405556,0.394444,-0.824584,73.263,102.418,131.202,5609.0
Arteaga_9_puntos_intento_10.mp4,868,7233.333,True,150.000,165.000,0.000,223.000,94.000,0.405556,0.394444,-0.824584,73.371,101.195,131.636,5625.5
Arteaga_9_puntos_intento_10.mp4,869,7241.667,True,150.000,165.000,0.000,223.000,94.000,0.405556,0.394444,-0.824584,73.174,102.019,130.951,5601.5
Arteaga_9_puntos_intento_10.mp4,870,7250.000,True,150.000,165.000,0.000,223.000,94.000,0.405556,0.394444,-0.824584,73.531,101.153,131.701,5595.5
Arteaga_9_puntos_intento_10.mp4,871,7258.333,True,150.000,165.000,0.000,223.000,94.000,0.405556,0.394444,-0.824584,73.410,101.014,132.530,5612.5
Arteaga_9_puntos_intento_10.mp4,872,7266.667,True,150.000,165.000,0.000,222.000,93.000,0.400000,0.400000,-0.824621,73.080,102.212,129.984,5604.5
Arteaga_9_puntos_intento_10.mp4,873,7275.000,True,150.000,165.000,0.000,222.000,94.000,0.400000,0.394444,-0.827293,73.261,102.674,129.842,5628.0
Arteaga_9_puntos_intento_10.mp4,874,7283.333,True,150.000,165.000,0.000,222.000,94.000,0.400000,0.394444,-0.827293,73.143,102.789,130.269,5642.0
Arteaga_9_puntos_intento_10.mp4,875,7291.667,True,150.000,165.000,0.000,222.000,94.000,0.400000,0.394444,-0.827293,73.347,102.739,130.274,5629.0
Arteaga_9_puntos_intento_10.mp4,876,7300.000,True,150.000,165.000,0.000,223.000,94.000,0.405556,0.394444,-0.824584,73.467,102.322,130.902,5644.0
Arteaga_9_puntos_intento_10.mp4,877,7308.333,True,150.000,165.000,0.000,223.000,94.000,0.405556,0.394444,-0.824584,74.177,101.287,132.830,5643.5
Arteaga_9_puntos_intento_10.mp4,878,7316.667,True,150.000,165.000,0.000,222.000,95.000,0.400000,0.388889,-0.829919,74.648,100.514,132.375,5691.5
Arteaga_9_puntos_intento_10.mp4,879,7325.000,True,150.000,165.000,0.000,217.000,96.000,0.372222,0.383333,-0.845285,77.081,101.808,129.669,5911.5
Arteaga_9_puntos_intento_10.mp4,880,7333.333,True,150.000,165.000,0.000,213.000,98.000,0.350000,0.372222,-0.859622,78.808,101.997,128.874,6084.0
Arteaga_9_puntos_intento_10.mp4,881,7341.667,True,150.000,165.000,0.000,211.000,99.000,0.338889,0.366667,-0.866435,79.487,100.490,128.467,6095.0
Arteaga_9_puntos_intento_10.mp4,882,7350.000,True,159.000,165.000,0.000,209.000,98.000,0.277778,0.372222,-0.885602,79.051,103.912,129.029,6136.0
Arteaga_9_puntos_intento_10.mp4,883,7358.333,True,159.000,165.000,0.000,209.000,98.000,0.277778,0.372222,-0.885602,79.098,102.611,128.661,6121.5
Arteaga_9_puntos_intento_10.mp4,884,7366.667,True,159.000,165.000,0.000,209.000,98.000,0.277778,0.372222,-0.885602,79.151,103.222,128.882,6142.5
Arteaga_9_puntos_intento_10.mp4,885,7375.000,True,159.000,165.000,0.000,209.000,98.000,0.277778,0.372222,-0.885602,79.399,103.030,129.281,6103.5
Arteaga_9_puntos_intento_10.mp4,886,7383.333,True,159.000,165.000,0.000,209.000,98.000,0.277778,0.372222,-0.885602,79.585,103.003,130.261,6159.0
Arteaga_9_puntos_intento_10.mp4,887,7391.667,True,159.000,165.000,0.000,209.000,98.000,0.277778,0.372222,-0.885602,79.760,102.861,129.522,6158.5
Arteaga_9_puntos_intento_10.mp4,888,7400.000,True,159.000,165.000,0.000,209.000,98.000,0.277778,0.372222,-0.885602,79.756,103.002,129.004,6174.5
Arteaga_9_puntos_intento_10.mp4,889,7408.333,True,159.000,165.000,0.000,209.000,98.000,0.277778,0.372222,-0.885602,79.820,103.279,129.306,6152.0
Arteaga_9_puntos_intento_10.mp4,890,7416.667,True,159.000,165.000,0.000,209.000,98.000,0.277778,0.372222,-0.885602,79.781,102.434,128.497,6127.0
Arteaga_9_puntos_intento_10.mp4,891,7425.000,True,159.000,165.000,0.000,209.000,98.000,0.277778,0.372222,-0.885602,79.279,103.603,128.992,6169.0
Arteaga_9_puntos_intento_10.mp4,892,7433.333,True,159.000,165.000,0.000,209.000,98.000,0.277778,0.372222,-0.885602,79.696,103.632,129.585,6201.0
Arteaga_9_puntos_intento_10.mp4,893,7441.667,True,159.000,165.000,0.000,209.000,98.000,0.277778,0.372222,-0.885602,80.183,101.880,131.241,6156.5
Arteaga_9_puntos_intento_10.mp4,894,7450.000,True,159.000,165.000,0.000,209.000,98.000,0.277778,0.372222,-0.885602,80.062,102.748,131.563,6193.5
Arteaga_9_puntos_intento_10.mp4,895,7458.333,True,159.000,165.000,0.000,209.000,98.000,0.277778,0.372222,-0.885602,80.119,101.582,130.881,6159.5
Arteaga_9_puntos_intento_10.mp4,896,7466.667,True,159.000,165.000,0.000,209.000,97.000,0.277778,0.377778,-0.883246,80.732,102.391,131.728,6211.5
Arteaga_9_puntos_intento_10.mp4,897,7475.000,True,159.000,165.000,0.000,209.000,97.000,0.277778,0.377778,-0.883246,79.899,103.353,130.914,6225.0
Arteaga_9_puntos_intento_10.mp4,898,7483.333,True,159.000,165.000,0.000,209.000,98.000,0.277778,0.372222,-0.885602,80.127,103.668,132.048,6243.0
Arteaga_9_puntos_intento_10.mp4,899,7491.667,True,159.000,165.000,0.000,209.000,98.000,0.277778,0.372222,-0.885602,80.046,102.837,128.077,6202.5
Arteaga_9_puntos_intento_10.mp4,900,7500.000,True,159.000,165.000,0.000,209.000,97.000,0.277778,0.377778,-0.883246,79.900,103.787,129.280,6210.0
Arteaga_9_puntos_intento_10.mp4,901,7508.333,True,159.000,165.000,0.000,209.000,98.000,0.277778,0.372222,-0.885602,79.969,103.233,129.762,6188.5
Arteaga_9_puntos_intento_10.mp4,902,7516.667,True,159.000,165.000,0.000,209.000,98.000,0.277778,0.372222,-0.885602,80.277,103.676,128.504,6229.0
Arteaga_9_puntos_intento_10.mp4,903,7525.000,True,159.000,165.000,0.000,209.000,97.000,0.277778,0.377778,-0.883246,80.251,103.475,129.391,6214.0
Arteaga_9_puntos_intento_10.mp4,904,7533.333,True,159.000,165.000,0.000,209.000,97.000,0.277778,0.377778,-0.883246,80.361,104.308,129.132,6255.0
Arteaga_9_puntos_intento_10.mp4,905,7541.667,True,159.000,165.000,0.000,209.000,98.000,0.277778,0.372222,-0.885602,80.117,103.494,128.699,6245.0
Arteaga_9_puntos_intento_10.mp4,906,7550.000,True,159.000,165.000,0.000,209.000,98.000,0.277778,0.372222,-0.885602,80.183,103.724,128.855,6277.0
Arteaga_9_puntos_intento_10.mp4,907,7558.333,True,159.000,165.000,0.000,209.000,97.000,0.277778,0.377778,-0.883246,79.987,104.050,128.105,6262.5
Arteaga_9_puntos_intento_10.mp4,908,7566.667,True,159.000,165.000,0.000,209.000,97.000,0.277778,0.377778,-0.883246,80.451,103.719,128.952,6266.5
Arteaga_9_puntos_intento_10.mp4,909,7575.000,True,159.000,165.000,0.000,209.000,97.000,0.277778,0.377778,-0.883246,80.147,103.975,129.204,6256.0
Arteaga_9_puntos_intento_10.mp4,910,7583.333,True,159.000,165.000,0.000,210.000,97.000,0.283333,0.377778,-0.881480,78.598,103.227,129.064,6035.0
Arteaga_9_puntos_intento_10.mp4,911,7591.667,True,159.000,165.000,0.000,214.000,96.000,0.305556,0.383333,-0.871603,77.303,103.693,128.436,5986.5
Arteaga_9_puntos_intento_10.mp4,912,7600.000,True,159.000,165.000,0.000,218.000,95.000,0.327778,0.388889,-0.861004,75.465,103.753,129.896,5831.0
Arteaga_9_puntos_intento_10.mp4,913,7608.333,True,159.000,165.000,0.000,221.000,95.000,0.344444,0.388889,-0.854473,74.216,103.461,132.547,5740.5
Arteaga_9_puntos_intento_10.mp4,914,7616.667,True,159.000,165.000,0.000,221.000,95.000,0.344444,0.388889,-0.854473,74.173,103.154,132.603,5710.0
Arteaga_9_puntos_intento_10.mp4,915,7625.000,True,159.000,165.000,0.000,221.000,95.000,0.344444,0.388889,-0.854473,74.716,102.352,131.469,5753.5
Arteaga_9_puntos_intento_10.mp4,916,7633.333,True,159.000,165.000,0.000,221.000,95.000,0.344444,0.388889,-0.854473,75.244,102.108,131.444,5770.5
Arteaga_9_puntos_intento_10.mp4,917,7641.667,True,159.000,165.000,0.000,221.000,95.000,0.344444,0.388889,-0.854473,74.541,102.468,131.819,5713.5
Arteaga_9_puntos_intento_10.mp4,918,7650.000,True,159.000,165.000,0.000,221.000,94.000,0.344444,0.394444,-0.851922,74.498,103.379,130.869,5743.5
Arteaga_9_puntos_intento_10.mp4,919,7658.333,True,159.000,165.000,0.000,221.000,95.000,0.344444,0.388889,-0.854473,74.534,103.455,130.810,5755.5
Arteaga_9_puntos_intento_10.mp4,920,7666.667,True,159.000,165.000,0.000,221.000,95.000,0.344444,0.388889,-0.854473,74.607,102.782,130.795,5768.0
Arteaga_9_puntos_intento_10.mp4,921,7675.000,True,159.000,165.000,0.000,221.000,95.000,0.344444,0.388889,-0.854473,75.033,101.907,131.947,5784.5
Arteaga_9_puntos_intento_10.mp4,922,7683.333,True,159.000,165.000,0.000,221.000,95.000,0.344444,0.388889,-0.854473,74.743,102.258,130.945,5762.0
Arteaga_9_puntos_intento_10.mp4,923,7691.667,True,159.000,165.000,0.000,221.000,95.000,0.344444,0.388889,-0.854473,75.151,101.910,132.722,5787.5
Arteaga_9_puntos_intento_10.mp4,924,7700.000,True,159.000,165.000,0.000,221.000,95.000,0.344444,0.388889,-0.854473,74.900,101.784,131.975,5801.0
Arteaga_9_puntos_intento_10.mp4,925,7708.333,True,159.000,165.000,0.000,221.000,95.000,0.344444,0.388889,-0.854473,74.174,102.659,130.651,5728.5
Arteaga_9_puntos_intento_10.mp4,926,7716.667,True,159.000,165.000,0.000,221.000,94.000,0.344444,0.394444,-0.851922,74.443,103.217,132.133,5790.5
Arteaga_9_puntos_intento_10.mp4,927,7725.000,True,159.000,165.000,0.000,221.000,94.000,0.344444,0.394444,-0.851922,74.636,103.438,131.769,5772.5
Arteaga_9_puntos_intento_10.mp4,928,7733.333,True,159.000,165.000,0.000,221.000,94.000,0.344444,0.394444,-0.851922,74.811,102.673,132.271,5788.0
Arteaga_9_puntos_intento_10.mp4,929,7741.667,True,159.000,165.000,0.000,221.000,94.000,0.344444,0.394444,-0.851922,74.599,104.389,131.314,5777.0
Arteaga_9_puntos_intento_10.mp4,930,7750.000,True,159.000,165.000,0.000,221.000,94.000,0.344444,0.394444,-0.851922,74.494,104.487,130.406,5794.0
Arteaga_9_puntos_intento_10.mp4,931,7758.333,True,159.000,165.000,0.000,221.000,94.000,0.344444,0.394444,-0.851922,76.053,103.646,133.433,5923.0
Arteaga_9_puntos_intento_10.mp4,932,7766.667,True,159.000,164.000,0.000,221.000,94.000,0.344444,0.388889,-0.854473,75.417,104.846,132.073,5920.0
Arteaga_9_puntos_intento_10.mp4,933,7775.000,True,159.000,164.000,0.000,221.000,94.000,0.344444,0.388889,-0.854473,75.388,103.885,132.596,5918.0
Arteaga_9_puntos_intento_10.mp4,934,7783.333,True,159.000,164.000,0.000,216.000,95.000,0.316667,0.383333,-0.867628,77.725,104.135,133.231,6092.0
Arteaga_9_puntos_intento_10.mp4,935,7791.667,True,159.000,164.000,0.000,210.000,97.000,0.283333,0.372222,-0.883840,80.831,103.721,130.316,6266.5
Arteaga_9_puntos_intento_10.mp4,936,7800.000,True,159.000,164.000,0.000,206.000,98.000,0.261111,0.366667,-0.892959,82.752,103.867,132.095,6410.5
Arteaga_9_puntos_intento_10.mp4,937,7808.333,True,159.000,164.000,0.000,203.000,100.000,0.244444,0.355556,-0.902124,83.283,103.606,130.737,6437.5
Arteaga_9_puntos_intento_10.mp4,938,7816.667,True,159.000,164.000,0.000,203.000,99.000,0.244444,0.361111,-0.899914,82.496,104.135,129.977,6438.5
Arteaga_9_puntos_intento_10.mp4,939,7825.000,True,159.000,164.000,0.000,203.000,99.000,0.244444,0.361111,-0.899914,82.308,104.685,131.018,6456.5
Arteaga_9_puntos_intento_10.mp4,940,7833.333,True,159.000,164.000,0.000,204.000,99.000,0.250000,0.361111,-0.898387,81.057,102.263,130.815,6218.5
Arteaga_9_puntos_intento_10.mp4,941,7841.667,True,159.000,164.000,0.000,204.000,99.000,0.250000,0.361111,-0.898387,81.220,102.333,129.487,6193.0
Arteaga_9_puntos_intento_10.mp4,942,7850.000,True,159.000,164.000,0.000,203.000,99.000,0.244444,0.361111,-0.899914,81.374,103.342,129.233,6260.0
Arteaga_9_puntos_intento_10.mp4,943,7858.333,True,159.000,164.000,0.000,204.000,99.000,0.250000,0.361111,-0.898387,81.326,102.829,130.344,6220.5
Arteaga_9_puntos_intento_10.mp4,944,7866.667,True,159.000,164.000,0.000,203.000,98.000,0.244444,0.366667,-0.897665,81.830,103.550,131.337,6263.5
Arteaga_9_puntos_intento_10.mp4,945,7875.000,True,159.000,164.000,0.000,204.000,99.000,0.250000,0.361111,-0.898387,81.325,102.467,127.885,6245.0
Arteaga_9_puntos_intento_10.mp4,946,7883.333,True,159.000,164.000,0.000,204.000,98.000,0.250000,0.366667,-0.896134,82.556,101.838,134.340,6301.0
Arteaga_9_puntos_intento_10.mp4,947,7891.667,True,159.000,164.000,0.000,203.000,98.000,0.244444,0.366667,-0.897665,82.306,103.775,131.393,6291.0
Arteaga_9_puntos_intento_10.mp4,948,7900.000,True,159.000,164.000,0.000,203.000,98.000,0.244444,0.366667,-0.897665,81.566,104.333,128.881,6251.5
Arteaga_9_puntos_intento_10.mp4,949,7908.333,True,159.000,164.000,0.000,204.000,98.000,0.250000,0.366667,-0.896134,82.161,101.689,131.831,6223.5
Arteaga_9_puntos_intento_10.mp4,950,7916.667,True,159.000,164.000,0.000,204.000,98.000,0.250000,0.366667,-0.896134,81.846,103.378,132.654,6263.0
Arteaga_9_puntos_intento_10.mp4,951,7925.000,True,159.000,164.000,0.000,204.000,98.000,0.250000,0.366667,-0.896134,81.985,102.494,133.352,6271.5
Arteaga_9_puntos_intento_10.mp4,952,7933.333,True,159.000,164.000,0.000,204.000,98.000,0.250000,0.366667,-0.896134,81.778,102.844,134.062,6277.5
Arteaga_9_puntos_intento_10.mp4,953,7941.667,True,159.000,164.000,0.000,204.000,98.000,0.250000,0.366667,-0.896134,81.803,102.804,132.651,6275.5
Arteaga_9_puntos_intento_10.mp4,954,7950.000,True,159.000,164.000,0.000,204.000,98.000,0.250000,0.366667,-0.896134,81.975,103.157,131.508,6297.5
Arteaga_9_puntos_intento_10.mp4,955,7958.333,True,159.000,164.000,0.000,204.000,98.000,0.250000,0.366667,-0.896134,81.851,103.455,130.863,6295.0
Arteaga_9_puntos_intento_10.mp4,956,7966.667,True,159.000,164.000,0.000,204.000,98.000,0.250000,0.366667,-0.896134,81.979,103.635,130.401,6311.0
Arteaga_9_puntos_intento_10.mp4,957,7975.000,True,159.000,164.000,0.000,204.000,98.000,0.250000,0.366667,-0.896134,81.865,102.817,131.453,6270.0
Arteaga_9_puntos_intento_10.mp4,958,7983.333,True,159.000,164.000,0.000,203.000,98.000,0.244444,0.366667,-0.897665,81.305,104.371,130.361,6282.5
Arteaga_9_puntos_intento_10.mp4,959,7991.667,True,159.000,164.000,0.000,203.000,98.000,0.244444,0.366667,-0.897665,81.272,104.493,130.422,6255.0
Arteaga_9_puntos_intento_10.mp4,960,8000.000,True,159.000,164.000,0.000,203.000,98.000,0.244444,0.366667,-0.897665,82.113,105.001,130.334,6372.5
Arteaga_9_puntos_intento_10.mp4,961,8008.333,True,159.000,164.000,0.000,204.000,98.000,0.250000,0.366667,-0.896134,81.108,105.204,132.507,6294.5
Arteaga_9_puntos_intento_10.mp4,962,8016.667,True,159.000,164.000,0.000,203.000,98.000,0.244444,0.366667,-0.897665,81.334,107.217,128.039,6360.5
Arteaga_9_puntos_intento_10.mp4,963,8025.000,True,159.000,164.000,0.000,203.000,98.000,0.244444,0.366667,-0.897665,81.887,104.936,130.440,6313.0
Arteaga_9_puntos_intento_10.mp4,964,8033.333,True,159.000,164.000,0.000,203.000,98.000,0.244444,0.366667,-0.897665,81.652,105.200,132.285,6337.0
Arteaga_9_puntos_intento_10.mp4,965,8041.667,True,159.000,164.000,0.000,203.000,97.000,0.244444,0.372222,-0.895376,81.785,104.423,130.072,6323.5
Arteaga_9_puntos_intento_10.mp4,966,8050.000,True,159.000,164.000,0.000,204.000,97.000,0.250000,0.372222,-0.893840,81.735,104.694,130.296,6332.0
Arteaga_9_puntos_intento_10.mp4,967,8058.333,True,159.000,164.000,0.000,206.000,96.000,0.261111,0.377778,-0.888316,80.996,105.849,129.142,6284.0
Arteaga_9_puntos_intento_10.mp4,968,8066.667,True,159.000,164.000,0.000,211.000,95.000,0.288889,0.383333,-0.877268,78.536,106.172,128.528,6127.0
Arteaga_9_puntos_intento_10.mp4,969,8075.000,True,159.000,164.000,0.000,217.000,94.000,0.322222,0.388889,-0.863098,75.408,105.667,130.983,5912.0
Arteaga_9_puntos_intento_10.mp4,970,8083.333,True,159.000,164.000,0.000,221.000,93.000,0.344444,0.394444,-0.851922,73.351,104.200,131.658,5754.5
Arteaga_9_puntos_intento_10.mp4,971,8091.667,True,159.000,164.000,0.000,221.000,93.000,0.344444,0.394444,-0.851922,73.712,104.390,132.567,5743.5
Arteaga_9_puntos_intento_10.mp4,972,8100.000,True,159.000,164.000,0.000,220.000,93.000,0.338889,0.394444,-0.854147,74.826,104.436,131.047,5838.0
Arteaga_9_puntos_intento_10.mp4,973,8108.333,True,159.000,164.000,0.000,221.000,93.000,0.344444,0.394444,-0.851922,74.565,104.834,132.728,5844.0
Arteaga_9_puntos_intento_10.mp4,974,8116.667,True,159.000,164.000,0.000,221.000,93.000,0.344444,0.394444,-0.851922,74.594,104.255,132.505,5834.0
Arteaga_9_puntos_intento_10.mp4,975,8125.000,True,159.000,164.000,0.000,220.000,93.000,0.338889,0.394444,-0.854147,74.202,104.951,132.459,5770.0
Arteaga_9_puntos_intento_10.mp4,976,8133.333,True,159.000,164.000,0.000,220.000,92.000,0.338889,0.400000,-0.851560,74.288,105.530,132.275,5807.0
Arteaga_9_puntos_intento_10.mp4,977,8141.667,True,159.000,164.000,0.000,220.000,93.000,0.338889,0.394444,-0.854147,74.713,105.567,131.872,5829.5
Arteaga_9_puntos_intento_10.mp4,978,8150.000,True,159.000,164.000,0.000,220.000,92.000,0.338889,0.400000,-0.851560,74.386,105.504,132.041,5839.5
Arteaga_9_puntos_intento_10.mp4,979,8158.333,True,159.000,164.000,0.000,220.000,93.000,0.338889,0.394444,-0.854147,74.615,104.867,130.840,5794.5
Arteaga_9_puntos_intento_10.mp4,980,8166.667,True,159.000,164.000,0.000,220.000,93.000,0.338889,0.394444,-0.854147,74.551,105.422,131.114,5835.5
Arteaga_9_puntos_intento_10.mp4,981,8175.000,True,159.000,164.000,0.000,221.000,92.000,0.344444,0.400000,-0.849328,73.880,105.307,132.113,5781.0
Arteaga_9_puntos_intento_10.mp4,982,8183.333,True,159.000,164.000,0.000,220.000,93.000,0.338889,0.394444,-0.854147,74.636,105.535,132.284,5840.0
Arteaga_9_puntos_intento_10.mp4,983,8191.667,True,159.000,164.000,0.000,220.000,93.000,0.338889,0.394444,-0.854147,74.480,104.498,132.185,5809.0
Arteaga_9_puntos_intento_10.mp4,984,8200.000,True,159.000,164.000,0.000,220.000,92.000,0.338889,0.400000,-0.851560,74.301,104.959,131.846,5787.0
Arteaga_9_puntos_intento_10.mp4,985,8208.333,True,159.000,164.000,0.000,221.000,93.000,0.344444,0.394444,-0.851922,74.542,103.940,132.639,5787.0
Arteaga_9_puntos_intento_10.mp4,986,8216.667,True,159.000,164.000,0.000,221.000,93.000,0.344444,0.394444,-0.851922,74.381,104.247,131.334,5801.0
Arteaga_9_puntos_intento_10.mp4,987,8225.000,True,159.000,164.000,0.000,221.000,93.000,0.344444,0.394444,-0.851922,74.315,104.061,132.034,5793.5
Arteaga_9_puntos_intento_10.mp4,988,8233.333,True,159.000,164.000,0.000,221.000,93.000,0.344444,0.394444,-0.851922,74.432,104.463,132.242,5790.5
Arteaga_9_puntos_intento_10.mp4,989,8241.667,True,159.000,164.000,0.000,221.000,93.000,0.344444,0.394444,-0.851922,74.473,104.247,131.385,5791.0
Arteaga_9_puntos_intento_10.mp4,990,8250.000,True,159.000,164.000,0.000,221.000,93.000,0.344444,0.394444,-0.851922,74.174,104.635,130.158,5809.0
Arteaga_9_puntos_intento_10.mp4,991,8258.333,True,159.000,164.000,0.000,221.000,93.000,0.344444,0.394444,-0.851922,74.403,105.907,131.329,5833.0
Arteaga_9_puntos_intento_10.mp4,992,8266.667,True,159.000,164.000,0.000,221.000,93.000,0.344444,0.394444,-0.851922,74.508,103.407,132.053,5786.5
Arteaga_9_puntos_intento_10.mp4,993,8275.000,True,159.000,164.000,0.000,221.000,92.000,0.344444,0.400000,-0.849328,74.518,105.087,130.489,5793.0
Arteaga_9_puntos_intento_10.mp4,994,8283.333,True,159.000,164.000,0.000,220.000,92.000,0.338889,0.400000,-0.851560,74.333,105.633,131.234,5822.0
Arteaga_9_puntos_intento_10.mp4,995,8291.667,True,159.000,164.000,0.000,221.000,93.000,0.344444,0.394444,-0.851922,74.835,103.875,133.259,5785.0
Arteaga_9_puntos_intento_10.mp4,996,8300.000,True,159.000,164.000,0.000,220.000,92.000,0.338889,0.400000,-0.851560,74.965,104.916,131.104,5809.0
Arteaga_9_puntos_intento_10.mp4,997,8308.333,True,159.000,164.000,0.000,221.000,93.000,0.344444,0.394444,-0.851922,74.738,104.103,132.650,5822.5
Arteaga_9_puntos_intento_10.mp4,998,8316.667,True,159.000,164.000,0.000,221.000,93.000,0.344444,0.394444,-0.851922,75.182,104.095,132.894,5864.5
Arteaga_9_puntos_intento_10.mp4,999,8325.000,True,159.000,164.000,0.000,220.000,93.000,0.338889,0.394444,-0.854147,75.035,104.400,132.689,5896.5
Arteaga_9_puntos_intento_10.mp4,1000,8333.333,True,159.000,164.000,0.000,215.000,95.000,0.311111,0.383333,-0.869635,78.000,106.762,130.881,6129.0
Arteaga_9_puntos_intento_10.mp4,1001,8341.667,True,159.000,164.000,0.000,210.000,97.000,0.283333,0.372222,-0.883840,81.266,105.032,129.285,6310.5
Arteaga_9_puntos_intento_10.mp4,1002,8350.000,True,159.000,164.000,0.000,207.000,98.000,0.266667,0.366667,-0.891316,82.910,103.219,132.080,6385.0
Arteaga_9_puntos_intento_10.mp4,1003,8358.333,True,159.000,164.000,0.000,205.000,99.000,0.255556,0.361111,-0.896822,82.164,104.816,130.896,6421.5
Arteaga_9_puntos_intento_10.mp4,1004,8366.667,True,159.000,164.000,0.000,206.000,99.000,0.261111,0.361111,-0.895221,82.182,104.153,130.268,6413.5
Arteaga_9_puntos_intento_10.mp4,1005,8375.000,True,159.000,164.000,0.000,206.000,98.000,0.261111,0.366667,-0.892959,81.682,104.659,130.805,6398.0
Arteaga_9_puntos_intento_10.mp4,1006,8383.333,True,159.000,164.000,0.000,206.000,98.000,0.261111,0.366667,-0.892959,81.268,105.809,131.485,6422.0
Arteaga_9_puntos_intento_10.mp4,1007,8391.667,True,159.000,164.000,0.000,206.000,98.000,0.261111,0.366667,-0.892959,81.817,105.606,130.508,6416.0
Arteaga_9_puntos_intento_10.mp4,1008,8400.000,True,159.000,164.000,0.000,206.000,98.000,0.261111,0.366667,-0.892959,81.906,104.148,130.087,6408.5
Arteaga_9_puntos_intento_10.mp4,1009,8408.333,True,159.000,164.000,0.000,206.000,98.000,0.261111,0.366667,-0.892959,81.157,104.407,133.224,6361.0
Arteaga_9_puntos_intento_10.mp4,1010,8416.667,True,159.000,164.000,0.000,206.000,98.000,0.261111,0.366667,-0.892959,81.744,104.086,132.525,6368.0
Arteaga_9_puntos_intento_10.mp4,1011,8425.000,True,159.000,164.000,0.000,206.000,98.000,0.261111,0.366667,-0.892959,81.645,104.721,133.037,6338.0
Arteaga_9_puntos_intento_10.mp4,1012,8433.333,True,159.000,164.000,0.000,206.000,98.000,0.261111,0.366667,-0.892959,81.440,104.673,132.022,6345.0
Arteaga_9_puntos_intento_10.mp4,1013,8441.667,True,158.000,164.000,0.000,206.000,98.000,0.266667,0.366667,-0.891316,81.697,104.597,130.769,6362.5
Arteaga_9_puntos_intento_10.mp4,1014,8450.000,True,158.000,164.000,0.000,205.000,97.000,0.261111,0.372222,-0.890658,81.357,105.868,130.240,6375.0
Arteaga_9_puntos_intento_10.mp4,1015,8458.333,True,158.000,164.000,0.000,206.000,98.000,0.266667,0.366667,-0.891316,82.082,103.810,132.592,6383.0
Arteaga_9_puntos_intento_10.mp4,1016,8466.667,True,158.000,164.000,0.000,206.000,98.000,0.266667,0.366667,-0.891316,82.138,104.838,131.431,6392.0
Arteaga_9_puntos_intento_10.mp4,1017,8475.000,True,158.000,164.000,0.000,206.000,98.000,0.266667,0.366667,-0.891316,82.362,104.532,131.597,6425.0
Arteaga_9_puntos_intento_10.mp4,1018,8483.333,True,158.000,164.000,0.000,206.000,98.000,0.266667,0.366667,-0.891316,82.817,103.788,133.039,6441.5
Arteaga_9_puntos_intento_10.mp4,1019,8491.667,True,158.000,164.000,0.000,205.000,97.000,0.261111,0.372222,-0.890658,81.953,105.728,129.655,6382.0
Arteaga_9_puntos_intento_10.mp4,1020,8500.000,True,158.000,164.000,0.000,205.000,97.000,0.261111,0.372222,-0.890658,82.184,106.363,130.210,6431.0
Arteaga_9_puntos_intento_10.mp4,1021,8508.333,True,158.000,164.000,0.000,205.000,97.000,0.261111,0.372222,-0.890658,81.812,105.901,131.209,6392.5
Arteaga_9_puntos_intento_10.mp4,1022,8516.667,True,158.000,164.000,0.000,206.000,97.000,0.266667,0.372222,-0.889010,81.991,104.568,132.368,6410.5
Arteaga_9_puntos_intento_10.mp4,1023,8525.000,True,158.000,164.000,0.000,206.000,98.000,0.266667,0.366667,-0.891316,81.771,103.177,130.720,6347.5
Arteaga_9_puntos_intento_10.mp4,1024,8533.333,True,158.000,164.000,0.000,206.000,98.000,0.266667,0.366667,-0.891316,81.366,104.606,131.818,6354.5
Arteaga_9_puntos_intento_10.mp4,1025,8541.667,True,158.000,164.000,0.000,206.000,98.000,0.266667,0.366667,-0.891316,82.122,104.322,132.001,6349.5
Arteaga_9_puntos_intento_10.mp4,1026,8550.000,True,158.000,164.000,0.000,205.000,97.000,0.261111,0.372222,-0.890658,82.000,105.579,129.553,6384.0
Arteaga_9_puntos_intento_10.mp4,1027,8558.333,True,158.000,164.000,0.000,205.000,97.000,0.261111,0.372222,-0.890658,81.622,105.276,131.259,6306.0
Arteaga_9_puntos_intento_10.mp4,1028,8566.667,True,158.000,164.000,0.000,205.000,97.000,0.261111,0.372222,-0.890658,81.533,104.991,131.190,6343.0
Arteaga_9_puntos_intento_10.mp4,1029,8575.000,True,158.000,164.000,0.000,200.000,98.000,0.233333,0.366667,-0.900617,83.548,103.833,131.926,6404.0
Arteaga_9_puntos_intento_10.mp4,1030,8583.333,True,158.000,164.000,0.000,193.000,99.000,0.194444,0.361111,-0.912025,85.534,103.985,129.251,6482.0
Arteaga_9_puntos_intento_10.mp4,1031,8591.667,True,158.000,164.000,0.000,185.000,100.000,0.150000,0.355556,-0.922540,86.899,102.643,129.926,6556.0
Arteaga_9_puntos_intento_10.mp4,1032,8600.000,True,158.000,164.000,0.000,179.000,102.000,0.116667,0.344444,-0.931529,87.161,101.347,132.228,6626.0
Arteaga_9_puntos_intento_10.mp4,1033,8608.333,True,158.000,164.000,0.000,177.000,101.000,0.105556,0.350000,-0.930784,86.740,103.172,130.051,6614.5
Arteaga_9_puntos_intento_10.mp4,1034,8616.667,True,158.000,164.000,0.000,178.000,102.000,0.111111,0.344444,-0.932208,86.858,100.655,133.235,6558.5
Arteaga_9_puntos_intento_10.mp4,1035,8625.000,True,158.000,164.000,0.000,177.000,101.000,0.105556,0.350000,-0.930784,86.029,102.668,130.107,6548.5
Arteaga_9_puntos_intento_10.mp4,1036,8633.333,True,158.000,164.000,0.000,177.000,101.000,0.105556,0.350000,-0.930784,86.173,102.701,130.457,6609.0
Arteaga_9_puntos_intento_10.mp4,1037,8641.667,True,158.000,164.000,0.000,178.000,102.000,0.111111,0.344444,-0.932208,85.759,101.771,133.407,6461.0
Arteaga_9_puntos_intento_10.mp4,1038,8650.000,True,158.000,164.000,0.000,178.000,101.000,0.111111,0.350000,-0.930137,86.789,101.670,129.855,6558.0
Arteaga_9_puntos_intento_10.mp4,1039,8658.333,True,158.000,164.000,0.000,177.000,101.000,0.105556,0.350000,-0.930784,86.143,102.433,131.073,6560.0
Arteaga_9_puntos_intento_10.mp4,1040,8666.667,True,158.000,164.000,0.000,177.000,100.000,0.105556,0.355556,-0.928676,85.809,103.137,130.144,6542.0
Arteaga_9_puntos_intento_10.mp4,1041,8675.000,True,158.000,164.000,0.000,177.000,100.000,0.105556,0.355556,-0.928676,85.798,102.703,127.964,6529.0
Arteaga_9_puntos_intento_10.mp4,1042,8683.333,True,158.000,164.000,0.000,177.000,101.000,0.105556,0.350000,-0.930784,87.776,103.060,129.471,6790.5
Arteaga_9_puntos_intento_10.mp4,1043,8691.667,True,158.000,164.000,0.000,177.000,101.000,0.105556,0.350000,-0.930784,87.486,103.333,132.895,6750.5
Arteaga_9_puntos_intento_10.mp4,1044,8700.000,True,158.000,164.000,0.000,177.000,100.000,0.105556,0.355556,-0.928676,86.395,104.069,125.940,6733.0
Arteaga_9_puntos_intento_10.mp4,1045,8708.333,True,158.000,164.000,0.000,177.000,100.000,0.105556,0.355556,-0.928676,87.235,104.008,130.607,6760.5
Arteaga_9_puntos_intento_10.mp4,1046,8716.667,True,158.000,164.000,0.000,177.000,100.000,0.105556,0.355556,-0.928676,87.339,103.993,130.070,6756.0
Arteaga_9_puntos_intento_10.mp4,1047,8725.000,True,158.000,164.000,0.000,177.000,100.000,0.105556,0.355556,-0.928676,87.001,103.762,131.456,6707.5
Arteaga_9_puntos_intento_10.mp4,1048,8733.333,True,158.000,164.000,0.000,177.000,100.000,0.105556,0.355556,-0.928676,86.901,104.074,127.140,6748.0
Arteaga_9_puntos_intento_10.mp4,1049,8741.667,True,158.000,164.000,0.000,176.000,100.000,0.100000,0.355556,-0.929290,87.095,104.987,130.058,6726.0
Arteaga_9_puntos_intento_10.mp4,1050,8750.000,True,158.000,164.000,0.000,176.000,100.000,0.100000,0.355556,-0.929290,87.270,105.285,127.898,6772.0
Arteaga_9_puntos_intento_10.mp4,1051,8758.333,True,158.000,164.000,0.000,176.000,100.000,0.100000,0.355556,-0.929290,86.540,104.752,125.774,6712.0
Arteaga_9_puntos_intento_10.mp4,1052,8766.667,True,158.000,164.000,0.000,176.000,100.000,0.100000,0.355556,-0.929290,87.198,104.198,128.459,6729.5
Arteaga_9_puntos_intento_10.mp4,1053,8775.000,True,158.000,164.000,0.000,176.000,100.000,0.100000,0.355556,-0.929290,87.123,104.515,127.690,6714.0
Arteaga_9_puntos_intento_10.mp4,1054,8783.333,True,158.000,164.000,0.000,176.000,99.000,0.100000,0.361111,-0.927145,87.017,105.084,128.411,6752.5
Arteaga_9_puntos_intento_10.mp4,1055,8791.667,True,158.000,164.000,0.000,177.000,100.000,0.105556,0.355556,-0.928676,87.361,103.920,131.227,6745.0
Arteaga_9_puntos_intento_10.mp4,1056,8800.000,True,158.000,164.000,0.000,177.000,99.000,0.105556,0.361111,-0.926529,87.251,103.674,132.593,6790.0
Arteaga_9_puntos_intento_10.mp4,1057,8808.333,True,158.000,164.000,0.000,177.000,100.000,0.105556,0.355556,-0.928676,87.246,103.500,131.842,6760.5
Arteaga_9_puntos_intento_10.mp4,1058,8816.667,True,158.000,164.000,0.000,177.000,100.000,0.105556,0.355556,-0.928676,87.123,103.095,131.057,6710.5
Arteaga_9_puntos_intento_10.mp4,1059,8825.000,True,158.000,164.000,0.000,177.000,100.000,0.105556,0.355556,-0.928676,87.507,102.643,130.567,6724.5
Arteaga_9_puntos_intento_10.mp4,1060,8833.333,True,158.000,164.000,0.000,173.000,101.000,0.083333,0.350000,-0.933036,88.356,103.543,127.798,6871.0
Arteaga_9_puntos_intento_10.mp4,1061,8841.667,True,158.000,164.000,0.000,169.000,102.000,0.061111,0.344444,-0.936816,88.123,103.212,129.439,6746.0
Arteaga_9_puntos_intento_10.mp4,1062,8850.000,True,158.000,164.000,0.000,168.000,102.000,0.055556,0.344444,-0.937161,89.158,102.838,139.231,6752.0
Arteaga_9_puntos_intento_10.mp4,1063,8858.333,True,158.000,164.000,0.000,168.000,102.000,0.055556,0.344444,-0.937161,89.047,101.988,135.913,6752.0
Arteaga_9_puntos_intento_10.mp4,1064,8866.667,True,158.000,164.000,0.000,168.000,102.000,0.055556,0.344444,-0.937161,89.060,103.193,135.497,6763.0
Arteaga_9_puntos_intento_10.mp4,1065,8875.000,True,158.000,164.000,0.000,168.000,102.000,0.055556,0.344444,-0.937161,88.641,103.268,135.979,6715.5
Arteaga_9_puntos_intento_10.mp4,1066,8883.333,True,158.000,164.000,0.000,168.000,102.000,0.055556,0.344444,-0.937161,88.253,103.217,135.577,6770.0
Arteaga_9_puntos_intento_10.mp4,1067,8891.667,True,158.000,164.000,0.000,168.000,102.000,0.055556,0.344444,-0.937161,88.985,102.152,133.323,6743.0
Arteaga_9_puntos_intento_10.mp4,1068,8900.000,True,158.000,164.000,0.000,168.000,101.000,0.055556,0.350000,-0.935101,88.312,103.319,131.588,6784.5
Arteaga_9_puntos_intento_10.mp4,1069,8908.333,True,158.000,164.000,0.000,168.000,101.000,0.055556,0.350000,-0.935101,87.949,102.872,133.936,6703.5
Arteaga_9_puntos_intento_10.mp4,1070,8916.667,True,158.000,164.000,0.000,168.000,102.000,0.055556,0.344444,-0.937161,88.342,101.546,133.225,6690.5
Arteaga_9_puntos_intento_10.mp4,1071,8925.000,True,158.000,164.000,0.000,169.000,102.000,0.061111,0.344444,-0.936816,88.382,101.207,132.549,6703.5
Arteaga_9_puntos_intento_10.mp4,1072,8933.333,True,158.000,164.000,0.000,169.000,102.000,0.061111,0.344444,-0.936816,88.019,101.235,128.076,6682.0
Arteaga_9_puntos_intento_10.mp4,1073,8941.667,True,158.000,164.000,0.000,169.000,102.000,0.061111,0.344444,-0.936816,88.404,101.546,136.043,6665.0
Arteaga_9_puntos_intento_10.mp4,1074,8950.000,True,158.000,164.000,0.000,168.000,101.000,0.055556,0.350000,-0.935101,88.606,101.624,131.164,6736.0
Arteaga_9_puntos_intento_10.mp4,1075,8958.333,True,158.000,164.000,0.000,168.000,101.000,0.055556,0.350000,-0.935101,89.462,102.620,135.002,6739.0
Arteaga_9_puntos_intento_10.mp4,1076,8966.667,True,158.000,164.000,0.000,168.000,101.000,0.055556,0.350000,-0.935101,88.320,102.300,129.782,6697.5
Arteaga_9_puntos_intento_10.mp4,1077,8975.000,True,158.000,164.000,0.000,168.000,101.000,0.055556,0.350000,-0.935101,87.440,103.227,129.948,6673.0
Arteaga_9_puntos_intento_10.mp4,1078,8983.333,True,158.000,164.000,0.000,167.000,101.000,0.050000,0.350000,-0.935414,89.495,103.546,129.032,6785.0
Arteaga_9_puntos_intento_10.mp4,1079,8991.667,True,158.000,164.000,0.000,168.000,101.000,0.055556,0.350000,-0.935101,88.195,103.470,126.496,6747.0
Arteaga_9_puntos_intento_10.mp4,1080,9000.000,True,158.000,164.000,0.000,168.000,101.000,0.055556,0.350000,-0.935101,88.341,102.638,131.651,6747.0
Arteaga_9_puntos_intento_10.mp4,1081,9008.333,True,158.000,164.000,0.000,170.000,100.000,0.066667,0.355556,-0.932275,87.839,104.045,131.898,6738.5
Arteaga_9_puntos_intento_10.mp4,1082,9016.667,True,158.000,164.000,0.000,173.000,99.000,0.083333,0.361111,-0.928792,87.187,104.413,130.291,6752.0
Arteaga_9_puntos_intento_10.mp4,1083,9025.000,True,158.000,164.000,0.000,174.000,100.000,0.088889,0.355556,-0.930419,86.255,104.287,131.026,6705.5
Arteaga_9_puntos_intento_10.mp4,1084,9033.333,True,158.000,164.000,0.000,174.000,99.000,0.088889,0.361111,-0.928277,86.783,104.733,129.238,6755.5
Arteaga_9_puntos_intento_10.mp4,1085,9041.667,True,158.000,164.000,0.000,174.000,99.000,0.088889,0.361111,-0.928277,86.966,102.752,132.055,6668.0
Arteaga_9_puntos_intento_10.mp4,1086,9050.000,True,158.000,164.000,0.000,174.000,99.000,0.088889,0.361111,-0.928277,87.259,102.625,134.388,6667.0
Arteaga_9_puntos_intento_10.mp4,1087,9058.333,True,158.000,164.000,0.000,175.000,99.000,0.094444,0.361111,-0.927728,87.374,102.966,134.057,6747.5
Arteaga_9_puntos_intento_10.mp4,1088,9066.667,True,158.000,164.000,0.000,175.000,99.000,0.094444,0.361111,-0.927728,87.307,102.886,130.088,6730.5
Arteaga_9_puntos_intento_10.mp4,1089,9075.000,True,158.000,164.000,0.000,174.000,99.000,0.088889,0.361111,-0.928277,87.204,104.000,130.986,6709.5
Arteaga_9_puntos_intento_10.mp4,1090,9083.333,True,158.000,164.000,0.000,174.000,99.000,0.088889,0.361111,-0.928277,87.665,104.092,133.639,6724.0
Arteaga_9_puntos_intento_10.mp4,1091,9091.667,True,158.000,164.000,0.000,174.000,99.000,0.088889,0.361111,-0.928277,87.145,104.455,129.289,6686.0
Arteaga_9_puntos_intento_10.mp4,1092,9100.000,True,158.000,164.000,0.000,174.000,99.000,0.088889,0.361111,-0.928277,87.367,103.873,131.527,6756.5
Arteaga_9_puntos_intento_10.mp4,1093,9108.333,True,158.000,164.000,0.000,175.000,99.000,0.094444,0.361111,-0.927728,87.197,103.395,133.789,6692.0
Arteaga_9_puntos_intento_10.mp4,1094,9116.667,True,158.000,164.000,0.000,175.000,99.000,0.094444,0.361111,-0.927728,87.189,103.312,131.586,6713.5
Arteaga_9_puntos_intento_10.mp4,1095,9125.000,True,158.000,164.000,0.000,174.000,99.000,0.088889,0.361111,-0.928277,86.542,104.159,129.309,6669.5
Arteaga_9_puntos_intento_10.mp4,1096,9133.333,True,158.000,164.000,0.000,174.000,99.000,0.088889,0.361111,-0.928277,87.172,104.356,130.480,6751.5
Arteaga_9_puntos_intento_10.mp4,1097,9141.667,True,158.000,164.000,0.000,174.000,99.000,0.088889,0.361111,-0.928277,86.973,104.450,131.195,6730.5
Arteaga_9_puntos_intento_10.mp4,1098,9150.000,True,158.000,164.000,0.000,174.000,99.000,0.088889,0.361111,-0.928277,86.743,104.287,130.551,6707.0
Arteaga_9_puntos_intento_10.mp4,1099,9158.333,True,158.000,164.000,0.000,174.000,99.000,0.088889,0.361111,-0.928277,87.232,104.165,133.018,6733.0
Arteaga_9_puntos_intento_10.mp4,1100,9166.667,True,158.000,164.000,0.000,174.000,99.000,0.088889,0.361111,-0.928277,87.022,105.050,130.603,6772.5
Arteaga_9_puntos_intento_10.mp4,1101,9175.000,True,158.000,164.000,0.000,175.000,99.000,0.094444,0.361111,-0.927728,86.837,103.716,132.837,6708.5
Arteaga_9_puntos_intento_10.mp4,1102,9183.333,True,158.000,164.000,0.000,174.000,99.000,0.088889,0.361111,-0.928277,87.399,102.742,132.450,6704.5
Arteaga_9_puntos_intento_10.mp4,1103,9191.667,True,158.000,164.000,0.000,174.000,98.000,0.088889,0.366667,-0.926096,86.788,103.801,133.540,6717.0
Arteaga_9_puntos_intento_10.mp4,1104,9200.000,True,158.000,164.000,0.000,174.000,98.000,0.088889,0.366667,-0.926096,87.445,103.903,134.022,6744.0
Arteaga_9_puntos_intento_10.mp4,1105,9208.333,True,158.000,164.000,0.000,174.000,98.000,0.088889,0.366667,-0.926096,87.077,104.349,136.675,6711.0
Arteaga_9_puntos_intento_10.mp4,1106,9216.667,True,158.000,164.000,0.000,174.000,98.000,0.088889,0.366667,-0.926096,86.825,104.915,136.023,6760.0
Arteaga_9_puntos_intento_10.mp4,1107,9225.000,True,158.000,164.000,0.000,175.000,99.000,0.094444,0.361111,-0.927728,87.827,101.842,137.182,6696.0
Arteaga_9_puntos_intento_10.mp4,1108,9233.333,True,158.000,164.000,0.000,172.000,100.000,0.077778,0.355556,-0.931413,88.677,102.922,130.589,6782.5
Arteaga_9_puntos_intento_10.mp4,1109,9241.667,True,158.000,164.000,0.000,166.000,101.000,0.044444,0.350000,-0.935695,90.469,101.991,134.341,6772.0
Arteaga_9_puntos_intento_10.mp4,1110,9250.000,True,158.000,164.000,0.000,161.000,102.000,0.016667,0.344444,-0.938659,91.691,98.179,142.101,6731.5
Arteaga_9_puntos_intento_10.mp4,1111,9258.333,True,158.000,164.000,0.000,153.000,101.000,-0.027778,0.350000,-0.936338,91.497,104.717,140.100,7081.5
Arteaga_9_puntos_intento_10.mp4,1112,9266.667,True,158.000,164.000,0.000,151.000,101.000,-0.038889,0.350000,-0.935942,91.153,104.474,136.828,7015.5
Arteaga_9_puntos_intento_10.mp4,1113,9275.000,True,158.000,164.000,0.000,152.000,101.000,-0.033333,0.350000,-0.936156,90.844,103.465,141.352,7009.0
Arteaga_9_puntos_intento_10.mp4,1114,9283.333,True,158.000,164.000,0.000,151.000,100.000,-0.038889,0.355556,-0.933846,90.087,104.763,133.898,7061.0
Arteaga_9_puntos_intento_10.mp4,1115,9291.667,True,158.000,164.000,0.000,153.000,102.000,-0.027778,0.344444,-0.938396,89.440,100.869,129.901,6633.5
Arteaga_9_puntos_intento_10.mp4,1116,9300.000,True,158.000,164.000,0.000,153.000,102.000,-0.027778,0.344444,-0.938396,89.409,100.761,126.529,6685.0
Arteaga_9_puntos_intento_10.mp4,1117,9308.333,True,158.000,164.000,0.000,153.000,101.000,-0.027778,0.350000,-0.936338,89.058,100.791,130.048,6672.0
Arteaga_9_puntos_intento_10.mp4,1118,9316.667,True,158.000,164.000,0.000,153.000,102.000,-0.027778,0.344444,-0.938396,89.060,100.318,132.078,6601.5
Arteaga_9_puntos_intento_10.mp4,1119,9325.000,True,158.000,164.000,0.000,153.000,102.000,-0.027778,0.344444,-0.938396,88.835,100.156,127.612,6639.0
Arteaga_9_puntos_intento_10.mp4,1120,9333.333,True,158.000,164.000,0.000,153.000,102.000,-0.027778,0.344444,-0.938396,88.836,100.659,123.679,6648.5
Arteaga_9_puntos_intento_10.mp4,1121,9341.667,True,158.000,164.000,0.000,152.000,101.000,-0.033333,0.350000,-0.936156,89.927,101.958,127.926,6635.5
Arteaga_9_puntos_intento_10.mp4,1122,9350.000,True,158.000,164.000,0.000,152.000,101.000,-0.033333,0.350000,-0.936156,89.693,102.346,127.684,6714.5
Arteaga_9_puntos_intento_10.mp4,1123,9358.333,True,158.000,164.000,0.000,153.000,101.000,-0.027778,0.350000,-0.936338,89.548,101.798,131.404,6683.0
Arteaga_9_puntos_intento_10.mp4,1124,9366.667,True,158.000,164.000,0.000,151.000,99.000,-0.038889,0.361111,-0.931712,90.390,105.643,131.300,7104.5
Arteaga_9_puntos_intento_10.mp4,1125,9375.000,True,158.000,164.000,0.000,151.000,99.000,-0.038889,0.361111,-0.931712,90.150,105.603,133.308,7074.0
Arteaga_9_puntos_intento_10.mp4,1126,9383.333,True,158.000,164.000,0.000,152.000,101.000,-0.033333,0.350000,-0.936156,90.121,103.042,133.244,6717.0
Arteaga_9_puntos_intento_10.mp4,1127,9391.667,True,158.000,164.000,0.000,153.000,100.000,-0.027778,0.355556,-0.934242,88.855,101.772,132.735,6685.5
Arteaga_9_puntos_intento_10.mp4,1128,9400.000,True,158.000,164.000,0.000,153.000,101.000,-0.027778,0.350000,-0.936338,90.297,101.978,138.534,6686.5
Arteaga_9_puntos_intento_10.mp4,1129,9408.333,True,158.000,164.000,0.000,152.000,101.000,-0.033333,0.350000,-0.936156,89.897,102.532,130.989,6723.5
Arteaga_9_puntos_intento_10.mp4,1130,9416.667,True,158.000,164.000,0.000,153.000,101.000,-0.027778,0.350000,-0.936338,90.832,102.191,137.508,6804.0
Arteaga_9_puntos_intento_10.mp4,1131,9425.000,True,158.000,164.000,0.000,154.000,101.000,-0.022222,0.350000,-0.936486,89.547,102.697,131.086,6722.5
Arteaga_9_puntos_intento_10.mp4,1132,9433.333,True,158.000,164.000,0.000,160.000,101.000,0.011111,0.350000,-0.936684,88.479,103.572,129.140,6704.5
Arteaga_9_puntos_intento_10.mp4,1133,9441.667,True,158.000,164.000,0.000,168.000,101.000,0.055556,0.350000,-0.935101,87.639,105.499,130.759,6791.0
Arteaga_9_puntos_intento_10.mp4,1134,9450.000,True,158.000,164.000,0.000,173.000,100.000,0.083333,0.355556,-0.930933,87.350,105.324,132.362,6872.0
Arteaga_9_puntos_intento_10.mp4,1135,9458.333,True,158.000,164.000,0.000,174.000,101.000,0.088889,0.350000,-0.932523,87.211,103.390,127.306,6774.5
Arteaga_9_puntos_intento_10.mp4,1136,9466.667,True,158.000,164.000,0.000,173.000,100.000,0.083333,0.355556,-0.930933,87.609,104.697,128.839,6830.5
Arteaga_9_puntos_intento_10.mp4,1137,9475.000,True,158.000,164.000,0.000,173.000,101.000,0.083333,0.350000,-0.933036,86.999,104.080,128.824,6766.5
Arteaga_9_puntos_intento_10.mp4,1138,9483.333,True,158.000,164.000,0.000,173.000,100.000,0.083333,0.355556,-0.930933,87.600,105.758,130.003,6820.0
Arteaga_9_puntos_intento_10.mp4,1139,9491.667,True,158.000,164.000,0.000,173.000,100.000,0.083333,0.355556,-0.930933,87.147,105.709,130.900,6803.5
Arteaga_9_puntos_intento_10.mp4,1140,9500.000,True,158.000,164.000,0.000,174.000,100.000,0.088889,0.355556,-0.930419,87.750,104.780,131.965,6871.0
Arteaga_9_puntos_intento_10.mp4,1141,9508.333,True,158.000,164.000,0.000,174.000,101.000,0.088889,0.350000,-0.932523,88.271,103.656,130.621,6818.5
Arteaga_9_puntos_intento_10.mp4,1142,9516.667,True,158.000,164.000,0.000,174.000,101.000,0.088889,0.350000,-0.932523,87.624,103.555,130.341,6806.0
Arteaga_9_puntos_intento_10.mp4,1143,9525.000,True,158.000,164.000,0.000,174.000,100.000,0.088889,0.355556,-0.930419,86.832,104.574,126.941,6806.0
Arteaga_9_puntos_intento_10.mp4,1144,9533.333,True,158.000,164.000,0.000,174.000,100.000,0.088889,0.355556,-0.930419,87.529,104.996,132.241,6845.5
Arteaga_9_puntos_intento_10.mp4,1145,9541.667,True,157.000,164.000,0.000,174.000,100.000,0.094444,0.355556,-0.929871,87.046,104.123,128.580,6767.5
Arteaga_9_puntos_intento_10.mp4,1146,9550.000,True,157.000,164.000,0.000,173.000,99.000,0.088889,0.361111,-0.928277,87.251,106.090,130.936,6872.0
Arteaga_9_puntos_intento_10.mp4,1147,9558.333,True,157.000,164.000,0.000,173.000,100.000,0.088889,0.355556,-0.930419,87.655,104.436,128.681,6825.0
Arteaga_9_puntos_intento_10.mp4,1148,9566.667,True,157.000,164.000,0.000,173.000,100.000,0.088889,0.355556,-0.930419,87.954,104.033,127.793,6807.5
Arteaga_9_puntos_intento_10.mp4,1149,9575.000,True,157.000,164.000,0.000,173.000,100.000,0.088889,0.355556,-0.930419,87.155,105.269,131.925,6799.0
Arteaga_9_puntos_intento_10.mp4,1150,9583.333,True,157.000,164.000,0.000,173.000,100.000,0.088889,0.355556,-0.930419,87.141,104.732,132.177,6822.0
Arteaga_9_puntos_intento_10.mp4,1151,9591.667,True,157.000,164.000,0.000,173.000,100.000,0.088889,0.355556,-0.930419,87.351,104.748,132.093,6786.0
Arteaga_9_puntos_intento_10.mp4,1152,9600.000,True,157.000,164.000,0.000,173.000,100.000,0.088889,0.355556,-0.930419,87.177,105.338,129.405,6829.5
Arteaga_9_puntos_intento_10.mp4,1153,9608.333,True,157.000,164.000,0.000,173.000,100.000,0.088889,0.355556,-0.930419,87.995,104.523,133.073,6753.0
Arteaga_9_puntos_intento_10.mp4,1154,9616.667,True,157.000,164.000,0.000,173.000,100.000,0.088889,0.355556,-0.930419,88.353,104.926,130.745,6802.0
Arteaga_9_puntos_intento_10.mp4,1155,9625.000,True,157.000,164.000,0.000,174.000,100.000,0.094444,0.355556,-0.929871,87.331,103.560,128.907,6828.0
Arteaga_9_puntos_intento_10.mp4,1156,9633.333,True,157.000,164.000,0.000,173.000,99.000,0.088889,0.361111,-0.928277,87.753,104.691,134.040,6808.0
Arteaga_9_puntos_intento_10.mp4,1157,9641.667,True,157.000,164.000,0.000,173.000,99.000,0.088889,0.361111,-0.928277,87.727,104.994,131.170,6794.5
Arteaga_9_puntos_intento_10.mp4,1158,9650.000,True,157.000,164.000,0.000,174.000,100.000,0.094444,0.355556,-0.929871,87.707,104.175,133.470,6810.5
Arteaga_9_puntos_intento_10.mp4,1159,9658.333,True,157.000,164.000,0.000,173.000,100.000,0.088889,0.355556,-0.930419,87.623,104.129,133.593,6817.5
Arteaga_9_puntos_intento_10.mp4,1160,9666.667,True,157.000,164.000,0.000,173.000,99.000,0.088889,0.361111,-0.928277,87.789,104.973,133.508,6811.0
Arteaga_9_puntos_intento_10.mp4,1161,9675.000,True,157.000,164.000,0.000,173.000,100.000,0.088889,0.355556,-0.930419,87.388,104.629,131.188,6827.0
Arteaga_9_puntos_intento_10.mp4,1162,9683.333,True,157.000,164.000,0.000,173.000,99.000,0.088889,0.361111,-0.928277,87.806,105.445,133.566,6845.0
Arteaga_9_puntos_intento_10.mp4,1163,9691.667,True,157.000,164.000,0.000,173.000,99.000,0.088889,0.361111,-0.928277,87.683,104.969,132.161,6798.0
Arteaga_9_puntos_intento_10.mp4,1164,9700.000,True,157.000,164.000,0.000,173.000,99.000,0.088889,0.361111,-0.928277,87.469,104.399,131.883,6819.0
Arteaga_9_puntos_intento_10.mp4,1165,9708.333,True,157.000,164.000,0.000,173.000,99.000,0.088889,0.361111,-0.928277,87.677,105.356,132.738,6808.0
Arteaga_9_puntos_intento_10.mp4,1166,9716.667,True,157.000,164.000,0.000,173.000,99.000,0.088889,0.361111,-0.928277,88.478,104.826,129.920,6844.0
Arteaga_9_puntos_intento_10.mp4,1167,9725.000,True,157.000,164.000,0.000,173.000,99.000,0.088889,0.361111,-0.928277,87.193,106.128,131.980,6784.0
Arteaga_9_puntos_intento_10.mp4,1168,9733.333,True,157.000,164.000,0.000,173.000,99.000,0.088889,0.361111,-0.928277,88.095,105.510,131.135,6837.0
Arteaga_9_puntos_intento_10.mp4,1169,9741.667,True,157.000,164.000,0.000,173.000,99.000,0.088889,0.361111,-0.928277,87.974,104.471,131.524,6804.5
Arteaga_9_puntos_intento_10.mp4,1170,9750.000,True,157.000,164.000,0.000,173.000,99.000,0.088889,0.361111,-0.928277,87.697,105.842,129.179,6888.0
Arteaga_9_puntos_intento_10.mp4,1171,9758.333,True,157.000,164.000,0.000,173.000,99.000,0.088889,0.361111,-0.928277,88.315,106.327,131.078,6844.5
Arteaga_9_puntos_intento_10.mp4,1172,9766.667,True,157.000,164.000,0.000,173.000,99.000,0.088889,0.361111,-0.928277,87.956,104.922,133.658,6873.5
Arteaga_9_puntos_intento_10.mp4,1173,9775.000,True,157.000,164.000,0.000,173.000,99.000,0.088889,0.361111,-0.928277,87.953,104.962,135.761,6825.0
Arteaga_9_puntos_intento_10.mp4,1174,9783.333,True,157.000,164.000,0.000,173.000,99.000,0.088889,0.361111,-0.928277,88.507,105.519,134.378,6893.0
Arteaga_9_puntos_intento_10.mp4,1175,9791.667,True,157.000,164.000,0.000,175.000,99.000,0.100000,0.361111,-0.927145,87.567,105.991,133.569,6814.5
Arteaga_9_puntos_intento_10.mp4,1176,9800.000,True,157.000,164.000,0.000,175.000,99.000,0.100000,0.361111,-0.927145,88.101,105.463,133.323,6851.0
Arteaga_9_puntos_intento_10.mp4,1177,9808.333,True,157.000,164.000,0.000,175.000,99.000,0.100000,0.361111,-0.927145,87.492,106.228,126.355,6873.0
Arteaga_9_puntos_intento_10.mp4,1178,9816.667,True,157.000,164.000,0.000,176.000,99.000,0.105556,0.361111,-0.926529,87.812,104.279,133.775,6865.5
Arteaga_9_puntos_intento_10.mp4,1179,9825.000,True,157.000,164.000,0.000,175.000,99.000,0.100000,0.361111,-0.927145,87.601,104.336,134.239,6849.5
Arteaga_9_puntos_intento_10.mp4,1180,9833.333,True,157.000,164.000,0.000,175.000,99.000,0.100000,0.361111,-0.927145,87.760,105.002,134.706,6856.5
Arteaga_9_puntos_intento_10.mp4,1181,9841.667,True,157.000,164.000,0.000,176.000,100.000,0.105556,0.355556,-0.928676,88.832,103.431,136.041,6829.0
Arteaga_9_puntos_intento_10.mp4,1182,9850.000,True,157.000,164.000,0.000,176.000,99.000,0.105556,0.361111,-0.926529,88.091,103.834,133.956,6827.0
Arteaga_9_puntos_intento_10.mp4,1183,9858.333,True,157.000,164.000,0.000,176.000,99.000,0.105556,0.361111,-0.926529,87.805,104.490,136.040,6844.5
Arteaga_9_puntos_intento_10.mp4,1184,9866.667,True,157.000,164.000,0.000,176.000,100.000,0.105556,0.355556,-0.928676,88.555,104.494,136.801,6828.0
Arteaga_9_puntos_intento_10.mp4,1185,9875.000,True,157.000,164.000,0.000,176.000,99.000,0.105556,0.361111,-0.926529,88.029,103.687,134.007,6807.5
Arteaga_9_puntos_intento_10.mp4,1186,9883.333,True,157.000,164.000,0.000,175.000,99.000,0.100000,0.361111,-0.927145,87.482,106.861,134.803,6879.5
Arteaga_9_puntos_intento_10.mp4,1187,9891.667,True,157.000,164.000,0.000,175.000,99.000,0.100000,0.361111,-0.927145,87.756,106.489,135.416,6853.5
Arteaga_9_puntos_intento_10.mp4,1188,9900.000,True,157.000,164.000,0.000,175.000,98.000,0.100000,0.366667,-0.924962,87.648,104.942,133.832,6821.0
Arteaga_9_puntos_intento_10.mp4,1189,9908.333,True,157.000,164.000,0.000,175.000,99.000,0.100000,0.361111,-0.927145,88.397,105.938,132.500,6905.0
Arteaga_9_puntos_intento_10.mp4,1190,9916.667,True,157.000,164.000,0.000,174.000,98.000,0.094444,0.366667,-0.925546,87.203,106.574,129.400,6847.5
Arteaga_9_puntos_intento_10.mp4,1191,9925.000,True,157.000,164.000,0.000,175.000,99.000,0.100000,0.361111,-0.927145,87.538,104.580,132.984,6828.0
Arteaga_9_puntos_intento_10.mp4,1192,9933.333,True,157.000,164.000,0.000,175.000,99.000,0.100000,0.361111,-0.927145,87.541,104.388,131.253,6793.5
Arteaga_9_puntos_intento_10.mp4,1193,9941.667,True,157.000,164.000,0.000,175.000,99.000,0.100000,0.361111,-0.927145,88.021,105.119,136.150,6879.0
Arteaga_9_puntos_intento_10.mp4,1194,9950.000,True,157.000,164.000,0.000,175.000,99.000,0.100000,0.361111,-0.927145,87.840,105.774,135.047,6856.0
Arteaga_9_puntos_intento_10.mp4,1195,9958.333,True,157.000,164.000,0.000,176.000,99.000,0.105556,0.361111,-0.926529,88.295,104.234,133.185,6847.0
Arteaga_9_puntos_intento_10.mp4,1196,9966.667,True,157.000,164.000,0.000,175.000,99.000,0.100000,0.361111,-0.927145,88.064,106.090,132.598,6894.0
Arteaga_9_puntos_intento_10.mp4,1197,9975.000,True,157.000,164.000,0.000,175.000,99.000,0.100000,0.361111,-0.927145,87.284,106.405,130.232,6838.5
Arteaga_9_puntos_intento_10.mp4,1198,9983.333,True,157.000,164.000,0.000,175.000,99.000,0.100000,0.361111,-0.927145,88.055,105.857,134.487,6907.0
Arteaga_9_puntos_intento_10.mp4,1199,9991.667,True,157.000,164.000,0.000,175.000,99.000,0.100000,0.361111,-0.927145,87.719,104.680,134.951,6880.5
Arteaga_9_puntos_intento_10.mp4,1200,10000.000,True,157.000,164.000,0.000,175.000,99.000,0.100000,0.361111,-0.927145,88.367,105.050,133.150,6955.0
Arteaga_9_puntos_intento_10.mp4,1201,10008.333,True,157.000,164.000,0.000,174.000,98.000,0.094444,0.366667,-0.925546,88.443,106.231,133.851,6857.5
Arteaga_9_puntos_intento_10.mp4,1202,10016.667,True,157.000,164.000,0.000,175.000,98.000,0.100000,0.366667,-0.924962,88.271,105.449,133.910,6924.0
Arteaga_9_puntos_intento_10.mp4,1203,10025.000,True,157.000,164.000,0.000,175.000,99.000,0.100000,0.361111,-0.927145,88.842,103.468,137.766,6898.0
Arteaga_9_puntos_intento_10.mp4,1204,10033.333,True,157.000,164.000,0.000,175.000,98.000,0.100000,0.366667,-0.924962,87.635,105.554,132.263,6892.0
Arteaga_9_puntos_intento_10.mp4,1205,10041.667,True,157.000,164.000,0.000,174.000,98.000,0.094444,0.366667,-0.925546,88.159,105.995,132.138,6900.0
Arteaga_9_puntos_intento_10.mp4,1206,10050.000,True,157.000,164.000,0.000,174.000,98.000,0.094444,0.366667,-0.925546,88.457,105.915,133.065,6952.0
Arteaga_9_puntos_intento_10.mp4,1207,10058.333,True,157.000,164.000,0.000,174.000,99.000,0.094444,0.361111,-0.927728,88.438,105.760,130.082,6926.5
Arteaga_9_puntos_intento_10.mp4,1208,10066.667,True,157.000,164.000,0.000,174.000,98.000,0.094444,0.366667,-0.925546,88.393,106.801,133.288,6936.0
Arteaga_9_puntos_intento_10.mp4,1209,10075.000,True,157.000,164.000,0.000,175.000,99.000,0.100000,0.361111,-0.927145,88.232,104.903,134.554,6867.0
Arteaga_9_puntos_intento_10.mp4,1210,10083.333,True,157.000,164.000,0.000,175.000,99.000,0.100000,0.361111,-0.927145,88.400,105.578,132.663,6877.0
Arteaga_9_puntos_intento_10.mp4,1211,10091.667,True,157.000,164.000,0.000,175.000,99.000,0.100000,0.361111,-0.927145,88.101,105.388,135.430,6909.0
Arteaga_9_puntos_intento_10.mp4,1212,10100.000,True,157.000,164.000,0.000,175.000,99.000,0.100000,0.361111,-0.927145,87.846,105.792,131.655,6909.5
Arteaga_9_puntos_intento_10.mp4,1213,10108.333,True,157.000,164.000,0.000,174.000,99.000,0.094444,0.361111,-0.927728,88.123,105.408,136.468,6895.0
Arteaga_9_puntos_intento_10.mp4,1214,10116.667,True,157.000,164.000,0.000,173.000,99.000,0.088889,0.361111,-0.928277,88.693,105.989,134.165,6920.0
Arteaga_9_puntos_intento_10.mp4,1215,10125.000,True,157.000,164.000,0.000,173.000,99.000,0.088889,0.361111,-0.928277,88.397,105.456,136.005,6936.5
Arteaga_9_puntos_intento_10.mp4,1216,10133.333,True,157.000,164.000,0.000,173.000,98.000,0.088889,0.366667,-0.926096,87.733,106.533,137.723,6917.5
Arteaga_9_puntos_intento_10.mp4,1217,10141.667,True,157.000,164.000,0.000,174.000,99.000,0.094444,0.361111,-0.927728,87.853,105.220,136.481,6872.0
Arteaga_9_puntos_intento_10.mp4,1218,10150.000,True,157.000,164.000,0.000,174.000,99.000,0.094444,0.361111,-0.927728,88.659,105.422,136.287,6944.0
Arteaga_9_puntos_intento_10.mp4,1219,10158.333,True,157.000,164.000,0.000,174.000,99.000,0.094444,0.361111,-0.927728,87.543,104.955,134.665,6882.5
Arteaga_9_puntos_intento_10.mp4,1220,10166.667,True,157.000,164.000,0.000,174.000,99.000,0.094444,0.361111,-0.927728,87.677,104.747,135.045,6869.5
Arteaga_9_puntos_intento_10.mp4,1221,10175.000,True,157.000,164.000,0.000,174.000,99.000,0.094444,0.361111,-0.927728,87.632,105.589,137.341,6823.0
Arteaga_9_puntos_intento_10.mp4,1222,10183.333,True,157.000,164.000,0.000,173.000,98.000,0.088889,0.366667,-0.926096,87.718,106.530,134.775,6894.0
Arteaga_9_puntos_intento_10.mp4,1223,10191.667,True,157.000,164.000,0.000,174.000,99.000,0.094444,0.361111,-0.927728,88.839,105.067,135.137,6897.0
Arteaga_9_puntos_intento_10.mp4,1224,10200.000,True,157.000,164.000,0.000,174.000,99.000,0.094444,0.361111,-0.927728,88.470,105.128,132.128,6917.0
Arteaga_9_puntos_intento_10.mp4,1225,10208.333,True,157.000,164.000,0.000,173.000,98.000,0.088889,0.366667,-0.926096,87.921,106.884,133.620,6856.0
Arteaga_9_puntos_intento_10.mp4,1226,10216.667,True,157.000,164.000,0.000,173.000,99.000,0.088889,0.361111,-0.928277,88.396,106.091,135.306,6896.0
Arteaga_9_puntos_intento_10.mp4,1227,10225.000,True,157.000,164.000,0.000,173.000,99.000,0.088889,0.361111,-0.928277,87.985,106.591,135.535,6812.0
Arteaga_9_puntos_intento_10.mp4,1228,10233.333,True,157.000,164.000,0.000,174.000,99.000,0.094444,0.361111,-0.927728,88.092,105.216,138.927,6844.5
Arteaga_9_puntos_intento_10.mp4,1229,10241.667,True,157.000,164.000,0.000,174.000,99.000,0.094444,0.361111,-0.927728,87.960,105.814,134.789,6872.0
Arteaga_9_puntos_intento_10.mp4,1230,10250.000,True,157.000,164.000,0.000,174.000,99.000,0.094444,0.361111,-0.927728,88.516,104.660,137.012,6853.0
Arteaga_9_puntos_intento_10.mp4,1231,10258.333,True,157.000,164.000,0.000,174.000,99.000,0.094444,0.361111,-0.927728,87.292,105.828,135.941,6773.0
Arteaga_9_puntos_intento_10.mp4,1232,10266.667,True,157.000,164.000,0.000,174.000,99.000,0.094444,0.361111,-0.927728,88.341,105.404,134.255,6900.5
Arteaga_9_puntos_intento_10.mp4,1233,10275.000,True,157.000,164.000,0.000,174.000,99.000,0.094444,0.361111,-0.927728,87.384,106.509,134.679,6889.5
Arteaga_9_puntos_intento_10.mp4,1234,10283.333,True,157.000,164.000,0.000,174.000,100.000,0.094444,0.355556,-0.929871,88.283,104.113,133.881,6888.0
Arteaga_9_puntos_intento_10.mp4,1235,10291.667,True,157.000,164.000,0.000,174.000,100.000,0.094444,0.355556,-0.929871,87.524,103.766,131.530,6817.0
Arteaga_9_puntos_intento_10.mp4,1236,10300.000,True,157.000,164.000,0.000,174.000,99.000,0.094444,0.361111,-0.927728,87.983,104.977,135.510,6871.5
Arteaga_9_puntos_intento_10.mp4,1237,10308.333,True,157.000,164.000,0.000,174.000,99.000,0.094444,0.361111,-0.927728,88.089,104.907,133.044,6828.5
Arteaga_9_puntos_intento_10.mp4,1238,10316.667,True,157.000,164.000,0.000,174.000,99.000,0.094444,0.361111,-0.927728,88.078,105.614,131.834,6908.0
Arteaga_9_puntos_intento_10.mp4,1239,10325.000,True,157.000,164.000,0.000,173.000,99.000,0.088889,0.361111,-0.928277,87.982,106.453,131.212,6869.5
Arteaga_9_puntos_intento_10.mp4,1240,10333.333,True,157.000,164.000,0.000,174.000,99.000,0.094444,0.361111,-0.927728,88.285,105.679,134.588,6846.5
Arteaga_9_puntos_intento_10.mp4,1241,10341.667,True,157.000,164.000,0.000,174.000,99.000,0.094444,0.361111,-0.927728,87.686,105.566,132.335,6856.0
Arteaga_9_puntos_intento_10.mp4,1242,10350.000,True,157.000,164.000,0.000,173.000,98.000,0.088889,0.366667,-0.926096,87.658,106.894,133.741,6849.0
Arteaga_9_puntos_intento_10.mp4,1243,10358.333,True,157.000,164.000,0.000,174.000,99.000,0.094444,0.361111,-0.927728,88.201,105.085,134.815,6852.5
Arteaga_9_puntos_intento_10.mp4,1244,10366.667,True,157.000,164.000,0.000,174.000,99.000,0.094444,0.361111,-0.927728,87.215,104.570,132.807,6849.5
Arteaga_9_puntos_intento_10.mp4,1245,10375.000,True,157.000,164.000,0.000,174.000,99.000,0.094444,0.361111,-0.927728,87.630,104.679,132.528,6836.5
Arteaga_9_puntos_intento_10.mp4,1246,10383.333,True,157.000,164.000,0.000,173.000,99.000,0.088889,0.361111,-0.928277,87.914,106.154,130.945,6880.0
Arteaga_9_puntos_intento_10.mp4,1247,10391.667,True,157.000,164.000,0.000,174.000,99.000,0.094444,0.361111,-0.927728,87.781,105.119,132.581,6811.0
Arteaga_9_puntos_intento_10.mp4,1248,10400.000,True,157.000,164.000,0.000,174.000,99.000,0.094444,0.361111,-0.927728,87.483,104.636,130.402,6814.5
Arteaga_9_puntos_intento_10.mp4,1249,10408.333,True,157.000,164.000,0.000,173.000,98.000,0.088889,0.366667,-0.926096,87.708,106.152,138.339,6815.5
Arteaga_9_puntos_intento_10.mp4,1250,10416.667,True,157.000,164.000,0.000,173.000,99.000,0.088889,0.361111,-0.928277,87.616,105.681,133.199,6784.0
Arteaga_9_puntos_intento_10.mp4,1251,10425.000,True,157.000,164.000,0.000,173.000,98.000,0.088889,0.366667,-0.926096,87.433,105.900,134.981,6792.0
Arteaga_9_puntos_intento_10.mp4,1252,10433.333,True,157.000,164.000,0.000,173.000,99.000,0.088889,0.361111,-0.928277,87.265,106.035,130.429,6850.0
Arteaga_9_puntos_intento_10.mp4,1253,10441.667,True,157.000,164.000,0.000,173.000,99.000,0.088889,0.361111,-0.928277,87.976,105.079,130.470,6841.5
Arteaga_9_puntos_intento_10.mp4,1254,10450.000,True,157.000,164.000,0.000,173.000,98.000,0.088889,0.366667,-0.926096,87.297,104.718,133.152,6831.5
Arteaga_9_puntos_intento_10.mp4,1255,10458.333,True,157.000,164.000,0.000,174.000,99.000,0.094444,0.361111,-0.927728,87.367,104.733,132.224,6761.5
Arteaga_9_puntos_intento_10.mp4,1256,10466.667,True,157.000,164.000,0.000,174.000,99.000,0.094444,0.361111,-0.927728,87.341,104.267,137.205,6808.0
Arteaga_9_puntos_intento_10.mp4,1257,10475.000,True,157.000,164.000,0.000,173.000,98.000,0.088889,0.366667,-0.926096,87.271,105.538,132.093,6819.0
Arteaga_9_puntos_intento_10.mp4,1258,10483.333,True,157.000,164.000,0.000,174.000,99.000,0.094444,0.361111,-0.927728,87.419,103.498,134.308,6808.0
Arteaga_9_puntos_intento_10.mp4,1259,10491.667,True,157.000,164.000,0.000,173.000,99.000,0.088889,0.361111,-0.928277,87.555,105.053,131.795,6782.0
Arteaga_9_puntos_intento_10.mp4,1260,10500.000,True,157.000,164.000,0.000,174.000,99.000,0.094444,0.361111,-0.927728,87.509,104.731,131.593,6806.5
Arteaga_9_puntos_intento_10.mp4,1261,10508.333,True,157.000,164.000,0.000,173.000,98.000,0.088889,0.366667,-0.926096,87.760,106.356,132.339,6804.5
Arteaga_9_puntos_intento_10.mp4,1262,10516.667,True,157.000,164.000,0.000,173.000,99.000,0.088889,0.361111,-0.928277,87.596,104.890,129.061,6854.5
Arteaga_9_puntos_intento_10.mp4,1263,10525.000,True,157.000,164.000,0.000,174.000,99.000,0.094444,0.361111,-0.927728,87.296,104.295,135.246,6828.5
Arteaga_9_puntos_intento_10.mp4,1264,10533.333,True,157.000,164.000,0.000,173.000,99.000,0.088889,0.361111,-0.928277,87.406,104.916,131.152,6774.0
Arteaga_9_puntos_intento_10.mp4,1265,10541.667,True,157.000,164.000,0.000,173.000,99.000,0.088889,0.361111,-0.928277,87.012,104.513,131.938,6769.0
Arteaga_9_puntos_intento_10.mp4,1266,10550.000,True,157.000,164.000,0.000,173.000,98.000,0.088889,0.366667,-0.926096,87.373,105.265,131.514,6831.5
Arteaga_9_puntos_intento_10.mp4,1267,10558.333,True,157.000,164.000,0.000,173.000,98.000,0.088889,0.366667,-0.926096,87.469,105.528,132.998,6802.5
Arteaga_9_puntos_intento_10.mp4,1268,10566.667,True,157.000,164.000,0.000,173.000,98.000,0.088889,0.366667,-0.926096,87.715,104.421,132.633,6834.5
Arteaga_9_puntos_intento_10.mp4,1269,10575.000,True,157.000,164.000,0.000,173.000,98.000,0.088889,0.366667,-0.926096,88.056,104.159,132.745,6838.5
Arteaga_9_puntos_intento_10.mp4,1270,10583.333,True,157.000,164.000,0.000,174.000,99.000,0.094444,0.361111,-0.927728,87.593,104.150,135.021,6796.5
Arteaga_9_puntos_intento_10.mp4,1271,10591.667,True,157.000,164.000,0.000,173.000,99.000,0.088889,0.361111,-0.928277,87.848,104.550,130.579,6799.0
Arteaga_9_puntos_intento_10.mp4,1272,10600.000,True,157.000,164.000,0.000,173.000,98.000,0.088889,0.366667,-0.926096,87.325,104.423,130.382,6812.0
Arteaga_9_puntos_intento_10.mp4,1273,10608.333,True,157.000,164.000,0.000,173.000,99.000,0.088889,0.361111,-0.928277,87.796,105.079,131.448,6756.0
Arteaga_9_puntos_intento_10.mp4,1274,10616.667,True,157.000,164.000,0.000,174.000,98.000,0.094444,0.366667,-0.925546,87.523,103.813,136.713,6767.0
Arteaga_9_puntos_intento_10.mp4,1275,10625.000,True,157.000,164.000,0.000,174.000,99.000,0.094444,0.361111,-0.927728,87.820,103.043,134.802,6764.0
Arteaga_9_puntos_intento_10.mp4,1276,10633.333,True,157.000,164.000,0.000,173.000,99.000,0.088889,0.361111,-0.928277,87.698,104.130,133.150,6782.5
Arteaga_9_puntos_intento_10.mp4,1277,10641.667,True,157.000,164.000,0.000,174.000,99.000,0.094444,0.361111,-0.927728,87.359,103.025,132.451,6757.5
Arteaga_9_puntos_intento_10.mp4,1278,10650.000,True,157.000,164.000,0.000,174.000,99.000,0.094444,0.361111,-0.927728,87.382,103.083,132.865,6780.0
Arteaga_9_puntos_intento_10.mp4,1279,10658.333,True,157.000,164.000,0.000,172.000,100.000,0.083333,0.355556,-0.930933,88.647,101.566,132.697,6780.0
Arteaga_9_puntos_intento_10.mp4,1280,10666.667,True,157.000,164.000,0.000,166.000,102.000,0.050000,0.344444,-0.937474,90.840,100.998,136.498,6831.5
Arteaga_9_puntos_intento_10.mp4,1281,10675.000,True,157.000,164.000,0.000,157.000,105.000,0.000000,0.327778,-0.944755,92.616,98.094,148.311,6858.0
Arteaga_9_puntos_intento_10.mp4,1282,10683.333,True,157.000,164.000,0.000,144.000,105.000,-0.072222,0.327778,-0.941990,92.840,103.629,140.603,7088.0
Arteaga_9_puntos_intento_10.mp4,1283,10691.667,True,157.000,164.000,0.000,132.000,110.000,-0.138889,0.300000,-0.943774,97.786,101.482,153.458,6990.0
Arteaga_9_puntos_intento_10.mp4,1284,10700.000,True,157.000,164.000,0.000,122.000,113.000,-0.194444,0.283333,-0.939103,100.362,101.309,53.201,7173.0
Arteaga_9_puntos_intento_10.mp4,1285,10708.333,True,157.000,164.000,0.000,119.000,113.000,-0.211111,0.283333,-0.935497,99.479,100.359,91.099,7098.0
Arteaga_9_puntos_intento_10.mp4,1286,10716.667,True,157.000,164.000,0.000,118.000,113.000,-0.216667,0.283333,-0.934226,99.769,101.393,116.073,7107.0
Arteaga_9_puntos_intento_10.mp4,1287,10725.000,True,157.000,164.000,0.000,119.000,114.000,-0.211111,0.277778,-0.937161,100.099,100.579,62.394,7025.0
Arteaga_9_puntos_intento_10.mp4,1288,10733.333,True,157.000,164.000,0.000,118.000,113.000,-0.216667,0.283333,-0.934226,99.870,102.975,89.204,7085.0
Arteaga_9_puntos_intento_10.mp4,1289,10741.667,True,157.000,164.000,0.000,119.000,113.000,-0.211111,0.283333,-0.935497,100.230,100.773,26.082,7114.0
Arteaga_9_puntos_intento_10.mp4,1290,10750.000,True,157.000,164.000,0.000,119.000,113.000,-0.211111,0.283333,-0.935497,99.764,101.068,114.314,7051.0
Arteaga_9_puntos_intento_10.mp4,1291,10758.333,True,157.000,164.000,0.000,119.000,113.000,-0.211111,0.283333,-0.935497,98.802,102.343,142.265,7079.0
Arteaga_9_puntos_intento_10.mp4,1292,10766.667,True,157.000,164.000,0.000,119.000,113.000,-0.211111,0.283333,-0.935497,99.332,101.575,176.321,7017.5
Arteaga_9_puntos_intento_10.mp4,1293,10775.000,True,157.000,164.000,0.000,119.000,113.000,-0.211111,0.283333,-0.935497,99.928,100.654,32.120,7028.0
Arteaga_9_puntos_intento_10.mp4,1294,10783.333,True,157.000,164.000,0.000,119.000,112.000,-0.211111,0.288889,-0.933796,97.380,101.788,139.508,7021.5
Arteaga_9_puntos_intento_10.mp4,1295,10791.667,True,157.000,164.000,0.000,120.000,112.000,-0.205556,0.288889,-0.935035,96.894,100.772,166.894,7036.0
Arteaga_9_puntos_intento_10.mp4,1296,10800.000,True,157.000,164.000,0.000,120.000,113.000,-0.205556,0.283333,-0.936733,96.609,101.084,164.416,7026.0
Arteaga_9_puntos_intento_10.mp4,1297,10808.333,True,157.000,164.000,0.000,120.000,112.000,-0.205556,0.288889,-0.935035,96.690,101.826,173.571,7017.0
Arteaga_9_puntos_intento_10.mp4,1298,10816.667,True,157.000,164.000,0.000,119.000,112.000,-0.211111,0.288889,-0.933796,99.140,100.877,100.067,7034.5
Arteaga_9_puntos_intento_10.mp4,1299,10825.000,True,157.000,164.000,0.000,120.000,113.000,-0.205556,0.283333,-0.936733,97.593,102.779,15.266,7024.5
Arteaga_9_puntos_intento_10.mp4,1300,10833.333,True,157.000,164.000,0.000,119.000,113.000,-0.211111,0.283333,-0.935497,97.490,102.071,16.266,7041.0
Arteaga_9_puntos_intento_10.mp4,1301,10841.667,True,157.000,164.000,0.000,118.000,112.000,-0.216667,0.288889,-0.932523,99.922,101.910,164.723,7044.0
Arteaga_9_puntos_intento_10.mp4,1302,10850.000,True,157.000,164.000,0.000,118.000,112.000,-0.216667,0.288889,-0.932523,99.684,100.793,175.089,6995.5
Arteaga_9_puntos_intento_10.mp4,1303,10858.333,True,157.000,164.000,0.000,118.000,112.000,-0.216667,0.288889,-0.932523,100.055,100.335,89.797,6965.5
Arteaga_9_puntos_intento_10.mp4,1304,10866.667,True,157.000,164.000,0.000,118.000,112.000,-0.216667,0.288889,-0.932523,98.830,101.852,52.961,6983.0
Arteaga_9_puntos_intento_10.mp4,1305,10875.000,True,157.000,164.000,0.000,118.000,112.000,-0.216667,0.288889,-0.932523,99.713,101.918,131.413,6994.5
Arteaga_9_puntos_intento_10.mp4,1306,10883.333,True,157.000,164.000,0.000,118.000,112.000,-0.216667,0.288889,-0.932523,99.356,100.426,62.986,7000.5
Arteaga_9_puntos_intento_10.mp4,1307,10891.667,True,157.000,164.000,0.000,119.000,112.000,-0.211111,0.288889,-0.933796,97.615,99.549,97.690,6971.0
Arteaga_9_puntos_intento_10.mp4,1308,10900.000,True,157.000,164.000,0.000,118.000,112.000,-0.216667,0.288889,-0.932523,99.296,100.777,82.331,7025.0
Arteaga_9_puntos_intento_10.mp4,1309,10908.333,True,157.000,164.000,0.000,118.000,112.000,-0.216667,0.288889,-0.932523,99.656,100.301,51.446,6976.0
Arteaga_9_puntos_intento_10.mp4,1310,10916.667,True,157.000,164.000,0.000,118.000,112.000,-0.216667,0.288889,-0.932523,99.347,101.012,136.010,7025.5
Arteaga_9_puntos_intento_10.mp4,1311,10925.000,True,157.000,164.000,0.000,118.000,112.000,-0.216667,0.288889,-0.932523,99.071,100.698,176.022,6998.0
Arteaga_9_puntos_intento_10.mp4,1312,10933.333,True,157.000,164.000,0.000,117.000,112.000,-0.222222,0.288889,-0.931215,99.929,102.352,93.599,7034.0
Arteaga_9_puntos_intento_10.mp4,1313,10941.667,True,157.000,164.000,0.000,118.000,112.000,-0.216667,0.288889,-0.932523,100.088,100.937,148.715,7043.0
Arteaga_9_puntos_intento_10.mp4,1314,10950.000,True,157.000,164.000,0.000,118.000,113.000,-0.216667,0.283333,-0.934226,98.840,100.763,46.035,7043.5
Arteaga_9_puntos_intento_10.mp4,1315,10958.333,True,157.000,164.000,0.000,118.000,112.000,-0.216667,0.288889,-0.932523,99.353,101.605,54.856,7016.0
Arteaga_9_puntos_intento_10.mp4,1316,10966.667,True,157.000,164.000,0.000,118.000,112.000,-0.216667,0.288889,-0.932523,100.437,100.954,77.350,7059.0
Arteaga_9_puntos_intento_10.mp4,1317,10975.000,True,157.000,164.000,0.000,118.000,112.000,-0.216667,0.288889,-0.932523,98.354,101.230,159.687,6971.5
Arteaga_9_puntos_intento_10.mp4,1318,10983.333,True,157.000,164.000,0.000,118.000,111.000,-0.216667,0.294444,-0.930784,98.361,99.907,117.263,7025.5
Arteaga_9_puntos_intento_10.mp4,1319,10991.667,True,157.000,164.000,0.000,119.000,112.000,-0.211111,0.288889,-0.933796,98.029,100.275,164.983,6974.5
Arteaga_9_puntos_intento_10.mp4,1320,11000.000,True,157.000,164.000,0.000,118.000,112.000,-0.216667,0.288889,-0.932523,98.440,100.105,135.673,7028.0
Arteaga_9_puntos_intento_10.mp4,1321,11008.333,True,157.000,164.000,0.000,118.000,113.000,-0.216667,0.283333,-0.934226,98.229,101.416,67.820,7008.5
Arteaga_9_puntos_intento_10.mp4,1322,11016.667,True,157.000,164.000,0.000,118.000,112.000,-0.216667,0.288889,-0.932523,97.999,100.616,123.142,7013.5
Arteaga_9_puntos_intento_10.mp4,1323,11025.000,True,157.000,164.000,0.000,118.000,112.000,-0.216667,0.288889,-0.932523,99.692,100.603,52.741,7025.0
Arteaga_9_puntos_intento_10.mp4,1324,11033.333,True,157.000,164.000,0.000,118.000,113.000,-0.216667,0.283333,-0.934226,99.730,101.136,12.277,7030.0
Arteaga_9_puntos_intento_10.mp4,1325,11041.667,True,157.000,164.000,0.000,118.000,112.000,-0.216667,0.288889,-0.932523,97.712,100.933,58.511,6980.5
Arteaga_9_puntos_intento_10.mp4,1326,11050.000,True,157.000,164.000,0.000,118.000,112.000,-0.216667,0.288889,-0.932523,98.323,100.698,175.233,7006.5
Arteaga_9_puntos_intento_10.mp4,1327,11058.333,True,157.000,164.000,0.000,118.000,112.000,-0.216667,0.288889,-0.932523,98.457,100.908,168.411,6960.5
Arteaga_9_puntos_intento_10.mp4,1328,11066.667,True,157.000,164.000,0.000,118.000,113.000,-0.216667,0.283333,-0.934226,97.721,100.313,9.835,7042.5
Arteaga_9_puntos_intento_10.mp4,1329,11075.000,True,157.000,164.000,0.000,119.000,113.000,-0.211111,0.283333,-0.935497,97.330,100.420,7.823,6970.5
Arteaga_9_puntos_intento_10.mp4,1330,11083.333,True,157.000,164.000,0.000,118.000,113.000,-0.216667,0.283333,-0.934226,98.947,100.921,9.899,7009.5
Arteaga_9_puntos_intento_10.mp4,1331,11091.667,True,157.000,164.000,0.000,118.000,112.000,-0.216667,0.288889,-0.932523,98.775,101.207,151.025,6992.5
Arteaga_9_puntos_intento_10.mp4,1332,11100.000,True,157.000,164.000,0.000,119.000,113.000,-0.211111,0.283333,-0.935497,96.956,100.490,26.667,6943.5
Arteaga_9_puntos_intento_10.mp4,1333,11108.333,True,157.000,164.000,0.000,117.000,113.000,-0.222222,0.283333,-0.932920,99.263,101.342,85.970,7023.0
Arteaga_9_puntos_intento_10.mp4,1334,11116.667,True,157.000,164.000,0.000,117.000,112.000,-0.222222,0.288889,-0.931215,98.462,102.486,101.611,6982.5
Arteaga_9_puntos_intento_10.mp4,1335,11125.000,True,157.000,164.000,0.000,117.000,113.000,-0.222222,0.283333,-0.932920,98.899,100.637,81.370,6975.5
Arteaga_9_puntos_intento_10.mp4,1336,11133.333,True,157.000,164.000,0.000,117.000,112.000,-0.222222,0.288889,-0.931215,98.781,100.316,117.679,6999.0
Arteaga_9_puntos_intento_10.mp4,1337,11141.667,True,157.000,164.000,0.000,117.000,112.000,-0.222222,0.288889,-0.931215,97.979,101.799,116.681,6952.0
Arteaga_9_puntos_intento_10.mp4,1338,11150.000,True,157.000,164.000,0.000,117.000,112.000,-0.222222,0.288889,-0.931215,98.392,99.513,93.271,6940.5
Arteaga_9_puntos_intento_10.mp4,1339,11158.333,True,157.000,164.000,0.000,117.000,112.000,-0.222222,0.288889,-0.931215,98.474,99.800,128.802,6910.0
Arteaga_9_puntos_intento_10.mp4,1340,11166.667,True,157.000,164.000,0.000,118.000,113.000,-0.216667,0.283333,-0.934226,97.966,99.415,38.917,6949.5
Arteaga_9_puntos_intento_10.mp4,1341,11175.000,True,157.000,164.000,0.000,118.000,112.000,-0.216667,0.288889,-0.932523,98.359,99.249,43.775,6952.0
Arteaga_9_puntos_intento_10.mp4,1342,11183.333,True,157.000,164.000,0.000,118.000,112.000,-0.216667,0.288889,-0.932523,97.711,99.396,53.437,6994.5
Arteaga_9_puntos_intento_10.mp4,1343,11191.667,True,157.000,164.000,0.000,118.000,113.000,-0.216667,0.283333,-0.934226,97.720,99.925,174.032,6937.5
Arteaga_9_puntos_intento_10.mp4,1344,11200.000,True,157.000,164.000,0.000,118.000,112.000,-0.216667,0.288889,-0.932523,96.011,99.350,127.667,6970.5
Arteaga_9_puntos_intento_10.mp4,1345,11208.333,True,157.000,164.000,0.000,117.000,113.000,-0.222222,0.283333,-0.932920,97.952,99.933,100.159,6949.0
Arteaga_9_puntos_intento_10.mp4,1346,11216.667,True,157.000,164.000,0.000,117.000,113.000,-0.222222,0.283333,-0.932920,98.099,99.460,67.725,6902.0
Arteaga_9_puntos_intento_10.mp4,1347,11225.000,True,157.000,164.000,0.000,117.000,113.000,-0.222222,0.283333,-0.932920,97.655,100.645,83.592,6934.5
Arteaga_9_puntos_intento_10.mp4,1348,11233.333,True,157.000,164.000,0.000,117.000,113.000,-0.222222,0.283333,-0.932920,98.386,100.888,93.298,6909.0
Arteaga_9_puntos_intento_10.mp4,1349,11241.667,True,157.000,164.000,0.000,117.000,113.000,-0.222222,0.283333,-0.932920,97.016,100.922,83.356,6934.0
Arteaga_9_puntos_intento_10.mp4,1350,11250.000,True,157.000,164.000,0.000,118.000,113.000,-0.216667,0.283333,-0.934226,98.882,99.613,176.780,6956.5
Arteaga_9_puntos_intento_10.mp4,1351,11258.333,True,157.000,164.000,0.000,117.000,113.000,-0.222222,0.283333,-0.932920,98.232,99.249,103.437,6890.0
Arteaga_9_puntos_intento_10.mp4,1352,11266.667,True,157.000,164.000,0.000,117.000,113.000,-0.222222,0.283333,-0.932920,98.978,99.249,85.439,6898.5
Arteaga_9_puntos_intento_10.mp4,1353,11275.000,True,157.000,164.000,0.000,117.000,113.000,-0.222222,0.283333,-0.932920,96.859,99.497,80.086,6908.0
Arteaga_9_puntos_intento_10.mp4,1354,11283.333,True,157.000,164.000,0.000,118.000,113.000,-0.216667,0.283333,-0.934226,97.160,98.961,72.922,6899.5
Arteaga_9_puntos_intento_10.mp4,1355,11291.667,True,157.000,164.000,0.000,117.000,113.000,-0.222222,0.283333,-0.932920,96.887,100.234,83.406,6884.0
Arteaga_9_puntos_intento_10.mp4,1356,11300.000,True,157.000,164.000,0.000,117.000,113.000,-0.222222,0.283333,-0.932920,98.608,99.419,118.653,6978.5
Arteaga_9_puntos_intento_10.mp4,1357,11308.333,True,157.000,164.000,0.000,117.000,113.000,-0.222222,0.283333,-0.932920,97.773,99.483,94.289,6920.5
Arteaga_9_puntos_intento_10.mp4,1358,11316.667,True,157.000,164.000,0.000,117.000,112.000,-0.222222,0.288889,-0.931215,96.570,100.548,116.570,6889.5
Arteaga_9_puntos_intento_10.mp4,1359,11325.000,True,157.000,164.000,0.000,117.000,112.000,-0.222222,0.288889,-0.931215,96.438,101.107,114.329,6930.0
Arteaga_9_puntos_intento_10.mp4,1360,11333.333,True,157.000,164.000,0.000,117.000,112.000,-0.222222,0.288889,-0.931215,96.797,100.819,96.320,6944.5
Arteaga_9_puntos_intento_10.mp4,1361,11341.667,True,157.000,164.000,0.000,117.000,113.000,-0.222222,0.283333,-0.932920,97.230,99.841,92.096,6880.0
Arteaga_9_puntos_intento_10.mp4,1362,11350.000,True,157.000,164.000,0.000,118.000,113.000,-0.216667,0.283333,-0.934226,96.851,98.852,58.027,6872.0
Arteaga_9_puntos_intento_10.mp4,1363,11358.333,True,157.000,164.000,0.000,118.000,114.000,-0.216667,0.277778,-0.935893,97.215,98.970,38.687,6860.5
Arteaga_9_puntos_intento_10.mp4,1364,11366.667,True,157.000,164.000,0.000,117.000,113.000,-0.222222,0.283333,-0.932920,97.526,98.857,93.829,6947.0
Arteaga_9_puntos_intento_10.mp4,1365,11375.000,True,157.000,164.000,0.000,117.000,113.000,-0.222222,0.283333,-0.932920,97.266,99.484,68.859,6906.5
Arteaga_9_puntos_intento_10.mp4,1366,11383.333,True,157.000,164.000,0.000,117.000,113.000,-0.222222,0.283333,-0.932920,97.457,99.142,75.450,6911.5
Arteaga_9_puntos_intento_10.mp4,1367,11391.667,True,157.000,164.000,0.000,118.000,113.000,-0.216667,0.283333,-0.934226,96.862,98.150,79.065,6920.0
Arteaga_9_puntos_intento_10.mp4,1368,11400.000,True,157.000,164.000,0.000,117.000,113.000,-0.222222,0.283333,-0.932920,98.273,100.455,99.560,6923.5
Arteaga_9_puntos_intento_10.mp4,1369,11408.333,True,157.000,164.000,0.000,117.000,113.000,-0.222222,0.283333,-0.932920,98.343,98.935,93.766,6867.5
Arteaga_9_puntos_intento_10.mp4,1370,11416.667,True,157.000,164.000,0.000,114.000,113.000,-0.238889,0.283333,-0.928792,96.584,101.711,78.901,6899.5
Arteaga_9_puntos_intento_10.mp4,1371,11425.000,True,157.000,164.000,0.000,113.000,113.000,-0.244444,0.283333,-0.927345,96.211,98.946,72.215,6827.0
Arteaga_9_puntos_intento_10.mp4,1372,11433.333,True,157.000,164.000,0.000,113.000,111.000,-0.244444,0.294444,-0.923877,96.482,98.340,99.353,6776.5
Arteaga_9_puntos_intento_10.mp4,1373,11441.667,True,157.000,164.000,0.000,112.000,111.000,-0.250000,0.294444,-0.922390,96.168,100.029,69.100,6799.0
Arteaga_9_puntos_intento_10.mp4,1374,11450.000,True,157.000,164.000,0.000,112.000,111.000,-0.250000,0.294444,-0.922390,97.384,98.852,53.153,6830.0
Arteaga_9_puntos_intento_10.mp4,1375,11458.333,True,157.000,164.000,0.000,113.000,111.000,-0.244444,0.294444,-0.923877,95.701,98.152,64.429,6806.0
Arteaga_9_puntos_intento_10.mp4,1376,11466.667,True,157.000,164.000,0.000,112.000,112.000,-0.250000,0.288889,-0.924145,95.981,101.592,56.202,6888.5
Arteaga_9_puntos_intento_10.mp4,1377,11475.000,True,157.000,164.000,0.000,112.000,111.000,-0.250000,0.294444,-0.922390,96.888,99.560,63.381,6872.5
Arteaga_9_puntos_intento_10.mp4,1378,11483.333,True,157.000,164.000,0.000,111.000,111.000,-0.255556,0.294444,-0.920866,97.092,100.329,85.065,6832.5
Arteaga_9_puntos_intento_10.mp4,1379,11491.667,True,157.000,164.000,0.000,112.000,111.000,-0.250000,0.294444,-0.922390,96.824,99.282,68.388,6759.5
Arteaga_9_puntos_intento_10.mp4,1380,11500.000,True,157.000,164.000,0.000,112.000,111.000,-0.250000,0.294444,-0.922390,96.177,99.351,60.023,6827.0
Arteaga_9_puntos_intento_10.mp4,1381,11508.333,True,157.000,164.000,0.000,112.000,111.000,-0.250000,0.294444,-0.922390,95.955,99.318,37.991,6857.5
Arteaga_9_puntos_intento_10.mp4,1382,11516.667,True,157.000,164.000,0.000,111.000,110.000,-0.255556,0.300000,-0.919071,96.656,99.926,92.166,6899.0
Arteaga_9_puntos_intento_10.mp4,1383,11525.000,True,157.000,164.000,0.000,110.000,111.000,-0.261111,0.294444,-0.919306,97.950,100.454,90.905,6920.5
Arteaga_9_puntos_intento_10.mp4,1384,11533.333,True,157.000,164.000,0.000,110.000,111.000,-0.261111,0.294444,-0.919306,97.926,100.771,80.861,6934.5
Arteaga_9_puntos_intento_10.mp4,1385,11541.667,True,157.000,164.000,0.000,112.000,112.000,-0.250000,0.288889,-0.924145,95.709,100.282,25.208,6831.5
Arteaga_9_puntos_intento_10.mp4,1386,11550.000,True,157.000,164.000,0.000,111.000,111.000,-0.255556,0.294444,-0.920866,96.227,100.879,51.454,6875.0
Arteaga_9_puntos_intento_10.mp4,1387,11558.333,True,157.000,164.000,0.000,111.000,111.000,-0.255556,0.294444,-0.920866,97.230,100.618,66.836,6851.5
Arteaga_9_puntos_intento_10.mp4,1388,11566.667,True,157.000,164.000,0.000,111.000,111.000,-0.255556,0.294444,-0.920866,95.839,100.412,77.538,6853.5
Arteaga_9_puntos_intento_10.mp4,1389,11575.000,True,157.000,164.000,0.000,111.000,110.000,-0.255556,0.300000,-0.919071,96.655,99.916,81.448,6891.5
Arteaga_9_puntos_intento_10.mp4,1390,11583.333,True,157.000,164.000,0.000,111.000,111.000,-0.255556,0.294444,-0.920866,98.214,99.749,37.611,6889.0
Arteaga_9_puntos_intento_10.mp4,1391,11591.667,True,157.000,164.000,0.000,112.000,111.000,-0.250000,0.294444,-0.922390,97.454,100.319,69.238,6954.0
Arteaga_9_puntos_intento_10.mp4,1392,11600.000,True,157.000,164.000,0.000,116.000,112.000,-0.227778,0.288889,-0.929871,99.283,100.543,131.790,7034.0
Arteaga_9_puntos_intento_10.mp4,1393,11608.333,True,157.000,164.000,0.000,118.000,112.000,-0.216667,0.288889,-0.932523,98.491,100.513,112.815,6974.0
Arteaga_9_puntos_intento_10.mp4,1394,11616.667,True,157.000,164.000,0.000,118.000,111.000,-0.216667,0.294444,-0.930784,96.415,100.915,129.468,6972.5
Arteaga_9_puntos_intento_10.mp4,1395,11625.000,True,157.000,164.000,0.000,118.000,112.000,-0.216667,0.288889,-0.932523,98.892,100.034,149.752,6985.0
Arteaga_9_puntos_intento_10.mp4,1396,11633.333,True,157.000,164.000,0.000,118.000,112.000,-0.216667,0.288889,-0.932523,97.809,99.532,156.886,7007.5
Arteaga_9_puntos_intento_10.mp4,1397,11641.667,True,157.000,164.000,0.000,117.000,112.000,-0.222222,0.288889,-0.931215,99.045,100.364,170.067,6998.5
Arteaga_9_puntos_intento_10.mp4,1398,11650.000,True,157.000,164.000,0.000,118.000,112.000,-0.216667,0.288889,-0.932523,98.588,99.875,165.981,7030.0
Arteaga_9_puntos_intento_10.mp4,1399,11658.333,True,157.000,164.000,0.000,118.000,112.000,-0.216667,0.288889,-0.932523,98.135,100.047,127.572,6979.0
Arteaga_9_puntos_intento_10.mp4,1400,11666.667,True,157.000,164.000,0.000,118.000,112.000,-0.216667,0.288889,-0.932523,97.426,100.967,112.371,7037.5
Arteaga_9_puntos_intento_10.mp4,1401,11675.000,True,157.000,164.000,0.000,118.000,112.000,-0.216667,0.288889,-0.932523,97.431,100.511,88.766,6999.0
Arteaga_9_puntos_intento_10.mp4,1402,11683.333,True,157.000,164.000,0.000,118.000,113.000,-0.216667,0.283333,-0.934226,98.475,99.380,56.415,7045.0
Arteaga_9_puntos_intento_10.mp4,1403,11691.667,True,157.000,164.000,0.000,118.000,112.000,-0.216667,0.288889,-0.932523,97.250,100.414,110.242,7009.5
Arteaga_9_puntos_intento_10.mp4,1404,11700.000,True,157.000,164.000,0.000,117.000,112.000,-0.222222,0.288889,-0.931215,98.014,102.759,103.576,7085.0
Arteaga_9_puntos_intento_10.mp4,1405,11708.333,True,157.000,164.000,0.000,117.000,112.000,-0.222222,0.288889,-0.931215,98.017,102.160,111.301,7016.5
Arteaga_9_puntos_intento_10.mp4,1406,11716.667,True,157.000,164.000,0.000,118.000,112.000,-0.216667,0.288889,-0.932523,97.888,101.203,129.216,7061.0
Arteaga_9_puntos_intento_10.mp4,1407,11725.000,True,157.000,164.000,0.000,118.000,112.000,-0.216667,0.288889,-0.932523,99.292,100.328,112.967,7014.0
Arteaga_9_puntos_intento_10.mp4,1408,11733.333,True,157.000,164.000,0.000,117.000,113.000,-0.222222,0.283333,-0.932920,98.857,100.978,92.507,7057.0
Arteaga_9_puntos_intento_10.mp4,1409,11741.667,True,157.000,164.000,0.000,118.000,113.000,-0.216667,0.283333,-0.934226,99.091,100.500,60.300,7019.5
Arteaga_9_puntos_intento_10.mp4,1410,11750.000,True,157.000,164.000,0.000,118.000,113.000,-0.216667,0.283333,-0.934226,98.817,101.260,91.837,7090.0
Arteaga_9_puntos_intento_10.mp4,1411,11758.333,True,157.000,164.000,0.000,118.000,113.000,-0.216667,0.283333,-0.934226,99.925,100.379,28.698,7051.0
Arteaga_9_puntos_intento_10.mp4,1412,11766.667,True,157.000,164.000,0.000,119.000,113.000,-0.211111,0.283333,-0.935497,98.312,99.700,18.428,7064.0
Arteaga_9_puntos_intento_10.mp4,1413,11775.000,True,157.000,164.000,0.000,118.000,113.000,-0.216667,0.283333,-0.934226,99.109,100.404,171.859,7049.0
Arteaga_9_puntos_intento_10.mp4,1414,11783.333,True,157.000,164.000,0.000,118.000,113.000,-0.216667,0.283333,-0.934226,98.505,101.042,165.673,7074.0
Arteaga_9_puntos_intento_10.mp4,1415,11791.667,True,157.000,164.000,0.000,118.000,113.000,-0.216667,0.283333,-0.934226,99.565,99.856,164.645,7051.0
Arteaga_9_puntos_intento_10.mp4,1416,11800.000,True,157.000,164.000,0.000,118.000,113.000,-0.216667,0.283333,-0.934226,100.108,101.222,111.734,7124.5
Arteaga_9_puntos_intento_10.mp4,1417,11808.333,True,157.000,164.000,0.000,118.000,114.000,-0.216667,0.277778,-0.935893,100.173,101.659,4.925,7114.0
Arteaga_9_puntos_intento_10.mp4,1418,11816.667,True,157.000,164.000,0.000,118.000,113.000,-0.216667,0.283333,-0.934226,100.005,101.150,113.495,7073.0
Arteaga_9_puntos_intento_10.mp4,1419,11825.000,True,157.000,164.000,0.000,118.000,113.000,-0.216667,0.283333,-0.934226,99.969,102.177,130.822,7099.0
Arteaga_9_puntos_intento_10.mp4,1420,11833.333,True,157.000,164.000,0.000,118.000,113.000,-0.216667,0.283333,-0.934226,101.102,101.862,159.468,7114.5
Arteaga_9_puntos_intento_10.mp4,1421,11841.667,True,157.000,164.000,0.000,118.000,113.000,-0.216667,0.283333,-0.934226,99.408,100.846,148.464,7078.5
Arteaga_9_puntos_intento_10.mp4,1422,11850.000,True,157.000,164.000,0.000,118.000,113.000,-0.216667,0.283333,-0.934226,100.464,101.401,112.572,7154.5
Arteaga_9_puntos_intento_10.mp4,1423,11858.333,True,157.000,164.000,0.000,118.000,113.000,-0.216667,0.283333,-0.934226,100.017,101.300,13.984,7138.5
Arteaga_9_puntos_intento_10.mp4,1424,11866.667,True,157.000,164.000,0.000,118.000,113.000,-0.216667,0.283333,-0.934226,100.184,102.103,141.835,7126.0
Arteaga_9_puntos_intento_10.mp4,1425,11875.000,True,157.000,164.000,0.000,118.000,113.000,-0.216667,0.283333,-0.934226,99.499,102.113,169.674,7092.5
Arteaga_9_puntos_intento_10.mp4,1426,11883.333,True,157.000,164.000,0.000,118.000,114.000,-0.216667,0.277778,-0.935893,100.012,101.467,39.715,7138.5
Arteaga_9_puntos_intento_10.mp4,1427,11891.667,True,157.000,164.000,0.000,118.000,113.000,-0.216667,0.283333,-0.934226,98.848,101.861,135.098,7095.0
Arteaga_9_puntos_intento_10.mp4,1428,11900.000,True,157.000,164.000,0.000,118.000,113.000,-0.216667,0.283333,-0.934226,99.410,102.224,137.680,7098.5
Arteaga_9_puntos_intento_10.mp4,1429,11908.333,True,157.000,164.000,0.000,117.000,113.000,-0.222222,0.283333,-0.932920,98.828,103.654,106.517,7089.0
Arteaga_9_puntos_intento_10.mp4,1430,11916.667,True,157.000,164.000,0.000,118.000,112.000,-0.216667,0.288889,-0.932523,98.216,102.441,119.708,7136.5
Arteaga_9_puntos_intento_10.mp4,1431,11925.000,True,157.000,164.000,0.000,118.000,113.000,-0.216667,0.283333,-0.934226,101.269,101.472,31.179,7084.5
Arteaga_9_puntos_intento_10.mp4,1432,11933.333,True,157.000,164.000,0.000,118.000,112.000,-0.216667,0.288889,-0.932523,99.372,102.648,119.119,7116.5
Arteaga_9_puntos_intento_10.mp4,1433,11941.667,True,157.000,164.000,0.000,119.000,113.000,-0.211111,0.283333,-0.935497,98.804,101.524,167.447,7134.0
Arteaga_9_puntos_intento_10.mp4,1434,11950.000,True,157.000,164.000,0.000,118.000,113.000,-0.216667,0.283333,-0.934226,100.299,101.883,89.845,7130.5
Arteaga_9_puntos_intento_10.mp4,1435,11958.333,True,157.000,164.000,0.000,118.000,113.000,-0.216667,0.283333,-0.934226,100.023,102.409,121.381,7084.0
Arteaga_9_puntos_intento_10.mp4,1436,11966.667,True,157.000,164.000,0.000,118.000,112.000,-0.216667,0.288889,-0.932523,98.465,102.530,120.863,7126.0
Arteaga_9_puntos_intento_10.mp4,1437,11975.000,True,157.000,164.000,0.000,119.000,112.000,-0.211111,0.288889,-0.933796,99.547,100.680,128.400,7105.0
Arteaga_9_puntos_intento_10.mp4,1438,11983.333,True,157.000,164.000,0.000,118.000,113.000,-0.216667,0.283333,-0.934226,99.428,101.032,45.920,7059.0
Arteaga_9_puntos_intento_10.mp4,1439,11991.667,True,157.000,164.000,0.000,118.000,113.000,-0.216667,0.283333,-0.934226,99.387,101.208,100.165,7055.5
Arteaga_9_puntos_intento_10.mp4,1440,12000.000,True,157.000,164.000,0.000,119.000,113.000,-0.211111,0.283333,-0.935497,99.541,100.577,131.874,7058.0
Arteaga_9_puntos_intento_10.mp4,1441,12008.333,True,157.000,164.000,0.000,118.000,112.000,-0.216667,0.288889,-0.932523,98.289,101.977,132.792,7054.0
Arteaga_9_puntos_intento_10.mp4,1442,12016.667,True,157.000,164.000,0.000,118.000,112.000,-0.216667,0.288889,-0.932523,98.929,102.362,128.047,7070.5
Arteaga_9_puntos_intento_10.mp4,1443,12025.000,True,157.000,164.000,0.000,118.000,112.000,-0.216667,0.288889,-0.932523,98.455,102.457,122.115,7020.5
Arteaga_9_puntos_intento_10.mp4,1444,12033.333,True,157.000,164.000,0.000,118.000,112.000,-0.216667,0.288889,-0.932523,97.666,103.303,115.530,7056.5
Arteaga_9_puntos_intento_10.mp4,1445,12041.667,True,157.000,164.000,0.000,119.000,113.000,-0.211111,0.283333,-0.935497,98.478,100.765,137.955,7028.5
Arteaga_9_puntos_intento_10.mp4,1446,12050.000,True,157.000,164.000,0.000,118.000,112.000,-0.216667,0.288889,-0.932523,99.053,101.740,125.954,7132.0
Arteaga_9_puntos_intento_10.mp4,1447,12058.333,True,157.000,164.000,0.000,118.000,113.000,-0.216667,0.283333,-0.934226,100.512,100.794,140.315,7088.5
Arteaga_9_puntos_intento_10.mp4,1448,12066.667,True,157.000,164.000,0.000,119.000,114.000,-0.211111,0.277778,-0.937161,101.049,101.855,113.650,7125.5
Arteaga_9_puntos_intento_10.mp4,1449,12075.000,True,157.000,164.000,0.000,119.000,114.000,-0.211111,0.277778,-0.937161,100.970,101.942,95.596,7101.5
Arteaga_9_puntos_intento_10.mp4,1450,12083.333,True,157.000,164.000,0.000,119.000,113.000,-0.211111,0.283333,-0.935497,100.021,103.903,89.745,7144.0
Arteaga_9_puntos_intento_10.mp4,1451,12091.667,True,157.000,164.000,0.000,119.000,114.000,-0.211111,0.277778,-0.937161,100.549,101.440,78.052,7044.0
Arteaga_9_puntos_intento_10.mp4,1452,12100.000,True,157.000,164.000,0.000,119.000,113.000,-0.211111,0.283333,-0.935497,99.438,102.832,129.324,7140.5
Arteaga_9_puntos_intento_10.mp4,1453,12108.333,True,157.000,164.000,0.000,119.000,114.000,-0.211111,0.277778,-0.937161,101.113,102.719,94.738,7106.0
Arteaga_9_puntos_intento_10.mp4,1454,12116.667,True,157.000,164.000,0.000,120.000,114.000,-0.205556,0.277778,-0.938396,99.194,101.092,154.079,7101.5
Arteaga_9_puntos_intento_10.mp4,1455,12125.000,True,157.000,164.000,0.000,119.000,113.000,-0.211111,0.283333,-0.935497,99.059,103.229,105.364,7081.5
Arteaga_9_puntos_intento_10.mp4,1456,12133.333,True,157.000,164.000,0.000,120.000,113.000,-0.205556,0.283333,-0.936733,99.479,101.950,121.343,7135.0
Arteaga_9_puntos_intento_10.mp4,1457,12141.667,True,157.000,164.000,0.000,120.000,114.000,-0.205556,0.277778,-0.938396,100.728,101.751,12.615,7084.0
Arteaga_9_puntos_intento_10.mp4,1458,12150.000,True,157.000,164.000,0.000,120.000,113.000,-0.205556,0.283333,-0.936733,99.776,102.040,111.939,7168.0
Arteaga_9_puntos_intento_10.mp4,1459,12158.333,True,157.000,164.000,0.000,119.000,113.000,-0.211111,0.283333,-0.935497,98.598,102.260,96.136,7071.5
Arteaga_9_puntos_intento_10.mp4,1460,12166.667,True,157.000,164.000,0.000,119.000,113.000,-0.211111,0.283333,-0.935497,99.510,102.560,104.280,7145.5
Arteaga_9_puntos_intento_10.mp4,1461,12175.000,True,157.000,164.000,0.000,120.000,113.000,-0.205556,0.283333,-0.936733,98.632,101.883,164.624,7102.0
Arteaga_9_puntos_intento_10.mp4,1462,12183.333,True,157.000,164.000,0.000,120.000,113.000,-0.205556,0.283333,-0.936733,98.621,102.571,129.181,7143.5
Arteaga_9_puntos_intento_10.mp4,1463,12191.667,True,157.000,164.000,0.000,120.000,113.000,-0.205556,0.283333,-0.936733,99.547,101.909,95.311,7135.0
Arteaga_9_puntos_intento_10.mp4,1464,12200.000,True,157.000,164.000,0.000,120.000,113.000,-0.205556,0.283333,-0.936733,99.536,102.584,101.477,7157.0
Arteaga_9_puntos_intento_10.mp4,1465,12208.333,True,157.000,164.000,0.000,119.000,113.000,-0.211111,0.283333,-0.935497,98.211,102.928,120.358,7087.5
Arteaga_9_puntos_intento_10.mp4,1466,12216.667,True,157.000,164.000,0.000,120.000,112.000,-0.205556,0.288889,-0.935035,97.239,102.066,113.824,7060.5
Arteaga_9_puntos_intento_10.mp4,1467,12225.000,True,157.000,164.000,0.000,121.000,113.000,-0.200000,0.283333,-0.937935,98.369,100.462,167.652,7054.5
Arteaga_9_puntos_intento_10.mp4,1468,12233.333,True,157.000,164.000,0.000,119.000,113.000,-0.211111,0.283333,-0.935497,98.896,102.448,110.855,7116.5
Arteaga_9_puntos_intento_10.mp4,1469,12241.667,True,157.000,164.000,0.000,120.000,113.000,-0.205556,0.283333,-0.936733,98.745,101.646,98.443,7083.0
Arteaga_9_puntos_intento_10.mp4,1470,12250.000,True,157.000,164.000,0.000,120.000,113.000,-0.205556,0.283333,-0.936733,99.957,101.259,64.964,7081.0
Arteaga_9_puntos_intento_10.mp4,1471,12258.333,True,157.000,164.000,0.000,119.000,113.000,-0.211111,0.283333,-0.935497,99.168,101.643,100.009,7055.0
Arteaga_9_puntos_intento_10.mp4,1472,12266.667,True,157.000,164.000,0.000,119.000,113.000,-0.211111,0.283333,-0.935497,100.161,102.799,109.332,7098.5
Arteaga_9_puntos_intento_10.mp4,1473,12275.000,True,157.000,164.000,0.000,119.000,113.000,-0.211111,0.283333,-0.935497,99.450,101.847,105.179,7086.5
Arteaga_9_puntos_intento_10.mp4,1474,12283.333,True,157.000,164.000,0.000,120.000,113.000,-0.205556,0.283333,-0.936733,100.579,100.826,48.048,7101.5
Arteaga_9_puntos_intento_10.mp4,1475,12291.667,True,157.000,164.000,0.000,121.000,113.000,-0.200000,0.283333,-0.937935,97.731,101.788,147.647,7075.0
Arteaga_9_puntos_intento_10.mp4,1476,12300.000,True,157.000,164.000,0.000,120.000,113.000,-0.205556,0.283333,-0.936733,99.812,101.216,10.919,7056.0
Arteaga_9_puntos_intento_10.mp4,1477,12308.333,True,157.000,164.000,0.000,119.000,113.000,-0.211111,0.283333,-0.935497,99.789,103.277,94.125,7102.5
Arteaga_9_puntos_intento_10.mp4,1478,12316.667,True,157.000,164.000,0.000,120.000,113.000,-0.205556,0.283333,-0.936733,100.116,100.979,78.691,7091.0
Arteaga_9_puntos_intento_10.mp4,1479,12325.000,True,157.000,164.000,0.000,119.000,113.000,-0.211111,0.283333,-0.935497,99.921,102.391,112.514,7071.0
Arteaga_9_puntos_intento_10.mp4,1480,12333.333,True,157.000,164.000,0.000,119.000,113.000,-0.211111,0.283333,-0.935497,100.128,101.115,105.045,7098.5
Arteaga_9_puntos_intento_10.mp4,1481,12341.667,True,157.000,164.000,0.000,119.000,112.000,-0.211111,0.288889,-0.933796,99.449,102.737,110.966,7122.0
Arteaga_9_puntos_intento_10.mp4,1482,12350.000,True,157.000,164.000,0.000,119.000,112.000,-0.211111,0.288889,-0.933796,98.131,102.941,115.075,7111.0
Arteaga_9_puntos_intento_10.mp4,1483,12358.333,True,157.000,164.000,0.000,119.000,113.000,-0.211111,0.283333,-0.935497,100.024,101.917,108.418,7101.5
Arteaga_9_puntos_intento_10.mp4,1484,12366.667,True,157.000,164.000,0.000,119.000,113.000,-0.211111,0.283333,-0.935497,100.682,102.211,91.159,7134.0
Arteaga_9_puntos_intento_10.mp4,1485,12375.000,True,157.000,164.000,0.000,120.000,113.000,-0.205556,0.283333,-0.936733,98.562,102.250,89.555,7085.0
Arteaga_9_puntos_intento_10.mp4,1486,12383.333,True,157.000,164.000,0.000,119.000,113.000,-0.211111,0.283333,-0.935497,99.570,101.830,95.776,7093.5
Arteaga_9_puntos_intento_10.mp4,1487,12391.667,True,157.000,164.000,0.000,120.000,113.000,-0.205556,0.283333,-0.936733,98.339,101.276,133.720,7050.5
Arteaga_9_puntos_intento_10.mp4,1488,12400.000,True,157.000,164.000,0.000,120.000,112.000,-0.205556,0.288889,-0.935035,96.792,102.968,114.641,7130.5
Arteaga_9_puntos_intento_10.mp4,1489,12408.333,True,157.000,164.000,0.000,118.000,113.000,-0.216667,0.283333,-0.934226,99.971,103.225,101.093,7095.5
Arteaga_9_puntos_intento_10.mp4,1490,12416.667,True,157.000,164.000,0.000,118.000,113.000,-0.216667,0.283333,-0.934226,99.100,103.888,108.776,7111.0
Arteaga_9_puntos_intento_10.mp4,1491,12425.000,True,157.000,164.000,0.000,119.000,113.000,-0.211111,0.283333,-0.935497,99.097,102.141,102.366,7099.5
Arteaga_9_puntos_intento_10.mp4,1492,12433.333,True,157.000,164.000,0.000,119.000,113.000,-0.211111,0.283333,-0.935497,98.925,103.068,95.069,7105.5
Arteaga_9_puntos_intento_10.mp4,1493,12441.667,True,157.000,164.000,0.000,120.000,113.000,-0.205556,0.283333,-0.936733,100.020,102.026,80.518,7116.0
Arteaga_9_puntos_intento_10.mp4,1494,12450.000,True,157.000,164.000,0.000,119.000,113.000,-0.211111,0.283333,-0.935497,99.204,103.003,105.798,7146.5
Arteaga_9_puntos_intento_10.mp4,1495,12458.333,True,157.000,164.000,0.000,120.000,113.000,-0.205556,0.283333,-0.936733,99.665,101.076,136.198,7056.0
Arteaga_9_puntos_intento_10.mp4,1496,12466.667,True,157.000,164.000,0.000,119.000,113.000,-0.211111,0.283333,-0.935497,98.361,103.549,95.577,7115.5
Arteaga_9_puntos_intento_10.mp4,1497,12475.000,True,157.000,164.000,0.000,119.000,113.000,-0.211111,0.283333,-0.935497,98.837,103.099,104.884,7120.5
Arteaga_9_puntos_intento_10.mp4,1498,12483.333,True,157.000,164.000,0.000,120.000,113.000,-0.205556,0.283333,-0.936733,99.057,102.562,85.662,7100.5
Arteaga_9_puntos_intento_10.mp4,1499,12491.667,True,157.000,164.000,0.000,119.000,113.000,-0.211111,0.283333,-0.935497,98.781,103.684,94.240,7115.0
Arteaga_9_puntos_intento_10.mp4,1500,12500.000,True,157.000,164.000,0.000,120.000,113.000,-0.205556,0.283333,-0.936733,99.613,102.003,67.081,7141.5
Arteaga_9_puntos_intento_10.mp4,1501,12508.333,True,157.000,164.000,0.000,120.000,112.000,-0.205556,0.288889,-0.935035,98.390,102.693,139.889,7156.5
Arteaga_9_puntos_intento_10.mp4,1502,12516.667,True,157.000,164.000,0.000,120.000,112.000,-0.205556,0.288889,-0.935035,100.449,102.263,133.374,7155.5
Arteaga_9_puntos_intento_10.mp4,1503,12525.000,True,157.000,164.000,0.000,120.000,113.000,-0.205556,0.283333,-0.936733,99.718,100.638,76.894,7157.5
Arteaga_9_puntos_intento_10.mp4,1504,12533.333,True,157.000,164.000,0.000,120.000,113.000,-0.205556,0.283333,-0.936733,99.575,101.868,128.854,7149.0
Arteaga_9_puntos_intento_10.mp4,1505,12541.667,True,157.000,164.000,0.000,119.000,113.000,-0.211111,0.283333,-0.935497,99.837,102.923,114.798,7168.5
Arteaga_9_puntos_intento_10.mp4,1506,12550.000,True,157.000,164.000,0.000,119.000,112.000,-0.211111,0.288889,-0.933796,98.665,103.349,102.040,7178.5
Arteaga_9_puntos_intento_10.mp4,1507,12558.333,True,157.000,164.000,0.000,120.000,113.000,-0.205556,0.283333,-0.936733,99.894,100.640,18.303,7159.5
Arteaga_9_puntos_intento_10.mp4,1508,12566.667,True,157.000,164.000,0.000,120.000,113.000,-0.205556,0.283333,-0.936733,99.238,100.505,48.062,7145.5
Arteaga_9_puntos_intento_10.mp4,1509,12575.000,True,157.000,164.000,0.000,119.000,113.000,-0.211111,0.283333,-0.935497,100.168,102.380,110.451,7120.0
Arteaga_9_puntos_intento_10.mp4,1510,12583.333,True,157.000,164.000,0.000,119.000,112.000,-0.211111,0.288889,-0.933796,100.044,102.871,128.068,7103.5
Arteaga_9_puntos_intento_10.mp4,1511,12591.667,True,157.000,164.000,0.000,118.000,112.000,-0.216667,0.288889,-0.932523,99.378,104.626,103.834,7133.5
Arteaga_9_puntos_intento_10.mp4,1512,12600.000,True,157.000,164.000,0.000,119.000,112.000,-0.211111,0.288889,-0.933796,98.969,104.198,103.784,7138.0
Arteaga_9_puntos_intento_10.mp4,1513,12608.333,True,157.000,164.000,0.000,119.000,113.000,-0.211111,0.283333,-0.935497,100.366,102.718,100.426,7140.0
Arteaga_9_puntos_intento_10.mp4,1514,12616.667,True,157.000,164.000,0.000,120.000,113.000,-0.205556,0.283333,-0.936733,100.134,101.868,150.093,7155.0
Arteaga_9_puntos_intento_10.mp4,1515,12625.000,True,157.000,164.000,0.000,120.000,113.000,-0.205556,0.283333,-0.936733,100.565,101.032,64.621,7104.0
Arteaga_9_puntos_intento_10.mp4,1516,12633.333,True,157.000,164.000,0.000,120.000,112.000,-0.205556,0.288889,-0.935035,98.780,101.860,115.117,7143.0
Arteaga_9_puntos_intento_10.mp4,1517,12641.667,True,157.000,164.000,0.000,120.000,112.000,-0.205556,0.288889,-0.935035,98.522,101.677,154.033,7140.5
Arteaga_9_puntos_intento_10.mp4,1518,12650.000,True,157.000,164.000,0.000,120.000,112.000,-0.205556,0.288889,-0.935035,99.899,102.107,106.162,7160.5
Arteaga_9_puntos_intento_10.mp4,1519,12658.333,True,157.000,164.000,0.000,120.000,112.000,-0.205556,0.288889,-0.935035,99.378,102.009,135.008,7156.0
Arteaga_9_puntos_intento_10.mp4,1520,12666.667,True,157.000,164.000,0.000,119.000,112.000,-0.211111,0.288889,-0.933796,99.688,102.798,108.183,7140.0
Arteaga_9_puntos_intento_10.mp4,1521,12675.000,True,157.000,164.000,0.000,120.000,112.000,-0.205556,0.288889,-0.935035,99.695,102.133,121.070,7127.5
Arteaga_9_puntos_intento_10.mp4,1522,12683.333,True,157.000,164.000,0.000,119.000,112.000,-0.211111,0.288889,-0.933796,100.451,102.135,127.892,7145.0
Arteaga_9_puntos_intento_10.mp4,1523,12691.667,True,157.000,164.000,0.000,119.000,113.000,-0.211111,0.283333,-0.935497,100.838,103.285,65.478,7186.0
Arteaga_9_puntos_intento_10.mp4,1524,12700.000,True,157.000,164.000,0.000,120.000,113.000,-0.205556,0.283333,-0.936733,101.160,102.228,105.243,7221.5
Arteaga_9_puntos_intento_10.mp4,1525,12708.333,True,157.000,164.000,0.000,119.000,113.000,-0.211111,0.283333,-0.935497,100.742,101.664,171.375,7156.0
Arteaga_9_puntos_intento_10.mp4,1526,12716.667,True,157.000,164.000,0.000,120.000,112.000,-0.205556,0.288889,-0.935035,99.119,105.318,100.613,7196.5
Arteaga_9_puntos_intento_10.mp4,1527,12725.000,True,157.000,164.000,0.000,127.000,112.000,-0.166667,0.288889,-0.942744,97.418,106.087,115.460,7090.5
Arteaga_9_puntos_intento_10.mp4,1528,12733.333,True,157.000,164.000,0.000,145.000,112.000,-0.066667,0.288889,-0.955039,87.886,107.258,130.858,6845.5
Arteaga_9_puntos_intento_10.mp4,1529,12741.667,True,157.000,164.000,0.000,161.000,114.000,0.022222,0.277778,-0.960388,90.188,108.066,131.827,7044.5
Arteaga_9_puntos_intento_10.mp4,1530,12750.000,True,157.000,164.000,0.000,177.000,116.000,0.111111,0.266667,-0.957363,91.880,111.351,134.246,7409.0
Arteaga_9_puntos_intento_10.mp4,1531,12758.333,True,157.000,164.000,0.000,193.000,117.000,0.200000,0.261111,-0.944363,88.604,112.153,130.396,7433.0
Arteaga_9_puntos_intento_10.mp4,1532,12766.667,True,157.000,164.000,0.000,207.000,120.000,0.277778,0.244444,-0.929024,87.629,114.590,132.895,7601.0
Arteaga_9_puntos_intento_10.mp4,1533,12775.000,True,157.000,164.000,0.000,218.000,122.000,0.338889,0.233333,-0.911433,86.589,115.261,136.456,7601.0
Arteaga_9_puntos_intento_10.mp4,1534,12783.333,True,157.000,164.000,0.000,227.000,123.000,0.388889,0.227778,-0.892683,85.440,114.026,136.630,7495.5
Arteaga_9_puntos_intento_10.mp4,1535,12791.667,True,157.000,164.000,0.000,231.000,123.000,0.411111,0.227778,-0.882669,85.649,111.779,139.754,7362.5
Arteaga_9_puntos_intento_10.mp4,1536,12800.000,True,157.000,164.000,0.000,231.000,123.000,0.411111,0.227778,-0.882669,86.931,112.713,139.256,7492.5
Arteaga_9_puntos_intento_10.mp4,1537,12808.333,True,157.000,164.000,0.000,231.000,123.000,0.411111,0.227778,-0.882669,87.208,112.939,137.659,7537.0
Arteaga_9_puntos_intento_10.mp4,1538,12816.667,True,157.000,164.000,0.000,230.000,123.000,0.405556,0.227778,-0.885236,87.019,114.053,139.485,7555.0
Arteaga_9_puntos_intento_10.mp4,1539,12825.000,True,157.000,164.000,0.000,231.000,123.000,0.411111,0.227778,-0.882669,86.997,112.447,140.635,7501.5
Arteaga_9_puntos_intento_10.mp4,1540,12833.333,True,157.000,164.000,0.000,231.000,123.000,0.411111,0.227778,-0.882669,86.380,113.182,140.166,7516.0
Arteaga_9_puntos_intento_10.mp4,1541,12841.667,True,157.000,164.000,0.000,231.000,123.000,0.411111,0.227778,-0.882669,86.521,113.596,141.384,7526.5
Arteaga_9_puntos_intento_10.mp4,1542,12850.000,True,157.000,164.000,0.000,230.000,123.000,0.405556,0.227778,-0.885236,86.579,114.512,139.672,7554.5
Arteaga_9_puntos_intento_10.mp4,1543,12858.333,True,157.000,164.000,0.000,231.000,123.000,0.411111,0.227778,-0.882669,85.524,112.996,139.286,7383.5
Arteaga_9_puntos_intento_10.mp4,1544,12866.667,True,157.000,164.000,0.000,231.000,123.000,0.411111,0.227778,-0.882669,85.759,112.690,139.793,7380.0
Arteaga_9_puntos_intento_10.mp4,1545,12875.000,True,157.000,164.000,0.000,230.000,123.000,0.405556,0.227778,-0.885236,85.826,113.676,140.097,7420.5
Arteaga_9_puntos_intento_10.mp4,1546,12883.333,True,157.000,164.000,0.000,230.000,122.000,0.405556,0.233333,-0.883787,85.740,113.679,139.203,7403.0
Arteaga_9_puntos_intento_10.mp4,1547,12891.667,True,157.000,164.000,0.000,230.000,123.000,0.405556,0.227778,-0.885236,85.542,113.531,140.988,7408.5
Arteaga_9_puntos_intento_10.mp4,1548,12900.000,True,157.000,164.000,0.000,230.000,122.000,0.405556,0.233333,-0.883787,85.364,114.626,139.712,7456.5
Arteaga_9_puntos_intento_10.mp4,1549,12908.333,True,157.000,164.000,0.000,230.000,122.000,0.405556,0.233333,-0.883787,85.431,113.814,140.402,7434.5
Arteaga_9_puntos_intento_10.mp4,1550,12916.667,True,157.000,164.000,0.000,230.000,122.000,0.405556,0.233333,-0.883787,85.201,113.725,142.405,7458.0
Arteaga_9_puntos_intento_10.mp4,1551,12925.000,True,157.000,164.000,0.000,230.000,122.000,0.405556,0.233333,-0.883787,86.147,113.109,141.045,7433.0
Arteaga_9_puntos_intento_10.mp4,1552,12933.333,True,157.000,164.000,0.000,230.000,122.000,0.405556,0.233333,-0.883787,85.927,113.708,140.790,7477.5
Arteaga_9_puntos_intento_10.mp4,1553,12941.667,True,157.000,164.000,0.000,230.000,122.000,0.405556,0.233333,-0.883787,85.404,113.964,140.367,7445.5
Arteaga_9_puntos_intento_10.mp4,1554,12950.000,True,157.000,164.000,0.000,231.000,122.000,0.411111,0.233333,-0.881217,85.430,113.332,140.980,7447.0
Arteaga_9_puntos_intento_10.mp4,1555,12958.333,True,157.000,164.000,0.000,231.000,122.000,0.411111,0.233333,-0.881217,85.489,112.472,141.004,7406.5
Arteaga_9_puntos_intento_10.mp4,1556,12966.667,True,157.000,164.000,0.000,230.000,122.000,0.405556,0.233333,-0.883787,85.199,113.395,141.435,7433.5
Arteaga_9_puntos_intento_10.mp4,1557,12975.000,True,157.000,164.000,0.000,230.000,122.000,0.405556,0.233333,-0.883787,85.735,113.020,140.178,7429.5
Arteaga_9_puntos_intento_10.mp4,1558,12983.333,True,157.000,164.000,0.000,231.000,121.000,0.411111,0.238889,-0.879727,85.187,113.716,139.609,7437.5
Arteaga_9_puntos_intento_10.mp4,1559,12991.667,True,157.000,164.000,0.000,233.000,122.000,0.422222,0.233333,-0.875947,84.896,113.573,140.289,7411.0
Arteaga_9_puntos_intento_10.mp4,1560,13000.000,True,157.000,164.000,0.000,234.000,122.000,0.427778,0.233333,-0.873248,83.868,113.060,140.986,7288.5
Arteaga_9_puntos_intento_10.mp4,1561,13008.333,True,157.000,164.000,0.000,234.000,122.000,0.427778,0.233333,-0.873248,83.999,112.676,141.933,7302.0
Arteaga_9_puntos_intento_10.mp4,1562,13016.667,True,157.000,164.000,0.000,234.000,122.000,0.427778,0.233333,-0.873248,83.854,113.113,141.503,7305.0
Arteaga_9_puntos_intento_10.mp4,1563,13025.000,True,157.000,164.000,0.000,233.000,121.000,0.422222,0.238889,-0.874449,84.100,113.122,140.507,7298.5
Arteaga_9_puntos_intento_10.mp4,1564,13033.333,True,157.000,164.000,0.000,234.000,122.000,0.427778,0.233333,-0.873248,83.824,113.275,141.270,7299.0
Arteaga_9_puntos_intento_10.mp4,1565,13041.667,True,157.000,164.000,0.000,234.000,121.000,0.427778,0.238889,-0.871744,83.428,112.896,141.483,7242.0
Arteaga_9_puntos_intento_10.mp4,1566,13050.000,True,157.000,164.000,0.000,234.000,121.000,0.427778,0.238889,-0.871744,83.731,112.350,140.846,7254.0
Arteaga_9_puntos_intento_10.mp4,1567,13058.333,True,157.000,164.000,0.000,234.000,121.000,0.427778,0.238889,-0.871744,83.496,112.187,139.810,7203.0
Arteaga_9_puntos_intento_10.mp4,1568,13066.667,True,157.000,164.000,0.000,234.000,121.000,0.427778,0.238889,-0.871744,83.890,112.202,141.149,7210.0
Arteaga_9_puntos_intento_10.mp4,1569,13075.000,True,157.000,164.000,0.000,233.000,121.000,0.422222,0.238889,-0.874449,83.517,111.757,140.839,7153.5
Arteaga_9_puntos_intento_10.mp4,1570,13083.333,True,157.000,164.000,0.000,234.000,121.000,0.427778,0.238889,-0.871744,83.372,111.954,141.379,7161.0
Arteaga_9_puntos_intento_10.mp4,1571,13091.667,True,157.000,164.000,0.000,234.000,121.000,0.427778,0.238889,-0.871744,83.493,111.100,141.707,7133.5
Arteaga_9_puntos_intento_10.mp4,1572,13100.000,True,157.000,164.000,0.000,234.000,121.000,0.427778,0.238889,-0.871744,83.044,111.088,140.928,7101.0
Arteaga_9_puntos_intento_10.mp4,1573,13108.333,True,157.000,164.000,0.000,234.000,121.000,0.427778,0.238889,-0.871744,82.509,111.158,141.055,7079.0
Arteaga_9_puntos_intento_10.mp4,1574,13116.667,True,157.000,164.000,0.000,234.000,121.000,0.427778,0.238889,-0.871744,82.872,110.928,140.312,7095.5
Arteaga_9_puntos_intento_10.mp4,1575,13125.000,True,157.000,164.000,0.000,234.000,121.000,0.427778,0.238889,-0.871744,82.618,111.242,140.230,7061.0
Arteaga_9_puntos_intento_10.mp4,1576,13133.333,True,157.000,164.000,0.000,234.000,121.000,0.427778,0.238889,-0.871744,82.532,111.150,140.608,7072.5
Arteaga_9_puntos_intento_10.mp4,1577,13141.667,True,157.000,164.000,0.000,234.000,121.000,0.427778,0.238889,-0.871744,82.359,110.958,140.467,7044.0
Arteaga_9_puntos_intento_10.mp4,1578,13150.000,True,157.000,164.000,0.000,234.000,121.000,0.427778,0.238889,-0.871744,82.686,110.772,139.725,7051.0
Arteaga_9_puntos_intento_10.mp4,1579,13158.333,True,157.000,164.000,0.000,234.000,121.000,0.427778,0.238889,-0.871744,82.420,109.947,140.932,6979.0
Arteaga_9_puntos_intento_10.mp4,1580,13166.667,True,157.000,164.000,0.000,234.000,121.000,0.427778,0.238889,-0.871744,82.434,109.804,141.326,7003.0
Arteaga_9_puntos_intento_10.mp4,1581,13175.000,True,157.000,164.000,0.000,233.000,121.000,0.422222,0.238889,-0.874449,82.136,109.559,141.344,6965.5
Arteaga_9_puntos_intento_10.mp4,1582,13183.333,True,157.000,164.000,0.000,234.000,121.000,0.427778,0.238889,-0.871744,82.061,109.297,140.567,6949.0
Arteaga_9_puntos_intento_10.mp4,1583,13191.667,True,157.000,164.000,0.000,234.000,121.000,0.427778,0.238889,-0.871744,81.920,109.552,140.656,6952.0
Arteaga_9_puntos_intento_10.mp4,1584,13200.000,True,157.000,164.000,0.000,233.000,121.000,0.422222,0.238889,-0.874449,82.175,109.005,139.745,6927.5
Arteaga_9_puntos_intento_10.mp4,1585,13208.333,True,157.000,164.000,0.000,233.000,121.000,0.422222,0.238889,-0.874449,82.363,108.922,140.376,6879.5
Arteaga_9_puntos_intento_10.mp4,1586,13216.667,True,157.000,164.000,0.000,233.000,121.000,0.422222,0.238889,-0.874449,81.972,109.467,139.959,6886.5
Arteaga_9_puntos_intento_10.mp4,1587,13225.000,True,157.000,164.000,0.000,234.000,120.000,0.427778,0.244444,-0.870203,81.821,109.121,139.880,6870.5
Arteaga_9_puntos_intento_10.mp4,1588,13233.333,True,157.000,164.000,0.000,233.000,120.000,0.422222,0.244444,-0.872912,81.681,109.371,140.616,6869.5
Arteaga_9_puntos_intento_10.mp4,1589,13241.667,True,157.000,164.000,0.000,233.000,120.000,0.422222,0.244444,-0.872912,81.882,108.511,140.180,6832.5
Arteaga_9_puntos_intento_10.mp4,1590,13250.000,True,157.000,164.000,0.000,233.000,121.000,0.422222,0.238889,-0.874449,81.551,108.886,140.339,6820.5
Arteaga_9_puntos_intento_10.mp4,1591,13258.333,True,157.000,164.000,0.000,233.000,120.000,0.422222,0.244444,-0.872912,81.474,107.719,140.094,6787.0
Arteaga_9_puntos_intento_10.mp4,1592,13266.667,True,157.000,164.000,0.000,233.000,120.000,0.422222,0.244444,-0.872912,81.451,108.906,140.695,6835.5
Arteaga_9_puntos_intento_10.mp4,1593,13275.000,True,157.000,164.000,0.000,233.000,120.000,0.422222,0.244444,-0.872912,81.272,108.139,140.440,6803.5
Arteaga_9_puntos_intento_10.mp4,1594,13283.333,True,157.000,164.000,0.000,233.000,120.000,0.422222,0.244444,-0.872912,81.540,107.965,141.054,6805.5
Arteaga_9_puntos_intento_10.mp4,1595,13291.667,True,157.000,164.000,0.000,233.000,120.000,0.422222,0.244444,-0.872912,81.604,107.660,140.319,6798.0
Arteaga_9_puntos_intento_10.mp4,1596,13300.000,True,157.000,164.000,0.000,233.000,120.000,0.422222,0.244444,-0.872912,81.685,107.589,140.290,6782.5
Arteaga_9_puntos_intento_10.mp4,1597,13308.333,True,157.000,164.000,0.000,233.000,120.000,0.422222,0.244444,-0.872912,82.136,107.602,140.177,6772.5
Arteaga_9_puntos_intento_10.mp4,1598,13316.667,True,157.000,164.000,0.000,233.000,120.000,0.422222,0.244444,-0.872912,81.384,107.768,139.401,6756.5
Arteaga_9_puntos_intento_10.mp4,1599,13325.000,True,157.000,164.000,0.000,233.000,120.000,0.422222,0.244444,-0.872912,81.476,107.557,140.005,6758.5
Arteaga_9_puntos_intento_10.mp4,1600,13333.333,True,157.000,164.000,0.000,233.000,120.000,0.422222,0.244444,-0.872912,81.374,106.855,140.227,6707.5
Arteaga_9_puntos_intento_10.mp4,1601,13341.667,True,157.000,164.000,0.000,233.000,120.000,0.422222,0.244444,-0.872912,81.147,106.919,140.864,6698.5
Arteaga_9_puntos_intento_10.mp4,1602,13350.000,True,157.000,164.000,0.000,233.000,120.000,0.422222,0.244444,-0.872912,81.408,106.505,139.689,6732.0
Arteaga_9_puntos_intento_10.mp4,1603,13358.333,True,157.000,164.000,0.000,232.000,120.000,0.416667,0.244444,-0.875577,81.554,107.328,140.195,6736.5
Arteaga_9_puntos_intento_10.mp4,1604,13366.667,True,157.000,164.000,0.000,231.000,119.000,0.411111,0.250000,-0.876634,81.637,106.678,139.210,6723.5
Arteaga_9_puntos_intento_10.mp4,1605,13375.000,True,157.000,164.000,0.000,231.000,119.000,0.411111,0.250000,-0.876634,81.279,106.920,138.033,6690.0
Arteaga_9_puntos_intento_10.mp4,1606,13383.333,True,157.000,164.000,0.000,231.000,119.000,0.411111,0.250000,-0.876634,81.600,107.013,139.334,6727.5
Arteaga_9_puntos_intento_10.mp4,1607,13391.667,True,157.000,164.000,0.000,232.000,120.000,0.416667,0.244444,-0.875577,81.469,106.782,139.280,6717.5
Arteaga_9_puntos_intento_10.mp4,1608,13400.000,True,157.000,164.000,0.000,232.000,119.000,0.416667,0.250000,-0.874007,81.704,106.298,139.072,6722.0
Arteaga_9_puntos_intento_10.mp4,1609,13408.333,True,157.000,164.000,0.000,232.000,120.000,0.416667,0.244444,-0.875577,81.210,106.680,140.071,6650.5
Arteaga_9_puntos_intento_10.mp4,1610,13416.667,True,157.000,164.000,0.000,232.000,120.000,0.416667,0.244444,-0.875577,81.234,106.096,138.739,6692.0
Arteaga_9_puntos_intento_10.mp4,1611,13425.000,True,157.000,164.000,0.000,232.000,120.000,0.416667,0.244444,-0.875577,81.109,106.468,139.389,6659.5
Arteaga_9_puntos_intento_10.mp4,1612,13433.333,True,157.000,164.000,0.000,232.000,119.000,0.416667,0.250000,-0.874007,81.060,107.412,138.655,6695.0
Arteaga_9_puntos_intento_10.mp4,1613,13441.667,True,157.000,164.000,0.000,232.000,120.000,0.416667,0.244444,-0.875577,81.148,106.709,139.073,6696.5
Arteaga_9_puntos_intento_10.mp4,1614,13450.000,True,157.000,164.000,0.000,232.000,119.000,0.416667,0.250000,-0.874007,81.179,106.516,138.943,6704.0
Arteaga_9_puntos_intento_10.mp4,1615,13458.333,True,157.000,164.000,0.000,232.000,119.000,0.416667,0.250000,-0.874007,81.421,106.157,138.657,6684.0
Arteaga_9_puntos_intento_10.mp4,1616,13466.667,True,157.000,164.000,0.000,232.000,119.000,0.416667,0.250000,-0.874007,81.337,106.210,138.931,6697.0
Arteaga_9_puntos_intento_10.mp4,1617,13475.000,True,157.000,164.000,0.000,232.000,119.000,0.416667,0.250000,-0.874007,81.426,105.887,138.712,6686.0
Arteaga_9_puntos_intento_10.mp4,1618,13483.333,True,157.000,164.000,0.000,232.000,120.000,0.416667,0.244444,-0.875577,81.412,106.094,139.521,6703.0
Arteaga_9_puntos_intento_10.mp4,1619,13491.667,True,157.000,164.000,0.000,232.000,119.000,0.416667,0.250000,-0.874007,81.110,106.435,138.602,6683.0
Arteaga_9_puntos_intento_10.mp4,1620,13500.000,True,157.000,164.000,0.000,231.000,119.000,0.411111,0.250000,-0.876634,81.075,106.986,138.766,6684.5
Arteaga_9_puntos_intento_10.mp4,1621,13508.333,True,157.000,164.000,0.000,232.000,119.000,0.416667,0.250000,-0.874007,81.497,107.710,138.421,6734.0
Arteaga_9_puntos_intento_10.mp4,1622,13516.667,True,157.000,164.000,0.000,231.000,119.000,0.411111,0.250000,-0.876634,81.397,107.490,137.793,6714.5
Arteaga_9_puntos_intento_10.mp4,1623,13525.000,True,157.000,164.000,0.000,231.000,119.000,0.411111,0.250000,-0.876634,81.422,106.691,137.690,6689.5
Arteaga_9_puntos_intento_10.mp4,1624,13533.333,True,157.000,164.000,0.000,232.000,119.000,0.416667,0.250000,-0.874007,81.296,107.324,137.916,6703.5
Arteaga_9_puntos_intento_10.mp4,1625,13541.667,True,157.000,164.000,0.000,232.000,119.000,0.416667,0.250000,-0.874007,81.350,106.320,137.608,6686.5
Arteaga_9_puntos_intento_10.mp4,1626,13550.000,True,157.000,164.000,0.000,232.000,119.000,0.416667,0.250000,-0.874007,81.606,105.770,137.448,6698.5
Arteaga_9_puntos_intento_10.mp4,1627,13558.333,True,157.000,164.000,0.000,232.000,119.000,0.416667,0.250000,-0.874007,81.441,106.649,138.275,6689.0
Arteaga_9_puntos_intento_10.mp4,1628,13566.667,True,157.000,164.000,0.000,232.000,119.000,0.416667,0.250000,-0.874007,81.610,106.490,137.762,6713.0
Arteaga_9_puntos_intento_10.mp4,1629,13575.000,True,157.000,164.000,0.000,231.000,119.000,0.411111,0.250000,-0.876634,81.751,106.587,137.574,6705.5
Arteaga_9_puntos_intento_10.mp4,1630,13583.333,True,157.000,164.000,0.000,231.000,119.000,0.411111,0.250000,-0.876634,81.282,106.394,137.937,6699.5
Arteaga_9_puntos_intento_10.mp4,1631,13591.667,True,157.000,164.000,0.000,231.000,119.000,0.411111,0.250000,-0.876634,81.655,106.872,138.137,6743.0
Arteaga_9_puntos_intento_10.mp4,1632,13600.000,True,157.000,164.000,0.000,231.000,119.000,0.411111,0.250000,-0.876634,81.627,106.322,137.904,6735.0
Arteaga_9_puntos_intento_10.mp4,1633,13608.333,True,157.000,164.000,0.000,232.000,119.000,0.416667,0.250000,-0.874007,81.851,106.985,138.700,6744.5
Arteaga_9_puntos_intento_10.mp4,1634,13616.667,True,157.000,164.000,0.000,231.000,119.000,0.411111,0.250000,-0.876634,82.077,106.327,138.043,6714.0
Arteaga_9_puntos_intento_10.mp4,1635,13625.000,True,157.000,164.000,0.000,231.000,120.000,0.411111,0.244444,-0.878200,81.941,106.913,138.342,6729.5
Arteaga_9_puntos_intento_10.mp4,1636,13633.333,True,157.000,164.000,0.000,231.000,119.000,0.411111,0.250000,-0.876634,81.945,106.801,138.867,6736.5
Arteaga_9_puntos_intento_10.mp4,1637,13641.667,True,157.000,164.000,0.000,231.000,120.000,0.411111,0.244444,-0.878200,81.978,106.964,138.467,6728.0
Arteaga_9_puntos_intento_10.mp4,1638,13650.000,True,157.000,164.000,0.000,231.000,119.000,0.411111,0.250000,-0.876634,81.803,106.862,137.908,6740.5
Arteaga_9_puntos_intento_10.mp4,1639,13658.333,True,157.000,164.000,0.000,231.000,119.000,0.411111,0.250000,-0.876634,81.625,106.670,138.346,6714.5
Arteaga_9_puntos_intento_10.mp4,1640,13666.667,True,157.000,164.000,0.000,231.000,120.000,0.411111,0.244444,-0.878200,81.823,105.859,137.592,6704.0
Arteaga_9_puntos_intento_10.mp4,1641,13675.000,True,157.000,164.000,0.000,231.000,120.000,0.411111,0.244444,-0.878200,81.739,106.872,138.751,6712.5
Arteaga_9_puntos_intento_10.mp4,1642,13683.333,True,157.000,164.000,0.000,231.000,119.000,0.411111,0.250000,-0.876634,81.816,107.060,137.678,6740.0
Arteaga_9_puntos_intento_10.mp4,1643,13691.667,True,157.000,164.000,0.000,231.000,119.000,0.411111,0.250000,-0.876634,82.042,106.443,138.477,6754.0
Arteaga_9_puntos_intento_10.mp4,1644,13700.000,True,157.000,164.000,0.000,231.000,119.000,0.411111,0.250000,-0.876634,81.948,107.408,137.572,6755.0
Arteaga_9_puntos_intento_10.mp4,1645,13708.333,True,157.000,164.000,0.000,231.000,120.000,0.411111,0.244444,-0.878200,82.373,105.922,137.432,6732.0
Arteaga_9_puntos_intento_10.mp4,1646,13716.667,True,157.000,164.000,0.000,231.000,120.000,0.411111,0.244444,-0.878200,82.169,106.103,138.767,6748.5
Arteaga_9_puntos_intento_10.mp4,1647,13725.000,True,157.000,164.000,0.000,231.000,120.000,0.411111,0.244444,-0.878200,82.212,106.389,137.849,6730.0
Arteaga_9_puntos_intento_10.mp4,1648,13733.333,True,157.000,164.000,0.000,231.000,119.000,0.411111,0.250000,-0.876634,82.341,107.048,138.236,6797.0
Arteaga_9_puntos_intento_10.mp4,1649,13741.667,True,157.000,164.000,0.000,231.000,119.000,0.411111,0.250000,-0.876634,82.334,106.287,138.666,6773.5
Arteaga_9_puntos_intento_10.mp4,1650,13750.000,True,157.000,164.000,0.000,231.000,119.000,0.411111,0.250000,-0.876634,82.082,106.918,138.890,6785.5
Arteaga_9_puntos_intento_10.mp4,1651,13758.333,True,157.000,164.000,0.000,231.000,119.000,0.411111,0.250000,-0.876634,82.572,106.908,137.095,6791.5
Arteaga_9_puntos_intento_10.mp4,1652,13766.667,True,157.000,164.000,0.000,231.000,119.000,0.411111,0.250000,-0.876634,82.566,107.310,139.358,6816.5
Arteaga_9_puntos_intento_10.mp4,1653,13775.000,True,157.000,164.000,0.000,231.000,119.000,0.411111,0.250000,-0.876634,82.175,106.724,137.763,6807.0
Arteaga_9_puntos_intento_10.mp4,1654,13783.333,True,157.000,164.000,0.000,231.000,120.000,0.411111,0.244444,-0.878200,82.629,107.016,138.247,6819.5
Arteaga_9_puntos_intento_10.mp4,1655,13791.667,True,157.000,164.000,0.000,231.000,119.000,0.411111,0.250000,-0.876634,82.241,106.655,137.551,6777.0
Arteaga_9_puntos_intento_10.mp4,1656,13800.000,True,157.000,164.000,0.000,231.000,119.000,0.411111,0.250000,-0.876634,82.531,106.714,137.698,6790.0
Arteaga_9_puntos_intento_10.mp4,1657,13808.333,True,157.000,164.000,0.000,231.000,119.000,0.411111,0.250000,-0.876634,82.433,107.153,138.778,6801.5
Arteaga_9_puntos_intento_10.mp4,1658,13816.667,True,157.000,164.000,0.000,231.000,119.000,0.411111,0.250000,-0.876634,82.514,108.389,139.150,6857.0
Arteaga_9_puntos_intento_10.mp4,1659,13825.000,True,157.000,164.000,0.000,231.000,119.000,0.411111,0.250000,-0.876634,82.591,107.306,138.645,6861.5
Arteaga_9_puntos_intento_10.mp4,1660,13833.333,True,157.000,164.000,0.000,231.000,120.000,0.411111,0.244444,-0.878200,82.679,107.311,140.206,6851.0
Arteaga_9_puntos_intento_10.mp4,1661,13841.667,True,157.000,164.000,0.000,231.000,119.000,0.411111,0.250000,-0.876634,82.168,107.282,138.995,6826.5
Arteaga_9_puntos_intento_10.mp4,1662,13850.000,True,157.000,164.000,0.000,231.000,119.000,0.411111,0.250000,-0.876634,82.338,107.248,139.729,6832.5
Arteaga_9_puntos_intento_10.mp4,1663,13858.333,True,157.000,164.000,0.000,231.000,119.000,0.411111,0.250000,-0.876634,82.174,107.340,138.849,6829.5
Arteaga_9_puntos_intento_10.mp4,1664,13866.667,True,157.000,164.000,0.000,231.000,120.000,0.411111,0.244444,-0.878200,82.667,107.052,138.149,6847.5
Arteaga_9_puntos_intento_10.mp4,1665,13875.000,True,157.000,164.000,0.000,231.000,120.000,0.411111,0.244444,-0.878200,82.500,106.458,138.168,6815.0
Arteaga_9_puntos_intento_10.mp4,1666,13883.333,True,157.000,164.000,0.000,231.000,119.000,0.411111,0.250000,-0.876634,82.989,106.868,138.272,6847.0
Arteaga_9_puntos_intento_10.mp4,1667,13891.667,True,157.000,164.000,0.000,231.000,119.000,0.411111,0.250000,-0.876634,82.612,106.865,139.278,6808.0
Arteaga_9_puntos_intento_10.mp4,1668,13900.000,True,157.000,164.000,0.000,231.000,119.000,0.411111,0.250000,-0.876634,82.597,107.084,139.080,6816.5
Arteaga_9_puntos_intento_10.mp4,1669,13908.333,True,157.000,164.000,0.000,231.000,120.000,0.411111,0.244444,-0.878200,82.438,107.173,138.814,6803.0
Arteaga_9_puntos_intento_10.mp4,1670,13916.667,True,157.000,164.000,0.000,231.000,119.000,0.411111,0.250000,-0.876634,82.458,106.966,138.625,6794.5
Arteaga_9_puntos_intento_10.mp4,1671,13925.000,True,157.000,164.000,0.000,231.000,120.000,0.411111,0.244444,-0.878200,82.648,106.445,138.782,6792.5
Arteaga_9_puntos_intento_10.mp4,1672,13933.333,True,157.000,164.000,0.000,231.000,120.000,0.411111,0.244444,-0.878200,82.908,107.121,138.499,6866.0
Arteaga_9_puntos_intento_10.mp4,1673,13941.667,True,157.000,164.000,0.000,231.000,119.000,0.411111,0.250000,-0.876634,82.385,107.192,138.006,6813.0
Arteaga_9_puntos_intento_10.mp4,1674,13950.000,True,157.000,164.000,0.000,231.000,119.000,0.411111,0.250000,-0.876634,82.547,106.775,138.096,6817.0
Arteaga_9_puntos_intento_10.mp4,1675,13958.333,True,157.000,164.000,0.000,231.000,119.000,0.411111,0.250000,-0.876634,82.529,106.695,138.205,6830.0
Arteaga_9_puntos_intento_10.mp4,1676,13966.667,True,157.000,164.000,0.000,231.000,120.000,0.411111,0.244444,-0.878200,82.325,106.654,138.682,6801.5
Arteaga_9_puntos_intento_10.mp4,1677,13975.000,True,157.000,164.000,0.000,231.000,120.000,0.411111,0.244444,-0.878200,82.262,106.756,137.837,6795.5
Arteaga_9_puntos_intento_10.mp4,1678,13983.333,True,157.000,164.000,0.000,231.000,120.000,0.411111,0.244444,-0.878200,82.653,106.994,138.922,6840.0
Arteaga_9_puntos_intento_10.mp4,1679,13991.667,True,157.000,164.000,0.000,231.000,120.000,0.411111,0.244444,-0.878200,82.397,107.284,137.402,6826.0
Arteaga_9_puntos_intento_10.mp4,1680,14000.000,True,157.000,164.000,0.000,231.000,120.000,0.411111,0.244444,-0.878200,82.573,106.930,138.533,6823.5
Arteaga_9_puntos_intento_10.mp4,1681,14008.333,True,157.000,164.000,0.000,231.000,120.000,0.411111,0.244444,-0.878200,82.598,106.439,138.819,6794.0
Arteaga_9_puntos_intento_10.mp4,1682,14016.667,True,157.000,164.000,0.000,231.000,120.000,0.411111,0.244444,-0.878200,82.670,107.270,138.121,6840.0
Arteaga_9_puntos_intento_10.mp4,1683,14025.000,True,157.000,164.000,0.000,231.000,120.000,0.411111,0.244444,-0.878200,82.730,106.294,138.422,6810.0
Arteaga_9_puntos_intento_10.mp4,1684,14033.333,True,157.000,164.000,0.000,231.000,120.000,0.411111,0.244444,-0.878200,82.421,106.848,137.701,6838.5
Arteaga_9_puntos_intento_10.mp4,1685,14041.667,True,157.000,164.000,0.000,231.000,120.000,0.411111,0.244444,-0.878200,82.467,106.397,137.674,6787.5
Arteaga_9_puntos_intento_10.mp4,1686,14050.000,True,157.000,164.000,0.000,231.000,119.000,0.411111,0.250000,-0.876634,82.983,106.086,138.278,6820.0
Arteaga_9_puntos_intento_10.mp4,1687,14058.333,True,157.000,164.000,0.000,231.000,120.000,0.411111,0.244444,-0.878200,82.500,107.325,138.131,6798.0
Arteaga_9_puntos_intento_10.mp4,1688,14066.667,True,157.000,164.000,0.000,231.000,120.000,0.411111,0.244444,-0.878200,82.553,107.370,137.639,6805.5
Arteaga_9_puntos_intento_10.mp4,1689,14075.000,True,157.000,164.000,0.000,231.000,120.000,0.411111,0.244444,-0.878200,82.275,106.739,137.720,6751.0
Arteaga_9_puntos_intento_10.mp4,1690,14083.333,True,157.000,164.000,0.000,230.000,120.000,0.405556,0.244444,-0.880779,83.101,106.922,137.249,6827.5
Arteaga_9_puntos_intento_10.mp4,1691,14091.667,True,157.000,164.000,0.000,230.000,120.000,0.405556,0.244444,-0.880779,82.790,106.222,138.705,6781.5
Arteaga_9_puntos_intento_10.mp4,1692,14100.000,True,157.000,164.000,0.000,230.000,120.000,0.405556,0.244444,-0.880779,82.493,107.523,138.429,6812.5
Arteaga_9_puntos_intento_10.mp4,1693,14108.333,True,157.000,164.000,0.000,230.000,120.000,0.405556,0.244444,-0.880779,82.473,106.260,137.426,6759.0
Arteaga_9_puntos_intento_10.mp4,1694,14116.667,True,157.000,164.000,0.000,230.000,119.000,0.405556,0.250000,-0.879218,82.193,106.349,137.218,6747.5
Arteaga_9_puntos_intento_10.mp4,1695,14125.000,True,157.000,164.000,0.000,230.000,119.000,0.405556,0.250000,-0.879218,82.201,106.414,137.535,6765.0
Arteaga_9_puntos_intento_10.mp4,1696,14133.333,True,157.000,164.000,0.000,230.000,120.000,0.405556,0.244444,-0.880779,82.348,106.122,137.157,6759.5
Arteaga_9_puntos_intento_10.mp4,1697,14141.667,True,157.000,164.000,0.000,230.000,119.000,0.405556,0.250000,-0.879218,82.425,106.167,137.576,6755.0
Arteaga_9_puntos_intento_10.mp4,1698,14150.000,True,157.000,164.000,0.000,230.000,119.000,0.405556,0.250000,-0.879218,82.105,106.335,137.978,6761.0
Arteaga_9_puntos_intento_10.mp4,1699,14158.333,True,157.000,164.000,0.000,230.000,119.000,0.405556,0.250000,-0.879218,82.407,106.373,137.631,6783.5
Arteaga_9_puntos_intento_10.mp4,1700,14166.667,True,157.000,164.000,0.000,230.000,120.000,0.405556,0.244444,-0.880779,82.475,106.263,137.474,6776.5
Arteaga_9_puntos_intento_10.mp4,1701,14175.000,True,157.000,164.000,0.000,230.000,119.000,0.405556,0.250000,-0.879218,82.622,106.070,136.878,6762.0
Arteaga_9_puntos_intento_10.mp4,1702,14183.333,True,157.000,164.000,0.000,230.000,119.000,0.405556,0.250000,-0.879218,82.576,106.129,138.628,6761.0
Arteaga_9_puntos_intento_10.mp4,1703,14191.667,True,157.000,164.000,0.000,230.000,120.000,0.405556,0.244444,-0.880779,82.667,106.175,138.392,6763.5
Arteaga_9_puntos_intento_10.mp4,1704,14200.000,True,157.000,164.000,0.000,230.000,119.000,0.405556,0.250000,-0.879218,82.077,107.380,137.718,6766.0
Arteaga_9_puntos_intento_10.mp4,1705,14208.333,True,157.000,164.000,0.000,230.000,119.000,0.405556,0.250000,-0.879218,82.224,106.668,137.915,6746.5
Arteaga_9_puntos_intento_10.mp4,1706,14216.667,True,157.000,164.000,0.000,230.000,120.000,0.405556,0.244444,-0.880779,82.624,106.273,138.629,6782.5
Arteaga_9_puntos_intento_10.mp4,1707,14225.000,True,157.000,164.000,0.000,230.000,120.000,0.405556,0.244444,-0.880779,82.229,106.377,138.056,6746.0
Arteaga_9_puntos_intento_10.mp4,1708,14233.333,True,157.000,164.000,0.000,230.000,120.000,0.405556,0.244444,-0.880779,82.341,106.514,138.485,6770.5
Arteaga_9_puntos_intento_10.mp4,1709,14241.667,True,157.000,164.000,0.000,230.000,119.000,0.405556,0.250000,-0.879218,82.501,106.369,138.225,6785.5
Arteaga_9_puntos_intento_10.mp4,1710,14250.000,True,157.000,164.000,0.000,230.000,120.000,0.405556,0.244444,-0.880779,82.706,106.040,138.224,6793.5
Arteaga_9_puntos_intento_10.mp4,1711,14258.333,True,157.000,164.000,0.000,230.000,119.000,0.405556,0.250000,-0.879218,82.404,106.444,137.535,6776.0
Arteaga_9_puntos_intento_10.mp4,1712,14266.667,True,157.000,164.000,0.000,230.000,119.000,0.405556,0.250000,-0.879218,82.329,106.301,137.497,6789.5
Arteaga_9_puntos_intento_10.mp4,1713,14275.000,True,157.000,164.000,0.000,230.000,119.000,0.405556,0.250000,-0.879218,82.624,107.013,138.677,6792.0
Arteaga_9_puntos_intento_10.mp4,1714,14283.333,True,157.000,164.000,0.000,230.000,119.000,0.405556,0.250000,-0.879218,82.980,106.114,138.510,6810.5
Arteaga_9_puntos_intento_10.mp4,1715,14291.667,True,157.000,164.000,0.000,230.000,119.000,0.405556,0.250000,-0.879218,82.742,106.580,138.087,6820.5
Arteaga_9_puntos_intento_10.mp4,1716,14300.000,True,157.000,164.000,0.000,230.000,120.000,0.405556,0.244444,-0.880779,83.047,106.061,137.009,6813.5
Arteaga_9_puntos_intento_10.mp4,1717,14308.333,True,157.000,164.000,0.000,230.000,119.000,0.405556,0.250000,-0.879218,82.654,107.251,138.115,6807.5
Arteaga_9_puntos_intento_10.mp4,1718,14316.667,True,157.000,164.000,0.000,230.000,120.000,0.405556,0.244444,-0.880779,83.065,106.528,137.391,6828.5
Arteaga_9_puntos_intento_10.mp4,1719,14325.000,True,157.000,164.000,0.000,230.000,120.000,0.405556,0.244444,-0.880779,82.586,106.946,137.152,6810.5
Arteaga_9_puntos_intento_10.mp4,1720,14333.333,True,157.000,164.000,0.000,231.000,120.000,0.411111,0.244444,-0.878200,83.008,107.070,137.501,6846.0
Arteaga_9_puntos_intento_10.mp4,1721,14341.667,True,157.000,164.000,0.000,230.000,120.000,0.405556,0.244444,-0.880779,82.628,107.109,138.977,6851.5
Arteaga_9_puntos_intento_10.mp4,1722,14350.000,True,157.000,164.000,0.000,230.000,120.000,0.405556,0.244444,-0.880779,82.888,107.408,138.339,6856.5
Arteaga_9_puntos_intento_10.mp4,1723,14358.333,True,157.000,164.000,0.000,230.000,120.000,0.405556,0.244444,-0.880779,82.903,106.833,137.803,6840.0
Arteaga_9_puntos_intento_10.mp4,1724,14366.667,True,157.000,164.000,0.000,230.000,120.000,0.405556,0.244444,-0.880779,82.728,107.400,138.515,6842.0
Arteaga_9_puntos_intento_10.mp4,1725,14375.000,True,157.000,164.000,0.000,230.000,120.000,0.405556,0.244444,-0.880779,82.854,107.415,138.610,6865.5
Arteaga_9_puntos_intento_10.mp4,1726,14383.333,True,157.000,164.000,0.000,230.000,120.000,0.405556,0.244444,-0.880779,82.973,107.012,138.565,6865.0
Arteaga_9_puntos_intento_10.mp4,1727,14391.667,True,157.000,163.000,0.000,230.000,120.000,0.405556,0.238889,-0.882302,83.129,106.801,138.501,6858.5
Arteaga_9_puntos_intento_10.mp4,1728,14400.000,True,157.000,163.000,0.000,230.000,120.000,0.405556,0.238889,-0.882302,83.280,107.018,138.241,6893.0
Arteaga_9_puntos_intento_10.mp4,1729,14408.333,True,157.000,163.000,0.000,230.000,120.000,0.405556,0.238889,-0.882302,83.376,107.780,137.472,6883.0
Arteaga_9_puntos_intento_10.mp4,1730,14416.667,True,157.000,163.000,0.000,231.000,120.000,0.411111,0.238889,-0.879727,83.522,107.114,136.808,6876.5
Arteaga_9_puntos_intento_10.mp4,1731,14425.000,True,157.000,163.000,0.000,231.000,120.000,0.411111,0.238889,-0.879727,83.280,107.476,138.106,6887.0
Arteaga_9_puntos_intento_10.mp4,1732,14433.333,True,157.000,163.000,0.000,230.000,120.000,0.405556,0.238889,-0.882302,83.182,107.395,138.139,6881.0
Arteaga_9_puntos_intento_10.mp4,1733,14441.667,True,157.000,163.000,0.000,231.000,120.000,0.411111,0.238889,-0.879727,83.411,107.680,137.660,6884.5
Arteaga_9_puntos_intento_10.mp4,1734,14450.000,True,157.000,163.000,0.000,230.000,120.000,0.405556,0.238889,-0.882302,83.237,107.711,136.489,6876.5
Arteaga_9_puntos_intento_10.mp4,1735,14458.333,True,157.000,163.000,0.000,231.000,120.000,0.411111,0.238889,-0.879727,83.281,107.749,136.929,6890.0
Arteaga_9_puntos_intento_10.mp4,1736,14466.667,True,157.000,163.000,0.000,230.000,120.000,0.405556,0.238889,-0.882302,83.506,107.302,137.543,6897.0
Arteaga_9_puntos_intento_10.mp4,1737,14475.000,True,157.000,163.000,0.000,230.000,120.000,0.405556,0.238889,-0.882302,83.593,107.430,137.602,6891.0
Arteaga_9_puntos_intento_10.mp4,1738,14483.333,True,157.000,163.000,0.000,230.000,120.000,0.405556,0.238889,-0.882302,83.841,107.155,137.678,6922.5
Arteaga_9_puntos_intento_10.mp4,1739,14491.667,True,157.000,163.000,0.000,230.000,120.000,0.405556,0.238889,-0.882302,83.597,107.885,137.484,6912.0
Arteaga_9_puntos_intento_10.mp4,1740,14500.000,True,157.000,163.000,0.000,230.000,120.000,0.405556,0.238889,-0.882302,83.816,107.884,138.720,6955.0
Arteaga_9_puntos_intento_10.mp4,1741,14508.333,True,157.000,163.000,0.000,230.000,120.000,0.405556,0.238889,-0.882302,83.682,107.788,137.595,6912.5
Arteaga_9_puntos_intento_10.mp4,1742,14516.667,True,157.000,163.000,0.000,230.000,120.000,0.405556,0.238889,-0.882302,83.543,107.701,136.960,6925.0
Arteaga_9_puntos_intento_10.mp4,1743,14525.000,True,157.000,163.000,0.000,230.000,120.000,0.405556,0.238889,-0.882302,83.541,107.581,137.767,6941.0
Arteaga_9_puntos_intento_10.mp4,1744,14533.333,True,157.000,163.000,0.000,231.000,120.000,0.411111,0.238889,-0.879727,83.780,107.931,138.385,6957.5
Arteaga_9_puntos_intento_10.mp4,1745,14541.667,True,157.000,163.000,0.000,230.000,120.000,0.405556,0.238889,-0.882302,83.487,107.837,139.235,6972.5
Arteaga_9_puntos_intento_10.mp4,1746,14550.000,True,157.000,163.000,0.000,230.000,120.000,0.405556,0.238889,-0.882302,84.121,108.077,139.056,6983.0
Arteaga_9_puntos_intento_10.mp4,1747,14558.333,True,157.000,163.000,0.000,230.000,120.000,0.405556,0.238889,-0.882302,84.045,108.146,139.369,6989.0
Arteaga_9_puntos_intento_10.mp4,1748,14566.667,True,157.000,163.000,0.000,230.000,120.000,0.405556,0.238889,-0.882302,84.013,108.236,139.369,6998.0
Arteaga_9_puntos_intento_10.mp4,1749,14575.000,True,157.000,163.000,0.000,230.000,120.000,0.405556,0.238889,-0.882302,83.850,108.073,138.549,7002.0
Arteaga_9_puntos_intento_10.mp4,1750,14583.333,True,157.000,163.000,0.000,230.000,120.000,0.405556,0.238889,-0.882302,84.008,107.812,139.297,7006.0
Arteaga_9_puntos_intento_10.mp4,1751,14591.667,True,157.000,163.000,0.000,230.000,120.000,0.405556,0.238889,-0.882302,84.068,108.090,138.780,7016.5
Arteaga_9_puntos_intento_10.mp4,1752,14600.000,True,157.000,163.000,0.000,230.000,120.000,0.405556,0.238889,-0.882302,84.130,107.731,139.724,7020.0
Arteaga_9_puntos_intento_10.mp4,1753,14608.333,True,157.000,163.000,0.000,231.000,120.000,0.411111,0.238889,-0.879727,84.042,107.596,136.608,6973.5
Arteaga_9_puntos_intento_10.mp4,1754,14616.667,True,157.000,163.000,0.000,230.000,120.000,0.405556,0.238889,-0.882302,84.086,109.354,137.842,7042.0
Arteaga_9_puntos_intento_10.mp4,1755,14625.000,True,157.000,163.000,0.000,230.000,120.000,0.405556,0.238889,-0.882302,83.751,108.470,138.110,7001.0
Arteaga_9_puntos_intento_10.mp4,1756,14633.333,True,157.000,163.000,0.000,230.000,120.000,0.405556,0.238889,-0.882302,83.805,108.002,137.941,7007.0
Arteaga_9_puntos_intento_10.mp4,1757,14641.667,True,157.000,163.000,0.000,230.000,120.000,0.405556,0.238889,-0.882302,84.256,108.743,137.747,7039.5
Arteaga_9_puntos_intento_10.mp4,1758,14650.000,True,157.000,163.000,0.000,230.000,120.000,0.405556,0.238889,-0.882302,83.901,108.695,137.990,7012.0
Arteaga_9_puntos_intento_10.mp4,1759,14658.333,True,157.000,163.000,0.000,230.000,120.000,0.405556,0.238889,-0.882302,84.485,108.230,138.612,7050.0
Arteaga_9_puntos_intento_10.mp4,1760,14666.667,True,157.000,163.000,0.000,230.000,120.000,0.405556,0.238889,-0.882302,84.348,108.320,138.943,7056.0
Arteaga_9_puntos_intento_10.mp4,1761,14675.000,True,157.000,163.000,0.000,230.000,120.000,0.405556,0.238889,-0.882302,84.386,108.505,139.719,7042.5
Arteaga_9_puntos_intento_10.mp4,1762,14683.333,True,157.000,163.000,0.000,230.000,120.000,0.405556,0.238889,-0.882302,84.481,109.032,138.365,7058.5
Arteaga_9_puntos_intento_10.mp4,1763,14691.667,True,157.000,163.000,0.000,230.000,120.000,0.405556,0.238889,-0.882302,84.231,108.423,138.253,7083.5
Arteaga_9_puntos_intento_10.mp4,1764,14700.000,True,157.000,163.000,0.000,230.000,120.000,0.405556,0.238889,-0.882302,84.296,108.936,138.586,7081.5
Arteaga_9_puntos_intento_10.mp4,1765,14708.333,True,157.000,163.000,0.000,231.000,120.000,0.411111,0.238889,-0.879727,84.077,108.801,137.996,7050.5
Arteaga_9_puntos_intento_10.mp4,1766,14716.667,True,157.000,163.000,0.000,231.000,120.000,0.411111,0.238889,-0.879727,84.030,109.523,138.180,7060.5
Arteaga_9_puntos_intento_10.mp4,1767,14725.000,True,157.000,163.000,0.000,230.000,120.000,0.405556,0.238889,-0.882302,84.471,109.403,139.260,7076.0
Arteaga_9_puntos_intento_10.mp4,1768,14733.333,True,157.000,163.000,0.000,230.000,120.000,0.405556,0.238889,-0.882302,84.385,109.848,137.480,7091.5
Arteaga_9_puntos_intento_10.mp4,1769,14741.667,True,157.000,163.000,0.000,230.000,120.000,0.405556,0.238889,-0.882302,84.290,109.159,138.258,7115.5
Arteaga_9_puntos_intento_10.mp4,1770,14750.000,True,157.000,163.000,0.000,230.000,120.000,0.405556,0.238889,-0.882302,84.363,109.227,138.774,7111.0
Arteaga_9_puntos_intento_10.mp4,1771,14758.333,True,157.000,163.000,0.000,230.000,120.000,0.405556,0.238889,-0.882302,84.382,109.785,138.942,7107.5
Arteaga_9_puntos_intento_10.mp4,1772,14766.667,True,157.000,163.000,0.000,230.000,120.000,0.405556,0.238889,-0.882302,84.520,109.673,139.591,7104.5
Arteaga_9_puntos_intento_10.mp4,1773,14775.000,True,157.000,163.000,0.000,225.000,122.000,0.377778,0.227778,-0.897441,86.970,108.416,141.508,7289.5
Arteaga_9_puntos_intento_10.mp4,1774,14783.333,True,157.000,163.000,0.000,215.000,123.000,0.322222,0.222222,-0.920212,90.361,108.077,135.450,7511.5
Arteaga_9_puntos_intento_10.mp4,1775,14791.667,True,157.000,163.000,0.000,204.000,125.000,0.261111,0.211111,-0.941941,94.252,106.599,133.637,7599.5
Arteaga_9_puntos_intento_10.mp4,1776,14800.000,True,157.000,163.000,0.000,193.000,127.000,0.200000,0.200000,-0.959166,96.452,106.160,128.668,7674.5
Arteaga_9_puntos_intento_10.mp4,1777,14808.333,True,157.000,163.000,0.000,185.000,128.000,0.155556,0.194444,-0.968501,94.579,108.172,120.158,7653.5
Arteaga_9_puntos_intento_10.mp4,1778,14816.667,True,157.000,163.000,0.000,183.000,128.000,0.144444,0.194444,-0.970220,95.318,107.471,121.399,7625.0
Arteaga_9_puntos_intento_10.mp4,1779,14825.000,True,157.000,163.000,0.000,183.000,127.000,0.144444,0.200000,-0.969090,93.203,108.569,119.783,7629.5
Arteaga_9_puntos_intento_10.mp4,1780,14833.333,True,157.000,163.000,0.000,183.000,128.000,0.144444,0.194444,-0.970220,95.005,107.811,126.948,7560.0
Arteaga_9_puntos_intento_10.mp4,1781,14841.667,True,157.000,163.000,0.000,183.000,128.000,0.144444,0.194444,-0.970220,94.573,107.414,125.730,7567.0
Arteaga_9_puntos_intento_10.mp4,1782,14850.000,True,157.000,163.000,0.000,183.000,127.000,0.144444,0.200000,-0.969090,94.556,108.278,124.242,7578.5
Arteaga_9_puntos_intento_10.mp4,1783,14858.333,True,157.000,163.000,0.000,182.000,128.000,0.138889,0.194444,-0.971031,94.383,107.752,124.256,7553.0
Arteaga_9_puntos_intento_10.mp4,1784,14866.667,True,157.000,163.000,0.000,182.000,127.000,0.138889,0.200000,-0.969902,95.251,108.307,125.094,7627.0
Arteaga_9_puntos_intento_10.mp4,1785,14875.000,True,157.000,163.000,0.000,183.000,128.000,0.144444,0.194444,-0.970220,95.615,106.904,127.248,7581.0
Arteaga_9_puntos_intento_10.mp4,1786,14883.333,True,157.000,163.000,0.000,183.000,127.000,0.144444,0.200000,-0.969090,95.133,107.930,126.795,7632.0
Arteaga_9_puntos_intento_10.mp4,1787,14891.667,True,157.000,163.000,0.000,182.000,127.000,0.138889,0.200000,-0.969902,94.953,107.641,124.918,7607.0
Arteaga_9_puntos_intento_10.mp4,1788,14900.000,True,157.000,163.000,0.000,183.000,127.000,0.144444,0.200000,-0.969090,94.652,108.227,123.314,7628.5
Arteaga_9_puntos_intento_10.mp4,1789,14908.333,True,157.000,163.000,0.000,183.000,126.000,0.144444,0.205556,-0.967927,94.434,109.403,123.835,7791.5
Arteaga_9_puntos_intento_10.mp4,1790,14916.667,True,157.000,163.000,0.000,182.000,126.000,0.138889,0.205556,-0.968740,95.069,109.806,124.409,7815.5
Arteaga_9_puntos_intento_10.mp4,1791,14925.000,True,157.000,163.000,0.000,182.000,126.000,0.138889,0.205556,-0.968740,95.240,109.834,124.460,7842.0
Arteaga_9_puntos_intento_10.mp4,1792,14933.333,True,157.000,163.000,0.000,182.000,126.000,0.138889,0.205556,-0.968740,95.002,110.598,129.372,7882.0
Arteaga_9_puntos_intento_10.mp4,1793,14941.667,True,157.000,163.000,0.000,182.000,127.000,0.138889,0.200000,-0.969902,95.553,109.900,130.341,7841.0
Arteaga_9_puntos_intento_10.mp4,1794,14950.000,True,157.000,163.000,0.000,183.000,126.000,0.144444,0.205556,-0.967927,94.686,110.226,127.924,7877.5
Arteaga_9_puntos_intento_10.mp4,1795,14958.333,True,157.000,163.000,0.000,182.000,126.000,0.138889,0.205556,-0.968740,95.733,109.743,128.428,7857.0
Arteaga_9_puntos_intento_10.mp4,1796,14966.667,True,157.000,163.000,0.000,182.000,126.000,0.138889,0.205556,-0.968740,94.540,110.219,127.884,7867.0
Arteaga_9_puntos_intento_10.mp4,1797,14975.000,True,157.000,163.000,0.000,182.000,126.000,0.138889,0.205556,-0.968740,95.301,110.159,126.004,7854.0
Arteaga_9_puntos_intento_10.mp4,1798,14983.333,True,157.000,163.000,0.000,182.000,126.000,0.138889,0.205556,-0.968740,95.106,109.764,129.486,7844.5
Arteaga_9_puntos_intento_10.mp4,1799,14991.667,True,157.000,163.000,0.000,182.000,126.000,0.138889,0.205556,-0.968740,95.322,109.989,129.682,7854.0
Arteaga_9_puntos_intento_10.mp4,1800,15000.000,True,157.000,163.000,0.000,182.000,126.000,0.138889,0.205556,-0.968740,95.554,109.940,128.617,7846.5
Arteaga_9_puntos_intento_10.mp4,1801,15008.333,True,157.000,163.000,0.000,182.000,126.000,0.138889,0.205556,-0.968740,96.137,110.492,130.630,7840.5
Arteaga_9_puntos_intento_10.mp4,1802,15016.667,True,157.000,163.000,0.000,181.000,126.000,0.133333,0.205556,-0.969520,95.340,110.096,126.210,7822.5
Arteaga_9_puntos_intento_10.mp4,1803,15025.000,True,157.000,163.000,0.000,180.000,125.000,0.127778,0.211111,-0.969074,94.643,110.851,123.921,7889.0
Arteaga_9_puntos_intento_10.mp4,1804,15033.333,True,157.000,163.000,0.000,177.000,124.000,0.111111,0.216667,-0.969902,94.485,112.022,127.137,7938.0
Arteaga_9_puntos_intento_10.mp4,1805,15041.667,False,157.000,163.000,0.000,175.000,123.000,0.100000,0.222222,-0.969854,93.728,109.716,121.550,7790.0
Arteaga_9_puntos_intento_10.mp4,1806,15050.000,False,157.000,164.000,0.000,176.000,126.000,0.105556,0.211111,-0.971746,88.959,103.967,87.408,6784.0
Arteaga_9_puntos_intento_10.mp4,1807,15058.333,False,157.000,164.000,0.000,179.000,134.000,0.122222,0.166667,-0.978409,64.514,101.325,73.100,4274.0
Arteaga_9_puntos_intento_10.mp4,1808,15066.667,False,157.000,164.000,,,,,,,,,,
Arteaga_9_puntos_intento_10.mp4,1809,15075.000,False,157.000,164.000,,,,,,,,,,
Arteaga_9_puntos_intento_10.mp4,1810,15083.333,False,157.000,164.000,,,,,,,,,,
Arteaga_9_puntos_intento_10.mp4,1811,15091.667,False,157.000,164.000,,,,,,,,,,
Arteaga_9_puntos_intento_10.mp4,1812,15100.000,False,157.000,164.000,,,,,,,,,,
Arteaga_9_puntos_intento_10.mp4,1813,15108.333,False,157.000,164.000,,,,,,,,,,
Arteaga_9_puntos_intento_10.mp4,1814,15116.667,False,157.000,164.000,,,,,,,,,,
Arteaga_9_puntos_intento_10.mp4,1815,15125.000,False,157.000,164.000,,,,,,,,,,
Arteaga_9_puntos_intento_10.mp4,1816,15133.333,False,157.000,164.000,,,,,,,,,,
Arteaga_9_puntos_intento_10.mp4,1817,15141.667,False,157.000,164.000,,,,,,,,,,
Arteaga_9_puntos_intento_10.mp4,1818,15150.000,False,157.000,164.000,,,,,,,,,,
Arteaga_9_puntos_intento_10.mp4,1819,15158.333,False,157.000,164.000,,,,,,,,,,
Arteaga_9_puntos_intento_10.mp4,1820,15166.667,False,157.000,164.000,,,,,,,,,,
Arteaga_9_puntos_intento_10.mp4,1821,15175.000,False,157.000,164.000,0.000,190.000,145.000,0.183333,0.105556,-0.977367,36.611,78.891,61.209,1359.5
Arteaga_9_puntos_intento_10.mp4,1822,15183.333,False,157.000,164.000,0.000,190.000,151.000,0.183333,0.072222,-0.980394,38.623,76.188,83.734,1501.5
Arteaga_9_puntos_intento_10.mp4,1823,15191.667,False,157.000,164.000,,,,,,,,,,
Arteaga_9_puntos_intento_10.mp4,1824,15200.000,False,157.000,164.000,0.000,194.000,144.000,0.205556,0.111111,-0.972317,55.488,86.836,76.638,2871.0
Arteaga_9_puntos_intento_10.mp4,1825,15208.333,False,157.000,164.000,0.000,191.000,139.000,0.188889,0.138889,-0.972127,64.723,92.782,81.665,3893.0
Arteaga_9_puntos_intento_10.mp4,1826,15216.667,False,157.000,164.000,0.000,190.000,137.000,0.183333,0.150000,-0.971539,68.739,103.873,74.584,4874.0
Arteaga_9_puntos_intento_10.mp4,1827,15225.000,True,157.000,164.000,0.000,189.000,133.000,0.177778,0.172222,-0.968883,77.364,102.001,75.661,5470.0
Arteaga_9_puntos_intento_10.mp4,1828,15233.333,True,157.000,164.000,0.000,187.000,130.000,0.166667,0.188889,-0.967752,82.463,106.776,78.534,6110.0
Arteaga_9_puntos_intento_10.mp4,1829,15241.667,True,157.000,164.000,0.000,186.000,129.000,0.161111,0.194444,-0.967592,84.094,108.233,81.551,6563.0
Arteaga_9_puntos_intento_10.mp4,1830,15250.000,True,157.000,164.000,0.000,185.000,127.000,0.155556,0.205556,-0.966204,89.432,107.922,81.539,7069.0
Arteaga_9_puntos_intento_10.mp4,1831,15258.333,True,157.000,164.000,0.000,185.000,125.000,0.155556,0.216667,-0.963773,94.898,109.667,88.391,7604.5
Arteaga_9_puntos_intento_10.mp4,1832,15266.667,True,157.000,164.000,0.000,184.000,124.000,0.150000,0.222222,-0.963388,94.893,110.869,92.489,7793.0
Arteaga_9_puntos_intento_10.mp4,1833,15275.000,True,157.000,164.000,0.000,184.000,123.000,0.150000,0.227778,-0.962090,97.148,110.520,96.634,8001.0
Arteaga_9_puntos_intento_10.mp4,1834,15283.333,True,157.000,164.000,0.000,183.000,122.000,0.144444,0.233333,-0.961609,99.466,111.396,95.234,8203.0
Arteaga_9_puntos_intento_10.mp4,1835,15291.667,True,157.000,164.000,0.000,182.000,121.000,0.138889,0.238889,-0.961063,100.298,111.941,107.748,8371.0
Arteaga_9_puntos_intento_10.mp4,1836,15300.000,True,157.000,164.000,0.000,182.000,121.000,0.138889,0.238889,-0.961063,99.629,114.624,115.431,8571.0
Arteaga_9_puntos_intento_10.mp4,1837,15308.333,True,157.000,164.000,0.000,181.000,120.000,0.133333,0.244444,-0.960453,99.491,115.604,112.939,8672.5
Arteaga_9_puntos_intento_10.mp4,1838,15316.667,True,157.000,164.000,0.000,181.000,119.000,0.133333,0.250000,-0.959021,100.416,116.265,118.064,8801.5
Arteaga_9_puntos_intento_10.mp4,1839,15325.000,True,157.000,164.000,0.000,180.000,119.000,0.127778,0.250000,-0.959777,100.124,117.265,117.992,8866.0
Arteaga_9_puntos_intento_10.mp4,1840,15333.333,True,157.000,164.000,0.000,180.000,118.000,0.127778,0.255556,-0.958313,100.697,118.016,123.544,8938.5
Arteaga_9_puntos_intento_10.mp4,1841,15341.667,True,157.000,164.000,0.000,180.000,118.000,0.127778,0.255556,-0.958313,100.444,118.565,123.336,8975.5
Arteaga_9_puntos_intento_10.mp4,1842,15350.000,True,157.000,164.000,0.000,180.000,118.000,0.127778,0.255556,-0.958313,100.532,118.966,126.221,9027.0
Arteaga_9_puntos_intento_10.mp4,1843,15358.333,True,157.000,164.000,0.000,180.000,118.000,0.127778,0.255556,-0.958313,99.274,118.097,124.349,8899.0
Arteaga_9_puntos_intento_10.mp4,1844,15366.667,True,157.000,164.000,0.000,180.000,118.000,0.127778,0.255556,-0.958313,100.155,118.403,125.867,8955.5
Arteaga_9_puntos_intento_10.mp4,1845,15375.000,True,157.000,164.000,0.000,180.000,118.000,0.127778,0.255556,-0.958313,99.266,119.030,126.595,8969.5
Arteaga_9_puntos_intento_10.mp4,1846,15383.333,True,157.000,164.000,0.000,180.000,118.000,0.127778,0.255556,-0.958313,99.177,119.330,125.988,9003.0
Arteaga_9_puntos_intento_10.mp4,1847,15391.667,True,157.000,164.000,0.000,180.000,118.000,0.127778,0.255556,-0.958313,99.815,119.402,125.689,9028.5
Arteaga_9_puntos_intento_10.mp4,1848,15400.000,True,157.000,164.000,0.000,179.000,118.000,0.122222,0.255556,-0.959038,100.406,119.607,127.900,9044.5
Arteaga_9_puntos_intento_10.mp4,1849,15408.333,True,157.000,164.000,0.000,180.000,118.000,0.127778,0.255556,-0.958313,98.416,120.575,127.663,9024.0
Arteaga_9_puntos_intento_10.mp4,1850,15416.667,True,157.000,164.000,0.000,180.000,118.000,0.127778,0.255556,-0.958313,99.351,120.059,129.317,9030.5
Arteaga_9_puntos_intento_10.mp4,1851,15425.000,True,157.000,164.000,0.000,180.000,118.000,0.127778,0.255556,-0.958313,98.715,120.480,127.973,9018.5
Arteaga_9_puntos_intento_10.mp4,1852,15433.333,True,157.000,164.000,0.000,179.000,118.000,0.122222,0.255556,-0.959038,98.530,119.273,126.954,8895.5
Arteaga_9_puntos_intento_10.mp4,1853,15441.667,True,157.000,164.000,0.000,180.000,118.000,0.127778,0.255556,-0.958313,99.368,118.328,127.785,8875.0
Arteaga_9_puntos_intento_10.mp4,1854,15450.000,True,157.000,164.000,0.000,180.000,118.000,0.127778,0.255556,-0.958313,98.512,120.124,127.299,8941.5
Arteaga_9_puntos_intento_10.mp4,1855,15458.333,True,157.000,164.000,0.000,179.000,118.000,0.122222,0.255556,-0.959038,99.447,119.410,128.309,8921.5
Arteaga_9_puntos_intento_10.mp4,1856,15466.667,True,157.000,164.000,0.000,180.000,118.000,0.127778,0.255556,-0.958313,99.024,120.064,129.812,8950.0
Arteaga_9_puntos_intento_10.mp4,1857,15475.000,True,157.000,164.000,0.000,179.000,117.000,0.122222,0.261111,-0.957540,97.979,120.298,125.660,8921.5
Arteaga_9_puntos_intento_10.mp4,1858,15483.333,True,157.000,164.000,0.000,180.000,118.000,0.127778,0.255556,-0.958313,97.596,118.818,129.093,8768.5
Arteaga_9_puntos_intento_10.mp4,1859,15491.667,True,157.000,164.000,0.000,179.000,118.000,0.122222,0.255556,-0.959038,97.708,119.080,128.571,8752.5
Arteaga_9_puntos_intento_10.mp4,1860,15500.000,True,157.000,164.000,0.000,180.000,118.000,0.127778,0.255556,-0.958313,96.916,119.854,128.785,8804.0
Arteaga_9_puntos_intento_10.mp4,1861,15508.333,True,157.000,164.000,0.000,179.000,118.000,0.122222,0.255556,-0.959038,98.403,119.078,128.325,8798.5
Arteaga_9_puntos_intento_10.mp4,1862,15516.667,True,157.000,164.000,0.000,180.000,119.000,0.127778,0.250000,-0.959777,98.544,119.652,130.474,8870.0
Arteaga_9_puntos_intento_10.mp4,1863,15525.000,True,157.000,164.000,0.000,181.000,121.000,0.133333,0.238889,-0.961849,98.546,120.793,132.221,8892.5
Arteaga_9_puntos_intento_10.mp4,1864,15533.333,True,157.000,164.000,0.000,182.000,122.000,0.138889,0.233333,-0.962427,97.175,119.849,130.989,8734.5
Arteaga_9_puntos_intento_10.mp4,1865,15541.667,True,157.000,164.000,0.000,182.000,122.000,0.138889,0.233333,-0.962427,97.315,118.905,130.660,8701.5
Arteaga_9_puntos_intento_10.mp4,1866,15550.000,True,157.000,164.000,0.000,182.000,122.000,0.138889,0.233333,-0.962427,96.824,119.512,131.025,8707.0
Arteaga_9_puntos_intento_10.mp4,1867,15558.333,True,157.000,164.000,0.000,182.000,122.000,0.138889,0.233333,-0.962427,96.999,120.155,132.066,8752.0
Arteaga_9_puntos_intento_10.mp4,1868,15566.667,True,157.000,164.000,0.000,182.000,122.000,0.138889,0.233333,-0.962427,97.712,120.184,131.651,8731.0
Arteaga_9_puntos_intento_10.mp4,1869,15575.000,True,157.000,164.000,0.000,182.000,122.000,0.138889,0.233333,-0.962427,97.429,120.149,131.624,8742.5
Arteaga_9_puntos_intento_10.mp4,1870,15583.333,True,157.000,164.000,0.000,182.000,121.000,0.138889,0.238889,-0.961063,97.191,118.789,130.195,8758.5
Arteaga_9_puntos_intento_10.mp4,1871,15591.667,True,157.000,164.000,0.000,182.000,122.000,0.138889,0.233333,-0.962427,96.945,119.085,130.944,8705.0
Arteaga_9_puntos_intento_10.mp4,1872,15600.000,True,157.000,164.000,0.000,182.000,122.000,0.138889,0.233333,-0.962427,97.303,119.130,129.944,8742.5
Arteaga_9_puntos_intento_10.mp4,1873,15608.333,True,157.000,164.000,0.000,182.000,122.000,0.138889,0.233333,-0.962427,96.972,117.704,132.380,8502.0
Arteaga_9_puntos_intento_10.mp4,1874,15616.667,True,157.000,164.000,0.000,182.000,122.000,0.138889,0.233333,-0.962427,96.585,117.834,131.969,8522.0
Arteaga_9_puntos_intento_10.mp4,1875,15625.000,True,157.000,164.000,0.000,183.000,122.000,0.144444,0.233333,-0.961609,95.164,119.065,131.709,8552.0
Arteaga_9_puntos_intento_10.mp4,1876,15633.333,True,157.000,164.000,0.000,182.000,121.000,0.138889,0.238889,-0.961063,95.809,118.891,130.464,8575.0
Arteaga_9_puntos_intento_10.mp4,1877,15641.667,True,157.000,164.000,0.000,182.000,122.000,0.138889,0.233333,-0.962427,97.107,118.464,133.329,8533.5
Arteaga_9_puntos_intento_10.mp4,1878,15650.000,True,157.000,164.000,0.000,182.000,122.000,0.138889,0.233333,-0.962427,96.316,119.442,132.786,8594.5
Arteaga_9_puntos_intento_10.mp4,1879,15658.333,True,157.000,164.000,0.000,183.000,122.000,0.144444,0.233333,-0.961609,95.566,116.746,134.155,8324.5
Arteaga_9_puntos_intento_10.mp4,1880,15666.667,True,157.000,164.000,0.000,183.000,122.000,0.144444,0.233333,-0.961609,95.790,116.234,134.771,8283.0
Arteaga_9_puntos_intento_10.mp4,1881,15675.000,True,157.000,164.000,0.000,182.000,122.000,0.138889,0.233333,-0.962427,94.907,117.136,132.576,8274.5
Arteaga_9_puntos_intento_10.mp4,1882,15683.333,True,157.000,164.000,0.000,182.000,122.000,0.138889,0.233333,-0.962427,95.651,116.413,134.254,8292.0
Arteaga_9_puntos_intento_10.mp4,1883,15691.667,True,157.000,164.000,0.000,182.000,122.000,0.138889,0.233333,-0.962427,95.910,116.389,134.658,8250.5
Arteaga_9_puntos_intento_10.mp4,1884,15700.000,True,157.000,164.000,0.000,183.000,122.000,0.144444,0.233333,-0.961609,94.846,117.138,134.377,8344.5
Arteaga_9_puntos_intento_10.mp4,1885,15708.333,True,157.000,164.000,0.000,183.000,121.000,0.144444,0.238889,-0.960244,92.338,114.097,133.010,7959.5
Arteaga_9_puntos_intento_10.mp4,1886,15716.667,True,157.000,164.000,0.000,183.000,122.000,0.144444,0.233333,-0.961609,94.242,114.100,135.142,7988.5
Arteaga_9_puntos_intento_10.mp4,1887,15725.000,True,157.000,164.000,0.000,182.000,121.000,0.138889,0.238889,-0.961063,94.582,113.374,131.450,8009.0
Arteaga_9_puntos_intento_10.mp4,1888,15733.333,True,157.000,164.000,0.000,183.000,122.000,0.144444,0.233333,-0.961609,94.247,113.937,135.175,8020.0
Arteaga_9_puntos_intento_10.mp4,1889,15741.667,True,157.000,164.000,0.000,183.000,122.000,0.144444,0.233333,-0.961609,95.007,113.616,135.138,7997.0
Arteaga_9_puntos_intento_10.mp4,1890,15750.000,True,157.000,164.000,0.000,183.000,122.000,0.144444,0.233333,-0.961609,94.622,114.080,131.584,7984.0
Arteaga_9_puntos_intento_10.mp4,1891,15758.333,True,157.000,164.000,0.000,183.000,122.000,0.144444,0.233333,-0.961609,94.873,113.410,137.328,7932.5
Arteaga_9_puntos_intento_10.mp4,1892,15766.667,True,157.000,164.000,0.000,183.000,121.000,0.144444,0.238889,-0.960244,93.349,114.772,133.602,7920.5
Arteaga_9_puntos_intento_10.mp4,1893,15775.000,True,157.000,164.000,0.000,182.000,122.000,0.138889,0.233333,-0.962427,94.214,114.531,133.349,7916.0
Arteaga_9_puntos_intento_10.mp4,1894,15783.333,True,157.000,164.000,0.000,183.000,122.000,0.144444,0.233333,-0.961609,93.636,113.672,134.814,7982.0
Arteaga_9_puntos_intento_10.mp4,1895,15791.667,True,157.000,164.000,0.000,183.000,122.000,0.144444,0.233333,-0.961609,94.257,114.162,136.898,7972.5
Arteaga_9_puntos_intento_10.mp4,1896,15800.000,True,157.000,164.000,0.000,183.000,122.000,0.144444,0.233333,-0.961609,94.228,114.769,135.409,7986.0
Arteaga_9_puntos_intento_10.mp4,1897,15808.333,True,157.000,164.000,0.000,182.000,122.000,0.138889,0.233333,-0.962427,95.004,113.323,133.986,7957.5
Arteaga_9_puntos_intento_10.mp4,1898,15816.667,True,157.000,164.000,0.000,183.000,122.000,0.144444,0.233333,-0.961609,93.980,114.611,135.609,8002.0
Arteaga_9_puntos_intento_10.mp4,1899,15825.000,True,157.000,164.000,0.000,183.000,121.000,0.144444,0.238889,-0.960244,93.276,114.662,135.802,7983.0
Arteaga_9_puntos_intento_10.mp4,1900,15833.333,True,157.000,164.000,0.000,182.000,121.000,0.138889,0.238889,-0.961063,93.848,113.873,132.292,7978.5
Arteaga_9_puntos_intento_10.mp4,1901,15841.667,True,157.000,164.000,0.000,183.000,121.000,0.144444,0.238889,-0.960244,92.953,114.376,131.132,7901.0
Arteaga_9_puntos_intento_10.mp4,1902,15850.000,True,157.000,164.000,0.000,182.000,122.000,0.138889,0.233333,-0.962427,95.726,113.886,135.197,7975.5
Arteaga_9_puntos_intento_10.mp4,1903,15858.333,True,157.000,164.000,0.000,183.000,122.000,0.144444,0.233333,-0.961609,94.507,113.832,137.331,7970.5
Arteaga_9_puntos_intento_10.mp4,1904,15866.667,True,157.000,164.000,0.000,183.000,122.000,0.144444,0.233333,-0.961609,93.595,114.263,133.198,8001.5
Arteaga_9_puntos_intento_10.mp4,1905,15875.000,True,157.000,164.000,0.000,183.000,121.000,0.144444,0.238889,-0.960244,93.364,114.011,133.244,8011.5
Arteaga_9_puntos_intento_10.mp4,1906,15883.333,True,157.000,164.000,0.000,183.000,122.000,0.144444,0.233333,-0.961609,94.056,113.577,133.858,7981.0
Arteaga_9_puntos_intento_10.mp4,1907,15891.667,True,157.000,164.000,0.000,183.000,122.000,0.144444,0.233333,-0.961609,94.854,112.730,135.400,7963.5
Arteaga_9_puntos_intento_10.mp4,1908,15900.000,True,157.000,164.000,0.000,183.000,122.000,0.144444,0.233333,-0.961609,94.489,113.144,131.916,7923.0
Arteaga_9_puntos_intento_10.mp4,1909,15908.333,True,157.000,164.000,0.000,182.000,122.000,0.138889,0.233333,-0.962427,94.702,114.154,133.609,7935.0
Arteaga_9_puntos_intento_10.mp4,1910,15916.667,True,157.000,164.000,0.000,183.000,122.000,0.144444,0.233333,-0.961609,94.848,114.094,136.373,7917.5
Arteaga_9_puntos_intento_10.mp4,1911,15925.000,True,157.000,164.000,0.000,183.000,122.000,0.144444,0.233333,-0.961609,94.611,113.216,135.391,7889.0
Arteaga_9_puntos_intento_10.mp4,1912,15933.333,True,157.000,164.000,0.000,182.000,122.000,0.138889,0.233333,-0.962427,95.093,114.106,134.796,7928.0
Arteaga_9_puntos_intento_10.mp4,1913,15941.667,True,157.000,164.000,0.000,182.000,122.000,0.138889,0.233333,-0.962427,95.115,114.116,135.040,7930.0
Arteaga_9_puntos_intento_10.mp4,1914,15950.000,True,157.000,164.000,0.000,182.000,122.000,0.138889,0.233333,-0.962427,95.202,113.629,132.238,7937.5
Arteaga_9_puntos_intento_10.mp4,1915,15958.333,True,157.000,164.000,0.000,183.000,122.000,0.144444,0.233333,-0.961609,93.793,113.332,132.617,7884.0
Arteaga_9_puntos_intento_10.mp4,1916,15966.667,True,157.000,164.000,0.000,182.000,122.000,0.138889,0.233333,-0.962427,94.728,113.184,133.192,7961.5
Arteaga_9_puntos_intento_10.mp4,1917,15975.000,True,157.000,164.000,0.000,183.000,122.000,0.144444,0.233333,-0.961609,93.982,113.840,135.466,7921.0
Arteaga_9_puntos_intento_10.mp4,1918,15983.333,True,157.000,164.000,0.000,182.000,121.000,0.138889,0.238889,-0.961063,93.584,114.518,131.426,7948.5
Arteaga_9_puntos_intento_10.mp4,1919,15991.667,True,157.000,164.000,0.000,182.000,122.000,0.138889,0.233333,-0.962427,94.016,112.070,131.468,7855.5
Arteaga_9_puntos_intento_10.mp4,1920,16000.000,True,157.000,164.000,0.000,182.000,122.000,0.138889,0.233333,-0.962427,94.119,111.754,133.896,7837.0
Arteaga_9_puntos_intento_10.mp4,1921,16008.333,True,157.000,164.000,0.000,181.000,123.000,0.133333,0.227778,-0.964541,94.577,113.716,137.791,7856.0
Arteaga_9_puntos_intento_10.mp4,1922,16016.667,True,157.000,164.000,0.000,181.000,123.000,0.133333,0.227778,-0.964541,94.727,112.305,134.844,7866.5
Arteaga_9_puntos_intento_10.mp4,1923,16025.000,True,157.000,164.000,0.000,181.000,123.000,0.133333,0.227778,-0.964541,95.186,113.568,134.226,7907.5
Arteaga_9_puntos_intento_10.mp4,1924,16033.333,True,157.000,164.000,0.000,181.000,123.000,0.133333,0.227778,-0.964541,95.395,112.956,136.128,7893.5
Arteaga_9_puntos_intento_10.mp4,1925,16041.667,True,157.000,164.000,0.000,181.000,122.000,0.133333,0.233333,-0.963212,94.996,112.527,132.544,7752.5
Arteaga_9_puntos_intento_10.mp4,1926,16050.000,True,157.000,164.000,0.000,181.000,123.000,0.133333,0.227778,-0.964541,95.138,112.798,137.525,7798.5
Arteaga_9_puntos_intento_10.mp4,1927,16058.333,True,157.000,164.000,0.000,181.000,122.000,0.133333,0.233333,-0.963212,94.095,111.852,131.785,7820.0
Arteaga_9_puntos_intento_10.mp4,1928,16066.667,True,157.000,164.000,0.000,181.000,122.000,0.133333,0.233333,-0.963212,94.594,112.090,131.225,7889.5
Arteaga_9_puntos_intento_10.mp4,1929,16075.000,True,157.000,164.000,0.000,181.000,123.000,0.133333,0.227778,-0.964541,95.923,111.864,134.408,7834.5
Arteaga_9_puntos_intento_10.mp4,1930,16083.333,True,157.000,164.000,0.000,181.000,122.000,0.133333,0.233333,-0.963212,94.455,111.524,130.498,7801.5
Arteaga_9_puntos_intento_10.mp4,1931,16091.667,True,157.000,164.000,0.000,181.000,122.000,0.133333,0.233333,-0.963212,94.683,111.206,132.465,7786.5
Arteaga_9_puntos_intento_10.mp4,1932,16100.000,True,157.000,164.000,0.000,182.000,121.000,0.138889,0.238889,-0.961063,92.537,111.558,132.535,7736.0
Arteaga_9_puntos_intento_10.mp4,1933,16108.333,True,157.000,164.000,0.000,181.000,122.000,0.133333,0.233333,-0.963212,95.369,111.490,133.906,7810.0
Arteaga_9_puntos_intento_10.mp4,1934,16116.667,True,157.000,164.000,0.000,181.000,121.000,0.133333,0.238889,-0.961849,92.591,112.059,130.852,7761.5
Arteaga_9_puntos_intento_10.mp4,1935,16125.000,True,157.000,164.000,0.000,181.000,121.000,0.133333,0.238889,-0.961849,93.582,112.286,129.895,7801.5
Arteaga_9_puntos_intento_10.mp4,1936,16133.333,True,157.000,164.000,0.000,181.000,122.000,0.133333,0.233333,-0.963212,94.442,110.997,133.181,7781.5
Arteaga_9_puntos_intento_10.mp4,1937,16141.667,True,157.000,164.000,0.000,181.000,122.000,0.133333,0.233333,-0.963212,93.795,112.104,132.716,7745.0
Arteaga_9_puntos_intento_10.mp4,1938,16150.000,True,157.000,164.000,0.000,181.000,122.000,0.133333,0.233333,-0.963212,94.092,111.874,132.956,7820.5
Arteaga_9_puntos_intento_10.mp4,1939,16158.333,True,157.000,164.000,0.000,181.000,122.000,0.133333,0.233333,-0.963212,94.240,111.658,132.943,7770.5
Arteaga_9_puntos_intento_10.mp4,1940,16166.667,True,157.000,164.000,0.000,181.000,122.000,0.133333,0.233333,-0.963212,94.354,112.336,133.494,7833.0
Arteaga_9_puntos_intento_10.mp4,1941,16175.000,True,157.000,164.000,0.000,181.000,122.000,0.133333,0.233333,-0.963212,94.598,111.868,132.564,7777.0
Arteaga_9_puntos_intento_10.mp4,1942,16183.333,True,157.000,164.000,0.000,181.000,122.000,0.133333,0.233333,-0.963212,94.702,111.558,130.808,7796.5
Arteaga_9_puntos_intento_10.mp4,1943,16191.667,True,157.000,163.000,0.000,181.000,123.000,0.133333,0.222222,-0.965836,95.133,111.880,134.768,7804.5
Arteaga_9_puntos_intento_10.mp4,1944,16200.000,True,157.000,163.000,0.000,181.000,122.000,0.133333,0.227778,-0.964541,94.945,111.611,133.038,7819.0
Arteaga_9_puntos_intento_10.mp4,1945,16208.333,True,157.000,163.000,0.000,181.000,122.000,0.133333,0.227778,-0.964541,94.064,110.322,129.172,7708.0
Arteaga_9_puntos_intento_10.mp4,1946,16216.667,True,157.000,163.000,0.000,181.000,122.000,0.133333,0.227778,-0.964541,93.880,111.603,129.798,7791.5
Arteaga_9_puntos_intento_10.mp4,1947,16225.000,True,157.000,163.000,0.000,181.000,121.000,0.133333,0.233333,-0.963212,93.713,110.812,128.170,7742.0
Arteaga_9_puntos_intento_10.mp4,1948,16233.333,True,157.000,163.000,0.000,181.000,122.000,0.133333,0.227778,-0.964541,93.926,112.277,128.975,7875.5
Arteaga_9_puntos_intento_10.mp4,1949,16241.667,True,157.000,163.000,0.000,181.000,122.000,0.133333,0.227778,-0.964541,93.860,112.146,130.720,7768.5
Arteaga_9_puntos_intento_10.mp4,1950,16250.000,True,156.000,163.000,0.000,181.000,122.000,0.138889,0.227778,-0.963757,94.039,111.851,129.528,7793.0
Arteaga_9_puntos_intento_10.mp4,1951,16258.333,True,156.000,163.000,0.000,181.000,122.000,0.138889,0.227778,-0.963757,93.886,111.325,129.481,7736.0
Arteaga_9_puntos_intento_10.mp4,1952,16266.667,True,156.000,163.000,0.000,181.000,121.000,0.138889,0.233333,-0.962427,92.148,112.218,130.289,7752.5
Arteaga_9_puntos_intento_10.mp4,1953,16275.000,True,156.000,163.000,0.000,181.000,122.000,0.138889,0.227778,-0.963757,95.390,110.371,131.765,7745.0
Arteaga_9_puntos_intento_10.mp4,1954,16283.333,True,156.000,163.000,0.000,181.000,122.000,0.138889,0.227778,-0.963757,93.756,110.974,127.230,7784.5
Arteaga_9_puntos_intento_10.mp4,1955,16291.667,True,156.000,163.000,0.000,181.000,122.000,0.138889,0.227778,-0.963757,93.720,111.090,126.822,7747.0
Arteaga_9_puntos_intento_10.mp4,1956,16300.000,True,156.000,163.000,0.000,181.000,122.000,0.138889,0.227778,-0.963757,94.232,110.885,130.651,7711.0
Arteaga_9_puntos_intento_10.mp4,1957,16308.333,True,156.000,163.000,0.000,181.000,122.000,0.138889,0.227778,-0.963757,93.139,111.493,129.496,7731.0
Arteaga_9_puntos_intento_10.mp4,1958,16316.667,True,156.000,163.000,0.000,181.000,122.000,0.138889,0.227778,-0.963757,94.343,111.481,131.605,7743.0
Arteaga_9_puntos_intento_10.mp4,1959,16325.000,True,156.000,163.000,0.000,181.000,122.000,0.138889,0.227778,-0.963757,94.258,110.766,131.483,7695.0
Arteaga_9_puntos_intento_10.mp4,1960,16333.333,True,156.000,163.000,0.000,181.000,123.000,0.138889,0.222222,-0.965053,94.776,110.675,131.955,7691.0
Arteaga_9_puntos_intento_10.mp4,1961,16341.667,True,156.000,163.000,0.000,181.000,122.000,0.138889,0.227778,-0.963757,93.675,110.838,130.961,7718.5
Arteaga_9_puntos_intento_10.mp4,1962,16350.000,True,156.000,163.000,0.000,181.000,122.000,0.138889,0.227778,-0.963757,92.847,111.461,127.584,7746.5
Arteaga_9_puntos_intento_10.mp4,1963,16358.333,True,156.000,163.000,0.000,181.000,122.000,0.138889,0.227778,-0.963757,93.756,111.029,126.841,7758.0
Arteaga_9_puntos_intento_10.mp4,1964,16366.667,True,156.000,163.000,0.000,181.000,122.000,0.138889,0.227778,-0.963757,93.506,111.111,126.430,7708.0
Arteaga_9_puntos_intento_10.mp4,1965,16375.000,True,156.000,163.000,0.000,180.000,122.000,0.133333,0.227778,-0.964541,94.081,111.070,126.819,7708.0
Arteaga_9_puntos_intento_10.mp4,1966,16383.333,True,156.000,163.000,0.000,181.000,122.000,0.138889,0.227778,-0.963757,94.154,111.570,126.612,7789.0
Arteaga_9_puntos_intento_10.mp4,1967,16391.667,True,156.000,163.000,0.000,181.000,122.000,0.138889,0.227778,-0.963757,94.067,110.265,129.902,7701.0
Arteaga_9_puntos_intento_10.mp4,1968,16400.000,True,156.000,163.000,0.000,181.000,122.000,0.138889,0.227778,-0.963757,93.055,110.494,127.647,7746.0
Arteaga_9_puntos_intento_10.mp4,1969,16408.333,True,156.000,163.000,0.000,181.000,122.000,0.138889,0.227778,-0.963757,93.219,110.798,128.723,7641.0
Arteaga_9_puntos_intento_10.mp4,1970,16416.667,True,156.000,163.000,0.000,181.000,123.000,0.138889,0.222222,-0.965053,94.643,111.160,133.112,7693.5
Arteaga_9_puntos_intento_10.mp4,1971,16425.000,True,156.000,163.000,0.000,181.000,122.000,0.138889,0.227778,-0.963757,93.947,111.169,128.017,7692.0
Arteaga_9_puntos_intento_10.mp4,1972,16433.333,True,156.000,163.000,0.000,181.000,122.000,0.138889,0.227778,-0.963757,93.183,111.288,126.945,7685.5
Arteaga_9_puntos_intento_10.mp4,1973,16441.667,True,156.000,163.000,0.000,181.000,122.000,0.138889,0.227778,-0.963757,92.738,111.034,126.780,7707.0
Arteaga_9_puntos_intento_10.mp4,1974,16450.000,True,156.000,163.000,0.000,181.000,123.000,0.138889,0.222222,-0.965053,94.566,111.045,130.311,7722.5
Arteaga_9_puntos_intento_10.mp4,1975,16458.333,True,156.000,163.000,0.000,181.000,122.000,0.138889,0.227778,-0.963757,93.612,109.599,127.403,7657.5
Arteaga_9_puntos_intento_10.mp4,1976,16466.667,True,156.000,163.000,0.000,181.000,122.000,0.138889,0.227778,-0.963757,93.863,110.323,127.784,7684.0
Arteaga_9_puntos_intento_10.mp4,1977,16475.000,True,156.000,163.000,0.000,181.000,123.000,0.138889,0.222222,-0.965053,94.973,110.471,130.620,7656.5
Arteaga_9_puntos_intento_10.mp4,1978,16483.333,True,156.000,163.000,0.000,181.000,122.000,0.138889,0.227778,-0.963757,93.811,110.705,128.728,7685.0
Arteaga_9_puntos_intento_10.mp4,1979,16491.667,True,156.000,163.000,0.000,181.000,123.000,0.138889,0.222222,-0.965053,93.991,110.015,128.599,7620.0
Arteaga_9_puntos_intento_10.mp4,1980,16500.000,True,156.000,163.000,0.000,181.000,122.000,0.138889,0.227778,-0.963757,94.186,111.261,128.079,7705.5
Arteaga_9_puntos_intento_10.mp4,1981,16508.333,True,156.000,163.000,0.000,182.000,122.000,0.144444,0.227778,-0.962940,92.997,109.940,127.698,7621.0
Arteaga_9_puntos_intento_10.mp4,1982,16516.667,True,156.000,163.000,0.000,181.000,122.000,0.138889,0.227778,-0.963757,92.497,111.444,124.719,7710.0
Arteaga_9_puntos_intento_10.mp4,1983,16525.000,True,156.000,163.000,0.000,181.000,122.000,0.138889,0.227778,-0.963757,92.594,110.468,126.099,7657.0
Arteaga_9_puntos_intento_10.mp4,1984,16533.333,True,156.000,163.000,0.000,181.000,123.000,0.138889,0.222222,-0.965053,94.433,111.242,128.638,7722.0
Arteaga_9_puntos_intento_10.mp4,1985,16541.667,True,156.000,163.000,0.000,181.000,122.000,0.138889,0.227778,-0.963757,93.741,111.015,127.954,7648.0
Arteaga_9_puntos_intento_10.mp4,1986,16550.000,True,156.000,163.000,0.000,182.000,122.000,0.144444,0.227778,-0.962940,92.817,111.414,128.184,7690.0
Arteaga_9_puntos_intento_10.mp4,1987,16558.333,True,156.000,163.000,0.000,182.000,122.000,0.144444,0.227778,-0.962940,92.459,110.854,125.058,7636.5
Arteaga_9_puntos_intento_10.mp4,1988,16566.667,True,156.000,163.000,0.000,181.000,122.000,0.138889,0.227778,-0.963757,94.227,110.511,125.975,7716.5
Arteaga_9_puntos_intento_10.mp4,1989,16575.000,True,156.000,163.000,0.000,181.000,122.000,0.138889,0.227778,-0.963757,92.871,110.104,126.192,7649.0
Arteaga_9_puntos_intento_10.mp4,1990,16583.333,True,156.000,163.000,0.000,181.000,122.000,0.138889,0.227778,-0.963757,93.774,110.769,128.910,7731.5
Arteaga_9_puntos_intento_10.mp4,1991,16591.667,True,156.000,163.000,0.000,182.000,122.000,0.144444,0.227778,-0.962940,93.822,111.330,127.804,7713.0
Arteaga_9_puntos_intento_10.mp4,1992,16600.000,True,156.000,163.000,0.000,182.000,122.000,0.144444,0.227778,-0.962940,93.583,111.737,129.757,7737.0
Arteaga_9_puntos_intento_10.mp4,1993,16608.333,True,156.000,163.000,0.000,182.000,122.000,0.144444,0.227778,-0.962940,93.456,110.906,128.307,7748.5
Arteaga_9_puntos_intento_10.mp4,1994,16616.667,True,156.000,163.000,0.000,181.000,123.000,0.138889,0.222222,-0.965053,95.146,110.721,128.674,7742.5
Arteaga_9_puntos_intento_10.mp4,1995,16625.000,True,156.000,163.000,0.000,182.000,123.000,0.144444,0.222222,-0.964237,94.585,111.103,132.458,7774.5
Arteaga_9_puntos_intento_10.mp4,1996,16633.333,True,156.000,163.000,0.000,182.000,122.000,0.144444,0.227778,-0.962940,93.969,111.573,129.490,7743.5
Arteaga_9_puntos_intento_10.mp4,1997,16641.667,True,156.000,163.000,0.000,181.000,122.000,0.138889,0.227778,-0.963757,94.720,111.544,127.838,7743.0
Arteaga_9_puntos_intento_10.mp4,1998,16650.000,True,156.000,163.000,0.000,181.000,122.000,0.138889,0.227778,-0.963757,93.892,112.382,127.530,7751.5
Arteaga_9_puntos_intento_10.mp4,1999,16658.333,True,156.000,163.000,0.000,181.000,122.000,0.138889,0.227778,-0.963757,94.080,111.473,128.352,7792.5
Arteaga_9_puntos_intento_10.mp4,2000,16666.667,True,156.000,163.000,0.000,182.000,122.000,0.144444,0.227778,-0.962940,93.874,111.035,130.168,7761.0
Arteaga_9_puntos_intento_10.mp4,2001,16675.000,True,156.000,163.000,0.000,182.000,122.000,0.144444,0.227778,-0.962940,93.040,112.043,128.208,7763.5
Arteaga_9_puntos_intento_10.mp4,2002,16683.333,True,156.000,163.000,0.000,182.000,122.000,0.144444,0.227778,-0.962940,93.532,110.925,127.719,7731.5
Arteaga_9_puntos_intento_10.mp4,2003,16691.667,True,156.000,163.000,0.000,181.000,122.000,0.138889,0.227778,-0.963757,93.793,111.244,131.375,7742.0
Arteaga_9_puntos_intento_10.mp4,2004,16700.000,True,156.000,163.000,0.000,182.000,122.000,0.144444,0.227778,-0.962940,93.626,111.230,129.523,7764.5
Arteaga_9_puntos_intento_10.mp4,2005,16708.333,True,156.000,163.000,0.000,181.000,122.000,0.138889,0.227778,-0.963757,94.233,111.212,127.856,7772.0
Arteaga_9_puntos_intento_10.mp4,2006,16716.667,True,156.000,163.000,0.000,181.000,122.000,0.138889,0.227778,-0.963757,94.125,111.629,129.126,7744.0
Arteaga_9_puntos_intento_10.mp4,2007,16725.000,True,156.000,163.000,0.000,181.000,122.000,0.138889,0.227778,-0.963757,94.098,112.154,128.674,7743.0
Arteaga_9_puntos_intento_10.mp4,2008,16733.333,True,156.000,163.000,0.000,181.000,122.000,0.138889,0.227778,-0.963757,95.041,111.646,128.980,7777.5
Arteaga_9_puntos_intento_10.mp4,2009,16741.667,True,156.000,163.000,0.000,181.000,122.000,0.138889,0.227778,-0.963757,94.652,112.142,129.264,7751.0
Arteaga_9_puntos_intento_10.mp4,2010,16750.000,True,156.000,163.000,0.000,181.000,122.000,0.138889,0.227778,-0.963757,93.831,112.688,129.020,7780.5
Arteaga_9_puntos_intento_10.mp4,2011,16758.333,True,156.000,163.000,0.000,182.000,121.000,0.144444,0.233333,-0.961609,92.728,111.278,130.001,7730.0
Arteaga_9_puntos_intento_10.mp4,2012,16766.667,True,156.000,163.000,0.000,181.000,122.000,0.138889,0.227778,-0.963757,94.969,110.994,131.064,7741.0
Arteaga_9_puntos_intento_10.mp4,2013,16775.000,True,156.000,163.000,0.000,180.000,122.000,0.133333,0.227778,-0.964541,93.242,111.140,129.537,7732.0
Arteaga_9_puntos_intento_10.mp4,2014,16783.333,True,156.000,163.000,0.000,176.000,123.000,0.111111,0.222222,-0.968644,92.887,110.489,132.342,7615.0
Arteaga_9_puntos_intento_10.mp4,2015,16791.667,True,156.000,163.000,0.000,168.000,124.000,0.066667,0.216667,-0.973967,92.382,108.847,134.056,7378.5
Arteaga_9_puntos_intento_10.mp4,2016,16800.000,True,156.000,163.000,0.000,159.000,125.000,0.016667,0.211111,-0.977320,89.371,106.280,131.954,7047.5
Arteaga_9_puntos_intento_10.mp4,2017,16808.333,True,156.000,163.000,0.000,150.000,128.000,-0.033333,0.194444,-0.980347,87.590,104.697,128.536,6648.5
Arteaga_9_puntos_intento_10.mp4,2018,16816.667,True,156.000,163.000,0.000,140.000,130.000,-0.088889,0.183333,-0.979024,85.835,103.997,122.919,6593.0
Arteaga_9_puntos_intento_10.mp4,2019,16825.000,True,156.000,163.000,0.000,135.000,130.000,-0.116667,0.183333,-0.976103,83.398,106.831,121.809,6506.5
Arteaga_9_puntos_intento_10.mp4,2020,16833.333,True,156.000,163.000,0.000,134.000,130.000,-0.122222,0.183333,-0.975423,84.451,109.085,122.266,6731.0
Arteaga_9_puntos_intento_10.mp4,2021,16841.667,True,156.000,163.000,0.000,134.000,130.000,-0.122222,0.183333,-0.975423,82.744,108.773,119.250,6689.0
Arteaga_9_puntos_intento_10.mp4,2022,16850.000,True,156.000,163.000,0.000,133.000,131.000,-0.127778,0.177778,-0.975740,83.616,109.590,122.294,6699.0
Arteaga_9_puntos_intento_10.mp4,2023,16858.333,True,156.000,163.000,0.000,133.000,131.000,-0.127778,0.177778,-0.975740,83.369,109.481,122.783,6676.0
Arteaga_9_puntos_intento_10.mp4,2024,16866.667,True,156.000,163.000,0.000,133.000,130.000,-0.127778,0.183333,-0.974711,83.557,109.581,121.133,6703.5
Arteaga_9_puntos_intento_10.mp4,2025,16875.000,True,156.000,163.000,0.000,133.000,131.000,-0.127778,0.177778,-0.975740,84.502,109.270,122.596,6691.0
Arteaga_9_puntos_intento_10.mp4,2026,16883.333,True,156.000,163.000,0.000,133.000,130.000,-0.127778,0.183333,-0.974711,81.583,108.313,122.796,6475.0
Arteaga_9_puntos_intento_10.mp4,2027,16891.667,True,156.000,163.000,0.000,134.000,129.000,-0.122222,0.188889,-0.974363,81.377,108.386,123.486,6445.5
Arteaga_9_puntos_intento_10.mp4,2028,16900.000,True,156.000,163.000,0.000,133.000,130.000,-0.127778,0.183333,-0.974711,81.899,108.525,123.209,6431.5
Arteaga_9_puntos_intento_10.mp4,2029,16908.333,True,156.000,163.000,0.000,133.000,130.000,-0.127778,0.183333,-0.974711,82.146,106.400,119.206,6358.0
Arteaga_9_puntos_intento_10.mp4,2030,16916.667,True,156.000,163.000,0.000,134.000,129.000,-0.122222,0.188889,-0.974363,81.319,108.191,121.569,6348.0
Arteaga_9_puntos_intento_10.mp4,2031,16925.000,True,156.000,163.000,0.000,133.000,130.000,-0.127778,0.183333,-0.974711,82.571,108.235,122.534,6428.5
Arteaga_9_puntos_intento_10.mp4,2032,16933.333,True,156.000,163.000,0.000,132.000,129.000,-0.133333,0.188889,-0.972905,83.157,109.983,121.094,6662.5
Arteaga_9_puntos_intento_10.mp4,2033,16941.667,True,156.000,163.000,0.000,132.000,129.000,-0.133333,0.188889,-0.972905,84.850,108.460,121.739,6699.5
Arteaga_9_puntos_intento_10.mp4,2034,16950.000,True,156.000,163.000,0.000,132.000,129.000,-0.133333,0.188889,-0.972905,84.109,108.568,125.408,6700.5
Arteaga_9_puntos_intento_10.mp4,2035,16958.333,True,156.000,163.000,0.000,132.000,129.000,-0.133333,0.188889,-0.972905,85.270,110.749,121.419,6953.5
Arteaga_9_puntos_intento_10.mp4,2036,16966.667,True,156.000,163.000,0.000,132.000,129.000,-0.133333,0.188889,-0.972905,85.782,110.484,121.102,6933.0
Arteaga_9_puntos_intento_10.mp4,2037,16975.000,True,156.000,163.000,0.000,127.000,133.000,-0.161111,0.166667,-0.972762,98.116,109.809,93.871,7188.0
Arteaga_9_puntos_intento_10.mp4,2038,16983.333,True,156.000,163.000,0.000,127.000,133.000,-0.161111,0.166667,-0.972762,99.467,113.600,92.800,7440.0
Arteaga_9_puntos_intento_10.mp4,2039,16991.667,True,156.000,163.000,0.000,127.000,132.000,-0.161111,0.172222,-0.971794,99.477,111.623,96.209,7453.0
Arteaga_9_puntos_intento_10.mp4,2040,17000.000,True,156.000,163.000,0.000,128.000,133.000,-0.155556,0.166667,-0.973666,101.159,109.887,103.100,7503.0
Arteaga_9_puntos_intento_10.mp4,2041,17008.333,True,156.000,163.000,0.000,127.000,133.000,-0.161111,0.166667,-0.972762,100.197,112.142,96.452,7463.5
Arteaga_9_puntos_intento_10.mp4,2042,17016.667,True,156.000,163.000,0.000,127.000,132.000,-0.161111,0.172222,-0.971794,98.307,112.920,94.169,7433.5
Arteaga_9_puntos_intento_10.mp4,2043,17025.000,True,156.000,163.000,0.000,127.000,132.000,-0.161111,0.172222,-0.971794,98.928,109.976,94.504,7427.0
Arteaga_9_puntos_intento_10.mp4,2044,17033.333,True,156.000,163.000,0.000,127.000,132.000,-0.161111,0.172222,-0.971794,97.693,111.169,97.424,7413.0
Arteaga_9_puntos_intento_10.mp4,2045,17041.667,True,156.000,163.000,0.000,128.000,132.000,-0.155556,0.172222,-0.972698,97.639,110.004,102.331,7381.5
Arteaga_9_puntos_intento_10.mp4,2046,17050.000,True,156.000,163.000,0.000,128.000,132.000,-0.155556,0.172222,-0.972698,98.943,109.630,97.627,7438.5
Arteaga_9_puntos_intento_10.mp4,2047,17058.333,True,156.000,163.000,0.000,128.000,133.000,-0.155556,0.166667,-0.973666,101.082,108.992,100.884,7441.5
Arteaga_9_puntos_intento_10.mp4,2048,17066.667,True,156.000,163.000,0.000,129.000,132.000,-0.150000,0.172222,-0.973570,100.018,107.322,110.546,7433.0
Arteaga_9_puntos_intento_10.mp4,2049,17075.000,True,156.000,163.000,0.000,128.000,132.000,-0.155556,0.172222,-0.972698,98.125,110.302,99.378,7414.0
Arteaga_9_puntos_intento_10.mp4,2050,17083.333,True,156.000,163.000,0.000,127.000,132.000,-0.161111,0.172222,-0.971794,98.945,111.841,93.350,7475.0
Arteaga_9_puntos_intento_10.mp4,2051,17091.667,True,156.000,163.000,0.000,128.000,133.000,-0.155556,0.166667,-0.973666,101.451,107.534,94.651,7426.0
Arteaga_9_puntos_intento_10.mp4,2052,17100.000,True,156.000,163.000,0.000,128.000,132.000,-0.155556,0.172222,-0.972698,98.786,110.395,106.585,7395.0
Arteaga_9_puntos_intento_10.mp4,2053,17108.333,True,156.000,163.000,0.000,128.000,132.000,-0.155556,0.172222,-0.972698,98.959,110.604,95.978,7415.0
Arteaga_9_puntos_intento_10.mp4,2054,17116.667,True,156.000,163.000,0.000,127.000,133.000,-0.161111,0.166667,-0.972762,100.845,109.888,97.938,7447.0
Arteaga_9_puntos_intento_10.mp4,2055,17125.000,True,156.000,163.000,0.000,126.000,133.000,-0.166667,0.166667,-0.971825,98.854,109.652,101.726,7406.0
Arteaga_9_puntos_intento_10.mp4,2056,17133.333,True,156.000,163.000,0.000,122.000,135.000,-0.188889,0.155556,-0.969600,96.760,112.023,94.559,7310.0
Arteaga_9_puntos_intento_10.mp4,2057,17141.667,True,156.000,163.000,0.000,123.000,136.000,-0.183333,0.150000,-0.971539,95.526,111.302,100.008,7258.0
Arteaga_9_puntos_intento_10.mp4,2058,17150.000,True,156.000,163.000,0.000,123.000,136.000,-0.183333,0.150000,-0.971539,96.257,111.774,102.056,7256.5
Arteaga_9_puntos_intento_10.mp4,2059,17158.333,True,156.000,163.000,0.000,123.000,137.000,-0.183333,0.144444,-0.972381,95.896,111.483,101.753,7229.5
Arteaga_9_puntos_intento_10.mp4,2060,17166.667,True,156.000,163.000,0.000,123.000,136.000,-0.183333,0.150000,-0.971539,95.375,112.809,97.176,7266.0
Arteaga_9_puntos_intento_10.mp4,2061,17175.000,True,156.000,163.000,0.000,122.000,136.000,-0.188889,0.150000,-0.970475,95.260,113.052,94.041,7227.5
Arteaga_9_puntos_intento_10.mp4,2062,17183.333,True,156.000,163.000,0.000,123.000,135.000,-0.183333,0.155556,-0.970665,92.409,112.481,99.088,7153.0
Arteaga_9_puntos_intento_10.mp4,2063,17191.667,True,156.000,163.000,0.000,122.000,136.000,-0.188889,0.150000,-0.970475,93.930,112.221,95.581,7094.5
Arteaga_9_puntos_intento_10.mp4,2064,17200.000,True,156.000,163.000,0.000,122.000,136.000,-0.188889,0.150000,-0.970475,93.099,111.771,95.630,7098.0
Arteaga_9_puntos_intento_10.mp4,2065,17208.333,True,156.000,163.000,0.000,123.000,136.000,-0.183333,0.150000,-0.971539,93.234,113.429,100.599,7162.5
Arteaga_9_puntos_intento_10.mp4,2066,17216.667,True,156.000,163.000,0.000,123.000,136.000,-0.183333,0.150000,-0.971539,93.274,111.414,102.976,7150.0
Arteaga_9_puntos_intento_10.mp4,2067,17225.000,True,156.000,163.000,0.000,123.000,136.000,-0.183333,0.150000,-0.971539,92.580,112.175,101.854,7142.5
Arteaga_9_puntos_intento_10.mp4,2068,17233.333,True,156.000,163.000,0.000,123.000,135.000,-0.183333,0.155556,-0.970665,90.949,112.029,102.832,7140.5
Arteaga_9_puntos_intento_10.mp4,2069,17241.667,True,156.000,163.000,0.000,123.000,136.000,-0.183333,0.150000,-0.971539,92.544,110.733,106.996,7150.5
Arteaga_9_puntos_intento_10.mp4,2070,17250.000,True,156.000,163.000,0.000,122.000,137.000,-0.188889,0.144444,-0.971317,95.978,112.173,97.330,7163.5
Arteaga_9_puntos_intento_10.mp4,2071,17258.333,True,156.000,163.000,0.000,123.000,137.000,-0.183333,0.144444,-0.972381,95.809,109.513,105.241,7059.0
Arteaga_9_puntos_intento_10.mp4,2072,17266.667,True,156.000,163.000,0.000,123.000,136.000,-0.183333,0.150000,-0.971539,92.931,111.189,102.560,7123.0
Arteaga_9_puntos_intento_10.mp4,2073,17275.000,True,156.000,163.000,0.000,123.000,137.000,-0.183333,0.144444,-0.972381,93.601,110.720,98.756,7081.5
Arteaga_9_puntos_intento_10.mp4,2074,17283.333,True,156.000,163.000,0.000,122.000,137.000,-0.188889,0.144444,-0.971317,92.747,113.424,99.339,7092.5
Arteaga_9_puntos_intento_10.mp4,2075,17291.667,True,156.000,163.000,0.000,123.000,136.000,-0.183333,0.150000,-0.971539,91.608,112.110,102.489,7050.5
Arteaga_9_puntos_intento_10.mp4,2076,17300.000,True,156.000,163.000,0.000,122.000,137.000,-0.188889,0.144444,-0.971317,92.553,113.183,101.099,7084.0
Arteaga_9_puntos_intento_10.mp4,2077,17308.333,True,156.000,163.000,0.000,123.000,137.000,-0.183333,0.144444,-0.972381,91.825,111.981,99.874,7023.5
Arteaga_9_puntos_intento_10.mp4,2078,17316.667,True,156.000,163.000,0.000,122.000,137.000,-0.188889,0.144444,-0.971317,94.009,112.875,99.795,7058.5
Arteaga_9_puntos_intento_10.mp4,2079,17325.000,True,156.000,163.000,0.000,123.000,137.000,-0.183333,0.144444,-0.972381,93.141,112.011,100.758,7067.0
Arteaga_9_puntos_intento_10.mp4,2080,17333.333,True,156.000,163.000,0.000,122.000,137.000,-0.188889,0.144444,-0.971317,93.493,111.549,98.648,7086.0
Arteaga_9_puntos_intento_10.mp4,2081,17341.667,True,156.000,163.000,0.000,123.000,137.000,-0.183333,0.144444,-0.972381,92.865,111.337,99.748,7005.5
Arteaga_9_puntos_intento_10.mp4,2082,17350.000,True,156.000,163.000,0.000,122.000,137.000,-0.188889,0.144444,-0.971317,93.823,112.003,100.540,7043.0
Arteaga_9_puntos_intento_10.mp4,2083,17358.333,True,156.000,163.000,0.000,122.000,137.000,-0.188889,0.144444,-0.971317,92.717,112.534,104.094,7025.5
Arteaga_9_puntos_intento_10.mp4,2084,17366.667,True,156.000,163.000,0.000,122.000,137.000,-0.188889,0.144444,-0.971317,93.613,111.646,98.949,7047.5
Arteaga_9_puntos_intento_10.mp4,2085,17375.000,True,156.000,163.000,0.000,122.000,137.000,-0.188889,0.144444,-0.971317,92.424,111.723,98.791,7015.0
Arteaga_9_puntos_intento_10.mp4,2086,17383.333,True,156.000,163.000,0.000,122.000,139.000,-0.188889,0.133333,-0.972905,92.707,113.289,96.983,7053.5
Arteaga_9_puntos_intento_10.mp4,2087,17391.667,True,156.000,163.000,0.000,125.000,142.000,-0.172222,0.116667,-0.978125,92.349,112.417,96.916,6980.0
Arteaga_9_puntos_intento_10.mp4,2088,17400.000,True,156.000,163.000,0.000,127.000,144.000,-0.161111,0.105556,-0.981275,89.226,114.019,95.886,6844.5
Arteaga_9_puntos_intento_10.mp4,2089,17408.333,True,156.000,163.000,0.000,128.000,145.000,-0.155556,0.100000,-0.982752,89.992,114.561,95.450,6870.5
Arteaga_9_puntos_intento_10.mp4,2090,17416.667,True,156.000,163.000,0.000,127.000,145.000,-0.161111,0.100000,-0.981857,89.805,113.818,96.549,6866.0
Arteaga_9_puntos_intento_10.mp4,2091,17425.000,True,156.000,163.000,0.000,127.000,145.000,-0.161111,0.100000,-0.981857,91.311,112.742,97.207,6878.0
Arteaga_9_puntos_intento_10.mp4,2092,17433.333,True,156.000,163.000,0.000,126.000,144.000,-0.166667,0.105556,-0.980347,87.364,116.177,95.600,6827.5
Arteaga_9_puntos_intento_10.mp4,2093,17441.667,True,156.000,163.000,0.000,126.000,145.000,-0.166667,0.100000,-0.980929,89.292,115.090,96.129,6808.0
Arteaga_9_puntos_intento_10.mp4,2094,17450.000,True,156.000,163.000,0.000,127.000,144.000,-0.161111,0.105556,-0.981275,87.230,114.959,94.882,6782.5
Arteaga_9_puntos_intento_10.mp4,2095,17458.333,True,156.000,163.000,0.000,126.000,144.000,-0.166667,0.105556,-0.980347,89.374,114.628,92.650,6868.5
Arteaga_9_puntos_intento_10.mp4,2096,17466.667,True,156.000,163.000,0.000,127.000,145.000,-0.161111,0.100000,-0.981857,90.191,114.052,92.492,6871.5
Arteaga_9_puntos_intento_10.mp4,2097,17475.000,True,156.000,163.000,0.000,126.000,145.000,-0.166667,0.100000,-0.980929,90.019,114.729,95.932,6851.5
Arteaga_9_puntos_intento_10.mp4,2098,17483.333,True,156.000,163.000,0.000,126.000,144.000,-0.166667,0.105556,-0.980347,87.324,115.729,93.510,6843.0
Arteaga_9_puntos_intento_10.mp4,2099,17491.667,True,156.000,163.000,0.000,126.000,144.000,-0.166667,0.105556,-0.980347,89.311,112.691,93.813,6879.0
Arteaga_9_puntos_intento_10.mp4,2100,17500.000,True,156.000,163.000,0.000,126.000,144.000,-0.166667,0.105556,-0.980347,87.952,114.637,94.886,6894.5
Arteaga_9_puntos_intento_10.mp4,2101,17508.333,True,156.000,163.000,0.000,127.000,143.000,-0.161111,0.111111,-0.980662,84.108,116.861,97.579,6772.0
Arteaga_9_puntos_intento_10.mp4,2102,17516.667,True,156.000,163.000,0.000,127.000,144.000,-0.161111,0.105556,-0.981275,88.057,113.571,97.275,6839.5
Arteaga_9_puntos_intento_10.mp4,2103,17525.000,True,156.000,163.000,0.000,126.000,144.000,-0.166667,0.105556,-0.980347,87.095,113.984,97.435,6805.0
Arteaga_9_puntos_intento_10.mp4,2104,17533.333,True,156.000,163.000,0.000,127.000,145.000,-0.161111,0.100000,-0.981857,88.839,113.746,97.074,6817.5
Arteaga_9_puntos_intento_10.mp4,2105,17541.667,True,156.000,163.000,0.000,126.000,145.000,-0.166667,0.100000,-0.980929,88.687,114.430,96.420,6825.5
Arteaga_9_puntos_intento_10.mp4,2106,17550.000,True,156.000,163.000,0.000,126.000,143.000,-0.166667,0.111111,-0.979733,84.750,116.031,94.977,6769.5
Arteaga_9_puntos_intento_10.mp4,2107,17558.333,True,156.000,163.000,0.000,126.000,143.000,-0.166667,0.111111,-0.979733,85.511,114.132,96.466,6762.5
Arteaga_9_puntos_intento_10.mp4,2108,17566.667,True,156.000,163.000,0.000,126.000,144.000,-0.166667,0.105556,-0.980347,87.052,116.385,97.767,6801.5
Arteaga_9_puntos_intento_10.mp4,2109,17575.000,True,156.000,163.000,0.000,126.000,143.000,-0.166667,0.111111,-0.979733,87.040,114.574,96.979,6812.5
Arteaga_9_puntos_intento_10.mp4,2110,17583.333,True,156.000,163.000,0.000,127.000,144.000,-0.161111,0.105556,-0.981275,86.548,114.022,97.177,6794.5
Arteaga_9_puntos_intento_10.mp4,2111,17591.667,True,156.000,163.000,0.000,126.000,143.000,-0.166667,0.111111,-0.979733,84.845,115.161,96.982,6843.5
Arteaga_9_puntos_intento_10.mp4,2112,17600.000,True,156.000,163.000,0.000,126.000,144.000,-0.166667,0.105556,-0.980347,86.754,115.453,95.872,6808.5
Arteaga_9_puntos_intento_10.mp4,2113,17608.333,True,156.000,163.000,0.000,126.000,144.000,-0.166667,0.105556,-0.980347,88.048,114.237,97.923,6822.5
Arteaga_9_puntos_intento_10.mp4,2114,17616.667,True,156.000,163.000,0.000,126.000,144.000,-0.166667,0.105556,-0.980347,87.515,115.437,97.728,6846.0
Arteaga_9_puntos_intento_10.mp4,2115,17625.000,True,156.000,163.000,0.000,126.000,144.000,-0.166667,0.105556,-0.980347,88.334,115.454,96.159,6861.5
Arteaga_9_puntos_intento_10.mp4,2116,17633.333,True,156.000,163.000,0.000,126.000,143.000,-0.166667,0.111111,-0.979733,86.514,117.295,96.857,6874.0
Arteaga_9_puntos_intento_10.mp4,2117,17641.667,True,156.000,163.000,0.000,126.000,144.000,-0.166667,0.105556,-0.980347,87.228,116.978,95.114,6888.5
Arteaga_9_puntos_intento_10.mp4,2118,17650.000,True,156.000,163.000,0.000,126.000,144.000,-0.166667,0.105556,-0.980347,88.257,116.727,96.543,6902.0
Arteaga_9_puntos_intento_10.mp4,2119,17658.333,True,156.000,163.000,0.000,126.000,144.000,-0.166667,0.105556,-0.980347,87.219,116.806,96.172,6872.5
Arteaga_9_puntos_intento_10.mp4,2120,17666.667,True,156.000,163.000,0.000,126.000,144.000,-0.166667,0.105556,-0.980347,87.959,115.382,96.084,6840.5
Arteaga_9_puntos_intento_10.mp4,2121,17675.000,True,156.000,163.000,0.000,125.000,143.000,-0.172222,0.111111,-0.978772,85.399,116.861,93.952,6857.5
Arteaga_9_puntos_intento_10.mp4,2122,17683.333,True,156.000,163.000,0.000,126.000,142.000,-0.166667,0.116667,-0.979087,85.135,116.592,96.948,6877.0
Arteaga_9_puntos_intento_10.mp4,2123,17691.667,True,156.000,163.000,0.000,125.000,143.000,-0.172222,0.111111,-0.978772,86.617,116.810,94.858,6843.5
Arteaga_9_puntos_intento_10.mp4,2124,17700.000,True,156.000,163.000,0.000,126.000,144.000,-0.166667,0.105556,-0.980347,87.914,113.424,92.975,6862.5
Arteaga_9_puntos_intento_10.mp4,2125,17708.333,True,156.000,163.000,0.000,127.000,144.000,-0.161111,0.105556,-0.981275,88.227,113.592,96.808,6906.0
Arteaga_9_puntos_intento_10.mp4,2126,17716.667,True,156.000,163.000,0.000,127.000,144.000,-0.161111,0.105556,-0.981275,87.691,114.039,97.799,6905.0
Arteaga_9_puntos_intento_10.mp4,2127,17725.000,True,156.000,163.000,0.000,126.000,144.000,-0.166667,0.105556,-0.980347,88.121,115.779,93.339,6867.0
Arteaga_9_puntos_intento_10.mp4,2128,17733.333,True,156.000,163.000,0.000,126.000,143.000,-0.166667,0.111111,-0.979733,88.460,113.983,94.735,6910.0
Arteaga_9_puntos_intento_10.mp4,2129,17741.667,True,156.000,163.000,0.000,126.000,144.000,-0.166667,0.105556,-0.980347,89.339,113.963,94.274,6883.5
Arteaga_9_puntos_intento_10.mp4,2130,17750.000,True,156.000,163.000,0.000,126.000,144.000,-0.166667,0.105556,-0.980347,89.741,113.676,96.544,6897.0
Arteaga_9_puntos_intento_10.mp4,2131,17758.333,True,156.000,163.000,0.000,126.000,143.000,-0.166667,0.111111,-0.979733,88.168,115.529,96.040,6906.0
Arteaga_9_puntos_intento_10.mp4,2132,17766.667,True,156.000,163.000,0.000,126.000,144.000,-0.166667,0.105556,-0.980347,90.289,115.080,95.742,6898.5
Arteaga_9_puntos_intento_10.mp4,2133,17775.000,True,156.000,163.000,0.000,127.000,143.000,-0.161111,0.111111,-0.980662,88.168,114.596,97.095,6928.0
Arteaga_9_puntos_intento_10.mp4,2134,17783.333,True,156.000,163.000,0.000,126.000,144.000,-0.166667,0.105556,-0.980347,90.381,113.687,92.591,6891.5
Arteaga_9_puntos_intento_10.mp4,2135,17791.667,True,156.000,163.000,0.000,126.000,143.000,-0.166667,0.111111,-0.979733,89.306,114.047,95.165,6885.5
Arteaga_9_puntos_intento_10.mp4,2136,17800.000,True,156.000,163.000,0.000,126.000,144.000,-0.166667,0.105556,-0.980347,89.746,113.382,93.546,6874.0
Arteaga_9_puntos_intento_10.mp4,2137,17808.333,True,156.000,163.000,0.000,126.000,143.000,-0.166667,0.111111,-0.979733,89.793,113.790,95.538,6884.5
Arteaga_9_puntos_intento_10.mp4,2138,17816.667,True,156.000,163.000,0.000,126.000,143.000,-0.166667,0.111111,-0.979733,89.163,114.513,96.134,6912.0
Arteaga_9_puntos_intento_10.mp4,2139,17825.000,True,156.000,163.000,0.000,126.000,143.000,-0.166667,0.111111,-0.979733,91.680,112.290,96.053,6907.0
Arteaga_9_puntos_intento_10.mp4,2140,17833.333,True,156.000,163.000,0.000,125.000,143.000,-0.172222,0.111111,-0.978772,89.388,115.430,93.249,6931.0
Arteaga_9_puntos_intento_10.mp4,2141,17841.667,True,156.000,163.000,0.000,126.000,142.000,-0.166667,0.116667,-0.979087,85.528,117.335,94.857,6877.0
Arteaga_9_puntos_intento_10.mp4,2142,17850.000,True,156.000,163.000,0.000,128.000,142.000,-0.155556,0.116667,-0.980914,90.686,111.808,99.422,6938.0
Arteaga_9_puntos_intento_10.mp4,2143,17858.333,True,156.000,163.000,0.000,128.000,138.000,-0.155556,0.138889,-0.978014,94.950,109.263,96.629,6988.5
Arteaga_9_puntos_intento_10.mp4,2144,17866.667,True,156.000,163.000,0.000,129.000,133.000,-0.150000,0.166667,-0.974537,95.503,108.797,97.511,7093.5
Arteaga_9_puntos_intento_10.mp4,2145,17875.000,True,156.000,163.000,0.000,130.000,133.000,-0.144444,0.166667,-0.975376,97.845,107.858,103.229,7084.0
Arteaga_9_puntos_intento_10.mp4,2146,17883.333,True,156.000,163.000,0.000,129.000,133.000,-0.150000,0.166667,-0.974537,98.443,108.845,97.061,7163.0
Arteaga_9_puntos_intento_10.mp4,2147,17891.667,True,156.000,163.000,0.000,128.000,134.000,-0.155556,0.161111,-0.974600,104.079,107.388,103.959,7270.0
Arteaga_9_puntos_intento_10.mp4,2148,17900.000,True,156.000,163.000,0.000,128.000,133.000,-0.155556,0.166667,-0.973666,100.120,107.500,97.173,7195.5
Arteaga_9_puntos_intento_10.mp4,2149,17908.333,True,156.000,163.000,0.000,128.000,134.000,-0.155556,0.161111,-0.974600,103.828,106.207,80.945,7305.5
Arteaga_9_puntos_intento_10.mp4,2150,17916.667,True,156.000,163.000,0.000,129.000,132.000,-0.150000,0.172222,-0.973570,99.842,106.761,106.962,7228.5
Arteaga_9_puntos_intento_10.mp4,2151,17925.000,True,156.000,163.000,0.000,129.000,132.000,-0.150000,0.172222,-0.973570,99.329,106.773,98.014,7202.5
Arteaga_9_puntos_intento_10.mp4,2152,17933.333,True,156.000,163.000,0.000,128.000,132.000,-0.155556,0.172222,-0.972698,98.776,107.931,100.583,7273.0
Arteaga_9_puntos_intento_10.mp4,2153,17941.667,True,156.000,163.000,0.000,128.000,134.000,-0.155556,0.161111,-0.974600,103.666,107.440,52.283,7310.5
Arteaga_9_puntos_intento_10.mp4,2154,17950.000,True,156.000,163.000,0.000,127.000,133.000,-0.161111,0.166667,-0.972762,101.600,108.438,96.328,7283.5
Arteaga_9_puntos_intento_10.mp4,2155,17958.333,True,156.000,163.000,0.000,131.000,129.000,-0.138889,0.188889,-0.972127,86.948,110.496,123.331,6913.0
Arteaga_9_puntos_intento_10.mp4,2156,17966.667,True,156.000,163.000,0.000,128.000,132.000,-0.155556,0.172222,-0.972698,99.526,107.318,100.962,7171.5
Arteaga_9_puntos_intento_10.mp4,2157,17975.000,True,156.000,163.000,0.000,127.000,133.000,-0.161111,0.166667,-0.972762,100.380,111.506,85.265,7257.5
Arteaga_9_puntos_intento_10.mp4,2158,17983.333,True,156.000,163.000,0.000,128.000,133.000,-0.155556,0.166667,-0.973666,101.473,106.315,97.617,7244.5
Arteaga_9_puntos_intento_10.mp4,2159,17991.667,True,156.000,163.000,0.000,128.000,131.000,-0.155556,0.177778,-0.971698,98.246,107.132,104.896,7188.0
Arteaga_9_puntos_intento_10.mp4,2160,18000.000,True,156.000,163.000,0.000,128.000,131.000,-0.155556,0.177778,-0.971698,96.723,108.776,100.790,7172.0
Arteaga_9_puntos_intento_10.mp4,2161,18008.333,True,156.000,163.000,0.000,128.000,131.000,-0.155556,0.177778,-0.971698,97.867,108.959,106.617,7253.0
Arteaga_9_puntos_intento_10.mp4,2162,18016.667,True,156.000,163.000,0.000,127.000,132.000,-0.161111,0.172222,-0.971794,97.893,112.031,95.416,7279.0
Arteaga_9_puntos_intento_10.mp4,2163,18025.000,True,156.000,163.000,0.000,128.000,131.000,-0.155556,0.177778,-0.971698,95.832,109.923,107.975,7292.0
Arteaga_9_puntos_intento_10.mp4,2164,18033.333,True,156.000,163.000,0.000,127.000,132.000,-0.161111,0.172222,-0.971794,98.612,109.878,98.503,7268.5
Arteaga_9_puntos_intento_10.mp4,2165,18041.667,True,156.000,163.000,0.000,127.000,132.000,-0.161111,0.172222,-0.971794,96.959,111.701,98.269,7283.0
Arteaga_9_puntos_intento_10.mp4,2166,18050.000,True,156.000,163.000,0.000,128.000,131.000,-0.155556,0.177778,-0.971698,97.410,109.438,102.476,7201.0
Arteaga_9_puntos_intento_10.mp4,2167,18058.333,True,156.000,163.000,0.000,127.000,132.000,-0.161111,0.172222,-0.971794,96.932,112.992,94.991,7291.0
Arteaga_9_puntos_intento_10.mp4,2168,18066.667,True,156.000,163.000,0.000,127.000,131.000,-0.161111,0.177778,-0.970793,95.992,112.742,96.374,7269.5
Arteaga_9_puntos_intento_10.mp4,2169,18075.000,True,156.000,163.000,0.000,128.000,131.000,-0.155556,0.177778,-0.971698,97.322,109.519,100.755,7273.5
Arteaga_9_puntos_intento_10.mp4,2170,18083.333,True,156.000,163.000,0.000,127.000,131.000,-0.161111,0.177778,-0.970793,97.156,111.914,97.406,7275.0
Arteaga_9_puntos_intento_10.mp4,2171,18091.667,True,156.000,163.000,0.000,127.000,131.000,-0.161111,0.177778,-0.970793,98.312,109.942,101.068,7302.0
Arteaga_9_puntos_intento_10.mp4,2172,18100.000,True,156.000,163.000,0.000,127.000,131.000,-0.161111,0.177778,-0.970793,97.684,111.007,101.989,7314.0
Arteaga_9_puntos_intento_10.mp4,2173,18108.333,True,156.000,163.000,0.000,128.000,132.000,-0.155556,0.172222,-0.972698,97.953,109.245,106.620,7205.5
Arteaga_9_puntos_intento_10.mp4,2174,18116.667,True,156.000,163.000,0.000,128.000,131.000,-0.155556,0.177778,-0.971698,98.351,107.492,110.367,7252.5
Arteaga_9_puntos_intento_10.mp4,2175,18125.000,True,156.000,163.000,0.000,128.000,132.000,-0.155556,0.172222,-0.972698,98.731,108.398,104.622,7295.0
Arteaga_9_puntos_intento_10.mp4,2176,18133.333,True,156.000,163.000,0.000,128.000,133.000,-0.155556,0.166667,-0.973666,104.238,109.229,82.488,7442.5
Arteaga_9_puntos_intento_10.mp4,2177,18141.667,True,156.000,163.000,0.000,138.000,125.000,-0.100000,0.211111,-0.972333,86.647,111.487,123.124,7076.0
Arteaga_9_puntos_intento_10.mp4,2178,18150.000,True,156.000,163.000,0.000,147.000,121.000,-0.050000,0.233333,-0.971110,86.318,110.756,125.530,7160.5
Arteaga_9_puntos_intento_10.mp4,2179,18158.333,True,156.000,163.000,0.000,155.000,118.000,-0.005556,0.250000,-0.968230,88.981,111.375,126.144,7422.0
Arteaga_9_puntos_intento_10.mp4,2180,18166.667,True,156.000,163.000,0.000,162.000,116.000,0.033333,0.261111,-0.964733,92.090,111.722,126.651,7606.0
Arteaga_9_puntos_intento_10.mp4,2181,18175.000,True,156.000,163.000,0.000,167.000,115.000,0.061111,0.266667,-0.961849,93.623,110.489,128.680,7752.0
Arteaga_9_puntos_intento_10.mp4,2182,18183.333,True,156.000,163.000,0.000,167.000,115.000,0.061111,0.266667,-0.961849,93.505,111.807,128.631,7751.5
Arteaga_9_puntos_intento_10.mp4,2183,18191.667,True,156.000,163.000,0.000,168.000,115.000,0.066667,0.266667,-0.961480,92.874,111.728,130.518,7802.0
Arteaga_9_puntos_intento_10.mp4,2184,18200.000,True,156.000,163.000,0.000,167.000,115.000,0.061111,0.266667,-0.961849,95.242,111.594,129.683,7860.0
Arteaga_9_puntos_intento_10.mp4,2185,18208.333,True,156.000,163.000,0.000,168.000,114.000,0.066667,0.272222,-0.959922,92.292,112.107,128.929,7797.5
Arteaga_9_puntos_intento_10.mp4,2186,18216.667,True,156.000,163.000,0.000,167.000,114.000,0.061111,0.272222,-0.960292,93.438,111.524,128.163,7802.5
Arteaga_9_puntos_intento_10.mp4,2187,18225.000,True,156.000,163.000,0.000,167.000,115.000,0.061111,0.266667,-0.961849,94.257,111.320,131.576,7802.0
Arteaga_9_puntos_intento_10.mp4,2188,18233.333,True,156.000,163.000,0.000,167.000,114.000,0.061111,0.272222,-0.960292,94.017,111.933,127.092,7846.0
Arteaga_9_puntos_intento_10.mp4,2189,18241.667,True,156.000,163.000,0.000,167.000,115.000,0.061111,0.266667,-0.961849,94.281,111.138,129.630,7819.5
Arteaga_9_puntos_intento_10.mp4,2190,18250.000,True,156.000,163.000,0.000,167.000,114.000,0.061111,0.272222,-0.960292,93.154,111.546,128.677,7837.0
Arteaga_9_puntos_intento_10.mp4,2191,18258.333,True,156.000,163.000,0.000,167.000,114.000,0.061111,0.272222,-0.960292,93.322,111.943,128.918,7850.0
Arteaga_9_puntos_intento_10.mp4,2192,18266.667,True,156.000,163.000,0.000,167.000,114.000,0.061111,0.272222,-0.960292,95.202,111.636,128.159,7867.5
Arteaga_9_puntos_intento_10.mp4,2193,18275.000,True,156.000,163.000,0.000,167.000,114.000,0.061111,0.272222,-0.960292,94.213,111.933,127.577,7856.5
Arteaga_9_puntos_intento_10.mp4,2194,18283.333,True,156.000,163.000,0.000,167.000,113.000,0.061111,0.277778,-0.958700,92.642,112.605,125.566,7882.0
Arteaga_9_puntos_intento_10.mp4,2195,18291.667,True,156.000,163.000,0.000,166.000,114.000,0.055556,0.272222,-0.960629,94.389,112.112,125.818,7821.0
Arteaga_9_puntos_intento_10.mp4,2196,18300.000,True,156.000,163.000,0.000,167.000,114.000,0.061111,0.272222,-0.960292,93.701,112.436,128.268,7873.0
Arteaga_9_puntos_intento_10.mp4,2197,18308.333,True,156.000,163.000,0.000,167.000,113.000,0.061111,0.277778,-0.958700,93.175,112.190,129.163,7896.5
Arteaga_9_puntos_intento_10.mp4,2198,18316.667,True,156.000,163.000,0.000,167.000,114.000,0.061111,0.272222,-0.960292,94.477,112.051,129.181,7914.5
Arteaga_9_puntos_intento_10.mp4,2199,18325.000,True,156.000,163.000,0.000,167.000,114.000,0.061111,0.272222,-0.960292,95.276,111.779,131.003,7926.5
Arteaga_9_puntos_intento_10.mp4,2200,18333.333,True,156.000,163.000,0.000,167.000,114.000,0.061111,0.272222,-0.960292,95.249,112.588,126.702,7975.5
Arteaga_9_puntos_intento_10.mp4,2201,18341.667,True,156.000,163.000,0.000,167.000,114.000,0.061111,0.272222,-0.960292,95.843,112.558,128.290,7946.0
Arteaga_9_puntos_intento_10.mp4,2202,18350.000,True,156.000,163.000,0.000,167.000,114.000,0.061111,0.272222,-0.960292,95.189,112.483,127.484,7957.0
Arteaga_9_puntos_intento_10.mp4,2203,18358.333,True,156.000,163.000,0.000,167.000,114.000,0.061111,0.272222,-0.960292,94.204,110.595,130.116,7745.5
Arteaga_9_puntos_intento_10.mp4,2204,18366.667,True,156.000,163.000,0.000,167.000,113.000,0.061111,0.277778,-0.958700,93.361,111.529,127.711,7740.5
Arteaga_9_puntos_intento_10.mp4,2205,18375.000,True,156.000,163.000,0.000,166.000,113.000,0.055556,0.277778,-0.959038,94.621,110.816,125.799,7717.5
Arteaga_9_puntos_intento_10.mp4,2206,18383.333,True,156.000,163.000,0.000,167.000,113.000,0.061111,0.277778,-0.958700,93.468,112.096,126.617,7789.5
Arteaga_9_puntos_intento_10.mp4,2207,18391.667,True,156.000,163.000,0.000,167.000,113.000,0.061111,0.277778,-0.958700,93.463,110.708,128.113,7766.5
Arteaga_9_puntos_intento_10.mp4,2208,18400.000,True,156.000,163.000,0.000,164.000,115.000,0.044444,0.266667,-0.962764,93.238,111.040,131.874,7757.0
Arteaga_9_puntos_intento_10.mp4,2209,18408.333,True,156.000,163.000,0.000,159.000,118.000,0.016667,0.250000,-0.968102,92.446,110.446,129.136,7555.5
Arteaga_9_puntos_intento_10.mp4,2210,18416.667,True,156.000,163.000,0.000,152.000,123.000,-0.022222,0.222222,-0.974743,90.618,108.592,127.792,7278.0
Arteaga_9_puntos_intento_10.mp4,2211,18425.000,True,156.000,163.000,0.000,143.000,127.000,-0.072222,0.200000,-0.977130,88.736,109.393,122.294,7198.0
Arteaga_9_puntos_intento_10.mp4,2212,18433.333,True,156.000,163.000,0.000,132.000,134.000,-0.133333,0.161111,-0.977888,99.158,109.247,96.435,7278.5
Arteaga_9_puntos_intento_10.mp4,2213,18441.667,True,156.000,163.000,0.000,130.000,134.000,-0.144444,0.161111,-0.976309,98.060,110.329,96.255,7203.0
Arteaga_9_puntos_intento_10.mp4,2214,18450.000,True,156.000,163.000,0.000,130.000,134.000,-0.144444,0.161111,-0.976309,98.464,109.910,101.567,7196.0
Arteaga_9_puntos_intento_10.mp4,2215,18458.333,True,156.000,163.000,0.000,129.000,134.000,-0.150000,0.161111,-0.975471,98.589,108.509,100.361,7135.0
Arteaga_9_puntos_intento_10.mp4,2216,18466.667,True,156.000,163.000,0.000,129.000,133.000,-0.150000,0.166667,-0.974537,96.422,111.440,100.257,7259.5
Arteaga_9_puntos_intento_10.mp4,2217,18475.000,True,156.000,163.000,0.000,129.000,133.000,-0.150000,0.166667,-0.974537,99.039,109.210,100.853,7196.0
Arteaga_9_puntos_intento_10.mp4,2218,18483.333,True,156.000,163.000,0.000,129.000,133.000,-0.150000,0.166667,-0.974537,98.091,110.279,102.136,7245.5
Arteaga_9_puntos_intento_10.mp4,2219,18491.667,True,156.000,163.000,0.000,129.000,135.000,-0.150000,0.155556,-0.976372,101.568,108.376,95.576,7267.0
Arteaga_9_puntos_intento_10.mp4,2220,18500.000,True,156.000,163.000,0.000,128.000,135.000,-0.155556,0.155556,-0.975502,103.616,109.137,92.595,7314.0
Arteaga_9_puntos_intento_10.mp4,2221,18508.333,True,156.000,163.000,0.000,128.000,135.000,-0.155556,0.155556,-0.975502,102.766,113.156,90.494,7569.5
Arteaga_9_puntos_intento_10.mp4,2222,18516.667,True,156.000,163.000,0.000,127.000,134.000,-0.161111,0.161111,-0.973697,102.017,113.756,85.250,7592.5
Arteaga_9_puntos_intento_10.mp4,2223,18525.000,True,156.000,163.000,0.000,127.000,135.000,-0.161111,0.155556,-0.974600,103.395,114.785,81.208,7584.0
Arteaga_9_puntos_intento_10.mp4,2224,18533.333,True,156.000,163.000,0.000,128.000,135.000,-0.155556,0.155556,-0.975502,103.037,111.278,84.306,7597.0
Arteaga_9_puntos_intento_10.mp4,2225,18541.667,True,155.000,163.000,0.000,127.000,134.000,-0.155556,0.161111,-0.974600,102.454,113.439,85.625,7583.5
Arteaga_9_puntos_intento_10.mp4,2226,18550.000,True,155.000,163.000,0.000,126.000,135.000,-0.161111,0.155556,-0.974600,104.016,115.325,77.539,7644.5
Arteaga_9_puntos_intento_10.mp4,2227,18558.333,True,155.000,163.000,0.000,127.000,134.000,-0.155556,0.161111,-0.974600,104.015,112.727,81.604,7625.0
Arteaga_9_puntos_intento_10.mp4,2228,18566.667,True,155.000,163.000,0.000,126.000,134.000,-0.161111,0.161111,-0.973697,104.329,113.741,77.654,7640.5
Arteaga_9_puntos_intento_10.mp4,2229,18575.000,True,155.000,163.000,0.000,128.000,134.000,-0.150000,0.161111,-0.975471,104.841,110.677,86.984,7543.5
Arteaga_9_puntos_intento_10.mp4,2230,18583.333,True,155.000,163.000,0.000,128.000,133.000,-0.150000,0.166667,-0.974537,102.579,111.347,90.618,7569.5
Arteaga_9_puntos_intento_10.mp4,2231,18591.667,True,155.000,163.000,0.000,127.000,133.000,-0.155556,0.166667,-0.973666,101.578,112.740,91.652,7601.5
Arteaga_9_puntos_intento_10.mp4,2232,18600.000,True,155.000,163.000,0.000,127.000,134.000,-0.155556,0.161111,-0.974600,103.853,114.831,82.807,7669.0
Arteaga_9_puntos_intento_10.mp4,2233,18608.333,True,155.000,163.000,0.000,128.000,134.000,-0.150000,0.161111,-0.975471,104.914,110.723,89.813,7602.0
Arteaga_9_puntos_intento_10.mp4,2234,18616.667,True,155.000,163.000,0.000,128.000,134.000,-0.150000,0.161111,-0.975471,106.053,109.921,98.685,7591.0
Arteaga_9_puntos_intento_10.mp4,2235,18625.000,True,155.000,163.000,0.000,128.000,134.000,-0.150000,0.161111,-0.975471,106.172,109.153,92.858,7598.0
Arteaga_9_puntos_intento_10.mp4,2236,18633.333,True,155.000,163.000,0.000,128.000,135.000,-0.150000,0.155556,-0.976372,106.550,108.502,68.610,7709.5
Arteaga_9_puntos_intento_10.mp4,2237,18641.667,True,155.000,163.000,0.000,128.000,134.000,-0.150000,0.161111,-0.975471,105.035,109.564,78.954,7527.0
Arteaga_9_puntos_intento_10.mp4,2238,18650.000,True,155.000,163.000,0.000,126.000,134.000,-0.161111,0.161111,-0.973697,104.106,114.480,79.082,7607.5
