,archivo,duracion_total_seg,conteo_fijaciones,conteo_sacadicos,frecuencia_fijaciones_hz,frecuencia_sacadicos_hz,duracion_media_fij_ms,duracion_media_sac_ms,amplitud_media_sac_deg,vel_media_fij_deg_s,vel_media_sac_deg_s,total_archivos_procesados
0,Victor3_intento_2_data,18.5,10.0,11.0,0.5405405405405406,0.5945945945945946,1606.6669000000002,100.00000000000017,8.347108082802938,3.1986332176188492,84.72078942134522,
1,Victor3_intento_3_data,18.5,11.0,12.0,0.5945945945945946,0.6486486486486487,1457.5757272727274,102.77775000000004,7.09090432682142,2.704986143682394,75.85939657443699,
2,Victor3_intento_5_data,18.5,9.0,9.0,0.4864864864864865,0.4864864864864865,1866.6668888888885,100.00000000000006,9.47703184832332,2.5509081911513865,95.15609536445108,
3,Victor3_intento_4_data,18.533333,10.0,10.0,0.5395683550282079,0.5395683550282079,1646.6665,100.0,8.744977150461184,2.8882093567100076,88.01768772826551,
4,Victor3_intento_1_data,18.533333,10.0,9.0,0.5395683550282079,0.48561151952538706,1686.6665999999998,100.0,10.280259590337774,2.4374340497154727,102.62811357601558,
PROMEDIO_GENERAL,,18.513333199999998,10.0,10.2,0.5401516663356074,0.550981920856665,1652.8485232323233,100.55555000000005,8.788056199749326,2.7560341917756217,89.27641653290286,5.0
