,offset_aplicado_ms,duracion_analizada_seg,conteo_fijaciones,conteo_sacadicos,conteo_parpadeos,frecuencia_fijaciones_hz,frecuencia_sacadicos_hz,duracion_media_fij_ms,duracion_media_sac_ms,duracion_media_parpadeo_ms,amplitud_media_sac_deg,vel_media_fij_deg_s,vel_media_sac_deg_s,total_archivos_procesados
Victor3_intento_1_data,500.0,18.033333,9.0,8.0,0.0,0.499075794807316,0.4436229287176142,1840.7406666666664,100.0,0.0,10.428268298605511,2.567215982008444,105.2326115136829,
Victor3_intento_2_data,500.0,18.0,10.0,10.0,0.0,0.5555555555555556,0.5555555555555556,1590.0002,100.00000000000018,0.0,8.77472136886007,3.070198409900633,88.96613394987,
Victor3_intento_3_data,500.0,18.0,10.0,11.0,0.0,0.5555555555555556,0.6111111111111112,1576.6666,103.03027272727277,0.0,7.296362461109064,2.8164389440615474,77.47025507366999,
Victor3_intento_4_data,500.0,18.033333,9.0,9.0,0.0,0.499075794807316,0.499075794807316,1796.296111111111,100.0,0.0,9.204992144608845,2.969536499264364,92.72851296029296,
Victor3_intento_5_data,500.0,18.0,9.0,9.0,0.0,0.5,0.5,1814.8149999999996,100.00000000000006,0.0,9.47703184832332,2.4328466308604066,95.15609536445109,
PROMEDIO_GENERAL,500.0,18.013333199999998,9.4,9.4,0.0,0.5218525401451487,0.5218730780383194,1723.7037155555554,100.60605454545461,0.0,9.036275224301361,2.771247293219079,91.91072177239339,5.0
