event_id,event_type,event_class,start_time_ms,end_time_ms,duration_ms,amplitude_deg,velocidad_promedio_deg_s
f_1,fijacion,fijacion_valida,500.0,2366.667,1866.667,0.0,3.4465929408639107
f_2,fijacion,fijacion_valida,2533.333,4433.333,1899.9999999999995,0.0,2.6941087894762874
f_3,fijacion,fijacion_valida,4600.0,6400.0,1800.0,0.0,2.1959954569715934
f_4,fijacion,fijacion_valida,6600.0,8433.333,1833.3330000000005,0.0,3.008021373064224
f_5,fijacion,fijacion_valida,8633.333,10500.0,1866.6669999999995,0.0,2.7518101949444924
f_6,fijacion,fijacion_valida,10666.667,12533.333,1866.666000000001,0.0,2.91574289693908
f_7,fijacion,fijacion_valida,12733.333,14533.333,1800.0,0.0,1.833993074697357
f_8,fijacion,fijacion_valida,14733.333,16633.333,1899.9999999999982,0.0,1.96254145164724
f_9,fijacion,fijacion_valida,16800.0,18533.333,1733.3329999999987,0.0,2.2961376594718117
