event_id,event_type,event_class,start_time_ms,end_time_ms,duration_ms,amplitude_deg,velocidad_promedio_deg_s
s_57,sacadico,sacadico,2400.0,2500.0,100.0,8.333916927467648,84.00912086442848
s_119,sacadico,sacadico,4466.667,4566.667,100.0,9.566828504483492,86.91428506228335
s_179,sacadico,sacadico,6466.667,6566.667,100.0,17.540654653872643,170.5598509393498
s_240,sacadico,sacadico,8500.0,8600.0,100.0,7.639118627415957,82.73411754819487
s_301,sacadico,sacadico,10533.333,10633.333,100.0,9.7964368810929,90.61265891955422
s_363,sacadico,sacadico,12600.0,12700.0,100.0,13.875555658669054,152.18493527878766
s_423,sacadico,sacadico,14600.0,14700.0,100.0,6.6201118852186465,80.6510017902828
s_485,sacadico,sacadico,16666.667,16766.667,100.0,10.05352325062375,94.19492170658204
