event_id,event_type,event_class,start_time_ms,end_time_ms,duration_ms,amplitude_deg,velocidad_promedio_deg_s
f_1,fijacion,fijacion_valida,500.0,2266.667,1766.667,0.0,1.4388123832757043
f_3,fijacion,fijacion_valida,2633.333,4333.333,1699.9999999999995,0.0,4.121201346011014
f_4,fijacion,fijacion_valida,4533.333,6366.667,1833.3340000000007,0.0,2.2952117025681367
f_5,fijacion,fijacion_valida,6566.667,8466.667,1899.999999999999,0.0,3.0522165684776
f_6,fijacion,fijacion_valida,8633.333,10500.0,1866.6669999999995,0.0,2.106836678666727
f_7,fijacion,fijacion_valida,10666.667,12566.667,1900.0,0.0,2.6457704535386646
f_8,fijacion,fijacion_valida,12766.667,14566.667,1800.0,0.0,1.90838309694447
f_9,fijacion,fijacion_valida,14733.333,16366.667,1633.333999999999,0.0,2.8655395327858253
f_10,fijacion,fijacion_valida,16566.667,18500.0,1933.3329999999987,0.0,1.461647915475518
