event_id,event_type,event_class,start_time_ms,end_time_ms,duration_ms,amplitude_deg,velocidad_promedio_deg_s
s_69,sacadico,sacadico,2333.333,2433.333,100.0,6.560453381242205,72.49202070404115
s_75,sacadico,sacadico,2533.333,2600.0,66.66699999999992,0.29905390289235617,57.712425931677785
s_131,sacadico,sacadico,4400.0,4500.0,100.0,7.374694981249648,86.94990856195574
s_192,sacadico,sacadico,6433.333,6533.333,100.0,17.594310502668588,162.62865576065224
s_254,sacadico,sacadico,8500.0,8600.0,100.0,7.327948208040143,77.194313071304
s_315,sacadico,sacadico,10533.333,10633.333,100.0,9.530734320603914,89.91056678656386
s_377,sacadico,sacadico,12600.0,12733.333,133.33300000000054,19.602665304183365,138.64335149599077
s_437,sacadico,sacadico,14600.0,14700.0,100.0,9.014071601924654,84.27300781866023
s_492,sacadico,sacadico,16433.333,16533.333,100.0,7.989354432105,86.600608149214
