video_name,frame_number,timestamp_ms,valid_deteccion,sphere_center_x,sphere_center_y,sphere_center_z,pupil_center_x,pupil_center_y,gaze_x,gaze_y,gaze_z,ellipse_width,ellipse_height,ellipse_angle,contour_area
Stephanie_9_puntos_intento_9.mp4,1,8.333,True,150.000,170.000,0.000,201.000,104.000,0.283333,0.366667,-0.886159,60.342,70.931,138.895,3290.5
Stephanie_9_puntos_intento_9.mp4,2,16.667,True,150.000,170.000,0.000,201.000,104.000,0.283333,0.366667,-0.886159,60.482,70.859,139.798,3332.5
Stephanie_9_puntos_intento_9.mp4,3,25.000,True,150.000,170.000,0.000,201.000,104.000,0.283333,0.366667,-0.886159,60.635,70.877,140.244,3302.0
Stephanie_9_puntos_intento_9.mp4,4,33.333,True,150.000,170.000,0.000,201.000,104.000,0.283333,0.366667,-0.886159,60.820,71.117,139.561,3332.5
Stephanie_9_puntos_intento_9.mp4,5,41.667,True,150.000,170.000,0.000,200.000,103.000,0.277778,0.372222,-0.885602,60.157,71.807,141.074,3296.5
Stephanie_9_puntos_intento_9.mp4,6,50.000,True,150.000,170.000,0.000,200.000,103.000,0.277778,0.372222,-0.885602,59.964,72.261,137.715,3309.0
Stephanie_9_puntos_intento_9.mp4,7,58.333,True,150.000,170.000,0.000,201.000,104.000,0.283333,0.366667,-0.886159,60.026,71.322,139.632,3290.5
Stephanie_9_puntos_intento_9.mp4,8,66.667,True,150.000,170.000,0.000,201.000,104.000,0.283333,0.366667,-0.886159,59.781,71.471,141.267,3290.0
Stephanie_9_puntos_intento_9.mp4,9,75.000,True,150.000,170.000,0.000,201.000,104.000,0.283333,0.366667,-0.886159,60.315,71.250,140.194,3287.0
Stephanie_9_puntos_intento_9.mp4,10,83.333,True,150.000,170.000,0.000,201.000,104.000,0.283333,0.366667,-0.886159,59.784,71.434,141.975,3282.0
Stephanie_9_puntos_intento_9.mp4,11,91.667,True,150.000,170.000,0.000,201.000,104.000,0.283333,0.366667,-0.886159,59.998,70.626,140.598,3237.5
Stephanie_9_puntos_intento_9.mp4,12,100.000,True,150.000,170.000,0.000,201.000,104.000,0.283333,0.366667,-0.886159,59.704,71.368,139.993,3262.0
Stephanie_9_puntos_intento_9.mp4,13,108.333,True,150.000,170.000,0.000,201.000,104.000,0.283333,0.366667,-0.886159,60.269,71.268,141.920,3289.0
Stephanie_9_puntos_intento_9.mp4,14,116.667,True,150.000,170.000,0.000,201.000,104.000,0.283333,0.366667,-0.886159,59.642,70.577,138.417,3268.0
Stephanie_9_puntos_intento_9.mp4,15,125.000,True,150.000,170.000,0.000,201.000,104.000,0.283333,0.366667,-0.886159,60.370,70.037,139.559,3243.0
Stephanie_9_puntos_intento_9.mp4,16,133.333,True,150.000,170.000,0.000,201.000,104.000,0.283333,0.366667,-0.886159,59.818,70.398,138.610,3239.0
Stephanie_9_puntos_intento_9.mp4,17,141.667,True,150.000,170.000,0.000,200.000,104.000,0.277778,0.366667,-0.887916,60.274,70.503,138.021,3254.0
Stephanie_9_puntos_intento_9.mp4,18,150.000,True,150.000,170.000,0.000,201.000,104.000,0.283333,0.366667,-0.886159,60.030,70.491,140.494,3261.5
Stephanie_9_puntos_intento_9.mp4,19,158.333,True,150.000,170.000,0.000,200.000,103.000,0.277778,0.372222,-0.885602,59.771,71.706,140.273,3291.5
Stephanie_9_puntos_intento_9.mp4,20,166.667,True,150.000,170.000,0.000,200.000,103.000,0.277778,0.372222,-0.885602,59.814,71.004,140.141,3279.0
Stephanie_9_puntos_intento_9.mp4,21,175.000,True,150.000,170.000,0.000,200.000,104.000,0.277778,0.366667,-0.887916,59.792,70.732,139.608,3251.5
Stephanie_9_puntos_intento_9.mp4,22,183.333,True,150.000,170.000,0.000,201.000,104.000,0.283333,0.366667,-0.886159,59.765,70.684,140.318,3257.0
Stephanie_9_puntos_intento_9.mp4,23,191.667,True,150.000,170.000,0.000,200.000,104.000,0.277778,0.366667,-0.887916,60.110,71.399,139.947,3265.5
Stephanie_9_puntos_intento_9.mp4,24,200.000,True,150.000,170.000,0.000,201.000,104.000,0.283333,0.366667,-0.886159,59.869,71.040,140.390,3268.0
Stephanie_9_puntos_intento_9.mp4,25,208.333,True,150.000,170.000,0.000,201.000,104.000,0.283333,0.366667,-0.886159,59.569,71.023,140.188,3232.0
Stephanie_9_puntos_intento_9.mp4,26,216.667,True,150.000,170.000,0.000,201.000,104.000,0.283333,0.366667,-0.886159,59.509,71.025,138.980,3245.0
Stephanie_9_puntos_intento_9.mp4,27,225.000,True,150.000,170.000,0.000,201.000,103.000,0.283333,0.372222,-0.883840,59.574,70.746,139.776,3235.0
Stephanie_9_puntos_intento_9.mp4,28,233.333,True,150.000,170.000,0.000,201.000,104.000,0.283333,0.366667,-0.886159,59.484,70.441,142.673,3218.5
Stephanie_9_puntos_intento_9.mp4,29,241.667,True,150.000,170.000,0.000,201.000,104.000,0.283333,0.366667,-0.886159,59.712,69.861,143.038,3246.5
Stephanie_9_puntos_intento_9.mp4,30,250.000,True,150.000,170.000,0.000,201.000,104.000,0.283333,0.366667,-0.886159,59.659,69.869,141.940,3234.0
Stephanie_9_puntos_intento_9.mp4,31,258.333,True,150.000,170.000,0.000,201.000,104.000,0.283333,0.366667,-0.886159,59.419,70.567,141.797,3217.5
Stephanie_9_puntos_intento_9.mp4,32,266.667,True,150.000,170.000,0.000,201.000,104.000,0.283333,0.366667,-0.886159,59.521,70.759,140.991,3241.5
Stephanie_9_puntos_intento_9.mp4,33,275.000,True,150.000,170.000,0.000,201.000,104.000,0.283333,0.366667,-0.886159,59.857,70.322,140.330,3249.0
Stephanie_9_puntos_intento_9.mp4,34,283.333,True,150.000,170.000,0.000,201.000,104.000,0.283333,0.366667,-0.886159,59.589,69.870,142.680,3238.0
Stephanie_9_puntos_intento_9.mp4,35,291.667,True,150.000,170.000,0.000,201.000,104.000,0.283333,0.366667,-0.886159,58.949,70.269,140.339,3226.0
Stephanie_9_puntos_intento_9.mp4,36,300.000,True,150.000,170.000,0.000,201.000,104.000,0.283333,0.366667,-0.886159,59.376,70.625,139.573,3243.5
Stephanie_9_puntos_intento_9.mp4,37,308.333,True,150.000,170.000,0.000,201.000,104.000,0.283333,0.366667,-0.886159,59.420,70.480,140.673,3195.0
Stephanie_9_puntos_intento_9.mp4,38,316.667,True,150.000,170.000,0.000,201.000,104.000,0.283333,0.366667,-0.886159,59.815,70.210,140.411,3248.5
Stephanie_9_puntos_intento_9.mp4,39,325.000,True,150.000,170.000,0.000,201.000,104.000,0.283333,0.366667,-0.886159,59.809,70.848,142.125,3232.0
Stephanie_9_puntos_intento_9.mp4,40,333.333,True,150.000,170.000,0.000,201.000,104.000,0.283333,0.366667,-0.886159,60.016,70.557,141.374,3245.5
Stephanie_9_puntos_intento_9.mp4,41,341.667,True,150.000,170.000,0.000,201.000,103.000,0.283333,0.372222,-0.883840,59.494,70.759,140.225,3224.0
Stephanie_9_puntos_intento_9.mp4,42,350.000,True,150.000,170.000,0.000,201.000,104.000,0.283333,0.366667,-0.886159,59.309,70.298,140.423,3246.5
Stephanie_9_puntos_intento_9.mp4,43,358.333,True,150.000,170.000,0.000,201.000,104.000,0.283333,0.366667,-0.886159,59.197,70.860,139.873,3226.0
Stephanie_9_puntos_intento_9.mp4,44,366.667,True,150.000,170.000,0.000,201.000,104.000,0.283333,0.366667,-0.886159,59.272,71.200,139.899,3252.5
Stephanie_9_puntos_intento_9.mp4,45,375.000,True,150.000,170.000,0.000,201.000,103.000,0.283333,0.372222,-0.883840,59.430,70.603,139.677,3236.5
Stephanie_9_puntos_intento_9.mp4,46,383.333,True,150.000,170.000,0.000,201.000,104.000,0.283333,0.366667,-0.886159,59.814,70.625,140.644,3264.5
Stephanie_9_puntos_intento_9.mp4,47,391.667,True,150.000,170.000,0.000,201.000,104.000,0.283333,0.366667,-0.886159,59.185,70.450,140.752,3225.5
Stephanie_9_puntos_intento_9.mp4,48,400.000,True,150.000,170.000,0.000,201.000,104.000,0.283333,0.366667,-0.886159,59.501,70.108,137.473,3220.0
Stephanie_9_puntos_intento_9.mp4,49,408.333,True,150.000,170.000,0.000,201.000,104.000,0.283333,0.366667,-0.886159,59.421,70.564,135.609,3243.5
Stephanie_9_puntos_intento_9.mp4,50,416.667,True,150.000,170.000,0.000,201.000,104.000,0.283333,0.366667,-0.886159,59.740,70.695,138.045,3252.5
Stephanie_9_puntos_intento_9.mp4,51,425.000,True,150.000,170.000,0.000,200.000,104.000,0.277778,0.366667,-0.887916,59.675,70.422,138.160,3230.5
Stephanie_9_puntos_intento_9.mp4,52,433.333,True,150.000,170.000,0.000,201.000,104.000,0.283333,0.366667,-0.886159,59.502,70.958,136.992,3265.0
Stephanie_9_puntos_intento_9.mp4,53,441.667,True,150.000,170.000,0.000,201.000,104.000,0.283333,0.366667,-0.886159,59.174,70.528,137.754,3234.5
Stephanie_9_puntos_intento_9.mp4,54,450.000,True,150.000,170.000,0.000,201.000,104.000,0.283333,0.366667,-0.886159,59.182,70.023,140.437,3219.5
Stephanie_9_puntos_intento_9.mp4,55,458.333,True,150.000,170.000,0.000,201.000,104.000,0.283333,0.366667,-0.886159,58.695,70.973,139.731,3214.0
Stephanie_9_puntos_intento_9.mp4,56,466.667,True,150.000,170.000,0.000,204.000,102.000,0.300000,0.377778,-0.875947,57.896,70.751,137.942,3157.0
Stephanie_9_puntos_intento_9.mp4,57,475.000,True,150.000,170.000,0.000,208.000,100.000,0.322222,0.388889,-0.863098,54.841,71.086,138.060,2990.0
Stephanie_9_puntos_intento_9.mp4,58,483.333,True,150.000,170.000,0.000,212.000,98.000,0.344444,0.400000,-0.849328,52.059,70.892,138.608,2824.5
Stephanie_9_puntos_intento_9.mp4,59,491.667,True,150.000,170.000,0.000,215.000,94.000,0.361111,0.422222,-0.831461,49.845,70.797,138.012,2678.5
Stephanie_9_puntos_intento_9.mp4,60,500.000,True,150.000,170.000,0.000,217.000,92.000,0.372222,0.433333,-0.820776,48.384,70.429,138.866,2578.5
Stephanie_9_puntos_intento_9.mp4,61,508.333,True,150.000,170.000,0.000,219.000,91.000,0.383333,0.438889,-0.812670,47.409,70.542,139.741,2530.5
Stephanie_9_puntos_intento_9.mp4,62,516.667,True,150.000,170.000,0.000,222.000,90.000,0.400000,0.444444,-0.801542,46.257,69.740,140.706,2443.5
Stephanie_9_puntos_intento_9.mp4,63,525.000,True,150.000,170.000,0.000,222.000,90.000,0.400000,0.444444,-0.801542,46.117,69.616,140.027,2438.0
Stephanie_9_puntos_intento_9.mp4,64,533.333,True,150.000,170.000,0.000,221.000,90.000,0.394444,0.444444,-0.804290,46.677,69.922,138.864,2462.0
Stephanie_9_puntos_intento_9.mp4,65,541.667,True,150.000,170.000,0.000,221.000,89.000,0.394444,0.450000,-0.801195,46.823,70.625,140.557,2482.5
Stephanie_9_puntos_intento_9.mp4,66,550.000,True,150.000,170.000,0.000,221.000,89.000,0.394444,0.450000,-0.801195,46.535,70.490,140.387,2475.0
Stephanie_9_puntos_intento_9.mp4,67,558.333,True,150.000,170.000,0.000,221.000,89.000,0.394444,0.450000,-0.801195,46.043,71.351,139.788,2458.0
Stephanie_9_puntos_intento_9.mp4,68,566.667,True,150.000,170.000,0.000,221.000,89.000,0.394444,0.450000,-0.801195,46.180,70.613,140.404,2457.5
Stephanie_9_puntos_intento_9.mp4,69,575.000,True,150.000,170.000,0.000,221.000,89.000,0.394444,0.450000,-0.801195,46.306,71.069,140.068,2469.0
Stephanie_9_puntos_intento_9.mp4,70,583.333,True,150.000,170.000,0.000,221.000,89.000,0.394444,0.450000,-0.801195,46.694,69.754,141.122,2457.0
Stephanie_9_puntos_intento_9.mp4,71,591.667,True,150.000,170.000,0.000,221.000,89.000,0.394444,0.450000,-0.801195,46.448,70.833,139.906,2467.5
Stephanie_9_puntos_intento_9.mp4,72,600.000,True,150.000,170.000,0.000,221.000,89.000,0.394444,0.450000,-0.801195,46.713,70.296,141.297,2473.0
Stephanie_9_puntos_intento_9.mp4,73,608.333,True,150.000,170.000,0.000,221.000,89.000,0.394444,0.450000,-0.801195,46.035,70.866,139.550,2456.5
Stephanie_9_puntos_intento_9.mp4,74,616.667,True,150.000,170.000,0.000,222.000,88.000,0.400000,0.455556,-0.795279,45.601,69.899,138.458,2406.0
Stephanie_9_puntos_intento_9.mp4,75,625.000,True,150.000,170.000,0.000,223.000,86.000,0.405556,0.466667,-0.785969,42.997,69.025,138.334,2230.0
Stephanie_9_puntos_intento_9.mp4,76,633.333,True,150.000,170.000,0.000,225.000,84.000,0.416667,0.477778,-0.773380,41.716,69.715,138.511,2152.5
Stephanie_9_puntos_intento_9.mp4,77,641.667,True,150.000,170.000,0.000,226.000,83.000,0.422222,0.483333,-0.766888,40.397,68.862,140.415,2051.0
Stephanie_9_puntos_intento_9.mp4,78,650.000,True,150.000,170.000,0.000,226.000,83.000,0.422222,0.483333,-0.766888,41.064,69.022,138.843,2075.5
Stephanie_9_puntos_intento_9.mp4,79,658.333,True,150.000,170.000,0.000,226.000,83.000,0.422222,0.483333,-0.766888,41.357,68.876,139.005,2101.0
Stephanie_9_puntos_intento_9.mp4,80,666.667,True,150.000,170.000,0.000,226.000,82.000,0.422222,0.488889,-0.763358,41.442,68.962,139.616,2087.5
Stephanie_9_puntos_intento_9.mp4,81,675.000,True,150.000,170.000,0.000,226.000,82.000,0.422222,0.488889,-0.763358,40.775,69.433,137.487,2062.0
Stephanie_9_puntos_intento_9.mp4,82,683.333,True,150.000,170.000,0.000,226.000,82.000,0.422222,0.488889,-0.763358,40.894,69.663,139.478,2081.5
Stephanie_9_puntos_intento_9.mp4,83,691.667,True,150.000,170.000,0.000,226.000,82.000,0.422222,0.488889,-0.763358,40.815,69.672,137.703,2075.5
Stephanie_9_puntos_intento_9.mp4,84,700.000,True,150.000,170.000,0.000,226.000,82.000,0.422222,0.488889,-0.763358,40.875,69.351,140.111,2078.0
Stephanie_9_puntos_intento_9.mp4,85,708.333,True,150.000,170.000,0.000,225.000,82.000,0.416667,0.488889,-0.766405,40.566,68.976,137.438,2056.0
Stephanie_9_puntos_intento_9.mp4,86,716.667,True,150.000,170.000,0.000,226.000,82.000,0.422222,0.488889,-0.763358,40.550,69.060,138.795,2067.0
Stephanie_9_puntos_intento_9.mp4,87,725.000,True,150.000,170.000,0.000,226.000,82.000,0.422222,0.488889,-0.763358,40.488,68.707,137.594,2062.5
Stephanie_9_puntos_intento_9.mp4,88,733.333,True,150.000,170.000,0.000,226.000,82.000,0.422222,0.488889,-0.763358,40.937,69.196,138.447,2079.0
Stephanie_9_puntos_intento_9.mp4,89,741.667,True,150.000,170.000,0.000,226.000,82.000,0.422222,0.488889,-0.763358,40.733,68.123,138.692,2058.5
Stephanie_9_puntos_intento_9.mp4,90,750.000,True,150.000,170.000,0.000,226.000,82.000,0.422222,0.488889,-0.763358,40.764,67.873,138.179,2059.5
Stephanie_9_puntos_intento_9.mp4,91,758.333,True,150.000,170.000,0.000,226.000,82.000,0.422222,0.488889,-0.763358,40.213,69.093,136.481,2053.5
Stephanie_9_puntos_intento_9.mp4,92,766.667,True,150.000,170.000,0.000,226.000,82.000,0.422222,0.488889,-0.763358,40.337,68.763,136.708,2056.0
Stephanie_9_puntos_intento_9.mp4,93,775.000,True,150.000,170.000,0.000,226.000,82.000,0.422222,0.488889,-0.763358,40.630,68.314,136.926,2050.0
Stephanie_9_puntos_intento_9.mp4,94,783.333,True,150.000,170.000,0.000,226.000,82.000,0.422222,0.488889,-0.763358,40.657,68.721,137.604,2071.5
Stephanie_9_puntos_intento_9.mp4,95,791.667,True,150.000,170.000,0.000,226.000,82.000,0.422222,0.488889,-0.763358,40.471,68.265,136.827,2050.5
Stephanie_9_puntos_intento_9.mp4,96,800.000,True,150.000,170.000,0.000,225.000,82.000,0.416667,0.488889,-0.766405,40.678,70.204,137.312,2078.0
Stephanie_9_puntos_intento_9.mp4,97,808.333,True,150.000,170.000,0.000,226.000,82.000,0.422222,0.488889,-0.763358,40.856,68.904,138.833,2060.0
Stephanie_9_puntos_intento_9.mp4,98,816.667,True,150.000,170.000,0.000,226.000,82.000,0.422222,0.488889,-0.763358,40.861,69.268,138.484,2067.0
Stephanie_9_puntos_intento_9.mp4,99,825.000,True,150.000,170.000,0.000,225.000,82.000,0.416667,0.488889,-0.766405,40.641,68.571,138.067,2051.0
Stephanie_9_puntos_intento_9.mp4,100,833.333,True,150.000,170.000,0.000,226.000,82.000,0.422222,0.488889,-0.763358,40.067,68.909,138.196,2047.0
Stephanie_9_puntos_intento_9.mp4,101,841.667,True,150.000,170.000,0.000,226.000,82.000,0.422222,0.488889,-0.763358,40.513,68.256,138.999,2044.0
Stephanie_9_puntos_intento_9.mp4,102,850.000,True,150.000,170.000,0.000,226.000,82.000,0.422222,0.488889,-0.763358,40.412,68.342,139.509,2049.5
Stephanie_9_puntos_intento_9.mp4,103,858.333,True,150.000,170.000,0.000,226.000,82.000,0.422222,0.488889,-0.763358,40.059,68.676,138.423,2025.0
Stephanie_9_puntos_intento_9.mp4,104,866.667,True,150.000,170.000,0.000,226.000,82.000,0.422222,0.488889,-0.763358,40.343,68.496,138.181,2059.5
Stephanie_9_puntos_intento_9.mp4,105,875.000,True,150.000,170.000,0.000,226.000,82.000,0.422222,0.488889,-0.763358,39.693,68.428,138.897,2025.0
Stephanie_9_puntos_intento_9.mp4,106,883.333,True,150.000,170.000,0.000,226.000,82.000,0.422222,0.488889,-0.763358,40.180,68.278,139.204,2038.5
Stephanie_9_puntos_intento_9.mp4,107,891.667,True,150.000,170.000,0.000,226.000,82.000,0.422222,0.488889,-0.763358,39.648,68.810,137.452,2021.0
Stephanie_9_puntos_intento_9.mp4,108,900.000,True,150.000,170.000,0.000,226.000,82.000,0.422222,0.488889,-0.763358,39.691,69.245,137.742,2015.5
Stephanie_9_puntos_intento_9.mp4,109,908.333,True,150.000,170.000,0.000,226.000,82.000,0.422222,0.488889,-0.763358,40.735,67.717,141.122,2018.0
Stephanie_9_puntos_intento_9.mp4,110,916.667,True,150.000,170.000,0.000,226.000,82.000,0.422222,0.488889,-0.763358,39.837,67.991,138.308,1991.5
Stephanie_9_puntos_intento_9.mp4,111,925.000,True,150.000,170.000,0.000,226.000,82.000,0.422222,0.488889,-0.763358,39.574,68.297,137.885,2000.0
Stephanie_9_puntos_intento_9.mp4,112,933.333,True,150.000,170.000,0.000,226.000,82.000,0.422222,0.488889,-0.763358,39.652,67.710,139.016,1983.5
Stephanie_9_puntos_intento_9.mp4,113,941.667,True,150.000,170.000,0.000,226.000,82.000,0.422222,0.488889,-0.763358,39.220,66.776,140.012,1961.5
Stephanie_9_puntos_intento_9.mp4,114,950.000,True,150.000,170.000,0.000,226.000,82.000,0.422222,0.488889,-0.763358,39.533,67.121,140.334,1968.0
Stephanie_9_puntos_intento_9.mp4,115,958.333,True,150.000,170.000,0.000,226.000,82.000,0.422222,0.488889,-0.763358,39.036,68.037,138.498,1959.5
Stephanie_9_puntos_intento_9.mp4,116,966.667,True,150.000,170.000,0.000,226.000,82.000,0.422222,0.488889,-0.763358,39.530,67.635,139.675,1959.5
Stephanie_9_puntos_intento_9.mp4,117,975.000,True,150.000,170.000,0.000,226.000,82.000,0.422222,0.488889,-0.763358,39.637,67.344,140.354,1946.5
Stephanie_9_puntos_intento_9.mp4,118,983.333,True,150.000,170.000,0.000,226.000,82.000,0.422222,0.488889,-0.763358,39.621,67.469,140.331,1969.5
Stephanie_9_puntos_intento_9.mp4,119,991.667,True,150.000,170.000,0.000,226.000,82.000,0.422222,0.488889,-0.763358,38.703,67.879,140.122,1923.0
Stephanie_9_puntos_intento_9.mp4,120,1000.000,True,150.000,170.000,0.000,226.000,82.000,0.422222,0.488889,-0.763358,39.250,67.866,138.714,1954.0
Stephanie_9_puntos_intento_9.mp4,121,1008.333,True,150.000,170.000,0.000,227.000,82.000,0.427778,0.488889,-0.760259,39.398,66.598,139.813,1934.5
Stephanie_9_puntos_intento_9.mp4,122,1016.667,True,150.000,170.000,0.000,227.000,82.000,0.427778,0.488889,-0.760259,39.733,66.899,137.818,1969.5
Stephanie_9_puntos_intento_9.mp4,123,1025.000,True,150.000,170.000,0.000,227.000,82.000,0.427778,0.488889,-0.760259,38.914,66.921,138.564,1917.0
Stephanie_9_puntos_intento_9.mp4,124,1033.333,True,150.000,170.000,0.000,226.000,82.000,0.422222,0.488889,-0.763358,38.936,67.353,137.933,1924.5
Stephanie_9_puntos_intento_9.mp4,125,1041.667,True,150.000,170.000,0.000,226.000,82.000,0.422222,0.488889,-0.763358,38.871,67.303,137.934,1917.0
Stephanie_9_puntos_intento_9.mp4,126,1050.000,True,150.000,170.000,0.000,227.000,82.000,0.427778,0.488889,-0.760259,39.559,65.909,138.453,1931.0
Stephanie_9_puntos_intento_9.mp4,127,1058.333,True,150.000,170.000,0.000,226.000,82.000,0.422222,0.488889,-0.763358,38.677,67.381,137.636,1914.0
Stephanie_9_puntos_intento_9.mp4,128,1066.667,True,150.000,170.000,0.000,227.000,82.000,0.427778,0.488889,-0.760259,38.973,66.162,139.532,1905.0
Stephanie_9_puntos_intento_9.mp4,129,1075.000,True,150.000,170.000,0.000,227.000,82.000,0.427778,0.488889,-0.760259,38.959,66.024,138.788,1892.0
Stephanie_9_puntos_intento_9.mp4,130,1083.333,True,150.000,170.000,0.000,227.000,82.000,0.427778,0.488889,-0.760259,38.906,65.900,138.400,1886.5
Stephanie_9_puntos_intento_9.mp4,131,1091.667,True,150.000,170.000,0.000,227.000,82.000,0.427778,0.488889,-0.760259,38.651,66.039,139.477,1898.5
Stephanie_9_puntos_intento_9.mp4,132,1100.000,True,150.000,170.000,0.000,227.000,82.000,0.427778,0.488889,-0.760259,38.564,65.721,140.365,1887.5
Stephanie_9_puntos_intento_9.mp4,133,1108.333,True,150.000,170.000,0.000,227.000,82.000,0.427778,0.488889,-0.760259,38.113,65.337,139.999,1847.0
Stephanie_9_puntos_intento_9.mp4,134,1116.667,True,150.000,170.000,0.000,227.000,82.000,0.427778,0.488889,-0.760259,37.886,65.735,139.917,1856.5
Stephanie_9_puntos_intento_9.mp4,135,1125.000,True,150.000,170.000,0.000,227.000,83.000,0.427778,0.483333,-0.763803,38.453,64.923,139.626,1872.5
Stephanie_9_puntos_intento_9.mp4,136,1133.333,True,150.000,170.000,0.000,227.000,82.000,0.427778,0.488889,-0.760259,38.476,65.702,138.638,1880.0
Stephanie_9_puntos_intento_9.mp4,137,1141.667,True,150.000,170.000,0.000,227.000,82.000,0.427778,0.488889,-0.760259,37.833,65.574,140.876,1843.5
Stephanie_9_puntos_intento_9.mp4,138,1150.000,True,150.000,170.000,0.000,227.000,82.000,0.427778,0.488889,-0.760259,37.643,66.146,139.029,1838.0
Stephanie_9_puntos_intento_9.mp4,139,1158.333,True,150.000,170.000,0.000,227.000,82.000,0.427778,0.488889,-0.760259,38.104,64.847,138.819,1855.0
Stephanie_9_puntos_intento_9.mp4,140,1166.667,True,150.000,170.000,0.000,227.000,82.000,0.427778,0.488889,-0.760259,37.805,65.597,138.125,1827.0
Stephanie_9_puntos_intento_9.mp4,141,1175.000,True,150.000,170.000,0.000,227.000,82.000,0.427778,0.488889,-0.760259,37.452,65.283,139.240,1800.5
Stephanie_9_puntos_intento_9.mp4,142,1183.333,True,150.000,170.000,0.000,227.000,82.000,0.427778,0.488889,-0.760259,37.629,65.769,139.354,1819.0
Stephanie_9_puntos_intento_9.mp4,143,1191.667,True,150.000,170.000,0.000,227.000,82.000,0.427778,0.488889,-0.760259,37.494,66.034,139.544,1818.0
Stephanie_9_puntos_intento_9.mp4,144,1200.000,True,150.000,170.000,0.000,227.000,82.000,0.427778,0.488889,-0.760259,37.593,64.886,139.738,1820.5
Stephanie_9_puntos_intento_9.mp4,145,1208.333,True,150.000,170.000,0.000,227.000,82.000,0.427778,0.488889,-0.760259,37.405,64.075,139.214,1783.0
Stephanie_9_puntos_intento_9.mp4,146,1216.667,True,150.000,170.000,0.000,227.000,82.000,0.427778,0.488889,-0.760259,37.194,65.035,138.413,1795.0
Stephanie_9_puntos_intento_9.mp4,147,1225.000,True,150.000,170.000,0.000,227.000,82.000,0.427778,0.488889,-0.760259,37.320,64.852,138.236,1794.5
Stephanie_9_puntos_intento_9.mp4,148,1233.333,True,150.000,170.000,0.000,227.000,82.000,0.427778,0.488889,-0.760259,36.890,64.907,138.793,1757.0
Stephanie_9_puntos_intento_9.mp4,149,1241.667,True,150.000,170.000,0.000,227.000,82.000,0.427778,0.488889,-0.760259,36.922,63.949,139.349,1765.5
Stephanie_9_puntos_intento_9.mp4,150,1250.000,True,150.000,170.000,0.000,227.000,82.000,0.427778,0.488889,-0.760259,37.234,63.522,139.481,1759.0
Stephanie_9_puntos_intento_9.mp4,151,1258.333,True,150.000,170.000,0.000,227.000,82.000,0.427778,0.488889,-0.760259,36.965,63.220,140.058,1764.5
Stephanie_9_puntos_intento_9.mp4,152,1266.667,True,150.000,170.000,0.000,227.000,82.000,0.427778,0.488889,-0.760259,36.799,64.380,138.350,1760.5
Stephanie_9_puntos_intento_9.mp4,153,1275.000,True,150.000,170.000,0.000,227.000,82.000,0.427778,0.488889,-0.760259,36.855,62.900,138.988,1742.0
Stephanie_9_puntos_intento_9.mp4,154,1283.333,True,150.000,170.000,0.000,227.000,82.000,0.427778,0.488889,-0.760259,36.808,64.220,139.069,1744.0
Stephanie_9_puntos_intento_9.mp4,155,1291.667,True,150.000,170.000,0.000,227.000,82.000,0.427778,0.488889,-0.760259,36.591,63.629,137.979,1720.5
Stephanie_9_puntos_intento_9.mp4,156,1300.000,True,150.000,170.000,0.000,227.000,82.000,0.427778,0.488889,-0.760259,36.691,62.773,138.427,1725.5
Stephanie_9_puntos_intento_9.mp4,157,1308.333,True,150.000,170.000,0.000,227.000,82.000,0.427778,0.488889,-0.760259,36.298,62.656,138.908,1695.5
Stephanie_9_puntos_intento_9.mp4,158,1316.667,True,150.000,170.000,0.000,227.000,82.000,0.427778,0.488889,-0.760259,36.286,63.268,138.382,1691.5
Stephanie_9_puntos_intento_9.mp4,159,1325.000,True,150.000,170.000,0.000,227.000,82.000,0.427778,0.488889,-0.760259,36.280,63.035,138.862,1707.5
Stephanie_9_puntos_intento_9.mp4,160,1333.333,True,150.000,170.000,0.000,227.000,82.000,0.427778,0.488889,-0.760259,36.113,63.505,138.350,1695.0
Stephanie_9_puntos_intento_9.mp4,161,1341.667,True,150.000,170.000,0.000,227.000,82.000,0.427778,0.488889,-0.760259,36.302,63.233,137.848,1688.5
Stephanie_9_puntos_intento_9.mp4,162,1350.000,True,150.000,170.000,0.000,227.000,82.000,0.427778,0.488889,-0.760259,36.587,63.500,137.783,1705.0
Stephanie_9_puntos_intento_9.mp4,163,1358.333,True,150.000,170.000,0.000,227.000,82.000,0.427778,0.488889,-0.760259,36.190,63.339,137.824,1689.5
Stephanie_9_puntos_intento_9.mp4,164,1366.667,True,150.000,170.000,0.000,227.000,82.000,0.427778,0.488889,-0.760259,35.624,63.745,138.244,1681.5
Stephanie_9_puntos_intento_9.mp4,165,1375.000,True,150.000,170.000,0.000,227.000,82.000,0.427778,0.488889,-0.760259,35.682,62.981,137.498,1674.0
Stephanie_9_puntos_intento_9.mp4,166,1383.333,True,150.000,170.000,0.000,227.000,82.000,0.427778,0.488889,-0.760259,35.885,62.145,138.506,1665.0
Stephanie_9_puntos_intento_9.mp4,167,1391.667,True,150.000,170.000,0.000,227.000,82.000,0.427778,0.488889,-0.760259,35.839,62.749,136.990,1666.0
Stephanie_9_puntos_intento_9.mp4,168,1400.000,True,150.000,170.000,0.000,227.000,82.000,0.427778,0.488889,-0.760259,36.235,62.336,138.091,1674.0
Stephanie_9_puntos_intento_9.mp4,169,1408.333,True,150.000,170.000,0.000,227.000,82.000,0.427778,0.488889,-0.760259,36.239,62.354,137.821,1659.5
Stephanie_9_puntos_intento_9.mp4,170,1416.667,True,150.000,170.000,0.000,227.000,82.000,0.427778,0.488889,-0.760259,36.117,62.205,137.482,1673.0
Stephanie_9_puntos_intento_9.mp4,171,1425.000,True,150.000,170.000,0.000,227.000,82.000,0.427778,0.488889,-0.760259,36.064,61.808,138.169,1669.0
Stephanie_9_puntos_intento_9.mp4,172,1433.333,True,150.000,170.000,0.000,227.000,82.000,0.427778,0.488889,-0.760259,35.746,61.399,138.244,1640.5
Stephanie_9_puntos_intento_9.mp4,173,1441.667,True,150.000,170.000,0.000,227.000,82.000,0.427778,0.488889,-0.760259,35.353,61.670,136.823,1642.0
Stephanie_9_puntos_intento_9.mp4,174,1450.000,True,150.000,170.000,0.000,227.000,82.000,0.427778,0.488889,-0.760259,35.879,62.243,138.013,1651.0
Stephanie_9_puntos_intento_9.mp4,175,1458.333,True,150.000,170.000,0.000,227.000,82.000,0.427778,0.488889,-0.760259,35.585,61.488,139.000,1641.0
Stephanie_9_puntos_intento_9.mp4,176,1466.667,True,150.000,170.000,0.000,227.000,82.000,0.427778,0.488889,-0.760259,35.617,60.727,138.312,1621.5
Stephanie_9_puntos_intento_9.mp4,177,1475.000,True,150.000,170.000,0.000,227.000,82.000,0.427778,0.488889,-0.760259,35.837,61.278,138.602,1636.5
Stephanie_9_puntos_intento_9.mp4,178,1483.333,True,150.000,170.000,0.000,227.000,82.000,0.427778,0.488889,-0.760259,35.745,62.234,137.450,1634.5
Stephanie_9_puntos_intento_9.mp4,179,1491.667,True,150.000,170.000,0.000,227.000,82.000,0.427778,0.488889,-0.760259,35.814,60.831,138.186,1627.5
Stephanie_9_puntos_intento_9.mp4,180,1500.000,True,150.000,170.000,0.000,227.000,82.000,0.427778,0.488889,-0.760259,35.491,61.388,137.436,1631.0
Stephanie_9_puntos_intento_9.mp4,181,1508.333,True,150.000,170.000,0.000,227.000,82.000,0.427778,0.488889,-0.760259,35.483,62.079,138.319,1630.0
Stephanie_9_puntos_intento_9.mp4,182,1516.667,True,150.000,170.000,0.000,227.000,82.000,0.427778,0.488889,-0.760259,35.964,61.284,138.273,1621.5
Stephanie_9_puntos_intento_9.mp4,183,1525.000,True,150.000,170.000,0.000,227.000,82.000,0.427778,0.488889,-0.760259,35.519,60.803,137.443,1613.5
Stephanie_9_puntos_intento_9.mp4,184,1533.333,True,150.000,170.000,0.000,227.000,82.000,0.427778,0.488889,-0.760259,35.400,61.352,138.700,1616.0
Stephanie_9_puntos_intento_9.mp4,185,1541.667,True,150.000,170.000,0.000,227.000,82.000,0.427778,0.488889,-0.760259,35.636,61.011,139.220,1610.0
Stephanie_9_puntos_intento_9.mp4,186,1550.000,True,150.000,170.000,0.000,227.000,82.000,0.427778,0.488889,-0.760259,35.391,61.227,138.863,1612.0
Stephanie_9_puntos_intento_9.mp4,187,1558.333,True,150.000,170.000,0.000,227.000,82.000,0.427778,0.488889,-0.760259,35.297,60.454,137.732,1610.0
Stephanie_9_puntos_intento_9.mp4,188,1566.667,True,150.000,170.000,0.000,227.000,82.000,0.427778,0.488889,-0.760259,35.589,60.915,139.025,1618.5
Stephanie_9_puntos_intento_9.mp4,189,1575.000,True,150.000,170.000,0.000,227.000,82.000,0.427778,0.488889,-0.760259,35.383,60.357,138.859,1589.0
Stephanie_9_puntos_intento_9.mp4,190,1583.333,True,150.000,170.000,0.000,227.000,82.000,0.427778,0.488889,-0.760259,35.550,61.049,139.213,1605.0
Stephanie_9_puntos_intento_9.mp4,191,1591.667,True,150.000,170.000,0.000,227.000,82.000,0.427778,0.488889,-0.760259,35.324,60.390,140.264,1582.0
Stephanie_9_puntos_intento_9.mp4,192,1600.000,True,150.000,170.000,0.000,228.000,82.000,0.433333,0.488889,-0.757106,35.256,60.266,139.404,1588.0
Stephanie_9_puntos_intento_9.mp4,193,1608.333,True,150.000,170.000,0.000,228.000,82.000,0.433333,0.488889,-0.757106,35.637,59.715,137.628,1592.5
Stephanie_9_puntos_intento_9.mp4,194,1616.667,True,150.000,170.000,0.000,227.000,82.000,0.427778,0.488889,-0.760259,35.081,62.014,137.210,1607.5
Stephanie_9_puntos_intento_9.mp4,195,1625.000,True,150.000,170.000,0.000,227.000,82.000,0.427778,0.488889,-0.760259,34.888,61.316,139.799,1607.5
Stephanie_9_puntos_intento_9.mp4,196,1633.333,True,150.000,170.000,0.000,227.000,82.000,0.427778,0.488889,-0.760259,35.742,60.210,137.938,1601.0
Stephanie_9_puntos_intento_9.mp4,197,1641.667,True,150.000,170.000,0.000,228.000,82.000,0.433333,0.488889,-0.757106,35.501,59.652,138.768,1597.5
Stephanie_9_puntos_intento_9.mp4,198,1650.000,True,150.000,170.000,0.000,228.000,82.000,0.433333,0.488889,-0.757106,35.089,60.122,138.186,1590.0
Stephanie_9_puntos_intento_9.mp4,199,1658.333,True,150.000,170.000,0.000,228.000,82.000,0.433333,0.488889,-0.757106,34.689,60.158,138.361,1571.0
Stephanie_9_puntos_intento_9.mp4,200,1666.667,True,150.000,170.000,0.000,228.000,82.000,0.433333,0.488889,-0.757106,35.741,60.218,139.144,1591.5
Stephanie_9_puntos_intento_9.mp4,201,1675.000,True,150.000,170.000,0.000,227.000,82.000,0.427778,0.488889,-0.760259,35.070,60.322,139.428,1570.5
Stephanie_9_puntos_intento_9.mp4,202,1683.333,True,150.000,170.000,0.000,228.000,82.000,0.433333,0.488889,-0.757106,34.964,60.653,139.154,1584.0
Stephanie_9_puntos_intento_9.mp4,203,1691.667,True,150.000,170.000,0.000,228.000,82.000,0.433333,0.488889,-0.757106,35.288,59.875,137.978,1595.5
Stephanie_9_puntos_intento_9.mp4,204,1700.000,True,150.000,170.000,0.000,228.000,82.000,0.433333,0.488889,-0.757106,35.014,60.274,138.918,1584.0
Stephanie_9_puntos_intento_9.mp4,205,1708.333,True,150.000,170.000,0.000,227.000,82.000,0.427778,0.488889,-0.760259,34.927,60.134,137.663,1572.5
Stephanie_9_puntos_intento_9.mp4,206,1716.667,True,150.000,170.000,0.000,227.000,82.000,0.427778,0.488889,-0.760259,35.164,60.140,138.666,1570.5
Stephanie_9_puntos_intento_9.mp4,207,1725.000,True,150.000,170.000,0.000,228.000,82.000,0.433333,0.488889,-0.757106,34.843,59.582,138.233,1559.5
Stephanie_9_puntos_intento_9.mp4,208,1733.333,True,150.000,170.000,0.000,227.000,82.000,0.427778,0.488889,-0.760259,34.894,59.806,137.400,1572.0
Stephanie_9_puntos_intento_9.mp4,209,1741.667,True,150.000,170.000,0.000,228.000,82.000,0.433333,0.488889,-0.757106,34.670,59.768,139.186,1570.5
Stephanie_9_puntos_intento_9.mp4,210,1750.000,True,150.000,170.000,0.000,228.000,82.000,0.433333,0.488889,-0.757106,35.055,59.798,138.609,1564.0
Stephanie_9_puntos_intento_9.mp4,211,1758.333,True,150.000,170.000,0.000,228.000,82.000,0.433333,0.488889,-0.757106,35.308,59.705,138.887,1581.0
Stephanie_9_puntos_intento_9.mp4,212,1766.667,True,150.000,170.000,0.000,227.000,82.000,0.427778,0.488889,-0.760259,35.197,60.056,137.117,1579.0
Stephanie_9_puntos_intento_9.mp4,213,1775.000,True,150.000,170.000,0.000,228.000,82.000,0.433333,0.488889,-0.757106,34.856,59.658,138.948,1559.0
Stephanie_9_puntos_intento_9.mp4,214,1783.333,True,150.000,170.000,0.000,228.000,82.000,0.433333,0.488889,-0.757106,35.097,60.160,138.096,1564.5
Stephanie_9_puntos_intento_9.mp4,215,1791.667,True,150.000,170.000,0.000,228.000,82.000,0.433333,0.488889,-0.757106,34.886,59.575,138.870,1557.0
Stephanie_9_puntos_intento_9.mp4,216,1800.000,True,150.000,170.000,0.000,228.000,82.000,0.433333,0.488889,-0.757106,34.924,60.058,137.803,1555.0
Stephanie_9_puntos_intento_9.mp4,217,1808.333,True,150.000,170.000,0.000,228.000,82.000,0.433333,0.488889,-0.757106,34.707,59.816,138.019,1544.5
Stephanie_9_puntos_intento_9.mp4,218,1816.667,True,150.000,170.000,0.000,228.000,82.000,0.433333,0.488889,-0.757106,34.899,59.530,138.618,1576.0
Stephanie_9_puntos_intento_9.mp4,219,1825.000,True,150.000,170.000,0.000,228.000,82.000,0.433333,0.488889,-0.757106,35.125,59.710,138.334,1572.5
Stephanie_9_puntos_intento_9.mp4,220,1833.333,True,150.000,170.000,0.000,228.000,82.000,0.433333,0.488889,-0.757106,35.226,58.960,140.037,1562.0
Stephanie_9_puntos_intento_9.mp4,221,1841.667,True,150.000,170.000,0.000,228.000,82.000,0.433333,0.488889,-0.757106,34.775,59.587,138.029,1548.0
Stephanie_9_puntos_intento_9.mp4,222,1850.000,True,150.000,170.000,0.000,228.000,82.000,0.433333,0.488889,-0.757106,34.372,59.103,139.935,1544.0
Stephanie_9_puntos_intento_9.mp4,223,1858.333,True,150.000,170.000,0.000,228.000,82.000,0.433333,0.488889,-0.757106,34.421,58.876,138.785,1543.5
Stephanie_9_puntos_intento_9.mp4,224,1866.667,True,150.000,170.000,0.000,228.000,82.000,0.433333,0.488889,-0.757106,34.911,59.228,138.203,1556.0
Stephanie_9_puntos_intento_9.mp4,225,1875.000,True,150.000,170.000,0.000,228.000,82.000,0.433333,0.488889,-0.757106,34.753,59.462,139.198,1547.0
Stephanie_9_puntos_intento_9.mp4,226,1883.333,True,150.000,170.000,0.000,228.000,82.000,0.433333,0.488889,-0.757106,34.688,59.141,139.302,1554.5
Stephanie_9_puntos_intento_9.mp4,227,1891.667,True,150.000,170.000,0.000,228.000,82.000,0.433333,0.488889,-0.757106,34.898,58.761,137.891,1549.0
Stephanie_9_puntos_intento_9.mp4,228,1900.000,True,150.000,170.000,0.000,228.000,82.000,0.433333,0.488889,-0.757106,34.772,59.200,139.729,1550.5
Stephanie_9_puntos_intento_9.mp4,229,1908.333,True,150.000,170.000,0.000,228.000,82.000,0.433333,0.488889,-0.757106,35.269,58.720,137.986,1567.0
Stephanie_9_puntos_intento_9.mp4,230,1916.667,True,150.000,170.000,0.000,228.000,82.000,0.433333,0.488889,-0.757106,34.703,60.051,139.133,1568.0
Stephanie_9_puntos_intento_9.mp4,231,1925.000,True,150.000,170.000,0.000,228.000,82.000,0.433333,0.488889,-0.757106,34.454,59.962,139.189,1546.0
Stephanie_9_puntos_intento_9.mp4,232,1933.333,True,150.000,170.000,0.000,228.000,82.000,0.433333,0.488889,-0.757106,34.534,60.794,137.480,1550.0
Stephanie_9_puntos_intento_9.mp4,233,1941.667,True,150.000,170.000,0.000,228.000,83.000,0.433333,0.483333,-0.760665,34.444,60.330,140.247,1551.0
Stephanie_9_puntos_intento_9.mp4,234,1950.000,True,150.000,170.000,0.000,228.000,82.000,0.433333,0.488889,-0.757106,34.565,60.204,138.603,1547.5
Stephanie_9_puntos_intento_9.mp4,235,1958.333,True,150.000,170.000,0.000,228.000,82.000,0.433333,0.488889,-0.757106,34.847,59.827,137.532,1555.5
Stephanie_9_puntos_intento_9.mp4,236,1966.667,True,150.000,170.000,0.000,228.000,82.000,0.433333,0.488889,-0.757106,34.833,59.366,138.321,1547.5
Stephanie_9_puntos_intento_9.mp4,237,1975.000,True,150.000,170.000,0.000,228.000,82.000,0.433333,0.488889,-0.757106,34.624,60.127,137.583,1542.5
Stephanie_9_puntos_intento_9.mp4,238,1983.333,True,150.000,170.000,0.000,228.000,82.000,0.433333,0.488889,-0.757106,34.458,59.445,140.612,1549.5
Stephanie_9_puntos_intento_9.mp4,239,1991.667,True,150.000,170.000,0.000,228.000,83.000,0.433333,0.483333,-0.760665,34.550,59.096,140.188,1560.5
Stephanie_9_puntos_intento_9.mp4,240,2000.000,True,150.000,170.000,0.000,228.000,82.000,0.433333,0.488889,-0.757106,34.933,59.690,139.042,1564.5
Stephanie_9_puntos_intento_9.mp4,241,2008.333,True,150.000,170.000,0.000,228.000,82.000,0.433333,0.488889,-0.757106,35.006,59.732,139.439,1551.5
Stephanie_9_puntos_intento_9.mp4,242,2016.667,True,150.000,170.000,0.000,227.000,82.000,0.427778,0.488889,-0.760259,34.529,60.039,138.788,1544.5
Stephanie_9_puntos_intento_9.mp4,243,2025.000,True,150.000,170.000,0.000,228.000,82.000,0.433333,0.488889,-0.757106,34.745,60.163,138.202,1555.0
Stephanie_9_puntos_intento_9.mp4,244,2033.333,True,150.000,170.000,0.000,228.000,82.000,0.433333,0.488889,-0.757106,34.943,59.996,138.435,1568.5
Stephanie_9_puntos_intento_9.mp4,245,2041.667,True,150.000,170.000,0.000,228.000,82.000,0.433333,0.488889,-0.757106,34.725,60.317,137.198,1560.0
Stephanie_9_puntos_intento_9.mp4,246,2050.000,True,150.000,170.000,0.000,228.000,82.000,0.433333,0.488889,-0.757106,34.296,60.328,137.380,1547.0
Stephanie_9_puntos_intento_9.mp4,247,2058.333,True,150.000,170.000,0.000,228.000,82.000,0.433333,0.488889,-0.757106,35.117,59.573,137.697,1555.0
Stephanie_9_puntos_intento_9.mp4,248,2066.667,True,150.000,170.000,0.000,228.000,82.000,0.433333,0.488889,-0.757106,34.175,59.455,138.727,1541.5
Stephanie_9_puntos_intento_9.mp4,249,2075.000,True,150.000,170.000,0.000,228.000,82.000,0.433333,0.488889,-0.757106,34.614,59.328,141.009,1546.0
Stephanie_9_puntos_intento_9.mp4,250,2083.333,True,150.000,170.000,0.000,228.000,82.000,0.433333,0.488889,-0.757106,34.425,59.615,138.952,1548.0
Stephanie_9_puntos_intento_9.mp4,251,2091.667,True,150.000,170.000,0.000,228.000,82.000,0.433333,0.488889,-0.757106,34.911,59.358,138.948,1540.5
Stephanie_9_puntos_intento_9.mp4,252,2100.000,True,150.000,170.000,0.000,228.000,83.000,0.433333,0.483333,-0.760665,34.906,59.094,139.523,1541.5
Stephanie_9_puntos_intento_9.mp4,253,2108.333,True,150.000,170.000,0.000,228.000,82.000,0.433333,0.488889,-0.757106,34.582,59.244,138.359,1522.0
Stephanie_9_puntos_intento_9.mp4,254,2116.667,True,150.000,170.000,0.000,228.000,83.000,0.433333,0.483333,-0.760665,34.213,59.624,136.354,1536.0
Stephanie_9_puntos_intento_9.mp4,255,2125.000,True,150.000,170.000,0.000,228.000,82.000,0.433333,0.488889,-0.757106,34.555,59.032,137.495,1530.0
Stephanie_9_puntos_intento_9.mp4,256,2133.333,True,150.000,170.000,0.000,228.000,82.000,0.433333,0.488889,-0.757106,34.819,58.790,138.089,1543.0
Stephanie_9_puntos_intento_9.mp4,257,2141.667,True,150.000,170.000,0.000,228.000,82.000,0.433333,0.488889,-0.757106,34.419,58.974,137.786,1515.5
Stephanie_9_puntos_intento_9.mp4,258,2150.000,True,150.000,170.000,0.000,228.000,82.000,0.433333,0.488889,-0.757106,34.294,58.771,138.059,1518.5
Stephanie_9_puntos_intento_9.mp4,259,2158.333,True,150.000,170.000,0.000,228.000,82.000,0.433333,0.488889,-0.757106,33.892,58.872,139.004,1505.5
Stephanie_9_puntos_intento_9.mp4,260,2166.667,True,150.000,170.000,0.000,228.000,82.000,0.433333,0.488889,-0.757106,34.237,59.655,137.899,1504.0
Stephanie_9_puntos_intento_9.mp4,261,2175.000,True,150.000,170.000,0.000,228.000,82.000,0.433333,0.488889,-0.757106,34.244,58.818,137.562,1500.0
Stephanie_9_puntos_intento_9.mp4,262,2183.333,True,150.000,170.000,0.000,228.000,82.000,0.433333,0.488889,-0.757106,34.167,59.216,138.146,1496.5
Stephanie_9_puntos_intento_9.mp4,263,2191.667,True,150.000,170.000,0.000,228.000,82.000,0.433333,0.488889,-0.757106,34.125,59.169,139.176,1514.0
Stephanie_9_puntos_intento_9.mp4,264,2200.000,True,150.000,170.000,0.000,228.000,82.000,0.433333,0.488889,-0.757106,34.330,59.495,138.913,1515.0
Stephanie_9_puntos_intento_9.mp4,265,2208.333,True,150.000,170.000,0.000,228.000,82.000,0.433333,0.488889,-0.757106,34.087,58.500,138.726,1498.0
Stephanie_9_puntos_intento_9.mp4,266,2216.667,True,150.000,170.000,0.000,228.000,82.000,0.433333,0.488889,-0.757106,34.517,58.277,137.913,1513.0
Stephanie_9_puntos_intento_9.mp4,267,2225.000,True,150.000,170.000,0.000,228.000,82.000,0.433333,0.488889,-0.757106,34.187,57.858,137.843,1507.5
Stephanie_9_puntos_intento_9.mp4,268,2233.333,True,150.000,170.000,0.000,228.000,83.000,0.433333,0.483333,-0.760665,34.026,57.702,137.677,1502.0
Stephanie_9_puntos_intento_9.mp4,269,2241.667,True,150.000,170.000,0.000,228.000,82.000,0.433333,0.488889,-0.757106,34.566,58.729,136.836,1512.0
Stephanie_9_puntos_intento_9.mp4,270,2250.000,True,150.000,170.000,0.000,228.000,82.000,0.433333,0.488889,-0.757106,34.062,58.438,138.668,1500.0
Stephanie_9_puntos_intento_9.mp4,271,2258.333,True,150.000,170.000,0.000,228.000,82.000,0.433333,0.488889,-0.757106,34.262,58.645,138.006,1497.5
Stephanie_9_puntos_intento_9.mp4,272,2266.667,True,150.000,170.000,0.000,228.000,83.000,0.433333,0.483333,-0.760665,33.752,58.748,138.192,1515.5
Stephanie_9_puntos_intento_9.mp4,273,2275.000,True,150.000,170.000,0.000,227.000,82.000,0.427778,0.488889,-0.760259,34.516,58.966,136.282,1504.0
Stephanie_9_puntos_intento_9.mp4,274,2283.333,True,150.000,170.000,0.000,228.000,82.000,0.433333,0.488889,-0.757106,34.394,58.567,137.371,1500.5
Stephanie_9_puntos_intento_9.mp4,275,2291.667,True,150.000,170.000,0.000,228.000,82.000,0.433333,0.488889,-0.757106,34.069,57.829,136.495,1483.0
Stephanie_9_puntos_intento_9.mp4,276,2300.000,True,150.000,170.000,0.000,228.000,82.000,0.433333,0.488889,-0.757106,34.167,58.306,136.902,1492.0
Stephanie_9_puntos_intento_9.mp4,277,2308.333,True,150.000,170.000,0.000,228.000,82.000,0.433333,0.488889,-0.757106,34.000,58.640,137.356,1494.5
Stephanie_9_puntos_intento_9.mp4,278,2316.667,True,150.000,170.000,0.000,228.000,83.000,0.433333,0.483333,-0.760665,34.077,58.443,138.635,1495.5
Stephanie_9_puntos_intento_9.mp4,279,2325.000,True,150.000,170.000,0.000,228.000,82.000,0.433333,0.488889,-0.757106,34.188,58.910,138.218,1499.5
Stephanie_9_puntos_intento_9.mp4,280,2333.333,True,150.000,170.000,0.000,228.000,82.000,0.433333,0.488889,-0.757106,34.045,59.645,138.081,1517.0
Stephanie_9_puntos_intento_9.mp4,281,2341.667,True,150.000,170.000,0.000,228.000,83.000,0.433333,0.483333,-0.760665,34.315,57.192,138.173,1489.0
Stephanie_9_puntos_intento_9.mp4,282,2350.000,True,150.000,170.000,0.000,228.000,83.000,0.433333,0.483333,-0.760665,34.197,58.359,138.187,1512.0
Stephanie_9_puntos_intento_9.mp4,283,2358.333,True,150.000,170.000,0.000,228.000,83.000,0.433333,0.483333,-0.760665,34.297,57.280,137.625,1496.0
Stephanie_9_puntos_intento_9.mp4,284,2366.667,True,150.000,170.000,0.000,228.000,83.000,0.433333,0.483333,-0.760665,34.416,57.243,139.457,1494.0
Stephanie_9_puntos_intento_9.mp4,285,2375.000,True,150.000,170.000,0.000,228.000,83.000,0.433333,0.483333,-0.760665,33.805,58.358,138.186,1494.5
Stephanie_9_puntos_intento_9.mp4,286,2383.333,True,150.000,170.000,0.000,228.000,82.000,0.433333,0.488889,-0.757106,34.406,58.193,139.047,1497.5
Stephanie_9_puntos_intento_9.mp4,287,2391.667,True,150.000,170.000,0.000,228.000,83.000,0.433333,0.483333,-0.760665,34.466,57.670,137.965,1497.5
Stephanie_9_puntos_intento_9.mp4,288,2400.000,True,150.000,170.000,0.000,228.000,82.000,0.433333,0.488889,-0.757106,34.176,58.390,138.002,1501.0
Stephanie_9_puntos_intento_9.mp4,289,2408.333,True,150.000,170.000,0.000,228.000,82.000,0.433333,0.488889,-0.757106,34.188,58.300,137.167,1490.5
Stephanie_9_puntos_intento_9.mp4,290,2416.667,True,150.000,170.000,0.000,228.000,82.000,0.433333,0.488889,-0.757106,34.348,58.410,137.368,1498.5
Stephanie_9_puntos_intento_9.mp4,291,2425.000,True,150.000,170.000,0.000,228.000,82.000,0.433333,0.488889,-0.757106,34.092,57.618,137.666,1490.0
Stephanie_9_puntos_intento_9.mp4,292,2433.333,True,150.000,170.000,0.000,228.000,83.000,0.433333,0.483333,-0.760665,34.038,58.378,135.637,1506.5
Stephanie_9_puntos_intento_9.mp4,293,2441.667,True,150.000,170.000,0.000,228.000,83.000,0.433333,0.483333,-0.760665,34.038,58.128,137.508,1508.5
Stephanie_9_puntos_intento_9.mp4,294,2450.000,True,150.000,170.000,0.000,228.000,83.000,0.433333,0.483333,-0.760665,34.210,58.376,137.862,1517.0
Stephanie_9_puntos_intento_9.mp4,295,2458.333,True,150.000,170.000,0.000,228.000,83.000,0.433333,0.483333,-0.760665,34.125,57.372,137.203,1499.5
Stephanie_9_puntos_intento_9.mp4,296,2466.667,True,150.000,170.000,0.000,228.000,82.000,0.433333,0.488889,-0.757106,34.145,58.657,137.144,1511.0
Stephanie_9_puntos_intento_9.mp4,297,2475.000,True,150.000,170.000,0.000,228.000,83.000,0.433333,0.483333,-0.760665,34.405,57.894,136.820,1509.0
Stephanie_9_puntos_intento_9.mp4,298,2483.333,True,150.000,170.000,0.000,228.000,83.000,0.433333,0.483333,-0.760665,34.387,57.801,138.786,1503.5
Stephanie_9_puntos_intento_9.mp4,299,2491.667,True,150.000,170.000,0.000,227.000,82.000,0.427778,0.488889,-0.760259,34.281,58.085,138.374,1502.5
Stephanie_9_puntos_intento_9.mp4,300,2500.000,True,150.000,170.000,0.000,222.000,82.000,0.400000,0.488889,-0.775234,35.578,58.067,137.853,1517.5
Stephanie_9_puntos_intento_9.mp4,301,2508.333,True,150.000,170.000,0.000,214.000,82.000,0.355556,0.488889,-0.796598,38.747,56.171,138.805,1623.5
Stephanie_9_puntos_intento_9.mp4,302,2516.667,True,150.000,170.000,0.000,206.000,82.000,0.311111,0.488889,-0.814983,42.782,54.195,137.740,1680.0
Stephanie_9_puntos_intento_9.mp4,303,2525.000,True,150.000,170.000,0.000,197.000,82.000,0.261111,0.488889,-0.832351,44.660,54.469,132.229,1731.0
Stephanie_9_puntos_intento_9.mp4,304,2533.333,True,150.000,170.000,0.000,190.000,83.000,0.222222,0.483333,-0.846762,47.553,53.077,121.476,1770.5
Stephanie_9_puntos_intento_9.mp4,305,2541.667,True,150.000,170.000,0.000,187.000,83.000,0.205556,0.483333,-0.850962,48.774,52.420,127.553,1760.0
Stephanie_9_puntos_intento_9.mp4,306,2550.000,True,150.000,170.000,0.000,187.000,83.000,0.205556,0.483333,-0.850962,47.324,54.046,119.140,1746.5
Stephanie_9_puntos_intento_9.mp4,307,2558.333,True,150.000,170.000,0.000,188.000,84.000,0.211111,0.477778,-0.852737,47.503,52.475,118.973,1743.0
Stephanie_9_puntos_intento_9.mp4,308,2566.667,True,150.000,170.000,0.000,188.000,83.000,0.211111,0.483333,-0.849600,47.589,53.753,116.422,1779.0
Stephanie_9_puntos_intento_9.mp4,309,2575.000,True,150.000,170.000,0.000,188.000,83.000,0.211111,0.483333,-0.849600,48.010,53.163,110.106,1762.5
Stephanie_9_puntos_intento_9.mp4,310,2583.333,True,150.000,170.000,0.000,187.000,83.000,0.205556,0.483333,-0.850962,47.690,53.875,122.889,1770.0
Stephanie_9_puntos_intento_9.mp4,311,2591.667,True,150.000,170.000,0.000,187.000,83.000,0.205556,0.483333,-0.850962,47.477,53.794,121.813,1799.0
Stephanie_9_puntos_intento_9.mp4,312,2600.000,True,150.000,170.000,0.000,186.000,83.000,0.200000,0.483333,-0.852285,47.396,55.116,120.488,1789.0
Stephanie_9_puntos_intento_9.mp4,313,2608.333,True,150.000,170.000,0.000,188.000,83.000,0.211111,0.483333,-0.849600,48.382,53.135,122.772,1783.0
Stephanie_9_puntos_intento_9.mp4,314,2616.667,True,150.000,170.000,0.000,187.000,83.000,0.205556,0.483333,-0.850962,48.480,53.590,124.100,1822.0
Stephanie_9_puntos_intento_9.mp4,315,2625.000,True,150.000,170.000,0.000,187.000,83.000,0.205556,0.483333,-0.850962,47.491,55.471,122.156,1818.0
Stephanie_9_puntos_intento_9.mp4,316,2633.333,True,150.000,170.000,0.000,187.000,83.000,0.205556,0.483333,-0.850962,47.212,53.991,120.433,1799.5
Stephanie_9_puntos_intento_9.mp4,317,2641.667,True,150.000,170.000,0.000,187.000,83.000,0.205556,0.483333,-0.850962,47.850,55.146,119.980,1822.0
Stephanie_9_puntos_intento_9.mp4,318,2650.000,True,150.000,170.000,0.000,187.000,83.000,0.205556,0.483333,-0.850962,48.654,53.141,122.524,1810.5
Stephanie_9_puntos_intento_9.mp4,319,2658.333,True,150.000,170.000,0.000,187.000,83.000,0.205556,0.483333,-0.850962,49.134,52.782,122.916,1809.0
Stephanie_9_puntos_intento_9.mp4,320,2666.667,True,150.000,170.000,0.000,187.000,83.000,0.205556,0.483333,-0.850962,48.899,54.647,114.650,1861.0
Stephanie_9_puntos_intento_9.mp4,321,2675.000,True,150.000,170.000,0.000,188.000,83.000,0.211111,0.483333,-0.849600,48.196,54.234,124.132,1867.0
Stephanie_9_puntos_intento_9.mp4,322,2683.333,True,150.000,170.000,0.000,188.000,83.000,0.211111,0.483333,-0.849600,48.365,53.854,125.299,1868.5
Stephanie_9_puntos_intento_9.mp4,323,2691.667,True,150.000,170.000,0.000,187.000,83.000,0.205556,0.483333,-0.850962,48.338,54.261,117.263,1872.5
Stephanie_9_puntos_intento_9.mp4,324,2700.000,True,150.000,170.000,0.000,188.000,83.000,0.211111,0.483333,-0.849600,48.930,53.911,124.947,1883.0
Stephanie_9_puntos_intento_9.mp4,325,2708.333,True,150.000,170.000,0.000,187.000,83.000,0.205556,0.483333,-0.850962,48.408,54.530,115.423,1905.5
Stephanie_9_puntos_intento_9.mp4,326,2716.667,True,150.000,170.000,0.000,187.000,83.000,0.205556,0.483333,-0.850962,48.382,55.100,116.908,1945.0
Stephanie_9_puntos_intento_9.mp4,327,2725.000,True,150.000,170.000,0.000,188.000,83.000,0.211111,0.483333,-0.849600,49.799,53.424,128.282,1931.5
Stephanie_9_puntos_intento_9.mp4,328,2733.333,True,150.000,170.000,0.000,187.000,83.000,0.205556,0.483333,-0.850962,49.758,54.677,123.037,1935.0
Stephanie_9_puntos_intento_9.mp4,329,2741.667,True,150.000,170.000,0.000,187.000,83.000,0.205556,0.483333,-0.850962,47.079,55.006,121.734,1774.5
Stephanie_9_puntos_intento_9.mp4,330,2750.000,True,150.000,170.000,0.000,188.000,83.000,0.211111,0.483333,-0.849600,48.783,53.198,121.498,1779.5
Stephanie_9_puntos_intento_9.mp4,331,2758.333,True,150.000,170.000,0.000,187.000,83.000,0.205556,0.483333,-0.850962,48.100,53.334,119.985,1753.5
Stephanie_9_puntos_intento_9.mp4,332,2766.667,True,150.000,170.000,0.000,187.000,82.000,0.205556,0.488889,-0.847782,47.600,54.605,120.195,1762.0
Stephanie_9_puntos_intento_9.mp4,333,2775.000,True,150.000,170.000,0.000,188.000,83.000,0.211111,0.483333,-0.849600,47.412,53.715,121.013,1750.5
Stephanie_9_puntos_intento_9.mp4,334,2783.333,True,150.000,170.000,0.000,188.000,83.000,0.211111,0.483333,-0.849600,48.374,53.180,128.132,1770.0
Stephanie_9_puntos_intento_9.mp4,335,2791.667,True,150.000,170.000,0.000,188.000,83.000,0.211111,0.483333,-0.849600,47.930,53.410,129.266,1787.5
Stephanie_9_puntos_intento_9.mp4,336,2800.000,True,150.000,170.000,0.000,188.000,83.000,0.211111,0.483333,-0.849600,47.879,53.820,126.684,1768.0
Stephanie_9_puntos_intento_9.mp4,337,2808.333,True,150.000,170.000,0.000,188.000,83.000,0.211111,0.483333,-0.849600,47.282,53.426,113.569,1806.0
Stephanie_9_puntos_intento_9.mp4,338,2816.667,True,150.000,170.000,0.000,187.000,83.000,0.205556,0.483333,-0.850962,48.169,53.320,117.269,1804.5
Stephanie_9_puntos_intento_9.mp4,339,2825.000,True,150.000,170.000,0.000,188.000,83.000,0.211111,0.483333,-0.849600,47.516,53.644,114.441,1800.0
Stephanie_9_puntos_intento_9.mp4,340,2833.333,True,150.000,170.000,0.000,188.000,83.000,0.211111,0.483333,-0.849600,47.894,53.596,121.336,1807.0
Stephanie_9_puntos_intento_9.mp4,341,2841.667,True,150.000,170.000,0.000,187.000,82.000,0.205556,0.488889,-0.847782,48.187,54.574,125.576,1792.5
Stephanie_9_puntos_intento_9.mp4,342,2850.000,True,150.000,170.000,0.000,188.000,83.000,0.211111,0.483333,-0.849600,48.536,54.174,125.172,1803.0
Stephanie_9_puntos_intento_9.mp4,343,2858.333,True,150.000,170.000,0.000,188.000,82.000,0.211111,0.488889,-0.846416,48.040,53.610,130.542,1793.5
Stephanie_9_puntos_intento_9.mp4,344,2866.667,True,150.000,170.000,0.000,187.000,83.000,0.205556,0.483333,-0.850962,48.198,53.841,122.879,1814.0
Stephanie_9_puntos_intento_9.mp4,345,2875.000,True,150.000,170.000,0.000,188.000,82.000,0.211111,0.488889,-0.846416,48.653,53.624,123.906,1809.0
Stephanie_9_puntos_intento_9.mp4,346,2883.333,True,150.000,170.000,0.000,187.000,82.000,0.205556,0.488889,-0.847782,47.700,54.279,121.241,1798.5
Stephanie_9_puntos_intento_9.mp4,347,2891.667,True,150.000,170.000,0.000,188.000,82.000,0.211111,0.488889,-0.846416,47.731,53.845,120.872,1775.5
Stephanie_9_puntos_intento_9.mp4,348,2900.000,True,150.000,170.000,0.000,187.000,82.000,0.205556,0.488889,-0.847782,47.323,54.682,121.499,1791.0
Stephanie_9_puntos_intento_9.mp4,349,2908.333,True,150.000,170.000,0.000,188.000,83.000,0.211111,0.483333,-0.849600,48.329,52.399,104.536,1775.0
Stephanie_9_puntos_intento_9.mp4,350,2916.667,True,150.000,170.000,0.000,188.000,83.000,0.211111,0.483333,-0.849600,48.342,52.814,110.805,1790.5
Stephanie_9_puntos_intento_9.mp4,351,2925.000,True,150.000,170.000,0.000,188.000,83.000,0.211111,0.483333,-0.849600,48.049,52.903,115.392,1780.0
Stephanie_9_puntos_intento_9.mp4,352,2933.333,True,150.000,170.000,0.000,188.000,83.000,0.211111,0.483333,-0.849600,48.541,52.895,108.044,1793.5
Stephanie_9_puntos_intento_9.mp4,353,2941.667,True,150.000,170.000,0.000,188.000,82.000,0.211111,0.488889,-0.846416,48.590,53.701,115.012,1827.5
Stephanie_9_puntos_intento_9.mp4,354,2950.000,True,150.000,170.000,0.000,188.000,83.000,0.211111,0.483333,-0.849600,48.384,53.170,108.747,1785.0
Stephanie_9_puntos_intento_9.mp4,355,2958.333,True,150.000,170.000,0.000,188.000,83.000,0.211111,0.483333,-0.849600,49.061,52.062,106.485,1797.0
Stephanie_9_puntos_intento_9.mp4,356,2966.667,True,150.000,170.000,0.000,185.000,83.000,0.194444,0.483333,-0.853569,48.794,53.197,113.207,1784.0
Stephanie_9_puntos_intento_9.mp4,357,2975.000,True,150.000,170.000,0.000,184.000,84.000,0.188889,0.477778,-0.857933,48.193,51.698,86.271,1753.0
Stephanie_9_puntos_intento_9.mp4,358,2983.333,True,150.000,170.000,0.000,184.000,83.000,0.188889,0.483333,-0.854816,48.693,52.663,98.577,1802.0
Stephanie_9_puntos_intento_9.mp4,359,2991.667,True,150.000,170.000,0.000,184.000,83.000,0.188889,0.483333,-0.854816,47.603,54.614,120.889,1791.0
Stephanie_9_puntos_intento_9.mp4,360,3000.000,True,150.000,170.000,0.000,185.000,84.000,0.194444,0.477778,-0.856691,48.464,51.854,110.785,1791.5
Stephanie_9_puntos_intento_9.mp4,361,3008.333,True,150.000,170.000,0.000,184.000,83.000,0.188889,0.483333,-0.854816,47.801,54.059,116.328,1771.0
Stephanie_9_puntos_intento_9.mp4,362,3016.667,True,150.000,170.000,0.000,185.000,83.000,0.194444,0.483333,-0.853569,48.434,53.324,114.347,1783.0
Stephanie_9_puntos_intento_9.mp4,363,3025.000,True,150.000,170.000,0.000,185.000,84.000,0.194444,0.477778,-0.856691,48.468,52.888,98.207,1780.0
Stephanie_9_puntos_intento_9.mp4,364,3033.333,True,150.000,170.000,0.000,184.000,84.000,0.188889,0.477778,-0.857933,48.032,53.653,111.897,1798.5
Stephanie_9_puntos_intento_9.mp4,365,3041.667,True,150.000,170.000,0.000,184.000,83.000,0.188889,0.483333,-0.854816,48.926,53.127,107.172,1790.0
Stephanie_9_puntos_intento_9.mp4,366,3050.000,True,150.000,170.000,0.000,185.000,83.000,0.194444,0.483333,-0.853569,49.298,52.909,111.297,1805.0
Stephanie_9_puntos_intento_9.mp4,367,3058.333,True,150.000,170.000,0.000,185.000,84.000,0.194444,0.477778,-0.856691,49.052,52.298,107.788,1806.5
Stephanie_9_puntos_intento_9.mp4,368,3066.667,True,150.000,170.000,0.000,184.000,83.000,0.188889,0.483333,-0.854816,48.506,53.425,111.967,1799.5
Stephanie_9_puntos_intento_9.mp4,369,3075.000,True,150.000,170.000,0.000,184.000,84.000,0.188889,0.477778,-0.857933,47.513,52.969,113.549,1743.0
Stephanie_9_puntos_intento_9.mp4,370,3083.333,True,150.000,170.000,0.000,184.000,84.000,0.188889,0.477778,-0.857933,47.758,53.137,115.361,1767.5
Stephanie_9_puntos_intento_9.mp4,371,3091.667,True,150.000,170.000,0.000,184.000,83.000,0.188889,0.483333,-0.854816,47.933,53.165,120.441,1769.0
Stephanie_9_puntos_intento_9.mp4,372,3100.000,True,150.000,170.000,0.000,185.000,83.000,0.194444,0.483333,-0.853569,48.434,52.504,108.564,1796.5
Stephanie_9_puntos_intento_9.mp4,373,3108.333,True,150.000,170.000,0.000,184.000,83.000,0.188889,0.483333,-0.854816,47.306,54.358,113.838,1761.5
Stephanie_9_puntos_intento_9.mp4,374,3116.667,True,150.000,170.000,0.000,184.000,83.000,0.188889,0.483333,-0.854816,47.710,54.163,107.481,1794.0
Stephanie_9_puntos_intento_9.mp4,375,3125.000,True,150.000,170.000,0.000,184.000,82.000,0.188889,0.488889,-0.851651,49.112,54.262,111.799,1768.0
Stephanie_9_puntos_intento_9.mp4,376,3133.333,True,150.000,170.000,0.000,184.000,83.000,0.188889,0.483333,-0.854816,47.813,53.266,107.498,1799.5
Stephanie_9_puntos_intento_9.mp4,377,3141.667,True,150.000,170.000,0.000,184.000,83.000,0.188889,0.483333,-0.854816,47.538,53.607,104.895,1802.5
Stephanie_9_puntos_intento_9.mp4,378,3150.000,True,150.000,170.000,0.000,184.000,83.000,0.188889,0.483333,-0.854816,47.829,54.965,115.884,1815.5
Stephanie_9_puntos_intento_9.mp4,379,3158.333,True,150.000,170.000,0.000,183.000,83.000,0.183333,0.483333,-0.856024,47.695,54.959,118.219,1791.5
Stephanie_9_puntos_intento_9.mp4,380,3166.667,True,150.000,170.000,0.000,184.000,83.000,0.188889,0.483333,-0.854816,47.899,53.292,117.025,1767.0
Stephanie_9_puntos_intento_9.mp4,381,3175.000,True,150.000,170.000,0.000,184.000,83.000,0.188889,0.483333,-0.854816,47.917,53.377,103.597,1777.0
Stephanie_9_puntos_intento_9.mp4,382,3183.333,True,150.000,170.000,0.000,184.000,83.000,0.188889,0.483333,-0.854816,47.367,54.374,117.864,1773.5
Stephanie_9_puntos_intento_9.mp4,383,3191.667,True,150.000,170.000,0.000,184.000,83.000,0.188889,0.483333,-0.854816,47.651,54.035,111.986,1776.0
Stephanie_9_puntos_intento_9.mp4,384,3200.000,True,150.000,170.000,0.000,184.000,83.000,0.188889,0.483333,-0.854816,48.119,53.284,96.510,1765.5
Stephanie_9_puntos_intento_9.mp4,385,3208.333,True,150.000,170.000,0.000,184.000,83.000,0.188889,0.483333,-0.854816,47.391,53.656,110.827,1737.5
Stephanie_9_puntos_intento_9.mp4,386,3216.667,True,150.000,170.000,0.000,184.000,83.000,0.188889,0.483333,-0.854816,46.987,53.585,112.551,1771.5
Stephanie_9_puntos_intento_9.mp4,387,3225.000,True,150.000,170.000,0.000,184.000,83.000,0.188889,0.483333,-0.854816,47.550,53.780,115.787,1756.0
Stephanie_9_puntos_intento_9.mp4,388,3233.333,True,150.000,170.000,0.000,184.000,82.000,0.188889,0.488889,-0.851651,46.752,54.403,115.301,1771.0
Stephanie_9_puntos_intento_9.mp4,389,3241.667,True,150.000,170.000,0.000,184.000,83.000,0.188889,0.483333,-0.854816,46.738,53.530,109.675,1755.0
Stephanie_9_puntos_intento_9.mp4,390,3250.000,True,150.000,170.000,0.000,184.000,83.000,0.188889,0.483333,-0.854816,47.104,53.791,110.750,1769.0
Stephanie_9_puntos_intento_9.mp4,391,3258.333,True,150.000,170.000,0.000,184.000,83.000,0.188889,0.483333,-0.854816,47.686,53.569,115.432,1724.0
Stephanie_9_puntos_intento_9.mp4,392,3266.667,True,150.000,170.000,0.000,184.000,83.000,0.188889,0.483333,-0.854816,47.463,53.510,114.767,1750.0
Stephanie_9_puntos_intento_9.mp4,393,3275.000,True,150.000,170.000,0.000,184.000,83.000,0.188889,0.483333,-0.854816,47.853,52.988,113.495,1735.5
Stephanie_9_puntos_intento_9.mp4,394,3283.333,True,150.000,170.000,0.000,184.000,83.000,0.188889,0.483333,-0.854816,47.735,53.122,111.528,1761.5
Stephanie_9_puntos_intento_9.mp4,395,3291.667,True,150.000,170.000,0.000,184.000,83.000,0.188889,0.483333,-0.854816,47.361,53.436,103.597,1730.0
Stephanie_9_puntos_intento_9.mp4,396,3300.000,True,150.000,170.000,0.000,184.000,83.000,0.188889,0.483333,-0.854816,47.205,52.886,113.696,1762.0
Stephanie_9_puntos_intento_9.mp4,397,3308.333,True,150.000,170.000,0.000,184.000,83.000,0.188889,0.483333,-0.854816,45.606,54.068,108.986,1747.0
Stephanie_9_puntos_intento_9.mp4,398,3316.667,True,150.000,170.000,0.000,184.000,83.000,0.188889,0.483333,-0.854816,46.395,54.624,112.990,1757.5
Stephanie_9_puntos_intento_9.mp4,399,3325.000,True,150.000,170.000,0.000,184.000,83.000,0.188889,0.483333,-0.854816,46.585,54.535,113.308,1755.0
Stephanie_9_puntos_intento_9.mp4,400,3333.333,True,150.000,170.000,0.000,184.000,83.000,0.188889,0.483333,-0.854816,46.618,54.078,114.922,1729.5
Stephanie_9_puntos_intento_9.mp4,401,3341.667,True,150.000,170.000,0.000,184.000,83.000,0.188889,0.483333,-0.854816,46.699,52.478,111.685,1714.5
Stephanie_9_puntos_intento_9.mp4,402,3350.000,True,150.000,170.000,0.000,184.000,83.000,0.188889,0.483333,-0.854816,46.684,53.149,107.351,1723.0
Stephanie_9_puntos_intento_9.mp4,403,3358.333,True,150.000,170.000,0.000,184.000,83.000,0.188889,0.483333,-0.854816,46.682,52.981,108.860,1731.5
Stephanie_9_puntos_intento_9.mp4,404,3366.667,True,150.000,170.000,0.000,184.000,83.000,0.188889,0.483333,-0.854816,46.092,54.484,113.550,1742.0
Stephanie_9_puntos_intento_9.mp4,405,3375.000,True,150.000,170.000,0.000,184.000,83.000,0.188889,0.483333,-0.854816,46.312,52.996,106.445,1720.0
Stephanie_9_puntos_intento_9.mp4,406,3383.333,True,150.000,170.000,0.000,184.000,83.000,0.188889,0.483333,-0.854816,46.985,53.497,107.011,1744.5
Stephanie_9_puntos_intento_9.mp4,407,3391.667,True,150.000,170.000,0.000,184.000,83.000,0.188889,0.483333,-0.854816,46.016,52.411,111.544,1713.5
Stephanie_9_puntos_intento_9.mp4,408,3400.000,True,150.000,170.000,0.000,183.000,83.000,0.183333,0.483333,-0.856024,46.029,54.893,111.712,1722.0
Stephanie_9_puntos_intento_9.mp4,409,3408.333,True,150.000,170.000,0.000,184.000,83.000,0.188889,0.483333,-0.854816,46.568,52.893,105.356,1732.0
Stephanie_9_puntos_intento_9.mp4,410,3416.667,True,150.000,170.000,0.000,185.000,83.000,0.194444,0.483333,-0.853569,47.095,52.786,100.795,1758.5
Stephanie_9_puntos_intento_9.mp4,411,3425.000,True,150.000,170.000,0.000,185.000,83.000,0.194444,0.483333,-0.853569,46.508,53.150,97.026,1693.5
Stephanie_9_puntos_intento_9.mp4,412,3433.333,True,150.000,170.000,0.000,184.000,83.000,0.188889,0.483333,-0.854816,46.436,52.660,107.398,1730.5
Stephanie_9_puntos_intento_9.mp4,413,3441.667,True,150.000,170.000,0.000,185.000,83.000,0.194444,0.483333,-0.853569,47.245,52.407,97.792,1722.5
Stephanie_9_puntos_intento_9.mp4,414,3450.000,True,150.000,170.000,0.000,184.000,83.000,0.188889,0.483333,-0.854816,47.594,52.391,117.780,1719.0
Stephanie_9_puntos_intento_9.mp4,415,3458.333,True,150.000,170.000,0.000,185.000,83.000,0.194444,0.483333,-0.853569,47.483,51.036,109.055,1699.0
Stephanie_9_puntos_intento_9.mp4,416,3466.667,True,150.000,170.000,0.000,185.000,83.000,0.194444,0.483333,-0.853569,46.508,52.004,102.717,1712.5
Stephanie_9_puntos_intento_9.mp4,417,3475.000,True,150.000,170.000,0.000,184.000,84.000,0.188889,0.477778,-0.857933,46.445,51.774,97.188,1675.0
Stephanie_9_puntos_intento_9.mp4,418,3483.333,True,150.000,170.000,0.000,185.000,83.000,0.194444,0.483333,-0.853569,46.860,51.938,96.116,1709.5
Stephanie_9_puntos_intento_9.mp4,419,3491.667,True,150.000,170.000,0.000,184.000,84.000,0.188889,0.477778,-0.857933,46.616,51.683,97.295,1705.5
Stephanie_9_puntos_intento_9.mp4,420,3500.000,True,150.000,170.000,0.000,185.000,83.000,0.194444,0.483333,-0.853569,47.251,51.116,107.737,1694.5
Stephanie_9_puntos_intento_9.mp4,421,3508.333,True,150.000,170.000,0.000,184.000,83.000,0.188889,0.483333,-0.854816,46.277,53.242,115.186,1692.0
Stephanie_9_puntos_intento_9.mp4,422,3516.667,True,150.000,170.000,0.000,184.000,83.000,0.188889,0.483333,-0.854816,45.599,53.648,112.215,1703.5
Stephanie_9_puntos_intento_9.mp4,423,3525.000,True,150.000,170.000,0.000,184.000,83.000,0.188889,0.483333,-0.854816,45.876,53.640,115.744,1693.0
Stephanie_9_puntos_intento_9.mp4,424,3533.333,True,150.000,170.000,0.000,184.000,83.000,0.188889,0.483333,-0.854816,46.264,53.611,112.575,1691.0
Stephanie_9_puntos_intento_9.mp4,425,3541.667,True,150.000,170.000,0.000,184.000,83.000,0.188889,0.483333,-0.854816,45.698,52.907,107.182,1672.0
Stephanie_9_puntos_intento_9.mp4,426,3550.000,True,150.000,170.000,0.000,184.000,83.000,0.188889,0.483333,-0.854816,45.844,52.531,111.158,1708.0
Stephanie_9_puntos_intento_9.mp4,427,3558.333,True,150.000,170.000,0.000,184.000,83.000,0.188889,0.483333,-0.854816,46.237,53.548,112.157,1722.5
Stephanie_9_puntos_intento_9.mp4,428,3566.667,True,150.000,170.000,0.000,184.000,83.000,0.188889,0.483333,-0.854816,46.210,53.577,117.131,1737.0
Stephanie_9_puntos_intento_9.mp4,429,3575.000,True,150.000,170.000,0.000,183.000,83.000,0.183333,0.483333,-0.856024,45.892,53.859,115.303,1704.0
Stephanie_9_puntos_intento_9.mp4,430,3583.333,True,150.000,170.000,0.000,184.000,83.000,0.188889,0.483333,-0.854816,46.556,53.363,116.803,1723.0
Stephanie_9_puntos_intento_9.mp4,431,3591.667,True,150.000,170.000,0.000,184.000,83.000,0.188889,0.483333,-0.854816,46.111,51.922,109.908,1690.0
Stephanie_9_puntos_intento_9.mp4,432,3600.000,True,150.000,170.000,0.000,185.000,84.000,0.194444,0.477778,-0.856691,46.046,51.582,98.617,1668.5
Stephanie_9_puntos_intento_9.mp4,433,3608.333,True,150.000,170.000,0.000,184.000,83.000,0.188889,0.483333,-0.854816,46.056,53.574,108.608,1708.5
Stephanie_9_puntos_intento_9.mp4,434,3616.667,True,150.000,170.000,0.000,184.000,83.000,0.188889,0.483333,-0.854816,45.810,53.577,109.846,1720.0
Stephanie_9_puntos_intento_9.mp4,435,3625.000,True,150.000,170.000,0.000,183.000,82.000,0.183333,0.488889,-0.852864,45.990,54.044,110.796,1704.0
Stephanie_9_puntos_intento_9.mp4,436,3633.333,True,150.000,170.000,0.000,184.000,83.000,0.188889,0.483333,-0.854816,46.548,52.496,108.092,1707.0
Stephanie_9_puntos_intento_9.mp4,437,3641.667,True,150.000,170.000,0.000,184.000,83.000,0.188889,0.483333,-0.854816,46.499,52.502,108.875,1697.5
Stephanie_9_puntos_intento_9.mp4,438,3650.000,True,150.000,170.000,0.000,184.000,83.000,0.188889,0.483333,-0.854816,46.277,52.380,106.675,1699.0
Stephanie_9_puntos_intento_9.mp4,439,3658.333,True,150.000,170.000,0.000,184.000,83.000,0.188889,0.483333,-0.854816,47.232,51.538,105.200,1708.0
Stephanie_9_puntos_intento_9.mp4,440,3666.667,True,150.000,170.000,0.000,184.000,83.000,0.188889,0.483333,-0.854816,46.952,52.260,103.588,1731.0
Stephanie_9_puntos_intento_9.mp4,441,3675.000,True,150.000,170.000,0.000,183.000,83.000,0.183333,0.483333,-0.856024,46.088,54.586,111.104,1735.0
Stephanie_9_puntos_intento_9.mp4,442,3683.333,True,150.000,170.000,0.000,184.000,83.000,0.188889,0.483333,-0.854816,46.083,53.586,103.697,1727.0
Stephanie_9_puntos_intento_9.mp4,443,3691.667,True,150.000,170.000,0.000,183.000,83.000,0.183333,0.483333,-0.856024,45.663,54.296,113.072,1691.0
Stephanie_9_puntos_intento_9.mp4,444,3700.000,True,150.000,170.000,0.000,184.000,83.000,0.188889,0.483333,-0.854816,46.463,52.968,109.585,1731.5
Stephanie_9_puntos_intento_9.mp4,445,3708.333,True,150.000,170.000,0.000,184.000,83.000,0.188889,0.483333,-0.854816,46.718,51.918,120.727,1707.0
Stephanie_9_puntos_intento_9.mp4,446,3716.667,True,150.000,170.000,0.000,184.000,83.000,0.188889,0.483333,-0.854816,46.073,52.153,112.541,1698.5
Stephanie_9_puntos_intento_9.mp4,447,3725.000,True,150.000,170.000,0.000,184.000,83.000,0.188889,0.483333,-0.854816,46.417,51.664,115.237,1698.5
Stephanie_9_puntos_intento_9.mp4,448,3733.333,True,150.000,170.000,0.000,184.000,83.000,0.188889,0.483333,-0.854816,46.703,51.708,112.383,1721.5
Stephanie_9_puntos_intento_9.mp4,449,3741.667,True,150.000,170.000,0.000,185.000,83.000,0.194444,0.483333,-0.853569,46.711,51.049,113.685,1701.5
Stephanie_9_puntos_intento_9.mp4,450,3750.000,True,150.000,170.000,0.000,185.000,83.000,0.194444,0.483333,-0.853569,47.275,50.794,108.999,1712.0
Stephanie_9_puntos_intento_9.mp4,451,3758.333,True,150.000,170.000,0.000,185.000,83.000,0.194444,0.483333,-0.853569,46.378,50.654,109.321,1681.0
Stephanie_9_puntos_intento_9.mp4,452,3766.667,True,150.000,170.000,0.000,185.000,84.000,0.194444,0.477778,-0.856691,45.625,51.325,104.221,1685.0
Stephanie_9_puntos_intento_9.mp4,453,3775.000,True,150.000,170.000,0.000,185.000,83.000,0.194444,0.483333,-0.853569,46.217,51.623,92.750,1666.0
Stephanie_9_puntos_intento_9.mp4,454,3783.333,True,150.000,170.000,0.000,185.000,83.000,0.194444,0.483333,-0.853569,46.814,51.677,109.325,1659.5
Stephanie_9_puntos_intento_9.mp4,455,3791.667,True,150.000,170.000,0.000,185.000,83.000,0.194444,0.483333,-0.853569,46.451,51.338,106.638,1678.0
Stephanie_9_puntos_intento_9.mp4,456,3800.000,True,150.000,170.000,0.000,185.000,83.000,0.194444,0.483333,-0.853569,46.493,52.341,109.847,1696.5
Stephanie_9_puntos_intento_9.mp4,457,3808.333,True,150.000,170.000,0.000,184.000,83.000,0.188889,0.483333,-0.854816,46.025,52.892,110.014,1657.5
Stephanie_9_puntos_intento_9.mp4,458,3816.667,True,150.000,170.000,0.000,184.000,84.000,0.188889,0.477778,-0.857933,45.422,52.321,103.062,1687.5
Stephanie_9_puntos_intento_9.mp4,459,3825.000,True,150.000,170.000,0.000,184.000,83.000,0.188889,0.483333,-0.854816,45.713,52.347,106.807,1670.0
Stephanie_9_puntos_intento_9.mp4,460,3833.333,True,150.000,170.000,0.000,184.000,83.000,0.188889,0.483333,-0.854816,46.295,52.461,109.366,1687.5
Stephanie_9_puntos_intento_9.mp4,461,3841.667,True,150.000,170.000,0.000,184.000,83.000,0.188889,0.483333,-0.854816,45.449,53.883,109.404,1671.5
Stephanie_9_puntos_intento_9.mp4,462,3850.000,True,150.000,170.000,0.000,184.000,83.000,0.188889,0.483333,-0.854816,45.172,52.708,106.052,1653.5
Stephanie_9_puntos_intento_9.mp4,463,3858.333,True,150.000,170.000,0.000,184.000,83.000,0.188889,0.483333,-0.854816,45.139,53.898,110.833,1675.5
Stephanie_9_puntos_intento_9.mp4,464,3866.667,True,150.000,170.000,0.000,184.000,83.000,0.188889,0.483333,-0.854816,46.318,52.700,105.474,1684.0
Stephanie_9_puntos_intento_9.mp4,465,3875.000,True,150.000,170.000,0.000,184.000,83.000,0.188889,0.483333,-0.854816,45.989,52.904,108.777,1677.5
Stephanie_9_puntos_intento_9.mp4,466,3883.333,True,150.000,170.000,0.000,184.000,83.000,0.188889,0.483333,-0.854816,46.594,51.988,104.794,1679.5
Stephanie_9_puntos_intento_9.mp4,467,3891.667,True,150.000,170.000,0.000,185.000,83.000,0.194444,0.483333,-0.853569,46.396,51.163,97.262,1668.5
Stephanie_9_puntos_intento_9.mp4,468,3900.000,True,150.000,170.000,0.000,184.000,83.000,0.188889,0.483333,-0.854816,46.387,51.929,101.556,1674.5
Stephanie_9_puntos_intento_9.mp4,469,3908.333,True,150.000,170.000,0.000,184.000,83.000,0.188889,0.483333,-0.854816,46.229,52.488,115.031,1710.5
Stephanie_9_puntos_intento_9.mp4,470,3916.667,True,150.000,170.000,0.000,184.000,83.000,0.188889,0.483333,-0.854816,46.592,51.665,108.770,1697.5
Stephanie_9_puntos_intento_9.mp4,471,3925.000,True,150.000,170.000,0.000,185.000,83.000,0.194444,0.483333,-0.853569,46.152,51.318,104.034,1662.0
Stephanie_9_puntos_intento_9.mp4,472,3933.333,True,150.000,170.000,0.000,185.000,84.000,0.194444,0.477778,-0.856691,46.313,50.400,95.489,1663.0
Stephanie_9_puntos_intento_9.mp4,473,3941.667,True,150.000,170.000,0.000,184.000,83.000,0.188889,0.483333,-0.854816,45.775,51.873,105.376,1666.0
Stephanie_9_puntos_intento_9.mp4,474,3950.000,True,150.000,170.000,0.000,184.000,83.000,0.188889,0.483333,-0.854816,46.395,52.053,110.252,1703.5
Stephanie_9_puntos_intento_9.mp4,475,3958.333,True,150.000,170.000,0.000,184.000,83.000,0.188889,0.483333,-0.854816,45.882,51.698,115.953,1665.0
Stephanie_9_puntos_intento_9.mp4,476,3966.667,True,150.000,170.000,0.000,184.000,83.000,0.188889,0.483333,-0.854816,45.400,52.964,113.218,1683.5
Stephanie_9_puntos_intento_9.mp4,477,3975.000,True,150.000,170.000,0.000,184.000,83.000,0.188889,0.483333,-0.854816,45.657,53.129,116.616,1686.5
Stephanie_9_puntos_intento_9.mp4,478,3983.333,True,150.000,170.000,0.000,185.000,83.000,0.194444,0.483333,-0.853569,46.142,51.270,117.372,1661.5
Stephanie_9_puntos_intento_9.mp4,479,3991.667,True,150.000,170.000,0.000,184.000,83.000,0.188889,0.483333,-0.854816,46.472,51.449,108.103,1680.5
Stephanie_9_puntos_intento_9.mp4,480,4000.000,True,150.000,170.000,0.000,184.000,83.000,0.188889,0.483333,-0.854816,45.955,52.108,103.462,1680.5
Stephanie_9_puntos_intento_9.mp4,481,4008.333,True,150.000,170.000,0.000,184.000,83.000,0.188889,0.483333,-0.854816,45.539,53.531,113.051,1693.5
Stephanie_9_puntos_intento_9.mp4,482,4016.667,True,150.000,170.000,0.000,184.000,83.000,0.188889,0.483333,-0.854816,45.711,53.486,112.975,1699.0
Stephanie_9_puntos_intento_9.mp4,483,4025.000,True,150.000,170.000,0.000,184.000,83.000,0.188889,0.483333,-0.854816,45.314,53.514,112.978,1662.5
Stephanie_9_puntos_intento_9.mp4,484,4033.333,True,150.000,170.000,0.000,184.000,83.000,0.188889,0.483333,-0.854816,45.530,52.712,108.584,1676.5
Stephanie_9_puntos_intento_9.mp4,485,4041.667,True,150.000,170.000,0.000,183.000,83.000,0.183333,0.483333,-0.856024,45.304,54.353,111.328,1680.0
Stephanie_9_puntos_intento_9.mp4,486,4050.000,True,150.000,170.000,0.000,184.000,83.000,0.188889,0.483333,-0.854816,45.865,52.992,109.760,1706.5
Stephanie_9_puntos_intento_9.mp4,487,4058.333,True,150.000,170.000,0.000,185.000,83.000,0.194444,0.483333,-0.853569,46.275,51.941,102.424,1672.0
Stephanie_9_puntos_intento_9.mp4,488,4066.667,True,150.000,170.000,0.000,184.000,83.000,0.188889,0.483333,-0.854816,45.986,52.170,111.716,1701.5
Stephanie_9_puntos_intento_9.mp4,489,4075.000,True,150.000,170.000,0.000,184.000,83.000,0.188889,0.483333,-0.854816,46.561,52.119,104.983,1674.0
Stephanie_9_puntos_intento_9.mp4,490,4083.333,True,150.000,170.000,0.000,185.000,83.000,0.194444,0.483333,-0.853569,45.854,51.898,94.780,1689.5
Stephanie_9_puntos_intento_9.mp4,491,4091.667,True,150.000,170.000,0.000,184.000,83.000,0.188889,0.483333,-0.854816,46.453,52.141,105.726,1695.5
Stephanie_9_puntos_intento_9.mp4,492,4100.000,True,150.000,170.000,0.000,184.000,83.000,0.188889,0.483333,-0.854816,46.606,52.683,104.521,1721.0
Stephanie_9_puntos_intento_9.mp4,493,4108.333,True,150.000,170.000,0.000,184.000,83.000,0.188889,0.483333,-0.854816,45.156,52.646,102.894,1629.5
Stephanie_9_puntos_intento_9.mp4,494,4116.667,True,150.000,170.000,0.000,184.000,83.000,0.188889,0.483333,-0.854816,46.255,52.212,107.658,1678.5
Stephanie_9_puntos_intento_9.mp4,495,4125.000,True,150.000,170.000,0.000,185.000,83.000,0.194444,0.483333,-0.853569,46.203,51.434,100.828,1671.5
Stephanie_9_puntos_intento_9.mp4,496,4133.333,True,150.000,170.000,0.000,184.000,83.000,0.188889,0.483333,-0.854816,46.141,52.290,109.887,1677.0
Stephanie_9_puntos_intento_9.mp4,497,4141.667,True,150.000,170.000,0.000,184.000,83.000,0.188889,0.483333,-0.854816,46.380,52.847,109.470,1675.0
Stephanie_9_puntos_intento_9.mp4,498,4150.000,True,150.000,170.000,0.000,184.000,83.000,0.188889,0.483333,-0.854816,46.303,51.700,107.060,1686.5
Stephanie_9_puntos_intento_9.mp4,499,4158.333,True,150.000,170.000,0.000,184.000,84.000,0.188889,0.477778,-0.857933,45.874,51.570,96.756,1675.5
Stephanie_9_puntos_intento_9.mp4,500,4166.667,True,150.000,170.000,0.000,184.000,84.000,0.188889,0.477778,-0.857933,46.080,51.641,97.093,1703.0
Stephanie_9_puntos_intento_9.mp4,501,4175.000,True,150.000,170.000,0.000,184.000,83.000,0.188889,0.483333,-0.854816,46.029,51.715,98.697,1680.0
Stephanie_9_puntos_intento_9.mp4,502,4183.333,True,150.000,170.000,0.000,185.000,83.000,0.194444,0.483333,-0.853569,46.248,52.130,93.313,1723.5
Stephanie_9_puntos_intento_9.mp4,503,4191.667,True,150.000,170.000,0.000,184.000,83.000,0.188889,0.483333,-0.854816,46.413,51.863,96.880,1687.0
Stephanie_9_puntos_intento_9.mp4,504,4200.000,True,150.000,170.000,0.000,184.000,84.000,0.188889,0.477778,-0.857933,45.889,51.552,102.203,1665.5
Stephanie_9_puntos_intento_9.mp4,505,4208.333,True,150.000,170.000,0.000,184.000,83.000,0.188889,0.483333,-0.854816,45.756,53.115,107.551,1699.0
Stephanie_9_puntos_intento_9.mp4,506,4216.667,True,150.000,170.000,0.000,183.000,83.000,0.183333,0.483333,-0.856024,44.956,53.387,109.979,1703.5
Stephanie_9_puntos_intento_9.mp4,507,4225.000,True,150.000,170.000,0.000,184.000,84.000,0.188889,0.477778,-0.857933,45.146,52.708,106.391,1687.0
Stephanie_9_puntos_intento_9.mp4,508,4233.333,True,150.000,170.000,0.000,184.000,84.000,0.188889,0.477778,-0.857933,46.514,52.107,101.008,1698.0
Stephanie_9_puntos_intento_9.mp4,509,4241.667,True,150.000,170.000,0.000,184.000,84.000,0.188889,0.477778,-0.857933,46.228,51.732,97.407,1684.0
Stephanie_9_puntos_intento_9.mp4,510,4250.000,True,150.000,170.000,0.000,184.000,84.000,0.188889,0.477778,-0.857933,46.037,51.892,100.768,1700.5
Stephanie_9_puntos_intento_9.mp4,511,4258.333,True,150.000,170.000,0.000,184.000,83.000,0.188889,0.483333,-0.854816,45.743,53.021,104.334,1691.0
Stephanie_9_puntos_intento_9.mp4,512,4266.667,True,150.000,170.000,0.000,184.000,83.000,0.188889,0.483333,-0.854816,45.698,52.719,106.565,1710.0
Stephanie_9_puntos_intento_9.mp4,513,4275.000,True,150.000,170.000,0.000,184.000,83.000,0.188889,0.483333,-0.854816,46.753,52.051,95.921,1704.5
Stephanie_9_puntos_intento_9.mp4,514,4283.333,True,150.000,170.000,0.000,184.000,83.000,0.188889,0.483333,-0.854816,46.058,53.071,99.402,1745.5
Stephanie_9_puntos_intento_9.mp4,515,4291.667,True,150.000,170.000,0.000,184.000,83.000,0.188889,0.483333,-0.854816,47.407,52.758,104.376,1721.5
Stephanie_9_puntos_intento_9.mp4,516,4300.000,True,150.000,170.000,0.000,184.000,83.000,0.188889,0.483333,-0.854816,47.739,52.755,102.204,1741.0
Stephanie_9_puntos_intento_9.mp4,517,4308.333,True,150.000,170.000,0.000,184.000,83.000,0.188889,0.483333,-0.854816,47.150,51.901,111.054,1708.0
Stephanie_9_puntos_intento_9.mp4,518,4316.667,True,150.000,170.000,0.000,184.000,83.000,0.188889,0.483333,-0.854816,46.737,52.548,111.760,1733.5
Stephanie_9_puntos_intento_9.mp4,519,4325.000,True,150.000,170.000,0.000,184.000,83.000,0.188889,0.483333,-0.854816,46.526,51.856,106.117,1718.5
Stephanie_9_puntos_intento_9.mp4,520,4333.333,True,150.000,170.000,0.000,184.000,83.000,0.188889,0.483333,-0.854816,46.995,52.517,111.906,1755.0
Stephanie_9_puntos_intento_9.mp4,521,4341.667,True,150.000,170.000,0.000,184.000,84.000,0.188889,0.477778,-0.857933,46.230,52.151,106.586,1718.5
Stephanie_9_puntos_intento_9.mp4,522,4350.000,True,150.000,170.000,0.000,184.000,83.000,0.188889,0.483333,-0.854816,47.327,52.890,108.726,1779.0
Stephanie_9_puntos_intento_9.mp4,523,4358.333,True,150.000,170.000,0.000,184.000,84.000,0.188889,0.477778,-0.857933,47.180,51.903,96.975,1744.5
Stephanie_9_puntos_intento_9.mp4,524,4366.667,True,150.000,170.000,0.000,184.000,84.000,0.188889,0.477778,-0.857933,47.110,52.047,93.772,1750.5
Stephanie_9_puntos_intento_9.mp4,525,4375.000,True,150.000,170.000,0.000,184.000,84.000,0.188889,0.477778,-0.857933,47.295,52.026,103.751,1742.5
Stephanie_9_puntos_intento_9.mp4,526,4383.333,True,150.000,170.000,0.000,184.000,84.000,0.188889,0.477778,-0.857933,47.120,51.828,87.104,1729.5
Stephanie_9_puntos_intento_9.mp4,527,4391.667,True,150.000,170.000,0.000,184.000,83.000,0.188889,0.483333,-0.854816,46.623,52.526,103.150,1739.0
Stephanie_9_puntos_intento_9.mp4,528,4400.000,True,150.000,170.000,0.000,184.000,83.000,0.188889,0.483333,-0.854816,47.233,52.229,103.449,1763.5
Stephanie_9_puntos_intento_9.mp4,529,4408.333,True,150.000,170.000,0.000,184.000,83.000,0.188889,0.483333,-0.854816,47.366,52.685,109.860,1713.0
Stephanie_9_puntos_intento_9.mp4,530,4416.667,True,150.000,170.000,0.000,184.000,83.000,0.188889,0.483333,-0.854816,46.828,53.627,111.832,1752.5
Stephanie_9_puntos_intento_9.mp4,531,4425.000,True,150.000,170.000,0.000,184.000,83.000,0.188889,0.483333,-0.854816,47.192,52.984,116.329,1743.5
Stephanie_9_puntos_intento_9.mp4,532,4433.333,True,150.000,170.000,0.000,184.000,83.000,0.188889,0.483333,-0.854816,47.476,51.755,98.970,1722.5
Stephanie_9_puntos_intento_9.mp4,533,4441.667,True,150.000,170.000,0.000,184.000,84.000,0.188889,0.477778,-0.857933,46.268,52.255,104.032,1760.5
Stephanie_9_puntos_intento_9.mp4,534,4450.000,True,150.000,170.000,0.000,184.000,84.000,0.188889,0.477778,-0.857933,46.707,51.776,103.862,1748.5
Stephanie_9_puntos_intento_9.mp4,535,4458.333,True,150.000,170.000,0.000,184.000,84.000,0.188889,0.477778,-0.857933,46.475,52.138,103.510,1720.5
Stephanie_9_puntos_intento_9.mp4,536,4466.667,True,150.000,170.000,0.000,184.000,83.000,0.188889,0.483333,-0.854816,46.299,52.895,106.114,1721.0
Stephanie_9_puntos_intento_9.mp4,537,4475.000,True,150.000,170.000,0.000,184.000,84.000,0.188889,0.477778,-0.857933,47.138,51.861,105.610,1731.0
Stephanie_9_puntos_intento_9.mp4,538,4483.333,True,150.000,170.000,0.000,184.000,83.000,0.188889,0.483333,-0.854816,46.938,52.986,109.651,1765.0
Stephanie_9_puntos_intento_9.mp4,539,4491.667,True,150.000,170.000,0.000,184.000,83.000,0.188889,0.483333,-0.854816,48.476,52.382,91.038,1736.5
Stephanie_9_puntos_intento_9.mp4,540,4500.000,True,150.000,170.000,0.000,184.000,83.000,0.188889,0.483333,-0.854816,47.703,53.096,101.197,1765.0
Stephanie_9_puntos_intento_9.mp4,541,4508.333,True,150.000,170.000,0.000,179.000,85.000,0.161111,0.472222,-0.866631,46.217,53.342,90.638,1762.0
Stephanie_9_puntos_intento_9.mp4,542,4516.667,True,150.000,170.000,0.000,170.000,88.000,0.111111,0.455556,-0.883246,43.889,56.079,74.226,1746.5
Stephanie_9_puntos_intento_9.mp4,543,4525.000,True,150.000,170.000,0.000,159.000,90.000,0.050000,0.444444,-0.894410,41.336,57.751,70.177,1641.5
Stephanie_9_puntos_intento_9.mp4,544,4533.333,True,150.000,170.000,0.000,149.000,93.000,-0.005556,0.427778,-0.903867,39.354,59.824,73.708,1610.0
Stephanie_9_puntos_intento_9.mp4,545,4541.667,True,150.000,170.000,0.000,137.000,93.000,-0.072222,0.427778,-0.900994,44.913,59.351,99.285,1699.5
Stephanie_9_puntos_intento_9.mp4,546,4550.000,True,150.000,170.000,0.000,131.000,94.000,-0.105556,0.422222,-0.900326,43.102,64.296,97.574,1870.0
Stephanie_9_puntos_intento_9.mp4,547,4558.333,True,150.000,170.000,0.000,130.000,93.000,-0.111111,0.427778,-0.897029,44.449,63.559,98.277,1838.5
Stephanie_9_puntos_intento_9.mp4,548,4566.667,True,150.000,170.000,0.000,129.000,93.000,-0.116667,0.427778,-0.896323,43.889,67.465,100.537,2045.5
Stephanie_9_puntos_intento_9.mp4,549,4575.000,True,150.000,170.000,0.000,129.000,94.000,-0.116667,0.422222,-0.898953,43.916,66.260,100.145,1991.0
Stephanie_9_puntos_intento_9.mp4,550,4583.333,True,150.000,170.000,0.000,130.000,94.000,-0.111111,0.422222,-0.899657,44.662,65.773,101.021,2040.0
Stephanie_9_puntos_intento_9.mp4,551,4591.667,True,150.000,170.000,0.000,130.000,94.000,-0.111111,0.422222,-0.899657,44.763,65.139,99.712,1990.5
Stephanie_9_puntos_intento_9.mp4,552,4600.000,True,150.000,170.000,0.000,129.000,93.000,-0.116667,0.427778,-0.896323,44.561,67.256,100.851,2040.0
Stephanie_9_puntos_intento_9.mp4,553,4608.333,True,150.000,170.000,0.000,129.000,92.000,-0.116667,0.433333,-0.893650,47.719,65.447,100.218,2085.5
Stephanie_9_puntos_intento_9.mp4,554,4616.667,True,150.000,170.000,0.000,129.000,92.000,-0.116667,0.433333,-0.893650,46.878,66.462,101.049,2114.0
Stephanie_9_puntos_intento_9.mp4,555,4625.000,True,150.000,170.000,0.000,129.000,93.000,-0.116667,0.427778,-0.896323,44.542,65.999,100.358,2067.0
Stephanie_9_puntos_intento_9.mp4,556,4633.333,True,150.000,170.000,0.000,129.000,93.000,-0.116667,0.427778,-0.896323,45.385,66.720,100.777,2112.5
Stephanie_9_puntos_intento_9.mp4,557,4641.667,True,150.000,170.000,0.000,129.000,93.000,-0.116667,0.427778,-0.896323,43.888,66.046,100.883,2031.0
Stephanie_9_puntos_intento_9.mp4,558,4650.000,True,150.000,170.000,0.000,129.000,93.000,-0.116667,0.427778,-0.896323,45.181,66.361,100.634,2064.0
Stephanie_9_puntos_intento_9.mp4,559,4658.333,True,150.000,170.000,0.000,130.000,93.000,-0.111111,0.427778,-0.897029,44.940,65.265,99.925,2035.5
Stephanie_9_puntos_intento_9.mp4,560,4666.667,True,150.000,170.000,0.000,129.000,93.000,-0.116667,0.427778,-0.896323,44.832,66.139,101.296,2036.0
Stephanie_9_puntos_intento_9.mp4,561,4675.000,True,150.000,170.000,0.000,129.000,93.000,-0.116667,0.427778,-0.896323,45.041,66.538,100.522,2047.5
Stephanie_9_puntos_intento_9.mp4,562,4683.333,True,150.000,170.000,0.000,130.000,93.000,-0.111111,0.427778,-0.897029,44.832,65.354,97.954,2051.5
Stephanie_9_puntos_intento_9.mp4,563,4691.667,True,150.000,170.000,0.000,129.000,93.000,-0.116667,0.427778,-0.896323,44.182,66.170,99.462,2027.5
Stephanie_9_puntos_intento_9.mp4,564,4700.000,True,150.000,170.000,0.000,129.000,94.000,-0.116667,0.422222,-0.898953,43.281,66.181,97.585,2035.5
Stephanie_9_puntos_intento_9.mp4,565,4708.333,True,150.000,170.000,0.000,129.000,92.000,-0.116667,0.433333,-0.893650,46.837,64.463,103.328,1937.5
Stephanie_9_puntos_intento_9.mp4,566,4716.667,True,150.000,170.000,0.000,130.000,92.000,-0.111111,0.433333,-0.894358,46.702,64.905,101.662,1946.5
Stephanie_9_puntos_intento_9.mp4,567,4725.000,True,150.000,170.000,0.000,130.000,93.000,-0.111111,0.427778,-0.897029,47.482,62.120,103.991,1918.5
Stephanie_9_puntos_intento_9.mp4,568,4733.333,True,150.000,170.000,0.000,130.000,92.000,-0.111111,0.433333,-0.894358,46.938,64.429,104.903,1955.5
Stephanie_9_puntos_intento_9.mp4,569,4741.667,True,150.000,170.000,0.000,131.000,93.000,-0.105556,0.427778,-0.897699,45.325,61.708,100.390,1909.5
Stephanie_9_puntos_intento_9.mp4,570,4750.000,True,150.000,170.000,0.000,130.000,92.000,-0.111111,0.433333,-0.894358,47.027,60.668,102.031,1930.5
Stephanie_9_puntos_intento_9.mp4,571,4758.333,True,150.000,170.000,0.000,130.000,93.000,-0.111111,0.427778,-0.897029,45.765,61.936,99.317,1878.5
Stephanie_9_puntos_intento_9.mp4,572,4766.667,True,150.000,170.000,0.000,130.000,93.000,-0.111111,0.427778,-0.897029,45.649,61.764,99.727,1916.5
Stephanie_9_puntos_intento_9.mp4,573,4775.000,True,150.000,170.000,0.000,130.000,92.000,-0.111111,0.433333,-0.894358,46.348,61.831,97.842,1901.0
Stephanie_9_puntos_intento_9.mp4,574,4783.333,True,150.000,170.000,0.000,130.000,93.000,-0.111111,0.427778,-0.897029,45.777,62.027,97.965,1886.5
Stephanie_9_puntos_intento_9.mp4,575,4791.667,True,150.000,170.000,0.000,130.000,93.000,-0.111111,0.427778,-0.897029,45.121,62.804,98.612,1883.0
Stephanie_9_puntos_intento_9.mp4,576,4800.000,True,150.000,170.000,0.000,130.000,92.000,-0.111111,0.433333,-0.894358,46.288,63.628,102.732,1903.0
Stephanie_9_puntos_intento_9.mp4,577,4808.333,True,150.000,170.000,0.000,131.000,92.000,-0.105556,0.433333,-0.895031,48.041,60.893,98.097,1896.5
Stephanie_9_puntos_intento_9.mp4,578,4816.667,True,150.000,170.000,0.000,129.000,93.000,-0.116667,0.427778,-0.896323,44.830,63.738,100.613,1932.0
Stephanie_9_puntos_intento_9.mp4,579,4825.000,True,150.000,170.000,0.000,129.000,92.000,-0.116667,0.433333,-0.893650,46.545,62.657,101.738,1875.5
Stephanie_9_puntos_intento_9.mp4,580,4833.333,True,150.000,170.000,0.000,130.000,92.000,-0.111111,0.433333,-0.894358,45.796,63.309,101.763,1877.0
Stephanie_9_puntos_intento_9.mp4,581,4841.667,True,150.000,170.000,0.000,130.000,93.000,-0.111111,0.427778,-0.897029,45.425,64.081,100.495,1865.5
Stephanie_9_puntos_intento_9.mp4,582,4850.000,True,150.000,170.000,0.000,130.000,92.000,-0.111111,0.433333,-0.894358,45.974,63.486,101.220,1896.5
Stephanie_9_puntos_intento_9.mp4,583,4858.333,True,150.000,170.000,0.000,129.000,93.000,-0.116667,0.427778,-0.896323,44.751,64.902,101.747,1988.0
Stephanie_9_puntos_intento_9.mp4,584,4866.667,True,150.000,170.000,0.000,130.000,93.000,-0.111111,0.427778,-0.897029,45.341,62.723,100.541,1848.0
Stephanie_9_puntos_intento_9.mp4,585,4875.000,True,150.000,170.000,0.000,129.000,93.000,-0.116667,0.427778,-0.896323,46.713,61.649,105.293,1855.5
Stephanie_9_puntos_intento_9.mp4,586,4883.333,True,150.000,170.000,0.000,130.000,93.000,-0.111111,0.427778,-0.897029,45.684,61.964,100.779,1852.5
Stephanie_9_puntos_intento_9.mp4,587,4891.667,True,150.000,170.000,0.000,130.000,93.000,-0.111111,0.427778,-0.897029,45.269,61.467,99.102,1865.5
Stephanie_9_puntos_intento_9.mp4,588,4900.000,True,150.000,170.000,0.000,130.000,92.000,-0.111111,0.433333,-0.894358,47.124,62.160,101.032,1877.0
Stephanie_9_puntos_intento_9.mp4,589,4908.333,True,150.000,170.000,0.000,131.000,92.000,-0.105556,0.433333,-0.895031,49.073,61.122,101.166,1840.0
Stephanie_9_puntos_intento_9.mp4,590,4916.667,True,150.000,170.000,0.000,130.000,92.000,-0.111111,0.433333,-0.894358,48.953,60.542,103.369,1857.5
Stephanie_9_puntos_intento_9.mp4,591,4925.000,True,150.000,170.000,0.000,131.000,93.000,-0.105556,0.427778,-0.897699,46.730,60.237,98.562,1857.0
Stephanie_9_puntos_intento_9.mp4,592,4933.333,True,150.000,170.000,0.000,131.000,93.000,-0.105556,0.427778,-0.897699,45.708,62.063,97.686,1877.0
Stephanie_9_puntos_intento_9.mp4,593,4941.667,True,150.000,170.000,0.000,131.000,93.000,-0.105556,0.427778,-0.897699,45.673,61.219,97.904,1864.5
Stephanie_9_puntos_intento_9.mp4,594,4950.000,True,150.000,170.000,0.000,131.000,93.000,-0.105556,0.427778,-0.897699,45.314,61.271,99.393,1871.0
Stephanie_9_puntos_intento_9.mp4,595,4958.333,True,150.000,170.000,0.000,131.000,92.000,-0.105556,0.433333,-0.895031,47.227,60.750,97.745,1848.5
Stephanie_9_puntos_intento_9.mp4,596,4966.667,True,150.000,170.000,0.000,131.000,92.000,-0.105556,0.433333,-0.895031,47.237,61.007,101.337,1870.5
Stephanie_9_puntos_intento_9.mp4,597,4975.000,True,150.000,170.000,0.000,131.000,92.000,-0.105556,0.433333,-0.895031,46.642,60.827,101.814,1818.5
Stephanie_9_puntos_intento_9.mp4,598,4983.333,True,150.000,170.000,0.000,131.000,92.000,-0.105556,0.433333,-0.895031,47.421,60.200,101.260,1830.0
Stephanie_9_puntos_intento_9.mp4,599,4991.667,True,150.000,170.000,0.000,131.000,92.000,-0.105556,0.433333,-0.895031,45.891,60.795,100.592,1840.0
Stephanie_9_puntos_intento_9.mp4,600,5000.000,True,150.000,170.000,0.000,131.000,92.000,-0.105556,0.433333,-0.895031,46.049,61.172,102.931,1852.5
Stephanie_9_puntos_intento_9.mp4,601,5008.333,True,150.000,170.000,0.000,130.000,92.000,-0.111111,0.433333,-0.894358,45.409,63.661,103.103,1889.5
Stephanie_9_puntos_intento_9.mp4,602,5016.667,True,150.000,170.000,0.000,130.000,92.000,-0.111111,0.433333,-0.894358,45.146,63.496,102.775,1896.5
Stephanie_9_puntos_intento_9.mp4,603,5025.000,True,150.000,170.000,0.000,131.000,92.000,-0.105556,0.433333,-0.895031,46.630,62.114,101.276,1883.5
Stephanie_9_puntos_intento_9.mp4,604,5033.333,True,150.000,170.000,0.000,130.000,92.000,-0.111111,0.433333,-0.894358,45.793,62.214,102.665,1853.5
Stephanie_9_puntos_intento_9.mp4,605,5041.667,True,150.000,170.000,0.000,130.000,92.000,-0.111111,0.433333,-0.894358,45.639,60.886,100.356,1836.5
Stephanie_9_puntos_intento_9.mp4,606,5050.000,True,150.000,170.000,0.000,130.000,92.000,-0.111111,0.433333,-0.894358,46.958,61.566,101.426,1869.5
Stephanie_9_puntos_intento_9.mp4,607,5058.333,True,150.000,170.000,0.000,131.000,92.000,-0.105556,0.433333,-0.895031,46.394,59.535,96.416,1823.5
Stephanie_9_puntos_intento_9.mp4,608,5066.667,True,150.000,170.000,0.000,131.000,93.000,-0.105556,0.427778,-0.897699,44.428,61.445,97.675,1866.5
Stephanie_9_puntos_intento_9.mp4,609,5075.000,True,150.000,170.000,0.000,130.000,92.000,-0.111111,0.433333,-0.894358,46.715,60.811,100.116,1842.0
Stephanie_9_puntos_intento_9.mp4,610,5083.333,True,150.000,170.000,0.000,131.000,92.000,-0.105556,0.433333,-0.895031,45.642,61.345,100.914,1806.5
Stephanie_9_puntos_intento_9.mp4,611,5091.667,True,150.000,170.000,0.000,131.000,92.000,-0.105556,0.433333,-0.895031,46.692,60.004,102.208,1796.0
Stephanie_9_puntos_intento_9.mp4,612,5100.000,True,150.000,170.000,0.000,131.000,92.000,-0.105556,0.433333,-0.895031,44.854,61.099,103.855,1805.0
Stephanie_9_puntos_intento_9.mp4,613,5108.333,True,150.000,170.000,0.000,130.000,92.000,-0.111111,0.433333,-0.894358,45.674,61.343,103.624,1826.5
Stephanie_9_puntos_intento_9.mp4,614,5116.667,True,150.000,170.000,0.000,131.000,92.000,-0.105556,0.433333,-0.895031,45.179,61.569,104.981,1833.0
Stephanie_9_puntos_intento_9.mp4,615,5125.000,True,150.000,170.000,0.000,131.000,92.000,-0.105556,0.433333,-0.895031,45.886,59.516,100.807,1823.0
Stephanie_9_puntos_intento_9.mp4,616,5133.333,True,150.000,170.000,0.000,131.000,92.000,-0.105556,0.433333,-0.895031,45.663,60.286,98.136,1813.5
Stephanie_9_puntos_intento_9.mp4,617,5141.667,True,150.000,170.000,0.000,131.000,91.000,-0.105556,0.438889,-0.892320,46.820,60.076,104.425,1774.5
Stephanie_9_puntos_intento_9.mp4,618,5150.000,True,150.000,170.000,0.000,131.000,92.000,-0.105556,0.433333,-0.895031,46.389,59.907,98.712,1824.5
Stephanie_9_puntos_intento_9.mp4,619,5158.333,True,150.000,170.000,0.000,131.000,92.000,-0.105556,0.433333,-0.895031,46.769,59.959,100.679,1807.5
Stephanie_9_puntos_intento_9.mp4,620,5166.667,True,150.000,170.000,0.000,131.000,92.000,-0.105556,0.433333,-0.895031,44.921,62.037,99.931,1869.5
Stephanie_9_puntos_intento_9.mp4,621,5175.000,True,150.000,170.000,0.000,131.000,93.000,-0.105556,0.427778,-0.897699,43.577,62.409,101.675,1824.5
Stephanie_9_puntos_intento_9.mp4,622,5183.333,True,150.000,170.000,0.000,131.000,92.000,-0.105556,0.433333,-0.895031,43.838,61.356,101.262,1802.5
Stephanie_9_puntos_intento_9.mp4,623,5191.667,True,150.000,170.000,0.000,130.000,92.000,-0.111111,0.433333,-0.894358,43.928,62.763,101.941,1808.0
Stephanie_9_puntos_intento_9.mp4,624,5200.000,True,150.000,170.000,0.000,131.000,92.000,-0.105556,0.433333,-0.895031,44.242,61.861,99.969,1815.5
Stephanie_9_puntos_intento_9.mp4,625,5208.333,True,150.000,170.000,0.000,130.000,92.000,-0.111111,0.433333,-0.894358,44.244,61.678,104.079,1783.5
Stephanie_9_puntos_intento_9.mp4,626,5216.667,True,150.000,170.000,0.000,130.000,92.000,-0.111111,0.433333,-0.894358,43.709,61.974,100.392,1777.0
Stephanie_9_puntos_intento_9.mp4,627,5225.000,True,150.000,170.000,0.000,130.000,92.000,-0.111111,0.433333,-0.894358,44.848,61.835,102.437,1795.0
Stephanie_9_puntos_intento_9.mp4,628,5233.333,True,150.000,170.000,0.000,130.000,92.000,-0.111111,0.433333,-0.894358,45.095,61.335,100.194,1813.5
Stephanie_9_puntos_intento_9.mp4,629,5241.667,True,150.000,170.000,0.000,130.000,92.000,-0.111111,0.433333,-0.894358,43.922,62.980,100.746,1783.0
Stephanie_9_puntos_intento_9.mp4,630,5250.000,True,150.000,170.000,0.000,130.000,92.000,-0.111111,0.433333,-0.894358,45.139,60.156,102.601,1749.5
Stephanie_9_puntos_intento_9.mp4,631,5258.333,True,150.000,170.000,0.000,130.000,92.000,-0.111111,0.433333,-0.894358,45.102,59.848,105.650,1716.0
Stephanie_9_puntos_intento_9.mp4,632,5266.667,True,150.000,170.000,0.000,130.000,93.000,-0.111111,0.427778,-0.897029,42.806,61.564,100.962,1735.5
Stephanie_9_puntos_intento_9.mp4,633,5275.000,True,150.000,170.000,0.000,130.000,93.000,-0.111111,0.427778,-0.897029,42.949,60.005,101.306,1738.5
Stephanie_9_puntos_intento_9.mp4,634,5283.333,True,150.000,170.000,0.000,132.000,93.000,-0.100000,0.427778,-0.898335,44.451,59.133,97.814,1741.5
Stephanie_9_puntos_intento_9.mp4,635,5291.667,True,150.000,170.000,0.000,131.000,92.000,-0.105556,0.433333,-0.895031,44.969,59.383,104.397,1732.5
Stephanie_9_puntos_intento_9.mp4,636,5300.000,True,150.000,170.000,0.000,130.000,92.000,-0.111111,0.433333,-0.894358,45.182,61.137,105.139,1728.0
Stephanie_9_puntos_intento_9.mp4,637,5308.333,True,150.000,170.000,0.000,130.000,92.000,-0.111111,0.433333,-0.894358,44.104,63.149,101.387,1803.5
Stephanie_9_puntos_intento_9.mp4,638,5316.667,True,150.000,170.000,0.000,130.000,91.000,-0.111111,0.438889,-0.891645,45.849,61.454,102.550,1809.0
Stephanie_9_puntos_intento_9.mp4,639,5325.000,True,150.000,170.000,0.000,130.000,92.000,-0.111111,0.433333,-0.894358,44.985,62.592,103.323,1801.5
Stephanie_9_puntos_intento_9.mp4,640,5333.333,True,150.000,170.000,0.000,130.000,92.000,-0.111111,0.433333,-0.894358,42.351,64.849,102.316,1826.5
Stephanie_9_puntos_intento_9.mp4,641,5341.667,True,150.000,170.000,0.000,130.000,92.000,-0.111111,0.433333,-0.894358,43.499,60.983,101.817,1745.0
Stephanie_9_puntos_intento_9.mp4,642,5350.000,True,150.000,170.000,0.000,131.000,93.000,-0.105556,0.427778,-0.897699,43.630,61.124,97.749,1790.5
Stephanie_9_puntos_intento_9.mp4,643,5358.333,True,150.000,170.000,0.000,131.000,93.000,-0.105556,0.427778,-0.897699,43.794,60.738,98.402,1801.5
Stephanie_9_puntos_intento_9.mp4,644,5366.667,True,150.000,170.000,0.000,130.000,93.000,-0.111111,0.427778,-0.897029,42.162,64.424,99.968,1857.5
Stephanie_9_puntos_intento_9.mp4,645,5375.000,True,150.000,170.000,0.000,130.000,93.000,-0.111111,0.427778,-0.897029,42.044,64.062,98.397,1852.5
Stephanie_9_puntos_intento_9.mp4,646,5383.333,True,150.000,170.000,0.000,130.000,92.000,-0.111111,0.433333,-0.894358,44.358,63.694,101.049,1862.0
Stephanie_9_puntos_intento_9.mp4,647,5391.667,True,150.000,170.000,0.000,130.000,92.000,-0.111111,0.433333,-0.894358,43.194,63.516,99.145,1871.5
Stephanie_9_puntos_intento_9.mp4,648,5400.000,True,150.000,170.000,0.000,130.000,91.000,-0.111111,0.438889,-0.891645,45.036,63.116,100.795,1877.5
Stephanie_9_puntos_intento_9.mp4,649,5408.333,True,150.000,170.000,0.000,130.000,92.000,-0.111111,0.433333,-0.894358,46.000,59.115,105.453,1715.0
Stephanie_9_puntos_intento_9.mp4,650,5416.667,True,150.000,170.000,0.000,130.000,92.000,-0.111111,0.433333,-0.894358,45.850,60.038,103.087,1790.5
Stephanie_9_puntos_intento_9.mp4,651,5425.000,True,150.000,170.000,0.000,129.000,92.000,-0.116667,0.433333,-0.893650,44.223,60.708,105.262,1772.5
Stephanie_9_puntos_intento_9.mp4,652,5433.333,True,150.000,170.000,0.000,130.000,92.000,-0.111111,0.433333,-0.894358,45.258,60.671,105.025,1815.0
Stephanie_9_puntos_intento_9.mp4,653,5441.667,True,150.000,170.000,0.000,129.000,92.000,-0.116667,0.433333,-0.893650,44.692,59.954,108.278,1780.0
Stephanie_9_puntos_intento_9.mp4,654,5450.000,True,150.000,170.000,0.000,130.000,92.000,-0.111111,0.433333,-0.894358,44.651,60.298,100.927,1796.5
Stephanie_9_puntos_intento_9.mp4,655,5458.333,True,150.000,170.000,0.000,130.000,93.000,-0.111111,0.427778,-0.897029,42.249,60.005,101.558,1747.0
Stephanie_9_puntos_intento_9.mp4,656,5466.667,True,150.000,170.000,0.000,131.000,93.000,-0.105556,0.427778,-0.897699,42.634,60.499,98.818,1772.0
Stephanie_9_puntos_intento_9.mp4,657,5475.000,True,150.000,170.000,0.000,130.000,93.000,-0.111111,0.427778,-0.897029,41.455,62.588,100.777,1823.5
Stephanie_9_puntos_intento_9.mp4,658,5483.333,True,150.000,170.000,0.000,131.000,93.000,-0.105556,0.427778,-0.897699,42.636,61.040,97.561,1783.0
Stephanie_9_puntos_intento_9.mp4,659,5491.667,True,150.000,170.000,0.000,131.000,92.000,-0.105556,0.433333,-0.895031,45.084,59.583,96.117,1749.5
Stephanie_9_puntos_intento_9.mp4,660,5500.000,True,150.000,170.000,0.000,131.000,91.000,-0.105556,0.438889,-0.892320,47.138,58.954,96.590,1753.5
Stephanie_9_puntos_intento_9.mp4,661,5508.333,True,150.000,170.000,0.000,131.000,92.000,-0.105556,0.433333,-0.895031,44.321,60.010,97.901,1768.0
Stephanie_9_puntos_intento_9.mp4,662,5516.667,True,150.000,170.000,0.000,131.000,93.000,-0.105556,0.427778,-0.897699,43.508,59.805,97.172,1771.5
Stephanie_9_puntos_intento_9.mp4,663,5525.000,True,150.000,170.000,0.000,130.000,92.000,-0.111111,0.433333,-0.894358,45.713,60.095,102.859,1791.0
Stephanie_9_puntos_intento_9.mp4,664,5533.333,True,150.000,170.000,0.000,130.000,93.000,-0.111111,0.427778,-0.897029,43.796,59.979,101.578,1749.0
Stephanie_9_puntos_intento_9.mp4,665,5541.667,True,150.000,170.000,0.000,130.000,92.000,-0.111111,0.433333,-0.894358,44.616,60.704,101.554,1733.5
Stephanie_9_puntos_intento_9.mp4,666,5550.000,True,150.000,170.000,0.000,130.000,92.000,-0.111111,0.433333,-0.894358,44.861,59.444,104.691,1742.0
Stephanie_9_puntos_intento_9.mp4,667,5558.333,True,150.000,170.000,0.000,130.000,91.000,-0.111111,0.438889,-0.891645,47.376,58.806,103.998,1712.5
Stephanie_9_puntos_intento_9.mp4,668,5566.667,True,150.000,170.000,0.000,130.000,92.000,-0.111111,0.433333,-0.894358,43.489,61.009,102.505,1748.5
Stephanie_9_puntos_intento_9.mp4,669,5575.000,True,150.000,170.000,0.000,130.000,93.000,-0.111111,0.427778,-0.897029,42.594,60.886,103.797,1764.0
Stephanie_9_puntos_intento_9.mp4,670,5583.333,True,150.000,170.000,0.000,130.000,92.000,-0.111111,0.433333,-0.894358,44.811,59.594,101.899,1762.5
Stephanie_9_puntos_intento_9.mp4,671,5591.667,True,150.000,170.000,0.000,130.000,92.000,-0.111111,0.433333,-0.894358,45.738,59.783,102.755,1750.5
Stephanie_9_puntos_intento_9.mp4,672,5600.000,True,150.000,170.000,0.000,130.000,92.000,-0.111111,0.433333,-0.894358,43.794,60.952,103.782,1740.0
Stephanie_9_puntos_intento_9.mp4,673,5608.333,True,150.000,170.000,0.000,129.000,92.000,-0.116667,0.433333,-0.893650,42.749,62.825,100.844,1790.0
Stephanie_9_puntos_intento_9.mp4,674,5616.667,True,150.000,170.000,0.000,130.000,93.000,-0.111111,0.427778,-0.897029,42.340,61.401,99.303,1767.0
Stephanie_9_puntos_intento_9.mp4,675,5625.000,True,150.000,170.000,0.000,129.000,93.000,-0.116667,0.427778,-0.896323,42.557,61.168,101.655,1684.5
Stephanie_9_puntos_intento_9.mp4,676,5633.333,True,150.000,170.000,0.000,130.000,92.000,-0.111111,0.433333,-0.894358,44.887,60.097,99.993,1751.5
Stephanie_9_puntos_intento_9.mp4,677,5641.667,True,150.000,170.000,0.000,130.000,93.000,-0.111111,0.427778,-0.897029,41.787,61.337,99.525,1752.0
Stephanie_9_puntos_intento_9.mp4,678,5650.000,True,150.000,170.000,0.000,130.000,92.000,-0.111111,0.433333,-0.894358,46.770,59.285,99.497,1766.0
Stephanie_9_puntos_intento_9.mp4,679,5658.333,True,150.000,170.000,0.000,130.000,92.000,-0.111111,0.433333,-0.894358,45.047,59.809,99.165,1784.0
Stephanie_9_puntos_intento_9.mp4,680,5666.667,True,150.000,170.000,0.000,131.000,92.000,-0.105556,0.433333,-0.895031,45.165,59.419,99.047,1784.5
Stephanie_9_puntos_intento_9.mp4,681,5675.000,True,150.000,170.000,0.000,130.000,92.000,-0.111111,0.433333,-0.894358,44.020,60.357,105.444,1777.0
Stephanie_9_puntos_intento_9.mp4,682,5683.333,True,150.000,170.000,0.000,129.000,92.000,-0.116667,0.433333,-0.893650,44.396,62.816,104.979,1861.0
Stephanie_9_puntos_intento_9.mp4,683,5691.667,True,150.000,170.000,0.000,129.000,92.000,-0.116667,0.433333,-0.893650,42.134,66.345,103.232,1854.5
Stephanie_9_puntos_intento_9.mp4,684,5700.000,True,150.000,170.000,0.000,129.000,92.000,-0.116667,0.433333,-0.893650,43.355,64.008,101.761,1859.0
Stephanie_9_puntos_intento_9.mp4,685,5708.333,True,150.000,170.000,0.000,131.000,92.000,-0.105556,0.433333,-0.895031,44.069,59.813,99.257,1748.5
Stephanie_9_puntos_intento_9.mp4,686,5716.667,True,150.000,170.000,0.000,131.000,91.000,-0.105556,0.438889,-0.892320,47.915,58.760,102.514,1764.5
Stephanie_9_puntos_intento_9.mp4,687,5725.000,True,150.000,170.000,0.000,131.000,92.000,-0.105556,0.433333,-0.895031,43.902,60.353,103.324,1713.0
Stephanie_9_puntos_intento_9.mp4,688,5733.333,True,150.000,170.000,0.000,130.000,91.000,-0.111111,0.438889,-0.891645,45.740,60.096,104.658,1748.5
Stephanie_9_puntos_intento_9.mp4,689,5741.667,True,150.000,170.000,0.000,129.000,93.000,-0.116667,0.427778,-0.896323,43.576,61.787,101.108,1711.0
Stephanie_9_puntos_intento_9.mp4,690,5750.000,True,150.000,170.000,0.000,130.000,92.000,-0.111111,0.433333,-0.894358,45.131,60.444,103.936,1751.5
Stephanie_9_puntos_intento_9.mp4,691,5758.333,True,150.000,170.000,0.000,130.000,92.000,-0.111111,0.433333,-0.894358,45.837,60.044,103.245,1747.5
Stephanie_9_puntos_intento_9.mp4,692,5766.667,True,150.000,170.000,0.000,130.000,92.000,-0.111111,0.433333,-0.894358,44.446,60.776,100.669,1770.5
Stephanie_9_puntos_intento_9.mp4,693,5775.000,True,150.000,170.000,0.000,131.000,92.000,-0.105556,0.433333,-0.895031,45.531,59.095,103.884,1778.5
Stephanie_9_puntos_intento_9.mp4,694,5783.333,True,150.000,170.000,0.000,130.000,92.000,-0.111111,0.433333,-0.894358,45.460,59.843,98.846,1823.0
Stephanie_9_puntos_intento_9.mp4,695,5791.667,True,150.000,170.000,0.000,131.000,92.000,-0.105556,0.433333,-0.895031,45.731,59.761,101.957,1790.5
Stephanie_9_puntos_intento_9.mp4,696,5800.000,True,150.000,170.000,0.000,131.000,92.000,-0.105556,0.433333,-0.895031,45.697,60.791,104.935,1801.5
Stephanie_9_puntos_intento_9.mp4,697,5808.333,True,150.000,170.000,0.000,129.000,91.000,-0.116667,0.438889,-0.890935,45.241,63.285,99.856,1863.0
Stephanie_9_puntos_intento_9.mp4,698,5816.667,True,150.000,170.000,0.000,129.000,92.000,-0.116667,0.433333,-0.893650,43.980,64.192,101.912,1878.0
Stephanie_9_puntos_intento_9.mp4,699,5825.000,True,150.000,170.000,0.000,130.000,93.000,-0.111111,0.427778,-0.897029,43.967,61.658,102.534,1810.5
Stephanie_9_puntos_intento_9.mp4,700,5833.333,True,150.000,170.000,0.000,129.000,92.000,-0.116667,0.433333,-0.893650,44.610,62.156,102.416,1835.0
Stephanie_9_puntos_intento_9.mp4,701,5841.667,True,150.000,170.000,0.000,129.000,92.000,-0.116667,0.433333,-0.893650,43.672,63.407,102.503,1892.0
Stephanie_9_puntos_intento_9.mp4,702,5850.000,True,150.000,170.000,0.000,129.000,93.000,-0.116667,0.427778,-0.896323,44.095,60.622,102.410,1807.0
Stephanie_9_puntos_intento_9.mp4,703,5858.333,True,150.000,170.000,0.000,130.000,92.000,-0.111111,0.433333,-0.894358,44.239,61.060,101.362,1810.0
Stephanie_9_puntos_intento_9.mp4,704,5866.667,True,150.000,170.000,0.000,130.000,93.000,-0.111111,0.427778,-0.897029,44.023,60.750,104.016,1785.0
Stephanie_9_puntos_intento_9.mp4,705,5875.000,True,150.000,170.000,0.000,128.000,92.000,-0.122222,0.433333,-0.892908,43.405,62.671,102.062,1856.0
Stephanie_9_puntos_intento_9.mp4,706,5883.333,True,150.000,170.000,0.000,129.000,92.000,-0.116667,0.433333,-0.893650,43.962,61.091,101.984,1811.0
Stephanie_9_puntos_intento_9.mp4,707,5891.667,True,150.000,170.000,0.000,130.000,91.000,-0.111111,0.438889,-0.891645,44.590,60.590,101.749,1750.5
Stephanie_9_puntos_intento_9.mp4,708,5900.000,True,150.000,170.000,0.000,130.000,91.000,-0.111111,0.438889,-0.891645,46.547,59.892,102.448,1779.0
Stephanie_9_puntos_intento_9.mp4,709,5908.333,True,150.000,170.000,0.000,129.000,92.000,-0.116667,0.433333,-0.893650,43.789,62.412,102.128,1778.0
Stephanie_9_puntos_intento_9.mp4,710,5916.667,True,150.000,170.000,0.000,129.000,92.000,-0.116667,0.433333,-0.893650,43.341,62.779,100.709,1798.0
Stephanie_9_puntos_intento_9.mp4,711,5925.000,True,150.000,170.000,0.000,130.000,92.000,-0.111111,0.433333,-0.894358,43.976,61.104,103.087,1770.5
Stephanie_9_puntos_intento_9.mp4,712,5933.333,True,150.000,170.000,0.000,130.000,91.000,-0.111111,0.438889,-0.891645,46.705,59.224,100.738,1784.0
Stephanie_9_puntos_intento_9.mp4,713,5941.667,True,150.000,170.000,0.000,130.000,92.000,-0.111111,0.433333,-0.894358,45.985,59.859,101.838,1770.0
Stephanie_9_puntos_intento_9.mp4,714,5950.000,True,150.000,170.000,0.000,130.000,92.000,-0.111111,0.433333,-0.894358,43.983,62.588,101.187,1800.5
Stephanie_9_puntos_intento_9.mp4,715,5958.333,True,150.000,170.000,0.000,130.000,92.000,-0.111111,0.433333,-0.894358,44.519,61.544,99.632,1832.0
Stephanie_9_puntos_intento_9.mp4,716,5966.667,True,150.000,170.000,0.000,129.000,92.000,-0.116667,0.433333,-0.893650,44.103,62.611,101.964,1796.5
Stephanie_9_puntos_intento_9.mp4,717,5975.000,True,150.000,170.000,0.000,129.000,92.000,-0.116667,0.433333,-0.893650,43.838,62.908,100.899,1847.5
Stephanie_9_puntos_intento_9.mp4,718,5983.333,True,150.000,170.000,0.000,130.000,92.000,-0.111111,0.433333,-0.894358,45.134,61.179,102.207,1843.0
Stephanie_9_puntos_intento_9.mp4,719,5991.667,True,150.000,170.000,0.000,130.000,92.000,-0.111111,0.433333,-0.894358,43.811,63.319,101.156,1841.0
Stephanie_9_puntos_intento_9.mp4,720,6000.000,True,150.000,170.000,0.000,129.000,92.000,-0.116667,0.433333,-0.893650,44.166,63.569,102.021,1835.5
Stephanie_9_puntos_intento_9.mp4,721,6008.333,True,150.000,170.000,0.000,129.000,92.000,-0.116667,0.433333,-0.893650,44.708,61.583,100.940,1804.0
Stephanie_9_puntos_intento_9.mp4,722,6016.667,True,150.000,170.000,0.000,130.000,92.000,-0.111111,0.433333,-0.894358,44.416,62.807,102.686,1820.0
Stephanie_9_puntos_intento_9.mp4,723,6025.000,True,150.000,170.000,0.000,130.000,92.000,-0.111111,0.433333,-0.894358,43.779,61.787,101.977,1845.5
Stephanie_9_puntos_intento_9.mp4,724,6033.333,True,150.000,170.000,0.000,129.000,92.000,-0.116667,0.433333,-0.893650,43.780,62.012,100.650,1839.5
Stephanie_9_puntos_intento_9.mp4,725,6041.667,True,150.000,170.000,0.000,130.000,92.000,-0.111111,0.433333,-0.894358,46.090,59.986,102.403,1808.5
Stephanie_9_puntos_intento_9.mp4,726,6050.000,True,150.000,170.000,0.000,130.000,92.000,-0.111111,0.433333,-0.894358,43.634,61.845,101.094,1826.0
Stephanie_9_puntos_intento_9.mp4,727,6058.333,True,150.000,170.000,0.000,130.000,92.000,-0.111111,0.433333,-0.894358,44.009,61.825,99.335,1825.5
Stephanie_9_puntos_intento_9.mp4,728,6066.667,True,150.000,170.000,0.000,129.000,93.000,-0.116667,0.427778,-0.896323,42.527,64.117,100.310,1819.5
Stephanie_9_puntos_intento_9.mp4,729,6075.000,True,150.000,170.000,0.000,129.000,92.000,-0.116667,0.433333,-0.893650,44.186,63.099,102.349,1821.0
Stephanie_9_puntos_intento_9.mp4,730,6083.333,True,150.000,170.000,0.000,129.000,92.000,-0.116667,0.433333,-0.893650,43.142,63.309,102.807,1827.0
Stephanie_9_puntos_intento_9.mp4,731,6091.667,True,150.000,170.000,0.000,129.000,93.000,-0.116667,0.427778,-0.896323,41.744,66.644,99.388,1884.0
Stephanie_9_puntos_intento_9.mp4,732,6100.000,True,150.000,170.000,0.000,128.000,92.000,-0.122222,0.433333,-0.892908,42.757,68.128,99.194,1934.0
Stephanie_9_puntos_intento_9.mp4,733,6108.333,True,150.000,170.000,0.000,128.000,92.000,-0.122222,0.433333,-0.892908,43.171,66.537,101.495,1936.5
Stephanie_9_puntos_intento_9.mp4,734,6116.667,True,150.000,170.000,0.000,129.000,91.000,-0.116667,0.438889,-0.890935,44.795,65.064,101.667,1930.5
Stephanie_9_puntos_intento_9.mp4,735,6125.000,True,150.000,170.000,0.000,129.000,92.000,-0.116667,0.433333,-0.893650,42.625,65.219,98.394,1919.5
Stephanie_9_puntos_intento_9.mp4,736,6133.333,True,150.000,170.000,0.000,129.000,91.000,-0.116667,0.438889,-0.890935,43.998,65.734,100.505,1929.5
Stephanie_9_puntos_intento_9.mp4,737,6141.667,True,150.000,170.000,0.000,130.000,92.000,-0.111111,0.433333,-0.894358,45.451,62.200,99.256,1823.5
Stephanie_9_puntos_intento_9.mp4,738,6150.000,True,150.000,170.000,0.000,129.000,92.000,-0.116667,0.433333,-0.893650,44.035,62.828,99.743,1811.5
Stephanie_9_puntos_intento_9.mp4,739,6158.333,True,150.000,170.000,0.000,130.000,92.000,-0.111111,0.433333,-0.894358,43.732,63.089,97.581,1817.5
Stephanie_9_puntos_intento_9.mp4,740,6166.667,True,150.000,170.000,0.000,131.000,92.000,-0.105556,0.433333,-0.895031,43.360,63.727,99.612,1818.0
Stephanie_9_puntos_intento_9.mp4,741,6175.000,True,150.000,170.000,0.000,132.000,90.000,-0.100000,0.444444,-0.890207,46.718,61.035,98.844,1754.0
Stephanie_9_puntos_intento_9.mp4,742,6183.333,True,150.000,170.000,0.000,132.000,90.000,-0.100000,0.444444,-0.890207,46.419,61.195,99.025,1798.5
Stephanie_9_puntos_intento_9.mp4,743,6191.667,True,150.000,170.000,0.000,132.000,91.000,-0.100000,0.438889,-0.892959,44.925,61.495,97.658,1823.5
Stephanie_9_puntos_intento_9.mp4,744,6200.000,True,150.000,170.000,0.000,132.000,91.000,-0.100000,0.438889,-0.892959,44.221,62.145,99.606,1786.5
Stephanie_9_puntos_intento_9.mp4,745,6208.333,True,150.000,170.000,0.000,132.000,90.000,-0.100000,0.444444,-0.890207,45.597,61.514,102.830,1810.5
Stephanie_9_puntos_intento_9.mp4,746,6216.667,True,150.000,170.000,0.000,133.000,91.000,-0.094444,0.438889,-0.893564,45.664,60.172,96.990,1808.0
Stephanie_9_puntos_intento_9.mp4,747,6225.000,True,150.000,170.000,0.000,132.000,91.000,-0.100000,0.438889,-0.892959,45.619,60.380,101.340,1768.5
Stephanie_9_puntos_intento_9.mp4,748,6233.333,True,150.000,170.000,0.000,131.000,91.000,-0.105556,0.438889,-0.892320,45.118,61.487,101.559,1778.5
Stephanie_9_puntos_intento_9.mp4,749,6241.667,True,150.000,170.000,0.000,132.000,91.000,-0.100000,0.438889,-0.892959,45.123,62.176,99.004,1791.0
Stephanie_9_puntos_intento_9.mp4,750,6250.000,True,150.000,170.000,0.000,131.000,92.000,-0.105556,0.433333,-0.895031,42.938,63.653,99.378,1823.0
Stephanie_9_puntos_intento_9.mp4,751,6258.333,True,150.000,170.000,0.000,131.000,91.000,-0.105556,0.438889,-0.892320,44.140,61.801,100.677,1808.0
Stephanie_9_puntos_intento_9.mp4,752,6266.667,True,150.000,170.000,0.000,132.000,91.000,-0.100000,0.438889,-0.892959,44.850,62.084,98.145,1834.5
Stephanie_9_puntos_intento_9.mp4,753,6275.000,True,150.000,170.000,0.000,132.000,91.000,-0.100000,0.438889,-0.892959,45.069,61.705,101.661,1791.5
Stephanie_9_puntos_intento_9.mp4,754,6283.333,True,150.000,170.000,0.000,131.000,90.000,-0.105556,0.444444,-0.889566,44.687,63.731,100.456,1883.0
Stephanie_9_puntos_intento_9.mp4,755,6291.667,True,150.000,170.000,0.000,132.000,92.000,-0.100000,0.433333,-0.895669,43.723,61.943,96.577,1803.5
Stephanie_9_puntos_intento_9.mp4,756,6300.000,True,150.000,170.000,0.000,131.000,91.000,-0.105556,0.438889,-0.892320,43.192,64.374,100.387,1824.0
Stephanie_9_puntos_intento_9.mp4,757,6308.333,True,150.000,170.000,0.000,132.000,90.000,-0.100000,0.444444,-0.890207,45.312,62.539,100.209,1777.0
Stephanie_9_puntos_intento_9.mp4,758,6316.667,True,150.000,170.000,0.000,132.000,90.000,-0.100000,0.444444,-0.890207,46.284,61.127,100.353,1755.5
Stephanie_9_puntos_intento_9.mp4,759,6325.000,True,150.000,170.000,0.000,133.000,91.000,-0.094444,0.438889,-0.893564,45.577,60.661,99.334,1775.5
Stephanie_9_puntos_intento_9.mp4,760,6333.333,True,150.000,170.000,0.000,133.000,90.000,-0.094444,0.444444,-0.890814,46.788,61.065,99.592,1783.0
Stephanie_9_puntos_intento_9.mp4,761,6341.667,True,150.000,170.000,0.000,132.000,91.000,-0.100000,0.438889,-0.892959,43.737,64.093,101.705,1815.5
Stephanie_9_puntos_intento_9.mp4,762,6350.000,True,150.000,170.000,0.000,132.000,91.000,-0.100000,0.438889,-0.892959,44.137,63.650,97.790,1820.0
Stephanie_9_puntos_intento_9.mp4,763,6358.333,True,150.000,170.000,0.000,133.000,91.000,-0.094444,0.438889,-0.893564,44.112,61.191,96.535,1796.5
Stephanie_9_puntos_intento_9.mp4,764,6366.667,True,150.000,170.000,0.000,132.000,91.000,-0.100000,0.438889,-0.892959,42.894,63.466,97.675,1807.0
Stephanie_9_puntos_intento_9.mp4,765,6375.000,True,150.000,170.000,0.000,133.000,91.000,-0.094444,0.438889,-0.893564,43.418,62.332,97.189,1792.0
Stephanie_9_puntos_intento_9.mp4,766,6383.333,True,150.000,170.000,0.000,132.000,92.000,-0.100000,0.433333,-0.895669,42.474,62.721,97.246,1812.5
Stephanie_9_puntos_intento_9.mp4,767,6391.667,True,150.000,170.000,0.000,133.000,92.000,-0.094444,0.433333,-0.896271,42.358,62.446,98.287,1807.5
Stephanie_9_puntos_intento_9.mp4,768,6400.000,True,150.000,170.000,0.000,132.000,91.000,-0.100000,0.438889,-0.892959,43.955,62.528,101.955,1821.0
Stephanie_9_puntos_intento_9.mp4,769,6408.333,True,150.000,170.000,0.000,132.000,91.000,-0.100000,0.438889,-0.892959,46.084,61.422,102.524,1764.0
Stephanie_9_puntos_intento_9.mp4,770,6416.667,True,150.000,170.000,0.000,133.000,91.000,-0.094444,0.438889,-0.893564,45.505,60.458,103.087,1833.0
Stephanie_9_puntos_intento_9.mp4,771,6425.000,True,150.000,170.000,0.000,133.000,91.000,-0.094444,0.438889,-0.893564,45.812,61.254,100.184,1790.5
Stephanie_9_puntos_intento_9.mp4,772,6433.333,True,150.000,170.000,0.000,133.000,91.000,-0.094444,0.438889,-0.893564,45.919,60.517,100.740,1785.0
Stephanie_9_puntos_intento_9.mp4,773,6441.667,True,150.000,170.000,0.000,132.000,90.000,-0.100000,0.444444,-0.890207,45.923,61.574,101.788,1782.5
Stephanie_9_puntos_intento_9.mp4,774,6450.000,True,150.000,170.000,0.000,133.000,91.000,-0.094444,0.438889,-0.893564,45.434,60.931,99.326,1794.5
Stephanie_9_puntos_intento_9.mp4,775,6458.333,True,150.000,170.000,0.000,133.000,90.000,-0.094444,0.444444,-0.890814,46.221,60.844,97.954,1793.0
Stephanie_9_puntos_intento_9.mp4,776,6466.667,True,150.000,170.000,0.000,132.000,90.000,-0.100000,0.444444,-0.890207,47.068,60.581,98.907,1797.5
Stephanie_9_puntos_intento_9.mp4,777,6475.000,True,150.000,170.000,0.000,132.000,90.000,-0.100000,0.444444,-0.890207,45.948,60.903,101.346,1798.0
Stephanie_9_puntos_intento_9.mp4,778,6483.333,True,150.000,170.000,0.000,133.000,91.000,-0.094444,0.438889,-0.893564,43.339,62.693,97.600,1794.0
Stephanie_9_puntos_intento_9.mp4,779,6491.667,True,150.000,170.000,0.000,133.000,91.000,-0.094444,0.438889,-0.893564,43.577,63.557,98.438,1823.0
Stephanie_9_puntos_intento_9.mp4,780,6500.000,True,150.000,170.000,0.000,133.000,92.000,-0.094444,0.433333,-0.896271,43.401,61.643,98.509,1806.5
Stephanie_9_puntos_intento_9.mp4,781,6508.333,True,150.000,170.000,0.000,132.000,91.000,-0.100000,0.438889,-0.892959,43.677,64.423,99.441,1823.5
Stephanie_9_puntos_intento_9.mp4,782,6516.667,True,150.000,170.000,0.000,131.000,91.000,-0.105556,0.438889,-0.892320,44.645,62.974,103.330,1808.0
Stephanie_9_puntos_intento_9.mp4,783,6525.000,True,150.000,170.000,0.000,132.000,91.000,-0.100000,0.438889,-0.892959,45.025,63.257,101.593,1781.5
Stephanie_9_puntos_intento_9.mp4,784,6533.333,True,150.000,170.000,0.000,132.000,91.000,-0.100000,0.438889,-0.892959,44.128,64.852,100.132,1846.5
Stephanie_9_puntos_intento_9.mp4,785,6541.667,True,150.000,170.000,0.000,132.000,91.000,-0.100000,0.438889,-0.892959,43.657,63.443,101.476,1802.0
Stephanie_9_puntos_intento_9.mp4,786,6550.000,True,150.000,170.000,0.000,132.000,91.000,-0.100000,0.438889,-0.892959,43.711,64.514,99.300,1836.0
Stephanie_9_puntos_intento_9.mp4,787,6558.333,True,150.000,170.000,0.000,132.000,91.000,-0.100000,0.438889,-0.892959,43.969,65.578,102.691,1832.0
Stephanie_9_puntos_intento_9.mp4,788,6566.667,True,150.000,170.000,0.000,136.000,91.000,-0.077778,0.438889,-0.895169,43.115,65.167,101.422,1818.0
Stephanie_9_puntos_intento_9.mp4,789,6575.000,True,150.000,170.000,0.000,149.000,92.000,-0.005556,0.433333,-0.901217,40.207,60.357,78.870,1724.0
Stephanie_9_puntos_intento_9.mp4,790,6583.333,True,150.000,170.000,0.000,162.000,92.000,0.066667,0.433333,-0.898765,42.818,57.548,78.594,1782.5
Stephanie_9_puntos_intento_9.mp4,791,6591.667,True,150.000,170.000,0.000,176.000,93.000,0.144444,0.427778,-0.892268,46.849,55.559,89.935,1881.5
Stephanie_9_puntos_intento_9.mp4,792,6600.000,True,150.000,170.000,0.000,189.000,93.000,0.216667,0.427778,-0.877532,47.822,56.246,116.251,1970.5
Stephanie_9_puntos_intento_9.mp4,793,6608.333,True,150.000,170.000,0.000,201.000,95.000,0.283333,0.416667,-0.863777,46.002,59.639,129.551,2024.0
Stephanie_9_puntos_intento_9.mp4,794,6616.667,True,150.000,170.000,0.000,211.000,96.000,0.338889,0.411111,-0.846252,44.288,59.635,135.432,1999.0
Stephanie_9_puntos_intento_9.mp4,795,6625.000,True,150.000,170.000,0.000,220.000,98.000,0.388889,0.400000,-0.829919,42.524,60.010,139.028,1928.5
Stephanie_9_puntos_intento_9.mp4,796,6633.333,True,150.000,170.000,0.000,225.000,98.000,0.416667,0.400000,-0.816326,41.279,60.099,141.476,1884.5
Stephanie_9_puntos_intento_9.mp4,797,6641.667,True,150.000,170.000,0.000,227.000,99.000,0.427778,0.394444,-0.813277,41.387,59.874,140.527,1900.0
Stephanie_9_puntos_intento_9.mp4,798,6650.000,True,150.000,170.000,0.000,226.000,99.000,0.422222,0.394444,-0.816175,42.054,59.955,139.850,1936.0
Stephanie_9_puntos_intento_9.mp4,799,6658.333,True,150.000,170.000,0.000,227.000,99.000,0.427778,0.394444,-0.813277,42.275,59.785,140.959,1944.5
Stephanie_9_puntos_intento_9.mp4,800,6666.667,True,150.000,170.000,0.000,226.000,99.000,0.422222,0.394444,-0.816175,42.251,60.273,140.995,1956.5
Stephanie_9_puntos_intento_9.mp4,801,6675.000,True,150.000,170.000,0.000,226.000,99.000,0.422222,0.394444,-0.816175,41.985,60.909,140.721,1949.0
Stephanie_9_puntos_intento_9.mp4,802,6683.333,True,150.000,170.000,0.000,226.000,98.000,0.422222,0.400000,-0.813467,42.078,61.249,140.912,1962.0
Stephanie_9_puntos_intento_9.mp4,803,6691.667,True,150.000,170.000,0.000,226.000,98.000,0.422222,0.400000,-0.813467,41.473,59.622,143.211,1878.5
Stephanie_9_puntos_intento_9.mp4,804,6700.000,True,150.000,170.000,0.000,226.000,98.000,0.422222,0.400000,-0.813467,41.310,59.677,142.150,1882.0
Stephanie_9_puntos_intento_9.mp4,805,6708.333,True,150.000,170.000,0.000,226.000,99.000,0.422222,0.394444,-0.816175,41.432,58.332,141.454,1875.0
Stephanie_9_puntos_intento_9.mp4,806,6716.667,True,150.000,170.000,0.000,226.000,98.000,0.422222,0.400000,-0.813467,41.632,59.498,142.302,1909.0
Stephanie_9_puntos_intento_9.mp4,807,6725.000,True,150.000,170.000,0.000,226.000,98.000,0.422222,0.400000,-0.813467,41.866,59.071,142.358,1898.5
Stephanie_9_puntos_intento_9.mp4,808,6733.333,True,150.000,170.000,0.000,226.000,99.000,0.422222,0.394444,-0.816175,41.799,59.460,140.963,1896.0
Stephanie_9_puntos_intento_9.mp4,809,6741.667,True,150.000,170.000,0.000,229.000,99.000,0.438889,0.394444,-0.807335,41.433,60.385,143.290,1915.0
Stephanie_9_puntos_intento_9.mp4,810,6750.000,True,150.000,170.000,0.000,232.000,101.000,0.455556,0.383333,-0.803446,40.750,60.379,143.940,1880.0
Stephanie_9_puntos_intento_9.mp4,811,6758.333,True,150.000,170.000,0.000,233.000,102.000,0.461111,0.377778,-0.802908,40.737,59.792,144.329,1863.5
Stephanie_9_puntos_intento_9.mp4,812,6766.667,True,150.000,170.000,0.000,233.000,102.000,0.461111,0.377778,-0.802908,41.160,60.465,143.717,1908.5
Stephanie_9_puntos_intento_9.mp4,813,6775.000,True,150.000,170.000,0.000,233.000,102.000,0.461111,0.377778,-0.802908,41.011,60.816,144.602,1914.0
Stephanie_9_puntos_intento_9.mp4,814,6783.333,True,150.000,170.000,0.000,233.000,102.000,0.461111,0.377778,-0.802908,41.111,60.536,144.437,1907.0
Stephanie_9_puntos_intento_9.mp4,815,6791.667,True,150.000,170.000,0.000,233.000,102.000,0.461111,0.377778,-0.802908,41.011,61.060,144.224,1901.5
Stephanie_9_puntos_intento_9.mp4,816,6800.000,True,150.000,170.000,0.000,233.000,102.000,0.461111,0.377778,-0.802908,40.759,60.752,144.260,1900.5
Stephanie_9_puntos_intento_9.mp4,817,6808.333,True,150.000,170.000,0.000,233.000,102.000,0.461111,0.377778,-0.802908,40.811,60.343,144.641,1899.5
Stephanie_9_puntos_intento_9.mp4,818,6816.667,True,150.000,170.000,0.000,233.000,102.000,0.461111,0.377778,-0.802908,40.808,60.527,144.162,1901.0
Stephanie_9_puntos_intento_9.mp4,819,6825.000,True,150.000,170.000,0.000,233.000,102.000,0.461111,0.377778,-0.802908,40.655,61.226,145.978,1920.0
Stephanie_9_puntos_intento_9.mp4,820,6833.333,True,150.000,170.000,0.000,233.000,102.000,0.461111,0.377778,-0.802908,40.717,61.275,145.933,1933.0
Stephanie_9_puntos_intento_9.mp4,821,6841.667,True,150.000,170.000,0.000,233.000,102.000,0.461111,0.377778,-0.802908,40.963,61.078,145.075,1925.5
Stephanie_9_puntos_intento_9.mp4,822,6850.000,True,150.000,170.000,0.000,233.000,102.000,0.461111,0.377778,-0.802908,41.232,61.203,144.773,1941.5
Stephanie_9_puntos_intento_9.mp4,823,6858.333,True,150.000,170.000,0.000,233.000,102.000,0.461111,0.377778,-0.802908,40.619,61.271,144.953,1909.5
Stephanie_9_puntos_intento_9.mp4,824,6866.667,True,150.000,170.000,0.000,233.000,102.000,0.461111,0.377778,-0.802908,40.770,61.096,144.136,1920.5
Stephanie_9_puntos_intento_9.mp4,825,6875.000,True,150.000,170.000,0.000,233.000,102.000,0.461111,0.377778,-0.802908,40.740,60.693,144.018,1903.0
Stephanie_9_puntos_intento_9.mp4,826,6883.333,True,150.000,170.000,0.000,233.000,102.000,0.461111,0.377778,-0.802908,41.161,60.632,145.085,1928.5
Stephanie_9_puntos_intento_9.mp4,827,6891.667,True,150.000,170.000,0.000,233.000,102.000,0.461111,0.377778,-0.802908,41.223,60.528,145.337,1928.0
Stephanie_9_puntos_intento_9.mp4,828,6900.000,True,150.000,170.000,0.000,233.000,102.000,0.461111,0.377778,-0.802908,41.014,60.995,146.028,1928.0
Stephanie_9_puntos_intento_9.mp4,829,6908.333,True,150.000,170.000,0.000,236.000,103.000,0.477778,0.372222,-0.795725,41.014,60.582,146.146,1896.5
Stephanie_9_puntos_intento_9.mp4,830,6916.667,True,150.000,170.000,0.000,238.000,104.000,0.488889,0.366667,-0.791545,40.290,60.780,147.975,1880.0
Stephanie_9_puntos_intento_9.mp4,831,6925.000,True,150.000,170.000,0.000,237.000,104.000,0.483333,0.366667,-0.794949,40.506,60.352,147.507,1876.5
Stephanie_9_puntos_intento_9.mp4,832,6933.333,True,150.000,170.000,0.000,237.000,104.000,0.483333,0.366667,-0.794949,41.550,60.564,145.885,1930.5
Stephanie_9_puntos_intento_9.mp4,833,6941.667,True,150.000,170.000,0.000,237.000,104.000,0.483333,0.366667,-0.794949,41.009,60.303,147.524,1902.5
Stephanie_9_puntos_intento_9.mp4,834,6950.000,True,150.000,170.000,0.000,237.000,104.000,0.483333,0.366667,-0.794949,40.863,60.151,147.298,1889.5
Stephanie_9_puntos_intento_9.mp4,835,6958.333,True,150.000,170.000,0.000,237.000,104.000,0.483333,0.366667,-0.794949,40.461,60.382,146.193,1888.0
Stephanie_9_puntos_intento_9.mp4,836,6966.667,True,150.000,170.000,0.000,237.000,104.000,0.483333,0.366667,-0.794949,40.400,60.738,145.913,1882.5
Stephanie_9_puntos_intento_9.mp4,837,6975.000,True,150.000,170.000,0.000,237.000,104.000,0.483333,0.366667,-0.794949,40.464,60.866,146.170,1882.5
Stephanie_9_puntos_intento_9.mp4,838,6983.333,True,150.000,170.000,0.000,237.000,104.000,0.483333,0.366667,-0.794949,40.354,61.553,145.677,1910.5
Stephanie_9_puntos_intento_9.mp4,839,6991.667,True,149.000,169.000,0.000,237.000,104.000,0.488889,0.361111,-0.794095,40.209,60.865,146.516,1895.5
Stephanie_9_puntos_intento_9.mp4,840,7000.000,True,149.000,169.000,0.000,238.000,104.000,0.494444,0.361111,-0.790647,40.440,60.200,146.626,1882.0
Stephanie_9_puntos_intento_9.mp4,841,7008.333,True,149.000,169.000,0.000,237.000,104.000,0.488889,0.361111,-0.794095,40.696,60.417,147.143,1891.5
Stephanie_9_puntos_intento_9.mp4,842,7016.667,True,149.000,169.000,0.000,237.000,104.000,0.488889,0.361111,-0.794095,40.939,60.655,146.569,1907.5
Stephanie_9_puntos_intento_9.mp4,843,7025.000,True,149.000,169.000,0.000,237.000,104.000,0.488889,0.361111,-0.794095,40.569,60.918,146.046,1900.0
Stephanie_9_puntos_intento_9.mp4,844,7033.333,True,149.000,169.000,0.000,237.000,104.000,0.488889,0.361111,-0.794095,40.551,61.222,145.853,1903.0
Stephanie_9_puntos_intento_9.mp4,845,7041.667,True,149.000,169.000,0.000,237.000,104.000,0.488889,0.361111,-0.794095,40.611,60.592,146.653,1891.0
Stephanie_9_puntos_intento_9.mp4,846,7050.000,True,149.000,169.000,0.000,237.000,104.000,0.488889,0.361111,-0.794095,40.753,60.774,146.272,1904.5
Stephanie_9_puntos_intento_9.mp4,847,7058.333,True,149.000,169.000,0.000,238.000,104.000,0.494444,0.361111,-0.790647,40.491,60.785,146.545,1891.5
Stephanie_9_puntos_intento_9.mp4,848,7066.667,True,149.000,169.000,0.000,237.000,104.000,0.488889,0.361111,-0.794095,40.495,60.673,146.456,1908.5
Stephanie_9_puntos_intento_9.mp4,849,7075.000,True,149.000,169.000,0.000,237.000,104.000,0.488889,0.361111,-0.794095,40.686,60.936,146.159,1909.0
Stephanie_9_puntos_intento_9.mp4,850,7083.333,True,149.000,169.000,0.000,237.000,104.000,0.488889,0.361111,-0.794095,40.591,60.812,145.800,1905.0
Stephanie_9_puntos_intento_9.mp4,851,7091.667,True,149.000,169.000,0.000,237.000,104.000,0.488889,0.361111,-0.794095,40.600,60.273,145.958,1894.0
Stephanie_9_puntos_intento_9.mp4,852,7100.000,True,149.000,169.000,0.000,237.000,104.000,0.488889,0.361111,-0.794095,40.555,60.657,146.294,1903.0
Stephanie_9_puntos_intento_9.mp4,853,7108.333,True,149.000,169.000,0.000,237.000,104.000,0.488889,0.361111,-0.794095,40.824,60.591,145.964,1903.5
Stephanie_9_puntos_intento_9.mp4,854,7116.667,True,149.000,169.000,0.000,237.000,104.000,0.488889,0.361111,-0.794095,40.747,61.253,147.043,1918.5
Stephanie_9_puntos_intento_9.mp4,855,7125.000,True,149.000,169.000,0.000,237.000,104.000,0.488889,0.361111,-0.794095,40.665,61.365,146.795,1917.5
Stephanie_9_puntos_intento_9.mp4,856,7133.333,True,149.000,169.000,0.000,237.000,104.000,0.488889,0.361111,-0.794095,40.853,61.433,146.509,1928.0
Stephanie_9_puntos_intento_9.mp4,857,7141.667,True,149.000,169.000,0.000,237.000,104.000,0.488889,0.361111,-0.794095,40.804,61.283,147.027,1926.0
Stephanie_9_puntos_intento_9.mp4,858,7150.000,True,149.000,169.000,0.000,237.000,103.000,0.488889,0.366667,-0.791545,40.862,61.173,146.465,1923.0
Stephanie_9_puntos_intento_9.mp4,859,7158.333,True,149.000,169.000,0.000,237.000,104.000,0.488889,0.361111,-0.794095,40.903,61.714,146.444,1939.0
Stephanie_9_puntos_intento_9.mp4,860,7166.667,True,149.000,169.000,0.000,237.000,104.000,0.488889,0.361111,-0.794095,41.092,61.494,146.203,1952.0
Stephanie_9_puntos_intento_9.mp4,861,7175.000,True,149.000,169.000,0.000,237.000,104.000,0.488889,0.361111,-0.794095,40.891,61.833,146.166,1943.5
Stephanie_9_puntos_intento_9.mp4,862,7183.333,True,149.000,169.000,0.000,237.000,104.000,0.488889,0.361111,-0.794095,41.163,62.185,146.205,1954.5
Stephanie_9_puntos_intento_9.mp4,863,7191.667,True,149.000,169.000,0.000,237.000,104.000,0.488889,0.361111,-0.794095,41.143,61.682,146.075,1953.0
Stephanie_9_puntos_intento_9.mp4,864,7200.000,True,149.000,169.000,0.000,237.000,104.000,0.488889,0.361111,-0.794095,41.097,62.373,146.384,1971.0
Stephanie_9_puntos_intento_9.mp4,865,7208.333,True,149.000,169.000,0.000,237.000,104.000,0.488889,0.361111,-0.794095,40.837,61.622,145.889,1937.5
Stephanie_9_puntos_intento_9.mp4,866,7216.667,True,149.000,169.000,0.000,237.000,104.000,0.488889,0.361111,-0.794095,40.800,61.784,145.820,1937.0
Stephanie_9_puntos_intento_9.mp4,867,7225.000,True,149.000,169.000,0.000,237.000,104.000,0.488889,0.361111,-0.794095,41.316,61.808,145.689,1947.0
Stephanie_9_puntos_intento_9.mp4,868,7233.333,True,149.000,169.000,0.000,237.000,104.000,0.488889,0.361111,-0.794095,40.934,61.625,145.806,1943.0
Stephanie_9_puntos_intento_9.mp4,869,7241.667,True,149.000,169.000,0.000,237.000,104.000,0.488889,0.361111,-0.794095,41.119,61.492,146.878,1958.0
Stephanie_9_puntos_intento_9.mp4,870,7250.000,True,149.000,169.000,0.000,237.000,104.000,0.488889,0.361111,-0.794095,41.735,62.003,146.446,1981.0
Stephanie_9_puntos_intento_9.mp4,871,7258.333,True,149.000,169.000,0.000,237.000,104.000,0.488889,0.361111,-0.794095,41.220,62.050,147.427,1965.5
Stephanie_9_puntos_intento_9.mp4,872,7266.667,True,149.000,169.000,0.000,237.000,104.000,0.488889,0.361111,-0.794095,41.390,61.814,146.555,1967.5
Stephanie_9_puntos_intento_9.mp4,873,7275.000,True,149.000,169.000,0.000,237.000,104.000,0.488889,0.361111,-0.794095,41.433,61.967,146.234,1970.0
Stephanie_9_puntos_intento_9.mp4,874,7283.333,True,149.000,169.000,0.000,237.000,104.000,0.488889,0.361111,-0.794095,41.410,62.264,147.288,1983.0
Stephanie_9_puntos_intento_9.mp4,875,7291.667,True,149.000,169.000,0.000,237.000,104.000,0.488889,0.361111,-0.794095,41.627,61.931,147.311,1984.0
Stephanie_9_puntos_intento_9.mp4,876,7300.000,True,149.000,169.000,0.000,237.000,104.000,0.488889,0.361111,-0.794095,42.172,61.259,146.901,1983.0
Stephanie_9_puntos_intento_9.mp4,877,7308.333,True,149.000,169.000,0.000,237.000,104.000,0.488889,0.361111,-0.794095,41.763,62.200,146.417,1996.5
Stephanie_9_puntos_intento_9.mp4,878,7316.667,True,149.000,169.000,0.000,237.000,104.000,0.488889,0.361111,-0.794095,41.888,61.593,146.809,1988.0
Stephanie_9_puntos_intento_9.mp4,879,7325.000,True,149.000,169.000,0.000,237.000,104.000,0.488889,0.361111,-0.794095,41.651,61.977,146.732,1993.5
Stephanie_9_puntos_intento_9.mp4,880,7333.333,True,149.000,169.000,0.000,237.000,104.000,0.488889,0.361111,-0.794095,41.732,61.886,146.076,1987.5
Stephanie_9_puntos_intento_9.mp4,881,7341.667,True,149.000,169.000,0.000,237.000,104.000,0.488889,0.361111,-0.794095,41.428,62.187,146.550,1992.0
Stephanie_9_puntos_intento_9.mp4,882,7350.000,True,149.000,169.000,0.000,237.000,104.000,0.488889,0.361111,-0.794095,41.735,62.199,146.791,2003.5
Stephanie_9_puntos_intento_9.mp4,883,7358.333,True,149.000,169.000,0.000,237.000,104.000,0.488889,0.361111,-0.794095,41.539,61.943,147.402,1991.0
Stephanie_9_puntos_intento_9.mp4,884,7366.667,True,149.000,169.000,0.000,237.000,104.000,0.488889,0.361111,-0.794095,42.048,62.130,146.338,2019.5
Stephanie_9_puntos_intento_9.mp4,885,7375.000,True,149.000,169.000,0.000,237.000,104.000,0.488889,0.361111,-0.794095,41.451,62.459,147.206,1995.0
Stephanie_9_puntos_intento_9.mp4,886,7383.333,True,149.000,169.000,0.000,237.000,104.000,0.488889,0.361111,-0.794095,41.988,62.290,147.591,2022.5
Stephanie_9_puntos_intento_9.mp4,887,7391.667,True,149.000,169.000,0.000,237.000,104.000,0.488889,0.361111,-0.794095,42.113,62.186,146.160,2006.5
Stephanie_9_puntos_intento_9.mp4,888,7400.000,True,149.000,169.000,0.000,237.000,104.000,0.488889,0.361111,-0.794095,41.609,62.587,146.501,2016.0
Stephanie_9_puntos_intento_9.mp4,889,7408.333,True,149.000,169.000,0.000,237.000,104.000,0.488889,0.361111,-0.794095,41.927,62.759,147.501,2006.5
Stephanie_9_puntos_intento_9.mp4,890,7416.667,True,149.000,169.000,0.000,237.000,104.000,0.488889,0.361111,-0.794095,41.869,63.075,148.078,2022.0
Stephanie_9_puntos_intento_9.mp4,891,7425.000,True,149.000,169.000,0.000,237.000,104.000,0.488889,0.361111,-0.794095,42.007,62.856,147.627,2021.5
Stephanie_9_puntos_intento_9.mp4,892,7433.333,True,149.000,169.000,0.000,237.000,104.000,0.488889,0.361111,-0.794095,41.842,63.076,146.900,2026.5
Stephanie_9_puntos_intento_9.mp4,893,7441.667,True,149.000,169.000,0.000,237.000,104.000,0.488889,0.361111,-0.794095,41.939,62.743,146.638,2021.5
Stephanie_9_puntos_intento_9.mp4,894,7450.000,True,149.000,169.000,0.000,237.000,104.000,0.488889,0.361111,-0.794095,41.958,62.697,146.719,2026.5
Stephanie_9_puntos_intento_9.mp4,895,7458.333,True,149.000,169.000,0.000,237.000,104.000,0.488889,0.361111,-0.794095,42.028,62.782,146.725,2028.5
Stephanie_9_puntos_intento_9.mp4,896,7466.667,True,149.000,169.000,0.000,237.000,104.000,0.488889,0.361111,-0.794095,42.185,62.850,147.242,2031.5
Stephanie_9_puntos_intento_9.mp4,897,7475.000,True,149.000,169.000,0.000,237.000,104.000,0.488889,0.361111,-0.794095,42.045,62.496,146.928,2020.0
Stephanie_9_puntos_intento_9.mp4,898,7483.333,True,149.000,169.000,0.000,237.000,104.000,0.488889,0.361111,-0.794095,41.768,62.270,147.002,2011.0
Stephanie_9_puntos_intento_9.mp4,899,7491.667,True,149.000,169.000,0.000,237.000,104.000,0.488889,0.361111,-0.794095,41.781,62.432,147.298,2015.5
Stephanie_9_puntos_intento_9.mp4,900,7500.000,True,149.000,169.000,0.000,237.000,104.000,0.488889,0.361111,-0.794095,41.873,62.688,147.028,2019.5
Stephanie_9_puntos_intento_9.mp4,901,7508.333,True,149.000,169.000,0.000,237.000,104.000,0.488889,0.361111,-0.794095,42.072,62.816,146.459,2028.5
Stephanie_9_puntos_intento_9.mp4,902,7516.667,True,149.000,169.000,0.000,237.000,104.000,0.488889,0.361111,-0.794095,41.819,62.491,147.425,2013.5
Stephanie_9_puntos_intento_9.mp4,903,7525.000,True,149.000,169.000,0.000,237.000,104.000,0.488889,0.361111,-0.794095,41.709,62.149,147.213,2003.5
Stephanie_9_puntos_intento_9.mp4,904,7533.333,True,149.000,169.000,0.000,237.000,104.000,0.488889,0.361111,-0.794095,42.115,62.315,147.662,2013.0
Stephanie_9_puntos_intento_9.mp4,905,7541.667,True,149.000,169.000,0.000,237.000,104.000,0.488889,0.361111,-0.794095,42.178,62.409,147.090,2021.5
Stephanie_9_puntos_intento_9.mp4,906,7550.000,True,149.000,169.000,0.000,237.000,104.000,0.488889,0.361111,-0.794095,42.049,61.921,146.322,2013.5
Stephanie_9_puntos_intento_9.mp4,907,7558.333,True,149.000,169.000,0.000,237.000,104.000,0.488889,0.361111,-0.794095,41.850,62.611,146.118,2021.5
Stephanie_9_puntos_intento_9.mp4,908,7566.667,True,149.000,169.000,0.000,237.000,104.000,0.488889,0.361111,-0.794095,41.603,62.703,145.953,2009.0
Stephanie_9_puntos_intento_9.mp4,909,7575.000,True,149.000,169.000,0.000,237.000,104.000,0.488889,0.361111,-0.794095,41.725,62.293,146.484,2006.0
Stephanie_9_puntos_intento_9.mp4,910,7583.333,True,149.000,169.000,0.000,237.000,104.000,0.488889,0.361111,-0.794095,41.864,62.546,146.723,2018.0
Stephanie_9_puntos_intento_9.mp4,911,7591.667,True,149.000,169.000,0.000,237.000,104.000,0.488889,0.361111,-0.794095,41.723,62.447,146.837,2016.0
Stephanie_9_puntos_intento_9.mp4,912,7600.000,True,149.000,169.000,0.000,237.000,104.000,0.488889,0.361111,-0.794095,41.829,62.025,147.087,2013.5
Stephanie_9_puntos_intento_9.mp4,913,7608.333,True,149.000,169.000,0.000,237.000,104.000,0.488889,0.361111,-0.794095,41.969,62.825,146.825,2020.0
Stephanie_9_puntos_intento_9.mp4,914,7616.667,True,149.000,169.000,0.000,237.000,104.000,0.488889,0.361111,-0.794095,41.519,63.182,147.880,2022.5
Stephanie_9_puntos_intento_9.mp4,915,7625.000,True,149.000,169.000,0.000,237.000,104.000,0.488889,0.361111,-0.794095,41.449,62.605,147.739,2009.0
Stephanie_9_puntos_intento_9.mp4,916,7633.333,True,149.000,169.000,0.000,237.000,104.000,0.488889,0.361111,-0.794095,41.536,62.798,147.049,2007.0
Stephanie_9_puntos_intento_9.mp4,917,7641.667,True,149.000,169.000,0.000,237.000,104.000,0.488889,0.361111,-0.794095,41.654,62.480,146.993,2002.5
Stephanie_9_puntos_intento_9.mp4,918,7650.000,True,149.000,169.000,0.000,237.000,104.000,0.488889,0.361111,-0.794095,41.718,62.242,146.833,2012.0
Stephanie_9_puntos_intento_9.mp4,919,7658.333,True,149.000,169.000,0.000,237.000,104.000,0.488889,0.361111,-0.794095,41.862,62.057,147.149,2008.5
Stephanie_9_puntos_intento_9.mp4,920,7666.667,True,149.000,169.000,0.000,237.000,104.000,0.488889,0.361111,-0.794095,41.831,62.601,146.650,2010.0
Stephanie_9_puntos_intento_9.mp4,921,7675.000,True,149.000,169.000,0.000,237.000,104.000,0.488889,0.361111,-0.794095,41.862,62.400,146.060,2003.0
Stephanie_9_puntos_intento_9.mp4,922,7683.333,True,149.000,169.000,0.000,237.000,104.000,0.488889,0.361111,-0.794095,41.721,61.999,146.846,1997.0
Stephanie_9_puntos_intento_9.mp4,923,7691.667,True,149.000,169.000,0.000,237.000,104.000,0.488889,0.361111,-0.794095,41.346,62.164,147.477,1999.0
Stephanie_9_puntos_intento_9.mp4,924,7700.000,True,149.000,168.000,0.000,237.000,104.000,0.488889,0.355556,-0.796598,41.977,62.393,147.372,2013.5
Stephanie_9_puntos_intento_9.mp4,925,7708.333,True,149.000,168.000,0.000,237.000,104.000,0.488889,0.355556,-0.796598,41.696,63.101,147.544,2012.0
Stephanie_9_puntos_intento_9.mp4,926,7716.667,True,149.000,168.000,0.000,237.000,104.000,0.488889,0.355556,-0.796598,41.557,62.753,146.809,1997.0
Stephanie_9_puntos_intento_9.mp4,927,7725.000,True,149.000,168.000,0.000,237.000,104.000,0.488889,0.355556,-0.796598,41.705,62.763,146.620,2006.5
Stephanie_9_puntos_intento_9.mp4,928,7733.333,True,149.000,168.000,0.000,237.000,104.000,0.488889,0.355556,-0.796598,41.868,63.142,146.570,2029.0
Stephanie_9_puntos_intento_9.mp4,929,7741.667,True,149.000,168.000,0.000,237.000,104.000,0.488889,0.355556,-0.796598,41.804,63.270,146.046,2021.5
Stephanie_9_puntos_intento_9.mp4,930,7750.000,True,149.000,168.000,0.000,237.000,104.000,0.488889,0.355556,-0.796598,41.807,62.326,146.299,2018.5
Stephanie_9_puntos_intento_9.mp4,931,7758.333,True,149.000,168.000,0.000,237.000,104.000,0.488889,0.355556,-0.796598,41.822,62.983,147.009,2026.0
Stephanie_9_puntos_intento_9.mp4,932,7766.667,True,149.000,168.000,0.000,237.000,104.000,0.488889,0.355556,-0.796598,41.997,62.646,146.921,2022.0
Stephanie_9_puntos_intento_9.mp4,933,7775.000,True,149.000,168.000,0.000,237.000,104.000,0.488889,0.355556,-0.796598,41.539,62.720,147.369,2006.5
Stephanie_9_puntos_intento_9.mp4,934,7783.333,True,149.000,168.000,0.000,237.000,104.000,0.488889,0.355556,-0.796598,41.532,62.635,147.215,2012.5
Stephanie_9_puntos_intento_9.mp4,935,7791.667,True,149.000,168.000,0.000,236.000,104.000,0.483333,0.355556,-0.799981,41.248,63.192,147.638,2013.0
Stephanie_9_puntos_intento_9.mp4,936,7800.000,True,149.000,168.000,0.000,237.000,104.000,0.488889,0.355556,-0.796598,41.248,62.717,147.039,2005.5
Stephanie_9_puntos_intento_9.mp4,937,7808.333,True,149.000,168.000,0.000,236.000,104.000,0.483333,0.355556,-0.799981,41.921,62.198,148.088,1999.0
Stephanie_9_puntos_intento_9.mp4,938,7816.667,True,149.000,168.000,0.000,236.000,104.000,0.483333,0.355556,-0.799981,41.455,62.313,147.698,1992.5
Stephanie_9_puntos_intento_9.mp4,939,7825.000,True,149.000,168.000,0.000,236.000,104.000,0.483333,0.355556,-0.799981,41.601,62.596,147.407,2004.0
Stephanie_9_puntos_intento_9.mp4,940,7833.333,True,149.000,168.000,0.000,236.000,104.000,0.483333,0.355556,-0.799981,41.732,62.537,147.654,2012.5
Stephanie_9_puntos_intento_9.mp4,941,7841.667,True,149.000,168.000,0.000,236.000,103.000,0.483333,0.361111,-0.797488,41.621,62.401,147.333,2005.0
Stephanie_9_puntos_intento_9.mp4,942,7850.000,True,149.000,168.000,0.000,236.000,104.000,0.483333,0.355556,-0.799981,41.526,62.699,147.051,2003.5
Stephanie_9_puntos_intento_9.mp4,943,7858.333,True,149.000,168.000,0.000,236.000,103.000,0.483333,0.361111,-0.797488,41.807,62.662,147.200,2013.0
Stephanie_9_puntos_intento_9.mp4,944,7866.667,True,149.000,168.000,0.000,236.000,104.000,0.483333,0.355556,-0.799981,41.535,62.746,146.885,2005.0
Stephanie_9_puntos_intento_9.mp4,945,7875.000,True,149.000,168.000,0.000,236.000,104.000,0.483333,0.355556,-0.799981,41.810,62.868,147.426,2026.5
Stephanie_9_puntos_intento_9.mp4,946,7883.333,True,149.000,168.000,0.000,236.000,104.000,0.483333,0.355556,-0.799981,41.817,62.242,147.132,2010.0
Stephanie_9_puntos_intento_9.mp4,947,7891.667,True,149.000,168.000,0.000,236.000,104.000,0.483333,0.355556,-0.799981,41.457,62.704,146.568,2000.0
Stephanie_9_puntos_intento_9.mp4,948,7900.000,True,149.000,168.000,0.000,236.000,103.000,0.483333,0.361111,-0.797488,41.653,62.457,147.640,2002.5
Stephanie_9_puntos_intento_9.mp4,949,7908.333,True,149.000,168.000,0.000,236.000,104.000,0.483333,0.355556,-0.799981,42.018,62.258,146.741,2017.0
Stephanie_9_puntos_intento_9.mp4,950,7916.667,True,149.000,168.000,0.000,236.000,104.000,0.483333,0.355556,-0.799981,41.870,62.400,146.575,2011.0
Stephanie_9_puntos_intento_9.mp4,951,7925.000,True,149.000,168.000,0.000,236.000,104.000,0.483333,0.355556,-0.799981,41.766,62.426,147.649,2014.0
Stephanie_9_puntos_intento_9.mp4,952,7933.333,True,149.000,168.000,0.000,236.000,104.000,0.483333,0.355556,-0.799981,42.046,62.783,146.595,2025.0
Stephanie_9_puntos_intento_9.mp4,953,7941.667,True,149.000,168.000,0.000,237.000,104.000,0.488889,0.355556,-0.796598,42.368,62.298,146.694,2029.0
Stephanie_9_puntos_intento_9.mp4,954,7950.000,True,149.000,168.000,0.000,236.000,103.000,0.483333,0.361111,-0.797488,41.972,62.488,146.974,2009.5
Stephanie_9_puntos_intento_9.mp4,955,7958.333,True,149.000,168.000,0.000,236.000,104.000,0.483333,0.355556,-0.799981,41.934,62.510,146.757,2022.0
Stephanie_9_puntos_intento_9.mp4,956,7966.667,True,149.000,168.000,0.000,236.000,104.000,0.483333,0.355556,-0.799981,42.140,62.324,147.207,2029.5
Stephanie_9_puntos_intento_9.mp4,957,7975.000,True,149.000,168.000,0.000,236.000,104.000,0.483333,0.355556,-0.799981,42.114,62.188,146.846,2023.0
Stephanie_9_puntos_intento_9.mp4,958,7983.333,True,149.000,168.000,0.000,236.000,103.000,0.483333,0.361111,-0.797488,42.152,62.076,146.190,2023.0
Stephanie_9_puntos_intento_9.mp4,959,7991.667,True,149.000,168.000,0.000,236.000,104.000,0.483333,0.355556,-0.799981,41.892,62.170,146.512,2009.0
Stephanie_9_puntos_intento_9.mp4,960,8000.000,True,149.000,168.000,0.000,236.000,104.000,0.483333,0.355556,-0.799981,42.026,62.028,145.998,2002.5
Stephanie_9_puntos_intento_9.mp4,961,8008.333,True,149.000,168.000,0.000,236.000,104.000,0.483333,0.355556,-0.799981,41.569,62.629,147.830,1985.0
Stephanie_9_puntos_intento_9.mp4,962,8016.667,True,149.000,168.000,0.000,236.000,103.000,0.483333,0.361111,-0.797488,41.777,62.846,146.781,2025.0
Stephanie_9_puntos_intento_9.mp4,963,8025.000,True,149.000,168.000,0.000,236.000,103.000,0.483333,0.361111,-0.797488,42.073,62.201,146.504,2015.5
Stephanie_9_puntos_intento_9.mp4,964,8033.333,True,149.000,168.000,0.000,236.000,103.000,0.483333,0.361111,-0.797488,41.969,62.483,146.868,2019.5
Stephanie_9_puntos_intento_9.mp4,965,8041.667,True,149.000,168.000,0.000,236.000,103.000,0.483333,0.361111,-0.797488,41.866,62.641,146.338,2020.0
Stephanie_9_puntos_intento_9.mp4,966,8050.000,True,149.000,168.000,0.000,236.000,103.000,0.483333,0.361111,-0.797488,41.758,62.850,146.810,2026.0
Stephanie_9_puntos_intento_9.mp4,967,8058.333,True,149.000,168.000,0.000,236.000,103.000,0.483333,0.361111,-0.797488,41.754,62.870,147.126,2019.5
Stephanie_9_puntos_intento_9.mp4,968,8066.667,True,149.000,168.000,0.000,236.000,104.000,0.483333,0.355556,-0.799981,41.998,63.218,146.870,2056.5
Stephanie_9_puntos_intento_9.mp4,969,8075.000,True,149.000,168.000,0.000,236.000,103.000,0.483333,0.361111,-0.797488,41.790,62.561,146.749,2022.0
Stephanie_9_puntos_intento_9.mp4,970,8083.333,True,149.000,168.000,0.000,236.000,104.000,0.483333,0.355556,-0.799981,41.757,62.488,146.464,2017.0
Stephanie_9_puntos_intento_9.mp4,971,8091.667,True,149.000,168.000,0.000,236.000,103.000,0.483333,0.361111,-0.797488,41.563,62.944,146.879,2011.5
Stephanie_9_puntos_intento_9.mp4,972,8100.000,True,149.000,168.000,0.000,236.000,103.000,0.483333,0.361111,-0.797488,41.740,63.299,146.402,2027.0
Stephanie_9_puntos_intento_9.mp4,973,8108.333,True,149.000,168.000,0.000,236.000,104.000,0.483333,0.355556,-0.799981,41.863,61.831,145.889,2004.0
Stephanie_9_puntos_intento_9.mp4,974,8116.667,True,149.000,168.000,0.000,236.000,104.000,0.483333,0.355556,-0.799981,42.275,62.592,146.014,2037.5
Stephanie_9_puntos_intento_9.mp4,975,8125.000,True,149.000,168.000,0.000,236.000,104.000,0.483333,0.355556,-0.799981,42.098,62.588,146.860,2025.5
Stephanie_9_puntos_intento_9.mp4,976,8133.333,True,149.000,168.000,0.000,236.000,104.000,0.483333,0.355556,-0.799981,42.299,62.825,145.113,2046.5
Stephanie_9_puntos_intento_9.mp4,977,8141.667,True,149.000,168.000,0.000,236.000,104.000,0.483333,0.355556,-0.799981,42.510,62.487,146.412,2044.5
Stephanie_9_puntos_intento_9.mp4,978,8150.000,True,149.000,168.000,0.000,236.000,104.000,0.483333,0.355556,-0.799981,42.166,62.486,146.335,2034.0
Stephanie_9_puntos_intento_9.mp4,979,8158.333,True,149.000,168.000,0.000,236.000,104.000,0.483333,0.355556,-0.799981,42.396,62.515,146.615,2047.0
Stephanie_9_puntos_intento_9.mp4,980,8166.667,True,149.000,168.000,0.000,236.000,104.000,0.483333,0.355556,-0.799981,42.200,62.994,146.662,2045.5
Stephanie_9_puntos_intento_9.mp4,981,8175.000,True,149.000,168.000,0.000,236.000,103.000,0.483333,0.361111,-0.797488,42.040,62.731,146.441,2032.5
Stephanie_9_puntos_intento_9.mp4,982,8183.333,True,149.000,168.000,0.000,236.000,103.000,0.483333,0.361111,-0.797488,42.433,62.795,145.556,2045.5
Stephanie_9_puntos_intento_9.mp4,983,8191.667,True,149.000,168.000,0.000,236.000,104.000,0.483333,0.355556,-0.799981,42.307,62.599,145.212,2040.0
Stephanie_9_puntos_intento_9.mp4,984,8200.000,True,149.000,168.000,0.000,236.000,103.000,0.483333,0.361111,-0.797488,42.231,63.017,146.660,2047.0
Stephanie_9_puntos_intento_9.mp4,985,8208.333,True,149.000,168.000,0.000,236.000,104.000,0.483333,0.355556,-0.799981,42.189,62.383,146.254,2004.5
Stephanie_9_puntos_intento_9.mp4,986,8216.667,True,149.000,168.000,0.000,236.000,104.000,0.483333,0.355556,-0.799981,42.001,62.683,145.932,2019.5
Stephanie_9_puntos_intento_9.mp4,987,8225.000,True,149.000,168.000,0.000,236.000,104.000,0.483333,0.355556,-0.799981,42.300,62.722,146.220,2031.0
Stephanie_9_puntos_intento_9.mp4,988,8233.333,True,149.000,168.000,0.000,236.000,103.000,0.483333,0.361111,-0.797488,42.081,62.704,145.719,2035.5
Stephanie_9_puntos_intento_9.mp4,989,8241.667,True,149.000,168.000,0.000,236.000,104.000,0.483333,0.355556,-0.799981,42.298,62.305,146.151,2023.5
Stephanie_9_puntos_intento_9.mp4,990,8250.000,True,149.000,168.000,0.000,236.000,103.000,0.483333,0.361111,-0.797488,42.176,62.521,146.044,2029.5
Stephanie_9_puntos_intento_9.mp4,991,8258.333,True,149.000,168.000,0.000,236.000,104.000,0.483333,0.355556,-0.799981,42.288,62.453,146.398,2040.0
Stephanie_9_puntos_intento_9.mp4,992,8266.667,True,149.000,168.000,0.000,236.000,104.000,0.483333,0.355556,-0.799981,42.395,62.323,146.532,2031.5
Stephanie_9_puntos_intento_9.mp4,993,8275.000,True,149.000,168.000,0.000,236.000,104.000,0.483333,0.355556,-0.799981,42.379,62.467,146.278,2035.0
Stephanie_9_puntos_intento_9.mp4,994,8283.333,True,149.000,168.000,0.000,236.000,104.000,0.483333,0.355556,-0.799981,42.628,62.347,145.898,2054.0
Stephanie_9_puntos_intento_9.mp4,995,8291.667,True,149.000,168.000,0.000,236.000,104.000,0.483333,0.355556,-0.799981,42.209,62.367,146.212,2030.5
Stephanie_9_puntos_intento_9.mp4,996,8300.000,True,149.000,168.000,0.000,236.000,103.000,0.483333,0.361111,-0.797488,42.123,62.840,145.948,2033.5
Stephanie_9_puntos_intento_9.mp4,997,8308.333,True,149.000,168.000,0.000,236.000,103.000,0.483333,0.361111,-0.797488,42.153,62.370,145.758,2015.5
Stephanie_9_puntos_intento_9.mp4,998,8316.667,True,149.000,168.000,0.000,236.000,103.000,0.483333,0.361111,-0.797488,42.392,63.054,146.724,2037.5
Stephanie_9_puntos_intento_9.mp4,999,8325.000,True,149.000,168.000,0.000,236.000,104.000,0.483333,0.355556,-0.799981,41.877,63.150,146.303,2034.0
Stephanie_9_puntos_intento_9.mp4,1000,8333.333,True,149.000,168.000,0.000,236.000,103.000,0.483333,0.361111,-0.797488,42.477,63.403,146.273,2051.5
Stephanie_9_puntos_intento_9.mp4,1001,8341.667,True,149.000,168.000,0.000,236.000,103.000,0.483333,0.361111,-0.797488,42.587,62.930,146.513,2057.0
Stephanie_9_puntos_intento_9.mp4,1002,8350.000,True,149.000,168.000,0.000,236.000,104.000,0.483333,0.355556,-0.799981,42.512,62.716,145.556,2045.0
Stephanie_9_puntos_intento_9.mp4,1003,8358.333,True,149.000,168.000,0.000,236.000,103.000,0.483333,0.361111,-0.797488,42.165,62.452,146.065,2026.0
Stephanie_9_puntos_intento_9.mp4,1004,8366.667,True,149.000,168.000,0.000,236.000,103.000,0.483333,0.361111,-0.797488,41.852,63.522,145.534,2043.0
Stephanie_9_puntos_intento_9.mp4,1005,8375.000,True,149.000,168.000,0.000,236.000,103.000,0.483333,0.361111,-0.797488,42.114,63.237,146.012,2053.5
Stephanie_9_puntos_intento_9.mp4,1006,8383.333,True,149.000,168.000,0.000,236.000,103.000,0.483333,0.361111,-0.797488,42.398,62.884,146.590,2051.5
Stephanie_9_puntos_intento_9.mp4,1007,8391.667,True,149.000,168.000,0.000,236.000,103.000,0.483333,0.361111,-0.797488,42.384,62.539,146.038,2051.5
Stephanie_9_puntos_intento_9.mp4,1008,8400.000,True,149.000,168.000,0.000,236.000,103.000,0.483333,0.361111,-0.797488,42.330,62.851,146.330,2057.5
Stephanie_9_puntos_intento_9.mp4,1009,8408.333,True,149.000,168.000,0.000,236.000,103.000,0.483333,0.361111,-0.797488,42.516,62.181,146.170,2042.5
Stephanie_9_puntos_intento_9.mp4,1010,8416.667,True,149.000,168.000,0.000,235.000,103.000,0.477778,0.361111,-0.800829,42.552,62.245,146.206,2042.0
Stephanie_9_puntos_intento_9.mp4,1011,8425.000,True,149.000,168.000,0.000,236.000,104.000,0.483333,0.355556,-0.799981,42.529,63.074,145.543,2064.5
Stephanie_9_puntos_intento_9.mp4,1012,8433.333,True,149.000,168.000,0.000,235.000,103.000,0.477778,0.361111,-0.800829,42.333,63.222,146.186,2060.0
Stephanie_9_puntos_intento_9.mp4,1013,8441.667,True,149.000,168.000,0.000,235.000,103.000,0.477778,0.361111,-0.800829,42.494,63.280,145.789,2069.0
Stephanie_9_puntos_intento_9.mp4,1014,8450.000,True,149.000,168.000,0.000,235.000,103.000,0.477778,0.361111,-0.800829,42.749,63.071,147.229,2081.0
Stephanie_9_puntos_intento_9.mp4,1015,8458.333,True,149.000,168.000,0.000,235.000,103.000,0.477778,0.361111,-0.800829,42.681,63.089,145.982,2063.5
Stephanie_9_puntos_intento_9.mp4,1016,8466.667,True,149.000,168.000,0.000,235.000,103.000,0.477778,0.361111,-0.800829,42.570,63.498,145.582,2088.0
Stephanie_9_puntos_intento_9.mp4,1017,8475.000,True,149.000,168.000,0.000,235.000,103.000,0.477778,0.361111,-0.800829,42.284,63.196,145.951,2072.5
Stephanie_9_puntos_intento_9.mp4,1018,8483.333,True,149.000,168.000,0.000,235.000,103.000,0.477778,0.361111,-0.800829,42.389,63.157,146.021,2067.0
Stephanie_9_puntos_intento_9.mp4,1019,8491.667,True,149.000,168.000,0.000,235.000,103.000,0.477778,0.361111,-0.800829,42.564,63.093,146.406,2083.0
Stephanie_9_puntos_intento_9.mp4,1020,8500.000,True,149.000,168.000,0.000,235.000,103.000,0.477778,0.361111,-0.800829,42.737,62.999,146.502,2084.0
Stephanie_9_puntos_intento_9.mp4,1021,8508.333,True,149.000,168.000,0.000,235.000,103.000,0.477778,0.361111,-0.800829,42.718,62.761,146.564,2057.5
Stephanie_9_puntos_intento_9.mp4,1022,8516.667,True,149.000,168.000,0.000,235.000,103.000,0.477778,0.361111,-0.800829,42.561,63.537,145.832,2085.0
Stephanie_9_puntos_intento_9.mp4,1023,8525.000,True,149.000,168.000,0.000,235.000,103.000,0.477778,0.361111,-0.800829,42.825,63.514,145.654,2090.0
Stephanie_9_puntos_intento_9.mp4,1024,8533.333,True,149.000,168.000,0.000,235.000,103.000,0.477778,0.361111,-0.800829,42.534,63.457,146.175,2089.5
Stephanie_9_puntos_intento_9.mp4,1025,8541.667,True,149.000,168.000,0.000,235.000,103.000,0.477778,0.361111,-0.800829,42.728,63.360,146.756,2082.5
Stephanie_9_puntos_intento_9.mp4,1026,8550.000,True,149.000,168.000,0.000,235.000,103.000,0.477778,0.361111,-0.800829,42.709,62.968,146.728,2068.0
Stephanie_9_puntos_intento_9.mp4,1027,8558.333,True,149.000,168.000,0.000,235.000,103.000,0.477778,0.361111,-0.800829,43.272,63.145,145.930,2102.0
Stephanie_9_puntos_intento_9.mp4,1028,8566.667,True,149.000,168.000,0.000,235.000,103.000,0.477778,0.361111,-0.800829,42.797,63.514,145.980,2098.0
Stephanie_9_puntos_intento_9.mp4,1029,8575.000,True,149.000,167.000,0.000,235.000,103.000,0.477778,0.355556,-0.803311,42.855,63.370,146.941,2091.5
Stephanie_9_puntos_intento_9.mp4,1030,8583.333,True,149.000,167.000,0.000,235.000,103.000,0.477778,0.355556,-0.803311,42.994,63.343,146.512,2098.0
Stephanie_9_puntos_intento_9.mp4,1031,8591.667,True,149.000,167.000,0.000,235.000,103.000,0.477778,0.355556,-0.803311,43.192,63.469,146.775,2100.5
Stephanie_9_puntos_intento_9.mp4,1032,8600.000,True,149.000,167.000,0.000,235.000,103.000,0.477778,0.355556,-0.803311,42.877,63.327,147.107,2097.5
Stephanie_9_puntos_intento_9.mp4,1033,8608.333,True,149.000,167.000,0.000,235.000,103.000,0.477778,0.355556,-0.803311,43.179,63.317,145.978,2100.5
Stephanie_9_puntos_intento_9.mp4,1034,8616.667,True,149.000,167.000,0.000,230.000,104.000,0.450000,0.350000,-0.821584,44.982,62.913,146.981,2183.0
Stephanie_9_puntos_intento_9.mp4,1035,8625.000,True,149.000,167.000,0.000,221.000,105.000,0.400000,0.344444,-0.849328,48.948,62.974,142.792,2361.0
Stephanie_9_puntos_intento_9.mp4,1036,8633.333,True,149.000,167.000,0.000,211.000,106.000,0.344444,0.338889,-0.875507,52.637,62.897,141.478,2551.5
Stephanie_9_puntos_intento_9.mp4,1037,8641.667,True,149.000,167.000,0.000,201.000,107.000,0.288889,0.333333,-0.897459,54.769,62.000,130.624,2636.0
Stephanie_9_puntos_intento_9.mp4,1038,8650.000,True,149.000,167.000,0.000,195.000,108.000,0.255556,0.327778,-0.909535,55.970,63.064,125.860,2724.0
Stephanie_9_puntos_intento_9.mp4,1039,8658.333,True,149.000,167.000,0.000,193.000,107.000,0.244444,0.333333,-0.910569,55.813,63.272,122.909,2739.5
Stephanie_9_puntos_intento_9.mp4,1040,8666.667,True,149.000,167.000,0.000,194.000,107.000,0.250000,0.333333,-0.909059,55.031,63.374,128.743,2685.5
Stephanie_9_puntos_intento_9.mp4,1041,8675.000,True,149.000,167.000,0.000,193.000,107.000,0.244444,0.333333,-0.910569,54.891,63.462,124.816,2694.5
Stephanie_9_puntos_intento_9.mp4,1042,8683.333,True,149.000,167.000,0.000,193.000,107.000,0.244444,0.333333,-0.910569,55.346,63.025,124.122,2706.0
Stephanie_9_puntos_intento_9.mp4,1043,8691.667,True,149.000,167.000,0.000,193.000,107.000,0.244444,0.333333,-0.910569,55.382,63.788,126.160,2706.5
Stephanie_9_puntos_intento_9.mp4,1044,8700.000,True,149.000,167.000,0.000,193.000,107.000,0.244444,0.333333,-0.910569,55.377,63.656,125.781,2703.0
Stephanie_9_puntos_intento_9.mp4,1045,8708.333,True,149.000,167.000,0.000,193.000,107.000,0.244444,0.333333,-0.910569,55.351,64.020,126.507,2708.0
Stephanie_9_puntos_intento_9.mp4,1046,8716.667,True,149.000,167.000,0.000,193.000,107.000,0.244444,0.333333,-0.910569,55.116,63.398,125.833,2699.5
Stephanie_9_puntos_intento_9.mp4,1047,8725.000,True,149.000,167.000,0.000,193.000,107.000,0.244444,0.333333,-0.910569,55.019,63.448,122.428,2681.0
Stephanie_9_puntos_intento_9.mp4,1048,8733.333,True,149.000,167.000,0.000,193.000,107.000,0.244444,0.333333,-0.910569,55.324,63.545,124.429,2693.5
Stephanie_9_puntos_intento_9.mp4,1049,8741.667,True,149.000,167.000,0.000,193.000,107.000,0.244444,0.333333,-0.910569,55.529,63.400,123.593,2692.5
Stephanie_9_puntos_intento_9.mp4,1050,8750.000,True,149.000,167.000,0.000,193.000,107.000,0.244444,0.333333,-0.910569,55.025,63.542,121.523,2717.0
Stephanie_9_puntos_intento_9.mp4,1051,8758.333,True,149.000,167.000,0.000,193.000,107.000,0.244444,0.333333,-0.910569,55.305,63.642,121.586,2696.5
Stephanie_9_puntos_intento_9.mp4,1052,8766.667,True,149.000,167.000,0.000,193.000,107.000,0.244444,0.333333,-0.910569,55.290,63.523,121.946,2693.0
Stephanie_9_puntos_intento_9.mp4,1053,8775.000,True,149.000,167.000,0.000,193.000,107.000,0.244444,0.333333,-0.910569,54.952,63.247,120.127,2690.5
Stephanie_9_puntos_intento_9.mp4,1054,8783.333,True,149.000,167.000,0.000,193.000,107.000,0.244444,0.333333,-0.910569,54.988,63.525,121.713,2689.0
Stephanie_9_puntos_intento_9.mp4,1055,8791.667,True,149.000,167.000,0.000,193.000,107.000,0.244444,0.333333,-0.910569,55.356,63.411,121.343,2675.5
Stephanie_9_puntos_intento_9.mp4,1056,8800.000,True,149.000,167.000,0.000,193.000,107.000,0.244444,0.333333,-0.910569,54.936,63.416,122.898,2685.0
Stephanie_9_puntos_intento_9.mp4,1057,8808.333,True,149.000,167.000,0.000,194.000,106.000,0.250000,0.338889,-0.907003,55.659,63.167,122.610,2668.0
Stephanie_9_puntos_intento_9.mp4,1058,8816.667,True,149.000,167.000,0.000,194.000,106.000,0.250000,0.338889,-0.907003,55.749,64.638,123.350,2766.0
Stephanie_9_puntos_intento_9.mp4,1059,8825.000,True,149.000,167.000,0.000,194.000,106.000,0.250000,0.338889,-0.907003,56.056,64.335,123.376,2772.0
Stephanie_9_puntos_intento_9.mp4,1060,8833.333,True,149.000,167.000,0.000,193.000,106.000,0.244444,0.338889,-0.908516,56.445,64.550,126.662,2792.0
Stephanie_9_puntos_intento_9.mp4,1061,8841.667,True,149.000,167.000,0.000,194.000,106.000,0.250000,0.338889,-0.907003,55.622,64.750,125.641,2778.0
Stephanie_9_puntos_intento_9.mp4,1062,8850.000,True,149.000,167.000,0.000,194.000,106.000,0.250000,0.338889,-0.907003,56.060,64.909,128.389,2783.0
Stephanie_9_puntos_intento_9.mp4,1063,8858.333,True,149.000,167.000,0.000,194.000,107.000,0.250000,0.333333,-0.909059,55.919,64.495,126.244,2790.0
Stephanie_9_puntos_intento_9.mp4,1064,8866.667,True,149.000,167.000,0.000,194.000,106.000,0.250000,0.338889,-0.907003,56.064,64.246,125.678,2770.5
Stephanie_9_puntos_intento_9.mp4,1065,8875.000,True,149.000,167.000,0.000,194.000,106.000,0.250000,0.338889,-0.907003,55.854,64.508,125.491,2759.5
Stephanie_9_puntos_intento_9.mp4,1066,8883.333,True,149.000,167.000,0.000,194.000,106.000,0.250000,0.338889,-0.907003,55.884,64.257,124.039,2776.0
Stephanie_9_puntos_intento_9.mp4,1067,8891.667,True,149.000,167.000,0.000,194.000,106.000,0.250000,0.338889,-0.907003,55.753,64.883,125.750,2786.5
Stephanie_9_puntos_intento_9.mp4,1068,8900.000,True,149.000,167.000,0.000,194.000,106.000,0.250000,0.338889,-0.907003,55.864,64.670,125.827,2778.5
Stephanie_9_puntos_intento_9.mp4,1069,8908.333,True,149.000,167.000,0.000,194.000,106.000,0.250000,0.338889,-0.907003,55.854,64.625,125.776,2769.0
Stephanie_9_puntos_intento_9.mp4,1070,8916.667,True,149.000,167.000,0.000,194.000,106.000,0.250000,0.338889,-0.907003,55.690,64.501,126.757,2768.5
Stephanie_9_puntos_intento_9.mp4,1071,8925.000,True,148.000,167.000,0.000,194.000,106.000,0.255556,0.338889,-0.905453,55.818,64.328,126.419,2759.0
Stephanie_9_puntos_intento_9.mp4,1072,8933.333,True,148.000,167.000,0.000,194.000,106.000,0.255556,0.338889,-0.905453,55.979,64.391,125.354,2789.5
Stephanie_9_puntos_intento_9.mp4,1073,8941.667,True,148.000,167.000,0.000,194.000,106.000,0.255556,0.338889,-0.905453,55.555,64.706,126.744,2757.0
Stephanie_9_puntos_intento_9.mp4,1074,8950.000,True,148.000,167.000,0.000,194.000,106.000,0.255556,0.338889,-0.905453,56.340,64.665,125.884,2790.5
Stephanie_9_puntos_intento_9.mp4,1075,8958.333,True,148.000,167.000,0.000,194.000,106.000,0.255556,0.338889,-0.905453,56.233,64.410,125.407,2775.5
Stephanie_9_puntos_intento_9.mp4,1076,8966.667,True,148.000,167.000,0.000,194.000,106.000,0.255556,0.338889,-0.905453,55.709,64.175,124.849,2771.0
Stephanie_9_puntos_intento_9.mp4,1077,8975.000,True,148.000,167.000,0.000,194.000,106.000,0.255556,0.338889,-0.905453,55.879,64.344,126.889,2766.0
Stephanie_9_puntos_intento_9.mp4,1078,8983.333,True,148.000,167.000,0.000,194.000,106.000,0.255556,0.338889,-0.905453,55.726,64.115,122.812,2756.0
Stephanie_9_puntos_intento_9.mp4,1079,8991.667,True,148.000,167.000,0.000,194.000,106.000,0.255556,0.338889,-0.905453,55.436,64.032,125.391,2737.0
Stephanie_9_puntos_intento_9.mp4,1080,9000.000,True,148.000,167.000,0.000,194.000,106.000,0.255556,0.338889,-0.905453,55.699,63.478,123.145,2746.0
Stephanie_9_puntos_intento_9.mp4,1081,9008.333,True,148.000,167.000,0.000,194.000,106.000,0.255556,0.338889,-0.905453,55.777,64.339,124.703,2737.0
Stephanie_9_puntos_intento_9.mp4,1082,9016.667,True,148.000,167.000,0.000,194.000,106.000,0.255556,0.338889,-0.905453,55.433,63.841,120.861,2727.5
Stephanie_9_puntos_intento_9.mp4,1083,9025.000,True,148.000,167.000,0.000,194.000,106.000,0.255556,0.338889,-0.905453,55.139,64.139,121.482,2726.5
Stephanie_9_puntos_intento_9.mp4,1084,9033.333,True,148.000,167.000,0.000,194.000,106.000,0.255556,0.338889,-0.905453,55.960,64.069,124.711,2750.0
Stephanie_9_puntos_intento_9.mp4,1085,9041.667,True,148.000,167.000,0.000,194.000,106.000,0.255556,0.338889,-0.905453,56.124,64.350,121.916,2775.0
Stephanie_9_puntos_intento_9.mp4,1086,9050.000,True,148.000,167.000,0.000,194.000,106.000,0.255556,0.338889,-0.905453,56.308,64.450,126.297,2774.0
Stephanie_9_puntos_intento_9.mp4,1087,9058.333,True,148.000,167.000,0.000,194.000,106.000,0.255556,0.338889,-0.905453,55.644,64.228,121.384,2741.0
Stephanie_9_puntos_intento_9.mp4,1088,9066.667,True,148.000,167.000,0.000,194.000,106.000,0.255556,0.338889,-0.905453,55.513,64.473,122.504,2747.5
Stephanie_9_puntos_intento_9.mp4,1089,9075.000,True,148.000,167.000,0.000,194.000,106.000,0.255556,0.338889,-0.905453,55.427,64.188,121.887,2737.5
Stephanie_9_puntos_intento_9.mp4,1090,9083.333,True,148.000,167.000,0.000,194.000,106.000,0.255556,0.338889,-0.905453,55.822,64.545,126.767,2755.5
Stephanie_9_puntos_intento_9.mp4,1091,9091.667,True,148.000,167.000,0.000,194.000,106.000,0.255556,0.338889,-0.905453,55.280,64.400,122.542,2734.5
Stephanie_9_puntos_intento_9.mp4,1092,9100.000,True,148.000,167.000,0.000,194.000,106.000,0.255556,0.338889,-0.905453,54.871,64.745,122.350,2736.0
Stephanie_9_puntos_intento_9.mp4,1093,9108.333,True,148.000,167.000,0.000,194.000,106.000,0.255556,0.338889,-0.905453,55.667,63.735,122.879,2729.5
Stephanie_9_puntos_intento_9.mp4,1094,9116.667,True,148.000,167.000,0.000,194.000,106.000,0.255556,0.338889,-0.905453,55.475,64.355,122.048,2750.0
Stephanie_9_puntos_intento_9.mp4,1095,9125.000,True,148.000,167.000,0.000,194.000,106.000,0.255556,0.338889,-0.905453,55.839,64.242,127.352,2742.0
Stephanie_9_puntos_intento_9.mp4,1096,9133.333,True,148.000,167.000,0.000,194.000,106.000,0.255556,0.338889,-0.905453,55.888,64.116,122.439,2773.0
Stephanie_9_puntos_intento_9.mp4,1097,9141.667,True,148.000,167.000,0.000,194.000,105.000,0.255556,0.344444,-0.903355,55.929,63.879,121.969,2746.0
Stephanie_9_puntos_intento_9.mp4,1098,9150.000,True,148.000,167.000,0.000,194.000,105.000,0.255556,0.344444,-0.903355,55.720,63.969,122.587,2732.5
Stephanie_9_puntos_intento_9.mp4,1099,9158.333,True,148.000,167.000,0.000,194.000,106.000,0.255556,0.338889,-0.905453,55.813,64.295,124.932,2773.0
Stephanie_9_puntos_intento_9.mp4,1100,9166.667,True,148.000,167.000,0.000,194.000,105.000,0.255556,0.344444,-0.903355,55.668,63.144,122.145,2735.5
Stephanie_9_puntos_intento_9.mp4,1101,9175.000,True,148.000,167.000,0.000,194.000,105.000,0.255556,0.344444,-0.903355,55.864,64.216,125.224,2777.0
Stephanie_9_puntos_intento_9.mp4,1102,9183.333,True,148.000,167.000,0.000,194.000,105.000,0.255556,0.344444,-0.903355,55.665,64.236,124.146,2753.5
Stephanie_9_puntos_intento_9.mp4,1103,9191.667,True,148.000,167.000,0.000,194.000,106.000,0.255556,0.338889,-0.905453,56.013,63.864,125.114,2761.0
Stephanie_9_puntos_intento_9.mp4,1104,9200.000,True,148.000,167.000,0.000,194.000,105.000,0.255556,0.344444,-0.903355,56.082,64.688,126.255,2798.0
Stephanie_9_puntos_intento_9.mp4,1105,9208.333,True,148.000,167.000,0.000,194.000,106.000,0.255556,0.338889,-0.905453,55.401,64.816,125.402,2753.0
Stephanie_9_puntos_intento_9.mp4,1106,9216.667,True,148.000,167.000,0.000,194.000,106.000,0.255556,0.338889,-0.905453,55.976,64.975,122.695,2777.5
Stephanie_9_puntos_intento_9.mp4,1107,9225.000,True,148.000,167.000,0.000,194.000,105.000,0.255556,0.344444,-0.903355,55.718,64.540,121.549,2786.0
Stephanie_9_puntos_intento_9.mp4,1108,9233.333,True,148.000,167.000,0.000,194.000,105.000,0.255556,0.344444,-0.903355,56.220,64.770,123.496,2786.0
Stephanie_9_puntos_intento_9.mp4,1109,9241.667,True,148.000,167.000,0.000,194.000,105.000,0.255556,0.344444,-0.903355,56.227,64.771,124.117,2788.5
Stephanie_9_puntos_intento_9.mp4,1110,9250.000,True,148.000,167.000,0.000,194.000,105.000,0.255556,0.344444,-0.903355,55.572,64.594,124.934,2783.5
Stephanie_9_puntos_intento_9.mp4,1111,9258.333,True,148.000,167.000,0.000,194.000,105.000,0.255556,0.344444,-0.903355,55.845,64.608,125.923,2769.0
Stephanie_9_puntos_intento_9.mp4,1112,9266.667,True,148.000,167.000,0.000,194.000,106.000,0.255556,0.338889,-0.905453,56.319,64.394,122.635,2802.5
Stephanie_9_puntos_intento_9.mp4,1113,9275.000,True,148.000,167.000,0.000,194.000,106.000,0.255556,0.338889,-0.905453,55.902,64.580,123.595,2770.5
Stephanie_9_puntos_intento_9.mp4,1114,9283.333,True,148.000,167.000,0.000,194.000,106.000,0.255556,0.338889,-0.905453,56.058,64.907,123.714,2783.5
Stephanie_9_puntos_intento_9.mp4,1115,9291.667,True,148.000,167.000,0.000,194.000,106.000,0.255556,0.338889,-0.905453,55.919,64.748,123.766,2777.5
Stephanie_9_puntos_intento_9.mp4,1116,9300.000,True,148.000,167.000,0.000,194.000,106.000,0.255556,0.338889,-0.905453,56.113,64.850,127.292,2787.5
Stephanie_9_puntos_intento_9.mp4,1117,9308.333,True,148.000,167.000,0.000,194.000,105.000,0.255556,0.344444,-0.903355,55.999,64.508,123.896,2788.5
Stephanie_9_puntos_intento_9.mp4,1118,9316.667,True,148.000,167.000,0.000,194.000,106.000,0.255556,0.338889,-0.905453,56.028,64.546,123.806,2775.5
Stephanie_9_puntos_intento_9.mp4,1119,9325.000,True,148.000,167.000,0.000,194.000,106.000,0.255556,0.338889,-0.905453,56.380,64.090,124.830,2785.5
Stephanie_9_puntos_intento_9.mp4,1120,9333.333,True,148.000,167.000,0.000,194.000,106.000,0.255556,0.338889,-0.905453,56.095,64.512,125.611,2789.0
Stephanie_9_puntos_intento_9.mp4,1121,9341.667,True,148.000,167.000,0.000,194.000,106.000,0.255556,0.338889,-0.905453,56.063,64.130,123.691,2798.0
Stephanie_9_puntos_intento_9.mp4,1122,9350.000,True,148.000,167.000,0.000,194.000,106.000,0.255556,0.338889,-0.905453,56.334,64.599,124.790,2818.0
Stephanie_9_puntos_intento_9.mp4,1123,9358.333,True,148.000,167.000,0.000,194.000,106.000,0.255556,0.338889,-0.905453,56.142,64.749,127.401,2801.5
Stephanie_9_puntos_intento_9.mp4,1124,9366.667,True,148.000,167.000,0.000,194.000,106.000,0.255556,0.338889,-0.905453,56.116,65.027,123.918,2817.0
Stephanie_9_puntos_intento_9.mp4,1125,9375.000,True,148.000,167.000,0.000,194.000,106.000,0.255556,0.338889,-0.905453,56.587,64.365,124.100,2801.5
Stephanie_9_puntos_intento_9.mp4,1126,9383.333,True,148.000,167.000,0.000,194.000,106.000,0.255556,0.338889,-0.905453,56.049,65.230,124.707,2827.0
Stephanie_9_puntos_intento_9.mp4,1127,9391.667,True,148.000,167.000,0.000,194.000,106.000,0.255556,0.338889,-0.905453,56.832,65.291,125.537,2853.5
Stephanie_9_puntos_intento_9.mp4,1128,9400.000,True,148.000,167.000,0.000,194.000,106.000,0.255556,0.338889,-0.905453,56.512,64.519,121.653,2823.5
Stephanie_9_puntos_intento_9.mp4,1129,9408.333,True,148.000,167.000,0.000,194.000,106.000,0.255556,0.338889,-0.905453,57.185,64.928,122.429,2833.5
Stephanie_9_puntos_intento_9.mp4,1130,9416.667,True,148.000,167.000,0.000,194.000,106.000,0.255556,0.338889,-0.905453,57.066,65.479,121.847,2871.5
Stephanie_9_puntos_intento_9.mp4,1131,9425.000,True,148.000,167.000,0.000,194.000,106.000,0.255556,0.338889,-0.905453,56.919,65.426,122.341,2857.0
Stephanie_9_puntos_intento_9.mp4,1132,9433.333,True,148.000,167.000,0.000,194.000,106.000,0.255556,0.338889,-0.905453,57.376,65.291,123.935,2875.5
Stephanie_9_puntos_intento_9.mp4,1133,9441.667,True,148.000,167.000,0.000,194.000,106.000,0.255556,0.338889,-0.905453,56.973,65.245,127.285,2842.0
Stephanie_9_puntos_intento_9.mp4,1134,9450.000,True,148.000,167.000,0.000,194.000,106.000,0.255556,0.338889,-0.905453,56.949,65.434,125.359,2867.0
Stephanie_9_puntos_intento_9.mp4,1135,9458.333,True,148.000,167.000,0.000,194.000,106.000,0.255556,0.338889,-0.905453,56.749,65.469,125.938,2871.0
Stephanie_9_puntos_intento_9.mp4,1136,9466.667,True,148.000,167.000,0.000,194.000,106.000,0.255556,0.338889,-0.905453,57.128,65.565,124.511,2878.0
Stephanie_9_puntos_intento_9.mp4,1137,9475.000,True,148.000,167.000,0.000,194.000,106.000,0.255556,0.338889,-0.905453,56.935,64.647,125.670,2845.5
Stephanie_9_puntos_intento_9.mp4,1138,9483.333,True,148.000,167.000,0.000,194.000,106.000,0.255556,0.338889,-0.905453,56.664,65.752,126.297,2871.0
Stephanie_9_puntos_intento_9.mp4,1139,9491.667,True,148.000,167.000,0.000,194.000,106.000,0.255556,0.338889,-0.905453,56.714,64.886,125.468,2854.5
Stephanie_9_puntos_intento_9.mp4,1140,9500.000,True,148.000,167.000,0.000,194.000,106.000,0.255556,0.338889,-0.905453,57.240,64.861,126.386,2879.5
Stephanie_9_puntos_intento_9.mp4,1141,9508.333,True,148.000,167.000,0.000,194.000,106.000,0.255556,0.338889,-0.905453,57.473,65.790,125.891,2884.0
Stephanie_9_puntos_intento_9.mp4,1142,9516.667,True,148.000,167.000,0.000,194.000,106.000,0.255556,0.338889,-0.905453,56.923,65.438,121.978,2885.0
Stephanie_9_puntos_intento_9.mp4,1143,9525.000,True,148.000,167.000,0.000,194.000,106.000,0.255556,0.338889,-0.905453,57.044,65.718,123.742,2901.0
Stephanie_9_puntos_intento_9.mp4,1144,9533.333,True,148.000,167.000,0.000,194.000,106.000,0.255556,0.338889,-0.905453,56.926,65.756,124.265,2886.0
Stephanie_9_puntos_intento_9.mp4,1145,9541.667,True,148.000,167.000,0.000,194.000,106.000,0.255556,0.338889,-0.905453,57.152,65.717,124.688,2887.0
Stephanie_9_puntos_intento_9.mp4,1146,9550.000,True,148.000,167.000,0.000,194.000,106.000,0.255556,0.338889,-0.905453,57.153,65.706,125.415,2890.0
Stephanie_9_puntos_intento_9.mp4,1147,9558.333,True,148.000,167.000,0.000,194.000,106.000,0.255556,0.338889,-0.905453,56.830,65.782,125.556,2883.0
Stephanie_9_puntos_intento_9.mp4,1148,9566.667,True,148.000,167.000,0.000,194.000,106.000,0.255556,0.338889,-0.905453,57.247,65.674,124.047,2894.5
Stephanie_9_puntos_intento_9.mp4,1149,9575.000,True,148.000,167.000,0.000,194.000,106.000,0.255556,0.338889,-0.905453,57.255,65.644,122.891,2880.5
Stephanie_9_puntos_intento_9.mp4,1150,9583.333,True,148.000,167.000,0.000,194.000,106.000,0.255556,0.338889,-0.905453,57.484,65.538,123.707,2897.0
Stephanie_9_puntos_intento_9.mp4,1151,9591.667,True,148.000,167.000,0.000,194.000,106.000,0.255556,0.338889,-0.905453,57.044,66.045,122.699,2902.0
Stephanie_9_puntos_intento_9.mp4,1152,9600.000,True,148.000,167.000,0.000,194.000,106.000,0.255556,0.338889,-0.905453,57.591,66.052,126.227,2918.0
Stephanie_9_puntos_intento_9.mp4,1153,9608.333,True,148.000,167.000,0.000,194.000,106.000,0.255556,0.338889,-0.905453,57.209,65.719,123.915,2901.0
Stephanie_9_puntos_intento_9.mp4,1154,9616.667,True,148.000,167.000,0.000,194.000,106.000,0.255556,0.338889,-0.905453,57.528,65.864,125.418,2925.0
Stephanie_9_puntos_intento_9.mp4,1155,9625.000,True,148.000,167.000,0.000,194.000,106.000,0.255556,0.338889,-0.905453,57.141,65.451,122.994,2906.5
Stephanie_9_puntos_intento_9.mp4,1156,9633.333,True,148.000,167.000,0.000,194.000,106.000,0.255556,0.338889,-0.905453,57.709,65.854,127.911,2911.5
Stephanie_9_puntos_intento_9.mp4,1157,9641.667,True,148.000,167.000,0.000,194.000,106.000,0.255556,0.338889,-0.905453,57.415,65.423,126.483,2879.5
Stephanie_9_puntos_intento_9.mp4,1158,9650.000,True,148.000,167.000,0.000,194.000,106.000,0.255556,0.338889,-0.905453,57.542,65.700,126.580,2914.5
Stephanie_9_puntos_intento_9.mp4,1159,9658.333,True,148.000,167.000,0.000,194.000,106.000,0.255556,0.338889,-0.905453,57.287,65.814,127.971,2894.5
Stephanie_9_puntos_intento_9.mp4,1160,9666.667,True,148.000,167.000,0.000,194.000,106.000,0.255556,0.338889,-0.905453,57.414,65.742,127.446,2904.5
Stephanie_9_puntos_intento_9.mp4,1161,9675.000,True,148.000,167.000,0.000,194.000,106.000,0.255556,0.338889,-0.905453,56.780,65.716,125.590,2900.5
Stephanie_9_puntos_intento_9.mp4,1162,9683.333,True,148.000,167.000,0.000,194.000,106.000,0.255556,0.338889,-0.905453,57.230,65.767,125.437,2895.5
Stephanie_9_puntos_intento_9.mp4,1163,9691.667,True,148.000,167.000,0.000,194.000,106.000,0.255556,0.338889,-0.905453,57.204,65.377,122.072,2893.5
Stephanie_9_puntos_intento_9.mp4,1164,9700.000,True,148.000,167.000,0.000,194.000,106.000,0.255556,0.338889,-0.905453,57.363,65.904,124.845,2910.5
Stephanie_9_puntos_intento_9.mp4,1165,9708.333,True,148.000,167.000,0.000,194.000,106.000,0.255556,0.338889,-0.905453,57.706,65.735,125.476,2911.5
Stephanie_9_puntos_intento_9.mp4,1166,9716.667,True,148.000,167.000,0.000,194.000,106.000,0.255556,0.338889,-0.905453,57.687,65.835,124.887,2925.0
Stephanie_9_puntos_intento_9.mp4,1167,9725.000,True,148.000,167.000,0.000,194.000,106.000,0.255556,0.338889,-0.905453,57.352,65.533,124.419,2893.0
Stephanie_9_puntos_intento_9.mp4,1168,9733.333,True,148.000,167.000,0.000,193.000,106.000,0.250000,0.338889,-0.907003,57.392,65.557,121.693,2923.0
Stephanie_9_puntos_intento_9.mp4,1169,9741.667,True,148.000,167.000,0.000,192.000,106.000,0.244444,0.338889,-0.908516,57.793,65.905,122.072,2925.0
Stephanie_9_puntos_intento_9.mp4,1170,9750.000,True,148.000,167.000,0.000,193.000,105.000,0.250000,0.344444,-0.904908,56.881,66.124,120.150,2905.0
Stephanie_9_puntos_intento_9.mp4,1171,9758.333,True,148.000,167.000,0.000,194.000,105.000,0.255556,0.344444,-0.903355,57.171,66.110,125.738,2902.5
Stephanie_9_puntos_intento_9.mp4,1172,9766.667,True,148.000,167.000,0.000,194.000,106.000,0.255556,0.338889,-0.905453,57.495,66.029,123.472,2919.5
Stephanie_9_puntos_intento_9.mp4,1173,9775.000,True,148.000,167.000,0.000,194.000,106.000,0.255556,0.338889,-0.905453,57.504,65.784,124.566,2921.5
Stephanie_9_puntos_intento_9.mp4,1174,9783.333,True,148.000,167.000,0.000,194.000,105.000,0.255556,0.344444,-0.903355,57.621,66.056,126.660,2917.5
Stephanie_9_puntos_intento_9.mp4,1175,9791.667,True,148.000,167.000,0.000,194.000,106.000,0.255556,0.338889,-0.905453,57.580,65.470,123.198,2926.0
Stephanie_9_puntos_intento_9.mp4,1176,9800.000,True,148.000,167.000,0.000,194.000,106.000,0.255556,0.338889,-0.905453,56.897,65.600,121.394,2903.5
Stephanie_9_puntos_intento_9.mp4,1177,9808.333,True,148.000,167.000,0.000,194.000,105.000,0.255556,0.344444,-0.903355,57.568,65.726,124.070,2911.5
Stephanie_9_puntos_intento_9.mp4,1178,9816.667,True,148.000,167.000,0.000,194.000,106.000,0.255556,0.338889,-0.905453,56.995,66.166,121.469,2921.0
Stephanie_9_puntos_intento_9.mp4,1179,9825.000,True,148.000,167.000,0.000,194.000,105.000,0.255556,0.344444,-0.903355,57.227,66.079,125.641,2918.5
Stephanie_9_puntos_intento_9.mp4,1180,9833.333,True,148.000,167.000,0.000,194.000,106.000,0.255556,0.338889,-0.905453,56.909,66.054,121.142,2913.0
Stephanie_9_puntos_intento_9.mp4,1181,9841.667,True,148.000,167.000,0.000,194.000,105.000,0.255556,0.344444,-0.903355,57.519,65.960,125.480,2896.0
Stephanie_9_puntos_intento_9.mp4,1182,9850.000,True,148.000,167.000,0.000,194.000,105.000,0.255556,0.344444,-0.903355,57.545,66.101,125.258,2947.0
Stephanie_9_puntos_intento_9.mp4,1183,9858.333,True,148.000,167.000,0.000,194.000,106.000,0.255556,0.338889,-0.905453,57.577,65.967,127.063,2937.0
Stephanie_9_puntos_intento_9.mp4,1184,9866.667,True,148.000,167.000,0.000,194.000,105.000,0.255556,0.344444,-0.903355,58.071,66.168,127.517,2955.5
Stephanie_9_puntos_intento_9.mp4,1185,9875.000,True,148.000,167.000,0.000,194.000,105.000,0.255556,0.344444,-0.903355,57.635,65.880,124.440,2934.0
Stephanie_9_puntos_intento_9.mp4,1186,9883.333,True,148.000,167.000,0.000,194.000,105.000,0.255556,0.344444,-0.903355,57.712,66.209,123.961,2929.0
Stephanie_9_puntos_intento_9.mp4,1187,9891.667,True,148.000,167.000,0.000,194.000,105.000,0.255556,0.344444,-0.903355,57.506,66.290,126.889,2936.5
Stephanie_9_puntos_intento_9.mp4,1188,9900.000,True,148.000,167.000,0.000,194.000,106.000,0.255556,0.338889,-0.905453,57.893,65.761,126.395,2926.0
Stephanie_9_puntos_intento_9.mp4,1189,9908.333,True,148.000,167.000,0.000,194.000,105.000,0.255556,0.344444,-0.903355,57.603,66.393,122.751,2946.5
Stephanie_9_puntos_intento_9.mp4,1190,9916.667,True,148.000,167.000,0.000,194.000,105.000,0.255556,0.344444,-0.903355,57.277,66.636,124.529,2932.0
Stephanie_9_puntos_intento_9.mp4,1191,9925.000,True,148.000,167.000,0.000,194.000,106.000,0.255556,0.338889,-0.905453,57.691,65.672,122.453,2930.0
Stephanie_9_puntos_intento_9.mp4,1192,9933.333,True,148.000,167.000,0.000,194.000,106.000,0.255556,0.338889,-0.905453,57.434,66.590,123.881,2963.5
Stephanie_9_puntos_intento_9.mp4,1193,9941.667,True,148.000,167.000,0.000,194.000,106.000,0.255556,0.338889,-0.905453,57.509,66.225,124.748,2951.5
Stephanie_9_puntos_intento_9.mp4,1194,9950.000,True,148.000,167.000,0.000,194.000,106.000,0.255556,0.338889,-0.905453,57.873,66.429,125.478,2966.5
Stephanie_9_puntos_intento_9.mp4,1195,9958.333,True,148.000,167.000,0.000,194.000,106.000,0.255556,0.338889,-0.905453,58.013,66.782,125.075,2972.0
Stephanie_9_puntos_intento_9.mp4,1196,9966.667,True,148.000,167.000,0.000,194.000,106.000,0.255556,0.338889,-0.905453,57.989,66.424,127.260,2979.0
Stephanie_9_puntos_intento_9.mp4,1197,9975.000,True,148.000,167.000,0.000,194.000,106.000,0.255556,0.338889,-0.905453,57.893,65.875,126.076,2936.5
Stephanie_9_puntos_intento_9.mp4,1198,9983.333,True,148.000,167.000,0.000,194.000,106.000,0.255556,0.338889,-0.905453,57.905,65.852,127.343,2945.5
Stephanie_9_puntos_intento_9.mp4,1199,9991.667,True,148.000,167.000,0.000,194.000,105.000,0.255556,0.344444,-0.903355,58.013,67.045,122.682,2963.0
Stephanie_9_puntos_intento_9.mp4,1200,10000.000,True,148.000,167.000,0.000,194.000,106.000,0.255556,0.338889,-0.905453,57.385,65.993,123.279,2932.0
Stephanie_9_puntos_intento_9.mp4,1201,10008.333,True,148.000,167.000,0.000,194.000,106.000,0.255556,0.338889,-0.905453,57.932,66.162,126.220,2968.5
Stephanie_9_puntos_intento_9.mp4,1202,10016.667,True,148.000,167.000,0.000,194.000,105.000,0.255556,0.344444,-0.903355,57.924,66.822,123.215,2963.0
Stephanie_9_puntos_intento_9.mp4,1203,10025.000,True,148.000,166.000,0.000,194.000,106.000,0.255556,0.333333,-0.907513,57.793,66.223,125.791,2956.5
Stephanie_9_puntos_intento_9.mp4,1204,10033.333,True,148.000,166.000,0.000,194.000,105.000,0.255556,0.338889,-0.905453,57.756,66.673,125.326,2975.0
Stephanie_9_puntos_intento_9.mp4,1205,10041.667,True,148.000,166.000,0.000,194.000,105.000,0.255556,0.338889,-0.905453,57.863,66.219,125.328,2962.5
Stephanie_9_puntos_intento_9.mp4,1206,10050.000,True,148.000,166.000,0.000,194.000,106.000,0.255556,0.333333,-0.907513,58.218,66.168,124.704,2982.0
Stephanie_9_puntos_intento_9.mp4,1207,10058.333,True,148.000,166.000,0.000,193.000,105.000,0.250000,0.338889,-0.907003,57.911,66.324,126.142,2960.5
Stephanie_9_puntos_intento_9.mp4,1208,10066.667,True,148.000,166.000,0.000,194.000,105.000,0.255556,0.338889,-0.905453,58.241,66.503,127.403,2977.0
Stephanie_9_puntos_intento_9.mp4,1209,10075.000,True,148.000,166.000,0.000,194.000,105.000,0.255556,0.338889,-0.905453,57.861,66.428,126.245,2970.5
Stephanie_9_puntos_intento_9.mp4,1210,10083.333,True,148.000,166.000,0.000,194.000,105.000,0.255556,0.338889,-0.905453,57.929,66.502,124.607,2968.5
Stephanie_9_puntos_intento_9.mp4,1211,10091.667,True,148.000,166.000,0.000,194.000,105.000,0.255556,0.338889,-0.905453,58.009,66.567,125.155,2974.0
Stephanie_9_puntos_intento_9.mp4,1212,10100.000,True,148.000,166.000,0.000,193.000,105.000,0.250000,0.338889,-0.907003,57.846,67.450,128.495,2986.5
Stephanie_9_puntos_intento_9.mp4,1213,10108.333,True,148.000,166.000,0.000,194.000,105.000,0.255556,0.338889,-0.905453,57.953,66.758,125.504,2968.0
Stephanie_9_puntos_intento_9.mp4,1214,10116.667,True,148.000,166.000,0.000,193.000,105.000,0.250000,0.338889,-0.907003,58.224,66.689,123.254,2995.0
Stephanie_9_puntos_intento_9.mp4,1215,10125.000,True,148.000,166.000,0.000,193.000,105.000,0.250000,0.338889,-0.907003,58.225,65.982,124.143,2976.0
Stephanie_9_puntos_intento_9.mp4,1216,10133.333,True,148.000,166.000,0.000,194.000,106.000,0.255556,0.333333,-0.907513,58.112,66.757,122.124,2999.0
Stephanie_9_puntos_intento_9.mp4,1217,10141.667,True,148.000,166.000,0.000,193.000,105.000,0.250000,0.338889,-0.907003,58.226,66.510,123.452,2982.0
Stephanie_9_puntos_intento_9.mp4,1218,10150.000,True,148.000,166.000,0.000,194.000,106.000,0.255556,0.333333,-0.907513,58.026,66.524,121.879,2977.5
Stephanie_9_puntos_intento_9.mp4,1219,10158.333,True,148.000,166.000,0.000,194.000,105.000,0.255556,0.338889,-0.905453,58.294,66.246,124.539,2981.5
Stephanie_9_puntos_intento_9.mp4,1220,10166.667,True,148.000,166.000,0.000,193.000,105.000,0.250000,0.338889,-0.907003,57.956,66.595,122.481,2970.5
Stephanie_9_puntos_intento_9.mp4,1221,10175.000,True,148.000,166.000,0.000,193.000,105.000,0.250000,0.338889,-0.907003,57.817,66.660,120.558,2973.5
Stephanie_9_puntos_intento_9.mp4,1222,10183.333,True,148.000,166.000,0.000,193.000,105.000,0.250000,0.338889,-0.907003,58.180,66.501,121.976,2986.0
Stephanie_9_puntos_intento_9.mp4,1223,10191.667,True,148.000,166.000,0.000,193.000,106.000,0.250000,0.333333,-0.909059,58.487,66.696,121.707,3004.5
Stephanie_9_puntos_intento_9.mp4,1224,10200.000,True,148.000,166.000,0.000,193.000,106.000,0.250000,0.333333,-0.909059,58.710,66.614,121.690,3001.0
Stephanie_9_puntos_intento_9.mp4,1225,10208.333,True,148.000,166.000,0.000,193.000,105.000,0.250000,0.338889,-0.907003,58.231,66.471,124.622,3002.0
Stephanie_9_puntos_intento_9.mp4,1226,10216.667,True,148.000,166.000,0.000,193.000,106.000,0.250000,0.333333,-0.909059,58.738,66.422,129.602,3011.0
Stephanie_9_puntos_intento_9.mp4,1227,10225.000,True,148.000,166.000,0.000,193.000,106.000,0.250000,0.333333,-0.909059,58.634,66.027,126.961,2985.0
Stephanie_9_puntos_intento_9.mp4,1228,10233.333,True,148.000,166.000,0.000,193.000,106.000,0.250000,0.333333,-0.909059,58.679,66.323,124.677,2996.0
Stephanie_9_puntos_intento_9.mp4,1229,10241.667,True,148.000,166.000,0.000,193.000,106.000,0.250000,0.333333,-0.909059,58.591,66.510,123.527,3000.5
Stephanie_9_puntos_intento_9.mp4,1230,10250.000,True,148.000,166.000,0.000,193.000,106.000,0.250000,0.333333,-0.909059,58.741,66.402,123.869,3009.5
Stephanie_9_puntos_intento_9.mp4,1231,10258.333,True,148.000,166.000,0.000,193.000,106.000,0.250000,0.333333,-0.909059,58.265,66.668,125.319,2989.5
Stephanie_9_puntos_intento_9.mp4,1232,10266.667,True,148.000,166.000,0.000,193.000,106.000,0.250000,0.333333,-0.909059,58.558,66.973,125.759,3015.0
Stephanie_9_puntos_intento_9.mp4,1233,10275.000,True,148.000,166.000,0.000,193.000,106.000,0.250000,0.333333,-0.909059,58.593,67.122,126.549,3029.5
Stephanie_9_puntos_intento_9.mp4,1234,10283.333,True,148.000,166.000,0.000,193.000,106.000,0.250000,0.333333,-0.909059,58.641,66.840,126.382,3010.5
Stephanie_9_puntos_intento_9.mp4,1235,10291.667,True,148.000,166.000,0.000,193.000,105.000,0.250000,0.338889,-0.907003,58.929,66.925,127.142,3032.0
Stephanie_9_puntos_intento_9.mp4,1236,10300.000,True,148.000,166.000,0.000,193.000,105.000,0.250000,0.338889,-0.907003,58.519,67.257,127.875,3014.5
Stephanie_9_puntos_intento_9.mp4,1237,10308.333,True,148.000,166.000,0.000,193.000,105.000,0.250000,0.338889,-0.907003,58.397,66.798,126.528,3012.0
Stephanie_9_puntos_intento_9.mp4,1238,10316.667,True,148.000,166.000,0.000,193.000,106.000,0.250000,0.333333,-0.909059,58.282,67.300,125.171,3019.5
Stephanie_9_puntos_intento_9.mp4,1239,10325.000,True,148.000,166.000,0.000,193.000,106.000,0.250000,0.333333,-0.909059,58.616,66.841,124.287,2998.0
Stephanie_9_puntos_intento_9.mp4,1240,10333.333,True,148.000,166.000,0.000,193.000,106.000,0.250000,0.333333,-0.909059,58.299,66.903,124.511,3004.0
Stephanie_9_puntos_intento_9.mp4,1241,10341.667,True,148.000,166.000,0.000,193.000,106.000,0.250000,0.333333,-0.909059,58.681,66.581,124.937,3009.0
Stephanie_9_puntos_intento_9.mp4,1242,10350.000,True,148.000,166.000,0.000,193.000,106.000,0.250000,0.333333,-0.909059,58.388,66.831,128.597,2995.5
Stephanie_9_puntos_intento_9.mp4,1243,10358.333,True,148.000,166.000,0.000,193.000,106.000,0.250000,0.333333,-0.909059,58.575,66.144,128.111,3000.0
Stephanie_9_puntos_intento_9.mp4,1244,10366.667,True,148.000,166.000,0.000,193.000,106.000,0.250000,0.333333,-0.909059,58.645,67.178,130.481,3017.0
Stephanie_9_puntos_intento_9.mp4,1245,10375.000,True,148.000,166.000,0.000,193.000,106.000,0.250000,0.333333,-0.909059,58.373,66.263,128.332,3003.5
Stephanie_9_puntos_intento_9.mp4,1246,10383.333,True,148.000,166.000,0.000,193.000,106.000,0.250000,0.333333,-0.909059,58.790,66.938,127.681,3033.5
Stephanie_9_puntos_intento_9.mp4,1247,10391.667,True,148.000,166.000,0.000,193.000,106.000,0.250000,0.333333,-0.909059,58.798,66.686,128.216,3038.0
Stephanie_9_puntos_intento_9.mp4,1248,10400.000,True,148.000,166.000,0.000,193.000,106.000,0.250000,0.333333,-0.909059,58.559,66.975,127.200,3029.5
Stephanie_9_puntos_intento_9.mp4,1249,10408.333,True,148.000,166.000,0.000,193.000,106.000,0.250000,0.333333,-0.909059,58.365,67.098,126.324,3013.5
Stephanie_9_puntos_intento_9.mp4,1250,10416.667,True,148.000,166.000,0.000,193.000,106.000,0.250000,0.333333,-0.909059,58.773,67.249,129.968,3010.0
Stephanie_9_puntos_intento_9.mp4,1251,10425.000,True,148.000,166.000,0.000,193.000,106.000,0.250000,0.333333,-0.909059,58.622,67.345,129.284,3013.0
Stephanie_9_puntos_intento_9.mp4,1252,10433.333,True,148.000,166.000,0.000,193.000,106.000,0.250000,0.333333,-0.909059,58.694,67.219,129.103,3036.0
Stephanie_9_puntos_intento_9.mp4,1253,10441.667,True,148.000,166.000,0.000,193.000,106.000,0.250000,0.333333,-0.909059,58.339,66.997,126.843,3006.5
Stephanie_9_puntos_intento_9.mp4,1254,10450.000,True,148.000,166.000,0.000,193.000,106.000,0.250000,0.333333,-0.909059,58.471,67.546,130.142,3026.5
Stephanie_9_puntos_intento_9.mp4,1255,10458.333,True,148.000,166.000,0.000,193.000,106.000,0.250000,0.333333,-0.909059,58.501,67.295,126.910,3031.0
Stephanie_9_puntos_intento_9.mp4,1256,10466.667,True,148.000,166.000,0.000,193.000,106.000,0.250000,0.333333,-0.909059,58.494,67.361,128.608,3024.5
Stephanie_9_puntos_intento_9.mp4,1257,10475.000,True,148.000,166.000,0.000,193.000,106.000,0.250000,0.333333,-0.909059,58.203,67.388,128.268,3015.5
Stephanie_9_puntos_intento_9.mp4,1258,10483.333,True,148.000,166.000,0.000,193.000,105.000,0.250000,0.338889,-0.907003,58.747,66.935,128.378,3016.0
Stephanie_9_puntos_intento_9.mp4,1259,10491.667,True,148.000,166.000,0.000,193.000,106.000,0.250000,0.333333,-0.909059,58.174,67.905,127.954,3009.0
Stephanie_9_puntos_intento_9.mp4,1260,10500.000,True,148.000,166.000,0.000,193.000,106.000,0.250000,0.333333,-0.909059,58.193,67.784,128.264,2997.0
Stephanie_9_puntos_intento_9.mp4,1261,10508.333,True,148.000,166.000,0.000,193.000,106.000,0.250000,0.333333,-0.909059,58.262,66.782,126.164,3008.5
Stephanie_9_puntos_intento_9.mp4,1262,10516.667,True,148.000,166.000,0.000,193.000,106.000,0.250000,0.333333,-0.909059,58.698,66.534,126.709,3014.5
Stephanie_9_puntos_intento_9.mp4,1263,10525.000,True,148.000,166.000,0.000,193.000,106.000,0.250000,0.333333,-0.909059,58.474,66.885,127.335,3023.0
Stephanie_9_puntos_intento_9.mp4,1264,10533.333,True,148.000,166.000,0.000,193.000,106.000,0.250000,0.333333,-0.909059,58.434,66.720,128.359,3019.0
Stephanie_9_puntos_intento_9.mp4,1265,10541.667,True,148.000,166.000,0.000,193.000,106.000,0.250000,0.333333,-0.909059,58.052,67.603,125.160,3015.5
Stephanie_9_puntos_intento_9.mp4,1266,10550.000,True,148.000,166.000,0.000,193.000,106.000,0.250000,0.333333,-0.909059,58.620,66.811,129.456,3005.0
Stephanie_9_puntos_intento_9.mp4,1267,10558.333,True,148.000,166.000,0.000,193.000,106.000,0.250000,0.333333,-0.909059,58.332,66.761,129.468,2998.0
Stephanie_9_puntos_intento_9.mp4,1268,10566.667,True,148.000,166.000,0.000,193.000,105.000,0.250000,0.338889,-0.907003,58.742,66.826,129.042,3012.0
Stephanie_9_puntos_intento_9.mp4,1269,10575.000,True,148.000,166.000,0.000,193.000,106.000,0.250000,0.333333,-0.909059,58.282,66.709,126.004,2983.5
Stephanie_9_puntos_intento_9.mp4,1270,10583.333,True,148.000,166.000,0.000,193.000,106.000,0.250000,0.333333,-0.909059,58.512,66.592,128.566,2993.0
Stephanie_9_puntos_intento_9.mp4,1271,10591.667,True,148.000,166.000,0.000,193.000,106.000,0.250000,0.333333,-0.909059,58.528,66.823,128.261,3005.0
Stephanie_9_puntos_intento_9.mp4,1272,10600.000,True,148.000,166.000,0.000,193.000,106.000,0.250000,0.333333,-0.909059,58.406,67.051,126.706,3023.0
Stephanie_9_puntos_intento_9.mp4,1273,10608.333,True,148.000,166.000,0.000,193.000,106.000,0.250000,0.333333,-0.909059,58.771,66.656,129.084,3006.5
Stephanie_9_puntos_intento_9.mp4,1274,10616.667,True,148.000,166.000,0.000,193.000,106.000,0.250000,0.333333,-0.909059,58.479,66.677,128.778,2995.5
Stephanie_9_puntos_intento_9.mp4,1275,10625.000,True,148.000,166.000,0.000,193.000,106.000,0.250000,0.333333,-0.909059,58.531,66.580,127.921,2983.0
Stephanie_9_puntos_intento_9.mp4,1276,10633.333,True,148.000,166.000,0.000,193.000,106.000,0.250000,0.333333,-0.909059,58.495,66.233,124.850,3015.5
Stephanie_9_puntos_intento_9.mp4,1277,10641.667,True,148.000,166.000,0.000,192.000,106.000,0.244444,0.333333,-0.910569,58.753,66.620,127.814,3030.5
Stephanie_9_puntos_intento_9.mp4,1278,10650.000,True,148.000,166.000,0.000,186.000,107.000,0.211111,0.327778,-0.920866,60.279,66.105,111.043,3081.5
Stephanie_9_puntos_intento_9.mp4,1279,10658.333,True,148.000,166.000,0.000,176.000,109.000,0.155556,0.316667,-0.935695,59.489,67.981,102.873,3123.5
Stephanie_9_puntos_intento_9.mp4,1280,10666.667,True,148.000,166.000,0.000,164.000,111.000,0.088889,0.305556,-0.948016,58.896,69.621,95.138,3154.0
Stephanie_9_puntos_intento_9.mp4,1281,10675.000,True,148.000,166.000,0.000,152.000,113.000,0.022222,0.294444,-0.955410,56.566,72.860,90.483,3137.0
Stephanie_9_puntos_intento_9.mp4,1282,10683.333,True,148.000,166.000,0.000,144.000,114.000,-0.022222,0.288889,-0.957105,56.221,74.001,95.004,3156.0
Stephanie_9_puntos_intento_9.mp4,1283,10691.667,True,148.000,166.000,0.000,142.000,114.000,-0.033333,0.288889,-0.956782,55.999,74.415,95.056,3117.0
Stephanie_9_puntos_intento_9.mp4,1284,10700.000,True,148.000,166.000,0.000,143.000,114.000,-0.027778,0.288889,-0.956960,57.545,73.761,97.700,3116.0
Stephanie_9_puntos_intento_9.mp4,1285,10708.333,True,148.000,166.000,0.000,142.000,114.000,-0.033333,0.288889,-0.956782,56.829,74.060,97.494,3090.5
Stephanie_9_puntos_intento_9.mp4,1286,10716.667,True,148.000,166.000,0.000,142.000,113.000,-0.033333,0.294444,-0.955087,57.229,73.812,97.643,3115.0
Stephanie_9_puntos_intento_9.mp4,1287,10725.000,True,148.000,166.000,0.000,142.000,114.000,-0.033333,0.288889,-0.956782,57.624,73.896,98.282,3128.0
Stephanie_9_puntos_intento_9.mp4,1288,10733.333,True,148.000,166.000,0.000,142.000,114.000,-0.033333,0.288889,-0.956782,56.714,74.780,97.959,3132.0
Stephanie_9_puntos_intento_9.mp4,1289,10741.667,True,148.000,166.000,0.000,142.000,114.000,-0.033333,0.288889,-0.956782,57.594,74.033,97.406,3134.5
Stephanie_9_puntos_intento_9.mp4,1290,10750.000,True,148.000,166.000,0.000,142.000,113.000,-0.033333,0.294444,-0.955087,56.775,74.366,97.121,3135.0
Stephanie_9_puntos_intento_9.mp4,1291,10758.333,True,148.000,166.000,0.000,142.000,114.000,-0.033333,0.288889,-0.956782,56.534,74.339,98.722,3116.5
Stephanie_9_puntos_intento_9.mp4,1292,10766.667,True,148.000,166.000,0.000,142.000,114.000,-0.033333,0.288889,-0.956782,55.941,74.407,95.818,3105.0
Stephanie_9_puntos_intento_9.mp4,1293,10775.000,True,148.000,166.000,0.000,142.000,114.000,-0.033333,0.288889,-0.956782,56.673,74.196,96.897,3104.5
Stephanie_9_puntos_intento_9.mp4,1294,10783.333,True,148.000,166.000,0.000,142.000,113.000,-0.033333,0.294444,-0.955087,57.649,74.258,98.757,3119.0
Stephanie_9_puntos_intento_9.mp4,1295,10791.667,True,148.000,166.000,0.000,142.000,114.000,-0.033333,0.288889,-0.956782,57.219,74.451,97.935,3127.5
Stephanie_9_puntos_intento_9.mp4,1296,10800.000,True,148.000,166.000,0.000,142.000,114.000,-0.033333,0.288889,-0.956782,56.767,74.090,98.776,3097.5
Stephanie_9_puntos_intento_9.mp4,1297,10808.333,True,148.000,166.000,0.000,142.000,114.000,-0.033333,0.288889,-0.956782,57.173,75.612,97.472,3132.0
Stephanie_9_puntos_intento_9.mp4,1298,10816.667,True,148.000,166.000,0.000,142.000,113.000,-0.033333,0.294444,-0.955087,56.759,75.269,95.918,3147.5
Stephanie_9_puntos_intento_9.mp4,1299,10825.000,True,148.000,166.000,0.000,142.000,113.000,-0.033333,0.294444,-0.955087,57.750,74.833,98.110,3141.5
Stephanie_9_puntos_intento_9.mp4,1300,10833.333,True,148.000,166.000,0.000,141.000,113.000,-0.038889,0.294444,-0.954877,58.016,74.847,99.132,3136.5
Stephanie_9_puntos_intento_9.mp4,1301,10841.667,True,148.000,166.000,0.000,141.000,114.000,-0.038889,0.288889,-0.956572,57.134,74.659,97.883,3125.0
Stephanie_9_puntos_intento_9.mp4,1302,10850.000,True,148.000,166.000,0.000,141.000,114.000,-0.038889,0.288889,-0.956572,57.569,74.247,97.707,3141.0
Stephanie_9_puntos_intento_9.mp4,1303,10858.333,True,148.000,166.000,0.000,141.000,113.000,-0.038889,0.294444,-0.954877,56.873,74.835,96.739,3141.0
Stephanie_9_puntos_intento_9.mp4,1304,10866.667,True,148.000,166.000,0.000,141.000,113.000,-0.038889,0.294444,-0.954877,57.855,73.792,97.378,3119.5
Stephanie_9_puntos_intento_9.mp4,1305,10875.000,True,148.000,166.000,0.000,141.000,113.000,-0.038889,0.294444,-0.954877,57.091,74.056,98.796,3108.5
Stephanie_9_puntos_intento_9.mp4,1306,10883.333,True,148.000,166.000,0.000,141.000,113.000,-0.038889,0.294444,-0.954877,57.517,74.384,97.063,3119.0
Stephanie_9_puntos_intento_9.mp4,1307,10891.667,True,148.000,166.000,0.000,141.000,113.000,-0.038889,0.294444,-0.954877,56.958,74.508,98.964,3096.0
Stephanie_9_puntos_intento_9.mp4,1308,10900.000,True,148.000,166.000,0.000,141.000,113.000,-0.038889,0.294444,-0.954877,56.865,75.173,97.913,3107.5
Stephanie_9_puntos_intento_9.mp4,1309,10908.333,True,148.000,166.000,0.000,142.000,113.000,-0.033333,0.294444,-0.955087,57.707,74.429,97.612,3132.0
Stephanie_9_puntos_intento_9.mp4,1310,10916.667,True,148.000,166.000,0.000,142.000,113.000,-0.033333,0.294444,-0.955087,56.170,75.222,96.122,3124.0
Stephanie_9_puntos_intento_9.mp4,1311,10925.000,True,148.000,166.000,0.000,141.000,113.000,-0.038889,0.294444,-0.954877,57.215,73.420,97.972,3102.5
Stephanie_9_puntos_intento_9.mp4,1312,10933.333,True,148.000,166.000,0.000,141.000,114.000,-0.038889,0.288889,-0.956572,57.236,73.931,97.359,3129.5
Stephanie_9_puntos_intento_9.mp4,1313,10941.667,True,148.000,166.000,0.000,142.000,113.000,-0.033333,0.294444,-0.955087,56.497,74.230,95.693,3120.0
Stephanie_9_puntos_intento_9.mp4,1314,10950.000,True,148.000,166.000,0.000,141.000,113.000,-0.038889,0.294444,-0.954877,57.436,74.483,97.049,3140.0
Stephanie_9_puntos_intento_9.mp4,1315,10958.333,True,148.000,166.000,0.000,142.000,113.000,-0.033333,0.294444,-0.955087,57.507,74.531,98.977,3125.5
Stephanie_9_puntos_intento_9.mp4,1316,10966.667,True,148.000,166.000,0.000,142.000,113.000,-0.033333,0.294444,-0.955087,57.684,73.746,98.630,3133.5
Stephanie_9_puntos_intento_9.mp4,1317,10975.000,True,148.000,166.000,0.000,142.000,113.000,-0.033333,0.294444,-0.955087,56.667,74.776,95.892,3122.0
Stephanie_9_puntos_intento_9.mp4,1318,10983.333,True,148.000,166.000,0.000,141.000,113.000,-0.038889,0.294444,-0.954877,58.082,74.239,97.265,3146.5
Stephanie_9_puntos_intento_9.mp4,1319,10991.667,True,148.000,166.000,0.000,141.000,113.000,-0.038889,0.294444,-0.954877,57.278,74.040,99.955,3113.5
Stephanie_9_puntos_intento_9.mp4,1320,11000.000,True,148.000,166.000,0.000,141.000,113.000,-0.038889,0.294444,-0.954877,57.762,74.363,99.557,3145.5
Stephanie_9_puntos_intento_9.mp4,1321,11008.333,True,148.000,166.000,0.000,141.000,113.000,-0.038889,0.294444,-0.954877,57.419,74.756,98.791,3137.5
Stephanie_9_puntos_intento_9.mp4,1322,11016.667,True,148.000,166.000,0.000,141.000,113.000,-0.038889,0.294444,-0.954877,57.696,74.158,97.528,3118.0
Stephanie_9_puntos_intento_9.mp4,1323,11025.000,True,148.000,166.000,0.000,141.000,113.000,-0.038889,0.294444,-0.954877,56.379,74.730,96.218,3106.5
Stephanie_9_puntos_intento_9.mp4,1324,11033.333,True,148.000,166.000,0.000,141.000,113.000,-0.038889,0.294444,-0.954877,55.494,75.597,96.385,3094.5
Stephanie_9_puntos_intento_9.mp4,1325,11041.667,True,148.000,166.000,0.000,141.000,113.000,-0.038889,0.294444,-0.954877,56.394,74.746,96.120,3113.5
Stephanie_9_puntos_intento_9.mp4,1326,11050.000,True,148.000,166.000,0.000,141.000,113.000,-0.038889,0.294444,-0.954877,57.176,74.787,98.983,3110.5
Stephanie_9_puntos_intento_9.mp4,1327,11058.333,True,148.000,166.000,0.000,141.000,113.000,-0.038889,0.294444,-0.954877,57.363,74.441,99.796,3093.0
Stephanie_9_puntos_intento_9.mp4,1328,11066.667,True,148.000,166.000,0.000,141.000,113.000,-0.038889,0.294444,-0.954877,57.974,74.022,99.426,3130.5
Stephanie_9_puntos_intento_9.mp4,1329,11075.000,True,148.000,166.000,0.000,141.000,112.000,-0.038889,0.300000,-0.953146,57.210,74.526,98.045,3099.0
Stephanie_9_puntos_intento_9.mp4,1330,11083.333,True,148.000,166.000,0.000,141.000,113.000,-0.038889,0.294444,-0.954877,56.596,74.924,97.414,3160.0
Stephanie_9_puntos_intento_9.mp4,1331,11091.667,True,148.000,166.000,0.000,141.000,113.000,-0.038889,0.294444,-0.954877,57.226,74.836,98.224,3141.5
Stephanie_9_puntos_intento_9.mp4,1332,11100.000,True,148.000,165.000,0.000,141.000,113.000,-0.038889,0.288889,-0.956572,57.518,74.733,98.126,3140.0
Stephanie_9_puntos_intento_9.mp4,1333,11108.333,True,148.000,165.000,0.000,141.000,113.000,-0.038889,0.288889,-0.956572,56.749,75.405,98.388,3116.5
Stephanie_9_puntos_intento_9.mp4,1334,11116.667,True,148.000,165.000,0.000,141.000,113.000,-0.038889,0.288889,-0.956572,57.364,75.176,99.216,3132.5
Stephanie_9_puntos_intento_9.mp4,1335,11125.000,True,148.000,165.000,0.000,141.000,113.000,-0.038889,0.288889,-0.956572,57.546,74.612,99.526,3116.0
Stephanie_9_puntos_intento_9.mp4,1336,11133.333,True,148.000,165.000,0.000,141.000,113.000,-0.038889,0.288889,-0.956572,56.789,75.575,97.715,3141.5
Stephanie_9_puntos_intento_9.mp4,1337,11141.667,True,148.000,165.000,0.000,141.000,113.000,-0.038889,0.288889,-0.956572,56.096,76.107,98.269,3102.5
Stephanie_9_puntos_intento_9.mp4,1338,11150.000,True,148.000,165.000,0.000,141.000,113.000,-0.038889,0.288889,-0.956572,56.086,75.944,97.577,3130.0
Stephanie_9_puntos_intento_9.mp4,1339,11158.333,True,148.000,165.000,0.000,141.000,113.000,-0.038889,0.288889,-0.956572,55.960,75.891,97.078,3134.5
Stephanie_9_puntos_intento_9.mp4,1340,11166.667,True,148.000,165.000,0.000,141.000,112.000,-0.038889,0.294444,-0.954877,56.892,75.975,98.435,3124.0
Stephanie_9_puntos_intento_9.mp4,1341,11175.000,True,148.000,165.000,0.000,141.000,113.000,-0.038889,0.288889,-0.956572,55.807,76.954,97.134,3149.5
Stephanie_9_puntos_intento_9.mp4,1342,11183.333,True,148.000,165.000,0.000,141.000,113.000,-0.038889,0.288889,-0.956572,56.486,76.581,97.175,3159.5
Stephanie_9_puntos_intento_9.mp4,1343,11191.667,True,148.000,165.000,0.000,141.000,113.000,-0.038889,0.288889,-0.956572,56.671,75.654,96.746,3136.5
Stephanie_9_puntos_intento_9.mp4,1344,11200.000,True,148.000,165.000,0.000,141.000,113.000,-0.038889,0.288889,-0.956572,56.742,76.138,98.717,3160.0
Stephanie_9_puntos_intento_9.mp4,1345,11208.333,True,148.000,165.000,0.000,140.000,112.000,-0.044444,0.294444,-0.954635,57.124,75.106,99.203,3078.0
Stephanie_9_puntos_intento_9.mp4,1346,11216.667,True,148.000,165.000,0.000,140.000,112.000,-0.044444,0.294444,-0.954635,57.259,75.279,98.793,3111.0
Stephanie_9_puntos_intento_9.mp4,1347,11225.000,True,148.000,165.000,0.000,141.000,113.000,-0.038889,0.288889,-0.956572,56.800,75.642,98.456,3112.5
Stephanie_9_puntos_intento_9.mp4,1348,11233.333,True,148.000,165.000,0.000,141.000,112.000,-0.038889,0.294444,-0.954877,56.992,75.088,97.868,3160.5
Stephanie_9_puntos_intento_9.mp4,1349,11241.667,True,148.000,165.000,0.000,141.000,112.000,-0.038889,0.294444,-0.954877,57.897,74.828,99.235,3154.0
Stephanie_9_puntos_intento_9.mp4,1350,11250.000,True,148.000,165.000,0.000,141.000,113.000,-0.038889,0.288889,-0.956572,56.252,75.357,97.420,3168.0
Stephanie_9_puntos_intento_9.mp4,1351,11258.333,True,148.000,165.000,0.000,140.000,112.000,-0.044444,0.294444,-0.954635,57.329,75.120,99.619,3163.0
Stephanie_9_puntos_intento_9.mp4,1352,11266.667,True,148.000,165.000,0.000,140.000,112.000,-0.044444,0.294444,-0.954635,57.852,75.595,100.184,3163.5
Stephanie_9_puntos_intento_9.mp4,1353,11275.000,True,148.000,165.000,0.000,140.000,112.000,-0.044444,0.294444,-0.954635,57.136,75.204,100.932,3145.5
Stephanie_9_puntos_intento_9.mp4,1354,11283.333,True,148.000,165.000,0.000,141.000,112.000,-0.038889,0.294444,-0.954877,56.806,75.098,97.744,3121.0
Stephanie_9_puntos_intento_9.mp4,1355,11291.667,True,148.000,165.000,0.000,140.000,113.000,-0.044444,0.288889,-0.956330,56.863,75.489,98.895,3105.5
Stephanie_9_puntos_intento_9.mp4,1356,11300.000,True,148.000,165.000,0.000,140.000,112.000,-0.044444,0.294444,-0.954635,58.359,75.287,100.966,3166.5
Stephanie_9_puntos_intento_9.mp4,1357,11308.333,True,148.000,165.000,0.000,141.000,112.000,-0.038889,0.294444,-0.954877,58.231,74.162,96.226,3126.0
Stephanie_9_puntos_intento_9.mp4,1358,11316.667,True,148.000,165.000,0.000,141.000,112.000,-0.038889,0.294444,-0.954877,56.546,76.274,96.279,3128.5
Stephanie_9_puntos_intento_9.mp4,1359,11325.000,True,148.000,165.000,0.000,141.000,112.000,-0.038889,0.294444,-0.954877,57.203,75.583,95.166,3157.5
Stephanie_9_puntos_intento_9.mp4,1360,11333.333,True,148.000,165.000,0.000,141.000,113.000,-0.038889,0.288889,-0.956572,56.162,75.685,94.774,3156.5
Stephanie_9_puntos_intento_9.mp4,1361,11341.667,True,148.000,165.000,0.000,141.000,112.000,-0.038889,0.294444,-0.954877,57.916,74.727,97.296,3167.5
Stephanie_9_puntos_intento_9.mp4,1362,11350.000,True,148.000,165.000,0.000,141.000,112.000,-0.038889,0.294444,-0.954877,57.665,74.828,96.852,3169.5
Stephanie_9_puntos_intento_9.mp4,1363,11358.333,True,148.000,165.000,0.000,141.000,112.000,-0.038889,0.294444,-0.954877,58.225,74.396,97.365,3155.5
Stephanie_9_puntos_intento_9.mp4,1364,11366.667,True,148.000,165.000,0.000,141.000,112.000,-0.038889,0.294444,-0.954877,58.620,74.261,97.521,3179.5
Stephanie_9_puntos_intento_9.mp4,1365,11375.000,True,148.000,165.000,0.000,141.000,113.000,-0.038889,0.288889,-0.956572,56.940,75.628,96.629,3175.0
Stephanie_9_puntos_intento_9.mp4,1366,11383.333,True,148.000,165.000,0.000,140.000,112.000,-0.044444,0.294444,-0.954635,57.042,76.445,97.873,3169.5
Stephanie_9_puntos_intento_9.mp4,1367,11391.667,True,148.000,165.000,0.000,141.000,112.000,-0.038889,0.294444,-0.954877,56.867,75.045,97.084,3147.5
Stephanie_9_puntos_intento_9.mp4,1368,11400.000,True,148.000,165.000,0.000,141.000,112.000,-0.038889,0.294444,-0.954877,57.197,75.371,96.746,3168.5
Stephanie_9_puntos_intento_9.mp4,1369,11408.333,True,148.000,165.000,0.000,141.000,112.000,-0.038889,0.294444,-0.954877,58.675,75.928,100.431,3138.5
Stephanie_9_puntos_intento_9.mp4,1370,11416.667,True,148.000,165.000,0.000,141.000,112.000,-0.038889,0.294444,-0.954877,56.772,76.834,97.628,3144.0
Stephanie_9_puntos_intento_9.mp4,1371,11425.000,True,148.000,165.000,0.000,141.000,112.000,-0.038889,0.294444,-0.954877,56.379,77.142,98.358,3158.0
Stephanie_9_puntos_intento_9.mp4,1372,11433.333,True,148.000,165.000,0.000,141.000,112.000,-0.038889,0.294444,-0.954877,57.604,75.969,97.847,3210.0
Stephanie_9_puntos_intento_9.mp4,1373,11441.667,True,148.000,165.000,0.000,141.000,113.000,-0.038889,0.288889,-0.956572,56.613,76.699,97.218,3178.0
Stephanie_9_puntos_intento_9.mp4,1374,11450.000,True,148.000,165.000,0.000,141.000,112.000,-0.038889,0.294444,-0.954877,57.647,76.457,99.889,3209.5
Stephanie_9_puntos_intento_9.mp4,1375,11458.333,True,148.000,165.000,0.000,141.000,112.000,-0.038889,0.294444,-0.954877,57.120,75.879,98.367,3176.5
Stephanie_9_puntos_intento_9.mp4,1376,11466.667,True,148.000,165.000,0.000,141.000,112.000,-0.038889,0.294444,-0.954877,57.071,76.444,98.106,3172.0
Stephanie_9_puntos_intento_9.mp4,1377,11475.000,True,148.000,165.000,0.000,141.000,112.000,-0.038889,0.294444,-0.954877,57.393,76.964,98.753,3188.0
Stephanie_9_puntos_intento_9.mp4,1378,11483.333,True,148.000,165.000,0.000,141.000,112.000,-0.038889,0.294444,-0.954877,57.876,76.023,98.559,3193.5
Stephanie_9_puntos_intento_9.mp4,1379,11491.667,True,148.000,165.000,0.000,141.000,112.000,-0.038889,0.294444,-0.954877,57.661,75.903,98.327,3189.0
Stephanie_9_puntos_intento_9.mp4,1380,11500.000,True,148.000,165.000,0.000,141.000,112.000,-0.038889,0.294444,-0.954877,57.881,75.907,99.361,3216.0
Stephanie_9_puntos_intento_9.mp4,1381,11508.333,True,148.000,165.000,0.000,141.000,113.000,-0.038889,0.288889,-0.956572,57.364,77.056,99.420,3128.0
Stephanie_9_puntos_intento_9.mp4,1382,11516.667,True,148.000,165.000,0.000,141.000,112.000,-0.038889,0.294444,-0.954877,57.542,76.333,98.013,3185.0
Stephanie_9_puntos_intento_9.mp4,1383,11525.000,True,148.000,165.000,0.000,141.000,112.000,-0.038889,0.294444,-0.954877,57.526,75.825,98.682,3171.0
Stephanie_9_puntos_intento_9.mp4,1384,11533.333,True,148.000,165.000,0.000,141.000,112.000,-0.038889,0.294444,-0.954877,57.776,75.825,99.276,3190.0
Stephanie_9_puntos_intento_9.mp4,1385,11541.667,True,148.000,165.000,0.000,141.000,113.000,-0.038889,0.288889,-0.956572,57.384,75.037,97.257,3170.5
Stephanie_9_puntos_intento_9.mp4,1386,11550.000,True,148.000,165.000,0.000,141.000,113.000,-0.038889,0.288889,-0.956572,56.179,76.701,98.136,3180.0
Stephanie_9_puntos_intento_9.mp4,1387,11558.333,True,148.000,165.000,0.000,141.000,113.000,-0.038889,0.288889,-0.956572,57.985,75.980,98.097,3194.0
Stephanie_9_puntos_intento_9.mp4,1388,11566.667,True,148.000,165.000,0.000,141.000,112.000,-0.038889,0.294444,-0.954877,57.670,75.851,98.341,3176.5
Stephanie_9_puntos_intento_9.mp4,1389,11575.000,True,148.000,165.000,0.000,141.000,112.000,-0.038889,0.294444,-0.954877,57.009,74.836,96.404,3153.5
Stephanie_9_puntos_intento_9.mp4,1390,11583.333,True,148.000,165.000,0.000,141.000,113.000,-0.038889,0.288889,-0.956572,56.372,75.875,95.800,3226.0
Stephanie_9_puntos_intento_9.mp4,1391,11591.667,True,148.000,165.000,0.000,141.000,112.000,-0.038889,0.294444,-0.954877,58.318,76.125,97.782,3262.0
Stephanie_9_puntos_intento_9.mp4,1392,11600.000,True,148.000,165.000,0.000,141.000,113.000,-0.038889,0.288889,-0.956572,56.352,76.260,98.620,3187.5
Stephanie_9_puntos_intento_9.mp4,1393,11608.333,True,148.000,165.000,0.000,141.000,113.000,-0.038889,0.288889,-0.956572,57.269,75.538,96.884,3124.0
Stephanie_9_puntos_intento_9.mp4,1394,11616.667,True,148.000,165.000,0.000,141.000,112.000,-0.038889,0.294444,-0.954877,57.924,76.167,96.898,3224.0
Stephanie_9_puntos_intento_9.mp4,1395,11625.000,True,148.000,165.000,0.000,141.000,113.000,-0.038889,0.288889,-0.956572,56.270,76.382,98.114,3129.5
Stephanie_9_puntos_intento_9.mp4,1396,11633.333,True,148.000,165.000,0.000,141.000,113.000,-0.038889,0.288889,-0.956572,57.086,75.703,96.535,3137.0
Stephanie_9_puntos_intento_9.mp4,1397,11641.667,True,148.000,165.000,0.000,141.000,113.000,-0.038889,0.288889,-0.956572,57.368,75.340,97.755,3149.5
Stephanie_9_puntos_intento_9.mp4,1398,11650.000,True,148.000,165.000,0.000,141.000,113.000,-0.038889,0.288889,-0.956572,57.112,75.261,96.899,3143.5
Stephanie_9_puntos_intento_9.mp4,1399,11658.333,True,148.000,165.000,0.000,141.000,113.000,-0.038889,0.288889,-0.956572,56.760,75.760,96.983,3164.5
Stephanie_9_puntos_intento_9.mp4,1400,11666.667,True,148.000,165.000,0.000,141.000,113.000,-0.038889,0.288889,-0.956572,56.331,75.777,97.428,3176.0
Stephanie_9_puntos_intento_9.mp4,1401,11675.000,True,148.000,165.000,0.000,141.000,113.000,-0.038889,0.288889,-0.956572,57.261,75.308,97.675,3176.5
Stephanie_9_puntos_intento_9.mp4,1402,11683.333,True,148.000,165.000,0.000,141.000,112.000,-0.038889,0.294444,-0.954877,57.218,75.354,96.752,3183.0
Stephanie_9_puntos_intento_9.mp4,1403,11691.667,True,148.000,165.000,0.000,141.000,112.000,-0.038889,0.294444,-0.954877,57.940,75.710,98.562,3171.5
Stephanie_9_puntos_intento_9.mp4,1404,11700.000,True,148.000,165.000,0.000,141.000,113.000,-0.038889,0.288889,-0.956572,57.645,74.713,95.473,3212.5
Stephanie_9_puntos_intento_9.mp4,1405,11708.333,True,148.000,165.000,0.000,141.000,112.000,-0.038889,0.294444,-0.954877,57.062,76.867,98.326,3168.0
Stephanie_9_puntos_intento_9.mp4,1406,11716.667,True,148.000,165.000,0.000,141.000,113.000,-0.038889,0.288889,-0.956572,56.631,76.069,95.893,3161.5
Stephanie_9_puntos_intento_9.mp4,1407,11725.000,True,148.000,165.000,0.000,141.000,112.000,-0.038889,0.294444,-0.954877,57.676,75.294,99.293,3138.5
Stephanie_9_puntos_intento_9.mp4,1408,11733.333,True,148.000,165.000,0.000,141.000,112.000,-0.038889,0.294444,-0.954877,56.829,76.236,98.117,3155.0
Stephanie_9_puntos_intento_9.mp4,1409,11741.667,True,148.000,165.000,0.000,141.000,112.000,-0.038889,0.294444,-0.954877,57.515,75.293,97.467,3169.5
Stephanie_9_puntos_intento_9.mp4,1410,11750.000,True,148.000,165.000,0.000,141.000,113.000,-0.038889,0.288889,-0.956572,56.387,76.212,97.427,3158.5
Stephanie_9_puntos_intento_9.mp4,1411,11758.333,True,148.000,165.000,0.000,141.000,113.000,-0.038889,0.288889,-0.956572,57.031,75.684,95.522,3168.5
Stephanie_9_puntos_intento_9.mp4,1412,11766.667,True,148.000,165.000,0.000,141.000,113.000,-0.038889,0.288889,-0.956572,56.997,75.364,95.640,3149.0
Stephanie_9_puntos_intento_9.mp4,1413,11775.000,True,148.000,165.000,0.000,141.000,113.000,-0.038889,0.288889,-0.956572,56.911,75.250,95.985,3159.0
Stephanie_9_puntos_intento_9.mp4,1414,11783.333,True,148.000,165.000,0.000,141.000,112.000,-0.038889,0.294444,-0.954877,57.627,74.523,94.940,3149.0
Stephanie_9_puntos_intento_9.mp4,1415,11791.667,True,148.000,165.000,0.000,141.000,113.000,-0.038889,0.288889,-0.956572,56.520,74.923,98.083,3130.0
Stephanie_9_puntos_intento_9.mp4,1416,11800.000,True,148.000,165.000,0.000,141.000,112.000,-0.038889,0.294444,-0.954877,57.519,74.726,99.516,3132.5
Stephanie_9_puntos_intento_9.mp4,1417,11808.333,True,148.000,165.000,0.000,141.000,113.000,-0.038889,0.288889,-0.956572,56.549,76.115,98.099,3107.5
Stephanie_9_puntos_intento_9.mp4,1418,11816.667,True,148.000,165.000,0.000,141.000,112.000,-0.038889,0.294444,-0.954877,56.584,75.785,97.278,3146.5
Stephanie_9_puntos_intento_9.mp4,1419,11825.000,True,148.000,165.000,0.000,141.000,113.000,-0.038889,0.288889,-0.956572,57.372,75.620,97.881,3176.5
Stephanie_9_puntos_intento_9.mp4,1420,11833.333,True,148.000,165.000,0.000,141.000,112.000,-0.038889,0.294444,-0.954877,56.802,75.451,96.249,3163.0
Stephanie_9_puntos_intento_9.mp4,1421,11841.667,True,148.000,165.000,0.000,141.000,113.000,-0.038889,0.288889,-0.956572,56.762,75.642,96.134,3180.5
Stephanie_9_puntos_intento_9.mp4,1422,11850.000,True,148.000,165.000,0.000,141.000,112.000,-0.038889,0.294444,-0.954877,57.663,75.524,97.838,3198.5
Stephanie_9_puntos_intento_9.mp4,1423,11858.333,True,148.000,165.000,0.000,141.000,112.000,-0.038889,0.294444,-0.954877,57.336,75.757,98.733,3179.5
Stephanie_9_puntos_intento_9.mp4,1424,11866.667,True,148.000,165.000,0.000,141.000,112.000,-0.038889,0.294444,-0.954877,57.854,75.307,96.863,3209.0
Stephanie_9_puntos_intento_9.mp4,1425,11875.000,True,148.000,165.000,0.000,141.000,112.000,-0.038889,0.294444,-0.954877,57.154,75.982,97.666,3192.0
Stephanie_9_puntos_intento_9.mp4,1426,11883.333,True,148.000,165.000,0.000,141.000,112.000,-0.038889,0.294444,-0.954877,57.737,75.727,98.128,3201.5
Stephanie_9_puntos_intento_9.mp4,1427,11891.667,True,148.000,165.000,0.000,141.000,113.000,-0.038889,0.288889,-0.956572,57.103,75.879,98.021,3195.5
Stephanie_9_puntos_intento_9.mp4,1428,11900.000,True,148.000,165.000,0.000,141.000,112.000,-0.038889,0.294444,-0.954877,57.421,75.808,98.135,3170.0
Stephanie_9_puntos_intento_9.mp4,1429,11908.333,True,148.000,165.000,0.000,141.000,112.000,-0.038889,0.294444,-0.954877,57.200,75.991,98.531,3196.5
Stephanie_9_puntos_intento_9.mp4,1430,11916.667,True,148.000,165.000,0.000,141.000,112.000,-0.038889,0.294444,-0.954877,57.514,75.508,98.647,3200.5
Stephanie_9_puntos_intento_9.mp4,1431,11925.000,True,148.000,165.000,0.000,141.000,112.000,-0.038889,0.294444,-0.954877,56.829,75.981,98.100,3200.5
Stephanie_9_puntos_intento_9.mp4,1432,11933.333,True,148.000,165.000,0.000,141.000,113.000,-0.038889,0.288889,-0.956572,55.998,76.537,97.311,3152.5
Stephanie_9_puntos_intento_9.mp4,1433,11941.667,True,148.000,165.000,0.000,141.000,113.000,-0.038889,0.288889,-0.956572,56.613,76.015,98.151,3163.5
Stephanie_9_puntos_intento_9.mp4,1434,11950.000,True,148.000,165.000,0.000,141.000,112.000,-0.038889,0.294444,-0.954877,57.874,75.316,98.045,3184.0
Stephanie_9_puntos_intento_9.mp4,1435,11958.333,True,148.000,165.000,0.000,141.000,112.000,-0.038889,0.294444,-0.954877,56.607,76.174,99.184,3165.0
Stephanie_9_puntos_intento_9.mp4,1436,11966.667,True,148.000,165.000,0.000,141.000,112.000,-0.038889,0.294444,-0.954877,57.206,75.462,98.062,3207.5
Stephanie_9_puntos_intento_9.mp4,1437,11975.000,True,148.000,165.000,0.000,141.000,112.000,-0.038889,0.294444,-0.954877,56.993,76.136,99.484,3195.5
Stephanie_9_puntos_intento_9.mp4,1438,11983.333,True,148.000,165.000,0.000,141.000,113.000,-0.038889,0.288889,-0.956572,55.460,76.549,97.112,3164.0
Stephanie_9_puntos_intento_9.mp4,1439,11991.667,True,148.000,165.000,0.000,142.000,113.000,-0.033333,0.288889,-0.956782,55.896,76.014,96.928,3175.5
Stephanie_9_puntos_intento_9.mp4,1440,12000.000,True,148.000,165.000,0.000,141.000,113.000,-0.038889,0.288889,-0.956572,55.592,75.580,95.621,3163.5
Stephanie_9_puntos_intento_9.mp4,1441,12008.333,True,148.000,165.000,0.000,142.000,113.000,-0.033333,0.288889,-0.956782,56.904,75.821,96.864,3161.5
Stephanie_9_puntos_intento_9.mp4,1442,12016.667,True,148.000,165.000,0.000,141.000,112.000,-0.038889,0.294444,-0.954877,57.785,75.210,99.496,3179.5
Stephanie_9_puntos_intento_9.mp4,1443,12025.000,True,148.000,165.000,0.000,141.000,112.000,-0.038889,0.294444,-0.954877,56.975,75.611,98.075,3164.5
Stephanie_9_puntos_intento_9.mp4,1444,12033.333,True,148.000,165.000,0.000,141.000,113.000,-0.038889,0.288889,-0.956572,56.336,77.699,99.557,3187.5
Stephanie_9_puntos_intento_9.mp4,1445,12041.667,True,148.000,165.000,0.000,141.000,113.000,-0.038889,0.288889,-0.956572,57.657,75.103,98.686,3122.0
Stephanie_9_puntos_intento_9.mp4,1446,12050.000,True,148.000,165.000,0.000,141.000,113.000,-0.038889,0.288889,-0.956572,55.823,77.159,97.530,3173.5
Stephanie_9_puntos_intento_9.mp4,1447,12058.333,True,148.000,164.000,0.000,141.000,113.000,-0.038889,0.283333,-0.958233,56.056,76.565,97.893,3164.0
Stephanie_9_puntos_intento_9.mp4,1448,12066.667,True,148.000,164.000,0.000,141.000,113.000,-0.038889,0.283333,-0.958233,56.545,76.077,98.581,3174.5
Stephanie_9_puntos_intento_9.mp4,1449,12075.000,True,148.000,164.000,0.000,141.000,113.000,-0.038889,0.283333,-0.958233,55.515,77.443,98.274,3190.0
Stephanie_9_puntos_intento_9.mp4,1450,12083.333,True,148.000,164.000,0.000,141.000,112.000,-0.038889,0.288889,-0.956572,57.538,76.489,99.392,3193.5
Stephanie_9_puntos_intento_9.mp4,1451,12091.667,True,148.000,164.000,0.000,141.000,112.000,-0.038889,0.288889,-0.956572,57.887,76.843,100.427,3191.5
Stephanie_9_puntos_intento_9.mp4,1452,12100.000,True,148.000,164.000,0.000,141.000,112.000,-0.038889,0.288889,-0.956572,57.557,75.864,99.586,3194.5
Stephanie_9_puntos_intento_9.mp4,1453,12108.333,True,148.000,164.000,0.000,141.000,112.000,-0.038889,0.288889,-0.956572,58.182,75.678,98.790,3181.5
Stephanie_9_puntos_intento_9.mp4,1454,12116.667,True,148.000,164.000,0.000,142.000,112.000,-0.033333,0.288889,-0.956782,58.540,75.363,97.018,3227.5
Stephanie_9_puntos_intento_9.mp4,1455,12125.000,True,148.000,164.000,0.000,142.000,113.000,-0.033333,0.283333,-0.958442,56.694,76.431,97.099,3172.0
Stephanie_9_puntos_intento_9.mp4,1456,12133.333,True,148.000,164.000,0.000,141.000,113.000,-0.038889,0.283333,-0.958233,57.542,75.637,96.097,3178.5
Stephanie_9_puntos_intento_9.mp4,1457,12141.667,True,148.000,164.000,0.000,141.000,112.000,-0.038889,0.288889,-0.956572,56.783,75.796,97.493,3148.0
Stephanie_9_puntos_intento_9.mp4,1458,12150.000,True,148.000,164.000,0.000,141.000,113.000,-0.038889,0.283333,-0.958233,57.909,76.425,97.506,3194.0
Stephanie_9_puntos_intento_9.mp4,1459,12158.333,True,148.000,164.000,0.000,141.000,113.000,-0.038889,0.283333,-0.958233,56.896,76.523,97.963,3179.5
Stephanie_9_puntos_intento_9.mp4,1460,12166.667,True,148.000,164.000,0.000,141.000,113.000,-0.038889,0.283333,-0.958233,58.015,76.892,98.407,3269.5
Stephanie_9_puntos_intento_9.mp4,1461,12175.000,True,148.000,164.000,0.000,142.000,113.000,-0.033333,0.283333,-0.958442,57.910,76.075,97.818,3246.0
Stephanie_9_puntos_intento_9.mp4,1462,12183.333,True,148.000,164.000,0.000,142.000,112.000,-0.033333,0.288889,-0.956782,58.103,76.238,98.861,3245.0
Stephanie_9_puntos_intento_9.mp4,1463,12191.667,True,148.000,164.000,0.000,141.000,113.000,-0.038889,0.283333,-0.958233,58.006,76.794,97.692,3259.0
Stephanie_9_puntos_intento_9.mp4,1464,12200.000,True,148.000,164.000,0.000,142.000,112.000,-0.033333,0.288889,-0.956782,58.221,76.768,97.307,3262.0
Stephanie_9_puntos_intento_9.mp4,1465,12208.333,True,148.000,164.000,0.000,142.000,113.000,-0.033333,0.283333,-0.958442,57.420,76.837,97.040,3193.5
Stephanie_9_puntos_intento_9.mp4,1466,12216.667,True,148.000,164.000,0.000,142.000,113.000,-0.033333,0.283333,-0.958442,57.356,77.697,96.834,3216.0
Stephanie_9_puntos_intento_9.mp4,1467,12225.000,True,148.000,164.000,0.000,142.000,113.000,-0.033333,0.283333,-0.958442,57.845,75.858,95.757,3222.5
Stephanie_9_puntos_intento_9.mp4,1468,12233.333,True,148.000,164.000,0.000,142.000,113.000,-0.033333,0.283333,-0.958442,57.864,75.686,95.942,3228.5
Stephanie_9_puntos_intento_9.mp4,1469,12241.667,True,148.000,164.000,0.000,142.000,113.000,-0.033333,0.283333,-0.958442,57.713,76.467,98.170,3259.5
Stephanie_9_puntos_intento_9.mp4,1470,12250.000,True,148.000,164.000,0.000,141.000,113.000,-0.038889,0.283333,-0.958233,58.221,76.451,100.136,3235.5
Stephanie_9_puntos_intento_9.mp4,1471,12258.333,True,148.000,164.000,0.000,142.000,113.000,-0.033333,0.283333,-0.958442,58.121,76.436,98.651,3277.5
Stephanie_9_puntos_intento_9.mp4,1472,12266.667,True,148.000,164.000,0.000,141.000,113.000,-0.038889,0.283333,-0.958233,58.149,76.556,99.065,3268.0
Stephanie_9_puntos_intento_9.mp4,1473,12275.000,True,148.000,164.000,0.000,141.000,113.000,-0.038889,0.283333,-0.958233,57.002,76.566,98.188,3232.5
Stephanie_9_puntos_intento_9.mp4,1474,12283.333,True,148.000,164.000,0.000,141.000,113.000,-0.038889,0.283333,-0.958233,57.708,76.620,99.940,3266.0
Stephanie_9_puntos_intento_9.mp4,1475,12291.667,True,148.000,164.000,0.000,142.000,113.000,-0.033333,0.283333,-0.958442,57.726,76.515,97.996,3207.0
Stephanie_9_puntos_intento_9.mp4,1476,12300.000,True,148.000,164.000,0.000,142.000,113.000,-0.033333,0.283333,-0.958442,58.026,76.954,99.382,3257.0
Stephanie_9_puntos_intento_9.mp4,1477,12308.333,True,148.000,164.000,0.000,141.000,112.000,-0.038889,0.288889,-0.956572,58.977,77.054,100.940,3347.0
Stephanie_9_puntos_intento_9.mp4,1478,12316.667,True,148.000,164.000,0.000,141.000,112.000,-0.038889,0.288889,-0.956572,59.368,76.159,101.167,3345.0
Stephanie_9_puntos_intento_9.mp4,1479,12325.000,True,148.000,164.000,0.000,141.000,112.000,-0.038889,0.288889,-0.956572,59.100,77.401,101.135,3329.5
Stephanie_9_puntos_intento_9.mp4,1480,12333.333,True,148.000,164.000,0.000,141.000,112.000,-0.038889,0.288889,-0.956572,58.500,77.214,99.823,3332.5
Stephanie_9_puntos_intento_9.mp4,1481,12341.667,True,148.000,164.000,0.000,142.000,113.000,-0.033333,0.283333,-0.958442,58.329,77.706,100.853,3349.5
Stephanie_9_puntos_intento_9.mp4,1482,12350.000,True,148.000,164.000,0.000,141.000,113.000,-0.038889,0.283333,-0.958233,57.159,78.568,99.949,3331.5
Stephanie_9_puntos_intento_9.mp4,1483,12358.333,True,148.000,164.000,0.000,142.000,113.000,-0.033333,0.283333,-0.958442,57.250,77.863,98.021,3307.0
Stephanie_9_puntos_intento_9.mp4,1484,12366.667,True,148.000,164.000,0.000,141.000,113.000,-0.038889,0.283333,-0.958233,57.768,78.287,99.810,3353.5
Stephanie_9_puntos_intento_9.mp4,1485,12375.000,True,148.000,164.000,0.000,142.000,112.000,-0.033333,0.288889,-0.956782,59.128,76.629,99.260,3261.5
Stephanie_9_puntos_intento_9.mp4,1486,12383.333,True,148.000,164.000,0.000,142.000,113.000,-0.033333,0.283333,-0.958442,58.311,76.614,97.180,3246.0
Stephanie_9_puntos_intento_9.mp4,1487,12391.667,True,148.000,164.000,0.000,142.000,113.000,-0.033333,0.283333,-0.958442,58.555,77.246,97.656,3273.5
Stephanie_9_puntos_intento_9.mp4,1488,12400.000,True,148.000,164.000,0.000,141.000,112.000,-0.038889,0.288889,-0.956572,59.760,77.360,100.823,3276.0
Stephanie_9_puntos_intento_9.mp4,1489,12408.333,True,148.000,164.000,0.000,141.000,113.000,-0.038889,0.283333,-0.958233,59.262,76.623,98.793,3237.5
Stephanie_9_puntos_intento_9.mp4,1490,12416.667,True,148.000,164.000,0.000,142.000,113.000,-0.033333,0.283333,-0.958442,58.281,77.507,98.637,3254.0
Stephanie_9_puntos_intento_9.mp4,1491,12425.000,True,148.000,164.000,0.000,141.000,113.000,-0.038889,0.283333,-0.958233,57.338,77.361,99.883,3213.0
Stephanie_9_puntos_intento_9.mp4,1492,12433.333,True,148.000,164.000,0.000,141.000,113.000,-0.038889,0.283333,-0.958233,58.026,77.513,100.519,3230.0
Stephanie_9_puntos_intento_9.mp4,1493,12441.667,True,148.000,164.000,0.000,141.000,113.000,-0.038889,0.283333,-0.958233,57.974,76.749,98.826,3220.0
Stephanie_9_puntos_intento_9.mp4,1494,12450.000,True,148.000,164.000,0.000,142.000,113.000,-0.033333,0.283333,-0.958442,58.614,77.591,98.915,3257.0
Stephanie_9_puntos_intento_9.mp4,1495,12458.333,True,148.000,164.000,0.000,142.000,113.000,-0.033333,0.283333,-0.958442,56.883,77.766,95.363,3232.0
Stephanie_9_puntos_intento_9.mp4,1496,12466.667,True,148.000,164.000,0.000,141.000,113.000,-0.038889,0.283333,-0.958233,58.186,77.838,96.986,3251.0
Stephanie_9_puntos_intento_9.mp4,1497,12475.000,True,148.000,164.000,0.000,142.000,113.000,-0.033333,0.283333,-0.958442,58.391,77.555,97.907,3248.5
Stephanie_9_puntos_intento_9.mp4,1498,12483.333,True,148.000,164.000,0.000,142.000,113.000,-0.033333,0.283333,-0.958442,58.205,78.297,98.639,3267.5
Stephanie_9_puntos_intento_9.mp4,1499,12491.667,True,148.000,164.000,0.000,142.000,113.000,-0.033333,0.283333,-0.958442,58.140,77.799,99.556,3274.0
Stephanie_9_puntos_intento_9.mp4,1500,12500.000,True,148.000,164.000,0.000,142.000,113.000,-0.033333,0.283333,-0.958442,58.093,78.020,97.547,3277.0
Stephanie_9_puntos_intento_9.mp4,1501,12508.333,True,148.000,164.000,0.000,141.000,113.000,-0.038889,0.283333,-0.958233,59.719,76.559,98.187,3336.0
Stephanie_9_puntos_intento_9.mp4,1502,12516.667,True,148.000,164.000,0.000,142.000,113.000,-0.033333,0.283333,-0.958442,58.891,77.340,98.073,3337.5
Stephanie_9_puntos_intento_9.mp4,1503,12525.000,True,148.000,164.000,0.000,141.000,112.000,-0.038889,0.288889,-0.956572,59.027,77.448,99.992,3274.0
Stephanie_9_puntos_intento_9.mp4,1504,12533.333,True,148.000,164.000,0.000,142.000,112.000,-0.033333,0.288889,-0.956782,59.612,76.665,99.730,3318.0
Stephanie_9_puntos_intento_9.mp4,1505,12541.667,True,148.000,164.000,0.000,141.000,112.000,-0.038889,0.288889,-0.956572,59.214,76.837,99.653,3310.0
Stephanie_9_puntos_intento_9.mp4,1506,12550.000,True,148.000,164.000,0.000,141.000,113.000,-0.038889,0.283333,-0.958233,59.475,76.235,98.451,3305.5
Stephanie_9_puntos_intento_9.mp4,1507,12558.333,True,148.000,164.000,0.000,141.000,113.000,-0.038889,0.283333,-0.958233,59.723,76.449,98.970,3264.5
Stephanie_9_puntos_intento_9.mp4,1508,12566.667,True,148.000,164.000,0.000,141.000,113.000,-0.038889,0.283333,-0.958233,60.275,77.360,100.279,3327.0
Stephanie_9_puntos_intento_9.mp4,1509,12575.000,True,148.000,164.000,0.000,142.000,113.000,-0.033333,0.283333,-0.958442,59.323,76.757,97.684,3300.0
Stephanie_9_puntos_intento_9.mp4,1510,12583.333,True,148.000,164.000,0.000,142.000,113.000,-0.033333,0.283333,-0.958442,58.767,77.053,99.815,3292.0
Stephanie_9_puntos_intento_9.mp4,1511,12591.667,True,148.000,164.000,0.000,142.000,113.000,-0.033333,0.283333,-0.958442,59.163,76.884,100.097,3300.5
Stephanie_9_puntos_intento_9.mp4,1512,12600.000,True,148.000,164.000,0.000,141.000,113.000,-0.038889,0.283333,-0.958233,59.357,76.888,100.094,3342.5
Stephanie_9_puntos_intento_9.mp4,1513,12608.333,True,148.000,164.000,0.000,142.000,113.000,-0.033333,0.283333,-0.958442,60.074,76.764,97.680,3338.5
Stephanie_9_puntos_intento_9.mp4,1514,12616.667,True,148.000,164.000,0.000,142.000,113.000,-0.033333,0.283333,-0.958442,60.105,76.335,98.578,3311.5
Stephanie_9_puntos_intento_9.mp4,1515,12625.000,True,148.000,164.000,0.000,142.000,112.000,-0.033333,0.288889,-0.956782,59.370,77.374,99.718,3310.5
Stephanie_9_puntos_intento_9.mp4,1516,12633.333,True,148.000,164.000,0.000,142.000,113.000,-0.033333,0.283333,-0.958442,59.596,77.117,100.032,3320.0
Stephanie_9_puntos_intento_9.mp4,1517,12641.667,True,148.000,164.000,0.000,142.000,112.000,-0.033333,0.288889,-0.956782,59.082,77.742,99.717,3290.5
Stephanie_9_puntos_intento_9.mp4,1518,12650.000,True,148.000,164.000,0.000,142.000,113.000,-0.033333,0.283333,-0.958442,58.841,78.142,99.949,3308.5
Stephanie_9_puntos_intento_9.mp4,1519,12658.333,True,148.000,164.000,0.000,141.000,112.000,-0.038889,0.288889,-0.956572,59.316,77.793,99.275,3327.0
Stephanie_9_puntos_intento_9.mp4,1520,12666.667,True,148.000,164.000,0.000,142.000,112.000,-0.033333,0.288889,-0.956782,59.595,78.125,100.859,3359.5
Stephanie_9_puntos_intento_9.mp4,1521,12675.000,True,148.000,164.000,0.000,142.000,113.000,-0.033333,0.283333,-0.958442,59.265,77.502,98.332,3370.0
Stephanie_9_puntos_intento_9.mp4,1522,12683.333,True,148.000,164.000,0.000,142.000,113.000,-0.033333,0.283333,-0.958442,59.438,78.529,99.699,3384.0
Stephanie_9_puntos_intento_9.mp4,1523,12691.667,True,148.000,164.000,0.000,142.000,113.000,-0.033333,0.283333,-0.958442,58.703,78.560,98.359,3357.5
Stephanie_9_puntos_intento_9.mp4,1524,12700.000,True,148.000,164.000,0.000,144.000,113.000,-0.022222,0.283333,-0.958764,58.407,78.595,100.541,3370.5
Stephanie_9_puntos_intento_9.mp4,1525,12708.333,True,148.000,164.000,0.000,154.000,113.000,0.033333,0.283333,-0.958442,58.685,78.029,103.046,3407.5
Stephanie_9_puntos_intento_9.mp4,1526,12716.667,True,148.000,164.000,0.000,167.000,114.000,0.105556,0.277778,-0.954829,60.515,75.038,106.309,3374.5
Stephanie_9_puntos_intento_9.mp4,1527,12725.000,True,148.000,164.000,0.000,180.000,115.000,0.177778,0.272222,-0.945669,61.619,72.722,120.393,3377.5
Stephanie_9_puntos_intento_9.mp4,1528,12733.333,True,148.000,164.000,0.000,194.000,117.000,0.255556,0.261111,-0.930866,61.217,72.645,136.482,3391.5
Stephanie_9_puntos_intento_9.mp4,1529,12741.667,True,147.000,164.000,0.000,205.000,118.000,0.322222,0.255556,-0.911518,59.737,72.614,141.531,3311.0
Stephanie_9_puntos_intento_9.mp4,1530,12750.000,True,147.000,164.000,0.000,215.000,118.000,0.377778,0.255556,-0.889930,57.174,71.703,144.981,3196.5
Stephanie_9_puntos_intento_9.mp4,1531,12758.333,True,147.000,164.000,0.000,223.000,119.000,0.422222,0.250000,-0.871337,54.557,71.448,147.404,3037.5
Stephanie_9_puntos_intento_9.mp4,1532,12766.667,True,147.000,164.000,0.000,228.000,119.000,0.450000,0.250000,-0.857321,53.351,71.811,150.120,2964.5
Stephanie_9_puntos_intento_9.mp4,1533,12775.000,True,147.000,164.000,0.000,231.000,119.000,0.466667,0.250000,-0.848364,53.201,71.874,151.307,2954.5
Stephanie_9_puntos_intento_9.mp4,1534,12783.333,True,147.000,164.000,0.000,230.000,119.000,0.461111,0.250000,-0.851397,53.424,72.096,151.481,2977.0
Stephanie_9_puntos_intento_9.mp4,1535,12791.667,True,147.000,164.000,0.000,231.000,119.000,0.466667,0.250000,-0.848364,53.713,72.055,150.881,3008.5
Stephanie_9_puntos_intento_9.mp4,1536,12800.000,True,147.000,164.000,0.000,233.000,120.000,0.477778,0.244444,-0.843786,53.306,71.982,154.875,2977.0
Stephanie_9_puntos_intento_9.mp4,1537,12808.333,True,147.000,164.000,0.000,234.000,121.000,0.483333,0.238889,-0.842212,52.076,72.419,157.616,2925.5
Stephanie_9_puntos_intento_9.mp4,1538,12816.667,True,147.000,164.000,0.000,234.000,122.000,0.483333,0.233333,-0.843768,53.027,72.526,155.870,2983.0
Stephanie_9_puntos_intento_9.mp4,1539,12825.000,True,147.000,164.000,0.000,235.000,123.000,0.488889,0.227778,-0.842084,53.548,73.123,156.644,3038.5
Stephanie_9_puntos_intento_9.mp4,1540,12833.333,True,147.000,164.000,0.000,236.000,125.000,0.494444,0.216667,-0.841772,53.322,73.650,156.870,3042.5
Stephanie_9_puntos_intento_9.mp4,1541,12841.667,True,147.000,164.000,0.000,236.000,125.000,0.494444,0.216667,-0.841772,53.405,74.186,157.633,3054.5
Stephanie_9_puntos_intento_9.mp4,1542,12850.000,True,147.000,164.000,0.000,236.000,126.000,0.494444,0.211111,-0.843183,53.823,73.913,157.233,3079.0
Stephanie_9_puntos_intento_9.mp4,1543,12858.333,True,147.000,164.000,0.000,236.000,125.000,0.494444,0.216667,-0.841772,53.635,73.278,157.303,3045.0
Stephanie_9_puntos_intento_9.mp4,1544,12866.667,True,147.000,164.000,0.000,236.000,126.000,0.494444,0.211111,-0.843183,53.944,73.714,156.813,3075.5
Stephanie_9_puntos_intento_9.mp4,1545,12875.000,True,147.000,164.000,0.000,236.000,126.000,0.494444,0.211111,-0.843183,53.829,73.428,155.987,3063.0
Stephanie_9_puntos_intento_9.mp4,1546,12883.333,True,147.000,164.000,0.000,236.000,126.000,0.494444,0.211111,-0.843183,54.054,73.384,157.449,3085.0
Stephanie_9_puntos_intento_9.mp4,1547,12891.667,True,147.000,164.000,0.000,236.000,126.000,0.494444,0.211111,-0.843183,53.967,73.763,157.402,3091.5
Stephanie_9_puntos_intento_9.mp4,1548,12900.000,True,147.000,164.000,0.000,236.000,126.000,0.494444,0.211111,-0.843183,53.936,73.771,157.378,3095.5
Stephanie_9_puntos_intento_9.mp4,1549,12908.333,True,147.000,164.000,0.000,236.000,126.000,0.494444,0.211111,-0.843183,53.552,72.948,156.791,3048.5
Stephanie_9_puntos_intento_9.mp4,1550,12916.667,True,147.000,164.000,0.000,236.000,125.000,0.494444,0.216667,-0.841772,53.996,73.520,157.210,3088.0
Stephanie_9_puntos_intento_9.mp4,1551,12925.000,True,147.000,164.000,0.000,236.000,126.000,0.494444,0.211111,-0.843183,53.865,73.036,157.098,3072.0
Stephanie_9_puntos_intento_9.mp4,1552,12933.333,True,147.000,164.000,0.000,236.000,126.000,0.494444,0.211111,-0.843183,54.243,73.881,157.737,3098.5
Stephanie_9_puntos_intento_9.mp4,1553,12941.667,True,147.000,164.000,0.000,236.000,126.000,0.494444,0.211111,-0.843183,54.351,73.470,158.196,3084.5
Stephanie_9_puntos_intento_9.mp4,1554,12950.000,True,147.000,164.000,0.000,237.000,126.000,0.500000,0.211111,-0.839900,54.479,73.509,157.487,3092.5
Stephanie_9_puntos_intento_9.mp4,1555,12958.333,True,147.000,164.000,0.000,236.000,126.000,0.494444,0.211111,-0.843183,54.429,73.440,156.800,3097.0
Stephanie_9_puntos_intento_9.mp4,1556,12966.667,True,147.000,164.000,0.000,236.000,126.000,0.494444,0.211111,-0.843183,54.295,73.369,157.617,3080.5
Stephanie_9_puntos_intento_9.mp4,1557,12975.000,True,147.000,164.000,0.000,236.000,126.000,0.494444,0.211111,-0.843183,54.525,73.452,156.714,3099.5
Stephanie_9_puntos_intento_9.mp4,1558,12983.333,True,147.000,164.000,0.000,236.000,126.000,0.494444,0.211111,-0.843183,54.118,73.222,155.552,3092.5
Stephanie_9_puntos_intento_9.mp4,1559,12991.667,True,147.000,164.000,0.000,236.000,126.000,0.494444,0.211111,-0.843183,54.597,73.957,156.263,3118.5
Stephanie_9_puntos_intento_9.mp4,1560,13000.000,True,147.000,164.000,0.000,238.000,126.000,0.505556,0.211111,-0.836568,54.511,74.956,155.691,3153.5
Stephanie_9_puntos_intento_9.mp4,1561,13008.333,True,147.000,163.000,0.000,241.000,128.000,0.522222,0.194444,-0.830346,52.692,75.187,157.791,3057.0
Stephanie_9_puntos_intento_9.mp4,1562,13016.667,True,147.000,163.000,0.000,242.000,129.000,0.527778,0.188889,-0.828113,52.740,74.354,158.942,3045.0
Stephanie_9_puntos_intento_9.mp4,1563,13025.000,True,147.000,163.000,0.000,241.000,129.000,0.522222,0.188889,-0.831628,52.886,74.423,157.977,3054.5
Stephanie_9_puntos_intento_9.mp4,1564,13033.333,True,147.000,163.000,0.000,241.000,129.000,0.522222,0.188889,-0.831628,53.162,74.495,159.188,3062.5
Stephanie_9_puntos_intento_9.mp4,1565,13041.667,True,147.000,163.000,0.000,241.000,129.000,0.522222,0.188889,-0.831628,53.103,74.734,158.388,3066.5
Stephanie_9_puntos_intento_9.mp4,1566,13050.000,True,147.000,163.000,0.000,241.000,129.000,0.522222,0.188889,-0.831628,53.243,75.007,158.993,3089.5
Stephanie_9_puntos_intento_9.mp4,1567,13058.333,True,147.000,163.000,0.000,241.000,129.000,0.522222,0.188889,-0.831628,53.165,74.785,157.859,3064.0
Stephanie_9_puntos_intento_9.mp4,1568,13066.667,True,147.000,163.000,0.000,241.000,129.000,0.522222,0.188889,-0.831628,52.914,74.845,159.135,3051.5
Stephanie_9_puntos_intento_9.mp4,1569,13075.000,True,147.000,163.000,0.000,241.000,129.000,0.522222,0.188889,-0.831628,52.935,74.197,158.448,3032.5
Stephanie_9_puntos_intento_9.mp4,1570,13083.333,True,147.000,163.000,0.000,241.000,129.000,0.522222,0.188889,-0.831628,52.866,74.382,158.713,3069.5
Stephanie_9_puntos_intento_9.mp4,1571,13091.667,True,147.000,163.000,0.000,241.000,129.000,0.522222,0.188889,-0.831628,52.931,74.412,158.122,3046.0
Stephanie_9_puntos_intento_9.mp4,1572,13100.000,True,147.000,163.000,0.000,241.000,129.000,0.522222,0.188889,-0.831628,53.084,74.311,158.260,3061.5
Stephanie_9_puntos_intento_9.mp4,1573,13108.333,True,147.000,163.000,0.000,241.000,129.000,0.522222,0.188889,-0.831628,53.272,73.745,158.337,3037.5
Stephanie_9_puntos_intento_9.mp4,1574,13116.667,True,147.000,163.000,0.000,241.000,129.000,0.522222,0.188889,-0.831628,53.283,74.291,158.529,3061.0
Stephanie_9_puntos_intento_9.mp4,1575,13125.000,True,147.000,163.000,0.000,241.000,129.000,0.522222,0.188889,-0.831628,53.060,73.830,158.517,3053.0
Stephanie_9_puntos_intento_9.mp4,1576,13133.333,True,147.000,163.000,0.000,241.000,129.000,0.522222,0.188889,-0.831628,53.263,74.376,158.500,3068.0
Stephanie_9_puntos_intento_9.mp4,1577,13141.667,True,147.000,163.000,0.000,241.000,129.000,0.522222,0.188889,-0.831628,53.230,74.586,158.477,3068.0
Stephanie_9_puntos_intento_9.mp4,1578,13150.000,True,147.000,163.000,0.000,241.000,129.000,0.522222,0.188889,-0.831628,52.714,73.945,158.401,3047.0
Stephanie_9_puntos_intento_9.mp4,1579,13158.333,True,147.000,163.000,0.000,241.000,129.000,0.522222,0.188889,-0.831628,53.217,74.071,158.186,3050.0
Stephanie_9_puntos_intento_9.mp4,1580,13166.667,True,147.000,163.000,0.000,241.000,129.000,0.522222,0.188889,-0.831628,52.864,74.486,157.166,3067.5
Stephanie_9_puntos_intento_9.mp4,1581,13175.000,True,147.000,163.000,0.000,241.000,129.000,0.522222,0.188889,-0.831628,52.718,74.272,157.898,3060.5
Stephanie_9_puntos_intento_9.mp4,1582,13183.333,True,147.000,163.000,0.000,241.000,129.000,0.522222,0.188889,-0.831628,53.183,74.462,158.239,3066.0
Stephanie_9_puntos_intento_9.mp4,1583,13191.667,True,147.000,163.000,0.000,241.000,129.000,0.522222,0.188889,-0.831628,53.197,74.298,158.353,3062.0
Stephanie_9_puntos_intento_9.mp4,1584,13200.000,True,147.000,163.000,0.000,241.000,129.000,0.522222,0.188889,-0.831628,53.220,74.083,158.392,3052.5
Stephanie_9_puntos_intento_9.mp4,1585,13208.333,True,147.000,163.000,0.000,241.000,129.000,0.522222,0.188889,-0.831628,53.248,74.763,158.283,3069.5
Stephanie_9_puntos_intento_9.mp4,1586,13216.667,True,147.000,163.000,0.000,241.000,129.000,0.522222,0.188889,-0.831628,52.987,74.753,158.217,3081.0
Stephanie_9_puntos_intento_9.mp4,1587,13225.000,True,147.000,163.000,0.000,241.000,129.000,0.522222,0.188889,-0.831628,52.837,74.256,158.533,3059.0
Stephanie_9_puntos_intento_9.mp4,1588,13233.333,True,147.000,163.000,0.000,241.000,129.000,0.522222,0.188889,-0.831628,53.207,74.198,158.171,3078.5
Stephanie_9_puntos_intento_9.mp4,1589,13241.667,True,147.000,163.000,0.000,241.000,129.000,0.522222,0.188889,-0.831628,53.071,74.430,158.012,3086.0
Stephanie_9_puntos_intento_9.mp4,1590,13250.000,True,147.000,163.000,0.000,241.000,129.000,0.522222,0.188889,-0.831628,53.161,74.851,158.759,3096.0
Stephanie_9_puntos_intento_9.mp4,1591,13258.333,True,147.000,163.000,0.000,241.000,128.000,0.522222,0.194444,-0.830346,53.564,74.376,158.467,3085.5
Stephanie_9_puntos_intento_9.mp4,1592,13266.667,True,147.000,163.000,0.000,241.000,129.000,0.522222,0.188889,-0.831628,53.133,74.426,158.233,3095.5
Stephanie_9_puntos_intento_9.mp4,1593,13275.000,True,147.000,163.000,0.000,241.000,128.000,0.522222,0.194444,-0.830346,53.259,74.105,158.596,3067.5
Stephanie_9_puntos_intento_9.mp4,1594,13283.333,True,147.000,163.000,0.000,241.000,129.000,0.522222,0.188889,-0.831628,53.260,74.378,158.490,3074.0
Stephanie_9_puntos_intento_9.mp4,1595,13291.667,True,147.000,163.000,0.000,241.000,129.000,0.522222,0.188889,-0.831628,53.387,74.967,158.098,3088.5
Stephanie_9_puntos_intento_9.mp4,1596,13300.000,True,147.000,163.000,0.000,241.000,129.000,0.522222,0.188889,-0.831628,53.629,74.535,157.543,3086.0
Stephanie_9_puntos_intento_9.mp4,1597,13308.333,True,147.000,163.000,0.000,241.000,128.000,0.522222,0.194444,-0.830346,53.445,74.581,157.719,3082.5
Stephanie_9_puntos_intento_9.mp4,1598,13316.667,True,147.000,163.000,0.000,241.000,128.000,0.522222,0.194444,-0.830346,53.609,74.775,157.893,3093.0
Stephanie_9_puntos_intento_9.mp4,1599,13325.000,True,147.000,163.000,0.000,241.000,128.000,0.522222,0.194444,-0.830346,53.745,75.022,158.431,3115.0
Stephanie_9_puntos_intento_9.mp4,1600,13333.333,True,147.000,163.000,0.000,241.000,128.000,0.522222,0.194444,-0.830346,53.707,75.507,158.315,3120.0
Stephanie_9_puntos_intento_9.mp4,1601,13341.667,True,147.000,163.000,0.000,241.000,128.000,0.522222,0.194444,-0.830346,53.905,74.387,157.736,3101.0
Stephanie_9_puntos_intento_9.mp4,1602,13350.000,True,147.000,163.000,0.000,241.000,128.000,0.522222,0.194444,-0.830346,53.823,75.120,157.423,3120.5
Stephanie_9_puntos_intento_9.mp4,1603,13358.333,True,147.000,163.000,0.000,241.000,128.000,0.522222,0.194444,-0.830346,53.491,74.930,157.060,3115.0
Stephanie_9_puntos_intento_9.mp4,1604,13366.667,True,147.000,163.000,0.000,241.000,128.000,0.522222,0.194444,-0.830346,53.817,74.872,158.584,3122.5
Stephanie_9_puntos_intento_9.mp4,1605,13375.000,True,147.000,163.000,0.000,241.000,128.000,0.522222,0.194444,-0.830346,53.720,74.872,157.847,3109.5
Stephanie_9_puntos_intento_9.mp4,1606,13383.333,True,147.000,163.000,0.000,241.000,128.000,0.522222,0.194444,-0.830346,53.451,75.094,158.271,3134.5
Stephanie_9_puntos_intento_9.mp4,1607,13391.667,True,147.000,163.000,0.000,241.000,128.000,0.522222,0.194444,-0.830346,53.497,74.644,157.928,3118.5
Stephanie_9_puntos_intento_9.mp4,1608,13400.000,True,147.000,163.000,0.000,241.000,128.000,0.522222,0.194444,-0.830346,53.559,75.589,158.154,3135.0
Stephanie_9_puntos_intento_9.mp4,1609,13408.333,True,147.000,163.000,0.000,241.000,128.000,0.522222,0.194444,-0.830346,53.700,75.267,157.728,3119.0
Stephanie_9_puntos_intento_9.mp4,1610,13416.667,True,147.000,163.000,0.000,241.000,128.000,0.522222,0.194444,-0.830346,53.761,75.277,157.951,3133.5
Stephanie_9_puntos_intento_9.mp4,1611,13425.000,True,147.000,163.000,0.000,240.000,128.000,0.516667,0.194444,-0.833815,53.536,75.658,157.820,3130.5
Stephanie_9_puntos_intento_9.mp4,1612,13433.333,True,147.000,163.000,0.000,241.000,128.000,0.522222,0.194444,-0.830346,53.851,75.521,157.007,3146.0
Stephanie_9_puntos_intento_9.mp4,1613,13441.667,True,147.000,163.000,0.000,241.000,128.000,0.522222,0.194444,-0.830346,53.839,74.825,156.772,3131.5
Stephanie_9_puntos_intento_9.mp4,1614,13450.000,True,147.000,163.000,0.000,241.000,128.000,0.522222,0.194444,-0.830346,53.636,75.211,157.364,3141.0
Stephanie_9_puntos_intento_9.mp4,1615,13458.333,True,147.000,163.000,0.000,241.000,128.000,0.522222,0.194444,-0.830346,54.116,75.247,157.845,3145.0
Stephanie_9_puntos_intento_9.mp4,1616,13466.667,True,147.000,163.000,0.000,241.000,128.000,0.522222,0.194444,-0.830346,53.434,75.656,157.777,3151.5
Stephanie_9_puntos_intento_9.mp4,1617,13475.000,True,147.000,163.000,0.000,241.000,128.000,0.522222,0.194444,-0.830346,53.527,74.761,158.116,3122.0
Stephanie_9_puntos_intento_9.mp4,1618,13483.333,True,147.000,163.000,0.000,241.000,128.000,0.522222,0.194444,-0.830346,53.765,75.596,157.528,3143.0
Stephanie_9_puntos_intento_9.mp4,1619,13491.667,True,147.000,163.000,0.000,241.000,128.000,0.522222,0.194444,-0.830346,53.453,75.368,158.039,3137.0
Stephanie_9_puntos_intento_9.mp4,1620,13500.000,True,147.000,163.000,0.000,241.000,128.000,0.522222,0.194444,-0.830346,54.124,75.356,157.526,3149.5
Stephanie_9_puntos_intento_9.mp4,1621,13508.333,True,147.000,163.000,0.000,241.000,128.000,0.522222,0.194444,-0.830346,53.482,75.626,157.943,3112.5
Stephanie_9_puntos_intento_9.mp4,1622,13516.667,True,147.000,163.000,0.000,241.000,128.000,0.522222,0.194444,-0.830346,53.798,75.505,157.852,3132.5
Stephanie_9_puntos_intento_9.mp4,1623,13525.000,True,147.000,163.000,0.000,241.000,128.000,0.522222,0.194444,-0.830346,53.480,75.098,158.046,3106.0
Stephanie_9_puntos_intento_9.mp4,1624,13533.333,True,147.000,163.000,0.000,241.000,128.000,0.522222,0.194444,-0.830346,53.952,75.235,157.775,3122.0
Stephanie_9_puntos_intento_9.mp4,1625,13541.667,True,147.000,163.000,0.000,241.000,128.000,0.522222,0.194444,-0.830346,53.622,75.348,158.120,3114.5
Stephanie_9_puntos_intento_9.mp4,1626,13550.000,True,147.000,163.000,0.000,241.000,128.000,0.522222,0.194444,-0.830346,53.696,75.493,157.290,3122.5
Stephanie_9_puntos_intento_9.mp4,1627,13558.333,True,147.000,163.000,0.000,241.000,128.000,0.522222,0.194444,-0.830346,53.296,75.356,158.083,3102.5
Stephanie_9_puntos_intento_9.mp4,1628,13566.667,True,147.000,163.000,0.000,241.000,128.000,0.522222,0.194444,-0.830346,53.773,75.384,157.431,3124.5
Stephanie_9_puntos_intento_9.mp4,1629,13575.000,True,147.000,163.000,0.000,241.000,128.000,0.522222,0.194444,-0.830346,53.505,75.291,157.487,3110.5
Stephanie_9_puntos_intento_9.mp4,1630,13583.333,True,147.000,163.000,0.000,241.000,128.000,0.522222,0.194444,-0.830346,53.767,75.541,157.996,3126.5
Stephanie_9_puntos_intento_9.mp4,1631,13591.667,True,147.000,163.000,0.000,241.000,128.000,0.522222,0.194444,-0.830346,53.718,74.968,157.165,3112.5
Stephanie_9_puntos_intento_9.mp4,1632,13600.000,True,147.000,163.000,0.000,241.000,128.000,0.522222,0.194444,-0.830346,53.225,74.908,157.759,3100.0
Stephanie_9_puntos_intento_9.mp4,1633,13608.333,True,147.000,163.000,0.000,241.000,128.000,0.522222,0.194444,-0.830346,53.011,75.212,158.300,3071.0
Stephanie_9_puntos_intento_9.mp4,1634,13616.667,True,147.000,163.000,0.000,240.000,128.000,0.516667,0.194444,-0.833815,53.322,75.288,158.756,3099.0
Stephanie_9_puntos_intento_9.mp4,1635,13625.000,True,147.000,163.000,0.000,240.000,128.000,0.516667,0.194444,-0.833815,53.095,74.896,158.150,3073.5
Stephanie_9_puntos_intento_9.mp4,1636,13633.333,True,147.000,163.000,0.000,241.000,128.000,0.522222,0.194444,-0.830346,53.387,75.174,157.903,3100.0
Stephanie_9_puntos_intento_9.mp4,1637,13641.667,True,147.000,163.000,0.000,241.000,128.000,0.522222,0.194444,-0.830346,53.338,74.680,158.309,3078.5
Stephanie_9_puntos_intento_9.mp4,1638,13650.000,True,147.000,163.000,0.000,241.000,128.000,0.522222,0.194444,-0.830346,53.623,74.947,158.173,3102.5
Stephanie_9_puntos_intento_9.mp4,1639,13658.333,True,147.000,163.000,0.000,240.000,128.000,0.516667,0.194444,-0.833815,53.311,74.770,158.071,3077.5
Stephanie_9_puntos_intento_9.mp4,1640,13666.667,True,147.000,163.000,0.000,240.000,128.000,0.516667,0.194444,-0.833815,53.069,75.121,158.272,3101.0
Stephanie_9_puntos_intento_9.mp4,1641,13675.000,True,147.000,163.000,0.000,240.000,128.000,0.516667,0.194444,-0.833815,53.249,74.818,158.818,3092.5
Stephanie_9_puntos_intento_9.mp4,1642,13683.333,True,147.000,163.000,0.000,241.000,128.000,0.522222,0.194444,-0.830346,53.014,75.544,158.467,3096.5
Stephanie_9_puntos_intento_9.mp4,1643,13691.667,True,147.000,163.000,0.000,241.000,128.000,0.522222,0.194444,-0.830346,52.764,74.999,159.291,3061.0
Stephanie_9_puntos_intento_9.mp4,1644,13700.000,True,147.000,163.000,0.000,241.000,128.000,0.522222,0.194444,-0.830346,53.482,75.049,158.646,3103.5
Stephanie_9_puntos_intento_9.mp4,1645,13708.333,True,147.000,163.000,0.000,240.000,128.000,0.516667,0.194444,-0.833815,52.774,74.962,157.121,3059.0
Stephanie_9_puntos_intento_9.mp4,1646,13716.667,True,147.000,163.000,0.000,240.000,128.000,0.516667,0.194444,-0.833815,53.377,74.710,157.569,3072.5
Stephanie_9_puntos_intento_9.mp4,1647,13725.000,True,147.000,163.000,0.000,241.000,128.000,0.522222,0.194444,-0.830346,52.847,74.884,158.042,3060.5
Stephanie_9_puntos_intento_9.mp4,1648,13733.333,True,147.000,163.000,0.000,241.000,128.000,0.522222,0.194444,-0.830346,53.180,74.811,157.955,3077.0
Stephanie_9_puntos_intento_9.mp4,1649,13741.667,True,147.000,163.000,0.000,240.000,128.000,0.516667,0.194444,-0.833815,52.895,74.617,158.694,3048.0
Stephanie_9_puntos_intento_9.mp4,1650,13750.000,True,147.000,163.000,0.000,240.000,128.000,0.516667,0.194444,-0.833815,53.053,74.495,158.236,3059.5
Stephanie_9_puntos_intento_9.mp4,1651,13758.333,True,147.000,163.000,0.000,241.000,128.000,0.522222,0.194444,-0.830346,52.727,73.874,158.512,3018.5
Stephanie_9_puntos_intento_9.mp4,1652,13766.667,True,147.000,163.000,0.000,241.000,128.000,0.522222,0.194444,-0.830346,53.181,74.056,158.289,3048.0
Stephanie_9_puntos_intento_9.mp4,1653,13775.000,True,147.000,163.000,0.000,240.000,128.000,0.516667,0.194444,-0.833815,52.608,74.396,158.356,3030.0
Stephanie_9_puntos_intento_9.mp4,1654,13783.333,True,147.000,163.000,0.000,240.000,128.000,0.516667,0.194444,-0.833815,53.052,74.078,157.927,3047.0
Stephanie_9_puntos_intento_9.mp4,1655,13791.667,True,147.000,163.000,0.000,240.000,128.000,0.516667,0.194444,-0.833815,52.733,73.948,158.001,3026.5
Stephanie_9_puntos_intento_9.mp4,1656,13800.000,True,147.000,163.000,0.000,241.000,128.000,0.522222,0.194444,-0.830346,52.925,73.997,158.641,3034.0
Stephanie_9_puntos_intento_9.mp4,1657,13808.333,True,147.000,163.000,0.000,240.000,127.000,0.516667,0.200000,-0.832500,52.865,74.631,158.488,3031.0
Stephanie_9_puntos_intento_9.mp4,1658,13816.667,True,147.000,163.000,0.000,240.000,128.000,0.516667,0.194444,-0.833815,52.932,74.392,157.718,3033.5
Stephanie_9_puntos_intento_9.mp4,1659,13825.000,True,147.000,163.000,0.000,240.000,128.000,0.516667,0.194444,-0.833815,52.830,73.859,159.207,3015.0
Stephanie_9_puntos_intento_9.mp4,1660,13833.333,True,147.000,163.000,0.000,240.000,128.000,0.516667,0.194444,-0.833815,52.674,74.079,158.386,3014.5
Stephanie_9_puntos_intento_9.mp4,1661,13841.667,True,147.000,163.000,0.000,240.000,128.000,0.516667,0.194444,-0.833815,52.763,73.746,157.976,3013.0
Stephanie_9_puntos_intento_9.mp4,1662,13850.000,True,147.000,163.000,0.000,241.000,128.000,0.522222,0.194444,-0.830346,52.857,73.842,158.686,3017.0
Stephanie_9_puntos_intento_9.mp4,1663,13858.333,True,147.000,163.000,0.000,241.000,128.000,0.522222,0.194444,-0.830346,52.767,74.029,158.443,3016.0
Stephanie_9_puntos_intento_9.mp4,1664,13866.667,True,147.000,163.000,0.000,241.000,128.000,0.522222,0.194444,-0.830346,52.727,74.137,158.185,3022.5
Stephanie_9_puntos_intento_9.mp4,1665,13875.000,True,147.000,163.000,0.000,240.000,128.000,0.516667,0.194444,-0.833815,52.738,73.373,158.784,2987.0
Stephanie_9_puntos_intento_9.mp4,1666,13883.333,True,147.000,163.000,0.000,240.000,128.000,0.516667,0.194444,-0.833815,52.397,74.020,158.891,2996.0
Stephanie_9_puntos_intento_9.mp4,1667,13891.667,True,147.000,163.000,0.000,241.000,128.000,0.522222,0.194444,-0.830346,52.544,73.699,158.253,2990.0
Stephanie_9_puntos_intento_9.mp4,1668,13900.000,True,147.000,163.000,0.000,241.000,128.000,0.522222,0.194444,-0.830346,52.550,73.935,158.281,3004.0
Stephanie_9_puntos_intento_9.mp4,1669,13908.333,True,147.000,163.000,0.000,241.000,128.000,0.522222,0.194444,-0.830346,52.356,73.323,158.304,2969.0
Stephanie_9_puntos_intento_9.mp4,1670,13916.667,True,147.000,163.000,0.000,240.000,128.000,0.516667,0.194444,-0.833815,52.430,73.426,157.656,2983.0
Stephanie_9_puntos_intento_9.mp4,1671,13925.000,True,147.000,163.000,0.000,241.000,128.000,0.522222,0.194444,-0.830346,52.261,74.154,157.975,2990.5
Stephanie_9_puntos_intento_9.mp4,1672,13933.333,True,147.000,163.000,0.000,241.000,128.000,0.522222,0.194444,-0.830346,52.279,73.434,157.249,2975.5
Stephanie_9_puntos_intento_9.mp4,1673,13941.667,True,147.000,163.000,0.000,241.000,128.000,0.522222,0.194444,-0.830346,52.232,73.369,156.573,2977.0
Stephanie_9_puntos_intento_9.mp4,1674,13950.000,True,147.000,163.000,0.000,241.000,128.000,0.522222,0.194444,-0.830346,52.399,73.316,158.303,2970.0
Stephanie_9_puntos_intento_9.mp4,1675,13958.333,True,147.000,163.000,0.000,241.000,127.000,0.522222,0.200000,-0.829026,51.851,73.035,158.037,2935.5
Stephanie_9_puntos_intento_9.mp4,1676,13966.667,True,147.000,163.000,0.000,241.000,128.000,0.522222,0.194444,-0.830346,52.170,73.072,158.135,2949.0
Stephanie_9_puntos_intento_9.mp4,1677,13975.000,True,147.000,163.000,0.000,241.000,128.000,0.522222,0.194444,-0.830346,51.783,72.946,158.229,2941.5
Stephanie_9_puntos_intento_9.mp4,1678,13983.333,True,147.000,163.000,0.000,241.000,128.000,0.522222,0.194444,-0.830346,52.063,73.060,158.161,2950.5
Stephanie_9_puntos_intento_9.mp4,1679,13991.667,True,147.000,163.000,0.000,241.000,128.000,0.522222,0.194444,-0.830346,52.275,72.259,158.165,2915.0
Stephanie_9_puntos_intento_9.mp4,1680,14000.000,True,147.000,163.000,0.000,241.000,128.000,0.522222,0.194444,-0.830346,51.710,72.483,158.173,2894.0
Stephanie_9_puntos_intento_9.mp4,1681,14008.333,True,147.000,163.000,0.000,241.000,127.000,0.522222,0.200000,-0.829026,51.437,72.648,157.630,2890.0
Stephanie_9_puntos_intento_9.mp4,1682,14016.667,True,147.000,163.000,0.000,240.000,127.000,0.516667,0.200000,-0.832500,51.702,72.443,157.593,2886.5
Stephanie_9_puntos_intento_9.mp4,1683,14025.000,True,147.000,163.000,0.000,240.000,127.000,0.516667,0.200000,-0.832500,51.476,72.513,157.874,2884.5
Stephanie_9_puntos_intento_9.mp4,1684,14033.333,True,147.000,163.000,0.000,240.000,127.000,0.516667,0.200000,-0.832500,51.728,72.484,157.806,2904.5
Stephanie_9_puntos_intento_9.mp4,1685,14041.667,True,147.000,163.000,0.000,240.000,127.000,0.516667,0.200000,-0.832500,51.410,72.309,157.693,2867.0
Stephanie_9_puntos_intento_9.mp4,1686,14050.000,True,147.000,163.000,0.000,240.000,127.000,0.516667,0.200000,-0.832500,51.419,72.488,158.406,2885.0
Stephanie_9_puntos_intento_9.mp4,1687,14058.333,True,147.000,163.000,0.000,240.000,127.000,0.516667,0.200000,-0.832500,51.429,72.634,158.160,2884.5
Stephanie_9_puntos_intento_9.mp4,1688,14066.667,True,147.000,163.000,0.000,241.000,127.000,0.522222,0.200000,-0.829026,51.689,72.727,158.365,2910.0
Stephanie_9_puntos_intento_9.mp4,1689,14075.000,True,147.000,163.000,0.000,241.000,127.000,0.522222,0.200000,-0.829026,51.591,72.333,158.208,2893.0
Stephanie_9_puntos_intento_9.mp4,1690,14083.333,True,147.000,163.000,0.000,241.000,127.000,0.522222,0.200000,-0.829026,51.618,72.539,157.925,2907.0
Stephanie_9_puntos_intento_9.mp4,1691,14091.667,True,147.000,163.000,0.000,241.000,128.000,0.522222,0.194444,-0.830346,51.208,72.377,158.573,2876.0
Stephanie_9_puntos_intento_9.mp4,1692,14100.000,True,147.000,163.000,0.000,241.000,127.000,0.522222,0.200000,-0.829026,51.157,72.414,158.699,2863.5
Stephanie_9_puntos_intento_9.mp4,1693,14108.333,True,147.000,163.000,0.000,241.000,127.000,0.522222,0.200000,-0.829026,51.248,72.554,159.211,2885.5
Stephanie_9_puntos_intento_9.mp4,1694,14116.667,True,147.000,163.000,0.000,241.000,127.000,0.522222,0.200000,-0.829026,51.671,72.878,158.405,2898.5
Stephanie_9_puntos_intento_9.mp4,1695,14125.000,True,147.000,163.000,0.000,241.000,127.000,0.522222,0.200000,-0.829026,51.337,72.622,158.967,2878.0
Stephanie_9_puntos_intento_9.mp4,1696,14133.333,True,147.000,163.000,0.000,241.000,127.000,0.522222,0.200000,-0.829026,51.572,72.495,158.601,2899.5
Stephanie_9_puntos_intento_9.mp4,1697,14141.667,True,147.000,163.000,0.000,241.000,127.000,0.522222,0.200000,-0.829026,51.394,72.261,158.397,2865.5
Stephanie_9_puntos_intento_9.mp4,1698,14150.000,True,147.000,163.000,0.000,241.000,127.000,0.522222,0.200000,-0.829026,51.228,72.006,158.753,2857.0
Stephanie_9_puntos_intento_9.mp4,1699,14158.333,True,147.000,163.000,0.000,241.000,127.000,0.522222,0.200000,-0.829026,51.484,71.837,158.006,2866.5
Stephanie_9_puntos_intento_9.mp4,1700,14166.667,True,147.000,163.000,0.000,241.000,127.000,0.522222,0.200000,-0.829026,51.229,72.166,158.273,2854.5
Stephanie_9_puntos_intento_9.mp4,1701,14175.000,True,147.000,163.000,0.000,241.000,127.000,0.522222,0.200000,-0.829026,50.925,72.087,158.083,2837.5
Stephanie_9_puntos_intento_9.mp4,1702,14183.333,True,147.000,163.000,0.000,241.000,127.000,0.522222,0.200000,-0.829026,51.274,72.177,158.049,2862.5
Stephanie_9_puntos_intento_9.mp4,1703,14191.667,True,147.000,163.000,0.000,241.000,127.000,0.522222,0.200000,-0.829026,50.936,71.433,157.455,2816.5
Stephanie_9_puntos_intento_9.mp4,1704,14200.000,True,147.000,163.000,0.000,241.000,127.000,0.522222,0.200000,-0.829026,51.181,72.655,158.148,2870.0
Stephanie_9_puntos_intento_9.mp4,1705,14208.333,True,147.000,163.000,0.000,241.000,127.000,0.522222,0.200000,-0.829026,50.752,72.399,158.090,2841.0
Stephanie_9_puntos_intento_9.mp4,1706,14216.667,True,147.000,163.000,0.000,241.000,127.000,0.522222,0.200000,-0.829026,51.068,72.527,158.575,2869.5
Stephanie_9_puntos_intento_9.mp4,1707,14225.000,True,147.000,163.000,0.000,241.000,127.000,0.522222,0.200000,-0.829026,51.208,71.304,158.157,2832.0
Stephanie_9_puntos_intento_9.mp4,1708,14233.333,True,147.000,163.000,0.000,241.000,127.000,0.522222,0.200000,-0.829026,51.338,71.872,157.818,2868.0
Stephanie_9_puntos_intento_9.mp4,1709,14241.667,True,147.000,163.000,0.000,241.000,127.000,0.522222,0.200000,-0.829026,51.020,71.839,157.127,2835.0
Stephanie_9_puntos_intento_9.mp4,1710,14250.000,True,147.000,163.000,0.000,241.000,127.000,0.522222,0.200000,-0.829026,51.090,71.913,157.593,2847.5
Stephanie_9_puntos_intento_9.mp4,1711,14258.333,True,147.000,163.000,0.000,241.000,127.000,0.522222,0.200000,-0.829026,51.163,72.123,158.241,2838.0
Stephanie_9_puntos_intento_9.mp4,1712,14266.667,True,147.000,163.000,0.000,241.000,127.000,0.522222,0.200000,-0.829026,50.800,72.183,158.165,2847.5
Stephanie_9_puntos_intento_9.mp4,1713,14275.000,True,147.000,163.000,0.000,241.000,127.000,0.522222,0.200000,-0.829026,50.885,70.909,157.315,2797.0
Stephanie_9_puntos_intento_9.mp4,1714,14283.333,True,147.000,163.000,0.000,241.000,127.000,0.522222,0.200000,-0.829026,50.919,71.718,158.263,2833.0
Stephanie_9_puntos_intento_9.mp4,1715,14291.667,True,147.000,163.000,0.000,241.000,127.000,0.522222,0.200000,-0.829026,50.649,71.007,157.988,2809.0
Stephanie_9_puntos_intento_9.mp4,1716,14300.000,True,147.000,163.000,0.000,241.000,127.000,0.522222,0.200000,-0.829026,50.907,71.393,158.400,2838.0
Stephanie_9_puntos_intento_9.mp4,1717,14308.333,True,147.000,163.000,0.000,241.000,127.000,0.522222,0.200000,-0.829026,51.013,71.773,157.386,2817.0
Stephanie_9_puntos_intento_9.mp4,1718,14316.667,True,147.000,163.000,0.000,241.000,127.000,0.522222,0.200000,-0.829026,50.935,71.864,157.973,2835.5
Stephanie_9_puntos_intento_9.mp4,1719,14325.000,True,147.000,163.000,0.000,241.000,127.000,0.522222,0.200000,-0.829026,50.698,71.768,159.021,2802.5
Stephanie_9_puntos_intento_9.mp4,1720,14333.333,True,147.000,163.000,0.000,241.000,127.000,0.522222,0.200000,-0.829026,50.405,71.259,158.613,2794.5
Stephanie_9_puntos_intento_9.mp4,1721,14341.667,True,147.000,163.000,0.000,241.000,127.000,0.522222,0.200000,-0.829026,50.607,71.736,157.456,2799.0
Stephanie_9_puntos_intento_9.mp4,1722,14350.000,True,147.000,163.000,0.000,241.000,127.000,0.522222,0.200000,-0.829026,50.696,72.248,157.992,2832.0
Stephanie_9_puntos_intento_9.mp4,1723,14358.333,True,147.000,163.000,0.000,241.000,127.000,0.522222,0.200000,-0.829026,50.567,71.544,157.691,2805.5
Stephanie_9_puntos_intento_9.mp4,1724,14366.667,True,147.000,163.000,0.000,241.000,127.000,0.522222,0.200000,-0.829026,50.805,71.493,157.849,2811.5
Stephanie_9_puntos_intento_9.mp4,1725,14375.000,True,147.000,163.000,0.000,241.000,127.000,0.522222,0.200000,-0.829026,50.811,71.508,158.076,2810.0
Stephanie_9_puntos_intento_9.mp4,1726,14383.333,True,147.000,163.000,0.000,241.000,127.000,0.522222,0.200000,-0.829026,50.744,71.502,157.717,2806.0
Stephanie_9_puntos_intento_9.mp4,1727,14391.667,True,147.000,163.000,0.000,241.000,127.000,0.522222,0.200000,-0.829026,50.760,71.468,157.248,2802.0
Stephanie_9_puntos_intento_9.mp4,1728,14400.000,True,147.000,163.000,0.000,241.000,127.000,0.522222,0.200000,-0.829026,50.880,71.109,158.045,2797.0
Stephanie_9_puntos_intento_9.mp4,1729,14408.333,True,147.000,163.000,0.000,241.000,127.000,0.522222,0.200000,-0.829026,50.908,70.827,156.651,2789.5
Stephanie_9_puntos_intento_9.mp4,1730,14416.667,True,147.000,163.000,0.000,241.000,127.000,0.522222,0.200000,-0.829026,50.716,71.101,156.884,2790.0
Stephanie_9_puntos_intento_9.mp4,1731,14425.000,True,147.000,163.000,0.000,241.000,127.000,0.522222,0.200000,-0.829026,50.604,70.957,157.296,2781.0
Stephanie_9_puntos_intento_9.mp4,1732,14433.333,True,147.000,163.000,0.000,241.000,127.000,0.522222,0.200000,-0.829026,50.820,71.139,157.779,2782.0
Stephanie_9_puntos_intento_9.mp4,1733,14441.667,True,147.000,163.000,0.000,241.000,128.000,0.522222,0.194444,-0.830346,50.746,70.848,157.759,2770.0
Stephanie_9_puntos_intento_9.mp4,1734,14450.000,True,147.000,163.000,0.000,241.000,128.000,0.522222,0.194444,-0.830346,50.654,71.268,158.155,2786.0
Stephanie_9_puntos_intento_9.mp4,1735,14458.333,True,147.000,163.000,0.000,241.000,127.000,0.522222,0.200000,-0.829026,50.518,71.137,158.508,2773.0
Stephanie_9_puntos_intento_9.mp4,1736,14466.667,True,147.000,163.000,0.000,241.000,127.000,0.522222,0.200000,-0.829026,50.773,71.310,159.020,2793.0
Stephanie_9_puntos_intento_9.mp4,1737,14475.000,True,147.000,163.000,0.000,241.000,127.000,0.522222,0.200000,-0.829026,50.095,70.973,158.277,2756.0
Stephanie_9_puntos_intento_9.mp4,1738,14483.333,True,147.000,163.000,0.000,241.000,127.000,0.522222,0.200000,-0.829026,50.191,71.153,158.103,2760.5
Stephanie_9_puntos_intento_9.mp4,1739,14491.667,True,147.000,163.000,0.000,241.000,127.000,0.522222,0.200000,-0.829026,50.564,70.838,157.983,2768.0
Stephanie_9_puntos_intento_9.mp4,1740,14500.000,True,147.000,163.000,0.000,241.000,128.000,0.522222,0.194444,-0.830346,50.554,71.331,157.695,2777.0
Stephanie_9_puntos_intento_9.mp4,1741,14508.333,True,147.000,163.000,0.000,241.000,128.000,0.522222,0.194444,-0.830346,49.993,70.944,157.702,2746.5
Stephanie_9_puntos_intento_9.mp4,1742,14516.667,True,147.000,163.000,0.000,241.000,127.000,0.522222,0.200000,-0.829026,50.599,70.864,158.001,2769.5
Stephanie_9_puntos_intento_9.mp4,1743,14525.000,True,147.000,163.000,0.000,241.000,127.000,0.522222,0.200000,-0.829026,50.083,70.992,157.348,2740.5
Stephanie_9_puntos_intento_9.mp4,1744,14533.333,True,147.000,163.000,0.000,241.000,127.000,0.522222,0.200000,-0.829026,50.373,70.773,158.907,2758.5
Stephanie_9_puntos_intento_9.mp4,1745,14541.667,True,147.000,163.000,0.000,241.000,127.000,0.522222,0.200000,-0.829026,50.077,70.479,157.551,2742.0
Stephanie_9_puntos_intento_9.mp4,1746,14550.000,True,147.000,163.000,0.000,241.000,128.000,0.522222,0.194444,-0.830346,49.917,71.011,158.771,2740.5
Stephanie_9_puntos_intento_9.mp4,1747,14558.333,True,147.000,163.000,0.000,241.000,127.000,0.522222,0.200000,-0.829026,50.317,70.871,158.475,2765.0
Stephanie_9_puntos_intento_9.mp4,1748,14566.667,True,147.000,163.000,0.000,241.000,127.000,0.522222,0.200000,-0.829026,50.318,70.680,158.445,2751.5
Stephanie_9_puntos_intento_9.mp4,1749,14575.000,True,147.000,163.000,0.000,241.000,128.000,0.522222,0.194444,-0.830346,50.143,70.664,157.310,2753.5
Stephanie_9_puntos_intento_9.mp4,1750,14583.333,True,147.000,163.000,0.000,241.000,127.000,0.522222,0.200000,-0.829026,50.165,70.388,158.351,2754.5
Stephanie_9_puntos_intento_9.mp4,1751,14591.667,True,147.000,163.000,0.000,241.000,128.000,0.522222,0.194444,-0.830346,50.196,70.395,157.652,2732.0
Stephanie_9_puntos_intento_9.mp4,1752,14600.000,True,147.000,163.000,0.000,241.000,128.000,0.522222,0.194444,-0.830346,50.223,71.166,157.572,2769.5
Stephanie_9_puntos_intento_9.mp4,1753,14608.333,True,147.000,163.000,0.000,241.000,128.000,0.522222,0.194444,-0.830346,50.318,70.600,157.940,2744.5
Stephanie_9_puntos_intento_9.mp4,1754,14616.667,True,147.000,163.000,0.000,241.000,128.000,0.522222,0.194444,-0.830346,50.408,70.864,157.810,2767.5
Stephanie_9_puntos_intento_9.mp4,1755,14625.000,True,147.000,163.000,0.000,241.000,128.000,0.522222,0.194444,-0.830346,50.294,70.552,157.895,2749.0
Stephanie_9_puntos_intento_9.mp4,1756,14633.333,True,147.000,163.000,0.000,241.000,128.000,0.522222,0.194444,-0.830346,50.545,71.126,157.978,2774.0
Stephanie_9_puntos_intento_9.mp4,1757,14641.667,True,147.000,163.000,0.000,241.000,127.000,0.522222,0.200000,-0.829026,50.208,70.804,157.277,2747.0
Stephanie_9_puntos_intento_9.mp4,1758,14650.000,True,147.000,163.000,0.000,241.000,128.000,0.522222,0.194444,-0.830346,50.735,70.789,157.450,2774.0
Stephanie_9_puntos_intento_9.mp4,1759,14658.333,True,147.000,163.000,0.000,241.000,128.000,0.522222,0.194444,-0.830346,50.320,70.552,157.341,2746.0
Stephanie_9_puntos_intento_9.mp4,1760,14666.667,True,147.000,163.000,0.000,241.000,127.000,0.522222,0.200000,-0.829026,50.604,70.104,157.548,2742.5
Stephanie_9_puntos_intento_9.mp4,1761,14675.000,True,147.000,163.000,0.000,241.000,128.000,0.522222,0.194444,-0.830346,50.236,70.236,158.276,2738.0
Stephanie_9_puntos_intento_9.mp4,1762,14683.333,True,147.000,163.000,0.000,241.000,127.000,0.522222,0.200000,-0.829026,50.508,70.576,158.442,2755.0
Stephanie_9_puntos_intento_9.mp4,1763,14691.667,True,147.000,163.000,0.000,241.000,127.000,0.522222,0.200000,-0.829026,50.459,70.989,157.857,2763.0
Stephanie_9_puntos_intento_9.mp4,1764,14700.000,True,147.000,163.000,0.000,241.000,127.000,0.522222,0.200000,-0.829026,50.520,70.718,158.025,2756.0
Stephanie_9_puntos_intento_9.mp4,1765,14708.333,True,147.000,163.000,0.000,241.000,128.000,0.522222,0.194444,-0.830346,50.424,71.099,158.444,2758.0
Stephanie_9_puntos_intento_9.mp4,1766,14716.667,True,147.000,163.000,0.000,241.000,127.000,0.522222,0.200000,-0.829026,50.173,71.502,158.493,2763.0
Stephanie_9_puntos_intento_9.mp4,1767,14725.000,True,147.000,163.000,0.000,241.000,128.000,0.522222,0.194444,-0.830346,50.577,70.347,158.562,2750.5
Stephanie_9_puntos_intento_9.mp4,1768,14733.333,True,147.000,163.000,0.000,241.000,127.000,0.522222,0.200000,-0.829026,50.455,70.523,157.767,2746.0
Stephanie_9_puntos_intento_9.mp4,1769,14741.667,True,147.000,163.000,0.000,241.000,127.000,0.522222,0.200000,-0.829026,50.119,70.908,158.142,2737.5
Stephanie_9_puntos_intento_9.mp4,1770,14750.000,True,147.000,163.000,0.000,240.000,128.000,0.516667,0.194444,-0.833815,51.312,70.497,160.354,2801.0
Stephanie_9_puntos_intento_9.mp4,1771,14758.333,True,147.000,163.000,0.000,233.000,128.000,0.477778,0.194444,-0.856691,53.105,69.890,161.198,2872.5
Stephanie_9_puntos_intento_9.mp4,1772,14766.667,True,147.000,163.000,0.000,224.000,129.000,0.427778,0.188889,-0.883927,56.799,70.179,161.283,3108.5
Stephanie_9_puntos_intento_9.mp4,1773,14775.000,True,147.000,163.000,0.000,214.000,130.000,0.372222,0.183333,-0.909857,60.326,70.336,161.152,3302.5
Stephanie_9_puntos_intento_9.mp4,1774,14783.333,True,147.000,163.000,0.000,205.000,131.000,0.322222,0.177778,-0.929821,62.093,70.834,156.000,3406.0
Stephanie_9_puntos_intento_9.mp4,1775,14791.667,True,147.000,163.000,0.000,199.000,131.000,0.288889,0.177778,-0.940712,62.405,71.400,151.226,3438.0
Stephanie_9_puntos_intento_9.mp4,1776,14800.000,True,147.000,163.000,0.000,197.000,131.000,0.277778,0.177778,-0.944052,62.727,72.220,145.939,3478.0
Stephanie_9_puntos_intento_9.mp4,1777,14808.333,True,147.000,163.000,0.000,198.000,131.000,0.283333,0.177778,-0.942400,62.052,71.914,149.458,3452.0
Stephanie_9_puntos_intento_9.mp4,1778,14816.667,True,147.000,163.000,0.000,197.000,130.000,0.277778,0.183333,-0.942989,61.987,72.028,149.672,3434.0
Stephanie_9_puntos_intento_9.mp4,1779,14825.000,True,147.000,163.000,0.000,197.000,130.000,0.277778,0.183333,-0.942989,61.901,72.013,152.184,3438.0
Stephanie_9_puntos_intento_9.mp4,1780,14833.333,True,147.000,163.000,0.000,197.000,131.000,0.277778,0.177778,-0.944052,62.378,71.665,150.114,3451.5
Stephanie_9_puntos_intento_9.mp4,1781,14841.667,True,147.000,163.000,0.000,197.000,130.000,0.277778,0.183333,-0.942989,62.482,71.786,148.126,3454.5
Stephanie_9_puntos_intento_9.mp4,1782,14850.000,True,147.000,163.000,0.000,197.000,130.000,0.277778,0.183333,-0.942989,62.676,71.336,148.092,3454.0
Stephanie_9_puntos_intento_9.mp4,1783,14858.333,True,147.000,163.000,0.000,197.000,130.000,0.277778,0.183333,-0.942989,62.732,71.617,148.474,3454.0
Stephanie_9_puntos_intento_9.mp4,1784,14866.667,True,147.000,163.000,0.000,198.000,131.000,0.283333,0.177778,-0.942400,62.250,71.370,148.948,3442.5
Stephanie_9_puntos_intento_9.mp4,1785,14875.000,True,147.000,163.000,0.000,197.000,130.000,0.277778,0.183333,-0.942989,62.444,71.089,147.868,3430.0
Stephanie_9_puntos_intento_9.mp4,1786,14883.333,True,147.000,163.000,0.000,198.000,130.000,0.283333,0.183333,-0.941335,62.028,71.652,146.797,3451.5
Stephanie_9_puntos_intento_9.mp4,1787,14891.667,True,147.000,163.000,0.000,198.000,130.000,0.283333,0.183333,-0.941335,62.495,71.624,149.198,3461.5
Stephanie_9_puntos_intento_9.mp4,1788,14900.000,True,147.000,163.000,0.000,198.000,130.000,0.283333,0.183333,-0.941335,61.778,71.694,146.584,3432.0
Stephanie_9_puntos_intento_9.mp4,1789,14908.333,True,147.000,163.000,0.000,198.000,130.000,0.283333,0.183333,-0.941335,62.465,71.612,148.962,3440.0
Stephanie_9_puntos_intento_9.mp4,1790,14916.667,True,147.000,163.000,0.000,197.000,130.000,0.277778,0.183333,-0.942989,62.869,71.602,148.120,3455.0
Stephanie_9_puntos_intento_9.mp4,1791,14925.000,True,147.000,163.000,0.000,198.000,130.000,0.283333,0.183333,-0.941335,61.880,72.034,148.587,3433.0
Stephanie_9_puntos_intento_9.mp4,1792,14933.333,True,147.000,163.000,0.000,198.000,130.000,0.283333,0.183333,-0.941335,62.106,72.165,145.836,3462.0
Stephanie_9_puntos_intento_9.mp4,1793,14941.667,True,147.000,163.000,0.000,197.000,130.000,0.277778,0.183333,-0.942989,62.736,71.460,149.003,3445.5
Stephanie_9_puntos_intento_9.mp4,1794,14950.000,True,147.000,163.000,0.000,197.000,130.000,0.277778,0.183333,-0.942989,63.123,71.376,149.675,3466.5
Stephanie_9_puntos_intento_9.mp4,1795,14958.333,True,147.000,163.000,0.000,198.000,130.000,0.283333,0.183333,-0.941335,62.783,71.689,147.806,3473.5
Stephanie_9_puntos_intento_9.mp4,1796,14966.667,True,147.000,163.000,0.000,198.000,130.000,0.283333,0.183333,-0.941335,62.682,72.037,147.280,3471.0
Stephanie_9_puntos_intento_9.mp4,1797,14975.000,True,147.000,163.000,0.000,200.000,130.000,0.294444,0.183333,-0.937919,61.958,71.889,148.903,3447.0
Stephanie_9_puntos_intento_9.mp4,1798,14983.333,True,147.000,163.000,0.000,201.000,130.000,0.300000,0.183333,-0.936156,61.831,71.966,150.945,3451.5
Stephanie_9_puntos_intento_9.mp4,1799,14991.667,True,147.000,163.000,0.000,200.000,129.000,0.294444,0.188889,-0.936816,61.494,72.224,149.817,3449.5
Stephanie_9_puntos_intento_9.mp4,1800,15000.000,True,147.000,163.000,0.000,200.000,129.000,0.294444,0.188889,-0.936816,62.294,71.936,150.081,3468.5
Stephanie_9_puntos_intento_9.mp4,1801,15008.333,True,147.000,163.000,0.000,200.000,130.000,0.294444,0.183333,-0.937919,62.049,71.722,150.298,3428.5
Stephanie_9_puntos_intento_9.mp4,1802,15016.667,True,147.000,163.000,0.000,201.000,130.000,0.300000,0.183333,-0.936156,61.904,71.462,150.920,3438.0
Stephanie_9_puntos_intento_9.mp4,1803,15025.000,True,147.000,163.000,0.000,200.000,129.000,0.294444,0.188889,-0.936816,62.083,71.177,149.420,3439.5
Stephanie_9_puntos_intento_9.mp4,1804,15033.333,True,147.000,163.000,0.000,200.000,130.000,0.294444,0.183333,-0.937919,62.122,71.559,148.173,3450.0
Stephanie_9_puntos_intento_9.mp4,1805,15041.667,True,147.000,163.000,0.000,200.000,130.000,0.294444,0.183333,-0.937919,61.790,71.777,150.149,3444.0
Stephanie_9_puntos_intento_9.mp4,1806,15050.000,True,147.000,163.000,0.000,200.000,130.000,0.294444,0.183333,-0.937919,62.382,71.807,151.138,3457.0
Stephanie_9_puntos_intento_9.mp4,1807,15058.333,True,147.000,163.000,0.000,201.000,130.000,0.300000,0.183333,-0.936156,61.816,72.162,149.480,3462.5
Stephanie_9_puntos_intento_9.mp4,1808,15066.667,True,147.000,163.000,0.000,200.000,130.000,0.294444,0.183333,-0.937919,62.064,71.979,148.600,3466.0
Stephanie_9_puntos_intento_9.mp4,1809,15075.000,True,147.000,163.000,0.000,201.000,130.000,0.300000,0.183333,-0.936156,62.021,71.949,148.802,3457.0
Stephanie_9_puntos_intento_9.mp4,1810,15083.333,True,147.000,163.000,0.000,200.000,130.000,0.294444,0.183333,-0.937919,62.151,72.139,148.635,3482.5
Stephanie_9_puntos_intento_9.mp4,1811,15091.667,True,147.000,163.000,0.000,200.000,130.000,0.294444,0.183333,-0.937919,62.434,71.853,150.470,3482.0
Stephanie_9_puntos_intento_9.mp4,1812,15100.000,True,147.000,163.000,0.000,200.000,130.000,0.294444,0.183333,-0.937919,62.423,72.053,150.557,3487.0
Stephanie_9_puntos_intento_9.mp4,1813,15108.333,True,147.000,163.000,0.000,200.000,129.000,0.294444,0.188889,-0.936816,62.751,71.979,149.346,3474.0
Stephanie_9_puntos_intento_9.mp4,1814,15116.667,True,147.000,163.000,0.000,200.000,129.000,0.294444,0.188889,-0.936816,62.104,71.857,149.168,3431.0
Stephanie_9_puntos_intento_9.mp4,1815,15125.000,True,147.000,163.000,0.000,200.000,129.000,0.294444,0.188889,-0.936816,62.114,71.911,148.822,3466.5
Stephanie_9_puntos_intento_9.mp4,1816,15133.333,True,147.000,163.000,0.000,200.000,130.000,0.294444,0.183333,-0.937919,62.682,72.156,149.823,3465.0
Stephanie_9_puntos_intento_9.mp4,1817,15141.667,True,147.000,163.000,0.000,200.000,130.000,0.294444,0.183333,-0.937919,62.153,71.748,150.286,3461.0
Stephanie_9_puntos_intento_9.mp4,1818,15150.000,True,147.000,163.000,0.000,200.000,130.000,0.294444,0.183333,-0.937919,62.455,71.956,150.469,3492.5
Stephanie_9_puntos_intento_9.mp4,1819,15158.333,True,147.000,163.000,0.000,200.000,130.000,0.294444,0.183333,-0.937919,62.541,71.550,150.534,3462.0
Stephanie_9_puntos_intento_9.mp4,1820,15166.667,True,147.000,163.000,0.000,201.000,130.000,0.300000,0.183333,-0.936156,62.446,71.969,151.084,3496.5
Stephanie_9_puntos_intento_9.mp4,1821,15175.000,True,147.000,163.000,0.000,200.000,130.000,0.294444,0.183333,-0.937919,62.646,71.559,148.834,3476.5
Stephanie_9_puntos_intento_9.mp4,1822,15183.333,True,147.000,163.000,0.000,201.000,130.000,0.300000,0.183333,-0.936156,62.420,71.862,149.781,3484.5
Stephanie_9_puntos_intento_9.mp4,1823,15191.667,True,147.000,163.000,0.000,200.000,130.000,0.294444,0.183333,-0.937919,62.501,71.847,147.928,3458.5
Stephanie_9_puntos_intento_9.mp4,1824,15200.000,True,147.000,163.000,0.000,200.000,130.000,0.294444,0.183333,-0.937919,62.304,72.050,149.712,3478.5
Stephanie_9_puntos_intento_9.mp4,1825,15208.333,True,148.000,163.000,0.000,200.000,130.000,0.288889,0.183333,-0.939645,62.572,71.464,151.047,3464.0
Stephanie_9_puntos_intento_9.mp4,1826,15216.667,True,148.000,163.000,0.000,200.000,130.000,0.288889,0.183333,-0.939645,61.995,72.631,149.132,3478.5
Stephanie_9_puntos_intento_9.mp4,1827,15225.000,True,148.000,163.000,0.000,200.000,130.000,0.288889,0.183333,-0.939645,62.532,71.765,149.769,3477.5
Stephanie_9_puntos_intento_9.mp4,1828,15233.333,True,148.000,163.000,0.000,200.000,130.000,0.288889,0.183333,-0.939645,62.453,72.676,149.142,3499.5
Stephanie_9_puntos_intento_9.mp4,1829,15241.667,True,148.000,163.000,0.000,200.000,130.000,0.288889,0.183333,-0.939645,62.770,71.940,151.913,3489.0
Stephanie_9_puntos_intento_9.mp4,1830,15250.000,True,148.000,163.000,0.000,200.000,130.000,0.288889,0.183333,-0.939645,62.949,72.097,150.434,3521.0
Stephanie_9_puntos_intento_9.mp4,1831,15258.333,True,148.000,163.000,0.000,200.000,129.000,0.288889,0.188889,-0.938544,62.552,71.875,148.887,3477.5
Stephanie_9_puntos_intento_9.mp4,1832,15266.667,True,148.000,163.000,0.000,200.000,130.000,0.288889,0.183333,-0.939645,62.756,71.694,147.686,3476.5
Stephanie_9_puntos_intento_9.mp4,1833,15275.000,True,148.000,163.000,0.000,200.000,130.000,0.288889,0.183333,-0.939645,62.710,72.216,151.033,3494.0
Stephanie_9_puntos_intento_9.mp4,1834,15283.333,True,148.000,163.000,0.000,200.000,130.000,0.288889,0.183333,-0.939645,62.323,72.260,151.457,3494.5
Stephanie_9_puntos_intento_9.mp4,1835,15291.667,True,148.000,163.000,0.000,200.000,130.000,0.288889,0.183333,-0.939645,63.087,72.041,150.676,3497.5
Stephanie_9_puntos_intento_9.mp4,1836,15300.000,True,148.000,163.000,0.000,200.000,129.000,0.288889,0.188889,-0.938544,62.027,72.357,150.545,3499.5
Stephanie_9_puntos_intento_9.mp4,1837,15308.333,True,148.000,163.000,0.000,200.000,129.000,0.288889,0.188889,-0.938544,62.641,71.979,148.146,3463.0
Stephanie_9_puntos_intento_9.mp4,1838,15316.667,True,148.000,163.000,0.000,200.000,130.000,0.288889,0.183333,-0.939645,63.184,72.147,149.954,3493.0
Stephanie_9_puntos_intento_9.mp4,1839,15325.000,True,148.000,163.000,0.000,200.000,130.000,0.288889,0.183333,-0.939645,62.105,72.308,149.157,3476.0
Stephanie_9_puntos_intento_9.mp4,1840,15333.333,True,148.000,163.000,0.000,200.000,130.000,0.288889,0.183333,-0.939645,62.318,72.354,150.259,3478.5
Stephanie_9_puntos_intento_9.mp4,1841,15341.667,True,148.000,163.000,0.000,200.000,130.000,0.288889,0.183333,-0.939645,62.415,71.930,148.525,3496.0
Stephanie_9_puntos_intento_9.mp4,1842,15350.000,True,148.000,163.000,0.000,200.000,130.000,0.288889,0.183333,-0.939645,63.091,71.878,149.390,3490.0
Stephanie_9_puntos_intento_9.mp4,1843,15358.333,True,148.000,163.000,0.000,200.000,130.000,0.288889,0.183333,-0.939645,62.949,71.723,149.578,3497.5
Stephanie_9_puntos_intento_9.mp4,1844,15366.667,True,148.000,163.000,0.000,200.000,129.000,0.288889,0.188889,-0.938544,62.343,72.107,147.103,3482.0
Stephanie_9_puntos_intento_9.mp4,1845,15375.000,True,148.000,163.000,0.000,200.000,130.000,0.288889,0.183333,-0.939645,62.712,72.125,150.267,3492.0
Stephanie_9_puntos_intento_9.mp4,1846,15383.333,True,148.000,163.000,0.000,200.000,129.000,0.288889,0.188889,-0.938544,62.947,71.789,150.504,3500.0
Stephanie_9_puntos_intento_9.mp4,1847,15391.667,True,148.000,163.000,0.000,200.000,130.000,0.288889,0.183333,-0.939645,62.718,71.471,149.527,3486.5
Stephanie_9_puntos_intento_9.mp4,1848,15400.000,True,148.000,163.000,0.000,200.000,130.000,0.288889,0.183333,-0.939645,62.395,71.891,150.151,3497.5
Stephanie_9_puntos_intento_9.mp4,1849,15408.333,True,148.000,163.000,0.000,200.000,129.000,0.288889,0.188889,-0.938544,62.573,72.428,146.416,3496.5
Stephanie_9_puntos_intento_9.mp4,1850,15416.667,True,148.000,163.000,0.000,200.000,130.000,0.288889,0.183333,-0.939645,62.850,72.289,146.522,3494.5
Stephanie_9_puntos_intento_9.mp4,1851,15425.000,True,148.000,163.000,0.000,200.000,129.000,0.288889,0.188889,-0.938544,62.570,71.908,147.520,3502.5
Stephanie_9_puntos_intento_9.mp4,1852,15433.333,True,148.000,163.000,0.000,200.000,130.000,0.288889,0.183333,-0.939645,62.470,72.140,146.486,3500.5
Stephanie_9_puntos_intento_9.mp4,1853,15441.667,True,148.000,163.000,0.000,200.000,130.000,0.288889,0.183333,-0.939645,62.734,71.928,149.439,3505.5
Stephanie_9_puntos_intento_9.mp4,1854,15450.000,True,148.000,163.000,0.000,200.000,129.000,0.288889,0.188889,-0.938544,62.532,72.330,148.498,3529.5
Stephanie_9_puntos_intento_9.mp4,1855,15458.333,True,148.000,163.000,0.000,200.000,130.000,0.288889,0.183333,-0.939645,62.931,72.078,147.219,3514.5
Stephanie_9_puntos_intento_9.mp4,1856,15466.667,True,148.000,163.000,0.000,200.000,130.000,0.288889,0.183333,-0.939645,62.579,72.000,147.874,3501.5
Stephanie_9_puntos_intento_9.mp4,1857,15475.000,True,148.000,163.000,0.000,200.000,130.000,0.288889,0.183333,-0.939645,62.689,72.172,149.189,3504.0
Stephanie_9_puntos_intento_9.mp4,1858,15483.333,True,148.000,163.000,0.000,200.000,130.000,0.288889,0.183333,-0.939645,63.014,72.178,146.382,3523.0
Stephanie_9_puntos_intento_9.mp4,1859,15491.667,True,148.000,163.000,0.000,200.000,130.000,0.288889,0.183333,-0.939645,62.936,71.825,151.434,3499.5
Stephanie_9_puntos_intento_9.mp4,1860,15500.000,True,148.000,163.000,0.000,200.000,129.000,0.288889,0.188889,-0.938544,63.200,72.153,147.794,3532.0
Stephanie_9_puntos_intento_9.mp4,1861,15508.333,True,148.000,163.000,0.000,200.000,129.000,0.288889,0.188889,-0.938544,62.755,72.352,148.715,3522.5
Stephanie_9_puntos_intento_9.mp4,1862,15516.667,True,148.000,163.000,0.000,200.000,130.000,0.288889,0.183333,-0.939645,62.812,72.542,149.506,3521.0
Stephanie_9_puntos_intento_9.mp4,1863,15525.000,True,148.000,163.000,0.000,200.000,129.000,0.288889,0.188889,-0.938544,63.142,72.229,148.175,3523.5
Stephanie_9_puntos_intento_9.mp4,1864,15533.333,True,148.000,163.000,0.000,200.000,129.000,0.288889,0.188889,-0.938544,63.203,72.335,147.956,3527.5
Stephanie_9_puntos_intento_9.mp4,1865,15541.667,True,148.000,163.000,0.000,200.000,130.000,0.288889,0.183333,-0.939645,62.565,72.141,150.799,3491.0
Stephanie_9_puntos_intento_9.mp4,1866,15550.000,True,148.000,163.000,0.000,200.000,130.000,0.288889,0.183333,-0.939645,62.761,71.882,150.339,3501.0
Stephanie_9_puntos_intento_9.mp4,1867,15558.333,True,148.000,163.000,0.000,200.000,130.000,0.288889,0.183333,-0.939645,62.930,72.493,148.863,3504.5
Stephanie_9_puntos_intento_9.mp4,1868,15566.667,True,148.000,163.000,0.000,200.000,129.000,0.288889,0.188889,-0.938544,63.141,72.288,149.208,3522.5
Stephanie_9_puntos_intento_9.mp4,1869,15575.000,True,148.000,163.000,0.000,200.000,130.000,0.288889,0.183333,-0.939645,63.991,71.736,147.358,3506.0
Stephanie_9_puntos_intento_9.mp4,1870,15583.333,True,148.000,163.000,0.000,200.000,129.000,0.288889,0.188889,-0.938544,63.060,71.925,146.444,3508.5
Stephanie_9_puntos_intento_9.mp4,1871,15591.667,True,148.000,163.000,0.000,200.000,129.000,0.288889,0.188889,-0.938544,62.999,72.290,145.805,3513.0
Stephanie_9_puntos_intento_9.mp4,1872,15600.000,True,148.000,163.000,0.000,200.000,129.000,0.288889,0.188889,-0.938544,63.909,72.824,149.503,3543.0
Stephanie_9_puntos_intento_9.mp4,1873,15608.333,True,148.000,163.000,0.000,200.000,129.000,0.288889,0.188889,-0.938544,62.998,72.513,150.819,3525.0
Stephanie_9_puntos_intento_9.mp4,1874,15616.667,True,148.000,163.000,0.000,200.000,130.000,0.288889,0.183333,-0.939645,62.611,72.327,149.377,3507.0
Stephanie_9_puntos_intento_9.mp4,1875,15625.000,True,148.000,163.000,0.000,200.000,130.000,0.288889,0.183333,-0.939645,63.267,72.138,145.882,3526.5
Stephanie_9_puntos_intento_9.mp4,1876,15633.333,True,148.000,163.000,0.000,200.000,130.000,0.288889,0.183333,-0.939645,63.104,72.501,149.702,3538.0
Stephanie_9_puntos_intento_9.mp4,1877,15641.667,True,148.000,163.000,0.000,200.000,129.000,0.288889,0.188889,-0.938544,62.400,72.494,148.440,3512.0
Stephanie_9_puntos_intento_9.mp4,1878,15650.000,True,148.000,163.000,0.000,200.000,130.000,0.288889,0.183333,-0.939645,63.002,72.099,148.258,3520.5
Stephanie_9_puntos_intento_9.mp4,1879,15658.333,True,148.000,163.000,0.000,200.000,130.000,0.288889,0.183333,-0.939645,62.823,72.889,149.483,3527.5
Stephanie_9_puntos_intento_9.mp4,1880,15666.667,True,148.000,163.000,0.000,200.000,130.000,0.288889,0.183333,-0.939645,63.058,72.187,149.777,3510.0
Stephanie_9_puntos_intento_9.mp4,1881,15675.000,True,148.000,163.000,0.000,200.000,129.000,0.288889,0.188889,-0.938544,62.444,72.601,148.339,3503.0
Stephanie_9_puntos_intento_9.mp4,1882,15683.333,True,148.000,163.000,0.000,200.000,129.000,0.288889,0.188889,-0.938544,63.285,71.818,148.903,3502.5
Stephanie_9_puntos_intento_9.mp4,1883,15691.667,True,148.000,163.000,0.000,200.000,130.000,0.288889,0.183333,-0.939645,62.364,72.260,148.855,3500.5
Stephanie_9_puntos_intento_9.mp4,1884,15700.000,True,148.000,163.000,0.000,200.000,130.000,0.288889,0.183333,-0.939645,62.313,72.062,150.548,3483.5
Stephanie_9_puntos_intento_9.mp4,1885,15708.333,True,148.000,163.000,0.000,200.000,129.000,0.288889,0.188889,-0.938544,62.457,72.150,146.273,3487.0
Stephanie_9_puntos_intento_9.mp4,1886,15716.667,True,148.000,163.000,0.000,200.000,129.000,0.288889,0.188889,-0.938544,62.386,72.880,149.838,3499.0
Stephanie_9_puntos_intento_9.mp4,1887,15725.000,True,148.000,163.000,0.000,200.000,129.000,0.288889,0.188889,-0.938544,62.558,72.317,146.990,3494.0
Stephanie_9_puntos_intento_9.mp4,1888,15733.333,True,148.000,163.000,0.000,200.000,130.000,0.288889,0.183333,-0.939645,62.840,71.907,149.315,3491.5
Stephanie_9_puntos_intento_9.mp4,1889,15741.667,True,148.000,163.000,0.000,200.000,130.000,0.288889,0.183333,-0.939645,62.651,71.759,147.238,3478.0
Stephanie_9_puntos_intento_9.mp4,1890,15750.000,True,148.000,163.000,0.000,200.000,130.000,0.288889,0.183333,-0.939645,63.013,71.732,148.972,3498.5
Stephanie_9_puntos_intento_9.mp4,1891,15758.333,True,148.000,163.000,0.000,200.000,129.000,0.288889,0.188889,-0.938544,62.425,71.698,147.656,3472.0
Stephanie_9_puntos_intento_9.mp4,1892,15766.667,True,148.000,163.000,0.000,200.000,129.000,0.288889,0.188889,-0.938544,62.732,71.679,147.912,3471.0
Stephanie_9_puntos_intento_9.mp4,1893,15775.000,True,148.000,163.000,0.000,200.000,129.000,0.288889,0.188889,-0.938544,62.573,71.707,149.428,3489.5
Stephanie_9_puntos_intento_9.mp4,1894,15783.333,True,148.000,163.000,0.000,200.000,129.000,0.288889,0.188889,-0.938544,62.230,72.033,147.703,3469.0
Stephanie_9_puntos_intento_9.mp4,1895,15791.667,True,148.000,163.000,0.000,200.000,130.000,0.288889,0.183333,-0.939645,62.886,71.329,147.649,3479.5
Stephanie_9_puntos_intento_9.mp4,1896,15800.000,True,148.000,163.000,0.000,200.000,129.000,0.288889,0.188889,-0.938544,62.805,71.532,146.166,3498.0
Stephanie_9_puntos_intento_9.mp4,1897,15808.333,True,148.000,163.000,0.000,200.000,129.000,0.288889,0.188889,-0.938544,62.564,71.640,147.003,3465.0
Stephanie_9_puntos_intento_9.mp4,1898,15816.667,True,148.000,163.000,0.000,200.000,129.000,0.288889,0.188889,-0.938544,62.549,72.473,147.275,3499.0
Stephanie_9_puntos_intento_9.mp4,1899,15825.000,True,148.000,163.000,0.000,200.000,129.000,0.288889,0.188889,-0.938544,62.715,71.556,147.444,3469.5
Stephanie_9_puntos_intento_9.mp4,1900,15833.333,True,148.000,163.000,0.000,200.000,129.000,0.288889,0.188889,-0.938544,62.571,71.797,145.060,3470.5
Stephanie_9_puntos_intento_9.mp4,1901,15841.667,True,148.000,163.000,0.000,200.000,129.000,0.288889,0.188889,-0.938544,62.957,71.414,147.892,3465.5
Stephanie_9_puntos_intento_9.mp4,1902,15850.000,True,148.000,163.000,0.000,200.000,129.000,0.288889,0.188889,-0.938544,63.085,71.239,146.136,3455.5
Stephanie_9_puntos_intento_9.mp4,1903,15858.333,True,148.000,163.000,0.000,200.000,129.000,0.288889,0.188889,-0.938544,62.818,71.594,147.409,3480.5
Stephanie_9_puntos_intento_9.mp4,1904,15866.667,True,148.000,163.000,0.000,200.000,129.000,0.288889,0.188889,-0.938544,62.489,71.868,147.664,3477.5
Stephanie_9_puntos_intento_9.mp4,1905,15875.000,True,148.000,163.000,0.000,200.000,129.000,0.288889,0.188889,-0.938544,62.368,71.523,146.410,3466.0
Stephanie_9_puntos_intento_9.mp4,1906,15883.333,True,148.000,163.000,0.000,200.000,129.000,0.288889,0.188889,-0.938544,62.754,71.643,146.354,3473.0
Stephanie_9_puntos_intento_9.mp4,1907,15891.667,True,148.000,163.000,0.000,200.000,129.000,0.288889,0.188889,-0.938544,62.349,71.611,146.016,3486.0
Stephanie_9_puntos_intento_9.mp4,1908,15900.000,True,148.000,163.000,0.000,200.000,129.000,0.288889,0.188889,-0.938544,62.421,71.751,146.858,3448.5
Stephanie_9_puntos_intento_9.mp4,1909,15908.333,True,148.000,163.000,0.000,200.000,129.000,0.288889,0.188889,-0.938544,62.505,71.332,146.786,3448.0
Stephanie_9_puntos_intento_9.mp4,1910,15916.667,True,148.000,163.000,0.000,200.000,129.000,0.288889,0.188889,-0.938544,62.675,71.863,146.030,3469.0
Stephanie_9_puntos_intento_9.mp4,1911,15925.000,True,148.000,163.000,0.000,200.000,129.000,0.288889,0.188889,-0.938544,62.473,71.361,148.715,3445.0
Stephanie_9_puntos_intento_9.mp4,1912,15933.333,True,148.000,163.000,0.000,200.000,129.000,0.288889,0.188889,-0.938544,62.350,71.823,146.733,3461.5
Stephanie_9_puntos_intento_9.mp4,1913,15941.667,True,148.000,163.000,0.000,199.000,129.000,0.283333,0.188889,-0.940236,63.097,71.644,145.102,3465.5
Stephanie_9_puntos_intento_9.mp4,1914,15950.000,True,148.000,163.000,0.000,200.000,129.000,0.288889,0.188889,-0.938544,62.307,71.442,147.417,3457.5
Stephanie_9_puntos_intento_9.mp4,1915,15958.333,True,148.000,163.000,0.000,200.000,129.000,0.288889,0.188889,-0.938544,62.655,71.454,148.301,3467.5
Stephanie_9_puntos_intento_9.mp4,1916,15966.667,True,148.000,163.000,0.000,200.000,129.000,0.288889,0.188889,-0.938544,62.585,71.114,149.256,3443.0
Stephanie_9_puntos_intento_9.mp4,1917,15975.000,True,148.000,163.000,0.000,200.000,130.000,0.288889,0.183333,-0.939645,62.444,71.188,147.918,3436.5
Stephanie_9_puntos_intento_9.mp4,1918,15983.333,True,148.000,163.000,0.000,200.000,129.000,0.288889,0.188889,-0.938544,62.767,71.476,148.246,3456.0
Stephanie_9_puntos_intento_9.mp4,1919,15991.667,True,148.000,163.000,0.000,200.000,129.000,0.288889,0.188889,-0.938544,62.292,70.832,146.110,3426.5
Stephanie_9_puntos_intento_9.mp4,1920,16000.000,True,148.000,163.000,0.000,200.000,129.000,0.288889,0.188889,-0.938544,62.626,71.448,145.835,3430.5
Stephanie_9_puntos_intento_9.mp4,1921,16008.333,True,148.000,163.000,0.000,200.000,129.000,0.288889,0.188889,-0.938544,61.957,70.672,149.102,3407.5
Stephanie_9_puntos_intento_9.mp4,1922,16016.667,True,148.000,163.000,0.000,199.000,129.000,0.283333,0.188889,-0.940236,62.094,70.956,146.822,3415.5
Stephanie_9_puntos_intento_9.mp4,1923,16025.000,True,148.000,163.000,0.000,199.000,129.000,0.283333,0.188889,-0.940236,62.369,70.809,147.641,3414.0
Stephanie_9_puntos_intento_9.mp4,1924,16033.333,True,148.000,163.000,0.000,200.000,129.000,0.288889,0.188889,-0.938544,62.198,70.931,145.927,3436.0
Stephanie_9_puntos_intento_9.mp4,1925,16041.667,True,148.000,163.000,0.000,199.000,129.000,0.283333,0.188889,-0.940236,62.243,70.931,148.529,3410.5
Stephanie_9_puntos_intento_9.mp4,1926,16050.000,True,148.000,163.000,0.000,199.000,129.000,0.283333,0.188889,-0.940236,62.631,71.052,149.589,3420.5
Stephanie_9_puntos_intento_9.mp4,1927,16058.333,True,148.000,163.000,0.000,199.000,129.000,0.283333,0.188889,-0.940236,62.531,70.899,147.485,3420.5
Stephanie_9_puntos_intento_9.mp4,1928,16066.667,True,148.000,163.000,0.000,200.000,129.000,0.288889,0.188889,-0.938544,62.122,71.010,149.121,3419.0
Stephanie_9_puntos_intento_9.mp4,1929,16075.000,True,148.000,163.000,0.000,199.000,129.000,0.283333,0.188889,-0.940236,62.375,70.400,148.042,3400.0
Stephanie_9_puntos_intento_9.mp4,1930,16083.333,True,148.000,163.000,0.000,199.000,129.000,0.283333,0.188889,-0.940236,61.843,71.395,150.522,3425.5
Stephanie_9_puntos_intento_9.mp4,1931,16091.667,True,148.000,163.000,0.000,199.000,129.000,0.283333,0.188889,-0.940236,62.170,71.002,148.432,3413.0
Stephanie_9_puntos_intento_9.mp4,1932,16100.000,True,148.000,163.000,0.000,200.000,129.000,0.288889,0.188889,-0.938544,62.532,71.001,146.302,3425.5
Stephanie_9_puntos_intento_9.mp4,1933,16108.333,True,148.000,163.000,0.000,199.000,129.000,0.283333,0.188889,-0.940236,62.178,70.734,144.377,3387.0
Stephanie_9_puntos_intento_9.mp4,1934,16116.667,True,148.000,163.000,0.000,199.000,129.000,0.283333,0.188889,-0.940236,62.409,71.193,147.176,3424.0
Stephanie_9_puntos_intento_9.mp4,1935,16125.000,True,148.000,163.000,0.000,199.000,129.000,0.283333,0.188889,-0.940236,61.794,71.041,147.921,3392.0
Stephanie_9_puntos_intento_9.mp4,1936,16133.333,True,148.000,163.000,0.000,199.000,129.000,0.283333,0.188889,-0.940236,61.970,71.295,147.303,3400.0
Stephanie_9_puntos_intento_9.mp4,1937,16141.667,True,147.000,163.000,0.000,199.000,129.000,0.288889,0.188889,-0.938544,62.213,70.673,146.624,3403.5
Stephanie_9_puntos_intento_9.mp4,1938,16150.000,True,147.000,163.000,0.000,199.000,129.000,0.288889,0.188889,-0.938544,61.806,71.454,147.089,3414.5
Stephanie_9_puntos_intento_9.mp4,1939,16158.333,True,147.000,163.000,0.000,199.000,129.000,0.288889,0.188889,-0.938544,61.455,71.355,146.188,3388.5
Stephanie_9_puntos_intento_9.mp4,1940,16166.667,True,147.000,163.000,0.000,199.000,129.000,0.288889,0.188889,-0.938544,61.561,71.022,146.218,3388.5
Stephanie_9_puntos_intento_9.mp4,1941,16175.000,True,147.000,163.000,0.000,199.000,129.000,0.288889,0.188889,-0.938544,61.977,71.024,146.627,3396.5
Stephanie_9_puntos_intento_9.mp4,1942,16183.333,True,147.000,163.000,0.000,199.000,129.000,0.288889,0.188889,-0.938544,62.268,70.683,148.410,3401.0
Stephanie_9_puntos_intento_9.mp4,1943,16191.667,True,147.000,163.000,0.000,199.000,129.000,0.288889,0.188889,-0.938544,62.166,70.878,148.685,3383.0
Stephanie_9_puntos_intento_9.mp4,1944,16200.000,True,147.000,163.000,0.000,199.000,129.000,0.288889,0.188889,-0.938544,62.440,71.263,146.947,3407.0
Stephanie_9_puntos_intento_9.mp4,1945,16208.333,True,147.000,163.000,0.000,199.000,129.000,0.288889,0.188889,-0.938544,61.666,71.099,145.393,3376.0
Stephanie_9_puntos_intento_9.mp4,1946,16216.667,True,147.000,163.000,0.000,199.000,129.000,0.288889,0.188889,-0.938544,62.139,70.809,147.690,3415.0
Stephanie_9_puntos_intento_9.mp4,1947,16225.000,True,147.000,163.000,0.000,199.000,129.000,0.288889,0.188889,-0.938544,61.821,70.485,147.519,3390.0
Stephanie_9_puntos_intento_9.mp4,1948,16233.333,True,147.000,163.000,0.000,199.000,129.000,0.288889,0.188889,-0.938544,61.948,70.568,148.099,3396.5
Stephanie_9_puntos_intento_9.mp4,1949,16241.667,True,147.000,163.000,0.000,199.000,129.000,0.288889,0.188889,-0.938544,62.076,71.057,147.117,3406.5
Stephanie_9_puntos_intento_9.mp4,1950,16250.000,True,147.000,163.000,0.000,199.000,129.000,0.288889,0.188889,-0.938544,61.559,71.003,146.692,3394.0
Stephanie_9_puntos_intento_9.mp4,1951,16258.333,True,147.000,163.000,0.000,199.000,129.000,0.288889,0.188889,-0.938544,61.238,70.881,146.438,3386.0
Stephanie_9_puntos_intento_9.mp4,1952,16266.667,True,147.000,163.000,0.000,199.000,129.000,0.288889,0.188889,-0.938544,62.125,70.613,147.496,3408.0
Stephanie_9_puntos_intento_9.mp4,1953,16275.000,True,147.000,163.000,0.000,199.000,129.000,0.288889,0.188889,-0.938544,61.823,70.503,150.381,3376.5
Stephanie_9_puntos_intento_9.mp4,1954,16283.333,True,147.000,163.000,0.000,199.000,130.000,0.288889,0.183333,-0.939645,63.223,70.524,146.549,3417.0
Stephanie_9_puntos_intento_9.mp4,1955,16291.667,True,147.000,163.000,0.000,198.000,129.000,0.283333,0.188889,-0.940236,63.274,70.336,148.109,3399.0
Stephanie_9_puntos_intento_9.mp4,1956,16300.000,True,147.000,163.000,0.000,196.000,128.000,0.272222,0.194444,-0.942383,62.045,70.777,141.891,3402.0
Stephanie_9_puntos_intento_9.mp4,1957,16308.333,True,147.000,163.000,0.000,197.000,127.000,0.277778,0.200000,-0.939595,62.056,70.052,143.658,3363.0
Stephanie_9_puntos_intento_9.mp4,1958,16316.667,True,147.000,163.000,0.000,197.000,127.000,0.277778,0.200000,-0.939595,62.471,70.553,142.968,3403.0
Stephanie_9_puntos_intento_9.mp4,1959,16325.000,True,147.000,163.000,0.000,197.000,127.000,0.277778,0.200000,-0.939595,62.076,70.490,145.621,3379.0
Stephanie_9_puntos_intento_9.mp4,1960,16333.333,True,147.000,163.000,0.000,197.000,127.000,0.277778,0.200000,-0.939595,62.306,71.186,146.128,3392.0
Stephanie_9_puntos_intento_9.mp4,1961,16341.667,True,147.000,163.000,0.000,197.000,127.000,0.277778,0.200000,-0.939595,61.945,70.537,142.587,3383.5
Stephanie_9_puntos_intento_9.mp4,1962,16350.000,True,147.000,163.000,0.000,197.000,127.000,0.277778,0.200000,-0.939595,62.118,70.628,145.160,3408.5
Stephanie_9_puntos_intento_9.mp4,1963,16358.333,True,147.000,163.000,0.000,197.000,127.000,0.277778,0.200000,-0.939595,62.317,70.319,144.392,3395.5
Stephanie_9_puntos_intento_9.mp4,1964,16366.667,True,147.000,163.000,0.000,197.000,127.000,0.277778,0.200000,-0.939595,62.220,71.192,145.026,3421.0
Stephanie_9_puntos_intento_9.mp4,1965,16375.000,True,147.000,163.000,0.000,197.000,127.000,0.277778,0.200000,-0.939595,62.319,70.571,143.081,3390.5
Stephanie_9_puntos_intento_9.mp4,1966,16383.333,True,147.000,163.000,0.000,197.000,127.000,0.277778,0.200000,-0.939595,62.313,70.447,144.409,3381.5
Stephanie_9_puntos_intento_9.mp4,1967,16391.667,True,147.000,163.000,0.000,197.000,127.000,0.277778,0.200000,-0.939595,61.935,70.512,144.244,3384.5
Stephanie_9_puntos_intento_9.mp4,1968,16400.000,True,147.000,163.000,0.000,197.000,128.000,0.277778,0.194444,-0.940761,62.717,70.339,144.842,3387.5
Stephanie_9_puntos_intento_9.mp4,1969,16408.333,True,147.000,163.000,0.000,197.000,127.000,0.277778,0.200000,-0.939595,62.312,70.249,143.309,3368.5
Stephanie_9_puntos_intento_9.mp4,1970,16416.667,True,147.000,163.000,0.000,197.000,127.000,0.277778,0.200000,-0.939595,62.140,70.107,140.446,3385.5
Stephanie_9_puntos_intento_9.mp4,1971,16425.000,True,147.000,163.000,0.000,197.000,127.000,0.277778,0.200000,-0.939595,61.931,70.543,139.049,3377.5
Stephanie_9_puntos_intento_9.mp4,1972,16433.333,True,147.000,163.000,0.000,197.000,127.000,0.277778,0.200000,-0.939595,62.113,70.509,143.671,3388.5
Stephanie_9_puntos_intento_9.mp4,1973,16441.667,True,147.000,163.000,0.000,197.000,127.000,0.277778,0.200000,-0.939595,62.154,70.723,143.169,3396.5
Stephanie_9_puntos_intento_9.mp4,1974,16450.000,True,147.000,163.000,0.000,197.000,127.000,0.277778,0.200000,-0.939595,63.166,70.249,143.363,3425.0
Stephanie_9_puntos_intento_9.mp4,1975,16458.333,True,147.000,163.000,0.000,197.000,127.000,0.277778,0.200000,-0.939595,61.808,70.613,141.569,3389.0
Stephanie_9_puntos_intento_9.mp4,1976,16466.667,True,147.000,163.000,0.000,197.000,127.000,0.277778,0.200000,-0.939595,62.837,70.493,146.017,3419.5
Stephanie_9_puntos_intento_9.mp4,1977,16475.000,True,147.000,163.000,0.000,197.000,127.000,0.277778,0.200000,-0.939595,62.350,69.805,142.457,3380.5
Stephanie_9_puntos_intento_9.mp4,1978,16483.333,True,147.000,163.000,0.000,197.000,127.000,0.277778,0.200000,-0.939595,62.201,70.412,143.583,3391.5
Stephanie_9_puntos_intento_9.mp4,1979,16491.667,True,147.000,163.000,0.000,197.000,127.000,0.277778,0.200000,-0.939595,61.977,70.634,143.345,3377.0
Stephanie_9_puntos_intento_9.mp4,1980,16500.000,True,147.000,163.000,0.000,197.000,127.000,0.277778,0.200000,-0.939595,62.253,70.759,142.482,3402.0
Stephanie_9_puntos_intento_9.mp4,1981,16508.333,True,147.000,163.000,0.000,197.000,127.000,0.277778,0.200000,-0.939595,62.352,70.442,143.462,3389.0
Stephanie_9_puntos_intento_9.mp4,1982,16516.667,True,147.000,163.000,0.000,197.000,127.000,0.277778,0.200000,-0.939595,62.352,71.282,148.022,3407.0
Stephanie_9_puntos_intento_9.mp4,1983,16525.000,True,147.000,163.000,0.000,197.000,127.000,0.277778,0.200000,-0.939595,61.953,70.688,146.450,3391.0
Stephanie_9_puntos_intento_9.mp4,1984,16533.333,True,147.000,163.000,0.000,197.000,127.000,0.277778,0.200000,-0.939595,62.384,71.032,147.378,3423.0
Stephanie_9_puntos_intento_9.mp4,1985,16541.667,True,147.000,163.000,0.000,197.000,127.000,0.277778,0.200000,-0.939595,62.158,71.217,145.555,3409.0
Stephanie_9_puntos_intento_9.mp4,1986,16550.000,True,147.000,163.000,0.000,197.000,127.000,0.277778,0.200000,-0.939595,62.130,70.670,141.079,3403.0
Stephanie_9_puntos_intento_9.mp4,1987,16558.333,True,147.000,163.000,0.000,197.000,127.000,0.277778,0.200000,-0.939595,62.516,70.829,145.707,3408.0
Stephanie_9_puntos_intento_9.mp4,1988,16566.667,True,147.000,163.000,0.000,197.000,127.000,0.277778,0.200000,-0.939595,61.823,70.965,144.045,3412.5
Stephanie_9_puntos_intento_9.mp4,1989,16575.000,True,147.000,163.000,0.000,197.000,128.000,0.277778,0.194444,-0.940761,63.151,70.104,141.836,3403.5
Stephanie_9_puntos_intento_9.mp4,1990,16583.333,True,147.000,163.000,0.000,197.000,127.000,0.277778,0.200000,-0.939595,62.390,70.226,141.082,3394.5
Stephanie_9_puntos_intento_9.mp4,1991,16591.667,True,147.000,163.000,0.000,197.000,127.000,0.277778,0.200000,-0.939595,62.615,70.953,144.566,3405.5
Stephanie_9_puntos_intento_9.mp4,1992,16600.000,True,147.000,163.000,0.000,197.000,127.000,0.277778,0.200000,-0.939595,62.784,71.085,143.011,3433.0
Stephanie_9_puntos_intento_9.mp4,1993,16608.333,True,147.000,163.000,0.000,197.000,127.000,0.277778,0.200000,-0.939595,62.393,71.397,144.106,3400.0
Stephanie_9_puntos_intento_9.mp4,1994,16616.667,True,147.000,163.000,0.000,197.000,127.000,0.277778,0.200000,-0.939595,62.411,71.516,147.538,3418.5
Stephanie_9_puntos_intento_9.mp4,1995,16625.000,True,147.000,163.000,0.000,197.000,127.000,0.277778,0.200000,-0.939595,62.647,71.584,146.313,3425.0
Stephanie_9_puntos_intento_9.mp4,1996,16633.333,True,147.000,163.000,0.000,197.000,127.000,0.277778,0.200000,-0.939595,62.478,71.516,146.674,3421.0
Stephanie_9_puntos_intento_9.mp4,1997,16641.667,True,147.000,163.000,0.000,197.000,127.000,0.277778,0.200000,-0.939595,61.971,71.337,146.167,3406.5
Stephanie_9_puntos_intento_9.mp4,1998,16650.000,True,147.000,163.000,0.000,197.000,127.000,0.277778,0.200000,-0.939595,62.596,71.267,146.554,3432.5
Stephanie_9_puntos_intento_9.mp4,1999,16658.333,True,147.000,163.000,0.000,197.000,127.000,0.277778,0.200000,-0.939595,62.299,70.763,144.736,3405.5
Stephanie_9_puntos_intento_9.mp4,2000,16666.667,True,147.000,163.000,0.000,197.000,127.000,0.277778,0.200000,-0.939595,62.679,70.988,146.497,3441.5
Stephanie_9_puntos_intento_9.mp4,2001,16675.000,True,147.000,163.000,0.000,197.000,128.000,0.277778,0.194444,-0.940761,62.298,71.260,146.300,3439.0
Stephanie_9_puntos_intento_9.mp4,2002,16683.333,True,147.000,163.000,0.000,197.000,127.000,0.277778,0.200000,-0.939595,62.059,71.226,144.500,3421.5
Stephanie_9_puntos_intento_9.mp4,2003,16691.667,True,147.000,163.000,0.000,197.000,128.000,0.277778,0.194444,-0.940761,62.786,70.423,144.994,3420.5
Stephanie_9_puntos_intento_9.mp4,2004,16700.000,True,147.000,163.000,0.000,197.000,127.000,0.277778,0.200000,-0.939595,62.582,70.872,145.390,3425.5
Stephanie_9_puntos_intento_9.mp4,2005,16708.333,True,147.000,163.000,0.000,197.000,127.000,0.277778,0.200000,-0.939595,62.659,71.127,144.490,3425.5
Stephanie_9_puntos_intento_9.mp4,2006,16716.667,True,147.000,163.000,0.000,197.000,127.000,0.277778,0.200000,-0.939595,62.624,71.174,143.759,3442.0
Stephanie_9_puntos_intento_9.mp4,2007,16725.000,True,147.000,163.000,0.000,197.000,127.000,0.277778,0.200000,-0.939595,62.892,71.180,144.843,3434.5
Stephanie_9_puntos_intento_9.mp4,2008,16733.333,True,147.000,163.000,0.000,197.000,127.000,0.277778,0.200000,-0.939595,62.808,71.670,141.339,3451.0
Stephanie_9_puntos_intento_9.mp4,2009,16741.667,True,147.000,163.000,0.000,197.000,128.000,0.277778,0.194444,-0.940761,63.111,71.058,145.290,3424.0
Stephanie_9_puntos_intento_9.mp4,2010,16750.000,True,147.000,163.000,0.000,197.000,127.000,0.277778,0.200000,-0.939595,62.585,71.348,145.925,3444.5
Stephanie_9_puntos_intento_9.mp4,2011,16758.333,True,147.000,163.000,0.000,197.000,127.000,0.277778,0.200000,-0.939595,62.707,71.309,144.657,3446.0
Stephanie_9_puntos_intento_9.mp4,2012,16766.667,True,147.000,163.000,0.000,197.000,127.000,0.277778,0.200000,-0.939595,62.847,71.495,142.390,3455.0
Stephanie_9_puntos_intento_9.mp4,2013,16775.000,True,147.000,163.000,0.000,197.000,127.000,0.277778,0.200000,-0.939595,62.718,71.089,145.421,3448.5
Stephanie_9_puntos_intento_9.mp4,2014,16783.333,True,147.000,163.000,0.000,197.000,127.000,0.277778,0.200000,-0.939595,62.960,71.034,144.940,3451.5
Stephanie_9_puntos_intento_9.mp4,2015,16791.667,True,147.000,163.000,0.000,197.000,127.000,0.277778,0.200000,-0.939595,62.236,71.448,143.727,3438.0
Stephanie_9_puntos_intento_9.mp4,2016,16800.000,True,147.000,163.000,0.000,197.000,127.000,0.277778,0.200000,-0.939595,62.532,71.086,146.886,3447.0
Stephanie_9_puntos_intento_9.mp4,2017,16808.333,True,147.000,163.000,0.000,197.000,127.000,0.277778,0.200000,-0.939595,62.665,71.906,142.170,3457.5
Stephanie_9_puntos_intento_9.mp4,2018,16816.667,True,147.000,163.000,0.000,194.000,128.000,0.261111,0.194444,-0.945522,63.769,71.183,145.163,3483.0
Stephanie_9_puntos_intento_9.mp4,2019,16825.000,True,147.000,163.000,0.000,188.000,129.000,0.227778,0.188889,-0.955216,65.030,70.401,138.139,3480.0
Stephanie_9_puntos_intento_9.mp4,2020,16833.333,True,147.000,163.000,0.000,178.000,131.000,0.172222,0.177778,-0.968883,65.581,71.867,122.353,3476.5
Stephanie_9_puntos_intento_9.mp4,2021,16841.667,True,147.000,163.000,0.000,168.000,133.000,0.116667,0.166667,-0.979087,65.412,72.247,114.003,3415.0
Stephanie_9_puntos_intento_9.mp4,2022,16850.000,True,147.000,163.000,0.000,157.000,133.000,0.055556,0.166667,-0.984447,62.148,76.065,108.665,3356.5
Stephanie_9_puntos_intento_9.mp4,2023,16858.333,True,147.000,163.000,0.000,151.000,134.000,0.022222,0.161111,-0.986686,63.296,77.063,107.119,3364.0
Stephanie_9_puntos_intento_9.mp4,2024,16866.667,True,147.000,163.000,0.000,150.000,134.000,0.016667,0.161111,-0.986796,61.179,78.675,106.648,3372.5
Stephanie_9_puntos_intento_9.mp4,2025,16875.000,True,147.000,163.000,0.000,150.000,134.000,0.016667,0.161111,-0.986796,62.820,77.969,105.736,3379.0
Stephanie_9_puntos_intento_9.mp4,2026,16883.333,True,147.000,163.000,0.000,150.000,134.000,0.016667,0.161111,-0.986796,62.949,76.995,107.143,3345.0
Stephanie_9_puntos_intento_9.mp4,2027,16891.667,True,147.000,163.000,0.000,149.000,134.000,0.011111,0.161111,-0.986874,63.072,76.015,104.947,3270.5
Stephanie_9_puntos_intento_9.mp4,2028,16900.000,True,147.000,163.000,0.000,150.000,134.000,0.016667,0.161111,-0.986796,62.280,76.672,108.702,3314.5
Stephanie_9_puntos_intento_9.mp4,2029,16908.333,True,147.000,163.000,0.000,149.000,134.000,0.011111,0.161111,-0.986874,62.436,76.829,107.548,3275.5
Stephanie_9_puntos_intento_9.mp4,2030,16916.667,True,147.000,163.000,0.000,149.000,134.000,0.011111,0.161111,-0.986874,62.337,76.784,109.144,3277.5
Stephanie_9_puntos_intento_9.mp4,2031,16925.000,True,147.000,163.000,0.000,149.000,134.000,0.011111,0.161111,-0.986874,62.148,76.486,107.467,3273.5
Stephanie_9_puntos_intento_9.mp4,2032,16933.333,True,147.000,163.000,0.000,149.000,134.000,0.011111,0.161111,-0.986874,61.758,77.589,108.381,3281.5
Stephanie_9_puntos_intento_9.mp4,2033,16941.667,True,147.000,163.000,0.000,149.000,134.000,0.011111,0.161111,-0.986874,62.255,76.416,106.976,3264.5
Stephanie_9_puntos_intento_9.mp4,2034,16950.000,True,147.000,163.000,0.000,149.000,134.000,0.011111,0.161111,-0.986874,63.248,76.535,106.270,3322.5
Stephanie_9_puntos_intento_9.mp4,2035,16958.333,True,147.000,163.000,0.000,149.000,134.000,0.011111,0.161111,-0.986874,63.125,76.312,105.501,3286.0
Stephanie_9_puntos_intento_9.mp4,2036,16966.667,True,147.000,163.000,0.000,149.000,134.000,0.011111,0.161111,-0.986874,62.739,76.879,108.518,3289.0
Stephanie_9_puntos_intento_9.mp4,2037,16975.000,True,147.000,163.000,0.000,149.000,134.000,0.011111,0.161111,-0.986874,63.222,76.088,108.768,3275.5
Stephanie_9_puntos_intento_9.mp4,2038,16983.333,True,147.000,163.000,0.000,149.000,133.000,0.011111,0.166667,-0.985951,63.334,77.014,114.159,3338.5
Stephanie_9_puntos_intento_9.mp4,2039,16991.667,True,147.000,163.000,0.000,149.000,134.000,0.011111,0.161111,-0.986874,63.096,76.584,106.473,3306.0
Stephanie_9_puntos_intento_9.mp4,2040,17000.000,True,147.000,163.000,0.000,149.000,133.000,0.011111,0.166667,-0.985951,61.504,77.296,106.052,3311.0
Stephanie_9_puntos_intento_9.mp4,2041,17008.333,True,147.000,163.000,0.000,149.000,133.000,0.011111,0.166667,-0.985951,62.528,76.987,109.623,3262.5
Stephanie_9_puntos_intento_9.mp4,2042,17016.667,True,147.000,163.000,0.000,149.000,134.000,0.011111,0.161111,-0.986874,63.217,76.890,110.675,3291.0
Stephanie_9_puntos_intento_9.mp4,2043,17025.000,True,147.000,163.000,0.000,149.000,133.000,0.011111,0.166667,-0.985951,62.085,76.716,110.862,3257.0
Stephanie_9_puntos_intento_9.mp4,2044,17033.333,True,147.000,163.000,0.000,149.000,133.000,0.011111,0.166667,-0.985951,62.683,76.545,113.281,3286.5
Stephanie_9_puntos_intento_9.mp4,2045,17041.667,True,147.000,163.000,0.000,149.000,133.000,0.011111,0.166667,-0.985951,61.146,76.694,109.212,3243.0
Stephanie_9_puntos_intento_9.mp4,2046,17050.000,True,147.000,163.000,0.000,149.000,133.000,0.011111,0.166667,-0.985951,61.682,76.262,109.869,3252.5
Stephanie_9_puntos_intento_9.mp4,2047,17058.333,True,147.000,163.000,0.000,149.000,133.000,0.011111,0.166667,-0.985951,62.022,76.502,109.731,3264.5
Stephanie_9_puntos_intento_9.mp4,2048,17066.667,True,147.000,163.000,0.000,149.000,134.000,0.011111,0.161111,-0.986874,62.510,76.882,106.610,3267.0
Stephanie_9_puntos_intento_9.mp4,2049,17075.000,True,147.000,163.000,0.000,150.000,133.000,0.016667,0.166667,-0.985872,60.561,77.036,111.128,3234.0
Stephanie_9_puntos_intento_9.mp4,2050,17083.333,True,147.000,163.000,0.000,149.000,133.000,0.011111,0.166667,-0.985951,62.489,76.441,110.200,3298.5
Stephanie_9_puntos_intento_9.mp4,2051,17091.667,True,147.000,163.000,0.000,149.000,134.000,0.011111,0.161111,-0.986874,62.056,76.080,110.833,3238.0
Stephanie_9_puntos_intento_9.mp4,2052,17100.000,True,147.000,163.000,0.000,149.000,134.000,0.011111,0.161111,-0.986874,62.005,76.367,108.715,3235.0
Stephanie_9_puntos_intento_9.mp4,2053,17108.333,True,147.000,163.000,0.000,149.000,133.000,0.011111,0.166667,-0.985951,61.127,76.411,110.138,3240.5
Stephanie_9_puntos_intento_9.mp4,2054,17116.667,True,147.000,163.000,0.000,149.000,133.000,0.011111,0.166667,-0.985951,60.566,76.912,109.399,3262.5
Stephanie_9_puntos_intento_9.mp4,2055,17125.000,True,147.000,163.000,0.000,149.000,133.000,0.011111,0.166667,-0.985951,61.947,75.993,111.127,3225.5
Stephanie_9_puntos_intento_9.mp4,2056,17133.333,True,147.000,163.000,0.000,149.000,134.000,0.011111,0.161111,-0.986874,62.144,76.314,111.944,3250.5
Stephanie_9_puntos_intento_9.mp4,2057,17141.667,True,147.000,163.000,0.000,149.000,133.000,0.011111,0.166667,-0.985951,61.754,76.688,111.000,3247.0
Stephanie_9_puntos_intento_9.mp4,2058,17150.000,True,147.000,163.000,0.000,149.000,133.000,0.011111,0.166667,-0.985951,61.252,77.010,108.726,3282.0
Stephanie_9_puntos_intento_9.mp4,2059,17158.333,True,147.000,163.000,0.000,149.000,133.000,0.011111,0.166667,-0.985951,60.879,76.718,106.874,3252.0
Stephanie_9_puntos_intento_9.mp4,2060,17166.667,True,147.000,163.000,0.000,149.000,133.000,0.011111,0.166667,-0.985951,62.045,76.475,109.520,3268.5
Stephanie_9_puntos_intento_9.mp4,2061,17175.000,True,147.000,163.000,0.000,149.000,133.000,0.011111,0.166667,-0.985951,61.558,76.118,108.977,3220.5
Stephanie_9_puntos_intento_9.mp4,2062,17183.333,True,147.000,163.000,0.000,149.000,134.000,0.011111,0.161111,-0.986874,62.731,76.301,111.862,3254.5
Stephanie_9_puntos_intento_9.mp4,2063,17191.667,True,147.000,163.000,0.000,149.000,133.000,0.011111,0.166667,-0.985951,61.844,76.073,112.501,3231.0
Stephanie_9_puntos_intento_9.mp4,2064,17200.000,True,147.000,163.000,0.000,149.000,133.000,0.011111,0.166667,-0.985951,62.570,75.861,109.607,3256.5
Stephanie_9_puntos_intento_9.mp4,2065,17208.333,True,147.000,163.000,0.000,149.000,133.000,0.011111,0.166667,-0.985951,59.994,77.443,105.138,3222.0
Stephanie_9_puntos_intento_9.mp4,2066,17216.667,True,147.000,163.000,0.000,150.000,134.000,0.016667,0.161111,-0.986796,61.663,76.943,109.808,3217.0
Stephanie_9_puntos_intento_9.mp4,2067,17225.000,True,147.000,163.000,0.000,149.000,133.000,0.011111,0.166667,-0.985951,61.390,76.526,108.514,3218.0
Stephanie_9_puntos_intento_9.mp4,2068,17233.333,True,147.000,163.000,0.000,149.000,134.000,0.011111,0.161111,-0.986874,62.217,76.089,105.919,3236.5
Stephanie_9_puntos_intento_9.mp4,2069,17241.667,True,147.000,163.000,0.000,149.000,133.000,0.011111,0.166667,-0.985951,61.002,76.605,107.988,3213.0
Stephanie_9_puntos_intento_9.mp4,2070,17250.000,True,147.000,163.000,0.000,149.000,134.000,0.011111,0.161111,-0.986874,61.892,75.902,108.046,3216.0
Stephanie_9_puntos_intento_9.mp4,2071,17258.333,True,147.000,163.000,0.000,149.000,134.000,0.011111,0.161111,-0.986874,62.391,75.480,108.483,3243.0
Stephanie_9_puntos_intento_9.mp4,2072,17266.667,True,147.000,163.000,0.000,149.000,134.000,0.011111,0.161111,-0.986874,62.862,75.780,108.394,3250.0
Stephanie_9_puntos_intento_9.mp4,2073,17275.000,True,147.000,163.000,0.000,149.000,134.000,0.011111,0.161111,-0.986874,62.936,75.380,106.164,3215.5
Stephanie_9_puntos_intento_9.mp4,2074,17283.333,True,147.000,163.000,0.000,149.000,133.000,0.011111,0.166667,-0.985951,61.030,76.579,109.138,3234.0
Stephanie_9_puntos_intento_9.mp4,2075,17291.667,True,147.000,163.000,0.000,149.000,134.000,0.011111,0.161111,-0.986874,62.321,75.828,108.457,3225.5
Stephanie_9_puntos_intento_9.mp4,2076,17300.000,True,147.000,163.000,0.000,150.000,134.000,0.016667,0.161111,-0.986796,62.197,76.726,107.268,3252.0
Stephanie_9_puntos_intento_9.mp4,2077,17308.333,True,147.000,163.000,0.000,150.000,134.000,0.016667,0.161111,-0.986796,62.008,76.124,108.390,3207.5
Stephanie_9_puntos_intento_9.mp4,2078,17316.667,True,147.000,163.000,0.000,149.000,134.000,0.011111,0.161111,-0.986874,62.204,75.779,105.340,3221.0
Stephanie_9_puntos_intento_9.mp4,2079,17325.000,True,147.000,163.000,0.000,149.000,134.000,0.011111,0.161111,-0.986874,61.890,75.594,107.880,3208.0
Stephanie_9_puntos_intento_9.mp4,2080,17333.333,True,147.000,163.000,0.000,150.000,134.000,0.016667,0.161111,-0.986796,61.044,76.882,109.547,3243.0
Stephanie_9_puntos_intento_9.mp4,2081,17341.667,True,147.000,163.000,0.000,150.000,135.000,0.016667,0.155556,-0.987687,62.360,74.935,109.689,3212.5
Stephanie_9_puntos_intento_9.mp4,2082,17350.000,True,147.000,163.000,0.000,150.000,134.000,0.016667,0.161111,-0.986796,60.699,76.558,110.100,3234.0
Stephanie_9_puntos_intento_9.mp4,2083,17358.333,True,147.000,163.000,0.000,150.000,134.000,0.016667,0.161111,-0.986796,62.768,76.120,107.830,3223.5
Stephanie_9_puntos_intento_9.mp4,2084,17366.667,True,147.000,163.000,0.000,150.000,134.000,0.016667,0.161111,-0.986796,62.918,75.009,107.633,3221.0
Stephanie_9_puntos_intento_9.mp4,2085,17375.000,True,147.000,163.000,0.000,150.000,134.000,0.016667,0.161111,-0.986796,61.826,76.302,108.326,3233.0
Stephanie_9_puntos_intento_9.mp4,2086,17383.333,True,147.000,163.000,0.000,149.000,133.000,0.011111,0.166667,-0.985951,62.262,77.366,109.919,3286.5
Stephanie_9_puntos_intento_9.mp4,2087,17391.667,True,147.000,163.000,0.000,150.000,134.000,0.016667,0.161111,-0.986796,63.035,75.588,108.540,3241.5
Stephanie_9_puntos_intento_9.mp4,2088,17400.000,True,147.000,163.000,0.000,150.000,133.000,0.016667,0.166667,-0.985872,61.213,76.183,112.759,3241.5
Stephanie_9_puntos_intento_9.mp4,2089,17408.333,True,147.000,163.000,0.000,150.000,133.000,0.016667,0.166667,-0.985872,60.625,77.174,110.846,3273.0
Stephanie_9_puntos_intento_9.mp4,2090,17416.667,True,147.000,163.000,0.000,150.000,133.000,0.016667,0.166667,-0.985872,61.401,77.925,114.371,3255.0
Stephanie_9_puntos_intento_9.mp4,2091,17425.000,True,147.000,163.000,0.000,149.000,134.000,0.011111,0.161111,-0.986874,62.965,76.621,110.560,3279.5
Stephanie_9_puntos_intento_9.mp4,2092,17433.333,True,147.000,163.000,0.000,150.000,133.000,0.016667,0.166667,-0.985872,61.409,77.229,109.665,3270.0
Stephanie_9_puntos_intento_9.mp4,2093,17441.667,True,147.000,163.000,0.000,149.000,133.000,0.011111,0.166667,-0.985951,60.996,77.393,109.709,3284.0
Stephanie_9_puntos_intento_9.mp4,2094,17450.000,True,147.000,163.000,0.000,149.000,133.000,0.011111,0.166667,-0.985951,61.017,77.297,111.338,3301.5
Stephanie_9_puntos_intento_9.mp4,2095,17458.333,True,147.000,163.000,0.000,149.000,134.000,0.011111,0.161111,-0.986874,62.966,76.512,111.085,3256.5
Stephanie_9_puntos_intento_9.mp4,2096,17466.667,True,147.000,163.000,0.000,149.000,133.000,0.011111,0.166667,-0.985951,61.013,77.527,110.826,3265.0
Stephanie_9_puntos_intento_9.mp4,2097,17475.000,True,147.000,163.000,0.000,149.000,134.000,0.011111,0.161111,-0.986874,62.808,76.101,106.518,3255.0
Stephanie_9_puntos_intento_9.mp4,2098,17483.333,True,147.000,163.000,0.000,149.000,133.000,0.011111,0.166667,-0.985951,61.641,76.835,109.015,3265.0
Stephanie_9_puntos_intento_9.mp4,2099,17491.667,True,147.000,163.000,0.000,150.000,134.000,0.016667,0.161111,-0.986796,62.470,76.338,111.005,3270.5
Stephanie_9_puntos_intento_9.mp4,2100,17500.000,True,147.000,163.000,0.000,149.000,133.000,0.011111,0.166667,-0.985951,62.957,76.860,105.634,3307.5
Stephanie_9_puntos_intento_9.mp4,2101,17508.333,True,147.000,163.000,0.000,149.000,133.000,0.011111,0.166667,-0.985951,60.760,79.049,109.058,3290.5
Stephanie_9_puntos_intento_9.mp4,2102,17516.667,True,147.000,163.000,0.000,149.000,134.000,0.011111,0.161111,-0.986874,62.303,77.514,108.501,3277.0
Stephanie_9_puntos_intento_9.mp4,2103,17525.000,True,147.000,163.000,0.000,149.000,133.000,0.011111,0.166667,-0.985951,61.182,77.943,109.163,3288.0
Stephanie_9_puntos_intento_9.mp4,2104,17533.333,True,147.000,163.000,0.000,149.000,133.000,0.011111,0.166667,-0.985951,61.125,77.813,108.276,3290.0
Stephanie_9_puntos_intento_9.mp4,2105,17541.667,True,147.000,163.000,0.000,149.000,133.000,0.011111,0.166667,-0.985951,61.608,77.471,108.615,3292.0
Stephanie_9_puntos_intento_9.mp4,2106,17550.000,True,147.000,163.000,0.000,149.000,133.000,0.011111,0.166667,-0.985951,60.930,78.205,111.250,3312.5
Stephanie_9_puntos_intento_9.mp4,2107,17558.333,True,147.000,163.000,0.000,149.000,133.000,0.011111,0.166667,-0.985951,61.850,77.835,110.387,3285.0
Stephanie_9_puntos_intento_9.mp4,2108,17566.667,True,147.000,163.000,0.000,149.000,133.000,0.011111,0.166667,-0.985951,62.583,77.383,106.106,3308.0
Stephanie_9_puntos_intento_9.mp4,2109,17575.000,True,147.000,163.000,0.000,149.000,133.000,0.011111,0.166667,-0.985951,61.697,78.396,111.815,3355.0
Stephanie_9_puntos_intento_9.mp4,2110,17583.333,True,147.000,163.000,0.000,149.000,133.000,0.011111,0.166667,-0.985951,61.601,79.204,111.509,3377.0
Stephanie_9_puntos_intento_9.mp4,2111,17591.667,True,147.000,163.000,0.000,149.000,133.000,0.011111,0.166667,-0.985951,62.370,78.482,110.193,3370.5
Stephanie_9_puntos_intento_9.mp4,2112,17600.000,True,147.000,163.000,0.000,149.000,133.000,0.011111,0.166667,-0.985951,62.658,78.364,111.220,3371.5
Stephanie_9_puntos_intento_9.mp4,2113,17608.333,True,147.000,163.000,0.000,148.000,133.000,0.005556,0.166667,-0.985998,62.681,78.444,108.165,3335.5
Stephanie_9_puntos_intento_9.mp4,2114,17616.667,True,147.000,163.000,0.000,149.000,133.000,0.011111,0.166667,-0.985951,62.007,78.591,110.744,3352.0
Stephanie_9_puntos_intento_9.mp4,2115,17625.000,True,147.000,163.000,0.000,148.000,133.000,0.005556,0.166667,-0.985998,62.222,78.751,110.353,3355.0
Stephanie_9_puntos_intento_9.mp4,2116,17633.333,True,147.000,163.000,0.000,148.000,133.000,0.005556,0.166667,-0.985998,63.112,78.463,108.971,3366.0
Stephanie_9_puntos_intento_9.mp4,2117,17641.667,True,147.000,163.000,0.000,148.000,133.000,0.005556,0.166667,-0.985998,62.001,78.007,107.749,3352.5
Stephanie_9_puntos_intento_9.mp4,2118,17650.000,True,147.000,163.000,0.000,149.000,133.000,0.011111,0.166667,-0.985951,61.805,78.996,109.948,3392.5
Stephanie_9_puntos_intento_9.mp4,2119,17658.333,True,147.000,163.000,0.000,149.000,134.000,0.011111,0.161111,-0.986874,62.927,78.152,108.997,3363.5
Stephanie_9_puntos_intento_9.mp4,2120,17666.667,True,147.000,163.000,0.000,148.000,133.000,0.005556,0.166667,-0.985998,61.813,78.867,109.020,3364.0
Stephanie_9_puntos_intento_9.mp4,2121,17675.000,True,147.000,163.000,0.000,149.000,133.000,0.011111,0.166667,-0.985951,61.059,79.153,108.767,3338.5
Stephanie_9_puntos_intento_9.mp4,2122,17683.333,True,147.000,163.000,0.000,148.000,133.000,0.005556,0.166667,-0.985998,61.949,79.425,110.719,3374.5
Stephanie_9_puntos_intento_9.mp4,2123,17691.667,True,147.000,163.000,0.000,148.000,133.000,0.005556,0.166667,-0.985998,62.869,79.415,112.320,3364.5
Stephanie_9_puntos_intento_9.mp4,2124,17700.000,True,147.000,163.000,0.000,148.000,133.000,0.005556,0.166667,-0.985998,62.758,79.236,110.233,3391.0
Stephanie_9_puntos_intento_9.mp4,2125,17708.333,True,147.000,163.000,0.000,149.000,134.000,0.011111,0.161111,-0.986874,62.852,77.988,114.002,3363.0
Stephanie_9_puntos_intento_9.mp4,2126,17716.667,True,147.000,163.000,0.000,149.000,133.000,0.011111,0.166667,-0.985951,61.358,79.659,110.713,3386.0
Stephanie_9_puntos_intento_9.mp4,2127,17725.000,True,147.000,163.000,0.000,149.000,133.000,0.011111,0.166667,-0.985951,61.250,80.785,110.214,3400.5
Stephanie_9_puntos_intento_9.mp4,2128,17733.333,True,147.000,163.000,0.000,149.000,133.000,0.011111,0.166667,-0.985951,62.506,80.045,109.292,3385.5
Stephanie_9_puntos_intento_9.mp4,2129,17741.667,True,147.000,163.000,0.000,149.000,133.000,0.011111,0.166667,-0.985951,61.699,79.437,107.926,3348.0
Stephanie_9_puntos_intento_9.mp4,2130,17750.000,True,147.000,163.000,0.000,149.000,133.000,0.011111,0.166667,-0.985951,61.665,79.584,108.668,3378.5
Stephanie_9_puntos_intento_9.mp4,2131,17758.333,True,147.000,163.000,0.000,148.000,133.000,0.005556,0.166667,-0.985998,63.021,78.930,108.514,3377.5
Stephanie_9_puntos_intento_9.mp4,2132,17766.667,True,147.000,163.000,0.000,149.000,133.000,0.011111,0.166667,-0.985951,61.817,79.488,109.370,3368.5
Stephanie_9_puntos_intento_9.mp4,2133,17775.000,True,147.000,163.000,0.000,148.000,133.000,0.005556,0.166667,-0.985998,63.084,78.582,110.240,3356.5
Stephanie_9_puntos_intento_9.mp4,2134,17783.333,True,147.000,163.000,0.000,149.000,133.000,0.011111,0.166667,-0.985951,62.702,79.716,112.999,3394.0
Stephanie_9_puntos_intento_9.mp4,2135,17791.667,True,147.000,163.000,0.000,149.000,133.000,0.011111,0.166667,-0.985951,62.257,78.535,108.586,3360.5
Stephanie_9_puntos_intento_9.mp4,2136,17800.000,True,147.000,163.000,0.000,149.000,133.000,0.011111,0.166667,-0.985951,62.008,79.852,112.633,3401.5
Stephanie_9_puntos_intento_9.mp4,2137,17808.333,True,147.000,163.000,0.000,149.000,133.000,0.011111,0.166667,-0.985951,62.846,79.394,111.548,3414.0
Stephanie_9_puntos_intento_9.mp4,2138,17816.667,True,147.000,163.000,0.000,149.000,133.000,0.011111,0.166667,-0.985951,61.800,78.607,107.884,3354.5
Stephanie_9_puntos_intento_9.mp4,2139,17825.000,True,147.000,163.000,0.000,149.000,133.000,0.011111,0.166667,-0.985951,62.252,78.307,109.290,3338.5
Stephanie_9_puntos_intento_9.mp4,2140,17833.333,True,147.000,163.000,0.000,148.000,133.000,0.005556,0.166667,-0.985998,63.001,77.564,107.441,3339.5
Stephanie_9_puntos_intento_9.mp4,2141,17841.667,True,147.000,163.000,0.000,148.000,133.000,0.005556,0.166667,-0.985998,61.599,79.211,108.857,3360.0
Stephanie_9_puntos_intento_9.mp4,2142,17850.000,True,147.000,163.000,0.000,149.000,133.000,0.011111,0.166667,-0.985951,62.022,78.479,110.787,3367.5
Stephanie_9_puntos_intento_9.mp4,2143,17858.333,True,147.000,163.000,0.000,149.000,133.000,0.011111,0.166667,-0.985951,60.789,79.115,112.685,3364.0
Stephanie_9_puntos_intento_9.mp4,2144,17866.667,True,147.000,163.000,0.000,149.000,133.000,0.011111,0.166667,-0.985951,61.025,79.074,110.517,3360.0
Stephanie_9_puntos_intento_9.mp4,2145,17875.000,True,147.000,163.000,0.000,148.000,133.000,0.005556,0.166667,-0.985998,61.290,78.754,111.858,3352.0
Stephanie_9_puntos_intento_9.mp4,2146,17883.333,True,147.000,163.000,0.000,149.000,134.000,0.011111,0.161111,-0.986874,62.211,78.200,109.967,3337.0
Stephanie_9_puntos_intento_9.mp4,2147,17891.667,True,147.000,163.000,0.000,148.000,133.000,0.005556,0.166667,-0.985998,61.782,78.031,108.567,3309.0
Stephanie_9_puntos_intento_9.mp4,2148,17900.000,True,147.000,163.000,0.000,148.000,133.000,0.005556,0.166667,-0.985998,60.931,78.678,109.771,3367.0
Stephanie_9_puntos_intento_9.mp4,2149,17908.333,True,147.000,163.000,0.000,149.000,133.000,0.011111,0.166667,-0.985951,61.403,78.738,109.359,3352.5
Stephanie_9_puntos_intento_9.mp4,2150,17916.667,True,147.000,163.000,0.000,148.000,133.000,0.005556,0.166667,-0.985998,61.812,78.867,111.516,3382.5
Stephanie_9_puntos_intento_9.mp4,2151,17925.000,True,147.000,163.000,0.000,148.000,133.000,0.005556,0.166667,-0.985998,62.021,78.491,112.238,3359.5
Stephanie_9_puntos_intento_9.mp4,2152,17933.333,True,147.000,163.000,0.000,148.000,133.000,0.005556,0.166667,-0.985998,62.639,77.921,111.525,3358.0
Stephanie_9_puntos_intento_9.mp4,2153,17941.667,True,147.000,163.000,0.000,149.000,134.000,0.011111,0.161111,-0.986874,62.177,77.636,113.813,3337.5
Stephanie_9_puntos_intento_9.mp4,2154,17950.000,True,147.000,163.000,0.000,149.000,133.000,0.011111,0.166667,-0.985951,61.308,78.473,114.162,3342.5
Stephanie_9_puntos_intento_9.mp4,2155,17958.333,True,147.000,163.000,0.000,149.000,134.000,0.011111,0.161111,-0.986874,61.610,78.806,113.785,3325.0
Stephanie_9_puntos_intento_9.mp4,2156,17966.667,True,147.000,163.000,0.000,149.000,133.000,0.011111,0.166667,-0.985951,61.412,78.806,112.940,3337.0
Stephanie_9_puntos_intento_9.mp4,2157,17975.000,True,147.000,163.000,0.000,148.000,134.000,0.005556,0.161111,-0.986921,62.920,77.859,112.756,3310.5
Stephanie_9_puntos_intento_9.mp4,2158,17983.333,True,147.000,163.000,0.000,149.000,133.000,0.011111,0.166667,-0.985951,59.690,80.098,111.522,3335.5
Stephanie_9_puntos_intento_9.mp4,2159,17991.667,True,147.000,163.000,0.000,149.000,133.000,0.011111,0.166667,-0.985951,61.584,79.322,112.166,3352.0
Stephanie_9_puntos_intento_9.mp4,2160,18000.000,True,147.000,163.000,0.000,148.000,134.000,0.005556,0.161111,-0.986921,62.322,77.505,111.574,3319.5
Stephanie_9_puntos_intento_9.mp4,2161,18008.333,True,147.000,163.000,0.000,148.000,134.000,0.005556,0.161111,-0.986921,62.307,77.900,109.882,3311.0
Stephanie_9_puntos_intento_9.mp4,2162,18016.667,True,147.000,163.000,0.000,148.000,133.000,0.005556,0.166667,-0.985998,62.662,77.386,110.982,3321.5
Stephanie_9_puntos_intento_9.mp4,2163,18025.000,True,147.000,163.000,0.000,148.000,133.000,0.005556,0.166667,-0.985998,61.126,78.294,111.368,3305.0
Stephanie_9_puntos_intento_9.mp4,2164,18033.333,True,147.000,163.000,0.000,148.000,133.000,0.005556,0.166667,-0.985998,60.887,78.517,111.713,3307.0
Stephanie_9_puntos_intento_9.mp4,2165,18041.667,True,147.000,163.000,0.000,149.000,133.000,0.011111,0.166667,-0.985951,60.786,79.037,111.222,3308.0
Stephanie_9_puntos_intento_9.mp4,2166,18050.000,True,147.000,163.000,0.000,149.000,134.000,0.011111,0.161111,-0.986874,61.444,78.446,112.672,3330.0
Stephanie_9_puntos_intento_9.mp4,2167,18058.333,True,147.000,163.000,0.000,148.000,134.000,0.005556,0.161111,-0.986921,61.040,78.273,111.247,3294.5
Stephanie_9_puntos_intento_9.mp4,2168,18066.667,True,147.000,163.000,0.000,148.000,134.000,0.005556,0.161111,-0.986921,61.146,78.776,111.173,3330.5
Stephanie_9_puntos_intento_9.mp4,2169,18075.000,True,147.000,163.000,0.000,148.000,134.000,0.005556,0.161111,-0.986921,61.716,79.149,109.925,3317.5
Stephanie_9_puntos_intento_9.mp4,2170,18083.333,True,147.000,163.000,0.000,148.000,134.000,0.005556,0.161111,-0.986921,61.694,79.144,108.286,3314.5
Stephanie_9_puntos_intento_9.mp4,2171,18091.667,True,147.000,163.000,0.000,148.000,134.000,0.005556,0.161111,-0.986921,62.718,78.249,110.064,3308.0
Stephanie_9_puntos_intento_9.mp4,2172,18100.000,True,147.000,163.000,0.000,148.000,133.000,0.005556,0.166667,-0.985998,61.061,77.220,110.476,3285.0
Stephanie_9_puntos_intento_9.mp4,2173,18108.333,True,147.000,163.000,0.000,148.000,134.000,0.005556,0.161111,-0.986921,62.937,76.265,109.308,3275.5
Stephanie_9_puntos_intento_9.mp4,2174,18116.667,True,147.000,163.000,0.000,148.000,133.000,0.005556,0.166667,-0.985998,61.562,76.506,110.289,3256.5
Stephanie_9_puntos_intento_9.mp4,2175,18125.000,True,147.000,163.000,0.000,149.000,133.000,0.011111,0.166667,-0.985951,60.661,75.780,116.275,3215.5
Stephanie_9_puntos_intento_9.mp4,2176,18133.333,True,147.000,163.000,0.000,148.000,134.000,0.005556,0.161111,-0.986921,62.088,76.541,110.639,3263.0
Stephanie_9_puntos_intento_9.mp4,2177,18141.667,True,147.000,163.000,0.000,148.000,134.000,0.005556,0.161111,-0.986921,62.197,76.743,111.779,3265.5
Stephanie_9_puntos_intento_9.mp4,2178,18150.000,True,147.000,163.000,0.000,148.000,133.000,0.005556,0.166667,-0.985998,60.570,77.575,109.258,3263.0
Stephanie_9_puntos_intento_9.mp4,2179,18158.333,True,147.000,163.000,0.000,148.000,133.000,0.005556,0.166667,-0.985998,61.409,76.403,109.239,3253.0
Stephanie_9_puntos_intento_9.mp4,2180,18166.667,True,147.000,163.000,0.000,147.000,134.000,0.000000,0.161111,-0.986936,63.335,76.206,108.231,3274.5
Stephanie_9_puntos_intento_9.mp4,2181,18175.000,True,147.000,163.000,0.000,148.000,134.000,0.005556,0.161111,-0.986921,63.433,75.536,110.975,3247.0
Stephanie_9_puntos_intento_9.mp4,2182,18183.333,True,147.000,163.000,0.000,148.000,134.000,0.005556,0.161111,-0.986921,62.630,76.422,112.034,3254.0
Stephanie_9_puntos_intento_9.mp4,2183,18191.667,True,147.000,163.000,0.000,148.000,134.000,0.005556,0.161111,-0.986921,61.782,76.063,113.822,3213.5
Stephanie_9_puntos_intento_9.mp4,2184,18200.000,True,147.000,163.000,0.000,148.000,134.000,0.005556,0.161111,-0.986921,62.605,75.835,109.954,3233.0
Stephanie_9_puntos_intento_9.mp4,2185,18208.333,True,147.000,163.000,0.000,149.000,133.000,0.011111,0.166667,-0.985951,60.236,77.566,112.201,3256.0
Stephanie_9_puntos_intento_9.mp4,2186,18216.667,True,147.000,163.000,0.000,148.000,133.000,0.005556,0.166667,-0.985998,59.612,77.421,109.272,3237.5
Stephanie_9_puntos_intento_9.mp4,2187,18225.000,True,147.000,163.000,0.000,148.000,133.000,0.005556,0.166667,-0.985998,60.907,77.289,111.579,3219.0
Stephanie_9_puntos_intento_9.mp4,2188,18233.333,True,147.000,163.000,0.000,148.000,133.000,0.005556,0.166667,-0.985998,60.356,76.763,109.884,3229.5
Stephanie_9_puntos_intento_9.mp4,2189,18241.667,True,147.000,163.000,0.000,147.000,134.000,0.000000,0.161111,-0.986936,62.635,75.799,110.376,3225.0
Stephanie_9_puntos_intento_9.mp4,2190,18250.000,True,147.000,163.000,0.000,148.000,133.000,0.005556,0.166667,-0.985998,59.438,77.286,110.134,3197.0
Stephanie_9_puntos_intento_9.mp4,2191,18258.333,True,147.000,163.000,0.000,148.000,133.000,0.005556,0.166667,-0.985998,60.576,77.117,111.360,3218.5
Stephanie_9_puntos_intento_9.mp4,2192,18266.667,True,147.000,163.000,0.000,148.000,134.000,0.005556,0.161111,-0.986921,62.063,76.442,112.869,3229.0
Stephanie_9_puntos_intento_9.mp4,2193,18275.000,True,147.000,163.000,0.000,148.000,133.000,0.005556,0.166667,-0.985998,59.455,76.950,111.226,3172.5
Stephanie_9_puntos_intento_9.mp4,2194,18283.333,True,147.000,163.000,0.000,148.000,133.000,0.005556,0.166667,-0.985998,60.911,76.646,108.563,3215.5
Stephanie_9_puntos_intento_9.mp4,2195,18291.667,True,147.000,163.000,0.000,148.000,133.000,0.005556,0.166667,-0.985998,60.205,76.677,109.147,3203.5
Stephanie_9_puntos_intento_9.mp4,2196,18300.000,True,147.000,163.000,0.000,148.000,133.000,0.005556,0.166667,-0.985998,59.400,77.322,112.180,3191.0
Stephanie_9_puntos_intento_9.mp4,2197,18308.333,True,147.000,163.000,0.000,148.000,133.000,0.005556,0.166667,-0.985998,60.669,76.413,113.585,3217.0
Stephanie_9_puntos_intento_9.mp4,2198,18316.667,True,147.000,163.000,0.000,148.000,133.000,0.005556,0.166667,-0.985998,59.596,76.842,110.993,3170.0
Stephanie_9_puntos_intento_9.mp4,2199,18325.000,True,147.000,163.000,0.000,148.000,133.000,0.005556,0.166667,-0.985998,60.371,76.593,109.929,3158.0
Stephanie_9_puntos_intento_9.mp4,2200,18333.333,True,147.000,163.000,0.000,148.000,134.000,0.005556,0.161111,-0.986921,62.302,75.528,111.956,3175.0
Stephanie_9_puntos_intento_9.mp4,2201,18341.667,True,147.000,163.000,0.000,148.000,133.000,0.005556,0.166667,-0.985998,60.575,77.256,111.855,3200.0
Stephanie_9_puntos_intento_9.mp4,2202,18350.000,True,147.000,163.000,0.000,149.000,133.000,0.011111,0.166667,-0.985951,58.476,78.339,112.903,3180.5
Stephanie_9_puntos_intento_9.mp4,2203,18358.333,True,147.000,163.000,0.000,148.000,134.000,0.005556,0.161111,-0.986921,60.720,76.617,113.148,3162.5
Stephanie_9_puntos_intento_9.mp4,2204,18366.667,True,147.000,163.000,0.000,148.000,134.000,0.005556,0.161111,-0.986921,61.271,76.100,110.682,3186.5
Stephanie_9_puntos_intento_9.mp4,2205,18375.000,True,147.000,163.000,0.000,148.000,134.000,0.005556,0.161111,-0.986921,62.333,75.929,114.517,3202.5
Stephanie_9_puntos_intento_9.mp4,2206,18383.333,True,147.000,163.000,0.000,148.000,134.000,0.005556,0.161111,-0.986921,62.108,75.953,109.994,3188.5
Stephanie_9_puntos_intento_9.mp4,2207,18391.667,True,147.000,163.000,0.000,148.000,133.000,0.005556,0.166667,-0.985998,60.367,76.102,114.859,3182.5
Stephanie_9_puntos_intento_9.mp4,2208,18400.000,True,147.000,163.000,0.000,148.000,133.000,0.005556,0.166667,-0.985998,61.146,76.183,115.470,3198.5
Stephanie_9_puntos_intento_9.mp4,2209,18408.333,True,147.000,163.000,0.000,148.000,133.000,0.005556,0.166667,-0.985998,59.730,76.647,110.666,3170.5
Stephanie_9_puntos_intento_9.mp4,2210,18416.667,True,147.000,163.000,0.000,148.000,134.000,0.005556,0.161111,-0.986921,61.544,75.921,109.702,3218.5
Stephanie_9_puntos_intento_9.mp4,2211,18425.000,True,147.000,163.000,0.000,148.000,133.000,0.005556,0.166667,-0.985998,60.727,75.829,112.337,3172.0
Stephanie_9_puntos_intento_9.mp4,2212,18433.333,True,147.000,163.000,0.000,149.000,134.000,0.011111,0.161111,-0.986874,59.878,77.815,115.167,3206.5
Stephanie_9_puntos_intento_9.mp4,2213,18441.667,True,147.000,163.000,0.000,148.000,134.000,0.005556,0.161111,-0.986921,61.190,76.987,112.079,3203.5
Stephanie_9_puntos_intento_9.mp4,2214,18450.000,True,147.000,163.000,0.000,149.000,134.000,0.011111,0.161111,-0.986874,61.046,76.681,114.141,3189.0
Stephanie_9_puntos_intento_9.mp4,2215,18458.333,True,147.000,163.000,0.000,148.000,133.000,0.005556,0.166667,-0.985998,59.146,78.222,115.445,3161.5
Stephanie_9_puntos_intento_9.mp4,2216,18466.667,True,147.000,163.000,0.000,149.000,133.000,0.011111,0.166667,-0.985951,60.639,77.347,114.834,3193.5
Stephanie_9_puntos_intento_9.mp4,2217,18475.000,True,147.000,163.000,0.000,148.000,134.000,0.005556,0.161111,-0.986921,61.585,76.188,112.919,3171.5
Stephanie_9_puntos_intento_9.mp4,2218,18483.333,True,147.000,163.000,0.000,148.000,134.000,0.005556,0.161111,-0.986921,61.275,76.257,110.773,3199.0
Stephanie_9_puntos_intento_9.mp4,2219,18491.667,True,147.000,163.000,0.000,148.000,134.000,0.005556,0.161111,-0.986921,62.714,75.386,111.038,3188.5
Stephanie_9_puntos_intento_9.mp4,2220,18500.000,True,147.000,163.000,0.000,148.000,134.000,0.005556,0.161111,-0.986921,61.976,75.137,109.981,3174.5
Stephanie_9_puntos_intento_9.mp4,2221,18508.333,True,147.000,163.000,0.000,148.000,134.000,0.005556,0.161111,-0.986921,61.921,76.315,108.705,3174.0
Stephanie_9_puntos_intento_9.mp4,2222,18516.667,True,147.000,163.000,0.000,149.000,133.000,0.011111,0.166667,-0.985951,59.832,78.362,114.119,3204.5
Stephanie_9_puntos_intento_9.mp4,2223,18525.000,True,147.000,163.000,0.000,148.000,134.000,0.005556,0.161111,-0.986921,61.674,76.786,112.063,3179.5
Stephanie_9_puntos_intento_9.mp4,2224,18533.333,True,147.000,163.000,0.000,148.000,134.000,0.005556,0.161111,-0.986921,62.176,76.546,111.795,3191.5
Stephanie_9_puntos_intento_9.mp4,2225,18541.667,True,147.000,163.000,0.000,148.000,133.000,0.005556,0.166667,-0.985998,60.167,77.036,111.528,3160.0
Stephanie_9_puntos_intento_9.mp4,2226,18550.000,True,147.000,163.000,0.000,148.000,133.000,0.005556,0.166667,-0.985998,60.873,77.235,114.583,3169.5
Stephanie_9_puntos_intento_9.mp4,2227,18558.333,True,147.000,163.000,0.000,148.000,133.000,0.005556,0.166667,-0.985998,59.058,78.168,111.584,3176.0
Stephanie_9_puntos_intento_9.mp4,2228,18566.667,True,147.000,163.000,0.000,148.000,133.000,0.005556,0.166667,-0.985998,60.859,76.442,110.516,3171.5
Stephanie_9_puntos_intento_9.mp4,2229,18575.000,True,147.000,163.000,0.000,148.000,134.000,0.005556,0.161111,-0.986921,61.693,76.184,110.392,3188.5
Stephanie_9_puntos_intento_9.mp4,2230,18583.333,True,147.000,163.000,0.000,148.000,133.000,0.005556,0.166667,-0.985998,60.827,77.208,110.551,3227.5
Stephanie_9_puntos_intento_9.mp4,2231,18591.667,True,147.000,163.000,0.000,148.000,133.000,0.005556,0.166667,-0.985998,58.696,78.314,111.377,3191.5
Stephanie_9_puntos_intento_9.mp4,2232,18600.000,True,147.000,163.000,0.000,148.000,133.000,0.005556,0.166667,-0.985998,60.308,77.682,111.862,3216.0
Stephanie_9_puntos_intento_9.mp4,2233,18608.333,True,147.000,163.000,0.000,148.000,134.000,0.005556,0.161111,-0.986921,61.897,75.701,108.366,3164.5
Stephanie_9_puntos_intento_9.mp4,2234,18616.667,True,147.000,163.000,0.000,148.000,134.000,0.005556,0.161111,-0.986921,60.374,77.102,111.182,3172.0
Stephanie_9_puntos_intento_9.mp4,2235,18625.000,True,147.000,163.000,0.000,148.000,134.000,0.005556,0.161111,-0.986921,60.656,76.865,108.673,3199.0
Stephanie_9_puntos_intento_9.mp4,2236,18633.333,True,147.000,163.000,0.000,149.000,133.000,0.011111,0.166667,-0.985951,60.154,77.243,111.010,3221.0
Stephanie_9_puntos_intento_9.mp4,2237,18641.667,True,147.000,163.000,0.000,148.000,135.000,0.005556,0.155556,-0.987812,62.936,75.697,111.696,3198.0
Stephanie_9_puntos_intento_9.mp4,2238,18650.000,True,147.000,163.000,0.000,149.000,134.000,0.011111,0.161111,-0.986874,60.820,77.053,111.726,3204.0
