video_name,frame_number,timestamp_ms,valid_deteccion,sphere_center_x,sphere_center_y,sphere_center_z,pupil_center_x,pupil_center_y,gaze_x,gaze_y,gaze_z,ellipse_width,ellipse_height,ellipse_angle,contour_area
Josuep_9_puntos_intento_7.mp4,1,8.333,True,150.000,165.000,0.000,181.000,118.000,0.172222,0.261111,-0.949821,74.326,99.923,134.331,5526.5
Josuep_9_puntos_intento_7.mp4,2,16.667,True,150.000,165.000,0.000,180.000,117.000,0.166667,0.266667,-0.949269,74.569,100.261,133.176,5547.0
Josuep_9_puntos_intento_7.mp4,3,25.000,True,150.000,165.000,0.000,181.000,118.000,0.172222,0.261111,-0.949821,74.329,99.551,133.696,5536.0
Josuep_9_puntos_intento_7.mp4,4,33.333,True,150.000,165.000,0.000,180.000,118.000,0.166667,0.261111,-0.950812,76.136,101.087,132.869,5726.0
Josuep_9_puntos_intento_7.mp4,5,41.667,True,150.000,165.000,0.000,180.000,118.000,0.166667,0.261111,-0.950812,76.197,100.687,132.714,5680.0
Josuep_9_puntos_intento_7.mp4,6,50.000,True,150.000,165.000,0.000,181.000,118.000,0.172222,0.261111,-0.949821,75.260,101.840,132.827,5703.5
Josuep_9_puntos_intento_7.mp4,7,58.333,True,150.000,165.000,0.000,181.000,118.000,0.172222,0.261111,-0.949821,75.283,101.480,132.258,5681.5
Josuep_9_puntos_intento_7.mp4,8,66.667,True,150.000,165.000,0.000,180.000,118.000,0.166667,0.261111,-0.950812,76.172,101.262,131.341,5702.5
Josuep_9_puntos_intento_7.mp4,9,75.000,True,150.000,165.000,0.000,181.000,118.000,0.172222,0.261111,-0.949821,75.202,100.998,133.879,5671.5
Josuep_9_puntos_intento_7.mp4,10,83.333,True,150.000,165.000,0.000,181.000,118.000,0.172222,0.261111,-0.949821,75.338,100.329,133.661,5583.5
Josuep_9_puntos_intento_7.mp4,11,91.667,True,150.000,165.000,0.000,181.000,118.000,0.172222,0.261111,-0.949821,73.850,100.535,134.872,5553.5
Josuep_9_puntos_intento_7.mp4,12,100.000,True,150.000,165.000,0.000,180.000,118.000,0.166667,0.261111,-0.950812,75.498,100.014,131.838,5590.0
Josuep_9_puntos_intento_7.mp4,13,108.333,True,150.000,165.000,0.000,181.000,118.000,0.172222,0.261111,-0.949821,74.898,99.615,134.333,5566.5
Josuep_9_puntos_intento_7.mp4,14,116.667,True,150.000,165.000,0.000,181.000,118.000,0.172222,0.261111,-0.949821,74.030,100.322,136.159,5604.0
Josuep_9_puntos_intento_7.mp4,15,125.000,True,150.000,165.000,0.000,181.000,118.000,0.172222,0.261111,-0.949821,74.871,100.728,133.588,5584.0
Josuep_9_puntos_intento_7.mp4,16,133.333,True,150.000,165.000,0.000,181.000,118.000,0.172222,0.261111,-0.949821,75.025,100.596,133.904,5612.0
Josuep_9_puntos_intento_7.mp4,17,141.667,True,150.000,165.000,0.000,181.000,118.000,0.172222,0.261111,-0.949821,74.603,99.987,134.125,5569.5
Josuep_9_puntos_intento_7.mp4,18,150.000,True,150.000,165.000,0.000,181.000,118.000,0.172222,0.261111,-0.949821,73.754,100.612,133.640,5600.0
Josuep_9_puntos_intento_7.mp4,19,158.333,True,150.000,165.000,0.000,181.000,118.000,0.172222,0.261111,-0.949821,75.160,100.087,132.760,5600.0
Josuep_9_puntos_intento_7.mp4,20,166.667,True,150.000,165.000,0.000,181.000,118.000,0.172222,0.261111,-0.949821,74.589,100.573,133.334,5613.5
Josuep_9_puntos_intento_7.mp4,21,175.000,True,150.000,165.000,0.000,182.000,118.000,0.177778,0.261111,-0.948797,73.600,101.664,135.597,5623.0
Josuep_9_puntos_intento_7.mp4,22,183.333,True,150.000,165.000,0.000,181.000,118.000,0.172222,0.261111,-0.949821,73.928,100.472,135.442,5585.0
Josuep_9_puntos_intento_7.mp4,23,191.667,True,150.000,165.000,0.000,181.000,118.000,0.172222,0.261111,-0.949821,73.793,100.570,134.552,5611.5
Josuep_9_puntos_intento_7.mp4,24,200.000,True,150.000,165.000,0.000,181.000,118.000,0.172222,0.261111,-0.949821,74.027,100.388,135.091,5589.0
Josuep_9_puntos_intento_7.mp4,25,208.333,True,150.000,165.000,0.000,181.000,118.000,0.172222,0.261111,-0.949821,74.204,99.106,134.210,5482.5
Josuep_9_puntos_intento_7.mp4,26,216.667,True,150.000,165.000,0.000,182.000,118.000,0.177778,0.261111,-0.948797,73.226,99.683,136.348,5503.0
Josuep_9_puntos_intento_7.mp4,27,225.000,True,150.000,165.000,0.000,182.000,118.000,0.177778,0.261111,-0.948797,71.687,101.267,136.957,5508.0
Josuep_9_puntos_intento_7.mp4,28,233.333,True,150.000,165.000,0.000,181.000,118.000,0.172222,0.261111,-0.949821,74.164,99.620,133.705,5503.0
Josuep_9_puntos_intento_7.mp4,29,241.667,True,150.000,165.000,0.000,182.000,118.000,0.177778,0.261111,-0.948797,72.897,99.645,135.400,5491.0
Josuep_9_puntos_intento_7.mp4,30,250.000,True,150.000,165.000,0.000,181.000,118.000,0.172222,0.261111,-0.949821,74.408,99.118,133.190,5478.5
Josuep_9_puntos_intento_7.mp4,31,258.333,True,150.000,165.000,0.000,182.000,118.000,0.177778,0.261111,-0.948797,72.794,100.439,135.433,5482.0
Josuep_9_puntos_intento_7.mp4,32,266.667,True,150.000,165.000,0.000,182.000,118.000,0.177778,0.261111,-0.948797,72.908,100.795,134.817,5515.0
Josuep_9_puntos_intento_7.mp4,33,275.000,True,150.000,165.000,0.000,181.000,118.000,0.172222,0.261111,-0.949821,74.197,99.784,134.778,5523.0
Josuep_9_puntos_intento_7.mp4,34,283.333,True,150.000,165.000,0.000,182.000,118.000,0.177778,0.261111,-0.948797,71.341,99.578,135.144,5339.0
Josuep_9_puntos_intento_7.mp4,35,291.667,True,150.000,165.000,0.000,182.000,118.000,0.177778,0.261111,-0.948797,71.814,98.662,134.366,5304.0
Josuep_9_puntos_intento_7.mp4,36,300.000,True,150.000,165.000,0.000,182.000,118.000,0.177778,0.261111,-0.948797,71.623,98.712,134.929,5290.5
Josuep_9_puntos_intento_7.mp4,37,308.333,True,150.000,165.000,0.000,182.000,118.000,0.177778,0.261111,-0.948797,71.548,97.978,134.515,5266.5
Josuep_9_puntos_intento_7.mp4,38,316.667,True,150.000,165.000,0.000,182.000,118.000,0.177778,0.261111,-0.948797,72.236,97.663,134.803,5284.5
Josuep_9_puntos_intento_7.mp4,39,325.000,True,150.000,165.000,0.000,182.000,118.000,0.177778,0.261111,-0.948797,71.817,97.769,134.396,5270.0
Josuep_9_puntos_intento_7.mp4,40,333.333,True,150.000,165.000,0.000,181.000,118.000,0.172222,0.261111,-0.949821,72.644,97.791,134.775,5261.5
Josuep_9_puntos_intento_7.mp4,41,341.667,True,150.000,165.000,0.000,182.000,118.000,0.177778,0.261111,-0.948797,71.281,98.175,135.653,5255.0
Josuep_9_puntos_intento_7.mp4,42,350.000,True,150.000,165.000,0.000,181.000,118.000,0.172222,0.261111,-0.949821,72.549,97.047,134.669,5242.5
Josuep_9_puntos_intento_7.mp4,43,358.333,True,150.000,165.000,0.000,182.000,118.000,0.177778,0.261111,-0.948797,71.272,96.520,134.257,5127.5
Josuep_9_puntos_intento_7.mp4,44,366.667,True,150.000,165.000,0.000,182.000,118.000,0.177778,0.261111,-0.948797,70.852,96.999,133.973,5136.0
Josuep_9_puntos_intento_7.mp4,45,375.000,True,150.000,165.000,0.000,182.000,118.000,0.177778,0.261111,-0.948797,70.469,95.932,135.510,5110.5
Josuep_9_puntos_intento_7.mp4,46,383.333,True,150.000,165.000,0.000,182.000,118.000,0.177778,0.261111,-0.948797,70.103,97.228,134.855,5124.0
Josuep_9_puntos_intento_7.mp4,47,391.667,True,150.000,165.000,0.000,182.000,118.000,0.177778,0.261111,-0.948797,69.486,97.256,134.458,5113.0
Josuep_9_puntos_intento_7.mp4,48,400.000,True,150.000,165.000,0.000,182.000,118.000,0.177778,0.261111,-0.948797,72.280,96.387,133.331,5133.0
Josuep_9_puntos_intento_7.mp4,49,408.333,True,150.000,165.000,0.000,183.000,118.000,0.183333,0.261111,-0.947739,69.150,95.944,137.117,5056.5
Josuep_9_puntos_intento_7.mp4,50,416.667,True,150.000,165.000,0.000,182.000,118.000,0.177778,0.261111,-0.948797,70.478,96.112,134.054,5065.0
Josuep_9_puntos_intento_7.mp4,51,425.000,True,150.000,165.000,0.000,182.000,118.000,0.177778,0.261111,-0.948797,69.645,96.773,135.105,5082.5
Josuep_9_puntos_intento_7.mp4,52,433.333,True,150.000,165.000,0.000,182.000,118.000,0.177778,0.261111,-0.948797,70.178,96.189,134.484,5065.0
Josuep_9_puntos_intento_7.mp4,53,441.667,True,150.000,165.000,0.000,184.000,117.000,0.188889,0.266667,-0.945098,69.474,95.239,133.623,4989.0
Josuep_9_puntos_intento_7.mp4,54,450.000,True,150.000,165.000,0.000,190.000,113.000,0.222222,0.288889,-0.931215,67.146,93.837,133.620,4818.5
Josuep_9_puntos_intento_7.mp4,55,458.333,True,150.000,165.000,0.000,197.000,109.000,0.261111,0.311111,-0.913800,62.286,90.209,132.170,4330.0
Josuep_9_puntos_intento_7.mp4,56,466.667,True,150.000,165.000,0.000,203.000,106.000,0.294444,0.327778,-0.897699,57.508,88.863,130.484,3932.5
Josuep_9_puntos_intento_7.mp4,57,475.000,True,150.000,165.000,0.000,209.000,104.000,0.327778,0.338889,-0.881882,52.862,88.371,129.994,3595.0
Josuep_9_puntos_intento_7.mp4,58,483.333,True,150.000,165.000,0.000,214.000,104.000,0.355556,0.338889,-0.871054,50.514,89.492,131.860,3473.5
Josuep_9_puntos_intento_7.mp4,59,491.667,True,150.000,165.000,0.000,216.000,104.000,0.366667,0.338889,-0.866435,50.420,89.039,132.002,3433.5
Josuep_9_puntos_intento_7.mp4,60,500.000,True,150.000,165.000,0.000,216.000,104.000,0.366667,0.338889,-0.866435,51.801,88.958,131.978,3523.0
Josuep_9_puntos_intento_7.mp4,61,508.333,True,150.000,165.000,0.000,216.000,103.000,0.366667,0.344444,-0.864242,50.427,88.291,132.677,3387.5
Josuep_9_puntos_intento_7.mp4,62,516.667,True,150.000,165.000,0.000,217.000,103.000,0.372222,0.344444,-0.861863,49.607,88.876,132.760,3341.0
Josuep_9_puntos_intento_7.mp4,63,525.000,True,150.000,165.000,0.000,217.000,103.000,0.372222,0.344444,-0.861863,48.689,87.413,132.706,3277.5
Josuep_9_puntos_intento_7.mp4,64,533.333,True,150.000,165.000,0.000,217.000,103.000,0.372222,0.344444,-0.861863,49.180,88.664,133.478,3341.0
Josuep_9_puntos_intento_7.mp4,65,541.667,True,150.000,165.000,0.000,217.000,103.000,0.372222,0.344444,-0.861863,48.967,88.996,133.212,3343.0
Josuep_9_puntos_intento_7.mp4,66,550.000,True,150.000,165.000,0.000,217.000,103.000,0.372222,0.344444,-0.861863,49.181,89.457,131.177,3340.0
Josuep_9_puntos_intento_7.mp4,67,558.333,True,150.000,165.000,0.000,217.000,103.000,0.372222,0.344444,-0.861863,47.567,87.903,133.121,3177.5
Josuep_9_puntos_intento_7.mp4,68,566.667,True,150.000,165.000,0.000,217.000,103.000,0.372222,0.344444,-0.861863,48.327,88.353,132.279,3244.5
Josuep_9_puntos_intento_7.mp4,69,575.000,True,150.000,165.000,0.000,217.000,103.000,0.372222,0.344444,-0.861863,47.936,86.982,131.879,3179.5
Josuep_9_puntos_intento_7.mp4,70,583.333,True,150.000,165.000,0.000,217.000,103.000,0.372222,0.344444,-0.861863,47.716,87.243,132.687,3125.0
Josuep_9_puntos_intento_7.mp4,71,591.667,True,150.000,165.000,0.000,217.000,103.000,0.372222,0.344444,-0.861863,48.185,87.429,132.307,3169.0
Josuep_9_puntos_intento_7.mp4,72,600.000,True,150.000,165.000,0.000,217.000,103.000,0.372222,0.344444,-0.861863,48.390,87.636,132.502,3186.0
Josuep_9_puntos_intento_7.mp4,73,608.333,True,150.000,165.000,0.000,216.000,103.000,0.366667,0.344444,-0.864242,48.676,86.284,132.733,3204.5
Josuep_9_puntos_intento_7.mp4,74,616.667,True,150.000,165.000,0.000,216.000,103.000,0.366667,0.344444,-0.864242,48.749,85.530,132.716,3152.5
Josuep_9_puntos_intento_7.mp4,75,625.000,True,150.000,165.000,0.000,216.000,103.000,0.366667,0.344444,-0.864242,48.062,86.688,132.563,3169.5
Josuep_9_puntos_intento_7.mp4,76,633.333,True,150.000,165.000,0.000,216.000,103.000,0.366667,0.344444,-0.864242,48.442,86.147,132.859,3143.5
Josuep_9_puntos_intento_7.mp4,77,641.667,True,150.000,165.000,0.000,216.000,103.000,0.366667,0.344444,-0.864242,48.327,85.851,133.372,3120.5
Josuep_9_puntos_intento_7.mp4,78,650.000,True,150.000,165.000,0.000,216.000,103.000,0.366667,0.344444,-0.864242,47.641,86.682,134.748,3134.5
Josuep_9_puntos_intento_7.mp4,79,658.333,True,150.000,165.000,0.000,216.000,103.000,0.366667,0.344444,-0.864242,47.383,84.946,133.772,3026.5
Josuep_9_puntos_intento_7.mp4,80,666.667,True,150.000,165.000,0.000,218.000,104.000,0.377778,0.338889,-0.861649,47.856,85.410,133.792,3040.5
Josuep_9_puntos_intento_7.mp4,81,675.000,True,150.000,165.000,0.000,218.000,104.000,0.377778,0.338889,-0.861649,48.071,85.456,134.577,3041.0
Josuep_9_puntos_intento_7.mp4,82,683.333,True,150.000,165.000,0.000,217.000,104.000,0.372222,0.338889,-0.864063,48.044,83.932,135.381,3048.0
Josuep_9_puntos_intento_7.mp4,83,691.667,True,150.000,165.000,0.000,217.000,104.000,0.372222,0.338889,-0.864063,47.948,83.460,135.525,2986.0
Josuep_9_puntos_intento_7.mp4,84,700.000,True,150.000,165.000,0.000,217.000,104.000,0.372222,0.338889,-0.864063,48.205,84.124,132.868,3004.5
Josuep_9_puntos_intento_7.mp4,85,708.333,True,150.000,165.000,0.000,218.000,104.000,0.377778,0.338889,-0.861649,48.342,85.207,133.081,3000.0
Josuep_9_puntos_intento_7.mp4,86,716.667,True,150.000,165.000,0.000,218.000,104.000,0.377778,0.338889,-0.861649,48.332,85.602,132.469,3063.5
Josuep_9_puntos_intento_7.mp4,87,725.000,True,150.000,165.000,0.000,218.000,104.000,0.377778,0.338889,-0.861649,47.871,85.358,132.863,3025.0
Josuep_9_puntos_intento_7.mp4,88,733.333,True,150.000,165.000,0.000,218.000,104.000,0.377778,0.338889,-0.861649,47.557,85.551,133.846,3008.0
Josuep_9_puntos_intento_7.mp4,89,741.667,True,150.000,165.000,0.000,218.000,104.000,0.377778,0.338889,-0.861649,48.060,85.349,134.054,3036.5
Josuep_9_puntos_intento_7.mp4,90,750.000,True,150.000,165.000,0.000,217.000,104.000,0.372222,0.338889,-0.864063,48.081,84.307,133.538,3065.5
Josuep_9_puntos_intento_7.mp4,91,758.333,True,150.000,165.000,0.000,217.000,104.000,0.372222,0.338889,-0.864063,48.060,83.319,134.225,3010.5
Josuep_9_puntos_intento_7.mp4,92,766.667,True,150.000,165.000,0.000,217.000,104.000,0.372222,0.338889,-0.864063,48.320,83.252,133.976,3037.5
Josuep_9_puntos_intento_7.mp4,93,775.000,True,150.000,165.000,0.000,217.000,104.000,0.372222,0.338889,-0.864063,48.615,83.111,134.984,3032.0
Josuep_9_puntos_intento_7.mp4,94,783.333,True,150.000,165.000,0.000,217.000,104.000,0.372222,0.338889,-0.864063,48.496,83.957,133.951,3051.5
Josuep_9_puntos_intento_7.mp4,95,791.667,True,150.000,165.000,0.000,217.000,104.000,0.372222,0.338889,-0.864063,48.248,82.792,134.346,3019.0
Josuep_9_puntos_intento_7.mp4,96,800.000,True,150.000,165.000,0.000,217.000,104.000,0.372222,0.338889,-0.864063,47.974,85.100,134.643,3058.5
Josuep_9_puntos_intento_7.mp4,97,808.333,True,150.000,165.000,0.000,218.000,104.000,0.377778,0.338889,-0.861649,48.515,85.103,133.718,3036.5
Josuep_9_puntos_intento_7.mp4,98,816.667,True,150.000,165.000,0.000,218.000,104.000,0.377778,0.338889,-0.861649,48.078,85.685,133.666,3065.5
Josuep_9_puntos_intento_7.mp4,99,825.000,True,150.000,165.000,0.000,217.000,104.000,0.372222,0.338889,-0.864063,48.040,85.726,134.705,3033.0
Josuep_9_puntos_intento_7.mp4,100,833.333,True,150.000,165.000,0.000,217.000,104.000,0.372222,0.338889,-0.864063,48.445,85.523,133.390,3063.0
Josuep_9_puntos_intento_7.mp4,101,841.667,True,150.000,165.000,0.000,217.000,104.000,0.372222,0.338889,-0.864063,48.659,84.615,133.049,3037.5
Josuep_9_puntos_intento_7.mp4,102,850.000,True,150.000,165.000,0.000,217.000,104.000,0.372222,0.338889,-0.864063,48.525,85.212,132.773,3070.0
Josuep_9_puntos_intento_7.mp4,103,858.333,True,150.000,165.000,0.000,217.000,104.000,0.372222,0.338889,-0.864063,47.780,84.169,134.455,3029.5
Josuep_9_puntos_intento_7.mp4,104,866.667,True,150.000,165.000,0.000,217.000,104.000,0.372222,0.338889,-0.864063,47.967,83.550,136.006,3017.5
Josuep_9_puntos_intento_7.mp4,105,875.000,True,150.000,165.000,0.000,217.000,104.000,0.372222,0.338889,-0.864063,48.161,84.539,134.770,3014.5
Josuep_9_puntos_intento_7.mp4,106,883.333,True,150.000,165.000,0.000,217.000,104.000,0.372222,0.338889,-0.864063,47.760,84.823,134.217,3039.5
Josuep_9_puntos_intento_7.mp4,107,891.667,True,150.000,165.000,0.000,217.000,104.000,0.372222,0.338889,-0.864063,48.061,83.935,133.873,2998.5
Josuep_9_puntos_intento_7.mp4,108,900.000,True,150.000,165.000,0.000,217.000,104.000,0.372222,0.338889,-0.864063,48.350,84.117,135.215,3028.0
Josuep_9_puntos_intento_7.mp4,109,908.333,True,150.000,165.000,0.000,217.000,105.000,0.372222,0.333333,-0.866221,48.702,84.703,134.528,3109.5
Josuep_9_puntos_intento_7.mp4,110,916.667,True,150.000,165.000,0.000,217.000,105.000,0.372222,0.333333,-0.866221,48.957,83.831,134.411,3037.5
Josuep_9_puntos_intento_7.mp4,111,925.000,True,150.000,165.000,0.000,218.000,105.000,0.377778,0.333333,-0.863813,48.944,84.563,135.578,3050.0
Josuep_9_puntos_intento_7.mp4,112,933.333,True,150.000,165.000,0.000,218.000,105.000,0.377778,0.333333,-0.863813,48.765,84.376,135.017,3057.0
Josuep_9_puntos_intento_7.mp4,113,941.667,True,150.000,165.000,0.000,218.000,105.000,0.377778,0.333333,-0.863813,48.571,84.444,135.138,3051.5
Josuep_9_puntos_intento_7.mp4,114,950.000,True,150.000,165.000,0.000,218.000,105.000,0.377778,0.333333,-0.863813,48.551,84.376,134.115,3027.0
Josuep_9_puntos_intento_7.mp4,115,958.333,True,150.000,165.000,0.000,218.000,105.000,0.377778,0.333333,-0.863813,48.547,84.248,134.880,3012.0
Josuep_9_puntos_intento_7.mp4,116,966.667,True,150.000,165.000,0.000,218.000,105.000,0.377778,0.333333,-0.863813,48.475,83.909,134.625,3034.5
Josuep_9_puntos_intento_7.mp4,117,975.000,True,150.000,165.000,0.000,217.000,105.000,0.372222,0.333333,-0.866221,48.707,83.221,135.256,3017.5
Josuep_9_puntos_intento_7.mp4,118,983.333,True,150.000,165.000,0.000,217.000,105.000,0.372222,0.333333,-0.866221,48.476,83.590,135.943,3021.5
Josuep_9_puntos_intento_7.mp4,119,991.667,True,150.000,165.000,0.000,217.000,105.000,0.372222,0.333333,-0.866221,48.488,82.664,135.570,2998.5
Josuep_9_puntos_intento_7.mp4,120,1000.000,True,150.000,165.000,0.000,217.000,104.000,0.372222,0.338889,-0.864063,48.263,82.999,133.411,3027.0
Josuep_9_puntos_intento_7.mp4,121,1008.333,True,150.000,165.000,0.000,218.000,105.000,0.377778,0.333333,-0.863813,47.965,83.896,134.386,3006.5
Josuep_9_puntos_intento_7.mp4,122,1016.667,True,150.000,165.000,0.000,218.000,105.000,0.377778,0.333333,-0.863813,47.609,83.381,134.564,2998.5
Josuep_9_puntos_intento_7.mp4,123,1025.000,True,150.000,165.000,0.000,217.000,104.000,0.372222,0.338889,-0.864063,47.681,82.540,133.573,2969.5
Josuep_9_puntos_intento_7.mp4,124,1033.333,True,150.000,165.000,0.000,218.000,104.000,0.377778,0.338889,-0.861649,47.588,82.387,134.133,2985.5
Josuep_9_puntos_intento_7.mp4,125,1041.667,True,150.000,165.000,0.000,218.000,105.000,0.377778,0.333333,-0.863813,47.677,82.395,134.551,2955.0
Josuep_9_puntos_intento_7.mp4,126,1050.000,True,150.000,165.000,0.000,217.000,105.000,0.372222,0.333333,-0.866221,47.615,83.220,134.584,2965.0
Josuep_9_puntos_intento_7.mp4,127,1058.333,True,150.000,165.000,0.000,217.000,104.000,0.372222,0.338889,-0.864063,47.388,83.031,134.112,2963.0
Josuep_9_puntos_intento_7.mp4,128,1066.667,True,150.000,165.000,0.000,217.000,104.000,0.372222,0.338889,-0.864063,47.408,81.839,133.961,2944.5
Josuep_9_puntos_intento_7.mp4,129,1075.000,True,150.000,165.000,0.000,218.000,105.000,0.377778,0.333333,-0.863813,47.765,81.322,133.597,2912.0
Josuep_9_puntos_intento_7.mp4,130,1083.333,True,150.000,165.000,0.000,218.000,105.000,0.377778,0.333333,-0.863813,47.658,82.520,133.999,2944.0
Josuep_9_puntos_intento_7.mp4,131,1091.667,True,150.000,165.000,0.000,217.000,104.000,0.372222,0.338889,-0.864063,47.208,82.114,132.969,2907.5
Josuep_9_puntos_intento_7.mp4,132,1100.000,True,150.000,165.000,0.000,217.000,104.000,0.372222,0.338889,-0.864063,46.911,81.870,132.721,2893.0
Josuep_9_puntos_intento_7.mp4,133,1108.333,True,150.000,165.000,0.000,218.000,104.000,0.377778,0.338889,-0.861649,47.233,81.498,133.431,2887.0
Josuep_9_puntos_intento_7.mp4,134,1116.667,True,150.000,165.000,0.000,217.000,104.000,0.372222,0.338889,-0.864063,46.940,81.639,133.242,2906.5
Josuep_9_puntos_intento_7.mp4,135,1125.000,True,150.000,165.000,0.000,218.000,105.000,0.377778,0.333333,-0.863813,46.994,81.577,132.339,2860.0
Josuep_9_puntos_intento_7.mp4,136,1133.333,True,150.000,165.000,0.000,217.000,105.000,0.372222,0.333333,-0.866221,46.743,80.699,135.239,2842.5
Josuep_9_puntos_intento_7.mp4,137,1141.667,True,150.000,165.000,0.000,217.000,105.000,0.372222,0.333333,-0.866221,46.846,81.231,134.643,2872.0
Josuep_9_puntos_intento_7.mp4,138,1150.000,True,150.000,165.000,0.000,217.000,105.000,0.372222,0.333333,-0.866221,46.704,80.944,134.915,2844.5
Josuep_9_puntos_intento_7.mp4,139,1158.333,True,150.000,165.000,0.000,218.000,104.000,0.377778,0.338889,-0.861649,46.433,80.874,133.282,2838.5
Josuep_9_puntos_intento_7.mp4,140,1166.667,True,150.000,165.000,0.000,218.000,105.000,0.377778,0.333333,-0.863813,46.922,80.879,133.655,2868.5
Josuep_9_puntos_intento_7.mp4,141,1175.000,True,150.000,165.000,0.000,217.000,105.000,0.372222,0.333333,-0.866221,46.880,80.569,134.581,2843.5
Josuep_9_puntos_intento_7.mp4,142,1183.333,True,150.000,165.000,0.000,218.000,105.000,0.377778,0.333333,-0.863813,46.619,81.398,133.786,2874.5
Josuep_9_puntos_intento_7.mp4,143,1191.667,True,150.000,165.000,0.000,218.000,105.000,0.377778,0.333333,-0.863813,46.225,80.434,134.348,2829.5
Josuep_9_puntos_intento_7.mp4,144,1200.000,True,150.000,165.000,0.000,217.000,104.000,0.372222,0.338889,-0.864063,46.255,80.473,134.412,2850.5
Josuep_9_puntos_intento_7.mp4,145,1208.333,True,150.000,165.000,0.000,217.000,104.000,0.372222,0.338889,-0.864063,46.621,81.052,132.747,2829.5
Josuep_9_puntos_intento_7.mp4,146,1216.667,True,150.000,165.000,0.000,218.000,105.000,0.377778,0.333333,-0.863813,46.250,80.762,132.434,2808.5
Josuep_9_puntos_intento_7.mp4,147,1225.000,True,150.000,165.000,0.000,218.000,105.000,0.377778,0.333333,-0.863813,46.482,80.521,132.546,2791.0
Josuep_9_puntos_intento_7.mp4,148,1233.333,True,150.000,165.000,0.000,218.000,105.000,0.377778,0.333333,-0.863813,46.704,80.931,132.567,2814.5
Josuep_9_puntos_intento_7.mp4,149,1241.667,True,150.000,165.000,0.000,218.000,105.000,0.377778,0.333333,-0.863813,45.813,80.007,135.019,2739.5
Josuep_9_puntos_intento_7.mp4,150,1250.000,True,150.000,165.000,0.000,217.000,105.000,0.372222,0.333333,-0.866221,45.717,80.461,134.547,2760.0
Josuep_9_puntos_intento_7.mp4,151,1258.333,True,150.000,165.000,0.000,218.000,104.000,0.377778,0.338889,-0.861649,46.128,80.188,133.231,2781.0
Josuep_9_puntos_intento_7.mp4,152,1266.667,True,150.000,165.000,0.000,218.000,105.000,0.377778,0.333333,-0.863813,46.079,80.221,134.570,2784.5
Josuep_9_puntos_intento_7.mp4,153,1275.000,True,150.000,165.000,0.000,218.000,105.000,0.377778,0.333333,-0.863813,45.793,79.855,134.348,2767.0
Josuep_9_puntos_intento_7.mp4,154,1283.333,True,150.000,165.000,0.000,218.000,105.000,0.377778,0.333333,-0.863813,45.549,80.412,133.438,2784.0
Josuep_9_puntos_intento_7.mp4,155,1291.667,True,150.000,165.000,0.000,218.000,105.000,0.377778,0.333333,-0.863813,45.351,80.251,133.426,2741.5
Josuep_9_puntos_intento_7.mp4,156,1300.000,True,150.000,165.000,0.000,218.000,104.000,0.377778,0.338889,-0.861649,45.236,80.011,133.612,2741.0
Josuep_9_puntos_intento_7.mp4,157,1308.333,True,150.000,165.000,0.000,217.000,105.000,0.372222,0.333333,-0.866221,45.819,79.839,133.851,2745.5
Josuep_9_puntos_intento_7.mp4,158,1316.667,True,150.000,165.000,0.000,218.000,105.000,0.377778,0.333333,-0.863813,45.753,80.040,134.487,2743.0
Josuep_9_puntos_intento_7.mp4,159,1325.000,True,150.000,165.000,0.000,217.000,105.000,0.372222,0.333333,-0.866221,45.575,79.522,133.360,2734.5
Josuep_9_puntos_intento_7.mp4,160,1333.333,True,150.000,165.000,0.000,217.000,104.000,0.372222,0.338889,-0.864063,46.285,78.653,133.701,2747.5
Josuep_9_puntos_intento_7.mp4,161,1341.667,True,150.000,165.000,0.000,217.000,104.000,0.372222,0.338889,-0.864063,45.385,78.097,135.264,2700.0
Josuep_9_puntos_intento_7.mp4,162,1350.000,True,150.000,165.000,0.000,217.000,105.000,0.372222,0.333333,-0.866221,45.678,79.472,135.254,2732.5
Josuep_9_puntos_intento_7.mp4,163,1358.333,True,150.000,165.000,0.000,217.000,104.000,0.372222,0.338889,-0.864063,45.300,79.193,135.689,2706.5
Josuep_9_puntos_intento_7.mp4,164,1366.667,True,150.000,165.000,0.000,217.000,104.000,0.372222,0.338889,-0.864063,45.199,78.686,134.142,2728.5
Josuep_9_puntos_intento_7.mp4,165,1375.000,True,150.000,165.000,0.000,217.000,104.000,0.372222,0.338889,-0.864063,45.129,79.149,134.343,2702.5
Josuep_9_puntos_intento_7.mp4,166,1383.333,True,150.000,165.000,0.000,217.000,105.000,0.372222,0.333333,-0.866221,45.901,79.586,134.471,2737.0
Josuep_9_puntos_intento_7.mp4,167,1391.667,True,150.000,165.000,0.000,217.000,105.000,0.372222,0.333333,-0.866221,45.301,78.616,134.718,2695.5
Josuep_9_puntos_intento_7.mp4,168,1400.000,True,150.000,165.000,0.000,217.000,104.000,0.372222,0.338889,-0.864063,45.895,79.486,133.322,2747.5
Josuep_9_puntos_intento_7.mp4,169,1408.333,True,150.000,165.000,0.000,217.000,104.000,0.372222,0.338889,-0.864063,45.769,78.224,132.405,2698.5
Josuep_9_puntos_intento_7.mp4,170,1416.667,True,150.000,165.000,0.000,217.000,105.000,0.372222,0.333333,-0.866221,45.747,78.410,134.383,2693.5
Josuep_9_puntos_intento_7.mp4,171,1425.000,True,150.000,165.000,0.000,217.000,104.000,0.372222,0.338889,-0.864063,45.166,78.033,133.921,2689.5
Josuep_9_puntos_intento_7.mp4,172,1433.333,True,150.000,165.000,0.000,217.000,104.000,0.372222,0.338889,-0.864063,45.171,78.349,133.667,2668.5
Josuep_9_puntos_intento_7.mp4,173,1441.667,True,150.000,165.000,0.000,217.000,105.000,0.372222,0.333333,-0.866221,45.400,79.123,133.600,2704.5
Josuep_9_puntos_intento_7.mp4,174,1450.000,True,150.000,165.000,0.000,217.000,104.000,0.372222,0.338889,-0.864063,45.417,78.699,133.902,2695.0
Josuep_9_puntos_intento_7.mp4,175,1458.333,True,150.000,165.000,0.000,217.000,104.000,0.372222,0.338889,-0.864063,44.725,78.771,132.983,2667.5
Josuep_9_puntos_intento_7.mp4,176,1466.667,True,150.000,165.000,0.000,217.000,104.000,0.372222,0.338889,-0.864063,45.550,78.290,134.320,2697.5
Josuep_9_puntos_intento_7.mp4,177,1475.000,True,150.000,165.000,0.000,217.000,104.000,0.372222,0.338889,-0.864063,45.693,78.416,133.228,2711.0
Josuep_9_puntos_intento_7.mp4,178,1483.333,True,150.000,165.000,0.000,217.000,104.000,0.372222,0.338889,-0.864063,45.088,79.029,133.835,2684.0
Josuep_9_puntos_intento_7.mp4,179,1491.667,True,150.000,165.000,0.000,217.000,104.000,0.372222,0.338889,-0.864063,44.997,78.191,133.174,2669.0
Josuep_9_puntos_intento_7.mp4,180,1500.000,True,150.000,165.000,0.000,217.000,104.000,0.372222,0.338889,-0.864063,44.493,78.061,133.236,2655.5
Josuep_9_puntos_intento_7.mp4,181,1508.333,True,150.000,165.000,0.000,217.000,104.000,0.372222,0.338889,-0.864063,45.929,79.398,132.808,2668.0
Josuep_9_puntos_intento_7.mp4,182,1516.667,True,150.000,165.000,0.000,217.000,104.000,0.372222,0.338889,-0.864063,45.837,79.757,133.232,2720.5
Josuep_9_puntos_intento_7.mp4,183,1525.000,True,150.000,165.000,0.000,217.000,105.000,0.372222,0.333333,-0.866221,45.233,79.831,132.809,2690.5
Josuep_9_puntos_intento_7.mp4,184,1533.333,True,150.000,165.000,0.000,217.000,104.000,0.372222,0.338889,-0.864063,45.637,79.002,134.049,2702.0
Josuep_9_puntos_intento_7.mp4,185,1541.667,True,150.000,165.000,0.000,217.000,104.000,0.372222,0.338889,-0.864063,45.882,79.671,133.079,2688.0
Josuep_9_puntos_intento_7.mp4,186,1550.000,True,150.000,165.000,0.000,217.000,104.000,0.372222,0.338889,-0.864063,45.027,79.833,132.329,2683.5
Josuep_9_puntos_intento_7.mp4,187,1558.333,True,150.000,165.000,0.000,217.000,105.000,0.372222,0.333333,-0.866221,45.270,79.134,134.141,2651.0
Josuep_9_puntos_intento_7.mp4,188,1566.667,True,150.000,165.000,0.000,217.000,104.000,0.372222,0.338889,-0.864063,45.555,79.261,133.654,2672.5
Josuep_9_puntos_intento_7.mp4,189,1575.000,True,150.000,165.000,0.000,217.000,104.000,0.372222,0.338889,-0.864063,45.489,79.279,133.853,2671.5
Josuep_9_puntos_intento_7.mp4,190,1583.333,True,150.000,165.000,0.000,217.000,105.000,0.372222,0.333333,-0.866221,45.427,79.908,133.509,2677.0
Josuep_9_puntos_intento_7.mp4,191,1591.667,True,150.000,165.000,0.000,217.000,105.000,0.372222,0.333333,-0.866221,45.087,79.344,133.663,2666.5
Josuep_9_puntos_intento_7.mp4,192,1600.000,True,150.000,165.000,0.000,217.000,105.000,0.372222,0.333333,-0.866221,45.090,79.519,133.856,2680.0
Josuep_9_puntos_intento_7.mp4,193,1608.333,True,150.000,165.000,0.000,217.000,105.000,0.372222,0.333333,-0.866221,45.694,77.394,134.296,2656.5
Josuep_9_puntos_intento_7.mp4,194,1616.667,True,150.000,165.000,0.000,217.000,104.000,0.372222,0.338889,-0.864063,45.256,77.398,134.119,2636.5
Josuep_9_puntos_intento_7.mp4,195,1625.000,True,150.000,165.000,0.000,217.000,105.000,0.372222,0.333333,-0.866221,45.211,77.663,134.970,2641.5
Josuep_9_puntos_intento_7.mp4,196,1633.333,True,150.000,165.000,0.000,217.000,105.000,0.372222,0.333333,-0.866221,45.666,78.015,134.429,2675.0
Josuep_9_puntos_intento_7.mp4,197,1641.667,True,150.000,165.000,0.000,217.000,104.000,0.372222,0.338889,-0.864063,44.828,77.784,133.400,2615.0
Josuep_9_puntos_intento_7.mp4,198,1650.000,True,150.000,165.000,0.000,218.000,105.000,0.377778,0.333333,-0.863813,45.234,78.622,132.623,2678.0
Josuep_9_puntos_intento_7.mp4,199,1658.333,True,150.000,165.000,0.000,217.000,105.000,0.372222,0.333333,-0.866221,45.303,78.598,133.341,2660.5
Josuep_9_puntos_intento_7.mp4,200,1666.667,True,150.000,165.000,0.000,217.000,104.000,0.372222,0.338889,-0.864063,45.085,78.616,132.172,2671.0
Josuep_9_puntos_intento_7.mp4,201,1675.000,True,150.000,165.000,0.000,217.000,104.000,0.372222,0.338889,-0.864063,45.479,78.527,132.353,2650.0
Josuep_9_puntos_intento_7.mp4,202,1683.333,True,150.000,165.000,0.000,217.000,105.000,0.372222,0.333333,-0.866221,45.620,78.012,133.714,2677.5
Josuep_9_puntos_intento_7.mp4,203,1691.667,True,150.000,165.000,0.000,217.000,104.000,0.372222,0.338889,-0.864063,45.371,77.422,133.742,2633.5
Josuep_9_puntos_intento_7.mp4,204,1700.000,True,150.000,165.000,0.000,217.000,104.000,0.372222,0.338889,-0.864063,45.367,77.614,133.552,2649.5
Josuep_9_puntos_intento_7.mp4,205,1708.333,True,150.000,165.000,0.000,217.000,104.000,0.372222,0.338889,-0.864063,45.062,78.861,133.549,2651.0
Josuep_9_puntos_intento_7.mp4,206,1716.667,True,150.000,165.000,0.000,217.000,104.000,0.372222,0.338889,-0.864063,45.524,77.851,135.392,2643.0
Josuep_9_puntos_intento_7.mp4,207,1725.000,True,150.000,165.000,0.000,217.000,104.000,0.372222,0.338889,-0.864063,45.368,77.654,134.779,2643.5
Josuep_9_puntos_intento_7.mp4,208,1733.333,True,150.000,165.000,0.000,217.000,105.000,0.372222,0.333333,-0.866221,45.712,78.675,133.933,2695.5
Josuep_9_puntos_intento_7.mp4,209,1741.667,True,150.000,165.000,0.000,217.000,105.000,0.372222,0.333333,-0.866221,45.267,78.721,134.282,2685.5
Josuep_9_puntos_intento_7.mp4,210,1750.000,True,150.000,165.000,0.000,217.000,105.000,0.372222,0.333333,-0.866221,44.906,78.547,134.190,2687.0
Josuep_9_puntos_intento_7.mp4,211,1758.333,True,150.000,165.000,0.000,217.000,105.000,0.372222,0.333333,-0.866221,45.446,78.841,133.317,2694.0
Josuep_9_puntos_intento_7.mp4,212,1766.667,True,150.000,165.000,0.000,217.000,105.000,0.372222,0.333333,-0.866221,45.543,78.242,133.655,2694.0
Josuep_9_puntos_intento_7.mp4,213,1775.000,True,150.000,165.000,0.000,217.000,105.000,0.372222,0.333333,-0.866221,45.354,77.929,133.808,2682.5
Josuep_9_puntos_intento_7.mp4,214,1783.333,True,150.000,165.000,0.000,217.000,105.000,0.372222,0.333333,-0.866221,45.363,78.304,133.424,2675.5
Josuep_9_puntos_intento_7.mp4,215,1791.667,True,150.000,165.000,0.000,217.000,105.000,0.372222,0.333333,-0.866221,45.500,77.951,133.723,2666.5
Josuep_9_puntos_intento_7.mp4,216,1800.000,True,150.000,165.000,0.000,217.000,105.000,0.372222,0.333333,-0.866221,45.564,78.884,133.599,2709.5
Josuep_9_puntos_intento_7.mp4,217,1808.333,True,150.000,165.000,0.000,218.000,105.000,0.377778,0.333333,-0.863813,45.089,79.107,132.333,2657.0
Josuep_9_puntos_intento_7.mp4,218,1816.667,True,150.000,165.000,0.000,217.000,105.000,0.372222,0.333333,-0.866221,44.879,78.857,133.558,2678.0
Josuep_9_puntos_intento_7.mp4,219,1825.000,True,150.000,165.000,0.000,218.000,105.000,0.377778,0.333333,-0.863813,45.041,77.750,133.525,2651.0
Josuep_9_puntos_intento_7.mp4,220,1833.333,True,150.000,165.000,0.000,217.000,105.000,0.372222,0.333333,-0.866221,45.451,79.061,134.156,2708.0
Josuep_9_puntos_intento_7.mp4,221,1841.667,True,150.000,165.000,0.000,217.000,105.000,0.372222,0.333333,-0.866221,45.072,78.478,134.199,2648.5
Josuep_9_puntos_intento_7.mp4,222,1850.000,True,150.000,165.000,0.000,217.000,105.000,0.372222,0.333333,-0.866221,45.355,79.083,133.750,2669.5
Josuep_9_puntos_intento_7.mp4,223,1858.333,True,150.000,165.000,0.000,217.000,105.000,0.372222,0.333333,-0.866221,45.132,78.518,133.719,2634.5
Josuep_9_puntos_intento_7.mp4,224,1866.667,True,150.000,165.000,0.000,217.000,105.000,0.372222,0.333333,-0.866221,44.872,78.587,132.493,2636.5
Josuep_9_puntos_intento_7.mp4,225,1875.000,True,150.000,165.000,0.000,217.000,105.000,0.372222,0.333333,-0.866221,45.122,78.272,134.055,2640.0
Josuep_9_puntos_intento_7.mp4,226,1883.333,True,150.000,165.000,0.000,217.000,104.000,0.372222,0.338889,-0.864063,45.035,77.700,133.438,2664.5
Josuep_9_puntos_intento_7.mp4,227,1891.667,True,150.000,165.000,0.000,217.000,105.000,0.372222,0.333333,-0.866221,44.843,78.224,132.135,2642.5
Josuep_9_puntos_intento_7.mp4,228,1900.000,True,150.000,165.000,0.000,217.000,105.000,0.372222,0.333333,-0.866221,45.139,78.463,133.001,2659.0
Josuep_9_puntos_intento_7.mp4,229,1908.333,True,150.000,165.000,0.000,218.000,105.000,0.377778,0.333333,-0.863813,45.234,77.973,132.069,2654.0
Josuep_9_puntos_intento_7.mp4,230,1916.667,True,150.000,165.000,0.000,218.000,105.000,0.377778,0.333333,-0.863813,45.125,78.394,132.196,2675.5
Josuep_9_puntos_intento_7.mp4,231,1925.000,True,150.000,165.000,0.000,218.000,105.000,0.377778,0.333333,-0.863813,45.181,78.226,132.096,2678.0
Josuep_9_puntos_intento_7.mp4,232,1933.333,True,150.000,165.000,0.000,217.000,105.000,0.372222,0.333333,-0.866221,45.173,77.744,133.831,2662.0
Josuep_9_puntos_intento_7.mp4,233,1941.667,True,150.000,165.000,0.000,217.000,105.000,0.372222,0.333333,-0.866221,45.047,77.924,133.144,2660.0
Josuep_9_puntos_intento_7.mp4,234,1950.000,True,150.000,165.000,0.000,217.000,105.000,0.372222,0.333333,-0.866221,45.161,77.916,134.143,2677.0
Josuep_9_puntos_intento_7.mp4,235,1958.333,True,150.000,165.000,0.000,218.000,105.000,0.377778,0.333333,-0.863813,45.265,78.296,133.028,2648.0
Josuep_9_puntos_intento_7.mp4,236,1966.667,True,150.000,165.000,0.000,218.000,105.000,0.377778,0.333333,-0.863813,45.154,78.290,133.702,2669.0
Josuep_9_puntos_intento_7.mp4,237,1975.000,True,150.000,165.000,0.000,217.000,105.000,0.372222,0.333333,-0.866221,44.526,78.510,132.567,2647.5
Josuep_9_puntos_intento_7.mp4,238,1983.333,True,150.000,165.000,0.000,217.000,105.000,0.372222,0.333333,-0.866221,45.133,79.027,132.495,2670.0
Josuep_9_puntos_intento_7.mp4,239,1991.667,True,150.000,165.000,0.000,217.000,104.000,0.372222,0.338889,-0.864063,44.694,77.694,130.926,2615.0
Josuep_9_puntos_intento_7.mp4,240,2000.000,True,150.000,165.000,0.000,217.000,105.000,0.372222,0.333333,-0.866221,45.595,78.438,132.181,2670.0
Josuep_9_puntos_intento_7.mp4,241,2008.333,True,150.000,165.000,0.000,217.000,105.000,0.372222,0.333333,-0.866221,45.529,77.499,132.551,2660.0
Josuep_9_puntos_intento_7.mp4,242,2016.667,True,150.000,165.000,0.000,217.000,105.000,0.372222,0.333333,-0.866221,45.861,77.734,132.970,2693.0
Josuep_9_puntos_intento_7.mp4,243,2025.000,True,150.000,165.000,0.000,217.000,105.000,0.372222,0.333333,-0.866221,45.911,78.030,132.954,2686.5
Josuep_9_puntos_intento_7.mp4,244,2033.333,True,150.000,165.000,0.000,217.000,105.000,0.372222,0.333333,-0.866221,45.675,77.596,132.573,2686.0
Josuep_9_puntos_intento_7.mp4,245,2041.667,True,150.000,165.000,0.000,217.000,105.000,0.372222,0.333333,-0.866221,45.875,78.445,134.703,2709.5
Josuep_9_puntos_intento_7.mp4,246,2050.000,True,150.000,165.000,0.000,217.000,105.000,0.372222,0.333333,-0.866221,45.146,78.433,134.019,2680.0
Josuep_9_puntos_intento_7.mp4,247,2058.333,True,150.000,165.000,0.000,217.000,105.000,0.372222,0.333333,-0.866221,45.151,77.965,133.347,2680.0
Josuep_9_puntos_intento_7.mp4,248,2066.667,True,150.000,165.000,0.000,217.000,105.000,0.372222,0.333333,-0.866221,45.836,78.304,133.906,2664.5
Josuep_9_puntos_intento_7.mp4,249,2075.000,True,150.000,165.000,0.000,217.000,105.000,0.372222,0.333333,-0.866221,45.146,77.243,132.969,2635.0
Josuep_9_puntos_intento_7.mp4,250,2083.333,True,150.000,165.000,0.000,217.000,105.000,0.372222,0.333333,-0.866221,44.876,77.738,133.599,2678.0
Josuep_9_puntos_intento_7.mp4,251,2091.667,True,150.000,165.000,0.000,217.000,105.000,0.372222,0.333333,-0.866221,45.120,77.889,132.788,2653.0
Josuep_9_puntos_intento_7.mp4,252,2100.000,True,150.000,165.000,0.000,217.000,105.000,0.372222,0.333333,-0.866221,45.502,77.724,131.439,2665.0
Josuep_9_puntos_intento_7.mp4,253,2108.333,True,150.000,165.000,0.000,217.000,104.000,0.372222,0.338889,-0.864063,46.124,77.540,131.635,2675.0
Josuep_9_puntos_intento_7.mp4,254,2116.667,True,150.000,165.000,0.000,217.000,105.000,0.372222,0.333333,-0.866221,45.961,78.219,132.979,2699.5
Josuep_9_puntos_intento_7.mp4,255,2125.000,True,150.000,165.000,0.000,217.000,105.000,0.372222,0.333333,-0.866221,45.805,79.144,132.572,2733.5
Josuep_9_puntos_intento_7.mp4,256,2133.333,True,150.000,165.000,0.000,217.000,105.000,0.372222,0.333333,-0.866221,45.570,78.802,132.149,2706.0
Josuep_9_puntos_intento_7.mp4,257,2141.667,True,150.000,165.000,0.000,217.000,105.000,0.372222,0.333333,-0.866221,45.911,78.316,134.189,2708.0
Josuep_9_puntos_intento_7.mp4,258,2150.000,True,150.000,165.000,0.000,217.000,105.000,0.372222,0.333333,-0.866221,45.918,77.927,132.979,2727.0
Josuep_9_puntos_intento_7.mp4,259,2158.333,True,150.000,165.000,0.000,217.000,105.000,0.372222,0.333333,-0.866221,45.893,77.759,133.339,2714.5
Josuep_9_puntos_intento_7.mp4,260,2166.667,True,150.000,165.000,0.000,217.000,105.000,0.372222,0.333333,-0.866221,45.803,78.771,133.321,2711.5
Josuep_9_puntos_intento_7.mp4,261,2175.000,True,150.000,165.000,0.000,217.000,105.000,0.372222,0.333333,-0.866221,45.845,78.014,132.883,2707.5
Josuep_9_puntos_intento_7.mp4,262,2183.333,True,150.000,165.000,0.000,217.000,105.000,0.372222,0.333333,-0.866221,45.816,78.340,133.517,2719.5
Josuep_9_puntos_intento_7.mp4,263,2191.667,True,150.000,165.000,0.000,217.000,104.000,0.372222,0.338889,-0.864063,45.707,77.867,132.946,2708.0
Josuep_9_puntos_intento_7.mp4,264,2200.000,True,150.000,165.000,0.000,217.000,105.000,0.372222,0.333333,-0.866221,45.935,78.456,132.058,2712.0
Josuep_9_puntos_intento_7.mp4,265,2208.333,True,150.000,165.000,0.000,217.000,105.000,0.372222,0.333333,-0.866221,45.868,78.456,135.013,2737.5
Josuep_9_puntos_intento_7.mp4,266,2216.667,True,150.000,165.000,0.000,217.000,105.000,0.372222,0.333333,-0.866221,46.138,78.113,133.399,2778.0
Josuep_9_puntos_intento_7.mp4,267,2225.000,True,150.000,165.000,0.000,217.000,105.000,0.372222,0.333333,-0.866221,45.870,78.763,134.018,2733.0
Josuep_9_puntos_intento_7.mp4,268,2233.333,True,150.000,165.000,0.000,217.000,105.000,0.372222,0.333333,-0.866221,46.236,78.895,134.503,2781.5
Josuep_9_puntos_intento_7.mp4,269,2241.667,True,150.000,165.000,0.000,217.000,105.000,0.372222,0.333333,-0.866221,45.387,78.636,133.442,2730.0
Josuep_9_puntos_intento_7.mp4,270,2250.000,True,150.000,165.000,0.000,217.000,105.000,0.372222,0.333333,-0.866221,45.561,78.608,134.044,2740.5
Josuep_9_puntos_intento_7.mp4,271,2258.333,True,150.000,165.000,0.000,217.000,105.000,0.372222,0.333333,-0.866221,45.831,79.391,134.721,2758.0
Josuep_9_puntos_intento_7.mp4,272,2266.667,True,150.000,165.000,0.000,217.000,105.000,0.372222,0.333333,-0.866221,46.426,78.621,133.772,2782.0
Josuep_9_puntos_intento_7.mp4,273,2275.000,True,150.000,165.000,0.000,217.000,105.000,0.372222,0.333333,-0.866221,46.359,79.240,134.624,2776.5
Josuep_9_puntos_intento_7.mp4,274,2283.333,True,150.000,165.000,0.000,217.000,105.000,0.372222,0.333333,-0.866221,46.063,78.708,134.177,2776.0
Josuep_9_puntos_intento_7.mp4,275,2291.667,True,150.000,165.000,0.000,217.000,105.000,0.372222,0.333333,-0.866221,46.270,79.381,134.409,2781.5
Josuep_9_puntos_intento_7.mp4,276,2300.000,True,150.000,165.000,0.000,217.000,105.000,0.372222,0.333333,-0.866221,46.378,79.293,134.406,2769.0
Josuep_9_puntos_intento_7.mp4,277,2308.333,True,150.000,165.000,0.000,217.000,105.000,0.372222,0.333333,-0.866221,46.756,78.593,134.686,2757.0
Josuep_9_puntos_intento_7.mp4,278,2316.667,True,150.000,165.000,0.000,217.000,105.000,0.372222,0.333333,-0.866221,46.698,78.106,134.759,2754.0
Josuep_9_puntos_intento_7.mp4,279,2325.000,True,150.000,165.000,0.000,217.000,105.000,0.372222,0.333333,-0.866221,46.508,78.992,134.171,2770.5
Josuep_9_puntos_intento_7.mp4,280,2333.333,True,150.000,165.000,0.000,217.000,106.000,0.372222,0.327778,-0.868339,46.585,78.950,133.526,2769.5
Josuep_9_puntos_intento_7.mp4,281,2341.667,True,150.000,165.000,0.000,217.000,105.000,0.372222,0.333333,-0.866221,46.307,78.801,134.759,2780.0
Josuep_9_puntos_intento_7.mp4,282,2350.000,True,150.000,165.000,0.000,217.000,105.000,0.372222,0.333333,-0.866221,46.486,79.349,134.598,2792.0
Josuep_9_puntos_intento_7.mp4,283,2358.333,True,150.000,165.000,0.000,217.000,105.000,0.372222,0.333333,-0.866221,45.826,79.107,133.665,2742.0
Josuep_9_puntos_intento_7.mp4,284,2366.667,True,150.000,165.000,0.000,217.000,106.000,0.372222,0.327778,-0.868339,46.282,79.826,134.791,2789.0
Josuep_9_puntos_intento_7.mp4,285,2375.000,True,150.000,165.000,0.000,217.000,106.000,0.372222,0.327778,-0.868339,46.279,79.451,135.128,2776.5
Josuep_9_puntos_intento_7.mp4,286,2383.333,True,150.000,165.000,0.000,217.000,106.000,0.372222,0.327778,-0.868339,46.144,79.019,134.992,2800.0
Josuep_9_puntos_intento_7.mp4,287,2391.667,True,150.000,165.000,0.000,217.000,105.000,0.372222,0.333333,-0.866221,46.072,78.240,135.584,2755.0
Josuep_9_puntos_intento_7.mp4,288,2400.000,True,150.000,165.000,0.000,217.000,106.000,0.372222,0.327778,-0.868339,46.022,79.817,135.941,2784.5
Josuep_9_puntos_intento_7.mp4,289,2408.333,True,150.000,165.000,0.000,217.000,105.000,0.372222,0.333333,-0.866221,46.709,78.635,133.811,2777.5
Josuep_9_puntos_intento_7.mp4,290,2416.667,True,150.000,165.000,0.000,217.000,106.000,0.372222,0.327778,-0.868339,46.873,79.266,133.693,2790.5
Josuep_9_puntos_intento_7.mp4,291,2425.000,True,150.000,165.000,0.000,217.000,106.000,0.372222,0.327778,-0.868339,47.064,79.076,133.469,2776.5
Josuep_9_puntos_intento_7.mp4,292,2433.333,True,150.000,165.000,0.000,217.000,106.000,0.372222,0.327778,-0.868339,46.523,79.881,133.804,2792.5
Josuep_9_puntos_intento_7.mp4,293,2441.667,True,150.000,165.000,0.000,215.000,106.000,0.361111,0.327778,-0.873018,47.067,78.280,134.272,2810.0
Josuep_9_puntos_intento_7.mp4,294,2450.000,True,150.000,165.000,0.000,208.000,105.000,0.322222,0.333333,-0.886037,50.062,78.674,131.789,3024.0
Josuep_9_puntos_intento_7.mp4,295,2458.333,True,150.000,165.000,0.000,200.000,105.000,0.277778,0.333333,-0.900960,53.524,78.248,129.438,3233.0
Josuep_9_puntos_intento_7.mp4,296,2466.667,True,150.000,165.000,0.000,191.000,105.000,0.227778,0.333333,-0.914880,55.727,79.633,127.426,3417.0
Josuep_9_puntos_intento_7.mp4,297,2475.000,True,150.000,165.000,0.000,185.000,105.000,0.194444,0.333333,-0.922540,56.781,80.312,127.361,3528.0
Josuep_9_puntos_intento_7.mp4,298,2483.333,True,150.000,165.000,0.000,183.000,105.000,0.183333,0.333333,-0.924812,56.950,80.359,126.213,3543.0
Josuep_9_puntos_intento_7.mp4,299,2491.667,True,150.000,165.000,0.000,183.000,105.000,0.183333,0.333333,-0.924812,56.609,81.103,125.588,3537.5
Josuep_9_puntos_intento_7.mp4,300,2500.000,True,150.000,165.000,0.000,183.000,104.000,0.183333,0.338889,-0.922791,55.739,81.698,125.941,3531.5
Josuep_9_puntos_intento_7.mp4,301,2508.333,True,150.000,165.000,0.000,183.000,104.000,0.183333,0.338889,-0.922791,55.498,80.960,127.480,3484.5
Josuep_9_puntos_intento_7.mp4,302,2516.667,True,150.000,165.000,0.000,183.000,104.000,0.183333,0.338889,-0.922791,56.236,80.697,126.932,3505.5
Josuep_9_puntos_intento_7.mp4,303,2525.000,True,150.000,165.000,0.000,184.000,104.000,0.188889,0.338889,-0.921670,55.903,80.641,127.480,3486.0
Josuep_9_puntos_intento_7.mp4,304,2533.333,True,150.000,165.000,0.000,184.000,104.000,0.188889,0.338889,-0.921670,55.866,80.664,127.249,3484.0
Josuep_9_puntos_intento_7.mp4,305,2541.667,True,150.000,165.000,0.000,184.000,104.000,0.188889,0.338889,-0.921670,55.843,80.988,127.428,3490.0
Josuep_9_puntos_intento_7.mp4,306,2550.000,True,150.000,165.000,0.000,185.000,104.000,0.194444,0.338889,-0.920514,55.511,80.966,127.512,3491.5
Josuep_9_puntos_intento_7.mp4,307,2558.333,True,150.000,165.000,0.000,185.000,104.000,0.194444,0.338889,-0.920514,56.106,80.530,128.037,3493.5
Josuep_9_puntos_intento_7.mp4,308,2566.667,True,150.000,165.000,0.000,185.000,104.000,0.194444,0.338889,-0.920514,56.209,80.228,127.493,3485.0
Josuep_9_puntos_intento_7.mp4,309,2575.000,True,150.000,165.000,0.000,185.000,104.000,0.194444,0.338889,-0.920514,56.415,80.967,128.163,3531.0
Josuep_9_puntos_intento_7.mp4,310,2583.333,True,150.000,165.000,0.000,185.000,104.000,0.194444,0.338889,-0.920514,56.347,81.273,125.950,3515.5
Josuep_9_puntos_intento_7.mp4,311,2591.667,True,150.000,165.000,0.000,185.000,104.000,0.194444,0.338889,-0.920514,56.198,81.042,126.339,3498.5
Josuep_9_puntos_intento_7.mp4,312,2600.000,True,150.000,165.000,0.000,185.000,104.000,0.194444,0.338889,-0.920514,56.465,81.455,127.550,3541.0
Josuep_9_puntos_intento_7.mp4,313,2608.333,True,150.000,165.000,0.000,185.000,103.000,0.194444,0.344444,-0.918449,56.276,81.039,125.120,3504.5
Josuep_9_puntos_intento_7.mp4,314,2616.667,True,150.000,165.000,0.000,185.000,104.000,0.194444,0.338889,-0.920514,56.820,80.976,126.609,3541.5
Josuep_9_puntos_intento_7.mp4,315,2625.000,True,150.000,165.000,0.000,185.000,104.000,0.194444,0.338889,-0.920514,56.724,81.297,127.152,3556.0
Josuep_9_puntos_intento_7.mp4,316,2633.333,True,150.000,165.000,0.000,184.000,104.000,0.188889,0.338889,-0.921670,56.700,81.037,125.743,3542.5
Josuep_9_puntos_intento_7.mp4,317,2641.667,True,150.000,165.000,0.000,184.000,104.000,0.188889,0.338889,-0.921670,56.078,81.043,125.886,3517.0
Josuep_9_puntos_intento_7.mp4,318,2650.000,True,150.000,165.000,0.000,184.000,104.000,0.188889,0.338889,-0.921670,56.066,81.645,126.020,3527.5
Josuep_9_puntos_intento_7.mp4,319,2658.333,True,150.000,165.000,0.000,185.000,104.000,0.194444,0.338889,-0.920514,56.176,81.635,126.669,3533.5
Josuep_9_puntos_intento_7.mp4,320,2666.667,True,150.000,165.000,0.000,185.000,104.000,0.194444,0.338889,-0.920514,56.287,81.141,126.682,3521.5
Josuep_9_puntos_intento_7.mp4,321,2675.000,True,150.000,165.000,0.000,185.000,104.000,0.194444,0.338889,-0.920514,56.455,81.332,127.571,3543.5
Josuep_9_puntos_intento_7.mp4,322,2683.333,True,150.000,165.000,0.000,185.000,104.000,0.194444,0.338889,-0.920514,56.157,81.384,126.086,3548.0
Josuep_9_puntos_intento_7.mp4,323,2691.667,True,150.000,165.000,0.000,185.000,104.000,0.194444,0.338889,-0.920514,56.620,81.225,126.424,3556.0
Josuep_9_puntos_intento_7.mp4,324,2700.000,True,150.000,165.000,0.000,185.000,104.000,0.194444,0.338889,-0.920514,56.225,81.855,126.764,3570.5
Josuep_9_puntos_intento_7.mp4,325,2708.333,True,150.000,165.000,0.000,185.000,104.000,0.194444,0.338889,-0.920514,56.574,80.953,126.536,3507.0
Josuep_9_puntos_intento_7.mp4,326,2716.667,True,150.000,165.000,0.000,184.000,104.000,0.188889,0.338889,-0.921670,56.555,80.469,125.899,3519.5
Josuep_9_puntos_intento_7.mp4,327,2725.000,True,150.000,165.000,0.000,181.000,104.000,0.172222,0.338889,-0.924929,56.938,80.582,125.114,3551.0
Josuep_9_puntos_intento_7.mp4,328,2733.333,True,150.000,165.000,0.000,180.000,104.000,0.166667,0.338889,-0.925946,57.261,80.673,125.672,3574.5
Josuep_9_puntos_intento_7.mp4,329,2741.667,True,150.000,165.000,0.000,180.000,104.000,0.166667,0.338889,-0.925946,56.793,80.848,124.383,3555.5
Josuep_9_puntos_intento_7.mp4,330,2750.000,True,150.000,165.000,0.000,180.000,104.000,0.166667,0.338889,-0.925946,57.054,80.870,125.704,3581.0
Josuep_9_puntos_intento_7.mp4,331,2758.333,True,150.000,165.000,0.000,180.000,104.000,0.166667,0.338889,-0.925946,56.424,80.914,125.469,3549.0
Josuep_9_puntos_intento_7.mp4,332,2766.667,True,150.000,165.000,0.000,181.000,104.000,0.172222,0.338889,-0.924929,57.047,80.872,125.315,3589.0
Josuep_9_puntos_intento_7.mp4,333,2775.000,True,150.000,165.000,0.000,180.000,104.000,0.166667,0.338889,-0.925946,56.658,80.539,126.373,3539.5
Josuep_9_puntos_intento_7.mp4,334,2783.333,True,150.000,165.000,0.000,181.000,104.000,0.172222,0.338889,-0.924929,56.899,81.054,126.084,3579.5
Josuep_9_puntos_intento_7.mp4,335,2791.667,True,150.000,165.000,0.000,181.000,104.000,0.172222,0.338889,-0.924929,56.750,80.801,125.381,3531.5
Josuep_9_puntos_intento_7.mp4,336,2800.000,True,150.000,165.000,0.000,181.000,104.000,0.172222,0.338889,-0.924929,56.943,81.560,125.895,3603.0
Josuep_9_puntos_intento_7.mp4,337,2808.333,True,150.000,165.000,0.000,181.000,104.000,0.172222,0.338889,-0.924929,57.037,80.892,127.301,3580.5
Josuep_9_puntos_intento_7.mp4,338,2816.667,True,150.000,165.000,0.000,181.000,104.000,0.172222,0.338889,-0.924929,57.203,81.834,125.971,3627.0
Josuep_9_puntos_intento_7.mp4,339,2825.000,True,150.000,165.000,0.000,181.000,104.000,0.172222,0.338889,-0.924929,56.789,81.729,126.810,3595.5
Josuep_9_puntos_intento_7.mp4,340,2833.333,True,150.000,165.000,0.000,181.000,104.000,0.172222,0.338889,-0.924929,56.541,81.722,126.073,3582.0
Josuep_9_puntos_intento_7.mp4,341,2841.667,True,150.000,165.000,0.000,181.000,104.000,0.172222,0.338889,-0.924929,57.060,80.836,125.678,3574.5
Josuep_9_puntos_intento_7.mp4,342,2850.000,True,150.000,165.000,0.000,181.000,104.000,0.172222,0.338889,-0.924929,56.950,80.982,125.676,3565.5
Josuep_9_puntos_intento_7.mp4,343,2858.333,True,150.000,165.000,0.000,181.000,104.000,0.172222,0.338889,-0.924929,57.051,81.270,126.420,3590.5
Josuep_9_puntos_intento_7.mp4,344,2866.667,True,150.000,165.000,0.000,181.000,104.000,0.172222,0.338889,-0.924929,57.026,81.901,124.992,3606.5
Josuep_9_puntos_intento_7.mp4,345,2875.000,True,150.000,165.000,0.000,181.000,104.000,0.172222,0.338889,-0.924929,57.181,81.502,125.434,3593.0
Josuep_9_puntos_intento_7.mp4,346,2883.333,True,150.000,165.000,0.000,181.000,104.000,0.172222,0.338889,-0.924929,57.384,82.174,125.455,3637.5
Josuep_9_puntos_intento_7.mp4,347,2891.667,True,150.000,165.000,0.000,181.000,104.000,0.172222,0.338889,-0.924929,56.889,82.083,127.370,3603.5
Josuep_9_puntos_intento_7.mp4,348,2900.000,True,150.000,165.000,0.000,181.000,104.000,0.172222,0.338889,-0.924929,56.613,82.944,125.866,3642.0
Josuep_9_puntos_intento_7.mp4,349,2908.333,True,150.000,165.000,0.000,180.000,105.000,0.166667,0.333333,-0.927961,57.719,82.151,126.136,3658.5
Josuep_9_puntos_intento_7.mp4,350,2916.667,True,150.000,165.000,0.000,179.000,105.000,0.161111,0.333333,-0.928941,58.035,81.967,127.139,3666.5
Josuep_9_puntos_intento_7.mp4,351,2925.000,True,150.000,165.000,0.000,178.000,105.000,0.155556,0.333333,-0.929888,57.972,81.968,127.359,3664.5
Josuep_9_puntos_intento_7.mp4,352,2933.333,True,150.000,165.000,0.000,175.000,105.000,0.138889,0.333333,-0.932523,58.058,82.604,126.397,3708.5
Josuep_9_puntos_intento_7.mp4,353,2941.667,True,150.000,165.000,0.000,175.000,105.000,0.138889,0.333333,-0.932523,58.456,82.891,126.998,3728.5
Josuep_9_puntos_intento_7.mp4,354,2950.000,True,150.000,165.000,0.000,174.000,104.000,0.133333,0.338889,-0.931331,57.868,83.213,129.548,3688.5
Josuep_9_puntos_intento_7.mp4,355,2958.333,True,150.000,165.000,0.000,173.000,104.000,0.127778,0.338889,-0.932109,57.711,82.714,129.460,3679.0
Josuep_9_puntos_intento_7.mp4,356,2966.667,True,150.000,165.000,0.000,173.000,104.000,0.127778,0.338889,-0.932109,57.677,83.498,127.864,3731.0
Josuep_9_puntos_intento_7.mp4,357,2975.000,True,150.000,165.000,0.000,172.000,103.000,0.122222,0.344444,-0.930817,57.410,83.276,126.774,3677.5
Josuep_9_puntos_intento_7.mp4,358,2983.333,True,150.000,165.000,0.000,172.000,104.000,0.122222,0.338889,-0.932854,58.381,81.785,125.975,3688.0
Josuep_9_puntos_intento_7.mp4,359,2991.667,True,150.000,165.000,0.000,172.000,105.000,0.122222,0.333333,-0.934853,58.870,77.400,121.539,3494.0
Josuep_9_puntos_intento_7.mp4,360,3000.000,True,150.000,165.000,0.000,173.000,106.000,0.127778,0.327778,-0.936074,59.570,73.644,116.186,3316.0
Josuep_9_puntos_intento_7.mp4,361,3008.333,True,150.000,165.000,0.000,174.000,107.000,0.133333,0.322222,-0.937227,57.509,69.058,110.296,3041.5
Josuep_9_puntos_intento_7.mp4,362,3016.667,True,150.000,165.000,0.000,175.000,108.000,0.138889,0.316667,-0.938313,55.954,68.358,98.807,2904.5
Josuep_9_puntos_intento_7.mp4,363,3025.000,True,150.000,165.000,0.000,175.000,109.000,0.138889,0.311111,-0.940170,55.283,68.079,96.734,2813.5
Josuep_9_puntos_intento_7.mp4,364,3033.333,True,150.000,165.000,0.000,175.000,109.000,0.138889,0.311111,-0.940170,54.939,67.997,96.426,2791.5
Josuep_9_puntos_intento_7.mp4,365,3041.667,True,150.000,165.000,0.000,176.000,109.000,0.144444,0.311111,-0.939333,54.453,67.779,93.490,2771.5
Josuep_9_puntos_intento_7.mp4,366,3050.000,True,150.000,165.000,0.000,175.000,108.000,0.138889,0.316667,-0.938313,56.494,69.516,98.881,2915.0
Josuep_9_puntos_intento_7.mp4,367,3058.333,True,150.000,173.000,0.000,175.000,107.000,0.138889,0.366667,-0.919927,57.676,71.567,105.301,3080.5
Josuep_9_puntos_intento_7.mp4,368,3066.667,True,150.000,173.000,0.000,175.000,106.000,0.138889,0.372222,-0.917693,59.338,73.527,110.308,3271.5
Josuep_9_puntos_intento_7.mp4,369,3075.000,True,150.000,173.000,0.000,175.000,105.000,0.138889,0.377778,-0.915420,59.938,75.172,117.574,3384.5
Josuep_9_puntos_intento_7.mp4,370,3083.333,True,150.000,173.000,0.000,175.000,105.000,0.138889,0.377778,-0.915420,61.480,78.157,119.881,3659.0
Josuep_9_puntos_intento_7.mp4,371,3091.667,True,150.000,173.000,0.000,175.000,104.000,0.138889,0.383333,-0.913108,61.251,79.870,121.851,3713.5
Josuep_9_puntos_intento_7.mp4,372,3100.000,True,150.000,173.000,0.000,175.000,104.000,0.138889,0.383333,-0.913108,60.655,82.415,123.670,3794.0
Josuep_9_puntos_intento_7.mp4,373,3108.333,True,150.000,173.000,0.000,175.000,103.000,0.138889,0.388889,-0.910755,59.854,84.165,123.980,3843.5
Josuep_9_puntos_intento_7.mp4,374,3116.667,True,150.000,173.000,0.000,175.000,103.000,0.138889,0.388889,-0.910755,60.252,84.400,125.330,3900.5
Josuep_9_puntos_intento_7.mp4,375,3125.000,True,150.000,173.000,0.000,176.000,103.000,0.144444,0.388889,-0.909891,59.693,85.140,124.924,3903.0
Josuep_9_puntos_intento_7.mp4,376,3133.333,True,150.000,173.000,0.000,176.000,103.000,0.144444,0.388889,-0.909891,59.813,84.689,123.567,3899.5
Josuep_9_puntos_intento_7.mp4,377,3141.667,True,150.000,173.000,0.000,176.000,103.000,0.144444,0.388889,-0.909891,59.374,83.940,125.469,3862.0
Josuep_9_puntos_intento_7.mp4,378,3150.000,True,150.000,173.000,0.000,177.000,104.000,0.150000,0.383333,-0.911348,59.288,84.178,126.329,3851.5
Josuep_9_puntos_intento_7.mp4,379,3158.333,True,150.000,173.000,0.000,177.000,103.000,0.150000,0.388889,-0.908991,60.162,85.371,123.917,3968.0
Josuep_9_puntos_intento_7.mp4,380,3166.667,True,150.000,173.000,0.000,177.000,103.000,0.150000,0.388889,-0.908991,60.018,85.750,124.805,3955.0
Josuep_9_puntos_intento_7.mp4,381,3175.000,True,150.000,173.000,0.000,177.000,103.000,0.150000,0.388889,-0.908991,60.040,85.368,124.628,3967.5
Josuep_9_puntos_intento_7.mp4,382,3183.333,True,150.000,173.000,0.000,177.000,104.000,0.150000,0.383333,-0.911348,60.215,85.534,124.877,3984.0
Josuep_9_puntos_intento_7.mp4,383,3191.667,True,150.000,173.000,0.000,177.000,103.000,0.150000,0.388889,-0.908991,59.609,84.616,126.030,3938.0
Josuep_9_puntos_intento_7.mp4,384,3200.000,True,150.000,173.000,0.000,178.000,104.000,0.155556,0.383333,-0.910416,59.726,84.600,124.975,3929.0
Josuep_9_puntos_intento_7.mp4,385,3208.333,True,150.000,173.000,0.000,178.000,104.000,0.155556,0.383333,-0.910416,59.614,84.626,124.911,3881.5
Josuep_9_puntos_intento_7.mp4,386,3216.667,True,150.000,173.000,0.000,178.000,104.000,0.155556,0.383333,-0.910416,59.747,84.542,124.813,3908.0
Josuep_9_puntos_intento_7.mp4,387,3225.000,True,150.000,173.000,0.000,178.000,104.000,0.155556,0.383333,-0.910416,59.316,84.698,125.040,3867.5
Josuep_9_puntos_intento_7.mp4,388,3233.333,True,150.000,173.000,0.000,179.000,104.000,0.161111,0.383333,-0.909450,58.980,83.183,126.391,3793.5
Josuep_9_puntos_intento_7.mp4,389,3241.667,True,150.000,173.000,0.000,179.000,104.000,0.161111,0.383333,-0.909450,58.775,82.988,125.293,3769.5
Josuep_9_puntos_intento_7.mp4,390,3250.000,True,150.000,173.000,0.000,179.000,104.000,0.161111,0.383333,-0.909450,58.736,83.716,123.901,3792.0
Josuep_9_puntos_intento_7.mp4,391,3258.333,True,150.000,173.000,0.000,179.000,104.000,0.161111,0.383333,-0.909450,59.165,84.136,124.129,3855.5
Josuep_9_puntos_intento_7.mp4,392,3266.667,True,150.000,173.000,0.000,179.000,104.000,0.161111,0.383333,-0.909450,58.774,85.334,123.125,3873.5
Josuep_9_puntos_intento_7.mp4,393,3275.000,True,150.000,173.000,0.000,180.000,104.000,0.166667,0.383333,-0.908448,59.023,84.595,125.376,3862.0
Josuep_9_puntos_intento_7.mp4,394,3283.333,True,150.000,173.000,0.000,180.000,104.000,0.166667,0.383333,-0.908448,58.087,83.493,125.303,3751.5
Josuep_9_puntos_intento_7.mp4,395,3291.667,True,150.000,173.000,0.000,180.000,104.000,0.166667,0.383333,-0.908448,57.684,82.745,125.251,3735.0
Josuep_9_puntos_intento_7.mp4,396,3300.000,True,150.000,173.000,0.000,181.000,104.000,0.172222,0.383333,-0.907411,58.104,83.293,125.284,3771.5
Josuep_9_puntos_intento_7.mp4,397,3308.333,True,150.000,173.000,0.000,181.000,104.000,0.172222,0.383333,-0.907411,57.981,84.835,126.325,3751.5
Josuep_9_puntos_intento_7.mp4,398,3316.667,True,150.000,173.000,0.000,181.000,104.000,0.172222,0.383333,-0.907411,58.412,84.292,125.552,3781.5
Josuep_9_puntos_intento_7.mp4,399,3325.000,True,150.000,173.000,0.000,181.000,104.000,0.172222,0.383333,-0.907411,58.256,85.306,125.225,3817.5
Josuep_9_puntos_intento_7.mp4,400,3333.333,True,150.000,173.000,0.000,181.000,104.000,0.172222,0.383333,-0.907411,57.925,82.345,125.271,3683.5
Josuep_9_puntos_intento_7.mp4,401,3341.667,True,150.000,173.000,0.000,181.000,104.000,0.172222,0.383333,-0.907411,57.545,82.918,125.037,3698.0
Josuep_9_puntos_intento_7.mp4,402,3350.000,True,150.000,173.000,0.000,181.000,104.000,0.172222,0.383333,-0.907411,57.856,83.309,126.148,3742.0
Josuep_9_puntos_intento_7.mp4,403,3358.333,True,150.000,173.000,0.000,182.000,105.000,0.177778,0.377778,-0.908669,57.982,82.829,126.914,3717.0
Josuep_9_puntos_intento_7.mp4,404,3366.667,True,150.000,173.000,0.000,182.000,105.000,0.177778,0.377778,-0.908669,58.238,84.300,125.289,3762.5
Josuep_9_puntos_intento_7.mp4,405,3375.000,True,150.000,173.000,0.000,181.000,105.000,0.172222,0.377778,-0.909738,58.426,83.381,127.642,3770.5
Josuep_9_puntos_intento_7.mp4,406,3383.333,True,150.000,173.000,0.000,181.000,105.000,0.172222,0.377778,-0.909738,57.977,83.366,125.964,3745.0
Josuep_9_puntos_intento_7.mp4,407,3391.667,True,150.000,173.000,0.000,182.000,105.000,0.177778,0.377778,-0.908669,57.992,83.319,127.069,3739.0
Josuep_9_puntos_intento_7.mp4,408,3400.000,True,150.000,173.000,0.000,182.000,105.000,0.177778,0.377778,-0.908669,58.013,83.968,126.265,3772.0
Josuep_9_puntos_intento_7.mp4,409,3408.333,True,150.000,173.000,0.000,181.000,105.000,0.172222,0.377778,-0.909738,58.203,83.681,126.355,3741.5
Josuep_9_puntos_intento_7.mp4,410,3416.667,True,150.000,173.000,0.000,182.000,105.000,0.177778,0.377778,-0.908669,58.664,84.245,125.688,3797.0
Josuep_9_puntos_intento_7.mp4,411,3425.000,True,150.000,173.000,0.000,182.000,105.000,0.177778,0.377778,-0.908669,57.856,83.902,126.131,3762.0
Josuep_9_puntos_intento_7.mp4,412,3433.333,True,150.000,173.000,0.000,182.000,105.000,0.177778,0.377778,-0.908669,57.924,84.483,125.184,3783.0
Josuep_9_puntos_intento_7.mp4,413,3441.667,True,150.000,173.000,0.000,182.000,105.000,0.177778,0.377778,-0.908669,58.078,84.152,127.872,3778.0
Josuep_9_puntos_intento_7.mp4,414,3450.000,True,150.000,173.000,0.000,182.000,105.000,0.177778,0.377778,-0.908669,58.220,84.294,126.257,3796.5
Josuep_9_puntos_intento_7.mp4,415,3458.333,True,150.000,173.000,0.000,182.000,105.000,0.177778,0.377778,-0.908669,57.954,83.608,126.842,3755.0
Josuep_9_puntos_intento_7.mp4,416,3466.667,True,150.000,173.000,0.000,181.000,105.000,0.172222,0.377778,-0.909738,58.375,84.146,126.253,3801.5
Josuep_9_puntos_intento_7.mp4,417,3475.000,True,150.000,173.000,0.000,181.000,105.000,0.172222,0.377778,-0.909738,58.118,84.138,125.672,3787.0
Josuep_9_puntos_intento_7.mp4,418,3483.333,True,150.000,173.000,0.000,181.000,105.000,0.172222,0.377778,-0.909738,57.643,83.533,127.780,3710.0
Josuep_9_puntos_intento_7.mp4,419,3491.667,True,150.000,173.000,0.000,181.000,104.000,0.172222,0.383333,-0.907411,57.463,83.152,126.440,3688.5
Josuep_9_puntos_intento_7.mp4,420,3500.000,True,150.000,173.000,0.000,182.000,105.000,0.177778,0.377778,-0.908669,57.812,83.379,126.292,3711.5
Josuep_9_puntos_intento_7.mp4,421,3508.333,True,150.000,173.000,0.000,182.000,104.000,0.177778,0.383333,-0.906339,57.643,83.687,127.046,3696.0
Josuep_9_puntos_intento_7.mp4,422,3516.667,True,150.000,173.000,0.000,182.000,104.000,0.177778,0.383333,-0.906339,57.748,83.208,126.769,3710.5
Josuep_9_puntos_intento_7.mp4,423,3525.000,True,150.000,173.000,0.000,182.000,104.000,0.177778,0.383333,-0.906339,57.883,83.548,127.568,3708.0
Josuep_9_puntos_intento_7.mp4,424,3533.333,True,150.000,173.000,0.000,182.000,104.000,0.177778,0.383333,-0.906339,57.412,83.324,127.581,3714.0
Josuep_9_puntos_intento_7.mp4,425,3541.667,True,150.000,173.000,0.000,182.000,104.000,0.177778,0.383333,-0.906339,57.314,82.941,128.420,3668.5
Josuep_9_puntos_intento_7.mp4,426,3550.000,True,150.000,173.000,0.000,182.000,104.000,0.177778,0.383333,-0.906339,57.766,83.869,126.470,3702.5
Josuep_9_puntos_intento_7.mp4,427,3558.333,True,150.000,173.000,0.000,182.000,104.000,0.177778,0.383333,-0.906339,57.020,83.015,126.917,3654.5
Josuep_9_puntos_intento_7.mp4,428,3566.667,True,150.000,173.000,0.000,182.000,104.000,0.177778,0.383333,-0.906339,57.208,83.269,127.450,3680.0
Josuep_9_puntos_intento_7.mp4,429,3575.000,True,150.000,173.000,0.000,182.000,104.000,0.177778,0.383333,-0.906339,57.165,82.825,127.789,3655.5
Josuep_9_puntos_intento_7.mp4,430,3583.333,True,150.000,173.000,0.000,182.000,104.000,0.177778,0.383333,-0.906339,57.357,83.158,127.655,3683.5
Josuep_9_puntos_intento_7.mp4,431,3591.667,True,150.000,173.000,0.000,182.000,104.000,0.177778,0.383333,-0.906339,57.253,82.833,128.159,3656.0
Josuep_9_puntos_intento_7.mp4,432,3600.000,True,150.000,173.000,0.000,181.000,104.000,0.172222,0.383333,-0.907411,57.117,82.677,127.482,3652.0
Josuep_9_puntos_intento_7.mp4,433,3608.333,True,150.000,173.000,0.000,181.000,104.000,0.172222,0.383333,-0.907411,56.546,82.196,127.608,3536.0
Josuep_9_puntos_intento_7.mp4,434,3616.667,True,150.000,173.000,0.000,182.000,104.000,0.177778,0.383333,-0.906339,56.572,82.495,127.748,3550.5
Josuep_9_puntos_intento_7.mp4,435,3625.000,True,150.000,173.000,0.000,182.000,105.000,0.177778,0.377778,-0.908669,56.375,81.747,127.564,3527.5
Josuep_9_puntos_intento_7.mp4,436,3633.333,True,150.000,173.000,0.000,181.000,104.000,0.172222,0.383333,-0.907411,56.464,82.568,128.989,3571.5
Josuep_9_puntos_intento_7.mp4,437,3641.667,True,150.000,173.000,0.000,181.000,104.000,0.172222,0.383333,-0.907411,56.348,81.563,127.982,3514.5
Josuep_9_puntos_intento_7.mp4,438,3650.000,True,150.000,173.000,0.000,181.000,104.000,0.172222,0.383333,-0.907411,56.571,81.683,128.412,3554.0
Josuep_9_puntos_intento_7.mp4,439,3658.333,True,150.000,173.000,0.000,182.000,104.000,0.177778,0.383333,-0.906339,56.539,80.762,128.153,3511.0
Josuep_9_puntos_intento_7.mp4,440,3666.667,True,150.000,173.000,0.000,181.000,104.000,0.172222,0.383333,-0.907411,56.693,81.384,127.707,3543.5
Josuep_9_puntos_intento_7.mp4,441,3675.000,True,150.000,173.000,0.000,181.000,104.000,0.172222,0.383333,-0.907411,56.233,81.369,127.052,3511.5
Josuep_9_puntos_intento_7.mp4,442,3683.333,True,150.000,173.000,0.000,181.000,104.000,0.172222,0.383333,-0.907411,56.392,81.081,127.845,3522.0
Josuep_9_puntos_intento_7.mp4,443,3691.667,True,150.000,173.000,0.000,181.000,104.000,0.172222,0.383333,-0.907411,55.943,81.566,127.263,3488.5
Josuep_9_puntos_intento_7.mp4,444,3700.000,True,150.000,173.000,0.000,181.000,104.000,0.172222,0.383333,-0.907411,56.195,80.953,127.556,3493.5
Josuep_9_puntos_intento_7.mp4,445,3708.333,True,150.000,173.000,0.000,182.000,104.000,0.177778,0.383333,-0.906339,55.916,80.660,128.246,3474.5
Josuep_9_puntos_intento_7.mp4,446,3716.667,True,150.000,173.000,0.000,181.000,104.000,0.172222,0.383333,-0.907411,55.561,79.992,127.361,3448.0
Josuep_9_puntos_intento_7.mp4,447,3725.000,True,150.000,173.000,0.000,181.000,104.000,0.172222,0.383333,-0.907411,55.381,80.517,127.478,3465.0
Josuep_9_puntos_intento_7.mp4,448,3733.333,True,150.000,173.000,0.000,182.000,104.000,0.177778,0.383333,-0.906339,55.649,81.200,126.268,3485.0
Josuep_9_puntos_intento_7.mp4,449,3741.667,True,150.000,173.000,0.000,182.000,104.000,0.177778,0.383333,-0.906339,55.553,79.941,127.958,3418.0
Josuep_9_puntos_intento_7.mp4,450,3750.000,True,150.000,173.000,0.000,182.000,104.000,0.177778,0.383333,-0.906339,55.447,80.184,128.780,3428.0
Josuep_9_puntos_intento_7.mp4,451,3758.333,True,150.000,173.000,0.000,182.000,104.000,0.177778,0.383333,-0.906339,55.392,79.649,128.754,3405.0
Josuep_9_puntos_intento_7.mp4,452,3766.667,True,150.000,173.000,0.000,182.000,104.000,0.177778,0.383333,-0.906339,55.785,80.220,127.108,3434.5
Josuep_9_puntos_intento_7.mp4,453,3775.000,True,150.000,173.000,0.000,182.000,104.000,0.177778,0.383333,-0.906339,55.431,79.713,128.157,3417.0
Josuep_9_puntos_intento_7.mp4,454,3783.333,True,150.000,173.000,0.000,182.000,104.000,0.177778,0.383333,-0.906339,55.948,79.837,127.793,3436.0
Josuep_9_puntos_intento_7.mp4,455,3791.667,True,150.000,173.000,0.000,182.000,104.000,0.177778,0.383333,-0.906339,55.302,79.114,127.638,3401.5
Josuep_9_puntos_intento_7.mp4,456,3800.000,True,150.000,173.000,0.000,182.000,104.000,0.177778,0.383333,-0.906339,55.657,79.828,128.022,3420.5
Josuep_9_puntos_intento_7.mp4,457,3808.333,True,150.000,173.000,0.000,182.000,104.000,0.177778,0.383333,-0.906339,55.435,79.561,126.162,3393.0
Josuep_9_puntos_intento_7.mp4,458,3816.667,True,150.000,173.000,0.000,182.000,104.000,0.177778,0.383333,-0.906339,55.582,79.511,126.737,3399.0
Josuep_9_puntos_intento_7.mp4,459,3825.000,True,150.000,173.000,0.000,182.000,104.000,0.177778,0.383333,-0.906339,55.027,79.686,126.913,3369.0
Josuep_9_puntos_intento_7.mp4,460,3833.333,True,150.000,173.000,0.000,182.000,104.000,0.177778,0.383333,-0.906339,55.061,79.166,126.308,3359.0
Josuep_9_puntos_intento_7.mp4,461,3841.667,True,150.000,173.000,0.000,182.000,104.000,0.177778,0.383333,-0.906339,54.987,79.538,126.810,3373.5
Josuep_9_puntos_intento_7.mp4,462,3850.000,True,150.000,173.000,0.000,182.000,104.000,0.177778,0.383333,-0.906339,55.655,80.342,126.804,3443.0
Josuep_9_puntos_intento_7.mp4,463,3858.333,True,150.000,173.000,0.000,182.000,104.000,0.177778,0.383333,-0.906339,55.238,79.556,127.099,3402.0
Josuep_9_puntos_intento_7.mp4,464,3866.667,True,150.000,173.000,0.000,182.000,104.000,0.177778,0.383333,-0.906339,55.357,80.105,126.915,3419.5
Josuep_9_puntos_intento_7.mp4,465,3875.000,True,150.000,173.000,0.000,182.000,104.000,0.177778,0.383333,-0.906339,54.818,79.235,126.374,3362.5
Josuep_9_puntos_intento_7.mp4,466,3883.333,True,150.000,173.000,0.000,182.000,105.000,0.177778,0.377778,-0.908669,55.421,79.727,127.124,3402.5
Josuep_9_puntos_intento_7.mp4,467,3891.667,True,150.000,173.000,0.000,182.000,104.000,0.177778,0.383333,-0.906339,55.266,79.077,126.722,3357.0
Josuep_9_puntos_intento_7.mp4,468,3900.000,True,150.000,173.000,0.000,182.000,104.000,0.177778,0.383333,-0.906339,55.305,78.784,127.052,3363.5
Josuep_9_puntos_intento_7.mp4,469,3908.333,True,150.000,173.000,0.000,181.000,104.000,0.172222,0.383333,-0.907411,55.181,78.810,125.650,3349.0
Josuep_9_puntos_intento_7.mp4,470,3916.667,True,150.000,173.000,0.000,181.000,104.000,0.172222,0.383333,-0.907411,55.168,79.292,125.106,3367.0
Josuep_9_puntos_intento_7.mp4,471,3925.000,True,150.000,173.000,0.000,181.000,104.000,0.172222,0.383333,-0.907411,55.026,79.165,125.389,3362.5
Josuep_9_puntos_intento_7.mp4,472,3933.333,True,150.000,173.000,0.000,181.000,104.000,0.172222,0.383333,-0.907411,54.946,78.881,125.962,3358.0
Josuep_9_puntos_intento_7.mp4,473,3941.667,True,150.000,173.000,0.000,181.000,104.000,0.172222,0.383333,-0.907411,55.116,78.810,125.966,3341.5
Josuep_9_puntos_intento_7.mp4,474,3950.000,True,150.000,173.000,0.000,181.000,104.000,0.172222,0.383333,-0.907411,55.053,79.265,126.650,3339.0
Josuep_9_puntos_intento_7.mp4,475,3958.333,True,150.000,173.000,0.000,181.000,104.000,0.172222,0.383333,-0.907411,55.009,79.329,124.290,3363.5
Josuep_9_puntos_intento_7.mp4,476,3966.667,True,150.000,173.000,0.000,181.000,104.000,0.172222,0.383333,-0.907411,55.306,79.323,126.658,3369.0
Josuep_9_puntos_intento_7.mp4,477,3975.000,True,150.000,173.000,0.000,181.000,104.000,0.172222,0.383333,-0.907411,54.412,78.763,125.728,3311.5
Josuep_9_puntos_intento_7.mp4,478,3983.333,True,150.000,173.000,0.000,181.000,104.000,0.172222,0.383333,-0.907411,54.563,78.737,125.111,3325.5
Josuep_9_puntos_intento_7.mp4,479,3991.667,True,150.000,173.000,0.000,181.000,104.000,0.172222,0.383333,-0.907411,54.640,78.300,126.086,3288.0
Josuep_9_puntos_intento_7.mp4,480,4000.000,True,150.000,173.000,0.000,181.000,104.000,0.172222,0.383333,-0.907411,54.263,78.385,127.408,3282.0
Josuep_9_puntos_intento_7.mp4,481,4008.333,True,150.000,173.000,0.000,181.000,104.000,0.172222,0.383333,-0.907411,54.839,78.783,124.608,3288.0
Josuep_9_puntos_intento_7.mp4,482,4016.667,True,150.000,173.000,0.000,181.000,104.000,0.172222,0.383333,-0.907411,54.857,78.450,124.803,3284.5
Josuep_9_puntos_intento_7.mp4,483,4025.000,True,150.000,173.000,0.000,182.000,104.000,0.177778,0.383333,-0.906339,54.454,78.051,126.112,3246.5
Josuep_9_puntos_intento_7.mp4,484,4033.333,True,150.000,173.000,0.000,182.000,104.000,0.177778,0.383333,-0.906339,54.448,78.812,125.558,3277.0
Josuep_9_puntos_intento_7.mp4,485,4041.667,True,150.000,173.000,0.000,181.000,104.000,0.172222,0.383333,-0.907411,54.388,78.435,125.695,3270.0
Josuep_9_puntos_intento_7.mp4,486,4050.000,True,150.000,173.000,0.000,181.000,104.000,0.172222,0.383333,-0.907411,54.111,78.580,126.033,3276.5
Josuep_9_puntos_intento_7.mp4,487,4058.333,True,150.000,173.000,0.000,182.000,104.000,0.177778,0.383333,-0.906339,54.351,77.554,125.817,3243.0
Josuep_9_puntos_intento_7.mp4,488,4066.667,True,150.000,173.000,0.000,181.000,104.000,0.172222,0.383333,-0.907411,54.321,78.280,125.007,3277.0
Josuep_9_puntos_intento_7.mp4,489,4075.000,True,150.000,173.000,0.000,182.000,104.000,0.177778,0.383333,-0.906339,54.053,77.539,125.617,3215.0
Josuep_9_puntos_intento_7.mp4,490,4083.333,True,150.000,173.000,0.000,182.000,104.000,0.177778,0.383333,-0.906339,54.234,78.256,125.749,3273.5
Josuep_9_puntos_intento_7.mp4,491,4091.667,True,150.000,173.000,0.000,182.000,104.000,0.177778,0.383333,-0.906339,54.197,77.229,125.330,3225.0
Josuep_9_puntos_intento_7.mp4,492,4100.000,True,150.000,173.000,0.000,181.000,104.000,0.172222,0.383333,-0.907411,54.323,77.553,125.960,3231.5
Josuep_9_puntos_intento_7.mp4,493,4108.333,True,150.000,173.000,0.000,181.000,104.000,0.172222,0.383333,-0.907411,54.691,77.827,124.860,3230.5
Josuep_9_puntos_intento_7.mp4,494,4116.667,True,150.000,173.000,0.000,181.000,104.000,0.172222,0.383333,-0.907411,54.731,78.531,124.712,3279.5
Josuep_9_puntos_intento_7.mp4,495,4125.000,True,150.000,173.000,0.000,181.000,104.000,0.172222,0.383333,-0.907411,54.704,77.600,125.131,3240.0
Josuep_9_puntos_intento_7.mp4,496,4133.333,True,150.000,173.000,0.000,181.000,104.000,0.172222,0.383333,-0.907411,54.690,78.290,124.642,3290.0
Josuep_9_puntos_intento_7.mp4,497,4141.667,True,150.000,173.000,0.000,181.000,104.000,0.172222,0.383333,-0.907411,54.018,78.296,124.829,3243.0
Josuep_9_puntos_intento_7.mp4,498,4150.000,True,150.000,173.000,0.000,180.000,104.000,0.166667,0.383333,-0.908448,54.535,77.942,125.616,3278.0
Josuep_9_puntos_intento_7.mp4,499,4158.333,True,150.000,173.000,0.000,181.000,104.000,0.172222,0.383333,-0.907411,54.379,77.568,124.902,3258.5
Josuep_9_puntos_intento_7.mp4,500,4166.667,True,150.000,173.000,0.000,180.000,104.000,0.166667,0.383333,-0.908448,54.471,78.296,125.660,3283.5
Josuep_9_puntos_intento_7.mp4,501,4175.000,True,150.000,173.000,0.000,180.000,104.000,0.166667,0.383333,-0.908448,54.508,78.238,124.903,3291.5
Josuep_9_puntos_intento_7.mp4,502,4183.333,True,150.000,173.000,0.000,181.000,104.000,0.172222,0.383333,-0.907411,54.828,78.259,125.221,3288.5
Josuep_9_puntos_intento_7.mp4,503,4191.667,True,150.000,173.000,0.000,180.000,104.000,0.166667,0.383333,-0.908448,54.487,78.184,125.730,3252.5
Josuep_9_puntos_intento_7.mp4,504,4200.000,True,150.000,173.000,0.000,180.000,104.000,0.166667,0.383333,-0.908448,54.524,77.960,126.327,3265.5
Josuep_9_puntos_intento_7.mp4,505,4208.333,True,150.000,173.000,0.000,181.000,104.000,0.172222,0.383333,-0.907411,55.150,77.027,125.865,3249.0
Josuep_9_puntos_intento_7.mp4,506,4216.667,True,150.000,173.000,0.000,181.000,103.000,0.172222,0.388889,-0.905044,53.807,77.990,124.203,3260.5
Josuep_9_puntos_intento_7.mp4,507,4225.000,True,150.000,173.000,0.000,181.000,103.000,0.172222,0.388889,-0.905044,54.542,77.083,125.042,3255.0
Josuep_9_puntos_intento_7.mp4,508,4233.333,True,150.000,173.000,0.000,181.000,104.000,0.172222,0.383333,-0.907411,54.408,78.327,124.062,3267.0
Josuep_9_puntos_intento_7.mp4,509,4241.667,True,150.000,173.000,0.000,181.000,104.000,0.172222,0.383333,-0.907411,54.692,77.108,125.541,3250.0
Josuep_9_puntos_intento_7.mp4,510,4250.000,True,150.000,173.000,0.000,181.000,103.000,0.172222,0.388889,-0.905044,54.604,77.113,125.126,3261.0
Josuep_9_puntos_intento_7.mp4,511,4258.333,True,150.000,173.000,0.000,182.000,104.000,0.177778,0.383333,-0.906339,54.364,77.521,124.856,3252.5
Josuep_9_puntos_intento_7.mp4,512,4266.667,True,150.000,173.000,0.000,181.000,104.000,0.172222,0.383333,-0.907411,54.956,77.947,125.275,3283.5
Josuep_9_puntos_intento_7.mp4,513,4275.000,True,150.000,173.000,0.000,181.000,104.000,0.172222,0.383333,-0.907411,55.168,77.594,124.425,3276.0
Josuep_9_puntos_intento_7.mp4,514,4283.333,True,150.000,173.000,0.000,181.000,104.000,0.172222,0.383333,-0.907411,55.120,77.805,125.526,3288.0
Josuep_9_puntos_intento_7.mp4,515,4291.667,True,150.000,173.000,0.000,179.000,104.000,0.161111,0.383333,-0.909450,55.256,78.027,124.663,3316.0
Josuep_9_puntos_intento_7.mp4,516,4300.000,True,150.000,173.000,0.000,173.000,104.000,0.127778,0.383333,-0.914729,55.977,78.755,121.786,3356.5
Josuep_9_puntos_intento_7.mp4,517,4308.333,True,150.000,173.000,0.000,167.000,105.000,0.094444,0.377778,-0.921067,55.757,76.653,126.454,3254.0
Josuep_9_puntos_intento_7.mp4,518,4316.667,True,150.000,173.000,0.000,161.000,104.000,0.061111,0.383333,-0.921586,55.254,75.767,126.457,3167.0
Josuep_9_puntos_intento_7.mp4,519,4325.000,True,150.000,173.000,0.000,155.000,104.000,0.027778,0.383333,-0.923192,54.424,75.754,124.853,3128.5
Josuep_9_puntos_intento_7.mp4,520,4333.333,True,150.000,173.000,0.000,152.000,104.000,0.011111,0.383333,-0.923543,53.908,75.896,122.575,3069.0
Josuep_9_puntos_intento_7.mp4,521,4341.667,True,150.000,173.000,0.000,152.000,104.000,0.011111,0.383333,-0.923543,53.878,75.364,124.395,3020.0
Josuep_9_puntos_intento_7.mp4,522,4350.000,True,150.000,173.000,0.000,152.000,105.000,0.011111,0.377778,-0.925830,54.170,75.464,125.700,3073.5
Josuep_9_puntos_intento_7.mp4,523,4358.333,True,150.000,173.000,0.000,152.000,104.000,0.011111,0.383333,-0.923543,54.513,75.435,125.627,3068.0
Josuep_9_puntos_intento_7.mp4,524,4366.667,True,150.000,173.000,0.000,152.000,104.000,0.011111,0.383333,-0.923543,54.319,76.903,123.358,3087.0
Josuep_9_puntos_intento_7.mp4,525,4375.000,True,150.000,173.000,0.000,152.000,104.000,0.011111,0.383333,-0.923543,54.570,75.784,124.103,3053.0
Josuep_9_puntos_intento_7.mp4,526,4383.333,True,150.000,173.000,0.000,152.000,104.000,0.011111,0.383333,-0.923543,54.052,75.483,125.523,3095.0
Josuep_9_puntos_intento_7.mp4,527,4391.667,True,150.000,173.000,0.000,153.000,104.000,0.016667,0.383333,-0.923460,53.353,76.331,124.274,3053.0
Josuep_9_puntos_intento_7.mp4,528,4400.000,True,150.000,173.000,0.000,153.000,104.000,0.016667,0.383333,-0.923460,53.734,77.093,125.523,3119.0
Josuep_9_puntos_intento_7.mp4,529,4408.333,True,150.000,173.000,0.000,153.000,104.000,0.016667,0.383333,-0.923460,54.627,76.742,124.321,3152.0
Josuep_9_puntos_intento_7.mp4,530,4416.667,True,150.000,173.000,0.000,153.000,104.000,0.016667,0.383333,-0.923460,54.420,76.628,123.167,3104.0
Josuep_9_puntos_intento_7.mp4,531,4425.000,True,150.000,173.000,0.000,153.000,104.000,0.016667,0.383333,-0.923460,54.803,77.125,123.181,3115.0
Josuep_9_puntos_intento_7.mp4,532,4433.333,True,150.000,173.000,0.000,154.000,104.000,0.022222,0.383333,-0.923343,54.878,77.382,122.525,3146.0
Josuep_9_puntos_intento_7.mp4,533,4441.667,True,150.000,173.000,0.000,154.000,104.000,0.022222,0.383333,-0.923343,55.004,76.699,122.161,3118.0
Josuep_9_puntos_intento_7.mp4,534,4450.000,True,150.000,173.000,0.000,154.000,103.000,0.022222,0.388889,-0.921017,54.538,77.956,123.785,3175.0
Josuep_9_puntos_intento_7.mp4,535,4458.333,True,150.000,173.000,0.000,154.000,104.000,0.022222,0.383333,-0.923343,54.841,76.717,123.745,3129.5
Josuep_9_puntos_intento_7.mp4,536,4466.667,True,150.000,173.000,0.000,154.000,104.000,0.022222,0.383333,-0.923343,55.644,77.175,122.550,3157.5
Josuep_9_puntos_intento_7.mp4,537,4475.000,True,150.000,173.000,0.000,154.000,104.000,0.022222,0.383333,-0.923343,54.358,77.577,124.077,3130.5
Josuep_9_puntos_intento_7.mp4,538,4483.333,True,150.000,173.000,0.000,154.000,104.000,0.022222,0.383333,-0.923343,54.673,78.586,122.657,3169.5
Josuep_9_puntos_intento_7.mp4,539,4491.667,True,150.000,173.000,0.000,152.000,104.000,0.011111,0.383333,-0.923543,55.561,77.695,121.114,3208.0
Josuep_9_puntos_intento_7.mp4,540,4500.000,True,150.000,173.000,0.000,148.000,105.000,-0.011111,0.377778,-0.925830,56.393,76.266,122.431,3180.0
Josuep_9_puntos_intento_7.mp4,541,4508.333,True,150.000,173.000,0.000,143.000,107.000,-0.038889,0.366667,-0.929539,61.812,75.936,128.472,3328.5
Josuep_9_puntos_intento_7.mp4,542,4516.667,True,150.000,173.000,0.000,141.000,107.000,-0.050000,0.366667,-0.929008,60.183,76.646,128.661,3421.0
Josuep_9_puntos_intento_7.mp4,543,4525.000,True,150.000,173.000,0.000,141.000,108.000,-0.050000,0.361111,-0.931181,61.078,75.903,127.181,3364.5
Josuep_9_puntos_intento_7.mp4,544,4533.333,True,150.000,173.000,0.000,141.000,108.000,-0.050000,0.361111,-0.931181,62.223,77.434,123.655,3555.5
Josuep_9_puntos_intento_7.mp4,545,4541.667,True,150.000,173.000,0.000,140.000,109.000,-0.055556,0.355556,-0.933003,63.118,76.934,124.215,3584.5
Josuep_9_puntos_intento_7.mp4,546,4550.000,True,150.000,173.000,0.000,140.000,109.000,-0.055556,0.355556,-0.933003,62.945,77.592,122.321,3555.0
Josuep_9_puntos_intento_7.mp4,547,4558.333,True,150.000,173.000,0.000,140.000,109.000,-0.055556,0.355556,-0.933003,63.020,77.378,121.633,3596.0
Josuep_9_puntos_intento_7.mp4,548,4566.667,True,150.000,173.000,0.000,140.000,109.000,-0.055556,0.355556,-0.933003,63.066,77.389,121.895,3594.0
Josuep_9_puntos_intento_7.mp4,549,4575.000,True,150.000,173.000,0.000,140.000,109.000,-0.055556,0.355556,-0.933003,64.081,77.369,122.985,3568.5
Josuep_9_puntos_intento_7.mp4,550,4583.333,True,150.000,173.000,0.000,140.000,109.000,-0.055556,0.355556,-0.933003,64.156,77.183,122.735,3606.5
Josuep_9_puntos_intento_7.mp4,551,4591.667,True,150.000,173.000,0.000,141.000,108.000,-0.050000,0.361111,-0.931181,63.859,76.409,124.723,3567.5
Josuep_9_puntos_intento_7.mp4,552,4600.000,True,150.000,173.000,0.000,141.000,108.000,-0.050000,0.361111,-0.931181,63.897,77.527,122.558,3593.5
Josuep_9_puntos_intento_7.mp4,553,4608.333,True,150.000,173.000,0.000,142.000,108.000,-0.044444,0.361111,-0.931463,63.087,76.133,124.471,3575.5
Josuep_9_puntos_intento_7.mp4,554,4616.667,True,150.000,173.000,0.000,142.000,107.000,-0.044444,0.366667,-0.929290,61.987,77.271,125.092,3576.5
Josuep_9_puntos_intento_7.mp4,555,4625.000,True,150.000,173.000,0.000,142.000,107.000,-0.044444,0.366667,-0.929290,60.912,77.704,123.508,3568.0
Josuep_9_puntos_intento_7.mp4,556,4633.333,True,150.000,173.000,0.000,142.000,107.000,-0.044444,0.366667,-0.929290,61.349,78.206,122.205,3589.0
Josuep_9_puntos_intento_7.mp4,557,4641.667,True,150.000,173.000,0.000,142.000,107.000,-0.044444,0.366667,-0.929290,61.385,77.907,121.238,3511.5
Josuep_9_puntos_intento_7.mp4,558,4650.000,True,150.000,173.000,0.000,142.000,107.000,-0.044444,0.366667,-0.929290,62.689,78.350,119.831,3567.0
Josuep_9_puntos_intento_7.mp4,559,4658.333,True,150.000,173.000,0.000,142.000,107.000,-0.044444,0.366667,-0.929290,59.927,78.842,120.848,3487.5
Josuep_9_puntos_intento_7.mp4,560,4666.667,True,150.000,173.000,0.000,142.000,107.000,-0.044444,0.366667,-0.929290,62.549,77.775,121.872,3543.0
Josuep_9_puntos_intento_7.mp4,561,4675.000,True,150.000,173.000,0.000,142.000,106.000,-0.044444,0.372222,-0.927079,61.324,77.870,119.932,3514.0
Josuep_9_puntos_intento_7.mp4,562,4683.333,True,150.000,173.000,0.000,142.000,107.000,-0.044444,0.366667,-0.929290,62.548,76.778,118.959,3520.0
Josuep_9_puntos_intento_7.mp4,563,4691.667,True,150.000,173.000,0.000,142.000,107.000,-0.044444,0.366667,-0.929290,61.659,76.615,122.007,3516.5
Josuep_9_puntos_intento_7.mp4,564,4700.000,True,150.000,173.000,0.000,142.000,107.000,-0.044444,0.366667,-0.929290,61.251,76.835,118.701,3526.0
Josuep_9_puntos_intento_7.mp4,565,4708.333,True,150.000,173.000,0.000,142.000,107.000,-0.044444,0.366667,-0.929290,63.397,77.767,120.595,3696.5
Josuep_9_puntos_intento_7.mp4,566,4716.667,True,150.000,173.000,0.000,141.000,108.000,-0.050000,0.361111,-0.931181,63.827,78.011,119.141,3723.0
Josuep_9_puntos_intento_7.mp4,567,4725.000,True,150.000,173.000,0.000,141.000,108.000,-0.050000,0.361111,-0.931181,64.280,77.657,121.006,3693.5
Josuep_9_puntos_intento_7.mp4,568,4733.333,True,150.000,173.000,0.000,141.000,108.000,-0.050000,0.361111,-0.931181,63.835,77.937,120.994,3721.0
Josuep_9_puntos_intento_7.mp4,569,4741.667,True,150.000,173.000,0.000,142.000,108.000,-0.044444,0.361111,-0.931463,63.575,78.661,122.909,3697.0
Josuep_9_puntos_intento_7.mp4,570,4750.000,True,150.000,173.000,0.000,142.000,108.000,-0.044444,0.361111,-0.931463,63.309,78.559,120.913,3693.0
Josuep_9_puntos_intento_7.mp4,571,4758.333,True,150.000,173.000,0.000,142.000,108.000,-0.044444,0.361111,-0.931463,63.455,78.368,117.759,3702.5
Josuep_9_puntos_intento_7.mp4,572,4766.667,True,150.000,173.000,0.000,142.000,108.000,-0.044444,0.361111,-0.931463,62.336,79.207,118.615,3673.0
Josuep_9_puntos_intento_7.mp4,573,4775.000,True,150.000,173.000,0.000,141.000,108.000,-0.050000,0.361111,-0.931181,64.459,78.857,120.367,3726.0
Josuep_9_puntos_intento_7.mp4,574,4783.333,True,150.000,173.000,0.000,142.000,108.000,-0.044444,0.361111,-0.931463,63.648,78.739,117.063,3738.5
Josuep_9_puntos_intento_7.mp4,575,4791.667,True,150.000,173.000,0.000,142.000,108.000,-0.044444,0.361111,-0.931463,63.196,78.868,117.166,3739.0
Josuep_9_puntos_intento_7.mp4,576,4800.000,True,150.000,173.000,0.000,142.000,108.000,-0.044444,0.361111,-0.931463,63.621,78.802,118.026,3726.0
Josuep_9_puntos_intento_7.mp4,577,4808.333,True,150.000,173.000,0.000,142.000,108.000,-0.044444,0.361111,-0.931463,63.428,78.929,116.859,3710.5
Josuep_9_puntos_intento_7.mp4,578,4816.667,True,150.000,173.000,0.000,142.000,108.000,-0.044444,0.361111,-0.931463,63.225,79.232,116.755,3725.5
Josuep_9_puntos_intento_7.mp4,579,4825.000,True,150.000,173.000,0.000,142.000,108.000,-0.044444,0.361111,-0.931463,63.656,79.671,116.208,3763.0
Josuep_9_puntos_intento_7.mp4,580,4833.333,True,150.000,173.000,0.000,142.000,108.000,-0.044444,0.361111,-0.931463,62.966,79.190,116.120,3753.5
Josuep_9_puntos_intento_7.mp4,581,4841.667,True,150.000,173.000,0.000,142.000,108.000,-0.044444,0.361111,-0.931463,62.631,79.186,115.929,3689.5
Josuep_9_puntos_intento_7.mp4,582,4850.000,True,150.000,173.000,0.000,142.000,108.000,-0.044444,0.361111,-0.931463,63.667,78.431,116.743,3718.0
Josuep_9_puntos_intento_7.mp4,583,4858.333,True,150.000,173.000,0.000,142.000,108.000,-0.044444,0.361111,-0.931463,63.252,78.335,118.279,3707.5
Josuep_9_puntos_intento_7.mp4,584,4866.667,True,150.000,173.000,0.000,142.000,108.000,-0.044444,0.361111,-0.931463,63.523,78.502,116.009,3692.0
Josuep_9_puntos_intento_7.mp4,585,4875.000,True,150.000,173.000,0.000,142.000,108.000,-0.044444,0.361111,-0.931463,64.007,78.058,118.712,3722.5
Josuep_9_puntos_intento_7.mp4,586,4883.333,True,150.000,173.000,0.000,141.000,108.000,-0.050000,0.361111,-0.931181,64.206,78.254,116.396,3727.5
Josuep_9_puntos_intento_7.mp4,587,4891.667,True,150.000,173.000,0.000,141.000,108.000,-0.050000,0.361111,-0.931181,63.385,78.537,118.474,3690.0
Josuep_9_puntos_intento_7.mp4,588,4900.000,True,150.000,173.000,0.000,141.000,108.000,-0.050000,0.361111,-0.931181,62.990,79.842,115.818,3743.5
Josuep_9_puntos_intento_7.mp4,589,4908.333,True,150.000,173.000,0.000,141.000,108.000,-0.050000,0.361111,-0.931181,65.796,77.449,117.950,3707.5
Josuep_9_puntos_intento_7.mp4,590,4916.667,True,150.000,173.000,0.000,141.000,108.000,-0.050000,0.361111,-0.931181,65.464,78.119,115.130,3768.5
Josuep_9_puntos_intento_7.mp4,591,4925.000,True,150.000,173.000,0.000,141.000,107.000,-0.050000,0.366667,-0.929008,63.928,77.962,115.259,3714.5
Josuep_9_puntos_intento_7.mp4,592,4933.333,True,150.000,173.000,0.000,141.000,107.000,-0.050000,0.366667,-0.929008,62.886,79.004,118.375,3738.5
Josuep_9_puntos_intento_7.mp4,593,4941.667,True,150.000,173.000,0.000,141.000,107.000,-0.050000,0.366667,-0.929008,63.247,78.471,117.530,3730.5
Josuep_9_puntos_intento_7.mp4,594,4950.000,True,150.000,173.000,0.000,140.000,107.000,-0.055556,0.366667,-0.928692,63.668,79.308,114.908,3787.5
Josuep_9_puntos_intento_7.mp4,595,4958.333,True,150.000,173.000,0.000,140.000,107.000,-0.055556,0.366667,-0.928692,63.956,78.853,115.766,3730.0
Josuep_9_puntos_intento_7.mp4,596,4966.667,True,150.000,173.000,0.000,140.000,107.000,-0.055556,0.366667,-0.928692,63.713,78.456,114.011,3747.5
Josuep_9_puntos_intento_7.mp4,597,4975.000,True,150.000,173.000,0.000,141.000,107.000,-0.050000,0.366667,-0.929008,63.718,78.512,115.680,3703.5
Josuep_9_puntos_intento_7.mp4,598,4983.333,True,150.000,173.000,0.000,141.000,107.000,-0.050000,0.366667,-0.929008,62.494,78.417,115.584,3729.0
Josuep_9_puntos_intento_7.mp4,599,4991.667,True,150.000,173.000,0.000,141.000,108.000,-0.050000,0.361111,-0.931181,64.843,77.819,115.737,3745.0
Josuep_9_puntos_intento_7.mp4,600,5000.000,True,150.000,173.000,0.000,141.000,108.000,-0.050000,0.361111,-0.931181,63.599,77.866,117.432,3741.5
Josuep_9_puntos_intento_7.mp4,601,5008.333,True,150.000,173.000,0.000,140.000,109.000,-0.055556,0.355556,-0.933003,66.055,78.450,114.818,3816.0
Josuep_9_puntos_intento_7.mp4,602,5016.667,True,150.000,173.000,0.000,140.000,108.000,-0.055556,0.361111,-0.930866,65.363,78.684,112.936,3829.5
Josuep_9_puntos_intento_7.mp4,603,5025.000,True,150.000,173.000,0.000,140.000,109.000,-0.055556,0.355556,-0.933003,65.584,78.033,118.627,3804.5
Josuep_9_puntos_intento_7.mp4,604,5033.333,True,150.000,173.000,0.000,140.000,109.000,-0.055556,0.355556,-0.933003,65.995,78.463,114.009,3876.0
Josuep_9_puntos_intento_7.mp4,605,5041.667,True,150.000,173.000,0.000,141.000,109.000,-0.050000,0.355556,-0.933317,65.434,77.973,115.088,3854.0
Josuep_9_puntos_intento_7.mp4,606,5050.000,True,150.000,173.000,0.000,140.000,109.000,-0.055556,0.355556,-0.933003,65.526,78.341,114.341,3878.0
Josuep_9_puntos_intento_7.mp4,607,5058.333,True,150.000,173.000,0.000,140.000,109.000,-0.055556,0.355556,-0.933003,65.872,78.421,114.619,3861.0
Josuep_9_puntos_intento_7.mp4,608,5066.667,True,150.000,173.000,0.000,140.000,109.000,-0.055556,0.355556,-0.933003,65.591,78.807,112.052,3888.5
Josuep_9_puntos_intento_7.mp4,609,5075.000,True,150.000,173.000,0.000,140.000,109.000,-0.055556,0.355556,-0.933003,66.413,78.549,112.591,3907.0
Josuep_9_puntos_intento_7.mp4,610,5083.333,True,150.000,173.000,0.000,140.000,109.000,-0.055556,0.355556,-0.933003,66.007,79.194,114.069,3928.5
Josuep_9_puntos_intento_7.mp4,611,5091.667,True,150.000,173.000,0.000,140.000,110.000,-0.055556,0.350000,-0.935101,65.777,79.187,112.742,3942.5
Josuep_9_puntos_intento_7.mp4,612,5100.000,True,150.000,173.000,0.000,140.000,110.000,-0.055556,0.350000,-0.935101,66.343,78.604,113.331,3925.0
Josuep_9_puntos_intento_7.mp4,613,5108.333,True,150.000,173.000,0.000,139.000,110.000,-0.061111,0.350000,-0.934754,66.857,79.219,108.737,3954.5
Josuep_9_puntos_intento_7.mp4,614,5116.667,True,150.000,173.000,0.000,140.000,110.000,-0.055556,0.350000,-0.935101,67.111,78.873,109.089,3968.5
Josuep_9_puntos_intento_7.mp4,615,5125.000,True,150.000,173.000,0.000,140.000,110.000,-0.055556,0.350000,-0.935101,66.198,79.009,110.220,3954.5
Josuep_9_puntos_intento_7.mp4,616,5133.333,True,150.000,173.000,0.000,139.000,110.000,-0.061111,0.350000,-0.934754,66.971,78.707,108.120,3943.0
Josuep_9_puntos_intento_7.mp4,617,5141.667,True,150.000,173.000,0.000,140.000,110.000,-0.055556,0.350000,-0.935101,66.362,78.665,107.787,3897.0
Josuep_9_puntos_intento_7.mp4,618,5150.000,True,150.000,173.000,0.000,139.000,110.000,-0.061111,0.350000,-0.934754,66.510,79.205,107.669,3969.5
Josuep_9_puntos_intento_7.mp4,619,5158.333,True,150.000,173.000,0.000,140.000,110.000,-0.055556,0.350000,-0.935101,65.681,79.021,115.464,3903.0
Josuep_9_puntos_intento_7.mp4,620,5166.667,True,150.000,173.000,0.000,140.000,110.000,-0.055556,0.350000,-0.935101,66.165,78.638,113.858,3929.5
Josuep_9_puntos_intento_7.mp4,621,5175.000,True,150.000,173.000,0.000,140.000,110.000,-0.055556,0.350000,-0.935101,65.900,79.053,113.105,3924.0
Josuep_9_puntos_intento_7.mp4,622,5183.333,True,150.000,173.000,0.000,139.000,110.000,-0.061111,0.350000,-0.934754,66.076,78.925,111.949,3945.0
Josuep_9_puntos_intento_7.mp4,623,5191.667,True,150.000,173.000,0.000,139.000,110.000,-0.061111,0.350000,-0.934754,66.048,78.923,110.562,3883.0
Josuep_9_puntos_intento_7.mp4,624,5200.000,True,150.000,173.000,0.000,140.000,110.000,-0.055556,0.350000,-0.935101,66.320,79.309,110.038,3949.5
Josuep_9_puntos_intento_7.mp4,625,5208.333,True,150.000,173.000,0.000,139.000,110.000,-0.061111,0.350000,-0.934754,66.463,79.054,111.237,3928.0
Josuep_9_puntos_intento_7.mp4,626,5216.667,True,150.000,173.000,0.000,140.000,110.000,-0.055556,0.350000,-0.935101,67.062,78.523,111.629,3951.0
Josuep_9_puntos_intento_7.mp4,627,5225.000,True,150.000,173.000,0.000,139.000,110.000,-0.061111,0.350000,-0.934754,66.758,79.217,108.929,3950.0
Josuep_9_puntos_intento_7.mp4,628,5233.333,True,150.000,173.000,0.000,140.000,110.000,-0.055556,0.350000,-0.935101,66.408,78.440,107.894,3921.0
Josuep_9_puntos_intento_7.mp4,629,5241.667,True,150.000,173.000,0.000,140.000,109.000,-0.055556,0.355556,-0.933003,66.352,79.225,108.807,3946.0
Josuep_9_puntos_intento_7.mp4,630,5250.000,True,150.000,173.000,0.000,140.000,110.000,-0.055556,0.350000,-0.935101,66.719,78.972,112.541,3963.5
Josuep_9_puntos_intento_7.mp4,631,5258.333,True,150.000,173.000,0.000,140.000,109.000,-0.055556,0.355556,-0.933003,66.867,80.419,111.614,4050.0
Josuep_9_puntos_intento_7.mp4,632,5266.667,True,150.000,173.000,0.000,140.000,109.000,-0.055556,0.355556,-0.933003,66.934,80.316,110.047,4032.5
Josuep_9_puntos_intento_7.mp4,633,5275.000,True,150.000,173.000,0.000,140.000,109.000,-0.055556,0.355556,-0.933003,67.112,80.262,111.170,4043.5
Josuep_9_puntos_intento_7.mp4,634,5283.333,True,150.000,173.000,0.000,140.000,109.000,-0.055556,0.355556,-0.933003,67.508,79.992,108.887,4067.0
Josuep_9_puntos_intento_7.mp4,635,5291.667,True,150.000,173.000,0.000,140.000,109.000,-0.055556,0.355556,-0.933003,67.211,79.858,109.627,4047.0
Josuep_9_puntos_intento_7.mp4,636,5300.000,True,150.000,173.000,0.000,140.000,109.000,-0.055556,0.355556,-0.933003,67.315,79.883,108.951,4044.5
Josuep_9_puntos_intento_7.mp4,637,5308.333,True,150.000,173.000,0.000,140.000,109.000,-0.055556,0.355556,-0.933003,66.852,79.498,107.631,4033.0
Josuep_9_puntos_intento_7.mp4,638,5316.667,True,150.000,173.000,0.000,140.000,109.000,-0.055556,0.355556,-0.933003,67.161,79.668,107.198,4013.5
Josuep_9_puntos_intento_7.mp4,639,5325.000,True,150.000,173.000,0.000,140.000,109.000,-0.055556,0.355556,-0.933003,67.262,79.832,106.451,4051.0
Josuep_9_puntos_intento_7.mp4,640,5333.333,True,150.000,173.000,0.000,140.000,109.000,-0.055556,0.355556,-0.933003,67.808,80.001,108.255,4086.0
Josuep_9_puntos_intento_7.mp4,641,5341.667,True,150.000,173.000,0.000,140.000,109.000,-0.055556,0.355556,-0.933003,67.450,79.693,107.513,4061.0
Josuep_9_puntos_intento_7.mp4,642,5350.000,True,150.000,173.000,0.000,140.000,109.000,-0.055556,0.355556,-0.933003,67.341,79.629,108.391,4056.0
Josuep_9_puntos_intento_7.mp4,643,5358.333,True,150.000,173.000,0.000,140.000,109.000,-0.055556,0.355556,-0.933003,66.622,80.012,107.169,4049.5
Josuep_9_puntos_intento_7.mp4,644,5366.667,True,150.000,173.000,0.000,140.000,110.000,-0.055556,0.350000,-0.935101,67.055,79.920,109.657,4056.5
Josuep_9_puntos_intento_7.mp4,645,5375.000,True,150.000,173.000,0.000,141.000,109.000,-0.050000,0.355556,-0.933317,66.539,79.613,111.249,4026.5
Josuep_9_puntos_intento_7.mp4,646,5383.333,True,150.000,173.000,0.000,140.000,110.000,-0.055556,0.350000,-0.935101,66.737,79.905,110.205,4035.0
Josuep_9_puntos_intento_7.mp4,647,5391.667,True,150.000,173.000,0.000,140.000,110.000,-0.055556,0.350000,-0.935101,66.241,80.207,109.832,4005.5
Josuep_9_puntos_intento_7.mp4,648,5400.000,True,150.000,173.000,0.000,140.000,110.000,-0.055556,0.350000,-0.935101,66.354,79.906,108.714,4053.5
Josuep_9_puntos_intento_7.mp4,649,5408.333,True,150.000,173.000,0.000,140.000,109.000,-0.055556,0.355556,-0.933003,66.765,79.910,105.860,4045.5
Josuep_9_puntos_intento_7.mp4,650,5416.667,True,150.000,173.000,0.000,140.000,109.000,-0.055556,0.355556,-0.933003,66.837,80.013,105.617,4041.0
Josuep_9_puntos_intento_7.mp4,651,5425.000,True,150.000,173.000,0.000,140.000,109.000,-0.055556,0.355556,-0.933003,66.675,79.655,107.553,4016.5
Josuep_9_puntos_intento_7.mp4,652,5433.333,True,150.000,173.000,0.000,140.000,109.000,-0.055556,0.355556,-0.933003,66.722,80.125,105.592,4019.5
Josuep_9_puntos_intento_7.mp4,653,5441.667,True,150.000,173.000,0.000,141.000,110.000,-0.050000,0.350000,-0.935414,66.732,80.021,108.134,4044.0
Josuep_9_puntos_intento_7.mp4,654,5450.000,True,150.000,173.000,0.000,141.000,109.000,-0.050000,0.355556,-0.933317,66.771,80.273,106.674,4058.5
Josuep_9_puntos_intento_7.mp4,655,5458.333,True,150.000,173.000,0.000,141.000,109.000,-0.050000,0.355556,-0.933317,66.806,80.546,108.637,4081.0
Josuep_9_puntos_intento_7.mp4,656,5466.667,True,150.000,173.000,0.000,141.000,109.000,-0.050000,0.355556,-0.933317,66.037,80.829,107.105,4076.0
Josuep_9_puntos_intento_7.mp4,657,5475.000,True,150.000,173.000,0.000,141.000,109.000,-0.050000,0.355556,-0.933317,66.545,80.920,107.929,4065.0
Josuep_9_puntos_intento_7.mp4,658,5483.333,True,150.000,173.000,0.000,141.000,110.000,-0.050000,0.350000,-0.935414,67.123,80.605,107.684,4081.5
Josuep_9_puntos_intento_7.mp4,659,5491.667,True,150.000,173.000,0.000,141.000,110.000,-0.050000,0.350000,-0.935414,67.121,79.874,110.418,4049.0
Josuep_9_puntos_intento_7.mp4,660,5500.000,True,150.000,173.000,0.000,141.000,109.000,-0.050000,0.355556,-0.933317,66.685,80.640,109.738,4076.0
Josuep_9_puntos_intento_7.mp4,661,5508.333,True,150.000,173.000,0.000,141.000,109.000,-0.050000,0.355556,-0.933317,66.667,80.546,106.522,4047.0
Josuep_9_puntos_intento_7.mp4,662,5516.667,True,150.000,173.000,0.000,141.000,109.000,-0.050000,0.355556,-0.933317,67.204,79.957,107.141,4079.0
Josuep_9_puntos_intento_7.mp4,663,5525.000,True,150.000,173.000,0.000,141.000,109.000,-0.050000,0.355556,-0.933317,67.032,80.608,106.835,4099.5
Josuep_9_puntos_intento_7.mp4,664,5533.333,True,150.000,173.000,0.000,141.000,109.000,-0.050000,0.355556,-0.933317,67.204,80.523,105.980,4084.5
Josuep_9_puntos_intento_7.mp4,665,5541.667,True,150.000,173.000,0.000,140.000,109.000,-0.055556,0.355556,-0.933003,67.465,79.211,106.224,4048.0
Josuep_9_puntos_intento_7.mp4,666,5550.000,True,150.000,173.000,0.000,141.000,109.000,-0.050000,0.355556,-0.933317,67.380,79.744,107.275,4085.5
Josuep_9_puntos_intento_7.mp4,667,5558.333,True,150.000,173.000,0.000,140.000,109.000,-0.055556,0.355556,-0.933003,67.306,80.020,106.585,4084.5
Josuep_9_puntos_intento_7.mp4,668,5566.667,True,150.000,173.000,0.000,140.000,109.000,-0.055556,0.355556,-0.933003,67.083,79.915,108.159,4080.0
Josuep_9_puntos_intento_7.mp4,669,5575.000,True,150.000,173.000,0.000,140.000,109.000,-0.055556,0.355556,-0.933003,66.624,79.909,106.962,4055.0
Josuep_9_puntos_intento_7.mp4,670,5583.333,True,150.000,173.000,0.000,140.000,109.000,-0.055556,0.355556,-0.933003,66.586,79.915,108.281,4063.0
Josuep_9_puntos_intento_7.mp4,671,5591.667,True,150.000,173.000,0.000,140.000,109.000,-0.055556,0.355556,-0.933003,66.204,79.556,108.923,4037.0
Josuep_9_puntos_intento_7.mp4,672,5600.000,True,150.000,173.000,0.000,140.000,110.000,-0.055556,0.350000,-0.935101,67.329,79.786,106.629,4069.5
Josuep_9_puntos_intento_7.mp4,673,5608.333,True,150.000,173.000,0.000,140.000,110.000,-0.055556,0.350000,-0.935101,67.295,80.172,107.871,4085.0
Josuep_9_puntos_intento_7.mp4,674,5616.667,True,150.000,173.000,0.000,140.000,110.000,-0.055556,0.350000,-0.935101,67.150,79.837,108.975,4073.5
Josuep_9_puntos_intento_7.mp4,675,5625.000,True,150.000,173.000,0.000,140.000,109.000,-0.055556,0.355556,-0.933003,66.639,79.619,109.449,4034.5
Josuep_9_puntos_intento_7.mp4,676,5633.333,True,150.000,173.000,0.000,140.000,110.000,-0.055556,0.350000,-0.935101,67.495,79.917,107.718,4069.5
Josuep_9_puntos_intento_7.mp4,677,5641.667,True,150.000,173.000,0.000,140.000,110.000,-0.055556,0.350000,-0.935101,66.925,80.348,108.181,4055.5
Josuep_9_puntos_intento_7.mp4,678,5650.000,True,150.000,173.000,0.000,140.000,110.000,-0.055556,0.350000,-0.935101,67.425,79.725,108.350,4075.0
Josuep_9_puntos_intento_7.mp4,679,5658.333,True,150.000,173.000,0.000,140.000,110.000,-0.055556,0.350000,-0.935101,66.955,80.097,108.275,4069.0
Josuep_9_puntos_intento_7.mp4,680,5666.667,True,150.000,173.000,0.000,140.000,110.000,-0.055556,0.350000,-0.935101,66.872,80.365,108.518,4065.5
Josuep_9_puntos_intento_7.mp4,681,5675.000,True,150.000,173.000,0.000,140.000,110.000,-0.055556,0.350000,-0.935101,67.563,79.730,108.641,4082.5
Josuep_9_puntos_intento_7.mp4,682,5683.333,True,150.000,173.000,0.000,140.000,109.000,-0.055556,0.355556,-0.933003,66.289,80.583,108.818,4069.5
Josuep_9_puntos_intento_7.mp4,683,5691.667,True,150.000,173.000,0.000,140.000,110.000,-0.055556,0.350000,-0.935101,66.933,79.877,106.566,4054.0
Josuep_9_puntos_intento_7.mp4,684,5700.000,True,150.000,173.000,0.000,140.000,110.000,-0.055556,0.350000,-0.935101,67.402,80.657,107.966,4107.0
Josuep_9_puntos_intento_7.mp4,685,5708.333,True,150.000,173.000,0.000,140.000,110.000,-0.055556,0.350000,-0.935101,67.614,80.211,106.597,4089.0
Josuep_9_puntos_intento_7.mp4,686,5716.667,True,150.000,173.000,0.000,139.000,110.000,-0.061111,0.350000,-0.934754,68.343,79.774,106.130,4101.0
Josuep_9_puntos_intento_7.mp4,687,5725.000,True,150.000,173.000,0.000,140.000,110.000,-0.055556,0.350000,-0.935101,68.093,80.040,105.417,4118.0
Josuep_9_puntos_intento_7.mp4,688,5733.333,True,150.000,173.000,0.000,140.000,110.000,-0.055556,0.350000,-0.935101,67.774,80.313,107.165,4129.0
Josuep_9_puntos_intento_7.mp4,689,5741.667,True,150.000,173.000,0.000,140.000,110.000,-0.055556,0.350000,-0.935101,67.600,79.898,107.731,4088.0
Josuep_9_puntos_intento_7.mp4,690,5750.000,True,150.000,173.000,0.000,140.000,110.000,-0.055556,0.350000,-0.935101,67.643,80.005,107.015,4100.0
Josuep_9_puntos_intento_7.mp4,691,5758.333,True,150.000,173.000,0.000,140.000,110.000,-0.055556,0.350000,-0.935101,68.067,80.061,105.854,4137.0
Josuep_9_puntos_intento_7.mp4,692,5766.667,True,150.000,173.000,0.000,140.000,110.000,-0.055556,0.350000,-0.935101,66.819,80.615,107.234,4123.5
Josuep_9_puntos_intento_7.mp4,693,5775.000,True,150.000,173.000,0.000,140.000,110.000,-0.055556,0.350000,-0.935101,67.694,80.081,107.353,4107.5
Josuep_9_puntos_intento_7.mp4,694,5783.333,True,150.000,173.000,0.000,140.000,110.000,-0.055556,0.350000,-0.935101,68.424,80.214,107.795,4144.5
Josuep_9_puntos_intento_7.mp4,695,5791.667,True,150.000,173.000,0.000,140.000,110.000,-0.055556,0.350000,-0.935101,68.187,80.182,106.597,4144.0
Josuep_9_puntos_intento_7.mp4,696,5800.000,True,150.000,173.000,0.000,140.000,110.000,-0.055556,0.350000,-0.935101,68.090,80.283,107.447,4150.0
Josuep_9_puntos_intento_7.mp4,697,5808.333,True,150.000,173.000,0.000,140.000,110.000,-0.055556,0.350000,-0.935101,68.198,81.273,106.059,4235.5
Josuep_9_puntos_intento_7.mp4,698,5816.667,True,150.000,173.000,0.000,140.000,110.000,-0.055556,0.350000,-0.935101,68.446,81.590,107.145,4244.5
Josuep_9_puntos_intento_7.mp4,699,5825.000,True,150.000,173.000,0.000,140.000,110.000,-0.055556,0.350000,-0.935101,68.278,81.101,107.270,4231.5
Josuep_9_puntos_intento_7.mp4,700,5833.333,True,150.000,173.000,0.000,140.000,110.000,-0.055556,0.350000,-0.935101,68.507,81.947,106.731,4302.0
Josuep_9_puntos_intento_7.mp4,701,5841.667,True,150.000,173.000,0.000,140.000,110.000,-0.055556,0.350000,-0.935101,68.616,81.250,105.447,4247.0
Josuep_9_puntos_intento_7.mp4,702,5850.000,True,150.000,173.000,0.000,140.000,111.000,-0.055556,0.344444,-0.937161,68.718,82.097,105.815,4279.0
Josuep_9_puntos_intento_7.mp4,703,5858.333,True,150.000,173.000,0.000,140.000,110.000,-0.055556,0.350000,-0.935101,68.402,81.539,104.690,4239.0
Josuep_9_puntos_intento_7.mp4,704,5866.667,True,150.000,173.000,0.000,140.000,110.000,-0.055556,0.350000,-0.935101,68.710,81.456,104.765,4253.5
Josuep_9_puntos_intento_7.mp4,705,5875.000,True,150.000,173.000,0.000,140.000,110.000,-0.055556,0.350000,-0.935101,68.775,81.378,105.421,4247.5
Josuep_9_puntos_intento_7.mp4,706,5883.333,True,150.000,173.000,0.000,140.000,111.000,-0.055556,0.344444,-0.937161,68.742,81.440,105.573,4268.0
Josuep_9_puntos_intento_7.mp4,707,5891.667,True,150.000,173.000,0.000,140.000,110.000,-0.055556,0.350000,-0.935101,68.459,81.343,106.723,4248.0
Josuep_9_puntos_intento_7.mp4,708,5900.000,True,150.000,173.000,0.000,140.000,110.000,-0.055556,0.350000,-0.935101,68.040,81.369,107.661,4214.5
Josuep_9_puntos_intento_7.mp4,709,5908.333,True,150.000,173.000,0.000,140.000,110.000,-0.055556,0.350000,-0.935101,68.501,81.340,104.745,4236.5
Josuep_9_puntos_intento_7.mp4,710,5916.667,True,150.000,173.000,0.000,140.000,110.000,-0.055556,0.350000,-0.935101,68.154,81.423,107.844,4233.5
Josuep_9_puntos_intento_7.mp4,711,5925.000,True,150.000,173.000,0.000,140.000,110.000,-0.055556,0.350000,-0.935101,68.644,81.679,107.652,4261.5
Josuep_9_puntos_intento_7.mp4,712,5933.333,True,150.000,173.000,0.000,140.000,110.000,-0.055556,0.350000,-0.935101,68.167,81.752,108.020,4227.5
Josuep_9_puntos_intento_7.mp4,713,5941.667,True,150.000,173.000,0.000,140.000,110.000,-0.055556,0.350000,-0.935101,68.316,81.904,107.620,4250.0
Josuep_9_puntos_intento_7.mp4,714,5950.000,True,150.000,173.000,0.000,140.000,110.000,-0.055556,0.350000,-0.935101,68.750,81.608,108.434,4265.5
Josuep_9_puntos_intento_7.mp4,715,5958.333,True,150.000,173.000,0.000,140.000,110.000,-0.055556,0.350000,-0.935101,68.661,81.686,106.706,4251.5
Josuep_9_puntos_intento_7.mp4,716,5966.667,True,150.000,173.000,0.000,140.000,110.000,-0.055556,0.350000,-0.935101,68.554,81.862,105.960,4270.0
Josuep_9_puntos_intento_7.mp4,717,5975.000,True,150.000,173.000,0.000,140.000,110.000,-0.055556,0.350000,-0.935101,68.483,81.843,106.743,4268.5
Josuep_9_puntos_intento_7.mp4,718,5983.333,True,150.000,173.000,0.000,141.000,110.000,-0.050000,0.350000,-0.935414,68.472,81.845,105.275,4279.5
Josuep_9_puntos_intento_7.mp4,719,5991.667,True,150.000,173.000,0.000,141.000,110.000,-0.050000,0.350000,-0.935414,68.757,81.414,106.068,4259.0
Josuep_9_puntos_intento_7.mp4,720,6000.000,True,150.000,173.000,0.000,141.000,110.000,-0.050000,0.350000,-0.935414,69.224,81.980,105.549,4289.0
Josuep_9_puntos_intento_7.mp4,721,6008.333,True,150.000,173.000,0.000,140.000,110.000,-0.055556,0.350000,-0.935101,69.144,81.485,106.603,4266.5
Josuep_9_puntos_intento_7.mp4,722,6016.667,True,150.000,173.000,0.000,140.000,111.000,-0.055556,0.344444,-0.937161,69.338,82.449,105.085,4318.0
Josuep_9_puntos_intento_7.mp4,723,6025.000,True,150.000,173.000,0.000,140.000,110.000,-0.055556,0.350000,-0.935101,69.242,81.876,105.690,4293.5
Josuep_9_puntos_intento_7.mp4,724,6033.333,True,150.000,173.000,0.000,141.000,110.000,-0.050000,0.350000,-0.935414,68.997,81.678,108.115,4285.5
Josuep_9_puntos_intento_7.mp4,725,6041.667,True,150.000,173.000,0.000,140.000,110.000,-0.055556,0.350000,-0.935101,68.883,81.737,107.865,4287.0
Josuep_9_puntos_intento_7.mp4,726,6050.000,True,150.000,173.000,0.000,140.000,110.000,-0.055556,0.350000,-0.935101,69.019,81.712,108.451,4318.0
Josuep_9_puntos_intento_7.mp4,727,6058.333,True,150.000,173.000,0.000,141.000,110.000,-0.050000,0.350000,-0.935414,68.654,81.922,108.265,4313.0
Josuep_9_puntos_intento_7.mp4,728,6066.667,True,150.000,173.000,0.000,140.000,110.000,-0.055556,0.350000,-0.935101,69.263,81.774,106.892,4285.5
Josuep_9_puntos_intento_7.mp4,729,6075.000,True,150.000,173.000,0.000,141.000,110.000,-0.050000,0.350000,-0.935414,68.824,81.350,109.047,4274.0
Josuep_9_puntos_intento_7.mp4,730,6083.333,True,150.000,173.000,0.000,141.000,110.000,-0.050000,0.350000,-0.935414,69.313,81.809,109.547,4324.0
Josuep_9_puntos_intento_7.mp4,731,6091.667,True,150.000,173.000,0.000,141.000,110.000,-0.050000,0.350000,-0.935414,68.832,81.891,109.532,4297.0
Josuep_9_puntos_intento_7.mp4,732,6100.000,True,150.000,173.000,0.000,141.000,110.000,-0.050000,0.350000,-0.935414,69.339,82.388,111.139,4329.0
Josuep_9_puntos_intento_7.mp4,733,6108.333,True,150.000,173.000,0.000,140.000,110.000,-0.055556,0.350000,-0.935101,69.400,81.768,107.518,4265.5
Josuep_9_puntos_intento_7.mp4,734,6116.667,True,150.000,173.000,0.000,141.000,110.000,-0.050000,0.350000,-0.935414,68.946,82.052,108.380,4292.5
Josuep_9_puntos_intento_7.mp4,735,6125.000,True,150.000,173.000,0.000,140.000,110.000,-0.055556,0.350000,-0.935101,69.623,81.489,109.424,4298.0
Josuep_9_puntos_intento_7.mp4,736,6133.333,True,150.000,173.000,0.000,141.000,110.000,-0.050000,0.350000,-0.935414,69.247,81.697,109.937,4321.5
Josuep_9_puntos_intento_7.mp4,737,6141.667,True,150.000,173.000,0.000,140.000,110.000,-0.055556,0.350000,-0.935101,69.579,82.303,109.543,4347.5
Josuep_9_puntos_intento_7.mp4,738,6150.000,True,150.000,173.000,0.000,141.000,110.000,-0.050000,0.350000,-0.935414,69.330,82.285,111.087,4345.0
Josuep_9_puntos_intento_7.mp4,739,6158.333,True,150.000,173.000,0.000,141.000,110.000,-0.050000,0.350000,-0.935414,69.284,82.322,110.478,4337.0
Josuep_9_puntos_intento_7.mp4,740,6166.667,True,150.000,173.000,0.000,141.000,110.000,-0.050000,0.350000,-0.935414,69.697,83.153,112.074,4396.0
Josuep_9_puntos_intento_7.mp4,741,6175.000,True,150.000,173.000,0.000,141.000,110.000,-0.050000,0.350000,-0.935414,69.934,82.530,109.044,4372.5
Josuep_9_puntos_intento_7.mp4,742,6183.333,True,150.000,173.000,0.000,141.000,110.000,-0.050000,0.350000,-0.935414,70.095,82.813,108.871,4391.5
Josuep_9_puntos_intento_7.mp4,743,6191.667,True,150.000,173.000,0.000,141.000,110.000,-0.050000,0.350000,-0.935414,70.028,82.726,109.586,4379.0
Josuep_9_puntos_intento_7.mp4,744,6200.000,True,150.000,173.000,0.000,141.000,110.000,-0.050000,0.350000,-0.935414,70.518,83.028,108.740,4456.5
Josuep_9_puntos_intento_7.mp4,745,6208.333,True,150.000,173.000,0.000,141.000,110.000,-0.050000,0.350000,-0.935414,70.172,81.639,116.239,4356.0
Josuep_9_puntos_intento_7.mp4,746,6216.667,True,150.000,173.000,0.000,141.000,110.000,-0.050000,0.350000,-0.935414,70.266,83.638,112.648,4425.5
Josuep_9_puntos_intento_7.mp4,747,6225.000,True,150.000,173.000,0.000,141.000,110.000,-0.050000,0.350000,-0.935414,70.519,83.313,112.790,4425.5
Josuep_9_puntos_intento_7.mp4,748,6233.333,True,150.000,173.000,0.000,141.000,110.000,-0.050000,0.350000,-0.935414,70.709,82.919,113.471,4446.5
Josuep_9_puntos_intento_7.mp4,749,6241.667,True,150.000,173.000,0.000,141.000,110.000,-0.050000,0.350000,-0.935414,70.067,83.330,112.753,4438.5
Josuep_9_puntos_intento_7.mp4,750,6250.000,True,150.000,173.000,0.000,141.000,110.000,-0.050000,0.350000,-0.935414,70.613,83.739,113.092,4481.5
Josuep_9_puntos_intento_7.mp4,751,6258.333,True,150.000,173.000,0.000,141.000,110.000,-0.050000,0.350000,-0.935414,70.476,83.320,112.095,4441.0
Josuep_9_puntos_intento_7.mp4,752,6266.667,True,150.000,173.000,0.000,141.000,110.000,-0.050000,0.350000,-0.935414,70.608,83.611,114.430,4460.5
Josuep_9_puntos_intento_7.mp4,753,6275.000,True,150.000,173.000,0.000,141.000,110.000,-0.050000,0.350000,-0.935414,70.238,83.368,115.710,4445.5
Josuep_9_puntos_intento_7.mp4,754,6283.333,True,150.000,173.000,0.000,141.000,110.000,-0.050000,0.350000,-0.935414,70.038,83.083,113.029,4436.5
Josuep_9_puntos_intento_7.mp4,755,6291.667,True,150.000,173.000,0.000,141.000,110.000,-0.050000,0.350000,-0.935414,70.678,83.384,111.600,4473.5
Josuep_9_puntos_intento_7.mp4,756,6300.000,True,150.000,173.000,0.000,141.000,110.000,-0.050000,0.350000,-0.935414,70.621,83.277,111.475,4460.5
Josuep_9_puntos_intento_7.mp4,757,6308.333,True,150.000,173.000,0.000,141.000,110.000,-0.050000,0.350000,-0.935414,70.434,83.576,112.606,4484.5
Josuep_9_puntos_intento_7.mp4,758,6316.667,True,150.000,173.000,0.000,141.000,110.000,-0.050000,0.350000,-0.935414,70.101,83.860,114.687,4474.5
Josuep_9_puntos_intento_7.mp4,759,6325.000,True,150.000,173.000,0.000,141.000,110.000,-0.050000,0.350000,-0.935414,70.206,83.411,112.210,4451.5
Josuep_9_puntos_intento_7.mp4,760,6333.333,True,150.000,173.000,0.000,141.000,110.000,-0.050000,0.350000,-0.935414,70.477,84.001,110.438,4498.5
Josuep_9_puntos_intento_7.mp4,761,6341.667,True,150.000,173.000,0.000,141.000,110.000,-0.050000,0.350000,-0.935414,70.147,83.636,114.522,4446.5
Josuep_9_puntos_intento_7.mp4,762,6350.000,True,150.000,173.000,0.000,141.000,110.000,-0.050000,0.350000,-0.935414,70.556,84.174,112.413,4485.5
Josuep_9_puntos_intento_7.mp4,763,6358.333,True,150.000,173.000,0.000,141.000,110.000,-0.050000,0.350000,-0.935414,70.457,84.500,114.396,4460.0
Josuep_9_puntos_intento_7.mp4,764,6366.667,True,150.000,173.000,0.000,141.000,110.000,-0.050000,0.350000,-0.935414,70.453,84.462,112.862,4490.5
Josuep_9_puntos_intento_7.mp4,765,6375.000,True,150.000,173.000,0.000,141.000,110.000,-0.050000,0.350000,-0.935414,70.653,83.749,115.344,4478.0
Josuep_9_puntos_intento_7.mp4,766,6383.333,True,150.000,173.000,0.000,141.000,110.000,-0.050000,0.350000,-0.935414,70.592,84.116,113.725,4486.5
Josuep_9_puntos_intento_7.mp4,767,6391.667,True,150.000,173.000,0.000,141.000,110.000,-0.050000,0.350000,-0.935414,70.403,83.968,113.473,4474.0
Josuep_9_puntos_intento_7.mp4,768,6400.000,True,150.000,173.000,0.000,141.000,110.000,-0.050000,0.350000,-0.935414,70.948,83.036,118.020,4485.5
Josuep_9_puntos_intento_7.mp4,769,6408.333,True,150.000,173.000,0.000,141.000,110.000,-0.050000,0.350000,-0.935414,71.030,83.717,114.283,4508.5
Josuep_9_puntos_intento_7.mp4,770,6416.667,True,150.000,173.000,0.000,141.000,110.000,-0.050000,0.350000,-0.935414,70.275,84.143,114.100,4498.0
Josuep_9_puntos_intento_7.mp4,771,6425.000,True,150.000,173.000,0.000,141.000,110.000,-0.050000,0.350000,-0.935414,70.756,84.160,114.311,4513.0
Josuep_9_puntos_intento_7.mp4,772,6433.333,True,150.000,173.000,0.000,141.000,110.000,-0.050000,0.350000,-0.935414,70.977,83.957,114.343,4516.5
Josuep_9_puntos_intento_7.mp4,773,6441.667,True,150.000,173.000,0.000,141.000,110.000,-0.050000,0.350000,-0.935414,71.187,83.558,116.530,4510.0
Josuep_9_puntos_intento_7.mp4,774,6450.000,True,150.000,173.000,0.000,141.000,110.000,-0.050000,0.350000,-0.935414,70.814,84.390,116.505,4515.0
Josuep_9_puntos_intento_7.mp4,775,6458.333,True,150.000,173.000,0.000,141.000,110.000,-0.050000,0.350000,-0.935414,70.966,83.891,116.090,4535.5
Josuep_9_puntos_intento_7.mp4,776,6466.667,True,150.000,173.000,0.000,142.000,110.000,-0.044444,0.350000,-0.935695,69.909,84.352,116.493,4505.5
Josuep_9_puntos_intento_7.mp4,777,6475.000,True,150.000,173.000,0.000,141.000,110.000,-0.050000,0.350000,-0.935414,70.266,83.811,115.130,4476.0
Josuep_9_puntos_intento_7.mp4,778,6483.333,True,150.000,173.000,0.000,141.000,110.000,-0.050000,0.350000,-0.935414,70.751,84.704,113.236,4537.5
Josuep_9_puntos_intento_7.mp4,779,6491.667,True,150.000,173.000,0.000,142.000,110.000,-0.044444,0.350000,-0.935695,70.662,84.156,117.570,4500.5
Josuep_9_puntos_intento_7.mp4,780,6500.000,True,150.000,173.000,0.000,141.000,110.000,-0.050000,0.350000,-0.935414,71.344,84.726,115.762,4570.5
Josuep_9_puntos_intento_7.mp4,781,6508.333,True,150.000,173.000,0.000,142.000,110.000,-0.044444,0.350000,-0.935695,71.160,83.700,117.057,4508.5
Josuep_9_puntos_intento_7.mp4,782,6516.667,True,150.000,173.000,0.000,141.000,110.000,-0.050000,0.350000,-0.935414,71.111,84.295,116.016,4517.5
Josuep_9_puntos_intento_7.mp4,783,6525.000,True,150.000,173.000,0.000,142.000,110.000,-0.044444,0.350000,-0.935695,70.679,84.543,116.825,4521.0
Josuep_9_puntos_intento_7.mp4,784,6533.333,True,150.000,173.000,0.000,142.000,110.000,-0.044444,0.350000,-0.935695,70.446,84.778,118.221,4525.0
Josuep_9_puntos_intento_7.mp4,785,6541.667,True,150.000,173.000,0.000,142.000,110.000,-0.044444,0.350000,-0.935695,71.136,84.736,117.395,4540.0
Josuep_9_puntos_intento_7.mp4,786,6550.000,True,150.000,173.000,0.000,142.000,110.000,-0.044444,0.350000,-0.935695,71.071,84.863,117.967,4564.0
Josuep_9_puntos_intento_7.mp4,787,6558.333,True,150.000,173.000,0.000,142.000,110.000,-0.044444,0.350000,-0.935695,70.363,84.285,117.984,4520.5
Josuep_9_puntos_intento_7.mp4,788,6566.667,True,150.000,173.000,0.000,142.000,110.000,-0.044444,0.350000,-0.935695,70.816,84.606,117.431,4559.5
Josuep_9_puntos_intento_7.mp4,789,6575.000,True,150.000,173.000,0.000,142.000,110.000,-0.044444,0.350000,-0.935695,71.063,84.502,115.459,4540.0
Josuep_9_puntos_intento_7.mp4,790,6583.333,True,150.000,173.000,0.000,142.000,110.000,-0.044444,0.350000,-0.935695,70.593,84.901,116.994,4575.0
Josuep_9_puntos_intento_7.mp4,791,6591.667,True,150.000,173.000,0.000,142.000,110.000,-0.044444,0.350000,-0.935695,70.458,84.584,119.259,4551.5
Josuep_9_puntos_intento_7.mp4,792,6600.000,True,150.000,173.000,0.000,142.000,110.000,-0.044444,0.350000,-0.935695,70.701,84.311,119.205,4562.0
Josuep_9_puntos_intento_7.mp4,793,6608.333,True,150.000,173.000,0.000,142.000,110.000,-0.044444,0.350000,-0.935695,71.873,85.013,116.915,4593.5
Josuep_9_puntos_intento_7.mp4,794,6616.667,True,150.000,173.000,0.000,142.000,110.000,-0.044444,0.350000,-0.935695,71.772,85.028,118.588,4596.0
Josuep_9_puntos_intento_7.mp4,795,6625.000,True,150.000,173.000,0.000,142.000,110.000,-0.044444,0.350000,-0.935695,71.667,85.046,116.681,4614.0
Josuep_9_puntos_intento_7.mp4,796,6633.333,True,150.000,173.000,0.000,141.000,110.000,-0.050000,0.350000,-0.935414,71.728,85.475,116.620,4661.5
Josuep_9_puntos_intento_7.mp4,797,6641.667,True,150.000,173.000,0.000,141.000,110.000,-0.050000,0.350000,-0.935414,72.146,84.853,118.014,4637.5
Josuep_9_puntos_intento_7.mp4,798,6650.000,True,150.000,173.000,0.000,142.000,110.000,-0.044444,0.350000,-0.935695,72.547,85.181,114.533,4651.0
Josuep_9_puntos_intento_7.mp4,799,6658.333,True,150.000,173.000,0.000,141.000,110.000,-0.050000,0.350000,-0.935414,72.656,85.103,114.616,4650.5
Josuep_9_puntos_intento_7.mp4,800,6666.667,True,150.000,173.000,0.000,142.000,110.000,-0.044444,0.350000,-0.935695,72.166,84.876,117.228,4647.0
Josuep_9_puntos_intento_7.mp4,801,6675.000,True,150.000,173.000,0.000,142.000,110.000,-0.044444,0.350000,-0.935695,71.806,84.389,117.434,4629.5
Josuep_9_puntos_intento_7.mp4,802,6683.333,True,150.000,173.000,0.000,142.000,110.000,-0.044444,0.350000,-0.935695,71.375,85.093,119.517,4681.0
Josuep_9_puntos_intento_7.mp4,803,6691.667,True,150.000,173.000,0.000,142.000,110.000,-0.044444,0.350000,-0.935695,71.639,84.885,117.614,4637.5
Josuep_9_puntos_intento_7.mp4,804,6700.000,True,150.000,173.000,0.000,142.000,110.000,-0.044444,0.350000,-0.935695,72.020,85.702,117.339,4678.5
Josuep_9_puntos_intento_7.mp4,805,6708.333,True,150.000,173.000,0.000,142.000,110.000,-0.044444,0.350000,-0.935695,71.963,85.421,117.985,4648.0
Josuep_9_puntos_intento_7.mp4,806,6716.667,True,150.000,173.000,0.000,142.000,110.000,-0.044444,0.350000,-0.935695,71.691,85.921,122.897,4685.0
Josuep_9_puntos_intento_7.mp4,807,6725.000,True,150.000,173.000,0.000,142.000,110.000,-0.044444,0.350000,-0.935695,71.105,85.592,123.095,4651.0
Josuep_9_puntos_intento_7.mp4,808,6733.333,True,150.000,173.000,0.000,142.000,110.000,-0.044444,0.350000,-0.935695,72.167,85.798,118.229,4654.0
Josuep_9_puntos_intento_7.mp4,809,6741.667,True,150.000,173.000,0.000,142.000,111.000,-0.044444,0.344444,-0.937754,72.056,85.607,119.050,4649.5
Josuep_9_puntos_intento_7.mp4,810,6750.000,True,150.000,173.000,0.000,142.000,110.000,-0.044444,0.350000,-0.935695,72.134,86.073,117.774,4659.5
Josuep_9_puntos_intento_7.mp4,811,6758.333,True,150.000,173.000,0.000,142.000,110.000,-0.044444,0.350000,-0.935695,72.093,85.600,118.039,4675.0
Josuep_9_puntos_intento_7.mp4,812,6766.667,True,150.000,173.000,0.000,142.000,110.000,-0.044444,0.350000,-0.935695,72.211,86.059,118.131,4698.5
Josuep_9_puntos_intento_7.mp4,813,6775.000,True,150.000,173.000,0.000,142.000,110.000,-0.044444,0.350000,-0.935695,72.187,86.103,118.628,4687.5
Josuep_9_puntos_intento_7.mp4,814,6783.333,True,150.000,173.000,0.000,142.000,110.000,-0.044444,0.350000,-0.935695,72.119,86.223,117.203,4682.0
Josuep_9_puntos_intento_7.mp4,815,6791.667,True,150.000,173.000,0.000,142.000,110.000,-0.044444,0.350000,-0.935695,71.923,86.277,119.051,4676.5
Josuep_9_puntos_intento_7.mp4,816,6800.000,True,150.000,173.000,0.000,143.000,110.000,-0.038889,0.350000,-0.935942,70.093,86.634,122.022,4659.5
Josuep_9_puntos_intento_7.mp4,817,6808.333,True,150.000,173.000,0.000,142.000,110.000,-0.044444,0.350000,-0.935695,72.494,85.370,120.240,4690.5
Josuep_9_puntos_intento_7.mp4,818,6816.667,True,150.000,173.000,0.000,143.000,110.000,-0.038889,0.350000,-0.935942,71.929,86.142,121.702,4648.5
Josuep_9_puntos_intento_7.mp4,819,6825.000,True,150.000,173.000,0.000,149.000,110.000,-0.005556,0.350000,-0.936733,69.954,88.185,125.713,4565.0
Josuep_9_puntos_intento_7.mp4,820,6833.333,True,150.000,173.000,0.000,160.000,110.000,0.055556,0.350000,-0.935101,67.092,91.289,128.002,4564.5
Josuep_9_puntos_intento_7.mp4,821,6841.667,True,150.000,173.000,0.000,170.000,110.000,0.111111,0.350000,-0.930137,65.727,93.167,126.772,4613.0
Josuep_9_puntos_intento_7.mp4,822,6850.000,True,150.000,173.000,0.000,180.000,112.000,0.166667,0.338889,-0.925946,66.342,92.685,127.925,4719.0
Josuep_9_puntos_intento_7.mp4,823,6858.333,True,150.000,173.000,0.000,189.000,112.000,0.216667,0.338889,-0.915538,64.841,92.587,128.176,4602.5
Josuep_9_puntos_intento_7.mp4,824,6866.667,True,150.000,173.000,0.000,197.000,113.000,0.261111,0.333333,-0.905930,63.296,90.527,130.446,4416.5
Josuep_9_puntos_intento_7.mp4,825,6875.000,True,150.000,173.000,0.000,205.000,114.000,0.305556,0.327778,-0.893978,61.394,90.549,131.814,4263.0
Josuep_9_puntos_intento_7.mp4,826,6883.333,True,150.000,173.000,0.000,211.000,115.000,0.338889,0.322222,-0.883927,58.411,87.322,132.578,3900.5
Josuep_9_puntos_intento_7.mp4,827,6891.667,True,150.000,173.000,0.000,215.000,115.000,0.361111,0.322222,-0.875084,57.559,86.328,132.947,3802.5
Josuep_9_puntos_intento_7.mp4,828,6900.000,True,150.000,173.000,0.000,216.000,116.000,0.366667,0.316667,-0.874802,58.636,87.892,132.421,3860.5
Josuep_9_puntos_intento_7.mp4,829,6908.333,True,150.000,173.000,0.000,216.000,116.000,0.366667,0.316667,-0.874802,59.268,87.337,133.553,3872.5
Josuep_9_puntos_intento_7.mp4,830,6916.667,True,150.000,173.000,0.000,216.000,116.000,0.366667,0.316667,-0.874802,58.794,87.475,134.368,3862.5
Josuep_9_puntos_intento_7.mp4,831,6925.000,True,150.000,173.000,0.000,215.000,116.000,0.361111,0.316667,-0.877109,58.396,87.538,135.627,3834.0
Josuep_9_puntos_intento_7.mp4,832,6933.333,True,150.000,173.000,0.000,216.000,116.000,0.366667,0.316667,-0.874802,57.437,86.285,135.618,3698.5
Josuep_9_puntos_intento_7.mp4,833,6941.667,True,150.000,173.000,0.000,216.000,116.000,0.366667,0.316667,-0.874802,57.313,85.987,136.422,3675.0
Josuep_9_puntos_intento_7.mp4,834,6950.000,True,150.000,173.000,0.000,215.000,116.000,0.361111,0.316667,-0.877109,57.885,85.631,136.174,3710.5
Josuep_9_puntos_intento_7.mp4,835,6958.333,True,150.000,173.000,0.000,215.000,116.000,0.361111,0.316667,-0.877109,58.284,86.252,136.151,3775.0
Josuep_9_puntos_intento_7.mp4,836,6966.667,True,150.000,173.000,0.000,215.000,116.000,0.361111,0.316667,-0.877109,58.386,86.967,136.139,3795.0
Josuep_9_puntos_intento_7.mp4,837,6975.000,True,150.000,173.000,0.000,215.000,116.000,0.361111,0.316667,-0.877109,58.418,86.121,136.307,3770.5
Josuep_9_puntos_intento_7.mp4,838,6983.333,True,150.000,173.000,0.000,215.000,116.000,0.361111,0.316667,-0.877109,58.278,85.422,136.193,3728.0
Josuep_9_puntos_intento_7.mp4,839,6991.667,True,150.000,173.000,0.000,214.000,115.000,0.355556,0.322222,-0.877356,57.775,84.244,134.926,3680.5
Josuep_9_puntos_intento_7.mp4,840,7000.000,True,150.000,173.000,0.000,215.000,115.000,0.361111,0.322222,-0.875084,57.757,84.260,136.049,3674.0
Josuep_9_puntos_intento_7.mp4,841,7008.333,True,150.000,173.000,0.000,215.000,116.000,0.361111,0.316667,-0.877109,57.296,85.947,137.041,3662.0
Josuep_9_puntos_intento_7.mp4,842,7016.667,True,150.000,173.000,0.000,215.000,116.000,0.361111,0.316667,-0.877109,57.558,85.691,137.433,3669.5
Josuep_9_puntos_intento_7.mp4,843,7025.000,True,150.000,173.000,0.000,215.000,115.000,0.361111,0.322222,-0.875084,57.331,84.969,135.517,3654.5
Josuep_9_puntos_intento_7.mp4,844,7033.333,True,150.000,173.000,0.000,214.000,115.000,0.355556,0.322222,-0.877356,56.222,83.123,137.229,3561.5
Josuep_9_puntos_intento_7.mp4,845,7041.667,True,150.000,173.000,0.000,214.000,115.000,0.355556,0.322222,-0.877356,56.388,83.215,135.990,3531.5
Josuep_9_puntos_intento_7.mp4,846,7050.000,True,150.000,173.000,0.000,214.000,115.000,0.355556,0.322222,-0.877356,56.397,81.724,136.236,3516.5
Josuep_9_puntos_intento_7.mp4,847,7058.333,True,150.000,173.000,0.000,215.000,115.000,0.361111,0.322222,-0.875084,55.903,82.837,135.242,3518.5
Josuep_9_puntos_intento_7.mp4,848,7066.667,True,150.000,173.000,0.000,215.000,116.000,0.361111,0.316667,-0.877109,57.150,82.939,137.091,3558.5
Josuep_9_puntos_intento_7.mp4,849,7075.000,True,150.000,173.000,0.000,220.000,117.000,0.388889,0.311111,-0.867165,55.393,84.588,135.657,3460.0
Josuep_9_puntos_intento_7.mp4,850,7083.333,True,150.000,173.000,0.000,223.000,119.000,0.405556,0.300000,-0.863438,53.600,84.067,137.866,3317.5
Josuep_9_puntos_intento_7.mp4,851,7091.667,True,150.000,173.000,0.000,223.000,119.000,0.405556,0.300000,-0.863438,54.005,82.689,137.526,3286.0
Josuep_9_puntos_intento_7.mp4,852,7100.000,True,150.000,173.000,0.000,223.000,118.000,0.405556,0.305556,-0.861487,54.555,82.601,134.923,3340.0
Josuep_9_puntos_intento_7.mp4,853,7108.333,True,150.000,173.000,0.000,224.000,120.000,0.411111,0.294444,-0.862723,54.190,84.757,141.531,3272.0
Josuep_9_puntos_intento_7.mp4,854,7116.667,True,150.000,173.000,0.000,224.000,120.000,0.411111,0.294444,-0.862723,54.402,83.659,139.501,3269.5
Josuep_9_puntos_intento_7.mp4,855,7125.000,True,150.000,173.000,0.000,224.000,119.000,0.411111,0.300000,-0.860806,54.057,83.443,137.659,3279.5
Josuep_9_puntos_intento_7.mp4,856,7133.333,True,150.000,173.000,0.000,223.000,119.000,0.405556,0.300000,-0.863438,54.201,81.698,138.571,3289.0
Josuep_9_puntos_intento_7.mp4,857,7141.667,True,150.000,173.000,0.000,223.000,120.000,0.405556,0.294444,-0.865348,54.560,83.693,140.007,3264.5
Josuep_9_puntos_intento_7.mp4,858,7150.000,True,150.000,173.000,0.000,223.000,119.000,0.405556,0.300000,-0.863438,54.290,82.910,140.533,3277.5
Josuep_9_puntos_intento_7.mp4,859,7158.333,True,150.000,173.000,0.000,223.000,119.000,0.405556,0.300000,-0.863438,54.539,82.473,138.167,3279.5
Josuep_9_puntos_intento_7.mp4,860,7166.667,True,150.000,173.000,0.000,223.000,118.000,0.405556,0.305556,-0.861487,54.317,81.565,136.635,3276.0
Josuep_9_puntos_intento_7.mp4,861,7175.000,True,150.000,173.000,0.000,223.000,118.000,0.405556,0.305556,-0.861487,53.587,82.205,135.313,3234.0
Josuep_9_puntos_intento_7.mp4,862,7183.333,True,150.000,173.000,0.000,223.000,118.000,0.405556,0.305556,-0.861487,54.410,82.622,136.627,3258.5
Josuep_9_puntos_intento_7.mp4,863,7191.667,True,150.000,173.000,0.000,223.000,118.000,0.405556,0.305556,-0.861487,54.042,82.409,137.247,3235.0
Josuep_9_puntos_intento_7.mp4,864,7200.000,True,150.000,173.000,0.000,223.000,119.000,0.405556,0.300000,-0.863438,54.596,83.620,138.760,3261.0
Josuep_9_puntos_intento_7.mp4,865,7208.333,True,150.000,173.000,0.000,223.000,118.000,0.405556,0.305556,-0.861487,54.770,80.621,139.176,3233.0
Josuep_9_puntos_intento_7.mp4,866,7216.667,True,150.000,173.000,0.000,224.000,119.000,0.411111,0.300000,-0.860806,54.978,84.158,137.940,3257.0
Josuep_9_puntos_intento_7.mp4,867,7225.000,True,150.000,173.000,0.000,224.000,119.000,0.411111,0.300000,-0.860806,55.226,83.640,136.623,3246.5
Josuep_9_puntos_intento_7.mp4,868,7233.333,True,150.000,173.000,0.000,223.000,118.000,0.405556,0.305556,-0.861487,53.737,81.931,134.255,3128.0
Josuep_9_puntos_intento_7.mp4,869,7241.667,True,150.000,173.000,0.000,223.000,118.000,0.405556,0.305556,-0.861487,54.260,81.515,136.182,3096.5
Josuep_9_puntos_intento_7.mp4,870,7250.000,True,150.000,173.000,0.000,222.000,117.000,0.400000,0.311111,-0.862096,53.526,81.247,131.910,3113.0
Josuep_9_puntos_intento_7.mp4,871,7258.333,True,150.000,173.000,0.000,223.000,117.000,0.405556,0.311111,-0.859497,53.101,80.227,133.307,3090.0
Josuep_9_puntos_intento_7.mp4,872,7266.667,True,150.000,173.000,0.000,223.000,118.000,0.405556,0.305556,-0.861487,53.538,80.381,134.968,3098.0
Josuep_9_puntos_intento_7.mp4,873,7275.000,True,150.000,173.000,0.000,223.000,117.000,0.405556,0.311111,-0.859497,52.898,80.473,135.392,3063.0
Josuep_9_puntos_intento_7.mp4,874,7283.333,True,150.000,173.000,0.000,222.000,117.000,0.400000,0.311111,-0.862096,53.504,80.579,135.327,3122.0
Josuep_9_puntos_intento_7.mp4,875,7291.667,True,150.000,173.000,0.000,222.000,117.000,0.400000,0.311111,-0.862096,53.547,80.381,135.627,3080.0
Josuep_9_puntos_intento_7.mp4,876,7300.000,True,150.000,173.000,0.000,223.000,117.000,0.405556,0.311111,-0.859497,53.249,81.274,137.079,3086.5
Josuep_9_puntos_intento_7.mp4,877,7308.333,True,150.000,173.000,0.000,223.000,118.000,0.405556,0.305556,-0.861487,53.856,82.239,139.436,3111.5
Josuep_9_puntos_intento_7.mp4,878,7316.667,True,150.000,173.000,0.000,222.000,117.000,0.400000,0.311111,-0.862096,53.624,81.257,134.250,3124.5
Josuep_9_puntos_intento_7.mp4,879,7325.000,True,150.000,173.000,0.000,223.000,118.000,0.405556,0.305556,-0.861487,53.215,81.426,137.365,3051.5
Josuep_9_puntos_intento_7.mp4,880,7333.333,True,150.000,173.000,0.000,223.000,117.000,0.405556,0.311111,-0.859497,53.457,81.488,136.647,3099.0
Josuep_9_puntos_intento_7.mp4,881,7341.667,True,150.000,173.000,0.000,223.000,117.000,0.405556,0.311111,-0.859497,53.415,81.228,136.614,3069.0
Josuep_9_puntos_intento_7.mp4,882,7350.000,True,150.000,173.000,0.000,223.000,117.000,0.405556,0.311111,-0.859497,53.368,80.911,136.017,3069.0
Josuep_9_puntos_intento_7.mp4,883,7358.333,True,150.000,173.000,0.000,222.000,116.000,0.400000,0.316667,-0.860071,53.350,80.350,133.572,3075.0
Josuep_9_puntos_intento_7.mp4,884,7366.667,True,150.000,173.000,0.000,222.000,116.000,0.400000,0.316667,-0.860071,53.807,79.374,134.549,3102.0
Josuep_9_puntos_intento_7.mp4,885,7375.000,True,150.000,173.000,0.000,222.000,116.000,0.400000,0.316667,-0.860071,53.595,80.001,133.506,3094.0
Josuep_9_puntos_intento_7.mp4,886,7383.333,True,150.000,173.000,0.000,222.000,116.000,0.400000,0.316667,-0.860071,53.164,80.031,134.930,3112.0
Josuep_9_puntos_intento_7.mp4,887,7391.667,True,150.000,173.000,0.000,222.000,117.000,0.400000,0.311111,-0.862096,53.461,80.400,137.644,3087.5
Josuep_9_puntos_intento_7.mp4,888,7400.000,True,150.000,173.000,0.000,222.000,116.000,0.400000,0.316667,-0.860071,53.795,80.381,135.500,3138.5
Josuep_9_puntos_intento_7.mp4,889,7408.333,True,150.000,173.000,0.000,223.000,116.000,0.405556,0.316667,-0.857465,53.567,79.755,134.322,3114.5
Josuep_9_puntos_intento_7.mp4,890,7416.667,True,150.000,173.000,0.000,222.000,117.000,0.400000,0.311111,-0.862096,53.494,80.681,135.516,3125.5
Josuep_9_puntos_intento_7.mp4,891,7425.000,True,150.000,173.000,0.000,222.000,116.000,0.400000,0.316667,-0.860071,53.179,79.703,132.982,3088.0
Josuep_9_puntos_intento_7.mp4,892,7433.333,True,150.000,173.000,0.000,222.000,117.000,0.400000,0.311111,-0.862096,53.834,80.386,135.708,3140.0
Josuep_9_puntos_intento_7.mp4,893,7441.667,True,150.000,173.000,0.000,222.000,116.000,0.400000,0.316667,-0.860071,53.190,80.613,132.796,3067.5
Josuep_9_puntos_intento_7.mp4,894,7450.000,True,150.000,173.000,0.000,222.000,117.000,0.400000,0.311111,-0.862096,53.371,81.615,135.441,3115.5
Josuep_9_puntos_intento_7.mp4,895,7458.333,True,150.000,173.000,0.000,223.000,117.000,0.405556,0.311111,-0.859497,53.333,81.513,135.710,3081.5
Josuep_9_puntos_intento_7.mp4,896,7466.667,True,150.000,173.000,0.000,223.000,117.000,0.405556,0.311111,-0.859497,53.447,81.715,135.943,3123.5
Josuep_9_puntos_intento_7.mp4,897,7475.000,True,150.000,173.000,0.000,223.000,117.000,0.405556,0.311111,-0.859497,53.963,81.861,135.263,3134.0
Josuep_9_puntos_intento_7.mp4,898,7483.333,True,150.000,173.000,0.000,222.000,117.000,0.400000,0.311111,-0.862096,53.762,81.972,136.556,3116.0
Josuep_9_puntos_intento_7.mp4,899,7491.667,True,150.000,173.000,0.000,223.000,117.000,0.405556,0.311111,-0.859497,53.625,82.039,134.434,3170.0
Josuep_9_puntos_intento_7.mp4,900,7500.000,True,150.000,173.000,0.000,223.000,117.000,0.405556,0.311111,-0.859497,54.312,81.472,134.859,3133.5
Josuep_9_puntos_intento_7.mp4,901,7508.333,True,150.000,173.000,0.000,222.000,117.000,0.400000,0.311111,-0.862096,54.227,81.813,133.110,3142.0
Josuep_9_puntos_intento_7.mp4,902,7516.667,True,150.000,173.000,0.000,223.000,117.000,0.405556,0.311111,-0.859497,54.416,81.993,131.252,3153.5
Josuep_9_puntos_intento_7.mp4,903,7525.000,True,150.000,173.000,0.000,223.000,117.000,0.405556,0.311111,-0.859497,54.876,81.779,133.061,3153.0
Josuep_9_puntos_intento_7.mp4,904,7533.333,True,150.000,173.000,0.000,222.000,117.000,0.400000,0.311111,-0.862096,54.237,81.474,134.282,3174.5
Josuep_9_puntos_intento_7.mp4,905,7541.667,True,150.000,173.000,0.000,222.000,117.000,0.400000,0.311111,-0.862096,53.814,81.820,133.822,3143.5
Josuep_9_puntos_intento_7.mp4,906,7550.000,True,150.000,173.000,0.000,222.000,116.000,0.400000,0.316667,-0.860071,54.573,81.743,133.398,3185.5
Josuep_9_puntos_intento_7.mp4,907,7558.333,True,150.000,173.000,0.000,223.000,116.000,0.405556,0.316667,-0.857465,54.187,80.605,132.546,3177.5
Josuep_9_puntos_intento_7.mp4,908,7566.667,True,150.000,173.000,0.000,223.000,117.000,0.405556,0.311111,-0.859497,54.647,81.802,134.131,3161.0
Josuep_9_puntos_intento_7.mp4,909,7575.000,True,150.000,173.000,0.000,222.000,116.000,0.400000,0.316667,-0.860071,53.584,81.454,132.424,3128.0
Josuep_9_puntos_intento_7.mp4,910,7583.333,True,150.000,173.000,0.000,222.000,116.000,0.400000,0.316667,-0.860071,54.017,81.336,133.715,3159.5
Josuep_9_puntos_intento_7.mp4,911,7591.667,True,150.000,173.000,0.000,222.000,116.000,0.400000,0.316667,-0.860071,53.552,81.029,135.193,3126.5
Josuep_9_puntos_intento_7.mp4,912,7600.000,True,150.000,173.000,0.000,222.000,116.000,0.400000,0.316667,-0.860071,53.351,80.281,133.810,3120.0
Josuep_9_puntos_intento_7.mp4,913,7608.333,True,150.000,173.000,0.000,222.000,116.000,0.400000,0.316667,-0.860071,53.454,79.604,130.700,3054.0
Josuep_9_puntos_intento_7.mp4,914,7616.667,True,150.000,173.000,0.000,222.000,116.000,0.400000,0.316667,-0.860071,54.532,79.709,132.656,3186.5
Josuep_9_puntos_intento_7.mp4,915,7625.000,True,150.000,173.000,0.000,222.000,116.000,0.400000,0.316667,-0.860071,53.758,79.635,132.329,3120.0
Josuep_9_puntos_intento_7.mp4,916,7633.333,True,150.000,173.000,0.000,223.000,116.000,0.405556,0.316667,-0.857465,53.688,81.023,131.831,3165.0
Josuep_9_puntos_intento_7.mp4,917,7641.667,True,150.000,173.000,0.000,222.000,116.000,0.400000,0.316667,-0.860071,53.282,80.048,131.683,3097.0
Josuep_9_puntos_intento_7.mp4,918,7650.000,True,150.000,173.000,0.000,222.000,116.000,0.400000,0.316667,-0.860071,53.528,80.492,131.467,3114.0
Josuep_9_puntos_intento_7.mp4,919,7658.333,True,150.000,173.000,0.000,223.000,117.000,0.405556,0.311111,-0.859497,53.957,81.825,134.654,3133.5
Josuep_9_puntos_intento_7.mp4,920,7666.667,True,150.000,173.000,0.000,222.000,116.000,0.400000,0.316667,-0.860071,53.403,80.254,131.071,3118.0
Josuep_9_puntos_intento_7.mp4,921,7675.000,True,150.000,173.000,0.000,223.000,117.000,0.405556,0.311111,-0.859497,53.485,80.609,134.763,3045.5
Josuep_9_puntos_intento_7.mp4,922,7683.333,True,150.000,173.000,0.000,222.000,116.000,0.400000,0.316667,-0.860071,53.477,80.779,133.508,3095.5
Josuep_9_puntos_intento_7.mp4,923,7691.667,True,150.000,173.000,0.000,222.000,116.000,0.400000,0.316667,-0.860071,53.074,79.111,130.902,3003.0
Josuep_9_puntos_intento_7.mp4,924,7700.000,True,150.000,173.000,0.000,222.000,117.000,0.400000,0.311111,-0.862096,53.453,81.465,136.519,3058.5
Josuep_9_puntos_intento_7.mp4,925,7708.333,True,150.000,173.000,0.000,223.000,116.000,0.405556,0.316667,-0.857465,52.689,80.655,131.290,3056.0
Josuep_9_puntos_intento_7.mp4,926,7716.667,True,150.000,173.000,0.000,222.000,116.000,0.400000,0.316667,-0.860071,53.266,82.001,134.760,3092.0
Josuep_9_puntos_intento_7.mp4,927,7725.000,True,150.000,173.000,0.000,222.000,115.000,0.400000,0.322222,-0.858005,53.622,78.639,128.750,3021.5
Josuep_9_puntos_intento_7.mp4,928,7733.333,True,150.000,173.000,0.000,221.000,115.000,0.394444,0.322222,-0.860573,52.449,77.516,129.891,3035.0
Josuep_9_puntos_intento_7.mp4,929,7741.667,True,150.000,173.000,0.000,221.000,115.000,0.394444,0.322222,-0.860573,51.844,78.083,130.653,2968.5
Josuep_9_puntos_intento_7.mp4,930,7750.000,True,150.000,173.000,0.000,222.000,116.000,0.400000,0.316667,-0.860071,52.850,79.253,132.335,3019.0
Josuep_9_puntos_intento_7.mp4,931,7758.333,True,150.000,173.000,0.000,222.000,114.000,0.400000,0.327778,-0.855898,51.718,77.471,130.841,2950.0
Josuep_9_puntos_intento_7.mp4,932,7766.667,True,150.000,173.000,0.000,221.000,115.000,0.394444,0.322222,-0.860573,52.067,77.451,130.697,2976.5
Josuep_9_puntos_intento_7.mp4,933,7775.000,True,150.000,173.000,0.000,221.000,115.000,0.394444,0.322222,-0.860573,52.047,79.273,133.385,2936.0
Josuep_9_puntos_intento_7.mp4,934,7783.333,True,150.000,173.000,0.000,221.000,115.000,0.394444,0.322222,-0.860573,51.818,78.350,130.047,2937.5
Josuep_9_puntos_intento_7.mp4,935,7791.667,True,150.000,173.000,0.000,221.000,114.000,0.394444,0.327778,-0.858473,51.604,77.036,128.488,2923.5
Josuep_9_puntos_intento_7.mp4,936,7800.000,True,150.000,173.000,0.000,221.000,114.000,0.394444,0.327778,-0.858473,51.405,78.208,128.265,2925.5
Josuep_9_puntos_intento_7.mp4,937,7808.333,True,150.000,173.000,0.000,222.000,116.000,0.400000,0.316667,-0.860071,50.932,82.307,134.265,2835.0
Josuep_9_puntos_intento_7.mp4,938,7816.667,True,150.000,173.000,0.000,222.000,115.000,0.400000,0.322222,-0.858005,50.932,80.530,131.472,2844.5
Josuep_9_puntos_intento_7.mp4,939,7825.000,True,150.000,173.000,0.000,222.000,115.000,0.400000,0.322222,-0.858005,50.265,79.505,130.928,2811.0
Josuep_9_puntos_intento_7.mp4,940,7833.333,True,150.000,173.000,0.000,222.000,114.000,0.400000,0.327778,-0.855898,51.310,79.589,127.316,2867.5
Josuep_9_puntos_intento_7.mp4,941,7841.667,True,150.000,173.000,0.000,221.000,114.000,0.394444,0.327778,-0.858473,50.120,78.438,129.980,2772.0
Josuep_9_puntos_intento_7.mp4,942,7850.000,True,150.000,173.000,0.000,222.000,115.000,0.400000,0.322222,-0.858005,50.329,79.537,132.846,2783.0
Josuep_9_puntos_intento_7.mp4,943,7858.333,True,150.000,173.000,0.000,221.000,114.000,0.394444,0.327778,-0.858473,50.242,77.128,128.382,2751.5
Josuep_9_puntos_intento_7.mp4,944,7866.667,True,150.000,173.000,0.000,221.000,114.000,0.394444,0.327778,-0.858473,51.458,76.098,127.121,2793.5
Josuep_9_puntos_intento_7.mp4,945,7875.000,True,150.000,173.000,0.000,221.000,114.000,0.394444,0.327778,-0.858473,50.612,77.696,129.718,2737.5
Josuep_9_puntos_intento_7.mp4,946,7883.333,True,150.000,173.000,0.000,221.000,113.000,0.394444,0.333333,-0.856331,51.008,76.796,124.702,2771.5
Josuep_9_puntos_intento_7.mp4,947,7891.667,True,150.000,173.000,0.000,221.000,113.000,0.394444,0.333333,-0.856331,50.360,75.964,125.857,2703.0
Josuep_9_puntos_intento_7.mp4,948,7900.000,True,150.000,173.000,0.000,221.000,114.000,0.394444,0.327778,-0.858473,51.436,77.149,126.343,2751.5
Josuep_9_puntos_intento_7.mp4,949,7908.333,True,150.000,173.000,0.000,219.000,112.000,0.383333,0.338889,-0.859191,50.904,74.963,123.489,2717.0
Josuep_9_puntos_intento_7.mp4,950,7916.667,True,150.000,173.000,0.000,219.000,113.000,0.383333,0.333333,-0.861362,51.336,73.506,123.208,2674.0
Josuep_9_puntos_intento_7.mp4,951,7925.000,True,150.000,173.000,0.000,219.000,113.000,0.383333,0.333333,-0.861362,51.731,74.454,126.187,2689.0
Josuep_9_puntos_intento_7.mp4,952,7933.333,True,150.000,173.000,0.000,218.000,112.000,0.377778,0.338889,-0.861649,51.778,73.734,119.990,2668.5
Josuep_9_puntos_intento_7.mp4,953,7941.667,True,150.000,173.000,0.000,218.000,112.000,0.377778,0.338889,-0.861649,51.837,71.855,120.563,2597.0
Josuep_9_puntos_intento_7.mp4,954,7950.000,True,150.000,173.000,0.000,217.000,111.000,0.372222,0.344444,-0.861863,50.734,74.533,117.203,2640.5
Josuep_9_puntos_intento_7.mp4,955,7958.333,True,150.000,173.000,0.000,217.000,112.000,0.372222,0.338889,-0.864063,50.000,74.459,117.246,2584.0
Josuep_9_puntos_intento_7.mp4,956,7966.667,True,150.000,173.000,0.000,218.000,112.000,0.377778,0.338889,-0.861649,50.635,72.708,116.840,2538.5
Josuep_9_puntos_intento_7.mp4,957,7975.000,True,150.000,173.000,0.000,219.000,111.000,0.383333,0.344444,-0.856979,49.961,72.855,118.570,2491.5
Josuep_9_puntos_intento_7.mp4,958,7983.333,True,150.000,173.000,0.000,219.000,111.000,0.383333,0.344444,-0.856979,49.476,72.942,119.031,2543.0
Josuep_9_puntos_intento_7.mp4,959,7991.667,True,150.000,173.000,0.000,219.000,111.000,0.383333,0.344444,-0.856979,49.835,72.306,118.525,2483.0
Josuep_9_puntos_intento_7.mp4,960,8000.000,True,150.000,173.000,0.000,219.000,112.000,0.383333,0.338889,-0.859191,50.406,72.760,121.621,2502.5
Josuep_9_puntos_intento_7.mp4,961,8008.333,True,150.000,173.000,0.000,221.000,115.000,0.394444,0.322222,-0.860573,50.418,78.770,132.080,2501.5
Josuep_9_puntos_intento_7.mp4,962,8016.667,True,150.000,173.000,0.000,220.000,113.000,0.388889,0.333333,-0.858868,50.409,75.193,128.689,2501.0
Josuep_9_puntos_intento_7.mp4,963,8025.000,True,150.000,173.000,0.000,221.000,114.000,0.394444,0.327778,-0.858473,49.880,76.882,129.485,2497.5
Josuep_9_puntos_intento_7.mp4,964,8033.333,True,150.000,173.000,0.000,221.000,114.000,0.394444,0.327778,-0.858473,50.977,76.890,130.149,2515.0
Josuep_9_puntos_intento_7.mp4,965,8041.667,True,150.000,173.000,0.000,221.000,114.000,0.394444,0.327778,-0.858473,50.550,75.707,129.594,2498.0
Josuep_9_puntos_intento_7.mp4,966,8050.000,True,150.000,173.000,0.000,220.000,112.000,0.388889,0.338889,-0.856691,49.368,73.243,122.305,2517.0
Josuep_9_puntos_intento_7.mp4,967,8058.333,True,150.000,173.000,0.000,220.000,111.000,0.388889,0.344444,-0.854473,48.963,73.164,118.314,2493.5
Josuep_9_puntos_intento_7.mp4,968,8066.667,True,150.000,173.000,0.000,220.000,111.000,0.388889,0.344444,-0.854473,49.362,72.064,116.344,2495.0
Josuep_9_puntos_intento_7.mp4,969,8075.000,True,150.000,173.000,0.000,220.000,111.000,0.388889,0.344444,-0.854473,49.146,73.162,119.251,2462.0
Josuep_9_puntos_intento_7.mp4,970,8083.333,True,150.000,173.000,0.000,219.000,111.000,0.383333,0.344444,-0.856979,49.639,73.202,118.835,2475.0
Josuep_9_puntos_intento_7.mp4,971,8091.667,True,150.000,173.000,0.000,220.000,111.000,0.388889,0.344444,-0.854473,47.161,72.716,120.471,2407.5
Josuep_9_puntos_intento_7.mp4,972,8100.000,True,150.000,173.000,0.000,219.000,110.000,0.383333,0.350000,-0.854725,48.343,71.855,115.994,2413.5
Josuep_9_puntos_intento_7.mp4,973,8108.333,True,150.000,173.000,0.000,219.000,111.000,0.383333,0.344444,-0.856979,49.041,72.535,117.362,2429.0
Josuep_9_puntos_intento_7.mp4,974,8116.667,True,150.000,173.000,0.000,220.000,110.000,0.388889,0.350000,-0.852212,48.145,72.433,116.704,2418.0
Josuep_9_puntos_intento_7.mp4,975,8125.000,True,150.000,173.000,0.000,219.000,111.000,0.383333,0.344444,-0.856979,49.089,71.171,118.696,2371.5
Josuep_9_puntos_intento_7.mp4,976,8133.333,True,150.000,173.000,0.000,220.000,111.000,0.388889,0.344444,-0.854473,49.860,70.527,118.700,2376.0
Josuep_9_puntos_intento_7.mp4,977,8141.667,True,150.000,173.000,0.000,220.000,110.000,0.388889,0.350000,-0.852212,47.893,72.531,116.577,2374.5
Josuep_9_puntos_intento_7.mp4,978,8150.000,True,150.000,173.000,0.000,220.000,110.000,0.388889,0.350000,-0.852212,48.629,71.269,117.507,2362.0
Josuep_9_puntos_intento_7.mp4,979,8158.333,True,150.000,173.000,0.000,220.000,111.000,0.388889,0.344444,-0.854473,48.218,71.816,119.039,2323.0
Josuep_9_puntos_intento_7.mp4,980,8166.667,True,150.000,173.000,0.000,219.000,111.000,0.383333,0.344444,-0.856979,48.161,73.709,118.149,2330.5
Josuep_9_puntos_intento_7.mp4,981,8175.000,True,150.000,173.000,0.000,219.000,110.000,0.383333,0.350000,-0.854725,47.688,71.178,114.421,2328.0
Josuep_9_puntos_intento_7.mp4,982,8183.333,True,150.000,173.000,0.000,220.000,110.000,0.388889,0.350000,-0.852212,47.477,71.615,115.413,2281.5
Josuep_9_puntos_intento_7.mp4,983,8191.667,True,150.000,173.000,0.000,219.000,109.000,0.383333,0.355556,-0.852429,46.990,71.701,109.915,2271.0
Josuep_9_puntos_intento_7.mp4,984,8200.000,True,150.000,173.000,0.000,219.000,109.000,0.383333,0.355556,-0.852429,46.638,70.269,109.336,2229.0
Josuep_9_puntos_intento_7.mp4,985,8208.333,True,150.000,173.000,0.000,219.000,110.000,0.383333,0.350000,-0.854725,46.914,71.310,116.993,2223.0
Josuep_9_puntos_intento_7.mp4,986,8216.667,True,150.000,173.000,0.000,220.000,111.000,0.388889,0.344444,-0.854473,47.646,73.472,123.947,2197.0
Josuep_9_puntos_intento_7.mp4,987,8225.000,True,150.000,173.000,0.000,219.000,109.000,0.383333,0.355556,-0.852429,45.647,71.962,118.084,2164.5
Josuep_9_puntos_intento_7.mp4,988,8233.333,True,150.000,173.000,0.000,220.000,111.000,0.388889,0.344444,-0.854473,47.295,73.218,122.914,2123.5
Josuep_9_puntos_intento_7.mp4,989,8241.667,True,150.000,173.000,0.000,217.000,107.000,0.372222,0.366667,-0.852647,43.983,70.732,109.498,2102.5
Josuep_9_puntos_intento_7.mp4,990,8250.000,True,150.000,173.000,0.000,219.000,109.000,0.383333,0.355556,-0.852429,45.963,71.687,115.822,2099.0
Josuep_9_puntos_intento_7.mp4,991,8258.333,True,150.000,173.000,0.000,219.000,108.000,0.383333,0.361111,-0.850091,44.281,72.070,114.188,2047.5
Josuep_9_puntos_intento_7.mp4,992,8266.667,True,150.000,173.000,0.000,220.000,109.000,0.388889,0.355556,-0.849909,44.877,71.090,116.555,2057.0
Josuep_9_puntos_intento_7.mp4,993,8275.000,True,150.000,173.000,0.000,219.000,106.000,0.383333,0.372222,-0.845285,43.552,69.487,111.904,2000.0
Josuep_9_puntos_intento_7.mp4,994,8283.333,True,150.000,173.000,0.000,220.000,108.000,0.388889,0.361111,-0.847564,43.312,70.317,114.909,1955.0
Josuep_9_puntos_intento_7.mp4,995,8291.667,True,150.000,173.000,0.000,218.000,106.000,0.377778,0.372222,-0.847782,42.355,68.936,110.805,1942.0
Josuep_9_puntos_intento_7.mp4,996,8300.000,True,150.000,173.000,0.000,218.000,107.000,0.377778,0.366667,-0.850200,42.323,70.939,112.416,1920.5
Josuep_9_puntos_intento_7.mp4,997,8308.333,True,150.000,173.000,0.000,218.000,108.000,0.377778,0.361111,-0.852574,43.441,69.052,117.091,1882.0
Josuep_9_puntos_intento_7.mp4,998,8316.667,True,150.000,173.000,0.000,219.000,108.000,0.383333,0.361111,-0.850091,44.091,69.137,115.367,1893.5
Josuep_9_puntos_intento_7.mp4,999,8325.000,True,150.000,173.000,0.000,219.000,106.000,0.383333,0.372222,-0.845285,40.743,71.697,113.838,1827.5
Josuep_9_puntos_intento_7.mp4,1000,8333.333,True,150.000,173.000,0.000,218.000,105.000,0.377778,0.377778,-0.845321,39.810,69.015,109.629,1776.5
Josuep_9_puntos_intento_7.mp4,1001,8341.667,True,150.000,173.000,0.000,217.000,104.000,0.372222,0.383333,-0.845285,38.938,68.833,107.804,1760.5
Josuep_9_puntos_intento_7.mp4,1002,8350.000,True,150.000,173.000,0.000,217.000,103.000,0.372222,0.388889,-0.842743,39.646,68.109,101.648,1677.5
Josuep_9_puntos_intento_7.mp4,1003,8358.333,True,150.000,173.000,0.000,217.000,103.000,0.372222,0.388889,-0.842743,38.053,64.361,101.877,1589.5
Josuep_9_puntos_intento_7.mp4,1004,8366.667,True,150.000,173.000,0.000,214.000,102.000,0.355556,0.394444,-0.847345,37.464,66.415,100.930,1571.5
Josuep_9_puntos_intento_7.mp4,1005,8375.000,True,150.000,173.000,0.000,216.000,102.000,0.366667,0.394444,-0.842597,37.085,67.374,100.641,1535.5
Josuep_9_puntos_intento_7.mp4,1006,8383.333,True,150.000,173.000,0.000,215.000,102.000,0.361111,0.394444,-0.844993,37.481,65.930,102.015,1569.5
Josuep_9_puntos_intento_7.mp4,1007,8391.667,True,150.000,173.000,0.000,216.000,101.000,0.366667,0.400000,-0.839974,36.204,64.329,101.952,1493.5
Josuep_9_puntos_intento_7.mp4,1008,8400.000,True,150.000,173.000,0.000,215.000,101.000,0.361111,0.400000,-0.842377,35.634,64.707,101.527,1469.0
Josuep_9_puntos_intento_7.mp4,1009,8408.333,True,150.000,173.000,0.000,211.000,99.000,0.338889,0.411111,-0.846252,35.179,50.271,92.649,1294.5
Josuep_9_puntos_intento_7.mp4,1010,8416.667,True,150.000,173.000,0.000,211.000,99.000,0.338889,0.411111,-0.846252,35.879,49.911,90.406,1291.0
Josuep_9_puntos_intento_7.mp4,1011,8425.000,True,150.000,173.000,0.000,211.000,98.000,0.338889,0.416667,-0.843530,33.915,49.851,89.324,1232.5
Josuep_9_puntos_intento_7.mp4,1012,8433.333,True,150.000,173.000,0.000,211.000,99.000,0.338889,0.411111,-0.846252,34.432,49.309,89.322,1248.0
Josuep_9_puntos_intento_7.mp4,1013,8441.667,True,150.000,173.000,0.000,211.000,98.000,0.338889,0.416667,-0.843530,33.967,49.122,85.611,1220.5
Josuep_9_puntos_intento_7.mp4,1014,8450.000,True,150.000,173.000,0.000,210.000,99.000,0.333333,0.411111,-0.848455,34.024,46.993,85.215,1150.0
Josuep_9_puntos_intento_7.mp4,1015,8458.333,True,150.000,173.000,0.000,210.000,98.000,0.333333,0.416667,-0.845741,34.039,47.171,83.761,1152.0
Josuep_9_puntos_intento_7.mp4,1016,8466.667,True,150.000,174.000,0.000,211.000,98.000,0.338889,0.422222,-0.840763,34.483,47.799,86.461,1176.5
Josuep_9_puntos_intento_7.mp4,1017,8475.000,True,150.000,174.000,0.000,210.000,98.000,0.333333,0.422222,-0.842981,33.368,48.568,84.753,1150.0
Josuep_9_puntos_intento_7.mp4,1018,8483.333,True,150.000,174.000,0.000,210.000,98.000,0.333333,0.422222,-0.842981,33.057,47.699,86.668,1146.5
Josuep_9_puntos_intento_7.mp4,1019,8491.667,True,150.000,174.000,0.000,215.000,100.000,0.361111,0.411111,-0.837010,34.513,62.007,101.513,1294.0
Josuep_9_puntos_intento_7.mp4,1020,8500.000,True,150.000,174.000,0.000,214.000,99.000,0.355556,0.416667,-0.836642,32.592,66.323,99.933,1302.0
Josuep_9_puntos_intento_7.mp4,1021,8508.333,True,150.000,174.000,0.000,216.000,99.000,0.366667,0.416667,-0.831832,32.568,65.943,99.336,1313.0
Josuep_9_puntos_intento_7.mp4,1022,8516.667,True,150.000,174.000,0.000,216.000,100.000,0.366667,0.411111,-0.834592,33.766,66.084,103.829,1331.5
Josuep_9_puntos_intento_7.mp4,1023,8525.000,True,150.000,174.000,0.000,216.000,100.000,0.366667,0.411111,-0.834592,33.009,66.354,103.425,1336.0
Josuep_9_puntos_intento_7.mp4,1024,8533.333,True,150.000,174.000,0.000,215.000,99.000,0.361111,0.416667,-0.834259,31.984,66.740,103.252,1344.0
Josuep_9_puntos_intento_7.mp4,1025,8541.667,True,150.000,174.000,0.000,215.000,99.000,0.361111,0.416667,-0.834259,33.019,64.175,101.121,1374.5
Josuep_9_puntos_intento_7.mp4,1026,8550.000,True,150.000,174.000,0.000,214.000,99.000,0.355556,0.416667,-0.836642,31.746,64.880,100.247,1325.0
Josuep_9_puntos_intento_7.mp4,1027,8558.333,True,150.000,174.000,0.000,215.000,98.000,0.361111,0.422222,-0.831461,32.925,63.242,99.153,1315.5
Josuep_9_puntos_intento_7.mp4,1028,8566.667,True,150.000,174.000,0.000,215.000,98.000,0.361111,0.422222,-0.831461,32.510,67.160,97.043,1370.5
Josuep_9_puntos_intento_7.mp4,1029,8575.000,True,150.000,174.000,0.000,216.000,99.000,0.366667,0.416667,-0.831832,33.943,65.591,98.500,1354.0
Josuep_9_puntos_intento_7.mp4,1030,8583.333,True,150.000,174.000,0.000,215.000,100.000,0.361111,0.411111,-0.837010,33.246,64.833,100.766,1349.0
Josuep_9_puntos_intento_7.mp4,1031,8591.667,True,150.000,174.000,0.000,215.000,99.000,0.361111,0.416667,-0.834259,33.831,65.719,99.287,1373.0
Josuep_9_puntos_intento_7.mp4,1032,8600.000,True,150.000,174.000,0.000,216.000,100.000,0.366667,0.411111,-0.834592,33.259,66.959,99.222,1375.0
Josuep_9_puntos_intento_7.mp4,1033,8608.333,True,150.000,174.000,0.000,214.000,99.000,0.355556,0.416667,-0.836642,33.188,64.275,99.565,1418.5
Josuep_9_puntos_intento_7.mp4,1034,8616.667,True,150.000,174.000,0.000,215.000,99.000,0.361111,0.416667,-0.834259,32.159,65.839,99.428,1379.5
Josuep_9_puntos_intento_7.mp4,1035,8625.000,True,150.000,174.000,0.000,216.000,99.000,0.366667,0.416667,-0.831832,32.649,64.600,99.432,1376.5
Josuep_9_puntos_intento_7.mp4,1036,8633.333,True,150.000,174.000,0.000,215.000,103.000,0.361111,0.394444,-0.844993,38.610,62.422,109.489,1368.0
Josuep_9_puntos_intento_7.mp4,1037,8641.667,True,150.000,174.000,0.000,207.000,99.000,0.316667,0.416667,-0.852122,32.611,66.589,96.649,1343.5
Josuep_9_puntos_intento_7.mp4,1038,8650.000,True,150.000,174.000,0.000,197.000,99.000,0.261111,0.416667,-0.870752,31.710,73.360,90.255,1513.0
Josuep_9_puntos_intento_7.mp4,1039,8658.333,True,150.000,174.000,0.000,188.000,98.000,0.211111,0.422222,-0.881567,33.818,65.226,87.123,1551.5
Josuep_9_puntos_intento_7.mp4,1040,8666.667,True,150.000,174.000,0.000,184.000,99.000,0.188889,0.416667,-0.889219,35.067,65.532,87.730,1571.0
Josuep_9_puntos_intento_7.mp4,1041,8675.000,True,150.000,174.000,0.000,183.000,98.000,0.183333,0.422222,-0.887760,32.143,69.436,88.366,1581.5
Josuep_9_puntos_intento_7.mp4,1042,8683.333,True,150.000,174.000,0.000,182.000,98.000,0.177778,0.422222,-0.888889,32.312,69.060,89.003,1572.5
Josuep_9_puntos_intento_7.mp4,1043,8691.667,True,150.000,174.000,0.000,182.000,98.000,0.177778,0.422222,-0.888889,31.717,69.003,90.026,1568.0
Josuep_9_puntos_intento_7.mp4,1044,8700.000,True,150.000,174.000,0.000,183.000,98.000,0.183333,0.422222,-0.887760,32.149,67.813,89.387,1560.0
Josuep_9_puntos_intento_7.mp4,1045,8708.333,True,150.000,174.000,0.000,183.000,99.000,0.183333,0.416667,-0.890381,33.392,67.742,91.599,1547.5
Josuep_9_puntos_intento_7.mp4,1046,8716.667,True,150.000,174.000,0.000,183.000,99.000,0.183333,0.416667,-0.890381,33.200,67.591,92.096,1558.5
Josuep_9_puntos_intento_7.mp4,1047,8725.000,True,150.000,174.000,0.000,184.000,98.000,0.188889,0.422222,-0.886594,32.256,68.471,91.672,1547.5
Josuep_9_puntos_intento_7.mp4,1048,8733.333,True,150.000,174.000,0.000,183.000,98.000,0.183333,0.422222,-0.887760,32.206,69.422,91.900,1559.0
Josuep_9_puntos_intento_7.mp4,1049,8741.667,True,150.000,174.000,0.000,183.000,98.000,0.183333,0.422222,-0.887760,32.107,68.888,91.668,1545.5
Josuep_9_puntos_intento_7.mp4,1050,8750.000,True,150.000,174.000,0.000,184.000,98.000,0.188889,0.422222,-0.886594,32.834,68.037,89.276,1585.5
Josuep_9_puntos_intento_7.mp4,1051,8758.333,True,150.000,174.000,0.000,184.000,98.000,0.188889,0.422222,-0.886594,32.411,67.995,90.468,1567.5
Josuep_9_puntos_intento_7.mp4,1052,8766.667,True,150.000,174.000,0.000,183.000,98.000,0.183333,0.422222,-0.887760,32.567,67.139,90.645,1561.5
Josuep_9_puntos_intento_7.mp4,1053,8775.000,True,150.000,174.000,0.000,183.000,98.000,0.183333,0.422222,-0.887760,32.195,65.681,89.278,1518.5
Josuep_9_puntos_intento_7.mp4,1054,8783.333,True,150.000,174.000,0.000,184.000,98.000,0.188889,0.422222,-0.886594,32.822,67.120,89.471,1560.0
Josuep_9_puntos_intento_7.mp4,1055,8791.667,True,150.000,174.000,0.000,183.000,98.000,0.183333,0.422222,-0.887760,33.305,66.816,91.039,1523.0
Josuep_9_puntos_intento_7.mp4,1056,8800.000,True,150.000,174.000,0.000,183.000,98.000,0.183333,0.422222,-0.887760,31.651,68.829,88.480,1552.0
Josuep_9_puntos_intento_7.mp4,1057,8808.333,True,150.000,174.000,0.000,183.000,98.000,0.183333,0.422222,-0.887760,32.760,66.133,91.041,1513.5
Josuep_9_puntos_intento_7.mp4,1058,8816.667,True,150.000,174.000,0.000,183.000,97.000,0.183333,0.427778,-0.885096,31.065,67.519,91.780,1509.5
Josuep_9_puntos_intento_7.mp4,1059,8825.000,True,150.000,174.000,0.000,183.000,98.000,0.183333,0.422222,-0.887760,31.715,67.822,91.450,1486.0
Josuep_9_puntos_intento_7.mp4,1060,8833.333,True,150.000,174.000,0.000,183.000,97.000,0.183333,0.427778,-0.885096,31.098,67.460,91.057,1486.0
Josuep_9_puntos_intento_7.mp4,1061,8841.667,True,150.000,174.000,0.000,183.000,97.000,0.183333,0.427778,-0.885096,32.043,65.876,92.207,1480.5
Josuep_9_puntos_intento_7.mp4,1062,8850.000,True,150.000,174.000,0.000,183.000,97.000,0.183333,0.427778,-0.885096,32.024,69.533,90.015,1523.0
Josuep_9_puntos_intento_7.mp4,1063,8858.333,True,150.000,174.000,0.000,183.000,97.000,0.183333,0.427778,-0.885096,32.736,66.452,91.395,1507.0
Josuep_9_puntos_intento_7.mp4,1064,8866.667,True,150.000,174.000,0.000,183.000,97.000,0.183333,0.427778,-0.885096,32.074,67.685,90.619,1499.5
Josuep_9_puntos_intento_7.mp4,1065,8875.000,True,150.000,174.000,0.000,183.000,97.000,0.183333,0.427778,-0.885096,31.514,65.988,91.405,1439.0
Josuep_9_puntos_intento_7.mp4,1066,8883.333,True,150.000,174.000,0.000,183.000,97.000,0.183333,0.427778,-0.885096,31.561,68.291,90.744,1499.0
Josuep_9_puntos_intento_7.mp4,1067,8891.667,True,150.000,174.000,0.000,183.000,97.000,0.183333,0.427778,-0.885096,31.829,66.648,90.869,1461.0
Josuep_9_puntos_intento_7.mp4,1068,8900.000,True,150.000,174.000,0.000,182.000,97.000,0.177778,0.427778,-0.886229,31.298,69.228,91.268,1481.5
Josuep_9_puntos_intento_7.mp4,1069,8908.333,True,150.000,174.000,0.000,178.000,98.000,0.155556,0.422222,-0.893046,31.556,69.232,89.195,1461.5
Josuep_9_puntos_intento_7.mp4,1070,8916.667,True,150.000,174.000,0.000,174.000,97.000,0.133333,0.427778,-0.893996,31.012,71.253,87.719,1505.5
Josuep_9_puntos_intento_7.mp4,1071,8925.000,True,150.000,174.000,0.000,173.000,97.000,0.127778,0.427778,-0.894807,31.255,71.397,88.475,1540.0
Josuep_9_puntos_intento_7.mp4,1072,8933.333,True,150.000,174.000,0.000,173.000,97.000,0.127778,0.427778,-0.894807,31.408,73.911,89.947,1581.0
Josuep_9_puntos_intento_7.mp4,1073,8941.667,True,150.000,174.000,0.000,174.000,97.000,0.133333,0.427778,-0.893996,31.517,72.504,88.626,1523.5
Josuep_9_puntos_intento_7.mp4,1074,8950.000,True,150.000,174.000,0.000,174.000,97.000,0.133333,0.427778,-0.893996,29.297,73.760,89.854,1519.0
Josuep_9_puntos_intento_7.mp4,1075,8958.333,True,151.000,174.000,0.000,174.000,97.000,0.127778,0.427778,-0.894807,29.695,75.510,89.467,1531.0
Josuep_9_puntos_intento_7.mp4,1076,8966.667,True,151.000,174.000,0.000,174.000,98.000,0.127778,0.422222,-0.897441,31.838,69.640,90.357,1508.0
Josuep_9_puntos_intento_7.mp4,1077,8975.000,True,151.000,174.000,0.000,174.000,98.000,0.127778,0.422222,-0.897441,32.900,68.447,90.010,1474.0
Josuep_9_puntos_intento_7.mp4,1078,8983.333,True,151.000,174.000,0.000,175.000,97.000,0.133333,0.427778,-0.893996,32.066,68.939,90.426,1493.0
Josuep_9_puntos_intento_7.mp4,1079,8991.667,True,151.000,174.000,0.000,175.000,97.000,0.133333,0.427778,-0.893996,30.932,71.776,88.335,1493.0
Josuep_9_puntos_intento_7.mp4,1080,9000.000,True,151.000,174.000,0.000,176.000,97.000,0.138889,0.427778,-0.893150,29.714,73.762,89.507,1486.0
Josuep_9_puntos_intento_7.mp4,1081,9008.333,True,151.000,174.000,0.000,175.000,99.000,0.133333,0.416667,-0.899228,35.907,69.926,94.756,1475.0
Josuep_9_puntos_intento_7.mp4,1082,9016.667,True,151.000,174.000,0.000,175.000,97.000,0.133333,0.427778,-0.893996,30.582,70.007,90.385,1462.5
Josuep_9_puntos_intento_7.mp4,1083,9025.000,True,151.000,174.000,0.000,175.000,98.000,0.133333,0.422222,-0.896633,31.410,68.863,89.227,1440.0
Josuep_9_puntos_intento_7.mp4,1084,9033.333,True,151.000,174.000,0.000,174.000,98.000,0.127778,0.422222,-0.897441,30.343,71.157,89.328,1445.5
Josuep_9_puntos_intento_7.mp4,1085,9041.667,True,151.000,174.000,0.000,174.000,98.000,0.127778,0.422222,-0.897441,33.220,68.113,89.816,1423.5
Josuep_9_puntos_intento_7.mp4,1086,9050.000,True,151.000,174.000,0.000,174.000,98.000,0.127778,0.422222,-0.897441,32.334,67.890,90.246,1435.5
Josuep_9_puntos_intento_7.mp4,1087,9058.333,True,151.000,174.000,0.000,174.000,97.000,0.127778,0.427778,-0.894807,29.626,70.914,90.843,1396.5
Josuep_9_puntos_intento_7.mp4,1088,9066.667,True,151.000,174.000,0.000,175.000,96.000,0.133333,0.433333,-0.891316,29.151,70.960,90.204,1420.0
Josuep_9_puntos_intento_7.mp4,1089,9075.000,True,151.000,174.000,0.000,176.000,96.000,0.138889,0.433333,-0.890467,29.577,70.231,89.829,1422.5
Josuep_9_puntos_intento_7.mp4,1090,9083.333,True,151.000,174.000,0.000,176.000,96.000,0.138889,0.433333,-0.890467,28.863,71.341,89.325,1380.0
Josuep_9_puntos_intento_7.mp4,1091,9091.667,True,151.000,174.000,0.000,173.000,97.000,0.122222,0.427778,-0.895582,30.206,70.509,89.365,1397.0
Josuep_9_puntos_intento_7.mp4,1092,9100.000,True,151.000,174.000,0.000,174.000,96.000,0.127778,0.433333,-0.892130,28.845,71.860,88.869,1443.5
Josuep_9_puntos_intento_7.mp4,1093,9108.333,True,151.000,174.000,0.000,175.000,97.000,0.133333,0.427778,-0.893996,32.138,68.980,89.605,1409.5
Josuep_9_puntos_intento_7.mp4,1094,9116.667,True,151.000,174.000,0.000,174.000,96.000,0.127778,0.433333,-0.892130,28.281,74.134,90.123,1440.0
Josuep_9_puntos_intento_7.mp4,1095,9125.000,True,151.000,174.000,0.000,175.000,96.000,0.133333,0.433333,-0.891316,28.076,75.975,88.684,1395.0
Josuep_9_puntos_intento_7.mp4,1096,9133.333,True,151.000,174.000,0.000,175.000,96.000,0.133333,0.433333,-0.891316,27.866,75.675,90.245,1423.0
Josuep_9_puntos_intento_7.mp4,1097,9141.667,True,151.000,174.000,0.000,174.000,96.000,0.127778,0.433333,-0.892130,27.733,74.534,88.009,1404.0
Josuep_9_puntos_intento_7.mp4,1098,9150.000,True,151.000,174.000,0.000,174.000,96.000,0.127778,0.433333,-0.892130,28.066,74.383,87.870,1429.5
Josuep_9_puntos_intento_7.mp4,1099,9158.333,True,151.000,174.000,0.000,174.000,96.000,0.127778,0.433333,-0.892130,28.410,74.305,88.846,1419.5
Josuep_9_puntos_intento_7.mp4,1100,9166.667,True,151.000,174.000,0.000,176.000,96.000,0.138889,0.433333,-0.890467,29.892,71.875,89.925,1440.5
Josuep_9_puntos_intento_7.mp4,1101,9175.000,True,151.000,174.000,0.000,178.000,96.000,0.150000,0.433333,-0.888663,28.728,69.237,91.458,1379.0
Josuep_9_puntos_intento_7.mp4,1102,9183.333,True,151.000,174.000,0.000,179.000,97.000,0.155556,0.427778,-0.890398,28.679,69.117,89.353,1369.5
Josuep_9_puntos_intento_7.mp4,1103,9191.667,True,151.000,174.000,0.000,179.000,96.000,0.155556,0.433333,-0.887708,29.190,67.511,88.792,1331.0
Josuep_9_puntos_intento_7.mp4,1104,9200.000,True,151.000,174.000,0.000,180.000,96.000,0.161111,0.433333,-0.886716,29.059,69.575,89.681,1353.0
Josuep_9_puntos_intento_7.mp4,1105,9208.333,True,151.000,174.000,0.000,180.000,96.000,0.161111,0.433333,-0.886716,28.003,66.745,89.435,1284.0
Josuep_9_puntos_intento_7.mp4,1106,9216.667,True,151.000,174.000,0.000,179.000,96.000,0.155556,0.433333,-0.887708,27.402,66.821,88.888,1278.0
Josuep_9_puntos_intento_7.mp4,1107,9225.000,True,151.000,174.000,0.000,179.000,96.000,0.155556,0.433333,-0.887708,27.939,67.692,89.833,1318.0
Josuep_9_puntos_intento_7.mp4,1108,9233.333,True,151.000,174.000,0.000,180.000,96.000,0.161111,0.433333,-0.886716,29.293,67.392,89.110,1342.5
Josuep_9_puntos_intento_7.mp4,1109,9241.667,True,151.000,174.000,0.000,179.000,96.000,0.155556,0.433333,-0.887708,27.865,67.376,88.921,1300.0
Josuep_9_puntos_intento_7.mp4,1110,9250.000,True,151.000,174.000,0.000,180.000,96.000,0.161111,0.433333,-0.886716,27.386,70.285,89.026,1332.5
Josuep_9_puntos_intento_7.mp4,1111,9258.333,True,151.000,174.000,0.000,179.000,96.000,0.155556,0.433333,-0.887708,27.151,70.584,89.781,1310.0
Josuep_9_puntos_intento_7.mp4,1112,9266.667,True,151.000,174.000,0.000,180.000,96.000,0.161111,0.433333,-0.886716,27.375,71.392,88.856,1331.5
Josuep_9_puntos_intento_7.mp4,1113,9275.000,True,151.000,174.000,0.000,180.000,96.000,0.161111,0.433333,-0.886716,27.395,68.732,89.829,1260.0
Josuep_9_puntos_intento_7.mp4,1114,9283.333,True,151.000,174.000,0.000,180.000,96.000,0.161111,0.433333,-0.886716,28.367,67.554,89.146,1319.0
Josuep_9_puntos_intento_7.mp4,1115,9291.667,True,151.000,174.000,0.000,180.000,96.000,0.161111,0.433333,-0.886716,28.449,67.785,88.417,1328.0
Josuep_9_puntos_intento_7.mp4,1116,9300.000,True,151.000,174.000,0.000,180.000,96.000,0.161111,0.433333,-0.886716,29.116,64.796,88.103,1307.0
Josuep_9_puntos_intento_7.mp4,1117,9308.333,True,151.000,174.000,0.000,180.000,96.000,0.161111,0.433333,-0.886716,26.463,68.679,88.948,1274.0
Josuep_9_puntos_intento_7.mp4,1118,9316.667,True,151.000,174.000,0.000,179.000,96.000,0.155556,0.433333,-0.887708,26.229,68.034,87.978,1274.0
Josuep_9_puntos_intento_7.mp4,1119,9325.000,True,151.000,174.000,0.000,180.000,96.000,0.161111,0.433333,-0.886716,25.989,68.734,89.002,1239.0
Josuep_9_puntos_intento_7.mp4,1120,9333.333,True,151.000,174.000,0.000,180.000,95.000,0.161111,0.438889,-0.883979,26.002,69.759,88.496,1249.5
Josuep_9_puntos_intento_7.mp4,1121,9341.667,True,151.000,174.000,0.000,181.000,95.000,0.166667,0.438889,-0.882949,26.709,66.415,88.400,1215.5
Josuep_9_puntos_intento_7.mp4,1122,9350.000,True,151.000,174.000,0.000,181.000,95.000,0.166667,0.438889,-0.882949,26.550,69.743,87.262,1229.0
Josuep_9_puntos_intento_7.mp4,1123,9358.333,True,151.000,174.000,0.000,180.000,96.000,0.161111,0.433333,-0.886716,25.711,67.796,88.022,1193.5
Josuep_9_puntos_intento_7.mp4,1124,9366.667,True,151.000,174.000,0.000,180.000,95.000,0.161111,0.438889,-0.883979,26.047,67.124,88.325,1216.5
Josuep_9_puntos_intento_7.mp4,1125,9375.000,True,151.000,174.000,0.000,180.000,95.000,0.161111,0.438889,-0.883979,27.009,65.583,89.172,1218.0
Josuep_9_puntos_intento_7.mp4,1126,9383.333,True,151.000,174.000,0.000,180.000,95.000,0.161111,0.438889,-0.883979,27.168,65.593,89.023,1225.0
Josuep_9_puntos_intento_7.mp4,1127,9391.667,True,151.000,174.000,0.000,180.000,95.000,0.161111,0.438889,-0.883979,27.270,64.145,88.892,1199.5
Josuep_9_puntos_intento_7.mp4,1128,9400.000,True,151.000,174.000,0.000,180.000,95.000,0.161111,0.438889,-0.883979,25.488,66.073,89.260,1215.5
Josuep_9_puntos_intento_7.mp4,1129,9408.333,True,151.000,174.000,0.000,181.000,96.000,0.166667,0.433333,-0.885689,27.552,68.278,87.785,1237.5
Josuep_9_puntos_intento_7.mp4,1130,9416.667,True,151.000,174.000,0.000,180.000,96.000,0.161111,0.433333,-0.886716,27.394,68.184,88.985,1265.0
Josuep_9_puntos_intento_7.mp4,1131,9425.000,True,151.000,174.000,0.000,180.000,95.000,0.161111,0.438889,-0.883979,26.592,67.433,87.977,1275.0
Josuep_9_puntos_intento_7.mp4,1132,9433.333,True,151.000,174.000,0.000,180.000,96.000,0.161111,0.433333,-0.886716,27.078,68.457,89.083,1245.0
Josuep_9_puntos_intento_7.mp4,1133,9441.667,True,151.000,174.000,0.000,179.000,96.000,0.155556,0.433333,-0.887708,27.683,65.559,87.981,1273.5
Josuep_9_puntos_intento_7.mp4,1134,9450.000,True,151.000,174.000,0.000,180.000,95.000,0.161111,0.438889,-0.883979,27.028,66.503,87.272,1256.5
Josuep_9_puntos_intento_7.mp4,1135,9458.333,True,151.000,174.000,0.000,180.000,95.000,0.161111,0.438889,-0.883979,27.251,66.885,87.452,1263.0
Josuep_9_puntos_intento_7.mp4,1136,9466.667,True,151.000,174.000,0.000,180.000,96.000,0.161111,0.433333,-0.886716,26.701,66.695,87.943,1262.0
Josuep_9_puntos_intento_7.mp4,1137,9475.000,True,151.000,174.000,0.000,180.000,96.000,0.161111,0.433333,-0.886716,27.904,68.161,87.238,1305.0
Josuep_9_puntos_intento_7.mp4,1138,9483.333,True,151.000,174.000,0.000,180.000,96.000,0.161111,0.433333,-0.886716,27.497,66.015,87.068,1271.0
Josuep_9_puntos_intento_7.mp4,1139,9491.667,True,151.000,174.000,0.000,180.000,96.000,0.161111,0.433333,-0.886716,29.056,65.262,87.721,1288.0
Josuep_9_puntos_intento_7.mp4,1140,9500.000,True,151.000,174.000,0.000,180.000,96.000,0.161111,0.433333,-0.886716,28.636,65.290,87.611,1286.5
Josuep_9_puntos_intento_7.mp4,1141,9508.333,True,151.000,174.000,0.000,180.000,96.000,0.161111,0.433333,-0.886716,27.983,68.964,89.917,1289.5
Josuep_9_puntos_intento_7.mp4,1142,9516.667,True,151.000,174.000,0.000,180.000,96.000,0.161111,0.433333,-0.886716,27.320,71.571,90.175,1330.0
Josuep_9_puntos_intento_7.mp4,1143,9525.000,True,151.000,174.000,0.000,180.000,96.000,0.161111,0.433333,-0.886716,26.774,67.611,88.360,1277.5
Josuep_9_puntos_intento_7.mp4,1144,9533.333,True,151.000,174.000,0.000,179.000,96.000,0.155556,0.433333,-0.887708,27.897,67.399,88.441,1274.5
Josuep_9_puntos_intento_7.mp4,1145,9541.667,True,151.000,174.000,0.000,180.000,96.000,0.161111,0.433333,-0.886716,27.912,66.946,88.323,1271.0
Josuep_9_puntos_intento_7.mp4,1146,9550.000,True,151.000,174.000,0.000,181.000,96.000,0.166667,0.433333,-0.885689,27.532,66.698,87.278,1261.5
Josuep_9_puntos_intento_7.mp4,1147,9558.333,True,151.000,174.000,0.000,180.000,96.000,0.161111,0.433333,-0.886716,27.482,67.459,86.971,1273.5
Josuep_9_puntos_intento_7.mp4,1148,9566.667,True,151.000,174.000,0.000,179.000,96.000,0.155556,0.433333,-0.887708,28.176,67.009,89.062,1287.0
Josuep_9_puntos_intento_7.mp4,1149,9575.000,True,151.000,174.000,0.000,179.000,96.000,0.155556,0.433333,-0.887708,27.229,70.811,89.305,1303.5
Josuep_9_puntos_intento_7.mp4,1150,9583.333,True,151.000,174.000,0.000,180.000,96.000,0.161111,0.433333,-0.886716,27.373,66.841,87.619,1290.0
Josuep_9_puntos_intento_7.mp4,1151,9591.667,True,151.000,174.000,0.000,180.000,97.000,0.161111,0.427778,-0.889410,29.159,66.854,88.176,1329.5
Josuep_9_puntos_intento_7.mp4,1152,9600.000,True,151.000,174.000,0.000,180.000,96.000,0.161111,0.433333,-0.886716,28.334,67.951,89.588,1291.5
Josuep_9_puntos_intento_7.mp4,1153,9608.333,True,151.000,174.000,0.000,179.000,97.000,0.155556,0.427778,-0.890398,28.963,65.517,89.321,1280.0
Josuep_9_puntos_intento_7.mp4,1154,9616.667,True,151.000,174.000,0.000,179.000,97.000,0.155556,0.427778,-0.890398,27.914,68.712,89.533,1293.0
Josuep_9_puntos_intento_7.mp4,1155,9625.000,True,151.000,174.000,0.000,180.000,97.000,0.161111,0.427778,-0.889410,28.618,66.462,88.716,1280.0
Josuep_9_puntos_intento_7.mp4,1156,9633.333,True,151.000,174.000,0.000,180.000,96.000,0.161111,0.433333,-0.886716,27.477,70.480,89.816,1311.5
Josuep_9_puntos_intento_7.mp4,1157,9641.667,True,151.000,174.000,0.000,180.000,97.000,0.161111,0.427778,-0.889410,27.809,68.443,88.916,1288.0
Josuep_9_puntos_intento_7.mp4,1158,9650.000,True,151.000,174.000,0.000,180.000,96.000,0.161111,0.433333,-0.886716,27.247,69.411,88.316,1285.0
Josuep_9_puntos_intento_7.mp4,1159,9658.333,True,151.000,174.000,0.000,179.000,97.000,0.155556,0.427778,-0.890398,27.713,68.585,89.270,1297.0
Josuep_9_puntos_intento_7.mp4,1160,9666.667,True,151.000,174.000,0.000,180.000,97.000,0.161111,0.427778,-0.889410,27.576,67.496,89.584,1289.0
Josuep_9_puntos_intento_7.mp4,1161,9675.000,True,151.000,174.000,0.000,180.000,97.000,0.161111,0.427778,-0.889410,29.103,65.654,89.813,1293.0
Josuep_9_puntos_intento_7.mp4,1162,9683.333,True,151.000,174.000,0.000,181.000,97.000,0.166667,0.427778,-0.888385,28.947,68.236,87.888,1319.5
Josuep_9_puntos_intento_7.mp4,1163,9691.667,True,151.000,174.000,0.000,181.000,97.000,0.166667,0.427778,-0.888385,29.071,66.525,87.675,1317.5
Josuep_9_puntos_intento_7.mp4,1164,9700.000,True,151.000,174.000,0.000,180.000,98.000,0.161111,0.422222,-0.892060,30.911,64.205,88.408,1299.5
Josuep_9_puntos_intento_7.mp4,1165,9708.333,True,151.000,174.000,0.000,180.000,97.000,0.161111,0.427778,-0.889410,29.605,65.375,90.493,1259.0
Josuep_9_puntos_intento_7.mp4,1166,9716.667,True,151.000,174.000,0.000,180.000,97.000,0.161111,0.427778,-0.889410,29.175,65.361,89.364,1234.0
Josuep_9_puntos_intento_7.mp4,1167,9725.000,True,151.000,174.000,0.000,180.000,96.000,0.161111,0.433333,-0.886716,28.110,65.481,88.556,1259.0
Josuep_9_puntos_intento_7.mp4,1168,9733.333,True,151.000,174.000,0.000,180.000,96.000,0.161111,0.433333,-0.886716,27.730,66.425,87.298,1217.5
Josuep_9_puntos_intento_7.mp4,1169,9741.667,True,151.000,174.000,0.000,180.000,96.000,0.161111,0.433333,-0.886716,26.755,66.563,87.297,1199.0
Josuep_9_puntos_intento_7.mp4,1170,9750.000,True,151.000,174.000,0.000,180.000,96.000,0.161111,0.433333,-0.886716,26.638,68.682,87.285,1232.5
Josuep_9_puntos_intento_7.mp4,1171,9758.333,True,151.000,174.000,0.000,181.000,95.000,0.166667,0.438889,-0.882949,26.402,65.695,86.863,1198.5
Josuep_9_puntos_intento_7.mp4,1172,9766.667,True,151.000,174.000,0.000,180.000,96.000,0.161111,0.433333,-0.886716,27.082,66.630,88.961,1241.5
Josuep_9_puntos_intento_7.mp4,1173,9775.000,True,151.000,174.000,0.000,181.000,96.000,0.166667,0.433333,-0.885689,27.251,65.162,88.672,1231.5
Josuep_9_puntos_intento_7.mp4,1174,9783.333,True,151.000,174.000,0.000,180.000,96.000,0.161111,0.433333,-0.886716,28.243,62.141,89.003,1229.0
Josuep_9_puntos_intento_7.mp4,1175,9791.667,True,151.000,174.000,0.000,180.000,96.000,0.161111,0.433333,-0.886716,27.185,63.569,89.877,1206.0
Josuep_9_puntos_intento_7.mp4,1176,9800.000,True,151.000,174.000,0.000,180.000,96.000,0.161111,0.433333,-0.886716,26.593,66.955,89.327,1243.0
Josuep_9_puntos_intento_7.mp4,1177,9808.333,True,151.000,174.000,0.000,179.000,96.000,0.155556,0.433333,-0.887708,26.792,66.788,89.453,1219.0
Josuep_9_puntos_intento_7.mp4,1178,9816.667,True,151.000,174.000,0.000,179.000,96.000,0.155556,0.433333,-0.887708,27.248,65.450,88.819,1208.5
Josuep_9_puntos_intento_7.mp4,1179,9825.000,True,151.000,174.000,0.000,180.000,96.000,0.161111,0.433333,-0.886716,26.980,68.879,88.243,1242.0
Josuep_9_puntos_intento_7.mp4,1180,9833.333,True,151.000,174.000,0.000,180.000,96.000,0.161111,0.433333,-0.886716,27.441,65.754,88.090,1203.5
Josuep_9_puntos_intento_7.mp4,1181,9841.667,True,151.000,174.000,0.000,180.000,96.000,0.161111,0.433333,-0.886716,28.275,64.909,88.154,1218.5
Josuep_9_puntos_intento_7.mp4,1182,9850.000,True,151.000,174.000,0.000,179.000,96.000,0.155556,0.433333,-0.887708,26.900,67.199,89.230,1210.5
Josuep_9_puntos_intento_7.mp4,1183,9858.333,True,151.000,174.000,0.000,180.000,96.000,0.161111,0.433333,-0.886716,27.961,65.802,88.422,1213.0
Josuep_9_puntos_intento_7.mp4,1184,9866.667,True,151.000,174.000,0.000,180.000,97.000,0.161111,0.427778,-0.889410,29.064,64.551,89.337,1233.0
Josuep_9_puntos_intento_7.mp4,1185,9875.000,True,151.000,174.000,0.000,180.000,96.000,0.161111,0.433333,-0.886716,26.408,68.107,88.998,1237.0
Josuep_9_puntos_intento_7.mp4,1186,9883.333,True,151.000,174.000,0.000,180.000,96.000,0.161111,0.433333,-0.886716,29.663,64.606,89.642,1224.0
Josuep_9_puntos_intento_7.mp4,1187,9891.667,True,151.000,174.000,0.000,180.000,96.000,0.161111,0.433333,-0.886716,26.639,64.810,90.116,1177.5
Josuep_9_puntos_intento_7.mp4,1188,9900.000,True,151.000,174.000,0.000,180.000,96.000,0.161111,0.433333,-0.886716,28.155,64.136,89.076,1226.5
Josuep_9_puntos_intento_7.mp4,1189,9908.333,True,151.000,174.000,0.000,179.000,96.000,0.155556,0.433333,-0.887708,26.724,68.611,89.734,1221.5
Josuep_9_puntos_intento_7.mp4,1190,9916.667,True,151.000,174.000,0.000,179.000,96.000,0.155556,0.433333,-0.887708,26.077,68.798,89.639,1233.5
Josuep_9_puntos_intento_7.mp4,1191,9925.000,True,151.000,174.000,0.000,179.000,96.000,0.155556,0.433333,-0.887708,26.525,67.206,88.275,1228.5
Josuep_9_puntos_intento_7.mp4,1192,9933.333,True,151.000,174.000,0.000,179.000,96.000,0.155556,0.433333,-0.887708,27.100,69.666,90.546,1259.5
Josuep_9_puntos_intento_7.mp4,1193,9941.667,True,151.000,174.000,0.000,178.000,96.000,0.150000,0.433333,-0.888663,27.717,69.427,90.040,1258.0
Josuep_9_puntos_intento_7.mp4,1194,9950.000,True,151.000,174.000,0.000,179.000,96.000,0.155556,0.433333,-0.887708,28.049,68.322,90.668,1281.5
Josuep_9_puntos_intento_7.mp4,1195,9958.333,True,151.000,174.000,0.000,179.000,96.000,0.155556,0.433333,-0.887708,27.539,65.428,88.497,1265.5
Josuep_9_puntos_intento_7.mp4,1196,9966.667,True,151.000,174.000,0.000,179.000,96.000,0.155556,0.433333,-0.887708,28.030,67.625,88.626,1274.5
Josuep_9_puntos_intento_7.mp4,1197,9975.000,True,151.000,174.000,0.000,178.000,96.000,0.150000,0.433333,-0.888663,28.493,67.118,88.662,1272.5
Josuep_9_puntos_intento_7.mp4,1198,9983.333,True,151.000,174.000,0.000,179.000,97.000,0.155556,0.427778,-0.890398,27.179,70.027,90.089,1280.0
Josuep_9_puntos_intento_7.mp4,1199,9991.667,True,151.000,174.000,0.000,178.000,96.000,0.150000,0.433333,-0.888663,27.656,68.009,90.626,1249.0
Josuep_9_puntos_intento_7.mp4,1200,10000.000,True,151.000,174.000,0.000,179.000,96.000,0.155556,0.433333,-0.887708,27.295,70.626,90.374,1268.5
Josuep_9_puntos_intento_7.mp4,1201,10008.333,True,151.000,174.000,0.000,180.000,96.000,0.161111,0.433333,-0.886716,26.625,64.866,90.326,1219.0
Josuep_9_puntos_intento_7.mp4,1202,10016.667,True,151.000,174.000,0.000,180.000,96.000,0.161111,0.433333,-0.886716,27.105,69.566,89.574,1304.0
Josuep_9_puntos_intento_7.mp4,1203,10025.000,True,151.000,174.000,0.000,181.000,96.000,0.166667,0.433333,-0.885689,27.564,69.438,88.739,1300.5
Josuep_9_puntos_intento_7.mp4,1204,10033.333,True,151.000,174.000,0.000,181.000,96.000,0.166667,0.433333,-0.885689,27.323,66.918,87.955,1285.0
Josuep_9_puntos_intento_7.mp4,1205,10041.667,True,151.000,174.000,0.000,180.000,96.000,0.161111,0.433333,-0.886716,27.176,67.923,89.540,1276.5
Josuep_9_puntos_intento_7.mp4,1206,10050.000,True,151.000,174.000,0.000,180.000,96.000,0.161111,0.433333,-0.886716,28.046,67.659,89.232,1281.5
Josuep_9_puntos_intento_7.mp4,1207,10058.333,True,151.000,174.000,0.000,180.000,96.000,0.161111,0.433333,-0.886716,26.620,68.925,89.648,1266.0
Josuep_9_puntos_intento_7.mp4,1208,10066.667,True,151.000,174.000,0.000,181.000,96.000,0.166667,0.433333,-0.885689,27.658,67.174,88.586,1296.5
Josuep_9_puntos_intento_7.mp4,1209,10075.000,True,151.000,174.000,0.000,180.000,96.000,0.161111,0.433333,-0.886716,27.138,68.701,89.216,1292.0
Josuep_9_puntos_intento_7.mp4,1210,10083.333,True,151.000,174.000,0.000,180.000,96.000,0.161111,0.433333,-0.886716,28.837,68.381,87.356,1330.5
Josuep_9_puntos_intento_7.mp4,1211,10091.667,True,151.000,174.000,0.000,180.000,96.000,0.161111,0.433333,-0.886716,28.220,66.646,90.398,1303.0
Josuep_9_puntos_intento_7.mp4,1212,10100.000,True,151.000,174.000,0.000,179.000,96.000,0.155556,0.433333,-0.887708,28.175,67.699,88.418,1320.0
Josuep_9_puntos_intento_7.mp4,1213,10108.333,True,151.000,174.000,0.000,179.000,97.000,0.155556,0.427778,-0.890398,28.260,67.225,91.586,1284.0
Josuep_9_puntos_intento_7.mp4,1214,10116.667,True,151.000,174.000,0.000,179.000,97.000,0.155556,0.427778,-0.890398,27.833,68.307,90.523,1274.5
Josuep_9_puntos_intento_7.mp4,1215,10125.000,True,151.000,174.000,0.000,179.000,97.000,0.155556,0.427778,-0.890398,27.890,67.930,91.723,1286.5
Josuep_9_puntos_intento_7.mp4,1216,10133.333,True,151.000,174.000,0.000,179.000,97.000,0.155556,0.427778,-0.890398,28.122,66.705,90.039,1291.5
Josuep_9_puntos_intento_7.mp4,1217,10141.667,True,151.000,174.000,0.000,179.000,97.000,0.155556,0.427778,-0.890398,27.670,69.095,90.012,1291.5
Josuep_9_puntos_intento_7.mp4,1218,10150.000,True,151.000,174.000,0.000,179.000,97.000,0.155556,0.427778,-0.890398,28.199,68.622,89.943,1300.5
Josuep_9_puntos_intento_7.mp4,1219,10158.333,True,151.000,174.000,0.000,179.000,97.000,0.155556,0.427778,-0.890398,28.878,67.834,90.153,1266.0
Josuep_9_puntos_intento_7.mp4,1220,10166.667,True,151.000,174.000,0.000,180.000,98.000,0.161111,0.422222,-0.892060,31.068,65.822,89.448,1272.0
Josuep_9_puntos_intento_7.mp4,1221,10175.000,True,151.000,174.000,0.000,178.000,96.000,0.150000,0.433333,-0.888663,27.147,69.841,90.038,1281.0
Josuep_9_puntos_intento_7.mp4,1222,10183.333,True,151.000,174.000,0.000,179.000,97.000,0.155556,0.427778,-0.890398,28.044,68.871,91.071,1281.5
Josuep_9_puntos_intento_7.mp4,1223,10191.667,True,151.000,174.000,0.000,178.000,97.000,0.150000,0.427778,-0.891351,27.961,68.638,88.949,1259.5
Josuep_9_puntos_intento_7.mp4,1224,10200.000,True,151.000,174.000,0.000,179.000,96.000,0.155556,0.433333,-0.887708,27.200,68.411,88.806,1270.5
Josuep_9_puntos_intento_7.mp4,1225,10208.333,True,151.000,174.000,0.000,179.000,97.000,0.155556,0.427778,-0.890398,27.109,65.569,89.452,1256.5
Josuep_9_puntos_intento_7.mp4,1226,10216.667,True,151.000,174.000,0.000,180.000,97.000,0.161111,0.427778,-0.889410,29.088,64.945,90.389,1304.0
Josuep_9_puntos_intento_7.mp4,1227,10225.000,True,151.000,174.000,0.000,179.000,97.000,0.155556,0.427778,-0.890398,28.160,65.825,89.893,1273.0
Josuep_9_puntos_intento_7.mp4,1228,10233.333,True,151.000,174.000,0.000,178.000,97.000,0.150000,0.427778,-0.891351,27.377,67.378,89.254,1269.0
Josuep_9_puntos_intento_7.mp4,1229,10241.667,True,151.000,174.000,0.000,179.000,97.000,0.155556,0.427778,-0.890398,27.917,64.823,89.691,1237.5
Josuep_9_puntos_intento_7.mp4,1230,10250.000,True,151.000,174.000,0.000,180.000,97.000,0.161111,0.427778,-0.889410,28.980,66.594,89.685,1306.5
Josuep_9_puntos_intento_7.mp4,1231,10258.333,True,151.000,174.000,0.000,179.000,97.000,0.155556,0.427778,-0.890398,28.336,68.842,87.878,1309.0
Josuep_9_puntos_intento_7.mp4,1232,10266.667,True,151.000,174.000,0.000,179.000,98.000,0.155556,0.422222,-0.893046,29.093,67.344,87.966,1302.0
Josuep_9_puntos_intento_7.mp4,1233,10275.000,True,151.000,174.000,0.000,179.000,98.000,0.155556,0.422222,-0.893046,28.667,66.583,87.857,1297.0
Josuep_9_puntos_intento_7.mp4,1234,10283.333,True,151.000,174.000,0.000,179.000,97.000,0.155556,0.427778,-0.890398,27.822,70.723,87.294,1325.5
Josuep_9_puntos_intento_7.mp4,1235,10291.667,True,151.000,174.000,0.000,180.000,97.000,0.161111,0.427778,-0.889410,28.043,69.330,86.858,1317.0
Josuep_9_puntos_intento_7.mp4,1236,10300.000,True,151.000,174.000,0.000,179.000,97.000,0.155556,0.427778,-0.890398,28.088,68.146,88.636,1319.0
Josuep_9_puntos_intento_7.mp4,1237,10308.333,True,151.000,174.000,0.000,180.000,97.000,0.161111,0.427778,-0.889410,26.917,67.632,89.769,1261.5
Josuep_9_puntos_intento_7.mp4,1238,10316.667,True,151.000,174.000,0.000,179.000,97.000,0.155556,0.427778,-0.890398,27.525,68.900,89.185,1327.0
Josuep_9_puntos_intento_7.mp4,1239,10325.000,True,151.000,174.000,0.000,179.000,97.000,0.155556,0.427778,-0.890398,28.562,69.389,89.406,1328.5
Josuep_9_puntos_intento_7.mp4,1240,10333.333,True,151.000,174.000,0.000,179.000,98.000,0.155556,0.422222,-0.893046,29.699,66.521,89.708,1320.5
Josuep_9_puntos_intento_7.mp4,1241,10341.667,True,151.000,174.000,0.000,180.000,97.000,0.161111,0.427778,-0.889410,27.760,67.993,89.593,1292.0
Josuep_9_puntos_intento_7.mp4,1242,10350.000,True,151.000,174.000,0.000,178.000,97.000,0.150000,0.427778,-0.891351,26.501,72.007,89.733,1312.5
Josuep_9_puntos_intento_7.mp4,1243,10358.333,True,151.000,174.000,0.000,179.000,97.000,0.155556,0.427778,-0.890398,27.063,68.702,89.626,1275.0
Josuep_9_puntos_intento_7.mp4,1244,10366.667,True,151.000,174.000,0.000,179.000,97.000,0.155556,0.427778,-0.890398,28.812,66.689,89.797,1320.0
Josuep_9_puntos_intento_7.mp4,1245,10375.000,True,151.000,174.000,0.000,179.000,96.000,0.155556,0.433333,-0.887708,27.801,67.611,88.664,1308.0
Josuep_9_puntos_intento_7.mp4,1246,10383.333,True,151.000,174.000,0.000,179.000,96.000,0.155556,0.433333,-0.887708,28.435,66.548,88.489,1331.0
Josuep_9_puntos_intento_7.mp4,1247,10391.667,True,151.000,174.000,0.000,179.000,97.000,0.155556,0.427778,-0.890398,27.828,67.990,88.434,1322.0
Josuep_9_puntos_intento_7.mp4,1248,10400.000,True,151.000,174.000,0.000,178.000,96.000,0.150000,0.433333,-0.888663,27.519,66.400,88.629,1320.0
Josuep_9_puntos_intento_7.mp4,1249,10408.333,True,151.000,174.000,0.000,178.000,97.000,0.150000,0.427778,-0.891351,28.267,68.311,89.277,1294.0
Josuep_9_puntos_intento_7.mp4,1250,10416.667,True,151.000,174.000,0.000,178.000,97.000,0.150000,0.427778,-0.891351,28.046,69.824,89.949,1319.5
Josuep_9_puntos_intento_7.mp4,1251,10425.000,True,151.000,174.000,0.000,178.000,97.000,0.150000,0.427778,-0.891351,28.765,69.668,89.202,1334.0
Josuep_9_puntos_intento_7.mp4,1252,10433.333,True,151.000,174.000,0.000,178.000,97.000,0.150000,0.427778,-0.891351,28.407,68.503,90.462,1357.0
Josuep_9_puntos_intento_7.mp4,1253,10441.667,True,151.000,174.000,0.000,178.000,97.000,0.150000,0.427778,-0.891351,28.868,68.925,89.376,1319.0
Josuep_9_puntos_intento_7.mp4,1254,10450.000,True,151.000,175.000,0.000,178.000,97.000,0.150000,0.433333,-0.888663,30.158,67.180,89.883,1347.0
Josuep_9_puntos_intento_7.mp4,1255,10458.333,True,151.000,175.000,0.000,179.000,97.000,0.155556,0.433333,-0.887708,29.268,65.629,89.591,1274.5
Josuep_9_puntos_intento_7.mp4,1256,10466.667,True,151.000,175.000,0.000,178.000,97.000,0.150000,0.433333,-0.888663,29.307,65.019,88.315,1307.0
Josuep_9_puntos_intento_7.mp4,1257,10475.000,True,151.000,175.000,0.000,178.000,96.000,0.150000,0.438889,-0.885933,28.875,69.089,87.727,1319.5
Josuep_9_puntos_intento_7.mp4,1258,10483.333,True,151.000,175.000,0.000,178.000,96.000,0.150000,0.438889,-0.885933,28.474,69.573,89.825,1345.0
Josuep_9_puntos_intento_7.mp4,1259,10491.667,True,151.000,175.000,0.000,178.000,96.000,0.150000,0.438889,-0.885933,28.495,69.134,89.545,1319.5
Josuep_9_puntos_intento_7.mp4,1260,10500.000,True,151.000,175.000,0.000,177.000,96.000,0.144444,0.438889,-0.886855,28.431,69.555,89.667,1348.5
Josuep_9_puntos_intento_7.mp4,1261,10508.333,True,151.000,175.000,0.000,178.000,97.000,0.150000,0.433333,-0.888663,28.855,67.425,87.605,1359.0
Josuep_9_puntos_intento_7.mp4,1262,10516.667,True,151.000,175.000,0.000,178.000,97.000,0.150000,0.433333,-0.888663,29.965,68.814,88.946,1386.5
Josuep_9_puntos_intento_7.mp4,1263,10525.000,True,151.000,175.000,0.000,178.000,97.000,0.150000,0.433333,-0.888663,28.642,69.547,87.409,1374.0
Josuep_9_puntos_intento_7.mp4,1264,10533.333,True,151.000,175.000,0.000,179.000,97.000,0.155556,0.433333,-0.887708,28.022,71.996,88.188,1395.5
Josuep_9_puntos_intento_7.mp4,1265,10541.667,True,151.000,175.000,0.000,179.000,97.000,0.155556,0.433333,-0.887708,30.011,68.972,88.164,1388.0
Josuep_9_puntos_intento_7.mp4,1266,10550.000,True,151.000,175.000,0.000,179.000,97.000,0.155556,0.433333,-0.887708,29.723,70.371,87.369,1383.0
Josuep_9_puntos_intento_7.mp4,1267,10558.333,True,151.000,175.000,0.000,179.000,97.000,0.155556,0.433333,-0.887708,29.244,68.087,89.153,1370.0
Josuep_9_puntos_intento_7.mp4,1268,10566.667,True,151.000,175.000,0.000,179.000,98.000,0.155556,0.427778,-0.890398,30.480,66.372,89.004,1355.0
Josuep_9_puntos_intento_7.mp4,1269,10575.000,True,151.000,175.000,0.000,180.000,98.000,0.161111,0.427778,-0.889410,30.673,66.668,89.201,1352.0
Josuep_9_puntos_intento_7.mp4,1270,10583.333,True,151.000,175.000,0.000,179.000,97.000,0.155556,0.433333,-0.887708,29.200,68.736,89.815,1403.5
Josuep_9_puntos_intento_7.mp4,1271,10591.667,True,151.000,175.000,0.000,179.000,97.000,0.155556,0.433333,-0.887708,27.945,72.480,87.377,1361.5
Josuep_9_puntos_intento_7.mp4,1272,10600.000,True,151.000,175.000,0.000,179.000,98.000,0.155556,0.427778,-0.890398,29.957,69.446,88.184,1389.0
Josuep_9_puntos_intento_7.mp4,1273,10608.333,True,151.000,175.000,0.000,179.000,98.000,0.155556,0.427778,-0.890398,28.703,68.111,90.806,1338.5
Josuep_9_puntos_intento_7.mp4,1274,10616.667,True,151.000,175.000,0.000,179.000,98.000,0.155556,0.427778,-0.890398,30.474,68.538,89.448,1396.0
Josuep_9_puntos_intento_7.mp4,1275,10625.000,True,151.000,175.000,0.000,180.000,98.000,0.161111,0.427778,-0.889410,29.475,67.926,88.655,1351.0
Josuep_9_puntos_intento_7.mp4,1276,10633.333,True,151.000,175.000,0.000,177.000,98.000,0.144444,0.427778,-0.892268,29.476,70.930,89.025,1415.0
Josuep_9_puntos_intento_7.mp4,1277,10641.667,True,151.000,175.000,0.000,170.000,98.000,0.105556,0.427778,-0.897699,27.783,74.489,88.549,1439.5
Josuep_9_puntos_intento_7.mp4,1278,10650.000,True,151.000,175.000,0.000,163.000,99.000,0.066667,0.422222,-0.904038,29.768,76.409,88.319,1516.0
Josuep_9_puntos_intento_7.mp4,1279,10658.333,True,151.000,175.000,0.000,156.000,100.000,0.027778,0.416667,-0.908635,29.110,76.216,87.658,1484.5
Josuep_9_puntos_intento_7.mp4,1280,10666.667,True,151.000,175.000,0.000,151.000,100.000,0.000000,0.416667,-0.909059,28.987,79.476,88.097,1476.5
Josuep_9_puntos_intento_7.mp4,1281,10675.000,True,151.000,175.000,0.000,146.000,100.000,-0.027778,0.416667,-0.908635,27.175,81.595,87.372,1446.5
Josuep_9_puntos_intento_7.mp4,1282,10683.333,True,151.000,175.000,0.000,146.000,101.000,-0.027778,0.411111,-0.911162,28.128,78.490,87.456,1436.0
Josuep_9_puntos_intento_7.mp4,1283,10691.667,True,151.000,175.000,0.000,145.000,101.000,-0.033333,0.411111,-0.910976,26.941,80.394,88.386,1433.5
Josuep_9_puntos_intento_7.mp4,1284,10700.000,True,151.000,175.000,0.000,147.000,101.000,-0.022222,0.411111,-0.911314,29.075,75.972,88.442,1447.5
Josuep_9_puntos_intento_7.mp4,1285,10708.333,True,151.000,175.000,0.000,145.000,101.000,-0.033333,0.411111,-0.910976,29.529,78.302,87.248,1452.0
Josuep_9_puntos_intento_7.mp4,1286,10716.667,True,151.000,175.000,0.000,145.000,100.000,-0.033333,0.416667,-0.908448,28.835,78.861,87.679,1502.0
Josuep_9_puntos_intento_7.mp4,1287,10725.000,True,151.000,175.000,0.000,145.000,101.000,-0.033333,0.411111,-0.910976,29.712,79.371,86.882,1490.0
Josuep_9_puntos_intento_7.mp4,1288,10733.333,True,151.000,175.000,0.000,146.000,101.000,-0.027778,0.411111,-0.911162,29.900,76.418,87.038,1499.5
Josuep_9_puntos_intento_7.mp4,1289,10741.667,True,151.000,175.000,0.000,145.000,101.000,-0.033333,0.411111,-0.910976,29.077,78.081,86.399,1475.0
Josuep_9_puntos_intento_7.mp4,1290,10750.000,True,151.000,175.000,0.000,145.000,101.000,-0.033333,0.411111,-0.910976,29.730,77.594,86.218,1472.5
Josuep_9_puntos_intento_7.mp4,1291,10758.333,True,151.000,175.000,0.000,146.000,101.000,-0.027778,0.411111,-0.911162,29.458,75.616,88.148,1419.0
Josuep_9_puntos_intento_7.mp4,1292,10766.667,True,151.000,175.000,0.000,147.000,101.000,-0.022222,0.411111,-0.911314,30.485,76.612,87.922,1456.0
Josuep_9_puntos_intento_7.mp4,1293,10775.000,True,151.000,175.000,0.000,145.000,101.000,-0.033333,0.411111,-0.910976,29.087,79.415,87.681,1463.0
Josuep_9_puntos_intento_7.mp4,1294,10783.333,True,151.000,175.000,0.000,146.000,100.000,-0.027778,0.416667,-0.908635,29.457,79.069,85.954,1481.5
Josuep_9_puntos_intento_7.mp4,1295,10791.667,True,151.000,175.000,0.000,144.000,100.000,-0.038889,0.416667,-0.908227,28.790,82.637,87.201,1432.0
Josuep_9_puntos_intento_7.mp4,1296,10800.000,True,151.000,175.000,0.000,146.000,100.000,-0.027778,0.416667,-0.908635,28.051,82.502,87.258,1484.5
Josuep_9_puntos_intento_7.mp4,1297,10808.333,True,151.000,175.000,0.000,146.000,100.000,-0.027778,0.416667,-0.908635,27.865,79.680,87.556,1440.5
Josuep_9_puntos_intento_7.mp4,1298,10816.667,True,152.000,175.000,0.000,146.000,101.000,-0.033333,0.411111,-0.910976,30.013,76.852,87.167,1425.5
Josuep_9_puntos_intento_7.mp4,1299,10825.000,True,152.000,175.000,0.000,148.000,100.000,-0.022222,0.416667,-0.908788,27.942,74.641,90.346,1361.5
Josuep_9_puntos_intento_7.mp4,1300,10833.333,True,152.000,175.000,0.000,147.000,100.000,-0.027778,0.416667,-0.908635,29.982,77.331,87.778,1424.0
Josuep_9_puntos_intento_7.mp4,1301,10841.667,True,152.000,175.000,0.000,147.000,100.000,-0.027778,0.416667,-0.908635,28.914,80.145,87.607,1432.0
Josuep_9_puntos_intento_7.mp4,1302,10850.000,True,152.000,175.000,0.000,147.000,100.000,-0.027778,0.416667,-0.908635,28.113,77.849,88.279,1403.0
Josuep_9_puntos_intento_7.mp4,1303,10858.333,True,152.000,175.000,0.000,144.000,101.000,-0.044444,0.411111,-0.910501,27.309,76.366,88.059,1384.0
Josuep_9_puntos_intento_7.mp4,1304,10866.667,True,152.000,175.000,0.000,142.000,102.000,-0.055556,0.405556,-0.912381,27.015,75.809,86.010,1369.0
Josuep_9_puntos_intento_7.mp4,1305,10875.000,True,152.000,175.000,0.000,140.000,102.000,-0.066667,0.405556,-0.911636,27.851,79.704,85.383,1404.0
Josuep_9_puntos_intento_7.mp4,1306,10883.333,True,152.000,175.000,0.000,140.000,102.000,-0.066667,0.405556,-0.911636,27.418,83.297,86.453,1407.0
Josuep_9_puntos_intento_7.mp4,1307,10891.667,True,152.000,175.000,0.000,140.000,102.000,-0.066667,0.405556,-0.911636,26.929,81.282,86.106,1383.0
Josuep_9_puntos_intento_7.mp4,1308,10900.000,True,152.000,175.000,0.000,141.000,102.000,-0.061111,0.405556,-0.912025,27.475,82.185,85.501,1390.5
Josuep_9_puntos_intento_7.mp4,1309,10908.333,True,152.000,175.000,0.000,140.000,103.000,-0.066667,0.400000,-0.914087,27.452,77.983,85.607,1394.5
Josuep_9_puntos_intento_7.mp4,1310,10916.667,True,152.000,175.000,0.000,139.000,103.000,-0.072222,0.400000,-0.913665,26.487,80.582,87.314,1406.0
Josuep_9_puntos_intento_7.mp4,1311,10925.000,True,152.000,175.000,0.000,140.000,103.000,-0.066667,0.400000,-0.914087,28.070,76.462,85.460,1382.0
Josuep_9_puntos_intento_7.mp4,1312,10933.333,True,152.000,175.000,0.000,141.000,104.000,-0.061111,0.394444,-0.916885,30.572,74.218,87.385,1409.5
Josuep_9_puntos_intento_7.mp4,1313,10941.667,True,152.000,175.000,0.000,140.000,103.000,-0.066667,0.400000,-0.914087,29.667,75.296,85.341,1383.0
Josuep_9_puntos_intento_7.mp4,1314,10950.000,True,152.000,175.000,0.000,142.000,103.000,-0.055556,0.400000,-0.914830,28.276,79.619,84.865,1403.5
Josuep_9_puntos_intento_7.mp4,1315,10958.333,True,152.000,175.000,0.000,140.000,104.000,-0.066667,0.394444,-0.916498,30.493,75.531,86.438,1424.5
Josuep_9_puntos_intento_7.mp4,1316,10966.667,True,152.000,175.000,0.000,140.000,103.000,-0.066667,0.400000,-0.914087,29.034,77.906,84.427,1432.0
Josuep_9_puntos_intento_7.mp4,1317,10975.000,True,152.000,175.000,0.000,140.000,104.000,-0.066667,0.394444,-0.916498,29.975,74.918,87.209,1416.0
Josuep_9_puntos_intento_7.mp4,1318,10983.333,True,152.000,175.000,0.000,140.000,103.000,-0.066667,0.400000,-0.914087,29.128,79.637,86.147,1427.0
Josuep_9_puntos_intento_7.mp4,1319,10991.667,True,152.000,175.000,0.000,139.000,104.000,-0.072222,0.394444,-0.916077,30.121,73.742,86.166,1411.0
Josuep_9_puntos_intento_7.mp4,1320,11000.000,True,152.000,175.000,0.000,140.000,104.000,-0.066667,0.394444,-0.916498,29.768,75.925,86.084,1440.5
Josuep_9_puntos_intento_7.mp4,1321,11008.333,True,152.000,175.000,0.000,139.000,103.000,-0.072222,0.400000,-0.913665,28.640,75.925,86.587,1418.0
Josuep_9_puntos_intento_7.mp4,1322,11016.667,True,152.000,175.000,0.000,139.000,103.000,-0.072222,0.400000,-0.913665,28.455,77.307,85.939,1452.5
Josuep_9_puntos_intento_7.mp4,1323,11025.000,True,152.000,175.000,0.000,139.000,104.000,-0.072222,0.394444,-0.916077,28.938,75.132,85.981,1443.0
Josuep_9_puntos_intento_7.mp4,1324,11033.333,True,152.000,175.000,0.000,139.000,103.000,-0.072222,0.400000,-0.913665,27.706,77.874,85.479,1469.5
Josuep_9_puntos_intento_7.mp4,1325,11041.667,True,152.000,175.000,0.000,138.000,103.000,-0.077778,0.400000,-0.913209,29.186,78.095,86.040,1469.0
Josuep_9_puntos_intento_7.mp4,1326,11050.000,True,152.000,175.000,0.000,140.000,103.000,-0.066667,0.400000,-0.914087,28.896,77.242,84.768,1478.0
Josuep_9_puntos_intento_7.mp4,1327,11058.333,True,152.000,175.000,0.000,140.000,103.000,-0.066667,0.400000,-0.914087,29.574,78.904,84.589,1523.5
Josuep_9_puntos_intento_7.mp4,1328,11066.667,True,152.000,175.000,0.000,140.000,103.000,-0.066667,0.400000,-0.914087,30.607,76.327,84.955,1549.0
Josuep_9_puntos_intento_7.mp4,1329,11075.000,True,152.000,175.000,0.000,139.000,103.000,-0.072222,0.400000,-0.913665,30.084,78.975,86.220,1551.0
Josuep_9_puntos_intento_7.mp4,1330,11083.333,True,152.000,175.000,0.000,140.000,103.000,-0.066667,0.400000,-0.914087,29.459,80.842,85.494,1581.5
Josuep_9_puntos_intento_7.mp4,1331,11091.667,True,152.000,175.000,0.000,140.000,103.000,-0.066667,0.400000,-0.914087,29.428,78.823,83.941,1554.5
Josuep_9_puntos_intento_7.mp4,1332,11100.000,True,152.000,175.000,0.000,141.000,103.000,-0.061111,0.400000,-0.914475,29.915,76.536,87.176,1546.5
Josuep_9_puntos_intento_7.mp4,1333,11108.333,True,152.000,175.000,0.000,138.000,104.000,-0.077778,0.394444,-0.915622,28.847,77.321,84.415,1528.0
Josuep_9_puntos_intento_7.mp4,1334,11116.667,False,152.000,175.000,0.000,137.000,105.000,-0.083333,0.388889,-0.917508,30.893,80.015,86.647,1697.5
Josuep_9_puntos_intento_7.mp4,1335,11125.000,False,152.000,175.000,0.000,139.000,106.000,-0.072222,0.383333,-0.920782,32.105,82.252,84.708,1801.5
Josuep_9_puntos_intento_7.mp4,1336,11133.333,False,152.000,175.000,0.000,141.000,107.000,-0.061111,0.377778,-0.923877,36.074,83.680,84.916,2045.5
Josuep_9_puntos_intento_7.mp4,1337,11141.667,False,152.000,175.000,,,,,,,,,,
Josuep_9_puntos_intento_7.mp4,1338,11150.000,False,152.000,175.000,,,,,,,,,,
Josuep_9_puntos_intento_7.mp4,1339,11158.333,False,152.000,175.000,,,,,,,,,,
Josuep_9_puntos_intento_7.mp4,1340,11166.667,False,152.000,175.000,,,,,,,,,,
Josuep_9_puntos_intento_7.mp4,1341,11175.000,False,152.000,175.000,,,,,,,,,,
Josuep_9_puntos_intento_7.mp4,1342,11183.333,False,152.000,175.000,,,,,,,,,,
Josuep_9_puntos_intento_7.mp4,1343,11191.667,False,152.000,175.000,,,,,,,,,,
Josuep_9_puntos_intento_7.mp4,1344,11200.000,False,152.000,175.000,,,,,,,,,,
Josuep_9_puntos_intento_7.mp4,1345,11208.333,False,152.000,175.000,,,,,,,,,,
Josuep_9_puntos_intento_7.mp4,1346,11216.667,False,152.000,175.000,,,,,,,,,,
Josuep_9_puntos_intento_7.mp4,1347,11225.000,False,152.000,175.000,,,,,,,,,,
Josuep_9_puntos_intento_7.mp4,1348,11233.333,False,152.000,175.000,,,,,,,,,,
Josuep_9_puntos_intento_7.mp4,1349,11241.667,False,152.000,175.000,,,,,,,,,,
Josuep_9_puntos_intento_7.mp4,1350,11250.000,False,152.000,175.000,,,,,,,,,,
Josuep_9_puntos_intento_7.mp4,1351,11258.333,False,152.000,175.000,,,,,,,,,,
Josuep_9_puntos_intento_7.mp4,1352,11266.667,False,152.000,175.000,,,,,,,,,,
Josuep_9_puntos_intento_7.mp4,1353,11275.000,False,152.000,175.000,,,,,,,,,,
Josuep_9_puntos_intento_7.mp4,1354,11283.333,False,152.000,175.000,,,,,,,,,,
Josuep_9_puntos_intento_7.mp4,1355,11291.667,False,152.000,175.000,,,,,,,,,,
Josuep_9_puntos_intento_7.mp4,1356,11300.000,False,152.000,175.000,,,,,,,,,,
Josuep_9_puntos_intento_7.mp4,1357,11308.333,False,152.000,175.000,0.000,150.000,127.000,-0.011111,0.266667,-0.963725,34.674,114.668,77.826,2803.0
Josuep_9_puntos_intento_7.mp4,1358,11316.667,False,152.000,175.000,0.000,148.000,125.000,-0.022222,0.277778,-0.960388,39.473,117.445,77.926,3218.5
Josuep_9_puntos_intento_7.mp4,1359,11325.000,False,152.000,175.000,0.000,149.000,122.000,-0.016667,0.294444,-0.955523,41.604,120.500,78.668,3434.5
Josuep_9_puntos_intento_7.mp4,1360,11333.333,True,152.000,175.000,0.000,146.000,122.000,-0.033333,0.294444,-0.955087,44.899,112.560,78.873,3511.0
Josuep_9_puntos_intento_7.mp4,1361,11341.667,True,152.000,175.000,0.000,145.000,121.000,-0.038889,0.300000,-0.953146,47.366,111.014,78.925,3639.0
Josuep_9_puntos_intento_7.mp4,1362,11350.000,True,152.000,175.000,0.000,146.000,119.000,-0.033333,0.311111,-0.949789,51.632,103.179,81.726,3660.0
Josuep_9_puntos_intento_7.mp4,1363,11358.333,True,152.000,175.000,0.000,144.000,117.000,-0.044444,0.322222,-0.945620,52.192,100.376,82.090,3643.5
Josuep_9_puntos_intento_7.mp4,1364,11366.667,True,152.000,175.000,0.000,144.000,116.000,-0.044444,0.327778,-0.943709,55.135,100.280,83.079,3832.5
Josuep_9_puntos_intento_7.mp4,1365,11375.000,True,152.000,175.000,0.000,143.000,115.000,-0.050000,0.333333,-0.941482,58.073,99.249,85.933,3935.5
Josuep_9_puntos_intento_7.mp4,1366,11383.333,True,152.000,175.000,0.000,143.000,114.000,-0.050000,0.338889,-0.939497,59.646,99.667,88.138,4044.5
Josuep_9_puntos_intento_7.mp4,1367,11391.667,True,152.000,175.000,0.000,142.000,113.000,-0.055556,0.344444,-0.937161,59.245,95.930,92.866,4069.0
Josuep_9_puntos_intento_7.mp4,1368,11400.000,True,152.000,175.000,0.000,143.000,113.000,-0.050000,0.344444,-0.937474,59.608,96.115,94.243,4110.0
Josuep_9_puntos_intento_7.mp4,1369,11408.333,True,152.000,175.000,0.000,143.000,113.000,-0.050000,0.344444,-0.937474,59.744,95.507,96.473,4032.0
Josuep_9_puntos_intento_7.mp4,1370,11416.667,True,152.000,175.000,0.000,143.000,113.000,-0.050000,0.344444,-0.937474,58.855,95.143,95.634,4041.5
Josuep_9_puntos_intento_7.mp4,1371,11425.000,True,152.000,175.000,0.000,144.000,113.000,-0.044444,0.344444,-0.937754,57.637,95.986,96.434,3976.5
Josuep_9_puntos_intento_7.mp4,1372,11433.333,True,152.000,175.000,0.000,144.000,113.000,-0.044444,0.344444,-0.937754,57.081,93.061,94.672,3878.0
Josuep_9_puntos_intento_7.mp4,1373,11441.667,True,152.000,175.000,0.000,144.000,113.000,-0.044444,0.344444,-0.937754,56.566,93.954,94.938,3846.5
Josuep_9_puntos_intento_7.mp4,1374,11450.000,True,152.000,175.000,0.000,144.000,113.000,-0.044444,0.344444,-0.937754,57.076,91.723,95.008,3821.0
Josuep_9_puntos_intento_7.mp4,1375,11458.333,True,152.000,175.000,0.000,144.000,112.000,-0.044444,0.350000,-0.935695,54.651,88.721,95.358,3612.5
Josuep_9_puntos_intento_7.mp4,1376,11466.667,True,152.000,175.000,0.000,145.000,112.000,-0.038889,0.350000,-0.935942,53.619,87.159,98.829,3546.0
Josuep_9_puntos_intento_7.mp4,1377,11475.000,True,152.000,175.000,0.000,145.000,113.000,-0.038889,0.344444,-0.938001,55.265,88.910,98.057,3575.0
Josuep_9_puntos_intento_7.mp4,1378,11483.333,True,152.000,175.000,0.000,144.000,113.000,-0.044444,0.344444,-0.937754,55.356,90.031,95.089,3668.5
Josuep_9_puntos_intento_7.mp4,1379,11491.667,True,152.000,175.000,0.000,144.000,113.000,-0.044444,0.344444,-0.937754,55.286,91.273,95.327,3656.5
Josuep_9_puntos_intento_7.mp4,1380,11500.000,True,152.000,175.000,0.000,144.000,113.000,-0.044444,0.344444,-0.937754,55.313,91.162,94.322,3668.5
Josuep_9_puntos_intento_7.mp4,1381,11508.333,True,152.000,175.000,0.000,145.000,113.000,-0.038889,0.344444,-0.938001,53.211,88.953,96.262,3497.5
Josuep_9_puntos_intento_7.mp4,1382,11516.667,True,152.000,175.000,0.000,143.000,114.000,-0.050000,0.338889,-0.939497,54.047,90.112,93.725,3478.5
Josuep_9_puntos_intento_7.mp4,1383,11525.000,True,152.000,175.000,0.000,142.000,114.000,-0.055556,0.338889,-0.939185,53.866,89.150,92.996,3506.0
Josuep_9_puntos_intento_7.mp4,1384,11533.333,True,152.000,175.000,0.000,143.000,114.000,-0.050000,0.338889,-0.939497,54.277,88.598,93.273,3470.0
Josuep_9_puntos_intento_7.mp4,1385,11541.667,True,152.000,175.000,0.000,143.000,114.000,-0.050000,0.338889,-0.939497,53.085,89.728,92.283,3479.0
Josuep_9_puntos_intento_7.mp4,1386,11550.000,True,152.000,175.000,0.000,143.000,114.000,-0.050000,0.338889,-0.939497,52.707,89.068,93.430,3434.5
Josuep_9_puntos_intento_7.mp4,1387,11558.333,True,152.000,175.000,0.000,144.000,113.000,-0.044444,0.344444,-0.937754,51.209,86.442,95.612,3228.5
Josuep_9_puntos_intento_7.mp4,1388,11566.667,True,152.000,175.000,0.000,144.000,113.000,-0.044444,0.344444,-0.937754,51.519,86.696,95.924,3238.0
Josuep_9_puntos_intento_7.mp4,1389,11575.000,True,152.000,175.000,0.000,144.000,113.000,-0.044444,0.344444,-0.937754,49.888,85.935,96.666,3128.0
Josuep_9_puntos_intento_7.mp4,1390,11583.333,True,152.000,175.000,0.000,143.000,113.000,-0.050000,0.344444,-0.937474,51.247,85.336,94.007,3162.0
Josuep_9_puntos_intento_7.mp4,1391,11591.667,True,152.000,175.000,0.000,143.000,113.000,-0.050000,0.344444,-0.937474,50.598,85.108,93.939,3080.0
Josuep_9_puntos_intento_7.mp4,1392,11600.000,True,152.000,175.000,0.000,143.000,113.000,-0.050000,0.344444,-0.937474,51.560,87.698,93.401,3122.5
Josuep_9_puntos_intento_7.mp4,1393,11608.333,True,152.000,175.000,0.000,144.000,112.000,-0.044444,0.350000,-0.935695,48.252,83.868,97.808,3056.5
Josuep_9_puntos_intento_7.mp4,1394,11616.667,True,152.000,175.000,0.000,144.000,112.000,-0.044444,0.350000,-0.935695,49.137,84.392,98.368,3120.0
Josuep_9_puntos_intento_7.mp4,1395,11625.000,True,152.000,175.000,0.000,145.000,112.000,-0.038889,0.350000,-0.935942,49.252,83.359,98.455,3042.5
Josuep_9_puntos_intento_7.mp4,1396,11633.333,True,152.000,175.000,0.000,145.000,112.000,-0.038889,0.350000,-0.935942,48.980,82.582,98.594,3048.5
Josuep_9_puntos_intento_7.mp4,1397,11641.667,True,152.000,175.000,0.000,145.000,113.000,-0.038889,0.344444,-0.938001,49.055,83.991,100.311,3035.5
Josuep_9_puntos_intento_7.mp4,1398,11650.000,True,152.000,175.000,0.000,145.000,113.000,-0.038889,0.344444,-0.938001,49.380,83.634,99.789,3046.0
Josuep_9_puntos_intento_7.mp4,1399,11658.333,True,152.000,175.000,0.000,145.000,112.000,-0.038889,0.350000,-0.935942,48.542,83.280,99.042,2991.5
Josuep_9_puntos_intento_7.mp4,1400,11666.667,True,152.000,175.000,0.000,145.000,112.000,-0.038889,0.350000,-0.935942,48.039,83.852,99.750,3020.0
Josuep_9_puntos_intento_7.mp4,1401,11675.000,True,152.000,175.000,0.000,145.000,112.000,-0.038889,0.350000,-0.935942,48.154,83.392,101.375,3008.5
Josuep_9_puntos_intento_7.mp4,1402,11683.333,True,152.000,175.000,0.000,145.000,112.000,-0.038889,0.350000,-0.935942,48.035,83.612,98.555,3008.0
Josuep_9_puntos_intento_7.mp4,1403,11691.667,True,152.000,175.000,0.000,145.000,112.000,-0.038889,0.350000,-0.935942,47.248,81.845,99.043,2908.0
Josuep_9_puntos_intento_7.mp4,1404,11700.000,True,152.000,175.000,0.000,145.000,112.000,-0.038889,0.350000,-0.935942,47.966,83.520,98.649,2968.5
Josuep_9_puntos_intento_7.mp4,1405,11708.333,True,152.000,175.000,0.000,144.000,114.000,-0.044444,0.338889,-0.939776,50.863,83.867,95.947,2915.0
Josuep_9_puntos_intento_7.mp4,1406,11716.667,True,152.000,175.000,0.000,144.000,112.000,-0.044444,0.350000,-0.935695,49.219,83.333,97.863,2911.5
Josuep_9_puntos_intento_7.mp4,1407,11725.000,True,152.000,175.000,0.000,144.000,112.000,-0.044444,0.350000,-0.935695,48.470,82.127,96.140,2863.5
Josuep_9_puntos_intento_7.mp4,1408,11733.333,True,152.000,175.000,0.000,145.000,112.000,-0.038889,0.350000,-0.935942,49.743,82.083,97.489,2877.5
Josuep_9_puntos_intento_7.mp4,1409,11741.667,True,152.000,175.000,0.000,145.000,112.000,-0.038889,0.350000,-0.935942,47.999,81.900,97.933,2830.0
Josuep_9_puntos_intento_7.mp4,1410,11750.000,True,152.000,175.000,0.000,144.000,112.000,-0.044444,0.350000,-0.935695,48.586,82.569,96.897,2856.0
Josuep_9_puntos_intento_7.mp4,1411,11758.333,True,152.000,175.000,0.000,145.000,112.000,-0.038889,0.350000,-0.935942,47.807,83.034,96.139,2870.5
Josuep_9_puntos_intento_7.mp4,1412,11766.667,True,152.000,175.000,0.000,144.000,112.000,-0.044444,0.350000,-0.935695,47.559,82.113,96.001,2882.0
Josuep_9_puntos_intento_7.mp4,1413,11775.000,True,152.000,175.000,0.000,144.000,112.000,-0.044444,0.350000,-0.935695,47.187,81.203,97.306,2858.5
Josuep_9_puntos_intento_7.mp4,1414,11783.333,True,152.000,175.000,0.000,144.000,112.000,-0.044444,0.350000,-0.935695,46.637,82.699,96.313,2866.5
Josuep_9_puntos_intento_7.mp4,1415,11791.667,True,152.000,175.000,0.000,145.000,111.000,-0.038889,0.355556,-0.933846,45.870,82.107,97.034,2825.5
Josuep_9_puntos_intento_7.mp4,1416,11800.000,True,152.000,175.000,0.000,144.000,111.000,-0.044444,0.355556,-0.933598,45.913,82.137,95.619,2838.5
Josuep_9_puntos_intento_7.mp4,1417,11808.333,True,152.000,175.000,0.000,145.000,112.000,-0.038889,0.350000,-0.935942,47.065,81.140,100.524,2778.0
Josuep_9_puntos_intento_7.mp4,1418,11816.667,True,152.000,175.000,0.000,144.000,112.000,-0.044444,0.350000,-0.935695,47.826,82.444,96.526,2757.5
Josuep_9_puntos_intento_7.mp4,1419,11825.000,True,152.000,175.000,0.000,144.000,112.000,-0.044444,0.350000,-0.935695,46.652,82.047,98.295,2754.0
Josuep_9_puntos_intento_7.mp4,1420,11833.333,True,152.000,175.000,0.000,144.000,112.000,-0.044444,0.350000,-0.935695,47.681,84.178,94.564,2819.0
Josuep_9_puntos_intento_7.mp4,1421,11841.667,True,152.000,175.000,0.000,144.000,112.000,-0.044444,0.350000,-0.935695,46.772,81.751,96.191,2771.5
Josuep_9_puntos_intento_7.mp4,1422,11850.000,True,152.000,175.000,0.000,144.000,112.000,-0.044444,0.350000,-0.935695,46.981,82.721,96.786,2779.5
Josuep_9_puntos_intento_7.mp4,1423,11858.333,True,152.000,175.000,0.000,144.000,112.000,-0.044444,0.350000,-0.935695,47.165,83.889,97.061,2766.0
Josuep_9_puntos_intento_7.mp4,1424,11866.667,True,152.000,175.000,0.000,144.000,112.000,-0.044444,0.350000,-0.935695,47.512,83.343,96.275,2810.5
Josuep_9_puntos_intento_7.mp4,1425,11875.000,True,152.000,175.000,0.000,144.000,111.000,-0.044444,0.355556,-0.933598,46.063,83.770,95.568,2782.0
Josuep_9_puntos_intento_7.mp4,1426,11883.333,True,152.000,175.000,0.000,144.000,112.000,-0.044444,0.350000,-0.935695,46.817,84.295,95.582,2821.5
Josuep_9_puntos_intento_7.mp4,1427,11891.667,True,152.000,175.000,0.000,144.000,112.000,-0.044444,0.350000,-0.935695,45.713,82.552,96.096,2777.5
Josuep_9_puntos_intento_7.mp4,1428,11900.000,True,152.000,175.000,0.000,145.000,112.000,-0.038889,0.350000,-0.935942,46.335,82.751,96.107,2790.0
Josuep_9_puntos_intento_7.mp4,1429,11908.333,True,152.000,175.000,0.000,142.000,112.000,-0.055556,0.350000,-0.935101,45.987,85.444,92.413,2779.0
Josuep_9_puntos_intento_7.mp4,1430,11916.667,True,152.000,175.000,0.000,142.000,113.000,-0.055556,0.344444,-0.937161,47.820,84.195,93.301,2794.5
Josuep_9_puntos_intento_7.mp4,1431,11925.000,True,152.000,175.000,0.000,142.000,112.000,-0.055556,0.350000,-0.935101,46.575,83.839,92.556,2741.0
Josuep_9_puntos_intento_7.mp4,1432,11933.333,True,152.000,175.000,0.000,142.000,112.000,-0.055556,0.350000,-0.935101,46.254,86.060,92.824,2745.0
Josuep_9_puntos_intento_7.mp4,1433,11941.667,True,152.000,175.000,0.000,143.000,113.000,-0.050000,0.344444,-0.937474,46.056,84.550,94.591,2704.0
Josuep_9_puntos_intento_7.mp4,1434,11950.000,True,152.000,175.000,0.000,143.000,112.000,-0.050000,0.350000,-0.935414,45.790,83.940,94.253,2719.0
Josuep_9_puntos_intento_7.mp4,1435,11958.333,True,152.000,175.000,0.000,143.000,113.000,-0.050000,0.344444,-0.937474,48.038,82.546,94.826,2709.0
Josuep_9_puntos_intento_7.mp4,1436,11966.667,True,152.000,175.000,0.000,142.000,113.000,-0.055556,0.344444,-0.937161,47.086,85.196,93.202,2740.5
Josuep_9_puntos_intento_7.mp4,1437,11975.000,True,152.000,175.000,0.000,143.000,112.000,-0.050000,0.350000,-0.935414,46.130,85.391,92.714,2677.5
Josuep_9_puntos_intento_7.mp4,1438,11983.333,True,152.000,175.000,0.000,142.000,113.000,-0.055556,0.344444,-0.937161,46.311,84.078,93.817,2696.0
Josuep_9_puntos_intento_7.mp4,1439,11991.667,True,152.000,175.000,0.000,143.000,112.000,-0.050000,0.350000,-0.935414,45.584,86.356,93.050,2648.0
Josuep_9_puntos_intento_7.mp4,1440,12000.000,True,152.000,175.000,0.000,143.000,113.000,-0.050000,0.344444,-0.937474,47.039,85.454,91.706,2687.5
Josuep_9_puntos_intento_7.mp4,1441,12008.333,True,152.000,175.000,0.000,143.000,112.000,-0.050000,0.350000,-0.935414,45.548,82.490,95.184,2666.0
Josuep_9_puntos_intento_7.mp4,1442,12016.667,True,152.000,175.000,0.000,142.000,113.000,-0.055556,0.344444,-0.937161,45.845,86.264,91.975,2671.0
Josuep_9_puntos_intento_7.mp4,1443,12025.000,True,152.000,175.000,0.000,142.000,113.000,-0.055556,0.344444,-0.937161,43.968,86.737,90.520,2685.0
Josuep_9_puntos_intento_7.mp4,1444,12033.333,True,152.000,175.000,0.000,141.000,113.000,-0.061111,0.344444,-0.936816,44.556,88.320,90.186,2678.5
Josuep_9_puntos_intento_7.mp4,1445,12041.667,True,152.000,175.000,0.000,141.000,113.000,-0.061111,0.344444,-0.936816,44.614,87.136,89.351,2675.5
Josuep_9_puntos_intento_7.mp4,1446,12050.000,True,152.000,175.000,0.000,142.000,113.000,-0.055556,0.344444,-0.937161,44.560,86.161,90.296,2670.5
Josuep_9_puntos_intento_7.mp4,1447,12058.333,True,152.000,175.000,0.000,142.000,113.000,-0.055556,0.344444,-0.937161,44.005,87.106,90.052,2629.0
Josuep_9_puntos_intento_7.mp4,1448,12066.667,True,152.000,175.000,0.000,141.000,113.000,-0.061111,0.344444,-0.936816,45.131,87.032,89.366,2667.5
Josuep_9_puntos_intento_7.mp4,1449,12075.000,True,152.000,175.000,0.000,143.000,113.000,-0.050000,0.344444,-0.937474,45.712,83.848,88.789,2634.0
Josuep_9_puntos_intento_7.mp4,1450,12083.333,True,152.000,175.000,0.000,142.000,113.000,-0.055556,0.344444,-0.937161,46.114,85.455,89.131,2692.5
Josuep_9_puntos_intento_7.mp4,1451,12091.667,True,152.000,175.000,0.000,142.000,113.000,-0.055556,0.344444,-0.937161,44.453,89.020,90.038,2627.5
Josuep_9_puntos_intento_7.mp4,1452,12100.000,True,152.000,175.000,0.000,142.000,113.000,-0.055556,0.344444,-0.937161,44.670,86.227,90.311,2628.0
Josuep_9_puntos_intento_7.mp4,1453,12108.333,True,152.000,175.000,0.000,142.000,114.000,-0.055556,0.338889,-0.939185,45.003,81.213,89.377,2623.5
Josuep_9_puntos_intento_7.mp4,1454,12116.667,True,152.000,176.000,0.000,142.000,113.000,-0.055556,0.350000,-0.935101,45.180,85.131,90.147,2612.5
Josuep_9_puntos_intento_7.mp4,1455,12125.000,True,152.000,176.000,0.000,142.000,113.000,-0.055556,0.350000,-0.935101,43.577,87.342,89.183,2592.5
Josuep_9_puntos_intento_7.mp4,1456,12133.333,True,152.000,176.000,0.000,142.000,114.000,-0.055556,0.344444,-0.937161,45.306,85.428,89.989,2618.5
Josuep_9_puntos_intento_7.mp4,1457,12141.667,True,152.000,176.000,0.000,142.000,113.000,-0.055556,0.350000,-0.935101,44.562,86.193,89.272,2601.5
Josuep_9_puntos_intento_7.mp4,1458,12150.000,True,152.000,176.000,0.000,142.000,113.000,-0.055556,0.350000,-0.935101,45.262,84.659,88.961,2603.5
Josuep_9_puntos_intento_7.mp4,1459,12158.333,True,152.000,176.000,0.000,142.000,113.000,-0.055556,0.350000,-0.935101,43.789,88.049,89.940,2550.5
Josuep_9_puntos_intento_7.mp4,1460,12166.667,True,152.000,176.000,0.000,143.000,113.000,-0.050000,0.350000,-0.935414,43.340,88.646,86.824,2557.0
Josuep_9_puntos_intento_7.mp4,1461,12175.000,True,152.000,176.000,0.000,142.000,112.000,-0.055556,0.355556,-0.933003,43.264,86.914,87.489,2554.0
Josuep_9_puntos_intento_7.mp4,1462,12183.333,True,152.000,176.000,0.000,143.000,112.000,-0.050000,0.355556,-0.933317,42.974,89.081,87.835,2550.0
Josuep_9_puntos_intento_7.mp4,1463,12191.667,True,152.000,176.000,0.000,142.000,113.000,-0.055556,0.350000,-0.935101,43.739,87.630,88.616,2564.0
Josuep_9_puntos_intento_7.mp4,1464,12200.000,True,152.000,176.000,0.000,142.000,113.000,-0.055556,0.350000,-0.935101,43.846,89.029,89.811,2566.0
Josuep_9_puntos_intento_7.mp4,1465,12208.333,True,152.000,176.000,0.000,142.000,113.000,-0.055556,0.350000,-0.935101,42.965,87.289,87.181,2523.5
Josuep_9_puntos_intento_7.mp4,1466,12216.667,True,152.000,176.000,0.000,142.000,113.000,-0.055556,0.350000,-0.935101,42.486,87.997,88.537,2529.5
Josuep_9_puntos_intento_7.mp4,1467,12225.000,True,152.000,176.000,0.000,141.000,112.000,-0.061111,0.355556,-0.932655,42.581,85.476,87.773,2486.5
Josuep_9_puntos_intento_7.mp4,1468,12233.333,True,152.000,176.000,0.000,142.000,113.000,-0.055556,0.350000,-0.935101,44.578,84.569,89.441,2519.5
Josuep_9_puntos_intento_7.mp4,1469,12241.667,True,152.000,176.000,0.000,142.000,113.000,-0.055556,0.350000,-0.935101,43.959,83.691,88.580,2513.0
Josuep_9_puntos_intento_7.mp4,1470,12250.000,True,152.000,176.000,0.000,141.000,113.000,-0.061111,0.350000,-0.934754,43.823,87.155,88.525,2541.0
Josuep_9_puntos_intento_7.mp4,1471,12258.333,True,152.000,176.000,0.000,141.000,112.000,-0.061111,0.355556,-0.932655,42.997,84.799,88.842,2502.5
Josuep_9_puntos_intento_7.mp4,1472,12266.667,True,152.000,176.000,0.000,142.000,112.000,-0.055556,0.355556,-0.933003,43.047,85.372,89.221,2526.5
Josuep_9_puntos_intento_7.mp4,1473,12275.000,True,152.000,176.000,0.000,141.000,113.000,-0.061111,0.350000,-0.934754,42.880,84.729,89.190,2514.5
Josuep_9_puntos_intento_7.mp4,1474,12283.333,True,152.000,176.000,0.000,141.000,112.000,-0.061111,0.355556,-0.932655,42.145,84.379,88.718,2500.0
Josuep_9_puntos_intento_7.mp4,1475,12291.667,True,152.000,176.000,0.000,141.000,112.000,-0.061111,0.355556,-0.932655,42.137,86.407,88.971,2494.0
Josuep_9_puntos_intento_7.mp4,1476,12300.000,True,152.000,176.000,0.000,141.000,112.000,-0.061111,0.355556,-0.932655,43.355,84.168,89.375,2494.5
Josuep_9_puntos_intento_7.mp4,1477,12308.333,True,152.000,176.000,0.000,142.000,112.000,-0.055556,0.355556,-0.933003,43.357,82.443,87.892,2459.5
Josuep_9_puntos_intento_7.mp4,1478,12316.667,True,152.000,176.000,0.000,141.000,112.000,-0.061111,0.355556,-0.932655,43.071,83.876,89.081,2484.5
Josuep_9_puntos_intento_7.mp4,1479,12325.000,True,152.000,176.000,0.000,142.000,112.000,-0.055556,0.355556,-0.933003,42.051,83.781,87.447,2427.5
Josuep_9_puntos_intento_7.mp4,1480,12333.333,True,152.000,176.000,0.000,141.000,112.000,-0.061111,0.355556,-0.932655,42.156,84.005,86.995,2419.5
Josuep_9_puntos_intento_7.mp4,1481,12341.667,True,152.000,176.000,0.000,142.000,112.000,-0.055556,0.355556,-0.933003,41.828,85.447,88.590,2418.5
Josuep_9_puntos_intento_7.mp4,1482,12350.000,True,152.000,176.000,0.000,142.000,112.000,-0.055556,0.355556,-0.933003,41.003,83.650,87.347,2428.5
Josuep_9_puntos_intento_7.mp4,1483,12358.333,True,152.000,176.000,0.000,142.000,112.000,-0.055556,0.355556,-0.933003,40.768,85.164,87.755,2430.5
Josuep_9_puntos_intento_7.mp4,1484,12366.667,True,152.000,176.000,0.000,142.000,112.000,-0.055556,0.355556,-0.933003,42.045,84.055,88.466,2425.0
Josuep_9_puntos_intento_7.mp4,1485,12375.000,True,152.000,176.000,0.000,142.000,112.000,-0.055556,0.355556,-0.933003,41.555,85.784,88.716,2412.0
Josuep_9_puntos_intento_7.mp4,1486,12383.333,True,152.000,176.000,0.000,141.000,112.000,-0.061111,0.355556,-0.932655,40.995,86.180,88.905,2418.0
Josuep_9_puntos_intento_7.mp4,1487,12391.667,True,152.000,176.000,0.000,141.000,112.000,-0.061111,0.355556,-0.932655,41.020,87.201,88.243,2424.0
Josuep_9_puntos_intento_7.mp4,1488,12400.000,True,152.000,176.000,0.000,141.000,112.000,-0.061111,0.355556,-0.932655,40.902,87.141,88.025,2419.5
Josuep_9_puntos_intento_7.mp4,1489,12408.333,True,152.000,176.000,0.000,142.000,112.000,-0.055556,0.355556,-0.933003,41.134,86.398,88.765,2416.5
Josuep_9_puntos_intento_7.mp4,1490,12416.667,True,152.000,176.000,0.000,142.000,112.000,-0.055556,0.355556,-0.933003,42.214,84.414,88.822,2389.5
Josuep_9_puntos_intento_7.mp4,1491,12425.000,True,152.000,176.000,0.000,141.000,112.000,-0.061111,0.355556,-0.932655,42.066,84.239,86.573,2411.0
Josuep_9_puntos_intento_7.mp4,1492,12433.333,True,152.000,176.000,0.000,141.000,112.000,-0.061111,0.355556,-0.932655,42.795,83.613,86.116,2426.5
Josuep_9_puntos_intento_7.mp4,1493,12441.667,True,152.000,176.000,0.000,142.000,111.000,-0.055556,0.361111,-0.930866,41.114,87.685,88.032,2367.5
Josuep_9_puntos_intento_7.mp4,1494,12450.000,True,152.000,176.000,0.000,143.000,111.000,-0.050000,0.361111,-0.931181,41.312,87.209,86.447,2406.5
Josuep_9_puntos_intento_7.mp4,1495,12458.333,True,152.000,176.000,0.000,142.000,111.000,-0.055556,0.361111,-0.930866,40.966,87.138,88.629,2403.0
Josuep_9_puntos_intento_7.mp4,1496,12466.667,True,152.000,176.000,0.000,141.000,111.000,-0.061111,0.361111,-0.930518,40.580,88.384,88.755,2388.5
Josuep_9_puntos_intento_7.mp4,1497,12475.000,True,152.000,176.000,0.000,143.000,112.000,-0.050000,0.355556,-0.933317,42.931,85.301,86.555,2392.5
Josuep_9_puntos_intento_7.mp4,1498,12483.333,True,153.000,176.000,0.000,142.000,111.000,-0.061111,0.361111,-0.930518,42.181,86.085,87.611,2417.0
Josuep_9_puntos_intento_7.mp4,1499,12491.667,True,153.000,176.000,0.000,143.000,111.000,-0.055556,0.361111,-0.930866,41.528,85.489,87.204,2378.0
Josuep_9_puntos_intento_7.mp4,1500,12500.000,True,153.000,176.000,0.000,142.000,111.000,-0.061111,0.361111,-0.930518,41.518,85.843,87.091,2415.0
Josuep_9_puntos_intento_7.mp4,1501,12508.333,True,153.000,176.000,0.000,141.000,112.000,-0.066667,0.355556,-0.932275,41.459,81.817,86.940,2363.0
Josuep_9_puntos_intento_7.mp4,1502,12516.667,True,153.000,176.000,0.000,141.000,112.000,-0.066667,0.355556,-0.932275,42.629,84.236,87.582,2420.0
Josuep_9_puntos_intento_7.mp4,1503,12525.000,True,153.000,176.000,0.000,141.000,111.000,-0.066667,0.361111,-0.930137,41.711,87.386,87.144,2422.5
Josuep_9_puntos_intento_7.mp4,1504,12533.333,True,153.000,176.000,0.000,141.000,112.000,-0.066667,0.355556,-0.932275,41.864,87.211,88.615,2465.5
Josuep_9_puntos_intento_7.mp4,1505,12541.667,True,153.000,176.000,0.000,142.000,112.000,-0.061111,0.355556,-0.932655,42.036,86.014,88.214,2427.5
Josuep_9_puntos_intento_7.mp4,1506,12550.000,True,153.000,176.000,0.000,142.000,112.000,-0.061111,0.355556,-0.932655,44.527,82.126,87.532,2453.5
Josuep_9_puntos_intento_7.mp4,1507,12558.333,True,153.000,176.000,0.000,142.000,111.000,-0.061111,0.361111,-0.930518,42.604,83.290,88.089,2469.0
Josuep_9_puntos_intento_7.mp4,1508,12566.667,True,153.000,176.000,0.000,142.000,111.000,-0.061111,0.361111,-0.930518,43.166,84.235,88.141,2471.5
Josuep_9_puntos_intento_7.mp4,1509,12575.000,True,153.000,176.000,0.000,142.000,112.000,-0.061111,0.355556,-0.932655,43.223,84.055,88.375,2431.0
Josuep_9_puntos_intento_7.mp4,1510,12583.333,True,153.000,176.000,0.000,141.000,111.000,-0.066667,0.361111,-0.930137,42.433,86.032,86.638,2440.0
Josuep_9_puntos_intento_7.mp4,1511,12591.667,True,153.000,176.000,0.000,141.000,111.000,-0.066667,0.361111,-0.930137,42.384,85.485,87.074,2432.0
Josuep_9_puntos_intento_7.mp4,1512,12600.000,True,153.000,176.000,0.000,142.000,111.000,-0.061111,0.361111,-0.930518,42.066,83.329,88.589,2442.0
Josuep_9_puntos_intento_7.mp4,1513,12608.333,True,153.000,176.000,0.000,141.000,111.000,-0.066667,0.361111,-0.930137,43.078,84.929,89.533,2398.0
Josuep_9_puntos_intento_7.mp4,1514,12616.667,True,153.000,176.000,0.000,141.000,111.000,-0.066667,0.361111,-0.930137,41.529,87.532,88.074,2445.5
Josuep_9_puntos_intento_7.mp4,1515,12625.000,True,153.000,176.000,0.000,141.000,111.000,-0.066667,0.361111,-0.930137,42.052,85.769,87.895,2408.0
Josuep_9_puntos_intento_7.mp4,1516,12633.333,True,153.000,176.000,0.000,141.000,111.000,-0.066667,0.361111,-0.930137,42.068,86.224,87.633,2451.0
Josuep_9_puntos_intento_7.mp4,1517,12641.667,True,153.000,176.000,0.000,141.000,111.000,-0.066667,0.361111,-0.930137,41.529,87.286,87.905,2414.5
Josuep_9_puntos_intento_7.mp4,1518,12650.000,True,153.000,176.000,0.000,141.000,111.000,-0.066667,0.361111,-0.930137,41.403,86.204,88.095,2430.0
Josuep_9_puntos_intento_7.mp4,1519,12658.333,True,153.000,176.000,0.000,140.000,111.000,-0.072222,0.361111,-0.929722,41.361,86.993,88.265,2424.5
Josuep_9_puntos_intento_7.mp4,1520,12666.667,True,153.000,176.000,0.000,140.000,111.000,-0.072222,0.361111,-0.929722,42.159,87.100,88.723,2484.5
Josuep_9_puntos_intento_7.mp4,1521,12675.000,True,153.000,176.000,0.000,141.000,111.000,-0.066667,0.361111,-0.930137,42.001,86.583,89.027,2462.5
Josuep_9_puntos_intento_7.mp4,1522,12683.333,True,153.000,176.000,0.000,142.000,111.000,-0.061111,0.361111,-0.930518,42.084,86.572,88.482,2464.0
Josuep_9_puntos_intento_7.mp4,1523,12691.667,True,153.000,176.000,0.000,141.000,111.000,-0.066667,0.361111,-0.930137,41.893,85.340,88.858,2454.0
Josuep_9_puntos_intento_7.mp4,1524,12700.000,True,153.000,176.000,0.000,141.000,111.000,-0.066667,0.361111,-0.930137,41.349,85.064,89.302,2476.0
Josuep_9_puntos_intento_7.mp4,1525,12708.333,True,153.000,176.000,0.000,142.000,112.000,-0.061111,0.355556,-0.932655,44.502,82.572,88.325,2540.0
Josuep_9_puntos_intento_7.mp4,1526,12716.667,True,153.000,176.000,0.000,141.000,112.000,-0.066667,0.355556,-0.932275,43.191,87.654,89.384,2531.0
Josuep_9_puntos_intento_7.mp4,1527,12725.000,True,153.000,176.000,0.000,141.000,111.000,-0.066667,0.361111,-0.930137,43.306,86.642,90.310,2522.5
Josuep_9_puntos_intento_7.mp4,1528,12733.333,True,153.000,176.000,0.000,142.000,112.000,-0.061111,0.355556,-0.932655,43.149,87.988,88.723,2543.5
Josuep_9_puntos_intento_7.mp4,1529,12741.667,True,153.000,176.000,0.000,141.000,111.000,-0.066667,0.361111,-0.930137,41.977,87.379,90.982,2540.0
Josuep_9_puntos_intento_7.mp4,1530,12750.000,True,153.000,176.000,0.000,141.000,110.000,-0.066667,0.366667,-0.927961,41.015,91.754,90.003,2561.5
Josuep_9_puntos_intento_7.mp4,1531,12758.333,True,153.000,176.000,0.000,145.000,111.000,-0.044444,0.361111,-0.931463,42.726,85.972,89.555,2498.5
Josuep_9_puntos_intento_7.mp4,1532,12766.667,True,153.000,176.000,0.000,151.000,111.000,-0.011111,0.361111,-0.932457,42.507,87.606,92.281,2493.0
Josuep_9_puntos_intento_7.mp4,1533,12775.000,True,153.000,176.000,0.000,161.000,110.000,0.044444,0.366667,-0.929290,40.552,86.133,93.235,2418.5
Josuep_9_puntos_intento_7.mp4,1534,12783.333,True,153.000,176.000,0.000,172.000,110.000,0.105556,0.366667,-0.924345,39.826,80.105,93.932,2295.0
Josuep_9_puntos_intento_7.mp4,1535,12791.667,True,153.000,176.000,0.000,182.000,111.000,0.161111,0.361111,-0.918500,39.849,76.605,94.488,2157.0
Josuep_9_puntos_intento_7.mp4,1536,12800.000,True,153.000,176.000,0.000,191.000,111.000,0.211111,0.361111,-0.908312,39.045,74.640,92.498,2032.5
Josuep_9_puntos_intento_7.mp4,1537,12808.333,True,153.000,176.000,0.000,198.000,112.000,0.250000,0.355556,-0.900600,39.569,66.565,87.639,1794.0
Josuep_9_puntos_intento_7.mp4,1538,12816.667,True,153.000,176.000,0.000,204.000,112.000,0.283333,0.355556,-0.890675,38.012,63.150,89.049,1711.0
Josuep_9_puntos_intento_7.mp4,1539,12825.000,True,153.000,176.000,0.000,209.000,112.000,0.311111,0.355556,-0.881357,35.952,64.819,86.803,1613.5
Josuep_9_puntos_intento_7.mp4,1540,12833.333,True,153.000,176.000,0.000,212.000,114.000,0.327778,0.344444,-0.879727,38.083,61.015,88.980,1563.0
Josuep_9_puntos_intento_7.mp4,1541,12841.667,True,153.000,176.000,0.000,213.000,114.000,0.333333,0.344444,-0.877637,37.835,60.687,90.682,1546.5
Josuep_9_puntos_intento_7.mp4,1542,12850.000,True,153.000,176.000,0.000,213.000,113.000,0.333333,0.350000,-0.875436,36.211,63.534,86.576,1555.5
Josuep_9_puntos_intento_7.mp4,1543,12858.333,True,153.000,176.000,0.000,214.000,114.000,0.338889,0.344444,-0.875507,36.486,68.715,88.374,1571.5
Josuep_9_puntos_intento_7.mp4,1544,12866.667,True,153.000,176.000,0.000,215.000,114.000,0.344444,0.344444,-0.873336,38.570,63.602,91.476,1571.5
Josuep_9_puntos_intento_7.mp4,1545,12875.000,True,153.000,176.000,0.000,213.000,114.000,0.333333,0.344444,-0.877637,36.825,66.396,91.561,1594.0
Josuep_9_puntos_intento_7.mp4,1546,12883.333,True,153.000,176.000,0.000,214.000,113.000,0.338889,0.350000,-0.873301,35.617,68.647,93.245,1630.5
Josuep_9_puntos_intento_7.mp4,1547,12891.667,True,153.000,176.000,0.000,214.000,113.000,0.338889,0.350000,-0.873301,35.540,65.930,92.469,1600.0
Josuep_9_puntos_intento_7.mp4,1548,12900.000,True,153.000,176.000,0.000,215.000,113.000,0.344444,0.350000,-0.871125,36.808,67.668,87.801,1648.5
Josuep_9_puntos_intento_7.mp4,1549,12908.333,True,153.000,176.000,0.000,213.000,114.000,0.333333,0.344444,-0.877637,37.848,66.062,93.674,1662.0
Josuep_9_puntos_intento_7.mp4,1550,12916.667,True,153.000,176.000,0.000,213.000,113.000,0.333333,0.350000,-0.875436,36.684,71.892,92.317,1666.5
Josuep_9_puntos_intento_7.mp4,1551,12925.000,True,153.000,176.000,0.000,214.000,113.000,0.338889,0.350000,-0.873301,37.095,72.253,91.202,1690.5
Josuep_9_puntos_intento_7.mp4,1552,12933.333,True,153.000,176.000,0.000,214.000,114.000,0.338889,0.344444,-0.875507,38.729,67.816,93.597,1723.0
Josuep_9_puntos_intento_7.mp4,1553,12941.667,True,153.000,176.000,0.000,214.000,114.000,0.338889,0.344444,-0.875507,38.751,68.167,92.943,1708.0
Josuep_9_puntos_intento_7.mp4,1554,12950.000,True,153.000,176.000,0.000,214.000,115.000,0.338889,0.338889,-0.877672,39.552,67.429,96.517,1736.5
Josuep_9_puntos_intento_7.mp4,1555,12958.333,True,153.000,176.000,0.000,214.000,115.000,0.338889,0.338889,-0.877672,38.212,70.634,96.266,1708.0
Josuep_9_puntos_intento_7.mp4,1556,12966.667,True,153.000,176.000,0.000,214.000,114.000,0.338889,0.344444,-0.875507,38.301,70.258,93.949,1742.0
Josuep_9_puntos_intento_7.mp4,1557,12975.000,True,153.000,176.000,0.000,213.000,114.000,0.333333,0.344444,-0.877637,37.035,73.693,93.332,1712.0
Josuep_9_puntos_intento_7.mp4,1558,12983.333,True,153.000,176.000,0.000,216.000,113.000,0.350000,0.350000,-0.868907,36.322,77.280,91.339,1743.5
Josuep_9_puntos_intento_7.mp4,1559,12991.667,True,153.000,176.000,0.000,215.000,114.000,0.344444,0.344444,-0.873336,37.625,70.258,93.292,1719.5
Josuep_9_puntos_intento_7.mp4,1560,13000.000,True,153.000,176.000,0.000,216.000,114.000,0.350000,0.344444,-0.871125,38.817,73.536,92.398,1761.0
Josuep_9_puntos_intento_7.mp4,1561,13008.333,True,153.000,176.000,0.000,213.000,114.000,0.333333,0.344444,-0.877637,39.024,67.208,94.016,1760.5
Josuep_9_puntos_intento_7.mp4,1562,13016.667,True,153.000,176.000,0.000,212.000,114.000,0.327778,0.344444,-0.879727,38.773,67.801,93.957,1764.5
Josuep_9_puntos_intento_7.mp4,1563,13025.000,True,153.000,176.000,0.000,214.000,115.000,0.338889,0.338889,-0.877672,40.474,66.940,95.740,1767.5
Josuep_9_puntos_intento_7.mp4,1564,13033.333,True,153.000,176.000,0.000,214.000,114.000,0.338889,0.344444,-0.875507,38.857,68.976,91.136,1789.5
Josuep_9_puntos_intento_7.mp4,1565,13041.667,True,153.000,176.000,0.000,214.000,114.000,0.338889,0.344444,-0.875507,39.333,67.010,92.971,1766.5
Josuep_9_puntos_intento_7.mp4,1566,13050.000,True,153.000,176.000,0.000,214.000,114.000,0.338889,0.344444,-0.875507,39.485,68.175,96.187,1778.5
Josuep_9_puntos_intento_7.mp4,1567,13058.333,True,153.000,176.000,0.000,214.000,114.000,0.338889,0.344444,-0.875507,38.865,69.596,94.841,1782.0
Josuep_9_puntos_intento_7.mp4,1568,13066.667,True,153.000,176.000,0.000,215.000,114.000,0.344444,0.344444,-0.873336,39.082,71.902,91.838,1805.5
Josuep_9_puntos_intento_7.mp4,1569,13075.000,True,153.000,176.000,0.000,214.000,114.000,0.338889,0.344444,-0.875507,37.761,71.383,92.897,1793.5
Josuep_9_puntos_intento_7.mp4,1570,13083.333,True,153.000,176.000,0.000,215.000,113.000,0.344444,0.350000,-0.871125,38.795,71.720,89.315,1799.0
Josuep_9_puntos_intento_7.mp4,1571,13091.667,True,153.000,176.000,0.000,214.000,113.000,0.338889,0.350000,-0.873301,38.254,71.532,92.068,1767.5
Josuep_9_puntos_intento_7.mp4,1572,13100.000,True,153.000,176.000,0.000,214.000,115.000,0.338889,0.338889,-0.877672,40.201,69.614,95.564,1809.0
Josuep_9_puntos_intento_7.mp4,1573,13108.333,True,153.000,176.000,0.000,212.000,113.000,0.327778,0.350000,-0.877532,39.124,67.924,93.296,1770.0
Josuep_9_puntos_intento_7.mp4,1574,13116.667,True,153.000,176.000,0.000,214.000,116.000,0.338889,0.333333,-0.879797,41.858,69.525,97.370,1836.5
Josuep_9_puntos_intento_7.mp4,1575,13125.000,True,153.000,176.000,0.000,214.000,114.000,0.338889,0.344444,-0.875507,37.749,71.197,93.707,1790.0
Josuep_9_puntos_intento_7.mp4,1576,13133.333,True,153.000,176.000,0.000,213.000,114.000,0.333333,0.344444,-0.877637,40.852,68.012,93.970,1826.0
Josuep_9_puntos_intento_7.mp4,1577,13141.667,True,153.000,176.000,0.000,211.000,113.000,0.322222,0.350000,-0.879587,39.666,63.938,91.835,1756.5
Josuep_9_puntos_intento_7.mp4,1578,13150.000,True,153.000,176.000,0.000,212.000,113.000,0.327778,0.350000,-0.877532,39.194,62.362,88.504,1725.0
Josuep_9_puntos_intento_7.mp4,1579,13158.333,True,153.000,176.000,0.000,215.000,114.000,0.344444,0.344444,-0.873336,39.770,61.087,90.726,1671.0
Josuep_9_puntos_intento_7.mp4,1580,13166.667,True,153.000,176.000,0.000,218.000,115.000,0.361111,0.338889,-0.868765,41.644,64.974,99.098,1689.5
Josuep_9_puntos_intento_7.mp4,1581,13175.000,True,153.000,176.000,0.000,218.000,116.000,0.361111,0.333333,-0.870912,40.812,63.807,97.403,1663.0
Josuep_9_puntos_intento_7.mp4,1582,13183.333,True,153.000,176.000,0.000,219.000,117.000,0.366667,0.327778,-0.870699,43.820,64.094,100.482,1679.5
Josuep_9_puntos_intento_7.mp4,1583,13191.667,True,153.000,176.000,0.000,218.000,116.000,0.361111,0.333333,-0.870912,42.030,65.248,99.610,1671.5
Josuep_9_puntos_intento_7.mp4,1584,13200.000,True,153.000,176.000,0.000,218.000,116.000,0.361111,0.333333,-0.870912,41.173,65.614,97.675,1685.0
Josuep_9_puntos_intento_7.mp4,1585,13208.333,True,153.000,176.000,0.000,219.000,115.000,0.366667,0.338889,-0.866435,40.569,67.884,93.999,1688.0
Josuep_9_puntos_intento_7.mp4,1586,13216.667,True,153.000,176.000,0.000,219.000,115.000,0.366667,0.338889,-0.866435,39.284,68.750,96.193,1701.0
Josuep_9_puntos_intento_7.mp4,1587,13225.000,True,153.000,176.000,0.000,219.000,115.000,0.366667,0.338889,-0.866435,40.215,67.245,95.698,1694.5
Josuep_9_puntos_intento_7.mp4,1588,13233.333,True,153.000,176.000,0.000,219.000,115.000,0.366667,0.338889,-0.866435,40.289,65.422,97.642,1678.0
Josuep_9_puntos_intento_7.mp4,1589,13241.667,True,153.000,176.000,0.000,218.000,115.000,0.361111,0.338889,-0.868765,39.265,65.607,96.303,1683.5
Josuep_9_puntos_intento_7.mp4,1590,13250.000,True,153.000,176.000,0.000,219.000,116.000,0.366667,0.333333,-0.868588,41.014,65.911,97.999,1725.5
Josuep_9_puntos_intento_7.mp4,1591,13258.333,True,153.000,176.000,0.000,220.000,114.000,0.372222,0.344444,-0.861863,38.428,65.439,100.687,1695.5
Josuep_9_puntos_intento_7.mp4,1592,13266.667,True,153.000,176.000,0.000,219.000,115.000,0.366667,0.338889,-0.866435,40.496,65.650,96.940,1718.5
Josuep_9_puntos_intento_7.mp4,1593,13275.000,True,153.000,176.000,0.000,219.000,116.000,0.366667,0.333333,-0.868588,41.608,62.135,98.462,1703.5
Josuep_9_puntos_intento_7.mp4,1594,13283.333,True,153.000,176.000,0.000,220.000,115.000,0.372222,0.338889,-0.864063,40.347,65.781,97.367,1741.5
Josuep_9_puntos_intento_7.mp4,1595,13291.667,True,153.000,176.000,0.000,219.000,115.000,0.366667,0.338889,-0.866435,40.024,64.445,95.443,1754.0
Josuep_9_puntos_intento_7.mp4,1596,13300.000,True,153.000,176.000,0.000,218.000,115.000,0.361111,0.338889,-0.868765,40.828,67.526,98.269,1738.0
Josuep_9_puntos_intento_7.mp4,1597,13308.333,True,153.000,176.000,0.000,218.000,117.000,0.361111,0.327778,-0.873018,45.001,64.218,101.901,1753.0
Josuep_9_puntos_intento_7.mp4,1598,13316.667,True,153.000,176.000,0.000,218.000,115.000,0.361111,0.338889,-0.868765,41.420,67.359,97.090,1758.0
Josuep_9_puntos_intento_7.mp4,1599,13325.000,True,153.000,176.000,0.000,219.000,116.000,0.366667,0.333333,-0.868588,42.629,66.697,99.536,1749.0
Josuep_9_puntos_intento_7.mp4,1600,13333.333,True,153.000,176.000,0.000,219.000,116.000,0.366667,0.333333,-0.868588,42.521,66.744,98.982,1781.0
Josuep_9_puntos_intento_7.mp4,1601,13341.667,True,153.000,176.000,0.000,219.000,116.000,0.366667,0.333333,-0.868588,41.413,67.002,96.289,1775.5
Josuep_9_puntos_intento_7.mp4,1602,13350.000,True,153.000,176.000,0.000,218.000,115.000,0.361111,0.338889,-0.868765,40.906,67.953,94.687,1799.0
Josuep_9_puntos_intento_7.mp4,1603,13358.333,True,153.000,176.000,0.000,218.000,115.000,0.361111,0.338889,-0.868765,39.902,68.091,95.924,1753.0
Josuep_9_puntos_intento_7.mp4,1604,13366.667,True,153.000,176.000,0.000,219.000,114.000,0.366667,0.344444,-0.864242,38.847,68.308,95.005,1777.0
Josuep_9_puntos_intento_7.mp4,1605,13375.000,True,153.000,176.000,0.000,218.000,115.000,0.361111,0.338889,-0.868765,39.281,70.273,94.803,1774.5
Josuep_9_puntos_intento_7.mp4,1606,13383.333,True,153.000,176.000,0.000,219.000,115.000,0.366667,0.338889,-0.866435,40.485,70.508,95.161,1790.5
Josuep_9_puntos_intento_7.mp4,1607,13391.667,True,153.000,176.000,0.000,219.000,115.000,0.366667,0.338889,-0.866435,39.559,71.363,92.406,1762.5
Josuep_9_puntos_intento_7.mp4,1608,13400.000,True,153.000,176.000,0.000,218.000,114.000,0.361111,0.344444,-0.866578,38.543,73.822,93.534,1787.5
Josuep_9_puntos_intento_7.mp4,1609,13408.333,True,153.000,176.000,0.000,219.000,120.000,0.366667,0.311111,-0.876793,49.022,65.584,105.895,1809.5
Josuep_9_puntos_intento_7.mp4,1610,13416.667,True,153.000,176.000,0.000,219.000,116.000,0.366667,0.333333,-0.868588,42.078,66.126,97.384,1811.5
Josuep_9_puntos_intento_7.mp4,1611,13425.000,True,153.000,176.000,0.000,220.000,117.000,0.372222,0.327778,-0.868339,43.014,66.926,96.189,1827.5
Josuep_9_puntos_intento_7.mp4,1612,13433.333,True,153.000,176.000,0.000,219.000,118.000,0.366667,0.322222,-0.872771,43.774,67.069,95.568,1791.5
Josuep_9_puntos_intento_7.mp4,1613,13441.667,True,153.000,176.000,0.000,220.000,118.000,0.372222,0.322222,-0.870416,42.656,70.527,99.209,1818.0
Josuep_9_puntos_intento_7.mp4,1614,13450.000,True,153.000,176.000,0.000,220.000,116.000,0.372222,0.333333,-0.866221,40.635,69.635,93.635,1817.0
Josuep_9_puntos_intento_7.mp4,1615,13458.333,True,153.000,176.000,0.000,220.000,116.000,0.372222,0.333333,-0.866221,39.669,69.886,92.635,1802.0
Josuep_9_puntos_intento_7.mp4,1616,13466.667,True,153.000,176.000,0.000,221.000,117.000,0.377778,0.327778,-0.865936,42.377,67.865,98.044,1829.5
Josuep_9_puntos_intento_7.mp4,1617,13475.000,True,153.000,176.000,0.000,220.000,116.000,0.372222,0.333333,-0.866221,40.969,68.874,95.846,1820.5
Josuep_9_puntos_intento_7.mp4,1618,13483.333,True,153.000,176.000,0.000,221.000,116.000,0.377778,0.333333,-0.863813,40.351,69.274,91.991,1904.0
Josuep_9_puntos_intento_7.mp4,1619,13491.667,True,153.000,176.000,0.000,221.000,116.000,0.377778,0.333333,-0.863813,40.761,67.912,93.311,1880.0
Josuep_9_puntos_intento_7.mp4,1620,13500.000,True,153.000,176.000,0.000,221.000,117.000,0.377778,0.327778,-0.865936,42.327,68.467,93.511,1895.0
Josuep_9_puntos_intento_7.mp4,1621,13508.333,True,153.000,176.000,0.000,220.000,117.000,0.372222,0.327778,-0.868339,41.022,72.915,94.397,1910.0
Josuep_9_puntos_intento_7.mp4,1622,13516.667,True,153.000,176.000,0.000,220.000,117.000,0.372222,0.327778,-0.868339,41.850,71.916,93.365,1926.0
Josuep_9_puntos_intento_7.mp4,1623,13525.000,True,153.000,176.000,0.000,220.000,117.000,0.372222,0.327778,-0.868339,42.064,68.830,97.690,1887.5
Josuep_9_puntos_intento_7.mp4,1624,13533.333,True,153.000,176.000,0.000,221.000,117.000,0.377778,0.327778,-0.865936,42.325,68.939,94.363,1915.5
Josuep_9_puntos_intento_7.mp4,1625,13541.667,True,153.000,176.000,0.000,221.000,117.000,0.377778,0.327778,-0.865936,41.149,68.524,96.868,1863.5
Josuep_9_puntos_intento_7.mp4,1626,13550.000,True,153.000,176.000,0.000,221.000,117.000,0.377778,0.327778,-0.865936,42.208,68.506,95.248,1883.0
Josuep_9_puntos_intento_7.mp4,1627,13558.333,True,153.000,176.000,0.000,221.000,118.000,0.377778,0.322222,-0.868019,45.350,67.673,97.206,1873.5
Josuep_9_puntos_intento_7.mp4,1628,13566.667,True,153.000,176.000,0.000,221.000,117.000,0.377778,0.327778,-0.865936,42.244,70.412,94.138,1913.5
Josuep_9_puntos_intento_7.mp4,1629,13575.000,True,153.000,176.000,0.000,221.000,119.000,0.377778,0.316667,-0.870061,46.771,66.657,101.415,1900.0
Josuep_9_puntos_intento_7.mp4,1630,13583.333,True,153.000,176.000,0.000,220.000,117.000,0.372222,0.327778,-0.868339,43.603,69.182,94.031,1935.5
Josuep_9_puntos_intento_7.mp4,1631,13591.667,True,153.000,176.000,0.000,220.000,117.000,0.372222,0.327778,-0.868339,43.813,68.946,95.207,1910.5
Josuep_9_puntos_intento_7.mp4,1632,13600.000,True,153.000,176.000,0.000,220.000,117.000,0.372222,0.327778,-0.868339,43.440,68.903,94.988,1888.5
Josuep_9_puntos_intento_7.mp4,1633,13608.333,True,153.000,176.000,0.000,221.000,116.000,0.377778,0.333333,-0.863813,41.599,72.569,89.617,1879.5
Josuep_9_puntos_intento_7.mp4,1634,13616.667,True,153.000,176.000,0.000,221.000,117.000,0.377778,0.327778,-0.865936,42.491,70.075,93.770,1863.5
Josuep_9_puntos_intento_7.mp4,1635,13625.000,True,153.000,176.000,0.000,221.000,119.000,0.377778,0.316667,-0.870061,46.072,67.734,94.817,1872.5
Josuep_9_puntos_intento_7.mp4,1636,13633.333,True,153.000,176.000,0.000,220.000,117.000,0.372222,0.327778,-0.868339,42.490,70.413,94.317,1906.5
Josuep_9_puntos_intento_7.mp4,1637,13641.667,True,153.000,176.000,0.000,220.000,120.000,0.372222,0.311111,-0.874449,48.633,66.761,100.896,1863.5
Josuep_9_puntos_intento_7.mp4,1638,13650.000,True,153.000,176.000,0.000,219.000,117.000,0.366667,0.327778,-0.870699,41.629,72.824,95.023,1893.5
Josuep_9_puntos_intento_7.mp4,1639,13658.333,True,153.000,176.000,0.000,220.000,118.000,0.372222,0.322222,-0.870416,43.934,69.412,96.113,1881.0
Josuep_9_puntos_intento_7.mp4,1640,13666.667,True,153.000,176.000,0.000,220.000,118.000,0.372222,0.322222,-0.870416,44.112,67.475,93.356,1912.0
Josuep_9_puntos_intento_7.mp4,1641,13675.000,True,153.000,176.000,0.000,220.000,117.000,0.372222,0.327778,-0.868339,42.382,70.590,92.149,1911.5
Josuep_9_puntos_intento_7.mp4,1642,13683.333,True,153.000,176.000,0.000,220.000,118.000,0.372222,0.322222,-0.870416,43.637,69.162,96.410,1893.5
Josuep_9_puntos_intento_7.mp4,1643,13691.667,True,153.000,176.000,0.000,220.000,118.000,0.372222,0.322222,-0.870416,43.352,69.154,94.677,1860.0
Josuep_9_puntos_intento_7.mp4,1644,13700.000,True,153.000,176.000,0.000,220.000,118.000,0.372222,0.322222,-0.870416,43.649,68.868,95.583,1897.0
Josuep_9_puntos_intento_7.mp4,1645,13708.333,True,153.000,176.000,0.000,220.000,117.000,0.372222,0.327778,-0.868339,41.409,70.942,96.713,1860.0
Josuep_9_puntos_intento_7.mp4,1646,13716.667,True,153.000,176.000,0.000,221.000,121.000,0.377778,0.305556,-0.874025,49.651,66.491,107.198,1888.0
Josuep_9_puntos_intento_7.mp4,1647,13725.000,True,153.000,176.000,0.000,220.000,118.000,0.372222,0.322222,-0.870416,44.446,67.484,97.746,1888.5
Josuep_9_puntos_intento_7.mp4,1648,13733.333,True,153.000,176.000,0.000,220.000,117.000,0.372222,0.327778,-0.868339,43.779,66.923,93.447,1899.5
Josuep_9_puntos_intento_7.mp4,1649,13741.667,True,153.000,176.000,0.000,220.000,118.000,0.372222,0.322222,-0.870416,43.884,65.795,95.012,1865.0
Josuep_9_puntos_intento_7.mp4,1650,13750.000,True,153.000,176.000,0.000,220.000,118.000,0.372222,0.322222,-0.870416,41.997,67.879,95.151,1882.0
Josuep_9_puntos_intento_7.mp4,1651,13758.333,True,153.000,176.000,0.000,220.000,119.000,0.372222,0.316667,-0.872452,45.035,67.241,96.181,1877.0
Josuep_9_puntos_intento_7.mp4,1652,13766.667,True,153.000,176.000,0.000,219.000,118.000,0.366667,0.322222,-0.872771,42.979,67.337,94.881,1891.0
Josuep_9_puntos_intento_7.mp4,1653,13775.000,True,153.000,176.000,0.000,220.000,119.000,0.372222,0.316667,-0.872452,45.382,66.690,99.552,1884.0
Josuep_9_puntos_intento_7.mp4,1654,13783.333,True,153.000,177.000,0.000,220.000,118.000,0.372222,0.327778,-0.868339,43.358,67.349,96.193,1898.0
Josuep_9_puntos_intento_7.mp4,1655,13791.667,True,153.000,177.000,0.000,220.000,118.000,0.372222,0.327778,-0.868339,42.893,67.952,94.213,1868.5
Josuep_9_puntos_intento_7.mp4,1656,13800.000,True,153.000,177.000,0.000,220.000,118.000,0.372222,0.327778,-0.868339,42.440,68.015,95.714,1895.5
Josuep_9_puntos_intento_7.mp4,1657,13808.333,True,153.000,177.000,0.000,222.000,117.000,0.383333,0.333333,-0.861362,41.558,76.108,88.585,1892.5
Josuep_9_puntos_intento_7.mp4,1658,13816.667,True,153.000,177.000,0.000,220.000,118.000,0.372222,0.327778,-0.868339,41.130,71.000,94.141,1881.5
Josuep_9_puntos_intento_7.mp4,1659,13825.000,True,153.000,177.000,0.000,220.000,120.000,0.372222,0.316667,-0.872452,48.445,66.569,97.231,1911.5
Josuep_9_puntos_intento_7.mp4,1660,13833.333,True,153.000,177.000,0.000,220.000,117.000,0.372222,0.333333,-0.866221,41.087,72.735,95.302,1904.5
Josuep_9_puntos_intento_7.mp4,1661,13841.667,True,153.000,177.000,0.000,220.000,118.000,0.372222,0.327778,-0.868339,42.620,69.433,93.548,1883.5
Josuep_9_puntos_intento_7.mp4,1662,13850.000,True,153.000,177.000,0.000,220.000,119.000,0.372222,0.322222,-0.870416,45.206,66.852,92.023,1876.0
Josuep_9_puntos_intento_7.mp4,1663,13858.333,True,153.000,177.000,0.000,220.000,119.000,0.372222,0.322222,-0.870416,43.947,69.585,97.361,1898.0
Josuep_9_puntos_intento_7.mp4,1664,13866.667,True,153.000,177.000,0.000,220.000,120.000,0.372222,0.316667,-0.872452,46.618,67.242,99.708,1885.5
Josuep_9_puntos_intento_7.mp4,1665,13875.000,True,153.000,177.000,0.000,219.000,119.000,0.366667,0.322222,-0.872771,44.348,66.499,96.433,1848.5
Josuep_9_puntos_intento_7.mp4,1666,13883.333,True,153.000,177.000,0.000,220.000,120.000,0.372222,0.316667,-0.872452,46.114,66.766,102.189,1887.0
Josuep_9_puntos_intento_7.mp4,1667,13891.667,True,153.000,177.000,0.000,220.000,118.000,0.372222,0.327778,-0.868339,41.287,68.873,96.182,1868.0
Josuep_9_puntos_intento_7.mp4,1668,13900.000,True,153.000,177.000,0.000,220.000,119.000,0.372222,0.322222,-0.870416,44.378,67.906,99.254,1898.5
Josuep_9_puntos_intento_7.mp4,1669,13908.333,True,153.000,177.000,0.000,220.000,119.000,0.372222,0.322222,-0.870416,42.085,71.895,97.854,1860.5
Josuep_9_puntos_intento_7.mp4,1670,13916.667,True,153.000,177.000,0.000,220.000,119.000,0.372222,0.322222,-0.870416,43.393,69.610,99.825,1875.0
Josuep_9_puntos_intento_7.mp4,1671,13925.000,True,153.000,177.000,0.000,220.000,122.000,0.372222,0.305556,-0.876405,49.416,66.673,101.936,1868.0
Josuep_9_puntos_intento_7.mp4,1672,13933.333,True,153.000,177.000,0.000,220.000,118.000,0.372222,0.327778,-0.868339,43.229,68.150,97.251,1892.5
Josuep_9_puntos_intento_7.mp4,1673,13941.667,True,153.000,177.000,0.000,221.000,117.000,0.377778,0.333333,-0.863813,41.154,71.940,91.944,1864.5
Josuep_9_puntos_intento_7.mp4,1674,13950.000,True,153.000,177.000,0.000,221.000,117.000,0.377778,0.333333,-0.863813,42.098,70.249,93.377,1875.5
Josuep_9_puntos_intento_7.mp4,1675,13958.333,True,153.000,177.000,0.000,220.000,118.000,0.372222,0.327778,-0.868339,43.017,69.255,95.715,1875.5
Josuep_9_puntos_intento_7.mp4,1676,13966.667,True,153.000,177.000,0.000,220.000,119.000,0.372222,0.322222,-0.870416,46.275,66.518,96.708,1874.0
Josuep_9_puntos_intento_7.mp4,1677,13975.000,True,153.000,177.000,0.000,220.000,119.000,0.372222,0.322222,-0.870416,43.271,68.608,98.483,1856.5
Josuep_9_puntos_intento_7.mp4,1678,13983.333,True,153.000,177.000,0.000,221.000,118.000,0.377778,0.327778,-0.865936,44.288,66.672,97.338,1867.0
Josuep_9_puntos_intento_7.mp4,1679,13991.667,True,153.000,177.000,0.000,220.000,119.000,0.372222,0.322222,-0.870416,43.840,67.823,99.230,1871.0
Josuep_9_puntos_intento_7.mp4,1680,14000.000,True,153.000,177.000,0.000,220.000,119.000,0.372222,0.322222,-0.870416,42.689,67.899,96.592,1856.5
Josuep_9_puntos_intento_7.mp4,1681,14008.333,True,153.000,177.000,0.000,220.000,120.000,0.372222,0.316667,-0.872452,46.767,66.148,99.394,1839.5
Josuep_9_puntos_intento_7.mp4,1682,14016.667,True,153.000,177.000,0.000,220.000,117.000,0.372222,0.333333,-0.866221,41.029,71.974,94.077,1882.5
Josuep_9_puntos_intento_7.mp4,1683,14025.000,True,153.000,177.000,0.000,220.000,118.000,0.372222,0.327778,-0.868339,42.265,67.395,95.961,1897.0
Josuep_9_puntos_intento_7.mp4,1684,14033.333,True,153.000,177.000,0.000,220.000,118.000,0.372222,0.327778,-0.868339,42.142,68.164,96.174,1881.0
Josuep_9_puntos_intento_7.mp4,1685,14041.667,True,153.000,177.000,0.000,220.000,118.000,0.372222,0.327778,-0.868339,41.671,69.259,96.574,1876.0
Josuep_9_puntos_intento_7.mp4,1686,14050.000,True,153.000,177.000,0.000,221.000,119.000,0.377778,0.322222,-0.868019,44.465,68.067,99.311,1882.5
Josuep_9_puntos_intento_7.mp4,1687,14058.333,True,153.000,177.000,0.000,220.000,119.000,0.372222,0.322222,-0.870416,42.083,69.206,95.161,1880.5
Josuep_9_puntos_intento_7.mp4,1688,14066.667,True,153.000,177.000,0.000,220.000,119.000,0.372222,0.322222,-0.870416,42.606,71.239,97.815,1915.5
Josuep_9_puntos_intento_7.mp4,1689,14075.000,True,153.000,177.000,0.000,221.000,118.000,0.377778,0.327778,-0.865936,42.564,68.468,96.711,1885.5
Josuep_9_puntos_intento_7.mp4,1690,14083.333,True,153.000,177.000,0.000,219.000,117.000,0.366667,0.333333,-0.868588,41.045,72.262,95.632,1893.5
Josuep_9_puntos_intento_7.mp4,1691,14091.667,True,153.000,177.000,0.000,220.000,117.000,0.372222,0.333333,-0.866221,41.011,70.969,93.209,1896.5
Josuep_9_puntos_intento_7.mp4,1692,14100.000,True,153.000,177.000,0.000,220.000,118.000,0.372222,0.327778,-0.868339,42.105,71.683,94.395,1893.5
Josuep_9_puntos_intento_7.mp4,1693,14108.333,True,153.000,177.000,0.000,221.000,119.000,0.377778,0.322222,-0.868019,42.516,67.765,95.106,1855.5
Josuep_9_puntos_intento_7.mp4,1694,14116.667,True,153.000,177.000,0.000,220.000,117.000,0.372222,0.333333,-0.866221,42.141,70.072,95.447,1843.0
Josuep_9_puntos_intento_7.mp4,1695,14125.000,True,153.000,177.000,0.000,220.000,118.000,0.372222,0.327778,-0.868339,42.638,69.893,93.947,1876.5
Josuep_9_puntos_intento_7.mp4,1696,14133.333,True,153.000,177.000,0.000,220.000,117.000,0.372222,0.333333,-0.866221,41.786,71.022,95.106,1875.5
Josuep_9_puntos_intento_7.mp4,1697,14141.667,True,153.000,177.000,0.000,221.000,118.000,0.377778,0.327778,-0.865936,41.065,69.474,95.733,1853.0
Josuep_9_puntos_intento_7.mp4,1698,14150.000,True,153.000,177.000,0.000,221.000,118.000,0.377778,0.327778,-0.865936,41.433,69.409,96.912,1861.0
Josuep_9_puntos_intento_7.mp4,1699,14158.333,True,153.000,177.000,0.000,220.000,118.000,0.372222,0.327778,-0.868339,41.164,70.258,95.820,1849.5
Josuep_9_puntos_intento_7.mp4,1700,14166.667,True,153.000,177.000,0.000,221.000,118.000,0.377778,0.327778,-0.865936,43.027,69.521,95.669,1875.0
Josuep_9_puntos_intento_7.mp4,1701,14175.000,True,153.000,177.000,0.000,221.000,118.000,0.377778,0.327778,-0.865936,43.331,69.074,93.744,1872.5
Josuep_9_puntos_intento_7.mp4,1702,14183.333,True,153.000,177.000,0.000,220.000,118.000,0.372222,0.327778,-0.868339,43.094,69.060,96.562,1871.5
Josuep_9_puntos_intento_7.mp4,1703,14191.667,True,153.000,177.000,0.000,221.000,118.000,0.377778,0.327778,-0.865936,42.471,69.670,93.910,1837.5
Josuep_9_puntos_intento_7.mp4,1704,14200.000,True,153.000,177.000,0.000,220.000,118.000,0.372222,0.327778,-0.868339,41.414,70.537,95.568,1876.5
Josuep_9_puntos_intento_7.mp4,1705,14208.333,True,153.000,177.000,0.000,220.000,118.000,0.372222,0.327778,-0.868339,40.706,71.013,93.785,1870.5
Josuep_9_puntos_intento_7.mp4,1706,14216.667,True,153.000,177.000,0.000,219.000,117.000,0.366667,0.333333,-0.868588,40.277,69.708,92.490,1873.0
Josuep_9_puntos_intento_7.mp4,1707,14225.000,True,153.000,177.000,0.000,220.000,117.000,0.372222,0.333333,-0.866221,39.264,72.481,92.849,1882.0
Josuep_9_puntos_intento_7.mp4,1708,14233.333,True,153.000,177.000,0.000,220.000,118.000,0.372222,0.327778,-0.868339,40.600,69.594,95.194,1879.5
Josuep_9_puntos_intento_7.mp4,1709,14241.667,True,153.000,177.000,0.000,220.000,118.000,0.372222,0.327778,-0.868339,41.700,69.110,94.613,1857.0
Josuep_9_puntos_intento_7.mp4,1710,14250.000,True,153.000,177.000,0.000,220.000,117.000,0.372222,0.333333,-0.866221,40.979,69.794,93.692,1890.0
Josuep_9_puntos_intento_7.mp4,1711,14258.333,True,153.000,177.000,0.000,220.000,118.000,0.372222,0.327778,-0.868339,41.255,68.733,96.489,1865.0
Josuep_9_puntos_intento_7.mp4,1712,14266.667,True,153.000,177.000,0.000,221.000,118.000,0.377778,0.327778,-0.865936,43.582,66.856,94.185,1857.5
Josuep_9_puntos_intento_7.mp4,1713,14275.000,True,153.000,177.000,0.000,220.000,118.000,0.372222,0.327778,-0.868339,41.832,67.087,98.072,1866.5
Josuep_9_puntos_intento_7.mp4,1714,14283.333,True,153.000,177.000,0.000,220.000,118.000,0.372222,0.327778,-0.868339,42.291,69.168,96.474,1906.5
Josuep_9_puntos_intento_7.mp4,1715,14291.667,True,153.000,177.000,0.000,220.000,117.000,0.372222,0.333333,-0.866221,41.288,69.089,94.095,1886.5
Josuep_9_puntos_intento_7.mp4,1716,14300.000,True,153.000,177.000,0.000,220.000,118.000,0.372222,0.327778,-0.868339,41.713,69.677,95.083,1892.5
Josuep_9_puntos_intento_7.mp4,1717,14308.333,True,153.000,177.000,0.000,221.000,119.000,0.377778,0.322222,-0.868019,42.556,70.151,96.231,1892.0
Josuep_9_puntos_intento_7.mp4,1718,14316.667,True,153.000,177.000,0.000,220.000,118.000,0.372222,0.327778,-0.868339,41.416,71.160,95.498,1891.0
Josuep_9_puntos_intento_7.mp4,1719,14325.000,True,153.000,177.000,0.000,220.000,119.000,0.372222,0.322222,-0.870416,43.639,67.939,100.022,1871.5
Josuep_9_puntos_intento_7.mp4,1720,14333.333,True,153.000,177.000,0.000,221.000,122.000,0.377778,0.305556,-0.874025,50.814,66.071,106.484,1902.0
Josuep_9_puntos_intento_7.mp4,1721,14341.667,True,153.000,177.000,0.000,221.000,122.000,0.377778,0.305556,-0.874025,50.488,65.548,106.746,1898.0
Josuep_9_puntos_intento_7.mp4,1722,14350.000,True,153.000,177.000,0.000,221.000,121.000,0.377778,0.311111,-0.872063,47.021,65.899,103.053,1899.5
Josuep_9_puntos_intento_7.mp4,1723,14358.333,True,153.000,177.000,0.000,221.000,121.000,0.377778,0.311111,-0.872063,46.967,66.715,101.602,1887.5
Josuep_9_puntos_intento_7.mp4,1724,14366.667,True,153.000,177.000,0.000,222.000,121.000,0.383333,0.311111,-0.869635,47.041,67.558,102.763,1916.0
Josuep_9_puntos_intento_7.mp4,1725,14375.000,True,153.000,177.000,0.000,220.000,119.000,0.372222,0.322222,-0.870416,43.919,69.563,100.721,1908.5
Josuep_9_puntos_intento_7.mp4,1726,14383.333,True,153.000,177.000,0.000,221.000,119.000,0.377778,0.322222,-0.868019,42.971,67.572,96.155,1890.0
Josuep_9_puntos_intento_7.mp4,1727,14391.667,True,153.000,177.000,0.000,220.000,119.000,0.372222,0.322222,-0.870416,41.981,67.931,95.684,1893.5
Josuep_9_puntos_intento_7.mp4,1728,14400.000,True,153.000,177.000,0.000,220.000,119.000,0.372222,0.322222,-0.870416,43.512,66.761,96.888,1899.5
Josuep_9_puntos_intento_7.mp4,1729,14408.333,True,153.000,177.000,0.000,221.000,119.000,0.377778,0.322222,-0.868019,43.142,68.302,96.513,1886.0
Josuep_9_puntos_intento_7.mp4,1730,14416.667,True,153.000,177.000,0.000,220.000,119.000,0.372222,0.322222,-0.870416,41.292,72.815,95.539,1920.5
Josuep_9_puntos_intento_7.mp4,1731,14425.000,True,153.000,177.000,0.000,221.000,119.000,0.377778,0.322222,-0.868019,43.185,68.797,97.532,1884.5
Josuep_9_puntos_intento_7.mp4,1732,14433.333,True,153.000,177.000,0.000,221.000,120.000,0.377778,0.316667,-0.870061,44.407,69.545,95.840,1936.5
Josuep_9_puntos_intento_7.mp4,1733,14441.667,True,153.000,177.000,0.000,220.000,119.000,0.372222,0.322222,-0.870416,41.917,68.321,98.485,1856.0
Josuep_9_puntos_intento_7.mp4,1734,14450.000,True,153.000,177.000,0.000,221.000,121.000,0.377778,0.311111,-0.872063,48.139,67.238,98.348,1914.5
Josuep_9_puntos_intento_7.mp4,1735,14458.333,True,154.000,177.000,0.000,221.000,119.000,0.372222,0.322222,-0.870416,42.134,67.344,96.918,1888.5
Josuep_9_puntos_intento_7.mp4,1736,14466.667,True,154.000,177.000,0.000,220.000,119.000,0.366667,0.322222,-0.872771,42.434,70.761,94.579,1915.0
Josuep_9_puntos_intento_7.mp4,1737,14475.000,True,154.000,177.000,0.000,221.000,118.000,0.372222,0.327778,-0.868339,42.294,75.154,91.153,1935.0
Josuep_9_puntos_intento_7.mp4,1738,14483.333,True,154.000,177.000,0.000,221.000,118.000,0.372222,0.327778,-0.868339,41.689,73.949,93.169,1914.0
Josuep_9_puntos_intento_7.mp4,1739,14491.667,True,154.000,177.000,0.000,220.000,119.000,0.366667,0.322222,-0.872771,44.008,68.770,94.753,1934.0
Josuep_9_puntos_intento_7.mp4,1740,14500.000,True,154.000,177.000,0.000,221.000,120.000,0.372222,0.316667,-0.872452,45.032,66.985,97.021,1902.0
Josuep_9_puntos_intento_7.mp4,1741,14508.333,True,154.000,177.000,0.000,220.000,119.000,0.366667,0.322222,-0.872771,42.947,69.356,93.876,1894.0
Josuep_9_puntos_intento_7.mp4,1742,14516.667,True,154.000,177.000,0.000,221.000,119.000,0.372222,0.322222,-0.870416,42.562,69.063,94.801,1945.5
Josuep_9_puntos_intento_7.mp4,1743,14525.000,True,154.000,177.000,0.000,220.000,119.000,0.366667,0.322222,-0.872771,41.858,70.131,97.459,1897.0
Josuep_9_puntos_intento_7.mp4,1744,14533.333,True,154.000,177.000,0.000,221.000,119.000,0.372222,0.322222,-0.870416,43.660,69.398,96.173,1941.5
Josuep_9_puntos_intento_7.mp4,1745,14541.667,True,154.000,177.000,0.000,220.000,119.000,0.366667,0.322222,-0.872771,43.028,69.387,95.084,1932.5
Josuep_9_puntos_intento_7.mp4,1746,14550.000,True,154.000,177.000,0.000,221.000,119.000,0.372222,0.322222,-0.870416,44.212,69.306,100.189,1914.0
Josuep_9_puntos_intento_7.mp4,1747,14558.333,True,154.000,177.000,0.000,221.000,120.000,0.372222,0.316667,-0.872452,45.067,68.253,100.429,1927.0
Josuep_9_puntos_intento_7.mp4,1748,14566.667,True,154.000,177.000,0.000,221.000,120.000,0.372222,0.316667,-0.872452,44.242,68.905,97.902,1945.5
Josuep_9_puntos_intento_7.mp4,1749,14575.000,True,154.000,177.000,0.000,221.000,121.000,0.372222,0.311111,-0.874449,47.226,67.404,102.085,1932.0
Josuep_9_puntos_intento_7.mp4,1750,14583.333,True,154.000,177.000,0.000,221.000,122.000,0.372222,0.305556,-0.876405,50.120,67.745,105.643,1969.0
Josuep_9_puntos_intento_7.mp4,1751,14591.667,True,154.000,177.000,0.000,221.000,121.000,0.372222,0.311111,-0.874449,46.442,69.240,97.591,1929.5
Josuep_9_puntos_intento_7.mp4,1752,14600.000,True,154.000,177.000,0.000,220.000,119.000,0.366667,0.322222,-0.872771,44.450,69.738,98.291,1954.5
Josuep_9_puntos_intento_7.mp4,1753,14608.333,True,154.000,177.000,0.000,221.000,119.000,0.372222,0.322222,-0.870416,44.352,69.000,94.137,1924.0
Josuep_9_puntos_intento_7.mp4,1754,14616.667,True,154.000,177.000,0.000,221.000,119.000,0.372222,0.322222,-0.870416,42.982,69.777,93.611,1934.0
Josuep_9_puntos_intento_7.mp4,1755,14625.000,True,154.000,177.000,0.000,220.000,120.000,0.366667,0.316667,-0.874802,45.508,67.555,96.415,1942.5
Josuep_9_puntos_intento_7.mp4,1756,14633.333,True,154.000,177.000,0.000,220.000,119.000,0.366667,0.322222,-0.872771,44.117,69.206,95.825,1952.5
Josuep_9_puntos_intento_7.mp4,1757,14641.667,True,154.000,177.000,0.000,221.000,120.000,0.372222,0.316667,-0.872452,45.286,68.232,96.562,1969.5
Josuep_9_puntos_intento_7.mp4,1758,14650.000,True,154.000,177.000,0.000,221.000,118.000,0.372222,0.327778,-0.868339,43.033,70.652,90.534,1954.5
Josuep_9_puntos_intento_7.mp4,1759,14658.333,True,154.000,177.000,0.000,220.000,118.000,0.366667,0.327778,-0.870699,41.179,72.620,94.245,1962.5
Josuep_9_puntos_intento_7.mp4,1760,14666.667,True,154.000,177.000,0.000,220.000,119.000,0.366667,0.322222,-0.872771,42.249,72.440,95.272,1985.0
Josuep_9_puntos_intento_7.mp4,1761,14675.000,True,154.000,177.000,0.000,219.000,118.000,0.361111,0.327778,-0.873018,40.677,70.373,94.960,1949.5
Josuep_9_puntos_intento_7.mp4,1762,14683.333,True,154.000,177.000,0.000,221.000,120.000,0.372222,0.316667,-0.872452,45.845,68.560,101.142,1959.5
Josuep_9_puntos_intento_7.mp4,1763,14691.667,True,154.000,177.000,0.000,221.000,120.000,0.372222,0.316667,-0.872452,44.379,69.703,98.899,1962.0
Josuep_9_puntos_intento_7.mp4,1764,14700.000,True,154.000,177.000,0.000,221.000,119.000,0.372222,0.322222,-0.870416,44.210,69.518,95.267,1952.5
Josuep_9_puntos_intento_7.mp4,1765,14708.333,True,154.000,177.000,0.000,221.000,119.000,0.372222,0.322222,-0.870416,42.469,71.545,92.981,1943.0
Josuep_9_puntos_intento_7.mp4,1766,14716.667,True,154.000,177.000,0.000,220.000,119.000,0.366667,0.322222,-0.872771,42.755,70.732,97.203,1975.5
Josuep_9_puntos_intento_7.mp4,1767,14725.000,True,154.000,177.000,0.000,218.000,119.000,0.355556,0.322222,-0.877356,40.627,71.945,95.804,1974.0
Josuep_9_puntos_intento_7.mp4,1768,14733.333,True,154.000,177.000,0.000,216.000,119.000,0.344444,0.322222,-0.881777,41.515,70.382,93.299,2009.5
Josuep_9_puntos_intento_7.mp4,1769,14741.667,True,154.000,177.000,0.000,207.000,119.000,0.294444,0.322222,-0.899708,40.665,76.960,91.081,2169.5
Josuep_9_puntos_intento_7.mp4,1770,14750.000,True,154.000,177.000,0.000,198.000,118.000,0.244444,0.327778,-0.912583,41.112,79.293,90.483,2261.0
Josuep_9_puntos_intento_7.mp4,1771,14758.333,True,154.000,177.000,0.000,190.000,118.000,0.200000,0.327778,-0.923343,40.929,75.702,88.008,2300.0
Josuep_9_puntos_intento_7.mp4,1772,14766.667,True,154.000,177.000,0.000,186.000,119.000,0.177778,0.322222,-0.929821,42.851,78.765,90.008,2421.5
Josuep_9_puntos_intento_7.mp4,1773,14775.000,True,154.000,177.000,0.000,185.000,119.000,0.172222,0.322222,-0.930866,42.122,80.590,90.328,2456.0
Josuep_9_puntos_intento_7.mp4,1774,14783.333,True,154.000,177.000,0.000,185.000,120.000,0.172222,0.316667,-0.932771,43.200,79.755,92.406,2438.0
Josuep_9_puntos_intento_7.mp4,1775,14791.667,True,154.000,177.000,0.000,187.000,120.000,0.183333,0.316667,-0.930651,45.467,77.652,92.649,2390.0
Josuep_9_puntos_intento_7.mp4,1776,14800.000,True,154.000,177.000,0.000,186.000,120.000,0.177778,0.316667,-0.931728,44.356,77.446,91.878,2421.5
Josuep_9_puntos_intento_7.mp4,1777,14808.333,True,154.000,177.000,0.000,186.000,119.000,0.177778,0.322222,-0.929821,41.517,81.606,91.411,2415.5
Josuep_9_puntos_intento_7.mp4,1778,14816.667,True,154.000,177.000,0.000,187.000,119.000,0.183333,0.322222,-0.928742,42.562,77.909,91.808,2422.5
Josuep_9_puntos_intento_7.mp4,1779,14825.000,True,154.000,177.000,0.000,187.000,120.000,0.183333,0.316667,-0.930651,43.742,77.662,92.032,2411.0
Josuep_9_puntos_intento_7.mp4,1780,14833.333,True,154.000,177.000,0.000,187.000,119.000,0.183333,0.322222,-0.928742,43.597,78.049,92.645,2424.0
Josuep_9_puntos_intento_7.mp4,1781,14841.667,True,154.000,177.000,0.000,188.000,119.000,0.188889,0.322222,-0.927628,43.691,78.396,91.117,2409.5
Josuep_9_puntos_intento_7.mp4,1782,14850.000,True,154.000,177.000,0.000,188.000,119.000,0.188889,0.322222,-0.927628,42.398,78.588,91.355,2384.0
Josuep_9_puntos_intento_7.mp4,1783,14858.333,True,154.000,177.000,0.000,188.000,118.000,0.188889,0.327778,-0.925680,41.909,78.711,90.790,2380.5
Josuep_9_puntos_intento_7.mp4,1784,14866.667,True,154.000,177.000,0.000,188.000,119.000,0.188889,0.322222,-0.927628,42.497,78.847,92.197,2405.5
Josuep_9_puntos_intento_7.mp4,1785,14875.000,True,154.000,177.000,0.000,187.000,118.000,0.183333,0.327778,-0.926796,42.692,78.022,91.645,2396.0
Josuep_9_puntos_intento_7.mp4,1786,14883.333,True,154.000,177.000,0.000,187.000,118.000,0.183333,0.327778,-0.926796,42.882,78.527,90.489,2418.0
Josuep_9_puntos_intento_7.mp4,1787,14891.667,True,154.000,177.000,0.000,188.000,118.000,0.188889,0.327778,-0.925680,43.072,77.519,92.760,2372.5
Josuep_9_puntos_intento_7.mp4,1788,14900.000,True,154.000,177.000,0.000,188.000,118.000,0.188889,0.327778,-0.925680,41.291,78.915,91.220,2375.0
Josuep_9_puntos_intento_7.mp4,1789,14908.333,True,154.000,177.000,0.000,188.000,118.000,0.188889,0.327778,-0.925680,41.589,77.341,91.371,2352.5
Josuep_9_puntos_intento_7.mp4,1790,14916.667,True,154.000,177.000,0.000,187.000,118.000,0.183333,0.327778,-0.926796,41.860,78.021,91.085,2358.0
Josuep_9_puntos_intento_7.mp4,1791,14925.000,True,154.000,177.000,0.000,188.000,118.000,0.188889,0.327778,-0.925680,42.229,77.364,89.832,2321.0
Josuep_9_puntos_intento_7.mp4,1792,14933.333,True,154.000,177.000,0.000,188.000,117.000,0.188889,0.333333,-0.923694,41.834,78.172,89.879,2358.5
Josuep_9_puntos_intento_7.mp4,1793,14941.667,True,154.000,177.000,0.000,187.000,118.000,0.183333,0.327778,-0.926796,42.574,78.036,90.594,2384.0
Josuep_9_puntos_intento_7.mp4,1794,14950.000,True,154.000,177.000,0.000,185.000,118.000,0.172222,0.327778,-0.928925,42.570,80.880,90.068,2466.5
Josuep_9_puntos_intento_7.mp4,1795,14958.333,True,154.000,177.000,0.000,181.000,118.000,0.150000,0.327778,-0.932771,39.037,80.851,89.607,2350.0
Josuep_9_puntos_intento_7.mp4,1796,14966.667,True,154.000,177.000,0.000,181.000,119.000,0.150000,0.322222,-0.934705,39.501,82.818,92.079,2423.0
Josuep_9_puntos_intento_7.mp4,1797,14975.000,True,154.000,177.000,0.000,182.000,118.000,0.155556,0.327778,-0.931861,40.773,80.882,91.207,2426.5
Josuep_9_puntos_intento_7.mp4,1798,14983.333,True,154.000,177.000,0.000,181.000,118.000,0.150000,0.327778,-0.932771,39.737,79.019,92.640,2341.0
Josuep_9_puntos_intento_7.mp4,1799,14991.667,True,154.000,177.000,0.000,182.000,118.000,0.155556,0.327778,-0.931861,39.959,80.615,91.583,2317.0
Josuep_9_puntos_intento_7.mp4,1800,15000.000,True,154.000,177.000,0.000,182.000,119.000,0.155556,0.322222,-0.933796,39.969,81.065,90.732,2337.0
Josuep_9_puntos_intento_7.mp4,1801,15008.333,True,154.000,177.000,0.000,182.000,119.000,0.155556,0.322222,-0.933796,40.823,79.058,92.859,2313.5
Josuep_9_puntos_intento_7.mp4,1802,15016.667,True,154.000,177.000,0.000,182.000,119.000,0.155556,0.322222,-0.933796,41.092,80.110,93.067,2340.0
Josuep_9_puntos_intento_7.mp4,1803,15025.000,True,154.000,177.000,0.000,182.000,119.000,0.155556,0.322222,-0.933796,40.559,78.715,92.905,2344.0
Josuep_9_puntos_intento_7.mp4,1804,15033.333,True,154.000,177.000,0.000,182.000,119.000,0.155556,0.322222,-0.933796,40.403,79.185,92.797,2354.0
Josuep_9_puntos_intento_7.mp4,1805,15041.667,True,154.000,177.000,0.000,182.000,119.000,0.155556,0.322222,-0.933796,40.272,77.767,92.616,2329.0
Josuep_9_puntos_intento_7.mp4,1806,15050.000,True,154.000,177.000,0.000,182.000,119.000,0.155556,0.322222,-0.933796,41.029,77.519,92.594,2331.0
Josuep_9_puntos_intento_7.mp4,1807,15058.333,True,154.000,177.000,0.000,182.000,119.000,0.155556,0.322222,-0.933796,41.114,77.575,93.220,2331.5
Josuep_9_puntos_intento_7.mp4,1808,15066.667,True,154.000,177.000,0.000,182.000,119.000,0.155556,0.322222,-0.933796,39.564,80.601,92.751,2358.0
Josuep_9_puntos_intento_7.mp4,1809,15075.000,True,154.000,177.000,0.000,183.000,118.000,0.161111,0.327778,-0.930916,39.661,80.026,91.532,2331.0
Josuep_9_puntos_intento_7.mp4,1810,15083.333,True,154.000,177.000,0.000,183.000,119.000,0.161111,0.322222,-0.932854,40.033,80.631,92.022,2384.5
Josuep_9_puntos_intento_7.mp4,1811,15091.667,True,154.000,177.000,0.000,183.000,119.000,0.161111,0.322222,-0.932854,39.542,80.469,91.915,2363.0
Josuep_9_puntos_intento_7.mp4,1812,15100.000,True,154.000,177.000,0.000,182.000,119.000,0.155556,0.322222,-0.933796,40.005,78.978,91.554,2356.5
Josuep_9_puntos_intento_7.mp4,1813,15108.333,True,154.000,177.000,0.000,183.000,119.000,0.161111,0.322222,-0.932854,40.305,81.521,91.286,2395.0
Josuep_9_puntos_intento_7.mp4,1814,15116.667,True,154.000,177.000,0.000,183.000,119.000,0.161111,0.322222,-0.932854,40.671,80.338,92.305,2377.5
Josuep_9_puntos_intento_7.mp4,1815,15125.000,True,154.000,177.000,0.000,182.000,119.000,0.155556,0.322222,-0.933796,41.463,78.283,92.439,2360.5
Josuep_9_puntos_intento_7.mp4,1816,15133.333,True,154.000,177.000,0.000,183.000,118.000,0.161111,0.327778,-0.930916,40.275,81.460,92.821,2382.0
Josuep_9_puntos_intento_7.mp4,1817,15141.667,True,154.000,177.000,0.000,182.000,119.000,0.155556,0.322222,-0.933796,40.427,81.623,93.005,2364.0
Josuep_9_puntos_intento_7.mp4,1818,15150.000,True,154.000,177.000,0.000,184.000,119.000,0.166667,0.322222,-0.931877,41.619,80.068,92.747,2371.5
Josuep_9_puntos_intento_7.mp4,1819,15158.333,True,154.000,177.000,0.000,184.000,118.000,0.166667,0.327778,-0.929938,41.465,79.569,92.966,2327.5
Josuep_9_puntos_intento_7.mp4,1820,15166.667,True,154.000,177.000,0.000,185.000,118.000,0.172222,0.327778,-0.928925,40.995,78.819,92.783,2315.5
Josuep_9_puntos_intento_7.mp4,1821,15175.000,True,154.000,177.000,0.000,185.000,118.000,0.172222,0.327778,-0.928925,41.410,77.865,93.357,2297.0
Josuep_9_puntos_intento_7.mp4,1822,15183.333,True,154.000,177.000,0.000,185.000,118.000,0.172222,0.327778,-0.928925,41.965,78.449,93.826,2326.5
Josuep_9_puntos_intento_7.mp4,1823,15191.667,True,154.000,177.000,0.000,185.000,117.000,0.172222,0.333333,-0.926946,40.232,78.062,92.252,2295.0
Josuep_9_puntos_intento_7.mp4,1824,15200.000,True,154.000,177.000,0.000,185.000,117.000,0.172222,0.333333,-0.926946,40.634,77.418,92.433,2287.0
Josuep_9_puntos_intento_7.mp4,1825,15208.333,True,154.000,177.000,0.000,185.000,118.000,0.172222,0.327778,-0.928925,41.111,76.881,92.843,2312.0
Josuep_9_puntos_intento_7.mp4,1826,15216.667,True,154.000,177.000,0.000,185.000,118.000,0.172222,0.327778,-0.928925,41.512,76.442,92.412,2325.5
Josuep_9_puntos_intento_7.mp4,1827,15225.000,True,154.000,177.000,0.000,185.000,117.000,0.172222,0.333333,-0.926946,41.677,76.310,91.698,2314.0
Josuep_9_puntos_intento_7.mp4,1828,15233.333,True,154.000,177.000,0.000,185.000,117.000,0.172222,0.333333,-0.926946,41.864,78.157,92.120,2338.0
Josuep_9_puntos_intento_7.mp4,1829,15241.667,True,154.000,177.000,0.000,185.000,117.000,0.172222,0.333333,-0.926946,41.339,78.002,91.909,2294.5
Josuep_9_puntos_intento_7.mp4,1830,15250.000,True,154.000,177.000,0.000,185.000,117.000,0.172222,0.333333,-0.926946,41.283,78.061,90.747,2312.5
Josuep_9_puntos_intento_7.mp4,1831,15258.333,True,154.000,177.000,0.000,185.000,117.000,0.172222,0.333333,-0.926946,41.208,78.204,92.159,2316.0
Josuep_9_puntos_intento_7.mp4,1832,15266.667,True,154.000,177.000,0.000,185.000,117.000,0.172222,0.333333,-0.926946,40.086,78.702,89.476,2299.0
Josuep_9_puntos_intento_7.mp4,1833,15275.000,True,154.000,177.000,0.000,185.000,117.000,0.172222,0.333333,-0.926946,40.170,80.649,90.333,2287.0
Josuep_9_puntos_intento_7.mp4,1834,15283.333,True,154.000,177.000,0.000,186.000,117.000,0.177778,0.333333,-0.925896,40.641,81.320,90.070,2325.5
Josuep_9_puntos_intento_7.mp4,1835,15291.667,True,154.000,177.000,0.000,186.000,117.000,0.177778,0.333333,-0.925896,40.022,82.102,88.886,2307.0
Josuep_9_puntos_intento_7.mp4,1836,15300.000,True,154.000,177.000,0.000,185.000,117.000,0.172222,0.333333,-0.926946,40.943,78.564,91.645,2303.0
Josuep_9_puntos_intento_7.mp4,1837,15308.333,True,154.000,177.000,0.000,185.000,118.000,0.172222,0.327778,-0.928925,41.561,77.018,93.441,2294.5
Josuep_9_puntos_intento_7.mp4,1838,15316.667,True,154.000,177.000,0.000,185.000,118.000,0.172222,0.327778,-0.928925,40.935,78.238,92.216,2308.0
Josuep_9_puntos_intento_7.mp4,1839,15325.000,True,154.000,177.000,0.000,185.000,118.000,0.172222,0.327778,-0.928925,41.394,76.949,91.924,2317.0
Josuep_9_puntos_intento_7.mp4,1840,15333.333,True,154.000,177.000,0.000,185.000,118.000,0.172222,0.327778,-0.928925,41.287,77.430,93.007,2324.0
Josuep_9_puntos_intento_7.mp4,1841,15341.667,True,154.000,177.000,0.000,185.000,117.000,0.172222,0.333333,-0.926946,40.815,78.122,92.537,2315.5
Josuep_9_puntos_intento_7.mp4,1842,15350.000,True,154.000,177.000,0.000,185.000,117.000,0.172222,0.333333,-0.926946,40.329,77.377,91.147,2320.0
Josuep_9_puntos_intento_7.mp4,1843,15358.333,True,154.000,177.000,0.000,185.000,117.000,0.172222,0.333333,-0.926946,40.059,76.754,91.526,2296.0
Josuep_9_puntos_intento_7.mp4,1844,15366.667,True,154.000,177.000,0.000,185.000,117.000,0.172222,0.333333,-0.926946,39.834,79.021,91.592,2316.5
Josuep_9_puntos_intento_7.mp4,1845,15375.000,True,154.000,177.000,0.000,185.000,117.000,0.172222,0.333333,-0.926946,39.729,76.608,92.064,2254.0
Josuep_9_puntos_intento_7.mp4,1846,15383.333,True,154.000,177.000,0.000,185.000,117.000,0.172222,0.333333,-0.926946,39.943,78.107,91.067,2304.0
Josuep_9_puntos_intento_7.mp4,1847,15391.667,True,154.000,177.000,0.000,185.000,117.000,0.172222,0.333333,-0.926946,40.315,77.940,90.915,2312.5
Josuep_9_puntos_intento_7.mp4,1848,15400.000,True,154.000,177.000,0.000,186.000,117.000,0.177778,0.333333,-0.925896,40.864,76.952,93.343,2326.0
Josuep_9_puntos_intento_7.mp4,1849,15408.333,True,154.000,177.000,0.000,185.000,117.000,0.172222,0.333333,-0.926946,40.249,77.490,91.634,2291.0
Josuep_9_puntos_intento_7.mp4,1850,15416.667,True,154.000,177.000,0.000,185.000,117.000,0.172222,0.333333,-0.926946,41.206,75.717,91.261,2322.0
Josuep_9_puntos_intento_7.mp4,1851,15425.000,True,154.000,177.000,0.000,185.000,117.000,0.172222,0.333333,-0.926946,41.094,76.155,91.361,2302.5
Josuep_9_puntos_intento_7.mp4,1852,15433.333,True,154.000,177.000,0.000,185.000,118.000,0.172222,0.327778,-0.928925,42.060,76.883,91.546,2313.5
Josuep_9_puntos_intento_7.mp4,1853,15441.667,True,154.000,177.000,0.000,186.000,118.000,0.177778,0.327778,-0.927878,42.709,76.284,92.713,2318.5
Josuep_9_puntos_intento_7.mp4,1854,15450.000,True,154.000,177.000,0.000,185.000,117.000,0.172222,0.333333,-0.926946,41.727,78.725,93.484,2347.0
Josuep_9_puntos_intento_7.mp4,1855,15458.333,True,154.000,177.000,0.000,185.000,117.000,0.172222,0.333333,-0.926946,42.171,76.099,91.768,2341.0
Josuep_9_puntos_intento_7.mp4,1856,15466.667,True,154.000,177.000,0.000,185.000,118.000,0.172222,0.327778,-0.928925,42.072,77.106,93.728,2338.0
Josuep_9_puntos_intento_7.mp4,1857,15475.000,True,154.000,177.000,0.000,185.000,117.000,0.172222,0.333333,-0.926946,41.880,77.287,92.764,2333.0
Josuep_9_puntos_intento_7.mp4,1858,15483.333,True,154.000,177.000,0.000,185.000,118.000,0.172222,0.327778,-0.928925,42.606,76.687,93.142,2353.5
Josuep_9_puntos_intento_7.mp4,1859,15491.667,True,154.000,177.000,0.000,187.000,118.000,0.183333,0.327778,-0.926796,41.434,77.585,92.643,2311.5
Josuep_9_puntos_intento_7.mp4,1860,15500.000,True,154.000,177.000,0.000,188.000,118.000,0.188889,0.327778,-0.925680,42.325,76.070,91.187,2331.0
Josuep_9_puntos_intento_7.mp4,1861,15508.333,True,154.000,177.000,0.000,189.000,118.000,0.194444,0.327778,-0.924529,42.798,74.612,92.025,2277.0
Josuep_9_puntos_intento_7.mp4,1862,15516.667,True,154.000,177.000,0.000,189.000,117.000,0.194444,0.333333,-0.922540,42.040,77.091,93.279,2315.0
Josuep_9_puntos_intento_7.mp4,1863,15525.000,True,154.000,177.000,0.000,189.000,118.000,0.194444,0.327778,-0.924529,42.251,77.020,92.926,2317.0
Josuep_9_puntos_intento_7.mp4,1864,15533.333,True,154.000,177.000,0.000,189.000,118.000,0.194444,0.327778,-0.924529,42.274,76.735,92.929,2338.5
Josuep_9_puntos_intento_7.mp4,1865,15541.667,True,154.000,177.000,0.000,189.000,118.000,0.194444,0.327778,-0.924529,43.711,75.166,91.650,2349.5
Josuep_9_puntos_intento_7.mp4,1866,15550.000,True,154.000,177.000,0.000,189.000,118.000,0.194444,0.327778,-0.924529,41.670,77.535,90.854,2365.0
Josuep_9_puntos_intento_7.mp4,1867,15558.333,True,154.000,177.000,0.000,189.000,117.000,0.194444,0.333333,-0.922540,42.572,76.475,90.657,2355.0
Josuep_9_puntos_intento_7.mp4,1868,15566.667,True,154.000,177.000,0.000,190.000,117.000,0.200000,0.333333,-0.921352,41.503,77.514,90.996,2369.5
Josuep_9_puntos_intento_7.mp4,1869,15575.000,True,154.000,177.000,0.000,189.000,117.000,0.194444,0.333333,-0.922540,41.674,78.178,91.244,2360.0
Josuep_9_puntos_intento_7.mp4,1870,15583.333,True,154.000,177.000,0.000,189.000,117.000,0.194444,0.333333,-0.922540,42.170,76.819,91.771,2374.5
Josuep_9_puntos_intento_7.mp4,1871,15591.667,True,154.000,177.000,0.000,189.000,118.000,0.194444,0.327778,-0.924529,42.414,76.587,91.489,2355.0
Josuep_9_puntos_intento_7.mp4,1872,15600.000,True,154.000,177.000,0.000,189.000,117.000,0.194444,0.333333,-0.922540,42.900,77.553,89.043,2367.5
Josuep_9_puntos_intento_7.mp4,1873,15608.333,True,154.000,177.000,0.000,189.000,118.000,0.194444,0.327778,-0.924529,42.441,77.275,92.513,2377.0
Josuep_9_puntos_intento_7.mp4,1874,15616.667,True,154.000,177.000,0.000,188.000,118.000,0.188889,0.327778,-0.925680,43.206,76.328,92.595,2409.0
Josuep_9_puntos_intento_7.mp4,1875,15625.000,True,154.000,177.000,0.000,188.000,118.000,0.188889,0.327778,-0.925680,43.614,76.040,93.090,2408.5
Josuep_9_puntos_intento_7.mp4,1876,15633.333,True,154.000,177.000,0.000,189.000,118.000,0.194444,0.327778,-0.924529,44.244,76.638,93.547,2414.0
Josuep_9_puntos_intento_7.mp4,1877,15641.667,True,154.000,177.000,0.000,189.000,118.000,0.194444,0.327778,-0.924529,43.239,77.351,91.911,2398.5
Josuep_9_puntos_intento_7.mp4,1878,15650.000,True,154.000,177.000,0.000,189.000,118.000,0.194444,0.327778,-0.924529,43.643,76.973,92.793,2404.0
Josuep_9_puntos_intento_7.mp4,1879,15658.333,True,154.000,177.000,0.000,189.000,118.000,0.194444,0.327778,-0.924529,43.666,78.152,91.716,2423.0
Josuep_9_puntos_intento_7.mp4,1880,15666.667,True,154.000,177.000,0.000,190.000,118.000,0.200000,0.327778,-0.923343,44.130,78.228,90.562,2437.5
Josuep_9_puntos_intento_7.mp4,1881,15675.000,True,154.000,177.000,0.000,189.000,118.000,0.194444,0.327778,-0.924529,43.775,77.376,91.816,2410.5
Josuep_9_puntos_intento_7.mp4,1882,15683.333,True,154.000,177.000,0.000,189.000,118.000,0.194444,0.327778,-0.924529,43.395,77.502,93.903,2417.5
Josuep_9_puntos_intento_7.mp4,1883,15691.667,True,154.000,177.000,0.000,189.000,118.000,0.194444,0.327778,-0.924529,44.003,77.912,92.624,2445.0
Josuep_9_puntos_intento_7.mp4,1884,15700.000,True,154.000,177.000,0.000,189.000,118.000,0.194444,0.327778,-0.924529,43.695,76.837,94.776,2431.5
Josuep_9_puntos_intento_7.mp4,1885,15708.333,True,154.000,177.000,0.000,188.000,118.000,0.188889,0.327778,-0.925680,42.519,79.042,92.871,2425.5
Josuep_9_puntos_intento_7.mp4,1886,15716.667,True,154.000,177.000,0.000,188.000,118.000,0.188889,0.327778,-0.925680,42.919,78.188,93.220,2436.0
Josuep_9_puntos_intento_7.mp4,1887,15725.000,True,154.000,177.000,0.000,189.000,118.000,0.194444,0.327778,-0.924529,42.760,78.190,93.312,2439.5
Josuep_9_puntos_intento_7.mp4,1888,15733.333,True,154.000,177.000,0.000,189.000,118.000,0.194444,0.327778,-0.924529,44.604,77.902,93.382,2466.5
Josuep_9_puntos_intento_7.mp4,1889,15741.667,True,154.000,177.000,0.000,190.000,118.000,0.200000,0.327778,-0.923343,43.846,77.874,91.036,2434.0
Josuep_9_puntos_intento_7.mp4,1890,15750.000,True,154.000,177.000,0.000,189.000,117.000,0.194444,0.333333,-0.922540,42.149,79.599,90.902,2439.5
Josuep_9_puntos_intento_7.mp4,1891,15758.333,True,154.000,177.000,0.000,189.000,118.000,0.194444,0.327778,-0.924529,41.577,79.085,91.472,2446.0
Josuep_9_puntos_intento_7.mp4,1892,15766.667,True,154.000,177.000,0.000,189.000,117.000,0.194444,0.333333,-0.922540,42.111,80.864,91.341,2474.5
Josuep_9_puntos_intento_7.mp4,1893,15775.000,True,154.000,177.000,0.000,189.000,118.000,0.194444,0.327778,-0.924529,42.164,78.409,92.683,2431.5
Josuep_9_puntos_intento_7.mp4,1894,15783.333,True,154.000,177.000,0.000,189.000,118.000,0.194444,0.327778,-0.924529,42.529,78.740,91.326,2458.0
Josuep_9_puntos_intento_7.mp4,1895,15791.667,True,154.000,177.000,0.000,188.000,118.000,0.188889,0.327778,-0.925680,43.471,78.716,91.968,2453.5
Josuep_9_puntos_intento_7.mp4,1896,15800.000,True,154.000,177.000,0.000,186.000,118.000,0.177778,0.327778,-0.927878,42.920,79.368,91.095,2474.0
Josuep_9_puntos_intento_7.mp4,1897,15808.333,True,154.000,177.000,0.000,186.000,118.000,0.177778,0.327778,-0.927878,43.113,79.193,92.050,2492.0
Josuep_9_puntos_intento_7.mp4,1898,15816.667,True,154.000,177.000,0.000,187.000,118.000,0.183333,0.327778,-0.926796,43.860,79.879,90.734,2500.0
Josuep_9_puntos_intento_7.mp4,1899,15825.000,True,154.000,177.000,0.000,186.000,118.000,0.177778,0.327778,-0.927878,43.070,78.874,92.710,2489.0
Josuep_9_puntos_intento_7.mp4,1900,15833.333,True,154.000,177.000,0.000,186.000,118.000,0.177778,0.327778,-0.927878,42.321,80.351,93.388,2491.5
Josuep_9_puntos_intento_7.mp4,1901,15841.667,True,154.000,177.000,0.000,186.000,118.000,0.177778,0.327778,-0.927878,41.360,79.105,94.070,2464.0
Josuep_9_puntos_intento_7.mp4,1902,15850.000,True,154.000,177.000,0.000,187.000,118.000,0.183333,0.327778,-0.926796,42.585,79.459,93.386,2478.0
Josuep_9_puntos_intento_7.mp4,1903,15858.333,True,154.000,177.000,0.000,187.000,118.000,0.183333,0.327778,-0.926796,43.409,78.940,94.272,2499.0
Josuep_9_puntos_intento_7.mp4,1904,15866.667,True,154.000,177.000,0.000,187.000,118.000,0.183333,0.327778,-0.926796,43.265,79.229,94.717,2521.5
Josuep_9_puntos_intento_7.mp4,1905,15875.000,True,154.000,177.000,0.000,187.000,118.000,0.183333,0.327778,-0.926796,43.497,78.120,94.249,2485.0
Josuep_9_puntos_intento_7.mp4,1906,15883.333,True,154.000,177.000,0.000,186.000,118.000,0.177778,0.327778,-0.927878,43.277,78.432,94.212,2484.5
Josuep_9_puntos_intento_7.mp4,1907,15891.667,True,154.000,177.000,0.000,187.000,118.000,0.183333,0.327778,-0.926796,42.029,80.661,92.513,2494.0
Josuep_9_puntos_intento_7.mp4,1908,15900.000,True,154.000,177.000,0.000,186.000,118.000,0.177778,0.327778,-0.927878,42.965,79.906,93.939,2531.0
Josuep_9_puntos_intento_7.mp4,1909,15908.333,True,154.000,177.000,0.000,186.000,119.000,0.177778,0.322222,-0.929821,44.154,77.594,93.341,2507.0
Josuep_9_puntos_intento_7.mp4,1910,15916.667,True,154.000,177.000,0.000,186.000,118.000,0.177778,0.327778,-0.927878,42.473,78.701,91.250,2476.5
Josuep_9_puntos_intento_7.mp4,1911,15925.000,True,154.000,177.000,0.000,187.000,119.000,0.183333,0.322222,-0.928742,44.403,78.170,93.109,2472.0
Josuep_9_puntos_intento_7.mp4,1912,15933.333,True,154.000,177.000,0.000,187.000,118.000,0.183333,0.327778,-0.926796,43.740,79.544,92.332,2503.0
Josuep_9_puntos_intento_7.mp4,1913,15941.667,True,154.000,177.000,0.000,187.000,119.000,0.183333,0.322222,-0.928742,43.799,77.899,94.121,2482.5
Josuep_9_puntos_intento_7.mp4,1914,15950.000,True,154.000,177.000,0.000,186.000,119.000,0.177778,0.322222,-0.929821,43.675,77.649,93.041,2502.0
Josuep_9_puntos_intento_7.mp4,1915,15958.333,True,154.000,177.000,0.000,187.000,119.000,0.183333,0.322222,-0.928742,44.029,78.519,92.762,2464.5
Josuep_9_puntos_intento_7.mp4,1916,15966.667,True,154.000,177.000,0.000,186.000,118.000,0.177778,0.327778,-0.927878,43.569,78.840,91.922,2515.5
Josuep_9_puntos_intento_7.mp4,1917,15975.000,True,154.000,177.000,0.000,187.000,118.000,0.183333,0.327778,-0.926796,43.297,79.484,90.716,2473.5
Josuep_9_puntos_intento_7.mp4,1918,15983.333,True,154.000,177.000,0.000,187.000,118.000,0.183333,0.327778,-0.926796,43.604,78.603,92.256,2533.5
Josuep_9_puntos_intento_7.mp4,1919,15991.667,True,154.000,177.000,0.000,187.000,118.000,0.183333,0.327778,-0.926796,41.331,79.034,92.550,2470.0
Josuep_9_puntos_intento_7.mp4,1920,16000.000,True,154.000,177.000,0.000,188.000,118.000,0.188889,0.327778,-0.925680,42.368,80.149,92.008,2480.0
Josuep_9_puntos_intento_7.mp4,1921,16008.333,True,154.000,177.000,0.000,186.000,119.000,0.177778,0.322222,-0.929821,44.461,76.864,94.197,2495.0
Josuep_9_puntos_intento_7.mp4,1922,16016.667,True,154.000,177.000,0.000,187.000,119.000,0.183333,0.322222,-0.928742,44.039,78.650,93.592,2496.5
Josuep_9_puntos_intento_7.mp4,1923,16025.000,True,154.000,177.000,0.000,187.000,119.000,0.183333,0.322222,-0.928742,43.541,79.779,93.116,2462.5
Josuep_9_puntos_intento_7.mp4,1924,16033.333,True,154.000,177.000,0.000,188.000,118.000,0.188889,0.327778,-0.925680,43.830,80.785,90.180,2469.0
Josuep_9_puntos_intento_7.mp4,1925,16041.667,True,154.000,177.000,0.000,187.000,119.000,0.183333,0.322222,-0.928742,43.678,78.647,93.773,2464.5
Josuep_9_puntos_intento_7.mp4,1926,16050.000,True,154.000,177.000,0.000,187.000,118.000,0.183333,0.327778,-0.926796,43.126,79.491,91.915,2480.0
Josuep_9_puntos_intento_7.mp4,1927,16058.333,True,154.000,177.000,0.000,188.000,118.000,0.188889,0.327778,-0.925680,43.657,80.367,90.956,2484.5
Josuep_9_puntos_intento_7.mp4,1928,16066.667,True,154.000,177.000,0.000,187.000,118.000,0.183333,0.327778,-0.926796,43.363,79.740,91.098,2483.0
Josuep_9_puntos_intento_7.mp4,1929,16075.000,True,154.000,177.000,0.000,188.000,118.000,0.188889,0.327778,-0.925680,42.603,78.648,92.186,2451.0
Josuep_9_puntos_intento_7.mp4,1930,16083.333,True,154.000,177.000,0.000,188.000,118.000,0.188889,0.327778,-0.925680,43.231,79.251,91.131,2471.0
Josuep_9_puntos_intento_7.mp4,1931,16091.667,True,154.000,177.000,0.000,187.000,119.000,0.183333,0.322222,-0.928742,43.004,79.464,91.202,2446.5
Josuep_9_puntos_intento_7.mp4,1932,16100.000,True,154.000,177.000,0.000,184.000,119.000,0.166667,0.322222,-0.931877,43.924,78.966,92.591,2479.5
Josuep_9_puntos_intento_7.mp4,1933,16108.333,True,154.000,177.000,0.000,180.000,119.000,0.144444,0.322222,-0.935579,43.149,81.585,93.944,2517.0
Josuep_9_puntos_intento_7.mp4,1934,16116.667,True,154.000,177.000,0.000,177.000,118.000,0.127778,0.327778,-0.936074,43.639,80.899,93.400,2546.5
Josuep_9_puntos_intento_7.mp4,1935,16125.000,True,154.000,177.000,0.000,174.000,118.000,0.111111,0.327778,-0.938198,43.208,80.588,93.473,2533.5
Josuep_9_puntos_intento_7.mp4,1936,16133.333,True,154.000,177.000,0.000,172.000,118.000,0.100000,0.327778,-0.939448,42.979,85.005,92.892,2589.0
Josuep_9_puntos_intento_7.mp4,1937,16141.667,True,154.000,177.000,0.000,172.000,118.000,0.100000,0.327778,-0.939448,42.445,83.726,93.913,2549.5
Josuep_9_puntos_intento_7.mp4,1938,16150.000,True,154.000,177.000,0.000,172.000,118.000,0.100000,0.327778,-0.939448,43.405,81.043,95.468,2534.5
Josuep_9_puntos_intento_7.mp4,1939,16158.333,True,154.000,177.000,0.000,173.000,118.000,0.105556,0.327778,-0.938840,42.428,84.007,93.802,2603.5
Josuep_9_puntos_intento_7.mp4,1940,16166.667,True,154.000,177.000,0.000,172.000,118.000,0.100000,0.327778,-0.939448,41.979,83.309,95.020,2563.5
Josuep_9_puntos_intento_7.mp4,1941,16175.000,True,154.000,177.000,0.000,172.000,118.000,0.100000,0.327778,-0.939448,42.335,82.415,93.993,2575.0
Josuep_9_puntos_intento_7.mp4,1942,16183.333,True,154.000,177.000,0.000,172.000,118.000,0.100000,0.327778,-0.939448,42.667,81.879,94.272,2584.5
Josuep_9_puntos_intento_7.mp4,1943,16191.667,True,154.000,177.000,0.000,173.000,118.000,0.105556,0.327778,-0.938840,43.009,80.085,94.564,2558.0
Josuep_9_puntos_intento_7.mp4,1944,16200.000,True,154.000,177.000,0.000,173.000,118.000,0.105556,0.327778,-0.938840,42.538,81.316,93.908,2590.5
Josuep_9_puntos_intento_7.mp4,1945,16208.333,True,154.000,177.000,0.000,173.000,118.000,0.105556,0.327778,-0.938840,43.886,80.223,94.932,2556.0
Josuep_9_puntos_intento_7.mp4,1946,16216.667,True,154.000,177.000,0.000,173.000,118.000,0.105556,0.327778,-0.938840,43.238,83.250,94.451,2594.5
Josuep_9_puntos_intento_7.mp4,1947,16225.000,True,154.000,177.000,0.000,173.000,118.000,0.105556,0.327778,-0.938840,43.454,81.220,94.558,2585.0
Josuep_9_puntos_intento_7.mp4,1948,16233.333,True,154.000,177.000,0.000,173.000,118.000,0.105556,0.327778,-0.938840,42.352,80.261,94.320,2506.5
Josuep_9_puntos_intento_7.mp4,1949,16241.667,True,154.000,177.000,0.000,173.000,118.000,0.105556,0.327778,-0.938840,41.848,78.336,94.949,2466.5
Josuep_9_puntos_intento_7.mp4,1950,16250.000,True,154.000,177.000,0.000,174.000,118.000,0.111111,0.327778,-0.938198,41.798,80.841,95.076,2525.0
Josuep_9_puntos_intento_7.mp4,1951,16258.333,True,154.000,177.000,0.000,174.000,118.000,0.111111,0.327778,-0.938198,42.277,79.528,94.523,2489.0
Josuep_9_puntos_intento_7.mp4,1952,16266.667,True,154.000,177.000,0.000,173.000,118.000,0.105556,0.327778,-0.938840,42.465,80.368,96.008,2518.0
Josuep_9_puntos_intento_7.mp4,1953,16275.000,True,154.000,177.000,0.000,174.000,118.000,0.111111,0.327778,-0.938198,42.258,80.504,95.415,2501.5
Josuep_9_puntos_intento_7.mp4,1954,16283.333,True,154.000,177.000,0.000,173.000,118.000,0.105556,0.327778,-0.938840,42.411,79.560,95.398,2512.0
Josuep_9_puntos_intento_7.mp4,1955,16291.667,True,154.000,177.000,0.000,173.000,118.000,0.105556,0.327778,-0.938840,42.921,77.934,95.681,2479.0
Josuep_9_puntos_intento_7.mp4,1956,16300.000,True,154.000,177.000,0.000,173.000,118.000,0.105556,0.327778,-0.938840,42.787,80.898,95.801,2506.0
Josuep_9_puntos_intento_7.mp4,1957,16308.333,True,154.000,177.000,0.000,173.000,118.000,0.105556,0.327778,-0.938840,42.225,79.141,94.327,2496.5
Josuep_9_puntos_intento_7.mp4,1958,16316.667,True,154.000,177.000,0.000,173.000,118.000,0.105556,0.327778,-0.938840,42.105,80.221,94.083,2500.0
Josuep_9_puntos_intento_7.mp4,1959,16325.000,True,154.000,177.000,0.000,174.000,118.000,0.111111,0.327778,-0.938198,42.382,79.215,93.843,2486.0
Josuep_9_puntos_intento_7.mp4,1960,16333.333,True,154.000,177.000,0.000,173.000,118.000,0.105556,0.327778,-0.938840,44.213,79.034,94.673,2531.0
Josuep_9_puntos_intento_7.mp4,1961,16341.667,True,154.000,177.000,0.000,173.000,118.000,0.105556,0.327778,-0.938840,42.873,79.535,93.565,2515.0
Josuep_9_puntos_intento_7.mp4,1962,16350.000,True,154.000,177.000,0.000,173.000,117.000,0.105556,0.333333,-0.936881,43.015,79.402,93.248,2538.0
Josuep_9_puntos_intento_7.mp4,1963,16358.333,True,154.000,177.000,0.000,173.000,117.000,0.105556,0.333333,-0.936881,42.328,79.872,95.066,2501.0
Josuep_9_puntos_intento_7.mp4,1964,16366.667,True,154.000,177.000,0.000,173.000,118.000,0.105556,0.327778,-0.938840,42.842,79.758,94.572,2519.0
Josuep_9_puntos_intento_7.mp4,1965,16375.000,True,154.000,177.000,0.000,173.000,118.000,0.105556,0.327778,-0.938840,42.534,79.290,96.023,2482.0
Josuep_9_puntos_intento_7.mp4,1966,16383.333,True,154.000,177.000,0.000,173.000,118.000,0.105556,0.327778,-0.938840,42.828,79.658,95.009,2536.5
Josuep_9_puntos_intento_7.mp4,1967,16391.667,True,154.000,177.000,0.000,174.000,118.000,0.111111,0.327778,-0.938198,42.204,80.296,95.661,2505.0
Josuep_9_puntos_intento_7.mp4,1968,16400.000,True,154.000,177.000,0.000,174.000,118.000,0.111111,0.327778,-0.938198,42.870,80.320,95.172,2536.0
Josuep_9_puntos_intento_7.mp4,1969,16408.333,True,154.000,177.000,0.000,173.000,118.000,0.105556,0.327778,-0.938840,43.764,76.738,95.953,2485.0
Josuep_9_puntos_intento_7.mp4,1970,16416.667,True,154.000,177.000,0.000,173.000,117.000,0.105556,0.333333,-0.936881,42.373,79.646,95.531,2533.5
Josuep_9_puntos_intento_7.mp4,1971,16425.000,True,154.000,177.000,0.000,173.000,118.000,0.105556,0.327778,-0.938840,43.506,80.147,95.593,2552.0
Josuep_9_puntos_intento_7.mp4,1972,16433.333,True,154.000,177.000,0.000,173.000,118.000,0.105556,0.327778,-0.938840,43.618,79.096,94.510,2581.0
Josuep_9_puntos_intento_7.mp4,1973,16441.667,True,154.000,177.000,0.000,174.000,118.000,0.111111,0.327778,-0.938198,43.580,78.869,95.883,2589.5
Josuep_9_puntos_intento_7.mp4,1974,16450.000,True,154.000,177.000,0.000,174.000,118.000,0.111111,0.327778,-0.938198,44.272,78.280,96.874,2578.5
Josuep_9_puntos_intento_7.mp4,1975,16458.333,True,154.000,177.000,0.000,174.000,118.000,0.111111,0.327778,-0.938198,43.718,78.288,96.999,2571.5
Josuep_9_puntos_intento_7.mp4,1976,16466.667,True,154.000,177.000,0.000,174.000,118.000,0.111111,0.327778,-0.938198,44.085,77.565,97.390,2583.5
Josuep_9_puntos_intento_7.mp4,1977,16475.000,True,154.000,177.000,0.000,174.000,118.000,0.111111,0.327778,-0.938198,42.662,79.942,96.003,2592.0
Josuep_9_puntos_intento_7.mp4,1978,16483.333,True,154.000,177.000,0.000,174.000,118.000,0.111111,0.327778,-0.938198,43.241,81.073,96.133,2608.0
Josuep_9_puntos_intento_7.mp4,1979,16491.667,True,154.000,177.000,0.000,174.000,118.000,0.111111,0.327778,-0.938198,44.258,78.805,97.133,2608.5
Josuep_9_puntos_intento_7.mp4,1980,16500.000,True,154.000,177.000,0.000,174.000,118.000,0.111111,0.327778,-0.938198,44.254,80.841,97.494,2654.0
Josuep_9_puntos_intento_7.mp4,1981,16508.333,True,154.000,177.000,0.000,174.000,118.000,0.111111,0.327778,-0.938198,45.108,80.096,96.432,2663.5
Josuep_9_puntos_intento_7.mp4,1982,16516.667,True,154.000,177.000,0.000,174.000,118.000,0.111111,0.327778,-0.938198,45.110,78.860,95.359,2650.5
Josuep_9_puntos_intento_7.mp4,1983,16525.000,True,154.000,177.000,0.000,174.000,119.000,0.111111,0.322222,-0.940121,44.737,79.354,97.210,2641.5
Josuep_9_puntos_intento_7.mp4,1984,16533.333,True,154.000,177.000,0.000,174.000,119.000,0.111111,0.322222,-0.940121,44.676,79.818,95.644,2680.5
Josuep_9_puntos_intento_7.mp4,1985,16541.667,True,154.000,177.000,0.000,173.000,119.000,0.105556,0.322222,-0.940761,44.606,79.543,95.052,2662.0
Josuep_9_puntos_intento_7.mp4,1986,16550.000,True,154.000,177.000,0.000,173.000,119.000,0.105556,0.322222,-0.940761,44.489,80.220,96.542,2652.5
Josuep_9_puntos_intento_7.mp4,1987,16558.333,True,154.000,177.000,0.000,174.000,119.000,0.111111,0.322222,-0.940121,45.250,78.710,95.833,2637.5
Josuep_9_puntos_intento_7.mp4,1988,16566.667,True,154.000,177.000,0.000,174.000,119.000,0.111111,0.322222,-0.940121,44.993,80.617,96.746,2682.5
Josuep_9_puntos_intento_7.mp4,1989,16575.000,True,154.000,177.000,0.000,174.000,119.000,0.111111,0.322222,-0.940121,44.811,80.839,97.279,2650.0
Josuep_9_puntos_intento_7.mp4,1990,16583.333,True,154.000,177.000,0.000,174.000,119.000,0.111111,0.322222,-0.940121,45.384,81.100,97.363,2686.0
Josuep_9_puntos_intento_7.mp4,1991,16591.667,True,154.000,177.000,0.000,174.000,119.000,0.111111,0.322222,-0.940121,45.663,80.057,96.701,2663.0
Josuep_9_puntos_intento_7.mp4,1992,16600.000,True,154.000,177.000,0.000,174.000,119.000,0.111111,0.322222,-0.940121,45.146,80.956,96.583,2664.5
Josuep_9_puntos_intento_7.mp4,1993,16608.333,True,154.000,177.000,0.000,174.000,119.000,0.111111,0.322222,-0.940121,44.903,77.823,97.678,2647.0
Josuep_9_puntos_intento_7.mp4,1994,16616.667,True,154.000,177.000,0.000,174.000,119.000,0.111111,0.322222,-0.940121,45.668,79.176,96.953,2685.5
Josuep_9_puntos_intento_7.mp4,1995,16625.000,True,154.000,177.000,0.000,174.000,119.000,0.111111,0.322222,-0.940121,45.346,78.173,96.715,2659.5
Josuep_9_puntos_intento_7.mp4,1996,16633.333,True,154.000,177.000,0.000,174.000,119.000,0.111111,0.322222,-0.940121,44.992,80.128,96.377,2701.0
Josuep_9_puntos_intento_7.mp4,1997,16641.667,True,154.000,177.000,0.000,175.000,119.000,0.116667,0.322222,-0.939448,45.297,79.674,96.702,2667.0
Josuep_9_puntos_intento_7.mp4,1998,16650.000,True,154.000,177.000,0.000,174.000,119.000,0.111111,0.322222,-0.940121,45.465,78.995,97.473,2683.5
Josuep_9_puntos_intento_7.mp4,1999,16658.333,True,154.000,177.000,0.000,174.000,119.000,0.111111,0.322222,-0.940121,45.146,78.008,97.064,2651.0
Josuep_9_puntos_intento_7.mp4,2000,16666.667,True,154.000,177.000,0.000,174.000,119.000,0.111111,0.322222,-0.940121,44.738,81.062,97.960,2728.0
Josuep_9_puntos_intento_7.mp4,2001,16675.000,True,154.000,177.000,0.000,174.000,119.000,0.111111,0.322222,-0.940121,44.633,80.277,97.637,2655.0
Josuep_9_puntos_intento_7.mp4,2002,16683.333,True,154.000,177.000,0.000,174.000,119.000,0.111111,0.322222,-0.940121,44.757,81.004,97.390,2712.0
Josuep_9_puntos_intento_7.mp4,2003,16691.667,True,154.000,177.000,0.000,174.000,119.000,0.111111,0.322222,-0.940121,44.793,79.570,97.752,2653.0
Josuep_9_puntos_intento_7.mp4,2004,16700.000,True,154.000,177.000,0.000,170.000,120.000,0.088889,0.316667,-0.944363,45.801,81.739,97.998,2747.0
Josuep_9_puntos_intento_7.mp4,2005,16708.333,True,154.000,177.000,0.000,163.000,121.000,0.050000,0.311111,-0.949057,44.525,81.595,95.881,2727.0
Josuep_9_puntos_intento_7.mp4,2006,16716.667,True,154.000,177.000,0.000,156.000,122.000,0.011111,0.305556,-0.952109,45.045,83.664,96.008,2757.0
Josuep_9_puntos_intento_7.mp4,2007,16725.000,True,154.000,177.000,0.000,150.000,124.000,-0.022222,0.294444,-0.955410,44.790,80.753,97.294,2677.0
Josuep_9_puntos_intento_7.mp4,2008,16733.333,True,154.000,177.000,0.000,145.000,124.000,-0.050000,0.294444,-0.954360,43.386,83.438,97.908,2674.0
Josuep_9_puntos_intento_7.mp4,2009,16741.667,True,154.000,177.000,0.000,144.000,124.000,-0.055556,0.294444,-0.954052,43.166,80.584,99.322,2626.0
Josuep_9_puntos_intento_7.mp4,2010,16750.000,True,154.000,177.000,0.000,144.000,125.000,-0.055556,0.288889,-0.955749,43.086,83.797,99.542,2672.5
Josuep_9_puntos_intento_7.mp4,2011,16758.333,True,154.000,177.000,0.000,144.000,125.000,-0.055556,0.288889,-0.955749,42.618,82.849,99.749,2599.5
Josuep_9_puntos_intento_7.mp4,2012,16766.667,True,154.000,177.000,0.000,144.000,125.000,-0.055556,0.288889,-0.955749,43.092,82.691,99.447,2605.5
Josuep_9_puntos_intento_7.mp4,2013,16775.000,True,154.000,177.000,0.000,145.000,125.000,-0.050000,0.288889,-0.956056,43.272,83.130,99.456,2599.5
Josuep_9_puntos_intento_7.mp4,2014,16783.333,True,154.000,177.000,0.000,144.000,125.000,-0.055556,0.288889,-0.955749,43.533,82.296,99.359,2662.5
Josuep_9_puntos_intento_7.mp4,2015,16791.667,True,154.000,177.000,0.000,144.000,125.000,-0.055556,0.288889,-0.955749,42.745,82.336,99.524,2611.0
Josuep_9_puntos_intento_7.mp4,2016,16800.000,True,154.000,177.000,0.000,144.000,125.000,-0.055556,0.288889,-0.955749,43.027,82.979,99.908,2627.0
Josuep_9_puntos_intento_7.mp4,2017,16808.333,True,154.000,177.000,0.000,144.000,125.000,-0.055556,0.288889,-0.955749,44.036,82.203,99.431,2623.5
Josuep_9_puntos_intento_7.mp4,2018,16816.667,True,154.000,177.000,0.000,144.000,125.000,-0.055556,0.288889,-0.955749,43.885,83.639,100.461,2653.5
Josuep_9_puntos_intento_7.mp4,2019,16825.000,True,154.000,177.000,0.000,145.000,125.000,-0.050000,0.288889,-0.956056,43.726,83.123,99.107,2633.5
Josuep_9_puntos_intento_7.mp4,2020,16833.333,True,154.000,177.000,0.000,145.000,125.000,-0.050000,0.288889,-0.956056,43.680,82.419,99.588,2660.5
Josuep_9_puntos_intento_7.mp4,2021,16841.667,True,154.000,177.000,0.000,144.000,125.000,-0.055556,0.288889,-0.955749,43.308,83.706,100.108,2662.0
Josuep_9_puntos_intento_7.mp4,2022,16850.000,True,154.000,177.000,0.000,145.000,125.000,-0.050000,0.288889,-0.956056,43.546,84.567,99.604,2710.0
Josuep_9_puntos_intento_7.mp4,2023,16858.333,True,154.000,177.000,0.000,145.000,125.000,-0.050000,0.288889,-0.956056,43.603,83.022,99.556,2705.0
Josuep_9_puntos_intento_7.mp4,2024,16866.667,True,154.000,177.000,0.000,144.000,125.000,-0.055556,0.288889,-0.955749,44.140,83.004,100.077,2733.0
Josuep_9_puntos_intento_7.mp4,2025,16875.000,True,154.000,177.000,0.000,144.000,125.000,-0.055556,0.288889,-0.955749,44.007,82.641,100.550,2720.0
Josuep_9_puntos_intento_7.mp4,2026,16883.333,True,154.000,177.000,0.000,144.000,125.000,-0.055556,0.288889,-0.955749,43.727,83.005,99.568,2719.5
Josuep_9_puntos_intento_7.mp4,2027,16891.667,True,154.000,177.000,0.000,144.000,125.000,-0.055556,0.288889,-0.955749,44.358,81.940,98.576,2717.0
Josuep_9_puntos_intento_7.mp4,2028,16900.000,True,154.000,177.000,0.000,144.000,125.000,-0.055556,0.288889,-0.955749,43.536,84.522,97.586,2722.5
Josuep_9_puntos_intento_7.mp4,2029,16908.333,True,154.000,177.000,0.000,144.000,125.000,-0.055556,0.288889,-0.955749,43.619,83.829,99.025,2676.0
Josuep_9_puntos_intento_7.mp4,2030,16916.667,True,154.000,177.000,0.000,145.000,125.000,-0.050000,0.288889,-0.956056,43.576,86.401,97.895,2726.0
Josuep_9_puntos_intento_7.mp4,2031,16925.000,True,154.000,177.000,0.000,145.000,125.000,-0.050000,0.288889,-0.956056,43.679,83.964,99.107,2707.5
Josuep_9_puntos_intento_7.mp4,2032,16933.333,True,154.000,177.000,0.000,145.000,125.000,-0.050000,0.288889,-0.956056,44.081,83.185,98.931,2676.0
Josuep_9_puntos_intento_7.mp4,2033,16941.667,True,154.000,177.000,0.000,145.000,125.000,-0.050000,0.288889,-0.956056,43.629,84.627,97.924,2651.5
Josuep_9_puntos_intento_7.mp4,2034,16950.000,True,154.000,177.000,0.000,145.000,125.000,-0.050000,0.288889,-0.956056,43.957,82.710,97.633,2666.0
Josuep_9_puntos_intento_7.mp4,2035,16958.333,True,154.000,177.000,0.000,145.000,125.000,-0.050000,0.288889,-0.956056,43.303,81.429,99.078,2653.5
Josuep_9_puntos_intento_7.mp4,2036,16966.667,True,154.000,177.000,0.000,145.000,125.000,-0.050000,0.288889,-0.956056,43.901,82.162,98.263,2712.0
Josuep_9_puntos_intento_7.mp4,2037,16975.000,True,154.000,177.000,0.000,145.000,125.000,-0.050000,0.288889,-0.956056,44.407,81.382,98.439,2698.0
Josuep_9_puntos_intento_7.mp4,2038,16983.333,True,154.000,177.000,0.000,145.000,125.000,-0.050000,0.288889,-0.956056,44.312,81.405,98.729,2731.0
Josuep_9_puntos_intento_7.mp4,2039,16991.667,True,154.000,177.000,0.000,143.000,125.000,-0.061111,0.288889,-0.955410,43.695,82.806,96.877,2703.5
Josuep_9_puntos_intento_7.mp4,2040,17000.000,True,154.000,177.000,0.000,141.000,125.000,-0.072222,0.288889,-0.954635,44.273,83.165,97.764,2733.5
Josuep_9_puntos_intento_7.mp4,2041,17008.333,True,154.000,177.000,0.000,141.000,125.000,-0.072222,0.288889,-0.954635,44.232,82.051,99.017,2673.5
Josuep_9_puntos_intento_7.mp4,2042,17016.667,True,154.000,177.000,0.000,141.000,125.000,-0.072222,0.288889,-0.954635,43.653,82.693,99.632,2666.0
Josuep_9_puntos_intento_7.mp4,2043,17025.000,True,154.000,177.000,0.000,142.000,125.000,-0.066667,0.288889,-0.955039,42.934,80.627,99.670,2614.0
Josuep_9_puntos_intento_7.mp4,2044,17033.333,True,154.000,177.000,0.000,142.000,125.000,-0.066667,0.288889,-0.955039,43.394,81.291,100.743,2617.5
Josuep_9_puntos_intento_7.mp4,2045,17041.667,True,154.000,177.000,0.000,142.000,125.000,-0.066667,0.288889,-0.955039,43.319,82.693,100.071,2619.5
Josuep_9_puntos_intento_7.mp4,2046,17050.000,True,154.000,177.000,0.000,142.000,124.000,-0.066667,0.294444,-0.953340,43.246,82.732,99.117,2632.0
Josuep_9_puntos_intento_7.mp4,2047,17058.333,True,154.000,177.000,0.000,142.000,125.000,-0.066667,0.288889,-0.955039,43.123,82.205,99.107,2640.5
Josuep_9_puntos_intento_7.mp4,2048,17066.667,True,154.000,177.000,0.000,142.000,124.000,-0.066667,0.294444,-0.953340,43.221,83.181,99.181,2672.0
Josuep_9_puntos_intento_7.mp4,2049,17075.000,True,154.000,177.000,0.000,142.000,124.000,-0.066667,0.294444,-0.953340,42.751,82.975,99.826,2627.5
Josuep_9_puntos_intento_7.mp4,2050,17083.333,True,154.000,177.000,0.000,142.000,124.000,-0.066667,0.294444,-0.953340,43.101,83.401,100.625,2664.0
Josuep_9_puntos_intento_7.mp4,2051,17091.667,True,154.000,177.000,0.000,143.000,124.000,-0.061111,0.294444,-0.953713,43.175,82.746,100.126,2635.5
Josuep_9_puntos_intento_7.mp4,2052,17100.000,True,154.000,177.000,0.000,143.000,124.000,-0.061111,0.294444,-0.953713,43.346,81.267,99.825,2640.5
Josuep_9_puntos_intento_7.mp4,2053,17108.333,True,154.000,177.000,0.000,142.000,124.000,-0.066667,0.294444,-0.953340,43.352,81.154,99.497,2588.5
Josuep_9_puntos_intento_7.mp4,2054,17116.667,True,154.000,177.000,0.000,142.000,124.000,-0.066667,0.294444,-0.953340,42.858,81.560,99.392,2593.0
Josuep_9_puntos_intento_7.mp4,2055,17125.000,True,154.000,177.000,0.000,144.000,123.000,-0.055556,0.300000,-0.952320,42.272,81.303,100.040,2559.0
Josuep_9_puntos_intento_7.mp4,2056,17133.333,True,154.000,177.000,0.000,147.000,123.000,-0.038889,0.300000,-0.953146,43.193,81.073,99.968,2595.0
Josuep_9_puntos_intento_7.mp4,2057,17141.667,True,154.000,177.000,0.000,148.000,123.000,-0.033333,0.300000,-0.953357,42.352,80.921,99.409,2559.5
Josuep_9_puntos_intento_7.mp4,2058,17150.000,True,154.000,177.000,0.000,148.000,123.000,-0.033333,0.300000,-0.953357,42.439,81.324,98.759,2573.5
Josuep_9_puntos_intento_7.mp4,2059,17158.333,True,154.000,177.000,0.000,149.000,123.000,-0.027778,0.300000,-0.953535,42.093,81.393,98.544,2565.5
Josuep_9_puntos_intento_7.mp4,2060,17166.667,True,154.000,177.000,0.000,149.000,123.000,-0.027778,0.300000,-0.953535,43.160,80.947,98.521,2627.5
Josuep_9_puntos_intento_7.mp4,2061,17175.000,True,154.000,177.000,0.000,149.000,123.000,-0.027778,0.300000,-0.953535,43.666,79.834,97.924,2588.5
Josuep_9_puntos_intento_7.mp4,2062,17183.333,True,154.000,177.000,0.000,149.000,122.000,-0.027778,0.305556,-0.951769,42.881,81.473,99.092,2601.5
Josuep_9_puntos_intento_7.mp4,2063,17191.667,True,154.000,177.000,0.000,149.000,122.000,-0.027778,0.305556,-0.951769,42.747,81.016,99.882,2570.5
Josuep_9_puntos_intento_7.mp4,2064,17200.000,True,154.000,177.000,0.000,149.000,122.000,-0.027778,0.305556,-0.951769,42.972,81.814,100.273,2586.5
Josuep_9_puntos_intento_7.mp4,2065,17208.333,True,154.000,177.000,0.000,149.000,123.000,-0.027778,0.300000,-0.953535,44.410,81.444,96.328,2599.5
Josuep_9_puntos_intento_7.mp4,2066,17216.667,True,154.000,177.000,0.000,149.000,124.000,-0.027778,0.294444,-0.955265,44.633,80.653,95.675,2656.5
Josuep_9_puntos_intento_7.mp4,2067,17225.000,True,154.000,177.000,0.000,149.000,123.000,-0.027778,0.300000,-0.953535,43.893,81.751,98.667,2636.5
Josuep_9_puntos_intento_7.mp4,2068,17233.333,True,154.000,177.000,0.000,149.000,123.000,-0.027778,0.300000,-0.953535,42.901,81.524,99.662,2637.5
Josuep_9_puntos_intento_7.mp4,2069,17241.667,True,154.000,177.000,0.000,149.000,123.000,-0.027778,0.300000,-0.953535,43.018,82.256,98.902,2603.5
Josuep_9_puntos_intento_7.mp4,2070,17250.000,True,154.000,177.000,0.000,150.000,123.000,-0.022222,0.300000,-0.953680,44.239,81.333,99.930,2666.5
Josuep_9_puntos_intento_7.mp4,2071,17258.333,True,154.000,177.000,0.000,149.000,123.000,-0.027778,0.300000,-0.953535,43.972,82.711,98.760,2658.0
Josuep_9_puntos_intento_7.mp4,2072,17266.667,True,154.000,177.000,0.000,149.000,123.000,-0.027778,0.300000,-0.953535,44.121,82.341,100.847,2662.5
Josuep_9_puntos_intento_7.mp4,2073,17275.000,True,154.000,177.000,0.000,149.000,123.000,-0.027778,0.300000,-0.953535,43.998,82.587,99.576,2648.5
Josuep_9_puntos_intento_7.mp4,2074,17283.333,True,154.000,177.000,0.000,147.000,124.000,-0.038889,0.294444,-0.954877,42.798,81.238,99.724,2602.0
Josuep_9_puntos_intento_7.mp4,2075,17291.667,True,154.000,177.000,0.000,147.000,125.000,-0.038889,0.288889,-0.956572,43.449,82.368,99.061,2597.5
Josuep_9_puntos_intento_7.mp4,2076,17300.000,True,154.000,177.000,0.000,148.000,125.000,-0.033333,0.288889,-0.956782,43.587,82.551,100.041,2586.0
Josuep_9_puntos_intento_7.mp4,2077,17308.333,True,154.000,177.000,0.000,147.000,125.000,-0.038889,0.288889,-0.956572,43.462,79.341,99.060,2562.5
Josuep_9_puntos_intento_7.mp4,2078,17316.667,True,154.000,177.000,0.000,147.000,125.000,-0.038889,0.288889,-0.956572,44.209,80.067,98.003,2590.0
Josuep_9_puntos_intento_7.mp4,2079,17325.000,True,154.000,177.000,0.000,147.000,125.000,-0.038889,0.288889,-0.956572,43.017,80.747,98.042,2564.0
Josuep_9_puntos_intento_7.mp4,2080,17333.333,True,154.000,177.000,0.000,147.000,125.000,-0.038889,0.288889,-0.956572,42.255,79.485,97.975,2520.5
Josuep_9_puntos_intento_7.mp4,2081,17341.667,True,154.000,177.000,0.000,147.000,125.000,-0.038889,0.288889,-0.956572,42.335,79.790,97.066,2516.5
Josuep_9_puntos_intento_7.mp4,2082,17350.000,True,154.000,177.000,0.000,147.000,125.000,-0.038889,0.288889,-0.956572,42.752,80.024,97.345,2559.5
Josuep_9_puntos_intento_7.mp4,2083,17358.333,True,154.000,177.000,0.000,147.000,125.000,-0.038889,0.288889,-0.956572,42.095,78.590,97.723,2513.0
Josuep_9_puntos_intento_7.mp4,2084,17366.667,True,154.000,177.000,0.000,147.000,125.000,-0.038889,0.288889,-0.956572,43.432,79.511,96.512,2550.5
Josuep_9_puntos_intento_7.mp4,2085,17375.000,True,154.000,177.000,0.000,146.000,126.000,-0.044444,0.283333,-0.957991,44.020,78.603,95.096,2520.5
Josuep_9_puntos_intento_7.mp4,2086,17383.333,True,154.000,177.000,0.000,148.000,125.000,-0.033333,0.288889,-0.956782,42.510,81.002,97.977,2517.5
Josuep_9_puntos_intento_7.mp4,2087,17391.667,True,154.000,177.000,0.000,148.000,125.000,-0.033333,0.288889,-0.956782,42.185,78.011,98.983,2465.5
Josuep_9_puntos_intento_7.mp4,2088,17400.000,True,154.000,177.000,0.000,147.000,125.000,-0.038889,0.288889,-0.956572,42.139,79.457,98.861,2489.0
Josuep_9_puntos_intento_7.mp4,2089,17408.333,True,154.000,177.000,0.000,148.000,125.000,-0.033333,0.288889,-0.956782,40.841,80.243,98.341,2408.5
Josuep_9_puntos_intento_7.mp4,2090,17416.667,True,154.000,177.000,0.000,148.000,125.000,-0.033333,0.288889,-0.956782,41.668,81.088,97.956,2457.5
Josuep_9_puntos_intento_7.mp4,2091,17425.000,True,154.000,177.000,0.000,148.000,125.000,-0.033333,0.288889,-0.956782,41.255,79.395,97.584,2412.5
Josuep_9_puntos_intento_7.mp4,2092,17433.333,True,154.000,177.000,0.000,149.000,125.000,-0.027778,0.288889,-0.956960,40.720,78.858,98.332,2408.0
Josuep_9_puntos_intento_7.mp4,2093,17441.667,True,154.000,177.000,0.000,148.000,126.000,-0.033333,0.283333,-0.958442,41.359,78.738,98.516,2426.5
Josuep_9_puntos_intento_7.mp4,2094,17450.000,True,154.000,177.000,0.000,148.000,125.000,-0.033333,0.288889,-0.956782,41.373,79.828,98.999,2439.0
Josuep_9_puntos_intento_7.mp4,2095,17458.333,True,154.000,177.000,0.000,148.000,126.000,-0.033333,0.283333,-0.958442,41.403,79.946,97.981,2435.5
Josuep_9_puntos_intento_7.mp4,2096,17466.667,True,154.000,177.000,0.000,149.000,125.000,-0.027778,0.288889,-0.956960,41.349,79.553,99.265,2426.5
Josuep_9_puntos_intento_7.mp4,2097,17475.000,True,154.000,177.000,0.000,149.000,125.000,-0.027778,0.288889,-0.956960,40.794,79.066,99.400,2401.0
Josuep_9_puntos_intento_7.mp4,2098,17483.333,True,154.000,177.000,0.000,148.000,125.000,-0.033333,0.288889,-0.956782,40.960,79.734,98.709,2422.5
Josuep_9_puntos_intento_7.mp4,2099,17491.667,True,154.000,177.000,0.000,148.000,125.000,-0.033333,0.288889,-0.956782,41.246,79.680,100.562,2422.0
Josuep_9_puntos_intento_7.mp4,2100,17500.000,True,154.000,177.000,0.000,148.000,126.000,-0.033333,0.283333,-0.958442,41.949,79.508,99.687,2441.5
Josuep_9_puntos_intento_7.mp4,2101,17508.333,True,154.000,177.000,0.000,150.000,126.000,-0.022222,0.283333,-0.958764,41.046,80.385,99.161,2437.0
Josuep_9_puntos_intento_7.mp4,2102,17516.667,True,154.000,177.000,0.000,151.000,126.000,-0.016667,0.283333,-0.958877,41.695,79.709,98.310,2453.5
Josuep_9_puntos_intento_7.mp4,2103,17525.000,True,154.000,177.000,0.000,151.000,126.000,-0.016667,0.283333,-0.958877,41.480,80.606,100.054,2427.0
Josuep_9_puntos_intento_7.mp4,2104,17533.333,True,154.000,177.000,0.000,151.000,125.000,-0.016667,0.288889,-0.957218,41.666,81.201,99.992,2471.5
Josuep_9_puntos_intento_7.mp4,2105,17541.667,True,154.000,177.000,0.000,150.000,125.000,-0.022222,0.288889,-0.957105,41.970,80.337,99.005,2472.0
Josuep_9_puntos_intento_7.mp4,2106,17550.000,True,154.000,177.000,0.000,150.000,125.000,-0.022222,0.288889,-0.957105,41.477,79.456,99.245,2457.5
Josuep_9_puntos_intento_7.mp4,2107,17558.333,True,154.000,177.000,0.000,151.000,126.000,-0.016667,0.283333,-0.958877,41.129,80.211,98.222,2453.5
Josuep_9_puntos_intento_7.mp4,2108,17566.667,True,154.000,177.000,0.000,151.000,125.000,-0.016667,0.288889,-0.957218,41.224,81.799,99.508,2467.5
Josuep_9_puntos_intento_7.mp4,2109,17575.000,True,154.000,177.000,0.000,151.000,126.000,-0.016667,0.283333,-0.958877,41.293,80.457,99.405,2458.0
Josuep_9_puntos_intento_7.mp4,2110,17583.333,True,154.000,177.000,0.000,151.000,126.000,-0.016667,0.283333,-0.958877,41.874,79.564,98.565,2469.5
Josuep_9_puntos_intento_7.mp4,2111,17591.667,True,154.000,177.000,0.000,151.000,126.000,-0.016667,0.283333,-0.958877,41.177,79.118,99.405,2427.0
Josuep_9_puntos_intento_7.mp4,2112,17600.000,True,154.000,177.000,0.000,150.000,125.000,-0.022222,0.288889,-0.957105,41.620,78.159,98.046,2442.5
Josuep_9_puntos_intento_7.mp4,2113,17608.333,True,154.000,177.000,0.000,151.000,126.000,-0.016667,0.283333,-0.958877,42.249,79.272,97.766,2475.0
Josuep_9_puntos_intento_7.mp4,2114,17616.667,True,154.000,177.000,0.000,151.000,126.000,-0.016667,0.283333,-0.958877,41.153,79.098,98.972,2433.0
Josuep_9_puntos_intento_7.mp4,2115,17625.000,True,154.000,177.000,0.000,151.000,126.000,-0.016667,0.283333,-0.958877,41.645,78.365,98.825,2401.0
Josuep_9_puntos_intento_7.mp4,2116,17633.333,True,154.000,177.000,0.000,151.000,126.000,-0.016667,0.283333,-0.958877,42.022,79.303,99.480,2430.0
Josuep_9_puntos_intento_7.mp4,2117,17641.667,True,154.000,177.000,0.000,151.000,126.000,-0.016667,0.283333,-0.958877,41.415,79.245,99.112,2425.5
Josuep_9_puntos_intento_7.mp4,2118,17650.000,True,154.000,177.000,0.000,150.000,126.000,-0.022222,0.283333,-0.958764,41.316,79.395,99.900,2441.5
Josuep_9_puntos_intento_7.mp4,2119,17658.333,True,154.000,177.000,0.000,152.000,126.000,-0.011111,0.283333,-0.958957,41.362,79.341,98.917,2412.0
Josuep_9_puntos_intento_7.mp4,2120,17666.667,True,154.000,177.000,0.000,150.000,126.000,-0.022222,0.283333,-0.958764,42.201,79.058,97.210,2471.5
Josuep_9_puntos_intento_7.mp4,2121,17675.000,True,154.000,177.000,0.000,151.000,126.000,-0.016667,0.283333,-0.958877,42.250,79.694,98.885,2436.0
Josuep_9_puntos_intento_7.mp4,2122,17683.333,True,154.000,177.000,0.000,151.000,126.000,-0.016667,0.283333,-0.958877,43.132,80.398,100.715,2474.5
Josuep_9_puntos_intento_7.mp4,2123,17691.667,True,154.000,177.000,0.000,151.000,127.000,-0.016667,0.277778,-0.960501,42.923,80.835,99.627,2465.0
Josuep_9_puntos_intento_7.mp4,2124,17700.000,True,154.000,177.000,0.000,151.000,127.000,-0.016667,0.277778,-0.960501,43.253,81.080,99.495,2500.0
Josuep_9_puntos_intento_7.mp4,2125,17708.333,True,154.000,177.000,0.000,151.000,127.000,-0.016667,0.277778,-0.960501,42.321,78.323,98.154,2422.5
Josuep_9_puntos_intento_7.mp4,2126,17716.667,True,154.000,177.000,0.000,152.000,127.000,-0.011111,0.277778,-0.960581,41.794,78.996,99.000,2449.0
Josuep_9_puntos_intento_7.mp4,2127,17725.000,True,154.000,177.000,0.000,151.000,126.000,-0.016667,0.283333,-0.958877,42.088,78.131,98.052,2447.0
Josuep_9_puntos_intento_7.mp4,2128,17733.333,True,154.000,177.000,0.000,151.000,126.000,-0.016667,0.283333,-0.958877,42.189,79.346,97.961,2484.5
Josuep_9_puntos_intento_7.mp4,2129,17741.667,True,154.000,177.000,0.000,151.000,126.000,-0.016667,0.283333,-0.958877,41.425,79.589,99.730,2410.0
Josuep_9_puntos_intento_7.mp4,2130,17750.000,True,154.000,177.000,0.000,151.000,126.000,-0.016667,0.283333,-0.958877,41.750,80.826,99.737,2465.5
Josuep_9_puntos_intento_7.mp4,2131,17758.333,True,154.000,177.000,0.000,151.000,126.000,-0.016667,0.283333,-0.958877,41.987,79.214,100.837,2439.0
Josuep_9_puntos_intento_7.mp4,2132,17766.667,True,154.000,177.000,0.000,150.000,125.000,-0.022222,0.288889,-0.957105,42.070,80.762,101.780,2482.0
Josuep_9_puntos_intento_7.mp4,2133,17775.000,True,154.000,177.000,0.000,151.000,126.000,-0.016667,0.283333,-0.958877,42.447,80.198,100.319,2475.5
Josuep_9_puntos_intento_7.mp4,2134,17783.333,True,154.000,177.000,0.000,150.000,126.000,-0.022222,0.283333,-0.958764,42.397,79.424,101.098,2448.5
Josuep_9_puntos_intento_7.mp4,2135,17791.667,True,154.000,177.000,0.000,148.000,126.000,-0.033333,0.283333,-0.958442,41.538,80.125,99.577,2428.5
Josuep_9_puntos_intento_7.mp4,2136,17800.000,True,154.000,177.000,0.000,148.000,126.000,-0.033333,0.283333,-0.958442,41.865,79.230,98.857,2458.0
Josuep_9_puntos_intento_7.mp4,2137,17808.333,True,154.000,177.000,0.000,148.000,127.000,-0.033333,0.277778,-0.960067,42.606,78.222,96.766,2450.0
Josuep_9_puntos_intento_7.mp4,2138,17816.667,True,154.000,177.000,0.000,148.000,126.000,-0.033333,0.283333,-0.958442,42.291,78.965,97.729,2451.5
Josuep_9_puntos_intento_7.mp4,2139,17825.000,True,154.000,177.000,0.000,148.000,126.000,-0.033333,0.283333,-0.958442,42.288,79.153,97.420,2451.0
Josuep_9_puntos_intento_7.mp4,2140,17833.333,True,154.000,177.000,0.000,148.000,126.000,-0.033333,0.283333,-0.958442,41.852,81.135,99.368,2449.0
Josuep_9_puntos_intento_7.mp4,2141,17841.667,True,154.000,177.000,0.000,149.000,126.000,-0.027778,0.283333,-0.958619,41.612,78.387,99.330,2395.0
Josuep_9_puntos_intento_7.mp4,2142,17850.000,True,154.000,177.000,0.000,149.000,126.000,-0.027778,0.283333,-0.958619,41.369,79.728,99.830,2436.5
Josuep_9_puntos_intento_7.mp4,2143,17858.333,True,154.000,177.000,0.000,148.000,126.000,-0.033333,0.283333,-0.958442,40.931,81.173,100.068,2426.0
Josuep_9_puntos_intento_7.mp4,2144,17866.667,True,154.000,177.000,0.000,148.000,126.000,-0.033333,0.283333,-0.958442,41.580,81.155,99.236,2471.0
Josuep_9_puntos_intento_7.mp4,2145,17875.000,True,154.000,177.000,0.000,148.000,126.000,-0.033333,0.283333,-0.958442,41.165,81.450,100.534,2448.0
Josuep_9_puntos_intento_7.mp4,2146,17883.333,True,154.000,177.000,0.000,148.000,126.000,-0.033333,0.283333,-0.958442,41.978,82.242,99.509,2498.5
Josuep_9_puntos_intento_7.mp4,2147,17891.667,True,154.000,177.000,0.000,149.000,126.000,-0.027778,0.283333,-0.958619,42.122,79.470,101.468,2452.0
Josuep_9_puntos_intento_7.mp4,2148,17900.000,True,154.000,177.000,0.000,149.000,126.000,-0.027778,0.283333,-0.958619,42.149,81.080,99.494,2488.5
Josuep_9_puntos_intento_7.mp4,2149,17908.333,True,154.000,177.000,0.000,149.000,127.000,-0.027778,0.277778,-0.960244,41.858,79.228,97.986,2466.0
Josuep_9_puntos_intento_7.mp4,2150,17916.667,True,154.000,177.000,0.000,149.000,127.000,-0.027778,0.277778,-0.960244,41.431,80.339,100.204,2475.5
Josuep_9_puntos_intento_7.mp4,2151,17925.000,True,154.000,177.000,0.000,149.000,127.000,-0.027778,0.277778,-0.960244,41.615,80.129,97.942,2458.5
Josuep_9_puntos_intento_7.mp4,2152,17933.333,True,154.000,177.000,0.000,150.000,126.000,-0.022222,0.283333,-0.958764,41.694,79.618,98.846,2479.5
Josuep_9_puntos_intento_7.mp4,2153,17941.667,True,154.000,177.000,0.000,149.000,127.000,-0.027778,0.277778,-0.960244,41.907,78.960,99.032,2488.5
Josuep_9_puntos_intento_7.mp4,2154,17950.000,True,154.000,177.000,0.000,149.000,126.000,-0.027778,0.283333,-0.958619,42.589,79.985,98.079,2522.0
Josuep_9_puntos_intento_7.mp4,2155,17958.333,True,154.000,177.000,0.000,149.000,126.000,-0.027778,0.283333,-0.958619,42.267,78.912,99.647,2465.5
Josuep_9_puntos_intento_7.mp4,2156,17966.667,True,154.000,177.000,0.000,149.000,126.000,-0.027778,0.283333,-0.958619,42.715,79.926,99.523,2495.5
Josuep_9_puntos_intento_7.mp4,2157,17975.000,True,154.000,177.000,0.000,149.000,126.000,-0.027778,0.283333,-0.958619,41.887,79.298,99.442,2460.5
Josuep_9_puntos_intento_7.mp4,2158,17983.333,True,154.000,177.000,0.000,149.000,126.000,-0.027778,0.283333,-0.958619,42.645,80.239,99.377,2514.5
Josuep_9_puntos_intento_7.mp4,2159,17991.667,True,154.000,177.000,0.000,150.000,127.000,-0.022222,0.277778,-0.960388,42.241,78.338,99.997,2455.0
Josuep_9_puntos_intento_7.mp4,2160,18000.000,True,154.000,177.000,0.000,149.000,126.000,-0.027778,0.283333,-0.958619,43.011,79.359,99.008,2518.0
Josuep_9_puntos_intento_7.mp4,2161,18008.333,True,154.000,177.000,0.000,149.000,127.000,-0.027778,0.277778,-0.960244,42.645,79.256,98.331,2531.5
Josuep_9_puntos_intento_7.mp4,2162,18016.667,True,154.000,177.000,0.000,149.000,126.000,-0.027778,0.283333,-0.958619,41.802,79.680,99.526,2477.5
Josuep_9_puntos_intento_7.mp4,2163,18025.000,True,154.000,177.000,0.000,150.000,127.000,-0.022222,0.277778,-0.960388,42.633,80.470,98.999,2503.0
Josuep_9_puntos_intento_7.mp4,2164,18033.333,True,154.000,177.000,0.000,149.000,127.000,-0.027778,0.277778,-0.960244,42.505,80.016,97.499,2537.5
Josuep_9_puntos_intento_7.mp4,2165,18041.667,True,154.000,177.000,0.000,149.000,127.000,-0.027778,0.277778,-0.960244,41.976,80.628,98.312,2486.5
Josuep_9_puntos_intento_7.mp4,2166,18050.000,True,154.000,177.000,0.000,149.000,127.000,-0.027778,0.277778,-0.960244,43.092,80.338,98.163,2546.0
Josuep_9_puntos_intento_7.mp4,2167,18058.333,True,154.000,177.000,0.000,149.000,127.000,-0.027778,0.277778,-0.960244,41.999,81.608,98.674,2535.0
Josuep_9_puntos_intento_7.mp4,2168,18066.667,True,154.000,177.000,0.000,149.000,127.000,-0.027778,0.277778,-0.960244,42.914,80.109,98.202,2537.0
Josuep_9_puntos_intento_7.mp4,2169,18075.000,True,154.000,177.000,0.000,149.000,127.000,-0.027778,0.277778,-0.960244,42.332,79.790,98.575,2493.5
Josuep_9_puntos_intento_7.mp4,2170,18083.333,True,154.000,177.000,0.000,149.000,127.000,-0.027778,0.277778,-0.960244,41.901,80.123,98.628,2523.0
Josuep_9_puntos_intento_7.mp4,2171,18091.667,True,154.000,177.000,0.000,149.000,127.000,-0.027778,0.277778,-0.960244,42.725,79.798,98.703,2562.0
Josuep_9_puntos_intento_7.mp4,2172,18100.000,True,154.000,177.000,0.000,149.000,127.000,-0.027778,0.277778,-0.960244,42.255,81.354,98.533,2525.0
Josuep_9_puntos_intento_7.mp4,2173,18108.333,True,154.000,177.000,0.000,149.000,127.000,-0.027778,0.277778,-0.960244,42.437,81.199,97.528,2556.0
Josuep_9_puntos_intento_7.mp4,2174,18116.667,True,154.000,177.000,0.000,149.000,127.000,-0.027778,0.277778,-0.960244,42.568,80.215,97.695,2528.0
Josuep_9_puntos_intento_7.mp4,2175,18125.000,True,154.000,177.000,0.000,149.000,126.000,-0.027778,0.283333,-0.958619,42.541,79.947,98.113,2508.0
Josuep_9_puntos_intento_7.mp4,2176,18133.333,True,154.000,177.000,0.000,149.000,127.000,-0.027778,0.277778,-0.960244,42.930,82.187,97.798,2555.0
Josuep_9_puntos_intento_7.mp4,2177,18141.667,True,154.000,177.000,0.000,149.000,127.000,-0.027778,0.277778,-0.960244,43.473,81.888,98.874,2547.0
Josuep_9_puntos_intento_7.mp4,2178,18150.000,True,154.000,177.000,0.000,150.000,127.000,-0.022222,0.277778,-0.960388,42.511,81.507,99.231,2513.0
Josuep_9_puntos_intento_7.mp4,2179,18158.333,True,154.000,177.000,0.000,150.000,127.000,-0.022222,0.277778,-0.960388,41.817,80.579,98.145,2498.5
Josuep_9_puntos_intento_7.mp4,2180,18166.667,True,154.000,177.000,0.000,149.000,126.000,-0.027778,0.283333,-0.958619,43.140,82.092,98.375,2568.0
Josuep_9_puntos_intento_7.mp4,2181,18175.000,True,154.000,177.000,0.000,150.000,127.000,-0.022222,0.277778,-0.960388,42.955,81.763,97.000,2551.0
Josuep_9_puntos_intento_7.mp4,2182,18183.333,True,154.000,177.000,0.000,150.000,127.000,-0.022222,0.277778,-0.960388,43.029,80.960,97.437,2552.0
Josuep_9_puntos_intento_7.mp4,2183,18191.667,True,154.000,177.000,0.000,148.000,126.000,-0.033333,0.283333,-0.958442,43.122,81.016,96.222,2535.5
Josuep_9_puntos_intento_7.mp4,2184,18200.000,True,154.000,177.000,0.000,150.000,127.000,-0.022222,0.277778,-0.960388,43.101,83.955,97.921,2592.0
Josuep_9_puntos_intento_7.mp4,2185,18208.333,True,154.000,177.000,0.000,150.000,127.000,-0.022222,0.277778,-0.960388,43.780,81.157,98.921,2592.5
Josuep_9_puntos_intento_7.mp4,2186,18216.667,True,154.000,177.000,0.000,149.000,127.000,-0.027778,0.277778,-0.960244,43.418,82.882,98.693,2619.0
Josuep_9_puntos_intento_7.mp4,2187,18225.000,True,154.000,177.000,0.000,149.000,127.000,-0.027778,0.277778,-0.960244,42.909,83.083,100.551,2565.5
Josuep_9_puntos_intento_7.mp4,2188,18233.333,True,154.000,177.000,0.000,149.000,127.000,-0.027778,0.277778,-0.960244,43.887,84.324,99.546,2624.5
Josuep_9_puntos_intento_7.mp4,2189,18241.667,True,154.000,177.000,0.000,149.000,127.000,-0.027778,0.277778,-0.960244,43.684,83.697,100.073,2586.5
Josuep_9_puntos_intento_7.mp4,2190,18250.000,True,154.000,177.000,0.000,149.000,127.000,-0.027778,0.277778,-0.960244,43.394,83.122,99.070,2612.5
Josuep_9_puntos_intento_7.mp4,2191,18258.333,True,154.000,177.000,0.000,148.000,127.000,-0.033333,0.277778,-0.960067,44.009,84.168,99.708,2619.0
Josuep_9_puntos_intento_7.mp4,2192,18266.667,True,154.000,177.000,0.000,149.000,127.000,-0.027778,0.277778,-0.960244,43.520,83.335,99.994,2609.5
Josuep_9_puntos_intento_7.mp4,2193,18275.000,True,154.000,177.000,0.000,149.000,127.000,-0.027778,0.277778,-0.960244,43.438,83.528,98.615,2646.5
Josuep_9_puntos_intento_7.mp4,2194,18283.333,True,154.000,177.000,0.000,149.000,127.000,-0.027778,0.277778,-0.960244,43.267,82.846,97.772,2648.0
Josuep_9_puntos_intento_7.mp4,2195,18291.667,True,154.000,177.000,0.000,149.000,126.000,-0.027778,0.283333,-0.958619,42.965,82.709,98.535,2625.0
Josuep_9_puntos_intento_7.mp4,2196,18300.000,True,154.000,177.000,0.000,149.000,127.000,-0.027778,0.277778,-0.960244,44.680,82.828,99.538,2666.0
Josuep_9_puntos_intento_7.mp4,2197,18308.333,True,154.000,177.000,0.000,150.000,127.000,-0.022222,0.277778,-0.960388,42.880,82.634,98.735,2591.0
Josuep_9_puntos_intento_7.mp4,2198,18316.667,True,154.000,177.000,0.000,150.000,127.000,-0.022222,0.277778,-0.960388,43.673,84.884,97.798,2657.0
Josuep_9_puntos_intento_7.mp4,2199,18325.000,True,154.000,177.000,0.000,150.000,127.000,-0.022222,0.277778,-0.960388,43.279,83.203,97.729,2608.0
Josuep_9_puntos_intento_7.mp4,2200,18333.333,True,154.000,177.000,0.000,150.000,127.000,-0.022222,0.277778,-0.960388,43.994,83.026,98.492,2654.0
Josuep_9_puntos_intento_7.mp4,2201,18341.667,True,154.000,177.000,0.000,149.000,127.000,-0.027778,0.277778,-0.960244,43.798,83.922,98.020,2668.0
Josuep_9_puntos_intento_7.mp4,2202,18350.000,True,154.000,177.000,0.000,150.000,127.000,-0.022222,0.277778,-0.960388,43.644,84.517,98.996,2703.5
Josuep_9_puntos_intento_7.mp4,2203,18358.333,True,154.000,177.000,0.000,150.000,127.000,-0.022222,0.277778,-0.960388,43.845,84.669,98.880,2671.5
Josuep_9_puntos_intento_7.mp4,2204,18366.667,True,154.000,177.000,0.000,150.000,127.000,-0.022222,0.277778,-0.960388,43.312,85.614,97.661,2676.5
Josuep_9_puntos_intento_7.mp4,2205,18375.000,True,154.000,177.000,0.000,150.000,127.000,-0.022222,0.277778,-0.960388,44.052,84.031,99.353,2678.5
Josuep_9_puntos_intento_7.mp4,2206,18383.333,True,154.000,177.000,0.000,150.000,126.000,-0.022222,0.283333,-0.958764,43.691,85.486,99.030,2708.5
Josuep_9_puntos_intento_7.mp4,2207,18391.667,True,154.000,177.000,0.000,149.000,127.000,-0.027778,0.277778,-0.960244,43.986,86.096,98.678,2704.0
Josuep_9_puntos_intento_7.mp4,2208,18400.000,True,154.000,177.000,0.000,149.000,127.000,-0.027778,0.277778,-0.960244,44.701,84.312,98.382,2718.5
Josuep_9_puntos_intento_7.mp4,2209,18408.333,True,154.000,177.000,0.000,149.000,127.000,-0.027778,0.277778,-0.960244,45.134,83.725,97.634,2702.0
Josuep_9_puntos_intento_7.mp4,2210,18416.667,True,154.000,177.000,0.000,149.000,127.000,-0.027778,0.277778,-0.960244,45.240,83.983,98.202,2711.0
Josuep_9_puntos_intento_7.mp4,2211,18425.000,True,154.000,177.000,0.000,149.000,127.000,-0.027778,0.277778,-0.960244,44.506,83.876,98.639,2704.0
Josuep_9_puntos_intento_7.mp4,2212,18433.333,True,154.000,177.000,0.000,150.000,127.000,-0.022222,0.277778,-0.960388,45.005,83.276,99.038,2736.5
Josuep_9_puntos_intento_7.mp4,2213,18441.667,True,154.000,177.000,0.000,149.000,127.000,-0.027778,0.277778,-0.960244,45.074,84.215,98.626,2720.0
Josuep_9_puntos_intento_7.mp4,2214,18450.000,True,154.000,177.000,0.000,148.000,127.000,-0.033333,0.277778,-0.960067,44.990,84.604,98.184,2764.0
Josuep_9_puntos_intento_7.mp4,2215,18458.333,True,154.000,177.000,0.000,149.000,127.000,-0.027778,0.277778,-0.960244,45.035,85.768,99.533,2737.5
Josuep_9_puntos_intento_7.mp4,2216,18466.667,True,154.000,177.000,0.000,149.000,127.000,-0.027778,0.277778,-0.960244,45.504,85.782,100.628,2759.0
Josuep_9_puntos_intento_7.mp4,2217,18475.000,True,154.000,177.000,0.000,149.000,127.000,-0.027778,0.277778,-0.960244,45.430,84.756,99.524,2722.5
Josuep_9_puntos_intento_7.mp4,2218,18483.333,True,154.000,177.000,0.000,149.000,127.000,-0.027778,0.277778,-0.960244,45.774,82.749,100.386,2752.0
Josuep_9_puntos_intento_7.mp4,2219,18491.667,True,154.000,177.000,0.000,149.000,127.000,-0.027778,0.277778,-0.960244,45.466,86.099,100.026,2759.5
Josuep_9_puntos_intento_7.mp4,2220,18500.000,True,154.000,177.000,0.000,149.000,127.000,-0.027778,0.277778,-0.960244,45.558,84.738,101.047,2767.5
Josuep_9_puntos_intento_7.mp4,2221,18508.333,True,154.000,177.000,0.000,150.000,127.000,-0.022222,0.277778,-0.960388,45.104,81.958,100.029,2710.0
Josuep_9_puntos_intento_7.mp4,2222,18516.667,True,154.000,177.000,0.000,150.000,126.000,-0.022222,0.283333,-0.958764,45.075,83.308,99.660,2774.5
Josuep_9_puntos_intento_7.mp4,2223,18525.000,True,154.000,177.000,0.000,150.000,126.000,-0.022222,0.283333,-0.958764,44.969,83.360,99.983,2738.5
Josuep_9_puntos_intento_7.mp4,2224,18533.333,True,154.000,177.000,0.000,150.000,127.000,-0.022222,0.277778,-0.960388,45.223,83.649,98.731,2769.5
Josuep_9_puntos_intento_7.mp4,2225,18541.667,True,154.000,177.000,0.000,150.000,127.000,-0.022222,0.277778,-0.960388,45.037,82.477,98.604,2733.0
Josuep_9_puntos_intento_7.mp4,2226,18550.000,True,154.000,177.000,0.000,150.000,127.000,-0.022222,0.277778,-0.960388,45.418,82.855,98.348,2758.0
Josuep_9_puntos_intento_7.mp4,2227,18558.333,True,154.000,177.000,0.000,149.000,127.000,-0.027778,0.277778,-0.960244,45.038,83.325,100.456,2760.0
Josuep_9_puntos_intento_7.mp4,2228,18566.667,True,154.000,177.000,0.000,149.000,127.000,-0.027778,0.277778,-0.960244,44.930,82.026,98.910,2788.0
Josuep_9_puntos_intento_7.mp4,2229,18575.000,True,154.000,177.000,0.000,149.000,126.000,-0.027778,0.283333,-0.958619,44.944,83.013,100.041,2787.5
Josuep_9_puntos_intento_7.mp4,2230,18583.333,True,154.000,177.000,0.000,150.000,127.000,-0.022222,0.277778,-0.960388,45.456,83.405,99.487,2831.5
Josuep_9_puntos_intento_7.mp4,2231,18591.667,True,154.000,177.000,0.000,150.000,126.000,-0.022222,0.283333,-0.958764,44.781,82.718,100.276,2763.5
Josuep_9_puntos_intento_7.mp4,2232,18600.000,True,154.000,177.000,0.000,149.000,127.000,-0.027778,0.277778,-0.960244,45.957,82.826,98.608,2853.0
Josuep_9_puntos_intento_7.mp4,2233,18608.333,True,154.000,177.000,0.000,149.000,127.000,-0.027778,0.277778,-0.960244,45.091,83.933,99.995,2807.5
Josuep_9_puntos_intento_7.mp4,2234,18616.667,True,154.000,177.000,0.000,150.000,127.000,-0.022222,0.277778,-0.960388,46.752,82.944,100.454,2846.0
Josuep_9_puntos_intento_7.mp4,2235,18625.000,True,154.000,177.000,0.000,149.000,127.000,-0.027778,0.277778,-0.960244,46.095,83.951,99.877,2831.5
Josuep_9_puntos_intento_7.mp4,2236,18633.333,True,154.000,177.000,0.000,150.000,126.000,-0.022222,0.283333,-0.958764,45.824,84.623,100.194,2828.5
Josuep_9_puntos_intento_7.mp4,2237,18641.667,True,154.000,177.000,0.000,150.000,127.000,-0.022222,0.277778,-0.960388,47.172,85.076,99.941,2864.5
Josuep_9_puntos_intento_7.mp4,2238,18650.000,True,154.000,177.000,0.000,150.000,127.000,-0.022222,0.277778,-0.960388,47.387,84.763,99.287,2884.0
Josuep_9_puntos_intento_7.mp4,2239,18658.333,True,154.000,177.000,0.000,149.000,127.000,-0.027778,0.277778,-0.960244,46.689,82.678,99.213,2818.5
