video_name,frame_number,timestamp_ms,valid_deteccion,sphere_center_x,sphere_center_y,sphere_center_z,pupil_center_x,pupil_center_y,gaze_x,gaze_y,gaze_z,ellipse_width,ellipse_height,ellipse_angle,contour_area
Karolain_9_puntos_intento_4.mp4,1,8.333,True,150.000,160.000,0.000,181.000,66.000,0.172222,0.522222,-0.835239,21.211,40.971,73.105,609.0
Karolain_9_puntos_intento_4.mp4,2,16.667,True,150.000,160.000,0.000,179.000,63.000,0.161111,0.538889,-0.826826,30.245,48.342,80.938,1061.5
Karolain_9_puntos_intento_4.mp4,3,25.000,True,150.000,160.000,0.000,178.000,58.000,0.155556,0.566667,-0.809130,38.644,50.464,97.657,1457.0
Karolain_9_puntos_intento_4.mp4,4,33.333,True,150.000,160.000,0.000,178.000,57.000,0.155556,0.572222,-0.805211,40.511,53.324,117.596,1661.5
Karolain_9_puntos_intento_4.mp4,5,41.667,True,150.000,160.000,0.000,179.000,57.000,0.161111,0.572222,-0.804117,40.161,51.964,116.194,1610.0
Karolain_9_puntos_intento_4.mp4,6,50.000,True,150.000,160.000,0.000,179.000,58.000,0.161111,0.566667,-0.808042,40.329,51.273,113.722,1595.5
Karolain_9_puntos_intento_4.mp4,7,58.333,True,150.000,160.000,0.000,180.000,58.000,0.166667,0.566667,-0.806915,39.923,50.810,112.067,1568.5
Karolain_9_puntos_intento_4.mp4,8,66.667,True,150.000,160.000,0.000,181.000,58.000,0.172222,0.566667,-0.805747,39.048,50.817,110.839,1553.5
Karolain_9_puntos_intento_4.mp4,9,75.000,True,150.000,160.000,0.000,181.000,58.000,0.172222,0.566667,-0.805747,39.251,50.614,111.150,1538.0
Karolain_9_puntos_intento_4.mp4,10,83.333,True,150.000,160.000,0.000,181.000,58.000,0.172222,0.566667,-0.805747,39.450,49.964,111.541,1531.5
Karolain_9_puntos_intento_4.mp4,11,91.667,True,150.000,160.000,0.000,181.000,58.000,0.172222,0.566667,-0.805747,40.312,50.232,111.035,1567.5
Karolain_9_puntos_intento_4.mp4,12,100.000,True,150.000,160.000,0.000,182.000,58.000,0.177778,0.566667,-0.804540,39.595,50.403,109.983,1557.5
Karolain_9_puntos_intento_4.mp4,13,108.333,True,150.000,160.000,0.000,182.000,58.000,0.177778,0.566667,-0.804540,39.367,50.353,112.657,1523.5
Karolain_9_puntos_intento_4.mp4,14,116.667,True,150.000,160.000,0.000,182.000,58.000,0.177778,0.566667,-0.804540,39.562,50.112,111.669,1527.0
Karolain_9_puntos_intento_4.mp4,15,125.000,True,150.000,160.000,0.000,182.000,58.000,0.177778,0.566667,-0.804540,39.316,50.045,112.045,1518.0
Karolain_9_puntos_intento_4.mp4,16,133.333,True,150.000,160.000,0.000,182.000,58.000,0.177778,0.566667,-0.804540,39.109,49.617,109.487,1502.0
Karolain_9_puntos_intento_4.mp4,17,141.667,True,150.000,160.000,0.000,182.000,58.000,0.177778,0.566667,-0.804540,39.002,49.627,111.012,1502.0
Karolain_9_puntos_intento_4.mp4,18,150.000,True,150.000,160.000,0.000,183.000,58.000,0.183333,0.566667,-0.803292,39.004,49.372,108.779,1499.0
Karolain_9_puntos_intento_4.mp4,19,158.333,True,150.000,160.000,0.000,183.000,58.000,0.183333,0.566667,-0.803292,39.311,49.357,110.227,1500.0
Karolain_9_puntos_intento_4.mp4,20,166.667,True,150.000,160.000,0.000,183.000,58.000,0.183333,0.566667,-0.803292,38.547,48.873,109.522,1464.0
Karolain_9_puntos_intento_4.mp4,21,175.000,True,150.000,160.000,0.000,183.000,58.000,0.183333,0.566667,-0.803292,38.289,48.501,108.948,1446.5
Karolain_9_puntos_intento_4.mp4,22,183.333,True,150.000,160.000,0.000,183.000,58.000,0.183333,0.566667,-0.803292,38.321,48.784,107.158,1437.0
Karolain_9_puntos_intento_4.mp4,23,191.667,True,150.000,160.000,0.000,183.000,58.000,0.183333,0.566667,-0.803292,38.506,49.396,106.996,1470.5
Karolain_9_puntos_intento_4.mp4,24,200.000,True,150.000,160.000,0.000,183.000,58.000,0.183333,0.566667,-0.803292,38.511,48.900,107.212,1457.5
Karolain_9_puntos_intento_4.mp4,25,208.333,True,150.000,160.000,0.000,183.000,58.000,0.183333,0.566667,-0.803292,38.896,48.646,109.242,1461.5
Karolain_9_puntos_intento_4.mp4,26,216.667,True,150.000,160.000,0.000,183.000,58.000,0.183333,0.566667,-0.803292,38.272,48.462,106.981,1435.5
Karolain_9_puntos_intento_4.mp4,27,225.000,True,150.000,160.000,0.000,183.000,58.000,0.183333,0.566667,-0.803292,38.492,48.283,107.044,1432.5
Karolain_9_puntos_intento_4.mp4,28,233.333,True,150.000,160.000,0.000,183.000,58.000,0.183333,0.566667,-0.803292,38.063,48.082,108.826,1415.5
Karolain_9_puntos_intento_4.mp4,29,241.667,True,150.000,160.000,0.000,183.000,58.000,0.183333,0.566667,-0.803292,38.010,48.234,105.883,1415.0
Karolain_9_puntos_intento_4.mp4,30,250.000,True,150.000,160.000,0.000,183.000,58.000,0.183333,0.566667,-0.803292,38.194,47.648,106.137,1403.0
Karolain_9_puntos_intento_4.mp4,31,258.333,True,150.000,160.000,0.000,183.000,58.000,0.183333,0.566667,-0.803292,38.167,47.687,106.174,1405.5
Karolain_9_puntos_intento_4.mp4,32,266.667,True,150.000,160.000,0.000,183.000,58.000,0.183333,0.566667,-0.803292,37.574,47.261,108.292,1363.0
Karolain_9_puntos_intento_4.mp4,33,275.000,True,150.000,160.000,0.000,183.000,58.000,0.183333,0.566667,-0.803292,37.745,47.407,107.960,1375.0
Karolain_9_puntos_intento_4.mp4,34,283.333,True,150.000,160.000,0.000,183.000,58.000,0.183333,0.566667,-0.803292,37.499,47.645,106.920,1385.0
Karolain_9_puntos_intento_4.mp4,35,291.667,True,150.000,160.000,0.000,182.000,58.000,0.177778,0.566667,-0.804540,38.311,47.846,109.315,1404.5
Karolain_9_puntos_intento_4.mp4,36,300.000,True,150.000,160.000,0.000,181.000,58.000,0.172222,0.566667,-0.805747,38.205,48.452,109.422,1427.5
Karolain_9_puntos_intento_4.mp4,37,308.333,True,150.000,160.000,0.000,180.000,58.000,0.166667,0.566667,-0.806915,38.127,49.109,110.677,1442.0
Karolain_9_puntos_intento_4.mp4,38,316.667,False,150.000,160.000,0.000,179.000,58.000,0.161111,0.566667,-0.808042,38.572,49.514,115.846,1477.5
Karolain_9_puntos_intento_4.mp4,39,325.000,False,150.000,160.000,0.000,180.000,60.000,0.166667,0.555556,-0.814604,34.276,44.299,83.309,1124.5
Karolain_9_puntos_intento_4.mp4,40,333.333,False,150.000,160.000,0.000,184.000,67.000,0.188889,0.516667,-0.835091,15.096,34.898,71.688,360.0
Karolain_9_puntos_intento_4.mp4,41,341.667,False,150.000,160.000,,,,,,,,,,
Karolain_9_puntos_intento_4.mp4,42,350.000,False,150.000,160.000,,,,,,,,,,
Karolain_9_puntos_intento_4.mp4,43,358.333,False,150.000,160.000,,,,,,,,,,
Karolain_9_puntos_intento_4.mp4,44,366.667,False,150.000,160.000,,,,,,,,,,
Karolain_9_puntos_intento_4.mp4,45,375.000,False,150.000,160.000,,,,,,,,,,
Karolain_9_puntos_intento_4.mp4,46,383.333,False,150.000,160.000,,,,,,,,,,
Karolain_9_puntos_intento_4.mp4,47,391.667,False,150.000,160.000,0.000,198.000,65.000,0.266667,0.527778,-0.806436,10.809,22.897,73.783,167.0
Karolain_9_puntos_intento_4.mp4,48,400.000,False,150.000,160.000,0.000,200.000,60.000,0.277778,0.555556,-0.783708,21.634,38.480,84.264,594.5
Karolain_9_puntos_intento_4.mp4,49,408.333,False,150.000,160.000,0.000,203.000,54.000,0.294444,0.588889,-0.752670,30.511,42.997,98.198,926.5
Karolain_9_puntos_intento_4.mp4,50,416.667,True,150.000,160.000,0.000,206.000,49.000,0.311111,0.616667,-0.723140,32.462,47.249,126.387,1161.0
Karolain_9_puntos_intento_4.mp4,51,425.000,True,150.000,160.000,0.000,212.000,47.000,0.344444,0.627778,-0.698035,29.291,47.828,131.128,1078.0
Karolain_9_puntos_intento_4.mp4,52,433.333,True,150.000,160.000,0.000,217.000,44.000,0.372222,0.644444,-0.667939,26.891,45.872,130.375,942.5
Karolain_9_puntos_intento_4.mp4,53,441.667,True,150.000,160.000,0.000,220.000,42.000,0.388889,0.655556,-0.647312,24.427,44.097,129.506,802.0
Karolain_9_puntos_intento_4.mp4,54,450.000,True,150.000,160.000,0.000,223.000,40.000,0.405556,0.666667,-0.625364,22.056,42.553,128.677,703.0
Karolain_9_puntos_intento_4.mp4,55,458.333,True,150.000,160.000,0.000,224.000,39.000,0.411111,0.672222,-0.615715,20.833,40.820,127.115,639.5
Karolain_9_puntos_intento_4.mp4,56,466.667,True,150.000,160.000,0.000,224.000,39.000,0.411111,0.672222,-0.615715,22.350,40.870,126.078,688.5
Karolain_9_puntos_intento_4.mp4,57,475.000,True,150.000,160.000,0.000,225.000,39.000,0.416667,0.672222,-0.611969,21.832,41.279,126.003,674.0
Karolain_9_puntos_intento_4.mp4,58,483.333,True,150.000,160.000,0.000,226.000,39.000,0.422222,0.672222,-0.608149,21.840,41.636,125.365,681.5
Karolain_9_puntos_intento_4.mp4,59,491.667,True,150.000,160.000,0.000,227.000,38.000,0.427778,0.677778,-0.598016,22.358,40.576,127.426,672.0
Karolain_9_puntos_intento_4.mp4,60,500.000,True,150.000,160.000,0.000,226.000,38.000,0.422222,0.677778,-0.601952,21.985,42.095,127.852,677.5
Karolain_9_puntos_intento_4.mp4,61,508.333,True,150.000,160.000,0.000,227.000,38.000,0.427778,0.677778,-0.598016,21.614,41.722,127.811,659.0
Karolain_9_puntos_intento_4.mp4,62,516.667,True,150.000,160.000,0.000,227.000,38.000,0.427778,0.677778,-0.598016,21.956,42.372,126.672,688.0
Karolain_9_puntos_intento_4.mp4,63,525.000,True,150.000,160.000,0.000,228.000,38.000,0.433333,0.677778,-0.594003,22.006,43.305,127.966,695.0
Karolain_9_puntos_intento_4.mp4,64,533.333,True,144.000,156.000,0.000,228.000,37.000,0.466667,0.661111,-0.587498,21.329,43.033,128.211,692.5
Karolain_9_puntos_intento_4.mp4,65,541.667,True,144.000,156.000,0.000,227.000,37.000,0.461111,0.661111,-0.591869,22.329,43.102,127.877,705.0
Karolain_9_puntos_intento_4.mp4,66,550.000,True,144.000,156.000,0.000,227.000,37.000,0.461111,0.661111,-0.591869,21.803,43.100,126.955,703.5
Karolain_9_puntos_intento_4.mp4,67,558.333,True,144.000,156.000,0.000,228.000,37.000,0.466667,0.661111,-0.587498,22.218,43.301,126.669,709.0
Karolain_9_puntos_intento_4.mp4,68,566.667,True,144.000,156.000,0.000,228.000,37.000,0.466667,0.661111,-0.587498,22.318,43.802,126.117,727.0
Karolain_9_puntos_intento_4.mp4,69,575.000,True,144.000,156.000,0.000,227.000,37.000,0.461111,0.661111,-0.591869,22.026,43.315,126.989,723.0
Karolain_9_puntos_intento_4.mp4,70,583.333,True,144.000,156.000,0.000,227.000,37.000,0.461111,0.661111,-0.591869,22.474,43.505,124.271,716.0
Karolain_9_puntos_intento_4.mp4,71,591.667,True,144.000,156.000,0.000,228.000,37.000,0.466667,0.661111,-0.587498,22.754,44.150,124.967,752.5
Karolain_9_puntos_intento_4.mp4,72,600.000,True,144.000,156.000,0.000,227.000,36.000,0.461111,0.666667,-0.585604,22.766,44.397,125.721,741.5
Karolain_9_puntos_intento_4.mp4,73,608.333,True,144.000,156.000,0.000,226.000,35.000,0.455556,0.672222,-0.583598,22.435,44.154,125.095,723.5
Karolain_9_puntos_intento_4.mp4,74,616.667,True,144.000,156.000,0.000,225.000,34.000,0.450000,0.677778,-0.581479,22.094,45.141,122.760,736.5
Karolain_9_puntos_intento_4.mp4,75,625.000,True,144.000,156.000,0.000,225.000,35.000,0.450000,0.672222,-0.587892,22.384,45.314,123.670,739.5
Karolain_9_puntos_intento_4.mp4,76,633.333,True,144.000,156.000,0.000,225.000,34.000,0.450000,0.677778,-0.581479,22.182,45.525,124.483,745.0
Karolain_9_puntos_intento_4.mp4,77,641.667,True,144.000,156.000,0.000,225.000,34.000,0.450000,0.677778,-0.581479,23.064,45.084,122.922,762.0
Karolain_9_puntos_intento_4.mp4,78,650.000,True,144.000,155.000,0.000,225.000,34.000,0.450000,0.672222,-0.587892,23.330,45.604,123.137,779.0
Karolain_9_puntos_intento_4.mp4,79,658.333,True,144.000,155.000,0.000,225.000,34.000,0.450000,0.672222,-0.587892,22.680,45.753,123.600,770.0
Karolain_9_puntos_intento_4.mp4,80,666.667,True,144.000,155.000,0.000,225.000,34.000,0.450000,0.672222,-0.587892,23.259,46.357,123.231,792.5
Karolain_9_puntos_intento_4.mp4,81,675.000,True,144.000,155.000,0.000,225.000,34.000,0.450000,0.672222,-0.587892,23.156,46.409,123.662,800.0
Karolain_9_puntos_intento_4.mp4,82,683.333,True,144.000,155.000,0.000,225.000,34.000,0.450000,0.672222,-0.587892,23.054,47.135,123.961,794.0
Karolain_9_puntos_intento_4.mp4,83,691.667,True,144.000,155.000,0.000,224.000,34.000,0.444444,0.672222,-0.592103,23.659,47.001,121.953,805.5
Karolain_9_puntos_intento_4.mp4,84,700.000,True,144.000,155.000,0.000,225.000,34.000,0.450000,0.672222,-0.587892,23.643,46.423,123.790,806.5
Karolain_9_puntos_intento_4.mp4,85,708.333,True,144.000,155.000,0.000,225.000,34.000,0.450000,0.672222,-0.587892,23.229,46.206,122.266,795.0
Karolain_9_puntos_intento_4.mp4,86,716.667,True,144.000,155.000,0.000,225.000,34.000,0.450000,0.672222,-0.587892,23.927,46.427,123.540,819.0
Karolain_9_puntos_intento_4.mp4,87,725.000,True,144.000,155.000,0.000,225.000,34.000,0.450000,0.672222,-0.587892,23.875,46.960,123.613,823.0
Karolain_9_puntos_intento_4.mp4,88,733.333,True,144.000,155.000,0.000,225.000,34.000,0.450000,0.672222,-0.587892,23.905,46.717,123.561,814.5
Karolain_9_puntos_intento_4.mp4,89,741.667,True,144.000,155.000,0.000,225.000,34.000,0.450000,0.672222,-0.587892,23.759,46.444,123.599,809.5
Karolain_9_puntos_intento_4.mp4,90,750.000,True,144.000,154.000,0.000,224.000,33.000,0.444444,0.672222,-0.592103,23.823,46.233,125.391,796.5
Karolain_9_puntos_intento_4.mp4,91,758.333,True,144.000,154.000,0.000,224.000,33.000,0.444444,0.672222,-0.592103,23.838,46.436,124.363,808.5
Karolain_9_puntos_intento_4.mp4,92,766.667,True,144.000,154.000,0.000,224.000,33.000,0.444444,0.672222,-0.592103,23.582,46.193,122.318,803.0
Karolain_9_puntos_intento_4.mp4,93,775.000,True,144.000,154.000,0.000,225.000,33.000,0.450000,0.672222,-0.587892,23.801,45.774,123.057,797.0
Karolain_9_puntos_intento_4.mp4,94,783.333,True,144.000,154.000,0.000,225.000,34.000,0.450000,0.666667,-0.594185,23.811,44.975,123.260,797.5
Karolain_9_puntos_intento_4.mp4,95,791.667,True,144.000,154.000,0.000,225.000,34.000,0.450000,0.666667,-0.594185,23.530,45.387,122.386,788.5
Karolain_9_puntos_intento_4.mp4,96,800.000,True,144.000,154.000,0.000,224.000,33.000,0.444444,0.672222,-0.592103,23.624,45.468,123.897,780.5
Karolain_9_puntos_intento_4.mp4,97,808.333,True,144.000,154.000,0.000,224.000,33.000,0.444444,0.672222,-0.592103,23.631,45.351,123.011,786.0
Karolain_9_puntos_intento_4.mp4,98,816.667,True,144.000,154.000,0.000,225.000,33.000,0.450000,0.672222,-0.587892,23.469,45.728,122.292,786.0
Karolain_9_puntos_intento_4.mp4,99,825.000,True,144.000,154.000,0.000,225.000,33.000,0.450000,0.672222,-0.587892,23.852,45.240,122.996,777.5
Karolain_9_puntos_intento_4.mp4,100,833.333,True,144.000,154.000,0.000,225.000,33.000,0.450000,0.672222,-0.587892,23.250,45.573,121.789,766.0
Karolain_9_puntos_intento_4.mp4,101,841.667,True,144.000,154.000,0.000,225.000,33.000,0.450000,0.672222,-0.587892,23.103,45.031,121.455,759.5
Karolain_9_puntos_intento_4.mp4,102,850.000,True,144.000,154.000,0.000,225.000,33.000,0.450000,0.672222,-0.587892,23.173,44.730,123.264,765.0
Karolain_9_puntos_intento_4.mp4,103,858.333,True,144.000,154.000,0.000,224.000,33.000,0.444444,0.672222,-0.592103,23.008,45.397,121.927,759.0
Karolain_9_puntos_intento_4.mp4,104,866.667,True,144.000,153.000,0.000,225.000,33.000,0.450000,0.666667,-0.594185,23.234,44.081,121.859,748.5
Karolain_9_puntos_intento_4.mp4,105,875.000,True,144.000,153.000,0.000,225.000,33.000,0.450000,0.666667,-0.594185,23.200,44.011,122.616,741.0
Karolain_9_puntos_intento_4.mp4,106,883.333,True,144.000,153.000,0.000,225.000,33.000,0.450000,0.666667,-0.594185,22.705,44.151,121.537,740.0
Karolain_9_puntos_intento_4.mp4,107,891.667,True,144.000,153.000,0.000,225.000,33.000,0.450000,0.666667,-0.594185,22.939,43.789,122.694,742.5
Karolain_9_puntos_intento_4.mp4,108,900.000,True,144.000,153.000,0.000,225.000,33.000,0.450000,0.666667,-0.594185,22.679,43.928,122.085,742.0
Karolain_9_puntos_intento_4.mp4,109,908.333,True,144.000,153.000,0.000,225.000,33.000,0.450000,0.666667,-0.594185,22.728,43.661,121.112,729.5
Karolain_9_puntos_intento_4.mp4,110,916.667,True,144.000,153.000,0.000,225.000,33.000,0.450000,0.666667,-0.594185,22.846,43.271,122.930,737.0
Karolain_9_puntos_intento_4.mp4,111,925.000,True,144.000,153.000,0.000,225.000,33.000,0.450000,0.666667,-0.594185,22.911,43.421,121.898,736.0
Karolain_9_puntos_intento_4.mp4,112,933.333,True,144.000,153.000,0.000,225.000,33.000,0.450000,0.666667,-0.594185,22.984,43.715,122.581,737.0
Karolain_9_puntos_intento_4.mp4,113,941.667,True,144.000,153.000,0.000,225.000,33.000,0.450000,0.666667,-0.594185,23.006,43.542,121.719,746.0
Karolain_9_puntos_intento_4.mp4,114,950.000,True,144.000,153.000,0.000,225.000,33.000,0.450000,0.666667,-0.594185,23.003,43.620,121.877,744.0
Karolain_9_puntos_intento_4.mp4,115,958.333,True,144.000,153.000,0.000,225.000,33.000,0.450000,0.666667,-0.594185,22.823,43.918,121.741,737.5
Karolain_9_puntos_intento_4.mp4,116,966.667,True,144.000,153.000,0.000,225.000,33.000,0.450000,0.666667,-0.594185,23.099,42.852,121.540,738.0
Karolain_9_puntos_intento_4.mp4,117,975.000,True,144.000,153.000,0.000,225.000,33.000,0.450000,0.666667,-0.594185,23.081,43.203,122.265,731.5
Karolain_9_puntos_intento_4.mp4,118,983.333,True,144.000,153.000,0.000,225.000,33.000,0.450000,0.666667,-0.594185,22.932,43.960,121.807,735.0
Karolain_9_puntos_intento_4.mp4,119,991.667,True,144.000,153.000,0.000,225.000,33.000,0.450000,0.666667,-0.594185,22.682,43.309,121.005,730.0
Karolain_9_puntos_intento_4.mp4,120,1000.000,True,144.000,153.000,0.000,225.000,33.000,0.450000,0.666667,-0.594185,23.200,42.724,121.040,725.0
Karolain_9_puntos_intento_4.mp4,121,1008.333,True,144.000,153.000,0.000,225.000,33.000,0.450000,0.666667,-0.594185,23.079,42.324,121.688,711.0
Karolain_9_puntos_intento_4.mp4,122,1016.667,True,144.000,153.000,0.000,225.000,33.000,0.450000,0.666667,-0.594185,22.842,43.513,120.080,725.0
Karolain_9_puntos_intento_4.mp4,123,1025.000,True,144.000,153.000,0.000,225.000,33.000,0.450000,0.666667,-0.594185,22.771,41.940,120.447,708.0
Karolain_9_puntos_intento_4.mp4,124,1033.333,True,144.000,153.000,0.000,224.000,33.000,0.444444,0.666667,-0.598352,22.813,42.317,120.677,712.0
Karolain_9_puntos_intento_4.mp4,125,1041.667,True,144.000,153.000,0.000,224.000,33.000,0.444444,0.666667,-0.598352,23.154,42.215,119.206,729.5
Karolain_9_puntos_intento_4.mp4,126,1050.000,True,144.000,153.000,0.000,225.000,33.000,0.450000,0.666667,-0.594185,23.091,43.191,122.487,728.5
Karolain_9_puntos_intento_4.mp4,127,1058.333,True,144.000,153.000,0.000,225.000,33.000,0.450000,0.666667,-0.594185,22.934,42.027,121.525,719.5
Karolain_9_puntos_intento_4.mp4,128,1066.667,True,144.000,153.000,0.000,225.000,33.000,0.450000,0.666667,-0.594185,23.105,42.837,120.739,721.0
Karolain_9_puntos_intento_4.mp4,129,1075.000,True,144.000,153.000,0.000,225.000,33.000,0.450000,0.666667,-0.594185,23.242,42.553,120.800,718.5
Karolain_9_puntos_intento_4.mp4,130,1083.333,True,144.000,153.000,0.000,225.000,33.000,0.450000,0.666667,-0.594185,23.026,41.885,120.467,710.0
Karolain_9_puntos_intento_4.mp4,131,1091.667,True,144.000,153.000,0.000,225.000,32.000,0.450000,0.672222,-0.587892,23.214,41.598,119.109,712.5
Karolain_9_puntos_intento_4.mp4,132,1100.000,True,144.000,153.000,0.000,225.000,33.000,0.450000,0.666667,-0.594185,23.466,41.149,120.287,705.0
Karolain_9_puntos_intento_4.mp4,133,1108.333,True,144.000,153.000,0.000,225.000,33.000,0.450000,0.666667,-0.594185,23.171,41.315,120.472,705.0
Karolain_9_puntos_intento_4.mp4,134,1116.667,True,144.000,153.000,0.000,225.000,32.000,0.450000,0.672222,-0.587892,23.167,42.513,122.209,711.0
Karolain_9_puntos_intento_4.mp4,135,1125.000,True,144.000,153.000,0.000,225.000,33.000,0.450000,0.666667,-0.594185,23.235,41.618,119.970,708.5
Karolain_9_puntos_intento_4.mp4,136,1133.333,True,144.000,153.000,0.000,225.000,33.000,0.450000,0.666667,-0.594185,23.098,41.242,120.724,705.0
Karolain_9_puntos_intento_4.mp4,137,1141.667,True,144.000,153.000,0.000,225.000,33.000,0.450000,0.666667,-0.594185,22.666,41.634,121.783,691.5
Karolain_9_puntos_intento_4.mp4,138,1150.000,True,144.000,153.000,0.000,225.000,32.000,0.450000,0.672222,-0.587892,22.536,41.258,121.634,681.5
Karolain_9_puntos_intento_4.mp4,139,1158.333,True,144.000,153.000,0.000,225.000,33.000,0.450000,0.666667,-0.594185,22.631,40.722,119.277,688.5
Karolain_9_puntos_intento_4.mp4,140,1166.667,True,144.000,153.000,0.000,225.000,32.000,0.450000,0.672222,-0.587892,22.555,40.706,121.368,682.0
Karolain_9_puntos_intento_4.mp4,141,1175.000,True,144.000,153.000,0.000,224.000,33.000,0.444444,0.666667,-0.598352,22.517,41.279,120.648,688.5
Karolain_9_puntos_intento_4.mp4,142,1183.333,True,144.000,153.000,0.000,224.000,33.000,0.444444,0.666667,-0.598352,22.785,41.264,119.170,690.5
Karolain_9_puntos_intento_4.mp4,143,1191.667,True,144.000,153.000,0.000,224.000,32.000,0.444444,0.672222,-0.592103,22.335,40.916,121.116,676.0
Karolain_9_puntos_intento_4.mp4,144,1200.000,True,144.000,153.000,0.000,224.000,33.000,0.444444,0.666667,-0.598352,22.596,40.410,121.807,679.0
Karolain_9_puntos_intento_4.mp4,145,1208.333,True,144.000,153.000,0.000,224.000,32.000,0.444444,0.672222,-0.592103,22.457,40.324,120.982,662.5
Karolain_9_puntos_intento_4.mp4,146,1216.667,True,144.000,153.000,0.000,224.000,32.000,0.444444,0.672222,-0.592103,22.691,40.579,119.356,673.0
Karolain_9_puntos_intento_4.mp4,147,1225.000,True,144.000,153.000,0.000,224.000,32.000,0.444444,0.672222,-0.592103,23.037,40.329,120.919,677.0
Karolain_9_puntos_intento_4.mp4,148,1233.333,True,144.000,153.000,0.000,224.000,32.000,0.444444,0.672222,-0.592103,22.419,40.194,118.920,672.5
Karolain_9_puntos_intento_4.mp4,149,1241.667,True,144.000,153.000,0.000,224.000,32.000,0.444444,0.672222,-0.592103,22.751,40.335,120.512,668.0
Karolain_9_puntos_intento_4.mp4,150,1250.000,True,144.000,153.000,0.000,224.000,32.000,0.444444,0.672222,-0.592103,22.546,40.114,119.859,672.5
Karolain_9_puntos_intento_4.mp4,151,1258.333,True,144.000,153.000,0.000,224.000,32.000,0.444444,0.672222,-0.592103,22.448,40.363,119.958,670.5
Karolain_9_puntos_intento_4.mp4,152,1266.667,True,144.000,153.000,0.000,224.000,32.000,0.444444,0.672222,-0.592103,22.037,39.369,120.746,644.0
Karolain_9_puntos_intento_4.mp4,153,1275.000,True,144.000,153.000,0.000,224.000,32.000,0.444444,0.672222,-0.592103,21.931,39.470,121.162,639.0
Karolain_9_puntos_intento_4.mp4,154,1283.333,True,145.000,153.000,0.000,224.000,32.000,0.438889,0.672222,-0.596233,21.757,39.482,121.189,636.5
Karolain_9_puntos_intento_4.mp4,155,1291.667,True,145.000,153.000,0.000,224.000,32.000,0.438889,0.672222,-0.596233,21.570,39.795,120.690,630.0
Karolain_9_puntos_intento_4.mp4,156,1300.000,True,145.000,153.000,0.000,224.000,32.000,0.438889,0.672222,-0.596233,22.125,38.854,120.246,633.0
Karolain_9_puntos_intento_4.mp4,157,1308.333,True,145.000,153.000,0.000,224.000,32.000,0.438889,0.672222,-0.596233,21.983,40.110,123.180,630.5
Karolain_9_puntos_intento_4.mp4,158,1316.667,True,145.000,153.000,0.000,225.000,33.000,0.444444,0.666667,-0.598352,22.061,38.668,121.920,626.5
Karolain_9_puntos_intento_4.mp4,159,1325.000,True,145.000,153.000,0.000,224.000,32.000,0.438889,0.672222,-0.596233,21.721,38.563,122.431,613.5
Karolain_9_puntos_intento_4.mp4,160,1333.333,True,145.000,153.000,0.000,224.000,32.000,0.438889,0.672222,-0.596233,21.938,38.881,120.411,624.0
Karolain_9_puntos_intento_4.mp4,161,1341.667,True,145.000,153.000,0.000,224.000,32.000,0.438889,0.672222,-0.596233,21.478,39.175,122.922,610.0
Karolain_9_puntos_intento_4.mp4,162,1350.000,True,145.000,153.000,0.000,224.000,32.000,0.438889,0.672222,-0.596233,21.477,39.091,123.114,607.0
Karolain_9_puntos_intento_4.mp4,163,1358.333,True,145.000,153.000,0.000,224.000,32.000,0.438889,0.672222,-0.596233,21.389,38.217,122.252,604.0
Karolain_9_puntos_intento_4.mp4,164,1366.667,True,145.000,153.000,0.000,224.000,32.000,0.438889,0.672222,-0.596233,21.379,38.392,121.743,603.5
Karolain_9_puntos_intento_4.mp4,165,1375.000,True,145.000,153.000,0.000,224.000,32.000,0.438889,0.672222,-0.596233,21.324,38.396,120.876,606.0
Karolain_9_puntos_intento_4.mp4,166,1383.333,True,145.000,153.000,0.000,224.000,32.000,0.438889,0.672222,-0.596233,22.096,38.678,124.513,599.5
Karolain_9_puntos_intento_4.mp4,167,1391.667,True,145.000,153.000,0.000,224.000,32.000,0.438889,0.672222,-0.596233,21.733,38.657,121.647,600.0
Karolain_9_puntos_intento_4.mp4,168,1400.000,True,145.000,153.000,0.000,224.000,32.000,0.438889,0.672222,-0.596233,21.143,38.374,120.807,599.5
Karolain_9_puntos_intento_4.mp4,169,1408.333,True,145.000,153.000,0.000,224.000,32.000,0.438889,0.672222,-0.596233,22.033,38.843,123.701,605.0
Karolain_9_puntos_intento_4.mp4,170,1416.667,True,145.000,153.000,0.000,224.000,32.000,0.438889,0.672222,-0.596233,21.302,38.376,123.287,606.5
Karolain_9_puntos_intento_4.mp4,171,1425.000,True,145.000,153.000,0.000,224.000,32.000,0.438889,0.672222,-0.596233,21.025,38.609,121.426,586.5
Karolain_9_puntos_intento_4.mp4,172,1433.333,True,145.000,153.000,0.000,224.000,32.000,0.438889,0.672222,-0.596233,21.833,38.872,122.961,601.0
Karolain_9_puntos_intento_4.mp4,173,1441.667,True,145.000,153.000,0.000,224.000,32.000,0.438889,0.672222,-0.596233,21.464,39.111,123.589,608.5
Karolain_9_puntos_intento_4.mp4,174,1450.000,True,145.000,153.000,0.000,224.000,32.000,0.438889,0.672222,-0.596233,21.299,38.477,122.716,599.5
Karolain_9_puntos_intento_4.mp4,175,1458.333,True,145.000,153.000,0.000,224.000,32.000,0.438889,0.672222,-0.596233,22.002,39.128,123.784,604.0
Karolain_9_puntos_intento_4.mp4,176,1466.667,True,145.000,153.000,0.000,224.000,32.000,0.438889,0.672222,-0.596233,21.822,38.838,121.831,599.0
Karolain_9_puntos_intento_4.mp4,177,1475.000,True,145.000,153.000,0.000,224.000,32.000,0.438889,0.672222,-0.596233,21.507,38.995,121.424,622.0
Karolain_9_puntos_intento_4.mp4,178,1483.333,True,145.000,153.000,0.000,224.000,32.000,0.438889,0.672222,-0.596233,22.235,39.449,122.700,611.0
Karolain_9_puntos_intento_4.mp4,179,1491.667,True,145.000,153.000,0.000,224.000,32.000,0.438889,0.672222,-0.596233,21.692,38.759,122.769,609.5
Karolain_9_puntos_intento_4.mp4,180,1500.000,True,145.000,153.000,0.000,224.000,32.000,0.438889,0.672222,-0.596233,21.855,38.772,121.547,611.0
Karolain_9_puntos_intento_4.mp4,181,1508.333,True,145.000,153.000,0.000,224.000,32.000,0.438889,0.672222,-0.596233,21.710,39.180,123.419,613.5
Karolain_9_puntos_intento_4.mp4,182,1516.667,True,145.000,153.000,0.000,224.000,32.000,0.438889,0.672222,-0.596233,21.900,39.961,122.692,626.0
Karolain_9_puntos_intento_4.mp4,183,1525.000,True,145.000,153.000,0.000,224.000,32.000,0.438889,0.672222,-0.596233,21.901,39.466,121.567,632.5
Karolain_9_puntos_intento_4.mp4,184,1533.333,True,145.000,153.000,0.000,224.000,32.000,0.438889,0.672222,-0.596233,21.846,39.411,120.984,638.0
Karolain_9_puntos_intento_4.mp4,185,1541.667,True,145.000,153.000,0.000,224.000,32.000,0.438889,0.672222,-0.596233,22.094,39.610,121.481,633.0
Karolain_9_puntos_intento_4.mp4,186,1550.000,True,145.000,153.000,0.000,224.000,32.000,0.438889,0.672222,-0.596233,21.788,39.675,122.396,630.5
Karolain_9_puntos_intento_4.mp4,187,1558.333,True,145.000,153.000,0.000,224.000,32.000,0.438889,0.672222,-0.596233,21.934,40.181,122.195,632.0
Karolain_9_puntos_intento_4.mp4,188,1566.667,True,145.000,153.000,0.000,224.000,32.000,0.438889,0.672222,-0.596233,21.528,39.638,122.520,629.5
Karolain_9_puntos_intento_4.mp4,189,1575.000,True,145.000,153.000,0.000,224.000,32.000,0.438889,0.672222,-0.596233,22.100,40.330,121.408,637.0
Karolain_9_puntos_intento_4.mp4,190,1583.333,True,145.000,153.000,0.000,224.000,32.000,0.438889,0.672222,-0.596233,21.944,40.086,120.688,646.0
Karolain_9_puntos_intento_4.mp4,191,1591.667,True,145.000,153.000,0.000,224.000,32.000,0.438889,0.672222,-0.596233,22.123,40.060,120.970,643.0
Karolain_9_puntos_intento_4.mp4,192,1600.000,True,145.000,153.000,0.000,224.000,32.000,0.438889,0.672222,-0.596233,22.542,40.077,123.001,647.5
Karolain_9_puntos_intento_4.mp4,193,1608.333,True,145.000,153.000,0.000,224.000,32.000,0.438889,0.672222,-0.596233,21.524,40.840,121.792,638.0
Karolain_9_puntos_intento_4.mp4,194,1616.667,True,145.000,153.000,0.000,224.000,32.000,0.438889,0.672222,-0.596233,21.820,40.557,121.015,643.0
Karolain_9_puntos_intento_4.mp4,195,1625.000,True,145.000,153.000,0.000,224.000,32.000,0.438889,0.672222,-0.596233,22.009,40.433,119.751,647.0
Karolain_9_puntos_intento_4.mp4,196,1633.333,True,145.000,153.000,0.000,224.000,32.000,0.438889,0.672222,-0.596233,21.790,40.315,122.144,646.5
Karolain_9_puntos_intento_4.mp4,197,1641.667,True,145.000,153.000,0.000,224.000,33.000,0.438889,0.666667,-0.602438,21.790,39.502,121.136,648.0
Karolain_9_puntos_intento_4.mp4,198,1650.000,True,145.000,153.000,0.000,224.000,32.000,0.438889,0.672222,-0.596233,21.703,39.677,120.200,648.0
Karolain_9_puntos_intento_4.mp4,199,1658.333,True,145.000,153.000,0.000,224.000,32.000,0.438889,0.672222,-0.596233,22.320,41.019,121.436,661.5
Karolain_9_puntos_intento_4.mp4,200,1666.667,True,145.000,153.000,0.000,224.000,32.000,0.438889,0.672222,-0.596233,21.875,40.357,121.871,649.0
Karolain_9_puntos_intento_4.mp4,201,1675.000,True,145.000,153.000,0.000,224.000,32.000,0.438889,0.672222,-0.596233,21.668,40.863,122.411,647.5
Karolain_9_puntos_intento_4.mp4,202,1683.333,True,145.000,153.000,0.000,224.000,32.000,0.438889,0.672222,-0.596233,22.102,40.361,122.075,637.0
Karolain_9_puntos_intento_4.mp4,203,1691.667,True,145.000,153.000,0.000,224.000,32.000,0.438889,0.672222,-0.596233,21.412,40.466,121.444,645.5
Karolain_9_puntos_intento_4.mp4,204,1700.000,True,145.000,153.000,0.000,224.000,32.000,0.438889,0.672222,-0.596233,22.151,41.177,121.371,661.5
Karolain_9_puntos_intento_4.mp4,205,1708.333,True,145.000,153.000,0.000,224.000,33.000,0.438889,0.666667,-0.602438,21.990,40.700,121.431,662.5
Karolain_9_puntos_intento_4.mp4,206,1716.667,True,145.000,153.000,0.000,224.000,33.000,0.438889,0.666667,-0.602438,21.950,41.050,119.895,666.5
Karolain_9_puntos_intento_4.mp4,207,1725.000,True,145.000,153.000,0.000,224.000,33.000,0.438889,0.666667,-0.602438,22.161,40.526,122.107,664.0
Karolain_9_puntos_intento_4.mp4,208,1733.333,True,145.000,153.000,0.000,224.000,33.000,0.438889,0.666667,-0.602438,22.086,41.245,121.409,664.0
Karolain_9_puntos_intento_4.mp4,209,1741.667,True,145.000,153.000,0.000,223.000,33.000,0.433333,0.666667,-0.606447,21.975,41.528,120.718,666.0
Karolain_9_puntos_intento_4.mp4,210,1750.000,True,145.000,153.000,0.000,224.000,33.000,0.438889,0.666667,-0.602438,22.111,41.460,121.962,667.5
Karolain_9_puntos_intento_4.mp4,211,1758.333,True,145.000,153.000,0.000,224.000,32.000,0.438889,0.672222,-0.596233,22.281,41.004,121.567,670.5
Karolain_9_puntos_intento_4.mp4,212,1766.667,True,145.000,153.000,0.000,223.000,32.000,0.433333,0.672222,-0.600283,22.230,40.854,122.355,667.0
Karolain_9_puntos_intento_4.mp4,213,1775.000,True,145.000,153.000,0.000,223.000,33.000,0.433333,0.666667,-0.606447,22.328,41.322,120.808,669.5
Karolain_9_puntos_intento_4.mp4,214,1783.333,True,145.000,153.000,0.000,223.000,32.000,0.433333,0.672222,-0.600283,22.222,41.495,122.895,674.5
Karolain_9_puntos_intento_4.mp4,215,1791.667,True,145.000,153.000,0.000,224.000,33.000,0.438889,0.666667,-0.602438,22.081,41.033,121.833,670.0
Karolain_9_puntos_intento_4.mp4,216,1800.000,True,145.000,153.000,0.000,224.000,33.000,0.438889,0.666667,-0.602438,22.451,41.031,121.981,682.5
Karolain_9_puntos_intento_4.mp4,217,1808.333,True,145.000,153.000,0.000,223.000,32.000,0.433333,0.672222,-0.600283,22.331,41.086,121.938,673.5
Karolain_9_puntos_intento_4.mp4,218,1816.667,True,145.000,153.000,0.000,224.000,33.000,0.438889,0.666667,-0.602438,22.568,41.583,120.603,695.0
Karolain_9_puntos_intento_4.mp4,219,1825.000,True,145.000,153.000,0.000,224.000,33.000,0.438889,0.666667,-0.602438,22.329,41.409,121.361,680.5
Karolain_9_puntos_intento_4.mp4,220,1833.333,True,145.000,153.000,0.000,223.000,33.000,0.433333,0.666667,-0.606447,21.952,41.552,120.468,677.5
Karolain_9_puntos_intento_4.mp4,221,1841.667,True,145.000,153.000,0.000,224.000,33.000,0.438889,0.666667,-0.602438,22.627,41.345,120.690,685.5
Karolain_9_puntos_intento_4.mp4,222,1850.000,True,145.000,153.000,0.000,224.000,33.000,0.438889,0.666667,-0.602438,22.459,41.857,121.586,683.0
Karolain_9_puntos_intento_4.mp4,223,1858.333,True,145.000,153.000,0.000,224.000,33.000,0.438889,0.666667,-0.602438,22.235,42.442,119.668,700.5
Karolain_9_puntos_intento_4.mp4,224,1866.667,True,145.000,153.000,0.000,223.000,32.000,0.433333,0.672222,-0.600283,22.026,42.239,121.118,681.5
Karolain_9_puntos_intento_4.mp4,225,1875.000,True,145.000,153.000,0.000,223.000,33.000,0.433333,0.666667,-0.606447,22.130,42.230,121.003,694.0
Karolain_9_puntos_intento_4.mp4,226,1883.333,True,145.000,153.000,0.000,223.000,33.000,0.433333,0.666667,-0.606447,22.277,42.016,120.387,692.0
Karolain_9_puntos_intento_4.mp4,227,1891.667,True,145.000,153.000,0.000,224.000,33.000,0.438889,0.666667,-0.602438,22.570,41.312,121.557,697.0
Karolain_9_puntos_intento_4.mp4,228,1900.000,True,145.000,153.000,0.000,224.000,33.000,0.438889,0.666667,-0.602438,22.432,41.248,122.408,692.0
Karolain_9_puntos_intento_4.mp4,229,1908.333,True,145.000,153.000,0.000,223.000,33.000,0.433333,0.666667,-0.606447,22.913,41.478,119.940,693.5
Karolain_9_puntos_intento_4.mp4,230,1916.667,True,145.000,153.000,0.000,223.000,33.000,0.433333,0.666667,-0.606447,22.544,42.101,120.061,711.0
Karolain_9_puntos_intento_4.mp4,231,1925.000,True,145.000,153.000,0.000,223.000,33.000,0.433333,0.666667,-0.606447,22.393,42.528,120.455,705.0
Karolain_9_puntos_intento_4.mp4,232,1933.333,True,145.000,153.000,0.000,224.000,33.000,0.438889,0.666667,-0.602438,22.759,42.075,121.856,706.5
Karolain_9_puntos_intento_4.mp4,233,1941.667,True,145.000,153.000,0.000,224.000,33.000,0.438889,0.666667,-0.602438,22.166,42.569,121.092,684.5
Karolain_9_puntos_intento_4.mp4,234,1950.000,True,145.000,153.000,0.000,223.000,33.000,0.433333,0.666667,-0.606447,22.373,41.855,119.577,695.0
Karolain_9_puntos_intento_4.mp4,235,1958.333,True,145.000,153.000,0.000,223.000,33.000,0.433333,0.666667,-0.606447,22.189,41.827,121.576,694.5
Karolain_9_puntos_intento_4.mp4,236,1966.667,True,145.000,153.000,0.000,223.000,33.000,0.433333,0.666667,-0.606447,22.294,41.698,121.197,685.5
Karolain_9_puntos_intento_4.mp4,237,1975.000,True,145.000,153.000,0.000,223.000,33.000,0.433333,0.666667,-0.606447,22.124,42.606,120.509,696.5
Karolain_9_puntos_intento_4.mp4,238,1983.333,True,145.000,153.000,0.000,223.000,32.000,0.433333,0.672222,-0.600283,22.629,43.018,122.452,697.0
Karolain_9_puntos_intento_4.mp4,239,1991.667,True,145.000,153.000,0.000,223.000,33.000,0.433333,0.666667,-0.606447,22.487,42.038,120.818,708.5
Karolain_9_puntos_intento_4.mp4,240,2000.000,True,145.000,153.000,0.000,223.000,33.000,0.433333,0.666667,-0.606447,22.238,42.125,121.028,702.0
Karolain_9_puntos_intento_4.mp4,241,2008.333,True,145.000,153.000,0.000,223.000,33.000,0.433333,0.666667,-0.606447,22.245,41.888,120.197,691.0
Karolain_9_puntos_intento_4.mp4,242,2016.667,True,145.000,153.000,0.000,223.000,33.000,0.433333,0.666667,-0.606447,22.561,42.838,121.768,702.0
Karolain_9_puntos_intento_4.mp4,243,2025.000,True,145.000,153.000,0.000,223.000,33.000,0.433333,0.666667,-0.606447,22.348,43.639,119.652,712.5
Karolain_9_puntos_intento_4.mp4,244,2033.333,True,145.000,153.000,0.000,223.000,33.000,0.433333,0.666667,-0.606447,22.697,41.969,119.995,712.5
Karolain_9_puntos_intento_4.mp4,245,2041.667,True,145.000,153.000,0.000,223.000,33.000,0.433333,0.666667,-0.606447,22.482,42.107,121.214,704.0
Karolain_9_puntos_intento_4.mp4,246,2050.000,True,145.000,153.000,0.000,223.000,33.000,0.433333,0.666667,-0.606447,22.218,42.359,120.210,709.0
Karolain_9_puntos_intento_4.mp4,247,2058.333,True,145.000,153.000,0.000,224.000,33.000,0.438889,0.666667,-0.602438,22.950,42.365,120.695,711.5
Karolain_9_puntos_intento_4.mp4,248,2066.667,True,145.000,153.000,0.000,223.000,33.000,0.433333,0.666667,-0.606447,22.456,42.460,119.799,704.5
Karolain_9_puntos_intento_4.mp4,249,2075.000,True,145.000,153.000,0.000,223.000,33.000,0.433333,0.666667,-0.606447,22.755,42.897,121.291,704.0
Karolain_9_puntos_intento_4.mp4,250,2083.333,True,145.000,153.000,0.000,223.000,33.000,0.433333,0.666667,-0.606447,22.070,42.556,120.419,711.0
Karolain_9_puntos_intento_4.mp4,251,2091.667,True,145.000,153.000,0.000,223.000,33.000,0.433333,0.666667,-0.606447,22.264,42.791,121.227,712.5
Karolain_9_puntos_intento_4.mp4,252,2100.000,True,145.000,153.000,0.000,223.000,33.000,0.433333,0.666667,-0.606447,22.495,42.901,120.963,708.5
Karolain_9_puntos_intento_4.mp4,253,2108.333,True,145.000,153.000,0.000,223.000,33.000,0.433333,0.666667,-0.606447,22.842,42.549,120.957,716.5
Karolain_9_puntos_intento_4.mp4,254,2116.667,True,145.000,153.000,0.000,224.000,33.000,0.438889,0.666667,-0.602438,22.661,42.181,121.619,713.5
Karolain_9_puntos_intento_4.mp4,255,2125.000,True,145.000,153.000,0.000,223.000,33.000,0.433333,0.666667,-0.606447,22.751,43.268,123.208,716.0
Karolain_9_puntos_intento_4.mp4,256,2133.333,True,145.000,153.000,0.000,223.000,33.000,0.433333,0.666667,-0.606447,22.814,42.825,121.038,724.0
Karolain_9_puntos_intento_4.mp4,257,2141.667,True,145.000,153.000,0.000,223.000,33.000,0.433333,0.666667,-0.606447,22.640,43.306,121.213,721.5
Karolain_9_puntos_intento_4.mp4,258,2150.000,True,145.000,153.000,0.000,223.000,33.000,0.433333,0.666667,-0.606447,22.865,43.472,122.486,726.5
Karolain_9_puntos_intento_4.mp4,259,2158.333,True,145.000,153.000,0.000,223.000,33.000,0.433333,0.666667,-0.606447,22.808,43.170,121.860,732.5
Karolain_9_puntos_intento_4.mp4,260,2166.667,True,145.000,153.000,0.000,223.000,33.000,0.433333,0.666667,-0.606447,22.749,43.107,121.612,731.5
Karolain_9_puntos_intento_4.mp4,261,2175.000,True,145.000,153.000,0.000,223.000,33.000,0.433333,0.666667,-0.606447,22.947,42.839,122.971,724.0
Karolain_9_puntos_intento_4.mp4,262,2183.333,True,145.000,153.000,0.000,223.000,33.000,0.433333,0.666667,-0.606447,22.710,43.570,121.876,729.0
Karolain_9_puntos_intento_4.mp4,263,2191.667,True,145.000,153.000,0.000,223.000,33.000,0.433333,0.666667,-0.606447,22.482,43.322,120.932,718.0
Karolain_9_puntos_intento_4.mp4,264,2200.000,True,145.000,153.000,0.000,223.000,33.000,0.433333,0.666667,-0.606447,22.479,42.540,120.970,712.5
Karolain_9_puntos_intento_4.mp4,265,2208.333,True,145.000,153.000,0.000,223.000,33.000,0.433333,0.666667,-0.606447,22.771,43.081,120.976,711.0
Karolain_9_puntos_intento_4.mp4,266,2216.667,True,145.000,153.000,0.000,223.000,33.000,0.433333,0.666667,-0.606447,22.668,42.276,120.330,706.0
Karolain_9_puntos_intento_4.mp4,267,2225.000,True,145.000,153.000,0.000,223.000,33.000,0.433333,0.666667,-0.606447,22.510,42.821,121.544,703.5
Karolain_9_puntos_intento_4.mp4,268,2233.333,True,145.000,153.000,0.000,223.000,33.000,0.433333,0.666667,-0.606447,23.179,42.464,120.597,719.5
Karolain_9_puntos_intento_4.mp4,269,2241.667,True,145.000,153.000,0.000,224.000,33.000,0.438889,0.666667,-0.602438,22.785,42.935,122.291,717.0
Karolain_9_puntos_intento_4.mp4,270,2250.000,True,145.000,153.000,0.000,223.000,33.000,0.433333,0.666667,-0.606447,22.897,43.372,122.000,710.5
Karolain_9_puntos_intento_4.mp4,271,2258.333,True,145.000,153.000,0.000,224.000,33.000,0.438889,0.666667,-0.602438,23.088,42.540,121.965,710.5
Karolain_9_puntos_intento_4.mp4,272,2266.667,True,145.000,153.000,0.000,223.000,33.000,0.433333,0.666667,-0.606447,22.680,42.729,122.515,708.0
Karolain_9_puntos_intento_4.mp4,273,2275.000,True,145.000,153.000,0.000,223.000,33.000,0.433333,0.666667,-0.606447,22.677,43.301,123.043,709.0
Karolain_9_puntos_intento_4.mp4,274,2283.333,True,145.000,153.000,0.000,223.000,33.000,0.433333,0.666667,-0.606447,22.997,42.270,122.741,720.0
Karolain_9_puntos_intento_4.mp4,275,2291.667,True,145.000,153.000,0.000,223.000,33.000,0.433333,0.666667,-0.606447,22.827,43.502,121.354,724.0
Karolain_9_puntos_intento_4.mp4,276,2300.000,True,145.000,153.000,0.000,223.000,33.000,0.433333,0.666667,-0.606447,23.082,42.577,121.501,719.5
Karolain_9_puntos_intento_4.mp4,277,2308.333,True,145.000,153.000,0.000,223.000,33.000,0.433333,0.666667,-0.606447,22.460,43.000,121.888,711.0
Karolain_9_puntos_intento_4.mp4,278,2316.667,True,145.000,153.000,0.000,223.000,33.000,0.433333,0.666667,-0.606447,22.336,43.497,119.622,712.0
Karolain_9_puntos_intento_4.mp4,279,2325.000,True,145.000,153.000,0.000,223.000,33.000,0.433333,0.666667,-0.606447,22.972,43.749,121.117,711.5
Karolain_9_puntos_intento_4.mp4,280,2333.333,True,145.000,153.000,0.000,223.000,33.000,0.433333,0.666667,-0.606447,22.475,42.921,120.092,713.5
Karolain_9_puntos_intento_4.mp4,281,2341.667,True,145.000,153.000,0.000,223.000,33.000,0.433333,0.666667,-0.606447,22.593,43.044,119.315,720.5
Karolain_9_puntos_intento_4.mp4,282,2350.000,True,145.000,153.000,0.000,223.000,33.000,0.433333,0.666667,-0.606447,22.719,43.187,120.197,720.5
Karolain_9_puntos_intento_4.mp4,283,2358.333,True,145.000,153.000,0.000,224.000,33.000,0.438889,0.666667,-0.602438,23.017,42.323,118.691,723.0
Karolain_9_puntos_intento_4.mp4,284,2366.667,True,145.000,153.000,0.000,223.000,33.000,0.433333,0.666667,-0.606447,22.821,43.220,120.042,720.5
Karolain_9_puntos_intento_4.mp4,285,2375.000,True,145.000,153.000,0.000,223.000,33.000,0.433333,0.666667,-0.606447,22.753,43.195,120.961,716.5
Karolain_9_puntos_intento_4.mp4,286,2383.333,True,145.000,153.000,0.000,223.000,33.000,0.433333,0.666667,-0.606447,22.423,43.268,118.787,714.0
Karolain_9_puntos_intento_4.mp4,287,2391.667,True,145.000,153.000,0.000,223.000,33.000,0.433333,0.666667,-0.606447,22.580,43.142,120.939,713.5
Karolain_9_puntos_intento_4.mp4,288,2400.000,True,145.000,153.000,0.000,223.000,33.000,0.433333,0.666667,-0.606447,22.347,43.673,120.456,717.5
Karolain_9_puntos_intento_4.mp4,289,2408.333,True,145.000,153.000,0.000,223.000,33.000,0.433333,0.666667,-0.606447,22.507,43.072,121.517,714.0
Karolain_9_puntos_intento_4.mp4,290,2416.667,True,145.000,153.000,0.000,223.000,33.000,0.433333,0.666667,-0.606447,22.712,42.846,121.646,717.5
Karolain_9_puntos_intento_4.mp4,291,2425.000,True,145.000,153.000,0.000,223.000,33.000,0.433333,0.666667,-0.606447,22.809,42.409,122.019,712.0
Karolain_9_puntos_intento_4.mp4,292,2433.333,True,145.000,153.000,0.000,223.000,33.000,0.433333,0.666667,-0.606447,23.126,43.312,122.690,720.0
Karolain_9_puntos_intento_4.mp4,293,2441.667,True,145.000,153.000,0.000,223.000,33.000,0.433333,0.666667,-0.606447,23.436,44.174,121.522,732.0
Karolain_9_puntos_intento_4.mp4,294,2450.000,True,145.000,153.000,0.000,223.000,33.000,0.433333,0.666667,-0.606447,22.659,42.859,121.825,721.0
Karolain_9_puntos_intento_4.mp4,295,2458.333,True,145.000,153.000,0.000,223.000,33.000,0.433333,0.666667,-0.606447,22.744,42.575,120.936,721.5
Karolain_9_puntos_intento_4.mp4,296,2466.667,True,145.000,153.000,0.000,223.000,33.000,0.433333,0.666667,-0.606447,22.715,42.886,122.705,707.0
Karolain_9_puntos_intento_4.mp4,297,2475.000,True,145.000,153.000,0.000,223.000,33.000,0.433333,0.666667,-0.606447,22.463,43.799,121.695,711.0
Karolain_9_puntos_intento_4.mp4,298,2483.333,True,145.000,153.000,0.000,223.000,33.000,0.433333,0.666667,-0.606447,22.522,42.795,122.848,711.0
Karolain_9_puntos_intento_4.mp4,299,2491.667,True,145.000,153.000,0.000,223.000,33.000,0.433333,0.666667,-0.606447,22.246,42.498,121.978,708.0
Karolain_9_puntos_intento_4.mp4,300,2500.000,True,145.000,153.000,0.000,223.000,33.000,0.433333,0.666667,-0.606447,22.060,42.749,120.860,700.0
Karolain_9_puntos_intento_4.mp4,301,2508.333,True,145.000,153.000,0.000,224.000,33.000,0.438889,0.666667,-0.602438,22.545,42.026,120.372,708.5
Karolain_9_puntos_intento_4.mp4,302,2516.667,True,145.000,153.000,0.000,223.000,33.000,0.433333,0.666667,-0.606447,22.189,42.441,122.081,700.0
Karolain_9_puntos_intento_4.mp4,303,2525.000,True,145.000,153.000,0.000,223.000,33.000,0.433333,0.666667,-0.606447,22.282,42.026,121.947,701.0
Karolain_9_puntos_intento_4.mp4,304,2533.333,True,145.000,153.000,0.000,222.000,33.000,0.427778,0.666667,-0.610378,22.685,42.716,120.368,716.5
Karolain_9_puntos_intento_4.mp4,305,2541.667,True,145.000,153.000,0.000,214.000,33.000,0.383333,0.666667,-0.639227,23.827,43.265,121.483,756.0
Karolain_9_puntos_intento_4.mp4,306,2550.000,True,145.000,153.000,0.000,206.000,33.000,0.338889,0.666667,-0.663860,26.361,43.815,119.908,851.5
Karolain_9_puntos_intento_4.mp4,307,2558.333,True,145.000,153.000,0.000,198.000,34.000,0.294444,0.661111,-0.690098,28.059,43.590,119.047,896.0
Karolain_9_puntos_intento_4.mp4,308,2566.667,True,145.000,153.000,0.000,191.000,35.000,0.255556,0.655556,-0.710590,29.472,43.157,118.466,943.5
Karolain_9_puntos_intento_4.mp4,309,2575.000,True,145.000,153.000,0.000,183.000,36.000,0.211111,0.650000,-0.730022,31.502,41.014,112.997,968.0
Karolain_9_puntos_intento_4.mp4,310,2583.333,True,145.000,153.000,0.000,178.000,37.000,0.183333,0.644444,-0.742348,32.379,41.039,109.633,996.5
Karolain_9_puntos_intento_4.mp4,311,2591.667,True,145.000,153.000,0.000,175.000,37.000,0.166667,0.644444,-0.746266,32.362,40.771,107.833,1000.0
Karolain_9_puntos_intento_4.mp4,312,2600.000,True,145.000,153.000,0.000,175.000,37.000,0.166667,0.644444,-0.746266,31.232,41.203,110.727,977.0
Karolain_9_puntos_intento_4.mp4,313,2608.333,True,145.000,153.000,0.000,175.000,37.000,0.166667,0.644444,-0.746266,31.064,40.928,109.250,961.5
Karolain_9_puntos_intento_4.mp4,314,2616.667,True,145.000,153.000,0.000,175.000,37.000,0.166667,0.644444,-0.746266,30.920,41.036,109.335,957.5
Karolain_9_puntos_intento_4.mp4,315,2625.000,True,145.000,153.000,0.000,175.000,37.000,0.166667,0.644444,-0.746266,31.166,40.514,110.296,953.0
Karolain_9_puntos_intento_4.mp4,316,2633.333,True,145.000,153.000,0.000,175.000,37.000,0.166667,0.644444,-0.746266,31.126,40.526,109.481,952.5
Karolain_9_puntos_intento_4.mp4,317,2641.667,True,145.000,153.000,0.000,175.000,37.000,0.166667,0.644444,-0.746266,32.027,40.695,112.854,979.0
Karolain_9_puntos_intento_4.mp4,318,2650.000,True,145.000,153.000,0.000,175.000,36.000,0.166667,0.650000,-0.741433,31.702,41.476,110.058,991.0
Karolain_9_puntos_intento_4.mp4,319,2658.333,True,145.000,153.000,0.000,175.000,36.000,0.166667,0.650000,-0.741433,32.182,41.178,110.285,983.0
Karolain_9_puntos_intento_4.mp4,320,2666.667,True,145.000,153.000,0.000,175.000,36.000,0.166667,0.650000,-0.741433,32.125,41.988,109.112,1007.5
Karolain_9_puntos_intento_4.mp4,321,2675.000,True,145.000,153.000,0.000,174.000,36.000,0.161111,0.650000,-0.742660,31.812,41.806,108.712,998.0
Karolain_9_puntos_intento_4.mp4,322,2683.333,True,145.000,153.000,0.000,175.000,36.000,0.166667,0.650000,-0.741433,31.904,41.627,107.405,994.5
Karolain_9_puntos_intento_4.mp4,323,2691.667,True,145.000,153.000,0.000,175.000,36.000,0.166667,0.650000,-0.741433,31.729,41.956,108.588,1001.0
Karolain_9_puntos_intento_4.mp4,324,2700.000,True,145.000,153.000,0.000,175.000,36.000,0.166667,0.650000,-0.741433,31.788,40.784,109.406,979.5
Karolain_9_puntos_intento_4.mp4,325,2708.333,True,145.000,153.000,0.000,175.000,36.000,0.166667,0.650000,-0.741433,31.576,41.256,108.003,979.0
Karolain_9_puntos_intento_4.mp4,326,2716.667,True,145.000,153.000,0.000,175.000,36.000,0.166667,0.650000,-0.741433,31.725,41.310,109.514,979.0
Karolain_9_puntos_intento_4.mp4,327,2725.000,True,145.000,153.000,0.000,175.000,36.000,0.166667,0.650000,-0.741433,32.090,41.221,109.889,988.5
Karolain_9_puntos_intento_4.mp4,328,2733.333,True,145.000,153.000,0.000,174.000,36.000,0.161111,0.650000,-0.742660,31.794,42.086,107.939,992.5
Karolain_9_puntos_intento_4.mp4,329,2741.667,True,145.000,153.000,0.000,175.000,36.000,0.166667,0.650000,-0.741433,32.328,40.939,108.725,997.5
Karolain_9_puntos_intento_4.mp4,330,2750.000,True,145.000,153.000,0.000,175.000,36.000,0.166667,0.650000,-0.741433,31.859,41.531,108.669,1001.5
Karolain_9_puntos_intento_4.mp4,331,2758.333,True,145.000,153.000,0.000,175.000,36.000,0.166667,0.650000,-0.741433,32.120,41.059,108.548,1001.5
Karolain_9_puntos_intento_4.mp4,332,2766.667,True,145.000,153.000,0.000,175.000,35.000,0.166667,0.655556,-0.736525,31.815,40.894,108.472,997.5
Karolain_9_puntos_intento_4.mp4,333,2775.000,True,145.000,153.000,0.000,175.000,35.000,0.166667,0.655556,-0.736525,32.005,41.585,111.304,999.5
Karolain_9_puntos_intento_4.mp4,334,2783.333,True,145.000,153.000,0.000,175.000,35.000,0.166667,0.655556,-0.736525,31.885,41.392,111.005,986.5
Karolain_9_puntos_intento_4.mp4,335,2791.667,True,145.000,153.000,0.000,175.000,35.000,0.166667,0.655556,-0.736525,31.732,41.330,110.495,997.5
Karolain_9_puntos_intento_4.mp4,336,2800.000,True,145.000,153.000,0.000,174.000,35.000,0.161111,0.655556,-0.737760,31.884,42.395,108.572,1014.0
Karolain_9_puntos_intento_4.mp4,337,2808.333,True,145.000,153.000,0.000,175.000,35.000,0.166667,0.655556,-0.736525,31.518,41.406,107.748,994.0
Karolain_9_puntos_intento_4.mp4,338,2816.667,True,145.000,153.000,0.000,175.000,35.000,0.166667,0.655556,-0.736525,32.613,41.457,110.822,1002.0
Karolain_9_puntos_intento_4.mp4,339,2825.000,True,145.000,153.000,0.000,175.000,35.000,0.166667,0.655556,-0.736525,31.362,41.482,110.029,994.0
Karolain_9_puntos_intento_4.mp4,340,2833.333,True,145.000,153.000,0.000,175.000,35.000,0.166667,0.655556,-0.736525,31.545,41.522,107.821,1000.0
Karolain_9_puntos_intento_4.mp4,341,2841.667,True,145.000,153.000,0.000,175.000,35.000,0.166667,0.655556,-0.736525,31.755,41.481,109.059,997.0
Karolain_9_puntos_intento_4.mp4,342,2850.000,True,145.000,153.000,0.000,177.000,34.000,0.177778,0.661111,-0.728922,31.687,41.228,111.350,995.0
Karolain_9_puntos_intento_4.mp4,343,2858.333,True,145.000,153.000,0.000,176.000,34.000,0.172222,0.661111,-0.730254,30.900,41.101,112.521,969.0
Karolain_9_puntos_intento_4.mp4,344,2866.667,True,145.000,153.000,0.000,176.000,34.000,0.172222,0.661111,-0.730254,31.183,41.240,111.124,974.5
Karolain_9_puntos_intento_4.mp4,345,2875.000,True,145.000,153.000,0.000,176.000,34.000,0.172222,0.661111,-0.730254,30.874,41.606,110.805,970.0
Karolain_9_puntos_intento_4.mp4,346,2883.333,True,145.000,153.000,0.000,176.000,34.000,0.172222,0.661111,-0.730254,31.086,41.156,111.460,969.5
Karolain_9_puntos_intento_4.mp4,347,2891.667,True,145.000,153.000,0.000,176.000,34.000,0.172222,0.661111,-0.730254,31.211,41.392,110.442,972.0
Karolain_9_puntos_intento_4.mp4,348,2900.000,True,145.000,153.000,0.000,176.000,34.000,0.172222,0.661111,-0.730254,30.719,41.729,109.973,962.0
Karolain_9_puntos_intento_4.mp4,349,2908.333,True,145.000,153.000,0.000,176.000,34.000,0.172222,0.661111,-0.730254,31.224,41.247,108.778,961.5
Karolain_9_puntos_intento_4.mp4,350,2916.667,True,145.000,153.000,0.000,176.000,34.000,0.172222,0.661111,-0.730254,31.503,40.683,110.578,956.5
Karolain_9_puntos_intento_4.mp4,351,2925.000,True,145.000,153.000,0.000,176.000,34.000,0.172222,0.661111,-0.730254,31.018,40.139,114.138,944.0
Karolain_9_puntos_intento_4.mp4,352,2933.333,True,145.000,153.000,0.000,176.000,34.000,0.172222,0.661111,-0.730254,30.751,40.596,110.539,950.5
Karolain_9_puntos_intento_4.mp4,353,2941.667,True,145.000,153.000,0.000,176.000,34.000,0.172222,0.661111,-0.730254,30.904,40.265,110.808,944.5
Karolain_9_puntos_intento_4.mp4,354,2950.000,True,145.000,153.000,0.000,176.000,34.000,0.172222,0.661111,-0.730254,31.029,40.617,111.926,932.5
Karolain_9_puntos_intento_4.mp4,355,2958.333,True,145.000,153.000,0.000,176.000,34.000,0.172222,0.661111,-0.730254,30.655,40.579,110.766,934.5
Karolain_9_puntos_intento_4.mp4,356,2966.667,True,145.000,153.000,0.000,176.000,34.000,0.172222,0.661111,-0.730254,30.563,40.739,112.375,936.5
Karolain_9_puntos_intento_4.mp4,357,2975.000,True,145.000,153.000,0.000,176.000,34.000,0.172222,0.661111,-0.730254,30.957,40.015,113.014,928.5
Karolain_9_puntos_intento_4.mp4,358,2983.333,True,145.000,153.000,0.000,176.000,34.000,0.172222,0.661111,-0.730254,29.979,40.283,112.877,915.0
Karolain_9_puntos_intento_4.mp4,359,2991.667,True,145.000,153.000,0.000,176.000,33.000,0.172222,0.666667,-0.725186,30.212,39.802,112.729,900.5
Karolain_9_puntos_intento_4.mp4,360,3000.000,True,145.000,153.000,0.000,176.000,33.000,0.172222,0.666667,-0.725186,30.521,39.829,114.553,917.0
Karolain_9_puntos_intento_4.mp4,361,3008.333,True,145.000,153.000,0.000,176.000,33.000,0.172222,0.666667,-0.725186,30.177,39.868,109.895,899.5
Karolain_9_puntos_intento_4.mp4,362,3016.667,True,145.000,153.000,0.000,176.000,33.000,0.172222,0.666667,-0.725186,30.287,39.318,113.363,893.0
Karolain_9_puntos_intento_4.mp4,363,3025.000,True,145.000,153.000,0.000,176.000,33.000,0.172222,0.666667,-0.725186,30.251,39.126,112.995,895.5
Karolain_9_puntos_intento_4.mp4,364,3033.333,True,145.000,153.000,0.000,176.000,33.000,0.172222,0.666667,-0.725186,29.835,39.822,112.130,903.5
Karolain_9_puntos_intento_4.mp4,365,3041.667,True,145.000,153.000,0.000,176.000,33.000,0.172222,0.666667,-0.725186,30.510,38.656,110.312,888.0
Karolain_9_puntos_intento_4.mp4,366,3050.000,True,145.000,153.000,0.000,176.000,33.000,0.172222,0.666667,-0.725186,29.959,39.748,109.069,893.0
Karolain_9_puntos_intento_4.mp4,367,3058.333,True,145.000,153.000,0.000,176.000,33.000,0.172222,0.666667,-0.725186,29.783,39.493,110.218,878.5
Karolain_9_puntos_intento_4.mp4,368,3066.667,True,145.000,153.000,0.000,176.000,33.000,0.172222,0.666667,-0.725186,29.598,39.064,110.456,874.0
Karolain_9_puntos_intento_4.mp4,369,3075.000,True,145.000,153.000,0.000,176.000,33.000,0.172222,0.666667,-0.725186,30.151,38.728,111.374,869.0
Karolain_9_puntos_intento_4.mp4,370,3083.333,True,145.000,153.000,0.000,176.000,33.000,0.172222,0.666667,-0.725186,29.716,38.699,114.150,871.5
Karolain_9_puntos_intento_4.mp4,371,3091.667,True,145.000,153.000,0.000,176.000,33.000,0.172222,0.666667,-0.725186,29.585,39.002,112.372,864.0
Karolain_9_puntos_intento_4.mp4,372,3100.000,True,145.000,153.000,0.000,176.000,33.000,0.172222,0.666667,-0.725186,29.652,38.828,111.641,859.5
Karolain_9_puntos_intento_4.mp4,373,3108.333,True,145.000,153.000,0.000,176.000,33.000,0.172222,0.666667,-0.725186,29.420,39.536,111.853,869.5
Karolain_9_puntos_intento_4.mp4,374,3116.667,True,145.000,153.000,0.000,176.000,33.000,0.172222,0.666667,-0.725186,29.897,38.212,111.675,845.0
Karolain_9_puntos_intento_4.mp4,375,3125.000,True,145.000,153.000,0.000,176.000,33.000,0.172222,0.666667,-0.725186,28.608,39.059,113.900,858.5
Karolain_9_puntos_intento_4.mp4,376,3133.333,True,145.000,153.000,0.000,176.000,33.000,0.172222,0.666667,-0.725186,29.084,38.381,113.414,847.0
Karolain_9_puntos_intento_4.mp4,377,3141.667,True,145.000,153.000,0.000,176.000,33.000,0.172222,0.666667,-0.725186,29.477,39.142,111.924,844.0
Karolain_9_puntos_intento_4.mp4,378,3150.000,True,145.000,153.000,0.000,176.000,33.000,0.172222,0.666667,-0.725186,29.339,38.893,112.552,834.0
Karolain_9_puntos_intento_4.mp4,379,3158.333,True,145.000,153.000,0.000,176.000,33.000,0.172222,0.666667,-0.725186,29.864,38.946,112.589,844.0
Karolain_9_puntos_intento_4.mp4,380,3166.667,True,145.000,153.000,0.000,176.000,33.000,0.172222,0.666667,-0.725186,28.803,37.607,116.094,825.5
Karolain_9_puntos_intento_4.mp4,381,3175.000,True,145.000,153.000,0.000,176.000,33.000,0.172222,0.666667,-0.725186,28.772,37.887,111.985,825.5
Karolain_9_puntos_intento_4.mp4,382,3183.333,True,145.000,153.000,0.000,176.000,33.000,0.172222,0.666667,-0.725186,28.697,37.884,114.102,824.0
Karolain_9_puntos_intento_4.mp4,383,3191.667,True,145.000,153.000,0.000,176.000,33.000,0.172222,0.666667,-0.725186,28.517,38.284,112.281,808.0
Karolain_9_puntos_intento_4.mp4,384,3200.000,True,145.000,153.000,0.000,176.000,33.000,0.172222,0.666667,-0.725186,28.818,38.256,111.493,814.5
Karolain_9_puntos_intento_4.mp4,385,3208.333,True,145.000,153.000,0.000,176.000,33.000,0.172222,0.666667,-0.725186,28.999,37.504,113.096,799.5
Karolain_9_puntos_intento_4.mp4,386,3216.667,True,145.000,153.000,0.000,176.000,33.000,0.172222,0.666667,-0.725186,29.005,38.011,117.055,803.5
Karolain_9_puntos_intento_4.mp4,387,3225.000,True,145.000,153.000,0.000,176.000,33.000,0.172222,0.666667,-0.725186,28.926,36.851,115.574,791.5
Karolain_9_puntos_intento_4.mp4,388,3233.333,True,145.000,153.000,0.000,176.000,33.000,0.172222,0.666667,-0.725186,28.988,36.861,114.938,789.0
Karolain_9_puntos_intento_4.mp4,389,3241.667,True,145.000,153.000,0.000,176.000,33.000,0.172222,0.666667,-0.725186,27.539,36.981,110.682,764.5
Karolain_9_puntos_intento_4.mp4,390,3250.000,True,145.000,153.000,0.000,176.000,33.000,0.172222,0.666667,-0.725186,28.097,37.086,113.250,780.0
Karolain_9_puntos_intento_4.mp4,391,3258.333,True,145.000,153.000,0.000,176.000,33.000,0.172222,0.666667,-0.725186,28.062,36.241,113.492,767.5
Karolain_9_puntos_intento_4.mp4,392,3266.667,True,145.000,153.000,0.000,176.000,33.000,0.172222,0.666667,-0.725186,27.975,37.482,111.506,785.5
Karolain_9_puntos_intento_4.mp4,393,3275.000,True,145.000,153.000,0.000,176.000,33.000,0.172222,0.666667,-0.725186,28.488,36.648,109.701,778.0
Karolain_9_puntos_intento_4.mp4,394,3283.333,True,145.000,153.000,0.000,176.000,33.000,0.172222,0.666667,-0.725186,27.875,36.772,112.965,754.0
Karolain_9_puntos_intento_4.mp4,395,3291.667,True,145.000,153.000,0.000,176.000,33.000,0.172222,0.666667,-0.725186,27.582,36.348,110.800,754.0
Karolain_9_puntos_intento_4.mp4,396,3300.000,True,145.000,153.000,0.000,176.000,33.000,0.172222,0.666667,-0.725186,28.209,35.935,111.544,758.0
Karolain_9_puntos_intento_4.mp4,397,3308.333,True,145.000,153.000,0.000,177.000,33.000,0.177778,0.666667,-0.723844,27.857,36.428,116.169,743.5
Karolain_9_puntos_intento_4.mp4,398,3316.667,True,145.000,153.000,0.000,176.000,33.000,0.172222,0.666667,-0.725186,27.404,36.519,113.352,745.5
Karolain_9_puntos_intento_4.mp4,399,3325.000,True,145.000,153.000,0.000,176.000,33.000,0.172222,0.666667,-0.725186,28.348,36.275,116.176,742.0
Karolain_9_puntos_intento_4.mp4,400,3333.333,True,145.000,153.000,0.000,176.000,33.000,0.172222,0.666667,-0.725186,27.770,36.830,113.465,751.0
Karolain_9_puntos_intento_4.mp4,401,3341.667,True,145.000,153.000,0.000,176.000,33.000,0.172222,0.666667,-0.725186,27.780,35.967,113.835,735.5
Karolain_9_puntos_intento_4.mp4,402,3350.000,True,145.000,153.000,0.000,176.000,33.000,0.172222,0.666667,-0.725186,27.772,36.493,113.895,736.0
Karolain_9_puntos_intento_4.mp4,403,3358.333,True,145.000,153.000,0.000,176.000,33.000,0.172222,0.666667,-0.725186,27.533,35.514,117.748,721.0
Karolain_9_puntos_intento_4.mp4,404,3366.667,True,145.000,153.000,0.000,176.000,33.000,0.172222,0.666667,-0.725186,27.073,37.271,111.158,725.5
Karolain_9_puntos_intento_4.mp4,405,3375.000,True,145.000,153.000,0.000,176.000,33.000,0.172222,0.666667,-0.725186,27.202,36.786,113.376,726.5
Karolain_9_puntos_intento_4.mp4,406,3383.333,True,145.000,153.000,0.000,176.000,33.000,0.172222,0.666667,-0.725186,27.190,36.175,110.316,709.0
Karolain_9_puntos_intento_4.mp4,407,3391.667,True,145.000,153.000,0.000,176.000,33.000,0.172222,0.666667,-0.725186,27.487,35.417,112.661,711.5
Karolain_9_puntos_intento_4.mp4,408,3400.000,True,145.000,153.000,0.000,176.000,33.000,0.172222,0.666667,-0.725186,27.773,35.374,114.132,732.5
Karolain_9_puntos_intento_4.mp4,409,3408.333,True,145.000,153.000,0.000,176.000,33.000,0.172222,0.666667,-0.725186,27.317,36.432,109.167,717.5
Karolain_9_puntos_intento_4.mp4,410,3416.667,True,145.000,153.000,0.000,176.000,33.000,0.172222,0.666667,-0.725186,26.799,34.786,113.144,697.5
Karolain_9_puntos_intento_4.mp4,411,3425.000,True,145.000,153.000,0.000,176.000,33.000,0.172222,0.666667,-0.725186,27.195,34.953,114.286,715.5
Karolain_9_puntos_intento_4.mp4,412,3433.333,True,145.000,153.000,0.000,176.000,33.000,0.172222,0.666667,-0.725186,27.134,36.184,112.536,717.5
Karolain_9_puntos_intento_4.mp4,413,3441.667,True,145.000,153.000,0.000,176.000,33.000,0.172222,0.666667,-0.725186,26.854,35.392,111.571,722.0
Karolain_9_puntos_intento_4.mp4,414,3450.000,True,145.000,153.000,0.000,176.000,33.000,0.172222,0.666667,-0.725186,27.387,35.532,111.967,721.5
Karolain_9_puntos_intento_4.mp4,415,3458.333,True,145.000,153.000,0.000,176.000,33.000,0.172222,0.666667,-0.725186,28.044,35.501,112.499,727.5
Karolain_9_puntos_intento_4.mp4,416,3466.667,True,145.000,153.000,0.000,177.000,33.000,0.177778,0.666667,-0.723844,27.824,34.976,115.877,728.0
Karolain_9_puntos_intento_4.mp4,417,3475.000,True,145.000,153.000,0.000,176.000,33.000,0.172222,0.666667,-0.725186,27.319,35.598,113.218,722.0
Karolain_9_puntos_intento_4.mp4,418,3483.333,True,145.000,153.000,0.000,176.000,33.000,0.172222,0.666667,-0.725186,27.469,35.818,111.126,737.0
Karolain_9_puntos_intento_4.mp4,419,3491.667,True,145.000,153.000,0.000,177.000,33.000,0.177778,0.666667,-0.723844,27.882,35.501,112.388,742.0
Karolain_9_puntos_intento_4.mp4,420,3500.000,True,145.000,153.000,0.000,176.000,33.000,0.172222,0.666667,-0.725186,27.857,35.403,112.366,736.0
Karolain_9_puntos_intento_4.mp4,421,3508.333,True,145.000,153.000,0.000,176.000,33.000,0.172222,0.666667,-0.725186,28.309,36.111,111.593,743.0
Karolain_9_puntos_intento_4.mp4,422,3516.667,True,145.000,153.000,0.000,176.000,33.000,0.172222,0.666667,-0.725186,27.858,36.481,110.721,739.0
Karolain_9_puntos_intento_4.mp4,423,3525.000,True,145.000,153.000,0.000,176.000,33.000,0.172222,0.666667,-0.725186,28.209,36.080,111.959,746.0
Karolain_9_puntos_intento_4.mp4,424,3533.333,True,145.000,153.000,0.000,176.000,33.000,0.172222,0.666667,-0.725186,28.157,36.538,111.110,748.5
Karolain_9_puntos_intento_4.mp4,425,3541.667,True,145.000,153.000,0.000,176.000,33.000,0.172222,0.666667,-0.725186,28.293,36.662,110.685,752.5
Karolain_9_puntos_intento_4.mp4,426,3550.000,True,145.000,153.000,0.000,176.000,33.000,0.172222,0.666667,-0.725186,28.414,36.155,113.755,748.0
Karolain_9_puntos_intento_4.mp4,427,3558.333,True,145.000,153.000,0.000,176.000,33.000,0.172222,0.666667,-0.725186,27.827,35.900,110.191,743.0
Karolain_9_puntos_intento_4.mp4,428,3566.667,True,145.000,153.000,0.000,176.000,33.000,0.172222,0.666667,-0.725186,27.582,37.532,106.399,738.0
Karolain_9_puntos_intento_4.mp4,429,3575.000,True,145.000,153.000,0.000,176.000,33.000,0.172222,0.666667,-0.725186,27.965,37.447,107.563,745.0
Karolain_9_puntos_intento_4.mp4,430,3583.333,True,145.000,153.000,0.000,176.000,33.000,0.172222,0.666667,-0.725186,28.376,36.552,109.623,764.0
Karolain_9_puntos_intento_4.mp4,431,3591.667,True,145.000,153.000,0.000,176.000,33.000,0.172222,0.666667,-0.725186,28.210,36.562,111.109,752.5
Karolain_9_puntos_intento_4.mp4,432,3600.000,True,145.000,153.000,0.000,176.000,34.000,0.172222,0.661111,-0.730254,28.787,35.955,112.349,747.5
Karolain_9_puntos_intento_4.mp4,433,3608.333,True,145.000,153.000,0.000,176.000,33.000,0.172222,0.666667,-0.725186,28.062,36.230,110.192,754.5
Karolain_9_puntos_intento_4.mp4,434,3616.667,True,145.000,153.000,0.000,176.000,34.000,0.172222,0.661111,-0.730254,28.396,35.975,110.112,763.5
Karolain_9_puntos_intento_4.mp4,435,3625.000,True,145.000,153.000,0.000,176.000,33.000,0.172222,0.666667,-0.725186,28.400,36.433,106.721,765.0
Karolain_9_puntos_intento_4.mp4,436,3633.333,True,145.000,153.000,0.000,176.000,34.000,0.172222,0.661111,-0.730254,28.309,36.723,108.509,775.0
Karolain_9_puntos_intento_4.mp4,437,3641.667,True,145.000,153.000,0.000,176.000,33.000,0.172222,0.666667,-0.725186,27.925,37.416,108.773,767.0
Karolain_9_puntos_intento_4.mp4,438,3650.000,True,145.000,153.000,0.000,176.000,33.000,0.172222,0.666667,-0.725186,28.141,36.646,107.643,766.5
Karolain_9_puntos_intento_4.mp4,439,3658.333,True,145.000,153.000,0.000,176.000,33.000,0.172222,0.666667,-0.725186,27.966,36.878,109.244,768.0
Karolain_9_puntos_intento_4.mp4,440,3666.667,True,145.000,153.000,0.000,176.000,34.000,0.172222,0.661111,-0.730254,28.377,37.077,108.792,780.5
Karolain_9_puntos_intento_4.mp4,441,3675.000,True,145.000,153.000,0.000,176.000,33.000,0.172222,0.666667,-0.725186,27.901,36.857,107.054,771.5
Karolain_9_puntos_intento_4.mp4,442,3683.333,True,145.000,153.000,0.000,176.000,33.000,0.172222,0.666667,-0.725186,28.554,36.241,108.240,778.0
Karolain_9_puntos_intento_4.mp4,443,3691.667,True,145.000,153.000,0.000,176.000,33.000,0.172222,0.666667,-0.725186,28.565,36.783,109.209,777.5
Karolain_9_puntos_intento_4.mp4,444,3700.000,True,145.000,153.000,0.000,176.000,34.000,0.172222,0.661111,-0.730254,28.010,37.096,109.209,785.5
Karolain_9_puntos_intento_4.mp4,445,3708.333,True,145.000,153.000,0.000,175.000,34.000,0.166667,0.661111,-0.731542,28.436,36.384,106.911,782.0
Karolain_9_puntos_intento_4.mp4,446,3716.667,True,145.000,153.000,0.000,175.000,34.000,0.166667,0.661111,-0.731542,29.046,36.701,111.322,786.0
Karolain_9_puntos_intento_4.mp4,447,3725.000,True,145.000,153.000,0.000,176.000,34.000,0.172222,0.661111,-0.730254,29.317,36.293,109.085,786.5
Karolain_9_puntos_intento_4.mp4,448,3733.333,True,145.000,153.000,0.000,176.000,34.000,0.172222,0.661111,-0.730254,29.591,35.965,112.129,781.5
Karolain_9_puntos_intento_4.mp4,449,3741.667,True,145.000,153.000,0.000,175.000,34.000,0.166667,0.661111,-0.731542,28.999,37.071,110.938,801.5
Karolain_9_puntos_intento_4.mp4,450,3750.000,True,145.000,153.000,0.000,175.000,34.000,0.166667,0.661111,-0.731542,29.011,37.267,110.691,799.5
Karolain_9_puntos_intento_4.mp4,451,3758.333,True,145.000,153.000,0.000,175.000,34.000,0.166667,0.661111,-0.731542,29.152,37.139,112.024,797.0
Karolain_9_puntos_intento_4.mp4,452,3766.667,True,145.000,153.000,0.000,175.000,34.000,0.166667,0.661111,-0.731542,28.400,37.372,108.886,799.0
Karolain_9_puntos_intento_4.mp4,453,3775.000,True,145.000,153.000,0.000,175.000,33.000,0.166667,0.666667,-0.726483,29.443,36.969,112.551,796.5
Karolain_9_puntos_intento_4.mp4,454,3783.333,True,145.000,153.000,0.000,175.000,34.000,0.166667,0.661111,-0.731542,28.875,36.500,105.756,800.0
Karolain_9_puntos_intento_4.mp4,455,3791.667,True,145.000,153.000,0.000,175.000,34.000,0.166667,0.661111,-0.731542,29.200,36.849,105.751,801.0
Karolain_9_puntos_intento_4.mp4,456,3800.000,True,145.000,153.000,0.000,175.000,34.000,0.166667,0.661111,-0.731542,30.115,36.702,110.582,813.5
Karolain_9_puntos_intento_4.mp4,457,3808.333,True,145.000,153.000,0.000,175.000,34.000,0.166667,0.661111,-0.731542,28.977,37.808,108.059,808.0
Karolain_9_puntos_intento_4.mp4,458,3816.667,True,145.000,153.000,0.000,175.000,34.000,0.166667,0.661111,-0.731542,29.201,36.524,107.823,781.0
Karolain_9_puntos_intento_4.mp4,459,3825.000,True,145.000,153.000,0.000,175.000,34.000,0.166667,0.661111,-0.731542,29.229,36.103,105.308,787.5
Karolain_9_puntos_intento_4.mp4,460,3833.333,True,145.000,153.000,0.000,175.000,34.000,0.166667,0.661111,-0.731542,28.876,37.254,107.375,797.5
Karolain_9_puntos_intento_4.mp4,461,3841.667,True,145.000,153.000,0.000,175.000,34.000,0.166667,0.661111,-0.731542,29.411,38.117,107.880,840.5
Karolain_9_puntos_intento_4.mp4,462,3850.000,True,145.000,153.000,0.000,175.000,34.000,0.166667,0.661111,-0.731542,30.368,38.194,108.675,839.5
Karolain_9_puntos_intento_4.mp4,463,3858.333,True,145.000,153.000,0.000,175.000,34.000,0.166667,0.661111,-0.731542,30.398,38.028,110.504,843.5
Karolain_9_puntos_intento_4.mp4,464,3866.667,True,145.000,153.000,0.000,175.000,34.000,0.166667,0.661111,-0.731542,29.679,38.996,107.107,871.0
Karolain_9_puntos_intento_4.mp4,465,3875.000,True,145.000,153.000,0.000,175.000,34.000,0.166667,0.661111,-0.731542,30.269,38.817,107.398,872.5
Karolain_9_puntos_intento_4.mp4,466,3883.333,True,145.000,153.000,0.000,175.000,34.000,0.166667,0.661111,-0.731542,29.735,38.787,107.493,874.5
Karolain_9_puntos_intento_4.mp4,467,3891.667,True,145.000,153.000,0.000,175.000,34.000,0.166667,0.661111,-0.731542,30.425,39.505,108.062,877.0
Karolain_9_puntos_intento_4.mp4,468,3900.000,True,145.000,153.000,0.000,175.000,34.000,0.166667,0.661111,-0.731542,30.321,39.573,108.552,898.0
Karolain_9_puntos_intento_4.mp4,469,3908.333,True,145.000,153.000,0.000,175.000,34.000,0.166667,0.661111,-0.731542,30.269,38.655,110.791,884.5
Karolain_9_puntos_intento_4.mp4,470,3916.667,True,145.000,153.000,0.000,175.000,34.000,0.166667,0.661111,-0.731542,30.994,39.295,108.313,896.0
Karolain_9_puntos_intento_4.mp4,471,3925.000,True,145.000,153.000,0.000,175.000,34.000,0.166667,0.661111,-0.731542,30.632,38.932,111.173,886.5
Karolain_9_puntos_intento_4.mp4,472,3933.333,True,145.000,153.000,0.000,175.000,34.000,0.166667,0.661111,-0.731542,30.897,39.010,107.864,885.0
Karolain_9_puntos_intento_4.mp4,473,3941.667,True,145.000,153.000,0.000,175.000,34.000,0.166667,0.661111,-0.731542,30.321,38.505,111.766,891.0
Karolain_9_puntos_intento_4.mp4,474,3950.000,True,145.000,153.000,0.000,175.000,34.000,0.166667,0.661111,-0.731542,31.073,38.851,109.041,901.0
Karolain_9_puntos_intento_4.mp4,475,3958.333,True,145.000,153.000,0.000,175.000,34.000,0.166667,0.661111,-0.731542,31.164,39.010,110.012,903.5
Karolain_9_puntos_intento_4.mp4,476,3966.667,True,145.000,153.000,0.000,175.000,34.000,0.166667,0.661111,-0.731542,31.856,38.527,107.780,905.0
Karolain_9_puntos_intento_4.mp4,477,3975.000,True,145.000,153.000,0.000,175.000,34.000,0.166667,0.661111,-0.731542,30.765,39.571,107.666,917.5
Karolain_9_puntos_intento_4.mp4,478,3983.333,True,145.000,153.000,0.000,175.000,34.000,0.166667,0.661111,-0.731542,30.756,39.202,108.094,913.5
Karolain_9_puntos_intento_4.mp4,479,3991.667,True,145.000,153.000,0.000,175.000,34.000,0.166667,0.661111,-0.731542,30.885,39.309,110.342,914.5
Karolain_9_puntos_intento_4.mp4,480,4000.000,True,145.000,153.000,0.000,175.000,34.000,0.166667,0.661111,-0.731542,30.858,39.140,107.035,913.0
Karolain_9_puntos_intento_4.mp4,481,4008.333,True,145.000,153.000,0.000,175.000,34.000,0.166667,0.661111,-0.731542,31.788,39.297,108.200,923.0
Karolain_9_puntos_intento_4.mp4,482,4016.667,True,145.000,153.000,0.000,174.000,34.000,0.161111,0.661111,-0.732786,31.622,40.077,109.887,938.5
Karolain_9_puntos_intento_4.mp4,483,4025.000,True,145.000,153.000,0.000,175.000,34.000,0.166667,0.661111,-0.731542,30.838,39.653,109.016,932.5
Karolain_9_puntos_intento_4.mp4,484,4033.333,True,145.000,153.000,0.000,175.000,34.000,0.166667,0.661111,-0.731542,31.309,39.522,109.090,941.0
Karolain_9_puntos_intento_4.mp4,485,4041.667,True,145.000,153.000,0.000,175.000,34.000,0.166667,0.661111,-0.731542,31.823,39.144,108.041,939.0
Karolain_9_puntos_intento_4.mp4,486,4050.000,True,145.000,153.000,0.000,175.000,34.000,0.166667,0.661111,-0.731542,31.531,40.215,112.751,925.0
Karolain_9_puntos_intento_4.mp4,487,4058.333,True,145.000,153.000,0.000,175.000,34.000,0.166667,0.661111,-0.731542,31.767,40.028,112.010,946.5
Karolain_9_puntos_intento_4.mp4,488,4066.667,True,145.000,153.000,0.000,175.000,34.000,0.166667,0.661111,-0.731542,31.465,40.498,111.740,940.5
Karolain_9_puntos_intento_4.mp4,489,4075.000,True,145.000,153.000,0.000,175.000,34.000,0.166667,0.661111,-0.731542,31.616,40.247,108.543,940.5
Karolain_9_puntos_intento_4.mp4,490,4083.333,True,145.000,153.000,0.000,174.000,34.000,0.161111,0.661111,-0.732786,31.609,41.897,103.789,960.5
Karolain_9_puntos_intento_4.mp4,491,4091.667,True,145.000,153.000,0.000,175.000,34.000,0.166667,0.661111,-0.731542,31.296,41.048,110.095,967.0
Karolain_9_puntos_intento_4.mp4,492,4100.000,True,145.000,153.000,0.000,175.000,34.000,0.166667,0.661111,-0.731542,31.862,39.879,105.042,960.5
Karolain_9_puntos_intento_4.mp4,493,4108.333,True,145.000,153.000,0.000,175.000,34.000,0.166667,0.661111,-0.731542,31.526,40.817,105.458,957.5
Karolain_9_puntos_intento_4.mp4,494,4116.667,True,145.000,153.000,0.000,175.000,34.000,0.166667,0.661111,-0.731542,32.058,40.943,105.091,966.5
Karolain_9_puntos_intento_4.mp4,495,4125.000,True,145.000,153.000,0.000,175.000,34.000,0.166667,0.661111,-0.731542,32.360,39.518,107.618,962.5
Karolain_9_puntos_intento_4.mp4,496,4133.333,True,145.000,153.000,0.000,175.000,34.000,0.166667,0.661111,-0.731542,31.633,41.103,106.264,973.0
Karolain_9_puntos_intento_4.mp4,497,4141.667,True,145.000,153.000,0.000,175.000,34.000,0.166667,0.661111,-0.731542,31.384,40.998,107.733,956.5
Karolain_9_puntos_intento_4.mp4,498,4150.000,True,145.000,153.000,0.000,175.000,34.000,0.166667,0.661111,-0.731542,31.257,41.377,106.745,948.0
Karolain_9_puntos_intento_4.mp4,499,4158.333,True,145.000,153.000,0.000,175.000,34.000,0.166667,0.661111,-0.731542,31.657,41.191,105.806,962.5
Karolain_9_puntos_intento_4.mp4,500,4166.667,True,145.000,153.000,0.000,175.000,34.000,0.166667,0.661111,-0.731542,31.367,40.876,106.756,957.0
Karolain_9_puntos_intento_4.mp4,501,4175.000,True,145.000,153.000,0.000,175.000,34.000,0.166667,0.661111,-0.731542,31.605,39.986,106.660,959.5
Karolain_9_puntos_intento_4.mp4,502,4183.333,True,145.000,153.000,0.000,175.000,34.000,0.166667,0.661111,-0.731542,31.602,40.794,108.431,966.5
Karolain_9_puntos_intento_4.mp4,503,4191.667,True,145.000,153.000,0.000,175.000,34.000,0.166667,0.661111,-0.731542,31.783,40.159,106.619,961.5
Karolain_9_puntos_intento_4.mp4,504,4200.000,True,145.000,153.000,0.000,175.000,34.000,0.166667,0.661111,-0.731542,31.384,41.025,105.711,957.5
Karolain_9_puntos_intento_4.mp4,505,4208.333,True,145.000,153.000,0.000,175.000,34.000,0.166667,0.661111,-0.731542,31.635,40.796,107.924,960.0
Karolain_9_puntos_intento_4.mp4,506,4216.667,True,145.000,153.000,0.000,174.000,34.000,0.161111,0.661111,-0.732786,31.082,40.497,109.797,956.0
Karolain_9_puntos_intento_4.mp4,507,4225.000,True,145.000,153.000,0.000,175.000,34.000,0.166667,0.661111,-0.731542,31.652,40.036,109.272,961.5
Karolain_9_puntos_intento_4.mp4,508,4233.333,True,145.000,153.000,0.000,174.000,34.000,0.161111,0.661111,-0.732786,31.470,40.916,106.748,953.0
Karolain_9_puntos_intento_4.mp4,509,4241.667,True,145.000,153.000,0.000,175.000,34.000,0.166667,0.661111,-0.731542,31.313,40.974,107.428,968.0
Karolain_9_puntos_intento_4.mp4,510,4250.000,True,145.000,153.000,0.000,175.000,34.000,0.166667,0.661111,-0.731542,31.450,40.707,106.906,959.0
Karolain_9_puntos_intento_4.mp4,511,4258.333,True,145.000,153.000,0.000,175.000,34.000,0.166667,0.661111,-0.731542,31.773,39.360,107.514,951.5
Karolain_9_puntos_intento_4.mp4,512,4266.667,True,145.000,153.000,0.000,175.000,34.000,0.166667,0.661111,-0.731542,31.776,40.273,109.270,959.5
Karolain_9_puntos_intento_4.mp4,513,4275.000,True,145.000,153.000,0.000,175.000,34.000,0.166667,0.661111,-0.731542,31.208,40.409,106.825,948.0
Karolain_9_puntos_intento_4.mp4,514,4283.333,True,145.000,153.000,0.000,174.000,34.000,0.161111,0.661111,-0.732786,31.729,40.881,107.903,963.0
Karolain_9_puntos_intento_4.mp4,515,4291.667,True,145.000,153.000,0.000,175.000,34.000,0.166667,0.661111,-0.731542,31.167,41.024,105.262,967.0
Karolain_9_puntos_intento_4.mp4,516,4300.000,True,145.000,153.000,0.000,175.000,34.000,0.166667,0.661111,-0.731542,31.452,40.249,109.882,958.5
Karolain_9_puntos_intento_4.mp4,517,4308.333,True,145.000,153.000,0.000,175.000,34.000,0.166667,0.661111,-0.731542,31.280,41.516,105.447,956.5
Karolain_9_puntos_intento_4.mp4,518,4316.667,True,145.000,153.000,0.000,175.000,34.000,0.166667,0.661111,-0.731542,32.126,40.075,108.832,949.0
Karolain_9_puntos_intento_4.mp4,519,4325.000,True,145.000,153.000,0.000,175.000,34.000,0.166667,0.661111,-0.731542,30.974,40.042,109.029,932.5
Karolain_9_puntos_intento_4.mp4,520,4333.333,True,145.000,153.000,0.000,175.000,34.000,0.166667,0.661111,-0.731542,31.612,39.804,109.501,939.0
Karolain_9_puntos_intento_4.mp4,521,4341.667,True,145.000,153.000,0.000,175.000,34.000,0.166667,0.661111,-0.731542,31.953,38.949,106.288,924.0
Karolain_9_puntos_intento_4.mp4,522,4350.000,True,145.000,153.000,0.000,175.000,34.000,0.166667,0.661111,-0.731542,31.977,39.048,110.238,926.5
Karolain_9_puntos_intento_4.mp4,523,4358.333,True,145.000,153.000,0.000,175.000,34.000,0.166667,0.661111,-0.731542,31.913,40.299,107.675,932.0
Karolain_9_puntos_intento_4.mp4,524,4366.667,True,145.000,153.000,0.000,175.000,34.000,0.166667,0.661111,-0.731542,30.201,39.905,108.432,899.5
Karolain_9_puntos_intento_4.mp4,525,4375.000,True,145.000,153.000,0.000,175.000,34.000,0.166667,0.661111,-0.731542,30.841,39.172,109.112,905.5
Karolain_9_puntos_intento_4.mp4,526,4383.333,True,145.000,153.000,0.000,175.000,34.000,0.166667,0.661111,-0.731542,30.793,39.104,109.359,894.5
Karolain_9_puntos_intento_4.mp4,527,4391.667,True,145.000,153.000,0.000,175.000,34.000,0.166667,0.661111,-0.731542,30.887,38.872,106.539,895.0
Karolain_9_puntos_intento_4.mp4,528,4400.000,True,145.000,153.000,0.000,175.000,34.000,0.166667,0.661111,-0.731542,30.792,38.393,105.947,895.0
Karolain_9_puntos_intento_4.mp4,529,4408.333,True,145.000,153.000,0.000,174.000,34.000,0.161111,0.661111,-0.732786,30.318,40.566,107.417,889.5
Karolain_9_puntos_intento_4.mp4,530,4416.667,True,145.000,153.000,0.000,175.000,33.000,0.166667,0.666667,-0.726483,30.365,39.256,110.186,893.5
Karolain_9_puntos_intento_4.mp4,531,4425.000,True,145.000,153.000,0.000,175.000,34.000,0.166667,0.661111,-0.731542,30.317,39.233,108.844,887.0
Karolain_9_puntos_intento_4.mp4,532,4433.333,True,145.000,153.000,0.000,175.000,34.000,0.166667,0.661111,-0.731542,30.382,38.158,112.657,883.0
Karolain_9_puntos_intento_4.mp4,533,4441.667,True,145.000,153.000,0.000,175.000,34.000,0.166667,0.661111,-0.731542,31.074,37.913,111.968,880.5
Karolain_9_puntos_intento_4.mp4,534,4450.000,True,145.000,153.000,0.000,175.000,34.000,0.166667,0.661111,-0.731542,30.790,39.285,108.107,887.5
Karolain_9_puntos_intento_4.mp4,535,4458.333,True,145.000,153.000,0.000,175.000,34.000,0.166667,0.661111,-0.731542,30.623,39.322,104.312,876.0
Karolain_9_puntos_intento_4.mp4,536,4466.667,True,145.000,153.000,0.000,175.000,33.000,0.166667,0.666667,-0.726483,30.293,39.140,109.236,875.5
Karolain_9_puntos_intento_4.mp4,537,4475.000,True,145.000,153.000,0.000,175.000,34.000,0.166667,0.661111,-0.731542,30.471,39.685,106.751,872.5
Karolain_9_puntos_intento_4.mp4,538,4483.333,True,145.000,153.000,0.000,175.000,34.000,0.166667,0.661111,-0.731542,31.213,38.421,114.041,867.5
Karolain_9_puntos_intento_4.mp4,539,4491.667,True,145.000,153.000,0.000,175.000,34.000,0.166667,0.661111,-0.731542,29.987,38.655,109.193,864.5
Karolain_9_puntos_intento_4.mp4,540,4500.000,True,145.000,153.000,0.000,175.000,33.000,0.166667,0.666667,-0.726483,30.560,38.259,107.425,860.0
Karolain_9_puntos_intento_4.mp4,541,4508.333,True,145.000,153.000,0.000,175.000,33.000,0.166667,0.666667,-0.726483,29.838,39.491,108.267,850.5
Karolain_9_puntos_intento_4.mp4,542,4516.667,True,145.000,153.000,0.000,175.000,34.000,0.166667,0.661111,-0.731542,30.820,39.524,110.213,868.5
Karolain_9_puntos_intento_4.mp4,543,4525.000,True,145.000,153.000,0.000,175.000,34.000,0.166667,0.661111,-0.731542,30.114,38.425,109.267,848.0
Karolain_9_puntos_intento_4.mp4,544,4533.333,True,145.000,153.000,0.000,175.000,34.000,0.166667,0.661111,-0.731542,29.948,38.422,109.471,852.0
Karolain_9_puntos_intento_4.mp4,545,4541.667,True,145.000,153.000,0.000,175.000,34.000,0.166667,0.661111,-0.731542,30.331,37.965,109.124,845.5
Karolain_9_puntos_intento_4.mp4,546,4550.000,True,145.000,153.000,0.000,174.000,33.000,0.161111,0.666667,-0.727735,29.598,38.828,107.844,846.0
Karolain_9_puntos_intento_4.mp4,547,4558.333,True,145.000,153.000,0.000,175.000,33.000,0.166667,0.666667,-0.726483,29.386,39.078,107.661,844.0
Karolain_9_puntos_intento_4.mp4,548,4566.667,True,145.000,153.000,0.000,175.000,33.000,0.166667,0.666667,-0.726483,30.061,38.498,107.751,844.5
Karolain_9_puntos_intento_4.mp4,549,4575.000,True,145.000,153.000,0.000,175.000,34.000,0.166667,0.661111,-0.731542,30.369,37.593,113.143,821.0
Karolain_9_puntos_intento_4.mp4,550,4583.333,True,145.000,153.000,0.000,171.000,35.000,0.144444,0.655556,-0.741204,30.147,37.292,105.333,836.0
Karolain_9_puntos_intento_4.mp4,551,4591.667,True,145.000,153.000,0.000,164.000,37.000,0.105556,0.644444,-0.757330,31.346,35.875,79.067,811.0
Karolain_9_puntos_intento_4.mp4,552,4600.000,True,145.000,153.000,0.000,155.000,40.000,0.055556,0.627778,-0.776408,29.881,36.775,70.046,753.0
Karolain_9_puntos_intento_4.mp4,553,4608.333,True,145.000,153.000,0.000,146.000,42.000,0.005556,0.616667,-0.787205,27.738,38.009,68.295,690.0
Karolain_9_puntos_intento_4.mp4,554,4616.667,True,145.000,153.000,0.000,137.000,47.000,-0.044444,0.588889,-0.806991,24.056,39.717,71.241,639.0
Karolain_9_puntos_intento_4.mp4,555,4625.000,True,145.000,153.000,0.000,127.000,49.000,-0.100000,0.577778,-0.810045,25.135,40.482,86.906,640.5
Karolain_9_puntos_intento_4.mp4,556,4633.333,True,145.000,153.000,0.000,119.000,51.000,-0.144444,0.566667,-0.811187,24.616,43.488,93.951,650.0
Karolain_9_puntos_intento_4.mp4,557,4641.667,True,145.000,153.000,0.000,116.000,52.000,-0.161111,0.561111,-0.811910,25.390,42.375,94.903,680.0
Karolain_9_puntos_intento_4.mp4,558,4650.000,True,145.000,153.000,0.000,117.000,51.000,-0.155556,0.566667,-0.809130,25.530,40.088,96.170,667.0
Karolain_9_puntos_intento_4.mp4,559,4658.333,True,145.000,153.000,0.000,116.000,52.000,-0.161111,0.561111,-0.811910,24.485,40.525,100.005,656.5
Karolain_9_puntos_intento_4.mp4,560,4666.667,True,145.000,153.000,0.000,116.000,52.000,-0.161111,0.561111,-0.811910,23.238,44.008,96.221,592.0
Karolain_9_puntos_intento_4.mp4,561,4675.000,True,145.000,153.000,0.000,117.000,52.000,-0.155556,0.561111,-0.812992,23.836,41.312,97.503,605.5
Karolain_9_puntos_intento_4.mp4,562,4683.333,True,145.000,153.000,0.000,117.000,52.000,-0.155556,0.561111,-0.812992,22.740,40.243,95.730,615.5
Karolain_9_puntos_intento_4.mp4,563,4691.667,True,145.000,153.000,0.000,116.000,52.000,-0.161111,0.561111,-0.811910,24.014,42.525,95.412,630.0
Karolain_9_puntos_intento_4.mp4,564,4700.000,True,145.000,153.000,0.000,116.000,51.000,-0.161111,0.566667,-0.808042,25.146,40.133,96.100,635.5
Karolain_9_puntos_intento_4.mp4,565,4708.333,True,145.000,153.000,0.000,117.000,52.000,-0.155556,0.561111,-0.812992,23.247,40.575,97.230,619.0
Karolain_9_puntos_intento_4.mp4,566,4716.667,True,145.000,153.000,0.000,117.000,52.000,-0.155556,0.561111,-0.812992,24.243,41.256,96.260,660.5
Karolain_9_puntos_intento_4.mp4,567,4725.000,True,145.000,153.000,0.000,117.000,52.000,-0.155556,0.561111,-0.812992,23.669,41.587,94.774,624.5
Karolain_9_puntos_intento_4.mp4,568,4733.333,True,145.000,153.000,0.000,117.000,52.000,-0.155556,0.561111,-0.812992,22.749,43.075,94.785,639.0
Karolain_9_puntos_intento_4.mp4,569,4741.667,True,145.000,153.000,0.000,116.000,51.000,-0.161111,0.566667,-0.808042,24.282,40.663,96.927,648.5
Karolain_9_puntos_intento_4.mp4,570,4750.000,True,145.000,153.000,0.000,117.000,51.000,-0.155556,0.566667,-0.809130,24.329,41.443,96.912,649.0
Karolain_9_puntos_intento_4.mp4,571,4758.333,True,145.000,153.000,0.000,117.000,51.000,-0.155556,0.566667,-0.809130,24.603,40.563,95.700,647.5
Karolain_9_puntos_intento_4.mp4,572,4766.667,True,145.000,153.000,0.000,116.000,51.000,-0.161111,0.566667,-0.808042,25.757,40.143,94.457,639.5
Karolain_9_puntos_intento_4.mp4,573,4775.000,True,145.000,153.000,0.000,117.000,51.000,-0.155556,0.566667,-0.809130,25.615,41.009,95.393,682.0
Karolain_9_puntos_intento_4.mp4,574,4783.333,True,145.000,153.000,0.000,117.000,50.000,-0.155556,0.572222,-0.805211,27.236,39.097,97.429,683.0
Karolain_9_puntos_intento_4.mp4,575,4791.667,True,145.000,153.000,0.000,116.000,51.000,-0.161111,0.566667,-0.808042,25.374,41.153,96.341,665.5
Karolain_9_puntos_intento_4.mp4,576,4800.000,True,145.000,153.000,0.000,116.000,51.000,-0.161111,0.566667,-0.808042,25.655,40.151,96.619,681.5
Karolain_9_puntos_intento_4.mp4,577,4808.333,True,145.000,153.000,0.000,116.000,51.000,-0.161111,0.566667,-0.808042,24.339,41.705,94.901,662.5
Karolain_9_puntos_intento_4.mp4,578,4816.667,True,145.000,153.000,0.000,116.000,51.000,-0.161111,0.566667,-0.808042,25.626,40.941,98.369,693.5
Karolain_9_puntos_intento_4.mp4,579,4825.000,True,145.000,153.000,0.000,116.000,52.000,-0.161111,0.561111,-0.811910,24.481,40.648,93.080,666.5
Karolain_9_puntos_intento_4.mp4,580,4833.333,True,145.000,153.000,0.000,113.000,52.000,-0.177778,0.561111,-0.808424,25.043,41.990,96.346,724.5
Karolain_9_puntos_intento_4.mp4,581,4841.667,True,145.000,153.000,0.000,115.000,53.000,-0.166667,0.555556,-0.814604,24.973,39.548,93.853,657.0
Karolain_9_puntos_intento_4.mp4,582,4850.000,True,145.000,153.000,0.000,115.000,52.000,-0.166667,0.561111,-0.810788,27.079,38.774,100.019,644.0
Karolain_9_puntos_intento_4.mp4,583,4858.333,True,145.000,153.000,0.000,116.000,53.000,-0.161111,0.555556,-0.815721,24.776,40.396,98.696,658.5
Karolain_9_puntos_intento_4.mp4,584,4866.667,True,145.000,153.000,0.000,115.000,53.000,-0.166667,0.555556,-0.814604,22.952,41.704,96.497,622.0
Karolain_9_puntos_intento_4.mp4,585,4875.000,True,145.000,153.000,0.000,115.000,52.000,-0.166667,0.561111,-0.810788,24.168,39.196,92.019,605.0
Karolain_9_puntos_intento_4.mp4,586,4883.333,True,145.000,153.000,0.000,115.000,52.000,-0.166667,0.561111,-0.810788,24.957,38.807,94.636,607.0
Karolain_9_puntos_intento_4.mp4,587,4891.667,True,145.000,153.000,0.000,115.000,52.000,-0.166667,0.561111,-0.810788,25.040,37.596,98.168,581.0
Karolain_9_puntos_intento_4.mp4,588,4900.000,True,145.000,153.000,0.000,115.000,53.000,-0.166667,0.555556,-0.814604,23.053,40.807,93.810,594.0
Karolain_9_puntos_intento_4.mp4,589,4908.333,True,145.000,153.000,0.000,115.000,52.000,-0.166667,0.561111,-0.810788,25.078,36.436,95.180,561.5
Karolain_9_puntos_intento_4.mp4,590,4916.667,True,145.000,153.000,0.000,115.000,53.000,-0.166667,0.555556,-0.814604,23.722,38.695,93.746,558.0
Karolain_9_puntos_intento_4.mp4,591,4925.000,True,145.000,153.000,0.000,116.000,52.000,-0.161111,0.561111,-0.811910,24.635,38.821,98.118,543.0
Karolain_9_puntos_intento_4.mp4,592,4933.333,True,145.000,153.000,0.000,115.000,52.000,-0.166667,0.561111,-0.810788,23.679,39.516,95.186,567.5
Karolain_9_puntos_intento_4.mp4,593,4941.667,True,145.000,153.000,0.000,115.000,53.000,-0.166667,0.555556,-0.814604,21.993,40.488,96.502,525.0
Karolain_9_puntos_intento_4.mp4,594,4950.000,True,145.000,153.000,0.000,115.000,53.000,-0.166667,0.555556,-0.814604,22.568,40.849,94.315,505.5
Karolain_9_puntos_intento_4.mp4,595,4958.333,True,145.000,153.000,0.000,116.000,53.000,-0.161111,0.555556,-0.815721,22.935,38.142,98.621,523.0
Karolain_9_puntos_intento_4.mp4,596,4966.667,True,145.000,153.000,0.000,115.000,53.000,-0.166667,0.555556,-0.814604,22.317,39.086,96.478,541.0
Karolain_9_puntos_intento_4.mp4,597,4975.000,True,145.000,153.000,0.000,116.000,53.000,-0.161111,0.555556,-0.815721,22.504,40.005,97.076,515.5
Karolain_9_puntos_intento_4.mp4,598,4983.333,True,145.000,153.000,0.000,115.000,53.000,-0.166667,0.555556,-0.814604,22.223,39.834,91.765,542.5
Karolain_9_puntos_intento_4.mp4,599,4991.667,True,145.000,153.000,0.000,115.000,53.000,-0.166667,0.555556,-0.814604,23.264,35.932,96.795,490.0
Karolain_9_puntos_intento_4.mp4,600,5000.000,True,145.000,153.000,0.000,115.000,52.000,-0.166667,0.561111,-0.810788,24.880,36.640,92.741,506.5
Karolain_9_puntos_intento_4.mp4,601,5008.333,True,145.000,153.000,0.000,116.000,51.000,-0.161111,0.566667,-0.808042,27.391,32.556,89.864,472.0
Karolain_9_puntos_intento_4.mp4,602,5016.667,True,145.000,153.000,0.000,116.000,52.000,-0.161111,0.561111,-0.811910,24.472,34.099,94.189,459.5
Karolain_9_puntos_intento_4.mp4,603,5025.000,True,145.000,153.000,0.000,118.000,55.000,-0.150000,0.544444,-0.825276,18.488,36.274,83.220,424.0
Karolain_9_puntos_intento_4.mp4,604,5033.333,True,145.000,153.000,0.000,117.000,55.000,-0.155556,0.544444,-0.824247,18.427,36.363,80.922,430.5
Karolain_9_puntos_intento_4.mp4,605,5041.667,True,145.000,153.000,0.000,118.000,55.000,-0.150000,0.544444,-0.825276,17.407,34.433,75.380,415.0
Karolain_9_puntos_intento_4.mp4,606,5050.000,True,145.000,153.000,0.000,115.000,53.000,-0.166667,0.555556,-0.814604,20.517,39.322,95.756,465.0
Karolain_9_puntos_intento_4.mp4,607,5058.333,True,145.000,153.000,0.000,114.000,53.000,-0.172222,0.555556,-0.813448,20.357,43.108,93.746,475.5
Karolain_9_puntos_intento_4.mp4,608,5066.667,True,145.000,153.000,0.000,116.000,53.000,-0.161111,0.555556,-0.815721,22.335,37.995,99.428,454.0
Karolain_9_puntos_intento_4.mp4,609,5075.000,True,145.000,153.000,0.000,118.000,54.000,-0.150000,0.550000,-0.821584,18.551,33.302,80.100,410.0
Karolain_9_puntos_intento_4.mp4,610,5083.333,True,145.000,153.000,0.000,118.000,54.000,-0.150000,0.550000,-0.821584,19.669,32.593,78.192,409.0
Karolain_9_puntos_intento_4.mp4,611,5091.667,True,145.000,153.000,0.000,118.000,54.000,-0.150000,0.550000,-0.821584,18.396,32.731,74.613,413.5
Karolain_9_puntos_intento_4.mp4,612,5100.000,True,145.000,153.000,0.000,118.000,54.000,-0.150000,0.550000,-0.821584,17.762,32.901,72.301,410.0
Karolain_9_puntos_intento_4.mp4,613,5108.333,True,145.000,153.000,0.000,118.000,54.000,-0.150000,0.550000,-0.821584,17.085,34.994,75.259,412.0
Karolain_9_puntos_intento_4.mp4,614,5116.667,True,145.000,153.000,0.000,118.000,54.000,-0.150000,0.550000,-0.821584,16.989,34.802,73.222,395.5
Karolain_9_puntos_intento_4.mp4,615,5125.000,True,145.000,153.000,0.000,119.000,54.000,-0.144444,0.550000,-0.822579,16.788,33.972,72.158,394.0
Karolain_9_puntos_intento_4.mp4,616,5133.333,True,145.000,153.000,0.000,118.000,54.000,-0.150000,0.550000,-0.821584,16.482,34.428,74.799,397.0
Karolain_9_puntos_intento_4.mp4,617,5141.667,True,145.000,153.000,0.000,117.000,55.000,-0.155556,0.544444,-0.824247,18.103,32.887,76.626,402.5
Karolain_9_puntos_intento_4.mp4,618,5150.000,True,145.000,153.000,0.000,117.000,55.000,-0.155556,0.544444,-0.824247,18.464,34.223,75.586,432.0
Karolain_9_puntos_intento_4.mp4,619,5158.333,True,145.000,153.000,0.000,117.000,55.000,-0.155556,0.544444,-0.824247,17.249,32.617,74.306,406.0
Karolain_9_puntos_intento_4.mp4,620,5166.667,True,145.000,153.000,0.000,117.000,55.000,-0.155556,0.544444,-0.824247,17.409,32.631,73.863,404.0
Karolain_9_puntos_intento_4.mp4,621,5175.000,True,145.000,153.000,0.000,117.000,54.000,-0.155556,0.550000,-0.820550,17.989,32.637,74.809,409.0
Karolain_9_puntos_intento_4.mp4,622,5183.333,True,145.000,153.000,0.000,117.000,55.000,-0.155556,0.544444,-0.824247,17.644,33.617,74.261,430.0
Karolain_9_puntos_intento_4.mp4,623,5191.667,True,145.000,153.000,0.000,117.000,55.000,-0.155556,0.544444,-0.824247,17.427,33.905,73.868,414.5
Karolain_9_puntos_intento_4.mp4,624,5200.000,True,145.000,153.000,0.000,117.000,54.000,-0.155556,0.550000,-0.820550,19.904,32.091,77.616,424.0
Karolain_9_puntos_intento_4.mp4,625,5208.333,True,145.000,153.000,0.000,115.000,53.000,-0.166667,0.555556,-0.814604,23.043,34.041,91.443,443.5
Karolain_9_puntos_intento_4.mp4,626,5216.667,True,145.000,153.000,0.000,114.000,52.000,-0.172222,0.561111,-0.809626,23.558,36.558,99.348,460.0
Karolain_9_puntos_intento_4.mp4,627,5225.000,True,145.000,153.000,0.000,118.000,55.000,-0.150000,0.544444,-0.825276,16.483,34.310,73.896,401.5
Karolain_9_puntos_intento_4.mp4,628,5233.333,True,145.000,153.000,0.000,117.000,55.000,-0.155556,0.544444,-0.824247,17.650,33.437,72.355,422.0
Karolain_9_puntos_intento_4.mp4,629,5241.667,True,145.000,153.000,0.000,117.000,55.000,-0.155556,0.544444,-0.824247,16.873,33.754,71.979,412.5
Karolain_9_puntos_intento_4.mp4,630,5250.000,True,145.000,153.000,0.000,117.000,55.000,-0.155556,0.544444,-0.824247,17.680,34.041,74.279,431.5
Karolain_9_puntos_intento_4.mp4,631,5258.333,True,145.000,153.000,0.000,115.000,52.000,-0.166667,0.561111,-0.810788,23.875,34.921,94.003,458.0
Karolain_9_puntos_intento_4.mp4,632,5266.667,True,145.000,153.000,0.000,118.000,55.000,-0.150000,0.544444,-0.825276,17.154,34.423,73.557,419.5
Karolain_9_puntos_intento_4.mp4,633,5275.000,True,145.000,153.000,0.000,117.000,55.000,-0.155556,0.544444,-0.824247,16.471,34.060,75.081,403.5
Karolain_9_puntos_intento_4.mp4,634,5283.333,True,145.000,153.000,0.000,118.000,55.000,-0.150000,0.544444,-0.825276,17.527,33.642,74.783,422.5
Karolain_9_puntos_intento_4.mp4,635,5291.667,True,145.000,153.000,0.000,118.000,55.000,-0.150000,0.544444,-0.825276,17.364,33.314,71.406,408.5
Karolain_9_puntos_intento_4.mp4,636,5300.000,True,145.000,153.000,0.000,118.000,55.000,-0.150000,0.544444,-0.825276,17.127,34.366,75.642,413.5
Karolain_9_puntos_intento_4.mp4,637,5308.333,True,145.000,153.000,0.000,115.000,52.000,-0.166667,0.561111,-0.810788,25.165,32.922,94.391,444.0
Karolain_9_puntos_intento_4.mp4,638,5316.667,True,145.000,153.000,0.000,118.000,55.000,-0.150000,0.544444,-0.825276,17.118,35.360,76.767,405.5
Karolain_9_puntos_intento_4.mp4,639,5325.000,True,145.000,153.000,0.000,117.000,55.000,-0.155556,0.544444,-0.824247,17.100,34.802,76.878,418.5
Karolain_9_puntos_intento_4.mp4,640,5333.333,True,145.000,153.000,0.000,117.000,55.000,-0.155556,0.544444,-0.824247,17.128,34.061,73.651,423.5
Karolain_9_puntos_intento_4.mp4,641,5341.667,True,145.000,153.000,0.000,117.000,55.000,-0.155556,0.544444,-0.824247,18.887,34.142,81.316,431.5
Karolain_9_puntos_intento_4.mp4,642,5350.000,True,145.000,153.000,0.000,117.000,55.000,-0.155556,0.544444,-0.824247,17.269,34.804,76.800,436.0
Karolain_9_puntos_intento_4.mp4,643,5358.333,True,145.000,153.000,0.000,118.000,55.000,-0.150000,0.544444,-0.825276,17.322,33.103,71.533,422.5
Karolain_9_puntos_intento_4.mp4,644,5366.667,True,145.000,153.000,0.000,115.000,53.000,-0.166667,0.555556,-0.814604,22.676,36.464,94.257,462.5
Karolain_9_puntos_intento_4.mp4,645,5375.000,True,145.000,153.000,0.000,117.000,54.000,-0.155556,0.550000,-0.820550,17.874,33.907,76.214,424.5
Karolain_9_puntos_intento_4.mp4,646,5383.333,True,145.000,153.000,0.000,117.000,55.000,-0.155556,0.544444,-0.824247,17.573,34.926,74.304,434.5
Karolain_9_puntos_intento_4.mp4,647,5391.667,True,145.000,153.000,0.000,117.000,55.000,-0.155556,0.544444,-0.824247,17.842,35.271,74.589,439.0
Karolain_9_puntos_intento_4.mp4,648,5400.000,True,145.000,153.000,0.000,118.000,55.000,-0.150000,0.544444,-0.825276,17.006,34.373,69.245,423.0
Karolain_9_puntos_intento_4.mp4,649,5408.333,True,145.000,153.000,0.000,118.000,53.000,-0.150000,0.555556,-0.817837,19.094,35.715,83.545,432.5
Karolain_9_puntos_intento_4.mp4,650,5416.667,True,145.000,153.000,0.000,121.000,54.000,-0.133333,0.550000,-0.824453,17.241,36.130,74.090,427.0
Karolain_9_puntos_intento_4.mp4,651,5425.000,True,145.000,153.000,0.000,120.000,54.000,-0.138889,0.550000,-0.823535,16.317,35.745,74.023,409.0
Karolain_9_puntos_intento_4.mp4,652,5433.333,True,145.000,153.000,0.000,119.000,54.000,-0.144444,0.550000,-0.822579,17.596,35.871,76.407,422.0
Karolain_9_puntos_intento_4.mp4,653,5441.667,True,145.000,153.000,0.000,120.000,54.000,-0.138889,0.550000,-0.823535,16.776,35.066,74.253,415.0
Karolain_9_puntos_intento_4.mp4,654,5450.000,True,145.000,153.000,0.000,119.000,54.000,-0.144444,0.550000,-0.822579,16.850,35.566,76.191,418.0
Karolain_9_puntos_intento_4.mp4,655,5458.333,True,145.000,153.000,0.000,120.000,54.000,-0.138889,0.550000,-0.823535,16.542,35.650,75.113,413.5
Karolain_9_puntos_intento_4.mp4,656,5466.667,True,145.000,153.000,0.000,120.000,54.000,-0.138889,0.550000,-0.823535,16.487,34.743,75.066,410.0
Karolain_9_puntos_intento_4.mp4,657,5475.000,True,145.000,153.000,0.000,119.000,54.000,-0.144444,0.550000,-0.822579,16.700,37.105,76.453,423.5
Karolain_9_puntos_intento_4.mp4,658,5483.333,True,145.000,153.000,0.000,120.000,54.000,-0.138889,0.550000,-0.823535,17.086,35.148,74.485,419.5
Karolain_9_puntos_intento_4.mp4,659,5491.667,True,145.000,153.000,0.000,120.000,54.000,-0.138889,0.550000,-0.823535,17.026,36.150,72.597,432.5
Karolain_9_puntos_intento_4.mp4,660,5500.000,True,145.000,153.000,0.000,120.000,54.000,-0.138889,0.550000,-0.823535,16.991,34.618,71.723,421.0
Karolain_9_puntos_intento_4.mp4,661,5508.333,True,145.000,153.000,0.000,120.000,54.000,-0.138889,0.550000,-0.823535,16.815,33.545,71.581,402.0
Karolain_9_puntos_intento_4.mp4,662,5516.667,True,145.000,153.000,0.000,120.000,54.000,-0.138889,0.550000,-0.823535,16.518,35.663,74.947,422.0
Karolain_9_puntos_intento_4.mp4,663,5525.000,True,145.000,153.000,0.000,119.000,55.000,-0.144444,0.544444,-0.826266,16.677,37.352,74.464,429.0
Karolain_9_puntos_intento_4.mp4,664,5533.333,True,145.000,153.000,0.000,120.000,54.000,-0.138889,0.550000,-0.823535,16.215,35.223,73.429,415.5
Karolain_9_puntos_intento_4.mp4,665,5541.667,True,145.000,153.000,0.000,120.000,54.000,-0.138889,0.550000,-0.823535,16.630,35.633,74.051,424.5
Karolain_9_puntos_intento_4.mp4,666,5550.000,True,145.000,153.000,0.000,120.000,54.000,-0.138889,0.550000,-0.823535,16.743,34.581,72.721,424.5
Karolain_9_puntos_intento_4.mp4,667,5558.333,True,145.000,153.000,0.000,119.000,54.000,-0.144444,0.550000,-0.822579,18.182,37.563,81.788,461.5
Karolain_9_puntos_intento_4.mp4,668,5566.667,True,145.000,153.000,0.000,120.000,54.000,-0.138889,0.550000,-0.823535,17.168,35.101,73.152,433.5
Karolain_9_puntos_intento_4.mp4,669,5575.000,True,145.000,153.000,0.000,120.000,54.000,-0.138889,0.550000,-0.823535,16.980,34.809,74.181,423.0
Karolain_9_puntos_intento_4.mp4,670,5583.333,True,145.000,153.000,0.000,120.000,54.000,-0.138889,0.550000,-0.823535,16.664,35.293,74.291,422.0
Karolain_9_puntos_intento_4.mp4,671,5591.667,True,145.000,153.000,0.000,120.000,54.000,-0.138889,0.550000,-0.823535,16.861,35.675,71.871,429.0
Karolain_9_puntos_intento_4.mp4,672,5600.000,True,145.000,153.000,0.000,120.000,55.000,-0.138889,0.544444,-0.827218,16.554,37.249,71.687,426.5
Karolain_9_puntos_intento_4.mp4,673,5608.333,True,145.000,153.000,0.000,120.000,54.000,-0.138889,0.550000,-0.823535,17.982,35.242,74.370,447.0
Karolain_9_puntos_intento_4.mp4,674,5616.667,True,145.000,153.000,0.000,120.000,54.000,-0.138889,0.550000,-0.823535,17.514,35.572,74.160,457.5
Karolain_9_puntos_intento_4.mp4,675,5625.000,True,145.000,153.000,0.000,121.000,54.000,-0.133333,0.550000,-0.824453,17.404,36.307,71.338,444.5
Karolain_9_puntos_intento_4.mp4,676,5633.333,True,145.000,153.000,0.000,120.000,54.000,-0.138889,0.550000,-0.823535,17.481,38.104,69.802,466.0
Karolain_9_puntos_intento_4.mp4,677,5641.667,True,145.000,153.000,0.000,120.000,54.000,-0.138889,0.550000,-0.823535,16.952,36.967,71.600,449.0
Karolain_9_puntos_intento_4.mp4,678,5650.000,True,145.000,153.000,0.000,120.000,54.000,-0.138889,0.550000,-0.823535,17.425,35.575,73.582,437.5
Karolain_9_puntos_intento_4.mp4,679,5658.333,True,145.000,153.000,0.000,120.000,54.000,-0.138889,0.550000,-0.823535,17.948,36.429,72.799,455.0
Karolain_9_puntos_intento_4.mp4,680,5666.667,True,145.000,153.000,0.000,120.000,54.000,-0.138889,0.550000,-0.823535,17.116,36.384,71.467,464.5
Karolain_9_puntos_intento_4.mp4,681,5675.000,True,145.000,153.000,0.000,120.000,54.000,-0.138889,0.550000,-0.823535,18.008,37.032,71.582,463.5
Karolain_9_puntos_intento_4.mp4,682,5683.333,True,145.000,153.000,0.000,118.000,51.000,-0.150000,0.566667,-0.810178,25.340,35.656,90.525,476.0
Karolain_9_puntos_intento_4.mp4,683,5691.667,True,145.000,153.000,0.000,118.000,50.000,-0.150000,0.572222,-0.806264,27.432,35.982,94.233,489.5
Karolain_9_puntos_intento_4.mp4,684,5700.000,True,145.000,153.000,0.000,120.000,54.000,-0.138889,0.550000,-0.823535,17.584,35.723,72.977,454.0
Karolain_9_puntos_intento_4.mp4,685,5708.333,True,145.000,153.000,0.000,120.000,54.000,-0.138889,0.550000,-0.823535,17.781,35.800,74.446,460.5
Karolain_9_puntos_intento_4.mp4,686,5716.667,True,145.000,153.000,0.000,120.000,54.000,-0.138889,0.550000,-0.823535,17.584,36.402,73.665,458.5
Karolain_9_puntos_intento_4.mp4,687,5725.000,True,145.000,153.000,0.000,120.000,54.000,-0.138889,0.550000,-0.823535,16.981,36.626,75.580,457.5
Karolain_9_puntos_intento_4.mp4,688,5733.333,True,145.000,153.000,0.000,120.000,54.000,-0.138889,0.550000,-0.823535,17.798,37.446,73.727,479.0
Karolain_9_puntos_intento_4.mp4,689,5741.667,True,145.000,153.000,0.000,119.000,55.000,-0.144444,0.544444,-0.826266,17.799,36.196,72.645,472.0
Karolain_9_puntos_intento_4.mp4,690,5750.000,True,145.000,153.000,0.000,118.000,55.000,-0.150000,0.544444,-0.825276,17.267,37.485,72.285,470.0
Karolain_9_puntos_intento_4.mp4,691,5758.333,True,145.000,153.000,0.000,119.000,55.000,-0.144444,0.544444,-0.826266,17.268,39.804,76.994,475.0
Karolain_9_puntos_intento_4.mp4,692,5766.667,True,145.000,153.000,0.000,120.000,55.000,-0.138889,0.544444,-0.827218,17.373,38.132,75.428,478.0
Karolain_9_puntos_intento_4.mp4,693,5775.000,True,145.000,153.000,0.000,119.000,55.000,-0.144444,0.544444,-0.826266,18.178,36.076,74.617,479.5
Karolain_9_puntos_intento_4.mp4,694,5783.333,True,145.000,153.000,0.000,120.000,55.000,-0.138889,0.544444,-0.827218,17.726,38.270,74.870,480.0
Karolain_9_puntos_intento_4.mp4,695,5791.667,True,145.000,153.000,0.000,119.000,55.000,-0.144444,0.544444,-0.826266,18.558,38.289,77.223,482.5
Karolain_9_puntos_intento_4.mp4,696,5800.000,True,145.000,153.000,0.000,117.000,52.000,-0.155556,0.561111,-0.812992,25.718,36.131,92.400,516.5
Karolain_9_puntos_intento_4.mp4,697,5808.333,True,145.000,153.000,0.000,118.000,54.000,-0.150000,0.550000,-0.821584,20.425,36.024,77.834,482.5
Karolain_9_puntos_intento_4.mp4,698,5816.667,True,145.000,153.000,0.000,119.000,55.000,-0.144444,0.544444,-0.826266,17.881,36.959,73.494,487.0
Karolain_9_puntos_intento_4.mp4,699,5825.000,True,145.000,153.000,0.000,119.000,55.000,-0.144444,0.544444,-0.826266,19.261,37.223,74.425,490.0
Karolain_9_puntos_intento_4.mp4,700,5833.333,True,145.000,153.000,0.000,119.000,54.000,-0.144444,0.550000,-0.822579,20.507,36.380,73.765,495.0
Karolain_9_puntos_intento_4.mp4,701,5841.667,True,145.000,153.000,0.000,118.000,54.000,-0.150000,0.550000,-0.821584,19.090,38.912,78.046,499.0
Karolain_9_puntos_intento_4.mp4,702,5850.000,True,145.000,153.000,0.000,119.000,54.000,-0.144444,0.550000,-0.822579,19.036,36.852,74.924,499.0
Karolain_9_puntos_intento_4.mp4,703,5858.333,True,145.000,153.000,0.000,119.000,54.000,-0.144444,0.550000,-0.822579,19.332,36.940,74.144,496.0
Karolain_9_puntos_intento_4.mp4,704,5866.667,True,145.000,153.000,0.000,117.000,53.000,-0.155556,0.555556,-0.816799,24.819,37.930,92.813,528.5
Karolain_9_puntos_intento_4.mp4,705,5875.000,True,145.000,153.000,0.000,119.000,54.000,-0.144444,0.550000,-0.822579,20.041,38.055,76.999,507.5
Karolain_9_puntos_intento_4.mp4,706,5883.333,True,145.000,153.000,0.000,119.000,55.000,-0.144444,0.544444,-0.826266,18.670,37.233,71.889,486.0
Karolain_9_puntos_intento_4.mp4,707,5891.667,True,145.000,153.000,0.000,119.000,54.000,-0.144444,0.550000,-0.822579,19.361,37.599,75.758,500.0
Karolain_9_puntos_intento_4.mp4,708,5900.000,True,145.000,153.000,0.000,119.000,55.000,-0.144444,0.544444,-0.826266,19.674,40.288,83.457,512.0
Karolain_9_puntos_intento_4.mp4,709,5908.333,True,145.000,153.000,0.000,117.000,52.000,-0.155556,0.561111,-0.812992,28.307,37.937,99.027,528.0
Karolain_9_puntos_intento_4.mp4,710,5916.667,True,145.000,153.000,0.000,119.000,55.000,-0.144444,0.544444,-0.826266,18.753,38.835,76.708,498.5
Karolain_9_puntos_intento_4.mp4,711,5925.000,True,145.000,153.000,0.000,119.000,55.000,-0.144444,0.544444,-0.826266,18.723,37.935,75.706,498.0
Karolain_9_puntos_intento_4.mp4,712,5933.333,True,145.000,153.000,0.000,119.000,55.000,-0.144444,0.544444,-0.826266,18.649,38.543,76.130,501.5
Karolain_9_puntos_intento_4.mp4,713,5941.667,True,145.000,153.000,0.000,119.000,55.000,-0.144444,0.544444,-0.826266,18.116,38.343,71.089,497.0
Karolain_9_puntos_intento_4.mp4,714,5950.000,True,145.000,153.000,0.000,119.000,55.000,-0.144444,0.544444,-0.826266,17.724,37.351,72.600,480.0
Karolain_9_puntos_intento_4.mp4,715,5958.333,True,145.000,153.000,0.000,119.000,54.000,-0.144444,0.550000,-0.822579,18.968,37.902,75.993,481.5
Karolain_9_puntos_intento_4.mp4,716,5966.667,True,145.000,153.000,0.000,119.000,55.000,-0.144444,0.544444,-0.826266,18.274,37.875,73.727,495.0
Karolain_9_puntos_intento_4.mp4,717,5975.000,True,145.000,153.000,0.000,119.000,55.000,-0.144444,0.544444,-0.826266,18.685,37.285,73.356,493.5
Karolain_9_puntos_intento_4.mp4,718,5983.333,True,145.000,153.000,0.000,119.000,55.000,-0.144444,0.544444,-0.826266,18.249,37.572,71.971,491.0
Karolain_9_puntos_intento_4.mp4,719,5991.667,True,145.000,153.000,0.000,119.000,55.000,-0.144444,0.544444,-0.826266,18.148,36.737,71.888,482.0
Karolain_9_puntos_intento_4.mp4,720,6000.000,True,145.000,153.000,0.000,119.000,55.000,-0.144444,0.544444,-0.826266,18.231,36.293,70.837,477.5
Karolain_9_puntos_intento_4.mp4,721,6008.333,True,145.000,153.000,0.000,119.000,55.000,-0.144444,0.544444,-0.826266,18.186,35.819,72.433,475.5
Karolain_9_puntos_intento_4.mp4,722,6016.667,True,145.000,153.000,0.000,119.000,55.000,-0.144444,0.544444,-0.826266,18.426,37.583,72.115,495.5
Karolain_9_puntos_intento_4.mp4,723,6025.000,True,145.000,153.000,0.000,119.000,55.000,-0.144444,0.544444,-0.826266,18.079,37.553,70.177,479.0
Karolain_9_puntos_intento_4.mp4,724,6033.333,True,145.000,153.000,0.000,119.000,55.000,-0.144444,0.544444,-0.826266,17.647,36.711,71.688,483.0
Karolain_9_puntos_intento_4.mp4,725,6041.667,True,145.000,153.000,0.000,119.000,54.000,-0.144444,0.550000,-0.822579,18.043,37.119,73.832,475.0
Karolain_9_puntos_intento_4.mp4,726,6050.000,True,145.000,153.000,0.000,119.000,55.000,-0.144444,0.544444,-0.826266,17.799,37.967,73.182,479.0
Karolain_9_puntos_intento_4.mp4,727,6058.333,True,145.000,153.000,0.000,119.000,54.000,-0.144444,0.550000,-0.822579,17.836,37.029,73.002,477.0
Karolain_9_puntos_intento_4.mp4,728,6066.667,True,145.000,153.000,0.000,119.000,54.000,-0.144444,0.550000,-0.822579,17.710,36.442,74.480,469.0
Karolain_9_puntos_intento_4.mp4,729,6075.000,True,145.000,153.000,0.000,119.000,55.000,-0.144444,0.544444,-0.826266,17.477,37.886,75.260,464.5
Karolain_9_puntos_intento_4.mp4,730,6083.333,True,145.000,153.000,0.000,119.000,54.000,-0.144444,0.550000,-0.822579,18.637,36.927,73.964,479.5
Karolain_9_puntos_intento_4.mp4,731,6091.667,True,145.000,153.000,0.000,120.000,55.000,-0.138889,0.544444,-0.827218,17.528,36.990,71.509,465.0
Karolain_9_puntos_intento_4.mp4,732,6100.000,True,145.000,153.000,0.000,119.000,55.000,-0.144444,0.544444,-0.826266,17.810,36.263,75.419,479.5
Karolain_9_puntos_intento_4.mp4,733,6108.333,True,145.000,153.000,0.000,118.000,54.000,-0.150000,0.550000,-0.821584,18.785,37.451,77.710,470.5
Karolain_9_puntos_intento_4.mp4,734,6116.667,True,145.000,153.000,0.000,118.000,54.000,-0.150000,0.550000,-0.821584,18.871,37.864,77.637,479.0
Karolain_9_puntos_intento_4.mp4,735,6125.000,True,145.000,153.000,0.000,118.000,54.000,-0.150000,0.550000,-0.821584,19.486,37.979,76.812,484.5
Karolain_9_puntos_intento_4.mp4,736,6133.333,True,145.000,153.000,0.000,119.000,55.000,-0.144444,0.544444,-0.826266,17.436,36.413,70.407,461.5
Karolain_9_puntos_intento_4.mp4,737,6141.667,True,145.000,153.000,0.000,119.000,55.000,-0.144444,0.544444,-0.826266,17.269,37.016,73.715,461.0
Karolain_9_puntos_intento_4.mp4,738,6150.000,True,145.000,153.000,0.000,119.000,55.000,-0.144444,0.544444,-0.826266,17.205,36.317,72.336,466.0
Karolain_9_puntos_intento_4.mp4,739,6158.333,True,145.000,153.000,0.000,118.000,54.000,-0.150000,0.550000,-0.821584,18.750,37.140,76.005,501.0
Karolain_9_puntos_intento_4.mp4,740,6166.667,True,145.000,153.000,0.000,119.000,54.000,-0.144444,0.550000,-0.822579,18.415,36.842,72.746,483.0
Karolain_9_puntos_intento_4.mp4,741,6175.000,True,145.000,153.000,0.000,119.000,54.000,-0.144444,0.550000,-0.822579,18.370,36.732,72.304,477.5
Karolain_9_puntos_intento_4.mp4,742,6183.333,True,145.000,153.000,0.000,118.000,54.000,-0.150000,0.550000,-0.821584,20.093,35.621,77.840,503.0
Karolain_9_puntos_intento_4.mp4,743,6191.667,True,145.000,153.000,0.000,119.000,54.000,-0.144444,0.550000,-0.822579,18.416,36.421,72.031,482.0
Karolain_9_puntos_intento_4.mp4,744,6200.000,True,145.000,153.000,0.000,119.000,55.000,-0.144444,0.544444,-0.826266,18.326,37.300,73.981,497.5
Karolain_9_puntos_intento_4.mp4,745,6208.333,True,145.000,153.000,0.000,119.000,54.000,-0.144444,0.550000,-0.822579,19.439,36.125,73.381,482.5
Karolain_9_puntos_intento_4.mp4,746,6216.667,True,145.000,153.000,0.000,118.000,54.000,-0.150000,0.550000,-0.821584,19.763,35.852,77.538,493.5
Karolain_9_puntos_intento_4.mp4,747,6225.000,True,145.000,153.000,0.000,119.000,55.000,-0.144444,0.544444,-0.826266,17.942,36.628,70.849,471.5
Karolain_9_puntos_intento_4.mp4,748,6233.333,True,145.000,153.000,0.000,117.000,52.000,-0.155556,0.561111,-0.812992,25.313,36.571,88.670,544.0
Karolain_9_puntos_intento_4.mp4,749,6241.667,True,145.000,153.000,0.000,117.000,53.000,-0.155556,0.555556,-0.816799,23.473,37.315,88.332,516.0
Karolain_9_puntos_intento_4.mp4,750,6250.000,True,145.000,153.000,0.000,119.000,55.000,-0.144444,0.544444,-0.826266,17.806,36.176,71.580,466.5
Karolain_9_puntos_intento_4.mp4,751,6258.333,True,145.000,153.000,0.000,119.000,55.000,-0.144444,0.544444,-0.826266,17.696,37.512,73.230,476.5
Karolain_9_puntos_intento_4.mp4,752,6266.667,True,145.000,153.000,0.000,119.000,55.000,-0.144444,0.544444,-0.826266,17.157,37.238,71.952,471.5
Karolain_9_puntos_intento_4.mp4,753,6275.000,True,145.000,153.000,0.000,118.000,54.000,-0.150000,0.550000,-0.821584,19.373,36.163,75.166,493.5
Karolain_9_puntos_intento_4.mp4,754,6283.333,True,145.000,153.000,0.000,119.000,54.000,-0.144444,0.550000,-0.822579,18.504,36.514,71.477,484.0
Karolain_9_puntos_intento_4.mp4,755,6291.667,True,145.000,153.000,0.000,118.000,54.000,-0.150000,0.550000,-0.821584,19.092,37.363,77.327,497.5
Karolain_9_puntos_intento_4.mp4,756,6300.000,True,145.000,153.000,0.000,119.000,54.000,-0.144444,0.550000,-0.822579,18.541,36.813,73.300,486.5
Karolain_9_puntos_intento_4.mp4,757,6308.333,True,145.000,153.000,0.000,119.000,55.000,-0.144444,0.544444,-0.826266,18.183,37.580,70.181,482.5
Karolain_9_puntos_intento_4.mp4,758,6316.667,True,145.000,153.000,0.000,119.000,55.000,-0.144444,0.544444,-0.826266,18.217,36.835,72.350,485.5
Karolain_9_puntos_intento_4.mp4,759,6325.000,True,145.000,153.000,0.000,119.000,55.000,-0.144444,0.544444,-0.826266,17.809,37.245,68.756,478.0
Karolain_9_puntos_intento_4.mp4,760,6333.333,True,145.000,153.000,0.000,119.000,54.000,-0.144444,0.550000,-0.822579,18.404,36.596,69.474,479.5
Karolain_9_puntos_intento_4.mp4,761,6341.667,True,145.000,153.000,0.000,119.000,54.000,-0.144444,0.550000,-0.822579,18.395,37.110,71.701,492.0
Karolain_9_puntos_intento_4.mp4,762,6350.000,True,145.000,153.000,0.000,119.000,55.000,-0.144444,0.544444,-0.826266,18.605,37.220,73.190,490.5
Karolain_9_puntos_intento_4.mp4,763,6358.333,True,145.000,153.000,0.000,119.000,55.000,-0.144444,0.544444,-0.826266,18.546,37.243,74.502,492.5
Karolain_9_puntos_intento_4.mp4,764,6366.667,True,145.000,153.000,0.000,119.000,54.000,-0.144444,0.550000,-0.822579,18.797,37.290,73.748,494.5
Karolain_9_puntos_intento_4.mp4,765,6375.000,True,145.000,153.000,0.000,117.000,51.000,-0.155556,0.566667,-0.809130,29.330,35.676,99.827,522.5
Karolain_9_puntos_intento_4.mp4,766,6383.333,True,145.000,153.000,0.000,119.000,55.000,-0.144444,0.544444,-0.826266,18.048,37.418,73.804,488.5
Karolain_9_puntos_intento_4.mp4,767,6391.667,True,145.000,153.000,0.000,119.000,55.000,-0.144444,0.544444,-0.826266,18.292,37.583,74.561,500.5
Karolain_9_puntos_intento_4.mp4,768,6400.000,True,145.000,153.000,0.000,119.000,55.000,-0.144444,0.544444,-0.826266,17.890,38.589,72.206,490.5
Karolain_9_puntos_intento_4.mp4,769,6408.333,True,145.000,153.000,0.000,119.000,55.000,-0.144444,0.544444,-0.826266,17.271,37.453,69.719,468.5
Karolain_9_puntos_intento_4.mp4,770,6416.667,True,145.000,153.000,0.000,120.000,55.000,-0.138889,0.544444,-0.827218,17.474,37.726,68.984,478.5
Karolain_9_puntos_intento_4.mp4,771,6425.000,True,145.000,153.000,0.000,119.000,55.000,-0.144444,0.544444,-0.826266,18.105,37.566,71.847,490.5
Karolain_9_puntos_intento_4.mp4,772,6433.333,True,145.000,153.000,0.000,119.000,55.000,-0.144444,0.544444,-0.826266,18.319,37.124,74.987,482.5
Karolain_9_puntos_intento_4.mp4,773,6441.667,True,145.000,153.000,0.000,118.000,55.000,-0.150000,0.544444,-0.825276,18.915,39.588,80.532,507.5
Karolain_9_puntos_intento_4.mp4,774,6450.000,True,145.000,153.000,0.000,119.000,55.000,-0.144444,0.544444,-0.826266,18.201,38.256,75.220,497.0
Karolain_9_puntos_intento_4.mp4,775,6458.333,True,145.000,153.000,0.000,119.000,55.000,-0.144444,0.544444,-0.826266,18.124,38.094,75.504,493.5
Karolain_9_puntos_intento_4.mp4,776,6466.667,True,145.000,153.000,0.000,119.000,55.000,-0.144444,0.544444,-0.826266,18.399,37.244,73.168,502.5
Karolain_9_puntos_intento_4.mp4,777,6475.000,True,145.000,153.000,0.000,119.000,55.000,-0.144444,0.544444,-0.826266,18.076,36.907,72.676,481.5
Karolain_9_puntos_intento_4.mp4,778,6483.333,True,145.000,153.000,0.000,119.000,55.000,-0.144444,0.544444,-0.826266,18.103,37.876,76.545,499.0
Karolain_9_puntos_intento_4.mp4,779,6491.667,True,145.000,153.000,0.000,119.000,55.000,-0.144444,0.544444,-0.826266,18.043,38.788,76.622,484.0
Karolain_9_puntos_intento_4.mp4,780,6500.000,True,145.000,153.000,0.000,118.000,54.000,-0.150000,0.550000,-0.821584,20.598,38.720,84.265,516.5
Karolain_9_puntos_intento_4.mp4,781,6508.333,True,145.000,153.000,0.000,119.000,55.000,-0.144444,0.544444,-0.826266,17.303,38.325,71.917,478.0
Karolain_9_puntos_intento_4.mp4,782,6516.667,True,145.000,153.000,0.000,119.000,54.000,-0.144444,0.550000,-0.822579,18.047,37.721,69.517,489.5
Karolain_9_puntos_intento_4.mp4,783,6525.000,True,145.000,153.000,0.000,119.000,54.000,-0.144444,0.550000,-0.822579,17.626,37.860,73.590,489.5
Karolain_9_puntos_intento_4.mp4,784,6533.333,True,145.000,153.000,0.000,119.000,55.000,-0.144444,0.544444,-0.826266,17.973,37.470,72.018,484.0
Karolain_9_puntos_intento_4.mp4,785,6541.667,True,145.000,153.000,0.000,120.000,54.000,-0.138889,0.550000,-0.823535,17.550,38.513,72.553,475.0
Karolain_9_puntos_intento_4.mp4,786,6550.000,True,145.000,153.000,0.000,129.000,53.000,-0.088889,0.555556,-0.826714,19.008,40.460,74.642,536.0
Karolain_9_puntos_intento_4.mp4,787,6558.333,True,145.000,153.000,0.000,143.000,50.000,-0.011111,0.572222,-0.820023,23.669,41.654,71.634,661.5
Karolain_9_puntos_intento_4.mp4,788,6566.667,True,145.000,153.000,0.000,155.000,48.000,0.055556,0.583333,-0.810331,27.244,39.949,71.220,764.5
Karolain_9_puntos_intento_4.mp4,789,6575.000,True,145.000,153.000,0.000,167.000,47.000,0.122222,0.588889,-0.798919,30.223,39.239,83.846,862.0
Karolain_9_puntos_intento_4.mp4,790,6583.333,True,145.000,153.000,0.000,178.000,46.000,0.183333,0.594444,-0.782959,31.914,40.131,104.439,962.0
Karolain_9_puntos_intento_4.mp4,791,6591.667,True,145.000,153.000,0.000,189.000,47.000,0.244444,0.588889,-0.770361,30.974,42.235,113.207,995.0
Karolain_9_puntos_intento_4.mp4,792,6600.000,True,145.000,153.000,0.000,198.000,47.000,0.294444,0.588889,-0.752670,29.833,43.728,120.790,985.0
Karolain_9_puntos_intento_4.mp4,793,6608.333,True,145.000,153.000,0.000,208.000,48.000,0.350000,0.583333,-0.732954,28.883,43.914,123.900,963.0
Karolain_9_puntos_intento_4.mp4,794,6616.667,True,145.000,153.000,0.000,217.000,51.000,0.400000,0.566667,-0.720339,27.480,44.274,127.569,928.5
Karolain_9_puntos_intento_4.mp4,795,6625.000,True,145.000,153.000,0.000,224.000,53.000,0.438889,0.555556,-0.706211,27.456,43.854,130.427,900.0
Karolain_9_puntos_intento_4.mp4,796,6633.333,True,145.000,153.000,0.000,230.000,54.000,0.472222,0.550000,-0.688844,26.152,43.260,131.493,871.0
Karolain_9_puntos_intento_4.mp4,797,6641.667,True,145.000,153.000,0.000,233.000,54.000,0.488889,0.550000,-0.677117,25.147,42.684,130.959,833.5
Karolain_9_puntos_intento_4.mp4,798,6650.000,True,145.000,153.000,0.000,233.000,54.000,0.488889,0.550000,-0.677117,25.034,42.697,130.797,820.0
Karolain_9_puntos_intento_4.mp4,799,6658.333,True,145.000,153.000,0.000,233.000,54.000,0.488889,0.550000,-0.677117,25.882,42.302,129.717,841.5
Karolain_9_puntos_intento_4.mp4,800,6666.667,True,145.000,153.000,0.000,233.000,54.000,0.488889,0.550000,-0.677117,25.197,42.183,130.309,818.0
Karolain_9_puntos_intento_4.mp4,801,6675.000,True,145.000,153.000,0.000,233.000,54.000,0.488889,0.550000,-0.677117,24.927,41.969,130.573,805.5
Karolain_9_puntos_intento_4.mp4,802,6683.333,True,145.000,153.000,0.000,233.000,54.000,0.488889,0.550000,-0.677117,24.905,41.564,129.435,799.0
Karolain_9_puntos_intento_4.mp4,803,6691.667,True,145.000,153.000,0.000,234.000,54.000,0.494444,0.550000,-0.673071,24.998,41.475,130.489,795.0
Karolain_9_puntos_intento_4.mp4,804,6700.000,True,145.000,153.000,0.000,233.000,54.000,0.488889,0.550000,-0.677117,24.783,41.815,130.140,799.5
Karolain_9_puntos_intento_4.mp4,805,6708.333,True,145.000,153.000,0.000,233.000,54.000,0.488889,0.550000,-0.677117,24.753,41.996,129.622,794.0
Karolain_9_puntos_intento_4.mp4,806,6716.667,True,145.000,153.000,0.000,234.000,54.000,0.494444,0.550000,-0.673071,24.614,40.987,131.195,770.0
Karolain_9_puntos_intento_4.mp4,807,6725.000,True,145.000,153.000,0.000,233.000,53.000,0.488889,0.555556,-0.672566,24.166,40.822,130.394,753.0
Karolain_9_puntos_intento_4.mp4,808,6733.333,True,145.000,153.000,0.000,233.000,53.000,0.488889,0.555556,-0.672566,24.256,41.564,130.659,758.5
Karolain_9_puntos_intento_4.mp4,809,6741.667,True,145.000,153.000,0.000,233.000,53.000,0.488889,0.555556,-0.672566,24.511,40.934,132.906,754.0
Karolain_9_puntos_intento_4.mp4,810,6750.000,True,145.000,153.000,0.000,234.000,53.000,0.494444,0.555556,-0.668493,24.144,41.323,131.166,762.5
Karolain_9_puntos_intento_4.mp4,811,6758.333,True,145.000,153.000,0.000,233.000,53.000,0.488889,0.555556,-0.672566,24.182,41.128,130.758,761.0
Karolain_9_puntos_intento_4.mp4,812,6766.667,True,145.000,153.000,0.000,234.000,53.000,0.494444,0.555556,-0.668493,24.161,40.699,131.994,738.5
Karolain_9_puntos_intento_4.mp4,813,6775.000,True,145.000,153.000,0.000,234.000,53.000,0.494444,0.555556,-0.668493,23.461,40.411,131.649,733.0
Karolain_9_puntos_intento_4.mp4,814,6783.333,True,145.000,153.000,0.000,234.000,53.000,0.494444,0.555556,-0.668493,23.484,40.235,130.590,729.5
Karolain_9_puntos_intento_4.mp4,815,6791.667,True,145.000,153.000,0.000,234.000,53.000,0.494444,0.555556,-0.668493,23.470,40.474,131.926,711.0
Karolain_9_puntos_intento_4.mp4,816,6800.000,True,145.000,153.000,0.000,234.000,53.000,0.494444,0.555556,-0.668493,23.954,40.838,133.090,728.0
Karolain_9_puntos_intento_4.mp4,817,6808.333,True,145.000,153.000,0.000,234.000,53.000,0.494444,0.555556,-0.668493,23.377,40.005,132.775,714.0
Karolain_9_puntos_intento_4.mp4,818,6816.667,True,145.000,153.000,0.000,236.000,54.000,0.505556,0.550000,-0.664766,22.743,40.020,132.629,689.0
Karolain_9_puntos_intento_4.mp4,819,6825.000,True,145.000,153.000,0.000,237.000,55.000,0.511111,0.544444,-0.665091,22.314,39.931,135.280,678.0
Karolain_9_puntos_intento_4.mp4,820,6833.333,True,145.000,153.000,0.000,236.000,55.000,0.505556,0.544444,-0.669323,23.546,40.515,133.399,708.5
Karolain_9_puntos_intento_4.mp4,821,6841.667,True,145.000,153.000,0.000,236.000,54.000,0.505556,0.550000,-0.664766,22.827,40.229,133.695,703.0
Karolain_9_puntos_intento_4.mp4,822,6850.000,True,145.000,153.000,0.000,236.000,55.000,0.505556,0.544444,-0.669323,22.887,39.740,132.005,695.0
Karolain_9_puntos_intento_4.mp4,823,6858.333,True,145.000,153.000,0.000,236.000,55.000,0.505556,0.544444,-0.669323,22.964,39.953,133.588,700.0
Karolain_9_puntos_intento_4.mp4,824,6866.667,True,145.000,153.000,0.000,236.000,55.000,0.505556,0.544444,-0.669323,22.631,39.596,132.338,690.0
Karolain_9_puntos_intento_4.mp4,825,6875.000,True,145.000,153.000,0.000,236.000,55.000,0.505556,0.544444,-0.669323,22.893,39.330,131.618,692.5
Karolain_9_puntos_intento_4.mp4,826,6883.333,True,145.000,153.000,0.000,236.000,55.000,0.505556,0.544444,-0.669323,22.821,39.630,132.042,697.0
Karolain_9_puntos_intento_4.mp4,827,6891.667,True,145.000,153.000,0.000,236.000,55.000,0.505556,0.544444,-0.669323,22.778,39.958,132.532,697.5
Karolain_9_puntos_intento_4.mp4,828,6900.000,True,145.000,153.000,0.000,236.000,55.000,0.505556,0.544444,-0.669323,22.660,39.800,133.700,699.0
Karolain_9_puntos_intento_4.mp4,829,6908.333,True,145.000,153.000,0.000,236.000,55.000,0.505556,0.544444,-0.669323,22.948,40.926,133.332,702.5
Karolain_9_puntos_intento_4.mp4,830,6916.667,True,145.000,153.000,0.000,236.000,55.000,0.505556,0.544444,-0.669323,22.993,40.934,133.703,698.0
Karolain_9_puntos_intento_4.mp4,831,6925.000,True,145.000,153.000,0.000,236.000,55.000,0.505556,0.544444,-0.669323,22.800,40.326,132.643,697.0
Karolain_9_puntos_intento_4.mp4,832,6933.333,True,145.000,153.000,0.000,236.000,55.000,0.505556,0.544444,-0.669323,23.017,39.759,132.957,700.5
Karolain_9_puntos_intento_4.mp4,833,6941.667,True,145.000,153.000,0.000,236.000,55.000,0.505556,0.544444,-0.669323,22.741,40.356,133.231,701.0
Karolain_9_puntos_intento_4.mp4,834,6950.000,True,145.000,153.000,0.000,236.000,55.000,0.505556,0.544444,-0.669323,22.682,39.496,131.814,685.0
Karolain_9_puntos_intento_4.mp4,835,6958.333,True,145.000,153.000,0.000,236.000,54.000,0.505556,0.550000,-0.664766,22.885,40.237,132.595,703.5
Karolain_9_puntos_intento_4.mp4,836,6966.667,True,145.000,153.000,0.000,236.000,55.000,0.505556,0.544444,-0.669323,23.056,39.885,132.960,707.0
Karolain_9_puntos_intento_4.mp4,837,6975.000,True,145.000,153.000,0.000,236.000,54.000,0.505556,0.550000,-0.664766,22.977,40.054,132.127,706.0
Karolain_9_puntos_intento_4.mp4,838,6983.333,True,145.000,153.000,0.000,236.000,54.000,0.505556,0.550000,-0.664766,23.002,40.176,132.046,710.0
Karolain_9_puntos_intento_4.mp4,839,6991.667,True,145.000,153.000,0.000,236.000,54.000,0.505556,0.550000,-0.664766,22.634,40.342,133.123,698.0
Karolain_9_puntos_intento_4.mp4,840,7000.000,True,145.000,153.000,0.000,235.000,54.000,0.500000,0.550000,-0.668954,22.795,40.152,133.537,699.5
Karolain_9_puntos_intento_4.mp4,841,7008.333,True,145.000,153.000,0.000,235.000,55.000,0.500000,0.544444,-0.673484,23.187,40.123,132.754,691.0
Karolain_9_puntos_intento_4.mp4,842,7016.667,True,145.000,153.000,0.000,236.000,55.000,0.505556,0.544444,-0.669323,22.972,40.162,132.557,695.5
Karolain_9_puntos_intento_4.mp4,843,7025.000,True,145.000,153.000,0.000,236.000,54.000,0.505556,0.550000,-0.664766,23.284,40.350,131.837,698.0
Karolain_9_puntos_intento_4.mp4,844,7033.333,True,145.000,153.000,0.000,235.000,55.000,0.500000,0.544444,-0.673484,22.886,40.541,132.631,701.0
Karolain_9_puntos_intento_4.mp4,845,7041.667,True,145.000,153.000,0.000,236.000,55.000,0.505556,0.544444,-0.669323,23.207,40.677,132.102,701.5
Karolain_9_puntos_intento_4.mp4,846,7050.000,True,145.000,153.000,0.000,236.000,55.000,0.505556,0.544444,-0.669323,23.013,40.274,133.060,708.0
Karolain_9_puntos_intento_4.mp4,847,7058.333,True,145.000,153.000,0.000,236.000,54.000,0.505556,0.550000,-0.664766,23.330,40.326,133.559,709.0
Karolain_9_puntos_intento_4.mp4,848,7066.667,True,145.000,153.000,0.000,235.000,54.000,0.500000,0.550000,-0.668954,22.770,40.407,133.868,696.0
Karolain_9_puntos_intento_4.mp4,849,7075.000,True,145.000,153.000,0.000,235.000,54.000,0.500000,0.550000,-0.668954,22.534,39.825,132.960,687.5
Karolain_9_puntos_intento_4.mp4,850,7083.333,True,145.000,153.000,0.000,235.000,55.000,0.500000,0.544444,-0.673484,22.650,40.530,132.273,702.0
Karolain_9_puntos_intento_4.mp4,851,7091.667,True,145.000,153.000,0.000,236.000,54.000,0.505556,0.550000,-0.664766,22.983,40.213,132.948,704.5
Karolain_9_puntos_intento_4.mp4,852,7100.000,True,145.000,153.000,0.000,235.000,54.000,0.500000,0.550000,-0.668954,22.644,40.395,132.393,697.5
Karolain_9_puntos_intento_4.mp4,853,7108.333,True,145.000,153.000,0.000,235.000,54.000,0.500000,0.550000,-0.668954,22.731,40.679,133.293,684.0
Karolain_9_puntos_intento_4.mp4,854,7116.667,True,145.000,153.000,0.000,235.000,54.000,0.500000,0.550000,-0.668954,23.488,40.508,131.432,711.0
Karolain_9_puntos_intento_4.mp4,855,7125.000,True,145.000,153.000,0.000,235.000,54.000,0.500000,0.550000,-0.668954,23.481,40.687,133.277,712.0
Karolain_9_puntos_intento_4.mp4,856,7133.333,True,145.000,153.000,0.000,234.000,54.000,0.494444,0.550000,-0.673071,23.740,40.613,132.360,726.0
Karolain_9_puntos_intento_4.mp4,857,7141.667,True,145.000,153.000,0.000,234.000,55.000,0.494444,0.544444,-0.677573,23.762,41.179,132.277,751.0
Karolain_9_puntos_intento_4.mp4,858,7150.000,True,145.000,153.000,0.000,234.000,55.000,0.494444,0.544444,-0.677573,23.735,41.009,132.748,740.0
Karolain_9_puntos_intento_4.mp4,859,7158.333,True,145.000,153.000,0.000,234.000,55.000,0.494444,0.544444,-0.677573,24.063,41.397,132.684,746.5
Karolain_9_puntos_intento_4.mp4,860,7166.667,True,145.000,153.000,0.000,234.000,55.000,0.494444,0.544444,-0.677573,24.034,41.390,131.479,746.0
Karolain_9_puntos_intento_4.mp4,861,7175.000,True,145.000,153.000,0.000,235.000,55.000,0.500000,0.544444,-0.673484,23.710,40.945,132.726,742.0
Karolain_9_puntos_intento_4.mp4,862,7183.333,True,145.000,153.000,0.000,234.000,55.000,0.494444,0.544444,-0.677573,23.339,40.676,133.305,731.5
Karolain_9_puntos_intento_4.mp4,863,7191.667,True,145.000,153.000,0.000,234.000,55.000,0.494444,0.544444,-0.677573,23.467,40.645,132.513,737.0
Karolain_9_puntos_intento_4.mp4,864,7200.000,True,145.000,153.000,0.000,234.000,55.000,0.494444,0.544444,-0.677573,23.445,40.714,132.659,739.0
Karolain_9_puntos_intento_4.mp4,865,7208.333,True,145.000,153.000,0.000,234.000,55.000,0.494444,0.544444,-0.677573,23.537,41.395,133.507,731.0
Karolain_9_puntos_intento_4.mp4,866,7216.667,True,145.000,153.000,0.000,234.000,55.000,0.494444,0.544444,-0.677573,23.654,41.081,132.563,735.5
Karolain_9_puntos_intento_4.mp4,867,7225.000,True,145.000,153.000,0.000,234.000,55.000,0.494444,0.544444,-0.677573,23.327,41.802,133.075,723.5
Karolain_9_puntos_intento_4.mp4,868,7233.333,True,145.000,153.000,0.000,234.000,55.000,0.494444,0.544444,-0.677573,23.921,41.355,133.074,735.5
Karolain_9_puntos_intento_4.mp4,869,7241.667,True,145.000,153.000,0.000,234.000,55.000,0.494444,0.544444,-0.677573,23.877,41.283,131.416,744.5
Karolain_9_puntos_intento_4.mp4,870,7250.000,True,145.000,153.000,0.000,234.000,55.000,0.494444,0.544444,-0.677573,23.812,41.300,133.064,728.5
Karolain_9_puntos_intento_4.mp4,871,7258.333,True,145.000,153.000,0.000,234.000,54.000,0.494444,0.550000,-0.673071,23.794,41.516,132.262,739.5
Karolain_9_puntos_intento_4.mp4,872,7266.667,True,145.000,153.000,0.000,234.000,55.000,0.494444,0.544444,-0.677573,23.602,41.931,132.441,742.5
Karolain_9_puntos_intento_4.mp4,873,7275.000,True,145.000,153.000,0.000,234.000,55.000,0.494444,0.544444,-0.677573,23.638,41.804,131.826,745.5
Karolain_9_puntos_intento_4.mp4,874,7283.333,True,145.000,153.000,0.000,234.000,55.000,0.494444,0.544444,-0.677573,23.517,41.006,132.842,747.5
Karolain_9_puntos_intento_4.mp4,875,7291.667,True,145.000,153.000,0.000,234.000,55.000,0.494444,0.544444,-0.677573,23.894,40.826,132.594,746.5
Karolain_9_puntos_intento_4.mp4,876,7300.000,True,145.000,153.000,0.000,234.000,55.000,0.494444,0.544444,-0.677573,23.664,41.407,131.546,748.0
Karolain_9_puntos_intento_4.mp4,877,7308.333,True,145.000,153.000,0.000,234.000,55.000,0.494444,0.544444,-0.677573,23.810,41.439,132.131,751.5
Karolain_9_puntos_intento_4.mp4,878,7316.667,True,145.000,153.000,0.000,234.000,55.000,0.494444,0.544444,-0.677573,23.786,41.673,133.432,751.5
Karolain_9_puntos_intento_4.mp4,879,7325.000,True,145.000,153.000,0.000,234.000,55.000,0.494444,0.544444,-0.677573,23.689,41.264,132.527,744.5
Karolain_9_puntos_intento_4.mp4,880,7333.333,True,145.000,153.000,0.000,234.000,55.000,0.494444,0.544444,-0.677573,23.897,41.440,132.384,755.0
Karolain_9_puntos_intento_4.mp4,881,7341.667,True,145.000,153.000,0.000,234.000,55.000,0.494444,0.544444,-0.677573,24.332,41.882,133.222,762.5
Karolain_9_puntos_intento_4.mp4,882,7350.000,True,145.000,153.000,0.000,234.000,55.000,0.494444,0.544444,-0.677573,24.029,42.340,133.175,761.0
Karolain_9_puntos_intento_4.mp4,883,7358.333,True,145.000,153.000,0.000,234.000,55.000,0.494444,0.544444,-0.677573,23.676,41.641,133.072,758.5
Karolain_9_puntos_intento_4.mp4,884,7366.667,True,145.000,153.000,0.000,234.000,55.000,0.494444,0.544444,-0.677573,23.719,41.445,133.071,754.0
Karolain_9_puntos_intento_4.mp4,885,7375.000,True,145.000,153.000,0.000,234.000,55.000,0.494444,0.544444,-0.677573,24.031,41.387,132.363,759.5
Karolain_9_puntos_intento_4.mp4,886,7383.333,True,145.000,153.000,0.000,234.000,55.000,0.494444,0.544444,-0.677573,23.810,41.031,133.121,749.5
Karolain_9_puntos_intento_4.mp4,887,7391.667,True,145.000,153.000,0.000,234.000,55.000,0.494444,0.544444,-0.677573,24.328,41.509,133.196,760.5
Karolain_9_puntos_intento_4.mp4,888,7400.000,True,145.000,153.000,0.000,234.000,55.000,0.494444,0.544444,-0.677573,24.678,41.652,131.652,769.0
Karolain_9_puntos_intento_4.mp4,889,7408.333,True,145.000,153.000,0.000,234.000,55.000,0.494444,0.544444,-0.677573,24.265,42.034,132.233,759.5
Karolain_9_puntos_intento_4.mp4,890,7416.667,True,145.000,153.000,0.000,234.000,55.000,0.494444,0.544444,-0.677573,24.549,42.432,131.912,773.0
Karolain_9_puntos_intento_4.mp4,891,7425.000,True,145.000,153.000,0.000,234.000,55.000,0.494444,0.544444,-0.677573,23.953,42.415,131.534,761.5
Karolain_9_puntos_intento_4.mp4,892,7433.333,True,145.000,153.000,0.000,234.000,55.000,0.494444,0.544444,-0.677573,24.104,42.695,132.320,768.5
Karolain_9_puntos_intento_4.mp4,893,7441.667,True,145.000,153.000,0.000,234.000,55.000,0.494444,0.544444,-0.677573,24.291,42.353,132.394,774.0
Karolain_9_puntos_intento_4.mp4,894,7450.000,True,145.000,153.000,0.000,234.000,54.000,0.494444,0.550000,-0.673071,24.029,41.166,131.034,760.5
Karolain_9_puntos_intento_4.mp4,895,7458.333,True,145.000,153.000,0.000,234.000,55.000,0.494444,0.544444,-0.677573,23.860,41.436,130.961,756.0
Karolain_9_puntos_intento_4.mp4,896,7466.667,True,145.000,153.000,0.000,234.000,54.000,0.494444,0.550000,-0.673071,23.849,41.540,131.865,745.0
Karolain_9_puntos_intento_4.mp4,897,7475.000,True,145.000,153.000,0.000,234.000,55.000,0.494444,0.544444,-0.677573,23.886,41.444,131.651,742.0
Karolain_9_puntos_intento_4.mp4,898,7483.333,True,145.000,153.000,0.000,234.000,54.000,0.494444,0.550000,-0.673071,23.858,41.204,132.502,745.5
Karolain_9_puntos_intento_4.mp4,899,7491.667,True,145.000,153.000,0.000,234.000,55.000,0.494444,0.544444,-0.677573,23.908,40.639,131.414,737.0
Karolain_9_puntos_intento_4.mp4,900,7500.000,True,145.000,153.000,0.000,234.000,55.000,0.494444,0.544444,-0.677573,23.802,41.245,131.673,750.5
Karolain_9_puntos_intento_4.mp4,901,7508.333,True,145.000,153.000,0.000,234.000,55.000,0.494444,0.544444,-0.677573,23.707,41.397,133.070,746.5
Karolain_9_puntos_intento_4.mp4,902,7516.667,True,145.000,153.000,0.000,234.000,55.000,0.494444,0.544444,-0.677573,23.885,41.959,132.892,750.5
Karolain_9_puntos_intento_4.mp4,903,7525.000,True,145.000,153.000,0.000,234.000,55.000,0.494444,0.544444,-0.677573,24.268,41.007,133.272,756.0
Karolain_9_puntos_intento_4.mp4,904,7533.333,True,145.000,153.000,0.000,234.000,55.000,0.494444,0.544444,-0.677573,23.859,41.385,130.843,761.0
Karolain_9_puntos_intento_4.mp4,905,7541.667,True,145.000,153.000,0.000,233.000,55.000,0.488889,0.544444,-0.681592,23.654,41.629,131.405,751.5
Karolain_9_puntos_intento_4.mp4,906,7550.000,True,145.000,153.000,0.000,234.000,55.000,0.494444,0.544444,-0.677573,24.074,42.616,131.780,758.5
Karolain_9_puntos_intento_4.mp4,907,7558.333,True,145.000,153.000,0.000,233.000,54.000,0.488889,0.550000,-0.677117,24.134,41.928,131.074,758.0
Karolain_9_puntos_intento_4.mp4,908,7566.667,True,145.000,153.000,0.000,234.000,54.000,0.494444,0.550000,-0.673071,24.245,41.990,131.903,763.5
Karolain_9_puntos_intento_4.mp4,909,7575.000,True,145.000,153.000,0.000,234.000,55.000,0.494444,0.544444,-0.677573,23.941,41.296,133.164,751.5
Karolain_9_puntos_intento_4.mp4,910,7583.333,True,146.000,153.000,0.000,234.000,55.000,0.488889,0.544444,-0.681592,24.187,41.786,132.184,758.0
Karolain_9_puntos_intento_4.mp4,911,7591.667,True,146.000,153.000,0.000,234.000,54.000,0.488889,0.550000,-0.677117,23.675,40.866,130.859,748.0
Karolain_9_puntos_intento_4.mp4,912,7600.000,True,146.000,153.000,0.000,234.000,54.000,0.488889,0.550000,-0.677117,23.852,41.268,132.281,740.5
Karolain_9_puntos_intento_4.mp4,913,7608.333,True,146.000,153.000,0.000,234.000,55.000,0.488889,0.544444,-0.681592,24.302,42.190,132.024,763.0
Karolain_9_puntos_intento_4.mp4,914,7616.667,True,146.000,153.000,0.000,234.000,55.000,0.488889,0.544444,-0.681592,24.227,42.348,132.664,758.0
Karolain_9_puntos_intento_4.mp4,915,7625.000,True,146.000,153.000,0.000,234.000,54.000,0.488889,0.550000,-0.677117,24.261,42.031,132.440,757.5
Karolain_9_puntos_intento_4.mp4,916,7633.333,True,146.000,153.000,0.000,234.000,54.000,0.488889,0.550000,-0.677117,23.972,41.434,132.983,758.5
Karolain_9_puntos_intento_4.mp4,917,7641.667,True,146.000,153.000,0.000,234.000,55.000,0.488889,0.544444,-0.681592,23.705,41.279,131.700,750.5
Karolain_9_puntos_intento_4.mp4,918,7650.000,True,146.000,153.000,0.000,234.000,55.000,0.488889,0.544444,-0.681592,23.739,41.584,132.506,754.0
Karolain_9_puntos_intento_4.mp4,919,7658.333,True,146.000,153.000,0.000,234.000,54.000,0.488889,0.550000,-0.677117,24.047,41.612,132.975,769.0
Karolain_9_puntos_intento_4.mp4,920,7666.667,True,146.000,153.000,0.000,234.000,54.000,0.488889,0.550000,-0.677117,23.998,41.783,132.000,771.5
Karolain_9_puntos_intento_4.mp4,921,7675.000,True,146.000,153.000,0.000,234.000,54.000,0.488889,0.550000,-0.677117,23.604,41.751,132.738,757.5
Karolain_9_puntos_intento_4.mp4,922,7683.333,True,146.000,153.000,0.000,234.000,54.000,0.488889,0.550000,-0.677117,24.007,42.559,132.982,754.5
Karolain_9_puntos_intento_4.mp4,923,7691.667,True,146.000,153.000,0.000,234.000,54.000,0.488889,0.550000,-0.677117,24.190,42.055,132.744,764.0
Karolain_9_puntos_intento_4.mp4,924,7700.000,True,146.000,153.000,0.000,234.000,54.000,0.488889,0.550000,-0.677117,23.720,41.118,131.337,745.0
Karolain_9_puntos_intento_4.mp4,925,7708.333,True,146.000,153.000,0.000,234.000,54.000,0.488889,0.550000,-0.677117,23.842,42.237,132.485,751.5
Karolain_9_puntos_intento_4.mp4,926,7716.667,True,146.000,153.000,0.000,234.000,54.000,0.488889,0.550000,-0.677117,24.086,41.681,133.238,764.0
Karolain_9_puntos_intento_4.mp4,927,7725.000,True,146.000,153.000,0.000,234.000,54.000,0.488889,0.550000,-0.677117,23.876,42.077,131.794,757.0
Karolain_9_puntos_intento_4.mp4,928,7733.333,True,146.000,153.000,0.000,234.000,54.000,0.488889,0.550000,-0.677117,23.937,42.289,133.198,763.0
Karolain_9_puntos_intento_4.mp4,929,7741.667,True,146.000,153.000,0.000,233.000,54.000,0.483333,0.550000,-0.681094,24.042,42.197,131.435,761.0
Karolain_9_puntos_intento_4.mp4,930,7750.000,True,146.000,153.000,0.000,234.000,54.000,0.488889,0.550000,-0.677117,24.079,42.702,131.014,768.5
Karolain_9_puntos_intento_4.mp4,931,7758.333,True,146.000,153.000,0.000,233.000,54.000,0.483333,0.550000,-0.681094,23.943,41.928,132.053,768.0
Karolain_9_puntos_intento_4.mp4,932,7766.667,True,146.000,153.000,0.000,234.000,54.000,0.488889,0.550000,-0.677117,23.635,41.757,132.210,752.0
Karolain_9_puntos_intento_4.mp4,933,7775.000,True,146.000,153.000,0.000,234.000,54.000,0.488889,0.550000,-0.677117,23.560,41.793,132.388,751.5
Karolain_9_puntos_intento_4.mp4,934,7783.333,True,146.000,153.000,0.000,233.000,54.000,0.483333,0.550000,-0.681094,23.974,41.859,131.838,764.0
Karolain_9_puntos_intento_4.mp4,935,7791.667,True,146.000,153.000,0.000,234.000,54.000,0.488889,0.550000,-0.677117,23.980,41.353,132.674,757.0
Karolain_9_puntos_intento_4.mp4,936,7800.000,True,146.000,153.000,0.000,234.000,54.000,0.488889,0.550000,-0.677117,24.091,41.956,133.499,753.5
Karolain_9_puntos_intento_4.mp4,937,7808.333,True,146.000,153.000,0.000,234.000,54.000,0.488889,0.550000,-0.677117,23.781,42.149,131.981,759.5
Karolain_9_puntos_intento_4.mp4,938,7816.667,True,146.000,153.000,0.000,234.000,54.000,0.488889,0.550000,-0.677117,24.081,41.643,130.448,761.0
Karolain_9_puntos_intento_4.mp4,939,7825.000,True,146.000,153.000,0.000,233.000,54.000,0.483333,0.550000,-0.681094,23.388,41.895,132.580,745.0
Karolain_9_puntos_intento_4.mp4,940,7833.333,True,146.000,153.000,0.000,233.000,54.000,0.483333,0.550000,-0.681094,23.620,42.055,132.789,758.0
Karolain_9_puntos_intento_4.mp4,941,7841.667,True,146.000,153.000,0.000,233.000,54.000,0.483333,0.550000,-0.681094,24.225,42.626,133.158,763.5
Karolain_9_puntos_intento_4.mp4,942,7850.000,True,146.000,153.000,0.000,233.000,54.000,0.483333,0.550000,-0.681094,23.849,42.373,133.187,772.5
Karolain_9_puntos_intento_4.mp4,943,7858.333,True,146.000,153.000,0.000,233.000,54.000,0.483333,0.550000,-0.681094,23.814,42.200,132.288,766.0
Karolain_9_puntos_intento_4.mp4,944,7866.667,True,146.000,153.000,0.000,234.000,54.000,0.488889,0.550000,-0.677117,23.848,42.858,133.197,778.0
Karolain_9_puntos_intento_4.mp4,945,7875.000,True,146.000,153.000,0.000,233.000,54.000,0.483333,0.550000,-0.681094,23.831,42.753,133.966,771.0
Karolain_9_puntos_intento_4.mp4,946,7883.333,True,146.000,153.000,0.000,233.000,54.000,0.483333,0.550000,-0.681094,24.143,42.757,133.253,787.5
Karolain_9_puntos_intento_4.mp4,947,7891.667,True,146.000,153.000,0.000,233.000,54.000,0.483333,0.550000,-0.681094,24.417,43.027,131.900,784.0
Karolain_9_puntos_intento_4.mp4,948,7900.000,True,146.000,153.000,0.000,234.000,54.000,0.488889,0.550000,-0.677117,24.102,42.351,132.890,788.0
Karolain_9_puntos_intento_4.mp4,949,7908.333,True,146.000,153.000,0.000,233.000,54.000,0.483333,0.550000,-0.681094,24.196,41.912,132.345,778.0
Karolain_9_puntos_intento_4.mp4,950,7916.667,True,146.000,153.000,0.000,234.000,54.000,0.488889,0.550000,-0.677117,24.441,42.936,132.318,786.0
Karolain_9_puntos_intento_4.mp4,951,7925.000,True,146.000,153.000,0.000,233.000,54.000,0.483333,0.550000,-0.681094,24.299,41.943,132.334,784.5
Karolain_9_puntos_intento_4.mp4,952,7933.333,True,146.000,153.000,0.000,234.000,54.000,0.488889,0.550000,-0.677117,24.675,42.614,131.147,794.5
Karolain_9_puntos_intento_4.mp4,953,7941.667,True,146.000,153.000,0.000,234.000,54.000,0.488889,0.550000,-0.677117,24.282,43.004,132.415,791.0
Karolain_9_puntos_intento_4.mp4,954,7950.000,True,146.000,153.000,0.000,234.000,54.000,0.488889,0.550000,-0.677117,24.803,43.035,131.733,811.0
Karolain_9_puntos_intento_4.mp4,955,7958.333,True,146.000,153.000,0.000,234.000,54.000,0.488889,0.550000,-0.677117,24.906,42.813,132.046,801.5
Karolain_9_puntos_intento_4.mp4,956,7966.667,True,146.000,153.000,0.000,234.000,54.000,0.488889,0.550000,-0.677117,24.773,42.877,132.778,802.5
Karolain_9_puntos_intento_4.mp4,957,7975.000,True,146.000,153.000,0.000,234.000,55.000,0.488889,0.544444,-0.681592,24.878,42.720,132.484,806.5
Karolain_9_puntos_intento_4.mp4,958,7983.333,True,146.000,153.000,0.000,234.000,54.000,0.488889,0.550000,-0.677117,24.791,42.976,131.771,805.5
Karolain_9_puntos_intento_4.mp4,959,7991.667,True,146.000,153.000,0.000,234.000,54.000,0.488889,0.550000,-0.677117,24.786,42.673,132.283,805.5
Karolain_9_puntos_intento_4.mp4,960,8000.000,True,146.000,153.000,0.000,234.000,54.000,0.488889,0.550000,-0.677117,24.801,42.639,131.272,806.0
Karolain_9_puntos_intento_4.mp4,961,8008.333,True,146.000,153.000,0.000,233.000,54.000,0.483333,0.550000,-0.681094,24.774,42.002,133.076,795.5
Karolain_9_puntos_intento_4.mp4,962,8016.667,True,146.000,153.000,0.000,233.000,54.000,0.483333,0.550000,-0.681094,24.335,41.377,132.012,769.0
Karolain_9_puntos_intento_4.mp4,963,8025.000,True,146.000,153.000,0.000,233.000,54.000,0.483333,0.550000,-0.681094,24.642,41.992,132.549,774.0
Karolain_9_puntos_intento_4.mp4,964,8033.333,True,146.000,153.000,0.000,233.000,54.000,0.483333,0.550000,-0.681094,24.592,41.492,132.097,771.0
Karolain_9_puntos_intento_4.mp4,965,8041.667,True,146.000,153.000,0.000,233.000,54.000,0.483333,0.550000,-0.681094,24.546,41.932,132.173,788.0
Karolain_9_puntos_intento_4.mp4,966,8050.000,True,146.000,153.000,0.000,233.000,54.000,0.483333,0.550000,-0.681094,24.262,42.205,131.776,786.5
Karolain_9_puntos_intento_4.mp4,967,8058.333,True,146.000,153.000,0.000,233.000,54.000,0.483333,0.550000,-0.681094,24.158,42.427,130.562,779.5
Karolain_9_puntos_intento_4.mp4,968,8066.667,True,146.000,153.000,0.000,234.000,55.000,0.488889,0.544444,-0.681592,24.785,42.306,131.544,799.0
Karolain_9_puntos_intento_4.mp4,969,8075.000,True,146.000,153.000,0.000,233.000,54.000,0.483333,0.550000,-0.681094,24.316,42.854,132.506,798.0
Karolain_9_puntos_intento_4.mp4,970,8083.333,True,146.000,153.000,0.000,233.000,54.000,0.483333,0.550000,-0.681094,24.614,42.619,132.693,796.0
Karolain_9_puntos_intento_4.mp4,971,8091.667,True,146.000,153.000,0.000,233.000,54.000,0.483333,0.550000,-0.681094,24.277,42.476,131.871,789.5
Karolain_9_puntos_intento_4.mp4,972,8100.000,True,146.000,153.000,0.000,233.000,54.000,0.483333,0.550000,-0.681094,24.104,42.959,132.476,799.0
Karolain_9_puntos_intento_4.mp4,973,8108.333,True,146.000,153.000,0.000,233.000,54.000,0.483333,0.550000,-0.681094,24.792,43.133,132.001,799.0
Karolain_9_puntos_intento_4.mp4,974,8116.667,True,146.000,153.000,0.000,233.000,54.000,0.483333,0.550000,-0.681094,24.558,42.160,132.331,796.5
Karolain_9_puntos_intento_4.mp4,975,8125.000,True,146.000,153.000,0.000,233.000,54.000,0.483333,0.550000,-0.681094,24.628,42.180,132.354,796.0
Karolain_9_puntos_intento_4.mp4,976,8133.333,True,146.000,153.000,0.000,233.000,54.000,0.483333,0.550000,-0.681094,24.957,42.935,132.441,803.5
Karolain_9_puntos_intento_4.mp4,977,8141.667,True,146.000,153.000,0.000,233.000,55.000,0.483333,0.544444,-0.685543,24.423,42.618,132.409,798.5
Karolain_9_puntos_intento_4.mp4,978,8150.000,True,146.000,153.000,0.000,233.000,54.000,0.483333,0.550000,-0.681094,24.842,43.284,132.659,803.0
Karolain_9_puntos_intento_4.mp4,979,8158.333,True,146.000,153.000,0.000,233.000,54.000,0.483333,0.550000,-0.681094,24.997,43.381,132.519,813.5
Karolain_9_puntos_intento_4.mp4,980,8166.667,True,146.000,153.000,0.000,234.000,54.000,0.488889,0.550000,-0.677117,24.986,42.722,132.984,818.0
Karolain_9_puntos_intento_4.mp4,981,8175.000,True,146.000,153.000,0.000,234.000,54.000,0.488889,0.550000,-0.677117,24.691,42.681,132.257,814.0
Karolain_9_puntos_intento_4.mp4,982,8183.333,True,146.000,153.000,0.000,234.000,54.000,0.488889,0.550000,-0.677117,24.954,42.491,132.326,811.0
Karolain_9_puntos_intento_4.mp4,983,8191.667,True,146.000,153.000,0.000,234.000,55.000,0.488889,0.544444,-0.681592,24.734,42.856,131.976,809.0
Karolain_9_puntos_intento_4.mp4,984,8200.000,True,146.000,153.000,0.000,233.000,54.000,0.483333,0.550000,-0.681094,24.997,42.848,132.022,812.0
Karolain_9_puntos_intento_4.mp4,985,8208.333,True,146.000,153.000,0.000,234.000,54.000,0.488889,0.550000,-0.677117,24.952,43.104,133.313,821.0
Karolain_9_puntos_intento_4.mp4,986,8216.667,True,146.000,153.000,0.000,234.000,54.000,0.488889,0.550000,-0.677117,25.469,43.417,131.985,839.5
Karolain_9_puntos_intento_4.mp4,987,8225.000,True,146.000,153.000,0.000,234.000,54.000,0.488889,0.550000,-0.677117,24.939,43.312,132.593,827.0
Karolain_9_puntos_intento_4.mp4,988,8233.333,True,146.000,153.000,0.000,234.000,54.000,0.488889,0.550000,-0.677117,25.255,43.438,133.483,834.5
Karolain_9_puntos_intento_4.mp4,989,8241.667,True,146.000,153.000,0.000,234.000,54.000,0.488889,0.550000,-0.677117,25.035,43.150,132.786,816.5
Karolain_9_puntos_intento_4.mp4,990,8250.000,True,146.000,153.000,0.000,233.000,54.000,0.483333,0.550000,-0.681094,25.231,42.992,132.398,835.0
Karolain_9_puntos_intento_4.mp4,991,8258.333,True,146.000,153.000,0.000,234.000,54.000,0.488889,0.550000,-0.677117,25.248,42.757,132.005,831.5
Karolain_9_puntos_intento_4.mp4,992,8266.667,True,146.000,153.000,0.000,233.000,54.000,0.483333,0.550000,-0.681094,25.731,42.809,132.229,835.0
Karolain_9_puntos_intento_4.mp4,993,8275.000,True,146.000,153.000,0.000,234.000,54.000,0.488889,0.550000,-0.677117,25.655,43.062,132.136,835.5
Karolain_9_puntos_intento_4.mp4,994,8283.333,True,146.000,153.000,0.000,234.000,54.000,0.488889,0.550000,-0.677117,25.940,42.965,131.339,846.0
Karolain_9_puntos_intento_4.mp4,995,8291.667,True,146.000,153.000,0.000,234.000,54.000,0.488889,0.550000,-0.677117,25.467,42.876,133.307,838.5
Karolain_9_puntos_intento_4.mp4,996,8300.000,True,146.000,153.000,0.000,234.000,54.000,0.488889,0.550000,-0.677117,25.526,43.187,132.305,849.0
Karolain_9_puntos_intento_4.mp4,997,8308.333,True,146.000,153.000,0.000,234.000,54.000,0.488889,0.550000,-0.677117,25.481,42.873,132.847,838.5
Karolain_9_puntos_intento_4.mp4,998,8316.667,True,146.000,153.000,0.000,234.000,55.000,0.488889,0.544444,-0.681592,25.918,44.211,132.990,854.5
Karolain_9_puntos_intento_4.mp4,999,8325.000,True,146.000,153.000,0.000,234.000,54.000,0.488889,0.550000,-0.677117,25.780,44.006,132.845,848.5
Karolain_9_puntos_intento_4.mp4,1000,8333.333,True,146.000,153.000,0.000,233.000,54.000,0.483333,0.550000,-0.681094,26.049,43.639,131.631,864.5
Karolain_9_puntos_intento_4.mp4,1001,8341.667,True,146.000,153.000,0.000,233.000,54.000,0.483333,0.550000,-0.681094,26.174,43.075,131.421,857.5
Karolain_9_puntos_intento_4.mp4,1002,8350.000,True,146.000,153.000,0.000,234.000,54.000,0.488889,0.550000,-0.677117,25.632,43.656,133.178,851.0
Karolain_9_puntos_intento_4.mp4,1003,8358.333,True,146.000,153.000,0.000,233.000,54.000,0.483333,0.550000,-0.681094,25.834,43.105,132.580,853.0
Karolain_9_puntos_intento_4.mp4,1004,8366.667,True,146.000,153.000,0.000,233.000,54.000,0.483333,0.550000,-0.681094,25.744,44.108,133.023,867.0
Karolain_9_puntos_intento_4.mp4,1005,8375.000,True,146.000,153.000,0.000,234.000,55.000,0.488889,0.544444,-0.681592,26.189,44.220,133.739,868.5
Karolain_9_puntos_intento_4.mp4,1006,8383.333,True,146.000,153.000,0.000,233.000,54.000,0.483333,0.550000,-0.681094,25.872,44.610,132.911,870.0
Karolain_9_puntos_intento_4.mp4,1007,8391.667,True,146.000,153.000,0.000,234.000,54.000,0.488889,0.550000,-0.677117,25.593,43.156,132.484,847.0
Karolain_9_puntos_intento_4.mp4,1008,8400.000,True,146.000,153.000,0.000,234.000,54.000,0.488889,0.550000,-0.677117,25.623,43.135,132.824,850.5
Karolain_9_puntos_intento_4.mp4,1009,8408.333,True,146.000,153.000,0.000,234.000,54.000,0.488889,0.550000,-0.677117,25.497,42.990,131.176,840.5
Karolain_9_puntos_intento_4.mp4,1010,8416.667,True,146.000,153.000,0.000,234.000,54.000,0.488889,0.550000,-0.677117,25.701,44.472,130.934,854.5
Karolain_9_puntos_intento_4.mp4,1011,8425.000,True,146.000,153.000,0.000,233.000,54.000,0.483333,0.550000,-0.681094,25.159,43.107,131.856,836.0
Karolain_9_puntos_intento_4.mp4,1012,8433.333,True,146.000,153.000,0.000,234.000,54.000,0.488889,0.550000,-0.677117,24.965,43.845,132.045,840.5
Karolain_9_puntos_intento_4.mp4,1013,8441.667,True,146.000,153.000,0.000,234.000,54.000,0.488889,0.550000,-0.677117,25.237,44.054,132.222,837.0
Karolain_9_puntos_intento_4.mp4,1014,8450.000,True,146.000,153.000,0.000,234.000,55.000,0.488889,0.544444,-0.681592,25.464,44.203,133.308,841.0
Karolain_9_puntos_intento_4.mp4,1015,8458.333,True,146.000,153.000,0.000,234.000,54.000,0.488889,0.550000,-0.677117,25.486,43.269,133.153,842.5
Karolain_9_puntos_intento_4.mp4,1016,8466.667,True,146.000,153.000,0.000,234.000,54.000,0.488889,0.550000,-0.677117,25.549,43.354,132.021,849.5
Karolain_9_puntos_intento_4.mp4,1017,8475.000,True,146.000,153.000,0.000,233.000,54.000,0.483333,0.550000,-0.681094,25.363,43.500,133.425,847.5
Karolain_9_puntos_intento_4.mp4,1018,8483.333,True,146.000,153.000,0.000,234.000,54.000,0.488889,0.550000,-0.677117,25.119,43.941,132.428,843.0
Karolain_9_puntos_intento_4.mp4,1019,8491.667,True,146.000,153.000,0.000,234.000,54.000,0.488889,0.550000,-0.677117,25.559,43.989,133.505,849.5
Karolain_9_puntos_intento_4.mp4,1020,8500.000,True,146.000,153.000,0.000,234.000,54.000,0.488889,0.550000,-0.677117,25.526,43.548,132.067,851.0
Karolain_9_puntos_intento_4.mp4,1021,8508.333,True,146.000,153.000,0.000,234.000,54.000,0.488889,0.550000,-0.677117,25.619,43.699,131.272,836.5
Karolain_9_puntos_intento_4.mp4,1022,8516.667,True,146.000,153.000,0.000,234.000,54.000,0.488889,0.550000,-0.677117,25.839,42.972,131.968,847.0
Karolain_9_puntos_intento_4.mp4,1023,8525.000,True,146.000,153.000,0.000,234.000,54.000,0.488889,0.550000,-0.677117,25.850,43.877,132.716,847.0
Karolain_9_puntos_intento_4.mp4,1024,8533.333,True,146.000,153.000,0.000,234.000,55.000,0.488889,0.544444,-0.681592,25.656,43.779,132.259,846.5
Karolain_9_puntos_intento_4.mp4,1025,8541.667,True,146.000,153.000,0.000,234.000,55.000,0.488889,0.544444,-0.681592,25.638,43.493,133.232,842.0
Karolain_9_puntos_intento_4.mp4,1026,8550.000,True,146.000,153.000,0.000,234.000,55.000,0.488889,0.544444,-0.681592,25.682,43.595,132.099,839.5
Karolain_9_puntos_intento_4.mp4,1027,8558.333,True,146.000,153.000,0.000,234.000,54.000,0.488889,0.550000,-0.677117,25.835,43.615,132.552,851.5
Karolain_9_puntos_intento_4.mp4,1028,8566.667,True,146.000,153.000,0.000,233.000,54.000,0.483333,0.550000,-0.681094,25.694,43.251,132.588,843.5
Karolain_9_puntos_intento_4.mp4,1029,8575.000,True,146.000,153.000,0.000,234.000,54.000,0.488889,0.550000,-0.677117,25.674,43.224,131.776,839.0
Karolain_9_puntos_intento_4.mp4,1030,8583.333,True,146.000,153.000,0.000,234.000,54.000,0.488889,0.550000,-0.677117,25.530,44.063,133.770,844.5
Karolain_9_puntos_intento_4.mp4,1031,8591.667,True,146.000,153.000,0.000,234.000,54.000,0.488889,0.550000,-0.677117,25.262,43.279,132.290,843.0
Karolain_9_puntos_intento_4.mp4,1032,8600.000,True,146.000,153.000,0.000,234.000,54.000,0.488889,0.550000,-0.677117,25.386,42.699,133.624,832.5
Karolain_9_puntos_intento_4.mp4,1033,8608.333,True,146.000,153.000,0.000,234.000,54.000,0.488889,0.550000,-0.677117,25.160,42.691,130.691,821.0
Karolain_9_puntos_intento_4.mp4,1034,8616.667,True,146.000,153.000,0.000,234.000,54.000,0.488889,0.550000,-0.677117,25.332,43.765,132.022,825.5
Karolain_9_puntos_intento_4.mp4,1035,8625.000,True,146.000,153.000,0.000,234.000,54.000,0.488889,0.550000,-0.677117,25.445,43.104,132.908,830.0
Karolain_9_puntos_intento_4.mp4,1036,8633.333,True,146.000,153.000,0.000,234.000,55.000,0.488889,0.544444,-0.681592,25.801,43.662,133.008,835.5
Karolain_9_puntos_intento_4.mp4,1037,8641.667,True,146.000,153.000,0.000,234.000,55.000,0.488889,0.544444,-0.681592,24.935,43.121,132.357,823.0
Karolain_9_puntos_intento_4.mp4,1038,8650.000,True,146.000,153.000,0.000,234.000,54.000,0.488889,0.550000,-0.677117,25.136,42.807,133.436,818.5
Karolain_9_puntos_intento_4.mp4,1039,8658.333,True,146.000,153.000,0.000,234.000,54.000,0.488889,0.550000,-0.677117,25.131,43.667,132.803,821.5
Karolain_9_puntos_intento_4.mp4,1040,8666.667,True,146.000,153.000,0.000,234.000,54.000,0.488889,0.550000,-0.677117,25.332,42.382,133.379,827.5
Karolain_9_puntos_intento_4.mp4,1041,8675.000,True,146.000,153.000,0.000,229.000,55.000,0.461111,0.544444,-0.700683,25.581,42.237,133.891,833.5
Karolain_9_puntos_intento_4.mp4,1042,8683.333,True,146.000,153.000,0.000,221.000,55.000,0.416667,0.544444,-0.727990,29.191,42.792,127.899,951.0
Karolain_9_puntos_intento_4.mp4,1043,8691.667,True,146.000,153.000,0.000,213.000,55.000,0.372222,0.544444,-0.751685,30.720,43.093,126.545,1016.5
Karolain_9_puntos_intento_4.mp4,1044,8700.000,True,146.000,153.000,0.000,205.000,56.000,0.327778,0.538889,-0.775990,32.550,43.705,121.715,1094.0
Karolain_9_puntos_intento_4.mp4,1045,8708.333,True,146.000,153.000,0.000,198.000,58.000,0.288889,0.527778,-0.798745,34.103,43.975,113.648,1144.5
Karolain_9_puntos_intento_4.mp4,1046,8716.667,True,146.000,153.000,0.000,192.000,59.000,0.255556,0.522222,-0.813619,35.246,44.373,108.171,1204.5
Karolain_9_puntos_intento_4.mp4,1047,8725.000,True,146.000,153.000,0.000,187.000,60.000,0.227778,0.516667,-0.825332,35.129,44.552,105.575,1194.5
Karolain_9_puntos_intento_4.mp4,1048,8733.333,True,146.000,153.000,0.000,186.000,60.000,0.222222,0.516667,-0.826845,34.667,44.068,103.348,1191.5
Karolain_9_puntos_intento_4.mp4,1049,8741.667,True,146.000,153.000,0.000,187.000,60.000,0.227778,0.516667,-0.825332,34.478,44.183,104.906,1182.0
Karolain_9_puntos_intento_4.mp4,1050,8750.000,True,146.000,153.000,0.000,187.000,59.000,0.227778,0.522222,-0.821828,34.621,43.963,106.466,1174.0
Karolain_9_puntos_intento_4.mp4,1051,8758.333,True,146.000,153.000,0.000,186.000,59.000,0.222222,0.522222,-0.823348,34.084,44.278,107.297,1159.0
Karolain_9_puntos_intento_4.mp4,1052,8766.667,True,146.000,153.000,0.000,187.000,59.000,0.227778,0.522222,-0.821828,34.674,44.018,108.105,1167.5
Karolain_9_puntos_intento_4.mp4,1053,8775.000,True,146.000,153.000,0.000,187.000,59.000,0.227778,0.522222,-0.821828,34.836,43.701,105.738,1158.5
Karolain_9_puntos_intento_4.mp4,1054,8783.333,True,146.000,153.000,0.000,186.000,59.000,0.222222,0.522222,-0.823348,34.133,44.216,106.577,1160.5
Karolain_9_puntos_intento_4.mp4,1055,8791.667,True,146.000,153.000,0.000,186.000,59.000,0.222222,0.522222,-0.823348,33.948,43.864,106.179,1155.5
Karolain_9_puntos_intento_4.mp4,1056,8800.000,True,146.000,153.000,0.000,186.000,59.000,0.222222,0.522222,-0.823348,33.945,44.206,105.392,1156.0
Karolain_9_puntos_intento_4.mp4,1057,8808.333,True,146.000,153.000,0.000,186.000,59.000,0.222222,0.522222,-0.823348,34.411,44.298,105.198,1162.5
Karolain_9_puntos_intento_4.mp4,1058,8816.667,True,146.000,153.000,0.000,186.000,59.000,0.222222,0.522222,-0.823348,34.492,44.163,106.728,1173.0
Karolain_9_puntos_intento_4.mp4,1059,8825.000,True,146.000,153.000,0.000,186.000,59.000,0.222222,0.522222,-0.823348,34.090,44.482,106.530,1167.0
Karolain_9_puntos_intento_4.mp4,1060,8833.333,True,146.000,153.000,0.000,186.000,58.000,0.222222,0.527778,-0.819797,34.499,44.502,109.437,1161.0
Karolain_9_puntos_intento_4.mp4,1061,8841.667,True,146.000,153.000,0.000,186.000,58.000,0.222222,0.527778,-0.819797,34.617,43.977,105.655,1163.0
Karolain_9_puntos_intento_4.mp4,1062,8850.000,True,146.000,153.000,0.000,186.000,58.000,0.222222,0.527778,-0.819797,34.551,43.748,106.124,1155.5
Karolain_9_puntos_intento_4.mp4,1063,8858.333,True,146.000,153.000,0.000,186.000,58.000,0.222222,0.527778,-0.819797,34.536,43.567,105.660,1154.5
Karolain_9_puntos_intento_4.mp4,1064,8866.667,True,146.000,153.000,0.000,186.000,58.000,0.222222,0.527778,-0.819797,34.244,43.924,107.354,1152.5
Karolain_9_puntos_intento_4.mp4,1065,8875.000,True,146.000,153.000,0.000,186.000,58.000,0.222222,0.527778,-0.819797,34.146,43.477,106.347,1143.0
Karolain_9_puntos_intento_4.mp4,1066,8883.333,True,146.000,153.000,0.000,186.000,58.000,0.222222,0.527778,-0.819797,34.340,43.756,105.895,1147.0
Karolain_9_puntos_intento_4.mp4,1067,8891.667,True,146.000,153.000,0.000,186.000,58.000,0.222222,0.527778,-0.819797,34.028,44.220,105.679,1150.0
Karolain_9_puntos_intento_4.mp4,1068,8900.000,True,146.000,153.000,0.000,186.000,58.000,0.222222,0.527778,-0.819797,34.052,43.374,104.292,1144.5
Karolain_9_puntos_intento_4.mp4,1069,8908.333,True,146.000,153.000,0.000,186.000,58.000,0.222222,0.527778,-0.819797,33.606,43.802,109.261,1120.5
Karolain_9_puntos_intento_4.mp4,1070,8916.667,True,146.000,153.000,0.000,186.000,58.000,0.222222,0.527778,-0.819797,33.796,43.515,106.801,1125.5
Karolain_9_puntos_intento_4.mp4,1071,8925.000,True,146.000,153.000,0.000,186.000,58.000,0.222222,0.527778,-0.819797,33.670,43.238,105.934,1119.5
Karolain_9_puntos_intento_4.mp4,1072,8933.333,True,146.000,153.000,0.000,186.000,58.000,0.222222,0.527778,-0.819797,33.966,43.163,105.726,1115.0
Karolain_9_puntos_intento_4.mp4,1073,8941.667,True,146.000,153.000,0.000,186.000,58.000,0.222222,0.527778,-0.819797,33.520,43.457,107.522,1114.0
Karolain_9_puntos_intento_4.mp4,1074,8950.000,True,146.000,153.000,0.000,187.000,58.000,0.227778,0.527778,-0.818271,33.915,43.281,106.281,1123.0
Karolain_9_puntos_intento_4.mp4,1075,8958.333,True,146.000,153.000,0.000,186.000,57.000,0.222222,0.533333,-0.816194,33.394,43.233,105.895,1111.5
Karolain_9_puntos_intento_4.mp4,1076,8966.667,True,146.000,153.000,0.000,186.000,57.000,0.222222,0.533333,-0.816194,33.671,42.996,105.671,1111.0
Karolain_9_puntos_intento_4.mp4,1077,8975.000,True,146.000,153.000,0.000,186.000,57.000,0.222222,0.533333,-0.816194,32.815,43.596,109.109,1091.0
Karolain_9_puntos_intento_4.mp4,1078,8983.333,True,146.000,153.000,0.000,187.000,57.000,0.227778,0.533333,-0.814661,32.860,43.580,105.956,1094.5
Karolain_9_puntos_intento_4.mp4,1079,8991.667,True,146.000,153.000,0.000,187.000,57.000,0.227778,0.533333,-0.814661,32.932,42.956,105.377,1088.0
Karolain_9_puntos_intento_4.mp4,1080,9000.000,True,146.000,153.000,0.000,187.000,57.000,0.227778,0.533333,-0.814661,32.688,42.784,105.899,1082.5
Karolain_9_puntos_intento_4.mp4,1081,9008.333,True,146.000,153.000,0.000,188.000,56.000,0.233333,0.538889,-0.809416,32.900,42.501,108.585,1070.5
Karolain_9_puntos_intento_4.mp4,1082,9016.667,True,146.000,153.000,0.000,187.000,56.000,0.227778,0.538889,-0.810997,32.966,42.063,108.741,1068.5
Karolain_9_puntos_intento_4.mp4,1083,9025.000,True,146.000,153.000,0.000,187.000,56.000,0.227778,0.538889,-0.810997,32.586,42.537,108.218,1058.5
Karolain_9_puntos_intento_4.mp4,1084,9033.333,True,146.000,153.000,0.000,187.000,56.000,0.227778,0.538889,-0.810997,32.939,42.207,105.442,1060.0
Karolain_9_puntos_intento_4.mp4,1085,9041.667,True,146.000,153.000,0.000,187.000,56.000,0.227778,0.538889,-0.810997,32.766,42.053,108.612,1055.0
Karolain_9_puntos_intento_4.mp4,1086,9050.000,True,146.000,153.000,0.000,187.000,56.000,0.227778,0.538889,-0.810997,32.529,42.334,108.114,1053.5
Karolain_9_puntos_intento_4.mp4,1087,9058.333,True,146.000,153.000,0.000,187.000,56.000,0.227778,0.538889,-0.810997,32.385,42.365,108.083,1052.0
Karolain_9_puntos_intento_4.mp4,1088,9066.667,True,146.000,153.000,0.000,187.000,56.000,0.227778,0.538889,-0.810997,32.418,42.022,106.674,1046.5
Karolain_9_puntos_intento_4.mp4,1089,9075.000,True,146.000,153.000,0.000,187.000,56.000,0.227778,0.538889,-0.810997,32.429,42.559,109.920,1048.5
Karolain_9_puntos_intento_4.mp4,1090,9083.333,True,146.000,153.000,0.000,187.000,56.000,0.227778,0.538889,-0.810997,32.502,41.783,107.284,1032.0
Karolain_9_puntos_intento_4.mp4,1091,9091.667,True,146.000,153.000,0.000,187.000,56.000,0.227778,0.538889,-0.810997,32.202,41.622,108.827,1030.0
Karolain_9_puntos_intento_4.mp4,1092,9100.000,True,146.000,153.000,0.000,187.000,56.000,0.227778,0.538889,-0.810997,32.140,41.509,109.112,1030.0
Karolain_9_puntos_intento_4.mp4,1093,9108.333,True,146.000,153.000,0.000,187.000,56.000,0.227778,0.538889,-0.810997,32.240,41.521,106.262,1021.5
Karolain_9_puntos_intento_4.mp4,1094,9116.667,True,146.000,153.000,0.000,187.000,56.000,0.227778,0.538889,-0.810997,32.248,41.410,106.528,1015.0
Karolain_9_puntos_intento_4.mp4,1095,9125.000,True,146.000,153.000,0.000,187.000,56.000,0.227778,0.538889,-0.810997,32.003,41.049,105.119,1005.0
Karolain_9_puntos_intento_4.mp4,1096,9133.333,True,146.000,153.000,0.000,187.000,56.000,0.227778,0.538889,-0.810997,31.836,41.232,106.986,1017.0
Karolain_9_puntos_intento_4.mp4,1097,9141.667,True,146.000,153.000,0.000,187.000,56.000,0.227778,0.538889,-0.810997,31.924,41.319,109.116,1004.0
Karolain_9_puntos_intento_4.mp4,1098,9150.000,True,146.000,153.000,0.000,187.000,56.000,0.227778,0.538889,-0.810997,31.944,41.021,107.323,1006.0
Karolain_9_puntos_intento_4.mp4,1099,9158.333,True,146.000,153.000,0.000,187.000,56.000,0.227778,0.538889,-0.810997,31.816,40.607,105.968,997.5
Karolain_9_puntos_intento_4.mp4,1100,9166.667,True,146.000,153.000,0.000,187.000,56.000,0.227778,0.538889,-0.810997,31.777,40.616,105.319,1005.5
Karolain_9_puntos_intento_4.mp4,1101,9175.000,True,146.000,153.000,0.000,187.000,56.000,0.227778,0.538889,-0.810997,31.685,40.929,107.730,991.0
Karolain_9_puntos_intento_4.mp4,1102,9183.333,True,146.000,153.000,0.000,187.000,56.000,0.227778,0.538889,-0.810997,31.805,40.601,107.617,992.5
Karolain_9_puntos_intento_4.mp4,1103,9191.667,True,146.000,153.000,0.000,187.000,56.000,0.227778,0.538889,-0.810997,31.957,40.986,107.431,1000.0
Karolain_9_puntos_intento_4.mp4,1104,9200.000,True,146.000,153.000,0.000,187.000,56.000,0.227778,0.538889,-0.810997,32.014,41.089,108.879,1000.0
Karolain_9_puntos_intento_4.mp4,1105,9208.333,True,146.000,153.000,0.000,187.000,56.000,0.227778,0.538889,-0.810997,31.477,41.000,106.473,985.0
Karolain_9_puntos_intento_4.mp4,1106,9216.667,True,146.000,153.000,0.000,187.000,55.000,0.227778,0.544444,-0.807278,31.370,40.720,105.353,980.0
Karolain_9_puntos_intento_4.mp4,1107,9225.000,True,146.000,153.000,0.000,187.000,56.000,0.227778,0.538889,-0.810997,31.398,40.300,105.956,977.5
Karolain_9_puntos_intento_4.mp4,1108,9233.333,True,146.000,153.000,0.000,187.000,56.000,0.227778,0.538889,-0.810997,31.453,40.467,107.142,981.5
Karolain_9_puntos_intento_4.mp4,1109,9241.667,True,146.000,153.000,0.000,187.000,56.000,0.227778,0.538889,-0.810997,31.205,40.845,106.835,973.5
Karolain_9_puntos_intento_4.mp4,1110,9250.000,True,146.000,153.000,0.000,187.000,55.000,0.227778,0.544444,-0.807278,31.453,40.707,104.030,984.0
Karolain_9_puntos_intento_4.mp4,1111,9258.333,True,146.000,153.000,0.000,187.000,56.000,0.227778,0.538889,-0.810997,30.913,40.378,104.377,965.0
Karolain_9_puntos_intento_4.mp4,1112,9266.667,True,146.000,153.000,0.000,187.000,55.000,0.227778,0.544444,-0.807278,31.543,40.170,105.671,971.5
Karolain_9_puntos_intento_4.mp4,1113,9275.000,True,146.000,153.000,0.000,187.000,56.000,0.227778,0.538889,-0.810997,31.015,40.146,105.593,962.0
Karolain_9_puntos_intento_4.mp4,1114,9283.333,True,146.000,153.000,0.000,187.000,55.000,0.227778,0.544444,-0.807278,30.797,40.529,105.221,956.5
Karolain_9_puntos_intento_4.mp4,1115,9291.667,True,146.000,153.000,0.000,187.000,55.000,0.227778,0.544444,-0.807278,31.191,40.426,105.855,969.5
Karolain_9_puntos_intento_4.mp4,1116,9300.000,True,146.000,153.000,0.000,187.000,55.000,0.227778,0.544444,-0.807278,30.467,40.644,106.250,954.5
Karolain_9_puntos_intento_4.mp4,1117,9308.333,True,146.000,153.000,0.000,187.000,56.000,0.227778,0.538889,-0.810997,30.720,39.914,105.192,952.5
Karolain_9_puntos_intento_4.mp4,1118,9316.667,True,146.000,153.000,0.000,187.000,56.000,0.227778,0.538889,-0.810997,30.796,40.376,105.999,967.0
Karolain_9_puntos_intento_4.mp4,1119,9325.000,True,146.000,153.000,0.000,187.000,55.000,0.227778,0.544444,-0.807278,31.103,39.851,108.512,957.0
Karolain_9_puntos_intento_4.mp4,1120,9333.333,True,146.000,153.000,0.000,187.000,55.000,0.227778,0.544444,-0.807278,31.137,39.885,107.337,961.0
Karolain_9_puntos_intento_4.mp4,1121,9341.667,True,146.000,153.000,0.000,187.000,56.000,0.227778,0.538889,-0.810997,31.156,40.224,106.119,949.0
Karolain_9_puntos_intento_4.mp4,1122,9350.000,True,146.000,153.000,0.000,187.000,55.000,0.227778,0.544444,-0.807278,31.395,40.124,104.812,950.5
Karolain_9_puntos_intento_4.mp4,1123,9358.333,True,146.000,153.000,0.000,187.000,55.000,0.227778,0.544444,-0.807278,30.820,40.196,105.687,940.5
Karolain_9_puntos_intento_4.mp4,1124,9366.667,True,146.000,152.000,0.000,187.000,55.000,0.227778,0.538889,-0.810997,31.054,39.609,107.067,953.5
Karolain_9_puntos_intento_4.mp4,1125,9375.000,True,146.000,152.000,0.000,187.000,55.000,0.227778,0.538889,-0.810997,30.864,39.576,107.331,944.0
Karolain_9_puntos_intento_4.mp4,1126,9383.333,True,146.000,152.000,0.000,187.000,55.000,0.227778,0.538889,-0.810997,30.765,39.281,106.896,931.0
Karolain_9_puntos_intento_4.mp4,1127,9391.667,True,146.000,152.000,0.000,187.000,55.000,0.227778,0.538889,-0.810997,30.552,39.792,106.505,932.0
Karolain_9_puntos_intento_4.mp4,1128,9400.000,True,146.000,152.000,0.000,187.000,55.000,0.227778,0.538889,-0.810997,30.861,39.686,107.924,939.5
Karolain_9_puntos_intento_4.mp4,1129,9408.333,True,146.000,152.000,0.000,187.000,55.000,0.227778,0.538889,-0.810997,30.956,39.993,108.843,936.5
Karolain_9_puntos_intento_4.mp4,1130,9416.667,True,146.000,152.000,0.000,187.000,55.000,0.227778,0.538889,-0.810997,30.793,39.615,107.389,942.0
Karolain_9_puntos_intento_4.mp4,1131,9425.000,True,146.000,152.000,0.000,187.000,55.000,0.227778,0.538889,-0.810997,31.023,39.728,105.908,933.0
Karolain_9_puntos_intento_4.mp4,1132,9433.333,True,146.000,152.000,0.000,187.000,55.000,0.227778,0.538889,-0.810997,30.335,39.343,103.014,929.0
Karolain_9_puntos_intento_4.mp4,1133,9441.667,True,146.000,152.000,0.000,187.000,55.000,0.227778,0.538889,-0.810997,30.376,39.443,103.056,931.0
Karolain_9_puntos_intento_4.mp4,1134,9450.000,True,146.000,152.000,0.000,187.000,55.000,0.227778,0.538889,-0.810997,30.472,39.579,104.903,932.5
Karolain_9_puntos_intento_4.mp4,1135,9458.333,True,146.000,152.000,0.000,187.000,55.000,0.227778,0.538889,-0.810997,30.357,39.341,103.320,927.0
Karolain_9_puntos_intento_4.mp4,1136,9466.667,True,146.000,152.000,0.000,187.000,55.000,0.227778,0.538889,-0.810997,30.643,39.646,107.089,936.0
Karolain_9_puntos_intento_4.mp4,1137,9475.000,True,146.000,152.000,0.000,187.000,55.000,0.227778,0.538889,-0.810997,30.486,39.477,105.494,933.5
Karolain_9_puntos_intento_4.mp4,1138,9483.333,True,146.000,152.000,0.000,187.000,55.000,0.227778,0.538889,-0.810997,30.746,39.463,107.600,933.5
Karolain_9_puntos_intento_4.mp4,1139,9491.667,True,146.000,152.000,0.000,187.000,55.000,0.227778,0.538889,-0.810997,31.162,39.816,107.394,948.5
Karolain_9_puntos_intento_4.mp4,1140,9500.000,True,146.000,152.000,0.000,186.000,56.000,0.222222,0.533333,-0.816194,30.771,39.831,104.492,958.5
Karolain_9_puntos_intento_4.mp4,1141,9508.333,True,146.000,152.000,0.000,186.000,56.000,0.222222,0.533333,-0.816194,31.261,39.353,107.327,939.0
Karolain_9_puntos_intento_4.mp4,1142,9516.667,True,146.000,152.000,0.000,187.000,56.000,0.227778,0.533333,-0.814661,31.344,40.362,107.167,957.5
Karolain_9_puntos_intento_4.mp4,1143,9525.000,True,146.000,152.000,0.000,187.000,56.000,0.227778,0.533333,-0.814661,30.903,40.165,106.718,954.5
Karolain_9_puntos_intento_4.mp4,1144,9533.333,True,146.000,152.000,0.000,187.000,56.000,0.227778,0.533333,-0.814661,31.075,40.117,104.870,964.0
Karolain_9_puntos_intento_4.mp4,1145,9541.667,True,146.000,152.000,0.000,187.000,56.000,0.227778,0.533333,-0.814661,30.907,40.172,107.390,951.0
Karolain_9_puntos_intento_4.mp4,1146,9550.000,True,146.000,152.000,0.000,187.000,56.000,0.227778,0.533333,-0.814661,30.887,40.132,106.124,960.5
Karolain_9_puntos_intento_4.mp4,1147,9558.333,True,146.000,152.000,0.000,187.000,56.000,0.227778,0.533333,-0.814661,31.086,39.935,105.755,961.5
Karolain_9_puntos_intento_4.mp4,1148,9566.667,True,146.000,152.000,0.000,187.000,56.000,0.227778,0.533333,-0.814661,30.830,39.807,106.980,954.0
Karolain_9_puntos_intento_4.mp4,1149,9575.000,True,146.000,152.000,0.000,187.000,56.000,0.227778,0.533333,-0.814661,30.997,40.240,106.668,964.0
Karolain_9_puntos_intento_4.mp4,1150,9583.333,True,146.000,152.000,0.000,187.000,56.000,0.227778,0.533333,-0.814661,31.264,39.912,105.458,962.0
Karolain_9_puntos_intento_4.mp4,1151,9591.667,True,146.000,152.000,0.000,187.000,56.000,0.227778,0.533333,-0.814661,31.117,40.186,105.763,965.0
Karolain_9_puntos_intento_4.mp4,1152,9600.000,True,146.000,152.000,0.000,186.000,56.000,0.222222,0.533333,-0.816194,31.205,40.687,106.448,969.0
Karolain_9_puntos_intento_4.mp4,1153,9608.333,True,146.000,152.000,0.000,187.000,56.000,0.227778,0.533333,-0.814661,31.194,40.461,107.133,975.0
Karolain_9_puntos_intento_4.mp4,1154,9616.667,True,146.000,152.000,0.000,187.000,56.000,0.227778,0.533333,-0.814661,31.328,40.961,108.739,976.5
Karolain_9_puntos_intento_4.mp4,1155,9625.000,True,146.000,152.000,0.000,187.000,56.000,0.227778,0.533333,-0.814661,31.205,40.496,105.871,970.0
Karolain_9_puntos_intento_4.mp4,1156,9633.333,True,146.000,152.000,0.000,187.000,56.000,0.227778,0.533333,-0.814661,31.373,41.147,105.500,992.5
Karolain_9_puntos_intento_4.mp4,1157,9641.667,True,146.000,152.000,0.000,187.000,56.000,0.227778,0.533333,-0.814661,31.174,40.922,105.061,980.5
Karolain_9_puntos_intento_4.mp4,1158,9650.000,True,146.000,152.000,0.000,187.000,56.000,0.227778,0.533333,-0.814661,31.595,40.657,104.522,993.0
Karolain_9_puntos_intento_4.mp4,1159,9658.333,True,146.000,152.000,0.000,187.000,56.000,0.227778,0.533333,-0.814661,31.700,40.722,106.650,992.5
Karolain_9_puntos_intento_4.mp4,1160,9666.667,True,146.000,152.000,0.000,187.000,56.000,0.227778,0.533333,-0.814661,31.335,40.859,105.923,986.0
Karolain_9_puntos_intento_4.mp4,1161,9675.000,True,146.000,152.000,0.000,187.000,56.000,0.227778,0.533333,-0.814661,31.798,40.775,106.025,993.5
Karolain_9_puntos_intento_4.mp4,1162,9683.333,True,146.000,152.000,0.000,187.000,56.000,0.227778,0.533333,-0.814661,31.500,40.688,104.544,989.0
Karolain_9_puntos_intento_4.mp4,1163,9691.667,True,146.000,152.000,0.000,187.000,56.000,0.227778,0.533333,-0.814661,31.770,40.666,105.717,990.5
Karolain_9_puntos_intento_4.mp4,1164,9700.000,True,146.000,152.000,0.000,187.000,56.000,0.227778,0.533333,-0.814661,31.789,40.389,106.837,988.0
Karolain_9_puntos_intento_4.mp4,1165,9708.333,True,146.000,152.000,0.000,187.000,56.000,0.227778,0.533333,-0.814661,31.363,41.127,103.731,996.5
Karolain_9_puntos_intento_4.mp4,1166,9716.667,True,146.000,152.000,0.000,187.000,56.000,0.227778,0.533333,-0.814661,31.910,41.176,104.228,1007.5
Karolain_9_puntos_intento_4.mp4,1167,9725.000,True,146.000,152.000,0.000,187.000,56.000,0.227778,0.533333,-0.814661,32.069,40.897,105.111,1012.5
Karolain_9_puntos_intento_4.mp4,1168,9733.333,True,146.000,152.000,0.000,187.000,56.000,0.227778,0.533333,-0.814661,31.587,40.769,105.157,994.5
Karolain_9_puntos_intento_4.mp4,1169,9741.667,True,146.000,152.000,0.000,187.000,56.000,0.227778,0.533333,-0.814661,31.658,41.227,105.051,999.0
Karolain_9_puntos_intento_4.mp4,1170,9750.000,True,146.000,152.000,0.000,187.000,56.000,0.227778,0.533333,-0.814661,31.923,41.412,104.938,1012.5
Karolain_9_puntos_intento_4.mp4,1171,9758.333,True,146.000,152.000,0.000,187.000,56.000,0.227778,0.533333,-0.814661,31.750,41.496,105.534,1010.0
Karolain_9_puntos_intento_4.mp4,1172,9766.667,True,146.000,152.000,0.000,187.000,56.000,0.227778,0.533333,-0.814661,31.981,41.556,105.837,1025.5
Karolain_9_puntos_intento_4.mp4,1173,9775.000,True,146.000,152.000,0.000,187.000,56.000,0.227778,0.533333,-0.814661,32.042,41.295,104.783,1030.5
Karolain_9_puntos_intento_4.mp4,1174,9783.333,True,146.000,152.000,0.000,187.000,56.000,0.227778,0.533333,-0.814661,31.722,41.682,105.289,1031.0
Karolain_9_puntos_intento_4.mp4,1175,9791.667,True,146.000,152.000,0.000,187.000,56.000,0.227778,0.533333,-0.814661,32.068,41.577,105.014,1033.5
Karolain_9_puntos_intento_4.mp4,1176,9800.000,True,146.000,152.000,0.000,187.000,56.000,0.227778,0.533333,-0.814661,32.322,41.531,105.289,1039.0
Karolain_9_puntos_intento_4.mp4,1177,9808.333,True,146.000,152.000,0.000,187.000,56.000,0.227778,0.533333,-0.814661,32.596,41.814,105.243,1033.5
Karolain_9_puntos_intento_4.mp4,1178,9816.667,True,146.000,152.000,0.000,186.000,56.000,0.222222,0.533333,-0.816194,32.515,42.101,106.144,1041.5
Karolain_9_puntos_intento_4.mp4,1179,9825.000,True,146.000,152.000,0.000,187.000,56.000,0.227778,0.533333,-0.814661,32.908,42.113,105.110,1046.0
Karolain_9_puntos_intento_4.mp4,1180,9833.333,True,146.000,152.000,0.000,187.000,56.000,0.227778,0.533333,-0.814661,32.922,41.955,104.567,1048.0
Karolain_9_puntos_intento_4.mp4,1181,9841.667,True,146.000,152.000,0.000,187.000,56.000,0.227778,0.533333,-0.814661,32.665,41.557,106.260,1042.5
Karolain_9_puntos_intento_4.mp4,1182,9850.000,True,146.000,152.000,0.000,187.000,56.000,0.227778,0.533333,-0.814661,32.929,41.522,106.169,1048.5
Karolain_9_puntos_intento_4.mp4,1183,9858.333,True,146.000,152.000,0.000,187.000,56.000,0.227778,0.533333,-0.814661,32.868,42.384,104.412,1057.5
Karolain_9_puntos_intento_4.mp4,1184,9866.667,True,146.000,152.000,0.000,187.000,56.000,0.227778,0.533333,-0.814661,32.935,41.669,107.523,1059.5
Karolain_9_puntos_intento_4.mp4,1185,9875.000,True,146.000,152.000,0.000,186.000,56.000,0.222222,0.533333,-0.816194,32.818,41.970,107.564,1059.0
Karolain_9_puntos_intento_4.mp4,1186,9883.333,True,146.000,152.000,0.000,187.000,56.000,0.227778,0.533333,-0.814661,32.802,41.793,106.133,1062.0
Karolain_9_puntos_intento_4.mp4,1187,9891.667,True,146.000,152.000,0.000,186.000,56.000,0.222222,0.533333,-0.816194,33.049,41.892,105.305,1073.0
Karolain_9_puntos_intento_4.mp4,1188,9900.000,True,146.000,152.000,0.000,187.000,57.000,0.227778,0.527778,-0.818271,32.913,42.017,106.720,1063.5
Karolain_9_puntos_intento_4.mp4,1189,9908.333,True,146.000,152.000,0.000,187.000,57.000,0.227778,0.527778,-0.818271,32.818,42.876,105.397,1069.0
Karolain_9_puntos_intento_4.mp4,1190,9916.667,True,146.000,152.000,0.000,186.000,56.000,0.222222,0.533333,-0.816194,33.218,42.618,107.412,1080.0
Karolain_9_puntos_intento_4.mp4,1191,9925.000,True,146.000,152.000,0.000,187.000,57.000,0.227778,0.527778,-0.818271,33.298,42.037,105.992,1073.0
Karolain_9_puntos_intento_4.mp4,1192,9933.333,True,146.000,152.000,0.000,187.000,56.000,0.227778,0.533333,-0.814661,33.381,42.138,105.427,1075.0
Karolain_9_puntos_intento_4.mp4,1193,9941.667,True,146.000,152.000,0.000,187.000,56.000,0.227778,0.533333,-0.814661,33.344,42.465,105.754,1089.0
Karolain_9_puntos_intento_4.mp4,1194,9950.000,True,146.000,152.000,0.000,187.000,57.000,0.227778,0.527778,-0.818271,32.819,42.814,104.483,1086.5
Karolain_9_puntos_intento_4.mp4,1195,9958.333,True,146.000,152.000,0.000,186.000,56.000,0.222222,0.533333,-0.816194,33.332,42.517,106.168,1093.5
Karolain_9_puntos_intento_4.mp4,1196,9966.667,True,146.000,152.000,0.000,187.000,56.000,0.227778,0.533333,-0.814661,33.094,42.977,107.449,1095.0
Karolain_9_puntos_intento_4.mp4,1197,9975.000,True,146.000,152.000,0.000,187.000,56.000,0.227778,0.533333,-0.814661,33.581,43.089,106.670,1097.5
Karolain_9_puntos_intento_4.mp4,1198,9983.333,True,146.000,152.000,0.000,187.000,56.000,0.227778,0.533333,-0.814661,33.595,42.917,107.113,1093.5
Karolain_9_puntos_intento_4.mp4,1199,9991.667,True,146.000,152.000,0.000,186.000,56.000,0.222222,0.533333,-0.816194,33.282,42.822,106.777,1096.5
Karolain_9_puntos_intento_4.mp4,1200,10000.000,True,146.000,152.000,0.000,186.000,57.000,0.222222,0.527778,-0.819797,33.769,42.808,107.846,1119.0
Karolain_9_puntos_intento_4.mp4,1201,10008.333,True,146.000,152.000,0.000,186.000,57.000,0.222222,0.527778,-0.819797,34.435,42.822,107.163,1114.0
Karolain_9_puntos_intento_4.mp4,1202,10016.667,True,146.000,152.000,0.000,186.000,56.000,0.222222,0.533333,-0.816194,33.919,43.160,107.828,1110.5
Karolain_9_puntos_intento_4.mp4,1203,10025.000,True,146.000,152.000,0.000,186.000,57.000,0.222222,0.527778,-0.819797,34.139,43.370,108.420,1132.5
Karolain_9_puntos_intento_4.mp4,1204,10033.333,True,146.000,152.000,0.000,187.000,57.000,0.227778,0.527778,-0.818271,33.926,43.531,104.545,1138.0
Karolain_9_puntos_intento_4.mp4,1205,10041.667,True,146.000,152.000,0.000,187.000,57.000,0.227778,0.527778,-0.818271,33.862,43.546,104.484,1129.0
Karolain_9_puntos_intento_4.mp4,1206,10050.000,True,146.000,152.000,0.000,186.000,57.000,0.222222,0.527778,-0.819797,33.957,43.150,100.963,1121.5
Karolain_9_puntos_intento_4.mp4,1207,10058.333,True,146.000,152.000,0.000,187.000,57.000,0.227778,0.527778,-0.818271,34.377,43.101,106.521,1141.5
Karolain_9_puntos_intento_4.mp4,1208,10066.667,True,146.000,152.000,0.000,187.000,57.000,0.227778,0.527778,-0.818271,34.168,43.158,106.614,1133.5
Karolain_9_puntos_intento_4.mp4,1209,10075.000,True,146.000,152.000,0.000,187.000,57.000,0.227778,0.527778,-0.818271,34.158,43.031,105.241,1133.0
Karolain_9_puntos_intento_4.mp4,1210,10083.333,True,146.000,152.000,0.000,187.000,57.000,0.227778,0.527778,-0.818271,34.114,43.158,105.648,1137.0
Karolain_9_puntos_intento_4.mp4,1211,10091.667,True,146.000,152.000,0.000,186.000,57.000,0.222222,0.527778,-0.819797,34.361,43.721,104.364,1155.5
Karolain_9_puntos_intento_4.mp4,1212,10100.000,True,146.000,152.000,0.000,187.000,57.000,0.227778,0.527778,-0.818271,34.249,43.794,104.648,1149.5
Karolain_9_puntos_intento_4.mp4,1213,10108.333,True,146.000,152.000,0.000,186.000,57.000,0.222222,0.527778,-0.819797,34.295,43.759,108.291,1148.5
Karolain_9_puntos_intento_4.mp4,1214,10116.667,True,146.000,152.000,0.000,186.000,57.000,0.222222,0.527778,-0.819797,34.759,43.711,106.081,1154.5
Karolain_9_puntos_intento_4.mp4,1215,10125.000,True,146.000,152.000,0.000,186.000,57.000,0.222222,0.527778,-0.819797,34.513,43.797,106.396,1161.0
Karolain_9_puntos_intento_4.mp4,1216,10133.333,True,146.000,152.000,0.000,187.000,57.000,0.227778,0.527778,-0.818271,34.430,43.474,106.011,1166.5
Karolain_9_puntos_intento_4.mp4,1217,10141.667,True,146.000,152.000,0.000,187.000,57.000,0.227778,0.527778,-0.818271,34.518,43.930,105.648,1166.0
Karolain_9_puntos_intento_4.mp4,1218,10150.000,True,146.000,152.000,0.000,186.000,57.000,0.222222,0.527778,-0.819797,34.559,44.228,104.090,1167.5
Karolain_9_puntos_intento_4.mp4,1219,10158.333,True,146.000,152.000,0.000,186.000,57.000,0.222222,0.527778,-0.819797,34.740,44.420,107.029,1174.0
Karolain_9_puntos_intento_4.mp4,1220,10166.667,True,146.000,152.000,0.000,187.000,57.000,0.227778,0.527778,-0.818271,34.526,44.379,105.675,1173.0
Karolain_9_puntos_intento_4.mp4,1221,10175.000,True,146.000,152.000,0.000,186.000,57.000,0.222222,0.527778,-0.819797,34.603,44.464,106.785,1167.5
Karolain_9_puntos_intento_4.mp4,1222,10183.333,True,146.000,152.000,0.000,186.000,57.000,0.222222,0.527778,-0.819797,34.751,44.538,107.014,1181.5
Karolain_9_puntos_intento_4.mp4,1223,10191.667,True,146.000,152.000,0.000,187.000,57.000,0.227778,0.527778,-0.818271,34.538,44.091,104.560,1174.5
Karolain_9_puntos_intento_4.mp4,1224,10200.000,True,146.000,152.000,0.000,187.000,57.000,0.227778,0.527778,-0.818271,34.686,44.553,105.208,1185.5
Karolain_9_puntos_intento_4.mp4,1225,10208.333,True,146.000,152.000,0.000,187.000,57.000,0.227778,0.527778,-0.818271,35.227,43.945,106.171,1183.0
Karolain_9_puntos_intento_4.mp4,1226,10216.667,True,146.000,152.000,0.000,187.000,57.000,0.227778,0.527778,-0.818271,34.734,43.926,105.182,1177.5
Karolain_9_puntos_intento_4.mp4,1227,10225.000,True,146.000,152.000,0.000,187.000,57.000,0.227778,0.527778,-0.818271,34.605,44.205,106.569,1175.5
Karolain_9_puntos_intento_4.mp4,1228,10233.333,True,146.000,152.000,0.000,187.000,57.000,0.227778,0.527778,-0.818271,34.694,44.442,105.641,1178.5
Karolain_9_puntos_intento_4.mp4,1229,10241.667,True,146.000,152.000,0.000,187.000,57.000,0.227778,0.527778,-0.818271,34.572,44.217,106.040,1170.5
Karolain_9_puntos_intento_4.mp4,1230,10250.000,True,146.000,152.000,0.000,186.000,57.000,0.222222,0.527778,-0.819797,34.675,44.252,106.599,1179.0
Karolain_9_puntos_intento_4.mp4,1231,10258.333,True,146.000,152.000,0.000,186.000,57.000,0.222222,0.527778,-0.819797,34.744,45.007,109.788,1193.5
Karolain_9_puntos_intento_4.mp4,1232,10266.667,True,146.000,152.000,0.000,186.000,57.000,0.222222,0.527778,-0.819797,34.706,45.417,107.705,1193.0
Karolain_9_puntos_intento_4.mp4,1233,10275.000,True,146.000,152.000,0.000,187.000,57.000,0.227778,0.527778,-0.818271,34.945,44.482,106.173,1192.0
Karolain_9_puntos_intento_4.mp4,1234,10283.333,True,146.000,152.000,0.000,186.000,57.000,0.222222,0.527778,-0.819797,34.725,45.212,107.421,1196.5
Karolain_9_puntos_intento_4.mp4,1235,10291.667,True,146.000,152.000,0.000,186.000,57.000,0.222222,0.527778,-0.819797,34.763,44.588,105.076,1194.0
Karolain_9_puntos_intento_4.mp4,1236,10300.000,True,146.000,152.000,0.000,187.000,57.000,0.227778,0.527778,-0.818271,34.748,44.797,104.496,1202.5
Karolain_9_puntos_intento_4.mp4,1237,10308.333,True,146.000,152.000,0.000,186.000,57.000,0.222222,0.527778,-0.819797,34.816,45.048,106.601,1190.5
Karolain_9_puntos_intento_4.mp4,1238,10316.667,True,146.000,152.000,0.000,186.000,57.000,0.222222,0.527778,-0.819797,34.790,44.732,105.482,1201.5
Karolain_9_puntos_intento_4.mp4,1239,10325.000,True,146.000,152.000,0.000,187.000,57.000,0.227778,0.527778,-0.818271,34.684,44.676,106.604,1198.5
Karolain_9_puntos_intento_4.mp4,1240,10333.333,True,146.000,152.000,0.000,187.000,57.000,0.227778,0.527778,-0.818271,35.449,44.410,104.898,1209.5
Karolain_9_puntos_intento_4.mp4,1241,10341.667,True,146.000,152.000,0.000,186.000,57.000,0.222222,0.527778,-0.819797,35.241,44.285,105.536,1196.5
Karolain_9_puntos_intento_4.mp4,1242,10350.000,True,146.000,152.000,0.000,186.000,57.000,0.222222,0.527778,-0.819797,35.107,44.787,105.603,1210.0
Karolain_9_puntos_intento_4.mp4,1243,10358.333,True,146.000,152.000,0.000,187.000,57.000,0.227778,0.527778,-0.818271,34.940,44.330,107.971,1193.0
Karolain_9_puntos_intento_4.mp4,1244,10366.667,True,146.000,152.000,0.000,186.000,57.000,0.222222,0.527778,-0.819797,35.159,44.685,106.071,1214.0
Karolain_9_puntos_intento_4.mp4,1245,10375.000,True,146.000,152.000,0.000,186.000,57.000,0.222222,0.527778,-0.819797,35.222,44.681,107.914,1207.5
Karolain_9_puntos_intento_4.mp4,1246,10383.333,True,146.000,152.000,0.000,186.000,57.000,0.222222,0.527778,-0.819797,35.322,44.478,106.271,1212.5
Karolain_9_puntos_intento_4.mp4,1247,10391.667,True,146.000,152.000,0.000,186.000,57.000,0.222222,0.527778,-0.819797,34.913,44.544,105.549,1194.0
Karolain_9_puntos_intento_4.mp4,1248,10400.000,True,146.000,152.000,0.000,187.000,57.000,0.227778,0.527778,-0.818271,35.339,43.752,107.135,1193.5
Karolain_9_puntos_intento_4.mp4,1249,10408.333,True,146.000,152.000,0.000,187.000,57.000,0.227778,0.527778,-0.818271,34.776,44.673,104.711,1181.5
Karolain_9_puntos_intento_4.mp4,1250,10416.667,True,146.000,152.000,0.000,186.000,57.000,0.222222,0.527778,-0.819797,34.692,44.709,104.443,1192.5
Karolain_9_puntos_intento_4.mp4,1251,10425.000,True,146.000,152.000,0.000,186.000,57.000,0.222222,0.527778,-0.819797,34.741,44.710,106.061,1191.0
Karolain_9_puntos_intento_4.mp4,1252,10433.333,True,146.000,152.000,0.000,186.000,57.000,0.222222,0.527778,-0.819797,34.969,44.029,104.939,1195.5
Karolain_9_puntos_intento_4.mp4,1253,10441.667,True,146.000,152.000,0.000,187.000,57.000,0.227778,0.527778,-0.818271,34.602,44.169,105.837,1174.0
Karolain_9_puntos_intento_4.mp4,1254,10450.000,True,146.000,152.000,0.000,187.000,57.000,0.227778,0.527778,-0.818271,34.708,44.343,106.623,1179.0
Karolain_9_puntos_intento_4.mp4,1255,10458.333,True,146.000,152.000,0.000,187.000,57.000,0.227778,0.527778,-0.818271,34.365,44.220,107.514,1169.5
Karolain_9_puntos_intento_4.mp4,1256,10466.667,True,146.000,152.000,0.000,187.000,57.000,0.227778,0.527778,-0.818271,34.324,43.835,106.885,1167.0
Karolain_9_puntos_intento_4.mp4,1257,10475.000,True,146.000,152.000,0.000,187.000,57.000,0.227778,0.527778,-0.818271,34.319,44.100,105.661,1160.5
Karolain_9_puntos_intento_4.mp4,1258,10483.333,True,146.000,152.000,0.000,187.000,57.000,0.227778,0.527778,-0.818271,34.328,43.995,105.025,1163.5
Karolain_9_puntos_intento_4.mp4,1259,10491.667,True,146.000,152.000,0.000,187.000,57.000,0.227778,0.527778,-0.818271,34.556,44.193,104.242,1166.5
Karolain_9_puntos_intento_4.mp4,1260,10500.000,True,146.000,152.000,0.000,187.000,57.000,0.227778,0.527778,-0.818271,34.460,43.718,104.609,1164.5
Karolain_9_puntos_intento_4.mp4,1261,10508.333,True,146.000,152.000,0.000,187.000,57.000,0.227778,0.527778,-0.818271,34.129,43.747,108.421,1135.0
Karolain_9_puntos_intento_4.mp4,1262,10516.667,True,146.000,152.000,0.000,187.000,57.000,0.227778,0.527778,-0.818271,34.295,43.467,106.637,1148.5
Karolain_9_puntos_intento_4.mp4,1263,10525.000,True,146.000,152.000,0.000,187.000,57.000,0.227778,0.527778,-0.818271,34.361,43.309,104.753,1137.5
Karolain_9_puntos_intento_4.mp4,1264,10533.333,True,146.000,152.000,0.000,187.000,57.000,0.227778,0.527778,-0.818271,34.267,43.376,107.884,1140.0
Karolain_9_puntos_intento_4.mp4,1265,10541.667,True,146.000,152.000,0.000,187.000,57.000,0.227778,0.527778,-0.818271,34.250,43.299,105.336,1143.0
Karolain_9_puntos_intento_4.mp4,1266,10550.000,True,146.000,152.000,0.000,187.000,57.000,0.227778,0.527778,-0.818271,34.192,43.371,108.546,1131.0
Karolain_9_puntos_intento_4.mp4,1267,10558.333,True,146.000,152.000,0.000,187.000,57.000,0.227778,0.527778,-0.818271,33.791,43.174,106.489,1121.5
Karolain_9_puntos_intento_4.mp4,1268,10566.667,True,146.000,152.000,0.000,187.000,57.000,0.227778,0.527778,-0.818271,33.755,43.171,106.580,1115.5
Karolain_9_puntos_intento_4.mp4,1269,10575.000,True,146.000,152.000,0.000,187.000,56.000,0.227778,0.533333,-0.814661,33.948,43.479,108.008,1116.5
Karolain_9_puntos_intento_4.mp4,1270,10583.333,True,146.000,152.000,0.000,187.000,57.000,0.227778,0.527778,-0.818271,33.607,42.874,105.417,1101.5
Karolain_9_puntos_intento_4.mp4,1271,10591.667,True,146.000,152.000,0.000,187.000,56.000,0.227778,0.533333,-0.814661,33.717,43.298,110.101,1103.5
Karolain_9_puntos_intento_4.mp4,1272,10600.000,True,146.000,152.000,0.000,187.000,56.000,0.227778,0.533333,-0.814661,33.183,43.331,109.778,1098.0
Karolain_9_puntos_intento_4.mp4,1273,10608.333,True,146.000,152.000,0.000,187.000,56.000,0.227778,0.533333,-0.814661,33.795,43.126,107.849,1106.5
Karolain_9_puntos_intento_4.mp4,1274,10616.667,True,146.000,152.000,0.000,187.000,56.000,0.227778,0.533333,-0.814661,34.008,42.584,107.281,1108.0
Karolain_9_puntos_intento_4.mp4,1275,10625.000,True,146.000,152.000,0.000,187.000,56.000,0.227778,0.533333,-0.814661,33.393,42.114,107.784,1084.0
Karolain_9_puntos_intento_4.mp4,1276,10633.333,True,146.000,152.000,0.000,187.000,56.000,0.227778,0.533333,-0.814661,32.874,42.565,109.693,1074.0
Karolain_9_puntos_intento_4.mp4,1277,10641.667,True,146.000,152.000,0.000,187.000,56.000,0.227778,0.533333,-0.814661,33.245,42.398,108.170,1074.0
Karolain_9_puntos_intento_4.mp4,1278,10650.000,True,146.000,152.000,0.000,187.000,56.000,0.227778,0.533333,-0.814661,33.106,42.394,108.429,1076.0
Karolain_9_puntos_intento_4.mp4,1279,10658.333,True,146.000,152.000,0.000,187.000,56.000,0.227778,0.533333,-0.814661,33.042,42.050,108.335,1071.0
Karolain_9_puntos_intento_4.mp4,1280,10666.667,True,146.000,152.000,0.000,187.000,56.000,0.227778,0.533333,-0.814661,33.207,42.110,107.814,1076.0
Karolain_9_puntos_intento_4.mp4,1281,10675.000,True,146.000,152.000,0.000,187.000,56.000,0.227778,0.533333,-0.814661,32.823,42.438,106.972,1065.0
Karolain_9_puntos_intento_4.mp4,1282,10683.333,True,146.000,152.000,0.000,187.000,56.000,0.227778,0.533333,-0.814661,33.199,42.048,108.831,1065.0
Karolain_9_puntos_intento_4.mp4,1283,10691.667,True,146.000,152.000,0.000,187.000,56.000,0.227778,0.533333,-0.814661,33.548,42.032,109.264,1073.0
Karolain_9_puntos_intento_4.mp4,1284,10700.000,True,146.000,152.000,0.000,187.000,57.000,0.227778,0.527778,-0.818271,33.304,42.100,107.202,1066.0
Karolain_9_puntos_intento_4.mp4,1285,10708.333,True,146.000,152.000,0.000,187.000,57.000,0.227778,0.527778,-0.818271,32.724,42.658,106.465,1065.0
Karolain_9_puntos_intento_4.mp4,1286,10716.667,True,146.000,152.000,0.000,187.000,56.000,0.227778,0.533333,-0.814661,32.991,41.980,105.546,1066.5
Karolain_9_puntos_intento_4.mp4,1287,10725.000,True,146.000,152.000,0.000,187.000,56.000,0.227778,0.533333,-0.814661,32.902,41.823,104.029,1062.5
Karolain_9_puntos_intento_4.mp4,1288,10733.333,True,146.000,152.000,0.000,187.000,56.000,0.227778,0.533333,-0.814661,32.964,41.748,105.151,1061.0
Karolain_9_puntos_intento_4.mp4,1289,10741.667,True,146.000,152.000,0.000,186.000,56.000,0.222222,0.533333,-0.816194,33.067,42.025,108.134,1070.0
Karolain_9_puntos_intento_4.mp4,1290,10750.000,True,146.000,152.000,0.000,187.000,57.000,0.227778,0.527778,-0.818271,33.040,42.416,105.422,1059.5
Karolain_9_puntos_intento_4.mp4,1291,10758.333,True,146.000,152.000,0.000,187.000,57.000,0.227778,0.527778,-0.818271,33.011,41.704,105.188,1066.5
Karolain_9_puntos_intento_4.mp4,1292,10766.667,True,146.000,152.000,0.000,187.000,56.000,0.227778,0.533333,-0.814661,33.196,42.416,105.341,1059.0
Karolain_9_puntos_intento_4.mp4,1293,10775.000,True,146.000,152.000,0.000,187.000,56.000,0.227778,0.533333,-0.814661,32.989,42.181,105.622,1066.5
Karolain_9_puntos_intento_4.mp4,1294,10783.333,True,146.000,152.000,0.000,186.000,57.000,0.222222,0.527778,-0.819797,33.582,41.906,105.884,1072.0
Karolain_9_puntos_intento_4.mp4,1295,10791.667,True,146.000,152.000,0.000,179.000,59.000,0.183333,0.516667,-0.836328,33.248,42.845,98.407,1090.5
Karolain_9_puntos_intento_4.mp4,1296,10800.000,True,146.000,152.000,0.000,170.000,61.000,0.133333,0.505556,-0.852429,32.920,44.793,87.791,1126.0
Karolain_9_puntos_intento_4.mp4,1297,10808.333,True,146.000,152.000,0.000,161.000,63.000,0.083333,0.494444,-0.865205,33.388,43.341,81.980,1098.0
Karolain_9_puntos_intento_4.mp4,1298,10816.667,True,146.000,152.000,0.000,150.000,65.000,0.022222,0.483333,-0.875154,33.499,43.974,76.316,1104.5
Karolain_9_puntos_intento_4.mp4,1299,10825.000,True,146.000,152.000,0.000,142.000,68.000,-0.022222,0.466667,-0.884154,31.929,44.798,75.874,1080.5
Karolain_9_puntos_intento_4.mp4,1300,10833.333,True,146.000,152.000,0.000,135.000,70.000,-0.061111,0.455556,-0.888107,32.208,43.715,72.540,1065.5
Karolain_9_puntos_intento_4.mp4,1301,10841.667,True,146.000,152.000,0.000,130.000,73.000,-0.088889,0.438889,-0.894134,31.500,43.656,74.099,1048.0
Karolain_9_puntos_intento_4.mp4,1302,10850.000,True,146.000,152.000,0.000,129.000,72.000,-0.094444,0.444444,-0.890814,31.393,44.336,75.421,1052.5
Karolain_9_puntos_intento_4.mp4,1303,10858.333,True,146.000,152.000,0.000,129.000,72.000,-0.094444,0.444444,-0.890814,31.919,43.110,75.681,1049.0
Karolain_9_puntos_intento_4.mp4,1304,10866.667,True,146.000,152.000,0.000,129.000,72.000,-0.094444,0.444444,-0.890814,31.485,43.650,75.760,1049.0
Karolain_9_puntos_intento_4.mp4,1305,10875.000,True,146.000,152.000,0.000,129.000,72.000,-0.094444,0.444444,-0.890814,31.753,43.271,75.040,1050.5
Karolain_9_puntos_intento_4.mp4,1306,10883.333,True,146.000,152.000,0.000,129.000,72.000,-0.094444,0.444444,-0.890814,31.836,43.206,75.609,1047.0
Karolain_9_puntos_intento_4.mp4,1307,10891.667,True,146.000,152.000,0.000,129.000,72.000,-0.094444,0.444444,-0.890814,32.135,43.257,74.336,1044.0
Karolain_9_puntos_intento_4.mp4,1308,10900.000,True,146.000,152.000,0.000,129.000,72.000,-0.094444,0.444444,-0.890814,31.844,43.291,74.940,1049.5
Karolain_9_puntos_intento_4.mp4,1309,10908.333,True,146.000,152.000,0.000,129.000,72.000,-0.094444,0.444444,-0.890814,31.816,43.174,75.168,1036.0
Karolain_9_puntos_intento_4.mp4,1310,10916.667,True,146.000,152.000,0.000,129.000,72.000,-0.094444,0.444444,-0.890814,31.742,42.948,77.007,1049.0
Karolain_9_puntos_intento_4.mp4,1311,10925.000,True,146.000,152.000,0.000,129.000,72.000,-0.094444,0.444444,-0.890814,32.121,43.400,74.219,1051.0
Karolain_9_puntos_intento_4.mp4,1312,10933.333,True,146.000,152.000,0.000,129.000,72.000,-0.094444,0.444444,-0.890814,32.205,44.802,78.091,1068.5
Karolain_9_puntos_intento_4.mp4,1313,10941.667,True,146.000,152.000,0.000,129.000,72.000,-0.094444,0.444444,-0.890814,32.069,43.577,75.709,1066.0
Karolain_9_puntos_intento_4.mp4,1314,10950.000,True,146.000,152.000,0.000,129.000,72.000,-0.094444,0.444444,-0.890814,31.843,44.138,74.902,1070.0
Karolain_9_puntos_intento_4.mp4,1315,10958.333,True,146.000,152.000,0.000,129.000,72.000,-0.094444,0.444444,-0.890814,31.658,43.672,74.728,1064.0
Karolain_9_puntos_intento_4.mp4,1316,10966.667,True,146.000,152.000,0.000,129.000,72.000,-0.094444,0.444444,-0.890814,31.438,43.686,76.647,1052.0
Karolain_9_puntos_intento_4.mp4,1317,10975.000,True,146.000,152.000,0.000,129.000,72.000,-0.094444,0.444444,-0.890814,32.011,44.074,75.925,1057.5
Karolain_9_puntos_intento_4.mp4,1318,10983.333,True,146.000,152.000,0.000,128.000,72.000,-0.100000,0.444444,-0.890207,32.234,43.630,74.933,1066.0
Karolain_9_puntos_intento_4.mp4,1319,10991.667,True,146.000,152.000,0.000,128.000,72.000,-0.100000,0.444444,-0.890207,32.174,43.420,74.191,1052.5
Karolain_9_puntos_intento_4.mp4,1320,11000.000,True,146.000,152.000,0.000,128.000,72.000,-0.100000,0.444444,-0.890207,31.350,43.981,74.304,1054.0
Karolain_9_puntos_intento_4.mp4,1321,11008.333,True,146.000,152.000,0.000,128.000,72.000,-0.100000,0.444444,-0.890207,32.026,44.300,74.186,1064.5
Karolain_9_puntos_intento_4.mp4,1322,11016.667,True,146.000,152.000,0.000,128.000,72.000,-0.100000,0.444444,-0.890207,32.154,44.229,75.343,1070.0
Karolain_9_puntos_intento_4.mp4,1323,11025.000,True,146.000,152.000,0.000,128.000,72.000,-0.100000,0.444444,-0.890207,31.125,43.830,74.843,1046.5
Karolain_9_puntos_intento_4.mp4,1324,11033.333,True,146.000,152.000,0.000,128.000,72.000,-0.100000,0.444444,-0.890207,32.052,44.630,75.230,1068.5
Karolain_9_puntos_intento_4.mp4,1325,11041.667,True,146.000,152.000,0.000,128.000,72.000,-0.100000,0.444444,-0.890207,31.822,44.837,75.851,1079.0
Karolain_9_puntos_intento_4.mp4,1326,11050.000,True,146.000,152.000,0.000,128.000,72.000,-0.100000,0.444444,-0.890207,31.289,44.839,76.277,1065.5
Karolain_9_puntos_intento_4.mp4,1327,11058.333,True,146.000,152.000,0.000,128.000,72.000,-0.100000,0.444444,-0.890207,31.926,44.623,75.442,1070.0
Karolain_9_puntos_intento_4.mp4,1328,11066.667,True,146.000,152.000,0.000,128.000,72.000,-0.100000,0.444444,-0.890207,32.306,44.594,75.054,1078.0
Karolain_9_puntos_intento_4.mp4,1329,11075.000,True,146.000,152.000,0.000,128.000,72.000,-0.100000,0.444444,-0.890207,31.564,44.778,76.249,1071.5
Karolain_9_puntos_intento_4.mp4,1330,11083.333,True,146.000,152.000,0.000,128.000,72.000,-0.100000,0.444444,-0.890207,31.711,44.715,75.163,1079.5
Karolain_9_puntos_intento_4.mp4,1331,11091.667,True,146.000,152.000,0.000,128.000,72.000,-0.100000,0.444444,-0.890207,32.341,44.571,77.217,1081.5
Karolain_9_puntos_intento_4.mp4,1332,11100.000,True,146.000,152.000,0.000,128.000,72.000,-0.100000,0.444444,-0.890207,32.135,44.899,74.998,1089.5
Karolain_9_puntos_intento_4.mp4,1333,11108.333,True,146.000,152.000,0.000,126.000,73.000,-0.111111,0.438889,-0.891645,32.552,44.715,75.417,1101.5
Karolain_9_puntos_intento_4.mp4,1334,11116.667,True,146.000,152.000,0.000,126.000,73.000,-0.111111,0.438889,-0.891645,32.968,44.767,74.242,1119.5
Karolain_9_puntos_intento_4.mp4,1335,11125.000,True,146.000,152.000,0.000,126.000,73.000,-0.111111,0.438889,-0.891645,32.597,44.715,76.588,1106.5
Karolain_9_puntos_intento_4.mp4,1336,11133.333,True,146.000,152.000,0.000,127.000,73.000,-0.105556,0.438889,-0.892320,31.871,44.971,74.890,1091.5
Karolain_9_puntos_intento_4.mp4,1337,11141.667,True,146.000,152.000,0.000,126.000,73.000,-0.111111,0.438889,-0.891645,31.895,44.299,76.440,1081.5
Karolain_9_puntos_intento_4.mp4,1338,11150.000,True,146.000,152.000,0.000,126.000,73.000,-0.111111,0.438889,-0.891645,32.699,44.192,76.921,1091.5
Karolain_9_puntos_intento_4.mp4,1339,11158.333,True,146.000,152.000,0.000,127.000,73.000,-0.105556,0.438889,-0.892320,31.972,44.738,75.452,1090.0
Karolain_9_puntos_intento_4.mp4,1340,11166.667,True,146.000,152.000,0.000,126.000,73.000,-0.111111,0.438889,-0.891645,32.080,45.283,73.983,1084.0
Karolain_9_puntos_intento_4.mp4,1341,11175.000,True,146.000,152.000,0.000,126.000,73.000,-0.111111,0.438889,-0.891645,31.668,44.613,76.296,1093.0
Karolain_9_puntos_intento_4.mp4,1342,11183.333,True,146.000,152.000,0.000,126.000,73.000,-0.111111,0.438889,-0.891645,31.590,44.701,76.236,1082.5
Karolain_9_puntos_intento_4.mp4,1343,11191.667,True,146.000,152.000,0.000,127.000,73.000,-0.105556,0.438889,-0.892320,32.028,44.345,75.712,1080.0
Karolain_9_puntos_intento_4.mp4,1344,11200.000,True,146.000,152.000,0.000,127.000,73.000,-0.105556,0.438889,-0.892320,31.797,44.650,76.063,1088.5
Karolain_9_puntos_intento_4.mp4,1345,11208.333,True,146.000,152.000,0.000,126.000,73.000,-0.111111,0.438889,-0.891645,32.868,44.581,75.816,1102.5
Karolain_9_puntos_intento_4.mp4,1346,11216.667,True,146.000,152.000,0.000,126.000,73.000,-0.111111,0.438889,-0.891645,32.536,44.483,74.977,1097.0
Karolain_9_puntos_intento_4.mp4,1347,11225.000,True,146.000,152.000,0.000,126.000,73.000,-0.111111,0.438889,-0.891645,31.905,44.536,77.132,1101.0
Karolain_9_puntos_intento_4.mp4,1348,11233.333,True,146.000,152.000,0.000,126.000,73.000,-0.111111,0.438889,-0.891645,31.975,44.516,76.266,1089.5
Karolain_9_puntos_intento_4.mp4,1349,11241.667,True,146.000,152.000,0.000,127.000,73.000,-0.105556,0.438889,-0.892320,32.073,44.597,72.756,1084.5
Karolain_9_puntos_intento_4.mp4,1350,11250.000,True,146.000,152.000,0.000,127.000,73.000,-0.105556,0.438889,-0.892320,32.015,44.737,74.850,1094.5
Karolain_9_puntos_intento_4.mp4,1351,11258.333,True,146.000,152.000,0.000,126.000,73.000,-0.111111,0.438889,-0.891645,32.335,44.421,74.653,1104.0
Karolain_9_puntos_intento_4.mp4,1352,11266.667,True,146.000,152.000,0.000,126.000,73.000,-0.111111,0.438889,-0.891645,32.360,44.887,74.594,1099.5
Karolain_9_puntos_intento_4.mp4,1353,11275.000,True,146.000,152.000,0.000,126.000,73.000,-0.111111,0.438889,-0.891645,32.124,44.199,73.973,1084.5
Karolain_9_puntos_intento_4.mp4,1354,11283.333,True,146.000,152.000,0.000,127.000,73.000,-0.105556,0.438889,-0.892320,31.745,44.940,76.539,1097.0
Karolain_9_puntos_intento_4.mp4,1355,11291.667,True,146.000,152.000,0.000,126.000,73.000,-0.111111,0.438889,-0.891645,32.311,44.563,72.981,1088.5
Karolain_9_puntos_intento_4.mp4,1356,11300.000,True,146.000,152.000,0.000,126.000,73.000,-0.111111,0.438889,-0.891645,31.816,44.615,75.028,1081.0
Karolain_9_puntos_intento_4.mp4,1357,11308.333,True,146.000,152.000,0.000,127.000,73.000,-0.105556,0.438889,-0.892320,32.140,44.593,71.718,1082.0
Karolain_9_puntos_intento_4.mp4,1358,11316.667,True,146.000,152.000,0.000,127.000,73.000,-0.105556,0.438889,-0.892320,31.911,45.629,74.102,1095.5
Karolain_9_puntos_intento_4.mp4,1359,11325.000,True,146.000,152.000,0.000,126.000,73.000,-0.111111,0.438889,-0.891645,32.336,45.099,73.261,1096.0
Karolain_9_puntos_intento_4.mp4,1360,11333.333,True,146.000,152.000,0.000,126.000,73.000,-0.111111,0.438889,-0.891645,32.025,44.522,75.142,1081.5
Karolain_9_puntos_intento_4.mp4,1361,11341.667,True,146.000,152.000,0.000,126.000,73.000,-0.111111,0.438889,-0.891645,33.062,44.624,76.511,1131.0
Karolain_9_puntos_intento_4.mp4,1362,11350.000,True,146.000,152.000,0.000,126.000,72.000,-0.111111,0.444444,-0.888889,33.284,44.607,72.798,1130.0
Karolain_9_puntos_intento_4.mp4,1363,11358.333,True,146.000,152.000,0.000,127.000,73.000,-0.105556,0.438889,-0.892320,32.437,44.802,73.469,1123.0
Karolain_9_puntos_intento_4.mp4,1364,11366.667,True,146.000,152.000,0.000,126.000,73.000,-0.111111,0.438889,-0.891645,32.595,45.063,73.625,1136.0
Karolain_9_puntos_intento_4.mp4,1365,11375.000,True,146.000,152.000,0.000,126.000,73.000,-0.111111,0.438889,-0.891645,32.461,45.581,74.254,1130.0
Karolain_9_puntos_intento_4.mp4,1366,11383.333,True,146.000,152.000,0.000,126.000,73.000,-0.111111,0.438889,-0.891645,33.153,45.999,74.500,1147.0
Karolain_9_puntos_intento_4.mp4,1367,11391.667,True,146.000,152.000,0.000,126.000,73.000,-0.111111,0.438889,-0.891645,33.701,44.910,73.548,1141.0
Karolain_9_puntos_intento_4.mp4,1368,11400.000,True,146.000,152.000,0.000,126.000,73.000,-0.111111,0.438889,-0.891645,32.525,46.230,74.595,1130.5
Karolain_9_puntos_intento_4.mp4,1369,11408.333,True,146.000,152.000,0.000,126.000,73.000,-0.111111,0.438889,-0.891645,32.321,46.573,74.456,1119.0
Karolain_9_puntos_intento_4.mp4,1370,11416.667,True,146.000,152.000,0.000,126.000,73.000,-0.111111,0.438889,-0.891645,33.800,46.007,72.093,1148.5
Karolain_9_puntos_intento_4.mp4,1371,11425.000,True,146.000,152.000,0.000,127.000,73.000,-0.105556,0.438889,-0.892320,33.475,45.382,75.251,1148.5
Karolain_9_puntos_intento_4.mp4,1372,11433.333,True,146.000,152.000,0.000,126.000,73.000,-0.111111,0.438889,-0.891645,33.129,46.127,74.999,1157.0
Karolain_9_puntos_intento_4.mp4,1373,11441.667,True,146.000,152.000,0.000,126.000,73.000,-0.111111,0.438889,-0.891645,33.297,46.118,73.036,1156.5
Karolain_9_puntos_intento_4.mp4,1374,11450.000,True,146.000,152.000,0.000,126.000,73.000,-0.111111,0.438889,-0.891645,32.583,46.029,74.414,1137.5
Karolain_9_puntos_intento_4.mp4,1375,11458.333,True,146.000,152.000,0.000,126.000,73.000,-0.111111,0.438889,-0.891645,33.335,46.312,73.881,1151.5
Karolain_9_puntos_intento_4.mp4,1376,11466.667,True,146.000,152.000,0.000,126.000,73.000,-0.111111,0.438889,-0.891645,33.698,46.173,73.246,1161.0
Karolain_9_puntos_intento_4.mp4,1377,11475.000,True,146.000,152.000,0.000,126.000,73.000,-0.111111,0.438889,-0.891645,33.618,46.189,74.831,1167.0
Karolain_9_puntos_intento_4.mp4,1378,11483.333,True,146.000,152.000,0.000,126.000,73.000,-0.111111,0.438889,-0.891645,33.298,46.357,73.883,1168.5
Karolain_9_puntos_intento_4.mp4,1379,11491.667,True,146.000,152.000,0.000,126.000,73.000,-0.111111,0.438889,-0.891645,32.961,46.582,73.944,1156.5
Karolain_9_puntos_intento_4.mp4,1380,11500.000,True,146.000,152.000,0.000,126.000,73.000,-0.111111,0.438889,-0.891645,33.559,46.280,74.943,1166.0
Karolain_9_puntos_intento_4.mp4,1381,11508.333,True,146.000,152.000,0.000,126.000,73.000,-0.111111,0.438889,-0.891645,33.016,46.672,78.366,1172.0
Karolain_9_puntos_intento_4.mp4,1382,11516.667,True,146.000,152.000,0.000,126.000,73.000,-0.111111,0.438889,-0.891645,33.910,46.628,77.530,1189.5
Karolain_9_puntos_intento_4.mp4,1383,11525.000,True,146.000,152.000,0.000,126.000,73.000,-0.111111,0.438889,-0.891645,33.595,46.372,75.439,1181.0
Karolain_9_puntos_intento_4.mp4,1384,11533.333,True,146.000,152.000,0.000,126.000,73.000,-0.111111,0.438889,-0.891645,33.114,46.470,75.059,1178.5
Karolain_9_puntos_intento_4.mp4,1385,11541.667,True,146.000,152.000,0.000,126.000,73.000,-0.111111,0.438889,-0.891645,33.792,46.630,75.934,1187.5
Karolain_9_puntos_intento_4.mp4,1386,11550.000,True,146.000,152.000,0.000,126.000,73.000,-0.111111,0.438889,-0.891645,33.663,46.324,75.564,1182.5
Karolain_9_puntos_intento_4.mp4,1387,11558.333,True,146.000,152.000,0.000,126.000,73.000,-0.111111,0.438889,-0.891645,33.624,47.033,75.378,1214.0
Karolain_9_puntos_intento_4.mp4,1388,11566.667,True,146.000,152.000,0.000,126.000,73.000,-0.111111,0.438889,-0.891645,33.768,46.694,75.035,1203.5
Karolain_9_puntos_intento_4.mp4,1389,11575.000,True,146.000,152.000,0.000,126.000,73.000,-0.111111,0.438889,-0.891645,33.431,46.332,74.013,1201.0
Karolain_9_puntos_intento_4.mp4,1390,11583.333,True,146.000,152.000,0.000,126.000,73.000,-0.111111,0.438889,-0.891645,34.204,46.381,74.703,1196.5
Karolain_9_puntos_intento_4.mp4,1391,11591.667,True,146.000,152.000,0.000,126.000,73.000,-0.111111,0.438889,-0.891645,34.789,46.926,75.590,1215.5
Karolain_9_puntos_intento_4.mp4,1392,11600.000,True,146.000,152.000,0.000,126.000,73.000,-0.111111,0.438889,-0.891645,34.563,46.053,75.365,1215.0
Karolain_9_puntos_intento_4.mp4,1393,11608.333,True,146.000,152.000,0.000,126.000,73.000,-0.111111,0.438889,-0.891645,34.871,47.056,71.870,1228.5
Karolain_9_puntos_intento_4.mp4,1394,11616.667,True,146.000,152.000,0.000,126.000,73.000,-0.111111,0.438889,-0.891645,34.507,47.726,73.401,1226.0
Karolain_9_puntos_intento_4.mp4,1395,11625.000,True,146.000,152.000,0.000,126.000,73.000,-0.111111,0.438889,-0.891645,34.793,47.658,74.905,1236.5
Karolain_9_puntos_intento_4.mp4,1396,11633.333,True,146.000,152.000,0.000,126.000,73.000,-0.111111,0.438889,-0.891645,34.569,47.010,72.928,1232.5
Karolain_9_puntos_intento_4.mp4,1397,11641.667,True,146.000,152.000,0.000,126.000,73.000,-0.111111,0.438889,-0.891645,34.461,47.078,72.342,1228.5
Karolain_9_puntos_intento_4.mp4,1398,11650.000,True,146.000,152.000,0.000,126.000,74.000,-0.111111,0.433333,-0.894358,34.671,48.102,73.509,1256.0
Karolain_9_puntos_intento_4.mp4,1399,11658.333,True,146.000,152.000,0.000,126.000,73.000,-0.111111,0.438889,-0.891645,34.399,48.052,74.104,1238.5
Karolain_9_puntos_intento_4.mp4,1400,11666.667,True,146.000,152.000,0.000,126.000,74.000,-0.111111,0.433333,-0.894358,34.795,47.813,73.496,1249.0
Karolain_9_puntos_intento_4.mp4,1401,11675.000,True,146.000,152.000,0.000,126.000,73.000,-0.111111,0.438889,-0.891645,33.947,48.064,74.291,1237.5
Karolain_9_puntos_intento_4.mp4,1402,11683.333,True,146.000,152.000,0.000,126.000,74.000,-0.111111,0.433333,-0.894358,34.388,47.963,73.159,1248.0
Karolain_9_puntos_intento_4.mp4,1403,11691.667,True,146.000,152.000,0.000,126.000,73.000,-0.111111,0.438889,-0.891645,34.447,48.595,74.857,1262.0
Karolain_9_puntos_intento_4.mp4,1404,11700.000,True,146.000,152.000,0.000,126.000,73.000,-0.111111,0.438889,-0.891645,34.510,48.373,75.130,1263.5
Karolain_9_puntos_intento_4.mp4,1405,11708.333,True,146.000,152.000,0.000,126.000,73.000,-0.111111,0.438889,-0.891645,34.840,48.751,74.500,1280.0
Karolain_9_puntos_intento_4.mp4,1406,11716.667,True,146.000,152.000,0.000,126.000,73.000,-0.111111,0.438889,-0.891645,34.470,48.421,75.208,1261.0
Karolain_9_puntos_intento_4.mp4,1407,11725.000,True,146.000,152.000,0.000,126.000,73.000,-0.111111,0.438889,-0.891645,34.238,48.489,75.693,1268.0
Karolain_9_puntos_intento_4.mp4,1408,11733.333,True,146.000,152.000,0.000,126.000,73.000,-0.111111,0.438889,-0.891645,34.405,48.350,75.798,1270.5
Karolain_9_puntos_intento_4.mp4,1409,11741.667,True,146.000,152.000,0.000,126.000,74.000,-0.111111,0.433333,-0.894358,34.676,48.182,71.371,1258.5
Karolain_9_puntos_intento_4.mp4,1410,11750.000,True,146.000,152.000,0.000,126.000,73.000,-0.111111,0.438889,-0.891645,34.575,48.527,72.615,1263.5
Karolain_9_puntos_intento_4.mp4,1411,11758.333,True,146.000,152.000,0.000,126.000,73.000,-0.111111,0.438889,-0.891645,35.039,48.001,74.056,1280.0
Karolain_9_puntos_intento_4.mp4,1412,11766.667,True,146.000,152.000,0.000,126.000,73.000,-0.111111,0.438889,-0.891645,35.068,48.676,72.230,1273.0
Karolain_9_puntos_intento_4.mp4,1413,11775.000,True,146.000,152.000,0.000,126.000,73.000,-0.111111,0.438889,-0.891645,34.760,48.632,73.249,1263.5
Karolain_9_puntos_intento_4.mp4,1414,11783.333,True,146.000,152.000,0.000,126.000,73.000,-0.111111,0.438889,-0.891645,35.262,48.311,73.673,1280.0
Karolain_9_puntos_intento_4.mp4,1415,11791.667,True,146.000,152.000,0.000,126.000,73.000,-0.111111,0.438889,-0.891645,34.658,48.867,73.284,1279.5
Karolain_9_puntos_intento_4.mp4,1416,11800.000,True,146.000,152.000,0.000,126.000,73.000,-0.111111,0.438889,-0.891645,34.739,48.991,74.592,1295.5
Karolain_9_puntos_intento_4.mp4,1417,11808.333,True,146.000,152.000,0.000,126.000,73.000,-0.111111,0.438889,-0.891645,34.737,48.123,73.851,1274.5
Karolain_9_puntos_intento_4.mp4,1418,11816.667,True,146.000,152.000,0.000,126.000,73.000,-0.111111,0.438889,-0.891645,35.127,48.754,75.505,1292.5
Karolain_9_puntos_intento_4.mp4,1419,11825.000,True,146.000,152.000,0.000,126.000,73.000,-0.111111,0.438889,-0.891645,34.751,49.013,75.744,1286.0
Karolain_9_puntos_intento_4.mp4,1420,11833.333,True,146.000,152.000,0.000,126.000,74.000,-0.111111,0.433333,-0.894358,35.143,48.706,75.002,1310.0
Karolain_9_puntos_intento_4.mp4,1421,11841.667,True,146.000,152.000,0.000,126.000,74.000,-0.111111,0.433333,-0.894358,35.188,49.133,71.256,1295.5
Karolain_9_puntos_intento_4.mp4,1422,11850.000,True,146.000,152.000,0.000,126.000,74.000,-0.111111,0.433333,-0.894358,34.554,48.781,72.042,1290.0
Karolain_9_puntos_intento_4.mp4,1423,11858.333,True,146.000,152.000,0.000,126.000,74.000,-0.111111,0.433333,-0.894358,34.968,48.352,72.803,1277.0
Karolain_9_puntos_intento_4.mp4,1424,11866.667,True,146.000,152.000,0.000,126.000,73.000,-0.111111,0.438889,-0.891645,34.821,48.581,74.139,1294.0
Karolain_9_puntos_intento_4.mp4,1425,11875.000,True,146.000,152.000,0.000,126.000,74.000,-0.111111,0.433333,-0.894358,35.319,48.856,74.325,1299.5
Karolain_9_puntos_intento_4.mp4,1426,11883.333,True,146.000,152.000,0.000,126.000,73.000,-0.111111,0.438889,-0.891645,34.920,48.827,74.910,1306.0
Karolain_9_puntos_intento_4.mp4,1427,11891.667,True,146.000,152.000,0.000,126.000,74.000,-0.111111,0.433333,-0.894358,35.432,48.609,74.731,1298.0
Karolain_9_puntos_intento_4.mp4,1428,11900.000,True,146.000,152.000,0.000,126.000,73.000,-0.111111,0.438889,-0.891645,35.114,48.610,75.729,1297.0
Karolain_9_puntos_intento_4.mp4,1429,11908.333,True,146.000,152.000,0.000,126.000,73.000,-0.111111,0.438889,-0.891645,35.028,48.919,73.469,1297.5
Karolain_9_puntos_intento_4.mp4,1430,11916.667,True,146.000,152.000,0.000,127.000,74.000,-0.105556,0.433333,-0.895031,34.508,49.799,74.696,1288.5
Karolain_9_puntos_intento_4.mp4,1431,11925.000,True,146.000,152.000,0.000,126.000,73.000,-0.111111,0.438889,-0.891645,34.375,49.803,74.467,1295.0
Karolain_9_puntos_intento_4.mp4,1432,11933.333,True,146.000,152.000,0.000,126.000,73.000,-0.111111,0.438889,-0.891645,34.585,49.394,74.373,1298.0
Karolain_9_puntos_intento_4.mp4,1433,11941.667,True,146.000,152.000,0.000,126.000,74.000,-0.111111,0.433333,-0.894358,35.189,50.027,73.762,1317.5
Karolain_9_puntos_intento_4.mp4,1434,11950.000,True,146.000,152.000,0.000,126.000,74.000,-0.111111,0.433333,-0.894358,35.735,50.066,74.855,1326.0
Karolain_9_puntos_intento_4.mp4,1435,11958.333,True,146.000,152.000,0.000,126.000,74.000,-0.111111,0.433333,-0.894358,35.717,49.158,72.202,1308.5
Karolain_9_puntos_intento_4.mp4,1436,11966.667,True,146.000,152.000,0.000,126.000,73.000,-0.111111,0.438889,-0.891645,36.101,48.311,72.890,1314.5
Karolain_9_puntos_intento_4.mp4,1437,11975.000,True,146.000,152.000,0.000,126.000,73.000,-0.111111,0.438889,-0.891645,34.987,49.359,76.253,1306.5
Karolain_9_puntos_intento_4.mp4,1438,11983.333,True,146.000,152.000,0.000,126.000,73.000,-0.111111,0.438889,-0.891645,34.737,49.475,77.226,1311.0
Karolain_9_puntos_intento_4.mp4,1439,11991.667,True,146.000,152.000,0.000,126.000,73.000,-0.111111,0.438889,-0.891645,34.524,49.476,75.478,1307.0
Karolain_9_puntos_intento_4.mp4,1440,12000.000,True,146.000,152.000,0.000,126.000,74.000,-0.111111,0.433333,-0.894358,35.513,49.575,73.769,1312.5
Karolain_9_puntos_intento_4.mp4,1441,12008.333,True,146.000,152.000,0.000,126.000,74.000,-0.111111,0.433333,-0.894358,36.038,50.119,73.945,1330.0
Karolain_9_puntos_intento_4.mp4,1442,12016.667,True,146.000,152.000,0.000,126.000,73.000,-0.111111,0.438889,-0.891645,35.356,50.235,75.183,1325.5
Karolain_9_puntos_intento_4.mp4,1443,12025.000,True,146.000,152.000,0.000,126.000,73.000,-0.111111,0.438889,-0.891645,35.640,49.613,74.636,1319.0
Karolain_9_puntos_intento_4.mp4,1444,12033.333,True,146.000,152.000,0.000,126.000,74.000,-0.111111,0.433333,-0.894358,35.409,49.857,75.804,1328.5
Karolain_9_puntos_intento_4.mp4,1445,12041.667,True,146.000,152.000,0.000,126.000,74.000,-0.111111,0.433333,-0.894358,34.768,49.971,75.061,1318.5
Karolain_9_puntos_intento_4.mp4,1446,12050.000,True,146.000,152.000,0.000,126.000,74.000,-0.111111,0.433333,-0.894358,34.990,50.451,72.253,1324.0
Karolain_9_puntos_intento_4.mp4,1447,12058.333,True,146.000,152.000,0.000,126.000,74.000,-0.111111,0.433333,-0.894358,34.503,49.959,74.620,1321.5
Karolain_9_puntos_intento_4.mp4,1448,12066.667,True,146.000,152.000,0.000,126.000,74.000,-0.111111,0.433333,-0.894358,34.861,50.198,74.439,1323.0
Karolain_9_puntos_intento_4.mp4,1449,12075.000,True,146.000,152.000,0.000,126.000,73.000,-0.111111,0.438889,-0.891645,35.390,50.349,74.633,1335.0
Karolain_9_puntos_intento_4.mp4,1450,12083.333,True,146.000,152.000,0.000,126.000,73.000,-0.111111,0.438889,-0.891645,36.349,49.636,73.863,1342.5
Karolain_9_puntos_intento_4.mp4,1451,12091.667,True,146.000,152.000,0.000,126.000,74.000,-0.111111,0.433333,-0.894358,35.880,49.854,73.673,1333.0
Karolain_9_puntos_intento_4.mp4,1452,12100.000,True,146.000,152.000,0.000,126.000,74.000,-0.111111,0.433333,-0.894358,35.840,50.231,73.913,1345.5
Karolain_9_puntos_intento_4.mp4,1453,12108.333,True,146.000,152.000,0.000,126.000,74.000,-0.111111,0.433333,-0.894358,35.336,49.849,73.112,1344.0
Karolain_9_puntos_intento_4.mp4,1454,12116.667,True,146.000,152.000,0.000,126.000,74.000,-0.111111,0.433333,-0.894358,36.258,49.808,72.324,1359.5
Karolain_9_puntos_intento_4.mp4,1455,12125.000,True,146.000,152.000,0.000,126.000,74.000,-0.111111,0.433333,-0.894358,35.195,49.528,75.074,1343.0
Karolain_9_puntos_intento_4.mp4,1456,12133.333,True,146.000,152.000,0.000,126.000,74.000,-0.111111,0.433333,-0.894358,35.811,49.724,72.923,1343.5
Karolain_9_puntos_intento_4.mp4,1457,12141.667,True,146.000,152.000,0.000,126.000,74.000,-0.111111,0.433333,-0.894358,35.812,50.202,73.883,1366.0
Karolain_9_puntos_intento_4.mp4,1458,12150.000,True,146.000,152.000,0.000,126.000,74.000,-0.111111,0.433333,-0.894358,35.533,50.140,74.904,1352.5
Karolain_9_puntos_intento_4.mp4,1459,12158.333,True,146.000,152.000,0.000,126.000,74.000,-0.111111,0.433333,-0.894358,35.813,49.643,74.900,1339.5
Karolain_9_puntos_intento_4.mp4,1460,12166.667,True,146.000,152.000,0.000,126.000,74.000,-0.111111,0.433333,-0.894358,36.074,49.740,73.810,1354.0
Karolain_9_puntos_intento_4.mp4,1461,12175.000,True,146.000,152.000,0.000,126.000,74.000,-0.111111,0.433333,-0.894358,35.826,50.372,74.615,1360.5
Karolain_9_puntos_intento_4.mp4,1462,12183.333,True,146.000,152.000,0.000,126.000,74.000,-0.111111,0.433333,-0.894358,35.976,50.355,76.629,1370.0
Karolain_9_puntos_intento_4.mp4,1463,12191.667,True,146.000,152.000,0.000,126.000,74.000,-0.111111,0.433333,-0.894358,35.386,50.962,75.573,1363.0
Karolain_9_puntos_intento_4.mp4,1464,12200.000,True,146.000,152.000,0.000,126.000,74.000,-0.111111,0.433333,-0.894358,36.092,50.462,74.485,1388.0
Karolain_9_puntos_intento_4.mp4,1465,12208.333,True,146.000,152.000,0.000,126.000,73.000,-0.111111,0.438889,-0.891645,36.660,50.457,74.504,1378.0
Karolain_9_puntos_intento_4.mp4,1466,12216.667,True,146.000,152.000,0.000,126.000,74.000,-0.111111,0.433333,-0.894358,36.213,50.306,73.183,1374.0
Karolain_9_puntos_intento_4.mp4,1467,12225.000,True,146.000,152.000,0.000,126.000,74.000,-0.111111,0.433333,-0.894358,35.660,50.704,74.200,1379.5
Karolain_9_puntos_intento_4.mp4,1468,12233.333,True,146.000,152.000,0.000,126.000,73.000,-0.111111,0.438889,-0.891645,36.159,50.762,73.162,1377.0
Karolain_9_puntos_intento_4.mp4,1469,12241.667,True,146.000,152.000,0.000,126.000,74.000,-0.111111,0.433333,-0.894358,35.925,50.625,74.095,1367.5
Karolain_9_puntos_intento_4.mp4,1470,12250.000,True,146.000,152.000,0.000,126.000,74.000,-0.111111,0.433333,-0.894358,36.356,50.550,74.398,1381.0
Karolain_9_puntos_intento_4.mp4,1471,12258.333,True,146.000,152.000,0.000,126.000,74.000,-0.111111,0.433333,-0.894358,36.387,50.399,75.355,1378.5
Karolain_9_puntos_intento_4.mp4,1472,12266.667,True,146.000,152.000,0.000,126.000,74.000,-0.111111,0.433333,-0.894358,37.019,50.420,74.103,1393.0
Karolain_9_puntos_intento_4.mp4,1473,12275.000,True,146.000,152.000,0.000,126.000,74.000,-0.111111,0.433333,-0.894358,36.322,50.540,72.608,1388.5
Karolain_9_puntos_intento_4.mp4,1474,12283.333,True,146.000,152.000,0.000,128.000,74.000,-0.100000,0.433333,-0.895669,36.308,50.816,75.114,1383.0
Karolain_9_puntos_intento_4.mp4,1475,12291.667,True,146.000,152.000,0.000,138.000,73.000,-0.044444,0.438889,-0.897441,38.389,51.184,79.923,1484.5
Karolain_9_puntos_intento_4.mp4,1476,12300.000,True,146.000,152.000,0.000,152.000,73.000,0.033333,0.438889,-0.897923,40.706,51.759,90.236,1594.0
Karolain_9_puntos_intento_4.mp4,1477,12308.333,True,146.000,152.000,0.000,164.000,73.000,0.100000,0.438889,-0.892959,41.475,51.764,97.422,1650.0
Karolain_9_puntos_intento_4.mp4,1478,12316.667,True,146.000,152.000,0.000,178.000,73.000,0.177778,0.438889,-0.880779,41.215,51.309,108.363,1621.0
Karolain_9_puntos_intento_4.mp4,1479,12325.000,True,146.000,152.000,0.000,189.000,73.000,0.238889,0.438889,-0.866204,40.248,51.074,115.779,1596.5
Karolain_9_puntos_intento_4.mp4,1480,12333.333,True,146.000,152.000,0.000,199.000,72.000,0.294444,0.444444,-0.846033,39.425,50.942,122.093,1545.0
Karolain_9_puntos_intento_4.mp4,1481,12341.667,True,146.000,152.000,0.000,209.000,73.000,0.350000,0.438889,-0.827573,37.800,50.720,128.909,1470.5
Karolain_9_puntos_intento_4.mp4,1482,12350.000,True,146.000,152.000,0.000,217.000,74.000,0.394444,0.433333,-0.810331,35.873,50.036,134.283,1386.5
Karolain_9_puntos_intento_4.mp4,1483,12358.333,True,146.000,152.000,0.000,226.000,75.000,0.444444,0.427778,-0.787068,34.484,50.345,136.046,1327.5
Karolain_9_puntos_intento_4.mp4,1484,12366.667,True,146.000,152.000,0.000,233.000,76.000,0.483333,0.422222,-0.766888,33.289,50.414,138.361,1277.5
Karolain_9_puntos_intento_4.mp4,1485,12375.000,True,146.000,152.000,0.000,238.000,77.000,0.511111,0.416667,-0.751767,31.334,49.563,141.174,1203.0
Karolain_9_puntos_intento_4.mp4,1486,12383.333,True,146.000,152.000,0.000,242.000,77.000,0.533333,0.416667,-0.736169,30.422,48.775,141.183,1139.0
Karolain_9_puntos_intento_4.mp4,1487,12391.667,True,146.000,152.000,0.000,242.000,76.000,0.533333,0.422222,-0.732997,29.885,48.675,142.882,1126.5
Karolain_9_puntos_intento_4.mp4,1488,12400.000,True,146.000,152.000,0.000,241.000,76.000,0.527778,0.422222,-0.737007,31.243,49.523,140.394,1198.0
Karolain_9_puntos_intento_4.mp4,1489,12408.333,True,146.000,152.000,0.000,242.000,76.000,0.533333,0.422222,-0.732997,31.158,49.678,141.152,1189.5
Karolain_9_puntos_intento_4.mp4,1490,12416.667,True,146.000,152.000,0.000,242.000,76.000,0.533333,0.422222,-0.732997,31.078,49.576,141.148,1183.5
Karolain_9_puntos_intento_4.mp4,1491,12425.000,True,146.000,152.000,0.000,242.000,76.000,0.533333,0.422222,-0.732997,30.961,49.869,140.582,1191.5
Karolain_9_puntos_intento_4.mp4,1492,12433.333,True,146.000,152.000,0.000,243.000,76.000,0.538889,0.422222,-0.728922,31.350,49.482,141.253,1195.5
Karolain_9_puntos_intento_4.mp4,1493,12441.667,True,146.000,152.000,0.000,243.000,76.000,0.538889,0.422222,-0.728922,31.221,49.382,141.054,1194.0
Karolain_9_puntos_intento_4.mp4,1494,12450.000,True,146.000,152.000,0.000,243.000,76.000,0.538889,0.422222,-0.728922,31.177,49.245,142.356,1187.5
Karolain_9_puntos_intento_4.mp4,1495,12458.333,True,146.000,152.000,0.000,243.000,76.000,0.538889,0.422222,-0.728922,30.978,49.686,142.000,1193.0
Karolain_9_puntos_intento_4.mp4,1496,12466.667,True,146.000,152.000,0.000,243.000,76.000,0.538889,0.422222,-0.728922,31.543,49.936,141.527,1205.5
Karolain_9_puntos_intento_4.mp4,1497,12475.000,True,146.000,152.000,0.000,243.000,76.000,0.538889,0.422222,-0.728922,31.099,49.737,141.749,1196.0
Karolain_9_puntos_intento_4.mp4,1498,12483.333,True,146.000,152.000,0.000,243.000,76.000,0.538889,0.422222,-0.728922,31.522,49.861,141.809,1215.0
Karolain_9_puntos_intento_4.mp4,1499,12491.667,True,146.000,152.000,0.000,243.000,76.000,0.538889,0.422222,-0.728922,31.804,49.759,142.469,1214.5
Karolain_9_puntos_intento_4.mp4,1500,12500.000,True,146.000,152.000,0.000,243.000,76.000,0.538889,0.422222,-0.728922,31.615,49.849,142.254,1218.5
Karolain_9_puntos_intento_4.mp4,1501,12508.333,True,146.000,152.000,0.000,243.000,76.000,0.538889,0.422222,-0.728922,32.034,50.017,143.332,1218.5
Karolain_9_puntos_intento_4.mp4,1502,12516.667,True,146.000,152.000,0.000,243.000,76.000,0.538889,0.422222,-0.728922,32.125,49.857,142.669,1233.0
Karolain_9_puntos_intento_4.mp4,1503,12525.000,True,146.000,152.000,0.000,243.000,75.000,0.538889,0.427778,-0.725676,31.899,49.913,142.890,1222.0
Karolain_9_puntos_intento_4.mp4,1504,12533.333,True,146.000,152.000,0.000,243.000,75.000,0.538889,0.427778,-0.725676,31.732,50.300,141.499,1228.0
Karolain_9_puntos_intento_4.mp4,1505,12541.667,True,146.000,152.000,0.000,243.000,75.000,0.538889,0.427778,-0.725676,31.648,49.812,141.962,1219.5
Karolain_9_puntos_intento_4.mp4,1506,12550.000,True,146.000,152.000,0.000,243.000,75.000,0.538889,0.427778,-0.725676,31.731,50.366,141.612,1230.0
Karolain_9_puntos_intento_4.mp4,1507,12558.333,True,146.000,152.000,0.000,243.000,76.000,0.538889,0.422222,-0.728922,31.297,50.305,142.728,1221.5
Karolain_9_puntos_intento_4.mp4,1508,12566.667,True,146.000,152.000,0.000,243.000,75.000,0.538889,0.427778,-0.725676,31.389,50.483,141.661,1225.0
Karolain_9_puntos_intento_4.mp4,1509,12575.000,True,146.000,152.000,0.000,243.000,76.000,0.538889,0.422222,-0.728922,31.492,50.008,143.098,1216.5
Karolain_9_puntos_intento_4.mp4,1510,12583.333,True,146.000,152.000,0.000,243.000,76.000,0.538889,0.422222,-0.728922,31.514,50.142,142.871,1221.0
Karolain_9_puntos_intento_4.mp4,1511,12591.667,True,146.000,152.000,0.000,243.000,76.000,0.538889,0.422222,-0.728922,31.562,50.175,142.128,1223.5
Karolain_9_puntos_intento_4.mp4,1512,12600.000,True,146.000,152.000,0.000,243.000,75.000,0.538889,0.427778,-0.725676,31.561,50.085,142.537,1228.0
Karolain_9_puntos_intento_4.mp4,1513,12608.333,True,146.000,152.000,0.000,243.000,75.000,0.538889,0.427778,-0.725676,31.899,50.224,142.397,1220.5
Karolain_9_puntos_intento_4.mp4,1514,12616.667,True,146.000,152.000,0.000,243.000,75.000,0.538889,0.427778,-0.725676,31.489,50.719,142.147,1236.5
Karolain_9_puntos_intento_4.mp4,1515,12625.000,True,146.000,152.000,0.000,243.000,75.000,0.538889,0.427778,-0.725676,32.340,50.537,142.008,1250.0
Karolain_9_puntos_intento_4.mp4,1516,12633.333,True,146.000,152.000,0.000,243.000,75.000,0.538889,0.427778,-0.725676,31.823,51.000,141.984,1250.0
Karolain_9_puntos_intento_4.mp4,1517,12641.667,True,146.000,152.000,0.000,243.000,75.000,0.538889,0.427778,-0.725676,31.744,50.736,141.686,1249.5
Karolain_9_puntos_intento_4.mp4,1518,12650.000,True,146.000,152.000,0.000,243.000,75.000,0.538889,0.427778,-0.725676,31.555,51.073,141.835,1240.0
Karolain_9_puntos_intento_4.mp4,1519,12658.333,True,146.000,152.000,0.000,243.000,75.000,0.538889,0.427778,-0.725676,31.646,50.926,141.611,1243.5
Karolain_9_puntos_intento_4.mp4,1520,12666.667,True,146.000,152.000,0.000,243.000,75.000,0.538889,0.427778,-0.725676,31.419,51.559,142.411,1243.0
Karolain_9_puntos_intento_4.mp4,1521,12675.000,True,146.000,152.000,0.000,243.000,76.000,0.538889,0.422222,-0.728922,31.840,51.061,142.410,1255.5
Karolain_9_puntos_intento_4.mp4,1522,12683.333,True,146.000,152.000,0.000,243.000,75.000,0.538889,0.427778,-0.725676,31.910,51.255,142.442,1269.0
Karolain_9_puntos_intento_4.mp4,1523,12691.667,True,146.000,152.000,0.000,242.000,76.000,0.533333,0.422222,-0.732997,32.403,51.855,143.472,1297.5
Karolain_9_puntos_intento_4.mp4,1524,12700.000,True,146.000,152.000,0.000,241.000,78.000,0.527778,0.411111,-0.743262,34.007,51.929,142.485,1370.0
Karolain_9_puntos_intento_4.mp4,1525,12708.333,True,146.000,152.000,0.000,242.000,78.000,0.533333,0.411111,-0.739286,33.922,51.962,142.378,1351.5
Karolain_9_puntos_intento_4.mp4,1526,12716.667,True,146.000,152.000,0.000,242.000,77.000,0.533333,0.416667,-0.736169,33.067,51.945,142.841,1330.0
Karolain_9_puntos_intento_4.mp4,1527,12725.000,True,146.000,152.000,0.000,242.000,77.000,0.533333,0.416667,-0.736169,33.179,51.943,143.123,1328.5
Karolain_9_puntos_intento_4.mp4,1528,12733.333,True,146.000,152.000,0.000,242.000,77.000,0.533333,0.416667,-0.736169,33.103,52.067,142.804,1334.5
Karolain_9_puntos_intento_4.mp4,1529,12741.667,True,146.000,152.000,0.000,242.000,77.000,0.533333,0.416667,-0.736169,32.822,52.247,142.774,1323.0
Karolain_9_puntos_intento_4.mp4,1530,12750.000,True,146.000,152.000,0.000,242.000,77.000,0.533333,0.416667,-0.736169,33.196,52.283,143.480,1341.0
Karolain_9_puntos_intento_4.mp4,1531,12758.333,True,146.000,152.000,0.000,242.000,77.000,0.533333,0.416667,-0.736169,33.185,51.834,142.993,1329.0
Karolain_9_puntos_intento_4.mp4,1532,12766.667,True,146.000,152.000,0.000,242.000,77.000,0.533333,0.416667,-0.736169,33.270,51.600,142.751,1326.5
Karolain_9_puntos_intento_4.mp4,1533,12775.000,True,146.000,152.000,0.000,242.000,77.000,0.533333,0.416667,-0.736169,33.124,52.067,143.502,1315.5
Karolain_9_puntos_intento_4.mp4,1534,12783.333,True,146.000,152.000,0.000,242.000,77.000,0.533333,0.416667,-0.736169,33.226,52.005,142.783,1332.5
Karolain_9_puntos_intento_4.mp4,1535,12791.667,True,146.000,152.000,0.000,242.000,77.000,0.533333,0.416667,-0.736169,33.056,51.610,142.651,1314.5
Karolain_9_puntos_intento_4.mp4,1536,12800.000,True,146.000,152.000,0.000,242.000,77.000,0.533333,0.416667,-0.736169,32.863,51.686,143.755,1317.0
Karolain_9_puntos_intento_4.mp4,1537,12808.333,True,146.000,152.000,0.000,242.000,77.000,0.533333,0.416667,-0.736169,33.374,52.324,141.911,1343.0
Karolain_9_puntos_intento_4.mp4,1538,12816.667,True,146.000,152.000,0.000,242.000,77.000,0.533333,0.416667,-0.736169,33.536,51.779,142.427,1334.0
Karolain_9_puntos_intento_4.mp4,1539,12825.000,True,146.000,152.000,0.000,242.000,77.000,0.533333,0.416667,-0.736169,33.440,51.648,142.723,1338.0
Karolain_9_puntos_intento_4.mp4,1540,12833.333,True,146.000,152.000,0.000,242.000,77.000,0.533333,0.416667,-0.736169,33.696,51.925,140.570,1334.5
Karolain_9_puntos_intento_4.mp4,1541,12841.667,True,146.000,152.000,0.000,242.000,77.000,0.533333,0.416667,-0.736169,32.614,52.217,143.360,1320.5
Karolain_9_puntos_intento_4.mp4,1542,12850.000,True,146.000,152.000,0.000,242.000,77.000,0.533333,0.416667,-0.736169,32.783,52.293,143.233,1323.5
Karolain_9_puntos_intento_4.mp4,1543,12858.333,True,146.000,152.000,0.000,242.000,77.000,0.533333,0.416667,-0.736169,32.907,52.188,142.486,1323.5
Karolain_9_puntos_intento_4.mp4,1544,12866.667,True,146.000,152.000,0.000,242.000,78.000,0.533333,0.411111,-0.739286,32.872,52.296,143.613,1330.5
Karolain_9_puntos_intento_4.mp4,1545,12875.000,True,146.000,152.000,0.000,242.000,77.000,0.533333,0.416667,-0.736169,32.875,52.007,143.581,1325.5
Karolain_9_puntos_intento_4.mp4,1546,12883.333,True,146.000,152.000,0.000,242.000,77.000,0.533333,0.416667,-0.736169,32.954,52.016,142.548,1327.5
Karolain_9_puntos_intento_4.mp4,1547,12891.667,True,146.000,152.000,0.000,242.000,77.000,0.533333,0.416667,-0.736169,33.073,52.680,142.602,1338.5
Karolain_9_puntos_intento_4.mp4,1548,12900.000,True,146.000,152.000,0.000,242.000,77.000,0.533333,0.416667,-0.736169,32.990,52.647,142.384,1336.0
Karolain_9_puntos_intento_4.mp4,1549,12908.333,True,146.000,152.000,0.000,242.000,77.000,0.533333,0.416667,-0.736169,33.718,52.797,142.267,1363.5
Karolain_9_puntos_intento_4.mp4,1550,12916.667,True,146.000,152.000,0.000,242.000,77.000,0.533333,0.416667,-0.736169,33.871,53.367,143.133,1395.0
Karolain_9_puntos_intento_4.mp4,1551,12925.000,True,146.000,152.000,0.000,242.000,77.000,0.533333,0.416667,-0.736169,33.484,53.451,142.726,1377.5
Karolain_9_puntos_intento_4.mp4,1552,12933.333,True,146.000,152.000,0.000,242.000,77.000,0.533333,0.416667,-0.736169,34.080,53.246,142.777,1392.0
Karolain_9_puntos_intento_4.mp4,1553,12941.667,True,146.000,152.000,0.000,242.000,77.000,0.533333,0.416667,-0.736169,34.079,53.606,142.118,1412.0
Karolain_9_puntos_intento_4.mp4,1554,12950.000,True,146.000,152.000,0.000,242.000,77.000,0.533333,0.416667,-0.736169,33.951,53.880,142.185,1413.0
Karolain_9_puntos_intento_4.mp4,1555,12958.333,True,146.000,152.000,0.000,242.000,77.000,0.533333,0.416667,-0.736169,33.829,53.586,142.833,1404.0
Karolain_9_puntos_intento_4.mp4,1556,12966.667,True,146.000,152.000,0.000,242.000,77.000,0.533333,0.416667,-0.736169,34.556,53.460,142.593,1420.0
Karolain_9_puntos_intento_4.mp4,1557,12975.000,True,146.000,152.000,0.000,242.000,77.000,0.533333,0.416667,-0.736169,34.233,53.306,142.766,1407.0
Karolain_9_puntos_intento_4.mp4,1558,12983.333,True,146.000,152.000,0.000,242.000,77.000,0.533333,0.416667,-0.736169,34.338,53.396,143.017,1410.0
Karolain_9_puntos_intento_4.mp4,1559,12991.667,True,146.000,152.000,0.000,242.000,77.000,0.533333,0.416667,-0.736169,33.596,53.351,141.514,1383.5
Karolain_9_puntos_intento_4.mp4,1560,13000.000,True,146.000,152.000,0.000,242.000,77.000,0.533333,0.416667,-0.736169,33.521,53.366,142.114,1391.5
Karolain_9_puntos_intento_4.mp4,1561,13008.333,True,146.000,152.000,0.000,242.000,77.000,0.533333,0.416667,-0.736169,34.004,53.383,142.698,1387.0
Karolain_9_puntos_intento_4.mp4,1562,13016.667,True,146.000,152.000,0.000,242.000,77.000,0.533333,0.416667,-0.736169,33.915,53.661,142.094,1404.5
Karolain_9_puntos_intento_4.mp4,1563,13025.000,True,146.000,152.000,0.000,242.000,77.000,0.533333,0.416667,-0.736169,33.913,53.862,142.382,1409.0
Karolain_9_puntos_intento_4.mp4,1564,13033.333,True,146.000,152.000,0.000,243.000,78.000,0.538889,0.411111,-0.735246,33.481,53.999,143.642,1382.5
Karolain_9_puntos_intento_4.mp4,1565,13041.667,True,146.000,152.000,0.000,243.000,78.000,0.538889,0.411111,-0.735246,33.487,53.255,144.256,1381.0
Karolain_9_puntos_intento_4.mp4,1566,13050.000,True,146.000,152.000,0.000,242.000,78.000,0.533333,0.411111,-0.739286,34.160,54.000,142.242,1420.0
Karolain_9_puntos_intento_4.mp4,1567,13058.333,True,146.000,152.000,0.000,242.000,78.000,0.533333,0.411111,-0.739286,33.789,53.723,143.504,1398.5
Karolain_9_puntos_intento_4.mp4,1568,13066.667,True,146.000,152.000,0.000,242.000,78.000,0.533333,0.411111,-0.739286,33.676,53.217,144.154,1384.5
Karolain_9_puntos_intento_4.mp4,1569,13075.000,True,146.000,152.000,0.000,242.000,78.000,0.533333,0.411111,-0.739286,33.743,53.866,143.917,1396.0
Karolain_9_puntos_intento_4.mp4,1570,13083.333,True,146.000,152.000,0.000,242.000,78.000,0.533333,0.411111,-0.739286,33.203,53.660,144.641,1369.0
Karolain_9_puntos_intento_4.mp4,1571,13091.667,True,146.000,152.000,0.000,242.000,78.000,0.533333,0.411111,-0.739286,33.721,53.603,144.320,1387.0
Karolain_9_puntos_intento_4.mp4,1572,13100.000,True,146.000,152.000,0.000,242.000,78.000,0.533333,0.411111,-0.739286,33.860,53.894,143.295,1391.5
Karolain_9_puntos_intento_4.mp4,1573,13108.333,True,146.000,152.000,0.000,242.000,78.000,0.533333,0.411111,-0.739286,34.352,54.110,142.215,1404.0
Karolain_9_puntos_intento_4.mp4,1574,13116.667,True,146.000,152.000,0.000,242.000,78.000,0.533333,0.411111,-0.739286,33.746,53.924,144.537,1399.5
Karolain_9_puntos_intento_4.mp4,1575,13125.000,True,146.000,152.000,0.000,243.000,78.000,0.538889,0.411111,-0.735246,33.356,54.099,142.838,1392.0
Karolain_9_puntos_intento_4.mp4,1576,13133.333,True,146.000,151.000,0.000,242.000,78.000,0.533333,0.405556,-0.742348,33.916,53.771,142.762,1403.0
Karolain_9_puntos_intento_4.mp4,1577,13141.667,True,146.000,151.000,0.000,243.000,78.000,0.538889,0.405556,-0.738325,33.442,54.230,143.914,1394.5
Karolain_9_puntos_intento_4.mp4,1578,13150.000,True,146.000,151.000,0.000,243.000,78.000,0.538889,0.405556,-0.738325,33.747,54.727,143.702,1402.5
Karolain_9_puntos_intento_4.mp4,1579,13158.333,True,146.000,151.000,0.000,242.000,78.000,0.533333,0.405556,-0.742348,33.382,53.718,144.712,1388.5
Karolain_9_puntos_intento_4.mp4,1580,13166.667,True,146.000,151.000,0.000,242.000,78.000,0.533333,0.405556,-0.742348,33.637,54.323,144.344,1415.0
Karolain_9_puntos_intento_4.mp4,1581,13175.000,True,146.000,151.000,0.000,242.000,78.000,0.533333,0.405556,-0.742348,33.642,54.167,143.051,1401.5
Karolain_9_puntos_intento_4.mp4,1582,13183.333,True,146.000,151.000,0.000,242.000,78.000,0.533333,0.405556,-0.742348,33.459,54.120,143.265,1403.5
Karolain_9_puntos_intento_4.mp4,1583,13191.667,True,146.000,151.000,0.000,242.000,78.000,0.533333,0.405556,-0.742348,33.442,54.477,143.158,1410.0
Karolain_9_puntos_intento_4.mp4,1584,13200.000,True,146.000,151.000,0.000,242.000,78.000,0.533333,0.405556,-0.742348,33.679,54.188,144.097,1406.5
Karolain_9_puntos_intento_4.mp4,1585,13208.333,True,146.000,151.000,0.000,242.000,78.000,0.533333,0.405556,-0.742348,33.706,54.634,143.690,1429.5
Karolain_9_puntos_intento_4.mp4,1586,13216.667,True,146.000,151.000,0.000,242.000,78.000,0.533333,0.405556,-0.742348,34.053,54.324,143.600,1417.5
Karolain_9_puntos_intento_4.mp4,1587,13225.000,True,146.000,151.000,0.000,242.000,78.000,0.533333,0.405556,-0.742348,34.149,54.350,143.796,1421.0
Karolain_9_puntos_intento_4.mp4,1588,13233.333,True,146.000,151.000,0.000,242.000,78.000,0.533333,0.405556,-0.742348,34.008,54.254,143.888,1414.5
Karolain_9_puntos_intento_4.mp4,1589,13241.667,True,146.000,151.000,0.000,242.000,78.000,0.533333,0.405556,-0.742348,33.743,54.326,144.528,1404.5
Karolain_9_puntos_intento_4.mp4,1590,13250.000,True,146.000,151.000,0.000,242.000,78.000,0.533333,0.405556,-0.742348,34.202,54.254,143.888,1422.5
Karolain_9_puntos_intento_4.mp4,1591,13258.333,True,146.000,151.000,0.000,242.000,78.000,0.533333,0.405556,-0.742348,34.246,54.306,143.662,1437.5
Karolain_9_puntos_intento_4.mp4,1592,13266.667,True,146.000,151.000,0.000,242.000,78.000,0.533333,0.405556,-0.742348,34.084,54.466,143.917,1432.5
Karolain_9_puntos_intento_4.mp4,1593,13275.000,True,146.000,151.000,0.000,242.000,78.000,0.533333,0.405556,-0.742348,34.041,54.523,145.109,1425.5
Karolain_9_puntos_intento_4.mp4,1594,13283.333,True,146.000,151.000,0.000,242.000,78.000,0.533333,0.405556,-0.742348,33.985,54.346,144.563,1419.5
Karolain_9_puntos_intento_4.mp4,1595,13291.667,True,146.000,151.000,0.000,242.000,78.000,0.533333,0.405556,-0.742348,34.454,54.855,144.488,1445.5
Karolain_9_puntos_intento_4.mp4,1596,13300.000,True,146.000,151.000,0.000,242.000,78.000,0.533333,0.405556,-0.742348,34.193,54.794,144.328,1442.0
Karolain_9_puntos_intento_4.mp4,1597,13308.333,True,146.000,151.000,0.000,242.000,78.000,0.533333,0.405556,-0.742348,34.322,54.163,144.511,1433.5
Karolain_9_puntos_intento_4.mp4,1598,13316.667,True,146.000,151.000,0.000,242.000,78.000,0.533333,0.405556,-0.742348,33.918,54.846,143.886,1421.0
Karolain_9_puntos_intento_4.mp4,1599,13325.000,True,146.000,151.000,0.000,242.000,78.000,0.533333,0.405556,-0.742348,33.816,55.013,144.281,1426.0
Karolain_9_puntos_intento_4.mp4,1600,13333.333,True,146.000,151.000,0.000,242.000,78.000,0.533333,0.405556,-0.742348,33.962,55.144,144.102,1451.0
Karolain_9_puntos_intento_4.mp4,1601,13341.667,True,146.000,151.000,0.000,242.000,78.000,0.533333,0.405556,-0.742348,34.150,55.029,144.483,1451.5
Karolain_9_puntos_intento_4.mp4,1602,13350.000,True,146.000,151.000,0.000,242.000,78.000,0.533333,0.405556,-0.742348,34.222,54.879,144.051,1449.5
Karolain_9_puntos_intento_4.mp4,1603,13358.333,True,146.000,151.000,0.000,242.000,78.000,0.533333,0.405556,-0.742348,34.272,55.455,143.879,1463.5
Karolain_9_puntos_intento_4.mp4,1604,13366.667,True,146.000,151.000,0.000,242.000,78.000,0.533333,0.405556,-0.742348,34.016,55.348,144.203,1458.5
Karolain_9_puntos_intento_4.mp4,1605,13375.000,True,146.000,151.000,0.000,242.000,78.000,0.533333,0.405556,-0.742348,34.119,55.003,144.888,1458.5
Karolain_9_puntos_intento_4.mp4,1606,13383.333,True,146.000,151.000,0.000,242.000,78.000,0.533333,0.405556,-0.742348,33.990,55.187,144.145,1459.0
Karolain_9_puntos_intento_4.mp4,1607,13391.667,True,146.000,151.000,0.000,242.000,78.000,0.533333,0.405556,-0.742348,34.562,55.126,144.444,1467.0
Karolain_9_puntos_intento_4.mp4,1608,13400.000,True,146.000,151.000,0.000,242.000,78.000,0.533333,0.405556,-0.742348,34.815,54.888,144.692,1467.5
Karolain_9_puntos_intento_4.mp4,1609,13408.333,True,146.000,151.000,0.000,242.000,78.000,0.533333,0.405556,-0.742348,34.007,55.789,145.134,1457.5
Karolain_9_puntos_intento_4.mp4,1610,13416.667,True,146.000,151.000,0.000,242.000,78.000,0.533333,0.405556,-0.742348,34.389,55.406,144.988,1476.0
Karolain_9_puntos_intento_4.mp4,1611,13425.000,True,146.000,151.000,0.000,242.000,78.000,0.533333,0.405556,-0.742348,34.542,55.137,145.072,1473.5
Karolain_9_puntos_intento_4.mp4,1612,13433.333,True,146.000,151.000,0.000,242.000,78.000,0.533333,0.405556,-0.742348,34.328,55.491,144.831,1471.5
Karolain_9_puntos_intento_4.mp4,1613,13441.667,True,146.000,151.000,0.000,242.000,78.000,0.533333,0.405556,-0.742348,34.385,55.541,144.605,1478.5
Karolain_9_puntos_intento_4.mp4,1614,13450.000,True,146.000,151.000,0.000,242.000,78.000,0.533333,0.405556,-0.742348,34.418,55.366,144.664,1474.0
Karolain_9_puntos_intento_4.mp4,1615,13458.333,True,146.000,151.000,0.000,242.000,78.000,0.533333,0.405556,-0.742348,34.422,55.945,144.309,1483.5
Karolain_9_puntos_intento_4.mp4,1616,13466.667,True,146.000,151.000,0.000,242.000,78.000,0.533333,0.405556,-0.742348,34.371,55.534,144.521,1476.0
Karolain_9_puntos_intento_4.mp4,1617,13475.000,True,146.000,151.000,0.000,242.000,78.000,0.533333,0.405556,-0.742348,34.687,55.856,145.040,1478.0
Karolain_9_puntos_intento_4.mp4,1618,13483.333,True,146.000,151.000,0.000,242.000,78.000,0.533333,0.405556,-0.742348,34.638,55.732,145.125,1488.5
Karolain_9_puntos_intento_4.mp4,1619,13491.667,True,146.000,151.000,0.000,242.000,78.000,0.533333,0.405556,-0.742348,34.567,55.819,144.490,1485.5
Karolain_9_puntos_intento_4.mp4,1620,13500.000,True,146.000,151.000,0.000,242.000,78.000,0.533333,0.405556,-0.742348,34.729,56.424,144.907,1514.0
Karolain_9_puntos_intento_4.mp4,1621,13508.333,True,146.000,151.000,0.000,242.000,78.000,0.533333,0.405556,-0.742348,34.588,56.134,144.600,1499.5
Karolain_9_puntos_intento_4.mp4,1622,13516.667,True,146.000,151.000,0.000,242.000,78.000,0.533333,0.405556,-0.742348,34.783,55.994,144.587,1494.0
Karolain_9_puntos_intento_4.mp4,1623,13525.000,True,146.000,151.000,0.000,242.000,78.000,0.533333,0.405556,-0.742348,34.994,55.301,144.086,1477.0
Karolain_9_puntos_intento_4.mp4,1624,13533.333,True,146.000,151.000,0.000,242.000,78.000,0.533333,0.405556,-0.742348,34.587,55.316,144.676,1482.0
Karolain_9_puntos_intento_4.mp4,1625,13541.667,True,146.000,151.000,0.000,242.000,78.000,0.533333,0.405556,-0.742348,34.600,55.104,144.727,1487.5
Karolain_9_puntos_intento_4.mp4,1626,13550.000,True,146.000,151.000,0.000,242.000,78.000,0.533333,0.405556,-0.742348,34.922,55.230,145.219,1492.5
Karolain_9_puntos_intento_4.mp4,1627,13558.333,True,146.000,151.000,0.000,242.000,78.000,0.533333,0.405556,-0.742348,34.806,55.268,144.590,1482.0
Karolain_9_puntos_intento_4.mp4,1628,13566.667,True,146.000,151.000,0.000,242.000,78.000,0.533333,0.405556,-0.742348,34.915,55.655,144.593,1497.0
Karolain_9_puntos_intento_4.mp4,1629,13575.000,True,146.000,151.000,0.000,242.000,78.000,0.533333,0.405556,-0.742348,34.784,56.038,145.082,1492.0
Karolain_9_puntos_intento_4.mp4,1630,13583.333,True,146.000,151.000,0.000,242.000,78.000,0.533333,0.405556,-0.742348,34.835,56.031,144.813,1506.0
Karolain_9_puntos_intento_4.mp4,1631,13591.667,True,146.000,151.000,0.000,242.000,78.000,0.533333,0.405556,-0.742348,34.800,55.615,144.414,1500.0
Karolain_9_puntos_intento_4.mp4,1632,13600.000,True,146.000,151.000,0.000,242.000,78.000,0.533333,0.405556,-0.742348,34.799,55.536,144.777,1502.5
Karolain_9_puntos_intento_4.mp4,1633,13608.333,True,146.000,151.000,0.000,242.000,78.000,0.533333,0.405556,-0.742348,34.922,56.009,144.071,1495.5
Karolain_9_puntos_intento_4.mp4,1634,13616.667,True,146.000,151.000,0.000,242.000,78.000,0.533333,0.405556,-0.742348,34.998,55.881,143.963,1510.5
Karolain_9_puntos_intento_4.mp4,1635,13625.000,True,146.000,151.000,0.000,242.000,78.000,0.533333,0.405556,-0.742348,35.174,55.819,144.217,1508.5
Karolain_9_puntos_intento_4.mp4,1636,13633.333,True,146.000,151.000,0.000,242.000,78.000,0.533333,0.405556,-0.742348,35.450,55.884,144.220,1517.0
Karolain_9_puntos_intento_4.mp4,1637,13641.667,True,146.000,151.000,0.000,242.000,78.000,0.533333,0.405556,-0.742348,34.800,56.402,144.533,1508.5
Karolain_9_puntos_intento_4.mp4,1638,13650.000,True,146.000,151.000,0.000,242.000,78.000,0.533333,0.405556,-0.742348,35.135,56.068,144.289,1505.0
Karolain_9_puntos_intento_4.mp4,1639,13658.333,True,146.000,151.000,0.000,242.000,78.000,0.533333,0.405556,-0.742348,35.074,55.660,144.172,1502.5
Karolain_9_puntos_intento_4.mp4,1640,13666.667,True,146.000,151.000,0.000,242.000,78.000,0.533333,0.405556,-0.742348,34.833,56.188,143.722,1512.5
Karolain_9_puntos_intento_4.mp4,1641,13675.000,True,146.000,151.000,0.000,242.000,78.000,0.533333,0.405556,-0.742348,34.752,56.227,144.094,1508.5
Karolain_9_puntos_intento_4.mp4,1642,13683.333,True,146.000,151.000,0.000,242.000,78.000,0.533333,0.405556,-0.742348,35.045,56.085,144.273,1521.5
Karolain_9_puntos_intento_4.mp4,1643,13691.667,True,146.000,151.000,0.000,242.000,78.000,0.533333,0.405556,-0.742348,35.067,56.032,145.046,1505.0
Karolain_9_puntos_intento_4.mp4,1644,13700.000,True,146.000,151.000,0.000,242.000,78.000,0.533333,0.405556,-0.742348,35.068,56.299,145.101,1527.0
Karolain_9_puntos_intento_4.mp4,1645,13708.333,True,146.000,151.000,0.000,242.000,78.000,0.533333,0.405556,-0.742348,34.944,55.966,144.522,1504.0
Karolain_9_puntos_intento_4.mp4,1646,13716.667,True,146.000,151.000,0.000,242.000,78.000,0.533333,0.405556,-0.742348,35.215,56.036,145.134,1515.5
Karolain_9_puntos_intento_4.mp4,1647,13725.000,True,146.000,151.000,0.000,242.000,78.000,0.533333,0.405556,-0.742348,34.703,55.931,144.408,1493.0
Karolain_9_puntos_intento_4.mp4,1648,13733.333,True,146.000,151.000,0.000,242.000,78.000,0.533333,0.405556,-0.742348,34.894,55.884,144.475,1506.5
Karolain_9_puntos_intento_4.mp4,1649,13741.667,True,146.000,151.000,0.000,242.000,78.000,0.533333,0.405556,-0.742348,34.717,55.806,144.044,1496.5
Karolain_9_puntos_intento_4.mp4,1650,13750.000,True,146.000,151.000,0.000,242.000,78.000,0.533333,0.405556,-0.742348,34.751,56.069,144.378,1503.5
Karolain_9_puntos_intento_4.mp4,1651,13758.333,True,146.000,151.000,0.000,242.000,78.000,0.533333,0.405556,-0.742348,35.089,56.002,144.808,1508.0
Karolain_9_puntos_intento_4.mp4,1652,13766.667,True,146.000,151.000,0.000,242.000,78.000,0.533333,0.405556,-0.742348,34.842,55.891,144.376,1496.5
Karolain_9_puntos_intento_4.mp4,1653,13775.000,True,146.000,151.000,0.000,242.000,78.000,0.533333,0.405556,-0.742348,34.765,56.151,144.327,1497.0
Karolain_9_puntos_intento_4.mp4,1654,13783.333,True,146.000,151.000,0.000,242.000,78.000,0.533333,0.405556,-0.742348,34.584,55.943,143.472,1495.0
Karolain_9_puntos_intento_4.mp4,1655,13791.667,True,146.000,151.000,0.000,242.000,78.000,0.533333,0.405556,-0.742348,34.890,55.755,144.452,1496.0
Karolain_9_puntos_intento_4.mp4,1656,13800.000,True,146.000,151.000,0.000,242.000,78.000,0.533333,0.405556,-0.742348,34.899,55.655,144.127,1502.5
Karolain_9_puntos_intento_4.mp4,1657,13808.333,True,146.000,151.000,0.000,242.000,78.000,0.533333,0.405556,-0.742348,35.344,55.704,144.671,1497.5
Karolain_9_puntos_intento_4.mp4,1658,13816.667,True,146.000,151.000,0.000,242.000,78.000,0.533333,0.405556,-0.742348,35.125,55.949,145.401,1507.5
Karolain_9_puntos_intento_4.mp4,1659,13825.000,True,146.000,151.000,0.000,242.000,78.000,0.533333,0.405556,-0.742348,34.982,55.780,144.850,1506.0
Karolain_9_puntos_intento_4.mp4,1660,13833.333,True,146.000,151.000,0.000,242.000,78.000,0.533333,0.405556,-0.742348,34.767,55.908,144.440,1515.0
Karolain_9_puntos_intento_4.mp4,1661,13841.667,True,146.000,151.000,0.000,242.000,78.000,0.533333,0.405556,-0.742348,35.098,55.769,144.169,1508.0
Karolain_9_puntos_intento_4.mp4,1662,13850.000,True,146.000,151.000,0.000,242.000,78.000,0.533333,0.405556,-0.742348,34.746,56.342,145.068,1507.5
Karolain_9_puntos_intento_4.mp4,1663,13858.333,True,146.000,151.000,0.000,241.000,78.000,0.527778,0.405556,-0.746308,34.749,55.718,144.380,1501.0
Karolain_9_puntos_intento_4.mp4,1664,13866.667,True,146.000,151.000,0.000,242.000,78.000,0.533333,0.405556,-0.742348,35.038,55.859,145.020,1511.0
Karolain_9_puntos_intento_4.mp4,1665,13875.000,True,146.000,151.000,0.000,242.000,78.000,0.533333,0.405556,-0.742348,35.210,55.962,145.100,1521.0
Karolain_9_puntos_intento_4.mp4,1666,13883.333,True,146.000,151.000,0.000,242.000,78.000,0.533333,0.405556,-0.742348,34.841,55.878,144.265,1507.0
Karolain_9_puntos_intento_4.mp4,1667,13891.667,True,146.000,151.000,0.000,242.000,78.000,0.533333,0.405556,-0.742348,35.082,55.715,145.603,1508.0
Karolain_9_puntos_intento_4.mp4,1668,13900.000,True,146.000,151.000,0.000,242.000,78.000,0.533333,0.405556,-0.742348,35.130,55.953,144.891,1507.5
Karolain_9_puntos_intento_4.mp4,1669,13908.333,True,146.000,151.000,0.000,242.000,78.000,0.533333,0.405556,-0.742348,35.109,56.202,145.012,1515.5
Karolain_9_puntos_intento_4.mp4,1670,13916.667,True,146.000,151.000,0.000,242.000,78.000,0.533333,0.405556,-0.742348,35.259,56.285,145.102,1532.0
Karolain_9_puntos_intento_4.mp4,1671,13925.000,True,146.000,151.000,0.000,242.000,78.000,0.533333,0.405556,-0.742348,35.238,56.066,145.857,1531.5
Karolain_9_puntos_intento_4.mp4,1672,13933.333,True,146.000,151.000,0.000,242.000,78.000,0.533333,0.405556,-0.742348,35.266,55.990,143.957,1522.5
Karolain_9_puntos_intento_4.mp4,1673,13941.667,True,146.000,151.000,0.000,242.000,78.000,0.533333,0.405556,-0.742348,34.819,56.622,145.112,1526.5
Karolain_9_puntos_intento_4.mp4,1674,13950.000,True,146.000,151.000,0.000,242.000,78.000,0.533333,0.405556,-0.742348,34.954,56.685,145.512,1527.0
Karolain_9_puntos_intento_4.mp4,1675,13958.333,True,146.000,151.000,0.000,242.000,78.000,0.533333,0.405556,-0.742348,35.055,56.157,145.177,1525.5
Karolain_9_puntos_intento_4.mp4,1676,13966.667,True,146.000,151.000,0.000,242.000,78.000,0.533333,0.405556,-0.742348,35.257,56.073,145.264,1522.5
Karolain_9_puntos_intento_4.mp4,1677,13975.000,True,146.000,151.000,0.000,242.000,78.000,0.533333,0.405556,-0.742348,34.963,56.155,144.864,1523.5
Karolain_9_puntos_intento_4.mp4,1678,13983.333,True,146.000,151.000,0.000,242.000,78.000,0.533333,0.405556,-0.742348,35.121,55.937,145.133,1518.5
Karolain_9_puntos_intento_4.mp4,1679,13991.667,True,146.000,151.000,0.000,242.000,78.000,0.533333,0.405556,-0.742348,35.172,56.332,145.046,1525.5
Karolain_9_puntos_intento_4.mp4,1680,14000.000,True,146.000,151.000,0.000,242.000,78.000,0.533333,0.405556,-0.742348,35.292,55.911,145.577,1516.5
Karolain_9_puntos_intento_4.mp4,1681,14008.333,True,146.000,151.000,0.000,242.000,78.000,0.533333,0.405556,-0.742348,35.160,56.307,146.078,1508.5
Karolain_9_puntos_intento_4.mp4,1682,14016.667,True,146.000,151.000,0.000,242.000,78.000,0.533333,0.405556,-0.742348,35.068,56.154,145.159,1521.0
Karolain_9_puntos_intento_4.mp4,1683,14025.000,True,146.000,151.000,0.000,242.000,78.000,0.533333,0.405556,-0.742348,35.067,56.062,145.157,1510.5
Karolain_9_puntos_intento_4.mp4,1684,14033.333,True,146.000,151.000,0.000,242.000,78.000,0.533333,0.405556,-0.742348,35.043,55.540,144.621,1500.0
Karolain_9_puntos_intento_4.mp4,1685,14041.667,True,146.000,151.000,0.000,242.000,78.000,0.533333,0.405556,-0.742348,34.518,56.239,145.048,1497.5
Karolain_9_puntos_intento_4.mp4,1686,14050.000,True,146.000,151.000,0.000,242.000,78.000,0.533333,0.405556,-0.742348,34.493,56.332,146.015,1502.0
Karolain_9_puntos_intento_4.mp4,1687,14058.333,True,146.000,151.000,0.000,242.000,78.000,0.533333,0.405556,-0.742348,34.895,55.699,145.332,1502.0
Karolain_9_puntos_intento_4.mp4,1688,14066.667,True,146.000,151.000,0.000,242.000,78.000,0.533333,0.405556,-0.742348,34.892,55.829,144.315,1505.5
Karolain_9_puntos_intento_4.mp4,1689,14075.000,True,146.000,151.000,0.000,242.000,78.000,0.533333,0.405556,-0.742348,35.149,55.931,145.046,1518.0
Karolain_9_puntos_intento_4.mp4,1690,14083.333,True,146.000,151.000,0.000,242.000,78.000,0.533333,0.405556,-0.742348,35.093,55.883,146.266,1511.5
Karolain_9_puntos_intento_4.mp4,1691,14091.667,True,146.000,151.000,0.000,242.000,78.000,0.533333,0.405556,-0.742348,35.001,55.739,145.976,1505.5
Karolain_9_puntos_intento_4.mp4,1692,14100.000,True,146.000,151.000,0.000,242.000,78.000,0.533333,0.405556,-0.742348,34.521,56.302,144.891,1509.5
Karolain_9_puntos_intento_4.mp4,1693,14108.333,True,146.000,151.000,0.000,242.000,78.000,0.533333,0.405556,-0.742348,35.057,56.073,145.281,1506.5
Karolain_9_puntos_intento_4.mp4,1694,14116.667,True,146.000,151.000,0.000,242.000,78.000,0.533333,0.405556,-0.742348,34.964,56.192,145.067,1507.0
Karolain_9_puntos_intento_4.mp4,1695,14125.000,True,146.000,151.000,0.000,242.000,78.000,0.533333,0.405556,-0.742348,35.049,55.993,143.673,1506.0
Karolain_9_puntos_intento_4.mp4,1696,14133.333,True,146.000,151.000,0.000,242.000,78.000,0.533333,0.405556,-0.742348,35.110,55.990,144.935,1509.5
Karolain_9_puntos_intento_4.mp4,1697,14141.667,True,146.000,151.000,0.000,242.000,78.000,0.533333,0.405556,-0.742348,35.288,56.167,144.962,1536.0
Karolain_9_puntos_intento_4.mp4,1698,14150.000,True,146.000,151.000,0.000,242.000,78.000,0.533333,0.405556,-0.742348,34.907,56.273,145.544,1515.0
Karolain_9_puntos_intento_4.mp4,1699,14158.333,True,146.000,151.000,0.000,242.000,78.000,0.533333,0.405556,-0.742348,35.004,56.205,145.697,1517.0
Karolain_9_puntos_intento_4.mp4,1700,14166.667,True,146.000,151.000,0.000,242.000,78.000,0.533333,0.405556,-0.742348,35.129,56.003,145.166,1522.5
Karolain_9_puntos_intento_4.mp4,1701,14175.000,True,146.000,151.000,0.000,242.000,78.000,0.533333,0.405556,-0.742348,34.730,56.134,145.536,1498.0
Karolain_9_puntos_intento_4.mp4,1702,14183.333,True,146.000,151.000,0.000,242.000,78.000,0.533333,0.405556,-0.742348,34.812,56.017,145.355,1506.5
Karolain_9_puntos_intento_4.mp4,1703,14191.667,True,146.000,151.000,0.000,242.000,78.000,0.533333,0.405556,-0.742348,35.145,55.495,146.650,1504.0
Karolain_9_puntos_intento_4.mp4,1704,14200.000,True,146.000,151.000,0.000,242.000,78.000,0.533333,0.405556,-0.742348,35.018,55.580,145.952,1503.5
Karolain_9_puntos_intento_4.mp4,1705,14208.333,True,146.000,151.000,0.000,242.000,78.000,0.533333,0.405556,-0.742348,34.813,55.390,144.930,1476.0
Karolain_9_puntos_intento_4.mp4,1706,14216.667,True,146.000,151.000,0.000,242.000,78.000,0.533333,0.405556,-0.742348,35.043,55.678,145.234,1490.5
Karolain_9_puntos_intento_4.mp4,1707,14225.000,True,146.000,151.000,0.000,242.000,78.000,0.533333,0.405556,-0.742348,35.048,55.068,145.393,1487.0
Karolain_9_puntos_intento_4.mp4,1708,14233.333,True,146.000,151.000,0.000,242.000,78.000,0.533333,0.405556,-0.742348,34.551,55.630,144.832,1482.0
Karolain_9_puntos_intento_4.mp4,1709,14241.667,True,146.000,151.000,0.000,242.000,78.000,0.533333,0.405556,-0.742348,34.689,55.336,145.344,1483.0
Karolain_9_puntos_intento_4.mp4,1710,14250.000,True,146.000,151.000,0.000,242.000,78.000,0.533333,0.405556,-0.742348,34.456,55.181,145.400,1480.5
Karolain_9_puntos_intento_4.mp4,1711,14258.333,True,146.000,151.000,0.000,242.000,78.000,0.533333,0.405556,-0.742348,34.392,55.188,144.763,1464.5
Karolain_9_puntos_intento_4.mp4,1712,14266.667,True,146.000,151.000,0.000,242.000,78.000,0.533333,0.405556,-0.742348,34.760,55.044,144.522,1475.5
Karolain_9_puntos_intento_4.mp4,1713,14275.000,True,146.000,151.000,0.000,242.000,78.000,0.533333,0.405556,-0.742348,34.349,55.486,144.946,1474.0
Karolain_9_puntos_intento_4.mp4,1714,14283.333,True,146.000,151.000,0.000,242.000,78.000,0.533333,0.405556,-0.742348,34.383,55.416,144.623,1479.5
Karolain_9_puntos_intento_4.mp4,1715,14291.667,True,146.000,151.000,0.000,242.000,78.000,0.533333,0.405556,-0.742348,34.386,54.551,145.295,1455.5
Karolain_9_puntos_intento_4.mp4,1716,14300.000,True,146.000,151.000,0.000,242.000,78.000,0.533333,0.405556,-0.742348,34.819,54.655,145.836,1477.5
Karolain_9_puntos_intento_4.mp4,1717,14308.333,True,146.000,151.000,0.000,242.000,78.000,0.533333,0.405556,-0.742348,34.378,54.665,145.008,1443.5
Karolain_9_puntos_intento_4.mp4,1718,14316.667,True,146.000,151.000,0.000,242.000,78.000,0.533333,0.405556,-0.742348,34.604,54.713,144.769,1453.0
Karolain_9_puntos_intento_4.mp4,1719,14325.000,True,146.000,151.000,0.000,242.000,78.000,0.533333,0.405556,-0.742348,34.012,54.629,145.925,1433.0
Karolain_9_puntos_intento_4.mp4,1720,14333.333,True,146.000,151.000,0.000,242.000,78.000,0.533333,0.405556,-0.742348,34.537,54.508,144.486,1440.5
Karolain_9_puntos_intento_4.mp4,1721,14341.667,True,146.000,151.000,0.000,242.000,78.000,0.533333,0.405556,-0.742348,34.607,53.760,144.897,1425.5
Karolain_9_puntos_intento_4.mp4,1722,14350.000,True,146.000,151.000,0.000,242.000,78.000,0.533333,0.405556,-0.742348,34.250,54.160,145.492,1432.0
Karolain_9_puntos_intento_4.mp4,1723,14358.333,True,146.000,151.000,0.000,242.000,78.000,0.533333,0.405556,-0.742348,34.378,54.023,144.531,1424.5
Karolain_9_puntos_intento_4.mp4,1724,14366.667,True,146.000,151.000,0.000,242.000,78.000,0.533333,0.405556,-0.742348,34.427,54.011,145.342,1425.5
Karolain_9_puntos_intento_4.mp4,1725,14375.000,True,146.000,151.000,0.000,242.000,78.000,0.533333,0.405556,-0.742348,34.072,54.001,144.279,1419.0
Karolain_9_puntos_intento_4.mp4,1726,14383.333,True,146.000,151.000,0.000,242.000,78.000,0.533333,0.405556,-0.742348,34.062,54.343,145.437,1421.0
Karolain_9_puntos_intento_4.mp4,1727,14391.667,True,146.000,151.000,0.000,242.000,78.000,0.533333,0.405556,-0.742348,34.064,54.045,144.818,1423.5
Karolain_9_puntos_intento_4.mp4,1728,14400.000,True,146.000,151.000,0.000,242.000,78.000,0.533333,0.405556,-0.742348,34.386,53.580,144.443,1414.5
Karolain_9_puntos_intento_4.mp4,1729,14408.333,True,146.000,151.000,0.000,242.000,78.000,0.533333,0.405556,-0.742348,33.797,53.733,144.912,1396.0
Karolain_9_puntos_intento_4.mp4,1730,14416.667,True,146.000,151.000,0.000,242.000,78.000,0.533333,0.405556,-0.742348,33.803,53.938,145.503,1411.5
Karolain_9_puntos_intento_4.mp4,1731,14425.000,True,146.000,151.000,0.000,242.000,78.000,0.533333,0.405556,-0.742348,33.735,53.600,144.603,1394.5
Karolain_9_puntos_intento_4.mp4,1732,14433.333,True,146.000,151.000,0.000,242.000,78.000,0.533333,0.405556,-0.742348,33.778,53.544,144.372,1389.5
Karolain_9_puntos_intento_4.mp4,1733,14441.667,True,146.000,151.000,0.000,242.000,78.000,0.533333,0.405556,-0.742348,33.663,53.404,144.371,1387.0
Karolain_9_puntos_intento_4.mp4,1734,14450.000,True,146.000,151.000,0.000,242.000,78.000,0.533333,0.405556,-0.742348,33.994,53.317,143.730,1389.5
Karolain_9_puntos_intento_4.mp4,1735,14458.333,True,146.000,151.000,0.000,242.000,78.000,0.533333,0.405556,-0.742348,33.554,53.210,145.172,1383.0
Karolain_9_puntos_intento_4.mp4,1736,14466.667,True,146.000,151.000,0.000,242.000,78.000,0.533333,0.405556,-0.742348,33.561,53.271,145.102,1388.0
Karolain_9_puntos_intento_4.mp4,1737,14475.000,True,146.000,151.000,0.000,242.000,78.000,0.533333,0.405556,-0.742348,33.794,53.200,145.035,1390.5
Karolain_9_puntos_intento_4.mp4,1738,14483.333,True,146.000,151.000,0.000,242.000,78.000,0.533333,0.405556,-0.742348,33.622,52.925,145.695,1367.5
Karolain_9_puntos_intento_4.mp4,1739,14491.667,True,146.000,151.000,0.000,242.000,78.000,0.533333,0.405556,-0.742348,33.455,52.851,146.038,1368.0
Karolain_9_puntos_intento_4.mp4,1740,14500.000,True,146.000,151.000,0.000,242.000,78.000,0.533333,0.405556,-0.742348,33.242,53.221,145.678,1372.0
Karolain_9_puntos_intento_4.mp4,1741,14508.333,True,146.000,151.000,0.000,242.000,78.000,0.533333,0.405556,-0.742348,33.739,53.052,145.024,1371.5
Karolain_9_puntos_intento_4.mp4,1742,14516.667,True,146.000,151.000,0.000,242.000,78.000,0.533333,0.405556,-0.742348,33.673,53.006,145.137,1380.5
Karolain_9_puntos_intento_4.mp4,1743,14525.000,True,146.000,151.000,0.000,242.000,78.000,0.533333,0.405556,-0.742348,33.622,52.879,145.703,1372.5
Karolain_9_puntos_intento_4.mp4,1744,14533.333,True,146.000,151.000,0.000,242.000,78.000,0.533333,0.405556,-0.742348,33.474,52.645,144.732,1357.0
Karolain_9_puntos_intento_4.mp4,1745,14541.667,True,146.000,151.000,0.000,242.000,78.000,0.533333,0.405556,-0.742348,33.696,52.593,145.901,1364.0
Karolain_9_puntos_intento_4.mp4,1746,14550.000,True,146.000,151.000,0.000,242.000,78.000,0.533333,0.405556,-0.742348,33.579,52.360,145.271,1349.5
Karolain_9_puntos_intento_4.mp4,1747,14558.333,True,146.000,151.000,0.000,242.000,78.000,0.533333,0.405556,-0.742348,33.163,53.194,144.869,1359.5
Karolain_9_puntos_intento_4.mp4,1748,14566.667,True,146.000,151.000,0.000,242.000,78.000,0.533333,0.405556,-0.742348,33.372,52.744,145.142,1351.0
Karolain_9_puntos_intento_4.mp4,1749,14575.000,True,146.000,151.000,0.000,242.000,78.000,0.533333,0.405556,-0.742348,33.097,52.839,146.328,1357.0
Karolain_9_puntos_intento_4.mp4,1750,14583.333,True,146.000,151.000,0.000,243.000,78.000,0.538889,0.405556,-0.738325,33.196,52.834,145.017,1355.0
Karolain_9_puntos_intento_4.mp4,1751,14591.667,True,146.000,151.000,0.000,243.000,78.000,0.538889,0.405556,-0.738325,33.432,51.932,144.951,1339.0
Karolain_9_puntos_intento_4.mp4,1752,14600.000,True,146.000,151.000,0.000,242.000,78.000,0.533333,0.405556,-0.742348,32.916,52.434,144.942,1337.5
Karolain_9_puntos_intento_4.mp4,1753,14608.333,True,146.000,151.000,0.000,243.000,78.000,0.538889,0.405556,-0.738325,33.464,52.481,144.630,1339.5
Karolain_9_puntos_intento_4.mp4,1754,14616.667,True,146.000,151.000,0.000,242.000,78.000,0.533333,0.405556,-0.742348,33.384,52.725,144.976,1344.5
Karolain_9_puntos_intento_4.mp4,1755,14625.000,True,146.000,151.000,0.000,242.000,78.000,0.533333,0.405556,-0.742348,32.981,52.430,145.293,1336.0
Karolain_9_puntos_intento_4.mp4,1756,14633.333,True,146.000,151.000,0.000,242.000,78.000,0.533333,0.405556,-0.742348,32.890,52.746,144.452,1340.5
Karolain_9_puntos_intento_4.mp4,1757,14641.667,True,146.000,151.000,0.000,242.000,78.000,0.533333,0.405556,-0.742348,32.973,52.905,143.920,1350.5
Karolain_9_puntos_intento_4.mp4,1758,14650.000,True,146.000,151.000,0.000,242.000,78.000,0.533333,0.405556,-0.742348,32.963,53.007,144.079,1346.0
Karolain_9_puntos_intento_4.mp4,1759,14658.333,True,146.000,151.000,0.000,242.000,78.000,0.533333,0.405556,-0.742348,33.281,52.564,144.758,1332.5
Karolain_9_puntos_intento_4.mp4,1760,14666.667,True,146.000,151.000,0.000,242.000,78.000,0.533333,0.405556,-0.742348,33.062,52.766,145.153,1339.0
Karolain_9_puntos_intento_4.mp4,1761,14675.000,True,146.000,151.000,0.000,242.000,78.000,0.533333,0.405556,-0.742348,33.205,52.292,145.219,1328.5
Karolain_9_puntos_intento_4.mp4,1762,14683.333,True,146.000,151.000,0.000,242.000,78.000,0.533333,0.405556,-0.742348,33.327,52.503,146.705,1343.5
Karolain_9_puntos_intento_4.mp4,1763,14691.667,True,146.000,151.000,0.000,242.000,78.000,0.533333,0.405556,-0.742348,33.310,52.429,145.470,1334.5
Karolain_9_puntos_intento_4.mp4,1764,14700.000,True,146.000,151.000,0.000,242.000,78.000,0.533333,0.405556,-0.742348,33.695,52.043,144.804,1344.0
Karolain_9_puntos_intento_4.mp4,1765,14708.333,True,146.000,151.000,0.000,242.000,78.000,0.533333,0.405556,-0.742348,33.182,52.888,144.870,1340.0
Karolain_9_puntos_intento_4.mp4,1766,14716.667,True,146.000,151.000,0.000,243.000,78.000,0.538889,0.405556,-0.738325,33.601,52.617,145.573,1348.0
Karolain_9_puntos_intento_4.mp4,1767,14725.000,True,146.000,151.000,0.000,242.000,78.000,0.533333,0.405556,-0.742348,33.448,52.784,146.426,1350.5
Karolain_9_puntos_intento_4.mp4,1768,14733.333,True,146.000,151.000,0.000,242.000,78.000,0.533333,0.405556,-0.742348,33.207,52.851,146.117,1355.0
Karolain_9_puntos_intento_4.mp4,1769,14741.667,True,146.000,151.000,0.000,242.000,78.000,0.533333,0.405556,-0.742348,33.423,52.683,145.390,1348.0
Karolain_9_puntos_intento_4.mp4,1770,14750.000,True,146.000,151.000,0.000,242.000,78.000,0.533333,0.405556,-0.742348,34.120,52.739,144.204,1370.5
Karolain_9_puntos_intento_4.mp4,1771,14758.333,True,146.000,151.000,0.000,243.000,78.000,0.538889,0.405556,-0.738325,33.143,53.201,144.875,1359.0
Karolain_9_puntos_intento_4.mp4,1772,14766.667,True,146.000,151.000,0.000,242.000,78.000,0.533333,0.405556,-0.742348,33.357,52.805,145.557,1360.0
Karolain_9_puntos_intento_4.mp4,1773,14775.000,True,146.000,151.000,0.000,242.000,78.000,0.533333,0.405556,-0.742348,33.143,52.801,145.987,1358.0
Karolain_9_puntos_intento_4.mp4,1774,14783.333,True,146.000,151.000,0.000,241.000,78.000,0.527778,0.405556,-0.746308,33.697,52.324,145.953,1365.0
Karolain_9_puntos_intento_4.mp4,1775,14791.667,True,146.000,151.000,0.000,235.000,79.000,0.494444,0.400000,-0.771702,36.239,52.590,145.190,1467.0
Karolain_9_puntos_intento_4.mp4,1776,14800.000,True,146.000,151.000,0.000,226.000,79.000,0.444444,0.400000,-0.801542,39.278,53.342,143.024,1611.5
Karolain_9_puntos_intento_4.mp4,1777,14808.333,True,146.000,151.000,0.000,218.000,80.000,0.400000,0.394444,-0.827293,42.416,53.762,144.680,1755.5
Karolain_9_puntos_intento_4.mp4,1778,14816.667,True,146.000,151.000,0.000,210.000,81.000,0.355556,0.388889,-0.849909,44.152,53.742,139.344,1840.0
Karolain_9_puntos_intento_4.mp4,1779,14825.000,True,146.000,151.000,0.000,203.000,83.000,0.316667,0.377778,-0.870061,45.330,54.945,139.147,1936.5
Karolain_9_puntos_intento_4.mp4,1780,14833.333,True,146.000,151.000,0.000,199.000,85.000,0.294444,0.366667,-0.882529,46.904,55.884,134.195,2001.0
Karolain_9_puntos_intento_4.mp4,1781,14841.667,True,146.000,151.000,0.000,197.000,84.000,0.283333,0.372222,-0.883840,46.651,55.877,132.056,1996.5
Karolain_9_puntos_intento_4.mp4,1782,14850.000,True,146.000,151.000,0.000,198.000,84.000,0.288889,0.372222,-0.882040,46.003,55.959,135.113,1981.0
Karolain_9_puntos_intento_4.mp4,1783,14858.333,True,146.000,151.000,0.000,197.000,84.000,0.283333,0.372222,-0.883840,45.683,56.405,136.412,1977.5
Karolain_9_puntos_intento_4.mp4,1784,14866.667,True,146.000,151.000,0.000,197.000,84.000,0.283333,0.372222,-0.883840,45.641,55.998,133.362,1985.0
Karolain_9_puntos_intento_4.mp4,1785,14875.000,True,146.000,151.000,0.000,197.000,84.000,0.283333,0.372222,-0.883840,45.897,56.189,131.201,1988.5
Karolain_9_puntos_intento_4.mp4,1786,14883.333,True,146.000,151.000,0.000,197.000,84.000,0.283333,0.372222,-0.883840,46.260,56.253,132.140,2007.5
Karolain_9_puntos_intento_4.mp4,1787,14891.667,True,146.000,151.000,0.000,197.000,84.000,0.283333,0.372222,-0.883840,46.411,56.597,132.183,2018.0
Karolain_9_puntos_intento_4.mp4,1788,14900.000,True,146.000,151.000,0.000,197.000,84.000,0.283333,0.372222,-0.883840,45.868,56.405,134.080,2003.5
Karolain_9_puntos_intento_4.mp4,1789,14908.333,True,146.000,151.000,0.000,197.000,84.000,0.283333,0.372222,-0.883840,46.028,56.521,131.076,2002.5
Karolain_9_puntos_intento_4.mp4,1790,14916.667,True,146.000,151.000,0.000,197.000,84.000,0.283333,0.372222,-0.883840,46.215,56.060,132.614,2001.0
Karolain_9_puntos_intento_4.mp4,1791,14925.000,True,146.000,151.000,0.000,197.000,84.000,0.283333,0.372222,-0.883840,45.802,55.978,130.320,1997.5
Karolain_9_puntos_intento_4.mp4,1792,14933.333,True,146.000,151.000,0.000,197.000,84.000,0.283333,0.372222,-0.883840,45.990,56.158,130.919,2003.5
Karolain_9_puntos_intento_4.mp4,1793,14941.667,True,146.000,151.000,0.000,197.000,84.000,0.283333,0.372222,-0.883840,45.995,56.254,129.130,2009.0
Karolain_9_puntos_intento_4.mp4,1794,14950.000,True,146.000,151.000,0.000,197.000,84.000,0.283333,0.372222,-0.883840,45.859,56.309,131.148,2007.5
Karolain_9_puntos_intento_4.mp4,1795,14958.333,True,146.000,151.000,0.000,197.000,84.000,0.283333,0.372222,-0.883840,45.887,56.182,130.605,1997.0
Karolain_9_puntos_intento_4.mp4,1796,14966.667,True,146.000,151.000,0.000,197.000,83.000,0.283333,0.377778,-0.881480,46.496,56.384,130.588,2021.0
Karolain_9_puntos_intento_4.mp4,1797,14975.000,True,146.000,151.000,0.000,197.000,83.000,0.283333,0.377778,-0.881480,46.370,56.282,130.911,2017.5
Karolain_9_puntos_intento_4.mp4,1798,14983.333,True,146.000,151.000,0.000,197.000,83.000,0.283333,0.377778,-0.881480,46.068,56.203,131.686,2003.0
Karolain_9_puntos_intento_4.mp4,1799,14991.667,True,146.000,151.000,0.000,197.000,83.000,0.283333,0.377778,-0.881480,46.214,56.127,130.099,2008.5
Karolain_9_puntos_intento_4.mp4,1800,15000.000,True,146.000,151.000,0.000,197.000,84.000,0.283333,0.372222,-0.883840,45.960,56.501,130.903,2006.0
Karolain_9_puntos_intento_4.mp4,1801,15008.333,True,146.000,151.000,0.000,197.000,83.000,0.283333,0.377778,-0.881480,46.212,56.303,131.553,2009.5
Karolain_9_puntos_intento_4.mp4,1802,15016.667,True,146.000,151.000,0.000,197.000,83.000,0.283333,0.377778,-0.881480,46.521,56.237,129.819,2010.5
Karolain_9_puntos_intento_4.mp4,1803,15025.000,True,146.000,151.000,0.000,197.000,83.000,0.283333,0.377778,-0.881480,46.776,56.268,130.537,2013.0
Karolain_9_puntos_intento_4.mp4,1804,15033.333,True,146.000,151.000,0.000,197.000,83.000,0.283333,0.377778,-0.881480,46.328,56.419,129.231,2001.5
Karolain_9_puntos_intento_4.mp4,1805,15041.667,True,146.000,151.000,0.000,197.000,83.000,0.283333,0.377778,-0.881480,46.119,56.319,132.875,2005.5
Karolain_9_puntos_intento_4.mp4,1806,15050.000,True,146.000,151.000,0.000,195.000,83.000,0.272222,0.377778,-0.884974,46.540,55.690,128.363,1998.5
Karolain_9_puntos_intento_4.mp4,1807,15058.333,True,146.000,151.000,0.000,194.000,83.000,0.266667,0.377778,-0.886664,45.959,56.346,127.074,1993.5
Karolain_9_puntos_intento_4.mp4,1808,15066.667,True,146.000,151.000,0.000,196.000,82.000,0.277778,0.383333,-0.880849,45.831,55.773,129.486,1974.5
Karolain_9_puntos_intento_4.mp4,1809,15075.000,True,146.000,151.000,0.000,195.000,82.000,0.272222,0.383333,-0.882582,45.745,55.818,128.113,1972.5
Karolain_9_puntos_intento_4.mp4,1810,15083.333,True,146.000,151.000,0.000,195.000,82.000,0.272222,0.383333,-0.882582,45.399,55.766,127.510,1953.0
Karolain_9_puntos_intento_4.mp4,1811,15091.667,True,146.000,151.000,0.000,195.000,82.000,0.272222,0.383333,-0.882582,45.537,55.792,129.627,1953.5
Karolain_9_puntos_intento_4.mp4,1812,15100.000,True,146.000,151.000,0.000,195.000,82.000,0.272222,0.383333,-0.882582,46.020,55.616,129.160,1962.5
Karolain_9_puntos_intento_4.mp4,1813,15108.333,True,146.000,151.000,0.000,195.000,82.000,0.272222,0.383333,-0.882582,45.417,55.544,128.878,1943.5
Karolain_9_puntos_intento_4.mp4,1814,15116.667,True,146.000,151.000,0.000,195.000,82.000,0.272222,0.383333,-0.882582,45.280,55.524,129.727,1945.0
Karolain_9_puntos_intento_4.mp4,1815,15125.000,True,146.000,151.000,0.000,196.000,82.000,0.277778,0.383333,-0.880849,45.267,54.948,128.718,1924.5
Karolain_9_puntos_intento_4.mp4,1816,15133.333,True,146.000,151.000,0.000,195.000,82.000,0.272222,0.383333,-0.882582,45.420,54.960,128.867,1930.5
Karolain_9_puntos_intento_4.mp4,1817,15141.667,True,146.000,151.000,0.000,195.000,82.000,0.272222,0.383333,-0.882582,45.533,54.908,129.882,1919.5
Karolain_9_puntos_intento_4.mp4,1818,15150.000,True,146.000,151.000,0.000,195.000,82.000,0.272222,0.383333,-0.882582,45.096,55.123,128.796,1923.0
Karolain_9_puntos_intento_4.mp4,1819,15158.333,True,146.000,151.000,0.000,195.000,82.000,0.272222,0.383333,-0.882582,45.315,54.588,128.475,1918.0
Karolain_9_puntos_intento_4.mp4,1820,15166.667,True,146.000,151.000,0.000,195.000,82.000,0.272222,0.383333,-0.882582,45.122,54.736,129.854,1909.5
Karolain_9_puntos_intento_4.mp4,1821,15175.000,True,146.000,151.000,0.000,195.000,82.000,0.272222,0.383333,-0.882582,45.091,54.395,128.693,1898.0
Karolain_9_puntos_intento_4.mp4,1822,15183.333,True,146.000,151.000,0.000,196.000,82.000,0.277778,0.383333,-0.880849,44.923,54.440,130.176,1898.0
Karolain_9_puntos_intento_4.mp4,1823,15191.667,True,146.000,151.000,0.000,195.000,82.000,0.272222,0.383333,-0.882582,44.936,54.303,130.441,1885.5
Karolain_9_puntos_intento_4.mp4,1824,15200.000,True,146.000,151.000,0.000,196.000,82.000,0.277778,0.383333,-0.880849,44.731,54.065,127.906,1874.0
Karolain_9_puntos_intento_4.mp4,1825,15208.333,True,146.000,151.000,0.000,196.000,82.000,0.277778,0.383333,-0.880849,44.390,53.979,129.974,1855.0
Karolain_9_puntos_intento_4.mp4,1826,15216.667,True,146.000,151.000,0.000,196.000,82.000,0.277778,0.383333,-0.880849,44.241,53.847,129.040,1853.0
Karolain_9_puntos_intento_4.mp4,1827,15225.000,True,146.000,151.000,0.000,196.000,82.000,0.277778,0.383333,-0.880849,44.094,53.646,128.070,1829.0
Karolain_9_puntos_intento_4.mp4,1828,15233.333,True,146.000,151.000,0.000,196.000,82.000,0.277778,0.383333,-0.880849,44.199,53.664,127.683,1834.5
Karolain_9_puntos_intento_4.mp4,1829,15241.667,True,146.000,151.000,0.000,196.000,81.000,0.277778,0.388889,-0.878410,43.432,52.882,126.519,1781.0
Karolain_9_puntos_intento_4.mp4,1830,15250.000,True,146.000,151.000,0.000,196.000,81.000,0.277778,0.388889,-0.878410,43.497,52.706,125.860,1781.5
Karolain_9_puntos_intento_4.mp4,1831,15258.333,True,146.000,151.000,0.000,196.000,82.000,0.277778,0.383333,-0.880849,43.101,53.035,128.552,1773.0
Karolain_9_puntos_intento_4.mp4,1832,15266.667,True,146.000,151.000,0.000,196.000,82.000,0.277778,0.383333,-0.880849,43.425,52.439,128.462,1764.0
Karolain_9_puntos_intento_4.mp4,1833,15275.000,True,146.000,151.000,0.000,196.000,81.000,0.277778,0.388889,-0.878410,43.129,51.936,128.719,1739.0
Karolain_9_puntos_intento_4.mp4,1834,15283.333,True,146.000,151.000,0.000,196.000,82.000,0.277778,0.383333,-0.880849,43.114,52.216,127.224,1746.5
Karolain_9_puntos_intento_4.mp4,1835,15291.667,True,146.000,151.000,0.000,196.000,82.000,0.277778,0.383333,-0.880849,42.736,52.343,125.726,1732.0
Karolain_9_puntos_intento_4.mp4,1836,15300.000,True,146.000,151.000,0.000,196.000,81.000,0.277778,0.388889,-0.878410,42.993,51.930,126.729,1729.5
Karolain_9_puntos_intento_4.mp4,1837,15308.333,True,146.000,151.000,0.000,196.000,82.000,0.277778,0.383333,-0.880849,43.187,51.662,128.861,1718.5
Karolain_9_puntos_intento_4.mp4,1838,15316.667,True,146.000,151.000,0.000,196.000,81.000,0.277778,0.388889,-0.878410,42.902,51.814,127.863,1713.0
Karolain_9_puntos_intento_4.mp4,1839,15325.000,True,146.000,151.000,0.000,196.000,82.000,0.277778,0.383333,-0.880849,42.130,52.585,129.415,1698.5
Karolain_9_puntos_intento_4.mp4,1840,15333.333,True,146.000,151.000,0.000,196.000,82.000,0.277778,0.383333,-0.880849,42.135,52.305,128.203,1701.0
Karolain_9_puntos_intento_4.mp4,1841,15341.667,True,146.000,151.000,0.000,196.000,82.000,0.277778,0.383333,-0.880849,41.983,51.823,128.713,1679.0
Karolain_9_puntos_intento_4.mp4,1842,15350.000,True,146.000,151.000,0.000,196.000,81.000,0.277778,0.388889,-0.878410,42.316,51.422,126.400,1677.0
Karolain_9_puntos_intento_4.mp4,1843,15358.333,True,146.000,151.000,0.000,196.000,81.000,0.277778,0.388889,-0.878410,42.392,51.255,128.087,1674.5
Karolain_9_puntos_intento_4.mp4,1844,15366.667,True,146.000,151.000,0.000,196.000,81.000,0.277778,0.388889,-0.878410,42.250,51.104,127.684,1677.5
Karolain_9_puntos_intento_4.mp4,1845,15375.000,True,146.000,151.000,0.000,196.000,81.000,0.277778,0.388889,-0.878410,42.125,51.056,128.576,1668.5
Karolain_9_puntos_intento_4.mp4,1846,15383.333,True,146.000,151.000,0.000,196.000,81.000,0.277778,0.388889,-0.878410,41.896,51.183,126.977,1667.5
Karolain_9_puntos_intento_4.mp4,1847,15391.667,True,146.000,151.000,0.000,196.000,81.000,0.277778,0.388889,-0.878410,41.905,50.691,127.276,1648.0
Karolain_9_puntos_intento_4.mp4,1848,15400.000,True,146.000,151.000,0.000,196.000,81.000,0.277778,0.388889,-0.878410,41.847,50.822,127.662,1629.0
Karolain_9_puntos_intento_4.mp4,1849,15408.333,True,146.000,151.000,0.000,196.000,81.000,0.277778,0.388889,-0.878410,41.592,50.646,126.591,1632.5
Karolain_9_puntos_intento_4.mp4,1850,15416.667,True,146.000,151.000,0.000,196.000,81.000,0.277778,0.388889,-0.878410,41.728,50.295,126.905,1620.5
Karolain_9_puntos_intento_4.mp4,1851,15425.000,True,146.000,151.000,0.000,196.000,81.000,0.277778,0.388889,-0.878410,41.654,50.084,128.193,1614.0
Karolain_9_puntos_intento_4.mp4,1852,15433.333,True,146.000,151.000,0.000,196.000,81.000,0.277778,0.388889,-0.878410,41.628,50.190,129.345,1619.5
Karolain_9_puntos_intento_4.mp4,1853,15441.667,True,146.000,151.000,0.000,196.000,81.000,0.277778,0.388889,-0.878410,41.339,50.226,128.909,1619.0
Karolain_9_puntos_intento_4.mp4,1854,15450.000,True,146.000,151.000,0.000,196.000,81.000,0.277778,0.388889,-0.878410,41.472,50.092,128.005,1606.0
Karolain_9_puntos_intento_4.mp4,1855,15458.333,True,146.000,151.000,0.000,196.000,81.000,0.277778,0.388889,-0.878410,41.335,49.915,128.639,1596.5
Karolain_9_puntos_intento_4.mp4,1856,15466.667,True,146.000,151.000,0.000,196.000,81.000,0.277778,0.388889,-0.878410,41.208,49.998,127.066,1599.0
Karolain_9_puntos_intento_4.mp4,1857,15475.000,True,146.000,151.000,0.000,196.000,81.000,0.277778,0.388889,-0.878410,41.193,49.617,127.411,1584.5
Karolain_9_puntos_intento_4.mp4,1858,15483.333,True,146.000,151.000,0.000,196.000,81.000,0.277778,0.388889,-0.878410,41.043,49.456,129.092,1577.0
Karolain_9_puntos_intento_4.mp4,1859,15491.667,True,146.000,151.000,0.000,196.000,81.000,0.277778,0.388889,-0.878410,41.039,49.668,128.244,1572.0
Karolain_9_puntos_intento_4.mp4,1860,15500.000,True,146.000,151.000,0.000,196.000,81.000,0.277778,0.388889,-0.878410,41.003,49.260,126.349,1568.5
Karolain_9_puntos_intento_4.mp4,1861,15508.333,True,146.000,151.000,0.000,196.000,81.000,0.277778,0.388889,-0.878410,41.399,49.096,129.939,1571.5
Karolain_9_puntos_intento_4.mp4,1862,15516.667,True,146.000,151.000,0.000,196.000,81.000,0.277778,0.388889,-0.878410,40.836,49.279,127.822,1553.5
Karolain_9_puntos_intento_4.mp4,1863,15525.000,True,146.000,151.000,0.000,196.000,81.000,0.277778,0.388889,-0.878410,40.769,49.192,127.920,1542.5
Karolain_9_puntos_intento_4.mp4,1864,15533.333,True,146.000,151.000,0.000,196.000,81.000,0.277778,0.388889,-0.878410,41.280,49.337,129.454,1573.5
Karolain_9_puntos_intento_4.mp4,1865,15541.667,True,146.000,151.000,0.000,196.000,81.000,0.277778,0.388889,-0.878410,40.947,49.429,128.365,1552.0
Karolain_9_puntos_intento_4.mp4,1866,15550.000,True,146.000,151.000,0.000,196.000,81.000,0.277778,0.388889,-0.878410,40.846,49.396,127.785,1539.0
Karolain_9_puntos_intento_4.mp4,1867,15558.333,True,146.000,151.000,0.000,196.000,81.000,0.277778,0.388889,-0.878410,40.987,49.517,128.070,1553.0
Karolain_9_puntos_intento_4.mp4,1868,15566.667,True,146.000,151.000,0.000,196.000,81.000,0.277778,0.388889,-0.878410,40.329,49.119,125.316,1543.5
Karolain_9_puntos_intento_4.mp4,1869,15575.000,True,146.000,151.000,0.000,196.000,81.000,0.277778,0.388889,-0.878410,40.764,49.043,126.823,1549.5
Karolain_9_puntos_intento_4.mp4,1870,15583.333,True,146.000,151.000,0.000,196.000,81.000,0.277778,0.388889,-0.878410,40.378,49.063,125.843,1539.0
Karolain_9_puntos_intento_4.mp4,1871,15591.667,True,146.000,151.000,0.000,196.000,81.000,0.277778,0.388889,-0.878410,40.372,48.727,125.702,1522.5
Karolain_9_puntos_intento_4.mp4,1872,15600.000,True,146.000,151.000,0.000,196.000,81.000,0.277778,0.388889,-0.878410,40.397,48.532,127.584,1520.5
Karolain_9_puntos_intento_4.mp4,1873,15608.333,True,146.000,151.000,0.000,196.000,81.000,0.277778,0.388889,-0.878410,40.603,48.576,124.346,1520.5
Karolain_9_puntos_intento_4.mp4,1874,15616.667,True,146.000,151.000,0.000,196.000,81.000,0.277778,0.388889,-0.878410,40.593,48.287,126.841,1520.0
Karolain_9_puntos_intento_4.mp4,1875,15625.000,True,146.000,151.000,0.000,196.000,81.000,0.277778,0.388889,-0.878410,40.564,48.252,127.202,1510.0
Karolain_9_puntos_intento_4.mp4,1876,15633.333,True,146.000,151.000,0.000,196.000,81.000,0.277778,0.388889,-0.878410,40.473,48.567,128.340,1525.5
Karolain_9_puntos_intento_4.mp4,1877,15641.667,True,146.000,151.000,0.000,196.000,81.000,0.277778,0.388889,-0.878410,40.711,48.491,127.415,1527.5
Karolain_9_puntos_intento_4.mp4,1878,15650.000,True,146.000,151.000,0.000,196.000,81.000,0.277778,0.388889,-0.878410,40.373,48.874,128.290,1521.0
Karolain_9_puntos_intento_4.mp4,1879,15658.333,True,146.000,151.000,0.000,196.000,81.000,0.277778,0.388889,-0.878410,40.308,48.810,129.184,1519.5
Karolain_9_puntos_intento_4.mp4,1880,15666.667,True,146.000,151.000,0.000,196.000,81.000,0.277778,0.388889,-0.878410,40.134,48.592,127.718,1519.0
Karolain_9_puntos_intento_4.mp4,1881,15675.000,True,146.000,151.000,0.000,196.000,81.000,0.277778,0.388889,-0.878410,40.177,48.749,128.311,1513.0
Karolain_9_puntos_intento_4.mp4,1882,15683.333,True,146.000,151.000,0.000,196.000,81.000,0.277778,0.388889,-0.878410,40.260,48.601,125.670,1518.0
Karolain_9_puntos_intento_4.mp4,1883,15691.667,True,146.000,151.000,0.000,196.000,81.000,0.277778,0.388889,-0.878410,40.251,48.595,127.550,1524.5
Karolain_9_puntos_intento_4.mp4,1884,15700.000,True,146.000,151.000,0.000,196.000,81.000,0.277778,0.388889,-0.878410,40.095,48.472,126.707,1507.5
Karolain_9_puntos_intento_4.mp4,1885,15708.333,True,146.000,151.000,0.000,196.000,81.000,0.277778,0.388889,-0.878410,40.436,48.583,128.088,1511.0
Karolain_9_puntos_intento_4.mp4,1886,15716.667,True,146.000,151.000,0.000,196.000,81.000,0.277778,0.388889,-0.878410,40.087,48.906,127.369,1516.5
Karolain_9_puntos_intento_4.mp4,1887,15725.000,True,146.000,151.000,0.000,196.000,81.000,0.277778,0.388889,-0.878410,40.118,48.609,126.568,1514.5
Karolain_9_puntos_intento_4.mp4,1888,15733.333,True,146.000,151.000,0.000,196.000,81.000,0.277778,0.388889,-0.878410,40.269,48.396,127.639,1515.0
Karolain_9_puntos_intento_4.mp4,1889,15741.667,True,146.000,151.000,0.000,196.000,81.000,0.277778,0.388889,-0.878410,39.860,48.439,126.427,1503.5
Karolain_9_puntos_intento_4.mp4,1890,15750.000,True,146.000,151.000,0.000,196.000,81.000,0.277778,0.388889,-0.878410,39.721,48.440,126.773,1501.5
Karolain_9_puntos_intento_4.mp4,1891,15758.333,True,146.000,151.000,0.000,196.000,81.000,0.277778,0.388889,-0.878410,40.231,48.771,126.097,1516.0
Karolain_9_puntos_intento_4.mp4,1892,15766.667,True,146.000,151.000,0.000,196.000,81.000,0.277778,0.388889,-0.878410,40.175,48.861,127.336,1521.0
Karolain_9_puntos_intento_4.mp4,1893,15775.000,True,146.000,151.000,0.000,196.000,81.000,0.277778,0.388889,-0.878410,40.022,48.659,126.509,1513.0
Karolain_9_puntos_intento_4.mp4,1894,15783.333,True,146.000,151.000,0.000,196.000,81.000,0.277778,0.388889,-0.878410,40.413,48.460,126.198,1516.0
Karolain_9_puntos_intento_4.mp4,1895,15791.667,True,146.000,151.000,0.000,196.000,81.000,0.277778,0.388889,-0.878410,40.250,48.259,126.989,1503.5
Karolain_9_puntos_intento_4.mp4,1896,15800.000,True,146.000,151.000,0.000,196.000,81.000,0.277778,0.388889,-0.878410,40.218,48.735,128.162,1522.5
Karolain_9_puntos_intento_4.mp4,1897,15808.333,True,146.000,151.000,0.000,196.000,81.000,0.277778,0.388889,-0.878410,40.254,48.334,126.476,1502.0
Karolain_9_puntos_intento_4.mp4,1898,15816.667,True,146.000,151.000,0.000,196.000,81.000,0.277778,0.388889,-0.878410,40.226,49.138,126.923,1523.5
Karolain_9_puntos_intento_4.mp4,1899,15825.000,True,146.000,151.000,0.000,196.000,81.000,0.277778,0.388889,-0.878410,40.162,48.500,126.114,1511.0
Karolain_9_puntos_intento_4.mp4,1900,15833.333,True,146.000,151.000,0.000,196.000,81.000,0.277778,0.388889,-0.878410,40.065,48.350,126.564,1505.5
Karolain_9_puntos_intento_4.mp4,1901,15841.667,True,146.000,151.000,0.000,196.000,81.000,0.277778,0.388889,-0.878410,39.934,48.575,126.757,1509.5
Karolain_9_puntos_intento_4.mp4,1902,15850.000,True,146.000,151.000,0.000,196.000,81.000,0.277778,0.388889,-0.878410,40.430,49.048,125.599,1520.0
Karolain_9_puntos_intento_4.mp4,1903,15858.333,True,146.000,151.000,0.000,196.000,81.000,0.277778,0.388889,-0.878410,39.989,48.842,126.856,1512.0
Karolain_9_puntos_intento_4.mp4,1904,15866.667,True,146.000,151.000,0.000,196.000,81.000,0.277778,0.388889,-0.878410,39.944,49.022,124.970,1515.5
Karolain_9_puntos_intento_4.mp4,1905,15875.000,True,146.000,151.000,0.000,196.000,81.000,0.277778,0.388889,-0.878410,40.198,49.060,126.780,1517.0
Karolain_9_puntos_intento_4.mp4,1906,15883.333,True,146.000,151.000,0.000,196.000,81.000,0.277778,0.388889,-0.878410,40.649,48.936,126.342,1528.0
Karolain_9_puntos_intento_4.mp4,1907,15891.667,True,146.000,151.000,0.000,196.000,81.000,0.277778,0.388889,-0.878410,40.794,48.646,126.872,1521.0
Karolain_9_puntos_intento_4.mp4,1908,15900.000,True,146.000,151.000,0.000,196.000,81.000,0.277778,0.388889,-0.878410,40.228,48.722,126.011,1513.5
Karolain_9_puntos_intento_4.mp4,1909,15908.333,True,146.000,151.000,0.000,196.000,81.000,0.277778,0.388889,-0.878410,40.491,48.553,128.028,1523.0
Karolain_9_puntos_intento_4.mp4,1910,15916.667,True,146.000,151.000,0.000,196.000,81.000,0.277778,0.388889,-0.878410,40.807,48.563,127.954,1526.0
Karolain_9_puntos_intento_4.mp4,1911,15925.000,True,146.000,151.000,0.000,196.000,81.000,0.277778,0.388889,-0.878410,40.178,48.725,124.402,1519.5
Karolain_9_puntos_intento_4.mp4,1912,15933.333,True,146.000,151.000,0.000,196.000,81.000,0.277778,0.388889,-0.878410,40.503,48.662,127.140,1527.5
Karolain_9_puntos_intento_4.mp4,1913,15941.667,True,146.000,151.000,0.000,196.000,81.000,0.277778,0.388889,-0.878410,40.436,48.924,128.058,1529.0
Karolain_9_puntos_intento_4.mp4,1914,15950.000,True,146.000,151.000,0.000,196.000,81.000,0.277778,0.388889,-0.878410,40.472,49.089,126.093,1544.0
Karolain_9_puntos_intento_4.mp4,1915,15958.333,True,146.000,151.000,0.000,196.000,81.000,0.277778,0.388889,-0.878410,40.455,48.897,127.764,1532.0
Karolain_9_puntos_intento_4.mp4,1916,15966.667,True,146.000,151.000,0.000,196.000,81.000,0.277778,0.388889,-0.878410,41.008,49.318,126.840,1563.0
Karolain_9_puntos_intento_4.mp4,1917,15975.000,True,146.000,151.000,0.000,196.000,81.000,0.277778,0.388889,-0.878410,40.930,49.305,125.422,1560.0
Karolain_9_puntos_intento_4.mp4,1918,15983.333,True,146.000,151.000,0.000,196.000,81.000,0.277778,0.388889,-0.878410,40.871,49.283,125.801,1557.0
Karolain_9_puntos_intento_4.mp4,1919,15991.667,True,146.000,151.000,0.000,196.000,81.000,0.277778,0.388889,-0.878410,40.981,49.096,126.372,1561.0
Karolain_9_puntos_intento_4.mp4,1920,16000.000,True,146.000,151.000,0.000,196.000,81.000,0.277778,0.388889,-0.878410,41.205,49.119,125.379,1566.5
Karolain_9_puntos_intento_4.mp4,1921,16008.333,True,146.000,151.000,0.000,196.000,81.000,0.277778,0.388889,-0.878410,40.886,48.633,129.507,1537.5
Karolain_9_puntos_intento_4.mp4,1922,16016.667,True,146.000,151.000,0.000,196.000,81.000,0.277778,0.388889,-0.878410,41.107,48.867,129.474,1545.0
Karolain_9_puntos_intento_4.mp4,1923,16025.000,True,146.000,151.000,0.000,196.000,81.000,0.277778,0.388889,-0.878410,40.795,49.255,127.023,1554.0
Karolain_9_puntos_intento_4.mp4,1924,16033.333,True,146.000,151.000,0.000,196.000,81.000,0.277778,0.388889,-0.878410,40.812,48.909,127.097,1548.0
Karolain_9_puntos_intento_4.mp4,1925,16041.667,True,146.000,151.000,0.000,196.000,81.000,0.277778,0.388889,-0.878410,41.170,48.973,127.101,1567.0
Karolain_9_puntos_intento_4.mp4,1926,16050.000,True,146.000,151.000,0.000,196.000,81.000,0.277778,0.388889,-0.878410,41.063,49.099,127.211,1563.0
Karolain_9_puntos_intento_4.mp4,1927,16058.333,True,146.000,151.000,0.000,196.000,81.000,0.277778,0.388889,-0.878410,41.020,49.005,127.252,1565.5
Karolain_9_puntos_intento_4.mp4,1928,16066.667,True,146.000,151.000,0.000,196.000,81.000,0.277778,0.388889,-0.878410,41.012,49.284,126.333,1565.5
Karolain_9_puntos_intento_4.mp4,1929,16075.000,True,146.000,151.000,0.000,196.000,81.000,0.277778,0.388889,-0.878410,41.039,49.155,126.424,1564.5
Karolain_9_puntos_intento_4.mp4,1930,16083.333,True,146.000,151.000,0.000,196.000,81.000,0.277778,0.388889,-0.878410,41.099,49.496,127.505,1577.0
Karolain_9_puntos_intento_4.mp4,1931,16091.667,True,146.000,151.000,0.000,196.000,81.000,0.277778,0.388889,-0.878410,41.022,49.025,126.658,1564.0
Karolain_9_puntos_intento_4.mp4,1932,16100.000,True,146.000,151.000,0.000,196.000,81.000,0.277778,0.388889,-0.878410,41.141,48.986,126.019,1567.5
Karolain_9_puntos_intento_4.mp4,1933,16108.333,True,146.000,151.000,0.000,196.000,81.000,0.277778,0.388889,-0.878410,40.953,49.633,127.662,1562.5
Karolain_9_puntos_intento_4.mp4,1934,16116.667,True,146.000,151.000,0.000,196.000,81.000,0.277778,0.388889,-0.878410,41.154,49.316,126.126,1572.0
Karolain_9_puntos_intento_4.mp4,1935,16125.000,True,146.000,151.000,0.000,196.000,81.000,0.277778,0.388889,-0.878410,41.174,48.926,127.075,1562.0
Karolain_9_puntos_intento_4.mp4,1936,16133.333,True,146.000,151.000,0.000,196.000,81.000,0.277778,0.388889,-0.878410,41.024,49.281,127.351,1564.5
Karolain_9_puntos_intento_4.mp4,1937,16141.667,True,146.000,151.000,0.000,196.000,81.000,0.277778,0.388889,-0.878410,41.030,49.811,127.389,1574.5
Karolain_9_puntos_intento_4.mp4,1938,16150.000,True,146.000,151.000,0.000,196.000,81.000,0.277778,0.388889,-0.878410,41.238,49.612,127.617,1575.0
Karolain_9_puntos_intento_4.mp4,1939,16158.333,True,146.000,151.000,0.000,196.000,81.000,0.277778,0.388889,-0.878410,40.645,49.776,126.444,1568.5
Karolain_9_puntos_intento_4.mp4,1940,16166.667,True,146.000,151.000,0.000,196.000,81.000,0.277778,0.388889,-0.878410,41.190,49.508,127.844,1581.0
Karolain_9_puntos_intento_4.mp4,1941,16175.000,True,146.000,151.000,0.000,196.000,81.000,0.277778,0.388889,-0.878410,41.113,49.547,126.853,1580.0
Karolain_9_puntos_intento_4.mp4,1942,16183.333,True,146.000,151.000,0.000,196.000,81.000,0.277778,0.388889,-0.878410,41.071,49.136,128.453,1564.0
Karolain_9_puntos_intento_4.mp4,1943,16191.667,True,146.000,151.000,0.000,196.000,81.000,0.277778,0.388889,-0.878410,41.035,48.949,127.172,1559.5
Karolain_9_puntos_intento_4.mp4,1944,16200.000,True,146.000,151.000,0.000,196.000,81.000,0.277778,0.388889,-0.878410,40.891,49.381,127.396,1564.0
Karolain_9_puntos_intento_4.mp4,1945,16208.333,True,146.000,151.000,0.000,196.000,81.000,0.277778,0.388889,-0.878410,41.368,49.219,127.598,1569.0
Karolain_9_puntos_intento_4.mp4,1946,16216.667,True,146.000,151.000,0.000,196.000,81.000,0.277778,0.388889,-0.878410,41.271,49.336,128.521,1574.0
Karolain_9_puntos_intento_4.mp4,1947,16225.000,True,146.000,151.000,0.000,196.000,81.000,0.277778,0.388889,-0.878410,41.591,49.158,128.039,1570.5
Karolain_9_puntos_intento_4.mp4,1948,16233.333,True,146.000,151.000,0.000,196.000,81.000,0.277778,0.388889,-0.878410,41.251,49.453,128.755,1570.0
Karolain_9_puntos_intento_4.mp4,1949,16241.667,True,146.000,151.000,0.000,196.000,81.000,0.277778,0.388889,-0.878410,41.204,49.850,129.769,1579.5
Karolain_9_puntos_intento_4.mp4,1950,16250.000,True,146.000,151.000,0.000,196.000,81.000,0.277778,0.388889,-0.878410,40.907,49.917,127.867,1569.0
Karolain_9_puntos_intento_4.mp4,1951,16258.333,True,146.000,151.000,0.000,196.000,81.000,0.277778,0.388889,-0.878410,41.443,49.288,127.915,1574.0
Karolain_9_puntos_intento_4.mp4,1952,16266.667,True,146.000,151.000,0.000,196.000,81.000,0.277778,0.388889,-0.878410,41.196,49.390,128.376,1564.0
Karolain_9_puntos_intento_4.mp4,1953,16275.000,True,146.000,151.000,0.000,196.000,81.000,0.277778,0.388889,-0.878410,41.331,49.100,128.062,1569.5
Karolain_9_puntos_intento_4.mp4,1954,16283.333,True,146.000,151.000,0.000,196.000,81.000,0.277778,0.388889,-0.878410,41.105,49.828,128.786,1584.5
Karolain_9_puntos_intento_4.mp4,1955,16291.667,True,146.000,151.000,0.000,196.000,81.000,0.277778,0.388889,-0.878410,41.280,49.380,127.593,1573.5
Karolain_9_puntos_intento_4.mp4,1956,16300.000,True,146.000,151.000,0.000,196.000,81.000,0.277778,0.388889,-0.878410,41.357,49.445,128.316,1577.0
Karolain_9_puntos_intento_4.mp4,1957,16308.333,True,146.000,151.000,0.000,196.000,81.000,0.277778,0.388889,-0.878410,41.456,49.111,125.432,1567.0
Karolain_9_puntos_intento_4.mp4,1958,16316.667,True,146.000,151.000,0.000,196.000,81.000,0.277778,0.388889,-0.878410,41.375,49.773,126.853,1587.5
Karolain_9_puntos_intento_4.mp4,1959,16325.000,True,146.000,151.000,0.000,196.000,81.000,0.277778,0.388889,-0.878410,41.315,49.292,126.582,1582.0
Karolain_9_puntos_intento_4.mp4,1960,16333.333,True,146.000,151.000,0.000,196.000,81.000,0.277778,0.388889,-0.878410,41.496,49.305,127.126,1587.5
Karolain_9_puntos_intento_4.mp4,1961,16341.667,True,146.000,151.000,0.000,196.000,81.000,0.277778,0.388889,-0.878410,41.561,49.333,125.943,1589.0
Karolain_9_puntos_intento_4.mp4,1962,16350.000,True,146.000,151.000,0.000,196.000,81.000,0.277778,0.388889,-0.878410,41.567,49.315,127.254,1582.5
Karolain_9_puntos_intento_4.mp4,1963,16358.333,True,146.000,151.000,0.000,196.000,81.000,0.277778,0.388889,-0.878410,41.331,49.796,128.086,1598.5
Karolain_9_puntos_intento_4.mp4,1964,16366.667,True,146.000,151.000,0.000,196.000,81.000,0.277778,0.388889,-0.878410,41.363,49.546,127.635,1591.0
Karolain_9_puntos_intento_4.mp4,1965,16375.000,True,146.000,151.000,0.000,196.000,81.000,0.277778,0.388889,-0.878410,41.275,49.566,126.328,1594.5
Karolain_9_puntos_intento_4.mp4,1966,16383.333,True,146.000,151.000,0.000,196.000,81.000,0.277778,0.388889,-0.878410,41.129,49.898,125.741,1596.5
Karolain_9_puntos_intento_4.mp4,1967,16391.667,True,146.000,151.000,0.000,196.000,81.000,0.277778,0.388889,-0.878410,41.344,50.167,126.903,1601.5
Karolain_9_puntos_intento_4.mp4,1968,16400.000,True,146.000,151.000,0.000,196.000,81.000,0.277778,0.388889,-0.878410,41.684,50.080,127.684,1612.5
Karolain_9_puntos_intento_4.mp4,1969,16408.333,True,146.000,151.000,0.000,196.000,81.000,0.277778,0.388889,-0.878410,41.914,50.025,126.944,1622.5
Karolain_9_puntos_intento_4.mp4,1970,16416.667,True,146.000,151.000,0.000,195.000,81.000,0.272222,0.388889,-0.880148,41.936,49.873,127.766,1611.0
Karolain_9_puntos_intento_4.mp4,1971,16425.000,True,146.000,151.000,0.000,190.000,83.000,0.244444,0.377778,-0.893046,42.816,49.894,124.543,1658.5
Karolain_9_puntos_intento_4.mp4,1972,16433.333,True,146.000,151.000,0.000,183.000,84.000,0.205556,0.372222,-0.905095,43.175,50.317,113.970,1684.5
Karolain_9_puntos_intento_4.mp4,1973,16441.667,True,146.000,151.000,0.000,178.000,83.000,0.177778,0.377778,-0.908669,43.061,50.356,111.229,1686.5
Karolain_9_puntos_intento_4.mp4,1974,16450.000,True,146.000,151.000,0.000,176.000,83.000,0.166667,0.377778,-0.910772,43.352,50.968,109.478,1709.5
Karolain_9_puntos_intento_4.mp4,1975,16458.333,True,146.000,151.000,0.000,177.000,83.000,0.172222,0.377778,-0.909738,43.151,50.791,114.970,1697.0
Karolain_9_puntos_intento_4.mp4,1976,16466.667,True,146.000,151.000,0.000,177.000,83.000,0.172222,0.377778,-0.909738,43.320,50.886,116.410,1696.5
Karolain_9_puntos_intento_4.mp4,1977,16475.000,True,146.000,151.000,0.000,177.000,83.000,0.172222,0.377778,-0.909738,43.497,50.823,115.654,1697.5
Karolain_9_puntos_intento_4.mp4,1978,16483.333,True,146.000,151.000,0.000,177.000,83.000,0.172222,0.377778,-0.909738,43.534,50.771,114.561,1698.5
Karolain_9_puntos_intento_4.mp4,1979,16491.667,True,146.000,151.000,0.000,177.000,83.000,0.172222,0.377778,-0.909738,44.036,50.822,115.194,1722.5
Karolain_9_puntos_intento_4.mp4,1980,16500.000,True,146.000,151.000,0.000,177.000,83.000,0.172222,0.377778,-0.909738,43.222,51.009,110.947,1713.5
Karolain_9_puntos_intento_4.mp4,1981,16508.333,True,146.000,151.000,0.000,177.000,83.000,0.172222,0.377778,-0.909738,43.513,51.467,116.379,1723.0
Karolain_9_puntos_intento_4.mp4,1982,16516.667,True,146.000,151.000,0.000,177.000,83.000,0.172222,0.377778,-0.909738,43.535,51.571,116.661,1750.0
Karolain_9_puntos_intento_4.mp4,1983,16525.000,True,146.000,151.000,0.000,177.000,83.000,0.172222,0.377778,-0.909738,43.755,51.209,115.390,1732.0
Karolain_9_puntos_intento_4.mp4,1984,16533.333,True,146.000,151.000,0.000,177.000,83.000,0.172222,0.377778,-0.909738,43.252,51.322,113.186,1732.5
Karolain_9_puntos_intento_4.mp4,1985,16541.667,True,146.000,151.000,0.000,177.000,83.000,0.172222,0.377778,-0.909738,43.644,51.295,115.532,1739.5
Karolain_9_puntos_intento_4.mp4,1986,16550.000,True,146.000,151.000,0.000,177.000,83.000,0.172222,0.377778,-0.909738,44.048,51.722,117.719,1755.5
Karolain_9_puntos_intento_4.mp4,1987,16558.333,True,146.000,151.000,0.000,177.000,82.000,0.172222,0.383333,-0.907411,43.422,51.842,112.879,1754.0
Karolain_9_puntos_intento_4.mp4,1988,16566.667,True,146.000,151.000,0.000,177.000,83.000,0.172222,0.377778,-0.909738,43.827,51.610,114.822,1749.5
Karolain_9_puntos_intento_4.mp4,1989,16575.000,True,146.000,151.000,0.000,177.000,83.000,0.172222,0.377778,-0.909738,43.666,51.507,114.703,1754.0
Karolain_9_puntos_intento_4.mp4,1990,16583.333,True,146.000,151.000,0.000,177.000,83.000,0.172222,0.377778,-0.909738,44.002,51.605,114.833,1755.0
Karolain_9_puntos_intento_4.mp4,1991,16591.667,True,146.000,151.000,0.000,177.000,82.000,0.172222,0.383333,-0.907411,43.689,51.625,113.603,1752.5
Karolain_9_puntos_intento_4.mp4,1992,16600.000,True,146.000,151.000,0.000,177.000,83.000,0.172222,0.377778,-0.909738,43.607,51.631,113.998,1751.0
Karolain_9_puntos_intento_4.mp4,1993,16608.333,True,146.000,151.000,0.000,177.000,83.000,0.172222,0.377778,-0.909738,44.476,51.921,115.710,1762.5
Karolain_9_puntos_intento_4.mp4,1994,16616.667,True,146.000,151.000,0.000,177.000,82.000,0.172222,0.383333,-0.907411,43.966,51.978,114.196,1755.0
Karolain_9_puntos_intento_4.mp4,1995,16625.000,True,146.000,151.000,0.000,177.000,83.000,0.172222,0.377778,-0.909738,44.538,51.701,117.441,1759.0
Karolain_9_puntos_intento_4.mp4,1996,16633.333,True,146.000,151.000,0.000,177.000,83.000,0.172222,0.377778,-0.909738,44.475,52.009,112.868,1774.5
Karolain_9_puntos_intento_4.mp4,1997,16641.667,True,146.000,151.000,0.000,177.000,83.000,0.172222,0.377778,-0.909738,44.683,51.988,117.902,1786.0
Karolain_9_puntos_intento_4.mp4,1998,16650.000,True,146.000,151.000,0.000,177.000,83.000,0.172222,0.377778,-0.909738,44.509,52.105,115.225,1777.0
Karolain_9_puntos_intento_4.mp4,1999,16658.333,True,146.000,151.000,0.000,177.000,82.000,0.172222,0.383333,-0.907411,44.314,52.034,114.469,1779.5
Karolain_9_puntos_intento_4.mp4,2000,16666.667,True,146.000,151.000,0.000,177.000,83.000,0.172222,0.377778,-0.909738,43.985,52.685,114.552,1792.0
Karolain_9_puntos_intento_4.mp4,2001,16675.000,True,146.000,151.000,0.000,177.000,83.000,0.172222,0.377778,-0.909738,44.354,52.272,115.203,1790.0
Karolain_9_puntos_intento_4.mp4,2002,16683.333,True,146.000,151.000,0.000,177.000,83.000,0.172222,0.377778,-0.909738,44.584,52.110,114.769,1786.5
Karolain_9_puntos_intento_4.mp4,2003,16691.667,True,146.000,151.000,0.000,177.000,82.000,0.172222,0.383333,-0.907411,44.383,52.240,114.287,1789.0
Karolain_9_puntos_intento_4.mp4,2004,16700.000,True,146.000,151.000,0.000,177.000,82.000,0.172222,0.383333,-0.907411,44.450,52.271,115.030,1790.0
Karolain_9_puntos_intento_4.mp4,2005,16708.333,True,146.000,151.000,0.000,177.000,83.000,0.172222,0.377778,-0.909738,44.341,52.242,116.789,1775.0
Karolain_9_puntos_intento_4.mp4,2006,16716.667,True,146.000,151.000,0.000,177.000,83.000,0.172222,0.377778,-0.909738,44.480,52.193,116.628,1779.0
Karolain_9_puntos_intento_4.mp4,2007,16725.000,True,146.000,151.000,0.000,177.000,83.000,0.172222,0.377778,-0.909738,44.672,52.272,114.669,1795.0
Karolain_9_puntos_intento_4.mp4,2008,16733.333,True,146.000,151.000,0.000,177.000,83.000,0.172222,0.377778,-0.909738,44.520,52.609,115.674,1800.0
Karolain_9_puntos_intento_4.mp4,2009,16741.667,True,146.000,151.000,0.000,177.000,83.000,0.172222,0.377778,-0.909738,44.787,52.100,114.922,1795.5
Karolain_9_puntos_intento_4.mp4,2010,16750.000,True,146.000,151.000,0.000,177.000,82.000,0.172222,0.383333,-0.907411,44.617,52.214,113.349,1794.5
Karolain_9_puntos_intento_4.mp4,2011,16758.333,True,146.000,151.000,0.000,177.000,82.000,0.172222,0.383333,-0.907411,44.443,52.368,115.468,1797.0
Karolain_9_puntos_intento_4.mp4,2012,16766.667,True,146.000,151.000,0.000,177.000,82.000,0.172222,0.383333,-0.907411,44.432,52.549,114.486,1805.0
Karolain_9_puntos_intento_4.mp4,2013,16775.000,True,146.000,151.000,0.000,173.000,84.000,0.150000,0.372222,-0.915942,45.234,52.000,112.440,1817.0
Karolain_9_puntos_intento_4.mp4,2014,16783.333,True,146.000,151.000,0.000,164.000,88.000,0.100000,0.350000,-0.931397,45.222,52.506,105.217,1826.5
Karolain_9_puntos_intento_4.mp4,2015,16791.667,True,146.000,151.000,0.000,155.000,90.000,0.050000,0.338889,-0.939497,45.757,51.669,105.968,1794.0
Karolain_9_puntos_intento_4.mp4,2016,16800.000,True,146.000,151.000,0.000,145.000,93.000,-0.005556,0.322222,-0.946648,45.840,51.386,96.149,1777.0
Karolain_9_puntos_intento_4.mp4,2017,16808.333,True,146.000,151.000,0.000,139.000,95.000,-0.038889,0.311111,-0.949578,45.775,51.398,93.682,1775.0
Karolain_9_puntos_intento_4.mp4,2018,16816.667,True,146.000,151.000,0.000,139.000,95.000,-0.038889,0.311111,-0.949578,45.284,51.681,101.304,1772.5
Karolain_9_puntos_intento_4.mp4,2019,16825.000,True,146.000,151.000,0.000,138.000,95.000,-0.044444,0.311111,-0.949334,45.763,51.914,105.982,1767.0
Karolain_9_puntos_intento_4.mp4,2020,16833.333,True,146.000,151.000,0.000,138.000,95.000,-0.044444,0.311111,-0.949334,44.874,52.140,99.276,1767.5
Karolain_9_puntos_intento_4.mp4,2021,16841.667,True,146.000,151.000,0.000,138.000,95.000,-0.044444,0.311111,-0.949334,45.280,51.805,100.083,1772.0
Karolain_9_puntos_intento_4.mp4,2022,16850.000,True,146.000,151.000,0.000,138.000,95.000,-0.044444,0.311111,-0.949334,44.571,51.913,100.347,1765.5
Karolain_9_puntos_intento_4.mp4,2023,16858.333,True,146.000,151.000,0.000,138.000,95.000,-0.044444,0.311111,-0.949334,45.179,51.968,103.518,1764.5
Karolain_9_puntos_intento_4.mp4,2024,16866.667,True,146.000,151.000,0.000,138.000,95.000,-0.044444,0.311111,-0.949334,45.485,52.039,103.173,1788.0
Karolain_9_puntos_intento_4.mp4,2025,16875.000,True,146.000,151.000,0.000,138.000,95.000,-0.044444,0.311111,-0.949334,45.279,52.410,99.606,1797.0
Karolain_9_puntos_intento_4.mp4,2026,16883.333,True,146.000,151.000,0.000,138.000,95.000,-0.044444,0.311111,-0.949334,46.151,52.134,100.027,1800.0
Karolain_9_puntos_intento_4.mp4,2027,16891.667,True,146.000,151.000,0.000,138.000,95.000,-0.044444,0.311111,-0.949334,45.493,53.006,97.130,1830.5
Karolain_9_puntos_intento_4.mp4,2028,16900.000,True,146.000,151.000,0.000,138.000,95.000,-0.044444,0.311111,-0.949334,46.085,53.020,100.955,1857.0
Karolain_9_puntos_intento_4.mp4,2029,16908.333,True,146.000,151.000,0.000,138.000,95.000,-0.044444,0.311111,-0.949334,46.166,52.911,97.467,1833.5
Karolain_9_puntos_intento_4.mp4,2030,16916.667,True,146.000,151.000,0.000,138.000,95.000,-0.044444,0.311111,-0.949334,46.505,53.043,102.033,1854.5
Karolain_9_puntos_intento_4.mp4,2031,16925.000,True,146.000,151.000,0.000,138.000,95.000,-0.044444,0.311111,-0.949334,46.111,53.281,98.909,1855.5
Karolain_9_puntos_intento_4.mp4,2032,16933.333,True,146.000,151.000,0.000,138.000,95.000,-0.044444,0.311111,-0.949334,47.127,53.099,100.624,1876.0
Karolain_9_puntos_intento_4.mp4,2033,16941.667,True,146.000,151.000,0.000,138.000,95.000,-0.044444,0.311111,-0.949334,46.185,53.343,98.312,1867.5
Karolain_9_puntos_intento_4.mp4,2034,16950.000,True,146.000,151.000,0.000,138.000,95.000,-0.044444,0.311111,-0.949334,46.595,53.345,103.126,1884.0
Karolain_9_puntos_intento_4.mp4,2035,16958.333,True,146.000,151.000,0.000,138.000,95.000,-0.044444,0.311111,-0.949334,46.898,53.449,96.756,1877.5
Karolain_9_puntos_intento_4.mp4,2036,16966.667,True,146.000,151.000,0.000,138.000,95.000,-0.044444,0.311111,-0.949334,47.120,52.835,98.275,1875.0
Karolain_9_puntos_intento_4.mp4,2037,16975.000,True,146.000,151.000,0.000,138.000,95.000,-0.044444,0.311111,-0.949334,47.301,52.893,99.285,1875.5
Karolain_9_puntos_intento_4.mp4,2038,16983.333,True,146.000,151.000,0.000,138.000,95.000,-0.044444,0.311111,-0.949334,46.036,53.941,101.180,1885.5
Karolain_9_puntos_intento_4.mp4,2039,16991.667,True,146.000,151.000,0.000,138.000,95.000,-0.044444,0.311111,-0.949334,46.498,53.997,99.336,1897.5
Karolain_9_puntos_intento_4.mp4,2040,17000.000,True,146.000,151.000,0.000,138.000,94.000,-0.044444,0.316667,-0.947495,46.245,54.126,99.436,1903.5
Karolain_9_puntos_intento_4.mp4,2041,17008.333,True,146.000,151.000,0.000,138.000,95.000,-0.044444,0.311111,-0.949334,46.896,54.034,98.602,1889.5
Karolain_9_puntos_intento_4.mp4,2042,17016.667,True,146.000,151.000,0.000,138.000,95.000,-0.044444,0.311111,-0.949334,46.999,53.234,97.092,1890.5
Karolain_9_puntos_intento_4.mp4,2043,17025.000,True,146.000,151.000,0.000,138.000,95.000,-0.044444,0.311111,-0.949334,47.241,53.755,98.161,1905.0
Karolain_9_puntos_intento_4.mp4,2044,17033.333,True,146.000,151.000,0.000,138.000,95.000,-0.044444,0.311111,-0.949334,46.994,53.604,98.179,1911.0
Karolain_9_puntos_intento_4.mp4,2045,17041.667,True,146.000,151.000,0.000,138.000,95.000,-0.044444,0.311111,-0.949334,47.218,53.166,102.888,1892.0
Karolain_9_puntos_intento_4.mp4,2046,17050.000,True,146.000,151.000,0.000,138.000,95.000,-0.044444,0.311111,-0.949334,47.546,53.728,93.977,1919.5
Karolain_9_puntos_intento_4.mp4,2047,17058.333,True,146.000,151.000,0.000,138.000,95.000,-0.044444,0.311111,-0.949334,46.726,53.599,94.781,1903.0
Karolain_9_puntos_intento_4.mp4,2048,17066.667,True,146.000,151.000,0.000,138.000,94.000,-0.044444,0.316667,-0.947495,46.778,53.990,96.701,1923.0
Karolain_9_puntos_intento_4.mp4,2049,17075.000,True,146.000,151.000,0.000,138.000,95.000,-0.044444,0.311111,-0.949334,47.299,53.485,98.165,1918.0
Karolain_9_puntos_intento_4.mp4,2050,17083.333,True,146.000,151.000,0.000,138.000,94.000,-0.044444,0.316667,-0.947495,46.493,54.293,94.024,1921.0
Karolain_9_puntos_intento_4.mp4,2051,17091.667,True,146.000,151.000,0.000,137.000,95.000,-0.050000,0.311111,-0.949057,47.015,53.585,99.106,1903.0
Karolain_9_puntos_intento_4.mp4,2052,17100.000,True,146.000,151.000,0.000,135.000,95.000,-0.061111,0.311111,-0.948407,46.079,54.077,93.389,1886.0
Karolain_9_puntos_intento_4.mp4,2053,17108.333,True,146.000,151.000,0.000,136.000,95.000,-0.055556,0.311111,-0.948748,46.650,54.162,97.900,1904.0
Karolain_9_puntos_intento_4.mp4,2054,17116.667,True,146.000,151.000,0.000,136.000,95.000,-0.055556,0.311111,-0.948748,47.144,53.289,98.911,1903.5
Karolain_9_puntos_intento_4.mp4,2055,17125.000,True,146.000,151.000,0.000,136.000,94.000,-0.055556,0.316667,-0.946909,46.515,53.464,96.790,1894.0
Karolain_9_puntos_intento_4.mp4,2056,17133.333,True,146.000,151.000,0.000,136.000,94.000,-0.055556,0.316667,-0.946909,45.860,53.958,94.710,1891.5
Karolain_9_puntos_intento_4.mp4,2057,17141.667,True,146.000,151.000,0.000,136.000,94.000,-0.055556,0.316667,-0.946909,45.624,53.477,95.965,1869.0
Karolain_9_puntos_intento_4.mp4,2058,17150.000,True,146.000,151.000,0.000,136.000,94.000,-0.055556,0.316667,-0.946909,46.607,53.160,95.536,1883.0
Karolain_9_puntos_intento_4.mp4,2059,17158.333,True,146.000,151.000,0.000,136.000,94.000,-0.055556,0.316667,-0.946909,46.441,53.388,97.331,1866.5
Karolain_9_puntos_intento_4.mp4,2060,17166.667,True,146.000,151.000,0.000,136.000,94.000,-0.055556,0.316667,-0.946909,45.695,53.300,95.288,1854.5
Karolain_9_puntos_intento_4.mp4,2061,17175.000,True,146.000,151.000,0.000,136.000,94.000,-0.055556,0.316667,-0.946909,45.670,53.144,97.578,1844.0
Karolain_9_puntos_intento_4.mp4,2062,17183.333,True,146.000,151.000,0.000,136.000,94.000,-0.055556,0.316667,-0.946909,45.955,53.422,99.557,1854.5
Karolain_9_puntos_intento_4.mp4,2063,17191.667,True,146.000,151.000,0.000,136.000,94.000,-0.055556,0.316667,-0.946909,45.900,53.172,101.540,1833.0
Karolain_9_puntos_intento_4.mp4,2064,17200.000,True,146.000,151.000,0.000,136.000,94.000,-0.055556,0.316667,-0.946909,45.706,52.772,96.328,1840.0
Karolain_9_puntos_intento_4.mp4,2065,17208.333,True,146.000,151.000,0.000,136.000,94.000,-0.055556,0.316667,-0.946909,46.507,52.208,100.962,1807.0
Karolain_9_puntos_intento_4.mp4,2066,17216.667,True,146.000,151.000,0.000,136.000,94.000,-0.055556,0.316667,-0.946909,45.630,52.889,97.491,1815.0
Karolain_9_puntos_intento_4.mp4,2067,17225.000,True,146.000,151.000,0.000,136.000,95.000,-0.055556,0.311111,-0.948748,45.924,51.502,101.626,1795.0
Karolain_9_puntos_intento_4.mp4,2068,17233.333,True,146.000,151.000,0.000,136.000,94.000,-0.055556,0.316667,-0.946909,45.775,51.473,100.998,1786.5
Karolain_9_puntos_intento_4.mp4,2069,17241.667,True,146.000,151.000,0.000,136.000,95.000,-0.055556,0.311111,-0.948748,46.224,51.348,100.664,1793.5
Karolain_9_puntos_intento_4.mp4,2070,17250.000,True,146.000,151.000,0.000,136.000,95.000,-0.055556,0.311111,-0.948748,46.538,51.156,101.340,1779.5
Karolain_9_puntos_intento_4.mp4,2071,17258.333,True,146.000,151.000,0.000,136.000,95.000,-0.055556,0.311111,-0.948748,45.936,51.078,97.805,1769.5
Karolain_9_puntos_intento_4.mp4,2072,17266.667,True,146.000,151.000,0.000,136.000,95.000,-0.055556,0.311111,-0.948748,46.592,51.145,99.993,1768.5
Karolain_9_puntos_intento_4.mp4,2073,17275.000,True,146.000,151.000,0.000,136.000,94.000,-0.055556,0.316667,-0.946909,45.133,51.123,93.461,1757.5
Karolain_9_puntos_intento_4.mp4,2074,17283.333,True,146.000,151.000,0.000,136.000,94.000,-0.055556,0.316667,-0.946909,44.301,51.379,103.454,1737.5
Karolain_9_puntos_intento_4.mp4,2075,17291.667,True,146.000,151.000,0.000,136.000,94.000,-0.055556,0.316667,-0.946909,44.928,51.217,107.817,1739.5
Karolain_9_puntos_intento_4.mp4,2076,17300.000,True,146.000,151.000,0.000,136.000,95.000,-0.055556,0.311111,-0.948748,45.277,51.305,108.582,1756.0
Karolain_9_puntos_intento_4.mp4,2077,17308.333,True,146.000,151.000,0.000,136.000,94.000,-0.055556,0.316667,-0.946909,45.045,51.007,101.937,1729.0
Karolain_9_puntos_intento_4.mp4,2078,17316.667,True,146.000,151.000,0.000,136.000,94.000,-0.055556,0.316667,-0.946909,44.800,50.953,99.243,1733.5
Karolain_9_puntos_intento_4.mp4,2079,17325.000,True,146.000,151.000,0.000,136.000,94.000,-0.055556,0.316667,-0.946909,44.517,50.570,95.865,1717.5
Karolain_9_puntos_intento_4.mp4,2080,17333.333,True,146.000,151.000,0.000,136.000,94.000,-0.055556,0.316667,-0.946909,45.219,50.648,100.637,1739.0
Karolain_9_puntos_intento_4.mp4,2081,17341.667,True,146.000,150.000,0.000,136.000,94.000,-0.055556,0.311111,-0.948748,45.390,50.289,102.991,1729.0
Karolain_9_puntos_intento_4.mp4,2082,17350.000,True,146.000,150.000,0.000,136.000,94.000,-0.055556,0.311111,-0.948748,44.594,50.786,101.093,1713.5
Karolain_9_puntos_intento_4.mp4,2083,17358.333,True,146.000,150.000,0.000,136.000,94.000,-0.055556,0.311111,-0.948748,45.526,50.068,102.983,1699.0
Karolain_9_puntos_intento_4.mp4,2084,17366.667,True,146.000,150.000,0.000,136.000,94.000,-0.055556,0.311111,-0.948748,44.902,50.652,103.123,1707.0
Karolain_9_puntos_intento_4.mp4,2085,17375.000,True,146.000,150.000,0.000,136.000,94.000,-0.055556,0.311111,-0.948748,45.255,50.222,107.725,1693.0
Karolain_9_puntos_intento_4.mp4,2086,17383.333,True,146.000,150.000,0.000,136.000,95.000,-0.055556,0.305556,-0.950552,45.196,50.164,107.124,1699.0
Karolain_9_puntos_intento_4.mp4,2087,17391.667,True,146.000,150.000,0.000,136.000,94.000,-0.055556,0.311111,-0.948748,44.514,49.973,105.686,1664.5
Karolain_9_puntos_intento_4.mp4,2088,17400.000,True,146.000,150.000,0.000,136.000,94.000,-0.055556,0.311111,-0.948748,44.136,50.444,93.162,1686.0
Karolain_9_puntos_intento_4.mp4,2089,17408.333,True,146.000,150.000,0.000,136.000,94.000,-0.055556,0.311111,-0.948748,44.229,50.423,104.762,1669.0
Karolain_9_puntos_intento_4.mp4,2090,17416.667,True,146.000,150.000,0.000,136.000,94.000,-0.055556,0.311111,-0.948748,44.501,50.054,100.698,1686.5
Karolain_9_puntos_intento_4.mp4,2091,17425.000,True,146.000,150.000,0.000,136.000,94.000,-0.055556,0.311111,-0.948748,44.338,50.109,106.857,1680.0
Karolain_9_puntos_intento_4.mp4,2092,17433.333,True,146.000,150.000,0.000,136.000,94.000,-0.055556,0.311111,-0.948748,44.535,49.605,103.305,1686.0
Karolain_9_puntos_intento_4.mp4,2093,17441.667,True,146.000,150.000,0.000,136.000,94.000,-0.055556,0.311111,-0.948748,44.542,49.815,103.443,1673.0
Karolain_9_puntos_intento_4.mp4,2094,17450.000,True,146.000,150.000,0.000,136.000,94.000,-0.055556,0.311111,-0.948748,44.174,50.258,101.598,1699.0
Karolain_9_puntos_intento_4.mp4,2095,17458.333,True,146.000,150.000,0.000,136.000,94.000,-0.055556,0.311111,-0.948748,44.504,50.444,111.017,1670.5
Karolain_9_puntos_intento_4.mp4,2096,17466.667,True,146.000,150.000,0.000,136.000,94.000,-0.055556,0.311111,-0.948748,43.852,50.355,97.878,1668.5
Karolain_9_puntos_intento_4.mp4,2097,17475.000,True,146.000,150.000,0.000,136.000,94.000,-0.055556,0.311111,-0.948748,43.602,49.993,98.108,1644.5
Karolain_9_puntos_intento_4.mp4,2098,17483.333,True,146.000,150.000,0.000,136.000,94.000,-0.055556,0.311111,-0.948748,44.995,50.048,99.779,1680.0
Karolain_9_puntos_intento_4.mp4,2099,17491.667,True,146.000,150.000,0.000,136.000,94.000,-0.055556,0.311111,-0.948748,45.062,50.157,103.673,1692.5
Karolain_9_puntos_intento_4.mp4,2100,17500.000,True,146.000,150.000,0.000,136.000,94.000,-0.055556,0.311111,-0.948748,44.405,50.094,101.100,1683.0
Karolain_9_puntos_intento_4.mp4,2101,17508.333,True,146.000,150.000,0.000,136.000,94.000,-0.055556,0.311111,-0.948748,44.734,50.645,118.070,1675.0
Karolain_9_puntos_intento_4.mp4,2102,17516.667,True,146.000,150.000,0.000,136.000,94.000,-0.055556,0.311111,-0.948748,43.746,50.282,96.859,1676.5
Karolain_9_puntos_intento_4.mp4,2103,17525.000,True,146.000,150.000,0.000,136.000,94.000,-0.055556,0.311111,-0.948748,44.724,50.030,99.596,1691.5
Karolain_9_puntos_intento_4.mp4,2104,17533.333,True,146.000,150.000,0.000,136.000,94.000,-0.055556,0.311111,-0.948748,44.804,49.716,106.180,1664.5
Karolain_9_puntos_intento_4.mp4,2105,17541.667,True,146.000,150.000,0.000,136.000,94.000,-0.055556,0.311111,-0.948748,44.745,50.122,105.855,1690.5
Karolain_9_puntos_intento_4.mp4,2106,17550.000,True,146.000,150.000,0.000,136.000,94.000,-0.055556,0.311111,-0.948748,44.439,50.127,108.059,1666.0
Karolain_9_puntos_intento_4.mp4,2107,17558.333,True,146.000,150.000,0.000,136.000,94.000,-0.055556,0.311111,-0.948748,45.266,50.398,105.128,1697.5
Karolain_9_puntos_intento_4.mp4,2108,17566.667,True,146.000,150.000,0.000,136.000,94.000,-0.055556,0.311111,-0.948748,43.975,50.845,103.726,1688.5
Karolain_9_puntos_intento_4.mp4,2109,17575.000,True,146.000,150.000,0.000,136.000,94.000,-0.055556,0.311111,-0.948748,44.064,50.351,100.937,1692.5
Karolain_9_puntos_intento_4.mp4,2110,17583.333,True,146.000,150.000,0.000,136.000,94.000,-0.055556,0.311111,-0.948748,43.878,50.361,101.338,1682.5
Karolain_9_puntos_intento_4.mp4,2111,17591.667,True,146.000,150.000,0.000,136.000,94.000,-0.055556,0.311111,-0.948748,44.496,50.443,103.861,1702.5
Karolain_9_puntos_intento_4.mp4,2112,17600.000,True,146.000,150.000,0.000,136.000,94.000,-0.055556,0.311111,-0.948748,44.727,50.812,105.397,1714.0
Karolain_9_puntos_intento_4.mp4,2113,17608.333,True,146.000,150.000,0.000,136.000,94.000,-0.055556,0.311111,-0.948748,43.958,50.746,101.652,1669.5
Karolain_9_puntos_intento_4.mp4,2114,17616.667,True,146.000,150.000,0.000,136.000,94.000,-0.055556,0.311111,-0.948748,44.660,50.437,97.820,1701.5
Karolain_9_puntos_intento_4.mp4,2115,17625.000,True,146.000,150.000,0.000,136.000,94.000,-0.055556,0.311111,-0.948748,44.657,50.766,100.638,1699.5
Karolain_9_puntos_intento_4.mp4,2116,17633.333,True,146.000,150.000,0.000,136.000,94.000,-0.055556,0.311111,-0.948748,44.489,50.267,100.345,1697.0
Karolain_9_puntos_intento_4.mp4,2117,17641.667,True,146.000,150.000,0.000,136.000,94.000,-0.055556,0.311111,-0.948748,44.720,50.695,106.013,1700.0
Karolain_9_puntos_intento_4.mp4,2118,17650.000,True,146.000,150.000,0.000,135.000,94.000,-0.061111,0.311111,-0.948407,44.594,50.469,94.279,1700.0
Karolain_9_puntos_intento_4.mp4,2119,17658.333,True,146.000,150.000,0.000,135.000,94.000,-0.061111,0.311111,-0.948407,45.359,50.179,100.035,1697.5
Karolain_9_puntos_intento_4.mp4,2120,17666.667,True,146.000,150.000,0.000,135.000,94.000,-0.061111,0.311111,-0.948407,43.880,50.385,93.083,1695.0
Karolain_9_puntos_intento_4.mp4,2121,17675.000,True,146.000,150.000,0.000,136.000,94.000,-0.055556,0.311111,-0.948748,43.825,50.496,94.680,1688.0
Karolain_9_puntos_intento_4.mp4,2122,17683.333,True,146.000,150.000,0.000,136.000,94.000,-0.055556,0.311111,-0.948748,45.218,50.487,100.637,1715.5
Karolain_9_puntos_intento_4.mp4,2123,17691.667,True,146.000,150.000,0.000,136.000,95.000,-0.055556,0.305556,-0.950552,45.034,50.652,101.993,1719.5
Karolain_9_puntos_intento_4.mp4,2124,17700.000,True,146.000,150.000,0.000,136.000,94.000,-0.055556,0.311111,-0.948748,44.089,50.751,94.245,1722.5
Karolain_9_puntos_intento_4.mp4,2125,17708.333,True,146.000,150.000,0.000,136.000,95.000,-0.055556,0.305556,-0.950552,45.926,50.242,102.747,1723.0
Karolain_9_puntos_intento_4.mp4,2126,17716.667,True,146.000,150.000,0.000,136.000,94.000,-0.055556,0.311111,-0.948748,44.639,50.827,95.904,1710.0
Karolain_9_puntos_intento_4.mp4,2127,17725.000,True,146.000,150.000,0.000,136.000,94.000,-0.055556,0.311111,-0.948748,45.250,50.343,99.295,1725.0
Karolain_9_puntos_intento_4.mp4,2128,17733.333,True,146.000,150.000,0.000,136.000,94.000,-0.055556,0.311111,-0.948748,45.667,50.049,97.438,1725.0
Karolain_9_puntos_intento_4.mp4,2129,17741.667,True,146.000,150.000,0.000,136.000,94.000,-0.055556,0.311111,-0.948748,45.401,50.517,106.287,1713.5
Karolain_9_puntos_intento_4.mp4,2130,17750.000,True,146.000,150.000,0.000,136.000,94.000,-0.055556,0.311111,-0.948748,44.578,50.537,100.047,1707.0
Karolain_9_puntos_intento_4.mp4,2131,17758.333,True,146.000,150.000,0.000,136.000,94.000,-0.055556,0.311111,-0.948748,45.638,50.257,99.373,1719.0
Karolain_9_puntos_intento_4.mp4,2132,17766.667,True,146.000,150.000,0.000,136.000,94.000,-0.055556,0.311111,-0.948748,44.790,50.999,101.317,1736.5
Karolain_9_puntos_intento_4.mp4,2133,17775.000,True,146.000,150.000,0.000,136.000,94.000,-0.055556,0.311111,-0.948748,45.880,50.882,97.625,1758.0
Karolain_9_puntos_intento_4.mp4,2134,17783.333,True,146.000,150.000,0.000,136.000,94.000,-0.055556,0.311111,-0.948748,45.919,50.849,103.200,1747.5
Karolain_9_puntos_intento_4.mp4,2135,17791.667,True,146.000,150.000,0.000,136.000,94.000,-0.055556,0.311111,-0.948748,45.369,50.546,99.830,1740.5
Karolain_9_puntos_intento_4.mp4,2136,17800.000,True,146.000,150.000,0.000,136.000,94.000,-0.055556,0.311111,-0.948748,45.468,50.851,96.370,1737.5
Karolain_9_puntos_intento_4.mp4,2137,17808.333,True,146.000,150.000,0.000,135.000,94.000,-0.061111,0.311111,-0.948407,44.983,51.554,99.054,1721.5
Karolain_9_puntos_intento_4.mp4,2138,17816.667,True,146.000,150.000,0.000,136.000,94.000,-0.055556,0.311111,-0.948748,45.204,51.243,96.901,1749.5
Karolain_9_puntos_intento_4.mp4,2139,17825.000,True,146.000,150.000,0.000,136.000,94.000,-0.055556,0.311111,-0.948748,45.310,51.226,104.426,1746.0
Karolain_9_puntos_intento_4.mp4,2140,17833.333,True,146.000,150.000,0.000,136.000,94.000,-0.055556,0.311111,-0.948748,44.682,51.525,97.812,1761.0
Karolain_9_puntos_intento_4.mp4,2141,17841.667,True,146.000,150.000,0.000,136.000,94.000,-0.055556,0.311111,-0.948748,44.416,51.579,97.964,1743.5
Karolain_9_puntos_intento_4.mp4,2142,17850.000,True,146.000,150.000,0.000,136.000,94.000,-0.055556,0.311111,-0.948748,44.684,51.512,96.894,1752.5
Karolain_9_puntos_intento_4.mp4,2143,17858.333,True,146.000,150.000,0.000,136.000,94.000,-0.055556,0.311111,-0.948748,44.864,50.998,98.015,1742.5
Karolain_9_puntos_intento_4.mp4,2144,17866.667,True,146.000,150.000,0.000,136.000,94.000,-0.055556,0.311111,-0.948748,45.736,51.111,99.181,1755.5
Karolain_9_puntos_intento_4.mp4,2145,17875.000,True,146.000,150.000,0.000,135.000,94.000,-0.061111,0.311111,-0.948407,45.675,51.328,97.079,1775.5
Karolain_9_puntos_intento_4.mp4,2146,17883.333,True,146.000,150.000,0.000,135.000,94.000,-0.061111,0.311111,-0.948407,46.291,51.407,99.240,1777.5
Karolain_9_puntos_intento_4.mp4,2147,17891.667,True,146.000,150.000,0.000,135.000,94.000,-0.061111,0.311111,-0.948407,44.970,51.743,94.688,1779.0
Karolain_9_puntos_intento_4.mp4,2148,17900.000,True,146.000,150.000,0.000,136.000,94.000,-0.055556,0.311111,-0.948748,46.111,51.460,103.505,1768.0
Karolain_9_puntos_intento_4.mp4,2149,17908.333,True,146.000,150.000,0.000,135.000,94.000,-0.061111,0.311111,-0.948407,44.824,53.085,94.283,1795.0
Karolain_9_puntos_intento_4.mp4,2150,17916.667,True,146.000,150.000,0.000,136.000,95.000,-0.055556,0.305556,-0.950552,45.518,52.671,97.271,1800.5
Karolain_9_puntos_intento_4.mp4,2151,17925.000,True,146.000,150.000,0.000,136.000,95.000,-0.055556,0.305556,-0.950552,45.546,51.848,96.094,1780.5
Karolain_9_puntos_intento_4.mp4,2152,17933.333,True,146.000,150.000,0.000,136.000,94.000,-0.055556,0.311111,-0.948748,45.509,52.295,99.074,1815.5
Karolain_9_puntos_intento_4.mp4,2153,17941.667,True,146.000,150.000,0.000,136.000,94.000,-0.055556,0.311111,-0.948748,45.411,52.166,97.597,1796.5
Karolain_9_puntos_intento_4.mp4,2154,17950.000,True,146.000,150.000,0.000,136.000,94.000,-0.055556,0.311111,-0.948748,45.825,52.147,100.635,1810.0
Karolain_9_puntos_intento_4.mp4,2155,17958.333,True,146.000,150.000,0.000,136.000,94.000,-0.055556,0.311111,-0.948748,45.630,52.498,101.408,1800.5
Karolain_9_puntos_intento_4.mp4,2156,17966.667,True,146.000,150.000,0.000,135.000,95.000,-0.061111,0.305556,-0.950211,45.897,51.784,100.295,1801.5
Karolain_9_puntos_intento_4.mp4,2157,17975.000,True,146.000,150.000,0.000,136.000,94.000,-0.055556,0.311111,-0.948748,45.826,52.634,103.233,1797.0
Karolain_9_puntos_intento_4.mp4,2158,17983.333,True,146.000,150.000,0.000,135.000,95.000,-0.061111,0.305556,-0.950211,45.625,52.376,97.775,1803.5
Karolain_9_puntos_intento_4.mp4,2159,17991.667,True,146.000,150.000,0.000,136.000,95.000,-0.055556,0.305556,-0.950552,45.671,52.333,100.526,1792.5
Karolain_9_puntos_intento_4.mp4,2160,18000.000,True,146.000,150.000,0.000,136.000,94.000,-0.055556,0.311111,-0.948748,45.266,52.349,99.125,1806.0
Karolain_9_puntos_intento_4.mp4,2161,18008.333,True,146.000,150.000,0.000,135.000,94.000,-0.061111,0.311111,-0.948407,45.745,52.204,95.640,1816.5
Karolain_9_puntos_intento_4.mp4,2162,18016.667,True,146.000,150.000,0.000,135.000,94.000,-0.061111,0.311111,-0.948407,45.750,52.308,94.019,1819.0
Karolain_9_puntos_intento_4.mp4,2163,18025.000,True,146.000,150.000,0.000,135.000,94.000,-0.061111,0.311111,-0.948407,45.749,52.021,93.306,1812.0
Karolain_9_puntos_intento_4.mp4,2164,18033.333,True,146.000,150.000,0.000,135.000,95.000,-0.061111,0.305556,-0.950211,45.860,52.730,94.245,1840.0
Karolain_9_puntos_intento_4.mp4,2165,18041.667,True,146.000,150.000,0.000,135.000,95.000,-0.061111,0.305556,-0.950211,46.447,52.793,98.709,1846.5
Karolain_9_puntos_intento_4.mp4,2166,18050.000,True,146.000,150.000,0.000,136.000,95.000,-0.055556,0.305556,-0.950552,45.756,52.923,98.432,1818.5
Karolain_9_puntos_intento_4.mp4,2167,18058.333,True,146.000,150.000,0.000,136.000,95.000,-0.055556,0.305556,-0.950552,46.355,52.453,98.391,1839.0
Karolain_9_puntos_intento_4.mp4,2168,18066.667,True,146.000,150.000,0.000,136.000,95.000,-0.055556,0.305556,-0.950552,45.462,52.460,98.114,1834.0
Karolain_9_puntos_intento_4.mp4,2169,18075.000,True,146.000,150.000,0.000,136.000,94.000,-0.055556,0.311111,-0.948748,45.093,52.672,96.762,1804.5
Karolain_9_puntos_intento_4.mp4,2170,18083.333,True,146.000,150.000,0.000,136.000,95.000,-0.055556,0.305556,-0.950552,45.819,52.907,97.209,1830.5
Karolain_9_puntos_intento_4.mp4,2171,18091.667,True,146.000,150.000,0.000,136.000,95.000,-0.055556,0.305556,-0.950552,45.856,52.958,97.879,1827.0
Karolain_9_puntos_intento_4.mp4,2172,18100.000,True,146.000,150.000,0.000,136.000,94.000,-0.055556,0.311111,-0.948748,45.314,52.878,95.580,1848.5
Karolain_9_puntos_intento_4.mp4,2173,18108.333,True,146.000,150.000,0.000,136.000,94.000,-0.055556,0.311111,-0.948748,45.248,53.200,96.432,1829.0
Karolain_9_puntos_intento_4.mp4,2174,18116.667,True,146.000,150.000,0.000,136.000,94.000,-0.055556,0.311111,-0.948748,44.991,53.002,98.003,1814.5
Karolain_9_puntos_intento_4.mp4,2175,18125.000,True,146.000,150.000,0.000,136.000,94.000,-0.055556,0.311111,-0.948748,45.085,53.266,97.112,1824.0
Karolain_9_puntos_intento_4.mp4,2176,18133.333,True,146.000,150.000,0.000,135.000,95.000,-0.061111,0.305556,-0.950211,46.233,53.278,94.976,1840.5
Karolain_9_puntos_intento_4.mp4,2177,18141.667,True,146.000,150.000,0.000,136.000,95.000,-0.055556,0.305556,-0.950552,46.226,52.629,98.991,1847.5
Karolain_9_puntos_intento_4.mp4,2178,18150.000,True,146.000,150.000,0.000,135.000,94.000,-0.061111,0.311111,-0.948407,45.146,53.803,94.211,1854.0
Karolain_9_puntos_intento_4.mp4,2179,18158.333,True,146.000,150.000,0.000,135.000,95.000,-0.061111,0.305556,-0.950211,46.641,53.344,96.522,1879.5
Karolain_9_puntos_intento_4.mp4,2180,18166.667,True,146.000,150.000,0.000,135.000,95.000,-0.061111,0.305556,-0.950211,46.221,53.442,95.438,1858.0
Karolain_9_puntos_intento_4.mp4,2181,18175.000,True,146.000,150.000,0.000,136.000,95.000,-0.055556,0.305556,-0.950552,46.272,52.978,97.604,1852.0
Karolain_9_puntos_intento_4.mp4,2182,18183.333,True,146.000,150.000,0.000,136.000,95.000,-0.055556,0.305556,-0.950552,46.736,53.446,99.218,1860.5
Karolain_9_puntos_intento_4.mp4,2183,18191.667,True,146.000,150.000,0.000,135.000,95.000,-0.061111,0.305556,-0.950211,45.789,53.489,94.148,1876.5
Karolain_9_puntos_intento_4.mp4,2184,18200.000,True,146.000,150.000,0.000,136.000,94.000,-0.055556,0.311111,-0.948748,45.774,53.394,89.875,1851.5
Karolain_9_puntos_intento_4.mp4,2185,18208.333,True,146.000,150.000,0.000,136.000,94.000,-0.055556,0.311111,-0.948748,45.516,53.976,96.842,1880.5
Karolain_9_puntos_intento_4.mp4,2186,18216.667,True,146.000,150.000,0.000,136.000,95.000,-0.055556,0.305556,-0.950552,47.252,53.467,99.463,1884.0
Karolain_9_puntos_intento_4.mp4,2187,18225.000,True,146.000,150.000,0.000,136.000,95.000,-0.055556,0.305556,-0.950552,46.511,53.774,97.783,1889.0
Karolain_9_puntos_intento_4.mp4,2188,18233.333,True,146.000,150.000,0.000,136.000,95.000,-0.055556,0.305556,-0.950552,46.862,53.301,96.367,1875.0
Karolain_9_puntos_intento_4.mp4,2189,18241.667,True,146.000,150.000,0.000,136.000,95.000,-0.055556,0.305556,-0.950552,46.507,53.425,97.668,1883.0
Karolain_9_puntos_intento_4.mp4,2190,18250.000,True,146.000,150.000,0.000,136.000,94.000,-0.055556,0.311111,-0.948748,46.220,53.252,94.464,1867.5
Karolain_9_puntos_intento_4.mp4,2191,18258.333,True,146.000,150.000,0.000,136.000,95.000,-0.055556,0.305556,-0.950552,45.826,53.570,98.433,1873.5
Karolain_9_puntos_intento_4.mp4,2192,18266.667,True,146.000,150.000,0.000,136.000,95.000,-0.055556,0.305556,-0.950552,47.518,53.145,98.824,1899.5
Karolain_9_puntos_intento_4.mp4,2193,18275.000,True,146.000,150.000,0.000,136.000,95.000,-0.055556,0.305556,-0.950552,46.312,53.845,97.355,1893.0
Karolain_9_puntos_intento_4.mp4,2194,18283.333,True,146.000,150.000,0.000,136.000,95.000,-0.055556,0.305556,-0.950552,46.119,53.761,98.804,1901.5
Karolain_9_puntos_intento_4.mp4,2195,18291.667,True,146.000,150.000,0.000,136.000,95.000,-0.055556,0.305556,-0.950552,46.369,54.191,97.284,1910.5
Karolain_9_puntos_intento_4.mp4,2196,18300.000,True,146.000,150.000,0.000,136.000,95.000,-0.055556,0.305556,-0.950552,46.908,53.416,97.791,1893.5
Karolain_9_puntos_intento_4.mp4,2197,18308.333,True,146.000,150.000,0.000,136.000,95.000,-0.055556,0.305556,-0.950552,46.466,54.309,96.599,1924.0
Karolain_9_puntos_intento_4.mp4,2198,18316.667,True,146.000,150.000,0.000,136.000,95.000,-0.055556,0.305556,-0.950552,46.701,54.639,95.218,1937.5
Karolain_9_puntos_intento_4.mp4,2199,18325.000,True,146.000,150.000,0.000,136.000,95.000,-0.055556,0.305556,-0.950552,46.633,54.483,98.238,1927.5
Karolain_9_puntos_intento_4.mp4,2200,18333.333,True,146.000,150.000,0.000,136.000,95.000,-0.055556,0.305556,-0.950552,46.282,54.403,96.269,1916.5
Karolain_9_puntos_intento_4.mp4,2201,18341.667,True,146.000,150.000,0.000,136.000,94.000,-0.055556,0.311111,-0.948748,46.205,54.306,100.653,1908.0
Karolain_9_puntos_intento_4.mp4,2202,18350.000,True,146.000,150.000,0.000,136.000,95.000,-0.055556,0.305556,-0.950552,46.712,54.309,98.259,1903.5
Karolain_9_puntos_intento_4.mp4,2203,18358.333,True,146.000,150.000,0.000,136.000,95.000,-0.055556,0.305556,-0.950552,46.786,54.211,97.210,1932.5
Karolain_9_puntos_intento_4.mp4,2204,18366.667,True,146.000,150.000,0.000,136.000,95.000,-0.055556,0.305556,-0.950552,46.011,54.243,97.464,1910.0
Karolain_9_puntos_intento_4.mp4,2205,18375.000,True,146.000,150.000,0.000,136.000,95.000,-0.055556,0.305556,-0.950552,46.716,54.031,96.692,1922.0
Karolain_9_puntos_intento_4.mp4,2206,18383.333,True,146.000,150.000,0.000,136.000,94.000,-0.055556,0.311111,-0.948748,45.554,54.288,96.586,1901.5
Karolain_9_puntos_intento_4.mp4,2207,18391.667,True,146.000,150.000,0.000,136.000,95.000,-0.055556,0.305556,-0.950552,46.623,54.196,96.979,1921.0
Karolain_9_puntos_intento_4.mp4,2208,18400.000,True,146.000,150.000,0.000,136.000,95.000,-0.055556,0.305556,-0.950552,46.253,54.683,97.174,1915.5
Karolain_9_puntos_intento_4.mp4,2209,18408.333,True,146.000,150.000,0.000,136.000,95.000,-0.055556,0.305556,-0.950552,46.398,54.193,95.983,1903.0
Karolain_9_puntos_intento_4.mp4,2210,18416.667,True,146.000,150.000,0.000,136.000,95.000,-0.055556,0.305556,-0.950552,47.134,54.266,95.890,1907.0
Karolain_9_puntos_intento_4.mp4,2211,18425.000,True,146.000,150.000,0.000,136.000,95.000,-0.055556,0.305556,-0.950552,46.658,53.660,98.579,1905.0
Karolain_9_puntos_intento_4.mp4,2212,18433.333,True,146.000,150.000,0.000,136.000,95.000,-0.055556,0.305556,-0.950552,46.455,54.161,98.801,1908.5
Karolain_9_puntos_intento_4.mp4,2213,18441.667,True,146.000,150.000,0.000,136.000,95.000,-0.055556,0.305556,-0.950552,46.830,54.131,94.389,1911.0
Karolain_9_puntos_intento_4.mp4,2214,18450.000,True,146.000,150.000,0.000,136.000,95.000,-0.055556,0.305556,-0.950552,46.404,54.436,96.664,1926.0
Karolain_9_puntos_intento_4.mp4,2215,18458.333,True,146.000,150.000,0.000,136.000,94.000,-0.055556,0.311111,-0.948748,46.203,54.685,98.640,1913.5
Karolain_9_puntos_intento_4.mp4,2216,18466.667,True,146.000,150.000,0.000,136.000,94.000,-0.055556,0.311111,-0.948748,46.277,54.398,94.146,1934.5
Karolain_9_puntos_intento_4.mp4,2217,18475.000,True,146.000,150.000,0.000,136.000,95.000,-0.055556,0.305556,-0.950552,46.083,54.767,95.653,1916.0
Karolain_9_puntos_intento_4.mp4,2218,18483.333,True,146.000,150.000,0.000,136.000,95.000,-0.055556,0.305556,-0.950552,47.167,54.406,98.451,1942.0
Karolain_9_puntos_intento_4.mp4,2219,18491.667,True,146.000,150.000,0.000,136.000,95.000,-0.055556,0.305556,-0.950552,46.917,54.590,98.207,1942.0
Karolain_9_puntos_intento_4.mp4,2220,18500.000,True,146.000,150.000,0.000,136.000,95.000,-0.055556,0.305556,-0.950552,46.629,54.178,95.754,1919.0
Karolain_9_puntos_intento_4.mp4,2221,18508.333,True,146.000,150.000,0.000,136.000,95.000,-0.055556,0.305556,-0.950552,47.320,54.630,97.468,1943.0
Karolain_9_puntos_intento_4.mp4,2222,18516.667,True,146.000,150.000,0.000,136.000,94.000,-0.055556,0.311111,-0.948748,45.761,54.769,96.734,1920.5
Karolain_9_puntos_intento_4.mp4,2223,18525.000,True,146.000,150.000,0.000,136.000,95.000,-0.055556,0.305556,-0.950552,46.712,54.560,93.725,1927.5
Karolain_9_puntos_intento_4.mp4,2224,18533.333,True,146.000,150.000,0.000,136.000,95.000,-0.055556,0.305556,-0.950552,46.600,54.863,101.043,1948.5
Karolain_9_puntos_intento_4.mp4,2225,18541.667,True,146.000,150.000,0.000,136.000,95.000,-0.055556,0.305556,-0.950552,46.503,54.971,100.293,1952.0
Karolain_9_puntos_intento_4.mp4,2226,18550.000,True,146.000,150.000,0.000,136.000,95.000,-0.055556,0.305556,-0.950552,47.179,54.785,98.867,1953.0
Karolain_9_puntos_intento_4.mp4,2227,18558.333,True,146.000,150.000,0.000,136.000,95.000,-0.055556,0.305556,-0.950552,47.509,54.898,101.529,1954.0
Karolain_9_puntos_intento_4.mp4,2228,18566.667,True,146.000,150.000,0.000,136.000,95.000,-0.055556,0.305556,-0.950552,46.352,55.202,100.483,1949.5
Karolain_9_puntos_intento_4.mp4,2229,18575.000,True,146.000,150.000,0.000,136.000,95.000,-0.055556,0.305556,-0.950552,46.651,54.298,99.190,1927.5
Karolain_9_puntos_intento_4.mp4,2230,18583.333,True,146.000,150.000,0.000,136.000,95.000,-0.055556,0.305556,-0.950552,46.330,54.943,98.116,1934.0
Karolain_9_puntos_intento_4.mp4,2231,18591.667,True,146.000,150.000,0.000,136.000,94.000,-0.055556,0.311111,-0.948748,46.194,55.024,100.966,1936.0
Karolain_9_puntos_intento_4.mp4,2232,18600.000,True,146.000,150.000,0.000,136.000,95.000,-0.055556,0.305556,-0.950552,46.630,54.463,97.331,1936.0
Karolain_9_puntos_intento_4.mp4,2233,18608.333,True,146.000,150.000,0.000,136.000,95.000,-0.055556,0.305556,-0.950552,47.317,55.005,99.331,1957.5
Karolain_9_puntos_intento_4.mp4,2234,18616.667,True,146.000,150.000,0.000,136.000,95.000,-0.055556,0.305556,-0.950552,46.831,55.679,100.379,1963.0
Karolain_9_puntos_intento_4.mp4,2235,18625.000,True,146.000,150.000,0.000,136.000,95.000,-0.055556,0.305556,-0.950552,47.222,55.023,97.402,1961.0
Karolain_9_puntos_intento_4.mp4,2236,18633.333,True,146.000,150.000,0.000,136.000,95.000,-0.055556,0.305556,-0.950552,47.036,55.482,97.587,1972.0
Karolain_9_puntos_intento_4.mp4,2237,18641.667,True,146.000,150.000,0.000,136.000,95.000,-0.055556,0.305556,-0.950552,46.924,54.902,96.782,1941.5
Karolain_9_puntos_intento_4.mp4,2238,18650.000,True,146.000,150.000,0.000,136.000,95.000,-0.055556,0.305556,-0.950552,47.470,54.642,100.080,1970.0
