,archivo,duracion_total_seg,conteo_fijaciones,conteo_sacadicos,frecuencia_fijaciones_hz,frecuencia_sacadicos_hz,duracion_media_fij_ms,duracion_media_sac_ms,amplitud_media_sac_deg,vel_media_fij_deg_s,vel_media_sac_deg_s,total_archivos_procesados
0,Victoria_intento_4_data,18.5,9.0,10.0,0.4864864864864865,0.5405405405405406,1844.4444444444443,93.33330000000005,7.455388369501354,3.243804668627015,83.14320039090843,
1,Victoria_intento_2_data,18.5,9.0,10.0,0.4864864864864865,0.5405405405405406,1837.037111111111,103.33330000000005,8.56429230826192,2.5117400452332324,84.10751987190254,
2,Victoria_intento_5_data,18.5,10.0,12.0,0.5405405405405406,0.6486486486486487,1606.6668999999997,102.77775000000001,7.156662487443909,3.004926454690278,69.97532955993621,
3,Victoria_intento_1_data,18.533333,9.0,10.0,0.48561151952538706,0.5395683550282079,1851.851777777778,100.0,9.459937047281905,3.5683551509001656,88.02136583781123,
4,Victoria_intento_3_data,18.466667,9.0,9.0,0.48736461214143295,0.48736461214143295,1844.4443333333338,103.70377777777766,7.618713543681995,3.2029472605780516,80.51658510760565,
PROMEDIO_GENERAL,,18.5,9.2,10.2,0.49729792903606673,0.5513325393798741,1796.888913333333,100.62962555555555,8.050998751234214,3.1063547160057485,81.15280015363281,5.0
