event_id,event_type,event_class,start_time_ms,end_time_ms,duration_ms,amplitude_deg,velocidad_promedio_deg_s
f_2,fijacion,fijacion_valida,500.0,2266.667,1766.667,0.0,4.237422345086507
f_3,fijacion,fijacion_valida,2466.667,4333.333,1866.6659999999997,0.0,2.7622073404661065
f_4,fijacion,fijacion_valida,4533.333,6500.0,1966.6670000000004,0.0,2.2163996873273386
f_5,fijacion,fijacion_valida,6666.667,8466.667,1799.999999999999,0.0,3.577833614992663
f_6,fijacion,fijacion_valida,8633.333,10466.667,1833.333999999999,0.0,1.4744073409439429
f_7,fijacion,fijacion_valida,10666.667,12600.0,1933.3330000000005,0.0,2.2846379640018935
f_8,fijacion,fijacion_valida,12766.667,14566.667,1800.0,0.0,2.0294416364917245
f_9,fijacion,fijacion_valida,14733.333,16600.0,1866.6669999999995,0.0,1.8832490355072473
f_10,fijacion,fijacion_valida,16800.0,18500.0,1700.0,0.0,2.1400614422816657
