event_id,event_type,event_class,start_time_ms,end_time_ms,duration_ms,amplitude_deg,velocidad_promedio_deg_s
s_56,sacadico,sacadico,2366.667,2466.667,100.0,5.125813459659406,58.04621556555151
s_117,sacadico,sacadico,4400.0,4500.0,100.0,6.713324381394282,61.373716729664345
s_180,sacadico,sacadico,6500.0,6600.0,100.0,14.952975944290989,133.80629629061818
s_241,sacadico,sacadico,8533.333,8633.333,100.0,6.172339840043241,61.877478180408005
s_302,sacadico,sacadico,10566.667,10666.667,100.0,6.986383033493853,62.0555225012647
s_366,sacadico,sacadico,12700.0,12800.0,100.0,14.340325957644579,142.85949096446328
s_424,sacadico,sacadico,14633.333,14733.333,100.0,8.947123048571402,80.29839311000526
s_485,sacadico,sacadico,16666.667,16766.667,100.0,6.761423157237215,61.85649432979149
