event_id,event_type,event_class,start_time_ms,end_time_ms,duration_ms,amplitude_deg,velocidad_promedio_deg_s
s_55,sacadico,sacadico,2333.333,2433.333,100.0,4.194529316357215,54.68716466088505
s_117,sacadico,sacadico,4400.0,4500.0,100.0,5.089835895250044,58.46574437885026
s_181,sacadico,sacadico,6533.333,6666.667,133.33400000000074,14.591148423634515,105.9911625016797
s_240,sacadico,sacadico,8500.0,8600.0,100.0,7.271370503679858,66.15844406468113
s_300,sacadico,sacadico,10500.0,10633.333,133.33300000000054,7.738197540958827,55.15323902515646
s_364,sacadico,sacadico,12633.333,12733.333,100.0,14.28776625265151,131.81411744802074
s_423,sacadico,sacadico,14600.0,14700.0,100.0,6.293809850244743,68.95677916966494
s_485,sacadico,sacadico,16666.667,16766.667,100.0,5.071686459670618,61.930879066015805
