event_id,event_type,event_class,start_time_ms,end_time_ms,duration_ms,amplitude_deg,velocidad_promedio_deg_s
s_55,sacadico,sacadico,2333.333,2433.333,100.0,4.8140186574040165,57.34587281942415
s_116,sacadico,sacadico,4366.667,4466.667,100.0,6.213002076041652,60.172718642863586
s_180,sacadico,sacadico,6500.0,6600.0,100.0,8.727399436179194,109.60976193297502
s_239,sacadico,sacadico,8466.667,8566.667,100.0,5.669682004218706,61.296993031376715
s_300,sacadico,sacadico,10500.0,10600.0,100.0,6.968291215515743,67.09350295428887
s_364,sacadico,sacadico,12633.333,12733.333,100.0,11.38792334729111,122.90673093230428
s_422,sacadico,sacadico,14566.667,14700.0,133.33300000000054,6.502619526215345,47.20255460533476
s_484,sacadico,sacadico,16633.333,16733.333,100.0,6.7621400552337425,66.12112590173268
