,archivo,duracion_total_seg,conteo_fijaciones,conteo_sacadicos,frecuencia_fijaciones_hz,frecuencia_sacadicos_hz,duracion_media_fij_ms,duracion_media_sac_ms,amplitud_media_sac_deg,vel_media_fij_deg_s,vel_media_sac_deg_s,total_archivos_procesados
0,Victor_intento_4_ROI_640x480_data,15.6,11.0,12.0,0.7051282051282052,0.7692307692307693,1181.8181818181818,99.99999999999993,12.911752511238701,5.748690926111662,61.3716155450601,
1,Victor_intento_3_ROI_640x480_data,16.533333,12.0,12.0,0.7258064662460981,0.7258064662460981,1169.4444999999998,108.33341666666657,15.10209621187112,4.436435533717612,78.28809765196976,
2,Victor_intento_2_ROI_640x480_data,17.233333,11.0,10.0,0.638297884686613,0.5802708042605572,1384.8486363636362,100.0,9.87543044651579,4.629631992332237,100.01367481198763,
3,Victor_intento_5_ROI_640x480_data,13.6,11.0,12.0,0.8088235294117647,0.8823529411764706,1027.272727272727,86.11108333333327,11.577939592444244,4.599695716230945,56.41363933359681,
4,Victor_intento_1_ROI_640x480_data,17.4,13.0,12.0,0.7471264367816093,0.6896551724137931,1117.9486923076925,97.22208333333349,20.056438042555452,5.629057702894436,60.09427869277167,
PROMEDIO_GENERAL,,16.0733332,11.6,11.6,0.7250365044508581,0.7294632306655376,1176.2665475524475,98.33331666666666,13.90473136092506,5.0087023742573775,71.2362612070772,5.0
