video_name,frame_number,timestamp_ms,valid_deteccion,sphere_center_x,sphere_center_y,sphere_center_z,pupil_center_x,pupil_center_y,gaze_x,gaze_y,gaze_z,ellipse_width,ellipse_height,ellipse_angle,contour_area
VictoriaRoso_9_puntos_intento_3.mp4,1,8.333,True,150.000,170.000,0.000,212.000,92.000,0.344444,0.433333,-0.832815,56.260,68.667,141.719,2946.5
VictoriaRoso_9_puntos_intento_3.mp4,2,16.667,True,150.000,170.000,0.000,212.000,92.000,0.344444,0.433333,-0.832815,56.515,67.918,141.855,2960.5
VictoriaRoso_9_puntos_intento_3.mp4,3,25.000,True,150.000,170.000,0.000,212.000,92.000,0.344444,0.433333,-0.832815,56.311,69.356,140.342,2957.5
VictoriaRoso_9_puntos_intento_3.mp4,4,33.333,True,150.000,170.000,0.000,212.000,92.000,0.344444,0.433333,-0.832815,56.507,69.749,138.797,2984.5
VictoriaRoso_9_puntos_intento_3.mp4,5,41.667,True,150.000,170.000,0.000,212.000,92.000,0.344444,0.433333,-0.832815,56.685,68.378,142.257,2967.5
VictoriaRoso_9_puntos_intento_3.mp4,6,50.000,True,150.000,170.000,0.000,212.000,92.000,0.344444,0.433333,-0.832815,57.266,69.280,143.818,3037.5
VictoriaRoso_9_puntos_intento_3.mp4,7,58.333,True,150.000,170.000,0.000,211.000,92.000,0.338889,0.433333,-0.835091,57.125,70.449,141.355,3102.5
VictoriaRoso_9_puntos_intento_3.mp4,8,66.667,True,150.000,170.000,0.000,210.000,92.000,0.333333,0.433333,-0.837324,57.530,71.268,141.345,3199.0
VictoriaRoso_9_puntos_intento_3.mp4,9,75.000,True,150.000,170.000,0.000,209.000,93.000,0.327778,0.427778,-0.842359,58.979,67.034,131.579,3060.5
VictoriaRoso_9_puntos_intento_3.mp4,10,83.333,False,150.000,170.000,0.000,211.000,97.000,0.338889,0.405556,-0.848928,50.455,63.667,75.806,2343.5
VictoriaRoso_9_puntos_intento_3.mp4,11,91.667,False,150.000,170.000,0.000,214.000,101.000,0.355556,0.383333,-0.852429,36.355,60.903,71.081,1576.0
VictoriaRoso_9_puntos_intento_3.mp4,12,100.000,False,150.000,170.000,0.000,216.000,105.000,0.366667,0.361111,-0.857411,25.650,54.000,68.652,1008.5
VictoriaRoso_9_puntos_intento_3.mp4,13,108.333,False,150.000,170.000,,,,,,,,,,
VictoriaRoso_9_puntos_intento_3.mp4,14,116.667,False,150.000,170.000,,,,,,,,,,
VictoriaRoso_9_puntos_intento_3.mp4,15,125.000,False,150.000,170.000,,,,,,,,,,
VictoriaRoso_9_puntos_intento_3.mp4,16,133.333,False,150.000,170.000,,,,,,,,,,
VictoriaRoso_9_puntos_intento_3.mp4,17,141.667,False,150.000,170.000,,,,,,,,,,
VictoriaRoso_9_puntos_intento_3.mp4,18,150.000,False,150.000,170.000,,,,,,,,,,
VictoriaRoso_9_puntos_intento_3.mp4,19,158.333,False,150.000,170.000,,,,,,,,,,
VictoriaRoso_9_puntos_intento_3.mp4,20,166.667,False,150.000,170.000,,,,,,,,,,
VictoriaRoso_9_puntos_intento_3.mp4,21,175.000,False,150.000,170.000,0.000,218.000,96.000,0.377778,0.411111,-0.829621,42.495,61.658,74.394,1852.5
VictoriaRoso_9_puntos_intento_3.mp4,22,183.333,False,150.000,170.000,0.000,217.000,94.000,0.372222,0.422222,-0.826546,47.860,63.881,81.960,2122.5
VictoriaRoso_9_puntos_intento_3.mp4,23,191.667,False,150.000,170.000,0.000,216.000,92.000,0.366667,0.433333,-0.823273,50.044,63.549,86.243,2310.0
VictoriaRoso_9_puntos_intento_3.mp4,24,200.000,True,150.000,170.000,0.000,216.000,91.000,0.366667,0.438889,-0.820324,53.986,63.724,91.862,2478.5
VictoriaRoso_9_puntos_intento_3.mp4,25,208.333,True,150.000,170.000,0.000,216.000,90.000,0.366667,0.444444,-0.817328,56.548,62.276,105.203,2611.0
VictoriaRoso_9_puntos_intento_3.mp4,26,216.667,True,150.000,170.000,0.000,216.000,89.000,0.366667,0.450000,-0.814282,57.587,63.794,128.691,2771.0
VictoriaRoso_9_puntos_intento_3.mp4,27,225.000,True,150.000,170.000,0.000,215.000,88.000,0.361111,0.455556,-0.813676,56.630,65.263,131.713,2825.5
VictoriaRoso_9_puntos_intento_3.mp4,28,233.333,True,150.000,170.000,0.000,215.000,88.000,0.361111,0.455556,-0.813676,56.738,67.398,140.656,2930.0
VictoriaRoso_9_puntos_intento_3.mp4,29,241.667,True,150.000,170.000,0.000,215.000,87.000,0.361111,0.461111,-0.810540,55.838,69.743,140.999,2985.0
VictoriaRoso_9_puntos_intento_3.mp4,30,250.000,True,150.000,170.000,0.000,214.000,87.000,0.355556,0.461111,-0.812992,54.905,71.408,143.722,3020.0
VictoriaRoso_9_puntos_intento_3.mp4,31,258.333,True,150.000,170.000,0.000,214.000,87.000,0.355556,0.461111,-0.812992,55.188,71.470,141.798,3040.5
VictoriaRoso_9_puntos_intento_3.mp4,32,266.667,True,150.000,170.000,0.000,214.000,87.000,0.355556,0.461111,-0.812992,54.801,72.317,141.935,3058.0
VictoriaRoso_9_puntos_intento_3.mp4,33,275.000,True,150.000,170.000,0.000,214.000,87.000,0.355556,0.461111,-0.812992,54.260,71.772,142.887,3005.0
VictoriaRoso_9_puntos_intento_3.mp4,34,283.333,True,150.000,170.000,0.000,215.000,87.000,0.361111,0.461111,-0.810540,54.267,71.342,143.096,2981.0
VictoriaRoso_9_puntos_intento_3.mp4,35,291.667,True,150.000,170.000,0.000,215.000,87.000,0.361111,0.461111,-0.810540,54.374,70.725,143.168,2942.0
VictoriaRoso_9_puntos_intento_3.mp4,36,300.000,True,150.000,170.000,0.000,215.000,87.000,0.361111,0.461111,-0.810540,54.474,70.483,143.284,2948.0
VictoriaRoso_9_puntos_intento_3.mp4,37,308.333,True,150.000,170.000,0.000,215.000,88.000,0.361111,0.455556,-0.813676,54.525,69.162,142.567,2893.0
VictoriaRoso_9_puntos_intento_3.mp4,38,316.667,True,150.000,170.000,0.000,215.000,88.000,0.361111,0.455556,-0.813676,54.317,69.749,142.215,2899.5
VictoriaRoso_9_puntos_intento_3.mp4,39,325.000,True,150.000,170.000,0.000,215.000,88.000,0.361111,0.455556,-0.813676,54.230,68.896,143.553,2864.5
VictoriaRoso_9_puntos_intento_3.mp4,40,333.333,True,150.000,170.000,0.000,215.000,88.000,0.361111,0.455556,-0.813676,54.204,69.306,143.184,2876.5
VictoriaRoso_9_puntos_intento_3.mp4,41,341.667,True,150.000,170.000,0.000,215.000,88.000,0.361111,0.455556,-0.813676,53.916,69.422,142.215,2858.0
VictoriaRoso_9_puntos_intento_3.mp4,42,350.000,True,150.000,170.000,0.000,215.000,88.000,0.361111,0.455556,-0.813676,53.977,69.932,143.241,2871.5
VictoriaRoso_9_puntos_intento_3.mp4,43,358.333,True,150.000,170.000,0.000,215.000,88.000,0.361111,0.455556,-0.813676,53.831,69.840,141.736,2873.5
VictoriaRoso_9_puntos_intento_3.mp4,44,366.667,True,150.000,170.000,0.000,215.000,88.000,0.361111,0.455556,-0.813676,53.715,69.521,142.593,2835.0
VictoriaRoso_9_puntos_intento_3.mp4,45,375.000,True,150.000,170.000,0.000,215.000,88.000,0.361111,0.455556,-0.813676,53.669,69.457,143.804,2826.0
VictoriaRoso_9_puntos_intento_3.mp4,46,383.333,True,150.000,170.000,0.000,216.000,88.000,0.366667,0.455556,-0.811187,53.656,68.857,144.313,2826.5
VictoriaRoso_9_puntos_intento_3.mp4,47,391.667,True,150.000,170.000,0.000,215.000,88.000,0.361111,0.455556,-0.813676,53.656,68.931,143.825,2823.5
VictoriaRoso_9_puntos_intento_3.mp4,48,400.000,True,150.000,170.000,0.000,215.000,88.000,0.361111,0.455556,-0.813676,53.709,69.035,143.813,2835.0
VictoriaRoso_9_puntos_intento_3.mp4,49,408.333,True,150.000,170.000,0.000,216.000,87.000,0.366667,0.461111,-0.808042,53.265,68.899,139.870,2785.0
VictoriaRoso_9_puntos_intento_3.mp4,50,416.667,True,150.000,170.000,0.000,220.000,84.000,0.388889,0.477778,-0.787714,50.918,68.128,142.419,2629.0
VictoriaRoso_9_puntos_intento_3.mp4,51,425.000,True,150.000,170.000,0.000,224.000,79.000,0.411111,0.505556,-0.758552,46.736,68.192,138.541,2375.0
VictoriaRoso_9_puntos_intento_3.mp4,52,433.333,True,150.000,170.000,0.000,230.000,74.000,0.444444,0.533333,-0.719739,41.352,66.852,137.472,2058.0
VictoriaRoso_9_puntos_intento_3.mp4,53,441.667,True,150.000,170.000,0.000,235.000,71.000,0.472222,0.550000,-0.688844,36.906,66.305,137.661,1819.0
VictoriaRoso_9_puntos_intento_3.mp4,54,450.000,True,150.000,170.000,0.000,240.000,69.000,0.500000,0.561111,-0.659662,34.913,65.248,137.322,1679.5
VictoriaRoso_9_puntos_intento_3.mp4,55,458.333,True,150.000,170.000,0.000,242.000,70.000,0.511111,0.555556,-0.655838,33.668,63.725,139.479,1566.5
VictoriaRoso_9_puntos_intento_3.mp4,56,466.667,True,150.000,170.000,0.000,241.000,70.000,0.505556,0.555556,-0.660130,35.193,64.740,137.238,1666.5
VictoriaRoso_9_puntos_intento_3.mp4,57,475.000,True,150.000,170.000,0.000,242.000,70.000,0.511111,0.555556,-0.655838,35.406,64.513,138.527,1652.5
VictoriaRoso_9_puntos_intento_3.mp4,58,483.333,True,150.000,170.000,0.000,242.000,70.000,0.511111,0.555556,-0.655838,35.295,64.191,138.591,1620.5
VictoriaRoso_9_puntos_intento_3.mp4,59,491.667,True,150.000,170.000,0.000,242.000,70.000,0.511111,0.555556,-0.655838,33.727,64.274,139.346,1562.5
VictoriaRoso_9_puntos_intento_3.mp4,60,500.000,True,150.000,170.000,0.000,242.000,70.000,0.511111,0.555556,-0.655838,34.104,66.131,139.978,1545.5
VictoriaRoso_9_puntos_intento_3.mp4,61,508.333,True,150.000,170.000,0.000,243.000,71.000,0.516667,0.550000,-0.656167,33.794,66.040,139.912,1549.0
VictoriaRoso_9_puntos_intento_3.mp4,62,516.667,True,150.000,170.000,0.000,242.000,69.000,0.511111,0.561111,-0.651091,33.736,64.245,141.864,1511.0
VictoriaRoso_9_puntos_intento_3.mp4,63,525.000,True,150.000,170.000,0.000,242.000,70.000,0.511111,0.555556,-0.655838,33.611,64.926,141.530,1519.0
VictoriaRoso_9_puntos_intento_3.mp4,64,533.333,True,150.000,170.000,0.000,242.000,71.000,0.511111,0.550000,-0.660504,32.393,64.985,138.966,1488.0
VictoriaRoso_9_puntos_intento_3.mp4,65,541.667,True,150.000,170.000,0.000,242.000,70.000,0.511111,0.555556,-0.655838,32.048,65.230,137.734,1441.0
VictoriaRoso_9_puntos_intento_3.mp4,66,550.000,True,150.000,170.000,0.000,242.000,70.000,0.511111,0.555556,-0.655838,32.056,63.883,139.437,1426.0
VictoriaRoso_9_puntos_intento_3.mp4,67,558.333,True,150.000,170.000,0.000,242.000,71.000,0.511111,0.550000,-0.660504,31.705,63.599,138.993,1419.5
VictoriaRoso_9_puntos_intento_3.mp4,68,566.667,True,150.000,170.000,0.000,242.000,70.000,0.511111,0.555556,-0.655838,32.179,64.723,137.996,1468.0
VictoriaRoso_9_puntos_intento_3.mp4,69,575.000,True,150.000,170.000,0.000,242.000,70.000,0.511111,0.555556,-0.655838,32.186,65.017,137.496,1478.5
VictoriaRoso_9_puntos_intento_3.mp4,70,583.333,True,150.000,170.000,0.000,243.000,70.000,0.516667,0.555556,-0.651470,32.701,64.592,139.185,1484.0
VictoriaRoso_9_puntos_intento_3.mp4,71,591.667,True,150.000,170.000,0.000,242.000,71.000,0.511111,0.550000,-0.660504,32.319,64.520,138.373,1460.0
VictoriaRoso_9_puntos_intento_3.mp4,72,600.000,True,150.000,170.000,0.000,242.000,70.000,0.511111,0.555556,-0.655838,31.964,63.570,139.950,1443.5
VictoriaRoso_9_puntos_intento_3.mp4,73,608.333,True,150.000,170.000,0.000,243.000,71.000,0.516667,0.550000,-0.656167,32.784,63.805,135.376,1443.0
VictoriaRoso_9_puntos_intento_3.mp4,74,616.667,True,150.000,170.000,0.000,243.000,70.000,0.516667,0.555556,-0.651470,32.833,63.153,139.569,1432.0
VictoriaRoso_9_puntos_intento_3.mp4,75,625.000,True,150.000,170.000,0.000,243.000,70.000,0.516667,0.555556,-0.651470,32.707,63.421,140.109,1445.5
VictoriaRoso_9_puntos_intento_3.mp4,76,633.333,True,150.000,170.000,0.000,243.000,70.000,0.516667,0.555556,-0.651470,32.500,63.364,137.572,1430.0
VictoriaRoso_9_puntos_intento_3.mp4,77,641.667,True,150.000,170.000,0.000,243.000,70.000,0.516667,0.555556,-0.651470,31.778,63.772,136.519,1410.0
VictoriaRoso_9_puntos_intento_3.mp4,78,650.000,True,150.000,170.000,0.000,242.000,70.000,0.511111,0.555556,-0.655838,31.757,63.702,135.881,1384.0
VictoriaRoso_9_puntos_intento_3.mp4,79,658.333,True,150.000,170.000,0.000,242.000,70.000,0.511111,0.555556,-0.655838,31.639,63.403,136.604,1384.0
VictoriaRoso_9_puntos_intento_3.mp4,80,666.667,True,150.000,170.000,0.000,242.000,70.000,0.511111,0.555556,-0.655838,31.176,63.662,137.475,1396.5
VictoriaRoso_9_puntos_intento_3.mp4,81,675.000,True,150.000,170.000,0.000,242.000,71.000,0.511111,0.550000,-0.660504,31.178,63.432,136.402,1398.5
VictoriaRoso_9_puntos_intento_3.mp4,82,683.333,True,150.000,170.000,0.000,243.000,70.000,0.516667,0.555556,-0.651470,32.126,63.729,137.481,1408.5
VictoriaRoso_9_puntos_intento_3.mp4,83,691.667,True,150.000,170.000,0.000,243.000,71.000,0.516667,0.550000,-0.656167,31.801,64.725,136.576,1419.0
VictoriaRoso_9_puntos_intento_3.mp4,84,700.000,True,150.000,170.000,0.000,242.000,70.000,0.511111,0.555556,-0.655838,32.107,65.299,139.074,1420.0
VictoriaRoso_9_puntos_intento_3.mp4,85,708.333,True,150.000,170.000,0.000,243.000,70.000,0.516667,0.555556,-0.651470,32.950,62.493,137.207,1425.5
VictoriaRoso_9_puntos_intento_3.mp4,86,716.667,True,150.000,170.000,0.000,242.000,70.000,0.511111,0.555556,-0.655838,33.041,62.910,140.642,1436.0
VictoriaRoso_9_puntos_intento_3.mp4,87,725.000,True,150.000,170.000,0.000,242.000,70.000,0.511111,0.555556,-0.655838,32.845,63.378,140.014,1438.5
VictoriaRoso_9_puntos_intento_3.mp4,88,733.333,True,150.000,170.000,0.000,242.000,71.000,0.511111,0.550000,-0.660504,32.079,65.805,139.908,1428.0
VictoriaRoso_9_puntos_intento_3.mp4,89,741.667,True,150.000,170.000,0.000,243.000,71.000,0.516667,0.550000,-0.656167,31.895,64.337,140.583,1397.0
VictoriaRoso_9_puntos_intento_3.mp4,90,750.000,True,150.000,170.000,0.000,243.000,71.000,0.516667,0.550000,-0.656167,31.713,64.261,140.281,1398.5
VictoriaRoso_9_puntos_intento_3.mp4,91,758.333,True,150.000,170.000,0.000,242.000,71.000,0.511111,0.550000,-0.660504,31.221,64.710,139.369,1398.0
VictoriaRoso_9_puntos_intento_3.mp4,92,766.667,True,150.000,170.000,0.000,242.000,70.000,0.511111,0.555556,-0.655838,31.090,64.362,138.058,1402.5
VictoriaRoso_9_puntos_intento_3.mp4,93,775.000,True,150.000,170.000,0.000,243.000,70.000,0.516667,0.555556,-0.651470,32.043,63.895,140.693,1404.5
VictoriaRoso_9_puntos_intento_3.mp4,94,783.333,True,150.000,170.000,0.000,242.000,70.000,0.511111,0.555556,-0.655838,32.090,64.031,137.505,1397.0
VictoriaRoso_9_puntos_intento_3.mp4,95,791.667,True,150.000,170.000,0.000,242.000,70.000,0.511111,0.555556,-0.655838,31.620,63.264,136.450,1380.0
VictoriaRoso_9_puntos_intento_3.mp4,96,800.000,True,150.000,170.000,0.000,242.000,70.000,0.511111,0.555556,-0.655838,31.688,62.751,136.588,1364.5
VictoriaRoso_9_puntos_intento_3.mp4,97,808.333,True,150.000,170.000,0.000,242.000,70.000,0.511111,0.555556,-0.655838,32.573,62.061,139.909,1365.0
VictoriaRoso_9_puntos_intento_3.mp4,98,816.667,True,150.000,170.000,0.000,242.000,69.000,0.511111,0.561111,-0.651091,31.866,63.226,139.329,1382.5
VictoriaRoso_9_puntos_intento_3.mp4,99,825.000,True,150.000,170.000,0.000,242.000,70.000,0.511111,0.555556,-0.655838,32.331,62.576,138.391,1386.0
VictoriaRoso_9_puntos_intento_3.mp4,100,833.333,True,150.000,170.000,0.000,243.000,71.000,0.516667,0.550000,-0.656167,31.784,64.090,140.572,1369.5
VictoriaRoso_9_puntos_intento_3.mp4,101,841.667,True,150.000,170.000,0.000,242.000,70.000,0.511111,0.555556,-0.655838,31.610,63.665,137.467,1379.5
VictoriaRoso_9_puntos_intento_3.mp4,102,850.000,True,150.000,170.000,0.000,243.000,70.000,0.516667,0.555556,-0.651470,32.033,63.971,140.654,1362.5
VictoriaRoso_9_puntos_intento_3.mp4,103,858.333,True,150.000,170.000,0.000,243.000,70.000,0.516667,0.555556,-0.651470,31.404,64.250,139.318,1370.5
VictoriaRoso_9_puntos_intento_3.mp4,104,866.667,True,147.000,166.000,0.000,243.000,70.000,0.533333,0.533333,-0.656591,32.094,63.479,139.919,1339.5
VictoriaRoso_9_puntos_intento_3.mp4,105,875.000,True,147.000,166.000,0.000,242.000,70.000,0.527778,0.533333,-0.661064,30.607,63.919,137.261,1310.5
VictoriaRoso_9_puntos_intento_3.mp4,106,883.333,True,147.000,166.000,0.000,242.000,70.000,0.527778,0.533333,-0.661064,30.867,63.511,135.567,1334.5
VictoriaRoso_9_puntos_intento_3.mp4,107,891.667,True,147.000,166.000,0.000,242.000,70.000,0.527778,0.533333,-0.661064,31.613,62.929,137.046,1339.5
VictoriaRoso_9_puntos_intento_3.mp4,108,900.000,True,147.000,166.000,0.000,243.000,71.000,0.533333,0.527778,-0.661064,31.048,61.434,138.114,1332.5
VictoriaRoso_9_puntos_intento_3.mp4,109,908.333,True,147.000,166.000,0.000,243.000,71.000,0.533333,0.527778,-0.661064,30.780,61.942,136.873,1291.5
VictoriaRoso_9_puntos_intento_3.mp4,110,916.667,True,147.000,166.000,0.000,242.000,70.000,0.527778,0.533333,-0.661064,30.859,61.362,136.056,1319.0
VictoriaRoso_9_puntos_intento_3.mp4,111,925.000,True,147.000,166.000,0.000,242.000,70.000,0.527778,0.533333,-0.661064,30.925,61.441,135.288,1303.5
VictoriaRoso_9_puntos_intento_3.mp4,112,933.333,True,147.000,166.000,0.000,242.000,70.000,0.527778,0.533333,-0.661064,30.696,61.652,135.327,1305.5
VictoriaRoso_9_puntos_intento_3.mp4,113,941.667,True,147.000,166.000,0.000,242.000,70.000,0.527778,0.533333,-0.661064,30.922,61.029,137.599,1287.0
VictoriaRoso_9_puntos_intento_3.mp4,114,950.000,True,147.000,166.000,0.000,243.000,70.000,0.533333,0.533333,-0.656591,30.631,61.254,136.926,1309.0
VictoriaRoso_9_puntos_intento_3.mp4,115,958.333,True,147.000,166.000,0.000,243.000,70.000,0.533333,0.533333,-0.656591,30.877,59.493,138.785,1283.0
VictoriaRoso_9_puntos_intento_3.mp4,116,966.667,True,147.000,166.000,0.000,243.000,70.000,0.533333,0.533333,-0.656591,30.525,59.095,137.699,1290.0
VictoriaRoso_9_puntos_intento_3.mp4,117,975.000,True,147.000,166.000,0.000,243.000,70.000,0.533333,0.533333,-0.656591,31.027,60.134,137.718,1291.0
VictoriaRoso_9_puntos_intento_3.mp4,118,983.333,True,147.000,166.000,0.000,243.000,70.000,0.533333,0.533333,-0.656591,31.390,58.573,137.943,1291.0
VictoriaRoso_9_puntos_intento_3.mp4,119,991.667,True,147.000,166.000,0.000,242.000,70.000,0.527778,0.533333,-0.661064,30.810,59.597,136.953,1266.5
VictoriaRoso_9_puntos_intento_3.mp4,120,1000.000,True,147.000,166.000,0.000,243.000,70.000,0.533333,0.533333,-0.656591,30.811,59.102,138.823,1273.0
VictoriaRoso_9_puntos_intento_3.mp4,121,1008.333,True,147.000,166.000,0.000,243.000,70.000,0.533333,0.533333,-0.656591,31.101,58.646,136.607,1254.0
VictoriaRoso_9_puntos_intento_3.mp4,122,1016.667,True,147.000,166.000,0.000,243.000,69.000,0.533333,0.538889,-0.652039,31.192,59.105,140.458,1276.0
VictoriaRoso_9_puntos_intento_3.mp4,123,1025.000,True,147.000,166.000,0.000,243.000,69.000,0.533333,0.538889,-0.652039,31.616,59.505,140.903,1250.0
VictoriaRoso_9_puntos_intento_3.mp4,124,1033.333,True,147.000,166.000,0.000,243.000,70.000,0.533333,0.533333,-0.656591,29.839,60.009,139.374,1239.0
VictoriaRoso_9_puntos_intento_3.mp4,125,1041.667,True,147.000,166.000,0.000,243.000,69.000,0.533333,0.538889,-0.652039,30.943,58.359,138.761,1247.5
VictoriaRoso_9_puntos_intento_3.mp4,126,1050.000,True,147.000,166.000,0.000,243.000,70.000,0.533333,0.533333,-0.656591,30.205,59.164,141.206,1231.0
VictoriaRoso_9_puntos_intento_3.mp4,127,1058.333,True,147.000,166.000,0.000,243.000,69.000,0.533333,0.538889,-0.652039,30.365,57.849,137.861,1237.5
VictoriaRoso_9_puntos_intento_3.mp4,128,1066.667,True,147.000,166.000,0.000,243.000,70.000,0.533333,0.533333,-0.656591,29.927,57.186,139.186,1211.5
VictoriaRoso_9_puntos_intento_3.mp4,129,1075.000,True,147.000,166.000,0.000,243.000,69.000,0.533333,0.538889,-0.652039,30.551,57.904,137.452,1228.0
VictoriaRoso_9_puntos_intento_3.mp4,130,1083.333,True,147.000,166.000,0.000,242.000,70.000,0.527778,0.533333,-0.661064,29.449,59.029,134.219,1222.0
VictoriaRoso_9_puntos_intento_3.mp4,131,1091.667,True,147.000,166.000,0.000,243.000,70.000,0.533333,0.533333,-0.656591,29.095,58.058,138.347,1203.0
VictoriaRoso_9_puntos_intento_3.mp4,132,1100.000,True,147.000,166.000,0.000,243.000,70.000,0.533333,0.533333,-0.656591,29.635,58.313,137.327,1220.0
VictoriaRoso_9_puntos_intento_3.mp4,133,1108.333,True,147.000,166.000,0.000,243.000,70.000,0.533333,0.533333,-0.656591,28.444,58.675,137.920,1201.5
VictoriaRoso_9_puntos_intento_3.mp4,134,1116.667,True,147.000,166.000,0.000,243.000,70.000,0.533333,0.533333,-0.656591,28.664,58.675,135.939,1204.5
VictoriaRoso_9_puntos_intento_3.mp4,135,1125.000,True,147.000,166.000,0.000,243.000,69.000,0.533333,0.538889,-0.652039,29.442,57.972,138.134,1210.5
VictoriaRoso_9_puntos_intento_3.mp4,136,1133.333,True,147.000,166.000,0.000,244.000,70.000,0.538889,0.533333,-0.652039,29.056,58.926,138.519,1212.5
VictoriaRoso_9_puntos_intento_3.mp4,137,1141.667,True,147.000,166.000,0.000,243.000,70.000,0.533333,0.533333,-0.656591,28.857,57.599,136.082,1190.5
VictoriaRoso_9_puntos_intento_3.mp4,138,1150.000,True,147.000,166.000,0.000,243.000,69.000,0.533333,0.538889,-0.652039,29.533,57.874,138.258,1208.0
VictoriaRoso_9_puntos_intento_3.mp4,139,1158.333,True,147.000,166.000,0.000,244.000,69.000,0.538889,0.538889,-0.647455,29.965,57.528,138.427,1209.5
VictoriaRoso_9_puntos_intento_3.mp4,140,1166.667,True,147.000,166.000,0.000,243.000,69.000,0.533333,0.538889,-0.652039,28.940,57.903,137.708,1188.5
VictoriaRoso_9_puntos_intento_3.mp4,141,1175.000,True,147.000,166.000,0.000,243.000,69.000,0.533333,0.538889,-0.652039,29.051,58.436,140.332,1196.0
VictoriaRoso_9_puntos_intento_3.mp4,142,1183.333,True,147.000,166.000,0.000,241.000,69.000,0.522222,0.538889,-0.660971,29.337,57.588,137.462,1187.5
VictoriaRoso_9_puntos_intento_3.mp4,143,1191.667,True,147.000,166.000,0.000,241.000,69.000,0.522222,0.538889,-0.660971,29.188,57.994,137.357,1199.0
VictoriaRoso_9_puntos_intento_3.mp4,144,1200.000,True,147.000,166.000,0.000,241.000,69.000,0.522222,0.538889,-0.660971,29.827,56.705,138.636,1205.5
VictoriaRoso_9_puntos_intento_3.mp4,145,1208.333,True,147.000,166.000,0.000,242.000,69.000,0.527778,0.538889,-0.656544,29.239,57.819,136.962,1195.0
VictoriaRoso_9_puntos_intento_3.mp4,146,1216.667,True,147.000,166.000,0.000,242.000,69.000,0.527778,0.538889,-0.656544,29.275,58.074,136.682,1195.5
VictoriaRoso_9_puntos_intento_3.mp4,147,1225.000,True,147.000,166.000,0.000,242.000,69.000,0.527778,0.538889,-0.656544,29.458,58.578,140.200,1180.0
VictoriaRoso_9_puntos_intento_3.mp4,148,1233.333,True,147.000,166.000,0.000,242.000,69.000,0.527778,0.538889,-0.656544,29.724,57.244,138.369,1199.0
VictoriaRoso_9_puntos_intento_3.mp4,149,1241.667,True,147.000,166.000,0.000,242.000,69.000,0.527778,0.538889,-0.656544,29.366,57.318,137.505,1196.0
VictoriaRoso_9_puntos_intento_3.mp4,150,1250.000,True,147.000,166.000,0.000,242.000,69.000,0.527778,0.538889,-0.656544,29.802,57.144,138.938,1190.0
VictoriaRoso_9_puntos_intento_3.mp4,151,1258.333,True,147.000,166.000,0.000,242.000,69.000,0.527778,0.538889,-0.656544,29.846,57.338,138.401,1194.5
VictoriaRoso_9_puntos_intento_3.mp4,152,1266.667,True,147.000,166.000,0.000,241.000,68.000,0.522222,0.544444,-0.656402,29.935,57.788,138.248,1206.0
VictoriaRoso_9_puntos_intento_3.mp4,153,1275.000,True,147.000,166.000,0.000,242.000,69.000,0.527778,0.538889,-0.656544,29.703,56.864,136.617,1204.5
VictoriaRoso_9_puntos_intento_3.mp4,154,1283.333,True,147.000,166.000,0.000,242.000,69.000,0.527778,0.538889,-0.656544,29.086,57.815,139.352,1184.0
VictoriaRoso_9_puntos_intento_3.mp4,155,1291.667,True,147.000,166.000,0.000,242.000,68.000,0.527778,0.544444,-0.651944,30.190,56.505,138.227,1195.5
VictoriaRoso_9_puntos_intento_3.mp4,156,1300.000,True,147.000,166.000,0.000,241.000,68.000,0.522222,0.544444,-0.656402,29.690,57.373,138.325,1185.0
VictoriaRoso_9_puntos_intento_3.mp4,157,1308.333,True,147.000,166.000,0.000,242.000,68.000,0.527778,0.544444,-0.651944,30.100,56.906,139.811,1192.5
VictoriaRoso_9_puntos_intento_3.mp4,158,1316.667,True,147.000,166.000,0.000,242.000,69.000,0.527778,0.538889,-0.656544,29.618,57.012,138.948,1187.5
VictoriaRoso_9_puntos_intento_3.mp4,159,1325.000,True,147.000,166.000,0.000,242.000,69.000,0.527778,0.538889,-0.656544,29.999,57.917,139.243,1204.0
VictoriaRoso_9_puntos_intento_3.mp4,160,1333.333,True,147.000,166.000,0.000,242.000,68.000,0.527778,0.544444,-0.651944,29.871,57.404,138.510,1191.5
VictoriaRoso_9_puntos_intento_3.mp4,161,1341.667,True,147.000,166.000,0.000,241.000,69.000,0.522222,0.538889,-0.660971,29.963,56.430,137.237,1183.5
VictoriaRoso_9_puntos_intento_3.mp4,162,1350.000,True,147.000,166.000,0.000,241.000,69.000,0.522222,0.538889,-0.660971,30.137,57.597,138.174,1204.5
VictoriaRoso_9_puntos_intento_3.mp4,163,1358.333,True,147.000,166.000,0.000,242.000,69.000,0.527778,0.538889,-0.656544,29.361,56.427,139.585,1186.0
VictoriaRoso_9_puntos_intento_3.mp4,164,1366.667,True,147.000,166.000,0.000,241.000,68.000,0.522222,0.544444,-0.656402,29.626,57.241,138.485,1193.0
VictoriaRoso_9_puntos_intento_3.mp4,165,1375.000,True,147.000,166.000,0.000,242.000,68.000,0.527778,0.544444,-0.651944,29.869,56.564,140.869,1188.5
VictoriaRoso_9_puntos_intento_3.mp4,166,1383.333,True,147.000,166.000,0.000,242.000,69.000,0.527778,0.538889,-0.656544,29.996,57.619,141.447,1191.0
VictoriaRoso_9_puntos_intento_3.mp4,167,1391.667,True,147.000,166.000,0.000,242.000,69.000,0.527778,0.538889,-0.656544,29.675,57.991,138.475,1194.5
VictoriaRoso_9_puntos_intento_3.mp4,168,1400.000,True,147.000,166.000,0.000,242.000,69.000,0.527778,0.538889,-0.656544,29.739,57.702,139.887,1203.0
VictoriaRoso_9_puntos_intento_3.mp4,169,1408.333,True,147.000,166.000,0.000,242.000,68.000,0.527778,0.544444,-0.651944,30.293,57.618,140.690,1209.5
VictoriaRoso_9_puntos_intento_3.mp4,170,1416.667,True,147.000,166.000,0.000,242.000,69.000,0.527778,0.538889,-0.656544,29.924,56.372,136.662,1224.0
VictoriaRoso_9_puntos_intento_3.mp4,171,1425.000,True,147.000,166.000,0.000,242.000,69.000,0.527778,0.538889,-0.656544,29.931,56.143,138.289,1200.0
VictoriaRoso_9_puntos_intento_3.mp4,172,1433.333,True,147.000,166.000,0.000,241.000,69.000,0.522222,0.538889,-0.660971,29.618,57.499,137.353,1194.5
VictoriaRoso_9_puntos_intento_3.mp4,173,1441.667,True,147.000,166.000,0.000,241.000,69.000,0.522222,0.538889,-0.660971,29.915,58.112,135.683,1205.5
VictoriaRoso_9_puntos_intento_3.mp4,174,1450.000,True,147.000,166.000,0.000,241.000,68.000,0.522222,0.544444,-0.656402,29.999,58.045,136.215,1206.0
VictoriaRoso_9_puntos_intento_3.mp4,175,1458.333,True,147.000,166.000,0.000,241.000,69.000,0.522222,0.538889,-0.660971,29.197,57.523,139.029,1209.0
VictoriaRoso_9_puntos_intento_3.mp4,176,1466.667,True,147.000,166.000,0.000,241.000,69.000,0.522222,0.538889,-0.660971,29.882,58.540,140.501,1234.0
VictoriaRoso_9_puntos_intento_3.mp4,177,1475.000,True,147.000,166.000,0.000,241.000,68.000,0.522222,0.544444,-0.656402,30.131,57.066,140.334,1224.0
VictoriaRoso_9_puntos_intento_3.mp4,178,1483.333,True,147.000,166.000,0.000,241.000,69.000,0.522222,0.538889,-0.660971,29.643,58.127,139.165,1232.5
VictoriaRoso_9_puntos_intento_3.mp4,179,1491.667,True,147.000,166.000,0.000,241.000,69.000,0.522222,0.538889,-0.660971,29.812,58.311,139.855,1213.0
VictoriaRoso_9_puntos_intento_3.mp4,180,1500.000,True,147.000,166.000,0.000,241.000,69.000,0.522222,0.538889,-0.660971,30.236,57.929,139.565,1227.0
VictoriaRoso_9_puntos_intento_3.mp4,181,1508.333,True,147.000,166.000,0.000,241.000,68.000,0.522222,0.544444,-0.656402,30.940,57.895,141.018,1221.5
VictoriaRoso_9_puntos_intento_3.mp4,182,1516.667,True,147.000,166.000,0.000,241.000,69.000,0.522222,0.538889,-0.660971,30.265,58.597,139.185,1229.5
VictoriaRoso_9_puntos_intento_3.mp4,183,1525.000,True,147.000,166.000,0.000,242.000,68.000,0.527778,0.544444,-0.651944,30.695,58.010,141.242,1227.0
VictoriaRoso_9_puntos_intento_3.mp4,184,1533.333,True,147.000,166.000,0.000,241.000,69.000,0.522222,0.538889,-0.660971,30.353,58.848,139.787,1229.5
VictoriaRoso_9_puntos_intento_3.mp4,185,1541.667,True,147.000,166.000,0.000,241.000,68.000,0.522222,0.544444,-0.656402,30.675,58.017,140.437,1224.5
VictoriaRoso_9_puntos_intento_3.mp4,186,1550.000,True,147.000,166.000,0.000,241.000,68.000,0.522222,0.544444,-0.656402,30.961,58.521,139.028,1233.0
VictoriaRoso_9_puntos_intento_3.mp4,187,1558.333,True,147.000,166.000,0.000,241.000,69.000,0.522222,0.538889,-0.660971,29.823,57.333,139.913,1221.0
VictoriaRoso_9_puntos_intento_3.mp4,188,1566.667,True,147.000,166.000,0.000,241.000,69.000,0.522222,0.538889,-0.660971,29.987,57.654,137.375,1236.0
VictoriaRoso_9_puntos_intento_3.mp4,189,1575.000,True,147.000,166.000,0.000,241.000,68.000,0.522222,0.544444,-0.656402,30.126,58.134,139.609,1231.0
VictoriaRoso_9_puntos_intento_3.mp4,190,1583.333,True,147.000,166.000,0.000,241.000,69.000,0.522222,0.538889,-0.660971,30.131,57.703,139.668,1236.0
VictoriaRoso_9_puntos_intento_3.mp4,191,1591.667,True,147.000,166.000,0.000,241.000,69.000,0.522222,0.538889,-0.660971,29.713,58.283,134.900,1248.5
VictoriaRoso_9_puntos_intento_3.mp4,192,1600.000,True,147.000,166.000,0.000,241.000,69.000,0.522222,0.538889,-0.660971,29.609,59.110,137.592,1255.5
VictoriaRoso_9_puntos_intento_3.mp4,193,1608.333,True,147.000,166.000,0.000,241.000,69.000,0.522222,0.538889,-0.660971,30.996,59.089,136.250,1248.0
VictoriaRoso_9_puntos_intento_3.mp4,194,1616.667,True,147.000,166.000,0.000,241.000,69.000,0.522222,0.538889,-0.660971,30.360,57.784,137.280,1246.0
VictoriaRoso_9_puntos_intento_3.mp4,195,1625.000,True,147.000,166.000,0.000,242.000,69.000,0.527778,0.538889,-0.656544,30.830,59.134,137.815,1257.5
VictoriaRoso_9_puntos_intento_3.mp4,196,1633.333,True,147.000,166.000,0.000,241.000,69.000,0.522222,0.538889,-0.660971,30.143,59.276,137.166,1241.5
VictoriaRoso_9_puntos_intento_3.mp4,197,1641.667,True,147.000,166.000,0.000,242.000,70.000,0.527778,0.533333,-0.661064,30.219,59.376,139.166,1248.0
VictoriaRoso_9_puntos_intento_3.mp4,198,1650.000,True,147.000,166.000,0.000,242.000,69.000,0.527778,0.538889,-0.656544,30.698,58.076,139.664,1254.0
VictoriaRoso_9_puntos_intento_3.mp4,199,1658.333,True,147.000,166.000,0.000,242.000,69.000,0.527778,0.538889,-0.656544,30.925,57.321,137.220,1286.0
VictoriaRoso_9_puntos_intento_3.mp4,200,1666.667,True,147.000,166.000,0.000,242.000,69.000,0.527778,0.538889,-0.656544,31.049,56.847,139.629,1263.5
VictoriaRoso_9_puntos_intento_3.mp4,201,1675.000,True,147.000,166.000,0.000,241.000,69.000,0.522222,0.538889,-0.660971,30.549,58.196,138.280,1268.0
VictoriaRoso_9_puntos_intento_3.mp4,202,1683.333,True,147.000,166.000,0.000,242.000,68.000,0.527778,0.544444,-0.651944,31.422,58.067,140.153,1264.5
VictoriaRoso_9_puntos_intento_3.mp4,203,1691.667,True,147.000,166.000,0.000,242.000,69.000,0.527778,0.538889,-0.656544,31.120,58.278,138.420,1262.5
VictoriaRoso_9_puntos_intento_3.mp4,204,1700.000,True,147.000,166.000,0.000,241.000,69.000,0.522222,0.538889,-0.660971,30.701,59.785,137.960,1268.5
VictoriaRoso_9_puntos_intento_3.mp4,205,1708.333,True,147.000,166.000,0.000,241.000,68.000,0.522222,0.544444,-0.656402,31.487,57.934,136.839,1258.5
VictoriaRoso_9_puntos_intento_3.mp4,206,1716.667,True,147.000,166.000,0.000,241.000,68.000,0.522222,0.544444,-0.656402,31.005,58.585,136.873,1271.0
VictoriaRoso_9_puntos_intento_3.mp4,207,1725.000,True,147.000,166.000,0.000,241.000,69.000,0.522222,0.538889,-0.660971,31.201,57.674,136.573,1265.5
VictoriaRoso_9_puntos_intento_3.mp4,208,1733.333,True,147.000,166.000,0.000,241.000,68.000,0.522222,0.544444,-0.656402,32.171,57.868,139.315,1272.0
VictoriaRoso_9_puntos_intento_3.mp4,209,1741.667,True,147.000,166.000,0.000,241.000,68.000,0.522222,0.544444,-0.656402,30.944,59.234,137.065,1257.0
VictoriaRoso_9_puntos_intento_3.mp4,210,1750.000,True,147.000,166.000,0.000,241.000,69.000,0.522222,0.538889,-0.660971,31.526,58.297,136.917,1277.0
VictoriaRoso_9_puntos_intento_3.mp4,211,1758.333,True,147.000,166.000,0.000,241.000,69.000,0.522222,0.538889,-0.660971,29.701,59.291,136.556,1245.5
VictoriaRoso_9_puntos_intento_3.mp4,212,1766.667,True,147.000,166.000,0.000,241.000,69.000,0.522222,0.538889,-0.660971,30.875,59.257,137.053,1260.5
VictoriaRoso_9_puntos_intento_3.mp4,213,1775.000,True,147.000,166.000,0.000,241.000,68.000,0.522222,0.544444,-0.656402,30.925,58.283,138.412,1249.5
VictoriaRoso_9_puntos_intento_3.mp4,214,1783.333,True,147.000,166.000,0.000,241.000,68.000,0.522222,0.544444,-0.656402,31.450,58.598,136.187,1262.5
VictoriaRoso_9_puntos_intento_3.mp4,215,1791.667,True,147.000,166.000,0.000,242.000,69.000,0.527778,0.538889,-0.656544,30.539,58.480,137.436,1269.5
VictoriaRoso_9_puntos_intento_3.mp4,216,1800.000,True,147.000,166.000,0.000,241.000,68.000,0.522222,0.544444,-0.656402,31.132,57.969,138.385,1258.5
VictoriaRoso_9_puntos_intento_3.mp4,217,1808.333,True,147.000,166.000,0.000,241.000,68.000,0.522222,0.544444,-0.656402,31.090,58.494,137.935,1269.5
VictoriaRoso_9_puntos_intento_3.mp4,218,1816.667,True,147.000,166.000,0.000,241.000,68.000,0.522222,0.544444,-0.656402,30.593,58.991,138.975,1248.5
VictoriaRoso_9_puntos_intento_3.mp4,219,1825.000,True,147.000,166.000,0.000,241.000,68.000,0.522222,0.544444,-0.656402,30.556,58.937,138.755,1248.0
VictoriaRoso_9_puntos_intento_3.mp4,220,1833.333,True,147.000,166.000,0.000,241.000,67.000,0.522222,0.550000,-0.651755,31.457,58.890,140.254,1250.0
VictoriaRoso_9_puntos_intento_3.mp4,221,1841.667,True,147.000,166.000,0.000,242.000,69.000,0.527778,0.538889,-0.656544,29.974,58.393,137.740,1238.5
VictoriaRoso_9_puntos_intento_3.mp4,222,1850.000,True,147.000,166.000,0.000,243.000,68.000,0.533333,0.544444,-0.647407,30.277,58.534,139.664,1232.0
VictoriaRoso_9_puntos_intento_3.mp4,223,1858.333,True,147.000,166.000,0.000,243.000,69.000,0.533333,0.538889,-0.652039,30.249,58.931,140.921,1235.0
VictoriaRoso_9_puntos_intento_3.mp4,224,1866.667,True,147.000,166.000,0.000,243.000,69.000,0.533333,0.538889,-0.652039,30.689,58.228,137.911,1238.0
VictoriaRoso_9_puntos_intento_3.mp4,225,1875.000,True,147.000,166.000,0.000,243.000,69.000,0.533333,0.538889,-0.652039,30.794,57.925,141.377,1229.5
VictoriaRoso_9_puntos_intento_3.mp4,226,1883.333,True,147.000,166.000,0.000,243.000,69.000,0.533333,0.538889,-0.652039,30.951,58.188,138.226,1239.5
VictoriaRoso_9_puntos_intento_3.mp4,227,1891.667,True,147.000,166.000,0.000,243.000,69.000,0.533333,0.538889,-0.652039,30.593,58.749,138.971,1246.5
VictoriaRoso_9_puntos_intento_3.mp4,228,1900.000,True,147.000,166.000,0.000,243.000,69.000,0.533333,0.538889,-0.652039,30.262,59.223,136.632,1252.0
VictoriaRoso_9_puntos_intento_3.mp4,229,1908.333,True,147.000,166.000,0.000,243.000,69.000,0.533333,0.538889,-0.652039,30.252,57.506,136.402,1239.5
VictoriaRoso_9_puntos_intento_3.mp4,230,1916.667,True,147.000,166.000,0.000,243.000,69.000,0.533333,0.538889,-0.652039,30.419,57.815,137.500,1232.5
VictoriaRoso_9_puntos_intento_3.mp4,231,1925.000,True,147.000,166.000,0.000,243.000,69.000,0.533333,0.538889,-0.652039,29.672,58.694,136.802,1218.0
VictoriaRoso_9_puntos_intento_3.mp4,232,1933.333,True,147.000,166.000,0.000,243.000,69.000,0.533333,0.538889,-0.652039,30.068,58.600,137.753,1237.5
VictoriaRoso_9_puntos_intento_3.mp4,233,1941.667,True,147.000,166.000,0.000,243.000,69.000,0.533333,0.538889,-0.652039,30.816,58.506,140.852,1234.0
VictoriaRoso_9_puntos_intento_3.mp4,234,1950.000,True,147.000,166.000,0.000,243.000,69.000,0.533333,0.538889,-0.652039,30.218,58.234,138.118,1233.0
VictoriaRoso_9_puntos_intento_3.mp4,235,1958.333,True,147.000,166.000,0.000,243.000,69.000,0.533333,0.538889,-0.652039,30.378,59.280,138.897,1235.5
VictoriaRoso_9_puntos_intento_3.mp4,236,1966.667,True,147.000,166.000,0.000,243.000,69.000,0.533333,0.538889,-0.652039,30.170,59.365,138.766,1240.5
VictoriaRoso_9_puntos_intento_3.mp4,237,1975.000,True,147.000,166.000,0.000,243.000,69.000,0.533333,0.538889,-0.652039,30.419,59.721,141.210,1245.5
VictoriaRoso_9_puntos_intento_3.mp4,238,1983.333,True,147.000,166.000,0.000,243.000,69.000,0.533333,0.538889,-0.652039,29.356,60.619,139.462,1237.5
VictoriaRoso_9_puntos_intento_3.mp4,239,1991.667,True,147.000,166.000,0.000,243.000,69.000,0.533333,0.538889,-0.652039,30.044,57.707,135.969,1240.5
VictoriaRoso_9_puntos_intento_3.mp4,240,2000.000,True,147.000,166.000,0.000,243.000,69.000,0.533333,0.538889,-0.652039,29.649,59.565,138.762,1238.5
VictoriaRoso_9_puntos_intento_3.mp4,241,2008.333,True,147.000,166.000,0.000,243.000,68.000,0.533333,0.544444,-0.647407,29.904,59.636,138.477,1247.0
VictoriaRoso_9_puntos_intento_3.mp4,242,2016.667,True,147.000,166.000,0.000,243.000,69.000,0.533333,0.538889,-0.652039,30.085,59.384,138.092,1241.0
VictoriaRoso_9_puntos_intento_3.mp4,243,2025.000,True,147.000,166.000,0.000,243.000,68.000,0.533333,0.544444,-0.647407,30.502,58.922,139.388,1223.5
VictoriaRoso_9_puntos_intento_3.mp4,244,2033.333,True,147.000,166.000,0.000,243.000,69.000,0.533333,0.538889,-0.652039,29.879,58.840,138.772,1229.5
VictoriaRoso_9_puntos_intento_3.mp4,245,2041.667,True,147.000,166.000,0.000,242.000,69.000,0.527778,0.538889,-0.656544,30.469,58.989,138.365,1233.0
VictoriaRoso_9_puntos_intento_3.mp4,246,2050.000,True,147.000,166.000,0.000,243.000,69.000,0.533333,0.538889,-0.652039,29.626,59.418,137.688,1231.0
VictoriaRoso_9_puntos_intento_3.mp4,247,2058.333,True,147.000,166.000,0.000,243.000,69.000,0.533333,0.538889,-0.652039,29.823,58.238,138.004,1220.5
VictoriaRoso_9_puntos_intento_3.mp4,248,2066.667,True,147.000,166.000,0.000,243.000,68.000,0.533333,0.544444,-0.647407,30.310,58.890,140.397,1232.0
VictoriaRoso_9_puntos_intento_3.mp4,249,2075.000,True,147.000,166.000,0.000,243.000,69.000,0.533333,0.538889,-0.652039,30.420,58.950,138.652,1225.5
VictoriaRoso_9_puntos_intento_3.mp4,250,2083.333,True,147.000,166.000,0.000,243.000,69.000,0.533333,0.538889,-0.652039,30.724,58.362,139.604,1250.5
VictoriaRoso_9_puntos_intento_3.mp4,251,2091.667,True,147.000,166.000,0.000,243.000,69.000,0.533333,0.538889,-0.652039,30.393,57.815,137.324,1241.0
VictoriaRoso_9_puntos_intento_3.mp4,252,2100.000,True,147.000,166.000,0.000,243.000,69.000,0.533333,0.538889,-0.652039,29.522,59.346,137.252,1230.5
VictoriaRoso_9_puntos_intento_3.mp4,253,2108.333,True,147.000,166.000,0.000,243.000,69.000,0.533333,0.538889,-0.652039,29.848,59.661,137.525,1225.5
VictoriaRoso_9_puntos_intento_3.mp4,254,2116.667,True,147.000,166.000,0.000,243.000,69.000,0.533333,0.538889,-0.652039,29.695,58.503,136.800,1219.5
VictoriaRoso_9_puntos_intento_3.mp4,255,2125.000,True,147.000,166.000,0.000,242.000,68.000,0.527778,0.544444,-0.651944,29.408,58.203,137.369,1214.0
VictoriaRoso_9_puntos_intento_3.mp4,256,2133.333,True,147.000,166.000,0.000,243.000,69.000,0.533333,0.538889,-0.652039,29.189,59.406,138.333,1229.5
VictoriaRoso_9_puntos_intento_3.mp4,257,2141.667,True,147.000,166.000,0.000,243.000,69.000,0.533333,0.538889,-0.652039,29.792,57.314,135.916,1227.0
VictoriaRoso_9_puntos_intento_3.mp4,258,2150.000,True,147.000,166.000,0.000,243.000,69.000,0.533333,0.538889,-0.652039,29.970,57.043,137.367,1229.0
VictoriaRoso_9_puntos_intento_3.mp4,259,2158.333,True,147.000,166.000,0.000,242.000,68.000,0.527778,0.544444,-0.651944,30.415,58.317,139.358,1228.0
VictoriaRoso_9_puntos_intento_3.mp4,260,2166.667,True,147.000,166.000,0.000,243.000,68.000,0.533333,0.544444,-0.647407,29.722,58.119,138.806,1223.0
VictoriaRoso_9_puntos_intento_3.mp4,261,2175.000,True,147.000,166.000,0.000,243.000,68.000,0.533333,0.544444,-0.647407,29.839,58.355,138.661,1220.0
VictoriaRoso_9_puntos_intento_3.mp4,262,2183.333,True,147.000,166.000,0.000,243.000,68.000,0.533333,0.544444,-0.647407,29.859,58.390,140.354,1226.5
VictoriaRoso_9_puntos_intento_3.mp4,263,2191.667,True,147.000,166.000,0.000,243.000,69.000,0.533333,0.538889,-0.652039,29.061,58.113,138.773,1216.0
VictoriaRoso_9_puntos_intento_3.mp4,264,2200.000,True,147.000,166.000,0.000,243.000,69.000,0.533333,0.538889,-0.652039,29.408,57.940,138.004,1225.5
VictoriaRoso_9_puntos_intento_3.mp4,265,2208.333,True,147.000,166.000,0.000,242.000,68.000,0.527778,0.544444,-0.651944,31.307,57.695,136.549,1240.5
VictoriaRoso_9_puntos_intento_3.mp4,266,2216.667,True,147.000,166.000,0.000,243.000,69.000,0.533333,0.538889,-0.652039,30.662,58.789,140.076,1228.0
VictoriaRoso_9_puntos_intento_3.mp4,267,2225.000,True,147.000,166.000,0.000,243.000,70.000,0.533333,0.533333,-0.656591,30.038,57.722,137.280,1239.5
VictoriaRoso_9_puntos_intento_3.mp4,268,2233.333,True,147.000,166.000,0.000,243.000,69.000,0.533333,0.538889,-0.652039,29.948,58.930,137.188,1234.0
VictoriaRoso_9_puntos_intento_3.mp4,269,2241.667,True,147.000,166.000,0.000,242.000,69.000,0.527778,0.538889,-0.656544,30.011,59.351,135.089,1238.0
VictoriaRoso_9_puntos_intento_3.mp4,270,2250.000,True,147.000,166.000,0.000,243.000,70.000,0.533333,0.533333,-0.656591,30.100,57.546,139.269,1230.0
VictoriaRoso_9_puntos_intento_3.mp4,271,2258.333,True,147.000,166.000,0.000,243.000,69.000,0.533333,0.538889,-0.652039,30.165,57.115,141.930,1214.0
VictoriaRoso_9_puntos_intento_3.mp4,272,2266.667,True,147.000,166.000,0.000,242.000,69.000,0.527778,0.538889,-0.656544,29.825,58.106,137.069,1228.5
VictoriaRoso_9_puntos_intento_3.mp4,273,2275.000,True,147.000,166.000,0.000,242.000,68.000,0.527778,0.544444,-0.651944,30.334,57.872,136.992,1222.0
VictoriaRoso_9_puntos_intento_3.mp4,274,2283.333,True,147.000,166.000,0.000,243.000,69.000,0.533333,0.538889,-0.652039,30.127,59.693,136.393,1240.5
VictoriaRoso_9_puntos_intento_3.mp4,275,2291.667,True,147.000,166.000,0.000,243.000,69.000,0.533333,0.538889,-0.652039,30.138,57.584,137.823,1229.5
VictoriaRoso_9_puntos_intento_3.mp4,276,2300.000,True,147.000,166.000,0.000,243.000,69.000,0.533333,0.538889,-0.652039,30.070,58.549,137.017,1233.5
VictoriaRoso_9_puntos_intento_3.mp4,277,2308.333,True,147.000,166.000,0.000,242.000,69.000,0.527778,0.538889,-0.656544,30.407,58.366,136.711,1233.0
VictoriaRoso_9_puntos_intento_3.mp4,278,2316.667,True,147.000,166.000,0.000,243.000,69.000,0.533333,0.538889,-0.652039,30.754,58.312,138.332,1240.5
VictoriaRoso_9_puntos_intento_3.mp4,279,2325.000,True,147.000,166.000,0.000,243.000,70.000,0.533333,0.533333,-0.656591,30.303,57.564,136.146,1243.0
VictoriaRoso_9_puntos_intento_3.mp4,280,2333.333,True,147.000,166.000,0.000,243.000,69.000,0.533333,0.538889,-0.652039,30.218,57.830,137.955,1237.0
VictoriaRoso_9_puntos_intento_3.mp4,281,2341.667,True,147.000,166.000,0.000,242.000,69.000,0.527778,0.538889,-0.656544,30.018,59.079,138.298,1243.5
VictoriaRoso_9_puntos_intento_3.mp4,282,2350.000,True,147.000,166.000,0.000,243.000,69.000,0.533333,0.538889,-0.652039,30.718,59.784,138.972,1239.0
VictoriaRoso_9_puntos_intento_3.mp4,283,2358.333,True,147.000,166.000,0.000,243.000,69.000,0.533333,0.538889,-0.652039,30.681,59.368,141.429,1235.0
VictoriaRoso_9_puntos_intento_3.mp4,284,2366.667,True,147.000,166.000,0.000,242.000,68.000,0.527778,0.544444,-0.651944,30.180,59.065,140.399,1244.0
VictoriaRoso_9_puntos_intento_3.mp4,285,2375.000,True,147.000,166.000,0.000,243.000,68.000,0.533333,0.544444,-0.647407,30.404,58.760,139.558,1217.0
VictoriaRoso_9_puntos_intento_3.mp4,286,2383.333,True,147.000,166.000,0.000,243.000,69.000,0.533333,0.538889,-0.652039,30.133,58.204,137.218,1224.5
VictoriaRoso_9_puntos_intento_3.mp4,287,2391.667,True,147.000,166.000,0.000,242.000,69.000,0.527778,0.538889,-0.656544,30.212,58.227,137.170,1234.5
VictoriaRoso_9_puntos_intento_3.mp4,288,2400.000,True,147.000,166.000,0.000,243.000,69.000,0.533333,0.538889,-0.652039,29.911,58.384,136.889,1221.0
VictoriaRoso_9_puntos_intento_3.mp4,289,2408.333,True,147.000,166.000,0.000,243.000,68.000,0.533333,0.544444,-0.647407,31.596,57.802,140.108,1224.0
VictoriaRoso_9_puntos_intento_3.mp4,290,2416.667,True,147.000,166.000,0.000,243.000,68.000,0.533333,0.544444,-0.647407,31.306,57.836,138.782,1225.0
VictoriaRoso_9_puntos_intento_3.mp4,291,2425.000,True,147.000,166.000,0.000,242.000,68.000,0.527778,0.544444,-0.651944,30.777,58.254,138.720,1231.0
VictoriaRoso_9_puntos_intento_3.mp4,292,2433.333,True,147.000,166.000,0.000,243.000,69.000,0.533333,0.538889,-0.652039,31.097,57.798,138.773,1227.5
VictoriaRoso_9_puntos_intento_3.mp4,293,2441.667,True,147.000,166.000,0.000,243.000,69.000,0.533333,0.538889,-0.652039,30.409,57.921,136.006,1234.0
VictoriaRoso_9_puntos_intento_3.mp4,294,2450.000,True,147.000,166.000,0.000,242.000,69.000,0.527778,0.538889,-0.656544,30.646,58.083,139.235,1239.5
VictoriaRoso_9_puntos_intento_3.mp4,295,2458.333,True,147.000,166.000,0.000,237.000,69.000,0.500000,0.538889,-0.677937,32.268,56.675,139.183,1287.0
VictoriaRoso_9_puntos_intento_3.mp4,296,2466.667,True,147.000,166.000,0.000,229.000,69.000,0.455556,0.538889,-0.708567,34.986,55.811,140.499,1351.5
VictoriaRoso_9_puntos_intento_3.mp4,297,2475.000,True,147.000,166.000,0.000,221.000,69.000,0.411111,0.538889,-0.735246,39.142,55.717,146.324,1470.5
VictoriaRoso_9_puntos_intento_3.mp4,298,2483.333,True,147.000,166.000,0.000,212.000,70.000,0.361111,0.533333,-0.764954,42.398,53.561,141.427,1470.5
VictoriaRoso_9_puntos_intento_3.mp4,299,2491.667,True,147.000,166.000,0.000,205.000,71.000,0.322222,0.527778,-0.785890,45.648,52.401,139.233,1531.5
VictoriaRoso_9_puntos_intento_3.mp4,300,2500.000,True,147.000,166.000,0.000,200.000,72.000,0.294444,0.522222,-0.800366,46.295,53.030,133.114,1537.0
VictoriaRoso_9_puntos_intento_3.mp4,301,2508.333,True,147.000,166.000,0.000,200.000,72.000,0.294444,0.522222,-0.800366,47.155,52.186,125.564,1551.0
VictoriaRoso_9_puntos_intento_3.mp4,302,2516.667,True,147.000,166.000,0.000,200.000,72.000,0.294444,0.522222,-0.800366,45.214,53.957,135.027,1516.5
VictoriaRoso_9_puntos_intento_3.mp4,303,2525.000,True,147.000,166.000,0.000,201.000,72.000,0.300000,0.522222,-0.798301,45.453,52.722,142.804,1488.5
VictoriaRoso_9_puntos_intento_3.mp4,304,2533.333,True,147.000,166.000,0.000,201.000,72.000,0.300000,0.522222,-0.798301,45.703,52.378,139.955,1509.0
VictoriaRoso_9_puntos_intento_3.mp4,305,2541.667,True,147.000,166.000,0.000,201.000,72.000,0.300000,0.522222,-0.798301,45.740,51.806,146.775,1491.5
VictoriaRoso_9_puntos_intento_3.mp4,306,2550.000,True,147.000,166.000,0.000,201.000,72.000,0.300000,0.522222,-0.798301,46.308,51.564,140.029,1473.0
VictoriaRoso_9_puntos_intento_3.mp4,307,2558.333,True,147.000,166.000,0.000,201.000,72.000,0.300000,0.522222,-0.798301,46.538,51.431,141.679,1502.5
VictoriaRoso_9_puntos_intento_3.mp4,308,2566.667,True,147.000,166.000,0.000,202.000,72.000,0.305556,0.522222,-0.796191,45.556,50.534,150.861,1491.0
VictoriaRoso_9_puntos_intento_3.mp4,309,2575.000,True,147.000,166.000,0.000,201.000,72.000,0.300000,0.522222,-0.798301,46.447,50.900,130.722,1478.0
VictoriaRoso_9_puntos_intento_3.mp4,310,2583.333,True,147.000,166.000,0.000,200.000,71.000,0.294444,0.527778,-0.796714,45.928,52.055,130.884,1486.5
VictoriaRoso_9_puntos_intento_3.mp4,311,2591.667,True,147.000,166.000,0.000,202.000,72.000,0.305556,0.522222,-0.796191,47.035,50.647,153.600,1488.5
VictoriaRoso_9_puntos_intento_3.mp4,312,2600.000,True,147.000,166.000,0.000,201.000,72.000,0.300000,0.522222,-0.798301,46.353,50.097,135.839,1491.0
VictoriaRoso_9_puntos_intento_3.mp4,313,2608.333,True,147.000,166.000,0.000,201.000,72.000,0.300000,0.522222,-0.798301,45.919,51.470,126.215,1467.5
VictoriaRoso_9_puntos_intento_3.mp4,314,2616.667,True,147.000,166.000,0.000,201.000,72.000,0.300000,0.522222,-0.798301,46.213,51.025,137.708,1484.0
VictoriaRoso_9_puntos_intento_3.mp4,315,2625.000,True,147.000,166.000,0.000,202.000,72.000,0.305556,0.522222,-0.796191,46.198,50.484,136.597,1487.5
VictoriaRoso_9_puntos_intento_3.mp4,316,2633.333,True,147.000,166.000,0.000,201.000,72.000,0.300000,0.522222,-0.798301,45.866,51.834,134.961,1495.0
VictoriaRoso_9_puntos_intento_3.mp4,317,2641.667,True,147.000,166.000,0.000,202.000,72.000,0.305556,0.522222,-0.796191,46.617,49.089,120.759,1470.0
VictoriaRoso_9_puntos_intento_3.mp4,318,2650.000,True,147.000,166.000,0.000,202.000,73.000,0.305556,0.516667,-0.799807,45.516,47.611,143.832,1474.0
VictoriaRoso_9_puntos_intento_3.mp4,319,2658.333,True,147.000,166.000,0.000,201.000,71.000,0.300000,0.527778,-0.794639,46.050,50.654,133.092,1474.0
VictoriaRoso_9_puntos_intento_3.mp4,320,2666.667,True,147.000,166.000,0.000,201.000,72.000,0.300000,0.522222,-0.798301,46.271,49.254,115.447,1479.0
VictoriaRoso_9_puntos_intento_3.mp4,321,2675.000,True,147.000,166.000,0.000,201.000,71.000,0.300000,0.527778,-0.794639,46.646,50.660,135.256,1463.5
VictoriaRoso_9_puntos_intento_3.mp4,322,2683.333,True,147.000,166.000,0.000,201.000,71.000,0.300000,0.527778,-0.794639,45.757,52.042,141.056,1479.0
VictoriaRoso_9_puntos_intento_3.mp4,323,2691.667,True,147.000,166.000,0.000,201.000,71.000,0.300000,0.527778,-0.794639,45.917,51.876,144.210,1471.5
VictoriaRoso_9_puntos_intento_3.mp4,324,2700.000,True,147.000,166.000,0.000,201.000,71.000,0.300000,0.527778,-0.794639,45.319,51.242,141.533,1467.0
VictoriaRoso_9_puntos_intento_3.mp4,325,2708.333,True,147.000,166.000,0.000,201.000,71.000,0.300000,0.527778,-0.794639,46.393,52.488,128.053,1489.5
VictoriaRoso_9_puntos_intento_3.mp4,326,2716.667,True,147.000,166.000,0.000,201.000,71.000,0.300000,0.527778,-0.794639,46.042,51.032,123.800,1466.0
VictoriaRoso_9_puntos_intento_3.mp4,327,2725.000,True,147.000,166.000,0.000,202.000,71.000,0.305556,0.527778,-0.792519,47.351,49.765,134.688,1483.0
VictoriaRoso_9_puntos_intento_3.mp4,328,2733.333,True,147.000,166.000,0.000,201.000,71.000,0.300000,0.527778,-0.794639,46.513,51.003,140.634,1477.5
VictoriaRoso_9_puntos_intento_3.mp4,329,2741.667,True,147.000,166.000,0.000,200.000,71.000,0.294444,0.527778,-0.796714,46.257,52.396,134.162,1485.0
VictoriaRoso_9_puntos_intento_3.mp4,330,2750.000,True,147.000,166.000,0.000,201.000,71.000,0.300000,0.527778,-0.794639,47.105,50.770,139.898,1482.0
VictoriaRoso_9_puntos_intento_3.mp4,331,2758.333,True,147.000,166.000,0.000,201.000,71.000,0.300000,0.527778,-0.794639,45.724,52.605,135.478,1472.0
VictoriaRoso_9_puntos_intento_3.mp4,332,2766.667,True,147.000,166.000,0.000,202.000,70.000,0.305556,0.533333,-0.788791,45.827,51.554,142.359,1482.0
VictoriaRoso_9_puntos_intento_3.mp4,333,2775.000,True,147.000,166.000,0.000,202.000,71.000,0.305556,0.527778,-0.792519,45.837,50.416,138.932,1460.5
VictoriaRoso_9_puntos_intento_3.mp4,334,2783.333,True,147.000,166.000,0.000,202.000,70.000,0.305556,0.533333,-0.788791,45.703,50.893,138.785,1466.0
VictoriaRoso_9_puntos_intento_3.mp4,335,2791.667,True,147.000,166.000,0.000,202.000,70.000,0.305556,0.533333,-0.788791,45.933,51.277,134.173,1442.0
VictoriaRoso_9_puntos_intento_3.mp4,336,2800.000,True,147.000,166.000,0.000,202.000,70.000,0.305556,0.533333,-0.788791,44.671,52.397,130.249,1450.0
VictoriaRoso_9_puntos_intento_3.mp4,337,2808.333,True,147.000,166.000,0.000,203.000,70.000,0.311111,0.533333,-0.786616,45.498,49.608,129.803,1418.5
VictoriaRoso_9_puntos_intento_3.mp4,338,2816.667,True,147.000,166.000,0.000,203.000,70.000,0.311111,0.533333,-0.786616,45.278,49.086,131.788,1431.0
VictoriaRoso_9_puntos_intento_3.mp4,339,2825.000,True,147.000,166.000,0.000,202.000,69.000,0.305556,0.538889,-0.785006,45.358,51.293,135.426,1432.0
VictoriaRoso_9_puntos_intento_3.mp4,340,2833.333,True,147.000,166.000,0.000,202.000,69.000,0.305556,0.538889,-0.785006,44.230,51.615,138.946,1442.0
VictoriaRoso_9_puntos_intento_3.mp4,341,2841.667,True,147.000,166.000,0.000,202.000,70.000,0.305556,0.533333,-0.788791,44.338,51.778,135.440,1396.5
VictoriaRoso_9_puntos_intento_3.mp4,342,2850.000,True,147.000,166.000,0.000,202.000,69.000,0.305556,0.538889,-0.785006,44.045,52.184,133.736,1410.5
VictoriaRoso_9_puntos_intento_3.mp4,343,2858.333,True,147.000,166.000,0.000,202.000,69.000,0.305556,0.538889,-0.785006,44.309,51.524,135.902,1399.5
VictoriaRoso_9_puntos_intento_3.mp4,344,2866.667,True,147.000,166.000,0.000,202.000,69.000,0.305556,0.538889,-0.785006,44.111,51.577,137.772,1390.5
VictoriaRoso_9_puntos_intento_3.mp4,345,2875.000,True,147.000,166.000,0.000,202.000,70.000,0.305556,0.533333,-0.788791,44.515,50.191,142.044,1374.5
VictoriaRoso_9_puntos_intento_3.mp4,346,2883.333,True,147.000,166.000,0.000,203.000,70.000,0.311111,0.533333,-0.786616,44.625,49.451,138.333,1388.5
VictoriaRoso_9_puntos_intento_3.mp4,347,2891.667,True,147.000,166.000,0.000,203.000,70.000,0.311111,0.533333,-0.786616,44.249,49.782,156.736,1401.0
VictoriaRoso_9_puntos_intento_3.mp4,348,2900.000,True,147.000,166.000,0.000,203.000,70.000,0.311111,0.533333,-0.786616,44.156,49.963,140.311,1390.5
VictoriaRoso_9_puntos_intento_3.mp4,349,2908.333,True,147.000,166.000,0.000,202.000,70.000,0.305556,0.533333,-0.788791,43.285,50.461,128.813,1374.5
VictoriaRoso_9_puntos_intento_3.mp4,350,2916.667,True,147.000,166.000,0.000,203.000,70.000,0.311111,0.533333,-0.786616,44.305,49.141,145.957,1364.0
VictoriaRoso_9_puntos_intento_3.mp4,351,2925.000,True,147.000,166.000,0.000,203.000,69.000,0.311111,0.538889,-0.782821,43.660,50.382,138.448,1361.5
VictoriaRoso_9_puntos_intento_3.mp4,352,2933.333,True,147.000,166.000,0.000,203.000,70.000,0.311111,0.533333,-0.786616,43.220,48.630,141.513,1358.0
VictoriaRoso_9_puntos_intento_3.mp4,353,2941.667,True,147.000,166.000,0.000,203.000,70.000,0.311111,0.533333,-0.786616,44.451,48.666,131.615,1359.5
VictoriaRoso_9_puntos_intento_3.mp4,354,2950.000,True,147.000,166.000,0.000,202.000,69.000,0.305556,0.538889,-0.785006,43.873,49.806,135.859,1353.0
VictoriaRoso_9_puntos_intento_3.mp4,355,2958.333,True,147.000,166.000,0.000,203.000,69.000,0.311111,0.538889,-0.782821,43.751,49.733,139.210,1369.5
VictoriaRoso_9_puntos_intento_3.mp4,356,2966.667,True,147.000,166.000,0.000,202.000,69.000,0.305556,0.538889,-0.785006,43.373,49.932,141.737,1358.0
VictoriaRoso_9_puntos_intento_3.mp4,357,2975.000,True,147.000,166.000,0.000,203.000,69.000,0.311111,0.538889,-0.782821,44.095,49.408,143.948,1334.0
VictoriaRoso_9_puntos_intento_3.mp4,358,2983.333,True,147.000,166.000,0.000,202.000,69.000,0.305556,0.538889,-0.785006,43.655,49.899,142.721,1336.0
VictoriaRoso_9_puntos_intento_3.mp4,359,2991.667,True,147.000,166.000,0.000,203.000,69.000,0.311111,0.538889,-0.782821,43.566,49.505,140.584,1331.5
VictoriaRoso_9_puntos_intento_3.mp4,360,3000.000,True,147.000,166.000,0.000,203.000,69.000,0.311111,0.538889,-0.782821,43.164,48.588,140.036,1330.0
VictoriaRoso_9_puntos_intento_3.mp4,361,3008.333,True,147.000,166.000,0.000,202.000,69.000,0.305556,0.538889,-0.785006,43.724,49.516,132.859,1332.0
VictoriaRoso_9_puntos_intento_3.mp4,362,3016.667,True,147.000,166.000,0.000,203.000,69.000,0.311111,0.538889,-0.782821,43.640,48.677,142.373,1324.5
VictoriaRoso_9_puntos_intento_3.mp4,363,3025.000,True,147.000,166.000,0.000,203.000,69.000,0.311111,0.538889,-0.782821,43.819,47.931,139.703,1339.0
VictoriaRoso_9_puntos_intento_3.mp4,364,3033.333,True,147.000,166.000,0.000,202.000,69.000,0.305556,0.538889,-0.785006,43.156,48.287,131.284,1303.0
VictoriaRoso_9_puntos_intento_3.mp4,365,3041.667,True,147.000,166.000,0.000,203.000,69.000,0.311111,0.538889,-0.782821,42.659,48.266,136.507,1291.5
VictoriaRoso_9_puntos_intento_3.mp4,366,3050.000,True,147.000,166.000,0.000,203.000,69.000,0.311111,0.538889,-0.782821,43.094,46.602,147.839,1291.5
VictoriaRoso_9_puntos_intento_3.mp4,367,3058.333,True,147.000,166.000,0.000,203.000,69.000,0.311111,0.538889,-0.782821,42.954,47.547,141.276,1277.5
VictoriaRoso_9_puntos_intento_3.mp4,368,3066.667,True,147.000,166.000,0.000,203.000,69.000,0.311111,0.538889,-0.782821,42.759,48.087,136.766,1289.0
VictoriaRoso_9_puntos_intento_3.mp4,369,3075.000,True,147.000,166.000,0.000,203.000,69.000,0.311111,0.538889,-0.782821,42.165,48.158,133.976,1274.5
VictoriaRoso_9_puntos_intento_3.mp4,370,3083.333,True,147.000,166.000,0.000,202.000,68.000,0.305556,0.544444,-0.781163,42.678,49.002,139.592,1296.5
VictoriaRoso_9_puntos_intento_3.mp4,371,3091.667,True,147.000,166.000,0.000,202.000,69.000,0.305556,0.538889,-0.785006,42.713,48.560,136.710,1298.5
VictoriaRoso_9_puntos_intento_3.mp4,372,3100.000,True,147.000,166.000,0.000,202.000,69.000,0.305556,0.538889,-0.785006,42.471,48.458,136.247,1289.0
VictoriaRoso_9_puntos_intento_3.mp4,373,3108.333,True,147.000,166.000,0.000,202.000,69.000,0.305556,0.538889,-0.785006,42.567,48.421,140.155,1272.5
VictoriaRoso_9_puntos_intento_3.mp4,374,3116.667,True,147.000,166.000,0.000,203.000,69.000,0.311111,0.538889,-0.782821,42.163,47.468,134.204,1277.5
VictoriaRoso_9_puntos_intento_3.mp4,375,3125.000,True,147.000,166.000,0.000,203.000,69.000,0.311111,0.538889,-0.782821,42.308,47.057,146.682,1285.5
VictoriaRoso_9_puntos_intento_3.mp4,376,3133.333,True,147.000,166.000,0.000,203.000,70.000,0.311111,0.533333,-0.786616,43.136,46.649,147.755,1278.0
VictoriaRoso_9_puntos_intento_3.mp4,377,3141.667,True,147.000,166.000,0.000,202.000,69.000,0.305556,0.538889,-0.785006,42.654,47.952,139.617,1279.0
VictoriaRoso_9_puntos_intento_3.mp4,378,3150.000,True,146.000,166.000,0.000,203.000,70.000,0.316667,0.533333,-0.784396,42.045,46.491,151.184,1270.5
VictoriaRoso_9_puntos_intento_3.mp4,379,3158.333,True,146.000,166.000,0.000,203.000,70.000,0.316667,0.533333,-0.784396,42.805,46.249,155.456,1270.0
VictoriaRoso_9_puntos_intento_3.mp4,380,3166.667,True,146.000,166.000,0.000,202.000,68.000,0.311111,0.544444,-0.778967,42.981,48.402,135.189,1261.5
VictoriaRoso_9_puntos_intento_3.mp4,381,3175.000,True,146.000,166.000,0.000,202.000,69.000,0.311111,0.538889,-0.782821,41.166,48.220,139.820,1250.0
VictoriaRoso_9_puntos_intento_3.mp4,382,3183.333,True,146.000,166.000,0.000,201.000,68.000,0.305556,0.544444,-0.781163,41.081,49.911,134.241,1266.5
VictoriaRoso_9_puntos_intento_3.mp4,383,3191.667,True,146.000,166.000,0.000,202.000,69.000,0.311111,0.538889,-0.782821,40.366,48.685,147.447,1249.5
VictoriaRoso_9_puntos_intento_3.mp4,384,3200.000,True,146.000,166.000,0.000,202.000,69.000,0.311111,0.538889,-0.782821,40.733,49.681,151.127,1260.5
VictoriaRoso_9_puntos_intento_3.mp4,385,3208.333,True,146.000,166.000,0.000,202.000,69.000,0.311111,0.538889,-0.782821,41.499,48.473,128.783,1249.0
VictoriaRoso_9_puntos_intento_3.mp4,386,3216.667,True,146.000,166.000,0.000,203.000,69.000,0.316667,0.538889,-0.780590,42.182,46.622,141.062,1243.0
VictoriaRoso_9_puntos_intento_3.mp4,387,3225.000,True,146.000,166.000,0.000,202.000,69.000,0.311111,0.538889,-0.782821,41.512,48.103,135.830,1226.0
VictoriaRoso_9_puntos_intento_3.mp4,388,3233.333,True,146.000,166.000,0.000,202.000,69.000,0.311111,0.538889,-0.782821,42.065,47.246,136.082,1237.0
VictoriaRoso_9_puntos_intento_3.mp4,389,3241.667,True,146.000,166.000,0.000,203.000,69.000,0.316667,0.538889,-0.780590,41.409,46.642,143.998,1239.5
VictoriaRoso_9_puntos_intento_3.mp4,390,3250.000,True,146.000,166.000,0.000,202.000,69.000,0.311111,0.538889,-0.782821,41.345,47.823,134.198,1256.5
VictoriaRoso_9_puntos_intento_3.mp4,391,3258.333,True,146.000,166.000,0.000,202.000,69.000,0.311111,0.538889,-0.782821,41.764,46.595,127.238,1239.0
VictoriaRoso_9_puntos_intento_3.mp4,392,3266.667,True,146.000,166.000,0.000,203.000,69.000,0.316667,0.538889,-0.780590,41.624,45.676,139.296,1233.5
VictoriaRoso_9_puntos_intento_3.mp4,393,3275.000,True,146.000,166.000,0.000,203.000,70.000,0.316667,0.533333,-0.784396,42.019,45.003,148.285,1237.0
VictoriaRoso_9_puntos_intento_3.mp4,394,3283.333,True,146.000,166.000,0.000,203.000,69.000,0.316667,0.538889,-0.780590,40.411,48.158,151.362,1255.5
VictoriaRoso_9_puntos_intento_3.mp4,395,3291.667,True,146.000,166.000,0.000,202.000,69.000,0.311111,0.538889,-0.782821,41.725,47.289,142.028,1245.0
VictoriaRoso_9_puntos_intento_3.mp4,396,3300.000,True,146.000,166.000,0.000,203.000,69.000,0.316667,0.538889,-0.780590,41.700,47.158,143.602,1232.5
VictoriaRoso_9_puntos_intento_3.mp4,397,3308.333,True,146.000,166.000,0.000,202.000,69.000,0.311111,0.538889,-0.782821,41.877,47.353,144.293,1234.0
VictoriaRoso_9_puntos_intento_3.mp4,398,3316.667,True,146.000,166.000,0.000,202.000,69.000,0.311111,0.538889,-0.782821,41.522,47.923,141.403,1237.5
VictoriaRoso_9_puntos_intento_3.mp4,399,3325.000,True,146.000,166.000,0.000,202.000,69.000,0.311111,0.538889,-0.782821,41.479,48.637,138.477,1242.0
VictoriaRoso_9_puntos_intento_3.mp4,400,3333.333,True,146.000,166.000,0.000,202.000,69.000,0.311111,0.538889,-0.782821,41.568,48.133,137.326,1242.5
VictoriaRoso_9_puntos_intento_3.mp4,401,3341.667,True,146.000,166.000,0.000,203.000,69.000,0.316667,0.538889,-0.780590,41.209,47.232,146.566,1236.0
VictoriaRoso_9_puntos_intento_3.mp4,402,3350.000,True,146.000,166.000,0.000,202.000,69.000,0.311111,0.538889,-0.782821,40.438,48.451,138.247,1228.0
VictoriaRoso_9_puntos_intento_3.mp4,403,3358.333,True,146.000,166.000,0.000,203.000,69.000,0.316667,0.538889,-0.780590,42.248,46.380,145.754,1241.5
VictoriaRoso_9_puntos_intento_3.mp4,404,3366.667,True,146.000,166.000,0.000,202.000,69.000,0.311111,0.538889,-0.782821,41.432,49.090,137.708,1246.0
VictoriaRoso_9_puntos_intento_3.mp4,405,3375.000,True,146.000,166.000,0.000,202.000,69.000,0.311111,0.538889,-0.782821,41.606,47.768,135.612,1231.5
VictoriaRoso_9_puntos_intento_3.mp4,406,3383.333,True,146.000,166.000,0.000,203.000,69.000,0.316667,0.538889,-0.780590,41.633,48.235,154.594,1267.5
VictoriaRoso_9_puntos_intento_3.mp4,407,3391.667,True,146.000,166.000,0.000,203.000,70.000,0.316667,0.533333,-0.784396,41.989,46.898,145.475,1259.0
VictoriaRoso_9_puntos_intento_3.mp4,408,3400.000,True,146.000,166.000,0.000,203.000,69.000,0.316667,0.538889,-0.780590,41.566,48.265,145.133,1249.0
VictoriaRoso_9_puntos_intento_3.mp4,409,3408.333,True,146.000,166.000,0.000,203.000,70.000,0.316667,0.533333,-0.784396,41.926,46.320,151.493,1243.5
VictoriaRoso_9_puntos_intento_3.mp4,410,3416.667,True,146.000,166.000,0.000,202.000,69.000,0.311111,0.538889,-0.782821,41.416,48.537,137.972,1260.0
VictoriaRoso_9_puntos_intento_3.mp4,411,3425.000,True,146.000,166.000,0.000,202.000,69.000,0.311111,0.538889,-0.782821,41.372,47.907,135.470,1250.0
VictoriaRoso_9_puntos_intento_3.mp4,412,3433.333,True,146.000,166.000,0.000,202.000,69.000,0.311111,0.538889,-0.782821,41.221,48.759,132.572,1261.5
VictoriaRoso_9_puntos_intento_3.mp4,413,3441.667,True,146.000,166.000,0.000,203.000,69.000,0.316667,0.538889,-0.780590,40.905,47.183,148.501,1245.0
VictoriaRoso_9_puntos_intento_3.mp4,414,3450.000,True,146.000,166.000,0.000,203.000,69.000,0.316667,0.538889,-0.780590,41.537,48.058,148.214,1258.0
VictoriaRoso_9_puntos_intento_3.mp4,415,3458.333,True,146.000,166.000,0.000,203.000,69.000,0.316667,0.538889,-0.780590,41.397,47.665,152.515,1246.0
VictoriaRoso_9_puntos_intento_3.mp4,416,3466.667,True,146.000,166.000,0.000,204.000,69.000,0.322222,0.538889,-0.778313,40.402,47.424,146.913,1278.0
VictoriaRoso_9_puntos_intento_3.mp4,417,3475.000,True,146.000,166.000,0.000,203.000,69.000,0.316667,0.538889,-0.780590,41.937,48.260,145.826,1255.5
VictoriaRoso_9_puntos_intento_3.mp4,418,3483.333,True,146.000,166.000,0.000,203.000,68.000,0.316667,0.544444,-0.776725,41.630,47.464,144.291,1239.0
VictoriaRoso_9_puntos_intento_3.mp4,419,3491.667,True,146.000,166.000,0.000,204.000,69.000,0.322222,0.538889,-0.778313,42.077,46.468,141.385,1253.5
VictoriaRoso_9_puntos_intento_3.mp4,420,3500.000,True,146.000,166.000,0.000,203.000,69.000,0.316667,0.538889,-0.780590,41.643,48.181,144.869,1251.5
VictoriaRoso_9_puntos_intento_3.mp4,421,3508.333,True,146.000,166.000,0.000,203.000,69.000,0.316667,0.538889,-0.780590,42.409,47.527,132.852,1242.0
VictoriaRoso_9_puntos_intento_3.mp4,422,3516.667,True,146.000,166.000,0.000,203.000,69.000,0.316667,0.538889,-0.780590,41.523,47.471,139.292,1240.0
VictoriaRoso_9_puntos_intento_3.mp4,423,3525.000,True,146.000,166.000,0.000,203.000,69.000,0.316667,0.538889,-0.780590,41.913,47.313,137.140,1248.0
VictoriaRoso_9_puntos_intento_3.mp4,424,3533.333,True,146.000,166.000,0.000,203.000,69.000,0.316667,0.538889,-0.780590,41.938,46.287,141.643,1240.5
VictoriaRoso_9_puntos_intento_3.mp4,425,3541.667,True,146.000,166.000,0.000,203.000,69.000,0.316667,0.538889,-0.780590,41.873,46.687,139.255,1256.5
VictoriaRoso_9_puntos_intento_3.mp4,426,3550.000,True,146.000,166.000,0.000,204.000,69.000,0.322222,0.538889,-0.778313,42.150,46.039,146.585,1255.0
VictoriaRoso_9_puntos_intento_3.mp4,427,3558.333,True,146.000,166.000,0.000,203.000,69.000,0.316667,0.538889,-0.780590,42.163,46.867,146.232,1255.5
VictoriaRoso_9_puntos_intento_3.mp4,428,3566.667,True,146.000,166.000,0.000,203.000,69.000,0.316667,0.538889,-0.780590,41.441,48.030,135.421,1248.0
VictoriaRoso_9_puntos_intento_3.mp4,429,3575.000,True,146.000,166.000,0.000,203.000,69.000,0.316667,0.538889,-0.780590,41.111,47.862,147.293,1254.0
VictoriaRoso_9_puntos_intento_3.mp4,430,3583.333,True,146.000,166.000,0.000,203.000,69.000,0.316667,0.538889,-0.780590,41.045,47.698,141.917,1254.5
VictoriaRoso_9_puntos_intento_3.mp4,431,3591.667,True,146.000,166.000,0.000,203.000,68.000,0.316667,0.544444,-0.776725,41.194,48.416,139.242,1260.0
VictoriaRoso_9_puntos_intento_3.mp4,432,3600.000,True,146.000,166.000,0.000,203.000,68.000,0.316667,0.544444,-0.776725,41.657,47.604,145.170,1242.0
VictoriaRoso_9_puntos_intento_3.mp4,433,3608.333,True,146.000,166.000,0.000,203.000,69.000,0.316667,0.538889,-0.780590,42.110,47.573,144.478,1249.0
VictoriaRoso_9_puntos_intento_3.mp4,434,3616.667,True,146.000,166.000,0.000,202.000,68.000,0.311111,0.544444,-0.778967,42.456,48.416,137.217,1260.5
VictoriaRoso_9_puntos_intento_3.mp4,435,3625.000,True,146.000,166.000,0.000,202.000,68.000,0.311111,0.544444,-0.778967,41.555,48.824,134.802,1260.0
VictoriaRoso_9_puntos_intento_3.mp4,436,3633.333,True,146.000,166.000,0.000,203.000,68.000,0.316667,0.544444,-0.776725,42.050,48.215,139.706,1267.5
VictoriaRoso_9_puntos_intento_3.mp4,437,3641.667,True,146.000,166.000,0.000,203.000,69.000,0.316667,0.538889,-0.780590,42.224,47.572,142.899,1279.0
VictoriaRoso_9_puntos_intento_3.mp4,438,3650.000,True,146.000,166.000,0.000,203.000,68.000,0.316667,0.544444,-0.776725,42.284,47.791,145.945,1289.5
VictoriaRoso_9_puntos_intento_3.mp4,439,3658.333,True,146.000,166.000,0.000,203.000,68.000,0.316667,0.544444,-0.776725,42.287,47.441,145.122,1282.0
VictoriaRoso_9_puntos_intento_3.mp4,440,3666.667,True,146.000,166.000,0.000,203.000,68.000,0.316667,0.544444,-0.776725,41.933,47.247,141.750,1266.5
VictoriaRoso_9_puntos_intento_3.mp4,441,3675.000,True,146.000,166.000,0.000,203.000,68.000,0.316667,0.544444,-0.776725,41.164,48.039,153.306,1272.0
VictoriaRoso_9_puntos_intento_3.mp4,442,3683.333,True,146.000,166.000,0.000,203.000,68.000,0.316667,0.544444,-0.776725,41.083,47.490,145.097,1280.5
VictoriaRoso_9_puntos_intento_3.mp4,443,3691.667,True,146.000,166.000,0.000,203.000,68.000,0.316667,0.544444,-0.776725,40.999,47.844,142.028,1275.5
VictoriaRoso_9_puntos_intento_3.mp4,444,3700.000,True,146.000,166.000,0.000,203.000,68.000,0.316667,0.544444,-0.776725,41.871,47.843,136.185,1266.5
VictoriaRoso_9_puntos_intento_3.mp4,445,3708.333,True,146.000,166.000,0.000,203.000,69.000,0.316667,0.538889,-0.780590,42.342,48.387,149.616,1255.0
VictoriaRoso_9_puntos_intento_3.mp4,446,3716.667,True,145.000,166.000,0.000,203.000,69.000,0.322222,0.538889,-0.778313,42.743,47.870,139.662,1276.0
VictoriaRoso_9_puntos_intento_3.mp4,447,3725.000,True,145.000,166.000,0.000,203.000,69.000,0.322222,0.538889,-0.778313,41.504,48.076,137.167,1258.0
VictoriaRoso_9_puntos_intento_3.mp4,448,3733.333,True,145.000,166.000,0.000,203.000,69.000,0.322222,0.538889,-0.778313,42.432,47.117,138.638,1282.5
VictoriaRoso_9_puntos_intento_3.mp4,449,3741.667,True,145.000,166.000,0.000,203.000,68.000,0.322222,0.544444,-0.774437,41.538,47.672,139.097,1263.5
VictoriaRoso_9_puntos_intento_3.mp4,450,3750.000,True,145.000,166.000,0.000,203.000,68.000,0.322222,0.544444,-0.774437,41.331,47.440,144.061,1257.0
VictoriaRoso_9_puntos_intento_3.mp4,451,3758.333,True,145.000,166.000,0.000,203.000,68.000,0.322222,0.544444,-0.774437,41.848,47.873,138.065,1261.0
VictoriaRoso_9_puntos_intento_3.mp4,452,3766.667,True,145.000,166.000,0.000,202.000,68.000,0.316667,0.544444,-0.776725,41.231,49.371,138.234,1274.0
VictoriaRoso_9_puntos_intento_3.mp4,453,3775.000,True,145.000,166.000,0.000,202.000,68.000,0.316667,0.544444,-0.776725,41.663,49.532,133.486,1252.0
VictoriaRoso_9_puntos_intento_3.mp4,454,3783.333,True,145.000,166.000,0.000,203.000,69.000,0.322222,0.538889,-0.778313,42.159,47.408,145.203,1260.5
VictoriaRoso_9_puntos_intento_3.mp4,455,3791.667,True,145.000,166.000,0.000,203.000,69.000,0.322222,0.538889,-0.778313,42.474,46.070,143.978,1263.0
VictoriaRoso_9_puntos_intento_3.mp4,456,3800.000,True,145.000,166.000,0.000,203.000,69.000,0.322222,0.538889,-0.778313,42.545,45.651,148.657,1252.0
VictoriaRoso_9_puntos_intento_3.mp4,457,3808.333,True,145.000,166.000,0.000,203.000,68.000,0.322222,0.544444,-0.774437,41.311,48.169,149.446,1259.0
VictoriaRoso_9_puntos_intento_3.mp4,458,3816.667,True,145.000,166.000,0.000,203.000,68.000,0.322222,0.544444,-0.774437,42.132,48.989,148.072,1280.5
VictoriaRoso_9_puntos_intento_3.mp4,459,3825.000,True,145.000,166.000,0.000,203.000,68.000,0.322222,0.544444,-0.774437,42.024,48.737,144.512,1299.0
VictoriaRoso_9_puntos_intento_3.mp4,460,3833.333,True,145.000,166.000,0.000,202.000,68.000,0.316667,0.544444,-0.776725,42.003,49.305,132.582,1281.5
VictoriaRoso_9_puntos_intento_3.mp4,461,3841.667,True,145.000,166.000,0.000,203.000,69.000,0.322222,0.538889,-0.778313,41.782,48.009,148.249,1294.0
VictoriaRoso_9_puntos_intento_3.mp4,462,3850.000,True,145.000,166.000,0.000,202.000,68.000,0.316667,0.544444,-0.776725,42.272,48.171,141.060,1282.5
VictoriaRoso_9_puntos_intento_3.mp4,463,3858.333,True,145.000,166.000,0.000,203.000,68.000,0.322222,0.544444,-0.774437,42.520,47.166,147.120,1279.0
VictoriaRoso_9_puntos_intento_3.mp4,464,3866.667,True,145.000,166.000,0.000,203.000,68.000,0.322222,0.544444,-0.774437,43.053,47.591,146.452,1299.0
VictoriaRoso_9_puntos_intento_3.mp4,465,3875.000,True,145.000,166.000,0.000,203.000,69.000,0.322222,0.538889,-0.778313,42.698,47.384,143.605,1284.0
VictoriaRoso_9_puntos_intento_3.mp4,466,3883.333,True,145.000,166.000,0.000,203.000,69.000,0.322222,0.538889,-0.778313,42.375,47.113,148.675,1287.0
VictoriaRoso_9_puntos_intento_3.mp4,467,3891.667,True,145.000,166.000,0.000,202.000,69.000,0.316667,0.538889,-0.780590,42.014,48.218,129.533,1285.0
VictoriaRoso_9_puntos_intento_3.mp4,468,3900.000,True,145.000,166.000,0.000,203.000,69.000,0.322222,0.538889,-0.778313,42.316,46.918,139.362,1271.0
VictoriaRoso_9_puntos_intento_3.mp4,469,3908.333,True,145.000,166.000,0.000,203.000,68.000,0.322222,0.544444,-0.774437,42.007,48.433,143.009,1282.5
VictoriaRoso_9_puntos_intento_3.mp4,470,3916.667,True,145.000,166.000,0.000,203.000,68.000,0.322222,0.544444,-0.774437,42.285,48.562,141.554,1289.0
VictoriaRoso_9_puntos_intento_3.mp4,471,3925.000,True,145.000,166.000,0.000,203.000,69.000,0.322222,0.538889,-0.778313,41.747,48.683,147.987,1282.0
VictoriaRoso_9_puntos_intento_3.mp4,472,3933.333,True,145.000,166.000,0.000,203.000,68.000,0.322222,0.544444,-0.774437,43.003,48.037,142.813,1298.0
VictoriaRoso_9_puntos_intento_3.mp4,473,3941.667,True,145.000,166.000,0.000,202.000,68.000,0.316667,0.544444,-0.776725,42.244,49.291,142.924,1311.0
VictoriaRoso_9_puntos_intento_3.mp4,474,3950.000,True,145.000,166.000,0.000,203.000,68.000,0.322222,0.544444,-0.774437,42.853,47.189,149.821,1301.0
VictoriaRoso_9_puntos_intento_3.mp4,475,3958.333,True,145.000,166.000,0.000,203.000,68.000,0.322222,0.544444,-0.774437,42.241,47.649,149.213,1282.0
VictoriaRoso_9_puntos_intento_3.mp4,476,3966.667,True,145.000,166.000,0.000,202.000,68.000,0.316667,0.544444,-0.776725,42.256,48.131,139.509,1288.0
VictoriaRoso_9_puntos_intento_3.mp4,477,3975.000,True,145.000,166.000,0.000,203.000,68.000,0.322222,0.544444,-0.774437,42.589,47.904,143.579,1269.5
VictoriaRoso_9_puntos_intento_3.mp4,478,3983.333,True,145.000,166.000,0.000,203.000,69.000,0.322222,0.538889,-0.778313,42.463,46.619,149.550,1290.5
VictoriaRoso_9_puntos_intento_3.mp4,479,3991.667,True,145.000,166.000,0.000,203.000,69.000,0.322222,0.538889,-0.778313,42.272,47.651,145.411,1285.0
VictoriaRoso_9_puntos_intento_3.mp4,480,4000.000,True,145.000,166.000,0.000,202.000,68.000,0.316667,0.544444,-0.776725,42.071,48.444,136.100,1269.5
VictoriaRoso_9_puntos_intento_3.mp4,481,4008.333,True,145.000,166.000,0.000,203.000,69.000,0.322222,0.538889,-0.778313,42.608,47.496,150.375,1286.5
VictoriaRoso_9_puntos_intento_3.mp4,482,4016.667,True,145.000,166.000,0.000,203.000,69.000,0.322222,0.538889,-0.778313,43.145,45.823,144.398,1285.0
VictoriaRoso_9_puntos_intento_3.mp4,483,4025.000,True,145.000,166.000,0.000,202.000,68.000,0.316667,0.544444,-0.776725,41.651,49.254,139.073,1277.0
VictoriaRoso_9_puntos_intento_3.mp4,484,4033.333,True,145.000,166.000,0.000,202.000,68.000,0.316667,0.544444,-0.776725,42.424,49.403,138.167,1291.0
VictoriaRoso_9_puntos_intento_3.mp4,485,4041.667,True,145.000,166.000,0.000,202.000,68.000,0.316667,0.544444,-0.776725,41.772,48.944,139.489,1282.0
VictoriaRoso_9_puntos_intento_3.mp4,486,4050.000,True,145.000,166.000,0.000,202.000,68.000,0.316667,0.544444,-0.776725,42.562,48.836,132.358,1307.5
VictoriaRoso_9_puntos_intento_3.mp4,487,4058.333,True,145.000,166.000,0.000,203.000,69.000,0.322222,0.538889,-0.778313,41.868,47.678,148.858,1296.0
VictoriaRoso_9_puntos_intento_3.mp4,488,4066.667,True,145.000,166.000,0.000,203.000,68.000,0.322222,0.544444,-0.774437,41.080,48.544,146.445,1289.0
VictoriaRoso_9_puntos_intento_3.mp4,489,4075.000,True,145.000,166.000,0.000,203.000,68.000,0.322222,0.544444,-0.774437,41.721,47.696,148.768,1284.0
VictoriaRoso_9_puntos_intento_3.mp4,490,4083.333,True,145.000,166.000,0.000,203.000,68.000,0.322222,0.544444,-0.774437,42.318,46.811,147.107,1290.0
VictoriaRoso_9_puntos_intento_3.mp4,491,4091.667,True,145.000,166.000,0.000,203.000,68.000,0.322222,0.544444,-0.774437,42.312,47.631,145.769,1288.0
VictoriaRoso_9_puntos_intento_3.mp4,492,4100.000,True,145.000,166.000,0.000,203.000,69.000,0.322222,0.538889,-0.778313,42.742,47.406,153.498,1298.5
VictoriaRoso_9_puntos_intento_3.mp4,493,4108.333,True,145.000,166.000,0.000,203.000,69.000,0.322222,0.538889,-0.778313,43.336,46.702,135.462,1292.0
VictoriaRoso_9_puntos_intento_3.mp4,494,4116.667,True,145.000,166.000,0.000,203.000,69.000,0.322222,0.538889,-0.778313,41.937,46.840,142.094,1278.0
VictoriaRoso_9_puntos_intento_3.mp4,495,4125.000,True,145.000,166.000,0.000,203.000,69.000,0.322222,0.538889,-0.778313,42.487,47.557,133.874,1276.0
VictoriaRoso_9_puntos_intento_3.mp4,496,4133.333,True,145.000,166.000,0.000,203.000,69.000,0.322222,0.538889,-0.778313,43.064,48.136,141.981,1296.0
VictoriaRoso_9_puntos_intento_3.mp4,497,4141.667,True,145.000,166.000,0.000,202.000,68.000,0.316667,0.544444,-0.776725,42.347,48.959,131.420,1278.5
VictoriaRoso_9_puntos_intento_3.mp4,498,4150.000,True,145.000,166.000,0.000,203.000,69.000,0.322222,0.538889,-0.778313,42.799,46.448,148.834,1292.5
VictoriaRoso_9_puntos_intento_3.mp4,499,4158.333,True,145.000,166.000,0.000,203.000,69.000,0.322222,0.538889,-0.778313,42.492,48.065,147.167,1300.5
VictoriaRoso_9_puntos_intento_3.mp4,500,4166.667,True,145.000,166.000,0.000,203.000,68.000,0.322222,0.544444,-0.774437,42.166,48.404,140.603,1282.5
VictoriaRoso_9_puntos_intento_3.mp4,501,4175.000,True,145.000,166.000,0.000,203.000,69.000,0.322222,0.538889,-0.778313,42.839,47.089,142.030,1289.5
VictoriaRoso_9_puntos_intento_3.mp4,502,4183.333,True,145.000,166.000,0.000,204.000,69.000,0.327778,0.538889,-0.775990,41.067,48.168,153.743,1289.5
VictoriaRoso_9_puntos_intento_3.mp4,503,4191.667,True,145.000,166.000,0.000,204.000,68.000,0.327778,0.544444,-0.772102,42.334,47.763,157.454,1301.0
VictoriaRoso_9_puntos_intento_3.mp4,504,4200.000,True,145.000,166.000,0.000,203.000,68.000,0.322222,0.544444,-0.774437,40.997,48.339,148.241,1293.0
VictoriaRoso_9_puntos_intento_3.mp4,505,4208.333,True,145.000,166.000,0.000,203.000,69.000,0.322222,0.538889,-0.778313,42.826,47.172,149.561,1298.5
VictoriaRoso_9_puntos_intento_3.mp4,506,4216.667,True,145.000,166.000,0.000,202.000,69.000,0.316667,0.538889,-0.780590,42.677,47.940,139.805,1302.5
VictoriaRoso_9_puntos_intento_3.mp4,507,4225.000,True,145.000,166.000,0.000,203.000,68.000,0.322222,0.544444,-0.774437,42.276,47.714,146.394,1280.0
VictoriaRoso_9_puntos_intento_3.mp4,508,4233.333,True,145.000,166.000,0.000,203.000,68.000,0.322222,0.544444,-0.774437,42.958,47.863,135.634,1298.5
VictoriaRoso_9_puntos_intento_3.mp4,509,4241.667,True,145.000,166.000,0.000,203.000,68.000,0.322222,0.544444,-0.774437,42.069,47.877,144.640,1288.0
VictoriaRoso_9_puntos_intento_3.mp4,510,4250.000,True,145.000,166.000,0.000,203.000,69.000,0.322222,0.538889,-0.778313,42.224,48.527,142.163,1305.0
VictoriaRoso_9_puntos_intento_3.mp4,511,4258.333,True,145.000,166.000,0.000,203.000,68.000,0.322222,0.544444,-0.774437,42.591,47.915,147.208,1300.0
VictoriaRoso_9_puntos_intento_3.mp4,512,4266.667,True,145.000,166.000,0.000,203.000,68.000,0.322222,0.544444,-0.774437,42.645,47.710,149.938,1298.0
VictoriaRoso_9_puntos_intento_3.mp4,513,4275.000,True,145.000,166.000,0.000,204.000,69.000,0.327778,0.538889,-0.775990,42.497,46.290,159.623,1291.0
VictoriaRoso_9_puntos_intento_3.mp4,514,4283.333,True,145.000,166.000,0.000,203.000,68.000,0.322222,0.544444,-0.774437,42.445,48.922,147.410,1297.5
VictoriaRoso_9_puntos_intento_3.mp4,515,4291.667,True,145.000,166.000,0.000,203.000,69.000,0.322222,0.538889,-0.778313,42.622,48.023,139.910,1283.5
VictoriaRoso_9_puntos_intento_3.mp4,516,4300.000,True,145.000,166.000,0.000,203.000,68.000,0.322222,0.544444,-0.774437,43.230,47.764,149.273,1281.5
VictoriaRoso_9_puntos_intento_3.mp4,517,4308.333,True,145.000,166.000,0.000,203.000,68.000,0.322222,0.544444,-0.774437,42.226,48.984,140.297,1258.0
VictoriaRoso_9_puntos_intento_3.mp4,518,4316.667,True,145.000,166.000,0.000,202.000,68.000,0.316667,0.544444,-0.776725,42.620,49.709,135.409,1290.0
VictoriaRoso_9_puntos_intento_3.mp4,519,4325.000,True,145.000,166.000,0.000,203.000,68.000,0.322222,0.544444,-0.774437,42.032,49.492,143.558,1296.5
VictoriaRoso_9_puntos_intento_3.mp4,520,4333.333,True,145.000,166.000,0.000,204.000,68.000,0.327778,0.544444,-0.772102,40.527,49.157,154.936,1282.5
VictoriaRoso_9_puntos_intento_3.mp4,521,4341.667,True,145.000,166.000,0.000,203.000,68.000,0.322222,0.544444,-0.774437,41.858,49.663,143.824,1301.0
VictoriaRoso_9_puntos_intento_3.mp4,522,4350.000,True,145.000,166.000,0.000,203.000,68.000,0.322222,0.544444,-0.774437,42.798,48.612,149.743,1313.5
VictoriaRoso_9_puntos_intento_3.mp4,523,4358.333,True,145.000,166.000,0.000,201.000,69.000,0.311111,0.538889,-0.782821,42.730,47.919,145.434,1280.5
VictoriaRoso_9_puntos_intento_3.mp4,524,4366.667,True,145.000,166.000,0.000,195.000,70.000,0.277778,0.533333,-0.798996,44.878,46.626,141.019,1262.5
VictoriaRoso_9_puntos_intento_3.mp4,525,4375.000,True,145.000,166.000,0.000,188.000,71.000,0.238889,0.527778,-0.815097,44.573,46.351,53.445,1213.5
VictoriaRoso_9_puntos_intento_3.mp4,526,4383.333,True,145.000,166.000,0.000,182.000,73.000,0.205556,0.516667,-0.831145,42.395,47.688,50.203,1157.5
VictoriaRoso_9_puntos_intento_3.mp4,527,4391.667,True,145.000,166.000,0.000,175.000,75.000,0.166667,0.505556,-0.846543,39.422,50.427,52.682,1091.5
VictoriaRoso_9_puntos_intento_3.mp4,528,4400.000,True,145.000,166.000,0.000,172.000,76.000,0.150000,0.500000,-0.852936,37.105,50.239,53.154,1070.5
VictoriaRoso_9_puntos_intento_3.mp4,529,4408.333,True,145.000,166.000,0.000,172.000,76.000,0.150000,0.500000,-0.852936,39.780,50.098,53.365,1100.5
VictoriaRoso_9_puntos_intento_3.mp4,530,4416.667,True,145.000,166.000,0.000,170.000,75.000,0.138889,0.505556,-0.851542,42.668,47.747,62.029,1108.0
VictoriaRoso_9_puntos_intento_3.mp4,531,4425.000,True,145.000,166.000,0.000,172.000,78.000,0.150000,0.488889,-0.859353,33.455,51.737,61.429,1061.5
VictoriaRoso_9_puntos_intento_3.mp4,532,4433.333,True,145.000,166.000,0.000,171.000,76.000,0.144444,0.500000,-0.853894,39.376,49.633,54.718,1074.5
VictoriaRoso_9_puntos_intento_3.mp4,533,4441.667,True,145.000,166.000,0.000,171.000,76.000,0.144444,0.500000,-0.853894,38.064,50.158,58.406,1106.5
VictoriaRoso_9_puntos_intento_3.mp4,534,4450.000,True,145.000,166.000,0.000,171.000,76.000,0.144444,0.500000,-0.853894,39.840,49.366,59.192,1105.5
VictoriaRoso_9_puntos_intento_3.mp4,535,4458.333,True,145.000,166.000,0.000,171.000,76.000,0.144444,0.500000,-0.853894,39.842,49.645,57.079,1101.0
VictoriaRoso_9_puntos_intento_3.mp4,536,4466.667,True,145.000,166.000,0.000,172.000,76.000,0.150000,0.500000,-0.852936,38.618,50.152,56.973,1117.5
VictoriaRoso_9_puntos_intento_3.mp4,537,4475.000,True,145.000,166.000,0.000,171.000,76.000,0.144444,0.500000,-0.853894,39.052,50.138,56.702,1105.5
VictoriaRoso_9_puntos_intento_3.mp4,538,4483.333,True,145.000,166.000,0.000,171.000,76.000,0.144444,0.500000,-0.853894,39.353,49.966,57.449,1108.0
VictoriaRoso_9_puntos_intento_3.mp4,539,4491.667,True,145.000,166.000,0.000,172.000,76.000,0.150000,0.500000,-0.852936,37.150,50.569,56.558,1121.5
VictoriaRoso_9_puntos_intento_3.mp4,540,4500.000,True,145.000,166.000,0.000,172.000,77.000,0.150000,0.494444,-0.856169,36.860,50.887,56.437,1120.0
VictoriaRoso_9_puntos_intento_3.mp4,541,4508.333,True,145.000,166.000,0.000,171.000,76.000,0.144444,0.500000,-0.853894,39.584,49.504,56.494,1118.5
VictoriaRoso_9_puntos_intento_3.mp4,542,4516.667,True,145.000,166.000,0.000,171.000,76.000,0.144444,0.500000,-0.853894,40.866,49.184,54.090,1120.0
VictoriaRoso_9_puntos_intento_3.mp4,543,4525.000,True,145.000,166.000,0.000,171.000,75.000,0.144444,0.505556,-0.850617,39.969,49.367,51.922,1113.5
VictoriaRoso_9_puntos_intento_3.mp4,544,4533.333,True,145.000,166.000,0.000,171.000,75.000,0.144444,0.505556,-0.850617,39.915,50.021,57.702,1117.5
VictoriaRoso_9_puntos_intento_3.mp4,545,4541.667,True,145.000,166.000,0.000,171.000,76.000,0.144444,0.500000,-0.853894,38.714,50.119,59.125,1115.0
VictoriaRoso_9_puntos_intento_3.mp4,546,4550.000,True,145.000,166.000,0.000,169.000,76.000,0.133333,0.500000,-0.855700,39.833,50.481,62.975,1126.5
VictoriaRoso_9_puntos_intento_3.mp4,547,4558.333,True,145.000,166.000,0.000,166.000,81.000,0.116667,0.472222,-0.873725,31.771,54.209,61.208,1080.5
VictoriaRoso_9_puntos_intento_3.mp4,548,4566.667,True,145.000,166.000,0.000,161.000,84.000,0.088889,0.455556,-0.885758,28.874,57.093,65.177,1086.5
VictoriaRoso_9_puntos_intento_3.mp4,549,4575.000,True,145.000,166.000,0.000,157.000,85.000,0.066667,0.450000,-0.890537,28.203,56.325,66.138,1053.5
VictoriaRoso_9_puntos_intento_3.mp4,550,4583.333,True,145.000,166.000,0.000,156.000,85.000,0.061111,0.450000,-0.890935,26.959,55.907,69.709,1061.0
VictoriaRoso_9_puntos_intento_3.mp4,551,4591.667,True,145.000,166.000,0.000,156.000,85.000,0.061111,0.450000,-0.890935,27.121,52.655,70.815,997.0
VictoriaRoso_9_puntos_intento_3.mp4,552,4600.000,True,145.000,166.000,0.000,155.000,86.000,0.055556,0.444444,-0.894082,25.633,53.851,73.653,986.0
VictoriaRoso_9_puntos_intento_3.mp4,553,4608.333,True,145.000,166.000,0.000,156.000,86.000,0.061111,0.444444,-0.893720,26.116,54.140,71.067,998.5
VictoriaRoso_9_puntos_intento_3.mp4,554,4616.667,True,145.000,166.000,0.000,155.000,85.000,0.055556,0.450000,-0.891299,27.117,52.684,70.609,1016.0
VictoriaRoso_9_puntos_intento_3.mp4,555,4625.000,True,145.000,166.000,0.000,155.000,85.000,0.055556,0.450000,-0.891299,28.223,52.709,70.454,998.0
VictoriaRoso_9_puntos_intento_3.mp4,556,4633.333,True,145.000,166.000,0.000,156.000,85.000,0.061111,0.450000,-0.890935,26.140,53.486,72.018,1003.5
VictoriaRoso_9_puntos_intento_3.mp4,557,4641.667,True,145.000,166.000,0.000,155.000,85.000,0.055556,0.450000,-0.891299,26.659,53.488,72.658,1013.5
VictoriaRoso_9_puntos_intento_3.mp4,558,4650.000,True,145.000,166.000,0.000,155.000,85.000,0.055556,0.450000,-0.891299,26.803,53.119,71.389,1009.0
VictoriaRoso_9_puntos_intento_3.mp4,559,4658.333,True,145.000,166.000,0.000,155.000,85.000,0.055556,0.450000,-0.891299,26.337,53.722,70.456,1003.0
VictoriaRoso_9_puntos_intento_3.mp4,560,4666.667,True,144.000,166.000,0.000,155.000,85.000,0.061111,0.450000,-0.890935,26.898,54.319,69.707,1019.5
VictoriaRoso_9_puntos_intento_3.mp4,561,4675.000,True,144.000,166.000,0.000,155.000,85.000,0.061111,0.450000,-0.890935,27.165,53.151,71.208,1011.0
VictoriaRoso_9_puntos_intento_3.mp4,562,4683.333,True,144.000,166.000,0.000,156.000,85.000,0.066667,0.450000,-0.890537,26.651,53.328,70.345,1005.5
VictoriaRoso_9_puntos_intento_3.mp4,563,4691.667,True,144.000,166.000,0.000,155.000,85.000,0.061111,0.450000,-0.890935,26.503,55.045,70.401,1014.5
VictoriaRoso_9_puntos_intento_3.mp4,564,4700.000,True,144.000,166.000,0.000,155.000,85.000,0.061111,0.450000,-0.890935,25.978,54.367,69.652,1005.5
VictoriaRoso_9_puntos_intento_3.mp4,565,4708.333,True,144.000,166.000,0.000,155.000,85.000,0.061111,0.450000,-0.890935,26.914,54.976,71.270,1005.0
VictoriaRoso_9_puntos_intento_3.mp4,566,4716.667,True,144.000,166.000,0.000,155.000,85.000,0.061111,0.450000,-0.890935,26.584,53.479,71.915,993.5
VictoriaRoso_9_puntos_intento_3.mp4,567,4725.000,True,144.000,166.000,0.000,155.000,85.000,0.061111,0.450000,-0.890935,26.663,52.145,72.261,1002.0
VictoriaRoso_9_puntos_intento_3.mp4,568,4733.333,True,144.000,166.000,0.000,155.000,85.000,0.061111,0.450000,-0.890935,26.896,52.147,72.770,1000.0
VictoriaRoso_9_puntos_intento_3.mp4,569,4741.667,True,144.000,166.000,0.000,155.000,85.000,0.061111,0.450000,-0.890935,26.467,52.514,72.817,1000.5
VictoriaRoso_9_puntos_intento_3.mp4,570,4750.000,True,144.000,166.000,0.000,155.000,85.000,0.061111,0.450000,-0.890935,26.551,52.436,72.375,1010.5
VictoriaRoso_9_puntos_intento_3.mp4,571,4758.333,True,144.000,166.000,0.000,155.000,85.000,0.061111,0.450000,-0.890935,26.582,53.950,72.785,1009.0
VictoriaRoso_9_puntos_intento_3.mp4,572,4766.667,True,144.000,166.000,0.000,155.000,85.000,0.061111,0.450000,-0.890935,26.630,52.988,72.831,1013.0
VictoriaRoso_9_puntos_intento_3.mp4,573,4775.000,True,144.000,166.000,0.000,155.000,85.000,0.061111,0.450000,-0.890935,26.042,52.021,74.082,991.5
VictoriaRoso_9_puntos_intento_3.mp4,574,4783.333,True,144.000,166.000,0.000,155.000,85.000,0.061111,0.450000,-0.890935,26.671,52.862,73.775,1003.0
VictoriaRoso_9_puntos_intento_3.mp4,575,4791.667,True,144.000,166.000,0.000,155.000,85.000,0.061111,0.450000,-0.890935,26.411,54.143,74.466,1009.0
VictoriaRoso_9_puntos_intento_3.mp4,576,4800.000,True,144.000,166.000,0.000,155.000,85.000,0.061111,0.450000,-0.890935,27.371,52.610,73.227,1024.5
VictoriaRoso_9_puntos_intento_3.mp4,577,4808.333,True,144.000,166.000,0.000,155.000,84.000,0.061111,0.455556,-0.888107,26.197,55.295,72.684,1009.5
VictoriaRoso_9_puntos_intento_3.mp4,578,4816.667,True,144.000,166.000,0.000,156.000,84.000,0.066667,0.455556,-0.887708,26.560,55.466,70.241,1012.5
VictoriaRoso_9_puntos_intento_3.mp4,579,4825.000,True,144.000,166.000,0.000,155.000,84.000,0.061111,0.455556,-0.888107,27.507,53.096,71.844,1006.5
VictoriaRoso_9_puntos_intento_3.mp4,580,4833.333,True,144.000,166.000,0.000,155.000,84.000,0.061111,0.455556,-0.888107,27.631,52.880,72.479,1003.0
VictoriaRoso_9_puntos_intento_3.mp4,581,4841.667,True,144.000,166.000,0.000,155.000,84.000,0.061111,0.455556,-0.888107,28.633,52.591,69.838,1020.0
VictoriaRoso_9_puntos_intento_3.mp4,582,4850.000,True,144.000,166.000,0.000,155.000,84.000,0.061111,0.455556,-0.888107,27.458,51.776,71.821,1001.5
VictoriaRoso_9_puntos_intento_3.mp4,583,4858.333,True,144.000,166.000,0.000,155.000,84.000,0.061111,0.455556,-0.888107,27.390,52.418,70.643,1006.0
VictoriaRoso_9_puntos_intento_3.mp4,584,4866.667,True,144.000,166.000,0.000,154.000,85.000,0.055556,0.450000,-0.891299,27.526,53.401,70.045,1023.0
VictoriaRoso_9_puntos_intento_3.mp4,585,4875.000,True,144.000,166.000,0.000,155.000,85.000,0.061111,0.450000,-0.890935,27.416,51.914,70.984,1010.5
VictoriaRoso_9_puntos_intento_3.mp4,586,4883.333,True,144.000,166.000,0.000,154.000,85.000,0.055556,0.450000,-0.891299,27.654,53.098,69.791,1019.5
VictoriaRoso_9_puntos_intento_3.mp4,587,4891.667,True,144.000,166.000,0.000,155.000,84.000,0.061111,0.455556,-0.888107,28.865,52.240,70.051,1031.5
VictoriaRoso_9_puntos_intento_3.mp4,588,4900.000,True,144.000,166.000,0.000,155.000,84.000,0.061111,0.455556,-0.888107,28.304,52.655,68.718,1044.0
VictoriaRoso_9_puntos_intento_3.mp4,589,4908.333,True,144.000,166.000,0.000,155.000,84.000,0.061111,0.455556,-0.888107,28.639,52.913,73.924,1037.5
VictoriaRoso_9_puntos_intento_3.mp4,590,4916.667,True,144.000,166.000,0.000,155.000,84.000,0.061111,0.455556,-0.888107,28.702,53.291,70.411,1048.5
VictoriaRoso_9_puntos_intento_3.mp4,591,4925.000,True,144.000,166.000,0.000,155.000,85.000,0.061111,0.450000,-0.890935,27.468,53.874,70.908,1049.5
VictoriaRoso_9_puntos_intento_3.mp4,592,4933.333,True,144.000,166.000,0.000,155.000,84.000,0.061111,0.455556,-0.888107,28.888,53.515,69.886,1048.5
VictoriaRoso_9_puntos_intento_3.mp4,593,4941.667,True,144.000,166.000,0.000,155.000,84.000,0.061111,0.455556,-0.888107,27.245,54.037,72.069,1028.5
VictoriaRoso_9_puntos_intento_3.mp4,594,4950.000,True,144.000,166.000,0.000,155.000,84.000,0.061111,0.455556,-0.888107,28.224,53.620,71.975,1048.0
VictoriaRoso_9_puntos_intento_3.mp4,595,4958.333,True,144.000,166.000,0.000,155.000,84.000,0.061111,0.455556,-0.888107,29.139,52.578,71.341,1033.0
VictoriaRoso_9_puntos_intento_3.mp4,596,4966.667,True,144.000,166.000,0.000,155.000,84.000,0.061111,0.455556,-0.888107,26.924,54.740,74.265,1046.5
VictoriaRoso_9_puntos_intento_3.mp4,597,4975.000,True,144.000,166.000,0.000,155.000,85.000,0.061111,0.450000,-0.890935,26.509,54.367,74.161,1035.5
VictoriaRoso_9_puntos_intento_3.mp4,598,4983.333,True,144.000,166.000,0.000,156.000,85.000,0.066667,0.450000,-0.890537,26.840,53.400,72.655,1034.5
VictoriaRoso_9_puntos_intento_3.mp4,599,4991.667,True,144.000,166.000,0.000,155.000,84.000,0.061111,0.455556,-0.888107,27.786,53.541,68.474,1046.5
VictoriaRoso_9_puntos_intento_3.mp4,600,5000.000,True,144.000,166.000,0.000,155.000,84.000,0.061111,0.455556,-0.888107,27.395,54.233,69.617,1035.0
VictoriaRoso_9_puntos_intento_3.mp4,601,5008.333,True,144.000,166.000,0.000,155.000,84.000,0.061111,0.455556,-0.888107,28.173,52.644,71.704,1022.5
VictoriaRoso_9_puntos_intento_3.mp4,602,5016.667,True,144.000,166.000,0.000,155.000,84.000,0.061111,0.455556,-0.888107,27.439,53.388,71.829,1041.0
VictoriaRoso_9_puntos_intento_3.mp4,603,5025.000,True,144.000,166.000,0.000,155.000,84.000,0.061111,0.455556,-0.888107,29.044,52.093,71.270,1055.5
VictoriaRoso_9_puntos_intento_3.mp4,604,5033.333,True,144.000,166.000,0.000,155.000,84.000,0.061111,0.455556,-0.888107,27.974,52.495,70.129,1032.0
VictoriaRoso_9_puntos_intento_3.mp4,605,5041.667,True,144.000,166.000,0.000,155.000,84.000,0.061111,0.455556,-0.888107,27.216,53.209,71.006,1020.5
VictoriaRoso_9_puntos_intento_3.mp4,606,5050.000,True,144.000,166.000,0.000,155.000,84.000,0.061111,0.455556,-0.888107,28.201,52.700,70.939,1056.0
VictoriaRoso_9_puntos_intento_3.mp4,607,5058.333,True,144.000,166.000,0.000,155.000,84.000,0.061111,0.455556,-0.888107,27.824,53.944,70.401,1042.0
VictoriaRoso_9_puntos_intento_3.mp4,608,5066.667,True,144.000,166.000,0.000,155.000,84.000,0.061111,0.455556,-0.888107,28.243,53.655,69.082,1054.0
VictoriaRoso_9_puntos_intento_3.mp4,609,5075.000,True,144.000,166.000,0.000,155.000,84.000,0.061111,0.455556,-0.888107,27.754,53.244,71.936,1051.5
VictoriaRoso_9_puntos_intento_3.mp4,610,5083.333,True,144.000,166.000,0.000,155.000,85.000,0.061111,0.450000,-0.890935,26.965,54.586,73.053,1048.0
VictoriaRoso_9_puntos_intento_3.mp4,611,5091.667,True,144.000,166.000,0.000,155.000,84.000,0.061111,0.455556,-0.888107,28.002,53.090,72.170,1024.5
VictoriaRoso_9_puntos_intento_3.mp4,612,5100.000,True,144.000,166.000,0.000,156.000,84.000,0.066667,0.455556,-0.887708,27.870,53.809,71.092,1034.5
VictoriaRoso_9_puntos_intento_3.mp4,613,5108.333,True,144.000,166.000,0.000,155.000,84.000,0.061111,0.455556,-0.888107,29.241,52.565,72.310,1027.5
VictoriaRoso_9_puntos_intento_3.mp4,614,5116.667,True,144.000,166.000,0.000,155.000,84.000,0.061111,0.455556,-0.888107,27.516,53.534,73.780,1047.5
VictoriaRoso_9_puntos_intento_3.mp4,615,5125.000,True,144.000,166.000,0.000,155.000,85.000,0.061111,0.450000,-0.890935,26.507,52.777,75.415,1027.0
VictoriaRoso_9_puntos_intento_3.mp4,616,5133.333,True,144.000,166.000,0.000,154.000,85.000,0.055556,0.450000,-0.891299,27.152,52.330,72.884,1012.5
VictoriaRoso_9_puntos_intento_3.mp4,617,5141.667,True,144.000,166.000,0.000,154.000,84.000,0.055556,0.455556,-0.888472,27.405,52.736,73.053,999.0
VictoriaRoso_9_puntos_intento_3.mp4,618,5150.000,True,144.000,166.000,0.000,153.000,84.000,0.050000,0.455556,-0.888802,27.167,52.174,73.111,991.0
VictoriaRoso_9_puntos_intento_3.mp4,619,5158.333,True,144.000,166.000,0.000,153.000,85.000,0.050000,0.450000,-0.891628,26.376,53.826,70.807,1008.5
VictoriaRoso_9_puntos_intento_3.mp4,620,5166.667,True,144.000,166.000,0.000,153.000,85.000,0.050000,0.450000,-0.891628,26.069,52.492,72.369,1013.0
VictoriaRoso_9_puntos_intento_3.mp4,621,5175.000,True,144.000,166.000,0.000,153.000,85.000,0.050000,0.450000,-0.891628,26.402,52.033,72.325,1005.0
VictoriaRoso_9_puntos_intento_3.mp4,622,5183.333,True,144.000,166.000,0.000,154.000,84.000,0.055556,0.455556,-0.888472,27.015,51.466,71.727,1016.5
VictoriaRoso_9_puntos_intento_3.mp4,623,5191.667,True,144.000,166.000,0.000,153.000,85.000,0.050000,0.450000,-0.891628,26.206,51.492,73.563,999.0
VictoriaRoso_9_puntos_intento_3.mp4,624,5200.000,True,144.000,166.000,0.000,153.000,85.000,0.050000,0.450000,-0.891628,26.143,51.670,74.612,999.0
VictoriaRoso_9_puntos_intento_3.mp4,625,5208.333,True,144.000,166.000,0.000,153.000,84.000,0.050000,0.455556,-0.888802,26.941,52.123,75.191,1010.5
VictoriaRoso_9_puntos_intento_3.mp4,626,5216.667,True,144.000,166.000,0.000,153.000,85.000,0.050000,0.450000,-0.891628,26.961,52.337,74.367,1011.0
VictoriaRoso_9_puntos_intento_3.mp4,627,5225.000,True,144.000,166.000,0.000,153.000,85.000,0.050000,0.450000,-0.891628,26.809,52.235,73.850,1024.0
VictoriaRoso_9_puntos_intento_3.mp4,628,5233.333,True,144.000,166.000,0.000,153.000,85.000,0.050000,0.450000,-0.891628,27.238,51.585,73.661,1033.5
VictoriaRoso_9_puntos_intento_3.mp4,629,5241.667,True,144.000,166.000,0.000,153.000,85.000,0.050000,0.450000,-0.891628,26.810,51.171,73.196,1011.5
VictoriaRoso_9_puntos_intento_3.mp4,630,5250.000,True,144.000,166.000,0.000,153.000,85.000,0.050000,0.450000,-0.891628,27.046,53.210,72.412,1024.5
VictoriaRoso_9_puntos_intento_3.mp4,631,5258.333,True,144.000,166.000,0.000,153.000,85.000,0.050000,0.450000,-0.891628,26.410,51.671,74.568,1024.0
VictoriaRoso_9_puntos_intento_3.mp4,632,5266.667,True,144.000,166.000,0.000,154.000,84.000,0.055556,0.455556,-0.888472,27.192,52.766,72.157,1022.5
VictoriaRoso_9_puntos_intento_3.mp4,633,5275.000,True,144.000,166.000,0.000,153.000,85.000,0.050000,0.450000,-0.891628,26.360,52.469,72.958,1008.0
VictoriaRoso_9_puntos_intento_3.mp4,634,5283.333,True,144.000,166.000,0.000,153.000,85.000,0.050000,0.450000,-0.891628,26.123,52.271,73.962,1007.0
VictoriaRoso_9_puntos_intento_3.mp4,635,5291.667,True,144.000,166.000,0.000,154.000,84.000,0.055556,0.455556,-0.888472,26.748,53.298,73.669,1019.0
VictoriaRoso_9_puntos_intento_3.mp4,636,5300.000,True,144.000,166.000,0.000,154.000,84.000,0.055556,0.455556,-0.888472,27.170,53.202,73.860,1022.5
VictoriaRoso_9_puntos_intento_3.mp4,637,5308.333,True,144.000,166.000,0.000,153.000,84.000,0.050000,0.455556,-0.888802,27.583,53.017,73.521,1026.0
VictoriaRoso_9_puntos_intento_3.mp4,638,5316.667,True,144.000,166.000,0.000,153.000,85.000,0.050000,0.450000,-0.891628,26.831,52.902,73.322,1033.0
VictoriaRoso_9_puntos_intento_3.mp4,639,5325.000,True,144.000,166.000,0.000,153.000,84.000,0.050000,0.455556,-0.888802,26.825,52.439,72.739,999.0
VictoriaRoso_9_puntos_intento_3.mp4,640,5333.333,True,144.000,166.000,0.000,154.000,84.000,0.055556,0.455556,-0.888472,26.713,52.630,73.124,1015.5
VictoriaRoso_9_puntos_intento_3.mp4,641,5341.667,True,144.000,166.000,0.000,154.000,85.000,0.055556,0.450000,-0.891299,26.220,53.875,70.914,1033.5
VictoriaRoso_9_puntos_intento_3.mp4,642,5350.000,True,144.000,166.000,0.000,153.000,85.000,0.050000,0.450000,-0.891628,26.107,52.393,73.994,1004.5
VictoriaRoso_9_puntos_intento_3.mp4,643,5358.333,True,144.000,166.000,0.000,153.000,85.000,0.050000,0.450000,-0.891628,26.711,52.914,72.391,1015.0
VictoriaRoso_9_puntos_intento_3.mp4,644,5366.667,True,144.000,166.000,0.000,153.000,85.000,0.050000,0.450000,-0.891628,26.285,53.747,72.630,1022.5
VictoriaRoso_9_puntos_intento_3.mp4,645,5375.000,True,144.000,166.000,0.000,153.000,85.000,0.050000,0.450000,-0.891628,26.350,52.472,73.752,1012.0
VictoriaRoso_9_puntos_intento_3.mp4,646,5383.333,True,144.000,166.000,0.000,153.000,84.000,0.050000,0.455556,-0.888802,27.116,52.650,74.064,1028.5
VictoriaRoso_9_puntos_intento_3.mp4,647,5391.667,True,144.000,166.000,0.000,153.000,84.000,0.050000,0.455556,-0.888802,27.298,52.324,75.156,1025.5
VictoriaRoso_9_puntos_intento_3.mp4,648,5400.000,True,144.000,166.000,0.000,153.000,84.000,0.050000,0.455556,-0.888802,26.570,52.429,73.068,1021.5
VictoriaRoso_9_puntos_intento_3.mp4,649,5408.333,True,144.000,166.000,0.000,153.000,84.000,0.050000,0.455556,-0.888802,27.143,54.286,72.179,1030.5
VictoriaRoso_9_puntos_intento_3.mp4,650,5416.667,True,144.000,166.000,0.000,153.000,84.000,0.050000,0.455556,-0.888802,27.431,52.364,73.011,1031.0
VictoriaRoso_9_puntos_intento_3.mp4,651,5425.000,True,144.000,166.000,0.000,153.000,84.000,0.050000,0.455556,-0.888802,28.296,52.621,71.790,1033.0
VictoriaRoso_9_puntos_intento_3.mp4,652,5433.333,True,144.000,166.000,0.000,153.000,84.000,0.050000,0.455556,-0.888802,27.112,54.235,71.304,1030.5
VictoriaRoso_9_puntos_intento_3.mp4,653,5441.667,True,144.000,166.000,0.000,153.000,84.000,0.050000,0.455556,-0.888802,28.184,52.772,72.097,1036.5
VictoriaRoso_9_puntos_intento_3.mp4,654,5450.000,True,144.000,166.000,0.000,153.000,84.000,0.050000,0.455556,-0.888802,27.503,53.393,72.489,1037.0
VictoriaRoso_9_puntos_intento_3.mp4,655,5458.333,True,144.000,166.000,0.000,153.000,85.000,0.050000,0.450000,-0.891628,26.581,53.735,71.644,1027.5
VictoriaRoso_9_puntos_intento_3.mp4,656,5466.667,True,144.000,166.000,0.000,153.000,85.000,0.050000,0.450000,-0.891628,26.752,53.383,71.620,1021.5
VictoriaRoso_9_puntos_intento_3.mp4,657,5475.000,True,144.000,166.000,0.000,154.000,85.000,0.055556,0.450000,-0.891299,26.769,54.439,73.342,1042.5
VictoriaRoso_9_puntos_intento_3.mp4,658,5483.333,True,144.000,166.000,0.000,154.000,84.000,0.055556,0.455556,-0.888472,28.044,53.582,73.874,1053.0
VictoriaRoso_9_puntos_intento_3.mp4,659,5491.667,True,144.000,166.000,0.000,154.000,84.000,0.055556,0.455556,-0.888472,28.340,53.837,70.125,1053.5
VictoriaRoso_9_puntos_intento_3.mp4,660,5500.000,True,144.000,166.000,0.000,154.000,84.000,0.055556,0.455556,-0.888472,27.636,55.212,70.705,1064.0
VictoriaRoso_9_puntos_intento_3.mp4,661,5508.333,True,144.000,166.000,0.000,153.000,84.000,0.050000,0.455556,-0.888802,28.412,53.485,72.443,1052.0
VictoriaRoso_9_puntos_intento_3.mp4,662,5516.667,True,144.000,166.000,0.000,153.000,84.000,0.050000,0.455556,-0.888802,29.335,52.173,71.002,1063.5
VictoriaRoso_9_puntos_intento_3.mp4,663,5525.000,True,144.000,166.000,0.000,153.000,85.000,0.050000,0.450000,-0.891628,27.336,53.810,73.992,1062.5
VictoriaRoso_9_puntos_intento_3.mp4,664,5533.333,True,144.000,166.000,0.000,154.000,85.000,0.055556,0.450000,-0.891299,27.607,52.772,74.022,1087.5
VictoriaRoso_9_puntos_intento_3.mp4,665,5541.667,True,144.000,166.000,0.000,154.000,84.000,0.055556,0.455556,-0.888472,28.725,52.190,68.772,1069.5
VictoriaRoso_9_puntos_intento_3.mp4,666,5550.000,True,144.000,166.000,0.000,153.000,85.000,0.050000,0.450000,-0.891628,27.583,52.975,73.613,1067.0
VictoriaRoso_9_puntos_intento_3.mp4,667,5558.333,True,144.000,166.000,0.000,154.000,84.000,0.055556,0.455556,-0.888472,27.202,52.973,70.382,1065.0
VictoriaRoso_9_puntos_intento_3.mp4,668,5566.667,True,144.000,166.000,0.000,153.000,84.000,0.050000,0.455556,-0.888802,28.256,53.491,71.371,1064.5
VictoriaRoso_9_puntos_intento_3.mp4,669,5575.000,True,144.000,166.000,0.000,153.000,84.000,0.050000,0.455556,-0.888802,28.680,53.885,72.528,1080.5
VictoriaRoso_9_puntos_intento_3.mp4,670,5583.333,True,144.000,166.000,0.000,153.000,84.000,0.050000,0.455556,-0.888802,28.792,53.595,72.174,1080.5
VictoriaRoso_9_puntos_intento_3.mp4,671,5591.667,True,144.000,166.000,0.000,153.000,85.000,0.050000,0.450000,-0.891628,27.277,56.163,70.831,1084.0
VictoriaRoso_9_puntos_intento_3.mp4,672,5600.000,True,144.000,166.000,0.000,153.000,85.000,0.050000,0.450000,-0.891628,27.624,55.767,72.212,1089.0
VictoriaRoso_9_puntos_intento_3.mp4,673,5608.333,True,144.000,166.000,0.000,154.000,84.000,0.055556,0.455556,-0.888472,28.887,54.263,70.329,1090.0
VictoriaRoso_9_puntos_intento_3.mp4,674,5616.667,True,144.000,166.000,0.000,154.000,84.000,0.055556,0.455556,-0.888472,28.424,56.206,71.577,1083.5
VictoriaRoso_9_puntos_intento_3.mp4,675,5625.000,True,144.000,166.000,0.000,154.000,84.000,0.055556,0.455556,-0.888472,27.996,54.597,70.275,1064.0
VictoriaRoso_9_puntos_intento_3.mp4,676,5633.333,True,144.000,166.000,0.000,153.000,84.000,0.050000,0.455556,-0.888802,29.234,54.527,70.617,1107.0
VictoriaRoso_9_puntos_intento_3.mp4,677,5641.667,True,144.000,166.000,0.000,154.000,84.000,0.055556,0.455556,-0.888472,29.246,54.235,70.060,1099.0
VictoriaRoso_9_puntos_intento_3.mp4,678,5650.000,True,144.000,166.000,0.000,154.000,84.000,0.055556,0.455556,-0.888472,29.340,54.296,70.381,1101.0
VictoriaRoso_9_puntos_intento_3.mp4,679,5658.333,True,144.000,166.000,0.000,154.000,84.000,0.055556,0.455556,-0.888472,28.076,56.222,70.193,1098.0
VictoriaRoso_9_puntos_intento_3.mp4,680,5666.667,True,144.000,166.000,0.000,153.000,85.000,0.050000,0.450000,-0.891628,27.530,57.125,69.301,1112.0
VictoriaRoso_9_puntos_intento_3.mp4,681,5675.000,True,144.000,166.000,0.000,154.000,84.000,0.055556,0.455556,-0.888472,28.059,56.323,70.579,1095.0
VictoriaRoso_9_puntos_intento_3.mp4,682,5683.333,True,144.000,166.000,0.000,153.000,84.000,0.050000,0.455556,-0.888802,28.476,54.089,70.831,1094.5
VictoriaRoso_9_puntos_intento_3.mp4,683,5691.667,True,144.000,166.000,0.000,153.000,85.000,0.050000,0.450000,-0.891628,28.162,55.428,70.880,1103.5
VictoriaRoso_9_puntos_intento_3.mp4,684,5700.000,True,144.000,166.000,0.000,153.000,84.000,0.050000,0.455556,-0.888802,28.718,54.875,70.930,1096.0
VictoriaRoso_9_puntos_intento_3.mp4,685,5708.333,True,144.000,166.000,0.000,153.000,85.000,0.050000,0.450000,-0.891628,28.404,56.510,70.491,1125.0
VictoriaRoso_9_puntos_intento_3.mp4,686,5716.667,True,144.000,166.000,0.000,155.000,84.000,0.061111,0.455556,-0.888107,28.857,56.420,67.421,1111.0
VictoriaRoso_9_puntos_intento_3.mp4,687,5725.000,True,144.000,166.000,0.000,157.000,83.000,0.072222,0.461111,-0.884398,29.680,55.324,67.637,1105.5
VictoriaRoso_9_puntos_intento_3.mp4,688,5733.333,True,144.000,166.000,0.000,156.000,83.000,0.066667,0.461111,-0.884835,30.864,55.174,66.585,1137.0
VictoriaRoso_9_puntos_intento_3.mp4,689,5741.667,True,144.000,166.000,0.000,156.000,83.000,0.066667,0.461111,-0.884835,31.085,54.782,68.078,1147.5
VictoriaRoso_9_puntos_intento_3.mp4,690,5750.000,True,144.000,166.000,0.000,157.000,83.000,0.072222,0.461111,-0.884398,30.542,55.756,65.102,1141.0
VictoriaRoso_9_puntos_intento_3.mp4,691,5758.333,True,144.000,166.000,0.000,156.000,84.000,0.066667,0.455556,-0.887708,29.365,56.654,67.563,1149.5
VictoriaRoso_9_puntos_intento_3.mp4,692,5766.667,True,144.000,166.000,0.000,156.000,83.000,0.066667,0.461111,-0.884835,31.298,55.181,65.575,1162.0
VictoriaRoso_9_puntos_intento_3.mp4,693,5775.000,True,144.000,166.000,0.000,156.000,84.000,0.066667,0.455556,-0.887708,29.916,57.868,63.826,1147.5
VictoriaRoso_9_puntos_intento_3.mp4,694,5783.333,True,144.000,166.000,0.000,156.000,84.000,0.066667,0.455556,-0.887708,29.659,57.134,64.960,1147.0
VictoriaRoso_9_puntos_intento_3.mp4,695,5791.667,True,144.000,166.000,0.000,157.000,83.000,0.072222,0.461111,-0.884398,29.399,56.142,68.946,1136.0
VictoriaRoso_9_puntos_intento_3.mp4,696,5800.000,True,144.000,166.000,0.000,156.000,83.000,0.066667,0.461111,-0.884835,29.497,55.806,69.239,1124.0
VictoriaRoso_9_puntos_intento_3.mp4,697,5808.333,True,144.000,166.000,0.000,156.000,83.000,0.066667,0.461111,-0.884835,30.689,55.564,69.404,1142.0
VictoriaRoso_9_puntos_intento_3.mp4,698,5816.667,True,144.000,166.000,0.000,156.000,84.000,0.066667,0.455556,-0.887708,29.710,56.577,68.974,1164.5
VictoriaRoso_9_puntos_intento_3.mp4,699,5825.000,True,144.000,166.000,0.000,156.000,83.000,0.066667,0.461111,-0.884835,31.238,55.103,66.304,1159.0
VictoriaRoso_9_puntos_intento_3.mp4,700,5833.333,True,144.000,166.000,0.000,156.000,83.000,0.066667,0.461111,-0.884835,29.960,55.120,68.995,1170.5
VictoriaRoso_9_puntos_intento_3.mp4,701,5841.667,True,144.000,166.000,0.000,156.000,84.000,0.066667,0.455556,-0.887708,28.656,56.135,67.147,1095.0
VictoriaRoso_9_puntos_intento_3.mp4,702,5850.000,True,144.000,166.000,0.000,156.000,83.000,0.066667,0.461111,-0.884835,29.778,54.841,67.122,1102.0
VictoriaRoso_9_puntos_intento_3.mp4,703,5858.333,True,144.000,166.000,0.000,156.000,84.000,0.066667,0.455556,-0.887708,27.523,54.218,71.951,1064.5
VictoriaRoso_9_puntos_intento_3.mp4,704,5866.667,True,144.000,166.000,0.000,156.000,84.000,0.066667,0.455556,-0.887708,27.522,55.911,69.386,1081.5
VictoriaRoso_9_puntos_intento_3.mp4,705,5875.000,True,144.000,166.000,0.000,156.000,84.000,0.066667,0.455556,-0.887708,27.685,55.662,69.244,1086.5
VictoriaRoso_9_puntos_intento_3.mp4,706,5883.333,True,144.000,166.000,0.000,157.000,84.000,0.072222,0.455556,-0.887273,27.679,56.582,69.236,1095.0
VictoriaRoso_9_puntos_intento_3.mp4,707,5891.667,True,144.000,166.000,0.000,156.000,84.000,0.066667,0.455556,-0.887708,27.733,56.748,69.451,1083.5
VictoriaRoso_9_puntos_intento_3.mp4,708,5900.000,True,144.000,166.000,0.000,157.000,84.000,0.072222,0.455556,-0.887273,27.669,56.414,70.168,1079.5
VictoriaRoso_9_puntos_intento_3.mp4,709,5908.333,True,144.000,166.000,0.000,156.000,84.000,0.066667,0.455556,-0.887708,29.139,56.892,66.513,1084.5
VictoriaRoso_9_puntos_intento_3.mp4,710,5916.667,True,144.000,166.000,0.000,157.000,83.000,0.072222,0.461111,-0.884398,31.174,54.030,66.077,1099.5
VictoriaRoso_9_puntos_intento_3.mp4,711,5925.000,True,144.000,166.000,0.000,156.000,84.000,0.066667,0.455556,-0.887708,28.302,55.066,71.008,1089.5
VictoriaRoso_9_puntos_intento_3.mp4,712,5933.333,True,144.000,166.000,0.000,157.000,84.000,0.072222,0.455556,-0.887273,28.966,54.822,69.478,1091.0
VictoriaRoso_9_puntos_intento_3.mp4,713,5941.667,True,144.000,166.000,0.000,156.000,84.000,0.066667,0.455556,-0.887708,28.111,57.060,69.753,1090.0
VictoriaRoso_9_puntos_intento_3.mp4,714,5950.000,True,144.000,166.000,0.000,156.000,84.000,0.066667,0.455556,-0.887708,28.140,56.488,69.417,1098.0
VictoriaRoso_9_puntos_intento_3.mp4,715,5958.333,True,144.000,166.000,0.000,156.000,84.000,0.066667,0.455556,-0.887708,28.125,56.219,70.242,1084.0
VictoriaRoso_9_puntos_intento_3.mp4,716,5966.667,True,144.000,166.000,0.000,156.000,84.000,0.066667,0.455556,-0.887708,27.457,56.462,70.237,1085.5
VictoriaRoso_9_puntos_intento_3.mp4,717,5975.000,True,144.000,166.000,0.000,156.000,84.000,0.066667,0.455556,-0.887708,27.352,55.981,70.515,1094.0
VictoriaRoso_9_puntos_intento_3.mp4,718,5983.333,True,144.000,166.000,0.000,156.000,84.000,0.066667,0.455556,-0.887708,27.563,57.671,68.790,1100.5
VictoriaRoso_9_puntos_intento_3.mp4,719,5991.667,True,144.000,166.000,0.000,157.000,84.000,0.072222,0.455556,-0.887273,28.154,55.853,69.276,1103.0
VictoriaRoso_9_puntos_intento_3.mp4,720,6000.000,True,144.000,166.000,0.000,157.000,84.000,0.072222,0.455556,-0.887273,28.084,57.253,69.708,1110.0
VictoriaRoso_9_puntos_intento_3.mp4,721,6008.333,True,144.000,166.000,0.000,156.000,83.000,0.066667,0.461111,-0.884835,28.619,54.611,70.275,1089.5
VictoriaRoso_9_puntos_intento_3.mp4,722,6016.667,True,144.000,166.000,0.000,156.000,84.000,0.066667,0.455556,-0.887708,27.819,57.385,71.361,1106.0
VictoriaRoso_9_puntos_intento_3.mp4,723,6025.000,True,144.000,166.000,0.000,156.000,84.000,0.066667,0.455556,-0.887708,29.026,54.069,70.459,1076.5
VictoriaRoso_9_puntos_intento_3.mp4,724,6033.333,True,144.000,166.000,0.000,156.000,84.000,0.066667,0.455556,-0.887708,28.891,55.771,72.075,1091.0
VictoriaRoso_9_puntos_intento_3.mp4,725,6041.667,True,144.000,166.000,0.000,156.000,84.000,0.066667,0.455556,-0.887708,29.387,55.472,71.444,1077.5
VictoriaRoso_9_puntos_intento_3.mp4,726,6050.000,True,144.000,166.000,0.000,157.000,84.000,0.072222,0.455556,-0.887273,27.630,59.535,69.665,1102.0
VictoriaRoso_9_puntos_intento_3.mp4,727,6058.333,True,144.000,166.000,0.000,157.000,84.000,0.072222,0.455556,-0.887273,28.399,59.864,67.886,1096.0
VictoriaRoso_9_puntos_intento_3.mp4,728,6066.667,True,144.000,166.000,0.000,157.000,84.000,0.072222,0.455556,-0.887273,28.801,57.175,66.876,1126.5
VictoriaRoso_9_puntos_intento_3.mp4,729,6075.000,True,144.000,166.000,0.000,156.000,83.000,0.066667,0.461111,-0.884835,29.635,55.673,68.625,1109.5
VictoriaRoso_9_puntos_intento_3.mp4,730,6083.333,True,144.000,166.000,0.000,157.000,84.000,0.072222,0.455556,-0.887273,28.679,58.909,69.201,1115.5
VictoriaRoso_9_puntos_intento_3.mp4,731,6091.667,True,144.000,166.000,0.000,157.000,83.000,0.072222,0.461111,-0.884398,29.463,55.787,67.749,1102.5
VictoriaRoso_9_puntos_intento_3.mp4,732,6100.000,True,144.000,166.000,0.000,156.000,84.000,0.066667,0.455556,-0.887708,29.543,55.782,69.767,1131.5
VictoriaRoso_9_puntos_intento_3.mp4,733,6108.333,True,144.000,166.000,0.000,157.000,83.000,0.072222,0.461111,-0.884398,29.370,55.122,67.201,1078.5
VictoriaRoso_9_puntos_intento_3.mp4,734,6116.667,True,144.000,166.000,0.000,156.000,84.000,0.066667,0.455556,-0.887708,29.221,58.288,68.652,1111.0
VictoriaRoso_9_puntos_intento_3.mp4,735,6125.000,True,144.000,166.000,0.000,156.000,84.000,0.066667,0.455556,-0.887708,28.010,58.198,70.078,1097.0
VictoriaRoso_9_puntos_intento_3.mp4,736,6133.333,True,144.000,166.000,0.000,156.000,83.000,0.066667,0.461111,-0.884835,30.515,55.515,68.579,1121.5
VictoriaRoso_9_puntos_intento_3.mp4,737,6141.667,True,144.000,166.000,0.000,157.000,84.000,0.072222,0.455556,-0.887273,27.891,58.572,70.331,1098.5
VictoriaRoso_9_puntos_intento_3.mp4,738,6150.000,True,144.000,166.000,0.000,156.000,84.000,0.066667,0.455556,-0.887708,28.054,61.918,69.531,1127.0
VictoriaRoso_9_puntos_intento_3.mp4,739,6158.333,True,144.000,166.000,0.000,156.000,85.000,0.066667,0.450000,-0.890537,27.643,58.654,70.419,1095.0
VictoriaRoso_9_puntos_intento_3.mp4,740,6166.667,True,144.000,166.000,0.000,156.000,85.000,0.066667,0.450000,-0.890537,27.487,59.680,69.869,1125.0
VictoriaRoso_9_puntos_intento_3.mp4,741,6175.000,True,144.000,166.000,0.000,158.000,84.000,0.077778,0.455556,-0.886803,27.902,59.282,70.321,1107.0
VictoriaRoso_9_puntos_intento_3.mp4,742,6183.333,True,144.000,166.000,0.000,157.000,84.000,0.072222,0.455556,-0.887273,27.998,58.028,70.061,1124.5
VictoriaRoso_9_puntos_intento_3.mp4,743,6191.667,True,144.000,166.000,0.000,157.000,84.000,0.072222,0.455556,-0.887273,28.652,57.386,69.347,1147.5
VictoriaRoso_9_puntos_intento_3.mp4,744,6200.000,True,144.000,166.000,0.000,156.000,84.000,0.066667,0.455556,-0.887708,28.850,54.780,71.071,1129.5
VictoriaRoso_9_puntos_intento_3.mp4,745,6208.333,True,144.000,166.000,0.000,157.000,83.000,0.072222,0.461111,-0.884398,30.259,57.626,66.510,1140.0
VictoriaRoso_9_puntos_intento_3.mp4,746,6216.667,True,144.000,166.000,0.000,156.000,83.000,0.066667,0.461111,-0.884835,30.770,56.437,68.138,1143.0
VictoriaRoso_9_puntos_intento_3.mp4,747,6225.000,True,144.000,166.000,0.000,156.000,83.000,0.066667,0.461111,-0.884835,29.828,56.493,68.482,1144.5
VictoriaRoso_9_puntos_intento_3.mp4,748,6233.333,True,144.000,166.000,0.000,156.000,83.000,0.066667,0.461111,-0.884835,31.487,56.575,65.259,1143.5
VictoriaRoso_9_puntos_intento_3.mp4,749,6241.667,True,144.000,166.000,0.000,156.000,83.000,0.066667,0.461111,-0.884835,30.080,58.664,63.592,1153.5
VictoriaRoso_9_puntos_intento_3.mp4,750,6250.000,True,144.000,166.000,0.000,157.000,83.000,0.072222,0.461111,-0.884398,30.079,57.409,65.228,1146.5
VictoriaRoso_9_puntos_intento_3.mp4,751,6258.333,True,144.000,166.000,0.000,156.000,83.000,0.066667,0.461111,-0.884835,30.897,56.388,65.620,1141.5
VictoriaRoso_9_puntos_intento_3.mp4,752,6266.667,True,144.000,166.000,0.000,157.000,83.000,0.072222,0.461111,-0.884398,29.756,57.433,64.291,1139.0
VictoriaRoso_9_puntos_intento_3.mp4,753,6275.000,True,144.000,166.000,0.000,156.000,83.000,0.066667,0.461111,-0.884835,30.856,56.796,64.874,1148.5
VictoriaRoso_9_puntos_intento_3.mp4,754,6283.333,True,144.000,166.000,0.000,156.000,83.000,0.066667,0.461111,-0.884835,31.771,55.889,68.548,1156.0
VictoriaRoso_9_puntos_intento_3.mp4,755,6291.667,True,144.000,166.000,0.000,156.000,83.000,0.066667,0.461111,-0.884835,30.119,57.065,66.643,1147.0
VictoriaRoso_9_puntos_intento_3.mp4,756,6300.000,True,144.000,166.000,0.000,156.000,83.000,0.066667,0.461111,-0.884835,29.984,59.244,64.903,1138.5
VictoriaRoso_9_puntos_intento_3.mp4,757,6308.333,True,144.000,166.000,0.000,157.000,83.000,0.072222,0.461111,-0.884398,29.708,57.428,65.503,1138.0
VictoriaRoso_9_puntos_intento_3.mp4,758,6316.667,True,144.000,166.000,0.000,157.000,83.000,0.072222,0.461111,-0.884398,30.219,56.989,65.812,1152.5
VictoriaRoso_9_puntos_intento_3.mp4,759,6325.000,True,144.000,166.000,0.000,157.000,83.000,0.072222,0.461111,-0.884398,30.439,59.076,64.266,1138.5
VictoriaRoso_9_puntos_intento_3.mp4,760,6333.333,True,144.000,166.000,0.000,155.000,84.000,0.061111,0.455556,-0.888107,28.980,60.475,66.809,1128.0
VictoriaRoso_9_puntos_intento_3.mp4,761,6341.667,True,144.000,166.000,0.000,153.000,85.000,0.050000,0.450000,-0.891628,28.221,56.359,69.685,1115.0
VictoriaRoso_9_puntos_intento_3.mp4,762,6350.000,True,144.000,166.000,0.000,152.000,85.000,0.044444,0.450000,-0.891922,27.296,57.821,69.724,1105.5
VictoriaRoso_9_puntos_intento_3.mp4,763,6358.333,True,144.000,166.000,0.000,153.000,84.000,0.050000,0.455556,-0.888802,28.254,58.014,66.994,1108.5
VictoriaRoso_9_puntos_intento_3.mp4,764,6366.667,True,144.000,166.000,0.000,153.000,84.000,0.050000,0.455556,-0.888802,28.583,56.882,67.372,1105.0
VictoriaRoso_9_puntos_intento_3.mp4,765,6375.000,True,144.000,166.000,0.000,153.000,85.000,0.050000,0.450000,-0.891628,28.769,56.298,68.559,1096.5
VictoriaRoso_9_puntos_intento_3.mp4,766,6383.333,True,144.000,166.000,0.000,153.000,85.000,0.050000,0.450000,-0.891628,28.949,56.397,67.935,1117.0
VictoriaRoso_9_puntos_intento_3.mp4,767,6391.667,True,144.000,166.000,0.000,153.000,85.000,0.050000,0.450000,-0.891628,28.925,56.321,69.247,1104.5
VictoriaRoso_9_puntos_intento_3.mp4,768,6400.000,True,144.000,166.000,0.000,153.000,85.000,0.050000,0.450000,-0.891628,27.976,58.152,66.617,1113.5
VictoriaRoso_9_puntos_intento_3.mp4,769,6408.333,True,144.000,166.000,0.000,153.000,85.000,0.050000,0.450000,-0.891628,28.147,57.137,71.192,1140.5
VictoriaRoso_9_puntos_intento_3.mp4,770,6416.667,True,144.000,166.000,0.000,153.000,85.000,0.050000,0.450000,-0.891628,28.537,55.583,70.678,1116.5
VictoriaRoso_9_puntos_intento_3.mp4,771,6425.000,True,144.000,166.000,0.000,153.000,85.000,0.050000,0.450000,-0.891628,28.189,56.492,68.962,1122.0
VictoriaRoso_9_puntos_intento_3.mp4,772,6433.333,True,144.000,166.000,0.000,153.000,84.000,0.050000,0.455556,-0.888802,29.889,54.953,69.417,1123.5
VictoriaRoso_9_puntos_intento_3.mp4,773,6441.667,True,144.000,166.000,0.000,153.000,85.000,0.050000,0.450000,-0.891628,28.650,56.579,70.401,1138.5
VictoriaRoso_9_puntos_intento_3.mp4,774,6450.000,True,144.000,166.000,0.000,153.000,85.000,0.050000,0.450000,-0.891628,28.841,55.865,70.423,1119.5
VictoriaRoso_9_puntos_intento_3.mp4,775,6458.333,True,144.000,166.000,0.000,153.000,85.000,0.050000,0.450000,-0.891628,28.126,56.603,72.019,1122.0
VictoriaRoso_9_puntos_intento_3.mp4,776,6466.667,True,144.000,166.000,0.000,153.000,85.000,0.050000,0.450000,-0.891628,27.205,58.065,70.606,1126.5
VictoriaRoso_9_puntos_intento_3.mp4,777,6475.000,True,144.000,166.000,0.000,153.000,84.000,0.050000,0.455556,-0.888802,30.394,57.298,65.357,1142.0
VictoriaRoso_9_puntos_intento_3.mp4,778,6483.333,True,144.000,166.000,0.000,153.000,85.000,0.050000,0.450000,-0.891628,29.461,55.793,68.575,1133.0
VictoriaRoso_9_puntos_intento_3.mp4,779,6491.667,True,144.000,166.000,0.000,152.000,85.000,0.044444,0.450000,-0.891922,28.466,56.842,70.538,1127.0
VictoriaRoso_9_puntos_intento_3.mp4,780,6500.000,True,144.000,166.000,0.000,153.000,86.000,0.050000,0.444444,-0.894410,27.327,57.931,73.570,1128.5
VictoriaRoso_9_puntos_intento_3.mp4,781,6508.333,True,144.000,166.000,0.000,153.000,84.000,0.050000,0.455556,-0.888802,30.634,55.911,70.236,1133.5
VictoriaRoso_9_puntos_intento_3.mp4,782,6516.667,True,144.000,166.000,0.000,153.000,84.000,0.050000,0.455556,-0.888802,30.676,56.134,68.453,1118.0
VictoriaRoso_9_puntos_intento_3.mp4,783,6525.000,True,144.000,166.000,0.000,154.000,85.000,0.055556,0.450000,-0.891299,28.745,59.342,69.649,1133.0
VictoriaRoso_9_puntos_intento_3.mp4,784,6533.333,True,144.000,166.000,0.000,154.000,85.000,0.055556,0.450000,-0.891299,28.326,59.790,68.639,1135.5
VictoriaRoso_9_puntos_intento_3.mp4,785,6541.667,True,144.000,166.000,0.000,153.000,85.000,0.050000,0.450000,-0.891628,29.143,58.798,65.796,1131.5
VictoriaRoso_9_puntos_intento_3.mp4,786,6550.000,True,144.000,166.000,0.000,153.000,84.000,0.050000,0.455556,-0.888802,30.103,56.991,67.626,1155.5
VictoriaRoso_9_puntos_intento_3.mp4,787,6558.333,True,144.000,166.000,0.000,154.000,84.000,0.055556,0.455556,-0.888472,29.425,56.763,67.435,1123.0
VictoriaRoso_9_puntos_intento_3.mp4,788,6566.667,True,144.000,166.000,0.000,158.000,83.000,0.077778,0.461111,-0.883927,33.401,56.477,63.502,1205.5
VictoriaRoso_9_puntos_intento_3.mp4,789,6575.000,True,143.000,166.000,0.000,167.000,79.000,0.133333,0.483333,-0.865223,45.711,52.541,54.986,1382.0
VictoriaRoso_9_puntos_intento_3.mp4,790,6583.333,True,143.000,166.000,0.000,178.000,79.000,0.194444,0.483333,-0.853569,47.750,51.777,63.937,1482.5
VictoriaRoso_9_puntos_intento_3.mp4,791,6591.667,True,143.000,166.000,0.000,190.000,79.000,0.261111,0.483333,-0.835590,49.044,50.668,155.392,1628.5
VictoriaRoso_9_puntos_intento_3.mp4,792,6600.000,True,143.000,166.000,0.000,201.000,79.000,0.322222,0.483333,-0.813979,48.182,53.921,143.473,1744.5
VictoriaRoso_9_puntos_intento_3.mp4,793,6608.333,True,143.000,166.000,0.000,213.000,81.000,0.388889,0.472222,-0.791057,45.192,57.228,143.733,1816.5
VictoriaRoso_9_puntos_intento_3.mp4,794,6616.667,True,143.000,166.000,0.000,222.000,83.000,0.438889,0.461111,-0.771202,43.711,58.694,145.826,1839.5
VictoriaRoso_9_puntos_intento_3.mp4,795,6625.000,True,143.000,166.000,0.000,231.000,85.000,0.488889,0.450000,-0.747320,41.348,61.910,140.883,1854.5
VictoriaRoso_9_puntos_intento_3.mp4,796,6633.333,True,143.000,166.000,0.000,239.000,88.000,0.533333,0.433333,-0.726483,40.269,60.002,143.137,1806.0
VictoriaRoso_9_puntos_intento_3.mp4,797,6641.667,True,143.000,166.000,0.000,245.000,90.000,0.566667,0.422222,-0.707543,39.430,60.083,146.059,1801.5
VictoriaRoso_9_puntos_intento_3.mp4,798,6650.000,True,143.000,166.000,0.000,248.000,92.000,0.583333,0.411111,-0.700507,38.663,60.097,145.549,1760.5
VictoriaRoso_9_puntos_intento_3.mp4,799,6658.333,True,143.000,166.000,0.000,248.000,92.000,0.583333,0.411111,-0.700507,38.813,59.815,144.965,1767.0
VictoriaRoso_9_puntos_intento_3.mp4,800,6666.667,True,143.000,166.000,0.000,248.000,92.000,0.583333,0.411111,-0.700507,39.503,59.111,144.935,1790.0
VictoriaRoso_9_puntos_intento_3.mp4,801,6675.000,True,143.000,166.000,0.000,248.000,92.000,0.583333,0.411111,-0.700507,39.460,58.887,145.264,1788.5
VictoriaRoso_9_puntos_intento_3.mp4,802,6683.333,True,143.000,166.000,0.000,248.000,91.000,0.583333,0.416667,-0.697217,38.884,59.909,146.394,1767.0
VictoriaRoso_9_puntos_intento_3.mp4,803,6691.667,True,143.000,166.000,0.000,248.000,91.000,0.583333,0.416667,-0.697217,38.638,59.191,146.206,1737.5
VictoriaRoso_9_puntos_intento_3.mp4,804,6700.000,True,143.000,166.000,0.000,248.000,91.000,0.583333,0.416667,-0.697217,38.993,58.782,145.608,1768.0
VictoriaRoso_9_puntos_intento_3.mp4,805,6708.333,True,143.000,166.000,0.000,248.000,91.000,0.583333,0.416667,-0.697217,38.871,59.164,145.663,1759.5
VictoriaRoso_9_puntos_intento_3.mp4,806,6716.667,True,143.000,166.000,0.000,248.000,91.000,0.583333,0.416667,-0.697217,39.023,59.779,145.211,1777.5
VictoriaRoso_9_puntos_intento_3.mp4,807,6725.000,True,143.000,166.000,0.000,248.000,92.000,0.583333,0.411111,-0.700507,39.387,59.466,144.775,1790.5
VictoriaRoso_9_puntos_intento_3.mp4,808,6733.333,True,143.000,166.000,0.000,248.000,91.000,0.583333,0.416667,-0.697217,39.082,60.098,144.856,1790.0
VictoriaRoso_9_puntos_intento_3.mp4,809,6741.667,True,143.000,166.000,0.000,248.000,91.000,0.583333,0.416667,-0.697217,38.959,60.185,145.101,1796.5
VictoriaRoso_9_puntos_intento_3.mp4,810,6750.000,True,143.000,166.000,0.000,248.000,91.000,0.583333,0.416667,-0.697217,38.894,59.753,145.461,1789.0
VictoriaRoso_9_puntos_intento_3.mp4,811,6758.333,True,143.000,166.000,0.000,248.000,91.000,0.583333,0.416667,-0.697217,39.637,59.471,145.551,1802.5
VictoriaRoso_9_puntos_intento_3.mp4,812,6766.667,True,143.000,166.000,0.000,248.000,91.000,0.583333,0.416667,-0.697217,38.922,59.501,144.616,1762.0
VictoriaRoso_9_puntos_intento_3.mp4,813,6775.000,True,143.000,166.000,0.000,248.000,91.000,0.583333,0.416667,-0.697217,38.712,59.727,144.973,1756.0
VictoriaRoso_9_puntos_intento_3.mp4,814,6783.333,True,143.000,166.000,0.000,248.000,91.000,0.583333,0.416667,-0.697217,38.816,60.219,146.361,1777.5
VictoriaRoso_9_puntos_intento_3.mp4,815,6791.667,True,143.000,166.000,0.000,248.000,91.000,0.583333,0.416667,-0.697217,38.641,59.253,145.503,1747.0
VictoriaRoso_9_puntos_intento_3.mp4,816,6800.000,True,143.000,166.000,0.000,248.000,91.000,0.583333,0.416667,-0.697217,38.927,59.899,145.303,1765.5
VictoriaRoso_9_puntos_intento_3.mp4,817,6808.333,True,143.000,166.000,0.000,248.000,91.000,0.583333,0.416667,-0.697217,38.810,60.115,147.669,1752.5
VictoriaRoso_9_puntos_intento_3.mp4,818,6816.667,True,143.000,166.000,0.000,249.000,91.000,0.588889,0.416667,-0.692531,38.365,60.056,146.227,1747.5
VictoriaRoso_9_puntos_intento_3.mp4,819,6825.000,True,143.000,166.000,0.000,251.000,92.000,0.600000,0.411111,-0.686285,37.561,59.483,147.542,1704.5
VictoriaRoso_9_puntos_intento_3.mp4,820,6833.333,True,143.000,166.000,0.000,252.000,92.000,0.605556,0.411111,-0.681388,37.143,59.065,146.952,1679.0
VictoriaRoso_9_puntos_intento_3.mp4,821,6841.667,True,143.000,166.000,0.000,252.000,91.000,0.605556,0.416667,-0.678005,36.974,57.982,146.293,1636.0
VictoriaRoso_9_puntos_intento_3.mp4,822,6850.000,True,143.000,166.000,0.000,252.000,91.000,0.605556,0.416667,-0.678005,37.415,59.142,146.402,1666.0
VictoriaRoso_9_puntos_intento_3.mp4,823,6858.333,True,143.000,166.000,0.000,252.000,91.000,0.605556,0.416667,-0.678005,37.387,58.458,147.461,1669.0
VictoriaRoso_9_puntos_intento_3.mp4,824,6866.667,True,143.000,166.000,0.000,252.000,92.000,0.605556,0.411111,-0.681388,37.387,58.851,147.149,1693.0
VictoriaRoso_9_puntos_intento_3.mp4,825,6875.000,True,143.000,166.000,0.000,252.000,91.000,0.605556,0.416667,-0.678005,37.768,58.646,147.242,1685.0
VictoriaRoso_9_puntos_intento_3.mp4,826,6883.333,True,143.000,166.000,0.000,252.000,91.000,0.605556,0.416667,-0.678005,37.645,58.395,147.848,1686.5
VictoriaRoso_9_puntos_intento_3.mp4,827,6891.667,True,143.000,166.000,0.000,252.000,91.000,0.605556,0.416667,-0.678005,37.293,58.579,148.010,1669.5
VictoriaRoso_9_puntos_intento_3.mp4,828,6900.000,True,143.000,166.000,0.000,252.000,92.000,0.605556,0.411111,-0.681388,37.161,58.646,145.898,1667.5
VictoriaRoso_9_puntos_intento_3.mp4,829,6908.333,True,143.000,166.000,0.000,252.000,91.000,0.605556,0.416667,-0.678005,37.290,58.640,148.203,1647.0
VictoriaRoso_9_puntos_intento_3.mp4,830,6916.667,True,143.000,166.000,0.000,252.000,92.000,0.605556,0.411111,-0.681388,37.520,57.529,147.047,1654.5
VictoriaRoso_9_puntos_intento_3.mp4,831,6925.000,True,143.000,166.000,0.000,252.000,91.000,0.605556,0.416667,-0.678005,37.015,58.469,147.350,1649.5
VictoriaRoso_9_puntos_intento_3.mp4,832,6933.333,True,143.000,166.000,0.000,252.000,91.000,0.605556,0.416667,-0.678005,36.627,58.416,146.302,1646.0
VictoriaRoso_9_puntos_intento_3.mp4,833,6941.667,True,143.000,166.000,0.000,252.000,91.000,0.605556,0.416667,-0.678005,36.962,58.175,147.544,1643.0
VictoriaRoso_9_puntos_intento_3.mp4,834,6950.000,True,143.000,166.000,0.000,252.000,91.000,0.605556,0.416667,-0.678005,37.185,58.501,145.328,1652.0
VictoriaRoso_9_puntos_intento_3.mp4,835,6958.333,True,143.000,166.000,0.000,252.000,91.000,0.605556,0.416667,-0.678005,36.717,57.787,146.579,1635.5
VictoriaRoso_9_puntos_intento_3.mp4,836,6966.667,True,143.000,166.000,0.000,252.000,91.000,0.605556,0.416667,-0.678005,36.650,57.501,146.526,1621.0
VictoriaRoso_9_puntos_intento_3.mp4,837,6975.000,True,143.000,166.000,0.000,252.000,91.000,0.605556,0.416667,-0.678005,36.407,57.866,147.692,1603.5
VictoriaRoso_9_puntos_intento_3.mp4,838,6983.333,True,143.000,166.000,0.000,252.000,91.000,0.605556,0.416667,-0.678005,36.343,57.870,146.069,1609.0
VictoriaRoso_9_puntos_intento_3.mp4,839,6991.667,True,143.000,166.000,0.000,252.000,91.000,0.605556,0.416667,-0.678005,36.541,57.973,146.364,1612.5
VictoriaRoso_9_puntos_intento_3.mp4,840,7000.000,True,143.000,166.000,0.000,252.000,91.000,0.605556,0.416667,-0.678005,36.762,58.328,148.451,1629.5
VictoriaRoso_9_puntos_intento_3.mp4,841,7008.333,True,143.000,166.000,0.000,252.000,91.000,0.605556,0.416667,-0.678005,36.614,57.852,146.396,1631.0
VictoriaRoso_9_puntos_intento_3.mp4,842,7016.667,True,143.000,166.000,0.000,252.000,91.000,0.605556,0.416667,-0.678005,36.594,57.262,145.602,1607.0
VictoriaRoso_9_puntos_intento_3.mp4,843,7025.000,True,143.000,166.000,0.000,252.000,91.000,0.605556,0.416667,-0.678005,36.694,57.157,146.270,1607.5
VictoriaRoso_9_puntos_intento_3.mp4,844,7033.333,True,143.000,166.000,0.000,252.000,91.000,0.605556,0.416667,-0.678005,36.575,57.088,145.623,1608.0
VictoriaRoso_9_puntos_intento_3.mp4,845,7041.667,True,143.000,166.000,0.000,252.000,91.000,0.605556,0.416667,-0.678005,36.695,57.427,146.666,1621.5
VictoriaRoso_9_puntos_intento_3.mp4,846,7050.000,True,143.000,166.000,0.000,252.000,91.000,0.605556,0.416667,-0.678005,36.726,57.871,145.901,1627.0
VictoriaRoso_9_puntos_intento_3.mp4,847,7058.333,True,143.000,166.000,0.000,252.000,91.000,0.605556,0.416667,-0.678005,36.637,58.303,145.436,1622.5
VictoriaRoso_9_puntos_intento_3.mp4,848,7066.667,True,143.000,166.000,0.000,252.000,91.000,0.605556,0.416667,-0.678005,37.239,58.632,145.694,1654.0
VictoriaRoso_9_puntos_intento_3.mp4,849,7075.000,True,143.000,166.000,0.000,252.000,91.000,0.605556,0.416667,-0.678005,37.191,58.232,145.557,1644.5
VictoriaRoso_9_puntos_intento_3.mp4,850,7083.333,True,143.000,166.000,0.000,252.000,91.000,0.605556,0.416667,-0.678005,37.266,58.326,145.282,1658.0
VictoriaRoso_9_puntos_intento_3.mp4,851,7091.667,True,143.000,166.000,0.000,252.000,91.000,0.605556,0.416667,-0.678005,37.271,58.118,145.372,1659.0
VictoriaRoso_9_puntos_intento_3.mp4,852,7100.000,True,143.000,166.000,0.000,252.000,91.000,0.605556,0.416667,-0.678005,37.633,58.183,144.412,1667.5
VictoriaRoso_9_puntos_intento_3.mp4,853,7108.333,True,143.000,166.000,0.000,252.000,91.000,0.605556,0.416667,-0.678005,37.507,58.043,146.149,1652.5
VictoriaRoso_9_puntos_intento_3.mp4,854,7116.667,True,143.000,166.000,0.000,252.000,91.000,0.605556,0.416667,-0.678005,37.290,58.293,145.864,1649.0
VictoriaRoso_9_puntos_intento_3.mp4,855,7125.000,True,143.000,166.000,0.000,252.000,91.000,0.605556,0.416667,-0.678005,37.431,58.362,145.761,1667.0
VictoriaRoso_9_puntos_intento_3.mp4,856,7133.333,True,143.000,166.000,0.000,252.000,91.000,0.605556,0.416667,-0.678005,37.365,57.900,145.569,1671.5
VictoriaRoso_9_puntos_intento_3.mp4,857,7141.667,True,143.000,166.000,0.000,252.000,91.000,0.605556,0.416667,-0.678005,37.131,58.200,144.583,1661.5
VictoriaRoso_9_puntos_intento_3.mp4,858,7150.000,True,143.000,166.000,0.000,252.000,91.000,0.605556,0.416667,-0.678005,37.477,58.249,144.840,1671.5
VictoriaRoso_9_puntos_intento_3.mp4,859,7158.333,True,143.000,166.000,0.000,252.000,91.000,0.605556,0.416667,-0.678005,37.624,58.142,145.462,1681.0
VictoriaRoso_9_puntos_intento_3.mp4,860,7166.667,True,143.000,166.000,0.000,252.000,91.000,0.605556,0.416667,-0.678005,37.742,58.985,146.614,1692.0
VictoriaRoso_9_puntos_intento_3.mp4,861,7175.000,True,143.000,166.000,0.000,252.000,91.000,0.605556,0.416667,-0.678005,37.388,58.982,145.423,1686.5
VictoriaRoso_9_puntos_intento_3.mp4,862,7183.333,True,143.000,166.000,0.000,252.000,91.000,0.605556,0.416667,-0.678005,37.523,59.080,146.749,1691.5
VictoriaRoso_9_puntos_intento_3.mp4,863,7191.667,True,143.000,166.000,0.000,252.000,91.000,0.605556,0.416667,-0.678005,36.972,59.464,147.095,1676.0
VictoriaRoso_9_puntos_intento_3.mp4,864,7200.000,True,143.000,166.000,0.000,252.000,91.000,0.605556,0.416667,-0.678005,37.260,59.437,145.905,1688.0
VictoriaRoso_9_puntos_intento_3.mp4,865,7208.333,True,143.000,166.000,0.000,252.000,91.000,0.605556,0.416667,-0.678005,37.271,59.543,146.890,1693.5
VictoriaRoso_9_puntos_intento_3.mp4,866,7216.667,True,143.000,166.000,0.000,252.000,91.000,0.605556,0.416667,-0.678005,37.064,60.402,146.649,1706.5
VictoriaRoso_9_puntos_intento_3.mp4,867,7225.000,True,143.000,166.000,0.000,252.000,92.000,0.605556,0.411111,-0.681388,36.979,59.423,146.885,1677.0
VictoriaRoso_9_puntos_intento_3.mp4,868,7233.333,True,143.000,166.000,0.000,252.000,92.000,0.605556,0.411111,-0.681388,37.607,59.545,146.754,1703.0
VictoriaRoso_9_puntos_intento_3.mp4,869,7241.667,True,143.000,166.000,0.000,252.000,91.000,0.605556,0.416667,-0.678005,36.947,59.986,146.144,1682.5
VictoriaRoso_9_puntos_intento_3.mp4,870,7250.000,True,143.000,166.000,0.000,252.000,91.000,0.605556,0.416667,-0.678005,36.685,58.955,146.319,1661.0
VictoriaRoso_9_puntos_intento_3.mp4,871,7258.333,True,143.000,166.000,0.000,252.000,91.000,0.605556,0.416667,-0.678005,37.294,58.626,145.612,1670.0
VictoriaRoso_9_puntos_intento_3.mp4,872,7266.667,True,143.000,166.000,0.000,252.000,91.000,0.605556,0.416667,-0.678005,37.494,59.818,146.047,1703.5
VictoriaRoso_9_puntos_intento_3.mp4,873,7275.000,True,143.000,166.000,0.000,252.000,91.000,0.605556,0.416667,-0.678005,37.168,59.462,145.599,1687.5
VictoriaRoso_9_puntos_intento_3.mp4,874,7283.333,True,143.000,166.000,0.000,252.000,91.000,0.605556,0.416667,-0.678005,37.363,59.189,145.223,1688.5
VictoriaRoso_9_puntos_intento_3.mp4,875,7291.667,True,143.000,166.000,0.000,252.000,91.000,0.605556,0.416667,-0.678005,36.928,59.872,146.346,1697.0
VictoriaRoso_9_puntos_intento_3.mp4,876,7300.000,True,143.000,166.000,0.000,252.000,91.000,0.605556,0.416667,-0.678005,37.059,59.885,145.432,1689.0
VictoriaRoso_9_puntos_intento_3.mp4,877,7308.333,True,143.000,166.000,0.000,252.000,91.000,0.605556,0.416667,-0.678005,37.615,59.155,145.395,1702.0
VictoriaRoso_9_puntos_intento_3.mp4,878,7316.667,True,143.000,166.000,0.000,252.000,91.000,0.605556,0.416667,-0.678005,37.639,59.852,145.242,1716.0
VictoriaRoso_9_puntos_intento_3.mp4,879,7325.000,True,143.000,166.000,0.000,252.000,91.000,0.605556,0.416667,-0.678005,37.104,60.128,146.296,1704.5
VictoriaRoso_9_puntos_intento_3.mp4,880,7333.333,True,143.000,166.000,0.000,252.000,91.000,0.605556,0.416667,-0.678005,37.735,59.662,145.343,1710.0
VictoriaRoso_9_puntos_intento_3.mp4,881,7341.667,True,143.000,166.000,0.000,252.000,91.000,0.605556,0.416667,-0.678005,37.888,59.323,146.275,1713.5
VictoriaRoso_9_puntos_intento_3.mp4,882,7350.000,True,143.000,166.000,0.000,252.000,91.000,0.605556,0.416667,-0.678005,37.591,59.449,146.324,1698.5
VictoriaRoso_9_puntos_intento_3.mp4,883,7358.333,True,143.000,166.000,0.000,252.000,91.000,0.605556,0.416667,-0.678005,37.407,59.759,145.934,1701.0
VictoriaRoso_9_puntos_intento_3.mp4,884,7366.667,True,143.000,166.000,0.000,252.000,91.000,0.605556,0.416667,-0.678005,37.818,59.145,145.297,1709.0
VictoriaRoso_9_puntos_intento_3.mp4,885,7375.000,True,143.000,166.000,0.000,252.000,91.000,0.605556,0.416667,-0.678005,37.751,59.871,144.405,1707.0
VictoriaRoso_9_puntos_intento_3.mp4,886,7383.333,True,143.000,166.000,0.000,252.000,91.000,0.605556,0.416667,-0.678005,37.715,59.571,146.736,1708.5
VictoriaRoso_9_puntos_intento_3.mp4,887,7391.667,True,143.000,166.000,0.000,252.000,91.000,0.605556,0.416667,-0.678005,37.635,59.545,146.344,1718.5
VictoriaRoso_9_puntos_intento_3.mp4,888,7400.000,True,143.000,166.000,0.000,252.000,91.000,0.605556,0.416667,-0.678005,37.941,59.943,146.037,1732.5
VictoriaRoso_9_puntos_intento_3.mp4,889,7408.333,True,143.000,166.000,0.000,252.000,91.000,0.605556,0.416667,-0.678005,37.580,59.525,147.537,1711.5
VictoriaRoso_9_puntos_intento_3.mp4,890,7416.667,True,143.000,166.000,0.000,252.000,91.000,0.605556,0.416667,-0.678005,37.786,59.731,146.502,1741.5
VictoriaRoso_9_puntos_intento_3.mp4,891,7425.000,True,143.000,166.000,0.000,252.000,91.000,0.605556,0.416667,-0.678005,38.305,60.016,146.321,1740.5
VictoriaRoso_9_puntos_intento_3.mp4,892,7433.333,True,143.000,166.000,0.000,252.000,91.000,0.605556,0.416667,-0.678005,38.390,58.837,146.279,1734.5
VictoriaRoso_9_puntos_intento_3.mp4,893,7441.667,True,143.000,166.000,0.000,252.000,91.000,0.605556,0.416667,-0.678005,37.975,59.023,146.231,1726.5
VictoriaRoso_9_puntos_intento_3.mp4,894,7450.000,True,143.000,166.000,0.000,252.000,91.000,0.605556,0.416667,-0.678005,38.516,60.586,146.272,1766.5
VictoriaRoso_9_puntos_intento_3.mp4,895,7458.333,True,143.000,166.000,0.000,252.000,91.000,0.605556,0.416667,-0.678005,38.123,60.666,145.524,1752.0
VictoriaRoso_9_puntos_intento_3.mp4,896,7466.667,True,143.000,166.000,0.000,252.000,91.000,0.605556,0.416667,-0.678005,38.646,60.381,146.533,1760.5
VictoriaRoso_9_puntos_intento_3.mp4,897,7475.000,True,143.000,166.000,0.000,252.000,91.000,0.605556,0.416667,-0.678005,38.673,60.071,147.171,1754.0
VictoriaRoso_9_puntos_intento_3.mp4,898,7483.333,True,143.000,166.000,0.000,252.000,91.000,0.605556,0.416667,-0.678005,38.540,60.348,147.164,1769.0
VictoriaRoso_9_puntos_intento_3.mp4,899,7491.667,True,143.000,166.000,0.000,251.000,91.000,0.600000,0.416667,-0.682927,38.434,60.362,145.888,1762.5
VictoriaRoso_9_puntos_intento_3.mp4,900,7500.000,True,143.000,166.000,0.000,252.000,91.000,0.605556,0.416667,-0.678005,38.366,59.920,147.178,1757.5
VictoriaRoso_9_puntos_intento_3.mp4,901,7508.333,True,143.000,166.000,0.000,252.000,91.000,0.605556,0.416667,-0.678005,38.165,60.825,145.755,1761.0
VictoriaRoso_9_puntos_intento_3.mp4,902,7516.667,True,143.000,166.000,0.000,251.000,91.000,0.600000,0.416667,-0.682927,38.153,60.361,146.359,1750.0
VictoriaRoso_9_puntos_intento_3.mp4,903,7525.000,True,143.000,166.000,0.000,252.000,91.000,0.605556,0.416667,-0.678005,38.405,60.275,145.681,1754.5
VictoriaRoso_9_puntos_intento_3.mp4,904,7533.333,True,143.000,166.000,0.000,252.000,91.000,0.605556,0.416667,-0.678005,38.592,59.446,146.859,1780.0
VictoriaRoso_9_puntos_intento_3.mp4,905,7541.667,True,143.000,166.000,0.000,251.000,91.000,0.600000,0.416667,-0.682927,38.482,60.815,145.307,1773.5
VictoriaRoso_9_puntos_intento_3.mp4,906,7550.000,True,143.000,166.000,0.000,251.000,91.000,0.600000,0.416667,-0.682927,38.092,60.944,146.834,1778.5
VictoriaRoso_9_puntos_intento_3.mp4,907,7558.333,True,143.000,166.000,0.000,252.000,91.000,0.605556,0.416667,-0.678005,38.506,60.268,146.479,1774.0
VictoriaRoso_9_puntos_intento_3.mp4,908,7566.667,True,143.000,166.000,0.000,252.000,91.000,0.605556,0.416667,-0.678005,38.544,59.590,147.273,1771.5
VictoriaRoso_9_puntos_intento_3.mp4,909,7575.000,True,143.000,165.000,0.000,252.000,91.000,0.605556,0.411111,-0.681388,37.555,59.453,146.635,1724.5
VictoriaRoso_9_puntos_intento_3.mp4,910,7583.333,True,143.000,165.000,0.000,252.000,90.000,0.605556,0.416667,-0.678005,37.875,59.720,146.729,1736.5
VictoriaRoso_9_puntos_intento_3.mp4,911,7591.667,True,143.000,165.000,0.000,252.000,90.000,0.605556,0.416667,-0.678005,37.562,59.624,145.448,1713.0
VictoriaRoso_9_puntos_intento_3.mp4,912,7600.000,True,143.000,165.000,0.000,252.000,91.000,0.605556,0.411111,-0.681388,37.696,59.243,145.881,1704.0
VictoriaRoso_9_puntos_intento_3.mp4,913,7608.333,True,143.000,165.000,0.000,252.000,91.000,0.605556,0.411111,-0.681388,37.855,59.451,146.358,1716.5
VictoriaRoso_9_puntos_intento_3.mp4,914,7616.667,True,143.000,165.000,0.000,252.000,91.000,0.605556,0.411111,-0.681388,37.872,59.684,147.144,1732.5
VictoriaRoso_9_puntos_intento_3.mp4,915,7625.000,True,143.000,165.000,0.000,252.000,90.000,0.605556,0.416667,-0.678005,38.113,59.989,146.413,1736.5
VictoriaRoso_9_puntos_intento_3.mp4,916,7633.333,True,143.000,165.000,0.000,252.000,91.000,0.605556,0.411111,-0.681388,37.889,59.959,146.099,1738.5
VictoriaRoso_9_puntos_intento_3.mp4,917,7641.667,True,143.000,165.000,0.000,252.000,91.000,0.605556,0.411111,-0.681388,37.683,60.700,146.606,1745.0
VictoriaRoso_9_puntos_intento_3.mp4,918,7650.000,True,143.000,165.000,0.000,252.000,91.000,0.605556,0.411111,-0.681388,38.189,60.009,145.961,1747.5
VictoriaRoso_9_puntos_intento_3.mp4,919,7658.333,True,143.000,165.000,0.000,252.000,91.000,0.605556,0.411111,-0.681388,37.826,59.999,146.504,1746.0
VictoriaRoso_9_puntos_intento_3.mp4,920,7666.667,True,143.000,165.000,0.000,252.000,90.000,0.605556,0.416667,-0.678005,37.760,60.971,146.465,1752.0
VictoriaRoso_9_puntos_intento_3.mp4,921,7675.000,True,143.000,165.000,0.000,252.000,90.000,0.605556,0.416667,-0.678005,38.060,60.551,146.556,1753.5
VictoriaRoso_9_puntos_intento_3.mp4,922,7683.333,True,143.000,165.000,0.000,252.000,91.000,0.605556,0.411111,-0.681388,38.195,60.132,147.576,1759.0
VictoriaRoso_9_puntos_intento_3.mp4,923,7691.667,True,143.000,165.000,0.000,252.000,90.000,0.605556,0.416667,-0.678005,38.216,60.982,147.690,1774.5
VictoriaRoso_9_puntos_intento_3.mp4,924,7700.000,True,143.000,165.000,0.000,252.000,90.000,0.605556,0.416667,-0.678005,38.085,60.633,146.518,1773.0
VictoriaRoso_9_puntos_intento_3.mp4,925,7708.333,True,143.000,165.000,0.000,252.000,90.000,0.605556,0.416667,-0.678005,38.378,60.440,145.767,1765.0
VictoriaRoso_9_puntos_intento_3.mp4,926,7716.667,True,143.000,165.000,0.000,252.000,90.000,0.605556,0.416667,-0.678005,38.312,61.724,145.938,1790.5
VictoriaRoso_9_puntos_intento_3.mp4,927,7725.000,True,143.000,165.000,0.000,252.000,91.000,0.605556,0.411111,-0.681388,38.043,60.862,146.599,1766.0
VictoriaRoso_9_puntos_intento_3.mp4,928,7733.333,True,143.000,165.000,0.000,252.000,90.000,0.605556,0.416667,-0.678005,37.918,61.428,146.975,1774.5
VictoriaRoso_9_puntos_intento_3.mp4,929,7741.667,True,143.000,165.000,0.000,252.000,90.000,0.605556,0.416667,-0.678005,38.324,61.446,146.132,1785.5
VictoriaRoso_9_puntos_intento_3.mp4,930,7750.000,True,143.000,165.000,0.000,252.000,90.000,0.605556,0.416667,-0.678005,38.244,60.352,146.203,1773.5
VictoriaRoso_9_puntos_intento_3.mp4,931,7758.333,True,143.000,165.000,0.000,252.000,90.000,0.605556,0.416667,-0.678005,38.240,61.968,145.996,1771.0
VictoriaRoso_9_puntos_intento_3.mp4,932,7766.667,True,143.000,165.000,0.000,252.000,91.000,0.605556,0.411111,-0.681388,38.518,61.171,146.210,1788.5
VictoriaRoso_9_puntos_intento_3.mp4,933,7775.000,True,143.000,165.000,0.000,252.000,90.000,0.605556,0.416667,-0.678005,38.560,60.479,146.847,1789.0
VictoriaRoso_9_puntos_intento_3.mp4,934,7783.333,True,143.000,165.000,0.000,252.000,90.000,0.605556,0.416667,-0.678005,38.338,61.940,146.328,1798.0
VictoriaRoso_9_puntos_intento_3.mp4,935,7791.667,True,143.000,165.000,0.000,252.000,90.000,0.605556,0.416667,-0.678005,38.457,62.447,147.268,1812.0
VictoriaRoso_9_puntos_intento_3.mp4,936,7800.000,True,143.000,165.000,0.000,252.000,90.000,0.605556,0.416667,-0.678005,38.450,61.591,147.244,1804.0
VictoriaRoso_9_puntos_intento_3.mp4,937,7808.333,True,143.000,165.000,0.000,252.000,90.000,0.605556,0.416667,-0.678005,38.483,61.779,146.001,1793.5
VictoriaRoso_9_puntos_intento_3.mp4,938,7816.667,True,143.000,165.000,0.000,252.000,90.000,0.605556,0.416667,-0.678005,38.165,59.975,145.340,1718.5
VictoriaRoso_9_puntos_intento_3.mp4,939,7825.000,True,143.000,165.000,0.000,252.000,90.000,0.605556,0.416667,-0.678005,37.584,61.029,145.448,1742.5
VictoriaRoso_9_puntos_intento_3.mp4,940,7833.333,True,143.000,165.000,0.000,252.000,90.000,0.605556,0.416667,-0.678005,37.995,60.294,145.876,1746.0
VictoriaRoso_9_puntos_intento_3.mp4,941,7841.667,True,143.000,165.000,0.000,252.000,90.000,0.605556,0.416667,-0.678005,37.723,59.899,145.534,1721.0
VictoriaRoso_9_puntos_intento_3.mp4,942,7850.000,True,143.000,165.000,0.000,252.000,90.000,0.605556,0.416667,-0.678005,37.977,59.948,145.649,1734.0
VictoriaRoso_9_puntos_intento_3.mp4,943,7858.333,True,143.000,165.000,0.000,252.000,90.000,0.605556,0.416667,-0.678005,37.479,59.714,145.173,1732.5
VictoriaRoso_9_puntos_intento_3.mp4,944,7866.667,True,143.000,165.000,0.000,252.000,90.000,0.605556,0.416667,-0.678005,38.125,59.912,145.538,1744.0
VictoriaRoso_9_puntos_intento_3.mp4,945,7875.000,True,143.000,165.000,0.000,252.000,90.000,0.605556,0.416667,-0.678005,37.980,60.905,145.488,1749.5
VictoriaRoso_9_puntos_intento_3.mp4,946,7883.333,True,143.000,165.000,0.000,252.000,90.000,0.605556,0.416667,-0.678005,38.242,61.422,145.385,1757.0
VictoriaRoso_9_puntos_intento_3.mp4,947,7891.667,True,143.000,165.000,0.000,253.000,90.000,0.611111,0.416667,-0.673002,38.028,59.756,145.088,1742.5
VictoriaRoso_9_puntos_intento_3.mp4,948,7900.000,True,143.000,165.000,0.000,252.000,90.000,0.605556,0.416667,-0.678005,37.686,60.092,145.475,1725.0
VictoriaRoso_9_puntos_intento_3.mp4,949,7908.333,True,143.000,165.000,0.000,252.000,89.000,0.605556,0.422222,-0.674560,37.650,61.797,146.223,1731.5
VictoriaRoso_9_puntos_intento_3.mp4,950,7916.667,True,143.000,165.000,0.000,252.000,89.000,0.605556,0.422222,-0.674560,38.702,61.041,144.628,1790.5
VictoriaRoso_9_puntos_intento_3.mp4,951,7925.000,True,143.000,165.000,0.000,252.000,90.000,0.605556,0.416667,-0.678005,38.249,60.486,145.112,1773.5
VictoriaRoso_9_puntos_intento_3.mp4,952,7933.333,True,143.000,165.000,0.000,252.000,90.000,0.605556,0.416667,-0.678005,38.476,61.290,145.164,1782.5
VictoriaRoso_9_puntos_intento_3.mp4,953,7941.667,True,143.000,165.000,0.000,252.000,90.000,0.605556,0.416667,-0.678005,38.317,60.993,145.680,1784.5
VictoriaRoso_9_puntos_intento_3.mp4,954,7950.000,True,143.000,165.000,0.000,252.000,89.000,0.605556,0.422222,-0.674560,38.227,61.463,145.650,1777.0
VictoriaRoso_9_puntos_intento_3.mp4,955,7958.333,True,143.000,165.000,0.000,252.000,90.000,0.605556,0.416667,-0.678005,37.890,61.439,146.816,1778.0
VictoriaRoso_9_puntos_intento_3.mp4,956,7966.667,True,143.000,165.000,0.000,252.000,90.000,0.605556,0.416667,-0.678005,38.733,61.206,146.223,1792.5
VictoriaRoso_9_puntos_intento_3.mp4,957,7975.000,True,143.000,165.000,0.000,252.000,90.000,0.605556,0.416667,-0.678005,38.637,60.663,146.917,1792.5
VictoriaRoso_9_puntos_intento_3.mp4,958,7983.333,True,143.000,165.000,0.000,252.000,89.000,0.605556,0.422222,-0.674560,38.220,61.496,145.179,1788.0
VictoriaRoso_9_puntos_intento_3.mp4,959,7991.667,True,143.000,165.000,0.000,252.000,90.000,0.605556,0.416667,-0.678005,37.586,61.078,143.805,1733.5
VictoriaRoso_9_puntos_intento_3.mp4,960,8000.000,True,143.000,165.000,0.000,252.000,90.000,0.605556,0.416667,-0.678005,37.953,60.611,146.727,1735.0
VictoriaRoso_9_puntos_intento_3.mp4,961,8008.333,True,143.000,165.000,0.000,252.000,89.000,0.605556,0.422222,-0.674560,37.767,60.318,146.814,1720.0
VictoriaRoso_9_puntos_intento_3.mp4,962,8016.667,True,143.000,165.000,0.000,252.000,89.000,0.605556,0.422222,-0.674560,37.705,60.635,144.938,1731.0
VictoriaRoso_9_puntos_intento_3.mp4,963,8025.000,True,142.000,165.000,0.000,252.000,90.000,0.611111,0.416667,-0.673002,37.663,60.790,146.185,1725.5
VictoriaRoso_9_puntos_intento_3.mp4,964,8033.333,True,142.000,165.000,0.000,252.000,90.000,0.611111,0.416667,-0.673002,37.644,60.365,145.757,1736.0
VictoriaRoso_9_puntos_intento_3.mp4,965,8041.667,True,142.000,165.000,0.000,252.000,89.000,0.611111,0.422222,-0.669531,38.096,60.585,146.208,1741.5
VictoriaRoso_9_puntos_intento_3.mp4,966,8050.000,True,142.000,165.000,0.000,252.000,89.000,0.611111,0.422222,-0.669531,37.245,61.034,146.753,1723.5
VictoriaRoso_9_puntos_intento_3.mp4,967,8058.333,True,142.000,165.000,0.000,252.000,90.000,0.611111,0.416667,-0.673002,37.357,60.555,146.651,1739.5
VictoriaRoso_9_puntos_intento_3.mp4,968,8066.667,True,142.000,165.000,0.000,252.000,90.000,0.611111,0.416667,-0.673002,37.312,61.277,145.507,1724.5
VictoriaRoso_9_puntos_intento_3.mp4,969,8075.000,True,142.000,165.000,0.000,252.000,89.000,0.611111,0.422222,-0.669531,37.199,61.256,144.147,1725.0
VictoriaRoso_9_puntos_intento_3.mp4,970,8083.333,True,142.000,165.000,0.000,252.000,90.000,0.611111,0.416667,-0.673002,37.228,61.076,145.893,1725.0
VictoriaRoso_9_puntos_intento_3.mp4,971,8091.667,True,142.000,165.000,0.000,252.000,90.000,0.611111,0.416667,-0.673002,37.449,60.532,145.863,1713.5
VictoriaRoso_9_puntos_intento_3.mp4,972,8100.000,True,142.000,165.000,0.000,252.000,89.000,0.611111,0.422222,-0.669531,37.437,60.855,145.304,1736.0
VictoriaRoso_9_puntos_intento_3.mp4,973,8108.333,True,142.000,165.000,0.000,252.000,90.000,0.611111,0.416667,-0.673002,37.509,59.676,144.425,1717.0
VictoriaRoso_9_puntos_intento_3.mp4,974,8116.667,True,142.000,165.000,0.000,252.000,90.000,0.611111,0.416667,-0.673002,37.188,60.402,145.108,1717.5
VictoriaRoso_9_puntos_intento_3.mp4,975,8125.000,True,142.000,165.000,0.000,252.000,90.000,0.611111,0.416667,-0.673002,37.111,60.063,143.962,1701.5
VictoriaRoso_9_puntos_intento_3.mp4,976,8133.333,True,142.000,165.000,0.000,252.000,90.000,0.611111,0.416667,-0.673002,37.105,60.470,145.442,1707.5
VictoriaRoso_9_puntos_intento_3.mp4,977,8141.667,True,142.000,165.000,0.000,252.000,90.000,0.611111,0.416667,-0.673002,37.143,59.919,145.896,1706.5
VictoriaRoso_9_puntos_intento_3.mp4,978,8150.000,True,142.000,165.000,0.000,252.000,90.000,0.611111,0.416667,-0.673002,37.249,60.444,145.026,1716.0
VictoriaRoso_9_puntos_intento_3.mp4,979,8158.333,True,142.000,165.000,0.000,252.000,90.000,0.611111,0.416667,-0.673002,37.177,60.056,145.930,1704.0
VictoriaRoso_9_puntos_intento_3.mp4,980,8166.667,True,142.000,165.000,0.000,252.000,90.000,0.611111,0.416667,-0.673002,37.578,59.787,145.130,1702.5
VictoriaRoso_9_puntos_intento_3.mp4,981,8175.000,True,142.000,165.000,0.000,252.000,90.000,0.611111,0.416667,-0.673002,37.299,60.086,145.009,1697.5
VictoriaRoso_9_puntos_intento_3.mp4,982,8183.333,True,142.000,165.000,0.000,252.000,90.000,0.611111,0.416667,-0.673002,37.191,59.960,145.050,1702.5
VictoriaRoso_9_puntos_intento_3.mp4,983,8191.667,True,142.000,165.000,0.000,252.000,89.000,0.611111,0.422222,-0.669531,37.095,60.283,144.816,1701.5
VictoriaRoso_9_puntos_intento_3.mp4,984,8200.000,True,142.000,165.000,0.000,252.000,90.000,0.611111,0.416667,-0.673002,37.006,60.401,144.839,1697.0
VictoriaRoso_9_puntos_intento_3.mp4,985,8208.333,True,142.000,165.000,0.000,252.000,90.000,0.611111,0.416667,-0.673002,37.511,58.807,147.142,1677.0
VictoriaRoso_9_puntos_intento_3.mp4,986,8216.667,True,142.000,165.000,0.000,252.000,90.000,0.611111,0.416667,-0.673002,37.596,58.960,145.452,1680.5
VictoriaRoso_9_puntos_intento_3.mp4,987,8225.000,True,142.000,165.000,0.000,252.000,90.000,0.611111,0.416667,-0.673002,36.760,59.506,145.940,1674.0
VictoriaRoso_9_puntos_intento_3.mp4,988,8233.333,True,142.000,165.000,0.000,252.000,90.000,0.611111,0.416667,-0.673002,37.268,58.976,145.767,1682.5
VictoriaRoso_9_puntos_intento_3.mp4,989,8241.667,True,142.000,165.000,0.000,253.000,90.000,0.616667,0.416667,-0.667915,37.622,58.848,144.731,1682.0
VictoriaRoso_9_puntos_intento_3.mp4,990,8250.000,True,142.000,165.000,0.000,252.000,90.000,0.611111,0.416667,-0.673002,37.190,58.645,145.145,1676.5
VictoriaRoso_9_puntos_intento_3.mp4,991,8258.333,True,142.000,165.000,0.000,252.000,90.000,0.611111,0.416667,-0.673002,37.040,59.196,144.226,1691.0
VictoriaRoso_9_puntos_intento_3.mp4,992,8266.667,True,142.000,165.000,0.000,252.000,89.000,0.611111,0.422222,-0.669531,37.692,59.033,144.516,1694.0
VictoriaRoso_9_puntos_intento_3.mp4,993,8275.000,True,142.000,165.000,0.000,252.000,90.000,0.611111,0.416667,-0.673002,37.275,59.159,144.872,1693.5
VictoriaRoso_9_puntos_intento_3.mp4,994,8283.333,True,142.000,165.000,0.000,252.000,90.000,0.611111,0.416667,-0.673002,37.179,59.979,145.142,1692.5
VictoriaRoso_9_puntos_intento_3.mp4,995,8291.667,True,142.000,165.000,0.000,252.000,90.000,0.611111,0.416667,-0.673002,36.991,58.908,145.731,1678.0
VictoriaRoso_9_puntos_intento_3.mp4,996,8300.000,True,142.000,165.000,0.000,252.000,90.000,0.611111,0.416667,-0.673002,37.400,59.765,145.629,1694.0
VictoriaRoso_9_puntos_intento_3.mp4,997,8308.333,True,142.000,165.000,0.000,252.000,90.000,0.611111,0.416667,-0.673002,37.325,59.608,146.702,1686.0
VictoriaRoso_9_puntos_intento_3.mp4,998,8316.667,True,142.000,165.000,0.000,252.000,90.000,0.611111,0.416667,-0.673002,37.062,60.419,145.481,1700.0
VictoriaRoso_9_puntos_intento_3.mp4,999,8325.000,True,142.000,165.000,0.000,252.000,90.000,0.611111,0.416667,-0.673002,37.058,59.863,145.164,1693.0
VictoriaRoso_9_puntos_intento_3.mp4,1000,8333.333,True,142.000,165.000,0.000,252.000,90.000,0.611111,0.416667,-0.673002,37.216,60.051,145.844,1689.5
VictoriaRoso_9_puntos_intento_3.mp4,1001,8341.667,True,142.000,165.000,0.000,252.000,90.000,0.611111,0.416667,-0.673002,37.268,59.824,146.809,1693.5
VictoriaRoso_9_puntos_intento_3.mp4,1002,8350.000,True,142.000,165.000,0.000,252.000,90.000,0.611111,0.416667,-0.673002,37.538,59.554,146.088,1699.0
VictoriaRoso_9_puntos_intento_3.mp4,1003,8358.333,True,142.000,165.000,0.000,252.000,90.000,0.611111,0.416667,-0.673002,37.391,59.361,146.119,1699.5
VictoriaRoso_9_puntos_intento_3.mp4,1004,8366.667,True,142.000,165.000,0.000,252.000,90.000,0.611111,0.416667,-0.673002,37.411,59.549,145.849,1714.0
VictoriaRoso_9_puntos_intento_3.mp4,1005,8375.000,True,142.000,165.000,0.000,252.000,90.000,0.611111,0.416667,-0.673002,37.112,59.490,146.286,1684.5
VictoriaRoso_9_puntos_intento_3.mp4,1006,8383.333,True,142.000,165.000,0.000,252.000,90.000,0.611111,0.416667,-0.673002,37.107,59.811,146.325,1686.0
VictoriaRoso_9_puntos_intento_3.mp4,1007,8391.667,True,142.000,165.000,0.000,252.000,90.000,0.611111,0.416667,-0.673002,37.375,59.792,145.077,1683.5
VictoriaRoso_9_puntos_intento_3.mp4,1008,8400.000,True,142.000,165.000,0.000,252.000,90.000,0.611111,0.416667,-0.673002,37.250,59.769,145.663,1683.5
VictoriaRoso_9_puntos_intento_3.mp4,1009,8408.333,True,142.000,165.000,0.000,252.000,90.000,0.611111,0.416667,-0.673002,37.010,60.384,145.535,1685.0
VictoriaRoso_9_puntos_intento_3.mp4,1010,8416.667,True,142.000,165.000,0.000,252.000,90.000,0.611111,0.416667,-0.673002,37.024,60.218,146.250,1686.5
VictoriaRoso_9_puntos_intento_3.mp4,1011,8425.000,True,142.000,165.000,0.000,252.000,89.000,0.611111,0.422222,-0.669531,37.011,59.831,145.602,1694.0
VictoriaRoso_9_puntos_intento_3.mp4,1012,8433.333,True,142.000,165.000,0.000,252.000,90.000,0.611111,0.416667,-0.673002,36.816,60.307,146.287,1697.5
VictoriaRoso_9_puntos_intento_3.mp4,1013,8441.667,True,142.000,165.000,0.000,252.000,90.000,0.611111,0.416667,-0.673002,36.811,59.596,145.107,1680.5
VictoriaRoso_9_puntos_intento_3.mp4,1014,8450.000,True,142.000,165.000,0.000,252.000,89.000,0.611111,0.422222,-0.669531,37.093,59.643,145.365,1677.0
VictoriaRoso_9_puntos_intento_3.mp4,1015,8458.333,True,142.000,165.000,0.000,252.000,89.000,0.611111,0.422222,-0.669531,36.993,59.972,144.743,1685.5
VictoriaRoso_9_puntos_intento_3.mp4,1016,8466.667,True,142.000,165.000,0.000,252.000,90.000,0.611111,0.416667,-0.673002,37.284,60.036,145.993,1707.5
VictoriaRoso_9_puntos_intento_3.mp4,1017,8475.000,True,142.000,165.000,0.000,252.000,89.000,0.611111,0.422222,-0.669531,37.221,60.174,145.568,1702.5
VictoriaRoso_9_puntos_intento_3.mp4,1018,8483.333,True,142.000,165.000,0.000,252.000,90.000,0.611111,0.416667,-0.673002,36.959,60.457,146.258,1705.0
VictoriaRoso_9_puntos_intento_3.mp4,1019,8491.667,True,142.000,165.000,0.000,252.000,90.000,0.611111,0.416667,-0.673002,37.105,59.412,144.728,1698.5
VictoriaRoso_9_puntos_intento_3.mp4,1020,8500.000,True,142.000,165.000,0.000,252.000,90.000,0.611111,0.416667,-0.673002,36.904,59.830,144.846,1699.0
VictoriaRoso_9_puntos_intento_3.mp4,1021,8508.333,True,142.000,165.000,0.000,252.000,90.000,0.611111,0.416667,-0.673002,37.255,59.052,145.529,1682.0
VictoriaRoso_9_puntos_intento_3.mp4,1022,8516.667,True,142.000,165.000,0.000,252.000,90.000,0.611111,0.416667,-0.673002,37.860,59.470,145.113,1717.0
VictoriaRoso_9_puntos_intento_3.mp4,1023,8525.000,True,142.000,165.000,0.000,252.000,90.000,0.611111,0.416667,-0.673002,37.742,59.065,145.359,1708.0
VictoriaRoso_9_puntos_intento_3.mp4,1024,8533.333,True,142.000,165.000,0.000,252.000,90.000,0.611111,0.416667,-0.673002,37.330,59.824,144.662,1710.0
VictoriaRoso_9_puntos_intento_3.mp4,1025,8541.667,True,142.000,165.000,0.000,252.000,89.000,0.611111,0.422222,-0.669531,37.350,59.732,144.357,1701.0
VictoriaRoso_9_puntos_intento_3.mp4,1026,8550.000,True,142.000,165.000,0.000,252.000,89.000,0.611111,0.422222,-0.669531,37.524,59.439,144.593,1706.0
VictoriaRoso_9_puntos_intento_3.mp4,1027,8558.333,True,142.000,165.000,0.000,252.000,89.000,0.611111,0.422222,-0.669531,37.531,59.593,144.233,1700.0
VictoriaRoso_9_puntos_intento_3.mp4,1028,8566.667,True,142.000,165.000,0.000,252.000,89.000,0.611111,0.422222,-0.669531,37.194,60.029,146.323,1695.5
VictoriaRoso_9_puntos_intento_3.mp4,1029,8575.000,True,142.000,165.000,0.000,252.000,90.000,0.611111,0.416667,-0.673002,37.171,59.629,144.247,1675.0
VictoriaRoso_9_puntos_intento_3.mp4,1030,8583.333,True,142.000,165.000,0.000,251.000,90.000,0.605556,0.416667,-0.678005,37.540,59.429,146.155,1701.0
VictoriaRoso_9_puntos_intento_3.mp4,1031,8591.667,True,142.000,165.000,0.000,246.000,90.000,0.577778,0.416667,-0.701827,39.030,59.252,147.216,1764.5
VictoriaRoso_9_puntos_intento_3.mp4,1032,8600.000,True,142.000,165.000,0.000,238.000,90.000,0.533333,0.416667,-0.736169,42.711,60.516,147.362,1938.0
VictoriaRoso_9_puntos_intento_3.mp4,1033,8608.333,True,142.000,165.000,0.000,229.000,90.000,0.483333,0.416667,-0.769921,46.356,60.570,145.076,2057.5
VictoriaRoso_9_puntos_intento_3.mp4,1034,8616.667,True,142.000,165.000,0.000,220.000,91.000,0.433333,0.411111,-0.802004,48.817,59.677,149.994,2127.5
VictoriaRoso_9_puntos_intento_3.mp4,1035,8625.000,True,142.000,165.000,0.000,212.000,93.000,0.388889,0.400000,-0.829919,51.971,58.212,145.566,2215.5
VictoriaRoso_9_puntos_intento_3.mp4,1036,8633.333,True,142.000,165.000,0.000,207.000,94.000,0.361111,0.394444,-0.844993,54.141,57.401,139.135,2253.0
VictoriaRoso_9_puntos_intento_3.mp4,1037,8641.667,True,142.000,165.000,0.000,207.000,94.000,0.361111,0.394444,-0.844993,53.648,57.909,135.944,2271.5
VictoriaRoso_9_puntos_intento_3.mp4,1038,8650.000,True,142.000,165.000,0.000,207.000,94.000,0.361111,0.394444,-0.844993,52.902,58.070,145.364,2234.5
VictoriaRoso_9_puntos_intento_3.mp4,1039,8658.333,True,142.000,165.000,0.000,207.000,93.000,0.361111,0.400000,-0.842377,52.546,59.568,140.533,2230.0
VictoriaRoso_9_puntos_intento_3.mp4,1040,8666.667,True,142.000,165.000,0.000,207.000,94.000,0.361111,0.394444,-0.844993,53.597,58.211,139.599,2273.5
VictoriaRoso_9_puntos_intento_3.mp4,1041,8675.000,True,142.000,165.000,0.000,207.000,94.000,0.361111,0.394444,-0.844993,54.021,57.613,140.814,2262.5
VictoriaRoso_9_puntos_intento_3.mp4,1042,8683.333,True,142.000,165.000,0.000,207.000,94.000,0.361111,0.394444,-0.844993,53.812,58.126,140.063,2268.5
VictoriaRoso_9_puntos_intento_3.mp4,1043,8691.667,True,142.000,165.000,0.000,207.000,94.000,0.361111,0.394444,-0.844993,53.718,57.944,144.498,2267.0
VictoriaRoso_9_puntos_intento_3.mp4,1044,8700.000,True,142.000,165.000,0.000,207.000,94.000,0.361111,0.394444,-0.844993,53.555,57.804,137.350,2266.5
VictoriaRoso_9_puntos_intento_3.mp4,1045,8708.333,True,142.000,165.000,0.000,207.000,94.000,0.361111,0.394444,-0.844993,53.397,57.375,131.702,2250.5
VictoriaRoso_9_puntos_intento_3.mp4,1046,8716.667,True,142.000,165.000,0.000,207.000,94.000,0.361111,0.394444,-0.844993,53.211,58.435,135.464,2268.0
VictoriaRoso_9_puntos_intento_3.mp4,1047,8725.000,True,142.000,165.000,0.000,207.000,94.000,0.361111,0.394444,-0.844993,53.447,58.137,140.670,2261.5
VictoriaRoso_9_puntos_intento_3.mp4,1048,8733.333,True,142.000,165.000,0.000,207.000,94.000,0.361111,0.394444,-0.844993,53.785,57.690,141.082,2258.0
VictoriaRoso_9_puntos_intento_3.mp4,1049,8741.667,True,142.000,165.000,0.000,207.000,94.000,0.361111,0.394444,-0.844993,54.054,57.539,141.452,2267.5
VictoriaRoso_9_puntos_intento_3.mp4,1050,8750.000,True,142.000,165.000,0.000,207.000,94.000,0.361111,0.394444,-0.844993,53.477,58.447,139.318,2254.0
VictoriaRoso_9_puntos_intento_3.mp4,1051,8758.333,True,142.000,165.000,0.000,207.000,93.000,0.361111,0.400000,-0.842377,53.480,58.382,144.462,2265.0
VictoriaRoso_9_puntos_intento_3.mp4,1052,8766.667,True,142.000,165.000,0.000,207.000,93.000,0.361111,0.400000,-0.842377,53.762,58.318,143.874,2269.0
VictoriaRoso_9_puntos_intento_3.mp4,1053,8775.000,True,142.000,165.000,0.000,207.000,93.000,0.361111,0.400000,-0.842377,53.118,58.463,141.736,2270.5
VictoriaRoso_9_puntos_intento_3.mp4,1054,8783.333,True,142.000,165.000,0.000,207.000,93.000,0.361111,0.400000,-0.842377,53.680,58.215,137.777,2283.5
VictoriaRoso_9_puntos_intento_3.mp4,1055,8791.667,True,142.000,165.000,0.000,208.000,94.000,0.366667,0.394444,-0.842597,54.090,56.915,129.012,2269.5
VictoriaRoso_9_puntos_intento_3.mp4,1056,8800.000,True,142.000,165.000,0.000,207.000,93.000,0.361111,0.400000,-0.842377,54.048,58.508,137.948,2278.0
VictoriaRoso_9_puntos_intento_3.mp4,1057,8808.333,True,142.000,165.000,0.000,207.000,93.000,0.361111,0.400000,-0.842377,53.731,59.002,147.979,2277.5
VictoriaRoso_9_puntos_intento_3.mp4,1058,8816.667,True,142.000,165.000,0.000,207.000,93.000,0.361111,0.400000,-0.842377,53.606,58.053,140.219,2220.0
VictoriaRoso_9_puntos_intento_3.mp4,1059,8825.000,True,142.000,165.000,0.000,207.000,93.000,0.361111,0.400000,-0.842377,53.986,57.355,144.316,2210.5
VictoriaRoso_9_puntos_intento_3.mp4,1060,8833.333,True,142.000,165.000,0.000,207.000,93.000,0.361111,0.400000,-0.842377,53.203,57.853,135.682,2208.0
VictoriaRoso_9_puntos_intento_3.mp4,1061,8841.667,True,142.000,165.000,0.000,207.000,94.000,0.361111,0.394444,-0.844993,52.963,57.906,134.433,2219.5
VictoriaRoso_9_puntos_intento_3.mp4,1062,8850.000,True,142.000,165.000,0.000,208.000,94.000,0.366667,0.394444,-0.842597,53.379,57.386,136.043,2227.5
VictoriaRoso_9_puntos_intento_3.mp4,1063,8858.333,True,142.000,165.000,0.000,208.000,94.000,0.366667,0.394444,-0.842597,53.767,56.814,131.223,2224.5
VictoriaRoso_9_puntos_intento_3.mp4,1064,8866.667,True,142.000,165.000,0.000,207.000,93.000,0.361111,0.400000,-0.842377,52.221,57.581,129.006,2152.0
VictoriaRoso_9_puntos_intento_3.mp4,1065,8875.000,True,142.000,165.000,0.000,207.000,93.000,0.361111,0.400000,-0.842377,52.862,56.776,130.451,2139.0
VictoriaRoso_9_puntos_intento_3.mp4,1066,8883.333,True,142.000,165.000,0.000,207.000,93.000,0.361111,0.400000,-0.842377,52.557,57.040,129.742,2151.5
VictoriaRoso_9_puntos_intento_3.mp4,1067,8891.667,True,142.000,165.000,0.000,208.000,93.000,0.366667,0.400000,-0.839974,52.264,57.191,132.430,2146.0
VictoriaRoso_9_puntos_intento_3.mp4,1068,8900.000,True,142.000,165.000,0.000,209.000,92.000,0.372222,0.405556,-0.834850,51.952,57.617,134.108,2127.5
VictoriaRoso_9_puntos_intento_3.mp4,1069,8908.333,True,142.000,165.000,0.000,209.000,92.000,0.372222,0.405556,-0.834850,51.573,57.112,133.117,2106.0
VictoriaRoso_9_puntos_intento_3.mp4,1070,8916.667,True,141.000,165.000,0.000,209.000,92.000,0.377778,0.405556,-0.832351,51.946,58.508,138.154,2140.5
VictoriaRoso_9_puntos_intento_3.mp4,1071,8925.000,True,141.000,165.000,0.000,209.000,92.000,0.377778,0.405556,-0.832351,51.600,57.636,136.676,2106.5
VictoriaRoso_9_puntos_intento_3.mp4,1072,8933.333,True,141.000,165.000,0.000,209.000,92.000,0.377778,0.405556,-0.832351,52.110,57.365,131.354,2136.0
VictoriaRoso_9_puntos_intento_3.mp4,1073,8941.667,True,141.000,165.000,0.000,210.000,93.000,0.383333,0.400000,-0.832500,51.384,55.815,129.935,2037.0
VictoriaRoso_9_puntos_intento_3.mp4,1074,8950.000,True,141.000,165.000,0.000,210.000,92.000,0.383333,0.405556,-0.829807,51.118,56.290,133.611,2037.0
VictoriaRoso_9_puntos_intento_3.mp4,1075,8958.333,True,141.000,165.000,0.000,209.000,92.000,0.377778,0.405556,-0.832351,51.004,57.255,138.433,2057.5
VictoriaRoso_9_puntos_intento_3.mp4,1076,8966.667,True,141.000,165.000,0.000,210.000,92.000,0.383333,0.405556,-0.829807,50.890,57.389,141.364,2047.5
VictoriaRoso_9_puntos_intento_3.mp4,1077,8975.000,True,141.000,165.000,0.000,209.000,92.000,0.377778,0.405556,-0.832351,50.792,57.187,139.838,2050.0
VictoriaRoso_9_puntos_intento_3.mp4,1078,8983.333,True,141.000,165.000,0.000,210.000,92.000,0.383333,0.405556,-0.829807,51.369,57.212,138.250,2050.0
VictoriaRoso_9_puntos_intento_3.mp4,1079,8991.667,True,141.000,165.000,0.000,210.000,92.000,0.383333,0.405556,-0.829807,51.479,56.683,135.963,2060.5
VictoriaRoso_9_puntos_intento_3.mp4,1080,9000.000,True,141.000,165.000,0.000,209.000,92.000,0.377778,0.405556,-0.832351,51.015,57.697,134.649,2055.5
VictoriaRoso_9_puntos_intento_3.mp4,1081,9008.333,True,141.000,165.000,0.000,209.000,92.000,0.377778,0.405556,-0.832351,50.983,57.278,141.030,2052.0
VictoriaRoso_9_puntos_intento_3.mp4,1082,9016.667,True,141.000,165.000,0.000,210.000,92.000,0.383333,0.405556,-0.829807,50.961,56.985,137.736,2059.0
VictoriaRoso_9_puntos_intento_3.mp4,1083,9025.000,True,141.000,165.000,0.000,209.000,92.000,0.377778,0.405556,-0.832351,50.970,56.907,140.151,2034.0
VictoriaRoso_9_puntos_intento_3.mp4,1084,9033.333,True,141.000,165.000,0.000,210.000,92.000,0.383333,0.405556,-0.829807,51.592,56.147,140.812,2085.5
VictoriaRoso_9_puntos_intento_3.mp4,1085,9041.667,True,141.000,165.000,0.000,210.000,92.000,0.383333,0.405556,-0.829807,51.347,56.684,138.175,2076.0
VictoriaRoso_9_puntos_intento_3.mp4,1086,9050.000,True,141.000,165.000,0.000,210.000,92.000,0.383333,0.405556,-0.829807,51.168,55.892,130.908,2058.5
VictoriaRoso_9_puntos_intento_3.mp4,1087,9058.333,True,141.000,165.000,0.000,209.000,92.000,0.377778,0.405556,-0.832351,51.213,56.863,135.348,2063.0
VictoriaRoso_9_puntos_intento_3.mp4,1088,9066.667,True,141.000,165.000,0.000,210.000,92.000,0.383333,0.405556,-0.829807,51.387,56.036,136.012,2064.0
VictoriaRoso_9_puntos_intento_3.mp4,1089,9075.000,True,141.000,165.000,0.000,210.000,92.000,0.383333,0.405556,-0.829807,51.158,56.620,134.537,2061.0
VictoriaRoso_9_puntos_intento_3.mp4,1090,9083.333,True,141.000,165.000,0.000,210.000,92.000,0.383333,0.405556,-0.829807,51.485,55.518,129.135,2068.0
VictoriaRoso_9_puntos_intento_3.mp4,1091,9091.667,True,141.000,165.000,0.000,210.000,92.000,0.383333,0.405556,-0.829807,51.547,55.450,129.196,2068.0
VictoriaRoso_9_puntos_intento_3.mp4,1092,9100.000,True,141.000,165.000,0.000,210.000,92.000,0.383333,0.405556,-0.829807,51.516,56.075,131.801,2068.0
VictoriaRoso_9_puntos_intento_3.mp4,1093,9108.333,True,141.000,165.000,0.000,210.000,92.000,0.383333,0.405556,-0.829807,51.043,56.592,135.225,2053.5
VictoriaRoso_9_puntos_intento_3.mp4,1094,9116.667,True,141.000,165.000,0.000,210.000,91.000,0.383333,0.411111,-0.827069,51.535,57.119,140.728,2066.5
VictoriaRoso_9_puntos_intento_3.mp4,1095,9125.000,True,141.000,165.000,0.000,210.000,92.000,0.383333,0.405556,-0.829807,51.443,55.414,136.798,2047.5
VictoriaRoso_9_puntos_intento_3.mp4,1096,9133.333,True,141.000,165.000,0.000,210.000,92.000,0.383333,0.405556,-0.829807,50.970,57.002,143.761,2057.0
VictoriaRoso_9_puntos_intento_3.mp4,1097,9141.667,True,141.000,165.000,0.000,210.000,92.000,0.383333,0.405556,-0.829807,51.221,55.914,135.135,2061.0
VictoriaRoso_9_puntos_intento_3.mp4,1098,9150.000,True,141.000,165.000,0.000,210.000,92.000,0.383333,0.405556,-0.829807,50.712,55.867,139.307,2045.0
VictoriaRoso_9_puntos_intento_3.mp4,1099,9158.333,True,141.000,165.000,0.000,210.000,92.000,0.383333,0.405556,-0.829807,51.071,56.678,138.085,2034.0
VictoriaRoso_9_puntos_intento_3.mp4,1100,9166.667,True,141.000,165.000,0.000,210.000,91.000,0.383333,0.411111,-0.827069,50.831,57.096,144.130,2040.5
VictoriaRoso_9_puntos_intento_3.mp4,1101,9175.000,True,141.000,165.000,0.000,210.000,92.000,0.383333,0.405556,-0.829807,50.438,57.152,141.369,2051.0
VictoriaRoso_9_puntos_intento_3.mp4,1102,9183.333,True,141.000,165.000,0.000,209.000,91.000,0.377778,0.411111,-0.829621,50.979,57.104,138.672,2068.5
VictoriaRoso_9_puntos_intento_3.mp4,1103,9191.667,True,141.000,165.000,0.000,210.000,92.000,0.383333,0.405556,-0.829807,51.089,56.998,143.169,2056.0
VictoriaRoso_9_puntos_intento_3.mp4,1104,9200.000,True,141.000,165.000,0.000,210.000,92.000,0.383333,0.405556,-0.829807,50.964,56.455,144.713,2056.5
VictoriaRoso_9_puntos_intento_3.mp4,1105,9208.333,True,141.000,165.000,0.000,210.000,92.000,0.383333,0.405556,-0.829807,51.394,56.359,139.466,2038.0
VictoriaRoso_9_puntos_intento_3.mp4,1106,9216.667,True,141.000,165.000,0.000,210.000,92.000,0.383333,0.405556,-0.829807,52.306,54.932,132.137,2045.5
VictoriaRoso_9_puntos_intento_3.mp4,1107,9225.000,True,141.000,165.000,0.000,210.000,92.000,0.383333,0.405556,-0.829807,51.567,54.984,127.863,2035.5
VictoriaRoso_9_puntos_intento_3.mp4,1108,9233.333,True,141.000,165.000,0.000,210.000,92.000,0.383333,0.405556,-0.829807,51.702,54.944,125.197,2055.5
VictoriaRoso_9_puntos_intento_3.mp4,1109,9241.667,True,141.000,165.000,0.000,210.000,92.000,0.383333,0.405556,-0.829807,51.473,55.114,134.295,2026.5
VictoriaRoso_9_puntos_intento_3.mp4,1110,9250.000,True,141.000,165.000,0.000,210.000,92.000,0.383333,0.405556,-0.829807,50.870,55.876,136.968,2023.0
VictoriaRoso_9_puntos_intento_3.mp4,1111,9258.333,True,141.000,165.000,0.000,210.000,92.000,0.383333,0.405556,-0.829807,51.108,56.003,133.896,2028.0
VictoriaRoso_9_puntos_intento_3.mp4,1112,9266.667,True,141.000,165.000,0.000,210.000,92.000,0.383333,0.405556,-0.829807,51.846,55.449,132.083,2050.0
VictoriaRoso_9_puntos_intento_3.mp4,1113,9275.000,True,141.000,165.000,0.000,210.000,92.000,0.383333,0.405556,-0.829807,51.247,55.622,134.164,2027.0
VictoriaRoso_9_puntos_intento_3.mp4,1114,9283.333,True,141.000,165.000,0.000,209.000,92.000,0.377778,0.405556,-0.832351,51.254,56.089,134.555,2051.5
VictoriaRoso_9_puntos_intento_3.mp4,1115,9291.667,True,141.000,165.000,0.000,210.000,92.000,0.383333,0.405556,-0.829807,51.605,55.362,139.192,2047.0
VictoriaRoso_9_puntos_intento_3.mp4,1116,9300.000,True,141.000,165.000,0.000,209.000,92.000,0.377778,0.405556,-0.832351,51.228,56.282,135.210,2044.5
VictoriaRoso_9_puntos_intento_3.mp4,1117,9308.333,True,141.000,165.000,0.000,209.000,92.000,0.377778,0.405556,-0.832351,50.925,56.861,130.668,2044.0
VictoriaRoso_9_puntos_intento_3.mp4,1118,9316.667,True,141.000,165.000,0.000,209.000,92.000,0.377778,0.405556,-0.832351,51.392,56.734,134.337,2080.5
VictoriaRoso_9_puntos_intento_3.mp4,1119,9325.000,True,141.000,165.000,0.000,210.000,92.000,0.383333,0.405556,-0.829807,51.152,56.097,136.664,2045.0
VictoriaRoso_9_puntos_intento_3.mp4,1120,9333.333,True,141.000,165.000,0.000,209.000,92.000,0.377778,0.405556,-0.832351,50.900,56.541,135.169,2055.5
VictoriaRoso_9_puntos_intento_3.mp4,1121,9341.667,True,141.000,165.000,0.000,210.000,92.000,0.383333,0.405556,-0.829807,51.169,55.612,132.117,2052.5
VictoriaRoso_9_puntos_intento_3.mp4,1122,9350.000,True,141.000,165.000,0.000,210.000,92.000,0.383333,0.405556,-0.829807,50.955,56.043,135.978,2052.5
VictoriaRoso_9_puntos_intento_3.mp4,1123,9358.333,True,141.000,165.000,0.000,209.000,92.000,0.377778,0.405556,-0.832351,51.226,56.039,133.021,2065.0
VictoriaRoso_9_puntos_intento_3.mp4,1124,9366.667,True,141.000,165.000,0.000,210.000,92.000,0.383333,0.405556,-0.829807,51.442,55.620,135.789,2079.0
VictoriaRoso_9_puntos_intento_3.mp4,1125,9375.000,True,141.000,165.000,0.000,209.000,91.000,0.377778,0.411111,-0.829621,50.707,57.334,137.883,2070.0
VictoriaRoso_9_puntos_intento_3.mp4,1126,9383.333,True,141.000,165.000,0.000,209.000,92.000,0.377778,0.405556,-0.832351,50.925,56.782,135.563,2054.0
VictoriaRoso_9_puntos_intento_3.mp4,1127,9391.667,True,141.000,165.000,0.000,209.000,92.000,0.377778,0.405556,-0.832351,51.623,56.632,140.866,2059.5
VictoriaRoso_9_puntos_intento_3.mp4,1128,9400.000,True,141.000,165.000,0.000,209.000,92.000,0.377778,0.405556,-0.832351,51.550,56.021,140.350,2052.0
VictoriaRoso_9_puntos_intento_3.mp4,1129,9408.333,True,141.000,165.000,0.000,210.000,92.000,0.383333,0.405556,-0.829807,51.411,56.268,137.443,2049.5
VictoriaRoso_9_puntos_intento_3.mp4,1130,9416.667,True,141.000,165.000,0.000,210.000,92.000,0.383333,0.405556,-0.829807,51.948,55.944,144.535,2061.5
VictoriaRoso_9_puntos_intento_3.mp4,1131,9425.000,True,141.000,165.000,0.000,209.000,92.000,0.377778,0.405556,-0.832351,51.429,56.390,136.098,2047.0
VictoriaRoso_9_puntos_intento_3.mp4,1132,9433.333,True,141.000,165.000,0.000,209.000,92.000,0.377778,0.405556,-0.832351,51.333,56.210,142.691,2046.5
VictoriaRoso_9_puntos_intento_3.mp4,1133,9441.667,True,141.000,165.000,0.000,209.000,92.000,0.377778,0.405556,-0.832351,51.402,56.783,141.292,2064.5
VictoriaRoso_9_puntos_intento_3.mp4,1134,9450.000,True,141.000,165.000,0.000,209.000,92.000,0.377778,0.405556,-0.832351,51.410,56.756,140.361,2069.5
VictoriaRoso_9_puntos_intento_3.mp4,1135,9458.333,True,141.000,165.000,0.000,209.000,92.000,0.377778,0.405556,-0.832351,51.197,56.818,140.287,2065.5
VictoriaRoso_9_puntos_intento_3.mp4,1136,9466.667,True,141.000,165.000,0.000,209.000,92.000,0.377778,0.405556,-0.832351,51.395,56.620,139.302,2083.0
VictoriaRoso_9_puntos_intento_3.mp4,1137,9475.000,True,141.000,165.000,0.000,210.000,92.000,0.383333,0.405556,-0.829807,51.852,56.346,141.930,2071.5
VictoriaRoso_9_puntos_intento_3.mp4,1138,9483.333,True,141.000,165.000,0.000,209.000,92.000,0.377778,0.405556,-0.832351,51.901,56.455,137.136,2087.5
VictoriaRoso_9_puntos_intento_3.mp4,1139,9491.667,True,141.000,165.000,0.000,209.000,92.000,0.377778,0.405556,-0.832351,51.865,55.415,133.770,2076.0
VictoriaRoso_9_puntos_intento_3.mp4,1140,9500.000,True,141.000,165.000,0.000,209.000,91.000,0.377778,0.411111,-0.829621,51.888,57.136,133.482,2091.5
VictoriaRoso_9_puntos_intento_3.mp4,1141,9508.333,True,141.000,165.000,0.000,209.000,92.000,0.377778,0.405556,-0.832351,51.647,56.687,136.308,2069.0
VictoriaRoso_9_puntos_intento_3.mp4,1142,9516.667,True,141.000,165.000,0.000,209.000,92.000,0.377778,0.405556,-0.832351,51.782,56.202,132.187,2089.0
VictoriaRoso_9_puntos_intento_3.mp4,1143,9525.000,True,141.000,165.000,0.000,209.000,92.000,0.377778,0.405556,-0.832351,52.406,56.161,134.138,2069.0
VictoriaRoso_9_puntos_intento_3.mp4,1144,9533.333,True,141.000,165.000,0.000,209.000,92.000,0.377778,0.405556,-0.832351,51.873,56.507,131.329,2074.5
VictoriaRoso_9_puntos_intento_3.mp4,1145,9541.667,True,141.000,165.000,0.000,209.000,91.000,0.377778,0.411111,-0.829621,51.352,56.695,137.301,2047.5
VictoriaRoso_9_puntos_intento_3.mp4,1146,9550.000,True,141.000,165.000,0.000,209.000,91.000,0.377778,0.411111,-0.829621,51.604,57.075,139.055,2087.5
VictoriaRoso_9_puntos_intento_3.mp4,1147,9558.333,True,141.000,165.000,0.000,209.000,91.000,0.377778,0.411111,-0.829621,51.493,56.407,140.983,2067.5
VictoriaRoso_9_puntos_intento_3.mp4,1148,9566.667,True,141.000,165.000,0.000,209.000,91.000,0.377778,0.411111,-0.829621,51.756,57.322,140.495,2081.0
VictoriaRoso_9_puntos_intento_3.mp4,1149,9575.000,True,141.000,165.000,0.000,209.000,91.000,0.377778,0.411111,-0.829621,51.835,56.614,138.477,2064.5
VictoriaRoso_9_puntos_intento_3.mp4,1150,9583.333,True,141.000,165.000,0.000,209.000,91.000,0.377778,0.411111,-0.829621,51.614,57.255,140.373,2063.0
VictoriaRoso_9_puntos_intento_3.mp4,1151,9591.667,True,141.000,165.000,0.000,209.000,91.000,0.377778,0.411111,-0.829621,51.437,57.592,142.281,2076.0
VictoriaRoso_9_puntos_intento_3.mp4,1152,9600.000,True,141.000,165.000,0.000,209.000,91.000,0.377778,0.411111,-0.829621,51.173,58.040,136.557,2060.5
VictoriaRoso_9_puntos_intento_3.mp4,1153,9608.333,True,141.000,165.000,0.000,209.000,92.000,0.377778,0.405556,-0.832351,52.193,56.102,134.637,2075.5
VictoriaRoso_9_puntos_intento_3.mp4,1154,9616.667,True,141.000,165.000,0.000,209.000,92.000,0.377778,0.405556,-0.832351,51.840,55.424,140.472,2073.0
VictoriaRoso_9_puntos_intento_3.mp4,1155,9625.000,True,141.000,165.000,0.000,209.000,92.000,0.377778,0.405556,-0.832351,51.069,55.685,137.904,2046.5
VictoriaRoso_9_puntos_intento_3.mp4,1156,9633.333,True,141.000,165.000,0.000,209.000,92.000,0.377778,0.405556,-0.832351,51.961,56.195,132.581,2073.5
VictoriaRoso_9_puntos_intento_3.mp4,1157,9641.667,True,141.000,165.000,0.000,209.000,91.000,0.377778,0.411111,-0.829621,52.200,56.663,137.797,2067.0
VictoriaRoso_9_puntos_intento_3.mp4,1158,9650.000,True,141.000,165.000,0.000,209.000,91.000,0.377778,0.411111,-0.829621,50.355,58.461,138.429,2062.0
VictoriaRoso_9_puntos_intento_3.mp4,1159,9658.333,True,141.000,165.000,0.000,209.000,91.000,0.377778,0.411111,-0.829621,51.611,57.173,143.438,2071.0
VictoriaRoso_9_puntos_intento_3.mp4,1160,9666.667,True,141.000,165.000,0.000,209.000,92.000,0.377778,0.405556,-0.832351,51.823,55.878,143.472,2055.0
VictoriaRoso_9_puntos_intento_3.mp4,1161,9675.000,True,141.000,165.000,0.000,209.000,91.000,0.377778,0.411111,-0.829621,51.161,56.739,139.566,2054.0
VictoriaRoso_9_puntos_intento_3.mp4,1162,9683.333,True,141.000,165.000,0.000,209.000,92.000,0.377778,0.405556,-0.832351,52.165,55.543,144.864,2079.5
VictoriaRoso_9_puntos_intento_3.mp4,1163,9691.667,True,141.000,165.000,0.000,210.000,91.000,0.383333,0.411111,-0.827069,52.050,54.917,140.714,2052.0
VictoriaRoso_9_puntos_intento_3.mp4,1164,9700.000,True,141.000,165.000,0.000,209.000,91.000,0.377778,0.411111,-0.829621,51.434,56.047,137.760,2040.0
VictoriaRoso_9_puntos_intento_3.mp4,1165,9708.333,True,141.000,165.000,0.000,209.000,91.000,0.377778,0.411111,-0.829621,51.328,57.351,132.524,2059.5
VictoriaRoso_9_puntos_intento_3.mp4,1166,9716.667,True,141.000,165.000,0.000,209.000,91.000,0.377778,0.411111,-0.829621,51.111,57.437,136.363,2055.0
VictoriaRoso_9_puntos_intento_3.mp4,1167,9725.000,True,141.000,165.000,0.000,209.000,91.000,0.377778,0.411111,-0.829621,51.369,56.487,135.315,2050.0
VictoriaRoso_9_puntos_intento_3.mp4,1168,9733.333,True,141.000,165.000,0.000,209.000,92.000,0.377778,0.405556,-0.832351,51.777,56.365,131.935,2064.0
VictoriaRoso_9_puntos_intento_3.mp4,1169,9741.667,True,141.000,165.000,0.000,209.000,91.000,0.377778,0.411111,-0.829621,51.399,56.910,139.383,2064.0
VictoriaRoso_9_puntos_intento_3.mp4,1170,9750.000,True,141.000,165.000,0.000,209.000,91.000,0.377778,0.411111,-0.829621,51.487,56.800,137.523,2061.5
VictoriaRoso_9_puntos_intento_3.mp4,1171,9758.333,True,141.000,165.000,0.000,209.000,91.000,0.377778,0.411111,-0.829621,51.349,57.335,143.052,2062.5
VictoriaRoso_9_puntos_intento_3.mp4,1172,9766.667,True,141.000,165.000,0.000,209.000,91.000,0.377778,0.411111,-0.829621,51.561,56.776,144.587,2062.5
VictoriaRoso_9_puntos_intento_3.mp4,1173,9775.000,True,141.000,165.000,0.000,209.000,91.000,0.377778,0.411111,-0.829621,51.795,56.906,135.705,2074.0
VictoriaRoso_9_puntos_intento_3.mp4,1174,9783.333,True,141.000,165.000,0.000,209.000,91.000,0.377778,0.411111,-0.829621,51.295,56.922,139.817,2070.5
VictoriaRoso_9_puntos_intento_3.mp4,1175,9791.667,True,141.000,165.000,0.000,209.000,91.000,0.377778,0.411111,-0.829621,50.774,58.494,139.182,2062.0
VictoriaRoso_9_puntos_intento_3.mp4,1176,9800.000,True,141.000,165.000,0.000,209.000,91.000,0.377778,0.411111,-0.829621,51.198,58.036,137.674,2080.5
VictoriaRoso_9_puntos_intento_3.mp4,1177,9808.333,True,141.000,165.000,0.000,209.000,91.000,0.377778,0.411111,-0.829621,51.785,56.852,146.837,2076.0
VictoriaRoso_9_puntos_intento_3.mp4,1178,9816.667,True,141.000,165.000,0.000,209.000,91.000,0.377778,0.411111,-0.829621,51.080,57.636,148.823,2075.0
VictoriaRoso_9_puntos_intento_3.mp4,1179,9825.000,True,141.000,165.000,0.000,209.000,91.000,0.377778,0.411111,-0.829621,51.446,57.200,147.451,2063.5
VictoriaRoso_9_puntos_intento_3.mp4,1180,9833.333,True,141.000,165.000,0.000,209.000,91.000,0.377778,0.411111,-0.829621,51.724,56.713,143.192,2095.5
VictoriaRoso_9_puntos_intento_3.mp4,1181,9841.667,True,141.000,165.000,0.000,209.000,91.000,0.377778,0.411111,-0.829621,52.188,56.330,138.569,2078.0
VictoriaRoso_9_puntos_intento_3.mp4,1182,9850.000,True,141.000,165.000,0.000,209.000,91.000,0.377778,0.411111,-0.829621,52.322,57.128,140.630,2092.5
VictoriaRoso_9_puntos_intento_3.mp4,1183,9858.333,True,141.000,165.000,0.000,209.000,91.000,0.377778,0.411111,-0.829621,51.974,56.536,135.737,2086.5
VictoriaRoso_9_puntos_intento_3.mp4,1184,9866.667,True,141.000,165.000,0.000,209.000,92.000,0.377778,0.405556,-0.832351,52.203,56.249,135.798,2095.5
VictoriaRoso_9_puntos_intento_3.mp4,1185,9875.000,True,141.000,165.000,0.000,209.000,91.000,0.377778,0.411111,-0.829621,52.158,57.128,141.647,2108.0
VictoriaRoso_9_puntos_intento_3.mp4,1186,9883.333,True,141.000,165.000,0.000,209.000,91.000,0.377778,0.411111,-0.829621,52.340,56.586,140.661,2098.0
VictoriaRoso_9_puntos_intento_3.mp4,1187,9891.667,True,141.000,165.000,0.000,209.000,92.000,0.377778,0.405556,-0.832351,52.647,56.276,135.110,2109.5
VictoriaRoso_9_puntos_intento_3.mp4,1188,9900.000,True,141.000,165.000,0.000,209.000,91.000,0.377778,0.411111,-0.829621,51.968,57.478,136.531,2102.0
VictoriaRoso_9_puntos_intento_3.mp4,1189,9908.333,True,141.000,165.000,0.000,209.000,91.000,0.377778,0.411111,-0.829621,52.429,56.840,144.814,2101.0
VictoriaRoso_9_puntos_intento_3.mp4,1190,9916.667,True,141.000,165.000,0.000,209.000,92.000,0.377778,0.405556,-0.832351,52.366,56.769,143.736,2109.5
VictoriaRoso_9_puntos_intento_3.mp4,1191,9925.000,True,141.000,165.000,0.000,209.000,92.000,0.377778,0.405556,-0.832351,52.002,56.857,148.148,2109.0
VictoriaRoso_9_puntos_intento_3.mp4,1192,9933.333,True,141.000,165.000,0.000,209.000,91.000,0.377778,0.411111,-0.829621,52.393,57.535,146.102,2133.0
VictoriaRoso_9_puntos_intento_3.mp4,1193,9941.667,True,141.000,165.000,0.000,209.000,91.000,0.377778,0.411111,-0.829621,51.836,57.901,146.015,2119.0
VictoriaRoso_9_puntos_intento_3.mp4,1194,9950.000,True,141.000,165.000,0.000,209.000,92.000,0.377778,0.405556,-0.832351,52.227,56.444,154.512,2125.0
VictoriaRoso_9_puntos_intento_3.mp4,1195,9958.333,True,141.000,165.000,0.000,209.000,91.000,0.377778,0.411111,-0.829621,52.289,56.939,152.550,2128.5
VictoriaRoso_9_puntos_intento_3.mp4,1196,9966.667,True,141.000,165.000,0.000,209.000,92.000,0.377778,0.405556,-0.832351,52.306,55.684,152.614,2124.5
VictoriaRoso_9_puntos_intento_3.mp4,1197,9975.000,True,141.000,165.000,0.000,209.000,92.000,0.377778,0.405556,-0.832351,52.382,56.579,147.314,2122.0
VictoriaRoso_9_puntos_intento_3.mp4,1198,9983.333,True,141.000,165.000,0.000,209.000,91.000,0.377778,0.411111,-0.829621,52.337,57.137,147.229,2110.0
VictoriaRoso_9_puntos_intento_3.mp4,1199,9991.667,True,141.000,165.000,0.000,209.000,92.000,0.377778,0.405556,-0.832351,52.466,56.934,147.068,2138.5
VictoriaRoso_9_puntos_intento_3.mp4,1200,10000.000,True,141.000,165.000,0.000,209.000,92.000,0.377778,0.405556,-0.832351,52.657,56.617,145.130,2139.5
VictoriaRoso_9_puntos_intento_3.mp4,1201,10008.333,True,141.000,165.000,0.000,208.000,91.000,0.372222,0.411111,-0.832129,51.912,58.696,141.740,2122.0
VictoriaRoso_9_puntos_intento_3.mp4,1202,10016.667,True,141.000,165.000,0.000,209.000,91.000,0.377778,0.411111,-0.829621,51.897,57.761,140.374,2115.0
VictoriaRoso_9_puntos_intento_3.mp4,1203,10025.000,True,141.000,165.000,0.000,209.000,91.000,0.377778,0.411111,-0.829621,52.130,57.779,141.536,2118.0
VictoriaRoso_9_puntos_intento_3.mp4,1204,10033.333,True,141.000,165.000,0.000,209.000,91.000,0.377778,0.411111,-0.829621,52.023,58.300,140.545,2139.0
VictoriaRoso_9_puntos_intento_3.mp4,1205,10041.667,True,141.000,165.000,0.000,209.000,91.000,0.377778,0.411111,-0.829621,52.402,57.963,146.312,2153.5
VictoriaRoso_9_puntos_intento_3.mp4,1206,10050.000,True,141.000,165.000,0.000,209.000,91.000,0.377778,0.411111,-0.829621,52.016,57.743,140.589,2128.5
VictoriaRoso_9_puntos_intento_3.mp4,1207,10058.333,True,141.000,165.000,0.000,209.000,92.000,0.377778,0.405556,-0.832351,52.185,56.503,139.656,2115.0
VictoriaRoso_9_puntos_intento_3.mp4,1208,10066.667,True,141.000,165.000,0.000,209.000,91.000,0.377778,0.411111,-0.829621,52.207,57.771,141.720,2129.5
VictoriaRoso_9_puntos_intento_3.mp4,1209,10075.000,True,141.000,165.000,0.000,209.000,91.000,0.377778,0.411111,-0.829621,52.953,56.836,137.868,2134.5
VictoriaRoso_9_puntos_intento_3.mp4,1210,10083.333,True,141.000,165.000,0.000,209.000,91.000,0.377778,0.411111,-0.829621,53.143,56.464,140.802,2134.5
VictoriaRoso_9_puntos_intento_3.mp4,1211,10091.667,True,141.000,165.000,0.000,209.000,92.000,0.377778,0.405556,-0.832351,52.177,56.372,137.767,2124.0
VictoriaRoso_9_puntos_intento_3.mp4,1212,10100.000,True,141.000,165.000,0.000,209.000,92.000,0.377778,0.405556,-0.832351,52.877,55.984,137.021,2125.0
VictoriaRoso_9_puntos_intento_3.mp4,1213,10108.333,True,141.000,165.000,0.000,209.000,92.000,0.377778,0.405556,-0.832351,52.541,56.364,142.981,2105.0
VictoriaRoso_9_puntos_intento_3.mp4,1214,10116.667,True,141.000,165.000,0.000,209.000,92.000,0.377778,0.405556,-0.832351,52.019,57.297,147.345,2137.0
VictoriaRoso_9_puntos_intento_3.mp4,1215,10125.000,True,141.000,165.000,0.000,209.000,92.000,0.377778,0.405556,-0.832351,52.559,56.944,135.761,2135.5
VictoriaRoso_9_puntos_intento_3.mp4,1216,10133.333,True,141.000,165.000,0.000,209.000,91.000,0.377778,0.411111,-0.829621,52.591,56.904,143.607,2134.0
VictoriaRoso_9_puntos_intento_3.mp4,1217,10141.667,True,141.000,165.000,0.000,209.000,91.000,0.377778,0.411111,-0.829621,51.789,57.782,139.926,2127.0
VictoriaRoso_9_puntos_intento_3.mp4,1218,10150.000,True,141.000,165.000,0.000,208.000,91.000,0.372222,0.411111,-0.832129,52.041,57.805,137.900,2127.5
VictoriaRoso_9_puntos_intento_3.mp4,1219,10158.333,True,141.000,165.000,0.000,209.000,91.000,0.377778,0.411111,-0.829621,52.064,57.889,138.314,2134.5
VictoriaRoso_9_puntos_intento_3.mp4,1220,10166.667,True,141.000,165.000,0.000,209.000,91.000,0.377778,0.411111,-0.829621,52.171,56.682,137.454,2105.5
VictoriaRoso_9_puntos_intento_3.mp4,1221,10175.000,True,141.000,165.000,0.000,208.000,91.000,0.372222,0.411111,-0.832129,52.177,57.866,138.625,2113.0
VictoriaRoso_9_puntos_intento_3.mp4,1222,10183.333,True,141.000,165.000,0.000,209.000,92.000,0.377778,0.405556,-0.832351,52.336,56.529,136.990,2122.5
VictoriaRoso_9_puntos_intento_3.mp4,1223,10191.667,True,141.000,165.000,0.000,209.000,91.000,0.377778,0.411111,-0.829621,52.202,56.982,135.621,2089.0
VictoriaRoso_9_puntos_intento_3.mp4,1224,10200.000,True,141.000,165.000,0.000,209.000,91.000,0.377778,0.411111,-0.829621,52.068,56.584,136.824,2088.0
VictoriaRoso_9_puntos_intento_3.mp4,1225,10208.333,True,141.000,165.000,0.000,209.000,92.000,0.377778,0.405556,-0.832351,52.523,55.979,140.677,2109.0
VictoriaRoso_9_puntos_intento_3.mp4,1226,10216.667,True,141.000,165.000,0.000,209.000,91.000,0.377778,0.411111,-0.829621,52.833,56.180,143.507,2103.5
VictoriaRoso_9_puntos_intento_3.mp4,1227,10225.000,True,141.000,165.000,0.000,209.000,92.000,0.377778,0.405556,-0.832351,52.850,55.408,135.898,2098.5
VictoriaRoso_9_puntos_intento_3.mp4,1228,10233.333,True,141.000,165.000,0.000,209.000,91.000,0.377778,0.411111,-0.829621,52.315,56.399,133.977,2097.0
VictoriaRoso_9_puntos_intento_3.mp4,1229,10241.667,True,141.000,165.000,0.000,209.000,91.000,0.377778,0.411111,-0.829621,51.939,56.516,134.027,2091.0
VictoriaRoso_9_puntos_intento_3.mp4,1230,10250.000,True,141.000,165.000,0.000,208.000,91.000,0.372222,0.411111,-0.832129,51.741,57.329,133.617,2103.5
VictoriaRoso_9_puntos_intento_3.mp4,1231,10258.333,True,141.000,165.000,0.000,209.000,91.000,0.377778,0.411111,-0.829621,52.185,56.785,141.796,2092.5
VictoriaRoso_9_puntos_intento_3.mp4,1232,10266.667,True,141.000,165.000,0.000,209.000,91.000,0.377778,0.411111,-0.829621,51.913,56.409,143.735,2091.5
VictoriaRoso_9_puntos_intento_3.mp4,1233,10275.000,True,141.000,165.000,0.000,209.000,91.000,0.377778,0.411111,-0.829621,51.483,57.030,136.777,2081.0
VictoriaRoso_9_puntos_intento_3.mp4,1234,10283.333,True,141.000,165.000,0.000,208.000,91.000,0.372222,0.411111,-0.832129,51.407,57.940,143.797,2086.5
VictoriaRoso_9_puntos_intento_3.mp4,1235,10291.667,True,141.000,165.000,0.000,208.000,91.000,0.372222,0.411111,-0.832129,51.629,57.136,141.742,2065.5
VictoriaRoso_9_puntos_intento_3.mp4,1236,10300.000,True,141.000,165.000,0.000,209.000,91.000,0.377778,0.411111,-0.829621,51.951,56.161,145.705,2086.0
VictoriaRoso_9_puntos_intento_3.mp4,1237,10308.333,True,141.000,165.000,0.000,209.000,91.000,0.377778,0.411111,-0.829621,51.532,57.359,144.850,2082.5
VictoriaRoso_9_puntos_intento_3.mp4,1238,10316.667,True,141.000,165.000,0.000,209.000,91.000,0.377778,0.411111,-0.829621,51.601,56.871,147.571,2065.0
VictoriaRoso_9_puntos_intento_3.mp4,1239,10325.000,True,141.000,165.000,0.000,209.000,91.000,0.377778,0.411111,-0.829621,51.324,56.998,145.988,2064.5
VictoriaRoso_9_puntos_intento_3.mp4,1240,10333.333,True,141.000,165.000,0.000,209.000,92.000,0.377778,0.405556,-0.832351,52.050,55.664,141.454,2063.5
VictoriaRoso_9_puntos_intento_3.mp4,1241,10341.667,True,141.000,165.000,0.000,209.000,91.000,0.377778,0.411111,-0.829621,51.716,56.157,146.246,2053.5
VictoriaRoso_9_puntos_intento_3.mp4,1242,10350.000,True,141.000,165.000,0.000,209.000,91.000,0.377778,0.411111,-0.829621,51.556,56.072,149.862,2047.0
VictoriaRoso_9_puntos_intento_3.mp4,1243,10358.333,True,141.000,165.000,0.000,209.000,91.000,0.377778,0.411111,-0.829621,51.736,56.025,154.822,2041.0
VictoriaRoso_9_puntos_intento_3.mp4,1244,10366.667,True,141.000,165.000,0.000,209.000,92.000,0.377778,0.405556,-0.832351,51.647,54.924,135.028,2053.0
VictoriaRoso_9_puntos_intento_3.mp4,1245,10375.000,True,141.000,165.000,0.000,209.000,91.000,0.377778,0.411111,-0.829621,52.227,55.541,146.755,2055.0
VictoriaRoso_9_puntos_intento_3.mp4,1246,10383.333,True,141.000,165.000,0.000,209.000,91.000,0.377778,0.411111,-0.829621,51.726,56.733,142.116,2056.5
VictoriaRoso_9_puntos_intento_3.mp4,1247,10391.667,True,141.000,165.000,0.000,209.000,91.000,0.377778,0.411111,-0.829621,51.874,56.492,144.544,2060.5
VictoriaRoso_9_puntos_intento_3.mp4,1248,10400.000,True,141.000,165.000,0.000,209.000,91.000,0.377778,0.411111,-0.829621,51.566,55.838,144.252,2055.5
VictoriaRoso_9_puntos_intento_3.mp4,1249,10408.333,True,141.000,165.000,0.000,209.000,91.000,0.377778,0.411111,-0.829621,51.118,55.933,140.309,2034.0
VictoriaRoso_9_puntos_intento_3.mp4,1250,10416.667,True,141.000,165.000,0.000,209.000,91.000,0.377778,0.411111,-0.829621,51.563,56.729,136.723,2041.5
VictoriaRoso_9_puntos_intento_3.mp4,1251,10425.000,True,141.000,165.000,0.000,209.000,91.000,0.377778,0.411111,-0.829621,51.195,55.876,139.783,2046.5
VictoriaRoso_9_puntos_intento_3.mp4,1252,10433.333,True,141.000,165.000,0.000,209.000,92.000,0.377778,0.405556,-0.832351,50.953,54.902,134.774,2039.5
VictoriaRoso_9_puntos_intento_3.mp4,1253,10441.667,True,141.000,165.000,0.000,209.000,91.000,0.377778,0.411111,-0.829621,51.529,55.037,135.418,2025.0
VictoriaRoso_9_puntos_intento_3.mp4,1254,10450.000,True,141.000,165.000,0.000,209.000,91.000,0.377778,0.411111,-0.829621,51.905,55.328,149.155,2041.5
VictoriaRoso_9_puntos_intento_3.mp4,1255,10458.333,True,141.000,165.000,0.000,209.000,91.000,0.377778,0.411111,-0.829621,51.863,54.561,138.229,2044.0
VictoriaRoso_9_puntos_intento_3.mp4,1256,10466.667,True,141.000,165.000,0.000,209.000,91.000,0.377778,0.411111,-0.829621,51.843,54.855,148.760,2043.0
VictoriaRoso_9_puntos_intento_3.mp4,1257,10475.000,True,141.000,165.000,0.000,209.000,91.000,0.377778,0.411111,-0.829621,51.500,54.913,136.098,2032.0
VictoriaRoso_9_puntos_intento_3.mp4,1258,10483.333,True,141.000,165.000,0.000,209.000,91.000,0.377778,0.411111,-0.829621,51.548,55.755,145.479,2041.5
VictoriaRoso_9_puntos_intento_3.mp4,1259,10491.667,True,141.000,165.000,0.000,209.000,91.000,0.377778,0.411111,-0.829621,51.350,56.094,145.677,2044.5
VictoriaRoso_9_puntos_intento_3.mp4,1260,10500.000,True,141.000,165.000,0.000,209.000,91.000,0.377778,0.411111,-0.829621,51.477,55.281,144.858,2036.5
VictoriaRoso_9_puntos_intento_3.mp4,1261,10508.333,True,141.000,165.000,0.000,209.000,91.000,0.377778,0.411111,-0.829621,52.249,54.971,143.974,2041.0
VictoriaRoso_9_puntos_intento_3.mp4,1262,10516.667,True,141.000,165.000,0.000,209.000,91.000,0.377778,0.411111,-0.829621,51.862,54.770,141.298,2039.5
VictoriaRoso_9_puntos_intento_3.mp4,1263,10525.000,True,141.000,165.000,0.000,209.000,91.000,0.377778,0.411111,-0.829621,51.806,56.162,153.654,2065.5
VictoriaRoso_9_puntos_intento_3.mp4,1264,10533.333,True,141.000,165.000,0.000,209.000,91.000,0.377778,0.411111,-0.829621,51.639,56.126,143.371,2065.5
VictoriaRoso_9_puntos_intento_3.mp4,1265,10541.667,True,141.000,165.000,0.000,209.000,91.000,0.377778,0.411111,-0.829621,51.493,56.184,144.332,2058.0
VictoriaRoso_9_puntos_intento_3.mp4,1266,10550.000,True,141.000,165.000,0.000,209.000,91.000,0.377778,0.411111,-0.829621,51.624,54.820,129.922,2043.0
VictoriaRoso_9_puntos_intento_3.mp4,1267,10558.333,True,141.000,165.000,0.000,209.000,91.000,0.377778,0.411111,-0.829621,51.977,55.352,136.931,2057.0
VictoriaRoso_9_puntos_intento_3.mp4,1268,10566.667,True,141.000,165.000,0.000,209.000,91.000,0.377778,0.411111,-0.829621,51.683,55.046,139.004,2055.0
VictoriaRoso_9_puntos_intento_3.mp4,1269,10575.000,True,141.000,165.000,0.000,209.000,91.000,0.377778,0.411111,-0.829621,51.577,55.124,141.214,2041.0
VictoriaRoso_9_puntos_intento_3.mp4,1270,10583.333,True,141.000,165.000,0.000,209.000,91.000,0.377778,0.411111,-0.829621,51.802,55.463,138.996,2054.5
VictoriaRoso_9_puntos_intento_3.mp4,1271,10591.667,True,141.000,165.000,0.000,209.000,91.000,0.377778,0.411111,-0.829621,51.036,55.841,139.054,2041.5
VictoriaRoso_9_puntos_intento_3.mp4,1272,10600.000,True,141.000,165.000,0.000,209.000,91.000,0.377778,0.411111,-0.829621,51.223,56.397,141.516,2051.0
VictoriaRoso_9_puntos_intento_3.mp4,1273,10608.333,True,141.000,165.000,0.000,209.000,91.000,0.377778,0.411111,-0.829621,50.736,55.492,139.319,2008.0
VictoriaRoso_9_puntos_intento_3.mp4,1274,10616.667,True,141.000,165.000,0.000,209.000,91.000,0.377778,0.411111,-0.829621,51.288,55.745,139.860,2023.5
VictoriaRoso_9_puntos_intento_3.mp4,1275,10625.000,True,141.000,165.000,0.000,209.000,91.000,0.377778,0.411111,-0.829621,51.435,56.394,136.976,2029.5
VictoriaRoso_9_puntos_intento_3.mp4,1276,10633.333,True,141.000,165.000,0.000,209.000,91.000,0.377778,0.411111,-0.829621,51.029,56.036,141.146,2026.5
VictoriaRoso_9_puntos_intento_3.mp4,1277,10641.667,True,141.000,165.000,0.000,209.000,91.000,0.377778,0.411111,-0.829621,51.294,55.728,142.942,2032.5
VictoriaRoso_9_puntos_intento_3.mp4,1278,10650.000,True,141.000,165.000,0.000,209.000,91.000,0.377778,0.411111,-0.829621,51.403,55.833,139.914,2041.0
VictoriaRoso_9_puntos_intento_3.mp4,1279,10658.333,True,141.000,165.000,0.000,209.000,91.000,0.377778,0.411111,-0.829621,51.208,56.281,139.756,2030.0
VictoriaRoso_9_puntos_intento_3.mp4,1280,10666.667,True,141.000,165.000,0.000,207.000,92.000,0.366667,0.405556,-0.837305,52.137,55.075,123.880,2035.0
VictoriaRoso_9_puntos_intento_3.mp4,1281,10675.000,True,141.000,165.000,0.000,201.000,93.000,0.333333,0.400000,-0.853750,52.170,55.094,88.005,2030.0
VictoriaRoso_9_puntos_intento_3.mp4,1282,10683.333,True,141.000,165.000,0.000,193.000,96.000,0.288889,0.383333,-0.877268,50.085,57.871,71.240,2037.5
VictoriaRoso_9_puntos_intento_3.mp4,1283,10691.667,True,141.000,165.000,0.000,183.000,99.000,0.233333,0.366667,-0.900617,46.516,61.285,74.742,2029.0
VictoriaRoso_9_puntos_intento_3.mp4,1284,10700.000,True,141.000,165.000,0.000,173.000,101.000,0.177778,0.355556,-0.917592,43.973,61.379,73.172,1938.5
VictoriaRoso_9_puntos_intento_3.mp4,1285,10708.333,True,141.000,165.000,0.000,164.000,105.000,0.127778,0.333333,-0.934110,42.579,62.220,73.674,1936.5
VictoriaRoso_9_puntos_intento_3.mp4,1286,10716.667,True,141.000,165.000,0.000,159.000,106.000,0.100000,0.327778,-0.939448,41.162,61.011,76.044,1848.5
VictoriaRoso_9_puntos_intento_3.mp4,1287,10725.000,True,141.000,165.000,0.000,160.000,105.000,0.105556,0.333333,-0.936881,41.571,62.671,75.602,1894.0
VictoriaRoso_9_puntos_intento_3.mp4,1288,10733.333,True,141.000,165.000,0.000,157.000,102.000,0.088889,0.350000,-0.932523,48.060,63.527,100.443,1983.5
VictoriaRoso_9_puntos_intento_3.mp4,1289,10741.667,True,141.000,165.000,0.000,159.000,106.000,0.100000,0.327778,-0.939448,40.240,63.927,75.396,1834.5
VictoriaRoso_9_puntos_intento_3.mp4,1290,10750.000,True,141.000,165.000,0.000,159.000,106.000,0.100000,0.327778,-0.939448,40.972,61.273,75.840,1830.0
VictoriaRoso_9_puntos_intento_3.mp4,1291,10758.333,True,141.000,165.000,0.000,159.000,106.000,0.100000,0.327778,-0.939448,40.776,62.301,76.488,1847.5
VictoriaRoso_9_puntos_intento_3.mp4,1292,10766.667,True,141.000,165.000,0.000,159.000,106.000,0.100000,0.327778,-0.939448,40.836,61.920,74.848,1849.0
VictoriaRoso_9_puntos_intento_3.mp4,1293,10775.000,True,141.000,165.000,0.000,159.000,105.000,0.100000,0.333333,-0.937491,40.771,62.900,75.248,1842.5
VictoriaRoso_9_puntos_intento_3.mp4,1294,10783.333,True,141.000,165.000,0.000,158.000,105.000,0.094444,0.333333,-0.938067,41.093,62.924,76.347,1868.5
VictoriaRoso_9_puntos_intento_3.mp4,1295,10791.667,True,141.000,165.000,0.000,159.000,105.000,0.100000,0.333333,-0.937491,41.077,62.044,77.861,1842.0
VictoriaRoso_9_puntos_intento_3.mp4,1296,10800.000,True,141.000,165.000,0.000,158.000,105.000,0.094444,0.333333,-0.938067,39.842,62.463,77.221,1836.5
VictoriaRoso_9_puntos_intento_3.mp4,1297,10808.333,True,141.000,165.000,0.000,160.000,105.000,0.105556,0.333333,-0.936881,39.394,64.276,78.974,1827.0
VictoriaRoso_9_puntos_intento_3.mp4,1298,10816.667,True,141.000,165.000,0.000,159.000,105.000,0.100000,0.333333,-0.937491,40.438,64.116,76.442,1851.5
VictoriaRoso_9_puntos_intento_3.mp4,1299,10825.000,True,141.000,165.000,0.000,159.000,105.000,0.100000,0.333333,-0.937491,39.712,63.724,76.303,1818.5
VictoriaRoso_9_puntos_intento_3.mp4,1300,10833.333,True,141.000,165.000,0.000,159.000,105.000,0.100000,0.333333,-0.937491,40.482,62.651,75.655,1830.0
VictoriaRoso_9_puntos_intento_3.mp4,1301,10841.667,True,141.000,165.000,0.000,159.000,105.000,0.100000,0.333333,-0.937491,39.852,62.801,75.534,1793.5
VictoriaRoso_9_puntos_intento_3.mp4,1302,10850.000,True,141.000,165.000,0.000,159.000,106.000,0.100000,0.327778,-0.939448,40.125,63.155,74.421,1822.0
VictoriaRoso_9_puntos_intento_3.mp4,1303,10858.333,True,141.000,165.000,0.000,159.000,105.000,0.100000,0.333333,-0.937491,40.471,62.543,74.370,1827.5
VictoriaRoso_9_puntos_intento_3.mp4,1304,10866.667,True,141.000,165.000,0.000,159.000,105.000,0.100000,0.333333,-0.937491,40.132,62.909,74.919,1837.0
VictoriaRoso_9_puntos_intento_3.mp4,1305,10875.000,True,141.000,165.000,0.000,159.000,105.000,0.100000,0.333333,-0.937491,40.033,64.663,76.178,1820.5
VictoriaRoso_9_puntos_intento_3.mp4,1306,10883.333,True,141.000,165.000,0.000,158.000,105.000,0.094444,0.333333,-0.938067,40.659,63.306,75.503,1839.5
VictoriaRoso_9_puntos_intento_3.mp4,1307,10891.667,True,141.000,165.000,0.000,159.000,105.000,0.100000,0.333333,-0.937491,39.962,62.635,76.441,1823.0
VictoriaRoso_9_puntos_intento_3.mp4,1308,10900.000,True,141.000,165.000,0.000,158.000,106.000,0.094444,0.327778,-0.940022,40.723,63.490,76.293,1831.5
VictoriaRoso_9_puntos_intento_3.mp4,1309,10908.333,True,141.000,165.000,0.000,159.000,105.000,0.100000,0.333333,-0.937491,38.926,64.379,77.433,1818.0
VictoriaRoso_9_puntos_intento_3.mp4,1310,10916.667,True,141.000,165.000,0.000,159.000,105.000,0.100000,0.333333,-0.937491,40.632,63.534,78.497,1908.5
VictoriaRoso_9_puntos_intento_3.mp4,1311,10925.000,True,141.000,165.000,0.000,158.000,105.000,0.094444,0.333333,-0.938067,40.445,62.693,77.903,1906.5
VictoriaRoso_9_puntos_intento_3.mp4,1312,10933.333,True,141.000,165.000,0.000,157.000,106.000,0.088889,0.327778,-0.940564,41.087,63.370,75.307,1906.5
VictoriaRoso_9_puntos_intento_3.mp4,1313,10941.667,True,141.000,165.000,0.000,158.000,105.000,0.094444,0.333333,-0.938067,40.192,63.690,75.343,1877.0
VictoriaRoso_9_puntos_intento_3.mp4,1314,10950.000,True,141.000,165.000,0.000,158.000,105.000,0.094444,0.333333,-0.938067,41.920,62.889,75.770,1918.0
VictoriaRoso_9_puntos_intento_3.mp4,1315,10958.333,True,141.000,165.000,0.000,158.000,105.000,0.094444,0.333333,-0.938067,41.439,63.126,76.338,1890.5
VictoriaRoso_9_puntos_intento_3.mp4,1316,10966.667,True,141.000,165.000,0.000,158.000,105.000,0.094444,0.333333,-0.938067,40.768,64.035,75.999,1892.0
VictoriaRoso_9_puntos_intento_3.mp4,1317,10975.000,True,141.000,165.000,0.000,159.000,105.000,0.100000,0.333333,-0.937491,39.985,63.209,77.737,1859.5
VictoriaRoso_9_puntos_intento_3.mp4,1318,10983.333,True,141.000,165.000,0.000,158.000,105.000,0.094444,0.333333,-0.938067,39.926,62.221,79.319,1871.0
VictoriaRoso_9_puntos_intento_3.mp4,1319,10991.667,True,141.000,165.000,0.000,158.000,105.000,0.094444,0.333333,-0.938067,40.944,62.324,76.271,1861.0
VictoriaRoso_9_puntos_intento_3.mp4,1320,11000.000,True,141.000,165.000,0.000,158.000,105.000,0.094444,0.333333,-0.938067,40.145,62.953,76.220,1854.0
VictoriaRoso_9_puntos_intento_3.mp4,1321,11008.333,True,141.000,165.000,0.000,158.000,105.000,0.094444,0.333333,-0.938067,39.902,63.764,79.299,1845.5
VictoriaRoso_9_puntos_intento_3.mp4,1322,11016.667,True,141.000,165.000,0.000,158.000,105.000,0.094444,0.333333,-0.938067,40.128,62.139,77.547,1842.5
VictoriaRoso_9_puntos_intento_3.mp4,1323,11025.000,True,141.000,165.000,0.000,157.000,105.000,0.088889,0.333333,-0.938609,40.358,61.923,77.846,1854.0
VictoriaRoso_9_puntos_intento_3.mp4,1324,11033.333,True,141.000,165.000,0.000,157.000,105.000,0.088889,0.333333,-0.938609,39.497,62.559,79.722,1862.5
VictoriaRoso_9_puntos_intento_3.mp4,1325,11041.667,True,141.000,165.000,0.000,158.000,105.000,0.094444,0.333333,-0.938067,38.823,66.281,75.416,1840.5
VictoriaRoso_9_puntos_intento_3.mp4,1326,11050.000,True,141.000,165.000,0.000,157.000,105.000,0.088889,0.333333,-0.938609,40.769,63.485,73.750,1855.5
VictoriaRoso_9_puntos_intento_3.mp4,1327,11058.333,True,141.000,165.000,0.000,158.000,105.000,0.094444,0.333333,-0.938067,39.557,63.449,77.338,1834.5
VictoriaRoso_9_puntos_intento_3.mp4,1328,11066.667,True,141.000,165.000,0.000,158.000,105.000,0.094444,0.333333,-0.938067,39.697,62.459,78.224,1839.0
VictoriaRoso_9_puntos_intento_3.mp4,1329,11075.000,True,141.000,165.000,0.000,158.000,105.000,0.094444,0.333333,-0.938067,39.757,62.872,76.722,1852.0
VictoriaRoso_9_puntos_intento_3.mp4,1330,11083.333,True,141.000,165.000,0.000,158.000,105.000,0.094444,0.333333,-0.938067,40.076,62.859,78.391,1850.0
VictoriaRoso_9_puntos_intento_3.mp4,1331,11091.667,True,141.000,165.000,0.000,158.000,105.000,0.094444,0.333333,-0.938067,39.842,63.335,76.425,1843.5
VictoriaRoso_9_puntos_intento_3.mp4,1332,11100.000,True,141.000,165.000,0.000,158.000,105.000,0.094444,0.333333,-0.938067,40.140,62.070,76.811,1834.5
VictoriaRoso_9_puntos_intento_3.mp4,1333,11108.333,True,141.000,165.000,0.000,158.000,105.000,0.094444,0.333333,-0.938067,39.376,63.515,76.493,1827.0
VictoriaRoso_9_puntos_intento_3.mp4,1334,11116.667,True,141.000,165.000,0.000,158.000,105.000,0.094444,0.333333,-0.938067,40.910,62.422,76.838,1815.0
VictoriaRoso_9_puntos_intento_3.mp4,1335,11125.000,True,141.000,165.000,0.000,158.000,105.000,0.094444,0.333333,-0.938067,39.214,62.343,77.875,1802.5
VictoriaRoso_9_puntos_intento_3.mp4,1336,11133.333,True,141.000,165.000,0.000,158.000,105.000,0.094444,0.333333,-0.938067,39.796,62.976,77.396,1798.5
VictoriaRoso_9_puntos_intento_3.mp4,1337,11141.667,True,141.000,165.000,0.000,158.000,105.000,0.094444,0.333333,-0.938067,39.619,61.825,76.824,1805.5
VictoriaRoso_9_puntos_intento_3.mp4,1338,11150.000,True,141.000,165.000,0.000,158.000,105.000,0.094444,0.333333,-0.938067,39.120,63.293,78.568,1817.0
VictoriaRoso_9_puntos_intento_3.mp4,1339,11158.333,True,141.000,165.000,0.000,158.000,105.000,0.094444,0.333333,-0.938067,39.938,61.685,77.386,1809.0
VictoriaRoso_9_puntos_intento_3.mp4,1340,11166.667,True,141.000,165.000,0.000,158.000,105.000,0.094444,0.333333,-0.938067,40.108,63.151,75.525,1818.0
VictoriaRoso_9_puntos_intento_3.mp4,1341,11175.000,True,141.000,165.000,0.000,158.000,105.000,0.094444,0.333333,-0.938067,40.125,63.968,75.640,1829.5
VictoriaRoso_9_puntos_intento_3.mp4,1342,11183.333,True,141.000,165.000,0.000,158.000,105.000,0.094444,0.333333,-0.938067,39.389,63.721,77.371,1818.0
VictoriaRoso_9_puntos_intento_3.mp4,1343,11191.667,True,141.000,165.000,0.000,158.000,104.000,0.094444,0.338889,-0.936074,39.972,62.910,77.075,1827.0
VictoriaRoso_9_puntos_intento_3.mp4,1344,11200.000,True,141.000,165.000,0.000,158.000,105.000,0.094444,0.333333,-0.938067,40.224,62.618,75.132,1839.0
VictoriaRoso_9_puntos_intento_3.mp4,1345,11208.333,True,141.000,165.000,0.000,158.000,105.000,0.094444,0.333333,-0.938067,39.579,63.330,76.742,1817.0
VictoriaRoso_9_puntos_intento_3.mp4,1346,11216.667,True,141.000,165.000,0.000,158.000,105.000,0.094444,0.333333,-0.938067,39.622,63.502,77.157,1820.5
VictoriaRoso_9_puntos_intento_3.mp4,1347,11225.000,True,141.000,165.000,0.000,158.000,105.000,0.094444,0.333333,-0.938067,38.767,63.660,80.169,1807.0
VictoriaRoso_9_puntos_intento_3.mp4,1348,11233.333,True,141.000,165.000,0.000,158.000,104.000,0.094444,0.338889,-0.936074,39.552,62.757,77.497,1811.5
VictoriaRoso_9_puntos_intento_3.mp4,1349,11241.667,True,142.000,165.000,0.000,158.000,104.000,0.088889,0.338889,-0.936618,39.691,64.143,77.351,1814.0
VictoriaRoso_9_puntos_intento_3.mp4,1350,11250.000,True,142.000,165.000,0.000,158.000,105.000,0.088889,0.333333,-0.938609,39.541,62.859,79.113,1807.0
VictoriaRoso_9_puntos_intento_3.mp4,1351,11258.333,True,142.000,165.000,0.000,157.000,105.000,0.083333,0.333333,-0.939119,39.824,62.121,78.237,1823.0
VictoriaRoso_9_puntos_intento_3.mp4,1352,11266.667,True,142.000,165.000,0.000,158.000,104.000,0.088889,0.338889,-0.936618,39.808,62.935,77.456,1820.0
VictoriaRoso_9_puntos_intento_3.mp4,1353,11275.000,True,142.000,165.000,0.000,157.000,105.000,0.083333,0.333333,-0.939119,40.530,63.060,74.172,1809.0
VictoriaRoso_9_puntos_intento_3.mp4,1354,11283.333,True,142.000,165.000,0.000,158.000,105.000,0.088889,0.333333,-0.938609,40.473,63.022,75.856,1820.0
VictoriaRoso_9_puntos_intento_3.mp4,1355,11291.667,True,142.000,165.000,0.000,158.000,105.000,0.088889,0.333333,-0.938609,40.148,62.538,74.868,1792.5
VictoriaRoso_9_puntos_intento_3.mp4,1356,11300.000,True,142.000,165.000,0.000,158.000,105.000,0.088889,0.333333,-0.938609,39.765,63.695,74.897,1793.0
VictoriaRoso_9_puntos_intento_3.mp4,1357,11308.333,True,142.000,165.000,0.000,158.000,105.000,0.088889,0.333333,-0.938609,38.168,63.473,77.473,1773.5
VictoriaRoso_9_puntos_intento_3.mp4,1358,11316.667,True,142.000,165.000,0.000,158.000,105.000,0.088889,0.333333,-0.938609,38.718,64.636,75.756,1790.5
VictoriaRoso_9_puntos_intento_3.mp4,1359,11325.000,True,142.000,165.000,0.000,158.000,105.000,0.088889,0.333333,-0.938609,38.746,64.667,76.154,1778.5
VictoriaRoso_9_puntos_intento_3.mp4,1360,11333.333,True,142.000,165.000,0.000,157.000,105.000,0.083333,0.333333,-0.939119,39.518,62.864,74.791,1787.5
VictoriaRoso_9_puntos_intento_3.mp4,1361,11341.667,True,142.000,165.000,0.000,157.000,105.000,0.083333,0.333333,-0.939119,38.804,62.633,77.557,1782.0
VictoriaRoso_9_puntos_intento_3.mp4,1362,11350.000,True,142.000,165.000,0.000,157.000,105.000,0.083333,0.333333,-0.939119,39.583,63.353,74.356,1786.0
VictoriaRoso_9_puntos_intento_3.mp4,1363,11358.333,True,142.000,165.000,0.000,158.000,105.000,0.088889,0.333333,-0.938609,39.274,63.399,75.490,1779.5
VictoriaRoso_9_puntos_intento_3.mp4,1364,11366.667,True,142.000,165.000,0.000,158.000,104.000,0.088889,0.338889,-0.936618,38.138,63.981,77.192,1766.5
VictoriaRoso_9_puntos_intento_3.mp4,1365,11375.000,True,142.000,165.000,0.000,157.000,105.000,0.083333,0.333333,-0.939119,39.576,63.737,72.685,1793.0
VictoriaRoso_9_puntos_intento_3.mp4,1366,11383.333,True,142.000,165.000,0.000,157.000,105.000,0.083333,0.333333,-0.939119,39.218,62.784,73.938,1776.0
VictoriaRoso_9_puntos_intento_3.mp4,1367,11391.667,True,142.000,165.000,0.000,159.000,104.000,0.094444,0.338889,-0.936074,39.003,63.346,75.819,1770.5
VictoriaRoso_9_puntos_intento_3.mp4,1368,11400.000,True,142.000,165.000,0.000,159.000,104.000,0.094444,0.338889,-0.936074,39.545,62.803,73.874,1760.0
VictoriaRoso_9_puntos_intento_3.mp4,1369,11408.333,True,142.000,165.000,0.000,160.000,104.000,0.100000,0.338889,-0.935497,38.356,62.301,77.160,1746.5
VictoriaRoso_9_puntos_intento_3.mp4,1370,11416.667,True,142.000,165.000,0.000,159.000,104.000,0.094444,0.338889,-0.936074,39.022,62.654,75.877,1756.0
VictoriaRoso_9_puntos_intento_3.mp4,1371,11425.000,True,142.000,165.000,0.000,159.000,103.000,0.094444,0.344444,-0.934044,39.146,61.271,77.631,1754.0
VictoriaRoso_9_puntos_intento_3.mp4,1372,11433.333,True,142.000,165.000,0.000,159.000,103.000,0.094444,0.344444,-0.934044,39.772,60.996,76.849,1748.0
VictoriaRoso_9_puntos_intento_3.mp4,1373,11441.667,True,142.000,165.000,0.000,159.000,104.000,0.094444,0.338889,-0.936074,38.893,62.448,75.459,1742.5
VictoriaRoso_9_puntos_intento_3.mp4,1374,11450.000,True,142.000,165.000,0.000,159.000,104.000,0.094444,0.338889,-0.936074,39.105,62.235,74.629,1746.5
VictoriaRoso_9_puntos_intento_3.mp4,1375,11458.333,True,142.000,165.000,0.000,159.000,104.000,0.094444,0.338889,-0.936074,38.937,62.342,74.753,1731.0
VictoriaRoso_9_puntos_intento_3.mp4,1376,11466.667,True,142.000,165.000,0.000,159.000,103.000,0.094444,0.344444,-0.934044,38.359,63.582,77.217,1740.0
VictoriaRoso_9_puntos_intento_3.mp4,1377,11475.000,True,142.000,165.000,0.000,159.000,104.000,0.094444,0.338889,-0.936074,38.091,61.737,77.970,1718.0
VictoriaRoso_9_puntos_intento_3.mp4,1378,11483.333,True,142.000,165.000,0.000,159.000,103.000,0.094444,0.344444,-0.934044,39.097,61.016,76.680,1749.5
VictoriaRoso_9_puntos_intento_3.mp4,1379,11491.667,True,142.000,165.000,0.000,159.000,103.000,0.094444,0.344444,-0.934044,39.628,60.766,75.259,1720.5
VictoriaRoso_9_puntos_intento_3.mp4,1380,11500.000,True,142.000,165.000,0.000,159.000,104.000,0.094444,0.338889,-0.936074,38.795,62.608,76.926,1735.0
VictoriaRoso_9_puntos_intento_3.mp4,1381,11508.333,True,142.000,165.000,0.000,159.000,103.000,0.094444,0.344444,-0.934044,39.735,59.657,74.245,1708.0
VictoriaRoso_9_puntos_intento_3.mp4,1382,11516.667,True,142.000,165.000,0.000,159.000,103.000,0.094444,0.344444,-0.934044,39.075,59.804,79.247,1730.0
VictoriaRoso_9_puntos_intento_3.mp4,1383,11525.000,True,142.000,165.000,0.000,159.000,103.000,0.094444,0.344444,-0.934044,37.889,60.668,77.978,1710.5
VictoriaRoso_9_puntos_intento_3.mp4,1384,11533.333,True,142.000,165.000,0.000,159.000,104.000,0.094444,0.338889,-0.936074,37.507,60.204,75.921,1709.0
VictoriaRoso_9_puntos_intento_3.mp4,1385,11541.667,True,142.000,165.000,0.000,159.000,104.000,0.094444,0.338889,-0.936074,38.362,60.813,76.094,1712.0
VictoriaRoso_9_puntos_intento_3.mp4,1386,11550.000,True,142.000,165.000,0.000,159.000,104.000,0.094444,0.338889,-0.936074,38.186,61.353,75.489,1699.5
VictoriaRoso_9_puntos_intento_3.mp4,1387,11558.333,True,142.000,165.000,0.000,159.000,104.000,0.094444,0.338889,-0.936074,38.345,61.421,77.779,1703.0
VictoriaRoso_9_puntos_intento_3.mp4,1388,11566.667,True,142.000,165.000,0.000,159.000,104.000,0.094444,0.338889,-0.936074,38.670,60.251,76.996,1717.0
VictoriaRoso_9_puntos_intento_3.mp4,1389,11575.000,True,142.000,164.000,0.000,159.000,103.000,0.094444,0.338889,-0.936074,38.457,60.555,76.294,1701.0
VictoriaRoso_9_puntos_intento_3.mp4,1390,11583.333,True,142.000,164.000,0.000,159.000,103.000,0.094444,0.338889,-0.936074,38.534,60.426,76.141,1705.0
VictoriaRoso_9_puntos_intento_3.mp4,1391,11591.667,True,142.000,164.000,0.000,160.000,103.000,0.100000,0.338889,-0.935497,38.612,61.325,75.817,1717.0
VictoriaRoso_9_puntos_intento_3.mp4,1392,11600.000,True,142.000,164.000,0.000,159.000,103.000,0.094444,0.338889,-0.936074,38.199,61.742,76.329,1710.5
VictoriaRoso_9_puntos_intento_3.mp4,1393,11608.333,True,142.000,164.000,0.000,158.000,104.000,0.088889,0.333333,-0.938609,38.357,61.364,76.831,1699.5
VictoriaRoso_9_puntos_intento_3.mp4,1394,11616.667,True,142.000,164.000,0.000,159.000,103.000,0.094444,0.338889,-0.936074,38.625,60.157,76.741,1694.0
VictoriaRoso_9_puntos_intento_3.mp4,1395,11625.000,True,142.000,164.000,0.000,159.000,103.000,0.094444,0.338889,-0.936074,37.850,60.323,77.073,1676.5
VictoriaRoso_9_puntos_intento_3.mp4,1396,11633.333,True,142.000,164.000,0.000,159.000,103.000,0.094444,0.338889,-0.936074,38.811,60.048,76.946,1678.5
VictoriaRoso_9_puntos_intento_3.mp4,1397,11641.667,True,142.000,164.000,0.000,159.000,103.000,0.094444,0.338889,-0.936074,37.424,60.649,77.275,1665.0
VictoriaRoso_9_puntos_intento_3.mp4,1398,11650.000,True,142.000,164.000,0.000,160.000,103.000,0.100000,0.338889,-0.935497,37.441,59.954,75.888,1684.5
VictoriaRoso_9_puntos_intento_3.mp4,1399,11658.333,True,142.000,164.000,0.000,159.000,103.000,0.094444,0.338889,-0.936074,37.435,59.201,75.391,1640.0
VictoriaRoso_9_puntos_intento_3.mp4,1400,11666.667,True,142.000,164.000,0.000,159.000,103.000,0.094444,0.338889,-0.936074,37.585,60.378,75.691,1658.5
VictoriaRoso_9_puntos_intento_3.mp4,1401,11675.000,True,142.000,164.000,0.000,159.000,103.000,0.094444,0.338889,-0.936074,37.641,60.519,75.545,1651.0
VictoriaRoso_9_puntos_intento_3.mp4,1402,11683.333,True,142.000,164.000,0.000,159.000,103.000,0.094444,0.338889,-0.936074,38.274,60.818,75.929,1684.0
VictoriaRoso_9_puntos_intento_3.mp4,1403,11691.667,True,142.000,164.000,0.000,158.000,103.000,0.088889,0.338889,-0.936618,38.127,59.364,77.947,1657.0
VictoriaRoso_9_puntos_intento_3.mp4,1404,11700.000,True,142.000,164.000,0.000,159.000,103.000,0.094444,0.338889,-0.936074,38.494,58.554,74.078,1668.0
VictoriaRoso_9_puntos_intento_3.mp4,1405,11708.333,True,142.000,164.000,0.000,159.000,103.000,0.094444,0.338889,-0.936074,38.080,58.308,74.044,1637.0
VictoriaRoso_9_puntos_intento_3.mp4,1406,11716.667,True,142.000,164.000,0.000,159.000,103.000,0.094444,0.338889,-0.936074,37.956,57.937,75.564,1662.5
VictoriaRoso_9_puntos_intento_3.mp4,1407,11725.000,True,142.000,164.000,0.000,159.000,103.000,0.094444,0.338889,-0.936074,37.809,58.715,74.734,1653.5
VictoriaRoso_9_puntos_intento_3.mp4,1408,11733.333,True,142.000,164.000,0.000,159.000,103.000,0.094444,0.338889,-0.936074,37.016,59.598,78.329,1632.5
VictoriaRoso_9_puntos_intento_3.mp4,1409,11741.667,True,142.000,164.000,0.000,159.000,103.000,0.094444,0.338889,-0.936074,36.952,58.010,79.231,1647.5
VictoriaRoso_9_puntos_intento_3.mp4,1410,11750.000,True,142.000,164.000,0.000,159.000,103.000,0.094444,0.338889,-0.936074,38.278,57.594,76.123,1645.5
VictoriaRoso_9_puntos_intento_3.mp4,1411,11758.333,True,142.000,164.000,0.000,158.000,103.000,0.088889,0.338889,-0.936618,37.007,58.830,78.113,1627.0
VictoriaRoso_9_puntos_intento_3.mp4,1412,11766.667,True,142.000,164.000,0.000,159.000,103.000,0.094444,0.338889,-0.936074,37.833,58.381,78.020,1630.5
VictoriaRoso_9_puntos_intento_3.mp4,1413,11775.000,True,142.000,164.000,0.000,158.000,103.000,0.088889,0.338889,-0.936618,36.783,57.839,78.501,1606.0
VictoriaRoso_9_puntos_intento_3.mp4,1414,11783.333,True,142.000,164.000,0.000,158.000,103.000,0.088889,0.338889,-0.936618,37.201,58.581,78.257,1632.0
VictoriaRoso_9_puntos_intento_3.mp4,1415,11791.667,True,142.000,164.000,0.000,159.000,103.000,0.094444,0.338889,-0.936074,37.732,60.099,75.902,1630.5
VictoriaRoso_9_puntos_intento_3.mp4,1416,11800.000,True,142.000,164.000,0.000,159.000,103.000,0.094444,0.338889,-0.936074,38.048,59.012,77.731,1623.5
VictoriaRoso_9_puntos_intento_3.mp4,1417,11808.333,True,142.000,164.000,0.000,158.000,103.000,0.088889,0.338889,-0.936618,37.036,58.428,77.698,1596.5
VictoriaRoso_9_puntos_intento_3.mp4,1418,11816.667,True,142.000,164.000,0.000,159.000,103.000,0.094444,0.338889,-0.936074,37.420,58.231,77.547,1609.5
VictoriaRoso_9_puntos_intento_3.mp4,1419,11825.000,True,142.000,164.000,0.000,159.000,103.000,0.094444,0.338889,-0.936074,36.996,58.263,78.031,1602.0
VictoriaRoso_9_puntos_intento_3.mp4,1420,11833.333,True,142.000,164.000,0.000,158.000,103.000,0.088889,0.338889,-0.936618,38.387,57.476,77.606,1619.5
VictoriaRoso_9_puntos_intento_3.mp4,1421,11841.667,True,142.000,164.000,0.000,158.000,103.000,0.088889,0.338889,-0.936618,37.260,58.884,77.004,1620.0
VictoriaRoso_9_puntos_intento_3.mp4,1422,11850.000,True,142.000,164.000,0.000,158.000,103.000,0.088889,0.338889,-0.936618,37.530,59.878,77.456,1639.5
VictoriaRoso_9_puntos_intento_3.mp4,1423,11858.333,True,142.000,164.000,0.000,158.000,103.000,0.088889,0.338889,-0.936618,38.201,57.484,77.101,1612.0
VictoriaRoso_9_puntos_intento_3.mp4,1424,11866.667,True,142.000,164.000,0.000,158.000,103.000,0.088889,0.338889,-0.936618,37.905,58.013,76.253,1616.0
VictoriaRoso_9_puntos_intento_3.mp4,1425,11875.000,True,142.000,164.000,0.000,159.000,103.000,0.094444,0.338889,-0.936074,37.800,56.850,78.493,1609.5
VictoriaRoso_9_puntos_intento_3.mp4,1426,11883.333,True,142.000,164.000,0.000,159.000,102.000,0.094444,0.344444,-0.934044,38.575,57.193,76.735,1615.0
VictoriaRoso_9_puntos_intento_3.mp4,1427,11891.667,True,142.000,164.000,0.000,159.000,103.000,0.094444,0.338889,-0.936074,37.613,56.754,78.726,1595.5
VictoriaRoso_9_puntos_intento_3.mp4,1428,11900.000,True,142.000,164.000,0.000,158.000,103.000,0.088889,0.338889,-0.936618,38.026,57.378,76.445,1602.5
VictoriaRoso_9_puntos_intento_3.mp4,1429,11908.333,True,142.000,164.000,0.000,158.000,103.000,0.088889,0.338889,-0.936618,38.092,56.920,77.753,1598.5
VictoriaRoso_9_puntos_intento_3.mp4,1430,11916.667,True,142.000,164.000,0.000,158.000,103.000,0.088889,0.338889,-0.936618,36.790,58.207,78.344,1593.5
VictoriaRoso_9_puntos_intento_3.mp4,1431,11925.000,True,142.000,164.000,0.000,158.000,103.000,0.088889,0.338889,-0.936618,36.133,58.253,77.749,1581.0
VictoriaRoso_9_puntos_intento_3.mp4,1432,11933.333,True,142.000,164.000,0.000,158.000,103.000,0.088889,0.338889,-0.936618,37.828,56.657,76.859,1604.0
VictoriaRoso_9_puntos_intento_3.mp4,1433,11941.667,True,142.000,164.000,0.000,158.000,103.000,0.088889,0.338889,-0.936618,37.191,57.178,78.295,1594.0
VictoriaRoso_9_puntos_intento_3.mp4,1434,11950.000,True,142.000,164.000,0.000,158.000,103.000,0.088889,0.338889,-0.936618,37.012,57.421,78.516,1602.0
VictoriaRoso_9_puntos_intento_3.mp4,1435,11958.333,True,142.000,164.000,0.000,158.000,103.000,0.088889,0.338889,-0.936618,37.497,57.842,76.891,1593.0
VictoriaRoso_9_puntos_intento_3.mp4,1436,11966.667,True,142.000,164.000,0.000,158.000,102.000,0.088889,0.344444,-0.934589,38.148,56.933,78.010,1598.0
VictoriaRoso_9_puntos_intento_3.mp4,1437,11975.000,True,142.000,164.000,0.000,158.000,103.000,0.088889,0.338889,-0.936618,37.933,56.526,79.711,1598.0
VictoriaRoso_9_puntos_intento_3.mp4,1438,11983.333,True,142.000,164.000,0.000,158.000,103.000,0.088889,0.338889,-0.936618,37.334,57.143,77.702,1600.0
VictoriaRoso_9_puntos_intento_3.mp4,1439,11991.667,True,142.000,164.000,0.000,158.000,102.000,0.088889,0.344444,-0.934589,37.627,58.139,76.119,1592.0
VictoriaRoso_9_puntos_intento_3.mp4,1440,12000.000,True,142.000,164.000,0.000,159.000,102.000,0.094444,0.344444,-0.934044,37.753,57.605,77.693,1593.5
VictoriaRoso_9_puntos_intento_3.mp4,1441,12008.333,True,142.000,164.000,0.000,158.000,103.000,0.088889,0.338889,-0.936618,36.933,57.709,77.486,1581.5
VictoriaRoso_9_puntos_intento_3.mp4,1442,12016.667,True,142.000,164.000,0.000,158.000,102.000,0.088889,0.344444,-0.934589,37.221,58.334,75.991,1587.0
VictoriaRoso_9_puntos_intento_3.mp4,1443,12025.000,True,142.000,164.000,0.000,158.000,102.000,0.088889,0.344444,-0.934589,38.004,57.470,76.612,1592.0
VictoriaRoso_9_puntos_intento_3.mp4,1444,12033.333,True,142.000,164.000,0.000,159.000,102.000,0.094444,0.344444,-0.934044,38.946,56.577,74.647,1603.0
VictoriaRoso_9_puntos_intento_3.mp4,1445,12041.667,True,142.000,164.000,0.000,158.000,103.000,0.088889,0.338889,-0.936618,37.687,57.689,75.214,1588.5
VictoriaRoso_9_puntos_intento_3.mp4,1446,12050.000,True,142.000,164.000,0.000,158.000,103.000,0.088889,0.338889,-0.936618,36.959,58.857,78.602,1592.5
VictoriaRoso_9_puntos_intento_3.mp4,1447,12058.333,True,142.000,164.000,0.000,158.000,103.000,0.088889,0.338889,-0.936618,37.426,58.092,75.741,1594.5
VictoriaRoso_9_puntos_intento_3.mp4,1448,12066.667,True,142.000,164.000,0.000,159.000,103.000,0.094444,0.338889,-0.936074,37.097,58.142,76.663,1593.5
VictoriaRoso_9_puntos_intento_3.mp4,1449,12075.000,True,142.000,164.000,0.000,159.000,102.000,0.094444,0.344444,-0.934044,37.476,58.046,76.177,1587.0
VictoriaRoso_9_puntos_intento_3.mp4,1450,12083.333,True,142.000,164.000,0.000,158.000,103.000,0.088889,0.338889,-0.936618,37.442,58.928,75.951,1593.0
VictoriaRoso_9_puntos_intento_3.mp4,1451,12091.667,True,142.000,164.000,0.000,159.000,103.000,0.094444,0.338889,-0.936074,37.526,56.661,75.871,1594.0
VictoriaRoso_9_puntos_intento_3.mp4,1452,12100.000,True,142.000,164.000,0.000,159.000,102.000,0.094444,0.344444,-0.934044,37.586,57.114,76.520,1584.0
VictoriaRoso_9_puntos_intento_3.mp4,1453,12108.333,True,142.000,164.000,0.000,158.000,103.000,0.088889,0.338889,-0.936618,37.669,57.506,76.740,1563.0
VictoriaRoso_9_puntos_intento_3.mp4,1454,12116.667,True,142.000,164.000,0.000,159.000,102.000,0.094444,0.344444,-0.934044,38.297,58.990,77.163,1618.0
VictoriaRoso_9_puntos_intento_3.mp4,1455,12125.000,True,142.000,164.000,0.000,159.000,102.000,0.094444,0.344444,-0.934044,38.664,58.019,76.049,1605.5
VictoriaRoso_9_puntos_intento_3.mp4,1456,12133.333,True,142.000,164.000,0.000,159.000,102.000,0.094444,0.344444,-0.934044,38.355,58.290,77.191,1595.5
VictoriaRoso_9_puntos_intento_3.mp4,1457,12141.667,True,142.000,164.000,0.000,158.000,102.000,0.088889,0.344444,-0.934589,38.138,58.659,74.968,1607.0
VictoriaRoso_9_puntos_intento_3.mp4,1458,12150.000,True,142.000,164.000,0.000,159.000,103.000,0.094444,0.338889,-0.936074,37.786,58.199,75.251,1603.0
VictoriaRoso_9_puntos_intento_3.mp4,1459,12158.333,True,142.000,164.000,0.000,159.000,103.000,0.094444,0.338889,-0.936074,37.340,58.370,75.034,1609.5
VictoriaRoso_9_puntos_intento_3.mp4,1460,12166.667,True,142.000,164.000,0.000,158.000,103.000,0.088889,0.338889,-0.936618,38.127,58.427,73.292,1612.0
VictoriaRoso_9_puntos_intento_3.mp4,1461,12175.000,True,142.000,164.000,0.000,158.000,103.000,0.088889,0.338889,-0.936618,37.527,59.774,73.553,1613.5
VictoriaRoso_9_puntos_intento_3.mp4,1462,12183.333,True,142.000,164.000,0.000,158.000,103.000,0.088889,0.338889,-0.936618,38.378,59.637,76.799,1648.5
VictoriaRoso_9_puntos_intento_3.mp4,1463,12191.667,True,142.000,164.000,0.000,159.000,103.000,0.094444,0.338889,-0.936074,38.340,58.921,76.539,1636.5
VictoriaRoso_9_puntos_intento_3.mp4,1464,12200.000,True,142.000,164.000,0.000,159.000,103.000,0.094444,0.338889,-0.936074,37.427,59.905,76.507,1637.5
VictoriaRoso_9_puntos_intento_3.mp4,1465,12208.333,True,142.000,164.000,0.000,159.000,103.000,0.094444,0.338889,-0.936074,37.899,58.355,78.029,1620.5
VictoriaRoso_9_puntos_intento_3.mp4,1466,12216.667,True,142.000,164.000,0.000,159.000,102.000,0.094444,0.344444,-0.934044,38.117,59.540,75.766,1632.0
VictoriaRoso_9_puntos_intento_3.mp4,1467,12225.000,True,142.000,164.000,0.000,159.000,103.000,0.094444,0.338889,-0.936074,37.033,59.111,76.640,1616.0
VictoriaRoso_9_puntos_intento_3.mp4,1468,12233.333,True,142.000,164.000,0.000,159.000,103.000,0.094444,0.338889,-0.936074,38.658,58.513,73.686,1660.0
VictoriaRoso_9_puntos_intento_3.mp4,1469,12241.667,True,142.000,164.000,0.000,159.000,102.000,0.094444,0.344444,-0.934044,37.924,59.776,75.898,1648.0
VictoriaRoso_9_puntos_intento_3.mp4,1470,12250.000,True,142.000,164.000,0.000,158.000,103.000,0.088889,0.338889,-0.936618,37.363,60.936,73.333,1638.5
VictoriaRoso_9_puntos_intento_3.mp4,1471,12258.333,True,142.000,164.000,0.000,159.000,103.000,0.094444,0.338889,-0.936074,38.195,59.666,76.622,1644.0
VictoriaRoso_9_puntos_intento_3.mp4,1472,12266.667,True,142.000,164.000,0.000,159.000,103.000,0.094444,0.338889,-0.936074,38.781,58.633,74.779,1665.0
VictoriaRoso_9_puntos_intento_3.mp4,1473,12275.000,True,142.000,164.000,0.000,159.000,103.000,0.094444,0.338889,-0.936074,38.243,59.912,76.721,1661.5
VictoriaRoso_9_puntos_intento_3.mp4,1474,12283.333,True,142.000,164.000,0.000,158.000,103.000,0.088889,0.338889,-0.936618,38.084,60.290,75.522,1682.5
VictoriaRoso_9_puntos_intento_3.mp4,1475,12291.667,True,142.000,164.000,0.000,159.000,103.000,0.094444,0.338889,-0.936074,37.604,60.986,76.574,1682.5
VictoriaRoso_9_puntos_intento_3.mp4,1476,12300.000,True,142.000,164.000,0.000,159.000,103.000,0.094444,0.338889,-0.936074,38.054,61.377,75.698,1701.5
VictoriaRoso_9_puntos_intento_3.mp4,1477,12308.333,True,142.000,164.000,0.000,159.000,103.000,0.094444,0.338889,-0.936074,38.630,59.793,76.065,1684.0
VictoriaRoso_9_puntos_intento_3.mp4,1478,12316.667,True,142.000,164.000,0.000,159.000,103.000,0.094444,0.338889,-0.936074,38.446,60.444,76.146,1685.5
VictoriaRoso_9_puntos_intento_3.mp4,1479,12325.000,True,142.000,164.000,0.000,158.000,103.000,0.088889,0.338889,-0.936618,38.246,60.950,76.311,1686.0
VictoriaRoso_9_puntos_intento_3.mp4,1480,12333.333,True,142.000,164.000,0.000,158.000,103.000,0.088889,0.338889,-0.936618,38.592,59.978,75.951,1684.5
VictoriaRoso_9_puntos_intento_3.mp4,1481,12341.667,True,142.000,164.000,0.000,158.000,103.000,0.088889,0.338889,-0.936618,38.111,61.646,74.881,1674.5
VictoriaRoso_9_puntos_intento_3.mp4,1482,12350.000,True,142.000,164.000,0.000,158.000,103.000,0.088889,0.338889,-0.936618,38.419,61.273,75.178,1693.5
VictoriaRoso_9_puntos_intento_3.mp4,1483,12358.333,True,142.000,164.000,0.000,159.000,103.000,0.094444,0.338889,-0.936074,39.335,60.217,76.009,1707.0
VictoriaRoso_9_puntos_intento_3.mp4,1484,12366.667,True,142.000,164.000,0.000,159.000,103.000,0.094444,0.338889,-0.936074,38.186,60.408,76.375,1711.5
VictoriaRoso_9_puntos_intento_3.mp4,1485,12375.000,True,142.000,164.000,0.000,159.000,103.000,0.094444,0.338889,-0.936074,38.952,60.298,76.945,1710.0
VictoriaRoso_9_puntos_intento_3.mp4,1486,12383.333,True,142.000,164.000,0.000,159.000,103.000,0.094444,0.338889,-0.936074,38.215,60.529,75.994,1698.0
VictoriaRoso_9_puntos_intento_3.mp4,1487,12391.667,True,142.000,164.000,0.000,159.000,103.000,0.094444,0.338889,-0.936074,38.962,60.168,76.102,1734.0
VictoriaRoso_9_puntos_intento_3.mp4,1488,12400.000,True,142.000,164.000,0.000,159.000,103.000,0.094444,0.338889,-0.936074,38.466,61.006,75.985,1710.0
VictoriaRoso_9_puntos_intento_3.mp4,1489,12408.333,True,142.000,164.000,0.000,159.000,103.000,0.094444,0.338889,-0.936074,37.951,61.690,77.788,1711.5
VictoriaRoso_9_puntos_intento_3.mp4,1490,12416.667,True,142.000,164.000,0.000,158.000,103.000,0.088889,0.338889,-0.936618,38.322,61.582,76.890,1727.0
VictoriaRoso_9_puntos_intento_3.mp4,1491,12425.000,True,142.000,164.000,0.000,158.000,104.000,0.088889,0.333333,-0.938609,39.159,61.209,75.549,1718.5
VictoriaRoso_9_puntos_intento_3.mp4,1492,12433.333,True,142.000,164.000,0.000,159.000,103.000,0.094444,0.338889,-0.936074,38.278,62.284,77.987,1720.0
VictoriaRoso_9_puntos_intento_3.mp4,1493,12441.667,True,142.000,164.000,0.000,159.000,103.000,0.094444,0.338889,-0.936074,38.403,61.764,78.353,1734.0
VictoriaRoso_9_puntos_intento_3.mp4,1494,12450.000,True,142.000,164.000,0.000,159.000,103.000,0.094444,0.338889,-0.936074,39.140,61.374,76.092,1741.5
VictoriaRoso_9_puntos_intento_3.mp4,1495,12458.333,True,142.000,164.000,0.000,159.000,103.000,0.094444,0.338889,-0.936074,39.310,60.915,77.470,1753.0
VictoriaRoso_9_puntos_intento_3.mp4,1496,12466.667,True,142.000,164.000,0.000,159.000,103.000,0.094444,0.338889,-0.936074,38.643,60.811,76.177,1730.5
VictoriaRoso_9_puntos_intento_3.mp4,1497,12475.000,True,142.000,164.000,0.000,159.000,103.000,0.094444,0.338889,-0.936074,38.868,61.030,77.569,1749.0
VictoriaRoso_9_puntos_intento_3.mp4,1498,12483.333,True,142.000,164.000,0.000,159.000,103.000,0.094444,0.338889,-0.936074,38.575,61.231,77.398,1743.0
VictoriaRoso_9_puntos_intento_3.mp4,1499,12491.667,True,142.000,164.000,0.000,159.000,103.000,0.094444,0.338889,-0.936074,38.288,62.039,77.286,1748.0
VictoriaRoso_9_puntos_intento_3.mp4,1500,12500.000,True,142.000,164.000,0.000,159.000,103.000,0.094444,0.338889,-0.936074,38.721,60.738,76.210,1744.0
VictoriaRoso_9_puntos_intento_3.mp4,1501,12508.333,True,142.000,164.000,0.000,158.000,104.000,0.088889,0.333333,-0.938609,39.853,61.427,74.491,1736.5
VictoriaRoso_9_puntos_intento_3.mp4,1502,12516.667,True,142.000,164.000,0.000,158.000,103.000,0.088889,0.338889,-0.936618,38.798,60.822,78.068,1748.5
VictoriaRoso_9_puntos_intento_3.mp4,1503,12525.000,True,142.000,164.000,0.000,158.000,103.000,0.088889,0.338889,-0.936618,38.929,60.484,77.847,1740.0
VictoriaRoso_9_puntos_intento_3.mp4,1504,12533.333,True,142.000,164.000,0.000,158.000,103.000,0.088889,0.338889,-0.936618,38.478,61.095,77.302,1736.0
VictoriaRoso_9_puntos_intento_3.mp4,1505,12541.667,True,142.000,164.000,0.000,158.000,103.000,0.088889,0.338889,-0.936618,37.614,62.067,77.283,1725.5
VictoriaRoso_9_puntos_intento_3.mp4,1506,12550.000,True,142.000,164.000,0.000,159.000,103.000,0.094444,0.338889,-0.936074,38.333,61.271,76.822,1746.0
VictoriaRoso_9_puntos_intento_3.mp4,1507,12558.333,True,142.000,164.000,0.000,159.000,103.000,0.094444,0.338889,-0.936074,38.806,61.323,77.511,1756.5
VictoriaRoso_9_puntos_intento_3.mp4,1508,12566.667,True,142.000,164.000,0.000,158.000,103.000,0.088889,0.338889,-0.936618,38.348,61.796,78.478,1753.0
VictoriaRoso_9_puntos_intento_3.mp4,1509,12575.000,True,142.000,164.000,0.000,158.000,103.000,0.088889,0.338889,-0.936618,38.108,62.003,77.675,1741.5
VictoriaRoso_9_puntos_intento_3.mp4,1510,12583.333,True,142.000,164.000,0.000,159.000,103.000,0.094444,0.338889,-0.936074,39.027,62.103,76.511,1761.5
VictoriaRoso_9_puntos_intento_3.mp4,1511,12591.667,True,142.000,164.000,0.000,159.000,103.000,0.094444,0.338889,-0.936074,38.795,62.327,77.604,1760.0
VictoriaRoso_9_puntos_intento_3.mp4,1512,12600.000,True,142.000,164.000,0.000,159.000,103.000,0.094444,0.338889,-0.936074,38.466,63.146,78.215,1769.5
VictoriaRoso_9_puntos_intento_3.mp4,1513,12608.333,True,142.000,164.000,0.000,159.000,103.000,0.094444,0.338889,-0.936074,39.632,62.152,76.015,1762.0
VictoriaRoso_9_puntos_intento_3.mp4,1514,12616.667,True,142.000,164.000,0.000,159.000,103.000,0.094444,0.338889,-0.936074,40.999,61.091,72.645,1788.5
VictoriaRoso_9_puntos_intento_3.mp4,1515,12625.000,True,142.000,164.000,0.000,159.000,103.000,0.094444,0.338889,-0.936074,40.077,61.883,75.053,1795.5
VictoriaRoso_9_puntos_intento_3.mp4,1516,12633.333,True,142.000,164.000,0.000,159.000,103.000,0.094444,0.338889,-0.936074,38.945,63.574,76.831,1761.0
VictoriaRoso_9_puntos_intento_3.mp4,1517,12641.667,True,142.000,164.000,0.000,159.000,103.000,0.094444,0.338889,-0.936074,38.890,62.483,78.039,1754.5
VictoriaRoso_9_puntos_intento_3.mp4,1518,12650.000,True,142.000,164.000,0.000,158.000,104.000,0.088889,0.333333,-0.938609,39.264,62.781,74.738,1775.0
VictoriaRoso_9_puntos_intento_3.mp4,1519,12658.333,True,142.000,164.000,0.000,159.000,103.000,0.094444,0.338889,-0.936074,38.798,62.046,77.896,1755.0
VictoriaRoso_9_puntos_intento_3.mp4,1520,12666.667,True,142.000,164.000,0.000,159.000,103.000,0.094444,0.338889,-0.936074,40.347,60.795,75.260,1772.0
VictoriaRoso_9_puntos_intento_3.mp4,1521,12675.000,True,142.000,164.000,0.000,159.000,103.000,0.094444,0.338889,-0.936074,40.455,61.423,76.334,1760.0
VictoriaRoso_9_puntos_intento_3.mp4,1522,12683.333,True,142.000,164.000,0.000,159.000,103.000,0.094444,0.338889,-0.936074,40.334,61.255,76.450,1784.5
VictoriaRoso_9_puntos_intento_3.mp4,1523,12691.667,True,142.000,164.000,0.000,159.000,103.000,0.094444,0.338889,-0.936074,38.814,61.098,77.106,1759.0
VictoriaRoso_9_puntos_intento_3.mp4,1524,12700.000,True,142.000,164.000,0.000,159.000,103.000,0.094444,0.338889,-0.936074,40.157,61.995,75.186,1777.0
VictoriaRoso_9_puntos_intento_3.mp4,1525,12708.333,True,142.000,164.000,0.000,160.000,103.000,0.100000,0.338889,-0.935497,39.232,61.249,76.609,1753.5
VictoriaRoso_9_puntos_intento_3.mp4,1526,12716.667,True,142.000,164.000,0.000,160.000,103.000,0.100000,0.338889,-0.935497,40.100,62.259,77.283,1791.0
VictoriaRoso_9_puntos_intento_3.mp4,1527,12725.000,True,142.000,164.000,0.000,168.000,103.000,0.144444,0.338889,-0.929672,41.698,61.444,80.474,1860.0
VictoriaRoso_9_puntos_intento_3.mp4,1528,12733.333,True,142.000,164.000,0.000,178.000,102.000,0.200000,0.344444,-0.917256,46.910,59.163,80.694,1984.0
VictoriaRoso_9_puntos_intento_3.mp4,1529,12741.667,True,142.000,164.000,0.000,190.000,102.000,0.266667,0.344444,-0.900137,50.156,57.632,85.879,2093.5
VictoriaRoso_9_puntos_intento_3.mp4,1530,12750.000,True,142.000,164.000,0.000,201.000,102.000,0.327778,0.344444,-0.879727,52.622,56.789,107.550,2177.5
VictoriaRoso_9_puntos_intento_3.mp4,1531,12758.333,True,142.000,164.000,0.000,212.000,104.000,0.388889,0.333333,-0.858868,51.455,57.258,139.269,2219.0
VictoriaRoso_9_puntos_intento_3.mp4,1532,12766.667,True,142.000,164.000,0.000,223.000,106.000,0.450000,0.322222,-0.832870,49.194,59.885,151.893,2238.5
VictoriaRoso_9_puntos_intento_3.mp4,1533,12775.000,True,142.000,164.000,0.000,232.000,108.000,0.500000,0.311111,-0.808214,47.028,60.530,154.467,2171.5
VictoriaRoso_9_puntos_intento_3.mp4,1534,12783.333,True,142.000,164.000,0.000,240.000,111.000,0.544444,0.294444,-0.785419,44.686,61.244,154.501,2114.0
VictoriaRoso_9_puntos_intento_3.mp4,1535,12791.667,True,142.000,164.000,0.000,246.000,113.000,0.577778,0.283333,-0.765438,43.177,61.368,156.187,2058.0
VictoriaRoso_9_puntos_intento_3.mp4,1536,12800.000,True,142.000,164.000,0.000,251.000,114.000,0.605556,0.277778,-0.745749,42.064,61.601,157.421,2006.0
VictoriaRoso_9_puntos_intento_3.mp4,1537,12808.333,True,142.000,164.000,0.000,254.000,115.000,0.622222,0.272222,-0.733985,40.978,60.803,157.666,1923.0
VictoriaRoso_9_puntos_intento_3.mp4,1538,12816.667,True,142.000,164.000,0.000,254.000,114.000,0.622222,0.277778,-0.731901,40.365,60.486,158.085,1880.0
VictoriaRoso_9_puntos_intento_3.mp4,1539,12825.000,True,142.000,164.000,0.000,254.000,114.000,0.622222,0.277778,-0.731901,41.269,60.655,157.885,1912.5
VictoriaRoso_9_puntos_intento_3.mp4,1540,12833.333,True,142.000,164.000,0.000,254.000,115.000,0.622222,0.272222,-0.733985,41.160,60.642,157.325,1913.0
VictoriaRoso_9_puntos_intento_3.mp4,1541,12841.667,True,142.000,164.000,0.000,254.000,115.000,0.622222,0.272222,-0.733985,40.674,60.807,157.785,1908.0
VictoriaRoso_9_puntos_intento_3.mp4,1542,12850.000,True,142.000,164.000,0.000,253.000,114.000,0.616667,0.277778,-0.736588,41.244,60.274,157.435,1912.0
VictoriaRoso_9_puntos_intento_3.mp4,1543,12858.333,True,142.000,164.000,0.000,253.000,114.000,0.616667,0.277778,-0.736588,41.496,60.419,157.768,1919.5
VictoriaRoso_9_puntos_intento_3.mp4,1544,12866.667,True,142.000,164.000,0.000,253.000,114.000,0.616667,0.277778,-0.736588,41.591,59.870,157.397,1924.5
VictoriaRoso_9_puntos_intento_3.mp4,1545,12875.000,True,142.000,164.000,0.000,253.000,114.000,0.616667,0.277778,-0.736588,41.610,60.792,158.299,1940.0
VictoriaRoso_9_puntos_intento_3.mp4,1546,12883.333,True,142.000,164.000,0.000,253.000,114.000,0.616667,0.277778,-0.736588,41.890,60.578,157.582,1954.5
VictoriaRoso_9_puntos_intento_3.mp4,1547,12891.667,True,142.000,164.000,0.000,253.000,114.000,0.616667,0.277778,-0.736588,41.787,60.831,158.487,1962.0
VictoriaRoso_9_puntos_intento_3.mp4,1548,12900.000,True,142.000,164.000,0.000,253.000,114.000,0.616667,0.277778,-0.736588,41.727,60.830,158.298,1958.5
VictoriaRoso_9_puntos_intento_3.mp4,1549,12908.333,True,142.000,164.000,0.000,253.000,113.000,0.616667,0.283333,-0.734469,41.895,60.912,159.279,1955.0
VictoriaRoso_9_puntos_intento_3.mp4,1550,12916.667,True,142.000,164.000,0.000,253.000,114.000,0.616667,0.277778,-0.736588,41.931,61.104,158.754,1981.0
VictoriaRoso_9_puntos_intento_3.mp4,1551,12925.000,True,142.000,164.000,0.000,253.000,114.000,0.616667,0.277778,-0.736588,41.779,61.583,158.987,1993.0
VictoriaRoso_9_puntos_intento_3.mp4,1552,12933.333,True,142.000,164.000,0.000,253.000,114.000,0.616667,0.277778,-0.736588,42.341,60.863,159.574,1993.5
VictoriaRoso_9_puntos_intento_3.mp4,1553,12941.667,True,142.000,164.000,0.000,253.000,114.000,0.616667,0.277778,-0.736588,41.955,61.171,158.740,1995.5
VictoriaRoso_9_puntos_intento_3.mp4,1554,12950.000,True,142.000,164.000,0.000,253.000,114.000,0.616667,0.277778,-0.736588,41.656,61.119,159.542,1974.0
VictoriaRoso_9_puntos_intento_3.mp4,1555,12958.333,True,142.000,164.000,0.000,253.000,114.000,0.616667,0.277778,-0.736588,41.696,61.454,159.133,1980.0
VictoriaRoso_9_puntos_intento_3.mp4,1556,12966.667,True,142.000,164.000,0.000,253.000,114.000,0.616667,0.277778,-0.736588,42.298,61.262,160.375,1992.0
VictoriaRoso_9_puntos_intento_3.mp4,1557,12975.000,True,142.000,164.000,0.000,254.000,114.000,0.622222,0.277778,-0.731901,41.614,61.931,158.717,1988.0
VictoriaRoso_9_puntos_intento_3.mp4,1558,12983.333,True,142.000,164.000,0.000,256.000,114.000,0.633333,0.277778,-0.722308,41.060,61.780,158.871,1960.5
VictoriaRoso_9_puntos_intento_3.mp4,1559,12991.667,True,142.000,164.000,0.000,257.000,114.000,0.638889,0.277778,-0.717398,40.215,61.074,159.054,1888.0
VictoriaRoso_9_puntos_intento_3.mp4,1560,13000.000,True,142.000,164.000,0.000,257.000,114.000,0.638889,0.277778,-0.717398,40.478,60.822,158.640,1905.5
VictoriaRoso_9_puntos_intento_3.mp4,1561,13008.333,True,142.000,164.000,0.000,257.000,114.000,0.638889,0.277778,-0.717398,40.343,61.167,158.876,1886.5
VictoriaRoso_9_puntos_intento_3.mp4,1562,13016.667,True,142.000,164.000,0.000,257.000,114.000,0.638889,0.277778,-0.717398,40.563,60.999,158.430,1903.5
VictoriaRoso_9_puntos_intento_3.mp4,1563,13025.000,True,142.000,164.000,0.000,257.000,114.000,0.638889,0.277778,-0.717398,40.838,61.171,158.816,1917.5
VictoriaRoso_9_puntos_intento_3.mp4,1564,13033.333,True,142.000,164.000,0.000,257.000,114.000,0.638889,0.277778,-0.717398,40.791,61.108,158.475,1919.0
VictoriaRoso_9_puntos_intento_3.mp4,1565,13041.667,True,142.000,164.000,0.000,257.000,114.000,0.638889,0.277778,-0.717398,40.472,61.522,158.403,1919.5
VictoriaRoso_9_puntos_intento_3.mp4,1566,13050.000,True,142.000,164.000,0.000,257.000,114.000,0.638889,0.277778,-0.717398,40.599,61.679,158.612,1933.0
VictoriaRoso_9_puntos_intento_3.mp4,1567,13058.333,True,142.000,164.000,0.000,257.000,114.000,0.638889,0.277778,-0.717398,40.538,61.712,159.360,1928.0
VictoriaRoso_9_puntos_intento_3.mp4,1568,13066.667,True,142.000,164.000,0.000,257.000,114.000,0.638889,0.277778,-0.717398,40.999,61.128,158.714,1930.0
VictoriaRoso_9_puntos_intento_3.mp4,1569,13075.000,True,142.000,164.000,0.000,257.000,114.000,0.638889,0.277778,-0.717398,40.653,61.030,159.103,1911.5
VictoriaRoso_9_puntos_intento_3.mp4,1570,13083.333,True,142.000,164.000,0.000,257.000,114.000,0.638889,0.277778,-0.717398,40.551,61.128,158.707,1919.0
VictoriaRoso_9_puntos_intento_3.mp4,1571,13091.667,True,142.000,164.000,0.000,257.000,114.000,0.638889,0.277778,-0.717398,40.501,61.838,158.520,1919.0
VictoriaRoso_9_puntos_intento_3.mp4,1572,13100.000,True,142.000,164.000,0.000,257.000,114.000,0.638889,0.277778,-0.717398,40.324,61.325,158.875,1905.0
VictoriaRoso_9_puntos_intento_3.mp4,1573,13108.333,True,142.000,164.000,0.000,257.000,114.000,0.638889,0.277778,-0.717398,40.373,61.195,159.262,1905.0
VictoriaRoso_9_puntos_intento_3.mp4,1574,13116.667,True,142.000,164.000,0.000,257.000,114.000,0.638889,0.277778,-0.717398,40.941,61.381,158.309,1931.0
VictoriaRoso_9_puntos_intento_3.mp4,1575,13125.000,True,142.000,164.000,0.000,257.000,114.000,0.638889,0.277778,-0.717398,41.056,61.306,158.540,1922.0
VictoriaRoso_9_puntos_intento_3.mp4,1576,13133.333,True,142.000,164.000,0.000,257.000,114.000,0.638889,0.277778,-0.717398,40.881,61.548,158.844,1938.0
VictoriaRoso_9_puntos_intento_3.mp4,1577,13141.667,True,142.000,164.000,0.000,257.000,114.000,0.638889,0.277778,-0.717398,40.491,61.489,158.802,1917.0
VictoriaRoso_9_puntos_intento_3.mp4,1578,13150.000,True,142.000,164.000,0.000,257.000,114.000,0.638889,0.277778,-0.717398,40.812,61.165,158.888,1918.5
VictoriaRoso_9_puntos_intento_3.mp4,1579,13158.333,True,142.000,164.000,0.000,257.000,114.000,0.638889,0.277778,-0.717398,40.816,61.827,158.662,1939.0
VictoriaRoso_9_puntos_intento_3.mp4,1580,13166.667,True,142.000,164.000,0.000,257.000,114.000,0.638889,0.277778,-0.717398,40.526,61.645,158.407,1923.0
VictoriaRoso_9_puntos_intento_3.mp4,1581,13175.000,True,142.000,164.000,0.000,257.000,114.000,0.638889,0.277778,-0.717398,40.703,61.516,158.776,1934.5
VictoriaRoso_9_puntos_intento_3.mp4,1582,13183.333,True,142.000,164.000,0.000,257.000,114.000,0.638889,0.277778,-0.717398,40.844,61.616,158.237,1934.5
VictoriaRoso_9_puntos_intento_3.mp4,1583,13191.667,True,142.000,164.000,0.000,257.000,114.000,0.638889,0.277778,-0.717398,40.942,61.718,158.494,1949.0
VictoriaRoso_9_puntos_intento_3.mp4,1584,13200.000,True,142.000,164.000,0.000,257.000,114.000,0.638889,0.277778,-0.717398,40.838,61.739,158.635,1949.5
VictoriaRoso_9_puntos_intento_3.mp4,1585,13208.333,True,142.000,164.000,0.000,257.000,114.000,0.638889,0.277778,-0.717398,41.297,61.846,158.715,1939.0
VictoriaRoso_9_puntos_intento_3.mp4,1586,13216.667,True,142.000,164.000,0.000,257.000,114.000,0.638889,0.277778,-0.717398,41.130,61.799,158.825,1959.5
VictoriaRoso_9_puntos_intento_3.mp4,1587,13225.000,True,142.000,164.000,0.000,257.000,114.000,0.638889,0.277778,-0.717398,41.095,61.895,159.568,1947.5
VictoriaRoso_9_puntos_intento_3.mp4,1588,13233.333,True,142.000,164.000,0.000,257.000,113.000,0.638889,0.283333,-0.715222,41.444,62.119,159.141,1980.0
VictoriaRoso_9_puntos_intento_3.mp4,1589,13241.667,True,142.000,164.000,0.000,257.000,113.000,0.638889,0.283333,-0.715222,40.993,62.101,158.381,1959.0
VictoriaRoso_9_puntos_intento_3.mp4,1590,13250.000,True,142.000,164.000,0.000,257.000,114.000,0.638889,0.277778,-0.717398,41.475,62.036,158.903,1980.0
VictoriaRoso_9_puntos_intento_3.mp4,1591,13258.333,True,142.000,164.000,0.000,257.000,113.000,0.638889,0.283333,-0.715222,41.339,61.666,158.680,1969.0
VictoriaRoso_9_puntos_intento_3.mp4,1592,13266.667,True,142.000,164.000,0.000,257.000,113.000,0.638889,0.283333,-0.715222,40.961,61.979,158.828,1967.5
VictoriaRoso_9_puntos_intento_3.mp4,1593,13275.000,True,142.000,164.000,0.000,257.000,113.000,0.638889,0.283333,-0.715222,40.780,62.586,159.216,1968.5
VictoriaRoso_9_puntos_intento_3.mp4,1594,13283.333,True,142.000,164.000,0.000,257.000,113.000,0.638889,0.283333,-0.715222,40.872,62.701,158.224,1980.5
VictoriaRoso_9_puntos_intento_3.mp4,1595,13291.667,True,142.000,164.000,0.000,257.000,113.000,0.638889,0.283333,-0.715222,40.580,62.451,158.389,1957.0
VictoriaRoso_9_puntos_intento_3.mp4,1596,13300.000,True,142.000,164.000,0.000,257.000,114.000,0.638889,0.277778,-0.717398,41.211,62.484,159.958,1969.0
VictoriaRoso_9_puntos_intento_3.mp4,1597,13308.333,True,142.000,164.000,0.000,257.000,113.000,0.638889,0.283333,-0.715222,41.084,62.711,160.146,1973.5
VictoriaRoso_9_puntos_intento_3.mp4,1598,13316.667,True,142.000,164.000,0.000,257.000,114.000,0.638889,0.277778,-0.717398,41.417,63.065,158.387,2006.0
VictoriaRoso_9_puntos_intento_3.mp4,1599,13325.000,True,142.000,164.000,0.000,257.000,113.000,0.638889,0.283333,-0.715222,41.376,62.397,159.198,1982.5
VictoriaRoso_9_puntos_intento_3.mp4,1600,13333.333,True,142.000,164.000,0.000,257.000,113.000,0.638889,0.283333,-0.715222,41.582,62.237,159.227,1987.0
VictoriaRoso_9_puntos_intento_3.mp4,1601,13341.667,True,142.000,164.000,0.000,257.000,113.000,0.638889,0.283333,-0.715222,41.263,63.066,159.218,2001.0
VictoriaRoso_9_puntos_intento_3.mp4,1602,13350.000,True,142.000,164.000,0.000,257.000,113.000,0.638889,0.283333,-0.715222,40.743,62.323,158.158,1961.5
VictoriaRoso_9_puntos_intento_3.mp4,1603,13358.333,True,142.000,164.000,0.000,257.000,113.000,0.638889,0.283333,-0.715222,40.993,62.818,158.114,1988.5
VictoriaRoso_9_puntos_intento_3.mp4,1604,13366.667,True,142.000,164.000,0.000,257.000,113.000,0.638889,0.283333,-0.715222,41.438,62.871,158.864,1986.0
VictoriaRoso_9_puntos_intento_3.mp4,1605,13375.000,True,142.000,164.000,0.000,257.000,113.000,0.638889,0.283333,-0.715222,40.862,62.259,158.631,1968.5
VictoriaRoso_9_puntos_intento_3.mp4,1606,13383.333,True,142.000,164.000,0.000,257.000,114.000,0.638889,0.277778,-0.717398,41.111,63.409,158.710,2008.5
VictoriaRoso_9_puntos_intento_3.mp4,1607,13391.667,True,142.000,164.000,0.000,257.000,113.000,0.638889,0.283333,-0.715222,40.882,63.490,158.073,2000.0
VictoriaRoso_9_puntos_intento_3.mp4,1608,13400.000,True,142.000,164.000,0.000,256.000,113.000,0.633333,0.283333,-0.720147,41.099,62.969,158.859,1983.0
VictoriaRoso_9_puntos_intento_3.mp4,1609,13408.333,True,142.000,164.000,0.000,257.000,113.000,0.638889,0.283333,-0.715222,40.606,62.781,160.065,1969.5
VictoriaRoso_9_puntos_intento_3.mp4,1610,13416.667,True,142.000,164.000,0.000,257.000,113.000,0.638889,0.283333,-0.715222,41.229,62.685,159.837,1972.0
VictoriaRoso_9_puntos_intento_3.mp4,1611,13425.000,True,142.000,164.000,0.000,257.000,113.000,0.638889,0.283333,-0.715222,41.350,62.384,159.364,1979.0
VictoriaRoso_9_puntos_intento_3.mp4,1612,13433.333,True,142.000,164.000,0.000,257.000,114.000,0.638889,0.277778,-0.717398,41.017,62.048,158.623,1967.5
VictoriaRoso_9_puntos_intento_3.mp4,1613,13441.667,True,142.000,164.000,0.000,257.000,113.000,0.638889,0.283333,-0.715222,40.877,62.307,159.025,1961.5
VictoriaRoso_9_puntos_intento_3.mp4,1614,13450.000,True,142.000,164.000,0.000,257.000,113.000,0.638889,0.283333,-0.715222,40.946,62.840,159.355,1982.5
VictoriaRoso_9_puntos_intento_3.mp4,1615,13458.333,True,142.000,164.000,0.000,257.000,113.000,0.638889,0.283333,-0.715222,40.521,62.760,158.863,1971.0
VictoriaRoso_9_puntos_intento_3.mp4,1616,13466.667,True,142.000,164.000,0.000,257.000,114.000,0.638889,0.277778,-0.717398,41.217,62.728,159.514,1986.5
VictoriaRoso_9_puntos_intento_3.mp4,1617,13475.000,True,142.000,164.000,0.000,257.000,113.000,0.638889,0.283333,-0.715222,40.544,62.742,159.613,1969.0
VictoriaRoso_9_puntos_intento_3.mp4,1618,13483.333,True,142.000,164.000,0.000,257.000,113.000,0.638889,0.283333,-0.715222,41.231,62.680,159.366,1995.0
VictoriaRoso_9_puntos_intento_3.mp4,1619,13491.667,True,142.000,164.000,0.000,257.000,114.000,0.638889,0.277778,-0.717398,40.768,62.904,159.615,1968.0
VictoriaRoso_9_puntos_intento_3.mp4,1620,13500.000,True,142.000,164.000,0.000,257.000,113.000,0.638889,0.283333,-0.715222,41.248,61.796,158.060,1964.5
VictoriaRoso_9_puntos_intento_3.mp4,1621,13508.333,True,142.000,164.000,0.000,258.000,113.000,0.644444,0.283333,-0.710221,40.143,62.624,159.157,1936.0
VictoriaRoso_9_puntos_intento_3.mp4,1622,13516.667,True,142.000,164.000,0.000,258.000,113.000,0.644444,0.283333,-0.710221,40.341,62.854,156.853,1933.0
VictoriaRoso_9_puntos_intento_3.mp4,1623,13525.000,True,142.000,164.000,0.000,258.000,112.000,0.644444,0.288889,-0.707979,40.321,62.263,158.166,1934.0
VictoriaRoso_9_puntos_intento_3.mp4,1624,13533.333,True,142.000,164.000,0.000,258.000,113.000,0.644444,0.283333,-0.710221,40.609,62.548,158.752,1956.5
VictoriaRoso_9_puntos_intento_3.mp4,1625,13541.667,True,142.000,164.000,0.000,258.000,113.000,0.644444,0.283333,-0.710221,40.842,62.105,158.192,1956.0
VictoriaRoso_9_puntos_intento_3.mp4,1626,13550.000,True,142.000,164.000,0.000,258.000,113.000,0.644444,0.283333,-0.710221,40.515,62.117,158.486,1938.0
VictoriaRoso_9_puntos_intento_3.mp4,1627,13558.333,True,142.000,164.000,0.000,258.000,113.000,0.644444,0.283333,-0.710221,40.361,62.582,159.549,1944.0
VictoriaRoso_9_puntos_intento_3.mp4,1628,13566.667,True,142.000,164.000,0.000,258.000,113.000,0.644444,0.283333,-0.710221,40.529,62.404,159.693,1940.0
VictoriaRoso_9_puntos_intento_3.mp4,1629,13575.000,True,142.000,164.000,0.000,258.000,113.000,0.644444,0.283333,-0.710221,40.424,62.588,159.661,1956.5
VictoriaRoso_9_puntos_intento_3.mp4,1630,13583.333,True,142.000,164.000,0.000,258.000,113.000,0.644444,0.283333,-0.710221,40.605,62.219,159.370,1938.0
VictoriaRoso_9_puntos_intento_3.mp4,1631,13591.667,True,142.000,164.000,0.000,258.000,113.000,0.644444,0.283333,-0.710221,41.157,61.985,159.298,1956.5
VictoriaRoso_9_puntos_intento_3.mp4,1632,13600.000,True,142.000,164.000,0.000,258.000,113.000,0.644444,0.283333,-0.710221,40.839,62.135,159.331,1959.5
VictoriaRoso_9_puntos_intento_3.mp4,1633,13608.333,True,142.000,164.000,0.000,258.000,113.000,0.644444,0.283333,-0.710221,40.695,61.875,158.750,1933.0
VictoriaRoso_9_puntos_intento_3.mp4,1634,13616.667,True,142.000,164.000,0.000,258.000,112.000,0.644444,0.288889,-0.707979,40.657,61.566,158.587,1946.5
VictoriaRoso_9_puntos_intento_3.mp4,1635,13625.000,True,142.000,164.000,0.000,258.000,113.000,0.644444,0.283333,-0.710221,40.585,61.994,158.482,1933.0
VictoriaRoso_9_puntos_intento_3.mp4,1636,13633.333,True,142.000,164.000,0.000,258.000,113.000,0.644444,0.283333,-0.710221,40.475,62.021,158.263,1944.5
VictoriaRoso_9_puntos_intento_3.mp4,1637,13641.667,True,142.000,164.000,0.000,258.000,112.000,0.644444,0.288889,-0.707979,40.788,61.054,157.676,1923.5
VictoriaRoso_9_puntos_intento_3.mp4,1638,13650.000,True,142.000,164.000,0.000,258.000,112.000,0.644444,0.288889,-0.707979,41.169,62.375,159.082,1971.5
VictoriaRoso_9_puntos_intento_3.mp4,1639,13658.333,True,142.000,164.000,0.000,258.000,113.000,0.644444,0.283333,-0.710221,40.939,61.894,159.162,1950.5
VictoriaRoso_9_puntos_intento_3.mp4,1640,13666.667,True,142.000,164.000,0.000,258.000,113.000,0.644444,0.283333,-0.710221,40.627,61.710,158.466,1932.0
VictoriaRoso_9_puntos_intento_3.mp4,1641,13675.000,True,142.000,164.000,0.000,258.000,113.000,0.644444,0.283333,-0.710221,40.598,61.983,158.577,1942.5
VictoriaRoso_9_puntos_intento_3.mp4,1642,13683.333,True,142.000,164.000,0.000,258.000,113.000,0.644444,0.283333,-0.710221,41.018,61.919,159.341,1950.5
VictoriaRoso_9_puntos_intento_3.mp4,1643,13691.667,True,142.000,164.000,0.000,258.000,113.000,0.644444,0.283333,-0.710221,41.030,61.481,158.739,1935.0
VictoriaRoso_9_puntos_intento_3.mp4,1644,13700.000,True,142.000,164.000,0.000,258.000,113.000,0.644444,0.283333,-0.710221,40.874,62.098,159.293,1950.0
VictoriaRoso_9_puntos_intento_3.mp4,1645,13708.333,True,142.000,164.000,0.000,258.000,112.000,0.644444,0.288889,-0.707979,40.549,61.835,158.812,1930.5
VictoriaRoso_9_puntos_intento_3.mp4,1646,13716.667,True,142.000,164.000,0.000,258.000,112.000,0.644444,0.288889,-0.707979,40.437,61.898,158.621,1935.5
VictoriaRoso_9_puntos_intento_3.mp4,1647,13725.000,True,142.000,164.000,0.000,258.000,112.000,0.644444,0.288889,-0.707979,39.762,62.166,159.412,1909.5
VictoriaRoso_9_puntos_intento_3.mp4,1648,13733.333,True,142.000,164.000,0.000,258.000,113.000,0.644444,0.283333,-0.710221,39.989,62.501,159.036,1920.0
VictoriaRoso_9_puntos_intento_3.mp4,1649,13741.667,True,142.000,164.000,0.000,258.000,112.000,0.644444,0.288889,-0.707979,40.120,61.998,159.052,1898.0
VictoriaRoso_9_puntos_intento_3.mp4,1650,13750.000,True,142.000,164.000,0.000,258.000,112.000,0.644444,0.288889,-0.707979,40.039,61.765,159.393,1901.0
VictoriaRoso_9_puntos_intento_3.mp4,1651,13758.333,True,142.000,164.000,0.000,258.000,113.000,0.644444,0.283333,-0.710221,40.316,61.598,159.137,1906.0
VictoriaRoso_9_puntos_intento_3.mp4,1652,13766.667,True,142.000,164.000,0.000,258.000,112.000,0.644444,0.288889,-0.707979,40.402,61.590,158.810,1918.0
VictoriaRoso_9_puntos_intento_3.mp4,1653,13775.000,True,142.000,164.000,0.000,258.000,112.000,0.644444,0.288889,-0.707979,40.509,61.141,159.775,1906.0
VictoriaRoso_9_puntos_intento_3.mp4,1654,13783.333,True,142.000,164.000,0.000,258.000,112.000,0.644444,0.288889,-0.707979,40.486,61.104,158.642,1897.5
VictoriaRoso_9_puntos_intento_3.mp4,1655,13791.667,True,142.000,164.000,0.000,258.000,112.000,0.644444,0.288889,-0.707979,40.317,61.519,158.495,1902.5
VictoriaRoso_9_puntos_intento_3.mp4,1656,13800.000,True,142.000,164.000,0.000,258.000,112.000,0.644444,0.288889,-0.707979,40.479,61.905,159.618,1922.5
VictoriaRoso_9_puntos_intento_3.mp4,1657,13808.333,True,142.000,164.000,0.000,258.000,113.000,0.644444,0.283333,-0.710221,40.396,61.431,159.853,1911.0
VictoriaRoso_9_puntos_intento_3.mp4,1658,13816.667,True,142.000,164.000,0.000,258.000,113.000,0.644444,0.283333,-0.710221,40.148,61.537,159.078,1898.5
VictoriaRoso_9_puntos_intento_3.mp4,1659,13825.000,True,142.000,164.000,0.000,258.000,113.000,0.644444,0.283333,-0.710221,40.262,61.857,160.088,1916.5
VictoriaRoso_9_puntos_intento_3.mp4,1660,13833.333,True,142.000,164.000,0.000,258.000,113.000,0.644444,0.283333,-0.710221,40.570,61.729,159.742,1921.5
VictoriaRoso_9_puntos_intento_3.mp4,1661,13841.667,True,142.000,164.000,0.000,258.000,113.000,0.644444,0.283333,-0.710221,40.105,62.015,160.269,1917.0
VictoriaRoso_9_puntos_intento_3.mp4,1662,13850.000,True,142.000,164.000,0.000,258.000,112.000,0.644444,0.288889,-0.707979,40.581,61.249,159.370,1920.0
VictoriaRoso_9_puntos_intento_3.mp4,1663,13858.333,True,142.000,164.000,0.000,258.000,113.000,0.644444,0.283333,-0.710221,40.804,61.283,159.569,1911.0
VictoriaRoso_9_puntos_intento_3.mp4,1664,13866.667,True,142.000,164.000,0.000,258.000,112.000,0.644444,0.288889,-0.707979,40.459,61.464,158.291,1910.5
VictoriaRoso_9_puntos_intento_3.mp4,1665,13875.000,True,142.000,164.000,0.000,258.000,112.000,0.644444,0.288889,-0.707979,40.623,60.858,157.511,1901.5
VictoriaRoso_9_puntos_intento_3.mp4,1666,13883.333,True,142.000,164.000,0.000,258.000,112.000,0.644444,0.288889,-0.707979,40.651,61.148,158.167,1909.5
VictoriaRoso_9_puntos_intento_3.mp4,1667,13891.667,True,142.000,164.000,0.000,258.000,112.000,0.644444,0.288889,-0.707979,40.487,61.126,159.227,1910.0
VictoriaRoso_9_puntos_intento_3.mp4,1668,13900.000,True,142.000,164.000,0.000,258.000,112.000,0.644444,0.288889,-0.707979,40.418,61.124,158.982,1908.5
VictoriaRoso_9_puntos_intento_3.mp4,1669,13908.333,True,142.000,164.000,0.000,258.000,113.000,0.644444,0.283333,-0.710221,40.297,61.411,159.820,1889.5
VictoriaRoso_9_puntos_intento_3.mp4,1670,13916.667,True,142.000,164.000,0.000,258.000,112.000,0.644444,0.288889,-0.707979,40.645,61.298,159.514,1916.0
VictoriaRoso_9_puntos_intento_3.mp4,1671,13925.000,True,142.000,164.000,0.000,258.000,112.000,0.644444,0.288889,-0.707979,40.100,60.886,157.927,1883.5
VictoriaRoso_9_puntos_intento_3.mp4,1672,13933.333,True,142.000,164.000,0.000,258.000,112.000,0.644444,0.288889,-0.707979,40.279,61.335,159.183,1905.5
VictoriaRoso_9_puntos_intento_3.mp4,1673,13941.667,True,142.000,164.000,0.000,258.000,113.000,0.644444,0.283333,-0.710221,40.357,61.330,158.827,1901.0
VictoriaRoso_9_puntos_intento_3.mp4,1674,13950.000,True,142.000,164.000,0.000,258.000,112.000,0.644444,0.288889,-0.707979,40.332,61.666,159.532,1915.0
VictoriaRoso_9_puntos_intento_3.mp4,1675,13958.333,True,142.000,164.000,0.000,258.000,113.000,0.644444,0.283333,-0.710221,40.088,61.547,158.829,1900.0
VictoriaRoso_9_puntos_intento_3.mp4,1676,13966.667,True,142.000,164.000,0.000,258.000,112.000,0.644444,0.288889,-0.707979,40.515,61.348,159.380,1912.0
VictoriaRoso_9_puntos_intento_3.mp4,1677,13975.000,True,142.000,164.000,0.000,258.000,112.000,0.644444,0.288889,-0.707979,39.957,61.411,159.309,1887.5
VictoriaRoso_9_puntos_intento_3.mp4,1678,13983.333,True,142.000,164.000,0.000,258.000,112.000,0.644444,0.288889,-0.707979,40.481,61.242,158.858,1894.5
VictoriaRoso_9_puntos_intento_3.mp4,1679,13991.667,True,142.000,164.000,0.000,258.000,112.000,0.644444,0.288889,-0.707979,40.210,61.361,159.257,1891.0
VictoriaRoso_9_puntos_intento_3.mp4,1680,14000.000,True,142.000,164.000,0.000,258.000,112.000,0.644444,0.288889,-0.707979,39.967,61.434,159.596,1893.0
VictoriaRoso_9_puntos_intento_3.mp4,1681,14008.333,True,142.000,164.000,0.000,257.000,112.000,0.638889,0.288889,-0.712997,40.324,60.682,159.257,1873.5
VictoriaRoso_9_puntos_intento_3.mp4,1682,14016.667,True,142.000,164.000,0.000,257.000,112.000,0.638889,0.288889,-0.712997,39.777,60.994,158.727,1868.5
VictoriaRoso_9_puntos_intento_3.mp4,1683,14025.000,True,142.000,164.000,0.000,258.000,112.000,0.644444,0.288889,-0.707979,40.280,60.908,158.401,1883.5
VictoriaRoso_9_puntos_intento_3.mp4,1684,14033.333,True,142.000,164.000,0.000,258.000,112.000,0.644444,0.288889,-0.707979,40.196,61.139,159.061,1883.0
VictoriaRoso_9_puntos_intento_3.mp4,1685,14041.667,True,142.000,164.000,0.000,258.000,112.000,0.644444,0.288889,-0.707979,40.152,61.092,158.416,1889.0
VictoriaRoso_9_puntos_intento_3.mp4,1686,14050.000,True,142.000,164.000,0.000,258.000,112.000,0.644444,0.288889,-0.707979,40.358,61.699,158.193,1895.0
VictoriaRoso_9_puntos_intento_3.mp4,1687,14058.333,True,142.000,164.000,0.000,258.000,112.000,0.644444,0.288889,-0.707979,40.010,60.800,159.084,1876.5
VictoriaRoso_9_puntos_intento_3.mp4,1688,14066.667,True,142.000,164.000,0.000,258.000,112.000,0.644444,0.288889,-0.707979,40.123,61.156,159.420,1885.0
VictoriaRoso_9_puntos_intento_3.mp4,1689,14075.000,True,142.000,164.000,0.000,258.000,112.000,0.644444,0.288889,-0.707979,40.179,60.854,158.994,1868.5
VictoriaRoso_9_puntos_intento_3.mp4,1690,14083.333,True,142.000,164.000,0.000,258.000,112.000,0.644444,0.288889,-0.707979,40.152,60.908,159.121,1882.5
VictoriaRoso_9_puntos_intento_3.mp4,1691,14091.667,True,142.000,164.000,0.000,257.000,112.000,0.638889,0.288889,-0.712997,40.159,60.998,159.330,1882.5
VictoriaRoso_9_puntos_intento_3.mp4,1692,14100.000,True,142.000,164.000,0.000,257.000,112.000,0.638889,0.288889,-0.712997,39.984,60.634,158.625,1874.0
VictoriaRoso_9_puntos_intento_3.mp4,1693,14108.333,True,142.000,164.000,0.000,257.000,112.000,0.638889,0.288889,-0.712997,40.459,60.696,158.110,1863.0
VictoriaRoso_9_puntos_intento_3.mp4,1694,14116.667,True,142.000,164.000,0.000,257.000,112.000,0.638889,0.288889,-0.712997,40.094,60.754,158.367,1865.5
VictoriaRoso_9_puntos_intento_3.mp4,1695,14125.000,True,142.000,164.000,0.000,257.000,112.000,0.638889,0.288889,-0.712997,39.946,60.841,158.474,1880.0
VictoriaRoso_9_puntos_intento_3.mp4,1696,14133.333,True,142.000,164.000,0.000,257.000,112.000,0.638889,0.288889,-0.712997,39.786,61.237,157.665,1877.5
VictoriaRoso_9_puntos_intento_3.mp4,1697,14141.667,True,142.000,164.000,0.000,257.000,112.000,0.638889,0.288889,-0.712997,39.789,61.017,158.763,1867.0
VictoriaRoso_9_puntos_intento_3.mp4,1698,14150.000,True,142.000,164.000,0.000,257.000,112.000,0.638889,0.288889,-0.712997,39.934,60.759,158.549,1872.5
VictoriaRoso_9_puntos_intento_3.mp4,1699,14158.333,True,142.000,164.000,0.000,257.000,112.000,0.638889,0.288889,-0.712997,39.891,60.362,159.160,1876.5
VictoriaRoso_9_puntos_intento_3.mp4,1700,14166.667,True,142.000,164.000,0.000,257.000,112.000,0.638889,0.288889,-0.712997,39.882,60.399,158.954,1877.5
VictoriaRoso_9_puntos_intento_3.mp4,1701,14175.000,True,142.000,164.000,0.000,257.000,112.000,0.638889,0.288889,-0.712997,39.483,60.486,158.584,1866.5
VictoriaRoso_9_puntos_intento_3.mp4,1702,14183.333,True,142.000,164.000,0.000,257.000,112.000,0.638889,0.288889,-0.712997,39.428,60.620,158.308,1869.5
VictoriaRoso_9_puntos_intento_3.mp4,1703,14191.667,True,142.000,164.000,0.000,257.000,112.000,0.638889,0.288889,-0.712997,39.635,60.197,157.927,1833.5
VictoriaRoso_9_puntos_intento_3.mp4,1704,14200.000,True,142.000,164.000,0.000,257.000,112.000,0.638889,0.288889,-0.712997,39.710,60.552,158.375,1860.0
VictoriaRoso_9_puntos_intento_3.mp4,1705,14208.333,True,142.000,164.000,0.000,257.000,112.000,0.638889,0.288889,-0.712997,39.840,60.440,158.608,1864.5
VictoriaRoso_9_puntos_intento_3.mp4,1706,14216.667,True,142.000,164.000,0.000,257.000,112.000,0.638889,0.288889,-0.712997,40.335,60.557,158.881,1872.5
VictoriaRoso_9_puntos_intento_3.mp4,1707,14225.000,True,142.000,164.000,0.000,257.000,112.000,0.638889,0.288889,-0.712997,40.327,60.337,158.949,1866.0
VictoriaRoso_9_puntos_intento_3.mp4,1708,14233.333,True,142.000,164.000,0.000,257.000,112.000,0.638889,0.288889,-0.712997,40.259,60.815,158.807,1876.0
VictoriaRoso_9_puntos_intento_3.mp4,1709,14241.667,True,142.000,164.000,0.000,257.000,112.000,0.638889,0.288889,-0.712997,40.227,60.324,158.318,1865.0
VictoriaRoso_9_puntos_intento_3.mp4,1710,14250.000,True,142.000,164.000,0.000,257.000,112.000,0.638889,0.288889,-0.712997,39.810,60.801,159.182,1857.0
VictoriaRoso_9_puntos_intento_3.mp4,1711,14258.333,True,142.000,164.000,0.000,257.000,112.000,0.638889,0.288889,-0.712997,39.762,61.081,158.071,1870.0
VictoriaRoso_9_puntos_intento_3.mp4,1712,14266.667,True,142.000,164.000,0.000,257.000,112.000,0.638889,0.288889,-0.712997,39.696,61.283,159.153,1866.5
VictoriaRoso_9_puntos_intento_3.mp4,1713,14275.000,True,142.000,164.000,0.000,258.000,112.000,0.644444,0.288889,-0.707979,39.550,61.211,159.749,1862.0
VictoriaRoso_9_puntos_intento_3.mp4,1714,14283.333,True,142.000,164.000,0.000,257.000,112.000,0.638889,0.288889,-0.712997,39.528,60.790,159.155,1855.5
VictoriaRoso_9_puntos_intento_3.mp4,1715,14291.667,True,142.000,164.000,0.000,257.000,112.000,0.638889,0.288889,-0.712997,39.406,61.125,159.670,1858.5
VictoriaRoso_9_puntos_intento_3.mp4,1716,14300.000,True,142.000,164.000,0.000,258.000,112.000,0.644444,0.288889,-0.707979,39.976,60.844,159.265,1873.0
VictoriaRoso_9_puntos_intento_3.mp4,1717,14308.333,True,143.000,164.000,0.000,257.000,112.000,0.633333,0.288889,-0.717936,39.739,60.307,159.742,1834.0
VictoriaRoso_9_puntos_intento_3.mp4,1718,14316.667,True,143.000,164.000,0.000,257.000,112.000,0.633333,0.288889,-0.717936,40.249,60.619,158.425,1871.0
VictoriaRoso_9_puntos_intento_3.mp4,1719,14325.000,True,143.000,164.000,0.000,257.000,112.000,0.633333,0.288889,-0.717936,39.568,60.451,158.430,1841.5
VictoriaRoso_9_puntos_intento_3.mp4,1720,14333.333,True,143.000,164.000,0.000,257.000,112.000,0.633333,0.288889,-0.717936,39.960,61.073,159.940,1866.5
VictoriaRoso_9_puntos_intento_3.mp4,1721,14341.667,True,143.000,164.000,0.000,257.000,112.000,0.633333,0.288889,-0.717936,40.060,60.459,158.134,1863.5
VictoriaRoso_9_puntos_intento_3.mp4,1722,14350.000,True,143.000,164.000,0.000,257.000,112.000,0.633333,0.288889,-0.717936,39.451,60.733,158.359,1855.0
VictoriaRoso_9_puntos_intento_3.mp4,1723,14358.333,True,143.000,164.000,0.000,257.000,112.000,0.633333,0.288889,-0.717936,40.009,61.157,160.331,1873.0
VictoriaRoso_9_puntos_intento_3.mp4,1724,14366.667,True,143.000,164.000,0.000,257.000,112.000,0.633333,0.288889,-0.717936,40.047,61.491,158.185,1891.0
VictoriaRoso_9_puntos_intento_3.mp4,1725,14375.000,True,143.000,164.000,0.000,257.000,112.000,0.633333,0.288889,-0.717936,39.879,61.036,159.229,1880.5
VictoriaRoso_9_puntos_intento_3.mp4,1726,14383.333,True,143.000,164.000,0.000,257.000,112.000,0.633333,0.288889,-0.717936,40.056,60.973,158.400,1883.0
VictoriaRoso_9_puntos_intento_3.mp4,1727,14391.667,True,143.000,164.000,0.000,257.000,112.000,0.633333,0.288889,-0.717936,40.041,61.389,158.577,1892.0
VictoriaRoso_9_puntos_intento_3.mp4,1728,14400.000,True,143.000,164.000,0.000,257.000,112.000,0.633333,0.288889,-0.717936,39.882,61.703,158.336,1891.5
VictoriaRoso_9_puntos_intento_3.mp4,1729,14408.333,True,143.000,164.000,0.000,257.000,112.000,0.633333,0.288889,-0.717936,40.182,61.245,159.282,1882.0
VictoriaRoso_9_puntos_intento_3.mp4,1730,14416.667,True,143.000,164.000,0.000,258.000,112.000,0.638889,0.288889,-0.712997,40.164,61.468,159.397,1899.5
VictoriaRoso_9_puntos_intento_3.mp4,1731,14425.000,True,143.000,164.000,0.000,258.000,112.000,0.638889,0.288889,-0.712997,40.108,60.959,158.981,1876.5
VictoriaRoso_9_puntos_intento_3.mp4,1732,14433.333,True,143.000,164.000,0.000,257.000,112.000,0.633333,0.288889,-0.717936,40.128,61.198,159.015,1894.5
VictoriaRoso_9_puntos_intento_3.mp4,1733,14441.667,True,143.000,164.000,0.000,257.000,112.000,0.633333,0.288889,-0.717936,40.098,61.179,159.473,1886.0
VictoriaRoso_9_puntos_intento_3.mp4,1734,14450.000,True,143.000,164.000,0.000,257.000,112.000,0.633333,0.288889,-0.717936,40.265,61.381,158.834,1910.0
VictoriaRoso_9_puntos_intento_3.mp4,1735,14458.333,True,143.000,164.000,0.000,257.000,112.000,0.633333,0.288889,-0.717936,40.416,61.201,159.405,1899.5
VictoriaRoso_9_puntos_intento_3.mp4,1736,14466.667,True,143.000,164.000,0.000,257.000,112.000,0.633333,0.288889,-0.717936,39.821,61.703,158.425,1908.5
VictoriaRoso_9_puntos_intento_3.mp4,1737,14475.000,True,143.000,164.000,0.000,257.000,112.000,0.633333,0.288889,-0.717936,39.840,61.812,159.299,1895.0
VictoriaRoso_9_puntos_intento_3.mp4,1738,14483.333,True,143.000,164.000,0.000,257.000,112.000,0.633333,0.288889,-0.717936,40.326,61.687,160.355,1915.5
VictoriaRoso_9_puntos_intento_3.mp4,1739,14491.667,True,143.000,164.000,0.000,257.000,112.000,0.633333,0.288889,-0.717936,40.139,61.664,159.449,1914.5
VictoriaRoso_9_puntos_intento_3.mp4,1740,14500.000,True,143.000,164.000,0.000,257.000,112.000,0.633333,0.288889,-0.717936,40.497,61.486,158.469,1918.5
VictoriaRoso_9_puntos_intento_3.mp4,1741,14508.333,True,143.000,164.000,0.000,257.000,112.000,0.633333,0.288889,-0.717936,40.339,61.384,159.465,1900.0
VictoriaRoso_9_puntos_intento_3.mp4,1742,14516.667,True,143.000,164.000,0.000,257.000,112.000,0.633333,0.288889,-0.717936,40.354,61.739,159.566,1921.0
VictoriaRoso_9_puntos_intento_3.mp4,1743,14525.000,True,143.000,164.000,0.000,257.000,112.000,0.633333,0.288889,-0.717936,40.462,61.678,159.321,1921.5
VictoriaRoso_9_puntos_intento_3.mp4,1744,14533.333,True,143.000,164.000,0.000,257.000,112.000,0.633333,0.288889,-0.717936,40.762,61.817,159.184,1944.0
VictoriaRoso_9_puntos_intento_3.mp4,1745,14541.667,True,143.000,164.000,0.000,257.000,112.000,0.633333,0.288889,-0.717936,40.701,61.383,158.939,1928.5
VictoriaRoso_9_puntos_intento_3.mp4,1746,14550.000,True,143.000,164.000,0.000,257.000,112.000,0.633333,0.288889,-0.717936,40.569,61.528,160.141,1927.5
VictoriaRoso_9_puntos_intento_3.mp4,1747,14558.333,True,143.000,164.000,0.000,256.000,112.000,0.627778,0.288889,-0.722799,40.809,61.168,160.030,1936.0
VictoriaRoso_9_puntos_intento_3.mp4,1748,14566.667,True,143.000,164.000,0.000,251.000,112.000,0.600000,0.288889,-0.746018,42.976,61.592,161.623,2050.0
VictoriaRoso_9_puntos_intento_3.mp4,1749,14575.000,True,143.000,164.000,0.000,246.000,113.000,0.572222,0.283333,-0.769600,45.581,62.000,163.908,2193.5
VictoriaRoso_9_puntos_intento_3.mp4,1750,14583.333,True,143.000,164.000,0.000,241.000,113.000,0.544444,0.283333,-0.789495,47.775,62.904,163.283,2323.0
VictoriaRoso_9_puntos_intento_3.mp4,1751,14591.667,True,143.000,164.000,0.000,238.000,113.000,0.527778,0.283333,-0.800733,48.487,62.956,161.913,2373.5
VictoriaRoso_9_puntos_intento_3.mp4,1752,14600.000,True,143.000,164.000,0.000,237.000,113.000,0.522222,0.283333,-0.804367,49.218,63.076,161.583,2397.0
VictoriaRoso_9_puntos_intento_3.mp4,1753,14608.333,True,143.000,164.000,0.000,237.000,113.000,0.522222,0.283333,-0.804367,48.502,62.660,161.582,2337.0
VictoriaRoso_9_puntos_intento_3.mp4,1754,14616.667,True,143.000,164.000,0.000,237.000,113.000,0.522222,0.283333,-0.804367,48.581,63.238,161.504,2365.5
VictoriaRoso_9_puntos_intento_3.mp4,1755,14625.000,True,143.000,164.000,0.000,237.000,113.000,0.522222,0.283333,-0.804367,48.105,62.784,160.618,2333.5
VictoriaRoso_9_puntos_intento_3.mp4,1756,14633.333,True,143.000,164.000,0.000,237.000,113.000,0.522222,0.283333,-0.804367,48.576,62.668,160.660,2354.0
VictoriaRoso_9_puntos_intento_3.mp4,1757,14641.667,True,143.000,164.000,0.000,237.000,113.000,0.522222,0.283333,-0.804367,48.653,62.622,159.564,2346.0
VictoriaRoso_9_puntos_intento_3.mp4,1758,14650.000,True,143.000,164.000,0.000,237.000,113.000,0.522222,0.283333,-0.804367,48.215,63.154,158.537,2342.5
VictoriaRoso_9_puntos_intento_3.mp4,1759,14658.333,True,143.000,164.000,0.000,237.000,113.000,0.522222,0.283333,-0.804367,48.119,62.662,159.985,2334.5
VictoriaRoso_9_puntos_intento_3.mp4,1760,14666.667,True,143.000,164.000,0.000,237.000,113.000,0.522222,0.283333,-0.804367,48.189,63.788,159.950,2372.5
VictoriaRoso_9_puntos_intento_3.mp4,1761,14675.000,True,143.000,164.000,0.000,237.000,113.000,0.522222,0.283333,-0.804367,48.074,63.317,159.187,2342.5
VictoriaRoso_9_puntos_intento_3.mp4,1762,14683.333,True,143.000,164.000,0.000,237.000,113.000,0.522222,0.283333,-0.804367,48.417,63.086,159.861,2364.0
VictoriaRoso_9_puntos_intento_3.mp4,1763,14691.667,True,143.000,164.000,0.000,237.000,113.000,0.522222,0.283333,-0.804367,48.275,62.950,160.252,2354.5
VictoriaRoso_9_puntos_intento_3.mp4,1764,14700.000,True,143.000,164.000,0.000,237.000,113.000,0.522222,0.283333,-0.804367,48.665,62.900,160.669,2360.0
VictoriaRoso_9_puntos_intento_3.mp4,1765,14708.333,True,143.000,164.000,0.000,237.000,113.000,0.522222,0.283333,-0.804367,48.147,62.496,161.189,2328.5
VictoriaRoso_9_puntos_intento_3.mp4,1766,14716.667,True,143.000,164.000,0.000,237.000,113.000,0.522222,0.283333,-0.804367,48.437,63.068,159.945,2353.0
VictoriaRoso_9_puntos_intento_3.mp4,1767,14725.000,True,143.000,164.000,0.000,237.000,113.000,0.522222,0.283333,-0.804367,47.977,63.011,159.231,2331.0
VictoriaRoso_9_puntos_intento_3.mp4,1768,14733.333,True,143.000,164.000,0.000,237.000,113.000,0.522222,0.283333,-0.804367,48.047,63.176,160.102,2344.0
VictoriaRoso_9_puntos_intento_3.mp4,1769,14741.667,True,143.000,164.000,0.000,237.000,112.000,0.522222,0.288889,-0.802388,48.325,62.627,159.962,2335.5
VictoriaRoso_9_puntos_intento_3.mp4,1770,14750.000,True,143.000,164.000,0.000,237.000,113.000,0.522222,0.283333,-0.804367,48.121,62.853,159.065,2332.0
VictoriaRoso_9_puntos_intento_3.mp4,1771,14758.333,True,143.000,164.000,0.000,237.000,113.000,0.522222,0.283333,-0.804367,48.133,62.784,160.238,2326.5
VictoriaRoso_9_puntos_intento_3.mp4,1772,14766.667,True,143.000,164.000,0.000,237.000,113.000,0.522222,0.283333,-0.804367,48.578,62.901,160.640,2346.0
VictoriaRoso_9_puntos_intento_3.mp4,1773,14775.000,True,143.000,164.000,0.000,237.000,113.000,0.522222,0.283333,-0.804367,48.497,62.576,159.539,2338.0
VictoriaRoso_9_puntos_intento_3.mp4,1774,14783.333,True,143.000,164.000,0.000,236.000,113.000,0.516667,0.283333,-0.807947,48.884,62.999,161.582,2376.5
VictoriaRoso_9_puntos_intento_3.mp4,1775,14791.667,True,143.000,164.000,0.000,231.000,115.000,0.488889,0.272222,-0.828784,50.700,63.115,163.703,2460.0
VictoriaRoso_9_puntos_intento_3.mp4,1776,14800.000,True,143.000,164.000,0.000,224.000,115.000,0.450000,0.272222,-0.850526,52.453,64.178,162.086,2608.5
VictoriaRoso_9_puntos_intento_3.mp4,1777,14808.333,True,143.000,164.000,0.000,218.000,115.000,0.416667,0.272222,-0.867343,53.533,65.733,161.180,2710.0
VictoriaRoso_9_puntos_intento_3.mp4,1778,14816.667,True,143.000,164.000,0.000,214.000,116.000,0.394444,0.266667,-0.879376,54.816,65.106,157.844,2741.5
VictoriaRoso_9_puntos_intento_3.mp4,1779,14825.000,True,143.000,164.000,0.000,214.000,116.000,0.394444,0.266667,-0.879376,54.456,65.244,157.365,2722.0
VictoriaRoso_9_puntos_intento_3.mp4,1780,14833.333,True,143.000,164.000,0.000,214.000,116.000,0.394444,0.266667,-0.879376,53.470,65.649,155.949,2690.0
VictoriaRoso_9_puntos_intento_3.mp4,1781,14841.667,True,143.000,164.000,0.000,214.000,116.000,0.394444,0.266667,-0.879376,53.605,65.236,154.771,2689.5
VictoriaRoso_9_puntos_intento_3.mp4,1782,14850.000,True,143.000,164.000,0.000,214.000,116.000,0.394444,0.266667,-0.879376,54.560,64.604,155.362,2704.0
VictoriaRoso_9_puntos_intento_3.mp4,1783,14858.333,True,143.000,164.000,0.000,214.000,116.000,0.394444,0.266667,-0.879376,54.186,64.924,153.648,2693.5
VictoriaRoso_9_puntos_intento_3.mp4,1784,14866.667,True,143.000,164.000,0.000,214.000,116.000,0.394444,0.266667,-0.879376,53.832,64.582,156.796,2671.5
VictoriaRoso_9_puntos_intento_3.mp4,1785,14875.000,True,143.000,164.000,0.000,214.000,116.000,0.394444,0.266667,-0.879376,53.913,64.335,155.880,2665.5
VictoriaRoso_9_puntos_intento_3.mp4,1786,14883.333,True,143.000,164.000,0.000,214.000,116.000,0.394444,0.266667,-0.879376,54.503,64.591,156.973,2695.0
VictoriaRoso_9_puntos_intento_3.mp4,1787,14891.667,True,143.000,164.000,0.000,214.000,116.000,0.394444,0.266667,-0.879376,54.186,64.377,159.178,2666.5
VictoriaRoso_9_puntos_intento_3.mp4,1788,14900.000,True,143.000,164.000,0.000,214.000,116.000,0.394444,0.266667,-0.879376,54.747,64.115,156.280,2682.0
VictoriaRoso_9_puntos_intento_3.mp4,1789,14908.333,True,143.000,164.000,0.000,215.000,116.000,0.400000,0.266667,-0.876863,53.875,63.808,158.412,2661.5
VictoriaRoso_9_puntos_intento_3.mp4,1790,14916.667,True,143.000,164.000,0.000,214.000,116.000,0.394444,0.266667,-0.879376,54.367,64.767,155.602,2698.5
VictoriaRoso_9_puntos_intento_3.mp4,1791,14925.000,True,143.000,164.000,0.000,215.000,116.000,0.400000,0.266667,-0.876863,53.892,64.248,157.481,2670.5
VictoriaRoso_9_puntos_intento_3.mp4,1792,14933.333,True,143.000,164.000,0.000,215.000,116.000,0.400000,0.266667,-0.876863,54.559,64.497,155.998,2699.0
VictoriaRoso_9_puntos_intento_3.mp4,1793,14941.667,True,143.000,164.000,0.000,214.000,116.000,0.394444,0.266667,-0.879376,53.907,64.214,157.873,2666.0
VictoriaRoso_9_puntos_intento_3.mp4,1794,14950.000,True,143.000,164.000,0.000,214.000,116.000,0.394444,0.266667,-0.879376,54.408,64.193,158.086,2685.0
VictoriaRoso_9_puntos_intento_3.mp4,1795,14958.333,True,143.000,164.000,0.000,214.000,116.000,0.394444,0.266667,-0.879376,54.416,64.397,157.872,2690.5
VictoriaRoso_9_puntos_intento_3.mp4,1796,14966.667,True,143.000,164.000,0.000,214.000,116.000,0.394444,0.266667,-0.879376,54.409,64.693,158.755,2701.0
VictoriaRoso_9_puntos_intento_3.mp4,1797,14975.000,True,143.000,164.000,0.000,214.000,116.000,0.394444,0.266667,-0.879376,54.510,64.897,155.178,2709.0
VictoriaRoso_9_puntos_intento_3.mp4,1798,14983.333,True,143.000,164.000,0.000,214.000,116.000,0.394444,0.266667,-0.879376,54.660,65.052,156.099,2728.0
VictoriaRoso_9_puntos_intento_3.mp4,1799,14991.667,True,143.000,164.000,0.000,215.000,116.000,0.400000,0.266667,-0.876863,54.675,64.963,157.168,2721.5
VictoriaRoso_9_puntos_intento_3.mp4,1800,15000.000,True,143.000,164.000,0.000,215.000,116.000,0.400000,0.266667,-0.876863,54.948,65.605,154.893,2759.0
VictoriaRoso_9_puntos_intento_3.mp4,1801,15008.333,True,143.000,164.000,0.000,214.000,116.000,0.394444,0.266667,-0.879376,54.821,65.551,157.293,2750.5
VictoriaRoso_9_puntos_intento_3.mp4,1802,15016.667,True,143.000,164.000,0.000,214.000,116.000,0.394444,0.266667,-0.879376,54.568,66.179,155.634,2760.5
VictoriaRoso_9_puntos_intento_3.mp4,1803,15025.000,True,143.000,164.000,0.000,215.000,116.000,0.400000,0.266667,-0.876863,55.018,65.623,156.039,2753.5
VictoriaRoso_9_puntos_intento_3.mp4,1804,15033.333,True,143.000,164.000,0.000,214.000,116.000,0.394444,0.266667,-0.879376,55.252,65.577,154.794,2771.5
VictoriaRoso_9_puntos_intento_3.mp4,1805,15041.667,True,143.000,164.000,0.000,214.000,116.000,0.394444,0.266667,-0.879376,54.788,65.687,156.387,2750.0
VictoriaRoso_9_puntos_intento_3.mp4,1806,15050.000,True,143.000,164.000,0.000,215.000,116.000,0.400000,0.266667,-0.876863,54.876,65.814,155.128,2769.5
VictoriaRoso_9_puntos_intento_3.mp4,1807,15058.333,True,143.000,164.000,0.000,215.000,116.000,0.400000,0.266667,-0.876863,55.092,65.715,157.317,2761.0
VictoriaRoso_9_puntos_intento_3.mp4,1808,15066.667,True,143.000,164.000,0.000,215.000,116.000,0.400000,0.266667,-0.876863,54.663,66.336,156.529,2787.0
VictoriaRoso_9_puntos_intento_3.mp4,1809,15075.000,True,143.000,164.000,0.000,214.000,116.000,0.394444,0.266667,-0.879376,54.956,66.536,157.274,2790.5
VictoriaRoso_9_puntos_intento_3.mp4,1810,15083.333,True,143.000,164.000,0.000,214.000,116.000,0.394444,0.266667,-0.879376,55.157,66.664,156.160,2802.0
VictoriaRoso_9_puntos_intento_3.mp4,1811,15091.667,True,143.000,164.000,0.000,215.000,116.000,0.400000,0.266667,-0.876863,55.357,66.700,156.345,2813.5
VictoriaRoso_9_puntos_intento_3.mp4,1812,15100.000,True,143.000,164.000,0.000,215.000,116.000,0.400000,0.266667,-0.876863,55.420,66.379,157.061,2829.0
VictoriaRoso_9_puntos_intento_3.mp4,1813,15108.333,True,143.000,164.000,0.000,214.000,116.000,0.394444,0.266667,-0.879376,56.342,66.152,155.978,2839.0
VictoriaRoso_9_puntos_intento_3.mp4,1814,15116.667,True,143.000,164.000,0.000,214.000,116.000,0.394444,0.266667,-0.879376,55.845,66.893,156.961,2847.5
VictoriaRoso_9_puntos_intento_3.mp4,1815,15125.000,True,143.000,164.000,0.000,214.000,116.000,0.394444,0.266667,-0.879376,55.447,66.751,156.817,2840.0
VictoriaRoso_9_puntos_intento_3.mp4,1816,15133.333,True,143.000,164.000,0.000,214.000,116.000,0.394444,0.266667,-0.879376,55.253,66.853,155.147,2851.5
VictoriaRoso_9_puntos_intento_3.mp4,1817,15141.667,True,143.000,164.000,0.000,215.000,115.000,0.400000,0.272222,-0.875154,55.168,66.983,158.676,2839.0
VictoriaRoso_9_puntos_intento_3.mp4,1818,15150.000,True,143.000,164.000,0.000,215.000,115.000,0.400000,0.272222,-0.875154,55.408,66.698,155.063,2848.0
VictoriaRoso_9_puntos_intento_3.mp4,1819,15158.333,True,143.000,164.000,0.000,214.000,115.000,0.394444,0.272222,-0.877672,55.389,67.359,157.100,2855.5
VictoriaRoso_9_puntos_intento_3.mp4,1820,15166.667,True,143.000,164.000,0.000,214.000,115.000,0.394444,0.272222,-0.877672,55.593,66.633,156.459,2861.0
VictoriaRoso_9_puntos_intento_3.mp4,1821,15175.000,True,143.000,164.000,0.000,215.000,115.000,0.400000,0.272222,-0.875154,55.252,67.295,156.867,2876.5
VictoriaRoso_9_puntos_intento_3.mp4,1822,15183.333,True,143.000,164.000,0.000,215.000,115.000,0.400000,0.272222,-0.875154,55.901,67.415,156.305,2891.5
VictoriaRoso_9_puntos_intento_3.mp4,1823,15191.667,True,143.000,164.000,0.000,215.000,115.000,0.400000,0.272222,-0.875154,55.749,67.489,158.739,2882.5
VictoriaRoso_9_puntos_intento_3.mp4,1824,15200.000,True,143.000,164.000,0.000,215.000,115.000,0.400000,0.272222,-0.875154,56.246,67.690,159.175,2897.0
VictoriaRoso_9_puntos_intento_3.mp4,1825,15208.333,True,143.000,164.000,0.000,215.000,115.000,0.400000,0.272222,-0.875154,56.319,67.313,155.078,2894.5
VictoriaRoso_9_puntos_intento_3.mp4,1826,15216.667,True,143.000,164.000,0.000,215.000,115.000,0.400000,0.272222,-0.875154,55.409,68.685,156.415,2902.0
VictoriaRoso_9_puntos_intento_3.mp4,1827,15225.000,True,143.000,164.000,0.000,215.000,115.000,0.400000,0.272222,-0.875154,56.065,68.120,159.090,2924.0
VictoriaRoso_9_puntos_intento_3.mp4,1828,15233.333,True,143.000,164.000,0.000,215.000,115.000,0.400000,0.272222,-0.875154,56.665,67.934,158.740,2935.5
VictoriaRoso_9_puntos_intento_3.mp4,1829,15241.667,True,143.000,164.000,0.000,215.000,115.000,0.400000,0.272222,-0.875154,56.288,68.394,156.487,2930.5
VictoriaRoso_9_puntos_intento_3.mp4,1830,15250.000,True,143.000,164.000,0.000,215.000,115.000,0.400000,0.272222,-0.875154,56.328,68.648,156.636,2957.0
VictoriaRoso_9_puntos_intento_3.mp4,1831,15258.333,True,143.000,164.000,0.000,215.000,115.000,0.400000,0.272222,-0.875154,56.650,68.234,160.119,2946.5
VictoriaRoso_9_puntos_intento_3.mp4,1832,15266.667,True,143.000,164.000,0.000,214.000,114.000,0.394444,0.277778,-0.875930,56.777,68.450,157.731,2968.0
VictoriaRoso_9_puntos_intento_3.mp4,1833,15275.000,True,143.000,164.000,0.000,214.000,115.000,0.394444,0.272222,-0.877672,57.087,68.250,158.930,2962.0
VictoriaRoso_9_puntos_intento_3.mp4,1834,15283.333,True,143.000,164.000,0.000,214.000,115.000,0.394444,0.272222,-0.877672,56.805,68.581,158.201,2975.0
VictoriaRoso_9_puntos_intento_3.mp4,1835,15291.667,True,143.000,164.000,0.000,215.000,115.000,0.400000,0.272222,-0.875154,56.515,68.755,156.942,2969.5
VictoriaRoso_9_puntos_intento_3.mp4,1836,15300.000,True,143.000,164.000,0.000,214.000,115.000,0.394444,0.272222,-0.877672,56.795,69.160,159.213,3002.5
VictoriaRoso_9_puntos_intento_3.mp4,1837,15308.333,True,143.000,164.000,0.000,214.000,114.000,0.394444,0.277778,-0.875930,56.220,68.606,157.601,2953.5
VictoriaRoso_9_puntos_intento_3.mp4,1838,15316.667,True,143.000,164.000,0.000,214.000,114.000,0.394444,0.277778,-0.875930,56.670,69.345,157.812,3003.5
VictoriaRoso_9_puntos_intento_3.mp4,1839,15325.000,True,143.000,164.000,0.000,214.000,114.000,0.394444,0.277778,-0.875930,56.711,69.295,157.904,3012.5
VictoriaRoso_9_puntos_intento_3.mp4,1840,15333.333,True,143.000,164.000,0.000,214.000,115.000,0.394444,0.272222,-0.877672,56.815,68.764,158.555,3006.5
VictoriaRoso_9_puntos_intento_3.mp4,1841,15341.667,True,143.000,164.000,0.000,214.000,114.000,0.394444,0.277778,-0.875930,56.915,69.443,157.151,3021.0
VictoriaRoso_9_puntos_intento_3.mp4,1842,15350.000,True,143.000,164.000,0.000,214.000,114.000,0.394444,0.277778,-0.875930,56.836,69.470,157.685,3028.5
VictoriaRoso_9_puntos_intento_3.mp4,1843,15358.333,True,143.000,164.000,0.000,214.000,114.000,0.394444,0.277778,-0.875930,56.508,69.585,158.672,3033.0
VictoriaRoso_9_puntos_intento_3.mp4,1844,15366.667,True,143.000,164.000,0.000,214.000,114.000,0.394444,0.277778,-0.875930,56.960,69.848,158.340,3059.0
VictoriaRoso_9_puntos_intento_3.mp4,1845,15375.000,True,143.000,164.000,0.000,214.000,115.000,0.394444,0.272222,-0.877672,56.773,69.403,158.340,3034.5
VictoriaRoso_9_puntos_intento_3.mp4,1846,15383.333,True,143.000,164.000,0.000,214.000,114.000,0.394444,0.277778,-0.875930,56.516,70.439,158.002,3060.5
VictoriaRoso_9_puntos_intento_3.mp4,1847,15391.667,True,143.000,164.000,0.000,215.000,114.000,0.400000,0.277778,-0.873407,56.596,69.792,157.744,3056.5
VictoriaRoso_9_puntos_intento_3.mp4,1848,15400.000,True,143.000,164.000,0.000,214.000,114.000,0.394444,0.277778,-0.875930,56.749,69.777,157.156,3055.5
VictoriaRoso_9_puntos_intento_3.mp4,1849,15408.333,True,143.000,164.000,0.000,214.000,114.000,0.394444,0.277778,-0.875930,56.923,70.694,161.627,3026.5
VictoriaRoso_9_puntos_intento_3.mp4,1850,15416.667,True,143.000,164.000,0.000,214.000,114.000,0.394444,0.277778,-0.875930,56.688,70.952,160.779,3061.0
VictoriaRoso_9_puntos_intento_3.mp4,1851,15425.000,True,143.000,164.000,0.000,214.000,114.000,0.394444,0.277778,-0.875930,56.851,71.196,159.929,3083.0
VictoriaRoso_9_puntos_intento_3.mp4,1852,15433.333,True,143.000,164.000,0.000,214.000,114.000,0.394444,0.277778,-0.875930,56.646,70.909,159.894,3079.5
VictoriaRoso_9_puntos_intento_3.mp4,1853,15441.667,True,143.000,164.000,0.000,214.000,114.000,0.394444,0.277778,-0.875930,56.779,70.787,158.915,3089.5
VictoriaRoso_9_puntos_intento_3.mp4,1854,15450.000,True,143.000,164.000,0.000,214.000,114.000,0.394444,0.277778,-0.875930,56.966,70.499,158.792,3078.0
VictoriaRoso_9_puntos_intento_3.mp4,1855,15458.333,True,143.000,164.000,0.000,214.000,114.000,0.394444,0.277778,-0.875930,56.972,70.540,159.175,3084.5
VictoriaRoso_9_puntos_intento_3.mp4,1856,15466.667,True,143.000,164.000,0.000,214.000,114.000,0.394444,0.277778,-0.875930,57.059,71.154,159.240,3103.0
VictoriaRoso_9_puntos_intento_3.mp4,1857,15475.000,True,143.000,164.000,0.000,214.000,114.000,0.394444,0.277778,-0.875930,56.969,71.116,161.167,3093.0
VictoriaRoso_9_puntos_intento_3.mp4,1858,15483.333,True,143.000,164.000,0.000,212.000,114.000,0.383333,0.277778,-0.880849,57.427,71.834,158.836,3151.5
VictoriaRoso_9_puntos_intento_3.mp4,1859,15491.667,True,143.000,164.000,0.000,212.000,114.000,0.383333,0.277778,-0.880849,57.513,71.390,157.939,3155.0
VictoriaRoso_9_puntos_intento_3.mp4,1860,15500.000,True,143.000,164.000,0.000,212.000,114.000,0.383333,0.277778,-0.880849,57.487,71.765,157.786,3163.0
VictoriaRoso_9_puntos_intento_3.mp4,1861,15508.333,True,143.000,164.000,0.000,212.000,114.000,0.383333,0.277778,-0.880849,57.453,71.430,159.256,3137.0
VictoriaRoso_9_puntos_intento_3.mp4,1862,15516.667,True,143.000,164.000,0.000,212.000,114.000,0.383333,0.277778,-0.880849,57.432,71.820,157.463,3170.5
VictoriaRoso_9_puntos_intento_3.mp4,1863,15525.000,True,143.000,164.000,0.000,212.000,114.000,0.383333,0.277778,-0.880849,57.652,71.310,158.481,3161.0
VictoriaRoso_9_puntos_intento_3.mp4,1864,15533.333,True,143.000,164.000,0.000,212.000,114.000,0.383333,0.277778,-0.880849,57.564,71.916,158.423,3160.5
VictoriaRoso_9_puntos_intento_3.mp4,1865,15541.667,True,143.000,164.000,0.000,212.000,114.000,0.383333,0.277778,-0.880849,57.961,71.612,160.128,3175.0
VictoriaRoso_9_puntos_intento_3.mp4,1866,15550.000,True,143.000,164.000,0.000,212.000,114.000,0.383333,0.277778,-0.880849,58.034,71.522,157.712,3175.5
VictoriaRoso_9_puntos_intento_3.mp4,1867,15558.333,True,143.000,164.000,0.000,212.000,114.000,0.383333,0.277778,-0.880849,57.345,71.305,157.814,3150.5
VictoriaRoso_9_puntos_intento_3.mp4,1868,15566.667,True,143.000,164.000,0.000,212.000,113.000,0.383333,0.283333,-0.879078,57.503,71.557,157.033,3182.5
VictoriaRoso_9_puntos_intento_3.mp4,1869,15575.000,True,143.000,164.000,0.000,212.000,113.000,0.383333,0.283333,-0.879078,57.541,71.988,156.230,3188.5
VictoriaRoso_9_puntos_intento_3.mp4,1870,15583.333,True,143.000,164.000,0.000,212.000,114.000,0.383333,0.277778,-0.880849,57.524,72.431,158.768,3208.0
VictoriaRoso_9_puntos_intento_3.mp4,1871,15591.667,True,143.000,164.000,0.000,212.000,113.000,0.383333,0.283333,-0.879078,57.429,72.514,156.797,3200.5
VictoriaRoso_9_puntos_intento_3.mp4,1872,15600.000,True,143.000,164.000,0.000,212.000,114.000,0.383333,0.277778,-0.880849,57.525,72.070,157.479,3195.5
VictoriaRoso_9_puntos_intento_3.mp4,1873,15608.333,True,143.000,164.000,0.000,212.000,113.000,0.383333,0.283333,-0.879078,57.432,72.716,158.492,3197.5
VictoriaRoso_9_puntos_intento_3.mp4,1874,15616.667,True,143.000,164.000,0.000,212.000,113.000,0.383333,0.283333,-0.879078,57.917,73.195,159.494,3244.5
VictoriaRoso_9_puntos_intento_3.mp4,1875,15625.000,True,143.000,164.000,0.000,212.000,113.000,0.383333,0.283333,-0.879078,58.377,72.700,158.073,3242.0
VictoriaRoso_9_puntos_intento_3.mp4,1876,15633.333,True,143.000,164.000,0.000,212.000,113.000,0.383333,0.283333,-0.879078,58.181,72.421,158.894,3221.5
VictoriaRoso_9_puntos_intento_3.mp4,1877,15641.667,True,143.000,164.000,0.000,212.000,114.000,0.383333,0.277778,-0.880849,58.024,71.909,156.696,3210.5
VictoriaRoso_9_puntos_intento_3.mp4,1878,15650.000,True,143.000,164.000,0.000,212.000,113.000,0.383333,0.283333,-0.879078,57.701,72.653,157.853,3221.5
VictoriaRoso_9_puntos_intento_3.mp4,1879,15658.333,True,143.000,164.000,0.000,212.000,113.000,0.383333,0.283333,-0.879078,57.630,72.535,157.219,3215.5
VictoriaRoso_9_puntos_intento_3.mp4,1880,15666.667,True,143.000,164.000,0.000,212.000,113.000,0.383333,0.283333,-0.879078,57.437,73.143,158.282,3231.0
VictoriaRoso_9_puntos_intento_3.mp4,1881,15675.000,True,143.000,164.000,0.000,212.000,113.000,0.383333,0.283333,-0.879078,57.556,72.715,159.138,3214.5
VictoriaRoso_9_puntos_intento_3.mp4,1882,15683.333,True,143.000,164.000,0.000,212.000,113.000,0.383333,0.283333,-0.879078,57.833,73.391,158.110,3248.0
VictoriaRoso_9_puntos_intento_3.mp4,1883,15691.667,True,143.000,164.000,0.000,212.000,113.000,0.383333,0.283333,-0.879078,57.710,73.071,157.729,3241.5
VictoriaRoso_9_puntos_intento_3.mp4,1884,15700.000,True,143.000,164.000,0.000,212.000,113.000,0.383333,0.283333,-0.879078,58.062,73.100,157.198,3248.5
VictoriaRoso_9_puntos_intento_3.mp4,1885,15708.333,True,143.000,164.000,0.000,212.000,114.000,0.383333,0.277778,-0.880849,57.815,72.555,157.705,3233.5
VictoriaRoso_9_puntos_intento_3.mp4,1886,15716.667,True,143.000,164.000,0.000,212.000,113.000,0.383333,0.283333,-0.879078,57.297,73.007,156.349,3230.0
VictoriaRoso_9_puntos_intento_3.mp4,1887,15725.000,True,143.000,164.000,0.000,212.000,113.000,0.383333,0.283333,-0.879078,57.544,72.991,156.361,3248.5
VictoriaRoso_9_puntos_intento_3.mp4,1888,15733.333,True,143.000,164.000,0.000,212.000,113.000,0.383333,0.283333,-0.879078,57.536,72.657,157.067,3239.5
VictoriaRoso_9_puntos_intento_3.mp4,1889,15741.667,True,143.000,164.000,0.000,212.000,113.000,0.383333,0.283333,-0.879078,57.840,72.849,158.408,3253.0
VictoriaRoso_9_puntos_intento_3.mp4,1890,15750.000,True,143.000,164.000,0.000,212.000,113.000,0.383333,0.283333,-0.879078,57.661,72.952,157.310,3255.0
VictoriaRoso_9_puntos_intento_3.mp4,1891,15758.333,True,143.000,164.000,0.000,212.000,114.000,0.383333,0.277778,-0.880849,57.942,72.542,157.193,3238.0
VictoriaRoso_9_puntos_intento_3.mp4,1892,15766.667,True,143.000,164.000,0.000,212.000,113.000,0.383333,0.283333,-0.879078,57.966,72.890,158.089,3258.5
VictoriaRoso_9_puntos_intento_3.mp4,1893,15775.000,True,143.000,164.000,0.000,212.000,113.000,0.383333,0.283333,-0.879078,57.966,72.624,155.537,3257.0
VictoriaRoso_9_puntos_intento_3.mp4,1894,15783.333,True,143.000,164.000,0.000,212.000,113.000,0.383333,0.283333,-0.879078,57.970,73.372,155.702,3265.5
VictoriaRoso_9_puntos_intento_3.mp4,1895,15791.667,True,143.000,164.000,0.000,212.000,114.000,0.383333,0.277778,-0.880849,58.073,73.017,157.605,3281.5
VictoriaRoso_9_puntos_intento_3.mp4,1896,15800.000,True,143.000,164.000,0.000,212.000,113.000,0.383333,0.283333,-0.879078,58.205,73.083,157.923,3280.5
VictoriaRoso_9_puntos_intento_3.mp4,1897,15808.333,True,143.000,164.000,0.000,212.000,113.000,0.383333,0.283333,-0.879078,58.149,72.814,156.689,3253.0
VictoriaRoso_9_puntos_intento_3.mp4,1898,15816.667,True,143.000,164.000,0.000,212.000,113.000,0.383333,0.283333,-0.879078,57.723,73.234,157.283,3263.0
VictoriaRoso_9_puntos_intento_3.mp4,1899,15825.000,True,143.000,164.000,0.000,212.000,113.000,0.383333,0.283333,-0.879078,57.949,73.547,158.266,3280.5
VictoriaRoso_9_puntos_intento_3.mp4,1900,15833.333,True,143.000,164.000,0.000,212.000,113.000,0.383333,0.283333,-0.879078,58.080,73.576,157.320,3286.0
VictoriaRoso_9_puntos_intento_3.mp4,1901,15841.667,True,143.000,164.000,0.000,212.000,113.000,0.383333,0.283333,-0.879078,57.905,73.214,157.979,3264.5
VictoriaRoso_9_puntos_intento_3.mp4,1902,15850.000,True,143.000,164.000,0.000,212.000,113.000,0.383333,0.283333,-0.879078,57.517,73.602,157.996,3290.5
VictoriaRoso_9_puntos_intento_3.mp4,1903,15858.333,True,143.000,164.000,0.000,212.000,113.000,0.383333,0.283333,-0.879078,57.589,72.859,157.031,3251.5
VictoriaRoso_9_puntos_intento_3.mp4,1904,15866.667,True,143.000,164.000,0.000,212.000,113.000,0.383333,0.283333,-0.879078,58.462,73.270,157.094,3288.0
VictoriaRoso_9_puntos_intento_3.mp4,1905,15875.000,True,143.000,164.000,0.000,212.000,113.000,0.383333,0.283333,-0.879078,57.842,73.711,157.441,3273.0
VictoriaRoso_9_puntos_intento_3.mp4,1906,15883.333,True,143.000,164.000,0.000,212.000,113.000,0.383333,0.283333,-0.879078,58.031,73.876,157.259,3279.5
VictoriaRoso_9_puntos_intento_3.mp4,1907,15891.667,True,143.000,164.000,0.000,212.000,113.000,0.383333,0.283333,-0.879078,58.480,72.934,156.235,3263.0
VictoriaRoso_9_puntos_intento_3.mp4,1908,15900.000,True,143.000,164.000,0.000,212.000,113.000,0.383333,0.283333,-0.879078,58.184,73.444,158.035,3266.0
VictoriaRoso_9_puntos_intento_3.mp4,1909,15908.333,True,143.000,164.000,0.000,212.000,113.000,0.383333,0.283333,-0.879078,58.043,73.494,157.202,3262.0
VictoriaRoso_9_puntos_intento_3.mp4,1910,15916.667,True,143.000,164.000,0.000,212.000,113.000,0.383333,0.283333,-0.879078,57.845,73.131,157.197,3254.5
VictoriaRoso_9_puntos_intento_3.mp4,1911,15925.000,True,143.000,164.000,0.000,212.000,113.000,0.383333,0.283333,-0.879078,58.502,73.083,158.795,3262.5
VictoriaRoso_9_puntos_intento_3.mp4,1912,15933.333,True,143.000,164.000,0.000,212.000,113.000,0.383333,0.283333,-0.879078,58.173,73.063,158.162,3261.0
VictoriaRoso_9_puntos_intento_3.mp4,1913,15941.667,True,143.000,164.000,0.000,212.000,113.000,0.383333,0.283333,-0.879078,58.147,72.933,158.620,3258.0
VictoriaRoso_9_puntos_intento_3.mp4,1914,15950.000,True,143.000,164.000,0.000,212.000,113.000,0.383333,0.283333,-0.879078,57.913,73.290,158.253,3276.0
VictoriaRoso_9_puntos_intento_3.mp4,1915,15958.333,True,143.000,164.000,0.000,212.000,113.000,0.383333,0.283333,-0.879078,57.414,73.485,158.360,3245.5
VictoriaRoso_9_puntos_intento_3.mp4,1916,15966.667,True,143.000,164.000,0.000,212.000,113.000,0.383333,0.283333,-0.879078,57.911,73.005,157.813,3261.0
VictoriaRoso_9_puntos_intento_3.mp4,1917,15975.000,True,143.000,164.000,0.000,212.000,113.000,0.383333,0.283333,-0.879078,57.846,72.595,158.552,3229.0
VictoriaRoso_9_puntos_intento_3.mp4,1918,15983.333,True,143.000,164.000,0.000,211.000,113.000,0.377778,0.283333,-0.881480,58.002,73.096,157.923,3256.5
VictoriaRoso_9_puntos_intento_3.mp4,1919,15991.667,True,143.000,164.000,0.000,209.000,114.000,0.366667,0.277778,-0.887916,58.517,72.415,157.653,3258.5
VictoriaRoso_9_puntos_intento_3.mp4,1920,16000.000,True,143.000,164.000,0.000,206.000,114.000,0.350000,0.277778,-0.894617,59.162,72.597,158.659,3291.0
VictoriaRoso_9_puntos_intento_3.mp4,1921,16008.333,True,143.000,164.000,0.000,203.000,114.000,0.333333,0.277778,-0.900960,59.775,72.208,156.623,3289.5
VictoriaRoso_9_puntos_intento_3.mp4,1922,16016.667,True,143.000,164.000,0.000,201.000,114.000,0.322222,0.277778,-0.904993,59.868,72.104,154.825,3294.5
VictoriaRoso_9_puntos_intento_3.mp4,1923,16025.000,True,143.000,164.000,0.000,201.000,114.000,0.322222,0.277778,-0.904993,59.784,72.419,154.569,3342.5
VictoriaRoso_9_puntos_intento_3.mp4,1924,16033.333,True,143.000,164.000,0.000,201.000,114.000,0.322222,0.277778,-0.904993,59.179,72.111,154.325,3313.5
VictoriaRoso_9_puntos_intento_3.mp4,1925,16041.667,True,143.000,164.000,0.000,201.000,114.000,0.322222,0.277778,-0.904993,59.631,72.021,153.501,3297.5
VictoriaRoso_9_puntos_intento_3.mp4,1926,16050.000,True,143.000,164.000,0.000,202.000,114.000,0.327778,0.277778,-0.902996,58.702,72.519,153.899,3298.5
VictoriaRoso_9_puntos_intento_3.mp4,1927,16058.333,True,143.000,164.000,0.000,201.000,114.000,0.322222,0.277778,-0.904993,59.329,72.219,153.649,3285.5
VictoriaRoso_9_puntos_intento_3.mp4,1928,16066.667,True,143.000,164.000,0.000,201.000,114.000,0.322222,0.277778,-0.904993,59.756,71.844,154.956,3308.0
VictoriaRoso_9_puntos_intento_3.mp4,1929,16075.000,True,143.000,164.000,0.000,201.000,114.000,0.322222,0.277778,-0.904993,59.221,71.407,153.080,3272.5
VictoriaRoso_9_puntos_intento_3.mp4,1930,16083.333,True,143.000,164.000,0.000,201.000,114.000,0.322222,0.277778,-0.904993,59.149,71.808,153.377,3291.5
VictoriaRoso_9_puntos_intento_3.mp4,1931,16091.667,True,143.000,164.000,0.000,201.000,114.000,0.322222,0.277778,-0.904993,59.236,71.914,153.832,3278.0
VictoriaRoso_9_puntos_intento_3.mp4,1932,16100.000,True,143.000,164.000,0.000,201.000,114.000,0.322222,0.277778,-0.904993,59.351,71.814,153.527,3293.5
VictoriaRoso_9_puntos_intento_3.mp4,1933,16108.333,True,143.000,164.000,0.000,201.000,114.000,0.322222,0.277778,-0.904993,59.250,71.047,154.402,3233.0
VictoriaRoso_9_puntos_intento_3.mp4,1934,16116.667,True,143.000,164.000,0.000,201.000,114.000,0.322222,0.277778,-0.904993,58.986,71.940,152.699,3263.5
VictoriaRoso_9_puntos_intento_3.mp4,1935,16125.000,True,143.000,164.000,0.000,201.000,114.000,0.322222,0.277778,-0.904993,59.187,71.749,152.769,3283.0
VictoriaRoso_9_puntos_intento_3.mp4,1936,16133.333,True,143.000,164.000,0.000,201.000,114.000,0.322222,0.277778,-0.904993,59.584,71.388,151.818,3283.0
VictoriaRoso_9_puntos_intento_3.mp4,1937,16141.667,True,143.000,164.000,0.000,201.000,114.000,0.322222,0.277778,-0.904993,59.268,71.590,150.689,3277.0
VictoriaRoso_9_puntos_intento_3.mp4,1938,16150.000,True,143.000,164.000,0.000,201.000,114.000,0.322222,0.277778,-0.904993,59.280,71.611,151.162,3279.5
VictoriaRoso_9_puntos_intento_3.mp4,1939,16158.333,True,143.000,164.000,0.000,201.000,114.000,0.322222,0.277778,-0.904993,59.213,71.941,153.813,3292.0
VictoriaRoso_9_puntos_intento_3.mp4,1940,16166.667,True,143.000,164.000,0.000,201.000,114.000,0.322222,0.277778,-0.904993,59.584,71.816,154.699,3292.0
VictoriaRoso_9_puntos_intento_3.mp4,1941,16175.000,True,143.000,164.000,0.000,201.000,114.000,0.322222,0.277778,-0.904993,59.699,71.539,157.108,3282.0
VictoriaRoso_9_puntos_intento_3.mp4,1942,16183.333,True,143.000,164.000,0.000,201.000,114.000,0.322222,0.277778,-0.904993,58.128,72.686,151.768,3273.0
VictoriaRoso_9_puntos_intento_3.mp4,1943,16191.667,True,143.000,164.000,0.000,201.000,114.000,0.322222,0.277778,-0.904993,59.396,71.414,154.394,3281.5
VictoriaRoso_9_puntos_intento_3.mp4,1944,16200.000,True,143.000,164.000,0.000,201.000,114.000,0.322222,0.277778,-0.904993,58.617,71.821,153.199,3258.5
VictoriaRoso_9_puntos_intento_3.mp4,1945,16208.333,True,143.000,164.000,0.000,201.000,114.000,0.322222,0.277778,-0.904993,59.183,71.958,154.749,3265.5
VictoriaRoso_9_puntos_intento_3.mp4,1946,16216.667,True,143.000,164.000,0.000,201.000,114.000,0.322222,0.277778,-0.904993,59.577,71.996,156.230,3289.5
VictoriaRoso_9_puntos_intento_3.mp4,1947,16225.000,True,143.000,164.000,0.000,201.000,114.000,0.322222,0.277778,-0.904993,59.429,71.768,154.488,3280.5
VictoriaRoso_9_puntos_intento_3.mp4,1948,16233.333,True,143.000,164.000,0.000,201.000,114.000,0.322222,0.277778,-0.904993,58.927,72.044,154.069,3284.0
VictoriaRoso_9_puntos_intento_3.mp4,1949,16241.667,True,143.000,164.000,0.000,201.000,114.000,0.322222,0.277778,-0.904993,59.216,72.122,154.309,3276.5
VictoriaRoso_9_puntos_intento_3.mp4,1950,16250.000,True,143.000,164.000,0.000,201.000,114.000,0.322222,0.277778,-0.904993,59.878,71.701,151.994,3292.0
VictoriaRoso_9_puntos_intento_3.mp4,1951,16258.333,True,143.000,164.000,0.000,201.000,114.000,0.322222,0.277778,-0.904993,59.878,71.780,152.876,3302.0
VictoriaRoso_9_puntos_intento_3.mp4,1952,16266.667,True,143.000,164.000,0.000,201.000,114.000,0.322222,0.277778,-0.904993,59.975,71.841,154.787,3300.5
VictoriaRoso_9_puntos_intento_3.mp4,1953,16275.000,True,143.000,164.000,0.000,201.000,114.000,0.322222,0.277778,-0.904993,59.491,71.393,153.876,3260.5
VictoriaRoso_9_puntos_intento_3.mp4,1954,16283.333,True,143.000,164.000,0.000,201.000,114.000,0.322222,0.277778,-0.904993,59.047,71.881,153.668,3248.5
VictoriaRoso_9_puntos_intento_3.mp4,1955,16291.667,True,143.000,164.000,0.000,201.000,114.000,0.322222,0.277778,-0.904993,59.361,71.875,152.916,3295.0
VictoriaRoso_9_puntos_intento_3.mp4,1956,16300.000,True,143.000,164.000,0.000,201.000,114.000,0.322222,0.277778,-0.904993,59.626,71.609,155.134,3271.0
VictoriaRoso_9_puntos_intento_3.mp4,1957,16308.333,True,143.000,164.000,0.000,201.000,114.000,0.322222,0.277778,-0.904993,59.413,71.850,154.562,3270.5
VictoriaRoso_9_puntos_intento_3.mp4,1958,16316.667,True,143.000,164.000,0.000,201.000,114.000,0.322222,0.277778,-0.904993,59.214,71.453,152.215,3259.0
VictoriaRoso_9_puntos_intento_3.mp4,1959,16325.000,True,143.000,164.000,0.000,200.000,114.000,0.316667,0.277778,-0.906952,58.918,71.701,154.359,3270.0
VictoriaRoso_9_puntos_intento_3.mp4,1960,16333.333,True,143.000,164.000,0.000,196.000,115.000,0.294444,0.272222,-0.916077,60.132,71.331,151.861,3256.0
VictoriaRoso_9_puntos_intento_3.mp4,1961,16341.667,True,143.000,164.000,0.000,190.000,116.000,0.261111,0.266667,-0.927745,60.781,70.588,144.635,3215.0
VictoriaRoso_9_puntos_intento_3.mp4,1962,16350.000,True,143.000,164.000,0.000,184.000,117.000,0.227778,0.261111,-0.938050,62.531,69.557,139.364,3155.5
VictoriaRoso_9_puntos_intento_3.mp4,1963,16358.333,True,143.000,164.000,0.000,179.000,118.000,0.200000,0.255556,-0.945881,60.981,70.469,135.845,3084.0
VictoriaRoso_9_puntos_intento_3.mp4,1964,16366.667,True,143.000,164.000,0.000,175.000,118.000,0.177778,0.255556,-0.950309,58.124,70.179,121.971,2930.5
VictoriaRoso_9_puntos_intento_3.mp4,1965,16375.000,True,143.000,164.000,0.000,174.000,120.000,0.172222,0.244444,-0.954247,59.053,71.101,126.472,2975.5
VictoriaRoso_9_puntos_intento_3.mp4,1966,16383.333,True,143.000,164.000,0.000,174.000,120.000,0.172222,0.244444,-0.954247,59.468,70.685,131.219,3036.5
VictoriaRoso_9_puntos_intento_3.mp4,1967,16391.667,True,143.000,164.000,0.000,174.000,120.000,0.172222,0.244444,-0.954247,59.677,70.414,123.359,2993.5
VictoriaRoso_9_puntos_intento_3.mp4,1968,16400.000,True,143.000,164.000,0.000,173.000,119.000,0.166667,0.250000,-0.953794,59.054,71.236,122.053,2987.0
VictoriaRoso_9_puntos_intento_3.mp4,1969,16408.333,True,143.000,164.000,0.000,173.000,120.000,0.166667,0.244444,-0.955233,61.060,70.038,130.865,2989.0
VictoriaRoso_9_puntos_intento_3.mp4,1970,16416.667,True,143.000,164.000,0.000,173.000,120.000,0.166667,0.244444,-0.955233,60.534,70.334,131.361,2969.0
VictoriaRoso_9_puntos_intento_3.mp4,1971,16425.000,True,143.000,164.000,0.000,174.000,120.000,0.172222,0.244444,-0.954247,59.388,70.905,136.182,2943.5
VictoriaRoso_9_puntos_intento_3.mp4,1972,16433.333,True,143.000,164.000,0.000,173.000,119.000,0.166667,0.250000,-0.953794,59.210,71.260,133.430,2988.5
VictoriaRoso_9_puntos_intento_3.mp4,1973,16441.667,True,143.000,164.000,0.000,174.000,119.000,0.172222,0.250000,-0.952806,58.404,71.225,132.589,2984.0
VictoriaRoso_9_puntos_intento_3.mp4,1974,16450.000,True,143.000,164.000,0.000,173.000,119.000,0.166667,0.250000,-0.953794,58.307,71.385,128.247,2962.5
VictoriaRoso_9_puntos_intento_3.mp4,1975,16458.333,True,143.000,164.000,0.000,173.000,120.000,0.166667,0.244444,-0.955233,59.014,71.098,133.670,2965.0
VictoriaRoso_9_puntos_intento_3.mp4,1976,16466.667,True,143.000,164.000,0.000,173.000,120.000,0.166667,0.244444,-0.955233,59.961,70.459,135.840,2979.0
VictoriaRoso_9_puntos_intento_3.mp4,1977,16475.000,True,143.000,164.000,0.000,173.000,119.000,0.166667,0.250000,-0.953794,60.960,70.733,127.745,2999.0
VictoriaRoso_9_puntos_intento_3.mp4,1978,16483.333,True,143.000,164.000,0.000,173.000,119.000,0.166667,0.250000,-0.953794,59.466,69.727,128.354,2982.0
VictoriaRoso_9_puntos_intento_3.mp4,1979,16491.667,True,143.000,164.000,0.000,173.000,119.000,0.166667,0.250000,-0.953794,58.326,71.383,128.389,2984.0
VictoriaRoso_9_puntos_intento_3.mp4,1980,16500.000,True,143.000,164.000,0.000,173.000,119.000,0.166667,0.250000,-0.953794,58.260,71.685,128.331,3000.0
VictoriaRoso_9_puntos_intento_3.mp4,1981,16508.333,True,143.000,164.000,0.000,174.000,119.000,0.172222,0.250000,-0.952806,57.359,72.123,129.951,2931.5
VictoriaRoso_9_puntos_intento_3.mp4,1982,16516.667,True,143.000,164.000,0.000,174.000,119.000,0.172222,0.250000,-0.952806,59.073,71.557,135.043,2971.5
VictoriaRoso_9_puntos_intento_3.mp4,1983,16525.000,True,143.000,164.000,0.000,173.000,119.000,0.166667,0.250000,-0.953794,59.713,70.691,134.735,2977.5
VictoriaRoso_9_puntos_intento_3.mp4,1984,16533.333,True,143.000,164.000,0.000,174.000,119.000,0.172222,0.250000,-0.952806,58.436,71.378,133.146,2981.0
VictoriaRoso_9_puntos_intento_3.mp4,1985,16541.667,True,143.000,164.000,0.000,173.000,119.000,0.166667,0.250000,-0.953794,58.560,71.333,128.958,2992.5
VictoriaRoso_9_puntos_intento_3.mp4,1986,16550.000,True,143.000,164.000,0.000,173.000,119.000,0.166667,0.250000,-0.953794,58.264,72.013,131.862,2994.0
VictoriaRoso_9_puntos_intento_3.mp4,1987,16558.333,True,143.000,164.000,0.000,174.000,118.000,0.172222,0.255556,-0.951331,56.625,72.790,133.130,3012.5
VictoriaRoso_9_puntos_intento_3.mp4,1988,16566.667,True,143.000,164.000,0.000,173.000,119.000,0.166667,0.250000,-0.953794,59.202,71.444,133.086,3015.5
VictoriaRoso_9_puntos_intento_3.mp4,1989,16575.000,True,143.000,164.000,0.000,173.000,119.000,0.166667,0.250000,-0.953794,58.902,71.585,131.659,2956.5
VictoriaRoso_9_puntos_intento_3.mp4,1990,16583.333,True,143.000,164.000,0.000,173.000,119.000,0.166667,0.250000,-0.953794,60.528,70.913,131.474,3013.0
VictoriaRoso_9_puntos_intento_3.mp4,1991,16591.667,True,143.000,164.000,0.000,173.000,119.000,0.166667,0.250000,-0.953794,58.642,71.455,129.553,3021.5
VictoriaRoso_9_puntos_intento_3.mp4,1992,16600.000,True,143.000,164.000,0.000,173.000,119.000,0.166667,0.250000,-0.953794,58.077,72.337,128.569,3002.5
VictoriaRoso_9_puntos_intento_3.mp4,1993,16608.333,True,143.000,164.000,0.000,173.000,119.000,0.166667,0.250000,-0.953794,59.432,70.432,131.569,2962.5
VictoriaRoso_9_puntos_intento_3.mp4,1994,16616.667,True,143.000,164.000,0.000,173.000,119.000,0.166667,0.250000,-0.953794,58.897,71.018,130.478,2997.0
VictoriaRoso_9_puntos_intento_3.mp4,1995,16625.000,True,143.000,164.000,0.000,174.000,120.000,0.172222,0.244444,-0.954247,59.620,71.587,131.263,3008.0
VictoriaRoso_9_puntos_intento_3.mp4,1996,16633.333,True,143.000,164.000,0.000,174.000,119.000,0.172222,0.250000,-0.952806,58.882,72.052,129.319,2992.5
VictoriaRoso_9_puntos_intento_3.mp4,1997,16641.667,True,143.000,164.000,0.000,174.000,119.000,0.172222,0.250000,-0.952806,58.823,71.482,132.121,2967.0
VictoriaRoso_9_puntos_intento_3.mp4,1998,16650.000,True,143.000,164.000,0.000,174.000,119.000,0.172222,0.250000,-0.952806,58.800,71.718,131.059,3003.0
VictoriaRoso_9_puntos_intento_3.mp4,1999,16658.333,True,143.000,164.000,0.000,173.000,119.000,0.166667,0.250000,-0.953794,58.156,71.325,129.654,2998.0
VictoriaRoso_9_puntos_intento_3.mp4,2000,16666.667,True,143.000,164.000,0.000,173.000,119.000,0.166667,0.250000,-0.953794,58.319,71.414,128.979,2980.5
VictoriaRoso_9_puntos_intento_3.mp4,2001,16675.000,True,143.000,164.000,0.000,174.000,119.000,0.172222,0.250000,-0.952806,57.454,72.214,129.373,2970.5
VictoriaRoso_9_puntos_intento_3.mp4,2002,16683.333,True,143.000,164.000,0.000,174.000,119.000,0.172222,0.250000,-0.952806,57.546,72.078,128.172,2975.5
VictoriaRoso_9_puntos_intento_3.mp4,2003,16691.667,True,143.000,164.000,0.000,174.000,119.000,0.172222,0.250000,-0.952806,56.774,72.873,127.146,2994.5
VictoriaRoso_9_puntos_intento_3.mp4,2004,16700.000,True,143.000,164.000,0.000,174.000,119.000,0.172222,0.250000,-0.952806,58.003,70.563,128.814,2957.5
VictoriaRoso_9_puntos_intento_3.mp4,2005,16708.333,True,143.000,164.000,0.000,173.000,119.000,0.166667,0.250000,-0.953794,59.143,71.408,133.200,2969.0
VictoriaRoso_9_puntos_intento_3.mp4,2006,16716.667,True,143.000,164.000,0.000,173.000,119.000,0.166667,0.250000,-0.953794,59.723,70.687,129.868,2953.5
VictoriaRoso_9_puntos_intento_3.mp4,2007,16725.000,True,143.000,164.000,0.000,174.000,119.000,0.172222,0.250000,-0.952806,57.824,71.896,131.193,2919.0
VictoriaRoso_9_puntos_intento_3.mp4,2008,16733.333,True,143.000,164.000,0.000,174.000,119.000,0.172222,0.250000,-0.952806,58.300,72.560,133.056,2972.0
VictoriaRoso_9_puntos_intento_3.mp4,2009,16741.667,True,143.000,164.000,0.000,173.000,119.000,0.166667,0.250000,-0.953794,58.151,71.153,126.854,2933.0
VictoriaRoso_9_puntos_intento_3.mp4,2010,16750.000,True,143.000,164.000,0.000,173.000,119.000,0.166667,0.250000,-0.953794,57.527,72.139,129.027,2959.5
VictoriaRoso_9_puntos_intento_3.mp4,2011,16758.333,True,143.000,164.000,0.000,173.000,119.000,0.166667,0.250000,-0.953794,58.228,71.197,130.295,2962.5
VictoriaRoso_9_puntos_intento_3.mp4,2012,16766.667,True,143.000,164.000,0.000,173.000,120.000,0.166667,0.244444,-0.955233,59.099,71.233,132.507,2954.5
VictoriaRoso_9_puntos_intento_3.mp4,2013,16775.000,True,143.000,164.000,0.000,169.000,120.000,0.144444,0.244444,-0.958844,58.146,70.657,128.232,2858.5
VictoriaRoso_9_puntos_intento_3.mp4,2014,16783.333,True,143.000,164.000,0.000,166.000,121.000,0.127778,0.238889,-0.962603,59.063,70.876,125.215,2795.5
VictoriaRoso_9_puntos_intento_3.mp4,2015,16791.667,True,143.000,164.000,0.000,165.000,121.000,0.122222,0.238889,-0.963324,58.723,73.115,122.089,3033.0
VictoriaRoso_9_puntos_intento_3.mp4,2016,16800.000,True,143.000,164.000,0.000,166.000,121.000,0.127778,0.238889,-0.962603,58.178,71.939,131.408,3018.5
VictoriaRoso_9_puntos_intento_3.mp4,2017,16808.333,True,143.000,164.000,0.000,165.000,121.000,0.122222,0.238889,-0.963324,57.160,73.414,126.324,3007.5
VictoriaRoso_9_puntos_intento_3.mp4,2018,16816.667,True,143.000,164.000,0.000,165.000,121.000,0.122222,0.238889,-0.963324,58.808,73.688,124.359,3116.5
VictoriaRoso_9_puntos_intento_3.mp4,2019,16825.000,True,143.000,164.000,0.000,164.000,121.000,0.116667,0.238889,-0.964013,60.138,73.052,127.473,3151.5
VictoriaRoso_9_puntos_intento_3.mp4,2020,16833.333,True,143.000,164.000,0.000,164.000,121.000,0.116667,0.238889,-0.964013,58.780,74.889,126.141,3128.5
VictoriaRoso_9_puntos_intento_3.mp4,2021,16841.667,True,143.000,164.000,0.000,164.000,121.000,0.116667,0.238889,-0.964013,59.327,73.707,129.259,3096.0
VictoriaRoso_9_puntos_intento_3.mp4,2022,16850.000,True,143.000,164.000,0.000,164.000,121.000,0.116667,0.238889,-0.964013,58.979,73.818,125.258,3147.0
VictoriaRoso_9_puntos_intento_3.mp4,2023,16858.333,True,143.000,164.000,0.000,164.000,121.000,0.116667,0.238889,-0.964013,59.695,73.831,126.491,3128.0
VictoriaRoso_9_puntos_intento_3.mp4,2024,16866.667,True,143.000,164.000,0.000,165.000,121.000,0.122222,0.238889,-0.963324,58.512,74.425,127.868,3098.0
VictoriaRoso_9_puntos_intento_3.mp4,2025,16875.000,True,143.000,164.000,0.000,164.000,121.000,0.116667,0.238889,-0.964013,59.206,73.786,125.777,3098.5
VictoriaRoso_9_puntos_intento_3.mp4,2026,16883.333,True,143.000,164.000,0.000,165.000,120.000,0.122222,0.244444,-0.961930,57.767,75.657,127.005,3109.0
VictoriaRoso_9_puntos_intento_3.mp4,2027,16891.667,True,143.000,164.000,0.000,164.000,121.000,0.116667,0.238889,-0.964013,61.264,74.172,126.724,3253.5
VictoriaRoso_9_puntos_intento_3.mp4,2028,16900.000,True,143.000,164.000,0.000,164.000,120.000,0.116667,0.244444,-0.962619,60.260,74.329,123.821,3226.5
VictoriaRoso_9_puntos_intento_3.mp4,2029,16908.333,True,143.000,164.000,0.000,164.000,121.000,0.116667,0.238889,-0.964013,59.846,73.956,128.874,3219.0
VictoriaRoso_9_puntos_intento_3.mp4,2030,16916.667,True,143.000,164.000,0.000,164.000,120.000,0.116667,0.244444,-0.962619,59.828,75.637,124.097,3312.0
VictoriaRoso_9_puntos_intento_3.mp4,2031,16925.000,True,143.000,164.000,0.000,164.000,122.000,0.116667,0.233333,-0.965373,62.426,74.559,128.557,3324.5
VictoriaRoso_9_puntos_intento_3.mp4,2032,16933.333,True,143.000,164.000,0.000,164.000,121.000,0.116667,0.238889,-0.964013,61.453,75.941,124.503,3349.5
VictoriaRoso_9_puntos_intento_3.mp4,2033,16941.667,True,143.000,164.000,0.000,164.000,121.000,0.116667,0.238889,-0.964013,61.213,75.327,128.213,3345.0
VictoriaRoso_9_puntos_intento_3.mp4,2034,16950.000,True,143.000,164.000,0.000,164.000,121.000,0.116667,0.238889,-0.964013,61.071,75.311,125.764,3338.5
VictoriaRoso_9_puntos_intento_3.mp4,2035,16958.333,True,143.000,164.000,0.000,163.000,121.000,0.111111,0.238889,-0.964669,61.651,75.459,124.204,3344.5
VictoriaRoso_9_puntos_intento_3.mp4,2036,16966.667,True,143.000,164.000,0.000,163.000,121.000,0.111111,0.238889,-0.964669,62.251,74.483,120.280,3333.0
VictoriaRoso_9_puntos_intento_3.mp4,2037,16975.000,True,143.000,164.000,0.000,163.000,121.000,0.111111,0.238889,-0.964669,61.501,74.546,123.037,3300.0
VictoriaRoso_9_puntos_intento_3.mp4,2038,16983.333,True,143.000,164.000,0.000,163.000,121.000,0.111111,0.238889,-0.964669,62.368,75.234,123.810,3351.5
VictoriaRoso_9_puntos_intento_3.mp4,2039,16991.667,True,143.000,164.000,0.000,163.000,121.000,0.111111,0.238889,-0.964669,62.160,74.653,128.359,3324.0
VictoriaRoso_9_puntos_intento_3.mp4,2040,17000.000,True,143.000,164.000,0.000,163.000,121.000,0.111111,0.238889,-0.964669,61.769,74.684,127.712,3320.5
VictoriaRoso_9_puntos_intento_3.mp4,2041,17008.333,True,143.000,164.000,0.000,163.000,121.000,0.111111,0.238889,-0.964669,61.725,74.551,123.018,3320.0
VictoriaRoso_9_puntos_intento_3.mp4,2042,17016.667,True,143.000,164.000,0.000,163.000,121.000,0.111111,0.238889,-0.964669,60.268,75.093,122.046,3274.0
VictoriaRoso_9_puntos_intento_3.mp4,2043,17025.000,True,143.000,164.000,0.000,163.000,120.000,0.111111,0.244444,-0.963276,61.006,75.277,121.938,3325.5
VictoriaRoso_9_puntos_intento_3.mp4,2044,17033.333,True,143.000,164.000,0.000,163.000,121.000,0.111111,0.238889,-0.964669,61.080,75.452,123.038,3303.0
VictoriaRoso_9_puntos_intento_3.mp4,2045,17041.667,True,143.000,164.000,0.000,163.000,121.000,0.111111,0.238889,-0.964669,62.150,74.266,126.547,3299.5
VictoriaRoso_9_puntos_intento_3.mp4,2046,17050.000,True,143.000,164.000,0.000,164.000,120.000,0.116667,0.244444,-0.962619,60.473,75.256,126.826,3266.0
VictoriaRoso_9_puntos_intento_3.mp4,2047,17058.333,True,143.000,164.000,0.000,163.000,121.000,0.111111,0.238889,-0.964669,61.250,74.455,127.484,3286.0
VictoriaRoso_9_puntos_intento_3.mp4,2048,17066.667,True,143.000,164.000,0.000,163.000,121.000,0.111111,0.238889,-0.964669,62.632,74.401,129.458,3318.0
VictoriaRoso_9_puntos_intento_3.mp4,2049,17075.000,True,143.000,164.000,0.000,163.000,121.000,0.111111,0.238889,-0.964669,61.146,75.151,126.958,3290.0
VictoriaRoso_9_puntos_intento_3.mp4,2050,17083.333,True,143.000,164.000,0.000,163.000,121.000,0.111111,0.238889,-0.964669,61.501,75.326,125.887,3272.0
VictoriaRoso_9_puntos_intento_3.mp4,2051,17091.667,True,143.000,164.000,0.000,163.000,121.000,0.111111,0.238889,-0.964669,62.480,74.496,128.975,3288.0
VictoriaRoso_9_puntos_intento_3.mp4,2052,17100.000,True,143.000,164.000,0.000,163.000,120.000,0.111111,0.244444,-0.963276,60.452,74.925,121.465,3278.0
VictoriaRoso_9_puntos_intento_3.mp4,2053,17108.333,True,143.000,164.000,0.000,163.000,121.000,0.111111,0.238889,-0.964669,60.697,75.144,125.751,3250.5
VictoriaRoso_9_puntos_intento_3.mp4,2054,17116.667,True,143.000,164.000,0.000,163.000,121.000,0.111111,0.238889,-0.964669,59.738,75.481,127.240,3262.0
VictoriaRoso_9_puntos_intento_3.mp4,2055,17125.000,True,143.000,164.000,0.000,163.000,121.000,0.111111,0.238889,-0.964669,60.560,74.876,128.346,3242.0
VictoriaRoso_9_puntos_intento_3.mp4,2056,17133.333,True,143.000,164.000,0.000,164.000,120.000,0.116667,0.244444,-0.962619,59.649,74.776,126.271,3250.5
VictoriaRoso_9_puntos_intento_3.mp4,2057,17141.667,True,143.000,164.000,0.000,163.000,121.000,0.111111,0.238889,-0.964669,60.705,74.085,127.497,3236.0
VictoriaRoso_9_puntos_intento_3.mp4,2058,17150.000,True,143.000,164.000,0.000,163.000,121.000,0.111111,0.238889,-0.964669,61.677,74.177,127.661,3235.5
VictoriaRoso_9_puntos_intento_3.mp4,2059,17158.333,True,143.000,164.000,0.000,163.000,121.000,0.111111,0.238889,-0.964669,60.629,75.272,125.616,3243.0
VictoriaRoso_9_puntos_intento_3.mp4,2060,17166.667,True,143.000,164.000,0.000,163.000,120.000,0.111111,0.244444,-0.963276,59.588,74.374,124.196,3228.0
VictoriaRoso_9_puntos_intento_3.mp4,2061,17175.000,True,143.000,163.000,0.000,163.000,120.000,0.111111,0.238889,-0.964669,60.551,73.879,129.167,3201.5
VictoriaRoso_9_puntos_intento_3.mp4,2062,17183.333,True,143.000,163.000,0.000,162.000,120.000,0.105556,0.238889,-0.965293,60.987,74.328,126.615,3216.0
VictoriaRoso_9_puntos_intento_3.mp4,2063,17191.667,True,143.000,163.000,0.000,162.000,120.000,0.105556,0.238889,-0.965293,61.464,74.000,127.113,3224.5
VictoriaRoso_9_puntos_intento_3.mp4,2064,17200.000,True,143.000,163.000,0.000,162.000,120.000,0.105556,0.238889,-0.965293,60.927,74.928,129.102,3221.5
VictoriaRoso_9_puntos_intento_3.mp4,2065,17208.333,True,143.000,163.000,0.000,162.000,119.000,0.105556,0.244444,-0.963901,58.554,76.449,123.148,3223.0
VictoriaRoso_9_puntos_intento_3.mp4,2066,17216.667,True,143.000,163.000,0.000,163.000,119.000,0.111111,0.244444,-0.963276,60.186,74.152,127.762,3196.0
VictoriaRoso_9_puntos_intento_3.mp4,2067,17225.000,True,143.000,163.000,0.000,162.000,120.000,0.105556,0.238889,-0.965293,61.254,73.458,129.932,3200.5
VictoriaRoso_9_puntos_intento_3.mp4,2068,17233.333,True,143.000,163.000,0.000,162.000,120.000,0.105556,0.238889,-0.965293,60.347,74.579,128.916,3214.0
VictoriaRoso_9_puntos_intento_3.mp4,2069,17241.667,True,143.000,163.000,0.000,162.000,119.000,0.105556,0.244444,-0.963901,60.706,72.548,126.175,3174.5
VictoriaRoso_9_puntos_intento_3.mp4,2070,17250.000,True,143.000,163.000,0.000,163.000,119.000,0.111111,0.244444,-0.963276,59.790,74.301,127.550,3207.0
VictoriaRoso_9_puntos_intento_3.mp4,2071,17258.333,True,143.000,163.000,0.000,163.000,119.000,0.111111,0.244444,-0.963276,59.575,74.170,125.582,3187.0
VictoriaRoso_9_puntos_intento_3.mp4,2072,17266.667,True,143.000,163.000,0.000,163.000,119.000,0.111111,0.244444,-0.963276,59.977,74.273,128.587,3210.0
VictoriaRoso_9_puntos_intento_3.mp4,2073,17275.000,True,143.000,163.000,0.000,162.000,119.000,0.105556,0.244444,-0.963901,59.720,73.823,124.635,3190.5
VictoriaRoso_9_puntos_intento_3.mp4,2074,17283.333,True,143.000,163.000,0.000,162.000,119.000,0.105556,0.244444,-0.963901,59.410,74.363,126.847,3181.5
VictoriaRoso_9_puntos_intento_3.mp4,2075,17291.667,True,143.000,163.000,0.000,162.000,120.000,0.105556,0.238889,-0.965293,60.496,74.186,130.694,3180.0
VictoriaRoso_9_puntos_intento_3.mp4,2076,17300.000,True,143.000,163.000,0.000,162.000,119.000,0.105556,0.244444,-0.963901,59.427,73.757,125.748,3155.5
VictoriaRoso_9_puntos_intento_3.mp4,2077,17308.333,True,143.000,163.000,0.000,163.000,119.000,0.111111,0.244444,-0.963276,59.059,73.731,129.269,3154.0
VictoriaRoso_9_puntos_intento_3.mp4,2078,17316.667,True,143.000,163.000,0.000,163.000,120.000,0.111111,0.238889,-0.964669,59.233,74.584,127.960,3137.0
VictoriaRoso_9_puntos_intento_3.mp4,2079,17325.000,True,143.000,163.000,0.000,163.000,119.000,0.111111,0.244444,-0.963276,58.441,74.699,126.395,3175.5
VictoriaRoso_9_puntos_intento_3.mp4,2080,17333.333,True,143.000,163.000,0.000,163.000,119.000,0.111111,0.244444,-0.963276,59.672,73.791,130.311,3202.5
VictoriaRoso_9_puntos_intento_3.mp4,2081,17341.667,True,143.000,163.000,0.000,162.000,119.000,0.105556,0.244444,-0.963901,59.384,76.304,123.558,3191.5
VictoriaRoso_9_puntos_intento_3.mp4,2082,17350.000,True,143.000,163.000,0.000,162.000,119.000,0.105556,0.244444,-0.963901,60.189,74.907,124.582,3194.0
VictoriaRoso_9_puntos_intento_3.mp4,2083,17358.333,True,143.000,163.000,0.000,162.000,119.000,0.105556,0.244444,-0.963901,59.412,75.248,124.197,3201.5
VictoriaRoso_9_puntos_intento_3.mp4,2084,17366.667,True,143.000,163.000,0.000,162.000,119.000,0.105556,0.244444,-0.963901,59.358,74.924,123.370,3178.5
VictoriaRoso_9_puntos_intento_3.mp4,2085,17375.000,True,143.000,163.000,0.000,163.000,119.000,0.111111,0.244444,-0.963276,60.118,73.322,130.466,3171.0
VictoriaRoso_9_puntos_intento_3.mp4,2086,17383.333,True,143.000,163.000,0.000,163.000,119.000,0.111111,0.244444,-0.963276,59.559,73.988,126.831,3176.5
VictoriaRoso_9_puntos_intento_3.mp4,2087,17391.667,True,143.000,163.000,0.000,162.000,120.000,0.105556,0.238889,-0.965293,60.818,73.359,127.805,3161.0
VictoriaRoso_9_puntos_intento_3.mp4,2088,17400.000,True,143.000,163.000,0.000,162.000,119.000,0.105556,0.244444,-0.963901,60.156,73.924,123.269,3162.5
VictoriaRoso_9_puntos_intento_3.mp4,2089,17408.333,True,143.000,163.000,0.000,163.000,120.000,0.111111,0.238889,-0.964669,60.400,73.091,132.859,3160.5
VictoriaRoso_9_puntos_intento_3.mp4,2090,17416.667,True,143.000,163.000,0.000,162.000,119.000,0.105556,0.244444,-0.963901,60.187,73.500,128.600,3187.5
VictoriaRoso_9_puntos_intento_3.mp4,2091,17425.000,True,143.000,163.000,0.000,162.000,119.000,0.105556,0.244444,-0.963901,60.045,73.349,126.706,3154.0
VictoriaRoso_9_puntos_intento_3.mp4,2092,17433.333,True,143.000,163.000,0.000,162.000,119.000,0.105556,0.244444,-0.963901,60.442,73.932,126.871,3181.0
VictoriaRoso_9_puntos_intento_3.mp4,2093,17441.667,True,143.000,163.000,0.000,163.000,119.000,0.111111,0.244444,-0.963276,59.922,73.429,128.133,3162.5
VictoriaRoso_9_puntos_intento_3.mp4,2094,17450.000,True,143.000,163.000,0.000,162.000,120.000,0.105556,0.238889,-0.965293,61.430,72.584,132.077,3152.5
VictoriaRoso_9_puntos_intento_3.mp4,2095,17458.333,True,143.000,163.000,0.000,163.000,120.000,0.111111,0.238889,-0.964669,60.723,73.016,131.869,3157.0
VictoriaRoso_9_puntos_intento_3.mp4,2096,17466.667,True,143.000,163.000,0.000,163.000,119.000,0.111111,0.244444,-0.963276,58.446,73.821,126.058,3123.0
VictoriaRoso_9_puntos_intento_3.mp4,2097,17475.000,True,143.000,163.000,0.000,162.000,118.000,0.105556,0.250000,-0.962475,58.131,74.522,124.818,3146.5
VictoriaRoso_9_puntos_intento_3.mp4,2098,17483.333,True,143.000,163.000,0.000,162.000,119.000,0.105556,0.244444,-0.963901,59.992,73.528,125.940,3160.0
VictoriaRoso_9_puntos_intento_3.mp4,2099,17491.667,True,143.000,163.000,0.000,162.000,119.000,0.105556,0.244444,-0.963901,60.297,73.372,127.168,3159.5
VictoriaRoso_9_puntos_intento_3.mp4,2100,17500.000,True,143.000,163.000,0.000,162.000,120.000,0.105556,0.238889,-0.965293,60.861,72.850,128.770,3170.0
VictoriaRoso_9_puntos_intento_3.mp4,2101,17508.333,True,143.000,163.000,0.000,162.000,119.000,0.105556,0.244444,-0.963901,59.021,73.725,124.669,3140.5
VictoriaRoso_9_puntos_intento_3.mp4,2102,17516.667,True,143.000,163.000,0.000,162.000,119.000,0.105556,0.244444,-0.963901,59.663,73.976,126.196,3145.5
VictoriaRoso_9_puntos_intento_3.mp4,2103,17525.000,True,143.000,163.000,0.000,162.000,119.000,0.105556,0.244444,-0.963901,59.742,73.003,126.450,3119.0
VictoriaRoso_9_puntos_intento_3.mp4,2104,17533.333,True,143.000,163.000,0.000,162.000,120.000,0.105556,0.238889,-0.965293,60.471,72.488,130.329,3119.0
VictoriaRoso_9_puntos_intento_3.mp4,2105,17541.667,True,143.000,163.000,0.000,163.000,119.000,0.111111,0.244444,-0.963276,59.157,73.159,125.886,3118.5
VictoriaRoso_9_puntos_intento_3.mp4,2106,17550.000,True,143.000,163.000,0.000,162.000,119.000,0.105556,0.244444,-0.963901,59.923,72.804,129.242,3135.5
VictoriaRoso_9_puntos_intento_3.mp4,2107,17558.333,True,143.000,163.000,0.000,163.000,119.000,0.111111,0.244444,-0.963276,59.230,72.939,127.784,3120.5
VictoriaRoso_9_puntos_intento_3.mp4,2108,17566.667,True,143.000,163.000,0.000,163.000,120.000,0.111111,0.238889,-0.964669,60.069,72.792,129.538,3129.5
VictoriaRoso_9_puntos_intento_3.mp4,2109,17575.000,True,143.000,163.000,0.000,162.000,120.000,0.105556,0.238889,-0.965293,60.243,72.799,124.082,3105.5
VictoriaRoso_9_puntos_intento_3.mp4,2110,17583.333,True,143.000,163.000,0.000,163.000,120.000,0.111111,0.238889,-0.964669,59.845,72.701,126.865,3120.5
VictoriaRoso_9_puntos_intento_3.mp4,2111,17591.667,True,143.000,163.000,0.000,163.000,120.000,0.111111,0.238889,-0.964669,59.519,73.321,126.820,3129.0
VictoriaRoso_9_puntos_intento_3.mp4,2112,17600.000,True,143.000,163.000,0.000,162.000,119.000,0.105556,0.244444,-0.963901,59.085,73.433,126.973,3117.0
VictoriaRoso_9_puntos_intento_3.mp4,2113,17608.333,True,143.000,163.000,0.000,163.000,119.000,0.111111,0.244444,-0.963276,59.047,71.811,130.723,3097.5
VictoriaRoso_9_puntos_intento_3.mp4,2114,17616.667,True,143.000,163.000,0.000,163.000,120.000,0.111111,0.238889,-0.964669,60.202,71.878,132.233,3116.5
VictoriaRoso_9_puntos_intento_3.mp4,2115,17625.000,True,143.000,163.000,0.000,163.000,119.000,0.111111,0.244444,-0.963276,59.999,72.222,127.431,3119.5
VictoriaRoso_9_puntos_intento_3.mp4,2116,17633.333,True,143.000,163.000,0.000,163.000,119.000,0.111111,0.244444,-0.963276,58.254,72.568,131.752,3111.5
VictoriaRoso_9_puntos_intento_3.mp4,2117,17641.667,True,143.000,163.000,0.000,163.000,119.000,0.111111,0.244444,-0.963276,58.196,72.625,125.340,3070.5
VictoriaRoso_9_puntos_intento_3.mp4,2118,17650.000,True,143.000,163.000,0.000,162.000,119.000,0.105556,0.244444,-0.963901,58.363,73.548,121.798,3118.0
VictoriaRoso_9_puntos_intento_3.mp4,2119,17658.333,True,143.000,163.000,0.000,162.000,119.000,0.105556,0.244444,-0.963901,59.137,71.902,124.005,3097.5
VictoriaRoso_9_puntos_intento_3.mp4,2120,17666.667,True,143.000,163.000,0.000,162.000,119.000,0.105556,0.244444,-0.963901,58.945,72.998,126.768,3109.5
VictoriaRoso_9_puntos_intento_3.mp4,2121,17675.000,True,143.000,163.000,0.000,163.000,119.000,0.111111,0.244444,-0.963276,58.904,72.302,131.217,3082.0
VictoriaRoso_9_puntos_intento_3.mp4,2122,17683.333,True,143.000,163.000,0.000,162.000,120.000,0.105556,0.238889,-0.965293,60.732,72.570,129.793,3137.0
VictoriaRoso_9_puntos_intento_3.mp4,2123,17691.667,True,143.000,163.000,0.000,162.000,119.000,0.105556,0.244444,-0.963901,59.967,72.941,127.659,3128.5
VictoriaRoso_9_puntos_intento_3.mp4,2124,17700.000,True,143.000,163.000,0.000,162.000,120.000,0.105556,0.238889,-0.965293,61.140,72.240,129.748,3150.5
VictoriaRoso_9_puntos_intento_3.mp4,2125,17708.333,True,143.000,163.000,0.000,163.000,119.000,0.111111,0.244444,-0.963276,59.365,73.852,127.511,3140.5
VictoriaRoso_9_puntos_intento_3.mp4,2126,17716.667,True,143.000,163.000,0.000,162.000,119.000,0.105556,0.244444,-0.963901,59.755,73.087,128.865,3108.5
VictoriaRoso_9_puntos_intento_3.mp4,2127,17725.000,True,143.000,163.000,0.000,162.000,119.000,0.105556,0.244444,-0.963901,59.136,72.917,127.590,3119.0
VictoriaRoso_9_puntos_intento_3.mp4,2128,17733.333,True,143.000,163.000,0.000,162.000,119.000,0.105556,0.244444,-0.963901,60.603,72.698,128.123,3142.0
VictoriaRoso_9_puntos_intento_3.mp4,2129,17741.667,True,143.000,163.000,0.000,162.000,119.000,0.105556,0.244444,-0.963901,60.013,73.423,127.369,3131.5
VictoriaRoso_9_puntos_intento_3.mp4,2130,17750.000,True,143.000,163.000,0.000,162.000,119.000,0.105556,0.244444,-0.963901,60.213,72.013,127.047,3112.0
VictoriaRoso_9_puntos_intento_3.mp4,2131,17758.333,True,143.000,163.000,0.000,162.000,120.000,0.105556,0.238889,-0.965293,59.394,72.786,128.539,3096.0
VictoriaRoso_9_puntos_intento_3.mp4,2132,17766.667,True,143.000,163.000,0.000,162.000,119.000,0.105556,0.244444,-0.963901,59.578,73.790,125.117,3130.0
VictoriaRoso_9_puntos_intento_3.mp4,2133,17775.000,True,143.000,163.000,0.000,163.000,119.000,0.111111,0.244444,-0.963276,59.398,73.267,127.206,3135.0
VictoriaRoso_9_puntos_intento_3.mp4,2134,17783.333,True,143.000,163.000,0.000,162.000,118.000,0.105556,0.250000,-0.962475,57.315,73.414,122.243,3135.0
VictoriaRoso_9_puntos_intento_3.mp4,2135,17791.667,True,143.000,163.000,0.000,162.000,119.000,0.105556,0.244444,-0.963901,58.588,73.752,125.033,3134.0
VictoriaRoso_9_puntos_intento_3.mp4,2136,17800.000,True,143.000,163.000,0.000,162.000,119.000,0.105556,0.244444,-0.963901,59.894,73.504,123.020,3133.5
VictoriaRoso_9_puntos_intento_3.mp4,2137,17808.333,True,143.000,163.000,0.000,162.000,119.000,0.105556,0.244444,-0.963901,60.123,72.672,124.562,3139.5
VictoriaRoso_9_puntos_intento_3.mp4,2138,17816.667,True,143.000,163.000,0.000,162.000,120.000,0.105556,0.238889,-0.965293,60.799,73.314,126.231,3146.5
VictoriaRoso_9_puntos_intento_3.mp4,2139,17825.000,True,143.000,163.000,0.000,162.000,119.000,0.105556,0.244444,-0.963901,60.608,73.134,124.367,3154.5
VictoriaRoso_9_puntos_intento_3.mp4,2140,17833.333,True,143.000,163.000,0.000,162.000,119.000,0.105556,0.244444,-0.963901,60.649,73.650,126.683,3149.5
VictoriaRoso_9_puntos_intento_3.mp4,2141,17841.667,True,143.000,163.000,0.000,162.000,119.000,0.105556,0.244444,-0.963901,60.298,73.113,126.228,3141.0
VictoriaRoso_9_puntos_intento_3.mp4,2142,17850.000,True,143.000,163.000,0.000,162.000,119.000,0.105556,0.244444,-0.963901,60.596,72.965,125.632,3160.0
VictoriaRoso_9_puntos_intento_3.mp4,2143,17858.333,True,143.000,163.000,0.000,162.000,119.000,0.105556,0.244444,-0.963901,60.729,72.753,125.640,3180.5
VictoriaRoso_9_puntos_intento_3.mp4,2144,17866.667,True,143.000,163.000,0.000,162.000,120.000,0.105556,0.238889,-0.965293,61.926,72.360,125.992,3188.5
VictoriaRoso_9_puntos_intento_3.mp4,2145,17875.000,True,143.000,163.000,0.000,162.000,118.000,0.105556,0.250000,-0.962475,59.210,73.342,120.509,3172.0
VictoriaRoso_9_puntos_intento_3.mp4,2146,17883.333,True,143.000,163.000,0.000,162.000,119.000,0.105556,0.244444,-0.963901,61.209,72.905,123.419,3198.0
VictoriaRoso_9_puntos_intento_3.mp4,2147,17891.667,True,143.000,163.000,0.000,162.000,119.000,0.105556,0.244444,-0.963901,60.392,74.156,124.764,3162.0
VictoriaRoso_9_puntos_intento_3.mp4,2148,17900.000,True,143.000,163.000,0.000,162.000,119.000,0.105556,0.244444,-0.963901,59.912,73.316,125.068,3158.5
VictoriaRoso_9_puntos_intento_3.mp4,2149,17908.333,True,143.000,163.000,0.000,162.000,119.000,0.105556,0.244444,-0.963901,59.786,73.601,125.385,3140.5
VictoriaRoso_9_puntos_intento_3.mp4,2150,17916.667,True,143.000,163.000,0.000,162.000,119.000,0.105556,0.244444,-0.963901,60.452,72.685,128.098,3151.5
VictoriaRoso_9_puntos_intento_3.mp4,2151,17925.000,True,143.000,163.000,0.000,162.000,118.000,0.105556,0.250000,-0.962475,58.853,73.171,123.130,3150.5
VictoriaRoso_9_puntos_intento_3.mp4,2152,17933.333,True,143.000,163.000,0.000,162.000,118.000,0.105556,0.250000,-0.962475,59.255,74.153,123.573,3157.5
VictoriaRoso_9_puntos_intento_3.mp4,2153,17941.667,True,143.000,163.000,0.000,162.000,119.000,0.105556,0.244444,-0.963901,60.722,72.787,126.104,3181.5
VictoriaRoso_9_puntos_intento_3.mp4,2154,17950.000,True,143.000,163.000,0.000,162.000,119.000,0.105556,0.244444,-0.963901,60.334,74.183,128.129,3193.5
VictoriaRoso_9_puntos_intento_3.mp4,2155,17958.333,True,143.000,163.000,0.000,162.000,118.000,0.105556,0.250000,-0.962475,58.052,75.274,121.154,3164.5
VictoriaRoso_9_puntos_intento_3.mp4,2156,17966.667,True,143.000,163.000,0.000,162.000,119.000,0.105556,0.244444,-0.963901,60.243,73.800,125.033,3174.0
VictoriaRoso_9_puntos_intento_3.mp4,2157,17975.000,True,143.000,163.000,0.000,162.000,119.000,0.105556,0.244444,-0.963901,60.378,72.991,124.974,3151.0
VictoriaRoso_9_puntos_intento_3.mp4,2158,17983.333,True,143.000,163.000,0.000,162.000,119.000,0.105556,0.244444,-0.963901,59.724,73.828,123.520,3164.0
VictoriaRoso_9_puntos_intento_3.mp4,2159,17991.667,True,143.000,163.000,0.000,162.000,119.000,0.105556,0.244444,-0.963901,60.825,74.715,123.124,3184.0
VictoriaRoso_9_puntos_intento_3.mp4,2160,18000.000,True,143.000,163.000,0.000,162.000,119.000,0.105556,0.244444,-0.963901,59.810,73.551,123.519,3180.0
VictoriaRoso_9_puntos_intento_3.mp4,2161,18008.333,True,143.000,163.000,0.000,162.000,119.000,0.105556,0.244444,-0.963901,60.149,74.165,120.544,3170.0
VictoriaRoso_9_puntos_intento_3.mp4,2162,18016.667,True,143.000,163.000,0.000,162.000,119.000,0.105556,0.244444,-0.963901,59.969,74.363,120.371,3164.0
VictoriaRoso_9_puntos_intento_3.mp4,2163,18025.000,True,143.000,163.000,0.000,162.000,119.000,0.105556,0.244444,-0.963901,60.542,73.365,124.622,3181.0
VictoriaRoso_9_puntos_intento_3.mp4,2164,18033.333,True,143.000,163.000,0.000,162.000,118.000,0.105556,0.250000,-0.962475,59.204,73.786,121.548,3198.0
VictoriaRoso_9_puntos_intento_3.mp4,2165,18041.667,True,143.000,163.000,0.000,162.000,119.000,0.105556,0.244444,-0.963901,59.731,75.138,122.687,3191.5
VictoriaRoso_9_puntos_intento_3.mp4,2166,18050.000,True,143.000,163.000,0.000,162.000,119.000,0.105556,0.244444,-0.963901,60.563,74.027,120.130,3197.5
VictoriaRoso_9_puntos_intento_3.mp4,2167,18058.333,True,143.000,163.000,0.000,162.000,119.000,0.105556,0.244444,-0.963901,60.811,73.666,123.728,3214.0
VictoriaRoso_9_puntos_intento_3.mp4,2168,18066.667,True,142.000,163.000,0.000,162.000,118.000,0.111111,0.250000,-0.961849,59.822,75.153,121.867,3217.5
VictoriaRoso_9_puntos_intento_3.mp4,2169,18075.000,True,142.000,163.000,0.000,162.000,119.000,0.111111,0.244444,-0.963276,59.580,74.209,119.962,3191.5
VictoriaRoso_9_puntos_intento_3.mp4,2170,18083.333,True,142.000,163.000,0.000,162.000,119.000,0.111111,0.244444,-0.963276,60.075,74.027,124.564,3214.0
VictoriaRoso_9_puntos_intento_3.mp4,2171,18091.667,True,142.000,163.000,0.000,162.000,119.000,0.111111,0.244444,-0.963276,60.466,74.383,121.805,3209.5
VictoriaRoso_9_puntos_intento_3.mp4,2172,18100.000,True,142.000,163.000,0.000,162.000,119.000,0.111111,0.244444,-0.963276,61.218,73.211,120.151,3188.0
VictoriaRoso_9_puntos_intento_3.mp4,2173,18108.333,True,142.000,163.000,0.000,162.000,119.000,0.111111,0.244444,-0.963276,60.867,73.953,124.198,3212.0
VictoriaRoso_9_puntos_intento_3.mp4,2174,18116.667,True,142.000,163.000,0.000,162.000,119.000,0.111111,0.244444,-0.963276,61.368,73.413,124.594,3215.0
VictoriaRoso_9_puntos_intento_3.mp4,2175,18125.000,True,142.000,163.000,0.000,162.000,119.000,0.111111,0.244444,-0.963276,59.974,73.826,121.507,3191.5
VictoriaRoso_9_puntos_intento_3.mp4,2176,18133.333,True,142.000,163.000,0.000,162.000,120.000,0.111111,0.238889,-0.964669,62.323,73.505,125.716,3198.0
VictoriaRoso_9_puntos_intento_3.mp4,2177,18141.667,True,142.000,163.000,0.000,162.000,119.000,0.111111,0.244444,-0.963276,61.291,72.778,124.018,3196.5
VictoriaRoso_9_puntos_intento_3.mp4,2178,18150.000,True,142.000,163.000,0.000,162.000,119.000,0.111111,0.244444,-0.963276,61.121,73.748,122.784,3225.0
VictoriaRoso_9_puntos_intento_3.mp4,2179,18158.333,True,142.000,163.000,0.000,162.000,119.000,0.111111,0.244444,-0.963276,62.492,72.846,127.218,3222.0
VictoriaRoso_9_puntos_intento_3.mp4,2180,18166.667,True,142.000,163.000,0.000,162.000,119.000,0.111111,0.244444,-0.963276,61.411,74.341,125.313,3218.0
VictoriaRoso_9_puntos_intento_3.mp4,2181,18175.000,True,142.000,163.000,0.000,162.000,119.000,0.111111,0.244444,-0.963276,60.412,74.088,120.135,3193.5
VictoriaRoso_9_puntos_intento_3.mp4,2182,18183.333,True,142.000,163.000,0.000,162.000,119.000,0.111111,0.244444,-0.963276,61.168,74.123,123.543,3229.0
VictoriaRoso_9_puntos_intento_3.mp4,2183,18191.667,True,142.000,163.000,0.000,162.000,119.000,0.111111,0.244444,-0.963276,60.761,74.222,122.808,3225.0
VictoriaRoso_9_puntos_intento_3.mp4,2184,18200.000,True,142.000,163.000,0.000,162.000,119.000,0.111111,0.244444,-0.963276,61.966,73.222,125.308,3209.5
VictoriaRoso_9_puntos_intento_3.mp4,2185,18208.333,True,142.000,163.000,0.000,162.000,119.000,0.111111,0.244444,-0.963276,61.421,73.806,125.186,3238.0
VictoriaRoso_9_puntos_intento_3.mp4,2186,18216.667,True,142.000,163.000,0.000,163.000,119.000,0.116667,0.244444,-0.962619,61.222,74.858,125.989,3251.0
VictoriaRoso_9_puntos_intento_3.mp4,2187,18225.000,True,142.000,163.000,0.000,162.000,119.000,0.111111,0.244444,-0.963276,60.867,74.178,123.799,3241.5
VictoriaRoso_9_puntos_intento_3.mp4,2188,18233.333,True,142.000,163.000,0.000,162.000,119.000,0.111111,0.244444,-0.963276,60.696,74.383,119.972,3233.5
VictoriaRoso_9_puntos_intento_3.mp4,2189,18241.667,True,142.000,163.000,0.000,162.000,119.000,0.111111,0.244444,-0.963276,61.101,73.647,123.453,3239.5
VictoriaRoso_9_puntos_intento_3.mp4,2190,18250.000,True,142.000,163.000,0.000,162.000,119.000,0.111111,0.244444,-0.963276,60.905,73.149,122.944,3256.5
VictoriaRoso_9_puntos_intento_3.mp4,2191,18258.333,True,142.000,163.000,0.000,162.000,119.000,0.111111,0.244444,-0.963276,61.208,73.631,125.213,3260.5
VictoriaRoso_9_puntos_intento_3.mp4,2192,18266.667,True,142.000,163.000,0.000,162.000,119.000,0.111111,0.244444,-0.963276,61.704,73.022,125.682,3258.0
VictoriaRoso_9_puntos_intento_3.mp4,2193,18275.000,True,142.000,163.000,0.000,162.000,119.000,0.111111,0.244444,-0.963276,60.448,73.391,123.524,3231.0
VictoriaRoso_9_puntos_intento_3.mp4,2194,18283.333,True,142.000,163.000,0.000,163.000,119.000,0.116667,0.244444,-0.962619,62.005,73.678,127.882,3247.5
VictoriaRoso_9_puntos_intento_3.mp4,2195,18291.667,True,142.000,163.000,0.000,162.000,119.000,0.111111,0.244444,-0.963276,61.081,73.852,123.706,3248.5
VictoriaRoso_9_puntos_intento_3.mp4,2196,18300.000,True,142.000,163.000,0.000,162.000,119.000,0.111111,0.244444,-0.963276,61.129,74.041,124.510,3248.5
VictoriaRoso_9_puntos_intento_3.mp4,2197,18308.333,True,142.000,163.000,0.000,162.000,120.000,0.111111,0.238889,-0.964669,62.428,74.161,127.987,3267.5
VictoriaRoso_9_puntos_intento_3.mp4,2198,18316.667,True,142.000,163.000,0.000,162.000,119.000,0.111111,0.244444,-0.963276,62.228,73.838,127.471,3281.0
VictoriaRoso_9_puntos_intento_3.mp4,2199,18325.000,True,142.000,163.000,0.000,162.000,119.000,0.111111,0.244444,-0.963276,62.422,73.750,126.427,3266.5
VictoriaRoso_9_puntos_intento_3.mp4,2200,18333.333,True,142.000,163.000,0.000,162.000,119.000,0.111111,0.244444,-0.963276,62.135,73.959,121.639,3281.0
VictoriaRoso_9_puntos_intento_3.mp4,2201,18341.667,True,142.000,163.000,0.000,162.000,120.000,0.111111,0.238889,-0.964669,62.197,73.730,128.809,3286.5
VictoriaRoso_9_puntos_intento_3.mp4,2202,18350.000,True,142.000,163.000,0.000,162.000,120.000,0.111111,0.238889,-0.964669,62.127,73.849,121.048,3309.5
VictoriaRoso_9_puntos_intento_3.mp4,2203,18358.333,True,142.000,163.000,0.000,162.000,119.000,0.111111,0.244444,-0.963276,60.986,73.215,121.842,3234.5
VictoriaRoso_9_puntos_intento_3.mp4,2204,18366.667,True,142.000,163.000,0.000,162.000,119.000,0.111111,0.244444,-0.963276,61.688,74.064,122.506,3258.0
VictoriaRoso_9_puntos_intento_3.mp4,2205,18375.000,True,142.000,163.000,0.000,162.000,119.000,0.111111,0.244444,-0.963276,61.435,73.797,120.284,3257.5
VictoriaRoso_9_puntos_intento_3.mp4,2206,18383.333,True,142.000,163.000,0.000,162.000,119.000,0.111111,0.244444,-0.963276,60.828,74.674,120.063,3269.5
VictoriaRoso_9_puntos_intento_3.mp4,2207,18391.667,True,142.000,163.000,0.000,162.000,119.000,0.111111,0.244444,-0.963276,61.666,74.394,120.772,3269.5
VictoriaRoso_9_puntos_intento_3.mp4,2208,18400.000,True,142.000,163.000,0.000,162.000,119.000,0.111111,0.244444,-0.963276,61.567,73.715,121.367,3268.0
VictoriaRoso_9_puntos_intento_3.mp4,2209,18408.333,True,142.000,163.000,0.000,162.000,119.000,0.111111,0.244444,-0.963276,62.752,73.818,121.216,3240.0
VictoriaRoso_9_puntos_intento_3.mp4,2210,18416.667,True,142.000,163.000,0.000,162.000,119.000,0.111111,0.244444,-0.963276,61.102,73.416,119.399,3256.0
VictoriaRoso_9_puntos_intento_3.mp4,2211,18425.000,True,142.000,163.000,0.000,162.000,119.000,0.111111,0.244444,-0.963276,61.367,73.372,120.537,3239.5
VictoriaRoso_9_puntos_intento_3.mp4,2212,18433.333,True,142.000,163.000,0.000,162.000,119.000,0.111111,0.244444,-0.963276,61.674,73.899,122.235,3276.5
VictoriaRoso_9_puntos_intento_3.mp4,2213,18441.667,True,142.000,163.000,0.000,162.000,119.000,0.111111,0.244444,-0.963276,62.908,72.706,124.712,3247.5
VictoriaRoso_9_puntos_intento_3.mp4,2214,18450.000,True,142.000,163.000,0.000,162.000,119.000,0.111111,0.244444,-0.963276,61.452,73.789,121.556,3244.5
VictoriaRoso_9_puntos_intento_3.mp4,2215,18458.333,True,142.000,163.000,0.000,162.000,120.000,0.111111,0.238889,-0.964669,62.354,73.499,122.965,3233.0
VictoriaRoso_9_puntos_intento_3.mp4,2216,18466.667,True,142.000,163.000,0.000,162.000,119.000,0.111111,0.244444,-0.963276,62.311,74.421,119.296,3243.5
VictoriaRoso_9_puntos_intento_3.mp4,2217,18475.000,True,142.000,163.000,0.000,162.000,119.000,0.111111,0.244444,-0.963276,62.137,73.639,119.594,3231.0
VictoriaRoso_9_puntos_intento_3.mp4,2218,18483.333,True,142.000,163.000,0.000,163.000,119.000,0.116667,0.244444,-0.962619,60.635,74.024,123.219,3254.0
VictoriaRoso_9_puntos_intento_3.mp4,2219,18491.667,True,142.000,163.000,0.000,162.000,119.000,0.111111,0.244444,-0.963276,60.818,74.827,120.068,3263.0
VictoriaRoso_9_puntos_intento_3.mp4,2220,18500.000,True,142.000,163.000,0.000,162.000,119.000,0.111111,0.244444,-0.963276,61.192,73.971,121.646,3225.0
VictoriaRoso_9_puntos_intento_3.mp4,2221,18508.333,True,142.000,163.000,0.000,162.000,119.000,0.111111,0.244444,-0.963276,61.912,73.929,122.211,3260.0
VictoriaRoso_9_puntos_intento_3.mp4,2222,18516.667,True,142.000,163.000,0.000,162.000,119.000,0.111111,0.244444,-0.963276,61.064,74.375,120.747,3247.5
VictoriaRoso_9_puntos_intento_3.mp4,2223,18525.000,True,142.000,163.000,0.000,162.000,119.000,0.111111,0.244444,-0.963276,60.551,74.644,123.102,3236.0
VictoriaRoso_9_puntos_intento_3.mp4,2224,18533.333,True,142.000,163.000,0.000,163.000,119.000,0.116667,0.244444,-0.962619,60.453,74.487,122.125,3255.5
VictoriaRoso_9_puntos_intento_3.mp4,2225,18541.667,True,142.000,163.000,0.000,162.000,120.000,0.111111,0.238889,-0.964669,62.182,73.465,123.927,3237.0
VictoriaRoso_9_puntos_intento_3.mp4,2226,18550.000,True,142.000,163.000,0.000,163.000,119.000,0.116667,0.244444,-0.962619,61.043,73.047,128.830,3233.0
VictoriaRoso_9_puntos_intento_3.mp4,2227,18558.333,True,142.000,163.000,0.000,163.000,119.000,0.116667,0.244444,-0.962619,61.667,73.396,126.926,3258.0
VictoriaRoso_9_puntos_intento_3.mp4,2228,18566.667,True,142.000,163.000,0.000,162.000,120.000,0.111111,0.238889,-0.964669,63.276,73.153,121.666,3283.0
VictoriaRoso_9_puntos_intento_3.mp4,2229,18575.000,True,142.000,163.000,0.000,162.000,119.000,0.111111,0.244444,-0.963276,61.585,74.155,122.198,3239.5
VictoriaRoso_9_puntos_intento_3.mp4,2230,18583.333,True,142.000,163.000,0.000,162.000,119.000,0.111111,0.244444,-0.963276,61.516,72.949,126.225,3253.5
VictoriaRoso_9_puntos_intento_3.mp4,2231,18591.667,True,142.000,163.000,0.000,162.000,119.000,0.111111,0.244444,-0.963276,61.516,73.372,125.020,3256.5
VictoriaRoso_9_puntos_intento_3.mp4,2232,18600.000,True,142.000,163.000,0.000,162.000,119.000,0.111111,0.244444,-0.963276,61.985,73.490,119.935,3231.0
VictoriaRoso_9_puntos_intento_3.mp4,2233,18608.333,True,142.000,163.000,0.000,162.000,119.000,0.111111,0.244444,-0.963276,60.572,73.390,119.749,3198.5
VictoriaRoso_9_puntos_intento_3.mp4,2234,18616.667,True,142.000,163.000,0.000,162.000,119.000,0.111111,0.244444,-0.963276,61.917,73.803,116.236,3207.5
VictoriaRoso_9_puntos_intento_3.mp4,2235,18625.000,True,142.000,163.000,0.000,162.000,119.000,0.111111,0.244444,-0.963276,60.976,73.314,118.250,3209.0
VictoriaRoso_9_puntos_intento_3.mp4,2236,18633.333,True,142.000,163.000,0.000,162.000,119.000,0.111111,0.244444,-0.963276,61.702,72.483,120.108,3224.0
VictoriaRoso_9_puntos_intento_3.mp4,2237,18641.667,True,142.000,163.000,0.000,162.000,119.000,0.111111,0.244444,-0.963276,60.590,73.272,118.051,3194.5
VictoriaRoso_9_puntos_intento_3.mp4,2238,18650.000,True,142.000,163.000,0.000,163.000,119.000,0.116667,0.244444,-0.962619,59.360,73.110,116.342,3175.0
VictoriaRoso_9_puntos_intento_3.mp4,2239,18658.333,True,142.000,163.000,0.000,162.000,119.000,0.111111,0.244444,-0.963276,60.955,72.264,117.825,3200.0
