video_name,frame_number,timestamp_ms,valid_deteccion,sphere_center_x,sphere_center_y,sphere_center_z,pupil_center_x,pupil_center_y,gaze_x,gaze_y,gaze_z,ellipse_width,ellipse_height,ellipse_angle,contour_area
Leo_9_puntos_intento_7.mp4,1,8.333,True,115.000,170.000,0.000,144.000,100.000,0.161111,0.388889,-0.907088,67.168,83.287,140.022,4329.0
Leo_9_puntos_intento_7.mp4,2,16.667,True,115.000,170.000,0.000,144.000,100.000,0.161111,0.388889,-0.907088,67.858,83.337,138.793,4376.5
Leo_9_puntos_intento_7.mp4,3,25.000,True,115.000,170.000,0.000,144.000,100.000,0.161111,0.388889,-0.907088,67.943,83.582,137.257,4398.0
Leo_9_puntos_intento_7.mp4,4,33.333,True,115.000,170.000,0.000,144.000,100.000,0.161111,0.388889,-0.907088,68.516,83.598,139.019,4430.5
Leo_9_puntos_intento_7.mp4,5,41.667,True,115.000,170.000,0.000,144.000,100.000,0.161111,0.388889,-0.907088,67.960,83.319,139.195,4385.0
Leo_9_puntos_intento_7.mp4,6,50.000,True,115.000,170.000,0.000,144.000,100.000,0.161111,0.388889,-0.907088,68.736,83.584,138.254,4442.0
Leo_9_puntos_intento_7.mp4,7,58.333,True,115.000,170.000,0.000,144.000,100.000,0.161111,0.388889,-0.907088,68.383,83.480,138.921,4418.0
Leo_9_puntos_intento_7.mp4,8,66.667,True,115.000,170.000,0.000,144.000,100.000,0.161111,0.388889,-0.907088,68.152,83.356,140.056,4412.0
Leo_9_puntos_intento_7.mp4,9,75.000,True,115.000,170.000,0.000,144.000,100.000,0.161111,0.388889,-0.907088,69.305,84.198,138.613,4512.5
Leo_9_puntos_intento_7.mp4,10,83.333,True,115.000,170.000,0.000,144.000,100.000,0.161111,0.388889,-0.907088,69.297,84.231,137.628,4532.0
Leo_9_puntos_intento_7.mp4,11,91.667,True,115.000,170.000,0.000,144.000,100.000,0.161111,0.388889,-0.907088,69.503,84.662,137.013,4546.5
Leo_9_puntos_intento_7.mp4,12,100.000,True,115.000,170.000,0.000,144.000,100.000,0.161111,0.388889,-0.907088,69.730,84.496,137.810,4562.5
Leo_9_puntos_intento_7.mp4,13,108.333,True,115.000,170.000,0.000,144.000,100.000,0.161111,0.388889,-0.907088,69.147,84.150,136.361,4497.5
Leo_9_puntos_intento_7.mp4,14,116.667,True,115.000,170.000,0.000,144.000,100.000,0.161111,0.388889,-0.907088,69.155,83.821,136.817,4515.5
Leo_9_puntos_intento_7.mp4,15,125.000,True,115.000,170.000,0.000,146.000,100.000,0.172222,0.388889,-0.905044,67.325,83.456,138.403,4314.5
Leo_9_puntos_intento_7.mp4,16,133.333,True,115.000,170.000,0.000,150.000,100.000,0.194444,0.388889,-0.900531,66.076,83.622,136.997,4272.5
Leo_9_puntos_intento_7.mp4,17,141.667,True,115.000,170.000,0.000,154.000,100.000,0.216667,0.388889,-0.895445,64.124,82.523,138.463,4085.5
Leo_9_puntos_intento_7.mp4,18,150.000,True,115.000,170.000,0.000,157.000,99.000,0.233333,0.394444,-0.888802,62.978,81.615,138.438,3993.0
Leo_9_puntos_intento_7.mp4,19,158.333,True,115.000,170.000,0.000,158.000,99.000,0.238889,0.394444,-0.887325,62.035,81.042,139.551,3903.0
Leo_9_puntos_intento_7.mp4,20,166.667,True,115.000,170.000,0.000,158.000,99.000,0.238889,0.394444,-0.887325,62.196,81.078,138.508,3921.0
Leo_9_puntos_intento_7.mp4,21,175.000,True,115.000,170.000,0.000,158.000,99.000,0.238889,0.394444,-0.887325,62.433,80.826,138.770,3905.0
Leo_9_puntos_intento_7.mp4,22,183.333,True,115.000,170.000,0.000,158.000,99.000,0.238889,0.394444,-0.887325,62.324,80.587,140.129,3888.0
Leo_9_puntos_intento_7.mp4,23,191.667,True,115.000,170.000,0.000,158.000,99.000,0.238889,0.394444,-0.887325,61.958,80.070,139.589,3848.0
Leo_9_puntos_intento_7.mp4,24,200.000,True,115.000,170.000,0.000,158.000,99.000,0.238889,0.394444,-0.887325,61.968,80.291,138.618,3859.0
Leo_9_puntos_intento_7.mp4,25,208.333,True,115.000,170.000,0.000,158.000,99.000,0.238889,0.394444,-0.887325,62.120,80.592,139.040,3867.0
Leo_9_puntos_intento_7.mp4,26,216.667,True,115.000,170.000,0.000,158.000,99.000,0.238889,0.394444,-0.887325,61.788,80.615,139.712,3855.0
Leo_9_puntos_intento_7.mp4,27,225.000,True,115.000,170.000,0.000,158.000,98.000,0.238889,0.400000,-0.884835,61.901,80.110,140.258,3833.0
Leo_9_puntos_intento_7.mp4,28,233.333,True,115.000,170.000,0.000,158.000,98.000,0.238889,0.400000,-0.884835,61.840,79.429,139.574,3808.5
Leo_9_puntos_intento_7.mp4,29,241.667,True,115.000,170.000,0.000,158.000,99.000,0.238889,0.394444,-0.887325,61.739,79.409,139.639,3793.5
Leo_9_puntos_intento_7.mp4,30,250.000,True,115.000,170.000,0.000,158.000,98.000,0.238889,0.400000,-0.884835,62.021,79.736,138.869,3830.5
Leo_9_puntos_intento_7.mp4,31,258.333,True,115.000,170.000,0.000,158.000,98.000,0.238889,0.400000,-0.884835,61.847,79.902,139.867,3821.0
Leo_9_puntos_intento_7.mp4,32,266.667,True,115.000,170.000,0.000,158.000,99.000,0.238889,0.394444,-0.887325,61.587,79.733,138.816,3818.5
Leo_9_puntos_intento_7.mp4,33,275.000,True,115.000,170.000,0.000,158.000,99.000,0.238889,0.394444,-0.887325,61.642,79.538,137.318,3795.5
Leo_9_puntos_intento_7.mp4,34,283.333,True,115.000,170.000,0.000,158.000,99.000,0.238889,0.394444,-0.887325,61.865,79.712,137.950,3813.0
Leo_9_puntos_intento_7.mp4,35,291.667,True,115.000,170.000,0.000,158.000,99.000,0.238889,0.394444,-0.887325,61.327,79.078,137.480,3772.0
Leo_9_puntos_intento_7.mp4,36,300.000,True,115.000,170.000,0.000,158.000,98.000,0.238889,0.400000,-0.884835,61.499,79.335,139.133,3783.5
Leo_9_puntos_intento_7.mp4,37,308.333,True,115.000,170.000,0.000,158.000,99.000,0.238889,0.394444,-0.887325,61.616,78.459,139.771,3761.5
Leo_9_puntos_intento_7.mp4,38,316.667,True,115.000,170.000,0.000,158.000,98.000,0.238889,0.400000,-0.884835,61.776,78.193,139.156,3746.0
Leo_9_puntos_intento_7.mp4,39,325.000,True,115.000,170.000,0.000,158.000,99.000,0.238889,0.394444,-0.887325,61.425,78.243,139.401,3732.5
Leo_9_puntos_intento_7.mp4,40,333.333,True,115.000,170.000,0.000,158.000,98.000,0.238889,0.400000,-0.884835,61.632,78.385,139.009,3756.0
Leo_9_puntos_intento_7.mp4,41,341.667,True,115.000,170.000,0.000,158.000,99.000,0.238889,0.394444,-0.887325,61.344,78.443,138.026,3734.0
Leo_9_puntos_intento_7.mp4,42,350.000,True,115.000,170.000,0.000,157.000,99.000,0.233333,0.394444,-0.888802,61.810,78.249,138.771,3747.5
Leo_9_puntos_intento_7.mp4,43,358.333,True,115.000,170.000,0.000,157.000,99.000,0.233333,0.394444,-0.888802,61.352,78.238,139.263,3722.5
Leo_9_puntos_intento_7.mp4,44,366.667,True,115.000,170.000,0.000,158.000,99.000,0.238889,0.394444,-0.887325,62.077,77.963,138.875,3757.5
Leo_9_puntos_intento_7.mp4,45,375.000,True,115.000,170.000,0.000,157.000,99.000,0.233333,0.394444,-0.888802,61.308,78.232,137.352,3733.0
Leo_9_puntos_intento_7.mp4,46,383.333,True,115.000,170.000,0.000,157.000,98.000,0.233333,0.400000,-0.886316,61.150,77.912,138.293,3710.5
Leo_9_puntos_intento_7.mp4,47,391.667,True,115.000,170.000,0.000,157.000,99.000,0.233333,0.394444,-0.888802,60.986,77.987,138.097,3695.0
Leo_9_puntos_intento_7.mp4,48,400.000,True,115.000,170.000,0.000,158.000,98.000,0.238889,0.400000,-0.884835,60.269,77.840,136.914,3626.0
Leo_9_puntos_intento_7.mp4,49,408.333,True,115.000,170.000,0.000,159.000,96.000,0.244444,0.411111,-0.878200,59.501,76.656,137.790,3535.0
Leo_9_puntos_intento_7.mp4,50,416.667,True,115.000,170.000,0.000,158.000,95.000,0.238889,0.416667,-0.877109,58.263,76.884,134.228,3462.0
Leo_9_puntos_intento_7.mp4,51,425.000,True,115.000,170.000,0.000,158.000,94.000,0.238889,0.422222,-0.874449,58.421,76.998,134.748,3499.5
Leo_9_puntos_intento_7.mp4,52,433.333,True,115.000,170.000,0.000,158.000,94.000,0.238889,0.422222,-0.874449,58.609,77.417,134.276,3512.0
Leo_9_puntos_intento_7.mp4,53,441.667,True,115.000,170.000,0.000,158.000,94.000,0.238889,0.422222,-0.874449,58.838,76.977,135.583,3505.5
Leo_9_puntos_intento_7.mp4,54,450.000,True,115.000,170.000,0.000,158.000,94.000,0.238889,0.422222,-0.874449,58.166,76.411,135.925,3448.5
Leo_9_puntos_intento_7.mp4,55,458.333,True,115.000,170.000,0.000,158.000,94.000,0.238889,0.422222,-0.874449,57.993,76.283,135.670,3431.5
Leo_9_puntos_intento_7.mp4,56,466.667,True,115.000,170.000,0.000,158.000,94.000,0.238889,0.422222,-0.874449,58.472,77.051,135.936,3477.5
Leo_9_puntos_intento_7.mp4,57,475.000,True,115.000,170.000,0.000,158.000,94.000,0.238889,0.422222,-0.874449,57.610,75.812,136.354,3398.5
Leo_9_puntos_intento_7.mp4,58,483.333,True,115.000,170.000,0.000,158.000,94.000,0.238889,0.422222,-0.874449,57.564,76.087,135.569,3392.0
Leo_9_puntos_intento_7.mp4,59,491.667,True,115.000,170.000,0.000,158.000,94.000,0.238889,0.422222,-0.874449,57.585,75.978,135.706,3402.0
Leo_9_puntos_intento_7.mp4,60,500.000,True,115.000,170.000,0.000,158.000,94.000,0.238889,0.422222,-0.874449,57.949,76.890,136.092,3460.0
Leo_9_puntos_intento_7.mp4,61,508.333,True,115.000,170.000,0.000,158.000,94.000,0.238889,0.422222,-0.874449,58.368,76.882,135.049,3455.5
Leo_9_puntos_intento_7.mp4,62,516.667,True,115.000,170.000,0.000,158.000,94.000,0.238889,0.422222,-0.874449,58.108,76.948,135.734,3452.5
Leo_9_puntos_intento_7.mp4,63,525.000,True,115.000,170.000,0.000,158.000,94.000,0.238889,0.422222,-0.874449,57.708,76.466,135.468,3417.0
Leo_9_puntos_intento_7.mp4,64,533.333,True,115.000,170.000,0.000,158.000,94.000,0.238889,0.422222,-0.874449,57.967,75.924,135.490,3425.0
Leo_9_puntos_intento_7.mp4,65,541.667,True,115.000,170.000,0.000,158.000,94.000,0.238889,0.422222,-0.874449,57.671,76.402,135.486,3415.5
Leo_9_puntos_intento_7.mp4,66,550.000,True,115.000,170.000,0.000,158.000,94.000,0.238889,0.422222,-0.874449,57.347,76.427,134.422,3385.0
Leo_9_puntos_intento_7.mp4,67,558.333,True,115.000,170.000,0.000,158.000,94.000,0.238889,0.422222,-0.874449,57.084,75.822,135.572,3365.5
Leo_9_puntos_intento_7.mp4,68,566.667,True,115.000,170.000,0.000,158.000,94.000,0.238889,0.422222,-0.874449,57.345,75.595,136.368,3383.0
Leo_9_puntos_intento_7.mp4,69,575.000,True,115.000,170.000,0.000,158.000,94.000,0.238889,0.422222,-0.874449,57.184,75.176,135.612,3350.5
Leo_9_puntos_intento_7.mp4,70,583.333,True,115.000,170.000,0.000,159.000,94.000,0.244444,0.422222,-0.872912,57.600,75.603,137.265,3362.0
Leo_9_puntos_intento_7.mp4,71,591.667,True,115.000,170.000,0.000,159.000,94.000,0.244444,0.422222,-0.872912,57.224,75.941,135.413,3353.5
Leo_9_puntos_intento_7.mp4,72,600.000,True,115.000,170.000,0.000,159.000,94.000,0.244444,0.422222,-0.872912,56.963,75.647,135.805,3339.0
Leo_9_puntos_intento_7.mp4,73,608.333,True,115.000,170.000,0.000,159.000,94.000,0.244444,0.422222,-0.872912,57.121,75.860,135.600,3332.0
Leo_9_puntos_intento_7.mp4,74,616.667,True,115.000,170.000,0.000,159.000,94.000,0.244444,0.422222,-0.872912,57.002,75.846,136.434,3346.5
Leo_9_puntos_intento_7.mp4,75,625.000,True,115.000,170.000,0.000,158.000,94.000,0.238889,0.422222,-0.874449,57.001,75.466,136.289,3321.5
Leo_9_puntos_intento_7.mp4,76,633.333,True,115.000,170.000,0.000,159.000,94.000,0.244444,0.422222,-0.872912,56.884,75.103,137.116,3313.0
Leo_9_puntos_intento_7.mp4,77,641.667,True,115.000,170.000,0.000,159.000,94.000,0.244444,0.422222,-0.872912,56.528,75.169,136.695,3301.5
Leo_9_puntos_intento_7.mp4,78,650.000,True,115.000,170.000,0.000,158.000,94.000,0.238889,0.422222,-0.874449,57.452,76.325,136.033,3406.0
Leo_9_puntos_intento_7.mp4,79,658.333,True,115.000,170.000,0.000,159.000,94.000,0.244444,0.422222,-0.872912,57.500,75.792,134.319,3373.0
Leo_9_puntos_intento_7.mp4,80,666.667,True,115.000,170.000,0.000,158.000,94.000,0.238889,0.422222,-0.874449,57.747,75.560,134.473,3389.0
Leo_9_puntos_intento_7.mp4,81,675.000,True,115.000,170.000,0.000,158.000,94.000,0.238889,0.422222,-0.874449,57.284,76.291,135.197,3380.5
Leo_9_puntos_intento_7.mp4,82,683.333,True,115.000,170.000,0.000,157.000,93.000,0.233333,0.427778,-0.873248,57.153,76.229,133.821,3375.0
Leo_9_puntos_intento_7.mp4,83,691.667,True,115.000,170.000,0.000,158.000,93.000,0.238889,0.427778,-0.871744,57.310,75.926,133.609,3370.5
Leo_9_puntos_intento_7.mp4,84,700.000,True,115.000,170.000,0.000,158.000,93.000,0.238889,0.427778,-0.871744,56.572,75.571,135.554,3317.0
Leo_9_puntos_intento_7.mp4,85,708.333,True,115.000,170.000,0.000,158.000,93.000,0.238889,0.427778,-0.871744,57.227,75.677,135.045,3317.0
Leo_9_puntos_intento_7.mp4,86,716.667,True,115.000,170.000,0.000,158.000,93.000,0.238889,0.427778,-0.871744,57.263,75.519,134.360,3334.5
Leo_9_puntos_intento_7.mp4,87,725.000,True,115.000,170.000,0.000,158.000,94.000,0.238889,0.422222,-0.874449,57.152,74.665,135.609,3304.0
Leo_9_puntos_intento_7.mp4,88,733.333,True,115.000,170.000,0.000,158.000,93.000,0.238889,0.427778,-0.871744,56.739,74.940,133.966,3295.5
Leo_9_puntos_intento_7.mp4,89,741.667,True,115.000,170.000,0.000,158.000,93.000,0.238889,0.427778,-0.871744,56.522,74.451,133.680,3262.5
Leo_9_puntos_intento_7.mp4,90,750.000,True,115.000,170.000,0.000,158.000,93.000,0.238889,0.427778,-0.871744,56.578,75.293,133.741,3295.0
Leo_9_puntos_intento_7.mp4,91,758.333,True,115.000,170.000,0.000,158.000,93.000,0.238889,0.427778,-0.871744,56.305,74.730,134.524,3272.0
Leo_9_puntos_intento_7.mp4,92,766.667,True,115.000,170.000,0.000,158.000,93.000,0.238889,0.427778,-0.871744,56.760,75.312,134.556,3286.0
Leo_9_puntos_intento_7.mp4,93,775.000,True,115.000,170.000,0.000,158.000,93.000,0.238889,0.427778,-0.871744,56.362,74.533,134.338,3265.5
Leo_9_puntos_intento_7.mp4,94,783.333,True,115.000,170.000,0.000,158.000,93.000,0.238889,0.427778,-0.871744,56.060,74.268,134.562,3228.0
Leo_9_puntos_intento_7.mp4,95,791.667,True,115.000,170.000,0.000,158.000,93.000,0.238889,0.427778,-0.871744,56.331,74.335,135.097,3243.0
Leo_9_puntos_intento_7.mp4,96,800.000,True,115.000,170.000,0.000,158.000,93.000,0.238889,0.427778,-0.871744,56.146,74.435,135.384,3229.5
Leo_9_puntos_intento_7.mp4,97,808.333,True,115.000,170.000,0.000,158.000,93.000,0.238889,0.427778,-0.871744,55.958,74.266,134.469,3208.5
Leo_9_puntos_intento_7.mp4,98,816.667,True,115.000,170.000,0.000,158.000,93.000,0.238889,0.427778,-0.871744,56.680,74.691,135.846,3260.0
Leo_9_puntos_intento_7.mp4,99,825.000,True,115.000,170.000,0.000,158.000,93.000,0.238889,0.427778,-0.871744,56.456,74.591,134.431,3244.0
Leo_9_puntos_intento_7.mp4,100,833.333,True,115.000,170.000,0.000,158.000,93.000,0.238889,0.427778,-0.871744,56.390,74.491,136.533,3229.5
Leo_9_puntos_intento_7.mp4,101,841.667,True,115.000,170.000,0.000,158.000,93.000,0.238889,0.427778,-0.871744,56.391,74.335,135.438,3227.5
Leo_9_puntos_intento_7.mp4,102,850.000,True,115.000,170.000,0.000,158.000,93.000,0.238889,0.427778,-0.871744,55.839,74.569,135.911,3241.5
Leo_9_puntos_intento_7.mp4,103,858.333,True,115.000,170.000,0.000,158.000,93.000,0.238889,0.427778,-0.871744,56.086,74.143,134.747,3243.0
Leo_9_puntos_intento_7.mp4,104,866.667,True,115.000,170.000,0.000,158.000,93.000,0.238889,0.427778,-0.871744,56.094,74.005,135.251,3226.0
Leo_9_puntos_intento_7.mp4,105,875.000,True,115.000,170.000,0.000,158.000,93.000,0.238889,0.427778,-0.871744,55.957,73.781,135.293,3208.5
Leo_9_puntos_intento_7.mp4,106,883.333,True,115.000,170.000,0.000,158.000,93.000,0.238889,0.427778,-0.871744,55.655,74.332,134.082,3198.0
Leo_9_puntos_intento_7.mp4,107,891.667,True,115.000,170.000,0.000,158.000,93.000,0.238889,0.427778,-0.871744,55.746,73.601,135.024,3169.5
Leo_9_puntos_intento_7.mp4,108,900.000,True,115.000,170.000,0.000,158.000,93.000,0.238889,0.427778,-0.871744,55.485,73.836,135.188,3186.0
Leo_9_puntos_intento_7.mp4,109,908.333,True,115.000,170.000,0.000,158.000,93.000,0.238889,0.427778,-0.871744,55.480,73.762,134.961,3149.0
Leo_9_puntos_intento_7.mp4,110,916.667,True,115.000,170.000,0.000,158.000,93.000,0.238889,0.427778,-0.871744,55.254,73.688,135.956,3147.0
Leo_9_puntos_intento_7.mp4,111,925.000,True,115.000,170.000,0.000,158.000,93.000,0.238889,0.427778,-0.871744,55.250,73.709,135.667,3142.5
Leo_9_puntos_intento_7.mp4,112,933.333,True,115.000,170.000,0.000,158.000,93.000,0.238889,0.427778,-0.871744,55.310,73.686,136.066,3141.0
Leo_9_puntos_intento_7.mp4,113,941.667,True,115.000,170.000,0.000,158.000,93.000,0.238889,0.427778,-0.871744,55.418,73.761,134.552,3142.5
Leo_9_puntos_intento_7.mp4,114,950.000,True,115.000,170.000,0.000,158.000,93.000,0.238889,0.427778,-0.871744,55.607,73.751,133.378,3149.0
Leo_9_puntos_intento_7.mp4,115,958.333,True,115.000,170.000,0.000,158.000,93.000,0.238889,0.427778,-0.871744,55.110,73.499,135.232,3134.0
Leo_9_puntos_intento_7.mp4,116,966.667,True,115.000,170.000,0.000,158.000,93.000,0.238889,0.427778,-0.871744,55.220,73.544,135.398,3146.5
Leo_9_puntos_intento_7.mp4,117,975.000,True,115.000,170.000,0.000,158.000,93.000,0.238889,0.427778,-0.871744,54.781,73.345,134.016,3111.5
Leo_9_puntos_intento_7.mp4,118,983.333,True,115.000,170.000,0.000,158.000,93.000,0.238889,0.427778,-0.871744,55.198,73.338,135.528,3128.0
Leo_9_puntos_intento_7.mp4,119,991.667,True,115.000,170.000,0.000,158.000,93.000,0.238889,0.427778,-0.871744,54.852,72.956,134.690,3102.5
Leo_9_puntos_intento_7.mp4,120,1000.000,True,115.000,170.000,0.000,158.000,93.000,0.238889,0.427778,-0.871744,54.659,72.696,134.573,3083.0
Leo_9_puntos_intento_7.mp4,121,1008.333,True,115.000,170.000,0.000,158.000,93.000,0.238889,0.427778,-0.871744,55.015,72.310,134.223,3077.5
Leo_9_puntos_intento_7.mp4,122,1016.667,True,115.000,170.000,0.000,158.000,93.000,0.238889,0.427778,-0.871744,55.077,72.357,135.488,3082.0
Leo_9_puntos_intento_7.mp4,123,1025.000,True,115.000,170.000,0.000,158.000,93.000,0.238889,0.427778,-0.871744,54.488,71.837,134.719,3031.5
Leo_9_puntos_intento_7.mp4,124,1033.333,True,115.000,170.000,0.000,158.000,93.000,0.238889,0.427778,-0.871744,54.992,72.219,134.410,3081.0
Leo_9_puntos_intento_7.mp4,125,1041.667,True,115.000,170.000,0.000,158.000,93.000,0.238889,0.427778,-0.871744,55.107,72.495,135.235,3086.0
Leo_9_puntos_intento_7.mp4,126,1050.000,True,115.000,170.000,0.000,158.000,93.000,0.238889,0.427778,-0.871744,54.885,72.788,135.823,3068.0
Leo_9_puntos_intento_7.mp4,127,1058.333,True,115.000,170.000,0.000,158.000,93.000,0.238889,0.427778,-0.871744,54.558,72.000,134.484,3037.0
Leo_9_puntos_intento_7.mp4,128,1066.667,True,115.000,170.000,0.000,158.000,93.000,0.238889,0.427778,-0.871744,54.623,72.516,134.438,3051.0
Leo_9_puntos_intento_7.mp4,129,1075.000,True,115.000,170.000,0.000,158.000,93.000,0.238889,0.427778,-0.871744,54.378,72.560,133.513,3049.0
Leo_9_puntos_intento_7.mp4,130,1083.333,True,115.000,170.000,0.000,158.000,93.000,0.238889,0.427778,-0.871744,54.720,71.799,134.878,3036.5
Leo_9_puntos_intento_7.mp4,131,1091.667,True,115.000,170.000,0.000,158.000,93.000,0.238889,0.427778,-0.871744,54.569,72.014,135.106,3038.5
Leo_9_puntos_intento_7.mp4,132,1100.000,True,115.000,170.000,0.000,158.000,93.000,0.238889,0.427778,-0.871744,54.974,71.678,134.761,3047.0
Leo_9_puntos_intento_7.mp4,133,1108.333,True,115.000,170.000,0.000,158.000,93.000,0.238889,0.427778,-0.871744,54.669,72.072,133.759,3015.5
Leo_9_puntos_intento_7.mp4,134,1116.667,True,115.000,170.000,0.000,158.000,93.000,0.238889,0.427778,-0.871744,54.645,71.810,134.431,3018.5
Leo_9_puntos_intento_7.mp4,135,1125.000,True,115.000,170.000,0.000,158.000,93.000,0.238889,0.427778,-0.871744,54.494,71.702,133.688,3028.5
Leo_9_puntos_intento_7.mp4,136,1133.333,True,115.000,170.000,0.000,158.000,93.000,0.238889,0.427778,-0.871744,55.006,72.022,133.986,3046.0
Leo_9_puntos_intento_7.mp4,137,1141.667,True,115.000,170.000,0.000,158.000,93.000,0.238889,0.427778,-0.871744,54.503,71.745,134.348,3012.0
Leo_9_puntos_intento_7.mp4,138,1150.000,True,115.000,170.000,0.000,158.000,93.000,0.238889,0.427778,-0.871744,54.643,71.434,133.538,3042.5
Leo_9_puntos_intento_7.mp4,139,1158.333,True,115.000,170.000,0.000,158.000,93.000,0.238889,0.427778,-0.871744,54.312,71.504,133.981,3003.0
Leo_9_puntos_intento_7.mp4,140,1166.667,True,115.000,170.000,0.000,158.000,93.000,0.238889,0.427778,-0.871744,54.076,71.066,134.424,2977.5
Leo_9_puntos_intento_7.mp4,141,1175.000,True,115.000,170.000,0.000,157.000,93.000,0.233333,0.427778,-0.873248,54.943,71.673,132.405,3001.0
Leo_9_puntos_intento_7.mp4,142,1183.333,True,115.000,170.000,0.000,158.000,93.000,0.238889,0.427778,-0.871744,54.861,71.650,132.892,3010.5
Leo_9_puntos_intento_7.mp4,143,1191.667,True,115.000,170.000,0.000,158.000,93.000,0.238889,0.427778,-0.871744,54.591,71.012,133.324,2979.5
Leo_9_puntos_intento_7.mp4,144,1200.000,True,115.000,170.000,0.000,158.000,93.000,0.238889,0.427778,-0.871744,54.429,71.720,132.496,3009.5
Leo_9_puntos_intento_7.mp4,145,1208.333,True,115.000,170.000,0.000,158.000,93.000,0.238889,0.427778,-0.871744,54.465,70.987,135.522,2967.5
Leo_9_puntos_intento_7.mp4,146,1216.667,True,115.000,170.000,0.000,158.000,93.000,0.238889,0.427778,-0.871744,54.222,71.121,134.607,2969.0
Leo_9_puntos_intento_7.mp4,147,1225.000,True,115.000,170.000,0.000,158.000,93.000,0.238889,0.427778,-0.871744,53.959,70.984,135.681,2940.5
Leo_9_puntos_intento_7.mp4,148,1233.333,True,115.000,170.000,0.000,158.000,93.000,0.238889,0.427778,-0.871744,54.704,70.680,134.569,2964.5
Leo_9_puntos_intento_7.mp4,149,1241.667,True,115.000,170.000,0.000,158.000,93.000,0.238889,0.427778,-0.871744,54.287,71.263,135.805,2980.5
Leo_9_puntos_intento_7.mp4,150,1250.000,True,115.000,170.000,0.000,158.000,93.000,0.238889,0.427778,-0.871744,54.579,70.672,135.038,2975.0
Leo_9_puntos_intento_7.mp4,151,1258.333,True,115.000,170.000,0.000,158.000,93.000,0.238889,0.427778,-0.871744,54.310,70.830,134.477,2956.0
Leo_9_puntos_intento_7.mp4,152,1266.667,True,115.000,170.000,0.000,158.000,93.000,0.238889,0.427778,-0.871744,54.355,71.300,134.167,2986.5
Leo_9_puntos_intento_7.mp4,153,1275.000,True,115.000,170.000,0.000,158.000,93.000,0.238889,0.427778,-0.871744,54.193,71.074,135.518,2972.5
Leo_9_puntos_intento_7.mp4,154,1283.333,True,115.000,170.000,0.000,158.000,93.000,0.238889,0.427778,-0.871744,54.263,71.072,136.200,2988.0
Leo_9_puntos_intento_7.mp4,155,1291.667,True,115.000,170.000,0.000,158.000,93.000,0.238889,0.427778,-0.871744,54.174,71.071,135.652,2975.0
Leo_9_puntos_intento_7.mp4,156,1300.000,True,115.000,170.000,0.000,158.000,93.000,0.238889,0.427778,-0.871744,54.729,70.731,133.075,2988.0
Leo_9_puntos_intento_7.mp4,157,1308.333,True,115.000,170.000,0.000,158.000,93.000,0.238889,0.427778,-0.871744,54.046,71.009,134.776,2968.5
Leo_9_puntos_intento_7.mp4,158,1316.667,True,115.000,170.000,0.000,158.000,93.000,0.238889,0.427778,-0.871744,54.428,71.107,134.057,2989.0
Leo_9_puntos_intento_7.mp4,159,1325.000,True,115.000,170.000,0.000,158.000,93.000,0.238889,0.427778,-0.871744,54.056,71.200,136.153,2980.5
Leo_9_puntos_intento_7.mp4,160,1333.333,True,115.000,170.000,0.000,158.000,93.000,0.238889,0.427778,-0.871744,53.939,70.655,134.543,2962.5
Leo_9_puntos_intento_7.mp4,161,1341.667,True,115.000,170.000,0.000,158.000,93.000,0.238889,0.427778,-0.871744,54.262,70.763,136.051,2972.5
Leo_9_puntos_intento_7.mp4,162,1350.000,True,115.000,170.000,0.000,158.000,93.000,0.238889,0.427778,-0.871744,54.192,70.963,133.735,2985.0
Leo_9_puntos_intento_7.mp4,163,1358.333,True,115.000,170.000,0.000,158.000,93.000,0.238889,0.427778,-0.871744,54.250,71.426,134.415,2986.5
Leo_9_puntos_intento_7.mp4,164,1366.667,True,115.000,170.000,0.000,157.000,93.000,0.233333,0.427778,-0.873248,54.618,71.803,134.495,3010.0
Leo_9_puntos_intento_7.mp4,165,1375.000,True,115.000,170.000,0.000,157.000,93.000,0.233333,0.427778,-0.873248,54.106,71.709,135.758,3003.0
Leo_9_puntos_intento_7.mp4,166,1383.333,True,115.000,170.000,0.000,158.000,93.000,0.238889,0.427778,-0.871744,54.255,71.493,134.246,2997.5
Leo_9_puntos_intento_7.mp4,167,1391.667,True,115.000,170.000,0.000,158.000,93.000,0.238889,0.427778,-0.871744,54.677,72.194,133.485,3025.0
Leo_9_puntos_intento_7.mp4,168,1400.000,True,115.000,170.000,0.000,158.000,93.000,0.238889,0.427778,-0.871744,54.598,72.156,134.947,3026.0
Leo_9_puntos_intento_7.mp4,169,1408.333,True,115.000,170.000,0.000,158.000,93.000,0.238889,0.427778,-0.871744,54.958,71.587,136.230,3014.0
Leo_9_puntos_intento_7.mp4,170,1416.667,True,115.000,170.000,0.000,158.000,93.000,0.238889,0.427778,-0.871744,54.270,71.889,135.602,3020.5
Leo_9_puntos_intento_7.mp4,171,1425.000,True,115.000,170.000,0.000,158.000,93.000,0.238889,0.427778,-0.871744,54.494,71.549,135.086,3009.5
Leo_9_puntos_intento_7.mp4,172,1433.333,True,115.000,170.000,0.000,158.000,93.000,0.238889,0.427778,-0.871744,55.063,71.151,136.623,3023.5
Leo_9_puntos_intento_7.mp4,173,1441.667,True,115.000,170.000,0.000,158.000,93.000,0.238889,0.427778,-0.871744,54.458,72.025,135.580,3038.0
Leo_9_puntos_intento_7.mp4,174,1450.000,True,115.000,170.000,0.000,157.000,93.000,0.233333,0.427778,-0.873248,54.464,71.770,136.385,3029.0
Leo_9_puntos_intento_7.mp4,175,1458.333,True,115.000,170.000,0.000,157.000,93.000,0.233333,0.427778,-0.873248,54.085,72.117,135.718,3009.0
Leo_9_puntos_intento_7.mp4,176,1466.667,True,115.000,170.000,0.000,157.000,93.000,0.233333,0.427778,-0.873248,54.833,72.420,135.704,3054.5
Leo_9_puntos_intento_7.mp4,177,1475.000,True,115.000,170.000,0.000,157.000,93.000,0.233333,0.427778,-0.873248,54.778,72.373,135.190,3052.5
Leo_9_puntos_intento_7.mp4,178,1483.333,True,115.000,170.000,0.000,158.000,93.000,0.238889,0.427778,-0.871744,54.796,72.152,135.260,3060.5
Leo_9_puntos_intento_7.mp4,179,1491.667,True,115.000,170.000,0.000,158.000,93.000,0.238889,0.427778,-0.871744,54.787,72.016,135.760,3061.0
Leo_9_puntos_intento_7.mp4,180,1500.000,True,115.000,170.000,0.000,158.000,93.000,0.238889,0.427778,-0.871744,55.283,72.370,136.086,3088.5
Leo_9_puntos_intento_7.mp4,181,1508.333,True,115.000,170.000,0.000,157.000,93.000,0.233333,0.427778,-0.873248,54.939,72.767,134.051,3063.5
Leo_9_puntos_intento_7.mp4,182,1516.667,True,115.000,170.000,0.000,158.000,93.000,0.238889,0.427778,-0.871744,55.293,72.790,136.061,3093.0
Leo_9_puntos_intento_7.mp4,183,1525.000,True,115.000,170.000,0.000,158.000,93.000,0.238889,0.427778,-0.871744,55.055,72.807,134.072,3095.5
Leo_9_puntos_intento_7.mp4,184,1533.333,True,115.000,170.000,0.000,158.000,93.000,0.238889,0.427778,-0.871744,55.414,73.187,134.593,3110.0
Leo_9_puntos_intento_7.mp4,185,1541.667,True,115.000,170.000,0.000,158.000,93.000,0.238889,0.427778,-0.871744,55.402,72.966,135.485,3114.0
Leo_9_puntos_intento_7.mp4,186,1550.000,True,115.000,170.000,0.000,158.000,94.000,0.238889,0.422222,-0.874449,55.558,72.968,136.096,3141.0
Leo_9_puntos_intento_7.mp4,187,1558.333,True,115.000,170.000,0.000,158.000,93.000,0.238889,0.427778,-0.871744,55.212,73.160,135.039,3130.0
Leo_9_puntos_intento_7.mp4,188,1566.667,True,115.000,170.000,0.000,158.000,94.000,0.238889,0.422222,-0.874449,55.824,73.133,135.087,3150.5
Leo_9_puntos_intento_7.mp4,189,1575.000,True,115.000,170.000,0.000,158.000,94.000,0.238889,0.422222,-0.874449,55.638,73.659,135.706,3138.5
Leo_9_puntos_intento_7.mp4,190,1583.333,True,115.000,170.000,0.000,158.000,94.000,0.238889,0.422222,-0.874449,55.464,73.631,135.221,3167.0
Leo_9_puntos_intento_7.mp4,191,1591.667,True,115.000,170.000,0.000,158.000,94.000,0.238889,0.422222,-0.874449,55.290,73.992,135.705,3169.5
Leo_9_puntos_intento_7.mp4,192,1600.000,True,115.000,170.000,0.000,158.000,94.000,0.238889,0.422222,-0.874449,55.945,73.782,136.359,3187.5
Leo_9_puntos_intento_7.mp4,193,1608.333,True,115.000,170.000,0.000,158.000,94.000,0.238889,0.422222,-0.874449,56.305,73.474,136.126,3170.5
Leo_9_puntos_intento_7.mp4,194,1616.667,True,115.000,170.000,0.000,158.000,94.000,0.238889,0.422222,-0.874449,55.662,73.879,134.132,3166.5
Leo_9_puntos_intento_7.mp4,195,1625.000,True,115.000,170.000,0.000,158.000,94.000,0.238889,0.422222,-0.874449,55.747,74.224,135.966,3195.0
Leo_9_puntos_intento_7.mp4,196,1633.333,True,115.000,170.000,0.000,158.000,94.000,0.238889,0.422222,-0.874449,55.994,74.512,135.974,3217.0
Leo_9_puntos_intento_7.mp4,197,1641.667,True,115.000,170.000,0.000,158.000,94.000,0.238889,0.422222,-0.874449,55.768,74.552,136.150,3215.5
Leo_9_puntos_intento_7.mp4,198,1650.000,True,115.000,170.000,0.000,158.000,94.000,0.238889,0.422222,-0.874449,56.209,73.994,136.029,3231.5
Leo_9_puntos_intento_7.mp4,199,1658.333,True,115.000,170.000,0.000,158.000,94.000,0.238889,0.422222,-0.874449,55.966,74.136,135.344,3214.0
Leo_9_puntos_intento_7.mp4,200,1666.667,True,115.000,170.000,0.000,158.000,94.000,0.238889,0.422222,-0.874449,56.444,74.419,135.514,3246.0
Leo_9_puntos_intento_7.mp4,201,1675.000,True,115.000,170.000,0.000,158.000,94.000,0.238889,0.422222,-0.874449,55.931,74.471,135.534,3227.0
Leo_9_puntos_intento_7.mp4,202,1683.333,True,115.000,170.000,0.000,157.000,94.000,0.233333,0.422222,-0.875947,56.643,75.196,135.783,3285.5
Leo_9_puntos_intento_7.mp4,203,1691.667,True,115.000,170.000,0.000,158.000,94.000,0.238889,0.422222,-0.874449,55.957,74.557,135.940,3239.0
Leo_9_puntos_intento_7.mp4,204,1700.000,True,115.000,170.000,0.000,157.000,94.000,0.233333,0.422222,-0.875947,56.382,74.801,136.029,3282.0
Leo_9_puntos_intento_7.mp4,205,1708.333,True,115.000,170.000,0.000,157.000,94.000,0.233333,0.422222,-0.875947,56.781,74.701,135.617,3267.0
Leo_9_puntos_intento_7.mp4,206,1716.667,True,115.000,170.000,0.000,158.000,94.000,0.238889,0.422222,-0.874449,56.942,74.238,135.587,3277.5
Leo_9_puntos_intento_7.mp4,207,1725.000,True,115.000,170.000,0.000,157.000,94.000,0.233333,0.422222,-0.875947,56.804,74.862,134.666,3290.5
Leo_9_puntos_intento_7.mp4,208,1733.333,True,115.000,170.000,0.000,157.000,94.000,0.233333,0.422222,-0.875947,56.744,74.800,135.636,3290.0
Leo_9_puntos_intento_7.mp4,209,1741.667,True,115.000,170.000,0.000,157.000,94.000,0.233333,0.422222,-0.875947,57.116,75.218,134.111,3290.0
Leo_9_puntos_intento_7.mp4,210,1750.000,True,115.000,170.000,0.000,157.000,94.000,0.233333,0.422222,-0.875947,56.853,75.452,135.513,3309.5
Leo_9_puntos_intento_7.mp4,211,1758.333,True,115.000,170.000,0.000,157.000,94.000,0.233333,0.422222,-0.875947,56.709,74.983,135.664,3283.0
Leo_9_puntos_intento_7.mp4,212,1766.667,True,115.000,170.000,0.000,157.000,94.000,0.233333,0.422222,-0.875947,56.947,75.181,135.153,3316.0
Leo_9_puntos_intento_7.mp4,213,1775.000,True,115.000,170.000,0.000,157.000,94.000,0.233333,0.422222,-0.875947,56.602,75.044,134.332,3285.0
Leo_9_puntos_intento_7.mp4,214,1783.333,True,115.000,170.000,0.000,157.000,94.000,0.233333,0.422222,-0.875947,57.245,74.700,135.598,3307.0
Leo_9_puntos_intento_7.mp4,215,1791.667,True,115.000,170.000,0.000,157.000,94.000,0.233333,0.422222,-0.875947,57.370,74.608,136.044,3305.0
Leo_9_puntos_intento_7.mp4,216,1800.000,True,115.000,170.000,0.000,157.000,94.000,0.233333,0.422222,-0.875947,57.273,74.656,135.225,3316.5
Leo_9_puntos_intento_7.mp4,217,1808.333,True,115.000,170.000,0.000,157.000,94.000,0.233333,0.422222,-0.875947,57.293,74.676,136.062,3282.0
Leo_9_puntos_intento_7.mp4,218,1816.667,True,115.000,170.000,0.000,157.000,94.000,0.233333,0.422222,-0.875947,57.133,74.737,135.880,3293.0
Leo_9_puntos_intento_7.mp4,219,1825.000,True,115.000,170.000,0.000,157.000,94.000,0.233333,0.422222,-0.875947,57.047,75.122,136.533,3307.0
Leo_9_puntos_intento_7.mp4,220,1833.333,True,115.000,170.000,0.000,157.000,94.000,0.233333,0.422222,-0.875947,56.713,75.038,136.012,3308.0
Leo_9_puntos_intento_7.mp4,221,1841.667,True,115.000,170.000,0.000,157.000,94.000,0.233333,0.422222,-0.875947,56.968,74.857,136.031,3310.0
Leo_9_puntos_intento_7.mp4,222,1850.000,True,115.000,170.000,0.000,157.000,94.000,0.233333,0.422222,-0.875947,56.737,75.424,134.770,3316.5
Leo_9_puntos_intento_7.mp4,223,1858.333,True,115.000,170.000,0.000,157.000,94.000,0.233333,0.422222,-0.875947,56.853,74.844,135.245,3293.5
Leo_9_puntos_intento_7.mp4,224,1866.667,True,115.000,170.000,0.000,157.000,94.000,0.233333,0.422222,-0.875947,56.796,75.419,134.932,3301.5
Leo_9_puntos_intento_7.mp4,225,1875.000,True,115.000,170.000,0.000,157.000,94.000,0.233333,0.422222,-0.875947,56.686,75.240,135.772,3294.0
Leo_9_puntos_intento_7.mp4,226,1883.333,True,115.000,170.000,0.000,157.000,94.000,0.233333,0.422222,-0.875947,56.918,75.218,134.775,3313.0
Leo_9_puntos_intento_7.mp4,227,1891.667,True,115.000,170.000,0.000,157.000,94.000,0.233333,0.422222,-0.875947,56.659,74.758,135.651,3281.5
Leo_9_puntos_intento_7.mp4,228,1900.000,True,115.000,170.000,0.000,157.000,94.000,0.233333,0.422222,-0.875947,57.280,74.799,135.182,3308.5
Leo_9_puntos_intento_7.mp4,229,1908.333,True,115.000,170.000,0.000,157.000,94.000,0.233333,0.422222,-0.875947,57.098,75.272,135.208,3304.0
Leo_9_puntos_intento_7.mp4,230,1916.667,True,115.000,170.000,0.000,157.000,94.000,0.233333,0.422222,-0.875947,57.074,74.977,135.510,3315.0
Leo_9_puntos_intento_7.mp4,231,1925.000,True,115.000,170.000,0.000,157.000,94.000,0.233333,0.422222,-0.875947,57.002,74.879,135.454,3306.0
Leo_9_puntos_intento_7.mp4,232,1933.333,True,115.000,170.000,0.000,157.000,94.000,0.233333,0.422222,-0.875947,56.930,75.145,134.858,3330.5
Leo_9_puntos_intento_7.mp4,233,1941.667,True,115.000,170.000,0.000,157.000,94.000,0.233333,0.422222,-0.875947,56.664,75.374,133.636,3315.5
Leo_9_puntos_intento_7.mp4,234,1950.000,True,115.000,170.000,0.000,157.000,94.000,0.233333,0.422222,-0.875947,57.001,75.879,135.789,3337.5
Leo_9_puntos_intento_7.mp4,235,1958.333,True,115.000,170.000,0.000,157.000,94.000,0.233333,0.422222,-0.875947,56.707,75.513,134.821,3317.5
Leo_9_puntos_intento_7.mp4,236,1966.667,True,115.000,170.000,0.000,157.000,94.000,0.233333,0.422222,-0.875947,57.170,75.665,134.658,3355.0
Leo_9_puntos_intento_7.mp4,237,1975.000,True,115.000,170.000,0.000,157.000,94.000,0.233333,0.422222,-0.875947,56.877,75.615,135.072,3334.0
Leo_9_puntos_intento_7.mp4,238,1983.333,True,115.000,170.000,0.000,157.000,94.000,0.233333,0.422222,-0.875947,57.031,75.940,135.138,3343.5
Leo_9_puntos_intento_7.mp4,239,1991.667,True,115.000,170.000,0.000,157.000,94.000,0.233333,0.422222,-0.875947,57.246,75.140,135.609,3336.5
Leo_9_puntos_intento_7.mp4,240,2000.000,True,115.000,170.000,0.000,157.000,94.000,0.233333,0.422222,-0.875947,57.176,75.536,135.529,3352.5
Leo_9_puntos_intento_7.mp4,241,2008.333,True,115.000,170.000,0.000,157.000,94.000,0.233333,0.422222,-0.875947,56.803,75.948,134.352,3322.0
Leo_9_puntos_intento_7.mp4,242,2016.667,True,115.000,170.000,0.000,157.000,94.000,0.233333,0.422222,-0.875947,57.144,75.839,135.423,3354.0
Leo_9_puntos_intento_7.mp4,243,2025.000,True,115.000,170.000,0.000,157.000,94.000,0.233333,0.422222,-0.875947,57.097,75.717,134.934,3352.0
Leo_9_puntos_intento_7.mp4,244,2033.333,True,115.000,170.000,0.000,157.000,94.000,0.233333,0.422222,-0.875947,56.878,75.367,135.563,3305.0
Leo_9_puntos_intento_7.mp4,245,2041.667,True,115.000,170.000,0.000,157.000,94.000,0.233333,0.422222,-0.875947,57.658,75.708,134.838,3364.0
Leo_9_puntos_intento_7.mp4,246,2050.000,True,115.000,170.000,0.000,157.000,94.000,0.233333,0.422222,-0.875947,57.252,75.308,135.157,3340.5
Leo_9_puntos_intento_7.mp4,247,2058.333,True,115.000,170.000,0.000,157.000,94.000,0.233333,0.422222,-0.875947,56.996,75.595,133.740,3326.0
Leo_9_puntos_intento_7.mp4,248,2066.667,True,115.000,170.000,0.000,157.000,94.000,0.233333,0.422222,-0.875947,57.337,75.413,134.580,3334.0
Leo_9_puntos_intento_7.mp4,249,2075.000,True,115.000,170.000,0.000,157.000,94.000,0.233333,0.422222,-0.875947,57.389,75.944,135.537,3368.5
Leo_9_puntos_intento_7.mp4,250,2083.333,True,115.000,170.000,0.000,157.000,94.000,0.233333,0.422222,-0.875947,57.455,76.365,134.885,3377.0
Leo_9_puntos_intento_7.mp4,251,2091.667,True,115.000,170.000,0.000,157.000,94.000,0.233333,0.422222,-0.875947,57.773,76.308,133.777,3383.5
Leo_9_puntos_intento_7.mp4,252,2100.000,True,115.000,170.000,0.000,157.000,94.000,0.233333,0.422222,-0.875947,57.647,76.333,133.780,3399.5
Leo_9_puntos_intento_7.mp4,253,2108.333,True,115.000,170.000,0.000,157.000,94.000,0.233333,0.422222,-0.875947,57.643,75.866,135.352,3374.5
Leo_9_puntos_intento_7.mp4,254,2116.667,True,115.000,170.000,0.000,157.000,94.000,0.233333,0.422222,-0.875947,57.654,75.528,135.137,3367.0
Leo_9_puntos_intento_7.mp4,255,2125.000,True,115.000,170.000,0.000,157.000,94.000,0.233333,0.422222,-0.875947,57.688,76.094,134.667,3403.0
Leo_9_puntos_intento_7.mp4,256,2133.333,True,115.000,170.000,0.000,157.000,94.000,0.233333,0.422222,-0.875947,57.660,76.122,135.404,3397.0
Leo_9_puntos_intento_7.mp4,257,2141.667,True,115.000,170.000,0.000,157.000,94.000,0.233333,0.422222,-0.875947,57.664,76.477,135.132,3393.5
Leo_9_puntos_intento_7.mp4,258,2150.000,True,115.000,170.000,0.000,157.000,94.000,0.233333,0.422222,-0.875947,57.573,76.244,135.854,3412.0
Leo_9_puntos_intento_7.mp4,259,2158.333,True,115.000,170.000,0.000,157.000,94.000,0.233333,0.422222,-0.875947,57.470,76.063,134.989,3399.5
Leo_9_puntos_intento_7.mp4,260,2166.667,True,115.000,170.000,0.000,157.000,94.000,0.233333,0.422222,-0.875947,58.039,76.379,134.474,3432.0
Leo_9_puntos_intento_7.mp4,261,2175.000,True,115.000,170.000,0.000,157.000,94.000,0.233333,0.422222,-0.875947,57.759,76.410,134.858,3410.5
Leo_9_puntos_intento_7.mp4,262,2183.333,True,115.000,170.000,0.000,157.000,94.000,0.233333,0.422222,-0.875947,57.688,76.455,135.248,3413.5
Leo_9_puntos_intento_7.mp4,263,2191.667,True,115.000,170.000,0.000,157.000,94.000,0.233333,0.422222,-0.875947,57.888,76.783,134.252,3424.0
Leo_9_puntos_intento_7.mp4,264,2200.000,True,115.000,170.000,0.000,157.000,94.000,0.233333,0.422222,-0.875947,58.577,76.633,135.226,3465.0
Leo_9_puntos_intento_7.mp4,265,2208.333,True,115.000,170.000,0.000,157.000,94.000,0.233333,0.422222,-0.875947,57.988,76.922,134.956,3450.0
Leo_9_puntos_intento_7.mp4,266,2216.667,True,115.000,170.000,0.000,157.000,94.000,0.233333,0.422222,-0.875947,58.289,76.969,135.591,3480.0
Leo_9_puntos_intento_7.mp4,267,2225.000,True,115.000,170.000,0.000,157.000,94.000,0.233333,0.422222,-0.875947,58.231,76.891,135.966,3482.0
Leo_9_puntos_intento_7.mp4,268,2233.333,True,115.000,170.000,0.000,157.000,94.000,0.233333,0.422222,-0.875947,58.520,77.233,135.637,3484.5
Leo_9_puntos_intento_7.mp4,269,2241.667,True,115.000,170.000,0.000,157.000,94.000,0.233333,0.422222,-0.875947,58.517,77.195,134.789,3492.5
Leo_9_puntos_intento_7.mp4,270,2250.000,True,115.000,170.000,0.000,157.000,94.000,0.233333,0.422222,-0.875947,58.017,76.661,135.905,3421.0
Leo_9_puntos_intento_7.mp4,271,2258.333,True,115.000,170.000,0.000,157.000,94.000,0.233333,0.422222,-0.875947,57.772,76.581,135.528,3428.5
Leo_9_puntos_intento_7.mp4,272,2266.667,True,115.000,170.000,0.000,157.000,94.000,0.233333,0.422222,-0.875947,57.701,76.715,134.158,3421.5
Leo_9_puntos_intento_7.mp4,273,2275.000,True,115.000,170.000,0.000,157.000,94.000,0.233333,0.422222,-0.875947,57.737,76.786,135.807,3426.0
Leo_9_puntos_intento_7.mp4,274,2283.333,True,115.000,170.000,0.000,157.000,94.000,0.233333,0.422222,-0.875947,57.793,76.794,134.341,3436.5
Leo_9_puntos_intento_7.mp4,275,2291.667,True,115.000,170.000,0.000,157.000,94.000,0.233333,0.422222,-0.875947,57.882,77.149,133.764,3464.0
Leo_9_puntos_intento_7.mp4,276,2300.000,True,115.000,170.000,0.000,157.000,94.000,0.233333,0.422222,-0.875947,58.671,77.098,134.282,3520.5
Leo_9_puntos_intento_7.mp4,277,2308.333,True,115.000,170.000,0.000,157.000,94.000,0.233333,0.422222,-0.875947,58.548,77.171,134.839,3498.0
Leo_9_puntos_intento_7.mp4,278,2316.667,True,115.000,170.000,0.000,157.000,94.000,0.233333,0.422222,-0.875947,58.643,77.394,135.371,3520.5
Leo_9_puntos_intento_7.mp4,279,2325.000,True,115.000,170.000,0.000,157.000,95.000,0.233333,0.416667,-0.878604,58.890,77.664,135.690,3513.5
Leo_9_puntos_intento_7.mp4,280,2333.333,True,115.000,170.000,0.000,156.000,94.000,0.227778,0.422222,-0.877409,58.694,77.908,133.514,3520.5
Leo_9_puntos_intento_7.mp4,281,2341.667,True,115.000,170.000,0.000,157.000,94.000,0.233333,0.422222,-0.875947,58.716,77.213,135.136,3525.5
Leo_9_puntos_intento_7.mp4,282,2350.000,True,115.000,170.000,0.000,156.000,94.000,0.227778,0.422222,-0.877409,58.473,77.678,135.149,3510.5
Leo_9_puntos_intento_7.mp4,283,2358.333,True,115.000,170.000,0.000,156.000,94.000,0.227778,0.422222,-0.877409,58.729,78.353,135.147,3563.0
Leo_9_puntos_intento_7.mp4,284,2366.667,True,115.000,170.000,0.000,156.000,94.000,0.227778,0.422222,-0.877409,58.998,77.886,134.424,3542.5
Leo_9_puntos_intento_7.mp4,285,2375.000,True,115.000,170.000,0.000,156.000,94.000,0.227778,0.422222,-0.877409,58.674,78.348,134.601,3548.0
Leo_9_puntos_intento_7.mp4,286,2383.333,True,115.000,170.000,0.000,156.000,94.000,0.227778,0.422222,-0.877409,58.900,78.880,133.676,3586.5
Leo_9_puntos_intento_7.mp4,287,2391.667,True,115.000,170.000,0.000,156.000,94.000,0.227778,0.422222,-0.877409,58.692,78.435,134.670,3561.0
Leo_9_puntos_intento_7.mp4,288,2400.000,True,115.000,170.000,0.000,157.000,95.000,0.233333,0.416667,-0.878604,59.340,78.198,135.245,3616.5
Leo_9_puntos_intento_7.mp4,289,2408.333,True,115.000,170.000,0.000,156.000,94.000,0.227778,0.422222,-0.877409,59.451,78.228,134.919,3606.5
Leo_9_puntos_intento_7.mp4,290,2416.667,True,115.000,170.000,0.000,156.000,94.000,0.227778,0.422222,-0.877409,59.410,79.145,134.583,3646.0
Leo_9_puntos_intento_7.mp4,291,2425.000,True,115.000,170.000,0.000,156.000,95.000,0.227778,0.416667,-0.880060,59.752,79.038,135.055,3636.5
Leo_9_puntos_intento_7.mp4,292,2433.333,True,115.000,170.000,0.000,156.000,95.000,0.227778,0.416667,-0.880060,59.396,78.912,134.790,3638.5
Leo_9_puntos_intento_7.mp4,293,2441.667,True,115.000,170.000,0.000,156.000,95.000,0.227778,0.416667,-0.880060,59.520,79.281,133.638,3646.5
Leo_9_puntos_intento_7.mp4,294,2450.000,True,115.000,170.000,0.000,156.000,94.000,0.227778,0.422222,-0.877409,59.822,79.765,133.935,3687.5
Leo_9_puntos_intento_7.mp4,295,2458.333,True,115.000,170.000,0.000,156.000,95.000,0.227778,0.416667,-0.880060,59.592,79.424,134.137,3657.5
Leo_9_puntos_intento_7.mp4,296,2466.667,True,115.000,170.000,0.000,156.000,95.000,0.227778,0.416667,-0.880060,60.153,79.695,134.126,3686.5
Leo_9_puntos_intento_7.mp4,297,2475.000,True,115.000,170.000,0.000,153.000,95.000,0.211111,0.416667,-0.884206,60.982,78.215,134.901,3691.0
Leo_9_puntos_intento_7.mp4,298,2483.333,True,115.000,170.000,0.000,144.000,95.000,0.161111,0.416667,-0.894669,65.700,79.880,122.773,4069.5
Leo_9_puntos_intento_7.mp4,299,2491.667,True,115.000,170.000,0.000,132.000,95.000,0.094444,0.416667,-0.904140,69.085,78.829,123.215,4216.0
Leo_9_puntos_intento_7.mp4,300,2500.000,True,115.000,170.000,0.000,121.000,96.000,0.033333,0.411111,-0.910976,70.227,79.048,126.729,4222.5
Leo_9_puntos_intento_7.mp4,301,2508.333,True,115.000,170.000,0.000,114.000,97.000,-0.005556,0.405556,-0.914054,70.885,80.192,123.823,4300.5
Leo_9_puntos_intento_7.mp4,302,2516.667,True,115.000,170.000,0.000,111.000,97.000,-0.022222,0.405556,-0.913800,70.266,80.844,126.664,4271.0
Leo_9_puntos_intento_7.mp4,303,2525.000,True,115.000,170.000,0.000,111.000,97.000,-0.022222,0.405556,-0.913800,69.874,81.011,124.576,4280.0
Leo_9_puntos_intento_7.mp4,304,2533.333,True,115.000,170.000,0.000,111.000,97.000,-0.022222,0.405556,-0.913800,69.618,80.837,126.480,4259.0
Leo_9_puntos_intento_7.mp4,305,2541.667,True,115.000,170.000,0.000,112.000,97.000,-0.016667,0.405556,-0.913918,69.657,81.342,126.687,4282.5
Leo_9_puntos_intento_7.mp4,306,2550.000,True,115.000,170.000,0.000,112.000,97.000,-0.016667,0.405556,-0.913918,70.672,81.957,124.695,4368.0
Leo_9_puntos_intento_7.mp4,307,2558.333,True,115.000,170.000,0.000,112.000,97.000,-0.016667,0.405556,-0.913918,70.251,81.574,124.729,4333.0
Leo_9_puntos_intento_7.mp4,308,2566.667,True,115.000,170.000,0.000,112.000,97.000,-0.016667,0.405556,-0.913918,70.790,81.123,129.507,4355.0
Leo_9_puntos_intento_7.mp4,309,2575.000,True,115.000,170.000,0.000,112.000,97.000,-0.016667,0.405556,-0.913918,70.912,81.039,124.631,4333.5
Leo_9_puntos_intento_7.mp4,310,2583.333,True,115.000,170.000,0.000,112.000,97.000,-0.016667,0.405556,-0.913918,70.051,81.146,127.448,4355.0
Leo_9_puntos_intento_7.mp4,311,2591.667,True,115.000,170.000,0.000,112.000,97.000,-0.016667,0.405556,-0.913918,70.646,81.497,129.635,4361.5
Leo_9_puntos_intento_7.mp4,312,2600.000,True,115.000,170.000,0.000,112.000,97.000,-0.016667,0.405556,-0.913918,70.992,81.350,124.795,4364.0
Leo_9_puntos_intento_7.mp4,313,2608.333,True,115.000,170.000,0.000,112.000,97.000,-0.016667,0.405556,-0.913918,70.394,81.402,128.645,4314.0
Leo_9_puntos_intento_7.mp4,314,2616.667,True,115.000,170.000,0.000,112.000,96.000,-0.016667,0.411111,-0.911433,69.952,81.916,128.598,4353.5
Leo_9_puntos_intento_7.mp4,315,2625.000,True,115.000,170.000,0.000,112.000,96.000,-0.016667,0.411111,-0.911433,69.819,81.407,128.820,4303.0
Leo_9_puntos_intento_7.mp4,316,2633.333,True,115.000,170.000,0.000,112.000,97.000,-0.016667,0.405556,-0.913918,70.316,81.492,132.213,4327.5
Leo_9_puntos_intento_7.mp4,317,2641.667,True,115.000,170.000,0.000,112.000,96.000,-0.016667,0.411111,-0.911433,69.623,81.346,130.081,4313.0
Leo_9_puntos_intento_7.mp4,318,2650.000,True,115.000,170.000,0.000,112.000,96.000,-0.016667,0.411111,-0.911433,70.428,81.581,129.820,4376.5
Leo_9_puntos_intento_7.mp4,319,2658.333,True,115.000,170.000,0.000,113.000,96.000,-0.011111,0.411111,-0.911518,69.732,81.334,131.201,4332.0
Leo_9_puntos_intento_7.mp4,320,2666.667,True,115.000,170.000,0.000,112.000,96.000,-0.016667,0.411111,-0.911433,69.906,81.366,128.890,4338.0
Leo_9_puntos_intento_7.mp4,321,2675.000,True,115.000,170.000,0.000,113.000,97.000,-0.011111,0.405556,-0.914003,70.117,80.097,131.495,4283.5
Leo_9_puntos_intento_7.mp4,322,2683.333,True,115.000,170.000,0.000,112.000,97.000,-0.016667,0.405556,-0.913918,69.897,80.938,130.021,4297.0
Leo_9_puntos_intento_7.mp4,323,2691.667,True,115.000,170.000,0.000,112.000,96.000,-0.016667,0.411111,-0.911433,69.535,81.068,129.674,4275.0
Leo_9_puntos_intento_7.mp4,324,2700.000,True,115.000,170.000,0.000,112.000,96.000,-0.016667,0.411111,-0.911433,69.924,80.680,126.809,4283.5
Leo_9_puntos_intento_7.mp4,325,2708.333,True,115.000,170.000,0.000,113.000,96.000,-0.011111,0.411111,-0.911518,69.681,80.628,131.731,4279.0
Leo_9_puntos_intento_7.mp4,326,2716.667,True,115.000,170.000,0.000,112.000,96.000,-0.016667,0.411111,-0.911433,69.979,80.223,129.832,4262.5
Leo_9_puntos_intento_7.mp4,327,2725.000,True,115.000,170.000,0.000,113.000,96.000,-0.011111,0.411111,-0.911518,69.682,80.002,129.392,4283.0
Leo_9_puntos_intento_7.mp4,328,2733.333,True,115.000,170.000,0.000,113.000,96.000,-0.011111,0.411111,-0.911518,69.384,79.857,132.637,4250.0
Leo_9_puntos_intento_7.mp4,329,2741.667,True,115.000,170.000,0.000,112.000,96.000,-0.016667,0.411111,-0.911433,69.539,80.037,130.470,4236.5
Leo_9_puntos_intento_7.mp4,330,2750.000,True,115.000,170.000,0.000,113.000,96.000,-0.011111,0.411111,-0.911518,69.325,79.080,130.100,4211.5
Leo_9_puntos_intento_7.mp4,331,2758.333,True,115.000,170.000,0.000,112.000,96.000,-0.016667,0.411111,-0.911433,68.907,80.050,131.779,4214.0
Leo_9_puntos_intento_7.mp4,332,2766.667,True,115.000,170.000,0.000,112.000,96.000,-0.016667,0.411111,-0.911433,68.334,79.296,128.741,4172.0
Leo_9_puntos_intento_7.mp4,333,2775.000,True,115.000,170.000,0.000,112.000,96.000,-0.016667,0.411111,-0.911433,69.108,78.905,126.033,4143.0
Leo_9_puntos_intento_7.mp4,334,2783.333,True,115.000,170.000,0.000,112.000,96.000,-0.016667,0.411111,-0.911433,68.361,78.959,128.814,4138.5
Leo_9_puntos_intento_7.mp4,335,2791.667,True,115.000,170.000,0.000,112.000,96.000,-0.016667,0.411111,-0.911433,67.244,79.050,127.754,4117.5
Leo_9_puntos_intento_7.mp4,336,2800.000,True,115.000,170.000,0.000,112.000,96.000,-0.016667,0.411111,-0.911433,67.748,78.883,127.264,4100.0
Leo_9_puntos_intento_7.mp4,337,2808.333,True,115.000,170.000,0.000,112.000,96.000,-0.016667,0.411111,-0.911433,67.697,77.879,127.214,4035.0
Leo_9_puntos_intento_7.mp4,338,2816.667,True,115.000,170.000,0.000,112.000,96.000,-0.016667,0.411111,-0.911433,68.123,78.436,129.438,4072.5
Leo_9_puntos_intento_7.mp4,339,2825.000,True,115.000,170.000,0.000,112.000,96.000,-0.016667,0.411111,-0.911433,68.328,77.374,126.311,4042.5
Leo_9_puntos_intento_7.mp4,340,2833.333,True,115.000,170.000,0.000,112.000,96.000,-0.016667,0.411111,-0.911433,67.835,77.710,125.798,4059.5
Leo_9_puntos_intento_7.mp4,341,2841.667,True,115.000,170.000,0.000,112.000,96.000,-0.016667,0.411111,-0.911433,67.534,77.775,123.439,4022.5
Leo_9_puntos_intento_7.mp4,342,2850.000,True,115.000,170.000,0.000,112.000,96.000,-0.016667,0.411111,-0.911433,67.450,77.458,125.476,4025.5
Leo_9_puntos_intento_7.mp4,343,2858.333,True,115.000,170.000,0.000,112.000,96.000,-0.016667,0.411111,-0.911433,67.513,76.919,128.489,4004.0
Leo_9_puntos_intento_7.mp4,344,2866.667,True,115.000,170.000,0.000,112.000,96.000,-0.016667,0.411111,-0.911433,67.318,77.114,123.302,3990.5
Leo_9_puntos_intento_7.mp4,345,2875.000,True,115.000,170.000,0.000,112.000,96.000,-0.016667,0.411111,-0.911433,67.010,76.817,126.410,3969.0
Leo_9_puntos_intento_7.mp4,346,2883.333,True,115.000,170.000,0.000,112.000,96.000,-0.016667,0.411111,-0.911433,67.005,77.152,124.289,3981.5
Leo_9_puntos_intento_7.mp4,347,2891.667,True,115.000,170.000,0.000,112.000,96.000,-0.016667,0.411111,-0.911433,67.000,76.242,125.883,3955.5
Leo_9_puntos_intento_7.mp4,348,2900.000,True,115.000,170.000,0.000,112.000,96.000,-0.016667,0.411111,-0.911433,67.055,76.746,125.090,3954.5
Leo_9_puntos_intento_7.mp4,349,2908.333,True,115.000,170.000,0.000,112.000,96.000,-0.016667,0.411111,-0.911433,67.323,76.683,127.534,3922.5
Leo_9_puntos_intento_7.mp4,350,2916.667,True,115.000,170.000,0.000,112.000,96.000,-0.016667,0.411111,-0.911433,66.876,76.643,122.950,3927.0
Leo_9_puntos_intento_7.mp4,351,2925.000,True,115.000,170.000,0.000,112.000,96.000,-0.016667,0.411111,-0.911433,66.240,76.484,124.100,3909.5
Leo_9_puntos_intento_7.mp4,352,2933.333,True,115.000,170.000,0.000,112.000,96.000,-0.016667,0.411111,-0.911433,66.324,76.044,124.169,3893.5
Leo_9_puntos_intento_7.mp4,353,2941.667,True,115.000,170.000,0.000,112.000,96.000,-0.016667,0.411111,-0.911433,66.900,76.190,123.801,3890.0
Leo_9_puntos_intento_7.mp4,354,2950.000,True,115.000,170.000,0.000,112.000,96.000,-0.016667,0.411111,-0.911433,66.715,76.058,123.112,3919.5
Leo_9_puntos_intento_7.mp4,355,2958.333,True,115.000,170.000,0.000,112.000,96.000,-0.016667,0.411111,-0.911433,66.276,76.276,122.499,3903.0
Leo_9_puntos_intento_7.mp4,356,2966.667,True,115.000,170.000,0.000,112.000,96.000,-0.016667,0.411111,-0.911433,65.891,76.208,123.730,3877.0
Leo_9_puntos_intento_7.mp4,357,2975.000,True,115.000,170.000,0.000,112.000,96.000,-0.016667,0.411111,-0.911433,65.907,75.905,123.124,3861.5
Leo_9_puntos_intento_7.mp4,358,2983.333,True,115.000,170.000,0.000,112.000,96.000,-0.016667,0.411111,-0.911433,66.277,75.978,122.430,3877.0
Leo_9_puntos_intento_7.mp4,359,2991.667,True,115.000,170.000,0.000,112.000,95.000,-0.016667,0.416667,-0.908907,65.884,75.924,120.992,3880.0
Leo_9_puntos_intento_7.mp4,360,3000.000,True,115.000,170.000,0.000,112.000,96.000,-0.016667,0.411111,-0.911433,66.746,75.812,123.553,3899.5
Leo_9_puntos_intento_7.mp4,361,3008.333,True,115.000,170.000,0.000,112.000,96.000,-0.016667,0.411111,-0.911433,66.704,75.571,125.583,3879.5
Leo_9_puntos_intento_7.mp4,362,3016.667,True,115.000,170.000,0.000,112.000,96.000,-0.016667,0.411111,-0.911433,66.010,76.384,124.747,3887.0
Leo_9_puntos_intento_7.mp4,363,3025.000,True,115.000,170.000,0.000,112.000,96.000,-0.016667,0.411111,-0.911433,67.106,75.598,121.003,3863.5
Leo_9_puntos_intento_7.mp4,364,3033.333,True,115.000,170.000,0.000,112.000,96.000,-0.016667,0.411111,-0.911433,66.051,75.750,123.407,3872.0
Leo_9_puntos_intento_7.mp4,365,3041.667,True,115.000,170.000,0.000,113.000,96.000,-0.011111,0.411111,-0.911518,65.797,75.069,121.515,3841.5
Leo_9_puntos_intento_7.mp4,366,3050.000,True,115.000,170.000,0.000,112.000,96.000,-0.016667,0.411111,-0.911433,65.863,76.199,123.709,3861.0
Leo_9_puntos_intento_7.mp4,367,3058.333,True,115.000,170.000,0.000,112.000,96.000,-0.016667,0.411111,-0.911433,66.190,75.204,123.890,3855.0
Leo_9_puntos_intento_7.mp4,368,3066.667,True,115.000,170.000,0.000,112.000,96.000,-0.016667,0.411111,-0.911433,65.605,75.928,121.759,3844.0
Leo_9_puntos_intento_7.mp4,369,3075.000,True,115.000,170.000,0.000,112.000,96.000,-0.016667,0.411111,-0.911433,66.074,75.547,122.749,3844.0
Leo_9_puntos_intento_7.mp4,370,3083.333,True,115.000,170.000,0.000,112.000,95.000,-0.016667,0.416667,-0.908907,65.881,75.597,121.658,3858.0
Leo_9_puntos_intento_7.mp4,371,3091.667,True,115.000,170.000,0.000,112.000,95.000,-0.016667,0.416667,-0.908907,65.699,75.384,123.312,3826.5
Leo_9_puntos_intento_7.mp4,372,3100.000,True,115.000,170.000,0.000,112.000,95.000,-0.016667,0.416667,-0.908907,65.981,75.937,122.013,3855.5
Leo_9_puntos_intento_7.mp4,373,3108.333,True,115.000,170.000,0.000,112.000,96.000,-0.016667,0.411111,-0.911433,65.917,75.572,121.905,3852.5
Leo_9_puntos_intento_7.mp4,374,3116.667,True,115.000,170.000,0.000,112.000,96.000,-0.016667,0.411111,-0.911433,66.022,75.448,122.887,3857.5
Leo_9_puntos_intento_7.mp4,375,3125.000,True,115.000,170.000,0.000,112.000,96.000,-0.016667,0.411111,-0.911433,65.902,75.729,121.980,3855.0
Leo_9_puntos_intento_7.mp4,376,3133.333,True,115.000,170.000,0.000,112.000,96.000,-0.016667,0.411111,-0.911433,65.725,75.651,122.569,3856.5
Leo_9_puntos_intento_7.mp4,377,3141.667,True,115.000,170.000,0.000,112.000,96.000,-0.016667,0.411111,-0.911433,65.293,75.673,123.133,3832.5
Leo_9_puntos_intento_7.mp4,378,3150.000,True,115.000,170.000,0.000,112.000,96.000,-0.016667,0.411111,-0.911433,66.023,75.780,122.071,3858.5
Leo_9_puntos_intento_7.mp4,379,3158.333,True,115.000,170.000,0.000,112.000,96.000,-0.016667,0.411111,-0.911433,65.967,75.823,122.317,3863.5
Leo_9_puntos_intento_7.mp4,380,3166.667,True,115.000,170.000,0.000,112.000,96.000,-0.016667,0.411111,-0.911433,65.790,75.264,119.789,3818.0
Leo_9_puntos_intento_7.mp4,381,3175.000,True,115.000,170.000,0.000,112.000,96.000,-0.016667,0.411111,-0.911433,66.226,75.680,122.029,3832.5
Leo_9_puntos_intento_7.mp4,382,3183.333,True,115.000,170.000,0.000,112.000,96.000,-0.016667,0.411111,-0.911433,65.621,75.430,122.055,3813.5
Leo_9_puntos_intento_7.mp4,383,3191.667,True,115.000,170.000,0.000,112.000,96.000,-0.016667,0.411111,-0.911433,65.521,75.170,120.841,3822.5
Leo_9_puntos_intento_7.mp4,384,3200.000,True,115.000,170.000,0.000,112.000,95.000,-0.016667,0.416667,-0.908907,65.438,75.435,119.589,3808.5
Leo_9_puntos_intento_7.mp4,385,3208.333,True,115.000,170.000,0.000,112.000,96.000,-0.016667,0.411111,-0.911433,66.302,75.405,126.584,3816.5
Leo_9_puntos_intento_7.mp4,386,3216.667,True,115.000,170.000,0.000,112.000,96.000,-0.016667,0.411111,-0.911433,66.054,75.749,122.312,3839.0
Leo_9_puntos_intento_7.mp4,387,3225.000,True,115.000,170.000,0.000,112.000,96.000,-0.016667,0.411111,-0.911433,65.592,75.819,125.369,3830.5
Leo_9_puntos_intento_7.mp4,388,3233.333,True,115.000,170.000,0.000,112.000,96.000,-0.016667,0.411111,-0.911433,65.591,75.248,124.449,3813.5
Leo_9_puntos_intento_7.mp4,389,3241.667,True,115.000,170.000,0.000,112.000,96.000,-0.016667,0.411111,-0.911433,65.703,75.716,122.255,3829.5
Leo_9_puntos_intento_7.mp4,390,3250.000,True,115.000,170.000,0.000,111.000,96.000,-0.022222,0.411111,-0.911314,66.820,75.455,122.094,3847.5
Leo_9_puntos_intento_7.mp4,391,3258.333,True,115.000,170.000,0.000,111.000,96.000,-0.022222,0.411111,-0.911314,64.877,75.582,121.737,3796.0
Leo_9_puntos_intento_7.mp4,392,3266.667,True,115.000,170.000,0.000,112.000,96.000,-0.016667,0.411111,-0.911433,65.345,75.351,122.922,3808.5
Leo_9_puntos_intento_7.mp4,393,3275.000,True,115.000,170.000,0.000,112.000,96.000,-0.016667,0.411111,-0.911433,65.647,75.026,121.764,3805.5
Leo_9_puntos_intento_7.mp4,394,3283.333,True,115.000,170.000,0.000,112.000,96.000,-0.016667,0.411111,-0.911433,65.785,75.348,121.586,3835.0
Leo_9_puntos_intento_7.mp4,395,3291.667,True,115.000,170.000,0.000,111.000,96.000,-0.022222,0.411111,-0.911314,65.978,75.573,120.074,3832.5
Leo_9_puntos_intento_7.mp4,396,3300.000,True,115.000,170.000,0.000,111.000,96.000,-0.022222,0.411111,-0.911314,65.910,75.558,123.397,3830.0
Leo_9_puntos_intento_7.mp4,397,3308.333,True,115.000,170.000,0.000,112.000,96.000,-0.016667,0.411111,-0.911433,65.980,75.046,119.064,3806.0
Leo_9_puntos_intento_7.mp4,398,3316.667,True,115.000,170.000,0.000,111.000,96.000,-0.022222,0.411111,-0.911314,66.819,75.307,121.434,3824.5
Leo_9_puntos_intento_7.mp4,399,3325.000,True,115.000,170.000,0.000,112.000,96.000,-0.016667,0.411111,-0.911433,65.856,75.176,121.820,3816.0
Leo_9_puntos_intento_7.mp4,400,3333.333,True,115.000,170.000,0.000,112.000,95.000,-0.016667,0.416667,-0.908907,65.175,75.307,120.388,3811.5
Leo_9_puntos_intento_7.mp4,401,3341.667,True,115.000,170.000,0.000,112.000,96.000,-0.016667,0.411111,-0.911433,65.700,75.153,123.219,3806.5
Leo_9_puntos_intento_7.mp4,402,3350.000,True,115.000,170.000,0.000,112.000,96.000,-0.016667,0.411111,-0.911433,65.641,75.423,122.953,3822.5
Leo_9_puntos_intento_7.mp4,403,3358.333,True,115.000,170.000,0.000,112.000,96.000,-0.016667,0.411111,-0.911433,65.439,75.190,120.895,3815.0
Leo_9_puntos_intento_7.mp4,404,3366.667,True,115.000,170.000,0.000,112.000,96.000,-0.016667,0.411111,-0.911433,65.659,75.522,121.333,3826.0
Leo_9_puntos_intento_7.mp4,405,3375.000,True,115.000,170.000,0.000,112.000,95.000,-0.016667,0.416667,-0.908907,65.438,75.495,122.036,3824.0
Leo_9_puntos_intento_7.mp4,406,3383.333,True,115.000,170.000,0.000,112.000,96.000,-0.016667,0.411111,-0.911433,66.125,75.089,121.506,3824.5
Leo_9_puntos_intento_7.mp4,407,3391.667,True,115.000,170.000,0.000,112.000,96.000,-0.016667,0.411111,-0.911433,65.966,74.860,119.317,3799.5
Leo_9_puntos_intento_7.mp4,408,3400.000,True,115.000,170.000,0.000,112.000,96.000,-0.016667,0.411111,-0.911433,66.075,75.031,122.282,3819.5
Leo_9_puntos_intento_7.mp4,409,3408.333,True,115.000,170.000,0.000,112.000,96.000,-0.016667,0.411111,-0.911433,65.708,75.702,122.163,3816.5
Leo_9_puntos_intento_7.mp4,410,3416.667,True,115.000,170.000,0.000,112.000,95.000,-0.016667,0.416667,-0.908907,65.574,75.269,121.326,3801.5
Leo_9_puntos_intento_7.mp4,411,3425.000,True,115.000,170.000,0.000,112.000,95.000,-0.016667,0.416667,-0.908907,65.744,74.853,121.716,3794.0
Leo_9_puntos_intento_7.mp4,412,3433.333,True,115.000,170.000,0.000,112.000,95.000,-0.016667,0.416667,-0.908907,65.735,75.405,120.939,3812.5
Leo_9_puntos_intento_7.mp4,413,3441.667,True,115.000,170.000,0.000,112.000,96.000,-0.016667,0.411111,-0.911433,65.813,75.106,122.351,3815.0
Leo_9_puntos_intento_7.mp4,414,3450.000,True,115.000,170.000,0.000,112.000,96.000,-0.016667,0.411111,-0.911433,66.011,74.635,122.172,3812.0
Leo_9_puntos_intento_7.mp4,415,3458.333,True,115.000,170.000,0.000,112.000,95.000,-0.016667,0.416667,-0.908907,65.450,74.968,122.211,3806.0
Leo_9_puntos_intento_7.mp4,416,3466.667,True,115.000,170.000,0.000,111.000,96.000,-0.022222,0.411111,-0.911314,65.768,75.126,122.633,3811.5
Leo_9_puntos_intento_7.mp4,417,3475.000,True,115.000,170.000,0.000,112.000,96.000,-0.016667,0.411111,-0.911433,65.391,75.024,120.328,3792.0
Leo_9_puntos_intento_7.mp4,418,3483.333,True,115.000,170.000,0.000,112.000,96.000,-0.016667,0.411111,-0.911433,66.237,74.907,121.391,3827.0
Leo_9_puntos_intento_7.mp4,419,3491.667,True,115.000,170.000,0.000,112.000,96.000,-0.016667,0.411111,-0.911433,65.665,75.122,121.287,3805.0
Leo_9_puntos_intento_7.mp4,420,3500.000,True,115.000,170.000,0.000,112.000,96.000,-0.016667,0.411111,-0.911433,65.664,75.040,122.384,3798.5
Leo_9_puntos_intento_7.mp4,421,3508.333,True,115.000,170.000,0.000,112.000,95.000,-0.016667,0.416667,-0.908907,64.727,75.777,122.775,3773.5
Leo_9_puntos_intento_7.mp4,422,3516.667,True,115.000,170.000,0.000,112.000,95.000,-0.016667,0.416667,-0.908907,64.690,75.627,120.483,3807.0
Leo_9_puntos_intento_7.mp4,423,3525.000,True,115.000,170.000,0.000,112.000,95.000,-0.016667,0.416667,-0.908907,64.661,75.208,121.813,3783.5
Leo_9_puntos_intento_7.mp4,424,3533.333,True,115.000,170.000,0.000,112.000,96.000,-0.016667,0.411111,-0.911433,65.761,74.939,122.131,3805.5
Leo_9_puntos_intento_7.mp4,425,3541.667,True,115.000,170.000,0.000,112.000,96.000,-0.016667,0.411111,-0.911433,65.559,74.765,121.951,3788.5
Leo_9_puntos_intento_7.mp4,426,3550.000,True,115.000,170.000,0.000,112.000,96.000,-0.016667,0.411111,-0.911433,65.658,75.132,122.081,3810.0
Leo_9_puntos_intento_7.mp4,427,3558.333,True,115.000,170.000,0.000,112.000,96.000,-0.016667,0.411111,-0.911433,65.618,75.281,120.725,3801.5
Leo_9_puntos_intento_7.mp4,428,3566.667,True,115.000,170.000,0.000,112.000,96.000,-0.016667,0.411111,-0.911433,65.136,76.202,119.332,3832.0
Leo_9_puntos_intento_7.mp4,429,3575.000,True,115.000,170.000,0.000,112.000,96.000,-0.016667,0.411111,-0.911433,65.682,75.209,123.625,3796.0
Leo_9_puntos_intento_7.mp4,430,3583.333,True,115.000,170.000,0.000,112.000,95.000,-0.016667,0.416667,-0.908907,65.578,75.714,120.284,3816.5
Leo_9_puntos_intento_7.mp4,431,3591.667,True,115.000,170.000,0.000,112.000,96.000,-0.016667,0.411111,-0.911433,65.465,75.177,122.765,3792.0
Leo_9_puntos_intento_7.mp4,432,3600.000,True,115.000,170.000,0.000,112.000,96.000,-0.016667,0.411111,-0.911433,66.173,75.382,121.778,3828.0
Leo_9_puntos_intento_7.mp4,433,3608.333,True,115.000,170.000,0.000,112.000,96.000,-0.016667,0.411111,-0.911433,65.355,75.941,120.266,3824.5
Leo_9_puntos_intento_7.mp4,434,3616.667,True,115.000,170.000,0.000,112.000,96.000,-0.016667,0.411111,-0.911433,65.802,76.289,121.151,3875.0
Leo_9_puntos_intento_7.mp4,435,3625.000,True,115.000,170.000,0.000,112.000,95.000,-0.016667,0.416667,-0.908907,65.654,75.932,121.293,3869.0
Leo_9_puntos_intento_7.mp4,436,3633.333,True,115.000,170.000,0.000,112.000,96.000,-0.016667,0.411111,-0.911433,65.793,75.772,122.465,3848.0
Leo_9_puntos_intento_7.mp4,437,3641.667,True,115.000,170.000,0.000,112.000,96.000,-0.016667,0.411111,-0.911433,65.317,75.754,122.499,3819.5
Leo_9_puntos_intento_7.mp4,438,3650.000,True,115.000,170.000,0.000,112.000,96.000,-0.016667,0.411111,-0.911433,65.862,75.946,121.624,3861.5
Leo_9_puntos_intento_7.mp4,439,3658.333,True,115.000,170.000,0.000,112.000,96.000,-0.016667,0.411111,-0.911433,65.740,75.846,121.951,3856.5
Leo_9_puntos_intento_7.mp4,440,3666.667,True,115.000,170.000,0.000,112.000,96.000,-0.016667,0.411111,-0.911433,65.485,76.174,120.390,3846.0
Leo_9_puntos_intento_7.mp4,441,3675.000,True,115.000,170.000,0.000,112.000,96.000,-0.016667,0.411111,-0.911433,66.210,75.706,121.171,3846.0
Leo_9_puntos_intento_7.mp4,442,3683.333,True,115.000,170.000,0.000,112.000,96.000,-0.016667,0.411111,-0.911433,66.001,75.785,120.518,3873.5
Leo_9_puntos_intento_7.mp4,443,3691.667,True,115.000,170.000,0.000,112.000,96.000,-0.016667,0.411111,-0.911433,65.813,75.711,121.503,3852.5
Leo_9_puntos_intento_7.mp4,444,3700.000,True,115.000,170.000,0.000,112.000,96.000,-0.016667,0.411111,-0.911433,66.219,76.071,122.975,3886.0
Leo_9_puntos_intento_7.mp4,445,3708.333,True,115.000,170.000,0.000,112.000,96.000,-0.016667,0.411111,-0.911433,65.660,76.177,122.145,3865.5
Leo_9_puntos_intento_7.mp4,446,3716.667,True,115.000,170.000,0.000,112.000,96.000,-0.016667,0.411111,-0.911433,65.823,75.957,123.596,3869.5
Leo_9_puntos_intento_7.mp4,447,3725.000,True,115.000,170.000,0.000,112.000,96.000,-0.016667,0.411111,-0.911433,66.296,75.818,123.011,3869.5
Leo_9_puntos_intento_7.mp4,448,3733.333,True,115.000,170.000,0.000,112.000,96.000,-0.016667,0.411111,-0.911433,66.231,76.130,121.834,3865.0
Leo_9_puntos_intento_7.mp4,449,3741.667,True,115.000,170.000,0.000,112.000,96.000,-0.016667,0.411111,-0.911433,66.462,76.295,122.519,3900.5
Leo_9_puntos_intento_7.mp4,450,3750.000,True,115.000,170.000,0.000,112.000,96.000,-0.016667,0.411111,-0.911433,65.584,76.347,121.503,3860.5
Leo_9_puntos_intento_7.mp4,451,3758.333,True,115.000,170.000,0.000,112.000,96.000,-0.016667,0.411111,-0.911433,65.899,75.678,122.870,3852.0
Leo_9_puntos_intento_7.mp4,452,3766.667,True,115.000,170.000,0.000,112.000,96.000,-0.016667,0.411111,-0.911433,66.082,75.868,124.438,3867.5
Leo_9_puntos_intento_7.mp4,453,3775.000,True,115.000,170.000,0.000,112.000,96.000,-0.016667,0.411111,-0.911433,65.960,75.930,122.126,3865.0
Leo_9_puntos_intento_7.mp4,454,3783.333,True,115.000,170.000,0.000,112.000,96.000,-0.016667,0.411111,-0.911433,66.528,75.947,122.677,3880.0
Leo_9_puntos_intento_7.mp4,455,3791.667,True,115.000,170.000,0.000,112.000,96.000,-0.016667,0.411111,-0.911433,65.771,75.712,124.205,3825.5
Leo_9_puntos_intento_7.mp4,456,3800.000,True,115.000,170.000,0.000,112.000,96.000,-0.016667,0.411111,-0.911433,66.389,76.243,122.284,3858.5
Leo_9_puntos_intento_7.mp4,457,3808.333,True,115.000,170.000,0.000,112.000,96.000,-0.016667,0.411111,-0.911433,66.063,75.555,123.189,3823.0
Leo_9_puntos_intento_7.mp4,458,3816.667,True,115.000,170.000,0.000,112.000,96.000,-0.016667,0.411111,-0.911433,65.803,76.007,118.195,3863.0
Leo_9_puntos_intento_7.mp4,459,3825.000,True,115.000,170.000,0.000,112.000,96.000,-0.016667,0.411111,-0.911433,66.460,75.319,121.833,3849.0
Leo_9_puntos_intento_7.mp4,460,3833.333,True,115.000,170.000,0.000,112.000,96.000,-0.016667,0.411111,-0.911433,65.814,75.787,122.066,3880.5
Leo_9_puntos_intento_7.mp4,461,3841.667,True,115.000,170.000,0.000,112.000,96.000,-0.016667,0.411111,-0.911433,66.444,75.021,121.215,3837.0
Leo_9_puntos_intento_7.mp4,462,3850.000,True,115.000,170.000,0.000,112.000,96.000,-0.016667,0.411111,-0.911433,65.807,75.575,120.950,3857.0
Leo_9_puntos_intento_7.mp4,463,3858.333,True,115.000,170.000,0.000,112.000,96.000,-0.016667,0.411111,-0.911433,65.777,75.572,121.157,3860.5
Leo_9_puntos_intento_7.mp4,464,3866.667,True,115.000,170.000,0.000,112.000,96.000,-0.016667,0.411111,-0.911433,65.493,75.584,122.263,3854.0
Leo_9_puntos_intento_7.mp4,465,3875.000,True,115.000,170.000,0.000,112.000,96.000,-0.016667,0.411111,-0.911433,65.703,75.573,122.074,3834.5
Leo_9_puntos_intento_7.mp4,466,3883.333,True,115.000,170.000,0.000,112.000,96.000,-0.016667,0.411111,-0.911433,65.598,75.411,121.132,3806.0
Leo_9_puntos_intento_7.mp4,467,3891.667,True,115.000,170.000,0.000,112.000,96.000,-0.016667,0.411111,-0.911433,65.287,75.793,120.300,3846.5
Leo_9_puntos_intento_7.mp4,468,3900.000,True,115.000,170.000,0.000,112.000,96.000,-0.016667,0.411111,-0.911433,65.332,75.808,121.690,3838.5
Leo_9_puntos_intento_7.mp4,469,3908.333,True,115.000,170.000,0.000,112.000,96.000,-0.016667,0.411111,-0.911433,66.204,75.279,121.121,3824.5
Leo_9_puntos_intento_7.mp4,470,3916.667,True,115.000,170.000,0.000,112.000,96.000,-0.016667,0.411111,-0.911433,66.268,75.555,120.373,3870.5
Leo_9_puntos_intento_7.mp4,471,3925.000,True,115.000,170.000,0.000,112.000,96.000,-0.016667,0.411111,-0.911433,65.491,75.433,123.000,3810.0
Leo_9_puntos_intento_7.mp4,472,3933.333,True,115.000,170.000,0.000,112.000,96.000,-0.016667,0.411111,-0.911433,65.827,75.745,121.997,3842.0
Leo_9_puntos_intento_7.mp4,473,3941.667,True,115.000,170.000,0.000,112.000,96.000,-0.016667,0.411111,-0.911433,65.548,75.081,121.098,3818.5
Leo_9_puntos_intento_7.mp4,474,3950.000,True,115.000,170.000,0.000,112.000,96.000,-0.016667,0.411111,-0.911433,65.432,75.937,122.009,3847.0
Leo_9_puntos_intento_7.mp4,475,3958.333,True,115.000,170.000,0.000,112.000,96.000,-0.016667,0.411111,-0.911433,65.306,75.375,120.750,3798.5
Leo_9_puntos_intento_7.mp4,476,3966.667,True,115.000,170.000,0.000,112.000,95.000,-0.016667,0.416667,-0.908907,65.129,75.849,120.326,3820.0
Leo_9_puntos_intento_7.mp4,477,3975.000,True,115.000,170.000,0.000,112.000,96.000,-0.016667,0.411111,-0.911433,65.798,75.538,120.064,3831.0
Leo_9_puntos_intento_7.mp4,478,3983.333,True,115.000,170.000,0.000,112.000,96.000,-0.016667,0.411111,-0.911433,65.365,75.558,120.840,3833.0
Leo_9_puntos_intento_7.mp4,479,3991.667,True,115.000,170.000,0.000,112.000,96.000,-0.016667,0.411111,-0.911433,65.904,75.464,119.031,3831.0
Leo_9_puntos_intento_7.mp4,480,4000.000,True,115.000,170.000,0.000,112.000,96.000,-0.016667,0.411111,-0.911433,65.871,75.200,123.180,3820.0
Leo_9_puntos_intento_7.mp4,481,4008.333,True,115.000,170.000,0.000,112.000,95.000,-0.016667,0.416667,-0.908907,66.000,75.223,122.482,3827.0
Leo_9_puntos_intento_7.mp4,482,4016.667,True,115.000,170.000,0.000,112.000,95.000,-0.016667,0.416667,-0.908907,65.695,75.657,122.846,3839.5
Leo_9_puntos_intento_7.mp4,483,4025.000,True,115.000,170.000,0.000,112.000,96.000,-0.016667,0.411111,-0.911433,66.148,75.321,121.837,3839.0
Leo_9_puntos_intento_7.mp4,484,4033.333,True,115.000,170.000,0.000,112.000,96.000,-0.016667,0.411111,-0.911433,65.934,75.776,119.101,3830.0
Leo_9_puntos_intento_7.mp4,485,4041.667,True,115.000,170.000,0.000,112.000,96.000,-0.016667,0.411111,-0.911433,65.706,75.739,120.696,3839.5
Leo_9_puntos_intento_7.mp4,486,4050.000,True,115.000,170.000,0.000,112.000,96.000,-0.016667,0.411111,-0.911433,65.765,75.578,120.528,3836.5
Leo_9_puntos_intento_7.mp4,487,4058.333,True,115.000,170.000,0.000,112.000,95.000,-0.016667,0.416667,-0.908907,65.499,75.840,119.937,3862.5
Leo_9_puntos_intento_7.mp4,488,4066.667,True,115.000,170.000,0.000,112.000,96.000,-0.016667,0.411111,-0.911433,65.811,75.209,121.171,3825.5
Leo_9_puntos_intento_7.mp4,489,4075.000,True,115.000,170.000,0.000,112.000,96.000,-0.016667,0.411111,-0.911433,65.759,75.816,120.032,3844.0
Leo_9_puntos_intento_7.mp4,490,4083.333,True,115.000,170.000,0.000,111.000,96.000,-0.022222,0.411111,-0.911314,66.263,75.698,120.139,3850.0
Leo_9_puntos_intento_7.mp4,491,4091.667,True,115.000,170.000,0.000,112.000,95.000,-0.016667,0.416667,-0.908907,66.109,75.613,118.744,3829.0
Leo_9_puntos_intento_7.mp4,492,4100.000,True,115.000,170.000,0.000,112.000,96.000,-0.016667,0.411111,-0.911433,66.198,75.303,122.088,3856.0
Leo_9_puntos_intento_7.mp4,493,4108.333,True,115.000,170.000,0.000,112.000,96.000,-0.016667,0.411111,-0.911433,65.558,75.936,121.554,3818.5
Leo_9_puntos_intento_7.mp4,494,4116.667,True,115.000,170.000,0.000,112.000,96.000,-0.016667,0.411111,-0.911433,65.693,76.195,122.479,3839.5
Leo_9_puntos_intento_7.mp4,495,4125.000,True,115.000,170.000,0.000,112.000,96.000,-0.016667,0.411111,-0.911433,66.080,75.642,121.359,3849.0
Leo_9_puntos_intento_7.mp4,496,4133.333,True,115.000,170.000,0.000,112.000,96.000,-0.016667,0.411111,-0.911433,66.265,75.650,123.028,3844.5
Leo_9_puntos_intento_7.mp4,497,4141.667,True,115.000,170.000,0.000,111.000,96.000,-0.022222,0.411111,-0.911314,66.395,75.874,119.176,3859.5
Leo_9_puntos_intento_7.mp4,498,4150.000,True,115.000,170.000,0.000,111.000,96.000,-0.022222,0.411111,-0.911314,66.480,75.835,121.244,3885.0
Leo_9_puntos_intento_7.mp4,499,4158.333,True,115.000,170.000,0.000,112.000,96.000,-0.016667,0.411111,-0.911433,65.804,75.531,119.568,3841.5
Leo_9_puntos_intento_7.mp4,500,4166.667,True,115.000,170.000,0.000,112.000,96.000,-0.016667,0.411111,-0.911433,65.772,75.720,121.183,3841.5
Leo_9_puntos_intento_7.mp4,501,4175.000,True,115.000,170.000,0.000,112.000,96.000,-0.016667,0.411111,-0.911433,65.843,76.304,120.530,3863.5
Leo_9_puntos_intento_7.mp4,502,4183.333,True,115.000,170.000,0.000,112.000,95.000,-0.016667,0.416667,-0.908907,65.860,75.928,120.821,3855.0
Leo_9_puntos_intento_7.mp4,503,4191.667,True,115.000,170.000,0.000,112.000,95.000,-0.016667,0.416667,-0.908907,65.870,76.397,116.526,3877.5
Leo_9_puntos_intento_7.mp4,504,4200.000,True,115.000,170.000,0.000,111.000,96.000,-0.022222,0.411111,-0.911314,66.126,76.156,119.061,3855.0
Leo_9_puntos_intento_7.mp4,505,4208.333,True,115.000,170.000,0.000,112.000,96.000,-0.016667,0.411111,-0.911433,65.596,76.262,121.032,3844.0
Leo_9_puntos_intento_7.mp4,506,4216.667,True,115.000,170.000,0.000,112.000,96.000,-0.016667,0.411111,-0.911433,65.594,76.480,121.656,3855.0
Leo_9_puntos_intento_7.mp4,507,4225.000,True,115.000,170.000,0.000,112.000,96.000,-0.016667,0.411111,-0.911433,66.352,75.438,121.926,3849.0
Leo_9_puntos_intento_7.mp4,508,4233.333,True,115.000,170.000,0.000,112.000,95.000,-0.016667,0.416667,-0.908907,66.351,76.447,122.867,3889.5
Leo_9_puntos_intento_7.mp4,509,4241.667,True,115.000,170.000,0.000,112.000,96.000,-0.016667,0.411111,-0.911433,65.954,76.007,121.566,3862.5
Leo_9_puntos_intento_7.mp4,510,4250.000,True,115.000,170.000,0.000,112.000,96.000,-0.016667,0.411111,-0.911433,66.404,76.399,122.340,3881.5
Leo_9_puntos_intento_7.mp4,511,4258.333,True,115.000,170.000,0.000,112.000,96.000,-0.016667,0.411111,-0.911433,65.865,76.259,122.488,3877.5
Leo_9_puntos_intento_7.mp4,512,4266.667,True,115.000,170.000,0.000,112.000,96.000,-0.016667,0.411111,-0.911433,66.281,76.349,120.609,3884.5
Leo_9_puntos_intento_7.mp4,513,4275.000,True,115.000,170.000,0.000,112.000,96.000,-0.016667,0.411111,-0.911433,66.641,76.332,119.439,3875.0
Leo_9_puntos_intento_7.mp4,514,4283.333,True,115.000,170.000,0.000,112.000,96.000,-0.016667,0.411111,-0.911433,66.638,76.314,120.370,3891.5
Leo_9_puntos_intento_7.mp4,515,4291.667,True,115.000,170.000,0.000,112.000,96.000,-0.016667,0.411111,-0.911433,66.097,76.049,121.595,3868.5
Leo_9_puntos_intento_7.mp4,516,4300.000,True,115.000,170.000,0.000,112.000,96.000,-0.016667,0.411111,-0.911433,66.704,76.567,121.025,3914.5
Leo_9_puntos_intento_7.mp4,517,4308.333,True,115.000,170.000,0.000,112.000,96.000,-0.016667,0.411111,-0.911433,66.886,76.783,123.983,3915.5
Leo_9_puntos_intento_7.mp4,518,4316.667,True,115.000,170.000,0.000,112.000,96.000,-0.016667,0.411111,-0.911433,66.564,76.641,123.683,3905.5
Leo_9_puntos_intento_7.mp4,519,4325.000,True,115.000,170.000,0.000,112.000,96.000,-0.016667,0.411111,-0.911433,66.365,76.819,121.437,3922.5
Leo_9_puntos_intento_7.mp4,520,4333.333,True,115.000,170.000,0.000,112.000,96.000,-0.016667,0.411111,-0.911433,66.769,76.451,123.733,3917.5
Leo_9_puntos_intento_7.mp4,521,4341.667,True,115.000,170.000,0.000,112.000,96.000,-0.016667,0.411111,-0.911433,67.031,76.537,124.676,3925.5
Leo_9_puntos_intento_7.mp4,522,4350.000,True,115.000,170.000,0.000,112.000,96.000,-0.016667,0.411111,-0.911433,65.787,77.280,122.815,3937.5
Leo_9_puntos_intento_7.mp4,523,4358.333,True,115.000,170.000,0.000,112.000,96.000,-0.016667,0.411111,-0.911433,66.063,76.486,124.741,3921.0
Leo_9_puntos_intento_7.mp4,524,4366.667,True,115.000,170.000,0.000,112.000,96.000,-0.016667,0.411111,-0.911433,66.586,76.945,126.342,3942.5
Leo_9_puntos_intento_7.mp4,525,4375.000,True,115.000,170.000,0.000,112.000,96.000,-0.016667,0.411111,-0.911433,66.364,76.596,123.978,3923.5
Leo_9_puntos_intento_7.mp4,526,4383.333,True,115.000,170.000,0.000,112.000,96.000,-0.016667,0.411111,-0.911433,66.492,77.553,124.866,3976.5
Leo_9_puntos_intento_7.mp4,527,4391.667,True,115.000,170.000,0.000,112.000,96.000,-0.016667,0.411111,-0.911433,66.475,77.436,124.354,3959.5
Leo_9_puntos_intento_7.mp4,528,4400.000,True,115.000,170.000,0.000,112.000,96.000,-0.016667,0.411111,-0.911433,66.808,78.002,123.771,4002.0
Leo_9_puntos_intento_7.mp4,529,4408.333,True,115.000,170.000,0.000,112.000,96.000,-0.016667,0.411111,-0.911433,66.802,77.452,124.191,3975.5
Leo_9_puntos_intento_7.mp4,530,4416.667,True,115.000,170.000,0.000,112.000,96.000,-0.016667,0.411111,-0.911433,67.331,77.120,124.446,3998.5
Leo_9_puntos_intento_7.mp4,531,4425.000,True,115.000,170.000,0.000,112.000,96.000,-0.016667,0.411111,-0.911433,67.073,77.645,123.267,4010.5
Leo_9_puntos_intento_7.mp4,532,4433.333,True,115.000,170.000,0.000,112.000,96.000,-0.016667,0.411111,-0.911433,67.402,77.027,126.202,4006.5
Leo_9_puntos_intento_7.mp4,533,4441.667,True,115.000,170.000,0.000,112.000,96.000,-0.016667,0.411111,-0.911433,67.982,77.081,123.168,4004.5
Leo_9_puntos_intento_7.mp4,534,4450.000,True,115.000,170.000,0.000,112.000,96.000,-0.016667,0.411111,-0.911433,67.229,77.652,123.999,4008.5
Leo_9_puntos_intento_7.mp4,535,4458.333,True,115.000,170.000,0.000,112.000,96.000,-0.016667,0.411111,-0.911433,67.122,77.425,125.317,3992.5
Leo_9_puntos_intento_7.mp4,536,4466.667,True,115.000,170.000,0.000,112.000,96.000,-0.016667,0.411111,-0.911433,67.369,77.792,123.829,4023.0
Leo_9_puntos_intento_7.mp4,537,4475.000,True,115.000,170.000,0.000,112.000,96.000,-0.016667,0.411111,-0.911433,66.839,77.674,124.594,4008.5
Leo_9_puntos_intento_7.mp4,538,4483.333,True,115.000,170.000,0.000,112.000,96.000,-0.016667,0.411111,-0.911433,66.960,78.353,122.342,4045.0
Leo_9_puntos_intento_7.mp4,539,4491.667,True,115.000,170.000,0.000,112.000,96.000,-0.016667,0.411111,-0.911433,67.059,77.654,125.548,4002.5
Leo_9_puntos_intento_7.mp4,540,4500.000,True,115.000,170.000,0.000,112.000,96.000,-0.016667,0.411111,-0.911433,66.979,78.070,122.841,4028.5
Leo_9_puntos_intento_7.mp4,541,4508.333,True,115.000,170.000,0.000,112.000,96.000,-0.016667,0.411111,-0.911433,66.942,78.049,123.273,4023.5
Leo_9_puntos_intento_7.mp4,542,4516.667,True,115.000,170.000,0.000,109.000,96.000,-0.033333,0.411111,-0.910976,68.150,78.185,119.763,4090.5
Leo_9_puntos_intento_7.mp4,543,4525.000,True,115.000,170.000,0.000,100.000,97.000,-0.083333,0.405556,-0.910264,69.363,78.922,114.378,4137.0
Leo_9_puntos_intento_7.mp4,544,4533.333,True,115.000,170.000,0.000,88.000,99.000,-0.150000,0.394444,-0.906594,71.824,77.829,102.907,4158.0
Leo_9_puntos_intento_7.mp4,545,4541.667,True,115.000,170.000,0.000,76.000,103.000,-0.216667,0.372222,-0.902500,72.751,79.213,78.504,4266.0
Leo_9_puntos_intento_7.mp4,546,4550.000,True,115.000,170.000,0.000,67.000,105.000,-0.266667,0.361111,-0.893581,73.117,80.625,75.275,4306.0
Leo_9_puntos_intento_7.mp4,547,4558.333,True,115.000,170.000,0.000,63.000,106.000,-0.288889,0.355556,-0.888889,72.634,80.008,69.611,4225.0
Leo_9_puntos_intento_7.mp4,548,4566.667,True,115.000,170.000,0.000,62.000,106.000,-0.294444,0.355556,-0.887064,72.067,80.047,70.947,4242.0
Leo_9_puntos_intento_7.mp4,549,4575.000,True,115.000,170.000,0.000,62.000,106.000,-0.294444,0.355556,-0.887064,71.493,79.746,75.818,4158.0
Leo_9_puntos_intento_7.mp4,550,4583.333,True,115.000,170.000,0.000,62.000,106.000,-0.294444,0.355556,-0.887064,71.815,79.718,74.113,4181.5
Leo_9_puntos_intento_7.mp4,551,4591.667,True,115.000,170.000,0.000,62.000,106.000,-0.294444,0.355556,-0.887064,71.278,78.548,78.505,4131.5
Leo_9_puntos_intento_7.mp4,552,4600.000,True,115.000,170.000,0.000,62.000,106.000,-0.294444,0.355556,-0.887064,73.065,78.185,76.689,4164.5
Leo_9_puntos_intento_7.mp4,553,4608.333,True,115.000,170.000,0.000,62.000,106.000,-0.294444,0.355556,-0.887064,72.346,78.099,78.384,4126.5
Leo_9_puntos_intento_7.mp4,554,4616.667,True,115.000,170.000,0.000,62.000,105.000,-0.294444,0.361111,-0.884817,70.247,80.075,79.176,4154.0
Leo_9_puntos_intento_7.mp4,555,4625.000,True,115.000,170.000,0.000,62.000,106.000,-0.294444,0.355556,-0.887064,72.312,78.649,77.155,4197.0
Leo_9_puntos_intento_7.mp4,556,4633.333,True,115.000,170.000,0.000,62.000,106.000,-0.294444,0.355556,-0.887064,71.714,79.047,76.297,4205.5
Leo_9_puntos_intento_7.mp4,557,4641.667,True,115.000,170.000,0.000,62.000,105.000,-0.294444,0.361111,-0.884817,71.708,79.874,74.699,4214.0
Leo_9_puntos_intento_7.mp4,558,4650.000,True,115.000,170.000,0.000,62.000,106.000,-0.294444,0.355556,-0.887064,71.543,80.119,77.885,4198.0
Leo_9_puntos_intento_7.mp4,559,4658.333,True,115.000,170.000,0.000,62.000,105.000,-0.294444,0.361111,-0.884817,71.008,79.904,78.540,4175.5
Leo_9_puntos_intento_7.mp4,560,4666.667,True,115.000,170.000,0.000,62.000,105.000,-0.294444,0.361111,-0.884817,71.398,79.711,77.296,4158.5
Leo_9_puntos_intento_7.mp4,561,4675.000,True,115.000,170.000,0.000,62.000,106.000,-0.294444,0.355556,-0.887064,72.212,79.683,77.968,4199.5
Leo_9_puntos_intento_7.mp4,562,4683.333,True,115.000,170.000,0.000,62.000,106.000,-0.294444,0.355556,-0.887064,72.258,79.213,74.213,4180.5
Leo_9_puntos_intento_7.mp4,563,4691.667,True,115.000,170.000,0.000,62.000,106.000,-0.294444,0.355556,-0.887064,72.686,78.804,79.198,4160.5
Leo_9_puntos_intento_7.mp4,564,4700.000,True,115.000,170.000,0.000,62.000,106.000,-0.294444,0.355556,-0.887064,72.009,78.432,74.783,4149.5
Leo_9_puntos_intento_7.mp4,565,4708.333,True,115.000,170.000,0.000,62.000,105.000,-0.294444,0.361111,-0.884817,71.470,79.058,75.488,4135.0
Leo_9_puntos_intento_7.mp4,566,4716.667,True,115.000,170.000,0.000,62.000,105.000,-0.294444,0.361111,-0.884817,70.629,80.126,76.464,4178.0
Leo_9_puntos_intento_7.mp4,567,4725.000,True,115.000,170.000,0.000,62.000,105.000,-0.294444,0.361111,-0.884817,72.516,78.500,73.711,4146.0
Leo_9_puntos_intento_7.mp4,568,4733.333,True,115.000,170.000,0.000,62.000,105.000,-0.294444,0.361111,-0.884817,71.916,79.728,74.767,4172.0
Leo_9_puntos_intento_7.mp4,569,4741.667,True,115.000,170.000,0.000,62.000,105.000,-0.294444,0.361111,-0.884817,70.594,78.765,74.788,4105.5
Leo_9_puntos_intento_7.mp4,570,4750.000,True,115.000,170.000,0.000,62.000,105.000,-0.294444,0.361111,-0.884817,71.589,78.752,75.336,4112.0
Leo_9_puntos_intento_7.mp4,571,4758.333,True,115.000,170.000,0.000,62.000,105.000,-0.294444,0.361111,-0.884817,71.259,78.540,74.481,4108.0
Leo_9_puntos_intento_7.mp4,572,4766.667,True,115.000,170.000,0.000,62.000,105.000,-0.294444,0.361111,-0.884817,71.032,78.634,73.642,4106.5
Leo_9_puntos_intento_7.mp4,573,4775.000,True,115.000,170.000,0.000,62.000,105.000,-0.294444,0.361111,-0.884817,70.836,78.507,76.051,4093.0
Leo_9_puntos_intento_7.mp4,574,4783.333,True,115.000,170.000,0.000,62.000,105.000,-0.294444,0.361111,-0.884817,70.365,79.757,77.300,4085.5
Leo_9_puntos_intento_7.mp4,575,4791.667,True,115.000,170.000,0.000,62.000,105.000,-0.294444,0.361111,-0.884817,70.934,77.805,75.128,4055.5
Leo_9_puntos_intento_7.mp4,576,4800.000,True,115.000,170.000,0.000,61.000,106.000,-0.300000,0.355556,-0.885201,71.071,78.877,77.024,4112.0
Leo_9_puntos_intento_7.mp4,577,4808.333,True,115.000,170.000,0.000,60.000,106.000,-0.305556,0.355556,-0.883298,69.732,78.096,76.937,4040.0
Leo_9_puntos_intento_7.mp4,578,4816.667,True,115.000,170.000,0.000,61.000,106.000,-0.300000,0.355556,-0.885201,70.876,77.110,73.886,4030.5
Leo_9_puntos_intento_7.mp4,579,4825.000,True,115.000,170.000,0.000,61.000,106.000,-0.300000,0.355556,-0.885201,71.574,76.468,70.209,4024.0
Leo_9_puntos_intento_7.mp4,580,4833.333,True,115.000,170.000,0.000,60.000,105.000,-0.305556,0.361111,-0.881042,70.745,77.837,76.353,4039.5
Leo_9_puntos_intento_7.mp4,581,4841.667,True,115.000,170.000,0.000,61.000,105.000,-0.300000,0.361111,-0.882949,69.445,76.909,77.321,4002.5
Leo_9_puntos_intento_7.mp4,582,4850.000,True,115.000,170.000,0.000,61.000,105.000,-0.300000,0.361111,-0.882949,69.546,76.862,76.513,3970.0
Leo_9_puntos_intento_7.mp4,583,4858.333,True,115.000,170.000,0.000,60.000,105.000,-0.305556,0.361111,-0.881042,69.163,77.237,77.032,3973.0
Leo_9_puntos_intento_7.mp4,584,4866.667,True,115.000,170.000,0.000,61.000,105.000,-0.300000,0.361111,-0.882949,69.043,77.516,77.873,3957.5
Leo_9_puntos_intento_7.mp4,585,4875.000,True,115.000,170.000,0.000,60.000,105.000,-0.305556,0.361111,-0.881042,69.003,76.422,76.423,3942.5
Leo_9_puntos_intento_7.mp4,586,4883.333,True,115.000,170.000,0.000,60.000,105.000,-0.305556,0.361111,-0.881042,68.927,77.095,77.067,3949.0
Leo_9_puntos_intento_7.mp4,587,4891.667,True,115.000,170.000,0.000,60.000,105.000,-0.305556,0.361111,-0.881042,68.660,76.675,78.710,3917.5
Leo_9_puntos_intento_7.mp4,588,4900.000,True,115.000,170.000,0.000,60.000,105.000,-0.305556,0.361111,-0.881042,68.510,76.362,75.397,3895.0
Leo_9_puntos_intento_7.mp4,589,4908.333,True,115.000,170.000,0.000,61.000,105.000,-0.300000,0.361111,-0.882949,68.436,76.076,77.147,3870.5
Leo_9_puntos_intento_7.mp4,590,4916.667,True,115.000,170.000,0.000,60.000,105.000,-0.305556,0.361111,-0.881042,68.131,76.121,78.579,3848.0
Leo_9_puntos_intento_7.mp4,591,4925.000,True,115.000,170.000,0.000,61.000,105.000,-0.300000,0.361111,-0.882949,68.606,74.994,78.531,3826.0
Leo_9_puntos_intento_7.mp4,592,4933.333,True,115.000,170.000,0.000,60.000,105.000,-0.305556,0.361111,-0.881042,68.157,75.304,77.335,3829.5
Leo_9_puntos_intento_7.mp4,593,4941.667,True,115.000,170.000,0.000,60.000,105.000,-0.305556,0.361111,-0.881042,67.753,75.380,76.317,3800.0
Leo_9_puntos_intento_7.mp4,594,4950.000,True,115.000,170.000,0.000,60.000,105.000,-0.305556,0.361111,-0.881042,69.271,75.463,79.101,3878.5
Leo_9_puntos_intento_7.mp4,595,4958.333,True,115.000,170.000,0.000,60.000,105.000,-0.305556,0.361111,-0.881042,68.221,75.703,78.086,3853.5
Leo_9_puntos_intento_7.mp4,596,4966.667,True,115.000,170.000,0.000,60.000,105.000,-0.305556,0.361111,-0.881042,68.423,76.541,76.436,3877.5
Leo_9_puntos_intento_7.mp4,597,4975.000,True,115.000,170.000,0.000,60.000,105.000,-0.305556,0.361111,-0.881042,68.981,75.445,77.162,3863.0
Leo_9_puntos_intento_7.mp4,598,4983.333,True,115.000,170.000,0.000,60.000,105.000,-0.305556,0.361111,-0.881042,68.084,76.521,79.282,3865.5
Leo_9_puntos_intento_7.mp4,599,4991.667,True,115.000,170.000,0.000,60.000,105.000,-0.305556,0.361111,-0.881042,68.508,75.688,78.205,3858.5
Leo_9_puntos_intento_7.mp4,600,5000.000,True,115.000,170.000,0.000,61.000,105.000,-0.300000,0.361111,-0.882949,68.447,75.011,78.102,3835.0
Leo_9_puntos_intento_7.mp4,601,5008.333,True,115.000,170.000,0.000,60.000,105.000,-0.305556,0.361111,-0.881042,67.031,75.342,78.863,3809.5
Leo_9_puntos_intento_7.mp4,602,5016.667,True,115.000,170.000,0.000,60.000,105.000,-0.305556,0.361111,-0.881042,67.086,75.235,78.819,3803.0
Leo_9_puntos_intento_7.mp4,603,5025.000,True,115.000,170.000,0.000,61.000,105.000,-0.300000,0.361111,-0.882949,67.868,75.359,80.309,3808.5
Leo_9_puntos_intento_7.mp4,604,5033.333,True,115.000,170.000,0.000,60.000,105.000,-0.305556,0.361111,-0.881042,67.527,75.278,82.301,3793.0
Leo_9_puntos_intento_7.mp4,605,5041.667,True,115.000,170.000,0.000,61.000,105.000,-0.300000,0.361111,-0.882949,67.741,74.979,80.729,3782.0
Leo_9_puntos_intento_7.mp4,606,5050.000,True,115.000,170.000,0.000,60.000,105.000,-0.305556,0.361111,-0.881042,67.023,75.756,79.546,3805.5
Leo_9_puntos_intento_7.mp4,607,5058.333,True,115.000,170.000,0.000,60.000,105.000,-0.305556,0.361111,-0.881042,67.445,75.444,80.514,3806.0
Leo_9_puntos_intento_7.mp4,608,5066.667,True,115.000,170.000,0.000,60.000,105.000,-0.305556,0.361111,-0.881042,66.552,75.608,79.576,3790.0
Leo_9_puntos_intento_7.mp4,609,5075.000,True,115.000,170.000,0.000,60.000,105.000,-0.305556,0.361111,-0.881042,67.347,75.102,77.581,3784.0
Leo_9_puntos_intento_7.mp4,610,5083.333,True,115.000,170.000,0.000,60.000,105.000,-0.305556,0.361111,-0.881042,67.576,75.037,77.375,3783.5
Leo_9_puntos_intento_7.mp4,611,5091.667,True,115.000,170.000,0.000,60.000,105.000,-0.305556,0.361111,-0.881042,67.660,75.256,75.911,3776.0
Leo_9_puntos_intento_7.mp4,612,5100.000,True,115.000,170.000,0.000,61.000,105.000,-0.300000,0.361111,-0.882949,66.908,75.050,79.472,3768.0
Leo_9_puntos_intento_7.mp4,613,5108.333,True,115.000,170.000,0.000,61.000,105.000,-0.300000,0.361111,-0.882949,67.080,74.739,78.980,3767.5
Leo_9_puntos_intento_7.mp4,614,5116.667,True,115.000,170.000,0.000,60.000,105.000,-0.305556,0.361111,-0.881042,66.441,75.610,76.882,3791.5
Leo_9_puntos_intento_7.mp4,615,5125.000,True,115.000,170.000,0.000,60.000,105.000,-0.305556,0.361111,-0.881042,66.448,75.490,79.174,3796.0
Leo_9_puntos_intento_7.mp4,616,5133.333,True,115.000,170.000,0.000,60.000,105.000,-0.305556,0.361111,-0.881042,65.912,75.637,75.594,3772.0
Leo_9_puntos_intento_7.mp4,617,5141.667,True,115.000,170.000,0.000,60.000,105.000,-0.305556,0.361111,-0.881042,66.374,75.374,76.429,3774.0
Leo_9_puntos_intento_7.mp4,618,5150.000,True,115.000,170.000,0.000,60.000,105.000,-0.305556,0.361111,-0.881042,66.602,75.407,76.271,3780.0
Leo_9_puntos_intento_7.mp4,619,5158.333,True,115.000,170.000,0.000,60.000,105.000,-0.305556,0.361111,-0.881042,66.869,74.910,76.704,3765.5
Leo_9_puntos_intento_7.mp4,620,5166.667,True,115.000,170.000,0.000,60.000,105.000,-0.305556,0.361111,-0.881042,66.832,74.725,76.358,3778.0
Leo_9_puntos_intento_7.mp4,621,5175.000,True,115.000,170.000,0.000,60.000,105.000,-0.305556,0.361111,-0.881042,66.533,74.956,75.891,3750.0
Leo_9_puntos_intento_7.mp4,622,5183.333,True,115.000,170.000,0.000,60.000,105.000,-0.305556,0.361111,-0.881042,66.503,75.511,73.758,3782.0
Leo_9_puntos_intento_7.mp4,623,5191.667,True,115.000,170.000,0.000,60.000,105.000,-0.305556,0.361111,-0.881042,66.309,75.991,74.313,3781.5
Leo_9_puntos_intento_7.mp4,624,5200.000,True,115.000,170.000,0.000,60.000,105.000,-0.305556,0.361111,-0.881042,66.125,75.678,71.724,3786.0
Leo_9_puntos_intento_7.mp4,625,5208.333,True,115.000,170.000,0.000,60.000,105.000,-0.305556,0.361111,-0.881042,65.592,75.409,78.232,3746.0
Leo_9_puntos_intento_7.mp4,626,5216.667,True,115.000,170.000,0.000,60.000,105.000,-0.305556,0.361111,-0.881042,65.607,75.523,77.527,3740.0
Leo_9_puntos_intento_7.mp4,627,5225.000,True,115.000,170.000,0.000,60.000,105.000,-0.305556,0.361111,-0.881042,67.355,74.814,72.763,3784.5
Leo_9_puntos_intento_7.mp4,628,5233.333,True,115.000,170.000,0.000,60.000,106.000,-0.305556,0.355556,-0.883298,67.702,74.749,73.744,3780.0
Leo_9_puntos_intento_7.mp4,629,5241.667,True,115.000,170.000,0.000,60.000,105.000,-0.305556,0.361111,-0.881042,67.239,74.911,74.753,3744.5
Leo_9_puntos_intento_7.mp4,630,5250.000,True,115.000,170.000,0.000,60.000,105.000,-0.305556,0.361111,-0.881042,66.935,74.987,76.175,3769.0
Leo_9_puntos_intento_7.mp4,631,5258.333,True,115.000,170.000,0.000,60.000,105.000,-0.305556,0.361111,-0.881042,66.756,75.403,74.494,3777.5
Leo_9_puntos_intento_7.mp4,632,5266.667,True,115.000,170.000,0.000,60.000,105.000,-0.305556,0.361111,-0.881042,66.979,75.005,76.581,3787.0
Leo_9_puntos_intento_7.mp4,633,5275.000,True,115.000,170.000,0.000,60.000,105.000,-0.305556,0.361111,-0.881042,66.691,74.969,77.653,3767.5
Leo_9_puntos_intento_7.mp4,634,5283.333,True,115.000,170.000,0.000,60.000,105.000,-0.305556,0.361111,-0.881042,67.583,75.012,76.288,3763.5
Leo_9_puntos_intento_7.mp4,635,5291.667,True,115.000,170.000,0.000,60.000,105.000,-0.305556,0.361111,-0.881042,67.580,74.955,77.630,3771.0
Leo_9_puntos_intento_7.mp4,636,5300.000,True,115.000,170.000,0.000,60.000,105.000,-0.305556,0.361111,-0.881042,67.279,75.833,76.018,3795.5
Leo_9_puntos_intento_7.mp4,637,5308.333,True,115.000,170.000,0.000,60.000,106.000,-0.305556,0.355556,-0.883298,66.908,75.023,75.157,3752.0
Leo_9_puntos_intento_7.mp4,638,5316.667,True,115.000,170.000,0.000,60.000,105.000,-0.305556,0.361111,-0.881042,66.996,74.998,77.386,3780.0
Leo_9_puntos_intento_7.mp4,639,5325.000,True,115.000,170.000,0.000,60.000,105.000,-0.305556,0.361111,-0.881042,66.812,74.846,81.131,3764.0
Leo_9_puntos_intento_7.mp4,640,5333.333,True,115.000,170.000,0.000,60.000,105.000,-0.305556,0.361111,-0.881042,66.685,75.076,78.501,3775.5
Leo_9_puntos_intento_7.mp4,641,5341.667,True,115.000,170.000,0.000,60.000,105.000,-0.305556,0.361111,-0.881042,67.315,74.633,76.394,3765.5
Leo_9_puntos_intento_7.mp4,642,5350.000,True,115.000,170.000,0.000,60.000,105.000,-0.305556,0.361111,-0.881042,67.543,74.794,77.027,3792.5
Leo_9_puntos_intento_7.mp4,643,5358.333,True,115.000,170.000,0.000,60.000,105.000,-0.305556,0.361111,-0.881042,66.455,75.301,80.072,3769.0
Leo_9_puntos_intento_7.mp4,644,5366.667,True,115.000,170.000,0.000,60.000,105.000,-0.305556,0.361111,-0.881042,66.881,74.885,75.015,3771.0
Leo_9_puntos_intento_7.mp4,645,5375.000,True,115.000,170.000,0.000,60.000,105.000,-0.305556,0.361111,-0.881042,66.954,75.087,75.583,3772.0
Leo_9_puntos_intento_7.mp4,646,5383.333,True,115.000,170.000,0.000,60.000,105.000,-0.305556,0.361111,-0.881042,67.640,75.268,76.399,3798.0
Leo_9_puntos_intento_7.mp4,647,5391.667,True,115.000,170.000,0.000,60.000,105.000,-0.305556,0.361111,-0.881042,67.061,74.672,74.366,3756.5
Leo_9_puntos_intento_7.mp4,648,5400.000,True,115.000,170.000,0.000,60.000,105.000,-0.305556,0.361111,-0.881042,67.392,74.518,71.827,3784.5
Leo_9_puntos_intento_7.mp4,649,5408.333,True,115.000,170.000,0.000,59.000,105.000,-0.311111,0.361111,-0.879095,66.157,75.431,75.704,3765.0
Leo_9_puntos_intento_7.mp4,650,5416.667,True,115.000,170.000,0.000,58.000,106.000,-0.316667,0.355556,-0.879376,66.669,75.557,75.930,3807.5
Leo_9_puntos_intento_7.mp4,651,5425.000,True,115.000,170.000,0.000,59.000,106.000,-0.311111,0.355556,-0.881357,67.914,74.542,81.118,3769.5
Leo_9_puntos_intento_7.mp4,652,5433.333,True,115.000,170.000,0.000,59.000,105.000,-0.311111,0.361111,-0.879095,66.334,75.711,78.993,3799.0
Leo_9_puntos_intento_7.mp4,653,5441.667,True,115.000,170.000,0.000,59.000,106.000,-0.311111,0.355556,-0.881357,67.448,75.601,77.735,3779.0
Leo_9_puntos_intento_7.mp4,654,5450.000,True,115.000,170.000,0.000,59.000,106.000,-0.311111,0.355556,-0.881357,67.458,75.101,79.558,3779.5
Leo_9_puntos_intento_7.mp4,655,5458.333,True,115.000,170.000,0.000,59.000,105.000,-0.311111,0.361111,-0.879095,66.892,74.766,79.006,3772.5
Leo_9_puntos_intento_7.mp4,656,5466.667,True,115.000,170.000,0.000,59.000,106.000,-0.311111,0.355556,-0.881357,67.206,75.273,78.959,3791.5
Leo_9_puntos_intento_7.mp4,657,5475.000,True,115.000,170.000,0.000,59.000,106.000,-0.311111,0.355556,-0.881357,67.446,74.599,75.384,3713.5
Leo_9_puntos_intento_7.mp4,658,5483.333,True,115.000,170.000,0.000,59.000,106.000,-0.311111,0.355556,-0.881357,66.771,75.110,73.720,3728.0
Leo_9_puntos_intento_7.mp4,659,5491.667,True,115.000,170.000,0.000,59.000,106.000,-0.311111,0.355556,-0.881357,66.853,74.683,73.241,3713.0
Leo_9_puntos_intento_7.mp4,660,5500.000,True,115.000,170.000,0.000,59.000,106.000,-0.311111,0.355556,-0.881357,66.762,74.866,73.185,3741.0
Leo_9_puntos_intento_7.mp4,661,5508.333,True,115.000,170.000,0.000,59.000,106.000,-0.311111,0.355556,-0.881357,67.591,74.059,80.644,3706.0
Leo_9_puntos_intento_7.mp4,662,5516.667,True,115.000,170.000,0.000,59.000,106.000,-0.311111,0.355556,-0.881357,66.850,74.312,77.389,3703.0
Leo_9_puntos_intento_7.mp4,663,5525.000,True,115.000,170.000,0.000,59.000,106.000,-0.311111,0.355556,-0.881357,66.497,74.956,78.103,3710.0
Leo_9_puntos_intento_7.mp4,664,5533.333,True,115.000,170.000,0.000,59.000,106.000,-0.311111,0.355556,-0.881357,67.290,74.253,81.535,3724.5
Leo_9_puntos_intento_7.mp4,665,5541.667,True,115.000,170.000,0.000,59.000,106.000,-0.311111,0.355556,-0.881357,66.023,75.245,79.406,3715.5
Leo_9_puntos_intento_7.mp4,666,5550.000,True,115.000,170.000,0.000,59.000,105.000,-0.311111,0.361111,-0.879095,66.289,74.840,78.447,3730.5
Leo_9_puntos_intento_7.mp4,667,5558.333,True,115.000,170.000,0.000,59.000,105.000,-0.311111,0.361111,-0.879095,66.451,74.472,71.936,3725.0
Leo_9_puntos_intento_7.mp4,668,5566.667,True,115.000,170.000,0.000,59.000,106.000,-0.311111,0.355556,-0.881357,66.102,75.164,75.467,3727.0
Leo_9_puntos_intento_7.mp4,669,5575.000,True,115.000,170.000,0.000,59.000,105.000,-0.311111,0.361111,-0.879095,66.621,74.190,72.386,3713.0
Leo_9_puntos_intento_7.mp4,670,5583.333,True,115.000,170.000,0.000,60.000,105.000,-0.305556,0.361111,-0.881042,65.628,74.757,75.294,3727.5
Leo_9_puntos_intento_7.mp4,671,5591.667,True,115.000,170.000,0.000,60.000,105.000,-0.305556,0.361111,-0.881042,66.302,74.421,78.675,3721.5
Leo_9_puntos_intento_7.mp4,672,5600.000,True,115.000,170.000,0.000,61.000,105.000,-0.300000,0.361111,-0.882949,67.046,74.237,77.142,3718.0
Leo_9_puntos_intento_7.mp4,673,5608.333,True,115.000,170.000,0.000,60.000,105.000,-0.305556,0.361111,-0.881042,66.808,74.403,73.519,3687.0
Leo_9_puntos_intento_7.mp4,674,5616.667,True,115.000,170.000,0.000,60.000,105.000,-0.305556,0.361111,-0.881042,66.179,74.743,75.159,3719.5
Leo_9_puntos_intento_7.mp4,675,5625.000,True,115.000,170.000,0.000,61.000,105.000,-0.300000,0.361111,-0.882949,65.912,73.586,78.150,3660.5
Leo_9_puntos_intento_7.mp4,676,5633.333,True,115.000,170.000,0.000,60.000,105.000,-0.305556,0.361111,-0.881042,66.474,74.607,75.829,3725.5
Leo_9_puntos_intento_7.mp4,677,5641.667,True,115.000,170.000,0.000,60.000,105.000,-0.305556,0.361111,-0.881042,66.816,74.119,77.290,3703.5
Leo_9_puntos_intento_7.mp4,678,5650.000,True,115.000,170.000,0.000,60.000,105.000,-0.305556,0.361111,-0.881042,66.395,74.261,76.474,3695.5
Leo_9_puntos_intento_7.mp4,679,5658.333,True,115.000,170.000,0.000,61.000,105.000,-0.300000,0.361111,-0.882949,66.818,73.813,78.595,3695.0
Leo_9_puntos_intento_7.mp4,680,5666.667,True,115.000,170.000,0.000,60.000,106.000,-0.305556,0.355556,-0.883298,67.000,74.187,75.907,3694.0
Leo_9_puntos_intento_7.mp4,681,5675.000,True,115.000,170.000,0.000,60.000,105.000,-0.305556,0.361111,-0.881042,66.563,74.252,78.251,3687.0
Leo_9_puntos_intento_7.mp4,682,5683.333,True,115.000,170.000,0.000,60.000,105.000,-0.305556,0.361111,-0.881042,66.396,74.759,78.563,3708.0
Leo_9_puntos_intento_7.mp4,683,5691.667,True,115.000,170.000,0.000,60.000,106.000,-0.305556,0.355556,-0.883298,67.056,73.941,74.191,3697.5
Leo_9_puntos_intento_7.mp4,684,5700.000,True,115.000,170.000,0.000,60.000,106.000,-0.305556,0.355556,-0.883298,66.314,74.288,75.846,3695.0
Leo_9_puntos_intento_7.mp4,685,5708.333,True,115.000,170.000,0.000,60.000,106.000,-0.305556,0.355556,-0.883298,66.744,73.672,80.203,3657.0
Leo_9_puntos_intento_7.mp4,686,5716.667,True,115.000,170.000,0.000,60.000,106.000,-0.305556,0.355556,-0.883298,66.534,74.107,73.525,3698.0
Leo_9_puntos_intento_7.mp4,687,5725.000,True,115.000,170.000,0.000,60.000,105.000,-0.305556,0.361111,-0.881042,65.574,74.232,77.132,3681.5
Leo_9_puntos_intento_7.mp4,688,5733.333,True,115.000,170.000,0.000,60.000,106.000,-0.305556,0.355556,-0.883298,65.872,73.661,77.159,3662.5
Leo_9_puntos_intento_7.mp4,689,5741.667,True,115.000,170.000,0.000,60.000,106.000,-0.305556,0.355556,-0.883298,66.439,73.724,73.397,3671.5
Leo_9_puntos_intento_7.mp4,690,5750.000,True,115.000,170.000,0.000,60.000,106.000,-0.305556,0.355556,-0.883298,66.751,73.766,73.963,3689.0
Leo_9_puntos_intento_7.mp4,691,5758.333,True,115.000,170.000,0.000,60.000,106.000,-0.305556,0.355556,-0.883298,67.462,73.437,75.657,3676.0
Leo_9_puntos_intento_7.mp4,692,5766.667,True,115.000,170.000,0.000,60.000,106.000,-0.305556,0.355556,-0.883298,66.084,74.393,72.651,3680.0
Leo_9_puntos_intento_7.mp4,693,5775.000,True,115.000,170.000,0.000,60.000,106.000,-0.305556,0.355556,-0.883298,66.055,74.812,77.328,3668.5
Leo_9_puntos_intento_7.mp4,694,5783.333,True,115.000,170.000,0.000,60.000,106.000,-0.305556,0.355556,-0.883298,66.092,74.151,76.765,3663.0
Leo_9_puntos_intento_7.mp4,695,5791.667,True,115.000,170.000,0.000,60.000,105.000,-0.305556,0.361111,-0.881042,65.545,74.648,77.020,3685.5
Leo_9_puntos_intento_7.mp4,696,5800.000,True,115.000,170.000,0.000,60.000,105.000,-0.305556,0.361111,-0.881042,65.482,73.878,75.968,3638.0
Leo_9_puntos_intento_7.mp4,697,5808.333,True,115.000,170.000,0.000,60.000,106.000,-0.305556,0.355556,-0.883298,65.979,74.003,72.594,3642.5
Leo_9_puntos_intento_7.mp4,698,5816.667,True,115.000,170.000,0.000,60.000,106.000,-0.305556,0.355556,-0.883298,65.597,73.926,77.682,3656.5
Leo_9_puntos_intento_7.mp4,699,5825.000,True,115.000,170.000,0.000,60.000,106.000,-0.305556,0.355556,-0.883298,65.822,74.035,76.507,3667.0
Leo_9_puntos_intento_7.mp4,700,5833.333,True,115.000,170.000,0.000,60.000,106.000,-0.305556,0.355556,-0.883298,64.900,75.219,74.860,3662.5
Leo_9_puntos_intento_7.mp4,701,5841.667,True,115.000,170.000,0.000,60.000,105.000,-0.305556,0.361111,-0.881042,65.960,73.483,77.117,3652.5
Leo_9_puntos_intento_7.mp4,702,5850.000,True,115.000,170.000,0.000,60.000,105.000,-0.305556,0.361111,-0.881042,65.690,73.890,78.897,3663.0
Leo_9_puntos_intento_7.mp4,703,5858.333,True,115.000,170.000,0.000,60.000,106.000,-0.305556,0.355556,-0.883298,66.765,73.799,81.002,3639.5
Leo_9_puntos_intento_7.mp4,704,5866.667,True,115.000,170.000,0.000,60.000,105.000,-0.305556,0.361111,-0.881042,65.672,74.639,79.367,3668.5
Leo_9_puntos_intento_7.mp4,705,5875.000,True,115.000,170.000,0.000,60.000,106.000,-0.305556,0.355556,-0.883298,67.226,73.454,82.621,3653.5
Leo_9_puntos_intento_7.mp4,706,5883.333,True,115.000,170.000,0.000,60.000,105.000,-0.305556,0.361111,-0.881042,65.610,73.986,77.124,3660.0
Leo_9_puntos_intento_7.mp4,707,5891.667,True,115.000,170.000,0.000,60.000,106.000,-0.305556,0.355556,-0.883298,66.556,73.714,79.936,3643.5
Leo_9_puntos_intento_7.mp4,708,5900.000,True,115.000,170.000,0.000,60.000,106.000,-0.305556,0.355556,-0.883298,66.107,74.403,75.907,3705.5
Leo_9_puntos_intento_7.mp4,709,5908.333,True,115.000,170.000,0.000,60.000,106.000,-0.305556,0.355556,-0.883298,65.630,74.262,75.700,3667.5
Leo_9_puntos_intento_7.mp4,710,5916.667,True,115.000,170.000,0.000,60.000,106.000,-0.305556,0.355556,-0.883298,66.791,73.777,78.832,3669.0
Leo_9_puntos_intento_7.mp4,711,5925.000,True,115.000,170.000,0.000,60.000,106.000,-0.305556,0.355556,-0.883298,66.232,74.212,77.271,3675.0
Leo_9_puntos_intento_7.mp4,712,5933.333,True,115.000,170.000,0.000,60.000,106.000,-0.305556,0.355556,-0.883298,66.381,74.165,77.578,3691.0
Leo_9_puntos_intento_7.mp4,713,5941.667,True,115.000,170.000,0.000,60.000,106.000,-0.305556,0.355556,-0.883298,66.748,73.985,77.763,3671.0
Leo_9_puntos_intento_7.mp4,714,5950.000,True,115.000,170.000,0.000,60.000,105.000,-0.305556,0.361111,-0.881042,66.165,74.318,76.157,3690.5
Leo_9_puntos_intento_7.mp4,715,5958.333,True,115.000,170.000,0.000,60.000,106.000,-0.305556,0.355556,-0.883298,66.128,74.269,75.146,3669.5
Leo_9_puntos_intento_7.mp4,716,5966.667,True,115.000,170.000,0.000,60.000,106.000,-0.305556,0.355556,-0.883298,66.308,74.239,77.899,3689.5
Leo_9_puntos_intento_7.mp4,717,5975.000,True,115.000,170.000,0.000,60.000,105.000,-0.305556,0.361111,-0.881042,65.238,74.741,76.909,3682.0
Leo_9_puntos_intento_7.mp4,718,5983.333,True,115.000,170.000,0.000,60.000,106.000,-0.305556,0.355556,-0.883298,66.529,74.151,73.630,3690.0
Leo_9_puntos_intento_7.mp4,719,5991.667,True,115.000,170.000,0.000,60.000,106.000,-0.305556,0.355556,-0.883298,66.354,74.008,77.834,3665.0
Leo_9_puntos_intento_7.mp4,720,6000.000,True,115.000,170.000,0.000,60.000,105.000,-0.305556,0.361111,-0.881042,65.176,74.541,73.800,3688.0
Leo_9_puntos_intento_7.mp4,721,6008.333,True,115.000,170.000,0.000,60.000,106.000,-0.305556,0.355556,-0.883298,66.894,74.116,80.949,3695.0
Leo_9_puntos_intento_7.mp4,722,6016.667,True,115.000,170.000,0.000,60.000,106.000,-0.305556,0.355556,-0.883298,66.547,74.227,75.272,3694.5
Leo_9_puntos_intento_7.mp4,723,6025.000,True,115.000,170.000,0.000,60.000,106.000,-0.305556,0.355556,-0.883298,66.556,74.301,78.887,3686.5
Leo_9_puntos_intento_7.mp4,724,6033.333,True,115.000,170.000,0.000,60.000,105.000,-0.305556,0.361111,-0.881042,65.881,74.178,78.858,3691.5
Leo_9_puntos_intento_7.mp4,725,6041.667,True,115.000,170.000,0.000,60.000,105.000,-0.305556,0.361111,-0.881042,66.013,74.481,76.361,3687.5
Leo_9_puntos_intento_7.mp4,726,6050.000,True,115.000,170.000,0.000,60.000,106.000,-0.305556,0.355556,-0.883298,66.804,74.055,77.041,3698.5
Leo_9_puntos_intento_7.mp4,727,6058.333,True,115.000,170.000,0.000,60.000,105.000,-0.305556,0.361111,-0.881042,66.202,74.028,76.564,3682.0
Leo_9_puntos_intento_7.mp4,728,6066.667,True,115.000,170.000,0.000,60.000,105.000,-0.305556,0.361111,-0.881042,66.394,74.065,73.301,3689.0
Leo_9_puntos_intento_7.mp4,729,6075.000,True,115.000,170.000,0.000,60.000,106.000,-0.305556,0.355556,-0.883298,66.030,74.428,78.950,3684.5
Leo_9_puntos_intento_7.mp4,730,6083.333,True,115.000,170.000,0.000,60.000,105.000,-0.305556,0.361111,-0.881042,66.407,74.428,75.045,3707.0
Leo_9_puntos_intento_7.mp4,731,6091.667,True,115.000,170.000,0.000,60.000,105.000,-0.305556,0.361111,-0.881042,66.768,74.387,74.326,3718.5
Leo_9_puntos_intento_7.mp4,732,6100.000,True,115.000,170.000,0.000,60.000,106.000,-0.305556,0.355556,-0.883298,67.027,74.458,75.507,3719.0
Leo_9_puntos_intento_7.mp4,733,6108.333,True,115.000,170.000,0.000,60.000,105.000,-0.305556,0.361111,-0.881042,66.260,74.388,79.222,3717.5
Leo_9_puntos_intento_7.mp4,734,6116.667,True,115.000,170.000,0.000,60.000,105.000,-0.305556,0.361111,-0.881042,66.510,73.975,78.497,3720.5
Leo_9_puntos_intento_7.mp4,735,6125.000,True,115.000,170.000,0.000,60.000,105.000,-0.305556,0.361111,-0.881042,66.806,74.606,76.487,3727.5
Leo_9_puntos_intento_7.mp4,736,6133.333,True,115.000,170.000,0.000,60.000,105.000,-0.305556,0.361111,-0.881042,65.442,75.511,77.883,3727.5
Leo_9_puntos_intento_7.mp4,737,6141.667,True,115.000,170.000,0.000,60.000,105.000,-0.305556,0.361111,-0.881042,66.954,74.700,76.843,3734.5
Leo_9_puntos_intento_7.mp4,738,6150.000,True,115.000,170.000,0.000,60.000,106.000,-0.305556,0.355556,-0.883298,67.062,74.107,79.415,3720.5
Leo_9_puntos_intento_7.mp4,739,6158.333,True,115.000,170.000,0.000,60.000,105.000,-0.305556,0.361111,-0.881042,65.786,74.505,76.663,3688.5
Leo_9_puntos_intento_7.mp4,740,6166.667,True,115.000,170.000,0.000,60.000,106.000,-0.305556,0.355556,-0.883298,67.248,74.319,77.803,3708.5
Leo_9_puntos_intento_7.mp4,741,6175.000,True,115.000,170.000,0.000,60.000,106.000,-0.305556,0.355556,-0.883298,66.953,74.854,79.297,3728.5
Leo_9_puntos_intento_7.mp4,742,6183.333,True,115.000,170.000,0.000,60.000,105.000,-0.305556,0.361111,-0.881042,66.312,75.322,74.836,3751.5
Leo_9_puntos_intento_7.mp4,743,6191.667,True,115.000,170.000,0.000,60.000,106.000,-0.305556,0.355556,-0.883298,66.933,74.336,78.221,3732.5
Leo_9_puntos_intento_7.mp4,744,6200.000,True,115.000,170.000,0.000,60.000,106.000,-0.305556,0.355556,-0.883298,66.948,73.814,79.583,3707.0
Leo_9_puntos_intento_7.mp4,745,6208.333,True,115.000,170.000,0.000,60.000,106.000,-0.305556,0.355556,-0.883298,66.615,74.570,76.430,3724.5
Leo_9_puntos_intento_7.mp4,746,6216.667,True,115.000,170.000,0.000,60.000,106.000,-0.305556,0.355556,-0.883298,66.896,74.513,77.277,3714.0
Leo_9_puntos_intento_7.mp4,747,6225.000,True,115.000,170.000,0.000,60.000,106.000,-0.305556,0.355556,-0.883298,66.804,74.805,78.058,3727.5
Leo_9_puntos_intento_7.mp4,748,6233.333,True,115.000,170.000,0.000,60.000,105.000,-0.305556,0.361111,-0.881042,66.554,74.825,77.492,3731.0
Leo_9_puntos_intento_7.mp4,749,6241.667,True,115.000,170.000,0.000,60.000,106.000,-0.305556,0.355556,-0.883298,66.489,74.690,76.271,3710.0
Leo_9_puntos_intento_7.mp4,750,6250.000,True,115.000,170.000,0.000,60.000,106.000,-0.305556,0.355556,-0.883298,66.772,74.785,76.683,3724.0
Leo_9_puntos_intento_7.mp4,751,6258.333,True,115.000,170.000,0.000,60.000,106.000,-0.305556,0.355556,-0.883298,67.242,74.593,76.684,3744.0
Leo_9_puntos_intento_7.mp4,752,6266.667,True,115.000,170.000,0.000,60.000,106.000,-0.305556,0.355556,-0.883298,67.204,74.669,76.257,3744.5
Leo_9_puntos_intento_7.mp4,753,6275.000,True,115.000,170.000,0.000,60.000,106.000,-0.305556,0.355556,-0.883298,67.047,74.884,76.868,3764.5
Leo_9_puntos_intento_7.mp4,754,6283.333,True,115.000,170.000,0.000,60.000,106.000,-0.305556,0.355556,-0.883298,67.316,74.620,76.265,3753.0
Leo_9_puntos_intento_7.mp4,755,6291.667,True,115.000,170.000,0.000,60.000,106.000,-0.305556,0.355556,-0.883298,66.332,75.010,77.829,3736.0
Leo_9_puntos_intento_7.mp4,756,6300.000,True,115.000,170.000,0.000,60.000,105.000,-0.305556,0.361111,-0.881042,65.523,75.699,76.676,3750.0
Leo_9_puntos_intento_7.mp4,757,6308.333,True,115.000,170.000,0.000,61.000,106.000,-0.300000,0.355556,-0.885201,66.594,73.772,74.672,3699.0
Leo_9_puntos_intento_7.mp4,758,6316.667,True,115.000,170.000,0.000,61.000,106.000,-0.300000,0.355556,-0.885201,67.670,73.669,76.962,3720.0
Leo_9_puntos_intento_7.mp4,759,6325.000,True,115.000,170.000,0.000,60.000,105.000,-0.305556,0.361111,-0.881042,66.307,74.333,77.081,3714.0
Leo_9_puntos_intento_7.mp4,760,6333.333,True,115.000,170.000,0.000,60.000,106.000,-0.305556,0.355556,-0.883298,67.205,74.538,75.541,3754.0
Leo_9_puntos_intento_7.mp4,761,6341.667,True,115.000,170.000,0.000,60.000,106.000,-0.305556,0.355556,-0.883298,67.005,74.664,77.100,3745.0
Leo_9_puntos_intento_7.mp4,762,6350.000,True,115.000,170.000,0.000,60.000,105.000,-0.305556,0.361111,-0.881042,66.831,75.133,77.015,3782.5
Leo_9_puntos_intento_7.mp4,763,6358.333,True,115.000,170.000,0.000,60.000,105.000,-0.305556,0.361111,-0.881042,66.654,75.218,77.541,3746.0
Leo_9_puntos_intento_7.mp4,764,6366.667,True,115.000,170.000,0.000,60.000,106.000,-0.305556,0.355556,-0.883298,66.438,74.949,78.085,3760.5
Leo_9_puntos_intento_7.mp4,765,6375.000,True,115.000,170.000,0.000,61.000,105.000,-0.300000,0.361111,-0.882949,66.535,75.106,77.113,3763.0
Leo_9_puntos_intento_7.mp4,766,6383.333,True,115.000,170.000,0.000,60.000,106.000,-0.305556,0.355556,-0.883298,66.689,76.125,76.914,3795.5
Leo_9_puntos_intento_7.mp4,767,6391.667,True,115.000,170.000,0.000,61.000,106.000,-0.300000,0.355556,-0.885201,67.359,75.267,79.350,3788.0
Leo_9_puntos_intento_7.mp4,768,6400.000,True,115.000,170.000,0.000,61.000,106.000,-0.300000,0.355556,-0.885201,67.190,75.531,79.030,3802.0
Leo_9_puntos_intento_7.mp4,769,6408.333,True,115.000,170.000,0.000,61.000,105.000,-0.300000,0.361111,-0.882949,66.823,75.377,79.462,3781.0
Leo_9_puntos_intento_7.mp4,770,6416.667,True,115.000,170.000,0.000,61.000,106.000,-0.300000,0.355556,-0.885201,67.037,75.382,75.765,3784.0
Leo_9_puntos_intento_7.mp4,771,6425.000,True,115.000,170.000,0.000,61.000,105.000,-0.300000,0.361111,-0.882949,67.043,75.087,77.434,3775.0
Leo_9_puntos_intento_7.mp4,772,6433.333,True,115.000,170.000,0.000,61.000,105.000,-0.300000,0.361111,-0.882949,66.345,75.884,75.476,3792.5
Leo_9_puntos_intento_7.mp4,773,6441.667,True,115.000,170.000,0.000,61.000,106.000,-0.300000,0.355556,-0.885201,67.589,75.089,78.915,3775.5
Leo_9_puntos_intento_7.mp4,774,6450.000,True,115.000,170.000,0.000,60.000,106.000,-0.305556,0.355556,-0.883298,67.786,76.006,75.131,3828.5
Leo_9_puntos_intento_7.mp4,775,6458.333,True,115.000,170.000,0.000,60.000,106.000,-0.305556,0.355556,-0.883298,67.178,76.177,76.360,3806.5
Leo_9_puntos_intento_7.mp4,776,6466.667,True,115.000,170.000,0.000,60.000,106.000,-0.305556,0.355556,-0.883298,67.947,75.343,76.429,3797.5
Leo_9_puntos_intento_7.mp4,777,6475.000,True,115.000,170.000,0.000,61.000,106.000,-0.300000,0.355556,-0.885201,67.804,74.586,78.829,3784.5
Leo_9_puntos_intento_7.mp4,778,6483.333,True,115.000,170.000,0.000,60.000,106.000,-0.305556,0.355556,-0.883298,67.172,76.306,77.101,3825.5
Leo_9_puntos_intento_7.mp4,779,6491.667,True,115.000,170.000,0.000,60.000,106.000,-0.305556,0.355556,-0.883298,67.549,76.086,75.561,3839.0
Leo_9_puntos_intento_7.mp4,780,6500.000,True,115.000,170.000,0.000,60.000,106.000,-0.305556,0.355556,-0.883298,67.852,75.548,75.848,3807.0
Leo_9_puntos_intento_7.mp4,781,6508.333,True,115.000,170.000,0.000,60.000,106.000,-0.305556,0.355556,-0.883298,67.645,75.042,81.681,3787.0
Leo_9_puntos_intento_7.mp4,782,6516.667,True,115.000,170.000,0.000,60.000,106.000,-0.305556,0.355556,-0.883298,67.990,75.724,79.392,3826.0
Leo_9_puntos_intento_7.mp4,783,6525.000,True,115.000,170.000,0.000,60.000,106.000,-0.305556,0.355556,-0.883298,67.331,76.237,81.407,3802.0
Leo_9_puntos_intento_7.mp4,784,6533.333,True,115.000,170.000,0.000,60.000,106.000,-0.305556,0.355556,-0.883298,68.415,75.577,74.224,3823.0
Leo_9_puntos_intento_7.mp4,785,6541.667,True,115.000,170.000,0.000,60.000,106.000,-0.305556,0.355556,-0.883298,67.427,74.971,76.314,3780.0
Leo_9_puntos_intento_7.mp4,786,6550.000,True,115.000,170.000,0.000,60.000,106.000,-0.305556,0.355556,-0.883298,68.005,75.420,76.809,3791.5
Leo_9_puntos_intento_7.mp4,787,6558.333,True,115.000,170.000,0.000,60.000,106.000,-0.305556,0.355556,-0.883298,67.712,75.607,73.040,3789.5
Leo_9_puntos_intento_7.mp4,788,6566.667,True,115.000,170.000,0.000,60.000,106.000,-0.305556,0.355556,-0.883298,68.154,74.937,79.742,3818.0
Leo_9_puntos_intento_7.mp4,789,6575.000,True,115.000,170.000,0.000,60.000,106.000,-0.305556,0.355556,-0.883298,68.153,75.413,74.804,3817.5
Leo_9_puntos_intento_7.mp4,790,6583.333,True,115.000,170.000,0.000,60.000,106.000,-0.305556,0.355556,-0.883298,67.868,75.570,78.364,3831.0
Leo_9_puntos_intento_7.mp4,791,6591.667,True,115.000,170.000,0.000,61.000,106.000,-0.300000,0.355556,-0.885201,67.107,75.380,81.600,3765.5
Leo_9_puntos_intento_7.mp4,792,6600.000,True,115.000,170.000,0.000,68.000,105.000,-0.261111,0.361111,-0.895221,67.311,76.296,87.467,3814.5
Leo_9_puntos_intento_7.mp4,793,6608.333,True,115.000,170.000,0.000,81.000,103.000,-0.188889,0.372222,-0.908720,65.889,76.402,105.213,3806.0
Leo_9_puntos_intento_7.mp4,794,6616.667,False,115.000,170.000,0.000,91.000,102.000,-0.133333,0.377778,-0.916246,64.132,77.964,112.096,3837.0
Leo_9_puntos_intento_7.mp4,795,6625.000,False,115.000,170.000,0.000,101.000,103.000,-0.077778,0.372222,-0.924879,64.798,78.156,119.596,3873.5
Leo_9_puntos_intento_7.mp4,796,6633.333,False,115.000,170.000,0.000,113.000,108.000,-0.011111,0.344444,-0.938741,62.367,71.682,86.766,3296.5
Leo_9_puntos_intento_7.mp4,797,6641.667,False,115.000,170.000,,,,,,,,,,
Leo_9_puntos_intento_7.mp4,798,6650.000,False,115.000,170.000,,,,,,,,,,
Leo_9_puntos_intento_7.mp4,799,6658.333,False,115.000,170.000,,,,,,,,,,
Leo_9_puntos_intento_7.mp4,800,6666.667,False,115.000,170.000,,,,,,,,,,
Leo_9_puntos_intento_7.mp4,801,6675.000,False,115.000,170.000,,,,,,,,,,
Leo_9_puntos_intento_7.mp4,802,6683.333,False,115.000,170.000,,,,,,,,,,
Leo_9_puntos_intento_7.mp4,803,6691.667,False,115.000,170.000,0.000,154.000,121.000,0.216667,0.272222,-0.937524,44.594,80.362,75.725,2285.0
Leo_9_puntos_intento_7.mp4,804,6700.000,False,115.000,170.000,0.000,157.000,117.000,0.233333,0.294444,-0.926746,53.545,71.020,80.924,2677.0
Leo_9_puntos_intento_7.mp4,805,6708.333,False,115.000,170.000,0.000,156.000,114.000,0.227778,0.311111,-0.922674,62.128,69.495,96.360,3134.0
Leo_9_puntos_intento_7.mp4,806,6716.667,True,115.000,170.000,0.000,156.000,113.000,0.227778,0.316667,-0.920782,63.530,71.404,144.182,3367.0
Leo_9_puntos_intento_7.mp4,807,6725.000,True,115.000,170.000,0.000,156.000,110.000,0.227778,0.333333,-0.914880,61.550,79.919,153.901,3622.0
Leo_9_puntos_intento_7.mp4,808,6733.333,True,115.000,170.000,0.000,157.000,112.000,0.233333,0.322222,-0.917458,61.436,79.566,150.287,3758.0
Leo_9_puntos_intento_7.mp4,809,6741.667,True,115.000,170.000,0.000,157.000,112.000,0.233333,0.322222,-0.917458,61.286,78.920,151.071,3723.0
Leo_9_puntos_intento_7.mp4,810,6750.000,True,115.000,170.000,0.000,158.000,113.000,0.238889,0.316667,-0.917962,61.903,77.089,150.885,3686.5
Leo_9_puntos_intento_7.mp4,811,6758.333,True,115.000,170.000,0.000,158.000,113.000,0.238889,0.316667,-0.917962,62.065,75.306,148.461,3622.0
Leo_9_puntos_intento_7.mp4,812,6766.667,True,115.000,170.000,0.000,159.000,114.000,0.244444,0.311111,-0.918399,61.384,74.611,149.153,3567.5
Leo_9_puntos_intento_7.mp4,813,6775.000,True,115.000,170.000,0.000,159.000,114.000,0.244444,0.311111,-0.918399,60.653,73.385,149.473,3484.0
Leo_9_puntos_intento_7.mp4,814,6783.333,True,115.000,170.000,0.000,160.000,114.000,0.250000,0.311111,-0.916902,60.925,73.095,149.310,3468.5
Leo_9_puntos_intento_7.mp4,815,6791.667,True,115.000,170.000,0.000,160.000,114.000,0.250000,0.311111,-0.916902,61.085,73.341,149.840,3477.5
Leo_9_puntos_intento_7.mp4,816,6800.000,True,115.000,170.000,0.000,160.000,114.000,0.250000,0.311111,-0.916902,61.523,73.965,149.241,3540.0
Leo_9_puntos_intento_7.mp4,817,6808.333,True,115.000,170.000,0.000,160.000,113.000,0.250000,0.316667,-0.914998,61.206,73.569,147.888,3500.0
Leo_9_puntos_intento_7.mp4,818,6816.667,True,115.000,170.000,0.000,160.000,114.000,0.250000,0.311111,-0.916902,61.544,74.211,147.262,3540.0
Leo_9_puntos_intento_7.mp4,819,6825.000,True,115.000,170.000,0.000,160.000,114.000,0.250000,0.311111,-0.916902,61.761,73.686,147.046,3532.0
Leo_9_puntos_intento_7.mp4,820,6833.333,True,115.000,170.000,0.000,160.000,113.000,0.250000,0.316667,-0.914998,61.985,74.255,147.050,3576.5
Leo_9_puntos_intento_7.mp4,821,6841.667,True,115.000,170.000,0.000,160.000,114.000,0.250000,0.311111,-0.916902,61.941,73.918,148.369,3560.5
Leo_9_puntos_intento_7.mp4,822,6850.000,True,115.000,170.000,0.000,160.000,113.000,0.250000,0.316667,-0.914998,61.955,74.134,147.835,3569.0
Leo_9_puntos_intento_7.mp4,823,6858.333,True,115.000,170.000,0.000,160.000,113.000,0.250000,0.316667,-0.914998,61.931,74.236,148.549,3544.5
Leo_9_puntos_intento_7.mp4,824,6866.667,True,115.000,170.000,0.000,160.000,113.000,0.250000,0.316667,-0.914998,61.916,74.040,147.397,3564.0
Leo_9_puntos_intento_7.mp4,825,6875.000,True,115.000,170.000,0.000,160.000,113.000,0.250000,0.316667,-0.914998,61.790,73.996,144.521,3550.0
Leo_9_puntos_intento_7.mp4,826,6883.333,True,115.000,170.000,0.000,160.000,113.000,0.250000,0.316667,-0.914998,62.224,74.429,148.129,3579.0
Leo_9_puntos_intento_7.mp4,827,6891.667,True,115.000,170.000,0.000,160.000,113.000,0.250000,0.316667,-0.914998,61.616,74.191,146.637,3562.0
Leo_9_puntos_intento_7.mp4,828,6900.000,True,115.000,170.000,0.000,160.000,113.000,0.250000,0.316667,-0.914998,61.830,74.258,148.086,3567.0
Leo_9_puntos_intento_7.mp4,829,6908.333,True,115.000,170.000,0.000,160.000,113.000,0.250000,0.316667,-0.914998,62.091,73.902,146.442,3555.5
Leo_9_puntos_intento_7.mp4,830,6916.667,True,115.000,170.000,0.000,160.000,113.000,0.250000,0.316667,-0.914998,61.803,73.929,147.640,3552.0
Leo_9_puntos_intento_7.mp4,831,6925.000,True,115.000,170.000,0.000,160.000,113.000,0.250000,0.316667,-0.914998,62.191,73.843,146.169,3566.0
Leo_9_puntos_intento_7.mp4,832,6933.333,True,115.000,170.000,0.000,159.000,113.000,0.244444,0.316667,-0.916498,61.865,74.825,145.167,3561.5
Leo_9_puntos_intento_7.mp4,833,6941.667,True,115.000,170.000,0.000,159.000,113.000,0.244444,0.316667,-0.916498,61.683,74.475,147.603,3556.5
Leo_9_puntos_intento_7.mp4,834,6950.000,True,115.000,170.000,0.000,160.000,113.000,0.250000,0.316667,-0.914998,61.677,74.412,147.193,3575.0
Leo_9_puntos_intento_7.mp4,835,6958.333,True,115.000,170.000,0.000,162.000,114.000,0.261111,0.311111,-0.913800,61.494,74.767,146.118,3579.0
Leo_9_puntos_intento_7.mp4,836,6966.667,True,115.000,170.000,0.000,164.000,115.000,0.272222,0.305556,-0.912431,61.218,74.302,148.584,3528.0
Leo_9_puntos_intento_7.mp4,837,6975.000,True,115.000,170.000,0.000,163.000,115.000,0.266667,0.305556,-0.914070,60.695,73.172,149.675,3444.0
Leo_9_puntos_intento_7.mp4,838,6983.333,True,115.000,170.000,0.000,161.000,115.000,0.255556,0.305556,-0.917239,61.724,73.194,147.823,3488.0
Leo_9_puntos_intento_7.mp4,839,6991.667,True,115.000,170.000,0.000,161.000,115.000,0.255556,0.305556,-0.917239,61.645,73.549,148.955,3494.0
Leo_9_puntos_intento_7.mp4,840,7000.000,True,115.000,170.000,0.000,162.000,115.000,0.261111,0.305556,-0.915673,61.017,73.499,147.715,3451.0
Leo_9_puntos_intento_7.mp4,841,7008.333,True,115.000,170.000,0.000,162.000,115.000,0.261111,0.305556,-0.915673,60.733,72.536,149.139,3413.5
Leo_9_puntos_intento_7.mp4,842,7016.667,True,115.000,170.000,0.000,162.000,115.000,0.261111,0.305556,-0.915673,60.783,72.406,149.083,3423.0
Leo_9_puntos_intento_7.mp4,843,7025.000,True,115.000,170.000,0.000,162.000,115.000,0.261111,0.305556,-0.915673,60.714,72.246,147.945,3410.5
Leo_9_puntos_intento_7.mp4,844,7033.333,True,115.000,170.000,0.000,162.000,115.000,0.261111,0.305556,-0.915673,60.837,72.746,149.060,3410.5
Leo_9_puntos_intento_7.mp4,845,7041.667,True,115.000,170.000,0.000,162.000,115.000,0.261111,0.305556,-0.915673,60.657,72.636,147.970,3404.0
Leo_9_puntos_intento_7.mp4,846,7050.000,True,115.000,170.000,0.000,162.000,115.000,0.261111,0.305556,-0.915673,60.417,73.367,148.764,3447.0
Leo_9_puntos_intento_7.mp4,847,7058.333,True,115.000,170.000,0.000,162.000,115.000,0.261111,0.305556,-0.915673,60.468,72.115,147.450,3381.0
Leo_9_puntos_intento_7.mp4,848,7066.667,True,115.000,170.000,0.000,162.000,115.000,0.261111,0.305556,-0.915673,60.327,72.108,148.903,3395.5
Leo_9_puntos_intento_7.mp4,849,7075.000,True,115.000,170.000,0.000,162.000,115.000,0.261111,0.305556,-0.915673,60.556,72.224,149.706,3404.0
Leo_9_puntos_intento_7.mp4,850,7083.333,True,115.000,170.000,0.000,162.000,115.000,0.261111,0.305556,-0.915673,60.466,72.181,146.324,3368.0
Leo_9_puntos_intento_7.mp4,851,7091.667,True,115.000,170.000,0.000,162.000,115.000,0.261111,0.305556,-0.915673,60.494,71.983,147.604,3369.0
Leo_9_puntos_intento_7.mp4,852,7100.000,True,115.000,170.000,0.000,162.000,115.000,0.261111,0.305556,-0.915673,60.643,72.229,146.730,3383.0
Leo_9_puntos_intento_7.mp4,853,7108.333,True,115.000,170.000,0.000,162.000,115.000,0.261111,0.305556,-0.915673,60.312,71.999,145.344,3354.5
Leo_9_puntos_intento_7.mp4,854,7116.667,True,115.000,170.000,0.000,162.000,115.000,0.261111,0.305556,-0.915673,60.769,71.706,145.597,3383.5
Leo_9_puntos_intento_7.mp4,855,7125.000,True,115.000,170.000,0.000,162.000,115.000,0.261111,0.305556,-0.915673,60.769,71.963,145.806,3361.5
Leo_9_puntos_intento_7.mp4,856,7133.333,True,115.000,170.000,0.000,162.000,115.000,0.261111,0.305556,-0.915673,60.429,71.924,148.743,3366.0
Leo_9_puntos_intento_7.mp4,857,7141.667,True,115.000,170.000,0.000,162.000,115.000,0.261111,0.305556,-0.915673,60.400,72.414,148.698,3357.5
Leo_9_puntos_intento_7.mp4,858,7150.000,True,115.000,170.000,0.000,162.000,115.000,0.261111,0.305556,-0.915673,60.549,71.954,147.358,3365.0
Leo_9_puntos_intento_7.mp4,859,7158.333,True,115.000,170.000,0.000,162.000,115.000,0.261111,0.305556,-0.915673,60.236,71.788,147.705,3370.0
Leo_9_puntos_intento_7.mp4,860,7166.667,True,115.000,170.000,0.000,162.000,115.000,0.261111,0.305556,-0.915673,60.797,71.863,148.274,3382.5
Leo_9_puntos_intento_7.mp4,861,7175.000,True,115.000,170.000,0.000,162.000,115.000,0.261111,0.305556,-0.915673,60.657,71.715,149.054,3368.0
Leo_9_puntos_intento_7.mp4,862,7183.333,True,115.000,170.000,0.000,162.000,115.000,0.261111,0.305556,-0.915673,60.453,72.214,148.665,3377.5
Leo_9_puntos_intento_7.mp4,863,7191.667,True,115.000,170.000,0.000,162.000,115.000,0.261111,0.305556,-0.915673,60.037,71.561,150.451,3353.0
Leo_9_puntos_intento_7.mp4,864,7200.000,True,115.000,170.000,0.000,162.000,115.000,0.261111,0.305556,-0.915673,60.672,72.085,148.737,3385.5
Leo_9_puntos_intento_7.mp4,865,7208.333,True,115.000,170.000,0.000,162.000,115.000,0.261111,0.305556,-0.915673,59.915,71.906,149.260,3345.0
Leo_9_puntos_intento_7.mp4,866,7216.667,True,115.000,170.000,0.000,162.000,115.000,0.261111,0.305556,-0.915673,60.275,71.962,147.004,3360.5
Leo_9_puntos_intento_7.mp4,867,7225.000,True,115.000,170.000,0.000,162.000,115.000,0.261111,0.305556,-0.915673,60.290,71.230,148.056,3332.5
Leo_9_puntos_intento_7.mp4,868,7233.333,True,115.000,170.000,0.000,162.000,115.000,0.261111,0.305556,-0.915673,60.195,71.303,147.859,3332.0
Leo_9_puntos_intento_7.mp4,869,7241.667,True,115.000,170.000,0.000,162.000,115.000,0.261111,0.305556,-0.915673,59.689,71.872,147.348,3314.5
Leo_9_puntos_intento_7.mp4,870,7250.000,True,115.000,170.000,0.000,162.000,115.000,0.261111,0.305556,-0.915673,60.016,71.773,146.816,3352.0
Leo_9_puntos_intento_7.mp4,871,7258.333,True,115.000,170.000,0.000,162.000,115.000,0.261111,0.305556,-0.915673,60.473,71.065,145.991,3319.5
Leo_9_puntos_intento_7.mp4,872,7266.667,True,115.000,170.000,0.000,162.000,115.000,0.261111,0.305556,-0.915673,60.352,71.080,147.833,3313.5
Leo_9_puntos_intento_7.mp4,873,7275.000,True,115.000,170.000,0.000,162.000,115.000,0.261111,0.305556,-0.915673,60.498,71.414,148.897,3332.0
Leo_9_puntos_intento_7.mp4,874,7283.333,True,115.000,170.000,0.000,162.000,115.000,0.261111,0.305556,-0.915673,60.406,71.881,146.009,3364.5
Leo_9_puntos_intento_7.mp4,875,7291.667,True,115.000,170.000,0.000,162.000,115.000,0.261111,0.305556,-0.915673,60.353,71.866,146.689,3340.5
Leo_9_puntos_intento_7.mp4,876,7300.000,True,115.000,170.000,0.000,162.000,115.000,0.261111,0.305556,-0.915673,60.328,71.437,147.775,3335.5
Leo_9_puntos_intento_7.mp4,877,7308.333,True,115.000,170.000,0.000,162.000,115.000,0.261111,0.305556,-0.915673,60.278,70.898,148.548,3317.0
Leo_9_puntos_intento_7.mp4,878,7316.667,True,115.000,170.000,0.000,162.000,115.000,0.261111,0.305556,-0.915673,60.583,70.950,150.005,3341.0
Leo_9_puntos_intento_7.mp4,879,7325.000,True,115.000,170.000,0.000,159.000,115.000,0.244444,0.305556,-0.920262,60.814,71.443,145.626,3360.0
Leo_9_puntos_intento_7.mp4,880,7333.333,True,115.000,170.000,0.000,159.000,115.000,0.244444,0.305556,-0.920262,61.889,71.384,143.650,3418.5
Leo_9_puntos_intento_7.mp4,881,7341.667,True,115.000,170.000,0.000,160.000,115.000,0.250000,0.305556,-0.918769,60.752,71.272,145.347,3367.0
Leo_9_puntos_intento_7.mp4,882,7350.000,True,115.000,170.000,0.000,160.000,115.000,0.250000,0.305556,-0.918769,60.114,71.106,147.525,3326.0
Leo_9_puntos_intento_7.mp4,883,7358.333,True,115.000,170.000,0.000,160.000,115.000,0.250000,0.305556,-0.918769,60.545,71.030,145.079,3349.0
Leo_9_puntos_intento_7.mp4,884,7366.667,True,115.000,170.000,0.000,160.000,115.000,0.250000,0.305556,-0.918769,60.751,71.313,146.969,3344.5
Leo_9_puntos_intento_7.mp4,885,7375.000,True,115.000,170.000,0.000,160.000,115.000,0.250000,0.305556,-0.918769,60.713,71.221,146.794,3349.0
Leo_9_puntos_intento_7.mp4,886,7383.333,True,115.000,170.000,0.000,160.000,115.000,0.250000,0.305556,-0.918769,61.085,71.367,147.478,3350.5
Leo_9_puntos_intento_7.mp4,887,7391.667,True,115.000,170.000,0.000,160.000,115.000,0.250000,0.305556,-0.918769,60.993,71.003,145.552,3331.0
Leo_9_puntos_intento_7.mp4,888,7400.000,True,115.000,170.000,0.000,160.000,115.000,0.250000,0.305556,-0.918769,60.528,70.803,146.604,3311.0
Leo_9_puntos_intento_7.mp4,889,7408.333,True,115.000,170.000,0.000,160.000,115.000,0.250000,0.305556,-0.918769,60.005,71.104,147.737,3314.5
Leo_9_puntos_intento_7.mp4,890,7416.667,True,115.000,170.000,0.000,160.000,115.000,0.250000,0.305556,-0.918769,60.554,70.683,146.295,3315.0
Leo_9_puntos_intento_7.mp4,891,7425.000,True,115.000,170.000,0.000,160.000,115.000,0.250000,0.305556,-0.918769,60.409,70.560,145.595,3308.5
Leo_9_puntos_intento_7.mp4,892,7433.333,True,115.000,170.000,0.000,160.000,115.000,0.250000,0.305556,-0.918769,60.700,70.548,143.810,3318.0
Leo_9_puntos_intento_7.mp4,893,7441.667,True,115.000,170.000,0.000,161.000,115.000,0.255556,0.305556,-0.917239,59.751,70.567,147.188,3279.0
Leo_9_puntos_intento_7.mp4,894,7450.000,True,115.000,170.000,0.000,163.000,115.000,0.266667,0.305556,-0.914070,59.556,70.506,146.271,3253.5
Leo_9_puntos_intento_7.mp4,895,7458.333,True,115.000,170.000,0.000,163.000,115.000,0.266667,0.305556,-0.914070,58.987,70.058,147.119,3211.5
Leo_9_puntos_intento_7.mp4,896,7466.667,True,115.000,170.000,0.000,162.000,115.000,0.261111,0.305556,-0.915673,59.698,70.984,146.119,3252.5
Leo_9_puntos_intento_7.mp4,897,7475.000,True,115.000,170.000,0.000,162.000,115.000,0.261111,0.305556,-0.915673,59.656,70.696,145.209,3249.0
Leo_9_puntos_intento_7.mp4,898,7483.333,True,115.000,170.000,0.000,163.000,115.000,0.266667,0.305556,-0.914070,59.809,71.119,146.535,3273.0
Leo_9_puntos_intento_7.mp4,899,7491.667,True,115.000,170.000,0.000,163.000,115.000,0.266667,0.305556,-0.914070,59.697,70.331,148.061,3235.0
Leo_9_puntos_intento_7.mp4,900,7500.000,True,115.000,170.000,0.000,163.000,115.000,0.266667,0.305556,-0.914070,59.643,70.105,146.154,3236.0
Leo_9_puntos_intento_7.mp4,901,7508.333,True,115.000,170.000,0.000,163.000,116.000,0.266667,0.300000,-0.915909,60.017,70.135,146.234,3247.5
Leo_9_puntos_intento_7.mp4,902,7516.667,True,115.000,170.000,0.000,163.000,115.000,0.266667,0.305556,-0.914070,59.760,70.112,147.880,3238.5
Leo_9_puntos_intento_7.mp4,903,7525.000,True,115.000,170.000,0.000,163.000,116.000,0.266667,0.300000,-0.915909,59.983,70.731,147.766,3265.5
Leo_9_puntos_intento_7.mp4,904,7533.333,True,115.000,170.000,0.000,163.000,115.000,0.266667,0.305556,-0.914070,59.693,71.260,148.376,3281.0
Leo_9_puntos_intento_7.mp4,905,7541.667,True,115.000,170.000,0.000,163.000,115.000,0.266667,0.305556,-0.914070,59.336,70.786,146.930,3237.0
Leo_9_puntos_intento_7.mp4,906,7550.000,True,115.000,170.000,0.000,163.000,115.000,0.266667,0.305556,-0.914070,59.708,70.694,147.872,3250.5
Leo_9_puntos_intento_7.mp4,907,7558.333,True,115.000,170.000,0.000,163.000,115.000,0.266667,0.305556,-0.914070,59.990,70.027,145.205,3249.0
Leo_9_puntos_intento_7.mp4,908,7566.667,True,115.000,170.000,0.000,163.000,115.000,0.266667,0.305556,-0.914070,59.865,71.130,148.448,3277.0
Leo_9_puntos_intento_7.mp4,909,7575.000,True,115.000,170.000,0.000,163.000,116.000,0.266667,0.300000,-0.915909,60.513,70.620,148.437,3288.0
Leo_9_puntos_intento_7.mp4,910,7583.333,True,115.000,170.000,0.000,163.000,115.000,0.266667,0.305556,-0.914070,60.202,71.489,148.348,3303.0
Leo_9_puntos_intento_7.mp4,911,7591.667,True,115.000,170.000,0.000,163.000,116.000,0.266667,0.300000,-0.915909,59.991,70.502,147.274,3256.0
Leo_9_puntos_intento_7.mp4,912,7600.000,True,115.000,170.000,0.000,163.000,115.000,0.266667,0.305556,-0.914070,59.349,70.852,148.914,3275.0
Leo_9_puntos_intento_7.mp4,913,7608.333,True,115.000,170.000,0.000,163.000,115.000,0.266667,0.305556,-0.914070,59.927,70.351,146.237,3258.0
Leo_9_puntos_intento_7.mp4,914,7616.667,True,115.000,170.000,0.000,163.000,115.000,0.266667,0.305556,-0.914070,59.749,70.356,147.813,3257.5
Leo_9_puntos_intento_7.mp4,915,7625.000,True,115.000,170.000,0.000,163.000,115.000,0.266667,0.305556,-0.914070,59.984,70.233,146.131,3252.0
Leo_9_puntos_intento_7.mp4,916,7633.333,True,115.000,170.000,0.000,163.000,115.000,0.266667,0.305556,-0.914070,59.395,70.625,147.890,3250.5
Leo_9_puntos_intento_7.mp4,917,7641.667,True,115.000,170.000,0.000,163.000,116.000,0.266667,0.300000,-0.915909,59.584,70.329,149.467,3260.0
Leo_9_puntos_intento_7.mp4,918,7650.000,True,115.000,170.000,0.000,163.000,115.000,0.266667,0.305556,-0.914070,59.995,70.423,148.361,3262.5
Leo_9_puntos_intento_7.mp4,919,7658.333,True,115.000,170.000,0.000,163.000,116.000,0.266667,0.300000,-0.915909,59.730,70.594,147.702,3253.5
Leo_9_puntos_intento_7.mp4,920,7666.667,True,115.000,170.000,0.000,163.000,115.000,0.266667,0.305556,-0.914070,59.774,71.394,148.215,3284.0
Leo_9_puntos_intento_7.mp4,921,7675.000,True,115.000,170.000,0.000,163.000,115.000,0.266667,0.305556,-0.914070,60.068,70.622,147.817,3262.5
Leo_9_puntos_intento_7.mp4,922,7683.333,True,115.000,170.000,0.000,163.000,115.000,0.266667,0.305556,-0.914070,60.192,69.992,146.772,3283.5
Leo_9_puntos_intento_7.mp4,923,7691.667,True,115.000,170.000,0.000,163.000,115.000,0.266667,0.305556,-0.914070,60.026,70.534,147.720,3292.0
Leo_9_puntos_intento_7.mp4,924,7700.000,True,115.000,170.000,0.000,163.000,115.000,0.266667,0.305556,-0.914070,59.783,71.003,145.452,3305.5
Leo_9_puntos_intento_7.mp4,925,7708.333,True,115.000,170.000,0.000,162.000,115.000,0.261111,0.305556,-0.915673,60.251,70.831,145.951,3300.0
Leo_9_puntos_intento_7.mp4,926,7716.667,True,115.000,170.000,0.000,160.000,115.000,0.250000,0.305556,-0.918769,61.081,70.980,143.689,3356.5
Leo_9_puntos_intento_7.mp4,927,7725.000,True,115.000,170.000,0.000,159.000,115.000,0.244444,0.305556,-0.920262,61.775,71.337,141.805,3399.5
Leo_9_puntos_intento_7.mp4,928,7733.333,True,115.000,170.000,0.000,159.000,115.000,0.244444,0.305556,-0.920262,61.167,72.255,145.616,3401.5
Leo_9_puntos_intento_7.mp4,929,7741.667,True,115.000,170.000,0.000,160.000,115.000,0.250000,0.305556,-0.918769,60.795,71.590,145.893,3378.0
Leo_9_puntos_intento_7.mp4,930,7750.000,True,115.000,170.000,0.000,160.000,115.000,0.250000,0.305556,-0.918769,60.452,71.470,144.972,3350.5
Leo_9_puntos_intento_7.mp4,931,7758.333,True,115.000,170.000,0.000,160.000,115.000,0.250000,0.305556,-0.918769,61.049,71.595,144.872,3381.0
Leo_9_puntos_intento_7.mp4,932,7766.667,True,115.000,170.000,0.000,160.000,115.000,0.250000,0.305556,-0.918769,60.864,71.401,144.936,3380.5
Leo_9_puntos_intento_7.mp4,933,7775.000,True,115.000,170.000,0.000,160.000,115.000,0.250000,0.305556,-0.918769,60.884,71.759,147.391,3376.5
Leo_9_puntos_intento_7.mp4,934,7783.333,True,115.000,170.000,0.000,160.000,115.000,0.250000,0.305556,-0.918769,61.161,71.563,145.934,3400.0
Leo_9_puntos_intento_7.mp4,935,7791.667,True,115.000,170.000,0.000,160.000,116.000,0.250000,0.300000,-0.920598,61.440,71.625,144.674,3395.0
Leo_9_puntos_intento_7.mp4,936,7800.000,True,115.000,170.000,0.000,160.000,115.000,0.250000,0.305556,-0.918769,61.247,71.670,145.806,3400.0
Leo_9_puntos_intento_7.mp4,937,7808.333,True,115.000,170.000,0.000,160.000,116.000,0.250000,0.300000,-0.920598,61.467,71.392,147.782,3408.0
Leo_9_puntos_intento_7.mp4,938,7816.667,True,115.000,170.000,0.000,160.000,115.000,0.250000,0.305556,-0.918769,61.225,71.405,146.660,3401.0
Leo_9_puntos_intento_7.mp4,939,7825.000,True,115.000,170.000,0.000,160.000,115.000,0.250000,0.305556,-0.918769,61.350,71.516,145.181,3387.0
Leo_9_puntos_intento_7.mp4,940,7833.333,True,115.000,170.000,0.000,160.000,116.000,0.250000,0.300000,-0.920598,61.434,71.455,147.475,3399.5
Leo_9_puntos_intento_7.mp4,941,7841.667,True,115.000,170.000,0.000,160.000,115.000,0.250000,0.305556,-0.918769,61.414,71.755,147.891,3427.5
Leo_9_puntos_intento_7.mp4,942,7850.000,True,115.000,170.000,0.000,160.000,115.000,0.250000,0.305556,-0.918769,61.437,72.063,144.699,3419.5
Leo_9_puntos_intento_7.mp4,943,7858.333,True,115.000,170.000,0.000,160.000,115.000,0.250000,0.305556,-0.918769,61.836,71.605,146.096,3438.0
Leo_9_puntos_intento_7.mp4,944,7866.667,True,115.000,170.000,0.000,160.000,115.000,0.250000,0.305556,-0.918769,61.743,71.582,148.158,3442.5
Leo_9_puntos_intento_7.mp4,945,7875.000,True,115.000,170.000,0.000,160.000,115.000,0.250000,0.305556,-0.918769,61.610,71.694,145.608,3420.0
Leo_9_puntos_intento_7.mp4,946,7883.333,True,115.000,170.000,0.000,160.000,115.000,0.250000,0.305556,-0.918769,62.081,72.620,146.252,3480.0
Leo_9_puntos_intento_7.mp4,947,7891.667,True,115.000,170.000,0.000,160.000,115.000,0.250000,0.305556,-0.918769,61.983,72.009,145.264,3451.0
Leo_9_puntos_intento_7.mp4,948,7900.000,True,115.000,170.000,0.000,160.000,115.000,0.250000,0.305556,-0.918769,61.973,72.117,144.692,3465.5
Leo_9_puntos_intento_7.mp4,949,7908.333,True,115.000,170.000,0.000,160.000,115.000,0.250000,0.305556,-0.918769,61.912,72.180,147.300,3479.0
Leo_9_puntos_intento_7.mp4,950,7916.667,True,115.000,170.000,0.000,160.000,115.000,0.250000,0.305556,-0.918769,62.042,72.870,146.892,3498.0
Leo_9_puntos_intento_7.mp4,951,7925.000,True,115.000,170.000,0.000,160.000,115.000,0.250000,0.305556,-0.918769,61.773,72.337,147.012,3462.5
Leo_9_puntos_intento_7.mp4,952,7933.333,True,115.000,170.000,0.000,160.000,115.000,0.250000,0.305556,-0.918769,62.441,72.060,145.023,3506.0
Leo_9_puntos_intento_7.mp4,953,7941.667,True,115.000,170.000,0.000,160.000,115.000,0.250000,0.305556,-0.918769,62.123,72.511,146.775,3479.5
Leo_9_puntos_intento_7.mp4,954,7950.000,True,115.000,170.000,0.000,160.000,115.000,0.250000,0.305556,-0.918769,62.246,72.829,146.757,3511.5
Leo_9_puntos_intento_7.mp4,955,7958.333,True,115.000,170.000,0.000,160.000,115.000,0.250000,0.305556,-0.918769,62.101,72.371,147.386,3493.0
Leo_9_puntos_intento_7.mp4,956,7966.667,True,115.000,170.000,0.000,160.000,115.000,0.250000,0.305556,-0.918769,62.153,72.556,148.304,3505.5
Leo_9_puntos_intento_7.mp4,957,7975.000,True,115.000,170.000,0.000,159.000,115.000,0.244444,0.305556,-0.920262,62.405,72.839,146.220,3535.0
Leo_9_puntos_intento_7.mp4,958,7983.333,True,115.000,170.000,0.000,160.000,115.000,0.250000,0.305556,-0.918769,61.934,73.080,146.308,3507.0
Leo_9_puntos_intento_7.mp4,959,7991.667,True,115.000,170.000,0.000,159.000,115.000,0.244444,0.305556,-0.920262,62.594,72.973,146.221,3503.0
Leo_9_puntos_intento_7.mp4,960,8000.000,True,115.000,170.000,0.000,160.000,115.000,0.250000,0.305556,-0.918769,62.490,73.001,147.666,3541.5
Leo_9_puntos_intento_7.mp4,961,8008.333,True,115.000,170.000,0.000,162.000,116.000,0.261111,0.300000,-0.917508,61.847,73.196,146.378,3518.5
Leo_9_puntos_intento_7.mp4,962,8016.667,True,115.000,170.000,0.000,163.000,116.000,0.266667,0.300000,-0.915909,61.148,72.709,148.219,3443.0
Leo_9_puntos_intento_7.mp4,963,8025.000,True,115.000,170.000,0.000,163.000,116.000,0.266667,0.300000,-0.915909,61.396,73.064,148.212,3466.5
Leo_9_puntos_intento_7.mp4,964,8033.333,True,115.000,170.000,0.000,162.000,116.000,0.261111,0.300000,-0.917508,63.027,73.473,146.418,3565.0
Leo_9_puntos_intento_7.mp4,965,8041.667,True,115.000,170.000,0.000,161.000,116.000,0.255556,0.300000,-0.919071,62.474,73.359,147.309,3549.0
Leo_9_puntos_intento_7.mp4,966,8050.000,True,115.000,170.000,0.000,162.000,116.000,0.261111,0.300000,-0.917508,62.198,73.690,147.246,3557.0
Leo_9_puntos_intento_7.mp4,967,8058.333,True,115.000,170.000,0.000,162.000,116.000,0.261111,0.300000,-0.917508,62.229,73.219,147.753,3533.0
Leo_9_puntos_intento_7.mp4,968,8066.667,True,115.000,170.000,0.000,162.000,116.000,0.261111,0.300000,-0.917508,61.739,74.237,148.366,3530.0
Leo_9_puntos_intento_7.mp4,969,8075.000,True,115.000,170.000,0.000,161.000,116.000,0.255556,0.300000,-0.919071,61.698,73.314,146.738,3505.0
Leo_9_puntos_intento_7.mp4,970,8083.333,True,115.000,170.000,0.000,161.000,116.000,0.255556,0.300000,-0.919071,61.750,72.924,146.821,3497.5
Leo_9_puntos_intento_7.mp4,971,8091.667,True,115.000,170.000,0.000,161.000,116.000,0.255556,0.300000,-0.919071,62.041,73.238,146.533,3511.0
Leo_9_puntos_intento_7.mp4,972,8100.000,True,115.000,170.000,0.000,161.000,116.000,0.255556,0.300000,-0.919071,61.650,73.485,148.688,3507.0
Leo_9_puntos_intento_7.mp4,973,8108.333,True,115.000,170.000,0.000,162.000,116.000,0.261111,0.300000,-0.917508,62.686,72.960,149.498,3530.5
Leo_9_puntos_intento_7.mp4,974,8116.667,True,115.000,170.000,0.000,161.000,116.000,0.255556,0.300000,-0.919071,62.497,73.654,148.335,3557.5
Leo_9_puntos_intento_7.mp4,975,8125.000,True,115.000,170.000,0.000,161.000,116.000,0.255556,0.300000,-0.919071,61.791,72.753,149.899,3522.0
Leo_9_puntos_intento_7.mp4,976,8133.333,True,115.000,170.000,0.000,161.000,116.000,0.255556,0.300000,-0.919071,62.271,72.608,147.846,3520.0
Leo_9_puntos_intento_7.mp4,977,8141.667,True,115.000,170.000,0.000,161.000,116.000,0.255556,0.300000,-0.919071,62.700,72.900,146.760,3517.5
Leo_9_puntos_intento_7.mp4,978,8150.000,True,115.000,170.000,0.000,161.000,116.000,0.255556,0.300000,-0.919071,62.728,72.655,149.292,3521.0
Leo_9_puntos_intento_7.mp4,979,8158.333,True,115.000,170.000,0.000,161.000,116.000,0.255556,0.300000,-0.919071,62.692,73.026,148.044,3528.5
Leo_9_puntos_intento_7.mp4,980,8166.667,True,115.000,170.000,0.000,161.000,116.000,0.255556,0.300000,-0.919071,62.391,73.142,147.152,3529.0
Leo_9_puntos_intento_7.mp4,981,8175.000,True,115.000,170.000,0.000,161.000,116.000,0.255556,0.300000,-0.919071,62.195,73.000,147.916,3511.5
Leo_9_puntos_intento_7.mp4,982,8183.333,True,115.000,170.000,0.000,161.000,116.000,0.255556,0.300000,-0.919071,62.564,72.691,148.195,3520.5
Leo_9_puntos_intento_7.mp4,983,8191.667,True,115.000,170.000,0.000,161.000,116.000,0.255556,0.300000,-0.919071,62.072,73.268,146.985,3517.0
Leo_9_puntos_intento_7.mp4,984,8200.000,True,115.000,170.000,0.000,161.000,116.000,0.255556,0.300000,-0.919071,62.613,72.504,146.083,3525.5
Leo_9_puntos_intento_7.mp4,985,8208.333,True,115.000,170.000,0.000,161.000,116.000,0.255556,0.300000,-0.919071,61.917,73.105,148.843,3512.5
Leo_9_puntos_intento_7.mp4,986,8216.667,True,115.000,170.000,0.000,161.000,116.000,0.255556,0.300000,-0.919071,62.582,73.335,148.105,3546.0
Leo_9_puntos_intento_7.mp4,987,8225.000,True,115.000,170.000,0.000,161.000,116.000,0.255556,0.300000,-0.919071,62.221,72.376,146.245,3501.5
Leo_9_puntos_intento_7.mp4,988,8233.333,True,115.000,170.000,0.000,161.000,116.000,0.255556,0.300000,-0.919071,62.241,72.618,146.452,3517.5
Leo_9_puntos_intento_7.mp4,989,8241.667,True,115.000,170.000,0.000,161.000,116.000,0.255556,0.300000,-0.919071,62.023,72.655,147.585,3501.5
Leo_9_puntos_intento_7.mp4,990,8250.000,True,115.000,170.000,0.000,161.000,116.000,0.255556,0.300000,-0.919071,62.164,73.410,147.267,3524.0
Leo_9_puntos_intento_7.mp4,991,8258.333,True,115.000,170.000,0.000,161.000,116.000,0.255556,0.300000,-0.919071,61.995,73.361,147.138,3518.0
Leo_9_puntos_intento_7.mp4,992,8266.667,True,115.000,170.000,0.000,161.000,115.000,0.255556,0.305556,-0.917239,62.031,72.826,148.203,3505.0
Leo_9_puntos_intento_7.mp4,993,8275.000,True,115.000,170.000,0.000,161.000,116.000,0.255556,0.300000,-0.919071,61.888,73.591,147.985,3523.0
Leo_9_puntos_intento_7.mp4,994,8283.333,True,115.000,170.000,0.000,161.000,115.000,0.255556,0.305556,-0.917239,61.801,73.383,146.898,3508.5
Leo_9_puntos_intento_7.mp4,995,8291.667,True,115.000,170.000,0.000,161.000,116.000,0.255556,0.300000,-0.919071,62.444,73.136,148.612,3555.0
Leo_9_puntos_intento_7.mp4,996,8300.000,True,115.000,170.000,0.000,161.000,116.000,0.255556,0.300000,-0.919071,62.326,73.358,150.266,3562.5
Leo_9_puntos_intento_7.mp4,997,8308.333,True,115.000,170.000,0.000,161.000,116.000,0.255556,0.300000,-0.919071,62.101,72.671,147.238,3507.0
Leo_9_puntos_intento_7.mp4,998,8316.667,True,115.000,170.000,0.000,161.000,116.000,0.255556,0.300000,-0.919071,62.534,72.785,148.022,3553.5
Leo_9_puntos_intento_7.mp4,999,8325.000,True,115.000,170.000,0.000,161.000,115.000,0.255556,0.305556,-0.917239,62.328,73.290,147.849,3528.0
Leo_9_puntos_intento_7.mp4,1000,8333.333,True,115.000,170.000,0.000,161.000,116.000,0.255556,0.300000,-0.919071,62.160,73.385,147.587,3540.5
Leo_9_puntos_intento_7.mp4,1001,8341.667,True,115.000,170.000,0.000,161.000,116.000,0.255556,0.300000,-0.919071,61.985,72.589,145.898,3505.0
Leo_9_puntos_intento_7.mp4,1002,8350.000,True,115.000,170.000,0.000,161.000,116.000,0.255556,0.300000,-0.919071,62.611,73.104,145.539,3557.5
Leo_9_puntos_intento_7.mp4,1003,8358.333,True,115.000,170.000,0.000,161.000,116.000,0.255556,0.300000,-0.919071,62.210,73.282,149.486,3531.5
Leo_9_puntos_intento_7.mp4,1004,8366.667,True,115.000,170.000,0.000,161.000,116.000,0.255556,0.300000,-0.919071,62.888,72.724,147.355,3548.0
Leo_9_puntos_intento_7.mp4,1005,8375.000,True,115.000,170.000,0.000,161.000,116.000,0.255556,0.300000,-0.919071,62.338,72.876,145.216,3535.5
Leo_9_puntos_intento_7.mp4,1006,8383.333,True,115.000,170.000,0.000,161.000,116.000,0.255556,0.300000,-0.919071,62.463,73.216,147.206,3540.5
Leo_9_puntos_intento_7.mp4,1007,8391.667,True,115.000,170.000,0.000,161.000,116.000,0.255556,0.300000,-0.919071,62.768,73.010,148.273,3557.5
Leo_9_puntos_intento_7.mp4,1008,8400.000,True,115.000,170.000,0.000,161.000,116.000,0.255556,0.300000,-0.919071,62.955,73.376,148.962,3561.5
Leo_9_puntos_intento_7.mp4,1009,8408.333,True,115.000,170.000,0.000,161.000,116.000,0.255556,0.300000,-0.919071,62.373,72.963,145.353,3540.5
Leo_9_puntos_intento_7.mp4,1010,8416.667,True,115.000,170.000,0.000,161.000,116.000,0.255556,0.300000,-0.919071,61.879,73.238,146.764,3541.0
Leo_9_puntos_intento_7.mp4,1011,8425.000,True,115.000,170.000,0.000,161.000,115.000,0.255556,0.305556,-0.917239,62.598,73.702,145.831,3558.0
Leo_9_puntos_intento_7.mp4,1012,8433.333,True,115.000,170.000,0.000,161.000,116.000,0.255556,0.300000,-0.919071,62.507,73.871,147.342,3587.5
Leo_9_puntos_intento_7.mp4,1013,8441.667,True,115.000,170.000,0.000,161.000,116.000,0.255556,0.300000,-0.919071,62.668,74.018,147.340,3585.5
Leo_9_puntos_intento_7.mp4,1014,8450.000,True,115.000,170.000,0.000,161.000,116.000,0.255556,0.300000,-0.919071,62.579,73.886,149.324,3590.5
Leo_9_puntos_intento_7.mp4,1015,8458.333,True,115.000,170.000,0.000,161.000,116.000,0.255556,0.300000,-0.919071,62.581,73.713,149.767,3577.5
Leo_9_puntos_intento_7.mp4,1016,8466.667,True,115.000,170.000,0.000,161.000,116.000,0.255556,0.300000,-0.919071,62.719,74.546,146.416,3603.0
Leo_9_puntos_intento_7.mp4,1017,8475.000,True,115.000,170.000,0.000,161.000,116.000,0.255556,0.300000,-0.919071,62.948,74.146,147.700,3603.5
Leo_9_puntos_intento_7.mp4,1018,8483.333,True,115.000,170.000,0.000,161.000,115.000,0.255556,0.305556,-0.917239,62.928,74.590,147.657,3602.5
Leo_9_puntos_intento_7.mp4,1019,8491.667,True,115.000,170.000,0.000,161.000,116.000,0.255556,0.300000,-0.919071,63.210,73.945,146.733,3616.0
Leo_9_puntos_intento_7.mp4,1020,8500.000,True,115.000,170.000,0.000,161.000,115.000,0.255556,0.305556,-0.917239,62.830,74.475,147.625,3630.5
Leo_9_puntos_intento_7.mp4,1021,8508.333,True,115.000,170.000,0.000,161.000,116.000,0.255556,0.300000,-0.919071,63.065,74.059,144.823,3596.0
Leo_9_puntos_intento_7.mp4,1022,8516.667,True,115.000,170.000,0.000,161.000,116.000,0.255556,0.300000,-0.919071,63.424,74.744,148.485,3671.0
Leo_9_puntos_intento_7.mp4,1023,8525.000,True,115.000,170.000,0.000,161.000,116.000,0.255556,0.300000,-0.919071,63.058,74.151,147.404,3626.5
Leo_9_puntos_intento_7.mp4,1024,8533.333,True,115.000,170.000,0.000,161.000,115.000,0.255556,0.305556,-0.917239,63.250,74.605,146.152,3634.5
Leo_9_puntos_intento_7.mp4,1025,8541.667,True,115.000,170.000,0.000,161.000,116.000,0.255556,0.300000,-0.919071,63.319,74.218,146.061,3638.5
Leo_9_puntos_intento_7.mp4,1026,8550.000,True,115.000,170.000,0.000,161.000,116.000,0.255556,0.300000,-0.919071,63.509,74.519,147.822,3665.0
Leo_9_puntos_intento_7.mp4,1027,8558.333,True,115.000,170.000,0.000,161.000,116.000,0.255556,0.300000,-0.919071,64.132,74.135,146.445,3665.0
Leo_9_puntos_intento_7.mp4,1028,8566.667,True,115.000,170.000,0.000,161.000,116.000,0.255556,0.300000,-0.919071,63.532,74.371,147.215,3653.0
Leo_9_puntos_intento_7.mp4,1029,8575.000,True,115.000,170.000,0.000,161.000,116.000,0.255556,0.300000,-0.919071,63.427,74.305,146.891,3640.5
Leo_9_puntos_intento_7.mp4,1030,8583.333,True,115.000,170.000,0.000,161.000,116.000,0.255556,0.300000,-0.919071,63.494,75.517,146.688,3687.0
Leo_9_puntos_intento_7.mp4,1031,8591.667,True,115.000,170.000,0.000,161.000,116.000,0.255556,0.300000,-0.919071,63.675,74.854,146.467,3681.5
Leo_9_puntos_intento_7.mp4,1032,8600.000,True,115.000,170.000,0.000,161.000,116.000,0.255556,0.300000,-0.919071,63.581,74.965,147.623,3672.5
Leo_9_puntos_intento_7.mp4,1033,8608.333,True,115.000,170.000,0.000,161.000,116.000,0.255556,0.300000,-0.919071,63.478,74.612,148.364,3679.5
Leo_9_puntos_intento_7.mp4,1034,8616.667,True,115.000,170.000,0.000,161.000,116.000,0.255556,0.300000,-0.919071,64.244,74.612,147.578,3693.5
Leo_9_puntos_intento_7.mp4,1035,8625.000,True,115.000,170.000,0.000,161.000,116.000,0.255556,0.300000,-0.919071,63.762,75.093,147.113,3691.5
Leo_9_puntos_intento_7.mp4,1036,8633.333,True,115.000,170.000,0.000,158.000,116.000,0.238889,0.300000,-0.923543,65.376,74.362,146.835,3787.5
Leo_9_puntos_intento_7.mp4,1037,8641.667,True,115.000,170.000,0.000,148.000,117.000,0.183333,0.294444,-0.937919,71.591,75.933,127.440,4160.0
Leo_9_puntos_intento_7.mp4,1038,8650.000,True,115.000,170.000,0.000,136.000,117.000,0.116667,0.294444,-0.948521,72.593,77.958,121.272,4302.0
Leo_9_puntos_intento_7.mp4,1039,8658.333,True,115.000,170.000,0.000,125.000,117.000,0.055556,0.294444,-0.954052,72.138,79.400,140.813,4309.0
Leo_9_puntos_intento_7.mp4,1040,8666.667,True,115.000,170.000,0.000,118.000,118.000,0.016667,0.288889,-0.957218,71.445,81.981,136.882,4342.0
Leo_9_puntos_intento_7.mp4,1041,8675.000,True,115.000,170.000,0.000,115.000,118.000,0.000000,0.288889,-0.957363,69.227,81.522,132.558,4242.0
Leo_9_puntos_intento_7.mp4,1042,8683.333,True,115.000,170.000,0.000,115.000,119.000,0.000000,0.283333,-0.959021,70.772,81.335,133.490,4246.5
Leo_9_puntos_intento_7.mp4,1043,8691.667,True,115.000,170.000,0.000,116.000,118.000,0.005556,0.288889,-0.957347,69.303,81.344,135.238,4198.5
Leo_9_puntos_intento_7.mp4,1044,8700.000,True,115.000,170.000,0.000,116.000,118.000,0.005556,0.288889,-0.957347,69.923,81.656,131.553,4314.0
Leo_9_puntos_intento_7.mp4,1045,8708.333,True,115.000,170.000,0.000,116.000,118.000,0.005556,0.288889,-0.957347,69.349,82.501,132.303,4286.5
Leo_9_puntos_intento_7.mp4,1046,8716.667,True,115.000,170.000,0.000,116.000,118.000,0.005556,0.288889,-0.957347,71.041,81.843,134.609,4302.5
Leo_9_puntos_intento_7.mp4,1047,8725.000,True,115.000,170.000,0.000,116.000,118.000,0.005556,0.288889,-0.957347,69.983,81.663,135.829,4229.5
Leo_9_puntos_intento_7.mp4,1048,8733.333,True,115.000,170.000,0.000,116.000,118.000,0.005556,0.288889,-0.957347,70.256,81.525,134.039,4237.5
Leo_9_puntos_intento_7.mp4,1049,8741.667,True,115.000,170.000,0.000,117.000,117.000,0.011111,0.294444,-0.955604,68.414,81.647,129.653,4225.0
Leo_9_puntos_intento_7.mp4,1050,8750.000,True,115.000,170.000,0.000,117.000,117.000,0.011111,0.294444,-0.955604,69.233,81.520,131.967,4243.5
Leo_9_puntos_intento_7.mp4,1051,8758.333,True,115.000,170.000,0.000,117.000,118.000,0.011111,0.288889,-0.957298,69.738,81.333,138.445,4190.0
Leo_9_puntos_intento_7.mp4,1052,8766.667,True,115.000,170.000,0.000,117.000,118.000,0.011111,0.288889,-0.957298,69.198,81.762,134.296,4206.0
Leo_9_puntos_intento_7.mp4,1053,8775.000,True,115.000,170.000,0.000,117.000,118.000,0.011111,0.288889,-0.957298,68.657,80.889,137.719,4143.5
Leo_9_puntos_intento_7.mp4,1054,8783.333,True,115.000,170.000,0.000,116.000,118.000,0.005556,0.288889,-0.957347,70.335,81.208,136.374,4186.5
Leo_9_puntos_intento_7.mp4,1055,8791.667,True,115.000,170.000,0.000,117.000,118.000,0.011111,0.288889,-0.957298,69.555,80.607,137.477,4172.5
Leo_9_puntos_intento_7.mp4,1056,8800.000,True,115.000,170.000,0.000,117.000,118.000,0.011111,0.288889,-0.957298,69.340,81.371,135.878,4158.0
Leo_9_puntos_intento_7.mp4,1057,8808.333,True,115.000,170.000,0.000,117.000,118.000,0.011111,0.288889,-0.957298,69.587,80.483,135.388,4144.0
Leo_9_puntos_intento_7.mp4,1058,8816.667,True,115.000,170.000,0.000,117.000,118.000,0.011111,0.288889,-0.957298,69.568,80.937,134.498,4179.5
Leo_9_puntos_intento_7.mp4,1059,8825.000,True,115.000,170.000,0.000,117.000,118.000,0.011111,0.288889,-0.957298,70.172,81.734,134.155,4263.5
Leo_9_puntos_intento_7.mp4,1060,8833.333,True,115.000,170.000,0.000,117.000,117.000,0.011111,0.294444,-0.955604,68.812,81.434,129.407,4250.5
Leo_9_puntos_intento_7.mp4,1061,8841.667,True,115.000,170.000,0.000,117.000,118.000,0.011111,0.288889,-0.957298,70.286,81.804,136.923,4259.0
Leo_9_puntos_intento_7.mp4,1062,8850.000,True,115.000,170.000,0.000,117.000,118.000,0.011111,0.288889,-0.957298,69.750,81.484,132.625,4235.5
Leo_9_puntos_intento_7.mp4,1063,8858.333,True,115.000,170.000,0.000,117.000,118.000,0.011111,0.288889,-0.957298,70.225,81.661,139.291,4245.5
Leo_9_puntos_intento_7.mp4,1064,8866.667,True,115.000,170.000,0.000,117.000,118.000,0.011111,0.288889,-0.957298,70.879,81.762,139.782,4256.5
Leo_9_puntos_intento_7.mp4,1065,8875.000,True,115.000,170.000,0.000,117.000,118.000,0.011111,0.288889,-0.957298,70.109,81.595,139.008,4225.0
Leo_9_puntos_intento_7.mp4,1066,8883.333,True,115.000,170.000,0.000,117.000,118.000,0.011111,0.288889,-0.957298,69.885,82.426,137.014,4259.5
Leo_9_puntos_intento_7.mp4,1067,8891.667,True,115.000,170.000,0.000,117.000,118.000,0.011111,0.288889,-0.957298,69.733,81.583,137.431,4210.5
Leo_9_puntos_intento_7.mp4,1068,8900.000,True,115.000,170.000,0.000,117.000,118.000,0.011111,0.288889,-0.957298,69.699,81.352,135.469,4210.0
Leo_9_puntos_intento_7.mp4,1069,8908.333,True,115.000,170.000,0.000,117.000,117.000,0.011111,0.294444,-0.955604,68.989,81.145,133.355,4185.0
Leo_9_puntos_intento_7.mp4,1070,8916.667,True,115.000,170.000,0.000,117.000,118.000,0.011111,0.288889,-0.957298,69.938,81.533,137.732,4231.0
Leo_9_puntos_intento_7.mp4,1071,8925.000,True,115.000,170.000,0.000,117.000,118.000,0.011111,0.288889,-0.957298,68.961,81.011,137.876,4146.5
Leo_9_puntos_intento_7.mp4,1072,8933.333,True,115.000,170.000,0.000,117.000,118.000,0.011111,0.288889,-0.957298,69.853,81.108,138.623,4176.5
Leo_9_puntos_intento_7.mp4,1073,8941.667,True,115.000,170.000,0.000,117.000,117.000,0.011111,0.294444,-0.955604,68.882,80.968,132.176,4166.0
Leo_9_puntos_intento_7.mp4,1074,8950.000,True,115.000,170.000,0.000,117.000,118.000,0.011111,0.288889,-0.957298,68.980,81.129,135.012,4173.0
Leo_9_puntos_intento_7.mp4,1075,8958.333,True,115.000,170.000,0.000,117.000,118.000,0.011111,0.288889,-0.957298,69.053,81.377,133.515,4166.0
Leo_9_puntos_intento_7.mp4,1076,8966.667,True,115.000,170.000,0.000,117.000,118.000,0.011111,0.288889,-0.957298,69.447,81.207,134.987,4158.5
Leo_9_puntos_intento_7.mp4,1077,8975.000,True,115.000,170.000,0.000,117.000,118.000,0.011111,0.288889,-0.957298,68.280,81.136,132.431,4134.0
Leo_9_puntos_intento_7.mp4,1078,8983.333,True,115.000,170.000,0.000,117.000,118.000,0.011111,0.288889,-0.957298,68.777,81.079,136.757,4162.5
Leo_9_puntos_intento_7.mp4,1079,8991.667,True,115.000,170.000,0.000,117.000,117.000,0.011111,0.294444,-0.955604,67.716,80.975,132.871,4129.5
Leo_9_puntos_intento_7.mp4,1080,9000.000,True,115.000,170.000,0.000,117.000,117.000,0.011111,0.294444,-0.955604,67.141,80.163,134.212,4088.0
Leo_9_puntos_intento_7.mp4,1081,9008.333,True,115.000,170.000,0.000,117.000,117.000,0.011111,0.294444,-0.955604,67.768,80.265,134.544,4078.5
Leo_9_puntos_intento_7.mp4,1082,9016.667,True,115.000,170.000,0.000,117.000,118.000,0.011111,0.288889,-0.957298,68.424,79.392,137.673,4043.5
Leo_9_puntos_intento_7.mp4,1083,9025.000,True,115.000,170.000,0.000,117.000,118.000,0.011111,0.288889,-0.957298,68.885,79.435,139.760,4038.5
Leo_9_puntos_intento_7.mp4,1084,9033.333,True,115.000,170.000,0.000,117.000,118.000,0.011111,0.288889,-0.957298,68.384,79.523,134.646,4052.0
Leo_9_puntos_intento_7.mp4,1085,9041.667,True,115.000,170.000,0.000,117.000,118.000,0.011111,0.288889,-0.957298,66.908,79.901,135.854,4029.0
Leo_9_puntos_intento_7.mp4,1086,9050.000,True,115.000,170.000,0.000,118.000,117.000,0.016667,0.294444,-0.955523,68.291,79.613,134.021,4069.0
Leo_9_puntos_intento_7.mp4,1087,9058.333,True,115.000,170.000,0.000,118.000,117.000,0.016667,0.294444,-0.955523,67.578,79.326,135.189,4014.0
Leo_9_puntos_intento_7.mp4,1088,9066.667,True,115.000,170.000,0.000,117.000,118.000,0.011111,0.288889,-0.957298,68.448,79.355,139.313,4032.5
Leo_9_puntos_intento_7.mp4,1089,9075.000,True,115.000,170.000,0.000,117.000,118.000,0.011111,0.288889,-0.957298,67.795,79.606,136.323,4046.0
Leo_9_puntos_intento_7.mp4,1090,9083.333,True,115.000,170.000,0.000,118.000,118.000,0.016667,0.288889,-0.957218,67.868,79.611,139.801,4016.0
Leo_9_puntos_intento_7.mp4,1091,9091.667,True,115.000,170.000,0.000,118.000,118.000,0.016667,0.288889,-0.957218,67.742,79.315,139.518,4004.0
Leo_9_puntos_intento_7.mp4,1092,9100.000,True,115.000,170.000,0.000,117.000,118.000,0.011111,0.288889,-0.957298,67.666,80.162,138.752,4036.5
Leo_9_puntos_intento_7.mp4,1093,9108.333,True,115.000,170.000,0.000,117.000,118.000,0.011111,0.288889,-0.957298,67.807,79.424,134.216,4026.5
Leo_9_puntos_intento_7.mp4,1094,9116.667,True,115.000,170.000,0.000,118.000,117.000,0.016667,0.294444,-0.955523,67.760,80.023,134.238,4061.5
Leo_9_puntos_intento_7.mp4,1095,9125.000,True,115.000,170.000,0.000,118.000,117.000,0.016667,0.294444,-0.955523,66.559,79.843,132.876,4026.5
Leo_9_puntos_intento_7.mp4,1096,9133.333,True,115.000,170.000,0.000,118.000,118.000,0.016667,0.288889,-0.957218,67.759,79.692,136.888,4026.5
Leo_9_puntos_intento_7.mp4,1097,9141.667,True,115.000,170.000,0.000,117.000,118.000,0.011111,0.288889,-0.957298,68.113,79.646,136.610,4028.5
Leo_9_puntos_intento_7.mp4,1098,9150.000,True,115.000,170.000,0.000,118.000,117.000,0.016667,0.294444,-0.955523,67.198,79.882,132.974,4036.0
Leo_9_puntos_intento_7.mp4,1099,9158.333,True,115.000,170.000,0.000,118.000,118.000,0.016667,0.288889,-0.957218,67.659,80.277,134.811,4054.5
Leo_9_puntos_intento_7.mp4,1100,9166.667,True,115.000,170.000,0.000,118.000,118.000,0.016667,0.288889,-0.957218,67.837,80.510,138.516,4066.5
Leo_9_puntos_intento_7.mp4,1101,9175.000,True,115.000,170.000,0.000,120.000,117.000,0.027778,0.294444,-0.955265,69.253,80.308,134.846,4137.0
Leo_9_puntos_intento_7.mp4,1102,9183.333,True,115.000,170.000,0.000,120.000,117.000,0.027778,0.294444,-0.955265,69.542,79.995,137.873,4137.5
Leo_9_puntos_intento_7.mp4,1103,9191.667,True,115.000,170.000,0.000,119.000,117.000,0.022222,0.294444,-0.955410,69.372,80.440,137.291,4149.5
Leo_9_puntos_intento_7.mp4,1104,9200.000,True,115.000,170.000,0.000,119.000,117.000,0.022222,0.294444,-0.955410,68.972,79.625,138.057,4109.0
Leo_9_puntos_intento_7.mp4,1105,9208.333,True,115.000,170.000,0.000,119.000,117.000,0.022222,0.294444,-0.955410,69.195,80.116,136.317,4132.0
Leo_9_puntos_intento_7.mp4,1106,9216.667,True,115.000,170.000,0.000,119.000,117.000,0.022222,0.294444,-0.955410,68.360,80.814,134.774,4138.0
Leo_9_puntos_intento_7.mp4,1107,9225.000,True,115.000,170.000,0.000,119.000,117.000,0.022222,0.294444,-0.955410,69.204,80.397,134.045,4161.0
Leo_9_puntos_intento_7.mp4,1108,9233.333,True,115.000,170.000,0.000,120.000,117.000,0.027778,0.294444,-0.955265,68.699,80.488,133.432,4144.0
Leo_9_puntos_intento_7.mp4,1109,9241.667,True,115.000,170.000,0.000,119.000,117.000,0.022222,0.294444,-0.955410,69.733,80.139,137.045,4160.0
Leo_9_puntos_intento_7.mp4,1110,9250.000,True,115.000,170.000,0.000,119.000,117.000,0.022222,0.294444,-0.955410,68.749,80.163,137.206,4126.0
Leo_9_puntos_intento_7.mp4,1111,9258.333,True,115.000,170.000,0.000,120.000,117.000,0.027778,0.294444,-0.955265,68.302,80.390,137.665,4126.0
Leo_9_puntos_intento_7.mp4,1112,9266.667,True,115.000,170.000,0.000,120.000,117.000,0.027778,0.294444,-0.955265,68.041,80.042,135.759,4124.5
Leo_9_puntos_intento_7.mp4,1113,9275.000,True,115.000,170.000,0.000,119.000,117.000,0.022222,0.294444,-0.955410,68.615,80.352,135.921,4153.5
Leo_9_puntos_intento_7.mp4,1114,9283.333,True,115.000,170.000,0.000,120.000,117.000,0.027778,0.294444,-0.955265,68.645,80.553,137.096,4156.0
Leo_9_puntos_intento_7.mp4,1115,9291.667,True,115.000,170.000,0.000,119.000,117.000,0.022222,0.294444,-0.955410,68.989,80.471,136.721,4146.5
Leo_9_puntos_intento_7.mp4,1116,9300.000,True,115.000,170.000,0.000,120.000,117.000,0.027778,0.294444,-0.955265,68.363,81.005,137.521,4164.0
Leo_9_puntos_intento_7.mp4,1117,9308.333,True,115.000,170.000,0.000,120.000,117.000,0.027778,0.294444,-0.955265,68.770,80.543,136.775,4150.0
Leo_9_puntos_intento_7.mp4,1118,9316.667,True,115.000,170.000,0.000,120.000,117.000,0.027778,0.294444,-0.955265,68.935,80.947,134.559,4161.0
Leo_9_puntos_intento_7.mp4,1119,9325.000,True,115.000,170.000,0.000,120.000,117.000,0.027778,0.294444,-0.955265,68.456,80.650,136.184,4139.5
Leo_9_puntos_intento_7.mp4,1120,9333.333,True,115.000,170.000,0.000,120.000,117.000,0.027778,0.294444,-0.955265,68.689,80.605,138.596,4141.5
Leo_9_puntos_intento_7.mp4,1121,9341.667,True,115.000,170.000,0.000,120.000,117.000,0.027778,0.294444,-0.955265,68.819,81.411,136.400,4163.5
Leo_9_puntos_intento_7.mp4,1122,9350.000,True,115.000,170.000,0.000,120.000,117.000,0.027778,0.294444,-0.955265,68.687,81.396,138.644,4168.0
Leo_9_puntos_intento_7.mp4,1123,9358.333,True,115.000,170.000,0.000,119.000,117.000,0.022222,0.294444,-0.955410,69.147,81.430,138.366,4186.5
Leo_9_puntos_intento_7.mp4,1124,9366.667,True,115.000,170.000,0.000,119.000,117.000,0.022222,0.294444,-0.955410,69.038,80.977,139.233,4159.0
Leo_9_puntos_intento_7.mp4,1125,9375.000,True,115.000,170.000,0.000,119.000,117.000,0.022222,0.294444,-0.955410,69.033,81.239,138.757,4164.0
Leo_9_puntos_intento_7.mp4,1126,9383.333,True,115.000,170.000,0.000,119.000,117.000,0.022222,0.294444,-0.955410,69.356,82.047,136.128,4230.0
Leo_9_puntos_intento_7.mp4,1127,9391.667,True,115.000,170.000,0.000,119.000,117.000,0.022222,0.294444,-0.955410,68.831,81.717,136.548,4203.5
Leo_9_puntos_intento_7.mp4,1128,9400.000,True,115.000,170.000,0.000,119.000,117.000,0.022222,0.294444,-0.955410,69.110,82.022,137.715,4239.5
Leo_9_puntos_intento_7.mp4,1129,9408.333,True,115.000,170.000,0.000,119.000,117.000,0.022222,0.294444,-0.955410,69.594,81.094,142.179,4167.0
Leo_9_puntos_intento_7.mp4,1130,9416.667,True,115.000,170.000,0.000,119.000,117.000,0.022222,0.294444,-0.955410,69.830,81.436,140.671,4191.0
Leo_9_puntos_intento_7.mp4,1131,9425.000,True,115.000,170.000,0.000,119.000,117.000,0.022222,0.294444,-0.955410,69.541,81.718,142.642,4223.5
Leo_9_puntos_intento_7.mp4,1132,9433.333,True,115.000,170.000,0.000,119.000,117.000,0.022222,0.294444,-0.955410,68.739,81.974,138.808,4223.0
Leo_9_puntos_intento_7.mp4,1133,9441.667,True,115.000,170.000,0.000,119.000,116.000,0.022222,0.300000,-0.953680,68.390,81.792,137.270,4215.5
Leo_9_puntos_intento_7.mp4,1134,9450.000,True,115.000,170.000,0.000,119.000,117.000,0.022222,0.294444,-0.955410,68.593,81.810,136.029,4223.0
Leo_9_puntos_intento_7.mp4,1135,9458.333,True,115.000,170.000,0.000,119.000,117.000,0.022222,0.294444,-0.955410,69.159,82.661,137.831,4246.5
Leo_9_puntos_intento_7.mp4,1136,9466.667,True,115.000,170.000,0.000,119.000,117.000,0.022222,0.294444,-0.955410,70.523,82.139,139.287,4281.0
Leo_9_puntos_intento_7.mp4,1137,9475.000,True,115.000,170.000,0.000,119.000,116.000,0.022222,0.300000,-0.953680,68.646,82.905,136.592,4277.0
Leo_9_puntos_intento_7.mp4,1138,9483.333,True,115.000,170.000,0.000,119.000,117.000,0.022222,0.294444,-0.955410,69.229,82.753,140.382,4265.0
Leo_9_puntos_intento_7.mp4,1139,9491.667,True,115.000,170.000,0.000,119.000,116.000,0.022222,0.300000,-0.953680,68.440,82.372,139.490,4255.0
Leo_9_puntos_intento_7.mp4,1140,9500.000,True,115.000,170.000,0.000,119.000,117.000,0.022222,0.294444,-0.955410,69.613,82.141,140.137,4248.0
Leo_9_puntos_intento_7.mp4,1141,9508.333,True,115.000,170.000,0.000,119.000,116.000,0.022222,0.300000,-0.953680,69.645,82.328,139.693,4240.5
Leo_9_puntos_intento_7.mp4,1142,9516.667,True,115.000,170.000,0.000,119.000,117.000,0.022222,0.294444,-0.955410,70.077,82.597,142.768,4271.5
Leo_9_puntos_intento_7.mp4,1143,9525.000,True,115.000,170.000,0.000,119.000,117.000,0.022222,0.294444,-0.955410,69.406,82.536,147.075,4227.5
Leo_9_puntos_intento_7.mp4,1144,9533.333,True,115.000,170.000,0.000,119.000,116.000,0.022222,0.300000,-0.953680,69.054,83.023,138.222,4303.5
Leo_9_puntos_intento_7.mp4,1145,9541.667,True,115.000,170.000,0.000,119.000,116.000,0.022222,0.300000,-0.953680,69.854,82.610,140.500,4262.5
Leo_9_puntos_intento_7.mp4,1146,9550.000,True,115.000,170.000,0.000,118.000,116.000,0.016667,0.300000,-0.953794,70.110,82.579,137.159,4297.5
Leo_9_puntos_intento_7.mp4,1147,9558.333,True,115.000,170.000,0.000,119.000,116.000,0.022222,0.300000,-0.953680,69.450,82.881,139.079,4286.0
Leo_9_puntos_intento_7.mp4,1148,9566.667,True,115.000,170.000,0.000,119.000,117.000,0.022222,0.294444,-0.955410,69.808,82.749,139.060,4311.0
Leo_9_puntos_intento_7.mp4,1149,9575.000,True,115.000,170.000,0.000,118.000,117.000,0.016667,0.294444,-0.955523,70.637,82.570,142.194,4298.5
Leo_9_puntos_intento_7.mp4,1150,9583.333,True,115.000,170.000,0.000,118.000,116.000,0.016667,0.300000,-0.953794,70.150,82.457,137.681,4316.0
Leo_9_puntos_intento_7.mp4,1151,9591.667,True,115.000,170.000,0.000,118.000,116.000,0.016667,0.300000,-0.953794,69.951,83.011,138.444,4307.0
Leo_9_puntos_intento_7.mp4,1152,9600.000,True,115.000,170.000,0.000,119.000,116.000,0.022222,0.300000,-0.953680,70.123,82.774,137.787,4333.0
Leo_9_puntos_intento_7.mp4,1153,9608.333,True,115.000,170.000,0.000,118.000,116.000,0.016667,0.300000,-0.953794,70.034,83.134,136.662,4315.5
Leo_9_puntos_intento_7.mp4,1154,9616.667,True,115.000,170.000,0.000,118.000,116.000,0.016667,0.300000,-0.953794,70.632,83.527,137.590,4348.5
Leo_9_puntos_intento_7.mp4,1155,9625.000,True,115.000,170.000,0.000,118.000,116.000,0.016667,0.300000,-0.953794,70.413,83.044,141.284,4315.0
Leo_9_puntos_intento_7.mp4,1156,9633.333,True,115.000,170.000,0.000,118.000,116.000,0.016667,0.300000,-0.953794,70.773,82.989,137.093,4349.0
Leo_9_puntos_intento_7.mp4,1157,9641.667,True,115.000,170.000,0.000,118.000,116.000,0.016667,0.300000,-0.953794,70.284,82.888,135.834,4358.0
Leo_9_puntos_intento_7.mp4,1158,9650.000,True,115.000,170.000,0.000,118.000,116.000,0.016667,0.300000,-0.953794,70.052,83.496,132.756,4386.5
Leo_9_puntos_intento_7.mp4,1159,9658.333,True,115.000,170.000,0.000,119.000,116.000,0.022222,0.300000,-0.953680,69.659,83.380,137.582,4347.5
Leo_9_puntos_intento_7.mp4,1160,9666.667,True,115.000,170.000,0.000,118.000,116.000,0.016667,0.300000,-0.953794,70.154,83.296,136.974,4341.0
Leo_9_puntos_intento_7.mp4,1161,9675.000,True,115.000,170.000,0.000,119.000,116.000,0.022222,0.300000,-0.953680,70.656,83.364,138.434,4348.5
Leo_9_puntos_intento_7.mp4,1162,9683.333,True,115.000,170.000,0.000,119.000,116.000,0.022222,0.300000,-0.953680,69.803,84.147,137.315,4337.5
Leo_9_puntos_intento_7.mp4,1163,9691.667,True,115.000,170.000,0.000,118.000,116.000,0.016667,0.300000,-0.953794,69.875,83.311,139.414,4328.0
Leo_9_puntos_intento_7.mp4,1164,9700.000,True,115.000,170.000,0.000,119.000,116.000,0.022222,0.300000,-0.953680,69.574,83.656,135.892,4354.5
Leo_9_puntos_intento_7.mp4,1165,9708.333,True,115.000,170.000,0.000,119.000,116.000,0.022222,0.300000,-0.953680,70.054,82.321,139.164,4336.0
Leo_9_puntos_intento_7.mp4,1166,9716.667,True,115.000,170.000,0.000,118.000,116.000,0.016667,0.300000,-0.953794,69.669,82.926,135.267,4328.0
Leo_9_puntos_intento_7.mp4,1167,9725.000,True,115.000,170.000,0.000,119.000,116.000,0.022222,0.300000,-0.953680,69.473,83.048,138.998,4324.0
Leo_9_puntos_intento_7.mp4,1168,9733.333,True,115.000,170.000,0.000,119.000,115.000,0.022222,0.305556,-0.951915,69.751,83.332,133.767,4400.5
Leo_9_puntos_intento_7.mp4,1169,9741.667,True,115.000,170.000,0.000,119.000,116.000,0.022222,0.300000,-0.953680,70.414,83.326,140.532,4338.0
Leo_9_puntos_intento_7.mp4,1170,9750.000,True,115.000,170.000,0.000,119.000,116.000,0.022222,0.300000,-0.953680,70.451,83.717,138.700,4389.5
Leo_9_puntos_intento_7.mp4,1171,9758.333,True,115.000,170.000,0.000,119.000,116.000,0.022222,0.300000,-0.953680,70.883,83.649,138.639,4392.5
Leo_9_puntos_intento_7.mp4,1172,9766.667,True,115.000,170.000,0.000,119.000,116.000,0.022222,0.300000,-0.953680,70.459,83.805,138.155,4402.5
Leo_9_puntos_intento_7.mp4,1173,9775.000,True,115.000,170.000,0.000,119.000,116.000,0.022222,0.300000,-0.953680,69.649,83.367,133.547,4376.0
Leo_9_puntos_intento_7.mp4,1174,9783.333,True,115.000,170.000,0.000,119.000,116.000,0.022222,0.300000,-0.953680,69.738,83.170,133.190,4377.0
Leo_9_puntos_intento_7.mp4,1175,9791.667,True,115.000,170.000,0.000,119.000,116.000,0.022222,0.300000,-0.953680,70.623,82.744,135.930,4365.0
Leo_9_puntos_intento_7.mp4,1176,9800.000,True,115.000,170.000,0.000,119.000,116.000,0.022222,0.300000,-0.953680,70.351,83.969,136.423,4409.5
Leo_9_puntos_intento_7.mp4,1177,9808.333,True,115.000,170.000,0.000,119.000,116.000,0.022222,0.300000,-0.953680,70.484,84.010,138.672,4384.0
Leo_9_puntos_intento_7.mp4,1178,9816.667,True,115.000,170.000,0.000,119.000,116.000,0.022222,0.300000,-0.953680,70.177,84.066,136.719,4413.5
Leo_9_puntos_intento_7.mp4,1179,9825.000,True,115.000,170.000,0.000,119.000,116.000,0.022222,0.300000,-0.953680,71.066,83.397,137.813,4399.5
Leo_9_puntos_intento_7.mp4,1180,9833.333,True,115.000,170.000,0.000,119.000,116.000,0.022222,0.300000,-0.953680,69.909,84.357,142.157,4417.5
Leo_9_puntos_intento_7.mp4,1181,9841.667,True,115.000,170.000,0.000,119.000,116.000,0.022222,0.300000,-0.953680,70.537,84.189,141.419,4429.0
Leo_9_puntos_intento_7.mp4,1182,9850.000,True,115.000,170.000,0.000,119.000,116.000,0.022222,0.300000,-0.953680,70.453,83.954,137.507,4391.0
Leo_9_puntos_intento_7.mp4,1183,9858.333,True,115.000,170.000,0.000,119.000,116.000,0.022222,0.300000,-0.953680,70.926,84.212,136.755,4409.0
Leo_9_puntos_intento_7.mp4,1184,9866.667,True,115.000,170.000,0.000,119.000,116.000,0.022222,0.300000,-0.953680,69.379,84.166,135.218,4402.5
Leo_9_puntos_intento_7.mp4,1185,9875.000,True,115.000,170.000,0.000,119.000,116.000,0.022222,0.300000,-0.953680,70.082,84.178,137.026,4429.5
Leo_9_puntos_intento_7.mp4,1186,9883.333,True,115.000,170.000,0.000,119.000,117.000,0.022222,0.294444,-0.955410,71.490,84.119,138.934,4438.5
Leo_9_puntos_intento_7.mp4,1187,9891.667,True,115.000,170.000,0.000,119.000,116.000,0.022222,0.300000,-0.953680,70.819,84.219,138.499,4427.5
Leo_9_puntos_intento_7.mp4,1188,9900.000,True,115.000,170.000,0.000,119.000,116.000,0.022222,0.300000,-0.953680,71.272,84.151,138.973,4461.0
Leo_9_puntos_intento_7.mp4,1189,9908.333,True,115.000,170.000,0.000,119.000,116.000,0.022222,0.300000,-0.953680,70.291,84.920,143.238,4435.0
Leo_9_puntos_intento_7.mp4,1190,9916.667,True,115.000,170.000,0.000,119.000,116.000,0.022222,0.300000,-0.953680,71.558,84.228,142.706,4469.5
Leo_9_puntos_intento_7.mp4,1191,9925.000,True,115.000,170.000,0.000,119.000,116.000,0.022222,0.300000,-0.953680,70.416,84.575,138.508,4457.0
Leo_9_puntos_intento_7.mp4,1192,9933.333,True,115.000,170.000,0.000,119.000,116.000,0.022222,0.300000,-0.953680,70.412,85.559,138.024,4501.0
Leo_9_puntos_intento_7.mp4,1193,9941.667,True,115.000,170.000,0.000,119.000,116.000,0.022222,0.300000,-0.953680,70.949,84.440,142.465,4446.5
Leo_9_puntos_intento_7.mp4,1194,9950.000,True,115.000,170.000,0.000,119.000,116.000,0.022222,0.300000,-0.953680,70.059,85.219,141.129,4474.5
Leo_9_puntos_intento_7.mp4,1195,9958.333,True,115.000,170.000,0.000,119.000,116.000,0.022222,0.300000,-0.953680,71.684,84.432,139.571,4481.5
Leo_9_puntos_intento_7.mp4,1196,9966.667,True,115.000,170.000,0.000,119.000,116.000,0.022222,0.300000,-0.953680,70.687,84.842,139.258,4488.5
Leo_9_puntos_intento_7.mp4,1197,9975.000,True,115.000,170.000,0.000,119.000,116.000,0.022222,0.300000,-0.953680,70.505,85.084,139.231,4490.5
Leo_9_puntos_intento_7.mp4,1198,9983.333,True,115.000,170.000,0.000,119.000,116.000,0.022222,0.300000,-0.953680,71.112,84.585,142.228,4486.0
Leo_9_puntos_intento_7.mp4,1199,9991.667,True,115.000,170.000,0.000,119.000,116.000,0.022222,0.300000,-0.953680,70.765,85.004,142.236,4477.5
Leo_9_puntos_intento_7.mp4,1200,10000.000,True,115.000,170.000,0.000,119.000,116.000,0.022222,0.300000,-0.953680,71.198,84.753,139.663,4490.0
Leo_9_puntos_intento_7.mp4,1201,10008.333,True,115.000,170.000,0.000,119.000,116.000,0.022222,0.300000,-0.953680,70.106,85.018,140.341,4456.0
Leo_9_puntos_intento_7.mp4,1202,10016.667,True,115.000,170.000,0.000,119.000,116.000,0.022222,0.300000,-0.953680,70.411,84.751,141.211,4468.0
Leo_9_puntos_intento_7.mp4,1203,10025.000,True,115.000,170.000,0.000,119.000,116.000,0.022222,0.300000,-0.953680,70.034,84.769,139.278,4447.5
Leo_9_puntos_intento_7.mp4,1204,10033.333,True,115.000,170.000,0.000,119.000,117.000,0.022222,0.294444,-0.955410,71.176,84.640,145.871,4447.5
Leo_9_puntos_intento_7.mp4,1205,10041.667,True,115.000,170.000,0.000,119.000,116.000,0.022222,0.300000,-0.953680,71.109,84.420,142.442,4453.0
Leo_9_puntos_intento_7.mp4,1206,10050.000,True,115.000,170.000,0.000,119.000,116.000,0.022222,0.300000,-0.953680,71.812,85.137,142.675,4492.5
Leo_9_puntos_intento_7.mp4,1207,10058.333,True,115.000,170.000,0.000,119.000,116.000,0.022222,0.300000,-0.953680,71.233,84.936,142.712,4476.5
Leo_9_puntos_intento_7.mp4,1208,10066.667,True,115.000,170.000,0.000,119.000,116.000,0.022222,0.300000,-0.953680,70.552,84.816,139.974,4471.0
Leo_9_puntos_intento_7.mp4,1209,10075.000,True,115.000,170.000,0.000,119.000,116.000,0.022222,0.300000,-0.953680,70.614,84.603,138.749,4484.5
Leo_9_puntos_intento_7.mp4,1210,10083.333,True,115.000,170.000,0.000,119.000,116.000,0.022222,0.300000,-0.953680,71.407,85.357,141.398,4487.0
Leo_9_puntos_intento_7.mp4,1211,10091.667,True,115.000,170.000,0.000,119.000,116.000,0.022222,0.300000,-0.953680,71.345,85.044,142.447,4498.0
Leo_9_puntos_intento_7.mp4,1212,10100.000,True,115.000,170.000,0.000,119.000,116.000,0.022222,0.300000,-0.953680,70.644,85.274,139.295,4501.0
Leo_9_puntos_intento_7.mp4,1213,10108.333,True,115.000,170.000,0.000,119.000,116.000,0.022222,0.300000,-0.953680,71.031,84.736,142.208,4474.5
Leo_9_puntos_intento_7.mp4,1214,10116.667,True,115.000,170.000,0.000,119.000,116.000,0.022222,0.300000,-0.953680,71.090,86.043,143.615,4522.5
Leo_9_puntos_intento_7.mp4,1215,10125.000,True,115.000,170.000,0.000,119.000,116.000,0.022222,0.300000,-0.953680,70.503,85.421,140.940,4513.5
Leo_9_puntos_intento_7.mp4,1216,10133.333,True,115.000,170.000,0.000,119.000,116.000,0.022222,0.300000,-0.953680,71.241,85.281,143.147,4516.0
Leo_9_puntos_intento_7.mp4,1217,10141.667,True,115.000,170.000,0.000,119.000,116.000,0.022222,0.300000,-0.953680,72.142,86.455,142.173,4551.0
Leo_9_puntos_intento_7.mp4,1218,10150.000,True,115.000,170.000,0.000,119.000,116.000,0.022222,0.300000,-0.953680,70.885,85.608,143.697,4491.0
Leo_9_puntos_intento_7.mp4,1219,10158.333,True,115.000,170.000,0.000,119.000,116.000,0.022222,0.300000,-0.953680,70.183,86.064,140.715,4517.5
Leo_9_puntos_intento_7.mp4,1220,10166.667,True,115.000,170.000,0.000,119.000,116.000,0.022222,0.300000,-0.953680,70.684,85.765,140.702,4515.5
Leo_9_puntos_intento_7.mp4,1221,10175.000,True,115.000,170.000,0.000,119.000,116.000,0.022222,0.300000,-0.953680,70.503,85.906,144.504,4504.0
Leo_9_puntos_intento_7.mp4,1222,10183.333,True,115.000,170.000,0.000,119.000,116.000,0.022222,0.300000,-0.953680,70.016,86.017,141.442,4503.5
Leo_9_puntos_intento_7.mp4,1223,10191.667,True,115.000,170.000,0.000,119.000,116.000,0.022222,0.300000,-0.953680,70.231,85.485,138.310,4517.0
Leo_9_puntos_intento_7.mp4,1224,10200.000,True,115.000,170.000,0.000,119.000,116.000,0.022222,0.300000,-0.953680,71.021,85.626,139.617,4533.0
Leo_9_puntos_intento_7.mp4,1225,10208.333,True,115.000,170.000,0.000,119.000,116.000,0.022222,0.300000,-0.953680,70.328,86.548,144.030,4537.5
Leo_9_puntos_intento_7.mp4,1226,10216.667,True,115.000,170.000,0.000,119.000,116.000,0.022222,0.300000,-0.953680,70.708,85.738,139.638,4531.0
Leo_9_puntos_intento_7.mp4,1227,10225.000,True,115.000,170.000,0.000,119.000,116.000,0.022222,0.300000,-0.953680,70.005,85.689,139.587,4526.5
Leo_9_puntos_intento_7.mp4,1228,10233.333,True,115.000,170.000,0.000,119.000,116.000,0.022222,0.300000,-0.953680,69.929,85.297,142.566,4518.5
Leo_9_puntos_intento_7.mp4,1229,10241.667,True,115.000,170.000,0.000,119.000,116.000,0.022222,0.300000,-0.953680,70.681,85.208,141.642,4509.5
Leo_9_puntos_intento_7.mp4,1230,10250.000,True,115.000,170.000,0.000,119.000,116.000,0.022222,0.300000,-0.953680,70.702,85.477,141.909,4520.5
Leo_9_puntos_intento_7.mp4,1231,10258.333,True,115.000,170.000,0.000,119.000,116.000,0.022222,0.300000,-0.953680,70.328,84.801,138.772,4472.0
Leo_9_puntos_intento_7.mp4,1232,10266.667,True,115.000,170.000,0.000,119.000,117.000,0.022222,0.294444,-0.955410,71.949,85.073,143.421,4528.0
Leo_9_puntos_intento_7.mp4,1233,10275.000,True,115.000,170.000,0.000,119.000,116.000,0.022222,0.300000,-0.953680,70.836,85.551,142.474,4512.0
Leo_9_puntos_intento_7.mp4,1234,10283.333,True,115.000,170.000,0.000,119.000,116.000,0.022222,0.300000,-0.953680,70.358,86.030,140.147,4518.0
Leo_9_puntos_intento_7.mp4,1235,10291.667,True,115.000,170.000,0.000,119.000,116.000,0.022222,0.300000,-0.953680,69.181,86.746,140.152,4504.5
Leo_9_puntos_intento_7.mp4,1236,10300.000,True,115.000,170.000,0.000,119.000,116.000,0.022222,0.300000,-0.953680,69.984,86.821,139.960,4513.0
Leo_9_puntos_intento_7.mp4,1237,10308.333,True,115.000,170.000,0.000,119.000,116.000,0.022222,0.300000,-0.953680,70.062,85.822,143.331,4496.5
Leo_9_puntos_intento_7.mp4,1238,10316.667,True,115.000,170.000,0.000,119.000,116.000,0.022222,0.300000,-0.953680,70.786,86.050,142.769,4542.0
Leo_9_puntos_intento_7.mp4,1239,10325.000,True,115.000,170.000,0.000,119.000,116.000,0.022222,0.300000,-0.953680,71.026,86.196,144.072,4523.5
Leo_9_puntos_intento_7.mp4,1240,10333.333,True,115.000,170.000,0.000,118.000,116.000,0.016667,0.300000,-0.953794,71.042,86.678,141.734,4536.5
Leo_9_puntos_intento_7.mp4,1241,10341.667,True,115.000,170.000,0.000,119.000,117.000,0.022222,0.294444,-0.955410,71.573,85.527,142.546,4534.0
Leo_9_puntos_intento_7.mp4,1242,10350.000,True,115.000,170.000,0.000,119.000,116.000,0.022222,0.300000,-0.953680,71.221,86.155,143.059,4567.5
Leo_9_puntos_intento_7.mp4,1243,10358.333,True,115.000,170.000,0.000,119.000,116.000,0.022222,0.300000,-0.953680,71.173,85.503,142.611,4527.5
Leo_9_puntos_intento_7.mp4,1244,10366.667,True,115.000,170.000,0.000,119.000,116.000,0.022222,0.300000,-0.953680,71.679,86.893,144.768,4560.5
Leo_9_puntos_intento_7.mp4,1245,10375.000,True,115.000,170.000,0.000,119.000,116.000,0.022222,0.300000,-0.953680,70.814,85.252,142.973,4513.0
Leo_9_puntos_intento_7.mp4,1246,10383.333,True,115.000,170.000,0.000,119.000,116.000,0.022222,0.300000,-0.953680,71.116,86.861,145.308,4555.0
Leo_9_puntos_intento_7.mp4,1247,10391.667,True,115.000,170.000,0.000,119.000,116.000,0.022222,0.300000,-0.953680,70.577,85.861,142.304,4525.0
Leo_9_puntos_intento_7.mp4,1248,10400.000,True,115.000,170.000,0.000,119.000,116.000,0.022222,0.300000,-0.953680,70.874,86.458,143.640,4539.0
Leo_9_puntos_intento_7.mp4,1249,10408.333,True,115.000,170.000,0.000,119.000,116.000,0.022222,0.300000,-0.953680,71.340,85.956,136.892,4556.0
Leo_9_puntos_intento_7.mp4,1250,10416.667,True,115.000,170.000,0.000,119.000,116.000,0.022222,0.300000,-0.953680,71.650,86.107,142.479,4557.5
Leo_9_puntos_intento_7.mp4,1251,10425.000,True,115.000,170.000,0.000,119.000,116.000,0.022222,0.300000,-0.953680,71.334,86.271,139.239,4562.5
Leo_9_puntos_intento_7.mp4,1252,10433.333,True,115.000,170.000,0.000,119.000,116.000,0.022222,0.300000,-0.953680,71.247,84.694,142.859,4541.5
Leo_9_puntos_intento_7.mp4,1253,10441.667,True,115.000,170.000,0.000,119.000,116.000,0.022222,0.300000,-0.953680,70.539,86.206,139.092,4556.0
Leo_9_puntos_intento_7.mp4,1254,10450.000,True,115.000,170.000,0.000,119.000,116.000,0.022222,0.300000,-0.953680,71.111,85.836,141.204,4567.5
Leo_9_puntos_intento_7.mp4,1255,10458.333,True,115.000,170.000,0.000,119.000,117.000,0.022222,0.294444,-0.955410,70.767,85.626,144.194,4510.0
Leo_9_puntos_intento_7.mp4,1256,10466.667,True,115.000,170.000,0.000,119.000,116.000,0.022222,0.300000,-0.953680,70.942,86.342,141.265,4554.0
Leo_9_puntos_intento_7.mp4,1257,10475.000,True,115.000,170.000,0.000,119.000,116.000,0.022222,0.300000,-0.953680,71.976,85.741,142.554,4547.0
Leo_9_puntos_intento_7.mp4,1258,10483.333,True,115.000,170.000,0.000,119.000,116.000,0.022222,0.300000,-0.953680,71.017,86.299,143.699,4551.5
Leo_9_puntos_intento_7.mp4,1259,10491.667,True,115.000,170.000,0.000,119.000,116.000,0.022222,0.300000,-0.953680,70.773,86.274,146.427,4542.5
Leo_9_puntos_intento_7.mp4,1260,10500.000,True,115.000,170.000,0.000,119.000,116.000,0.022222,0.300000,-0.953680,70.979,86.516,141.534,4570.0
Leo_9_puntos_intento_7.mp4,1261,10508.333,True,115.000,170.000,0.000,119.000,116.000,0.022222,0.300000,-0.953680,71.338,86.073,144.208,4561.0
Leo_9_puntos_intento_7.mp4,1262,10516.667,True,115.000,170.000,0.000,119.000,116.000,0.022222,0.300000,-0.953680,70.234,86.391,137.912,4542.0
Leo_9_puntos_intento_7.mp4,1263,10525.000,True,115.000,170.000,0.000,119.000,116.000,0.022222,0.300000,-0.953680,70.662,86.714,140.875,4532.0
Leo_9_puntos_intento_7.mp4,1264,10533.333,True,115.000,170.000,0.000,119.000,116.000,0.022222,0.300000,-0.953680,71.028,87.621,139.176,4574.0
Leo_9_puntos_intento_7.mp4,1265,10541.667,True,115.000,170.000,0.000,119.000,116.000,0.022222,0.300000,-0.953680,71.338,86.349,139.426,4575.5
Leo_9_puntos_intento_7.mp4,1266,10550.000,True,115.000,170.000,0.000,119.000,116.000,0.022222,0.300000,-0.953680,71.859,87.416,141.328,4614.0
Leo_9_puntos_intento_7.mp4,1267,10558.333,True,115.000,170.000,0.000,119.000,116.000,0.022222,0.300000,-0.953680,71.363,85.976,141.604,4553.5
Leo_9_puntos_intento_7.mp4,1268,10566.667,True,115.000,170.000,0.000,119.000,117.000,0.022222,0.294444,-0.955410,72.022,86.587,142.141,4579.5
Leo_9_puntos_intento_7.mp4,1269,10575.000,True,115.000,170.000,0.000,119.000,116.000,0.022222,0.300000,-0.953680,71.469,86.247,140.464,4564.0
Leo_9_puntos_intento_7.mp4,1270,10583.333,True,115.000,170.000,0.000,119.000,116.000,0.022222,0.300000,-0.953680,70.884,86.372,142.214,4581.0
Leo_9_puntos_intento_7.mp4,1271,10591.667,True,115.000,170.000,0.000,119.000,116.000,0.022222,0.300000,-0.953680,71.277,85.815,142.206,4599.0
Leo_9_puntos_intento_7.mp4,1272,10600.000,True,115.000,170.000,0.000,119.000,116.000,0.022222,0.300000,-0.953680,72.196,87.115,143.394,4628.0
Leo_9_puntos_intento_7.mp4,1273,10608.333,True,115.000,170.000,0.000,119.000,116.000,0.022222,0.300000,-0.953680,71.367,86.437,139.975,4572.5
Leo_9_puntos_intento_7.mp4,1274,10616.667,True,115.000,170.000,0.000,119.000,116.000,0.022222,0.300000,-0.953680,71.614,87.124,141.155,4642.0
Leo_9_puntos_intento_7.mp4,1275,10625.000,True,115.000,170.000,0.000,119.000,116.000,0.022222,0.300000,-0.953680,71.591,86.728,140.024,4606.5
Leo_9_puntos_intento_7.mp4,1276,10633.333,True,115.000,170.000,0.000,119.000,116.000,0.022222,0.300000,-0.953680,71.409,86.756,142.579,4621.5
Leo_9_puntos_intento_7.mp4,1277,10641.667,True,115.000,170.000,0.000,118.000,116.000,0.016667,0.300000,-0.953794,71.989,87.250,144.529,4633.5
Leo_9_puntos_intento_7.mp4,1278,10650.000,True,115.000,170.000,0.000,112.000,117.000,-0.016667,0.294444,-0.955523,72.627,88.108,141.175,4705.0
Leo_9_puntos_intento_7.mp4,1279,10658.333,True,115.000,170.000,0.000,99.000,120.000,-0.088889,0.277778,-0.956524,82.826,83.605,108.541,4896.5
Leo_9_puntos_intento_7.mp4,1280,10666.667,True,115.000,170.000,0.000,85.000,124.000,-0.166667,0.255556,-0.952320,84.673,88.107,33.772,5601.5
Leo_9_puntos_intento_7.mp4,1281,10675.000,True,115.000,170.000,0.000,76.000,127.000,-0.216667,0.238889,-0.946566,85.447,87.479,25.735,5646.0
Leo_9_puntos_intento_7.mp4,1282,10683.333,True,115.000,170.000,0.000,71.000,129.000,-0.244444,0.227778,-0.942531,85.594,87.311,51.220,5686.5
Leo_9_puntos_intento_7.mp4,1283,10691.667,True,115.000,170.000,0.000,70.000,128.000,-0.250000,0.233333,-0.939710,85.550,88.029,74.884,5654.5
Leo_9_puntos_intento_7.mp4,1284,10700.000,True,115.000,170.000,0.000,70.000,128.000,-0.250000,0.233333,-0.939710,85.929,87.354,68.955,5655.5
Leo_9_puntos_intento_7.mp4,1285,10708.333,True,115.000,170.000,0.000,71.000,128.000,-0.244444,0.233333,-0.941171,85.101,86.737,143.807,5581.5
Leo_9_puntos_intento_7.mp4,1286,10716.667,True,115.000,170.000,0.000,71.000,128.000,-0.244444,0.233333,-0.941171,84.943,86.768,153.813,5588.5
Leo_9_puntos_intento_7.mp4,1287,10725.000,True,115.000,170.000,0.000,71.000,128.000,-0.244444,0.233333,-0.941171,85.083,86.152,146.638,5562.0
Leo_9_puntos_intento_7.mp4,1288,10733.333,True,115.000,170.000,0.000,71.000,128.000,-0.244444,0.233333,-0.941171,84.329,86.659,141.382,5605.5
Leo_9_puntos_intento_7.mp4,1289,10741.667,True,115.000,170.000,0.000,71.000,128.000,-0.244444,0.233333,-0.941171,84.065,86.299,127.498,5536.0
Leo_9_puntos_intento_7.mp4,1290,10750.000,True,115.000,170.000,0.000,71.000,128.000,-0.244444,0.233333,-0.941171,85.308,86.915,118.132,5612.5
Leo_9_puntos_intento_7.mp4,1291,10758.333,True,115.000,170.000,0.000,71.000,128.000,-0.244444,0.233333,-0.941171,85.367,86.798,121.510,5614.5
Leo_9_puntos_intento_7.mp4,1292,10766.667,True,115.000,170.000,0.000,71.000,127.000,-0.244444,0.238889,-0.939776,85.137,86.593,114.872,5584.0
Leo_9_puntos_intento_7.mp4,1293,10775.000,True,115.000,170.000,0.000,71.000,128.000,-0.244444,0.233333,-0.941171,85.518,86.635,124.498,5638.5
Leo_9_puntos_intento_7.mp4,1294,10783.333,True,115.000,170.000,0.000,71.000,128.000,-0.244444,0.233333,-0.941171,86.095,87.151,121.603,5684.5
Leo_9_puntos_intento_7.mp4,1295,10791.667,True,115.000,170.000,0.000,72.000,127.000,-0.238889,0.238889,-0.941204,84.323,86.765,153.316,5630.5
Leo_9_puntos_intento_7.mp4,1296,10800.000,True,115.000,170.000,0.000,71.000,127.000,-0.244444,0.238889,-0.939776,85.143,86.725,140.043,5645.5
Leo_9_puntos_intento_7.mp4,1297,10808.333,True,115.000,170.000,0.000,71.000,128.000,-0.244444,0.233333,-0.941171,86.283,86.431,9.927,5654.5
Leo_9_puntos_intento_7.mp4,1298,10816.667,True,115.000,170.000,0.000,71.000,128.000,-0.244444,0.233333,-0.941171,86.753,87.253,53.918,5700.5
Leo_9_puntos_intento_7.mp4,1299,10825.000,True,115.000,170.000,0.000,71.000,128.000,-0.244444,0.233333,-0.941171,85.549,86.946,166.857,5643.5
Leo_9_puntos_intento_7.mp4,1300,10833.333,True,115.000,170.000,0.000,71.000,128.000,-0.244444,0.233333,-0.941171,85.622,86.953,13.979,5690.5
Leo_9_puntos_intento_7.mp4,1301,10841.667,True,115.000,170.000,0.000,69.000,128.000,-0.255556,0.233333,-0.938215,85.347,87.697,33.856,5655.5
Leo_9_puntos_intento_7.mp4,1302,10850.000,True,115.000,170.000,0.000,67.000,128.000,-0.266667,0.233333,-0.935117,84.987,87.674,37.709,5650.5
Leo_9_puntos_intento_7.mp4,1303,10858.333,True,115.000,170.000,0.000,67.000,128.000,-0.266667,0.233333,-0.935117,84.553,87.539,27.118,5607.5
Leo_9_puntos_intento_7.mp4,1304,10866.667,True,115.000,170.000,0.000,67.000,128.000,-0.266667,0.233333,-0.935117,85.886,87.534,28.743,5683.0
Leo_9_puntos_intento_7.mp4,1305,10875.000,True,115.000,170.000,0.000,67.000,128.000,-0.266667,0.233333,-0.935117,85.710,87.116,36.218,5663.5
Leo_9_puntos_intento_7.mp4,1306,10883.333,True,115.000,170.000,0.000,67.000,128.000,-0.266667,0.233333,-0.935117,85.386,87.709,52.681,5651.5
Leo_9_puntos_intento_7.mp4,1307,10891.667,True,115.000,170.000,0.000,67.000,128.000,-0.266667,0.233333,-0.935117,85.384,86.714,51.174,5597.0
Leo_9_puntos_intento_7.mp4,1308,10900.000,True,115.000,170.000,0.000,66.000,128.000,-0.272222,0.233333,-0.933515,85.075,87.310,48.322,5582.0
Leo_9_puntos_intento_7.mp4,1309,10908.333,True,115.000,170.000,0.000,67.000,128.000,-0.266667,0.233333,-0.935117,84.519,86.501,35.789,5500.5
Leo_9_puntos_intento_7.mp4,1310,10916.667,True,115.000,170.000,0.000,67.000,128.000,-0.266667,0.233333,-0.935117,84.320,86.468,17.228,5544.0
Leo_9_puntos_intento_7.mp4,1311,10925.000,True,115.000,170.000,0.000,67.000,128.000,-0.266667,0.233333,-0.935117,84.735,85.994,47.671,5526.5
Leo_9_puntos_intento_7.mp4,1312,10933.333,True,115.000,170.000,0.000,66.000,128.000,-0.272222,0.233333,-0.933515,84.569,85.751,27.694,5507.0
Leo_9_puntos_intento_7.mp4,1313,10941.667,True,115.000,170.000,0.000,66.000,128.000,-0.272222,0.233333,-0.933515,83.962,86.188,73.701,5476.0
Leo_9_puntos_intento_7.mp4,1314,10950.000,False,115.000,170.000,0.000,66.000,128.000,-0.272222,0.233333,-0.933515,84.581,85.999,46.079,5508.5
Leo_9_puntos_intento_7.mp4,1315,10958.333,False,115.000,170.000,0.000,66.000,129.000,-0.272222,0.227778,-0.934886,84.691,85.848,50.948,5546.0
Leo_9_puntos_intento_7.mp4,1316,10966.667,False,115.000,170.000,0.000,67.000,130.000,-0.266667,0.222222,-0.937820,83.361,88.401,70.749,5604.5
Leo_9_puntos_intento_7.mp4,1317,10975.000,False,115.000,170.000,,,,,,,,,,
Leo_9_puntos_intento_7.mp4,1318,10983.333,False,115.000,170.000,,,,,,,,,,
Leo_9_puntos_intento_7.mp4,1319,10991.667,False,115.000,170.000,,,,,,,,,,
Leo_9_puntos_intento_7.mp4,1320,11000.000,False,115.000,170.000,,,,,,,,,,
Leo_9_puntos_intento_7.mp4,1321,11008.333,False,115.000,170.000,,,,,,,,,,
Leo_9_puntos_intento_7.mp4,1322,11016.667,False,115.000,170.000,,,,,,,,,,
Leo_9_puntos_intento_7.mp4,1323,11025.000,False,115.000,170.000,,,,,,,,,,
Leo_9_puntos_intento_7.mp4,1324,11033.333,False,115.000,170.000,,,,,,,,,,
Leo_9_puntos_intento_7.mp4,1325,11041.667,False,115.000,170.000,,,,,,,,,,
Leo_9_puntos_intento_7.mp4,1326,11050.000,False,115.000,170.000,,,,,,,,,,
Leo_9_puntos_intento_7.mp4,1327,11058.333,False,115.000,170.000,,,,,,,,,,
Leo_9_puntos_intento_7.mp4,1328,11066.667,False,115.000,170.000,,,,,,,,,,
Leo_9_puntos_intento_7.mp4,1329,11075.000,False,115.000,170.000,,,,,,,,,,
Leo_9_puntos_intento_7.mp4,1330,11083.333,False,115.000,170.000,,,,,,,,,,
Leo_9_puntos_intento_7.mp4,1331,11091.667,False,115.000,170.000,,,,,,,,,,
Leo_9_puntos_intento_7.mp4,1332,11100.000,False,115.000,170.000,,,,,,,,,,
Leo_9_puntos_intento_7.mp4,1333,11108.333,False,115.000,170.000,0.000,65.000,127.000,-0.277778,0.238889,-0.930468,55.627,85.507,70.613,3160.0
Leo_9_puntos_intento_7.mp4,1334,11116.667,False,115.000,170.000,0.000,64.000,125.000,-0.283333,0.250000,-0.925863,62.448,84.108,71.084,3500.0
Leo_9_puntos_intento_7.mp4,1335,11125.000,False,115.000,170.000,0.000,64.000,123.000,-0.283333,0.261111,-0.922791,68.026,81.463,72.508,3722.0
Leo_9_puntos_intento_7.mp4,1336,11133.333,True,115.000,170.000,0.000,63.000,122.000,-0.288889,0.266667,-0.919474,70.999,80.415,79.266,3908.0
Leo_9_puntos_intento_7.mp4,1337,11141.667,True,115.000,170.000,0.000,63.000,121.000,-0.288889,0.272222,-0.917844,72.253,79.693,82.226,4003.5
Leo_9_puntos_intento_7.mp4,1338,11150.000,True,115.000,170.000,0.000,63.000,121.000,-0.288889,0.272222,-0.917844,73.524,79.635,84.009,4079.5
Leo_9_puntos_intento_7.mp4,1339,11158.333,True,115.000,170.000,0.000,64.000,121.000,-0.283333,0.272222,-0.919575,73.086,78.912,92.956,4023.0
Leo_9_puntos_intento_7.mp4,1340,11166.667,True,115.000,170.000,0.000,63.000,121.000,-0.288889,0.272222,-0.917844,72.142,79.208,85.234,3994.5
Leo_9_puntos_intento_7.mp4,1341,11175.000,True,115.000,170.000,0.000,64.000,122.000,-0.283333,0.266667,-0.921201,72.508,76.926,92.109,3838.5
Leo_9_puntos_intento_7.mp4,1342,11183.333,True,115.000,170.000,0.000,64.000,121.000,-0.283333,0.272222,-0.919575,70.990,77.841,92.318,3845.0
Leo_9_puntos_intento_7.mp4,1343,11191.667,True,115.000,170.000,0.000,64.000,121.000,-0.283333,0.272222,-0.919575,71.316,76.376,93.322,3772.5
Leo_9_puntos_intento_7.mp4,1344,11200.000,True,115.000,170.000,0.000,64.000,121.000,-0.283333,0.272222,-0.919575,69.024,76.298,91.836,3610.0
Leo_9_puntos_intento_7.mp4,1345,11208.333,True,115.000,170.000,0.000,64.000,122.000,-0.283333,0.266667,-0.921201,70.470,75.366,94.751,3545.5
Leo_9_puntos_intento_7.mp4,1346,11216.667,True,115.000,170.000,0.000,64.000,122.000,-0.283333,0.266667,-0.921201,70.360,75.281,93.591,3565.0
Leo_9_puntos_intento_7.mp4,1347,11225.000,True,115.000,170.000,0.000,65.000,121.000,-0.277778,0.272222,-0.921268,69.191,75.069,96.860,3519.0
Leo_9_puntos_intento_7.mp4,1348,11233.333,True,115.000,170.000,0.000,64.000,122.000,-0.283333,0.266667,-0.921201,71.397,75.163,86.195,3572.0
Leo_9_puntos_intento_7.mp4,1349,11241.667,True,115.000,170.000,0.000,64.000,121.000,-0.283333,0.272222,-0.919575,70.366,75.183,92.897,3554.5
Leo_9_puntos_intento_7.mp4,1350,11250.000,True,115.000,170.000,0.000,64.000,121.000,-0.283333,0.272222,-0.919575,69.106,76.115,83.828,3605.0
Leo_9_puntos_intento_7.mp4,1351,11258.333,True,115.000,170.000,0.000,64.000,122.000,-0.283333,0.266667,-0.921201,70.499,74.840,89.207,3561.5
Leo_9_puntos_intento_7.mp4,1352,11266.667,True,115.000,170.000,0.000,65.000,122.000,-0.277778,0.266667,-0.922891,70.343,75.056,94.101,3602.0
Leo_9_puntos_intento_7.mp4,1353,11275.000,True,115.000,170.000,0.000,64.000,123.000,-0.283333,0.261111,-0.922791,71.912,77.596,86.783,3783.5
Leo_9_puntos_intento_7.mp4,1354,11283.333,True,115.000,170.000,0.000,66.000,123.000,-0.272222,0.261111,-0.926130,71.801,77.953,88.961,3849.0
Leo_9_puntos_intento_7.mp4,1355,11291.667,True,115.000,170.000,0.000,67.000,123.000,-0.266667,0.261111,-0.927745,70.764,77.544,92.920,3799.5
Leo_9_puntos_intento_7.mp4,1356,11300.000,True,115.000,170.000,0.000,67.000,122.000,-0.266667,0.266667,-0.926163,69.630,78.035,89.763,3820.5
Leo_9_puntos_intento_7.mp4,1357,11308.333,True,115.000,170.000,0.000,66.000,123.000,-0.272222,0.261111,-0.926130,70.678,78.315,84.136,3828.5
Leo_9_puntos_intento_7.mp4,1358,11316.667,True,115.000,170.000,0.000,67.000,123.000,-0.266667,0.261111,-0.927745,70.832,78.023,93.230,3799.5
Leo_9_puntos_intento_7.mp4,1359,11325.000,True,115.000,170.000,0.000,67.000,124.000,-0.266667,0.255556,-0.929290,71.569,77.669,90.492,3780.0
Leo_9_puntos_intento_7.mp4,1360,11333.333,True,115.000,170.000,0.000,67.000,123.000,-0.266667,0.261111,-0.927745,70.440,77.864,92.182,3785.5
Leo_9_puntos_intento_7.mp4,1361,11341.667,True,115.000,170.000,0.000,67.000,123.000,-0.266667,0.261111,-0.927745,71.723,77.097,93.784,3768.5
Leo_9_puntos_intento_7.mp4,1362,11350.000,True,115.000,170.000,0.000,67.000,123.000,-0.266667,0.261111,-0.927745,72.383,77.288,95.979,3808.5
Leo_9_puntos_intento_7.mp4,1363,11358.333,True,115.000,170.000,0.000,67.000,123.000,-0.266667,0.261111,-0.927745,70.762,77.450,94.907,3781.0
Leo_9_puntos_intento_7.mp4,1364,11366.667,True,115.000,170.000,0.000,67.000,123.000,-0.266667,0.261111,-0.927745,71.461,77.642,93.483,3845.5
Leo_9_puntos_intento_7.mp4,1365,11375.000,True,115.000,170.000,0.000,67.000,123.000,-0.266667,0.261111,-0.927745,72.187,76.968,94.769,3799.0
Leo_9_puntos_intento_7.mp4,1366,11383.333,True,115.000,170.000,0.000,67.000,123.000,-0.266667,0.261111,-0.927745,71.997,76.876,89.025,3794.5
Leo_9_puntos_intento_7.mp4,1367,11391.667,True,115.000,170.000,0.000,67.000,123.000,-0.266667,0.261111,-0.927745,70.737,77.795,99.080,3793.5
Leo_9_puntos_intento_7.mp4,1368,11400.000,True,115.000,170.000,0.000,67.000,123.000,-0.266667,0.261111,-0.927745,71.518,77.591,94.578,3826.0
Leo_9_puntos_intento_7.mp4,1369,11408.333,True,115.000,170.000,0.000,67.000,124.000,-0.266667,0.255556,-0.929290,71.691,78.337,94.662,3813.0
Leo_9_puntos_intento_7.mp4,1370,11416.667,True,115.000,170.000,0.000,68.000,124.000,-0.261111,0.255556,-0.930866,73.484,76.758,92.552,3810.5
Leo_9_puntos_intento_7.mp4,1371,11425.000,True,115.000,170.000,0.000,67.000,124.000,-0.266667,0.255556,-0.929290,73.822,77.096,93.546,3835.5
Leo_9_puntos_intento_7.mp4,1372,11433.333,True,115.000,170.000,0.000,67.000,124.000,-0.266667,0.255556,-0.929290,74.406,77.065,93.165,3840.5
Leo_9_puntos_intento_7.mp4,1373,11441.667,True,115.000,170.000,0.000,67.000,124.000,-0.266667,0.255556,-0.929290,72.599,77.731,93.040,3801.0
Leo_9_puntos_intento_7.mp4,1374,11450.000,True,115.000,170.000,0.000,67.000,124.000,-0.266667,0.255556,-0.929290,73.433,77.006,84.682,3814.0
Leo_9_puntos_intento_7.mp4,1375,11458.333,True,115.000,170.000,0.000,68.000,124.000,-0.261111,0.255556,-0.930866,72.976,77.260,99.614,3834.5
Leo_9_puntos_intento_7.mp4,1376,11466.667,True,115.000,170.000,0.000,68.000,124.000,-0.261111,0.255556,-0.930866,72.154,77.892,91.745,3825.0
Leo_9_puntos_intento_7.mp4,1377,11475.000,True,115.000,170.000,0.000,68.000,124.000,-0.261111,0.255556,-0.930866,72.169,77.924,91.687,3821.0
Leo_9_puntos_intento_7.mp4,1378,11483.333,True,115.000,170.000,0.000,68.000,123.000,-0.261111,0.261111,-0.929323,72.252,77.541,93.288,3842.5
Leo_9_puntos_intento_7.mp4,1379,11491.667,True,115.000,170.000,0.000,68.000,124.000,-0.261111,0.255556,-0.930866,73.045,77.296,89.751,3834.5
Leo_9_puntos_intento_7.mp4,1380,11500.000,True,115.000,170.000,0.000,68.000,123.000,-0.261111,0.261111,-0.929323,73.197,76.877,82.509,3818.0
Leo_9_puntos_intento_7.mp4,1381,11508.333,True,115.000,170.000,0.000,67.000,123.000,-0.266667,0.261111,-0.927745,72.527,77.513,89.692,3789.0
Leo_9_puntos_intento_7.mp4,1382,11516.667,True,115.000,170.000,0.000,67.000,124.000,-0.266667,0.255556,-0.929290,74.082,76.995,82.765,3804.0
Leo_9_puntos_intento_7.mp4,1383,11525.000,True,115.000,170.000,0.000,68.000,123.000,-0.261111,0.261111,-0.929323,71.368,77.737,95.527,3805.0
Leo_9_puntos_intento_7.mp4,1384,11533.333,True,115.000,170.000,0.000,68.000,123.000,-0.261111,0.261111,-0.929323,70.875,78.514,96.884,3837.0
Leo_9_puntos_intento_7.mp4,1385,11541.667,True,115.000,170.000,0.000,68.000,123.000,-0.261111,0.261111,-0.929323,72.108,76.924,95.540,3799.5
Leo_9_puntos_intento_7.mp4,1386,11550.000,True,115.000,170.000,0.000,68.000,124.000,-0.261111,0.255556,-0.930866,72.931,77.017,95.685,3808.0
Leo_9_puntos_intento_7.mp4,1387,11558.333,True,115.000,170.000,0.000,68.000,123.000,-0.261111,0.261111,-0.929323,71.698,77.999,100.366,3837.0
Leo_9_puntos_intento_7.mp4,1388,11566.667,True,115.000,170.000,0.000,68.000,123.000,-0.261111,0.261111,-0.929323,71.487,78.040,96.754,3821.0
Leo_9_puntos_intento_7.mp4,1389,11575.000,True,115.000,170.000,0.000,68.000,124.000,-0.261111,0.255556,-0.930866,72.846,76.921,91.755,3816.0
Leo_9_puntos_intento_7.mp4,1390,11583.333,True,115.000,170.000,0.000,68.000,123.000,-0.261111,0.261111,-0.929323,72.303,77.627,90.014,3825.5
Leo_9_puntos_intento_7.mp4,1391,11591.667,True,115.000,170.000,0.000,68.000,124.000,-0.261111,0.255556,-0.930866,73.646,76.475,75.824,3794.0
Leo_9_puntos_intento_7.mp4,1392,11600.000,True,115.000,170.000,0.000,68.000,124.000,-0.261111,0.255556,-0.930866,72.796,77.508,91.730,3856.5
Leo_9_puntos_intento_7.mp4,1393,11608.333,True,115.000,170.000,0.000,68.000,123.000,-0.261111,0.261111,-0.929323,72.949,76.672,82.201,3782.0
Leo_9_puntos_intento_7.mp4,1394,11616.667,True,115.000,170.000,0.000,68.000,124.000,-0.261111,0.255556,-0.930866,73.565,76.848,92.768,3762.0
Leo_9_puntos_intento_7.mp4,1395,11625.000,True,115.000,170.000,0.000,67.000,124.000,-0.266667,0.255556,-0.929290,73.426,77.021,94.084,3804.0
Leo_9_puntos_intento_7.mp4,1396,11633.333,True,115.000,170.000,0.000,66.000,124.000,-0.272222,0.255556,-0.927678,73.357,77.263,94.633,3809.5
Leo_9_puntos_intento_7.mp4,1397,11641.667,True,115.000,170.000,0.000,67.000,123.000,-0.266667,0.261111,-0.927745,71.620,77.288,91.888,3794.0
Leo_9_puntos_intento_7.mp4,1398,11650.000,True,115.000,170.000,0.000,67.000,124.000,-0.266667,0.255556,-0.929290,73.112,77.643,97.640,3849.5
Leo_9_puntos_intento_7.mp4,1399,11658.333,True,115.000,170.000,0.000,67.000,124.000,-0.266667,0.255556,-0.929290,73.678,77.422,89.197,3853.5
Leo_9_puntos_intento_7.mp4,1400,11666.667,True,115.000,170.000,0.000,67.000,124.000,-0.266667,0.255556,-0.929290,72.674,77.580,84.432,3842.0
Leo_9_puntos_intento_7.mp4,1401,11675.000,True,115.000,170.000,0.000,68.000,124.000,-0.261111,0.255556,-0.930866,73.195,77.025,96.402,3841.0
Leo_9_puntos_intento_7.mp4,1402,11683.333,True,115.000,170.000,0.000,68.000,124.000,-0.261111,0.255556,-0.930866,73.294,76.886,94.636,3834.0
Leo_9_puntos_intento_7.mp4,1403,11691.667,True,115.000,170.000,0.000,68.000,124.000,-0.261111,0.255556,-0.930866,73.475,77.096,95.484,3821.5
Leo_9_puntos_intento_7.mp4,1404,11700.000,True,115.000,170.000,0.000,67.000,123.000,-0.266667,0.261111,-0.927745,72.399,77.842,91.682,3885.0
Leo_9_puntos_intento_7.mp4,1405,11708.333,True,115.000,170.000,0.000,67.000,124.000,-0.266667,0.255556,-0.929290,73.688,78.512,84.182,3912.0
Leo_9_puntos_intento_7.mp4,1406,11716.667,True,115.000,170.000,0.000,67.000,123.000,-0.266667,0.261111,-0.927745,72.914,78.451,89.252,3930.5
Leo_9_puntos_intento_7.mp4,1407,11725.000,True,115.000,170.000,0.000,67.000,124.000,-0.266667,0.255556,-0.929290,72.337,77.839,94.167,3856.0
Leo_9_puntos_intento_7.mp4,1408,11733.333,True,115.000,170.000,0.000,67.000,124.000,-0.266667,0.255556,-0.929290,73.222,78.875,95.329,3915.0
Leo_9_puntos_intento_7.mp4,1409,11741.667,True,115.000,170.000,0.000,67.000,124.000,-0.266667,0.255556,-0.929290,73.302,77.711,95.701,3888.5
Leo_9_puntos_intento_7.mp4,1410,11750.000,True,115.000,170.000,0.000,67.000,124.000,-0.266667,0.255556,-0.929290,73.861,77.453,90.254,3867.0
Leo_9_puntos_intento_7.mp4,1411,11758.333,True,115.000,170.000,0.000,67.000,124.000,-0.266667,0.255556,-0.929290,73.544,77.571,89.593,3856.0
Leo_9_puntos_intento_7.mp4,1412,11766.667,True,115.000,170.000,0.000,67.000,124.000,-0.266667,0.255556,-0.929290,73.964,77.647,86.301,3872.0
Leo_9_puntos_intento_7.mp4,1413,11775.000,True,115.000,170.000,0.000,67.000,123.000,-0.266667,0.261111,-0.927745,72.913,77.873,82.757,3875.5
Leo_9_puntos_intento_7.mp4,1414,11783.333,True,115.000,170.000,0.000,68.000,124.000,-0.261111,0.255556,-0.930866,73.318,77.171,90.348,3893.5
Leo_9_puntos_intento_7.mp4,1415,11791.667,True,115.000,170.000,0.000,68.000,123.000,-0.261111,0.261111,-0.929323,72.805,77.214,92.034,3858.0
Leo_9_puntos_intento_7.mp4,1416,11800.000,True,115.000,170.000,0.000,68.000,123.000,-0.261111,0.261111,-0.929323,73.045,77.316,83.569,3861.0
Leo_9_puntos_intento_7.mp4,1417,11808.333,True,115.000,170.000,0.000,68.000,124.000,-0.261111,0.255556,-0.930866,75.116,76.737,92.420,3855.5
Leo_9_puntos_intento_7.mp4,1418,11816.667,True,115.000,170.000,0.000,67.000,124.000,-0.266667,0.255556,-0.929290,75.090,77.444,85.535,3861.5
Leo_9_puntos_intento_7.mp4,1419,11825.000,True,115.000,170.000,0.000,67.000,124.000,-0.266667,0.255556,-0.929290,73.266,77.145,86.926,3824.0
Leo_9_puntos_intento_7.mp4,1420,11833.333,True,115.000,170.000,0.000,67.000,124.000,-0.266667,0.255556,-0.929290,74.253,76.923,87.669,3845.0
Leo_9_puntos_intento_7.mp4,1421,11841.667,True,115.000,170.000,0.000,68.000,124.000,-0.261111,0.255556,-0.930866,73.490,77.208,92.680,3850.0
Leo_9_puntos_intento_7.mp4,1422,11850.000,True,115.000,170.000,0.000,67.000,124.000,-0.266667,0.255556,-0.929290,75.073,76.784,85.516,3857.0
Leo_9_puntos_intento_7.mp4,1423,11858.333,True,115.000,170.000,0.000,68.000,123.000,-0.261111,0.261111,-0.929323,73.098,76.769,89.386,3842.0
Leo_9_puntos_intento_7.mp4,1424,11866.667,True,115.000,170.000,0.000,67.000,125.000,-0.266667,0.250000,-0.930800,75.736,76.055,85.540,3815.0
Leo_9_puntos_intento_7.mp4,1425,11875.000,True,115.000,170.000,0.000,67.000,124.000,-0.266667,0.255556,-0.929290,72.455,77.723,87.207,3825.5
Leo_9_puntos_intento_7.mp4,1426,11883.333,True,115.000,170.000,0.000,67.000,124.000,-0.266667,0.255556,-0.929290,73.672,78.134,80.067,3848.0
Leo_9_puntos_intento_7.mp4,1427,11891.667,True,115.000,170.000,0.000,68.000,124.000,-0.261111,0.255556,-0.930866,73.064,76.637,92.537,3819.5
Leo_9_puntos_intento_7.mp4,1428,11900.000,True,115.000,170.000,0.000,68.000,123.000,-0.261111,0.261111,-0.929323,72.464,77.974,89.897,3851.0
Leo_9_puntos_intento_7.mp4,1429,11908.333,True,115.000,170.000,0.000,68.000,123.000,-0.261111,0.261111,-0.929323,72.410,76.996,99.467,3807.5
Leo_9_puntos_intento_7.mp4,1430,11916.667,True,115.000,170.000,0.000,68.000,123.000,-0.261111,0.261111,-0.929323,71.757,77.480,89.587,3806.5
Leo_9_puntos_intento_7.mp4,1431,11925.000,True,115.000,170.000,0.000,68.000,124.000,-0.261111,0.255556,-0.930866,73.546,77.058,104.100,3856.0
Leo_9_puntos_intento_7.mp4,1432,11933.333,True,115.000,170.000,0.000,68.000,124.000,-0.261111,0.255556,-0.930866,72.840,77.992,101.974,3902.5
Leo_9_puntos_intento_7.mp4,1433,11941.667,True,115.000,170.000,0.000,68.000,124.000,-0.261111,0.255556,-0.930866,72.740,77.607,93.521,3844.5
Leo_9_puntos_intento_7.mp4,1434,11950.000,True,115.000,170.000,0.000,68.000,124.000,-0.261111,0.255556,-0.930866,74.289,76.820,84.368,3865.0
Leo_9_puntos_intento_7.mp4,1435,11958.333,True,115.000,170.000,0.000,68.000,124.000,-0.261111,0.255556,-0.930866,72.844,77.279,105.479,3851.0
Leo_9_puntos_intento_7.mp4,1436,11966.667,True,115.000,170.000,0.000,68.000,124.000,-0.261111,0.255556,-0.930866,73.345,77.282,94.493,3884.0
Leo_9_puntos_intento_7.mp4,1437,11975.000,True,115.000,170.000,0.000,68.000,124.000,-0.261111,0.255556,-0.930866,71.947,77.479,99.083,3842.5
Leo_9_puntos_intento_7.mp4,1438,11983.333,True,115.000,170.000,0.000,68.000,124.000,-0.261111,0.255556,-0.930866,73.794,77.650,99.853,3882.5
Leo_9_puntos_intento_7.mp4,1439,11991.667,True,115.000,170.000,0.000,68.000,124.000,-0.261111,0.255556,-0.930866,72.966,77.309,103.870,3865.0
Leo_9_puntos_intento_7.mp4,1440,12000.000,True,115.000,170.000,0.000,68.000,124.000,-0.261111,0.255556,-0.930866,72.930,77.457,104.292,3869.0
Leo_9_puntos_intento_7.mp4,1441,12008.333,True,115.000,170.000,0.000,68.000,124.000,-0.261111,0.255556,-0.930866,71.321,77.880,102.446,3832.0
Leo_9_puntos_intento_7.mp4,1442,12016.667,True,115.000,170.000,0.000,68.000,124.000,-0.261111,0.255556,-0.930866,71.746,78.576,96.237,3857.5
Leo_9_puntos_intento_7.mp4,1443,12025.000,True,115.000,170.000,0.000,68.000,123.000,-0.261111,0.261111,-0.929323,71.579,77.831,93.544,3823.5
Leo_9_puntos_intento_7.mp4,1444,12033.333,True,115.000,170.000,0.000,68.000,124.000,-0.261111,0.255556,-0.930866,74.707,77.180,95.327,3876.5
Leo_9_puntos_intento_7.mp4,1445,12041.667,True,115.000,170.000,0.000,68.000,124.000,-0.261111,0.255556,-0.930866,71.853,77.790,95.259,3859.0
Leo_9_puntos_intento_7.mp4,1446,12050.000,True,115.000,170.000,0.000,69.000,123.000,-0.255556,0.261111,-0.930866,71.046,76.193,107.775,3650.0
Leo_9_puntos_intento_7.mp4,1447,12058.333,True,115.000,170.000,0.000,68.000,124.000,-0.261111,0.255556,-0.930866,72.114,74.769,99.786,3624.0
Leo_9_puntos_intento_7.mp4,1448,12066.667,True,115.000,170.000,0.000,69.000,124.000,-0.255556,0.255556,-0.932407,72.787,75.110,108.026,3621.0
Leo_9_puntos_intento_7.mp4,1449,12075.000,True,115.000,170.000,0.000,69.000,124.000,-0.255556,0.255556,-0.932407,71.876,75.366,106.020,3620.5
Leo_9_puntos_intento_7.mp4,1450,12083.333,True,115.000,170.000,0.000,69.000,124.000,-0.255556,0.255556,-0.932407,71.946,75.606,105.505,3622.0
Leo_9_puntos_intento_7.mp4,1451,12091.667,True,115.000,170.000,0.000,68.000,124.000,-0.261111,0.255556,-0.930866,72.118,76.385,89.904,3643.5
Leo_9_puntos_intento_7.mp4,1452,12100.000,True,115.000,170.000,0.000,68.000,124.000,-0.261111,0.255556,-0.930866,71.782,76.414,96.240,3675.0
Leo_9_puntos_intento_7.mp4,1453,12108.333,True,115.000,170.000,0.000,68.000,124.000,-0.261111,0.255556,-0.930866,73.369,75.937,80.445,3646.5
Leo_9_puntos_intento_7.mp4,1454,12116.667,True,115.000,170.000,0.000,68.000,124.000,-0.261111,0.255556,-0.930866,73.331,75.598,81.444,3649.5
Leo_9_puntos_intento_7.mp4,1455,12125.000,True,115.000,170.000,0.000,68.000,124.000,-0.261111,0.255556,-0.930866,72.143,75.983,91.809,3662.0
Leo_9_puntos_intento_7.mp4,1456,12133.333,True,115.000,170.000,0.000,68.000,124.000,-0.261111,0.255556,-0.930866,72.200,76.316,88.707,3640.5
Leo_9_puntos_intento_7.mp4,1457,12141.667,True,115.000,170.000,0.000,68.000,124.000,-0.261111,0.255556,-0.930866,73.487,76.889,95.788,3668.5
Leo_9_puntos_intento_7.mp4,1458,12150.000,True,115.000,170.000,0.000,68.000,123.000,-0.261111,0.261111,-0.929323,71.851,76.832,87.534,3645.5
Leo_9_puntos_intento_7.mp4,1459,12158.333,True,115.000,170.000,0.000,69.000,123.000,-0.255556,0.261111,-0.930866,71.147,76.181,91.765,3621.5
Leo_9_puntos_intento_7.mp4,1460,12166.667,True,115.000,170.000,0.000,69.000,124.000,-0.255556,0.255556,-0.932407,72.484,76.213,97.933,3670.5
Leo_9_puntos_intento_7.mp4,1461,12175.000,True,115.000,170.000,0.000,69.000,123.000,-0.255556,0.261111,-0.930866,71.049,76.466,97.241,3618.0
Leo_9_puntos_intento_7.mp4,1462,12183.333,True,115.000,170.000,0.000,69.000,123.000,-0.255556,0.261111,-0.930866,71.748,76.073,96.816,3634.5
Leo_9_puntos_intento_7.mp4,1463,12191.667,True,115.000,170.000,0.000,69.000,123.000,-0.255556,0.261111,-0.930866,72.386,75.670,80.907,3644.0
Leo_9_puntos_intento_7.mp4,1464,12200.000,True,115.000,170.000,0.000,69.000,124.000,-0.255556,0.255556,-0.932407,74.223,75.662,101.027,3689.0
Leo_9_puntos_intento_7.mp4,1465,12208.333,True,115.000,170.000,0.000,69.000,124.000,-0.255556,0.255556,-0.932407,72.658,75.606,90.915,3589.5
Leo_9_puntos_intento_7.mp4,1466,12216.667,True,115.000,170.000,0.000,69.000,124.000,-0.255556,0.255556,-0.932407,71.951,76.394,83.896,3679.0
Leo_9_puntos_intento_7.mp4,1467,12225.000,True,115.000,170.000,0.000,68.000,124.000,-0.261111,0.255556,-0.930866,73.305,75.845,86.230,3632.5
Leo_9_puntos_intento_7.mp4,1468,12233.333,True,115.000,170.000,0.000,69.000,124.000,-0.255556,0.255556,-0.932407,73.181,75.718,113.850,3647.5
Leo_9_puntos_intento_7.mp4,1469,12241.667,True,115.000,170.000,0.000,69.000,124.000,-0.255556,0.255556,-0.932407,72.106,75.661,104.832,3621.0
Leo_9_puntos_intento_7.mp4,1470,12250.000,True,115.000,170.000,0.000,69.000,123.000,-0.255556,0.261111,-0.930866,71.049,77.450,93.709,3681.0
Leo_9_puntos_intento_7.mp4,1471,12258.333,True,115.000,170.000,0.000,69.000,124.000,-0.255556,0.255556,-0.932407,72.261,75.657,105.007,3630.0
Leo_9_puntos_intento_7.mp4,1472,12266.667,True,115.000,170.000,0.000,68.000,123.000,-0.261111,0.261111,-0.929323,71.707,76.444,92.727,3707.5
Leo_9_puntos_intento_7.mp4,1473,12275.000,True,115.000,170.000,0.000,68.000,124.000,-0.261111,0.255556,-0.930866,73.404,75.539,74.687,3638.0
Leo_9_puntos_intento_7.mp4,1474,12283.333,True,115.000,170.000,0.000,68.000,124.000,-0.261111,0.255556,-0.930866,73.179,75.597,94.052,3646.0
Leo_9_puntos_intento_7.mp4,1475,12291.667,True,115.000,170.000,0.000,68.000,124.000,-0.261111,0.255556,-0.930866,72.415,76.966,100.825,3690.0
Leo_9_puntos_intento_7.mp4,1476,12300.000,True,115.000,170.000,0.000,69.000,123.000,-0.255556,0.261111,-0.930866,71.872,77.173,102.258,3731.0
Leo_9_puntos_intento_7.mp4,1477,12308.333,True,115.000,170.000,0.000,69.000,123.000,-0.255556,0.261111,-0.930866,72.217,77.133,93.259,3646.0
Leo_9_puntos_intento_7.mp4,1478,12316.667,True,115.000,170.000,0.000,68.000,123.000,-0.261111,0.261111,-0.929323,73.131,77.117,81.933,3687.0
Leo_9_puntos_intento_7.mp4,1479,12325.000,True,115.000,170.000,0.000,69.000,123.000,-0.255556,0.261111,-0.930866,72.791,76.591,99.482,3685.5
Leo_9_puntos_intento_7.mp4,1480,12333.333,True,115.000,170.000,0.000,69.000,123.000,-0.255556,0.261111,-0.930866,71.701,76.870,103.420,3695.0
Leo_9_puntos_intento_7.mp4,1481,12341.667,True,115.000,170.000,0.000,69.000,123.000,-0.255556,0.261111,-0.930866,72.163,76.632,109.697,3644.0
Leo_9_puntos_intento_7.mp4,1482,12350.000,True,115.000,170.000,0.000,69.000,123.000,-0.255556,0.261111,-0.930866,72.263,77.126,100.215,3678.0
Leo_9_puntos_intento_7.mp4,1483,12358.333,True,115.000,170.000,0.000,69.000,123.000,-0.255556,0.261111,-0.930866,71.768,77.238,102.212,3670.5
Leo_9_puntos_intento_7.mp4,1484,12366.667,True,115.000,170.000,0.000,69.000,123.000,-0.255556,0.261111,-0.930866,72.843,77.122,105.335,3742.0
Leo_9_puntos_intento_7.mp4,1485,12375.000,True,115.000,170.000,0.000,69.000,123.000,-0.255556,0.261111,-0.930866,72.507,76.811,108.898,3708.5
Leo_9_puntos_intento_7.mp4,1486,12383.333,True,115.000,170.000,0.000,69.000,123.000,-0.255556,0.261111,-0.930866,73.195,77.452,100.144,3711.0
Leo_9_puntos_intento_7.mp4,1487,12391.667,True,115.000,170.000,0.000,69.000,123.000,-0.255556,0.261111,-0.930866,73.640,76.191,101.442,3678.5
Leo_9_puntos_intento_7.mp4,1488,12400.000,True,115.000,170.000,0.000,69.000,124.000,-0.255556,0.255556,-0.932407,73.829,77.322,86.558,3718.5
Leo_9_puntos_intento_7.mp4,1489,12408.333,True,115.000,170.000,0.000,72.000,121.000,-0.238889,0.272222,-0.932109,60.428,81.862,117.629,3327.0
Leo_9_puntos_intento_7.mp4,1490,12416.667,True,115.000,170.000,0.000,69.000,123.000,-0.255556,0.261111,-0.930866,73.242,76.448,90.878,3649.0
Leo_9_puntos_intento_7.mp4,1491,12425.000,True,115.000,170.000,0.000,69.000,123.000,-0.255556,0.261111,-0.930866,72.876,76.552,105.683,3680.0
Leo_9_puntos_intento_7.mp4,1492,12433.333,True,115.000,170.000,0.000,69.000,122.000,-0.255556,0.266667,-0.929290,71.877,76.430,108.574,3683.5
Leo_9_puntos_intento_7.mp4,1493,12441.667,True,115.000,170.000,0.000,69.000,123.000,-0.255556,0.261111,-0.930866,72.866,76.632,106.268,3690.5
Leo_9_puntos_intento_7.mp4,1494,12450.000,True,115.000,170.000,0.000,69.000,123.000,-0.255556,0.261111,-0.930866,73.231,76.266,110.654,3676.5
Leo_9_puntos_intento_7.mp4,1495,12458.333,True,115.000,170.000,0.000,69.000,123.000,-0.255556,0.261111,-0.930866,74.982,75.999,135.574,3692.0
Leo_9_puntos_intento_7.mp4,1496,12466.667,True,115.000,170.000,0.000,69.000,123.000,-0.255556,0.261111,-0.930866,74.387,76.473,97.773,3742.5
Leo_9_puntos_intento_7.mp4,1497,12475.000,True,115.000,170.000,0.000,69.000,124.000,-0.255556,0.255556,-0.932407,74.883,76.781,130.873,3718.0
Leo_9_puntos_intento_7.mp4,1498,12483.333,True,115.000,170.000,0.000,71.000,120.000,-0.244444,0.277778,-0.929024,62.819,81.827,116.524,3560.5
Leo_9_puntos_intento_7.mp4,1499,12491.667,True,115.000,170.000,0.000,69.000,123.000,-0.255556,0.261111,-0.930866,73.237,76.339,131.687,3651.0
Leo_9_puntos_intento_7.mp4,1500,12500.000,True,115.000,170.000,0.000,69.000,123.000,-0.255556,0.261111,-0.930866,75.000,76.543,120.354,3762.0
Leo_9_puntos_intento_7.mp4,1501,12508.333,True,115.000,170.000,0.000,70.000,123.000,-0.250000,0.261111,-0.932374,73.357,76.633,118.054,3674.5
Leo_9_puntos_intento_7.mp4,1502,12516.667,True,115.000,170.000,0.000,69.000,124.000,-0.255556,0.255556,-0.932407,76.088,76.840,90.821,3785.5
Leo_9_puntos_intento_7.mp4,1503,12525.000,True,115.000,170.000,0.000,69.000,123.000,-0.255556,0.261111,-0.930866,74.813,76.224,96.263,3719.0
Leo_9_puntos_intento_7.mp4,1504,12533.333,True,115.000,170.000,0.000,70.000,123.000,-0.250000,0.261111,-0.932374,74.638,76.523,131.390,3739.5
Leo_9_puntos_intento_7.mp4,1505,12541.667,True,115.000,170.000,0.000,70.000,123.000,-0.250000,0.261111,-0.932374,73.954,76.862,128.623,3715.5
Leo_9_puntos_intento_7.mp4,1506,12550.000,True,115.000,170.000,0.000,70.000,123.000,-0.250000,0.261111,-0.932374,72.538,75.989,167.012,3497.0
Leo_9_puntos_intento_7.mp4,1507,12558.333,True,115.000,170.000,0.000,73.000,120.000,-0.233333,0.277778,-0.931877,57.949,82.916,118.718,3309.5
Leo_9_puntos_intento_7.mp4,1508,12566.667,True,115.000,170.000,0.000,73.000,120.000,-0.233333,0.277778,-0.931877,59.213,81.251,119.662,3322.0
Leo_9_puntos_intento_7.mp4,1509,12575.000,True,115.000,170.000,0.000,73.000,120.000,-0.233333,0.277778,-0.931877,58.428,82.223,119.750,3281.0
Leo_9_puntos_intento_7.mp4,1510,12583.333,True,115.000,170.000,0.000,73.000,120.000,-0.233333,0.277778,-0.931877,59.331,81.942,119.730,3326.5
Leo_9_puntos_intento_7.mp4,1511,12591.667,True,115.000,170.000,0.000,72.000,120.000,-0.238889,0.277778,-0.930468,59.570,80.336,120.834,3306.0
Leo_9_puntos_intento_7.mp4,1512,12600.000,True,115.000,170.000,0.000,72.000,119.000,-0.238889,0.283333,-0.928792,59.459,80.817,118.526,3381.5
Leo_9_puntos_intento_7.mp4,1513,12608.333,True,115.000,170.000,0.000,73.000,120.000,-0.233333,0.277778,-0.931877,58.328,80.090,118.656,3267.0
Leo_9_puntos_intento_7.mp4,1514,12616.667,True,115.000,170.000,0.000,73.000,119.000,-0.233333,0.283333,-0.930203,57.648,80.681,118.384,3298.0
Leo_9_puntos_intento_7.mp4,1515,12625.000,True,115.000,170.000,0.000,72.000,120.000,-0.238889,0.277778,-0.930468,59.447,79.057,118.955,3295.5
Leo_9_puntos_intento_7.mp4,1516,12633.333,True,115.000,170.000,0.000,72.000,120.000,-0.238889,0.277778,-0.930468,60.039,79.599,117.550,3331.0
Leo_9_puntos_intento_7.mp4,1517,12641.667,True,115.000,170.000,0.000,73.000,119.000,-0.233333,0.283333,-0.930203,56.880,81.369,119.410,3297.5
Leo_9_puntos_intento_7.mp4,1518,12650.000,True,115.000,170.000,0.000,72.000,119.000,-0.238889,0.283333,-0.928792,57.709,80.920,119.124,3314.0
Leo_9_puntos_intento_7.mp4,1519,12658.333,True,115.000,170.000,0.000,73.000,120.000,-0.233333,0.277778,-0.931877,59.776,80.372,122.227,3356.0
Leo_9_puntos_intento_7.mp4,1520,12666.667,True,115.000,170.000,0.000,72.000,119.000,-0.238889,0.283333,-0.928792,59.613,80.543,118.667,3384.5
Leo_9_puntos_intento_7.mp4,1521,12675.000,True,115.000,170.000,0.000,72.000,119.000,-0.238889,0.283333,-0.928792,58.580,81.529,120.703,3334.5
Leo_9_puntos_intento_7.mp4,1522,12683.333,True,115.000,170.000,0.000,72.000,119.000,-0.238889,0.283333,-0.928792,59.267,80.834,119.839,3370.0
Leo_9_puntos_intento_7.mp4,1523,12691.667,True,115.000,170.000,0.000,73.000,119.000,-0.233333,0.283333,-0.930203,57.951,81.268,121.327,3323.0
Leo_9_puntos_intento_7.mp4,1524,12700.000,True,115.000,170.000,0.000,72.000,120.000,-0.238889,0.277778,-0.930468,60.002,82.038,123.853,3351.0
Leo_9_puntos_intento_7.mp4,1525,12708.333,True,115.000,170.000,0.000,73.000,119.000,-0.233333,0.283333,-0.930203,56.258,84.176,120.760,3260.0
Leo_9_puntos_intento_7.mp4,1526,12716.667,True,115.000,170.000,0.000,72.000,119.000,-0.238889,0.283333,-0.928792,58.251,81.469,120.287,3300.0
Leo_9_puntos_intento_7.mp4,1527,12725.000,True,115.000,170.000,0.000,72.000,119.000,-0.238889,0.283333,-0.928792,59.113,81.825,119.499,3345.5
Leo_9_puntos_intento_7.mp4,1528,12733.333,True,115.000,170.000,0.000,73.000,119.000,-0.233333,0.283333,-0.930203,57.767,83.548,117.263,3324.0
Leo_9_puntos_intento_7.mp4,1529,12741.667,True,115.000,170.000,0.000,82.000,119.000,-0.183333,0.283333,-0.941335,57.723,84.619,124.289,3369.5
Leo_9_puntos_intento_7.mp4,1530,12750.000,False,115.000,170.000,0.000,95.000,119.000,-0.111111,0.283333,-0.952563,60.258,86.119,132.103,3604.5
Leo_9_puntos_intento_7.mp4,1531,12758.333,False,115.000,170.000,0.000,106.000,120.000,-0.050000,0.277778,-0.959343,61.674,81.933,138.008,3665.0
Leo_9_puntos_intento_7.mp4,1532,12766.667,False,115.000,170.000,0.000,120.000,129.000,0.027778,0.227778,-0.973317,58.121,70.677,74.784,2665.0
Leo_9_puntos_intento_7.mp4,1533,12775.000,False,115.000,170.000,,,,,,,,,,
Leo_9_puntos_intento_7.mp4,1534,12783.333,False,115.000,170.000,,,,,,,,,,
Leo_9_puntos_intento_7.mp4,1535,12791.667,False,115.000,170.000,,,,,,,,,,
Leo_9_puntos_intento_7.mp4,1536,12800.000,False,115.000,170.000,,,,,,,,,,
Leo_9_puntos_intento_7.mp4,1537,12808.333,False,115.000,170.000,,,,,,,,,,
Leo_9_puntos_intento_7.mp4,1538,12816.667,False,115.000,170.000,,,,,,,,,,
Leo_9_puntos_intento_7.mp4,1539,12825.000,False,115.000,170.000,,,,,,,,,,
Leo_9_puntos_intento_7.mp4,1540,12833.333,False,115.000,170.000,,,,,,,,,,
Leo_9_puntos_intento_7.mp4,1541,12841.667,False,115.000,170.000,,,,,,,,,,
Leo_9_puntos_intento_7.mp4,1542,12850.000,False,115.000,170.000,,,,,,,,,,
Leo_9_puntos_intento_7.mp4,1543,12858.333,False,115.000,170.000,,,,,,,,,,
Leo_9_puntos_intento_7.mp4,1544,12866.667,False,115.000,170.000,,,,,,,,,,
Leo_9_puntos_intento_7.mp4,1545,12875.000,False,115.000,170.000,,,,,,,,,,
Leo_9_puntos_intento_7.mp4,1546,12883.333,False,115.000,170.000,,,,,,,,,,
Leo_9_puntos_intento_7.mp4,1547,12891.667,False,115.000,170.000,0.000,161.000,131.000,0.255556,0.216667,-0.942203,66.390,78.162,154.517,3930.0
Leo_9_puntos_intento_7.mp4,1548,12900.000,False,115.000,170.000,0.000,160.000,131.000,0.250000,0.216667,-0.943693,66.861,84.532,159.977,4276.0
Leo_9_puntos_intento_7.mp4,1549,12908.333,False,115.000,170.000,0.000,160.000,130.000,0.250000,0.222222,-0.942400,66.693,86.802,160.227,4232.5
Leo_9_puntos_intento_7.mp4,1550,12916.667,True,115.000,170.000,0.000,162.000,133.000,0.261111,0.205556,-0.943169,67.639,80.721,159.362,4126.5
Leo_9_puntos_intento_7.mp4,1551,12925.000,True,115.000,170.000,0.000,162.000,133.000,0.261111,0.205556,-0.943169,67.546,80.028,159.305,4132.0
Leo_9_puntos_intento_7.mp4,1552,12933.333,True,115.000,170.000,0.000,162.000,133.000,0.261111,0.205556,-0.943169,68.511,79.318,156.702,4146.0
Leo_9_puntos_intento_7.mp4,1553,12941.667,True,115.000,170.000,0.000,162.000,133.000,0.261111,0.205556,-0.943169,67.223,79.926,158.953,4109.5
Leo_9_puntos_intento_7.mp4,1554,12950.000,True,115.000,170.000,0.000,162.000,133.000,0.261111,0.205556,-0.943169,67.711,80.319,158.247,4157.0
Leo_9_puntos_intento_7.mp4,1555,12958.333,True,115.000,170.000,0.000,162.000,133.000,0.261111,0.205556,-0.943169,67.952,79.495,156.545,4150.0
Leo_9_puntos_intento_7.mp4,1556,12966.667,True,115.000,170.000,0.000,162.000,133.000,0.261111,0.205556,-0.943169,67.422,80.866,158.736,4173.5
Leo_9_puntos_intento_7.mp4,1557,12975.000,True,115.000,170.000,0.000,162.000,133.000,0.261111,0.205556,-0.943169,68.012,81.607,160.672,4225.5
Leo_9_puntos_intento_7.mp4,1558,12983.333,True,115.000,170.000,0.000,162.000,134.000,0.261111,0.200000,-0.944363,68.332,82.040,158.146,4253.5
Leo_9_puntos_intento_7.mp4,1559,12991.667,True,115.000,170.000,0.000,162.000,134.000,0.261111,0.200000,-0.944363,68.193,81.331,159.719,4202.5
Leo_9_puntos_intento_7.mp4,1560,13000.000,True,115.000,170.000,0.000,162.000,134.000,0.261111,0.200000,-0.944363,67.936,81.663,158.384,4225.0
Leo_9_puntos_intento_7.mp4,1561,13008.333,True,115.000,170.000,0.000,162.000,134.000,0.261111,0.200000,-0.944363,68.418,81.255,161.025,4191.5
Leo_9_puntos_intento_7.mp4,1562,13016.667,True,115.000,170.000,0.000,162.000,134.000,0.261111,0.200000,-0.944363,68.016,81.545,160.902,4194.5
Leo_9_puntos_intento_7.mp4,1563,13025.000,True,115.000,170.000,0.000,162.000,134.000,0.261111,0.200000,-0.944363,69.356,80.872,159.355,4248.5
Leo_9_puntos_intento_7.mp4,1564,13033.333,True,115.000,170.000,0.000,162.000,134.000,0.261111,0.200000,-0.944363,68.264,83.461,160.985,4289.0
Leo_9_puntos_intento_7.mp4,1565,13041.667,True,115.000,170.000,0.000,162.000,134.000,0.261111,0.200000,-0.944363,68.129,81.832,158.482,4242.0
Leo_9_puntos_intento_7.mp4,1566,13050.000,True,115.000,170.000,0.000,163.000,135.000,0.266667,0.194444,-0.943970,69.635,83.910,158.388,4428.0
Leo_9_puntos_intento_7.mp4,1567,13058.333,True,115.000,170.000,0.000,165.000,135.000,0.277778,0.194444,-0.940761,70.070,83.479,156.979,4429.5
Leo_9_puntos_intento_7.mp4,1568,13066.667,True,115.000,170.000,0.000,165.000,135.000,0.277778,0.194444,-0.940761,69.152,83.458,157.619,4406.0
Leo_9_puntos_intento_7.mp4,1569,13075.000,True,115.000,170.000,0.000,164.000,135.000,0.272222,0.194444,-0.942383,70.746,83.976,159.845,4503.0
Leo_9_puntos_intento_7.mp4,1570,13083.333,True,115.000,170.000,0.000,164.000,135.000,0.272222,0.194444,-0.942383,69.869,84.108,158.126,4510.5
Leo_9_puntos_intento_7.mp4,1571,13091.667,True,115.000,170.000,0.000,164.000,135.000,0.272222,0.194444,-0.942383,69.401,83.807,160.751,4422.0
Leo_9_puntos_intento_7.mp4,1572,13100.000,True,115.000,170.000,0.000,164.000,135.000,0.272222,0.194444,-0.942383,70.368,84.182,160.148,4530.0
Leo_9_puntos_intento_7.mp4,1573,13108.333,True,115.000,170.000,0.000,164.000,136.000,0.272222,0.188889,-0.943513,70.548,84.762,161.594,4522.5
Leo_9_puntos_intento_7.mp4,1574,13116.667,True,115.000,170.000,0.000,164.000,136.000,0.272222,0.188889,-0.943513,70.864,84.792,161.600,4542.0
Leo_9_puntos_intento_7.mp4,1575,13125.000,True,115.000,170.000,0.000,165.000,136.000,0.277778,0.188889,-0.941892,69.124,84.657,160.456,4479.5
Leo_9_puntos_intento_7.mp4,1576,13133.333,True,115.000,170.000,0.000,165.000,135.000,0.277778,0.194444,-0.940761,70.088,85.714,161.036,4560.5
Leo_9_puntos_intento_7.mp4,1577,13141.667,True,115.000,170.000,0.000,164.000,135.000,0.272222,0.194444,-0.942383,70.259,84.042,159.526,4507.5
Leo_9_puntos_intento_7.mp4,1578,13150.000,True,115.000,170.000,0.000,164.000,135.000,0.272222,0.194444,-0.942383,70.902,84.220,157.941,4578.0
Leo_9_puntos_intento_7.mp4,1579,13158.333,True,115.000,170.000,0.000,165.000,135.000,0.277778,0.194444,-0.940761,69.883,84.457,158.553,4548.5
Leo_9_puntos_intento_7.mp4,1580,13166.667,True,115.000,170.000,0.000,165.000,135.000,0.277778,0.194444,-0.940761,69.820,84.503,158.180,4525.0
Leo_9_puntos_intento_7.mp4,1581,13175.000,True,115.000,170.000,0.000,164.000,136.000,0.272222,0.188889,-0.943513,72.054,85.570,160.396,4686.0
Leo_9_puntos_intento_7.mp4,1582,13183.333,True,115.000,170.000,0.000,164.000,136.000,0.272222,0.188889,-0.943513,72.104,85.933,161.280,4732.0
Leo_9_puntos_intento_7.mp4,1583,13191.667,True,115.000,170.000,0.000,165.000,136.000,0.277778,0.188889,-0.941892,71.630,86.212,158.288,4680.0
Leo_9_puntos_intento_7.mp4,1584,13200.000,True,115.000,170.000,0.000,164.000,136.000,0.272222,0.188889,-0.943513,71.611,85.848,160.056,4683.0
Leo_9_puntos_intento_7.mp4,1585,13208.333,True,115.000,170.000,0.000,165.000,135.000,0.277778,0.194444,-0.940761,71.031,85.852,161.631,4648.5
Leo_9_puntos_intento_7.mp4,1586,13216.667,True,115.000,170.000,0.000,165.000,135.000,0.277778,0.194444,-0.940761,71.452,85.320,158.668,4662.0
Leo_9_puntos_intento_7.mp4,1587,13225.000,True,115.000,170.000,0.000,165.000,136.000,0.277778,0.188889,-0.941892,71.174,85.298,161.101,4624.0
Leo_9_puntos_intento_7.mp4,1588,13233.333,True,115.000,170.000,0.000,165.000,136.000,0.277778,0.188889,-0.941892,70.301,85.846,161.666,4633.5
Leo_9_puntos_intento_7.mp4,1589,13241.667,True,115.000,170.000,0.000,164.000,136.000,0.272222,0.188889,-0.943513,71.458,84.847,161.640,4589.5
Leo_9_puntos_intento_7.mp4,1590,13250.000,True,115.000,170.000,0.000,165.000,135.000,0.277778,0.194444,-0.940761,70.715,84.802,160.290,4583.0
Leo_9_puntos_intento_7.mp4,1591,13258.333,True,115.000,170.000,0.000,165.000,135.000,0.277778,0.194444,-0.940761,71.328,84.586,160.977,4618.5
Leo_9_puntos_intento_7.mp4,1592,13266.667,True,115.000,170.000,0.000,165.000,135.000,0.277778,0.194444,-0.940761,70.278,85.106,160.993,4576.5
Leo_9_puntos_intento_7.mp4,1593,13275.000,True,115.000,170.000,0.000,165.000,135.000,0.277778,0.194444,-0.940761,70.591,84.607,159.295,4575.0
Leo_9_puntos_intento_7.mp4,1594,13283.333,True,115.000,170.000,0.000,164.000,135.000,0.272222,0.194444,-0.942383,72.194,83.898,160.261,4605.5
Leo_9_puntos_intento_7.mp4,1595,13291.667,True,115.000,170.000,0.000,164.000,136.000,0.272222,0.188889,-0.943513,72.292,84.212,158.102,4603.5
Leo_9_puntos_intento_7.mp4,1596,13300.000,True,115.000,170.000,0.000,165.000,135.000,0.277778,0.194444,-0.940761,70.489,84.548,161.122,4581.5
Leo_9_puntos_intento_7.mp4,1597,13308.333,True,115.000,170.000,0.000,165.000,136.000,0.277778,0.188889,-0.941892,69.463,84.681,159.290,4512.5
Leo_9_puntos_intento_7.mp4,1598,13316.667,True,115.000,170.000,0.000,165.000,135.000,0.277778,0.194444,-0.940761,70.292,84.124,157.967,4537.0
Leo_9_puntos_intento_7.mp4,1599,13325.000,True,115.000,170.000,0.000,165.000,135.000,0.277778,0.194444,-0.940761,70.059,83.398,156.890,4507.5
Leo_9_puntos_intento_7.mp4,1600,13333.333,True,115.000,170.000,0.000,164.000,136.000,0.272222,0.188889,-0.943513,71.049,83.226,159.547,4487.5
Leo_9_puntos_intento_7.mp4,1601,13341.667,True,115.000,170.000,0.000,164.000,135.000,0.272222,0.194444,-0.942383,70.572,82.617,157.494,4472.0
Leo_9_puntos_intento_7.mp4,1602,13350.000,True,115.000,170.000,0.000,164.000,135.000,0.272222,0.194444,-0.942383,70.275,83.728,157.745,4493.0
Leo_9_puntos_intento_7.mp4,1603,13358.333,True,115.000,170.000,0.000,164.000,135.000,0.272222,0.194444,-0.942383,71.188,83.425,157.359,4510.5
Leo_9_puntos_intento_7.mp4,1604,13366.667,True,115.000,170.000,0.000,164.000,135.000,0.272222,0.194444,-0.942383,71.128,83.002,159.642,4474.5
Leo_9_puntos_intento_7.mp4,1605,13375.000,True,115.000,170.000,0.000,165.000,135.000,0.277778,0.194444,-0.940761,69.256,83.540,158.688,4461.5
Leo_9_puntos_intento_7.mp4,1606,13383.333,True,115.000,170.000,0.000,164.000,135.000,0.272222,0.194444,-0.942383,69.993,83.090,160.140,4462.0
Leo_9_puntos_intento_7.mp4,1607,13391.667,True,115.000,170.000,0.000,165.000,135.000,0.277778,0.194444,-0.940761,69.725,83.041,158.237,4444.0
Leo_9_puntos_intento_7.mp4,1608,13400.000,True,115.000,170.000,0.000,165.000,135.000,0.277778,0.194444,-0.940761,68.780,83.848,158.726,4425.5
Leo_9_puntos_intento_7.mp4,1609,13408.333,True,115.000,170.000,0.000,165.000,135.000,0.277778,0.194444,-0.940761,68.709,82.841,159.221,4415.5
Leo_9_puntos_intento_7.mp4,1610,13416.667,True,115.000,170.000,0.000,165.000,136.000,0.277778,0.188889,-0.941892,69.956,82.376,158.062,4406.5
Leo_9_puntos_intento_7.mp4,1611,13425.000,True,115.000,170.000,0.000,165.000,135.000,0.277778,0.194444,-0.940761,69.853,82.429,160.065,4419.5
Leo_9_puntos_intento_7.mp4,1612,13433.333,True,115.000,170.000,0.000,165.000,135.000,0.277778,0.194444,-0.940761,70.220,82.242,159.679,4409.5
Leo_9_puntos_intento_7.mp4,1613,13441.667,True,115.000,170.000,0.000,165.000,136.000,0.277778,0.188889,-0.941892,69.477,82.393,161.560,4398.0
Leo_9_puntos_intento_7.mp4,1614,13450.000,True,115.000,170.000,0.000,165.000,135.000,0.277778,0.194444,-0.940761,69.659,82.288,157.513,4401.0
Leo_9_puntos_intento_7.mp4,1615,13458.333,True,115.000,170.000,0.000,165.000,135.000,0.277778,0.194444,-0.940761,69.877,82.176,159.140,4413.0
Leo_9_puntos_intento_7.mp4,1616,13466.667,True,115.000,170.000,0.000,165.000,135.000,0.277778,0.194444,-0.940761,69.182,82.548,159.852,4406.0
Leo_9_puntos_intento_7.mp4,1617,13475.000,True,115.000,170.000,0.000,165.000,135.000,0.277778,0.194444,-0.940761,68.877,83.202,159.595,4409.0
Leo_9_puntos_intento_7.mp4,1618,13483.333,True,115.000,170.000,0.000,165.000,135.000,0.277778,0.194444,-0.940761,68.249,83.038,160.208,4391.0
Leo_9_puntos_intento_7.mp4,1619,13491.667,True,115.000,170.000,0.000,165.000,135.000,0.277778,0.194444,-0.940761,69.904,82.332,159.559,4396.5
Leo_9_puntos_intento_7.mp4,1620,13500.000,True,115.000,170.000,0.000,165.000,135.000,0.277778,0.194444,-0.940761,69.227,82.433,159.583,4402.0
Leo_9_puntos_intento_7.mp4,1621,13508.333,True,115.000,170.000,0.000,165.000,135.000,0.277778,0.194444,-0.940761,69.868,81.726,156.229,4369.0
Leo_9_puntos_intento_7.mp4,1622,13516.667,True,115.000,170.000,0.000,165.000,136.000,0.277778,0.188889,-0.941892,70.749,82.402,160.455,4395.0
Leo_9_puntos_intento_7.mp4,1623,13525.000,True,115.000,170.000,0.000,165.000,135.000,0.277778,0.194444,-0.940761,69.306,82.237,159.537,4354.0
Leo_9_puntos_intento_7.mp4,1624,13533.333,True,115.000,170.000,0.000,165.000,135.000,0.277778,0.194444,-0.940761,69.097,83.246,159.332,4411.0
Leo_9_puntos_intento_7.mp4,1625,13541.667,True,115.000,170.000,0.000,165.000,135.000,0.277778,0.194444,-0.940761,69.190,83.046,159.081,4398.5
Leo_9_puntos_intento_7.mp4,1626,13550.000,True,115.000,170.000,0.000,165.000,135.000,0.277778,0.194444,-0.940761,68.991,82.764,158.691,4388.0
Leo_9_puntos_intento_7.mp4,1627,13558.333,True,115.000,170.000,0.000,165.000,135.000,0.277778,0.194444,-0.940761,69.385,81.900,158.125,4375.5
Leo_9_puntos_intento_7.mp4,1628,13566.667,True,115.000,170.000,0.000,165.000,135.000,0.277778,0.194444,-0.940761,69.423,82.453,159.125,4407.0
Leo_9_puntos_intento_7.mp4,1629,13575.000,True,115.000,170.000,0.000,165.000,135.000,0.277778,0.194444,-0.940761,69.029,82.186,158.494,4374.5
Leo_9_puntos_intento_7.mp4,1630,13583.333,True,115.000,170.000,0.000,165.000,136.000,0.277778,0.188889,-0.941892,69.572,82.498,158.118,4436.0
Leo_9_puntos_intento_7.mp4,1631,13591.667,True,115.000,170.000,0.000,165.000,135.000,0.277778,0.194444,-0.940761,69.184,82.736,157.907,4419.5
Leo_9_puntos_intento_7.mp4,1632,13600.000,True,115.000,170.000,0.000,165.000,136.000,0.277778,0.188889,-0.941892,68.838,82.698,158.555,4382.5
Leo_9_puntos_intento_7.mp4,1633,13608.333,True,115.000,170.000,0.000,165.000,136.000,0.277778,0.188889,-0.941892,69.993,81.680,158.472,4362.5
Leo_9_puntos_intento_7.mp4,1634,13616.667,True,115.000,170.000,0.000,165.000,136.000,0.277778,0.188889,-0.941892,69.953,82.518,158.496,4379.0
Leo_9_puntos_intento_7.mp4,1635,13625.000,True,115.000,170.000,0.000,165.000,136.000,0.277778,0.188889,-0.941892,70.001,82.075,159.318,4360.0
Leo_9_puntos_intento_7.mp4,1636,13633.333,True,115.000,170.000,0.000,165.000,136.000,0.277778,0.188889,-0.941892,69.724,82.276,159.515,4362.5
Leo_9_puntos_intento_7.mp4,1637,13641.667,True,115.000,170.000,0.000,165.000,136.000,0.277778,0.188889,-0.941892,69.776,82.399,159.049,4399.5
Leo_9_puntos_intento_7.mp4,1638,13650.000,True,115.000,170.000,0.000,165.000,136.000,0.277778,0.188889,-0.941892,70.281,81.758,160.303,4379.0
Leo_9_puntos_intento_7.mp4,1639,13658.333,True,115.000,170.000,0.000,165.000,136.000,0.277778,0.188889,-0.941892,68.716,82.165,157.871,4344.0
Leo_9_puntos_intento_7.mp4,1640,13666.667,True,115.000,170.000,0.000,165.000,136.000,0.277778,0.188889,-0.941892,69.640,81.817,157.006,4357.5
Leo_9_puntos_intento_7.mp4,1641,13675.000,True,115.000,170.000,0.000,165.000,136.000,0.277778,0.188889,-0.941892,68.569,82.750,159.019,4360.5
Leo_9_puntos_intento_7.mp4,1642,13683.333,True,115.000,170.000,0.000,165.000,136.000,0.277778,0.188889,-0.941892,69.503,82.356,158.298,4385.0
Leo_9_puntos_intento_7.mp4,1643,13691.667,True,115.000,170.000,0.000,164.000,136.000,0.272222,0.188889,-0.943513,69.552,81.637,162.672,4338.5
Leo_9_puntos_intento_7.mp4,1644,13700.000,True,115.000,170.000,0.000,165.000,136.000,0.277778,0.188889,-0.941892,69.535,81.783,160.371,4360.0
Leo_9_puntos_intento_7.mp4,1645,13708.333,True,115.000,170.000,0.000,165.000,136.000,0.277778,0.188889,-0.941892,69.488,81.683,156.571,4351.5
Leo_9_puntos_intento_7.mp4,1646,13716.667,True,115.000,170.000,0.000,165.000,136.000,0.277778,0.188889,-0.941892,69.713,81.818,157.462,4358.0
Leo_9_puntos_intento_7.mp4,1647,13725.000,True,115.000,170.000,0.000,165.000,136.000,0.277778,0.188889,-0.941892,66.662,80.571,159.846,4130.5
Leo_9_puntos_intento_7.mp4,1648,13733.333,True,115.000,170.000,0.000,164.000,136.000,0.272222,0.188889,-0.943513,68.706,80.280,161.535,4181.0
Leo_9_puntos_intento_7.mp4,1649,13741.667,True,115.000,170.000,0.000,165.000,136.000,0.277778,0.188889,-0.941892,68.034,79.711,160.037,4188.5
Leo_9_puntos_intento_7.mp4,1650,13750.000,True,115.000,170.000,0.000,164.000,136.000,0.272222,0.188889,-0.943513,68.050,80.973,161.357,4234.0
Leo_9_puntos_intento_7.mp4,1651,13758.333,True,115.000,170.000,0.000,164.000,136.000,0.272222,0.188889,-0.943513,67.660,80.873,161.125,4202.5
Leo_9_puntos_intento_7.mp4,1652,13766.667,True,115.000,170.000,0.000,165.000,136.000,0.277778,0.188889,-0.941892,67.236,81.595,160.489,4262.5
Leo_9_puntos_intento_7.mp4,1653,13775.000,True,115.000,170.000,0.000,165.000,135.000,0.277778,0.194444,-0.940761,67.222,80.564,160.985,4168.5
Leo_9_puntos_intento_7.mp4,1654,13783.333,True,115.000,170.000,0.000,164.000,135.000,0.272222,0.194444,-0.942383,68.163,80.483,160.140,4209.5
Leo_9_puntos_intento_7.mp4,1655,13791.667,True,115.000,170.000,0.000,164.000,135.000,0.272222,0.194444,-0.942383,67.240,80.808,159.564,4202.0
Leo_9_puntos_intento_7.mp4,1656,13800.000,True,115.000,170.000,0.000,164.000,135.000,0.272222,0.194444,-0.942383,68.066,80.550,159.798,4240.5
Leo_9_puntos_intento_7.mp4,1657,13808.333,True,115.000,170.000,0.000,164.000,135.000,0.272222,0.194444,-0.942383,68.816,80.744,158.860,4245.0
Leo_9_puntos_intento_7.mp4,1658,13816.667,True,115.000,170.000,0.000,165.000,135.000,0.277778,0.194444,-0.940761,68.196,81.131,158.519,4250.5
Leo_9_puntos_intento_7.mp4,1659,13825.000,True,115.000,170.000,0.000,165.000,135.000,0.277778,0.194444,-0.940761,67.098,81.376,158.579,4200.0
Leo_9_puntos_intento_7.mp4,1660,13833.333,True,115.000,170.000,0.000,165.000,135.000,0.277778,0.194444,-0.940761,67.699,81.734,158.134,4261.0
Leo_9_puntos_intento_7.mp4,1661,13841.667,True,115.000,170.000,0.000,164.000,135.000,0.272222,0.194444,-0.942383,67.907,81.093,160.071,4211.5
Leo_9_puntos_intento_7.mp4,1662,13850.000,True,115.000,170.000,0.000,164.000,135.000,0.272222,0.194444,-0.942383,68.882,80.702,160.277,4236.5
Leo_9_puntos_intento_7.mp4,1663,13858.333,True,115.000,170.000,0.000,165.000,135.000,0.277778,0.194444,-0.940761,67.938,80.485,158.590,4210.5
Leo_9_puntos_intento_7.mp4,1664,13866.667,True,115.000,170.000,0.000,165.000,135.000,0.277778,0.194444,-0.940761,66.991,81.285,158.057,4213.5
Leo_9_puntos_intento_7.mp4,1665,13875.000,True,115.000,170.000,0.000,165.000,135.000,0.277778,0.194444,-0.940761,68.162,80.472,158.184,4217.5
Leo_9_puntos_intento_7.mp4,1666,13883.333,True,115.000,170.000,0.000,164.000,135.000,0.272222,0.194444,-0.942383,68.254,80.573,158.514,4223.0
Leo_9_puntos_intento_7.mp4,1667,13891.667,True,115.000,170.000,0.000,164.000,135.000,0.272222,0.194444,-0.942383,67.606,81.668,159.843,4269.0
Leo_9_puntos_intento_7.mp4,1668,13900.000,True,115.000,170.000,0.000,163.000,135.000,0.266667,0.194444,-0.943970,67.884,81.958,158.009,4291.5
Leo_9_puntos_intento_7.mp4,1669,13908.333,True,115.000,170.000,0.000,164.000,136.000,0.272222,0.188889,-0.943513,67.826,81.579,159.646,4260.5
Leo_9_puntos_intento_7.mp4,1670,13916.667,True,115.000,170.000,0.000,164.000,136.000,0.272222,0.188889,-0.943513,67.846,81.699,156.430,4265.5
Leo_9_puntos_intento_7.mp4,1671,13925.000,True,115.000,170.000,0.000,164.000,136.000,0.272222,0.188889,-0.943513,68.395,81.327,158.436,4275.5
Leo_9_puntos_intento_7.mp4,1672,13933.333,True,115.000,170.000,0.000,164.000,136.000,0.272222,0.188889,-0.943513,68.819,81.105,156.536,4275.0
Leo_9_puntos_intento_7.mp4,1673,13941.667,True,115.000,170.000,0.000,163.000,135.000,0.266667,0.194444,-0.943970,68.257,81.009,159.364,4239.5
Leo_9_puntos_intento_7.mp4,1674,13950.000,True,115.000,170.000,0.000,164.000,136.000,0.272222,0.188889,-0.943513,68.195,81.249,158.528,4242.0
Leo_9_puntos_intento_7.mp4,1675,13958.333,True,115.000,170.000,0.000,164.000,135.000,0.272222,0.194444,-0.942383,67.858,81.315,156.614,4236.5
Leo_9_puntos_intento_7.mp4,1676,13966.667,True,115.000,170.000,0.000,164.000,136.000,0.272222,0.188889,-0.943513,68.507,81.328,157.474,4264.5
Leo_9_puntos_intento_7.mp4,1677,13975.000,True,115.000,170.000,0.000,164.000,136.000,0.272222,0.188889,-0.943513,68.380,81.351,159.002,4262.0
Leo_9_puntos_intento_7.mp4,1678,13983.333,True,115.000,170.000,0.000,164.000,136.000,0.272222,0.188889,-0.943513,67.792,82.070,158.241,4296.0
Leo_9_puntos_intento_7.mp4,1679,13991.667,True,115.000,170.000,0.000,164.000,136.000,0.272222,0.188889,-0.943513,68.052,81.036,159.345,4241.5
Leo_9_puntos_intento_7.mp4,1680,14000.000,True,115.000,170.000,0.000,164.000,135.000,0.272222,0.194444,-0.942383,68.475,81.619,158.518,4307.5
Leo_9_puntos_intento_7.mp4,1681,14008.333,True,115.000,170.000,0.000,164.000,135.000,0.272222,0.194444,-0.942383,67.757,81.630,158.520,4246.5
Leo_9_puntos_intento_7.mp4,1682,14016.667,True,115.000,170.000,0.000,164.000,135.000,0.272222,0.194444,-0.942383,68.721,81.459,156.951,4299.0
Leo_9_puntos_intento_7.mp4,1683,14025.000,True,115.000,170.000,0.000,164.000,135.000,0.272222,0.194444,-0.942383,68.178,81.278,157.789,4276.0
Leo_9_puntos_intento_7.mp4,1684,14033.333,True,115.000,170.000,0.000,164.000,135.000,0.272222,0.194444,-0.942383,68.686,81.265,159.394,4279.0
Leo_9_puntos_intento_7.mp4,1685,14041.667,True,115.000,170.000,0.000,164.000,135.000,0.272222,0.194444,-0.942383,67.269,82.236,159.241,4253.0
Leo_9_puntos_intento_7.mp4,1686,14050.000,True,115.000,170.000,0.000,164.000,135.000,0.272222,0.194444,-0.942383,67.869,81.517,158.877,4278.0
Leo_9_puntos_intento_7.mp4,1687,14058.333,True,115.000,170.000,0.000,164.000,135.000,0.272222,0.194444,-0.942383,68.214,81.767,159.394,4282.0
Leo_9_puntos_intento_7.mp4,1688,14066.667,True,115.000,170.000,0.000,163.000,136.000,0.266667,0.188889,-0.945098,68.694,81.517,159.145,4279.5
Leo_9_puntos_intento_7.mp4,1689,14075.000,True,115.000,170.000,0.000,164.000,136.000,0.272222,0.188889,-0.943513,67.986,81.517,160.010,4259.0
Leo_9_puntos_intento_7.mp4,1690,14083.333,True,115.000,170.000,0.000,164.000,136.000,0.272222,0.188889,-0.943513,68.300,81.766,158.846,4284.5
Leo_9_puntos_intento_7.mp4,1691,14091.667,True,115.000,170.000,0.000,164.000,136.000,0.272222,0.188889,-0.943513,68.290,81.394,160.203,4252.5
Leo_9_puntos_intento_7.mp4,1692,14100.000,True,115.000,170.000,0.000,164.000,136.000,0.272222,0.188889,-0.943513,68.501,81.822,157.887,4287.0
Leo_9_puntos_intento_7.mp4,1693,14108.333,True,115.000,170.000,0.000,163.000,136.000,0.266667,0.188889,-0.945098,68.489,81.320,160.072,4245.0
Leo_9_puntos_intento_7.mp4,1694,14116.667,True,115.000,170.000,0.000,164.000,136.000,0.272222,0.188889,-0.943513,68.393,81.491,158.775,4254.5
Leo_9_puntos_intento_7.mp4,1695,14125.000,True,115.000,170.000,0.000,164.000,136.000,0.272222,0.188889,-0.943513,67.684,81.106,159.752,4209.5
Leo_9_puntos_intento_7.mp4,1696,14133.333,True,115.000,170.000,0.000,164.000,136.000,0.272222,0.188889,-0.943513,68.892,81.255,158.263,4258.0
Leo_9_puntos_intento_7.mp4,1697,14141.667,True,115.000,170.000,0.000,164.000,136.000,0.272222,0.188889,-0.943513,67.890,81.817,161.154,4271.5
Leo_9_puntos_intento_7.mp4,1698,14150.000,True,115.000,170.000,0.000,164.000,136.000,0.272222,0.188889,-0.943513,68.558,81.500,161.948,4284.0
Leo_9_puntos_intento_7.mp4,1699,14158.333,True,115.000,170.000,0.000,164.000,136.000,0.272222,0.188889,-0.943513,67.666,81.284,159.423,4247.0
Leo_9_puntos_intento_7.mp4,1700,14166.667,True,115.000,170.000,0.000,164.000,136.000,0.272222,0.188889,-0.943513,68.720,81.693,161.790,4284.5
Leo_9_puntos_intento_7.mp4,1701,14175.000,True,115.000,170.000,0.000,164.000,136.000,0.272222,0.188889,-0.943513,68.330,81.225,159.450,4261.5
Leo_9_puntos_intento_7.mp4,1702,14183.333,True,115.000,170.000,0.000,164.000,136.000,0.272222,0.188889,-0.943513,67.790,81.615,157.421,4262.5
Leo_9_puntos_intento_7.mp4,1703,14191.667,True,115.000,170.000,0.000,164.000,136.000,0.272222,0.188889,-0.943513,68.616,81.110,160.198,4261.5
Leo_9_puntos_intento_7.mp4,1704,14200.000,True,115.000,170.000,0.000,164.000,136.000,0.272222,0.188889,-0.943513,68.516,81.374,158.782,4272.0
Leo_9_puntos_intento_7.mp4,1705,14208.333,True,115.000,170.000,0.000,164.000,136.000,0.272222,0.188889,-0.943513,68.226,80.467,157.936,4219.0
Leo_9_puntos_intento_7.mp4,1706,14216.667,True,115.000,170.000,0.000,164.000,136.000,0.272222,0.188889,-0.943513,68.299,80.630,156.915,4239.5
Leo_9_puntos_intento_7.mp4,1707,14225.000,True,115.000,170.000,0.000,164.000,136.000,0.272222,0.188889,-0.943513,69.374,80.447,158.919,4263.0
Leo_9_puntos_intento_7.mp4,1708,14233.333,True,115.000,170.000,0.000,164.000,136.000,0.272222,0.188889,-0.943513,67.957,81.222,157.195,4251.5
Leo_9_puntos_intento_7.mp4,1709,14241.667,True,115.000,170.000,0.000,164.000,136.000,0.272222,0.188889,-0.943513,68.096,80.432,158.078,4206.5
Leo_9_puntos_intento_7.mp4,1710,14250.000,True,115.000,170.000,0.000,164.000,136.000,0.272222,0.188889,-0.943513,67.430,82.115,160.390,4258.5
Leo_9_puntos_intento_7.mp4,1711,14258.333,True,115.000,170.000,0.000,164.000,136.000,0.272222,0.188889,-0.943513,67.672,81.039,158.268,4217.5
Leo_9_puntos_intento_7.mp4,1712,14266.667,True,115.000,170.000,0.000,164.000,136.000,0.272222,0.188889,-0.943513,67.851,80.874,158.818,4245.0
Leo_9_puntos_intento_7.mp4,1713,14275.000,True,115.000,170.000,0.000,163.000,136.000,0.266667,0.188889,-0.945098,68.741,80.730,158.481,4255.0
Leo_9_puntos_intento_7.mp4,1714,14283.333,True,115.000,170.000,0.000,164.000,136.000,0.272222,0.188889,-0.943513,67.804,81.376,157.133,4263.0
Leo_9_puntos_intento_7.mp4,1715,14291.667,True,115.000,170.000,0.000,164.000,136.000,0.272222,0.188889,-0.943513,69.020,80.903,158.712,4270.0
Leo_9_puntos_intento_7.mp4,1716,14300.000,True,115.000,170.000,0.000,163.000,136.000,0.266667,0.188889,-0.945098,69.339,80.764,159.315,4264.5
Leo_9_puntos_intento_7.mp4,1717,14308.333,True,115.000,170.000,0.000,164.000,136.000,0.272222,0.188889,-0.943513,67.357,81.359,158.791,4227.0
Leo_9_puntos_intento_7.mp4,1718,14316.667,True,115.000,170.000,0.000,164.000,136.000,0.272222,0.188889,-0.943513,68.182,81.465,158.173,4260.0
Leo_9_puntos_intento_7.mp4,1719,14325.000,True,115.000,170.000,0.000,164.000,136.000,0.272222,0.188889,-0.943513,67.879,81.267,158.855,4264.0
Leo_9_puntos_intento_7.mp4,1720,14333.333,True,115.000,170.000,0.000,164.000,135.000,0.272222,0.194444,-0.942383,68.488,81.626,158.166,4286.0
Leo_9_puntos_intento_7.mp4,1721,14341.667,True,115.000,170.000,0.000,164.000,136.000,0.272222,0.188889,-0.943513,68.582,80.248,159.374,4211.5
Leo_9_puntos_intento_7.mp4,1722,14350.000,True,115.000,170.000,0.000,164.000,136.000,0.272222,0.188889,-0.943513,68.443,80.964,158.689,4251.0
Leo_9_puntos_intento_7.mp4,1723,14358.333,True,115.000,170.000,0.000,164.000,136.000,0.272222,0.188889,-0.943513,68.419,81.164,158.792,4233.5
Leo_9_puntos_intento_7.mp4,1724,14366.667,True,115.000,170.000,0.000,164.000,136.000,0.272222,0.188889,-0.943513,68.911,80.746,157.776,4268.5
Leo_9_puntos_intento_7.mp4,1725,14375.000,True,115.000,170.000,0.000,164.000,135.000,0.272222,0.194444,-0.942383,67.648,81.587,159.643,4232.5
Leo_9_puntos_intento_7.mp4,1726,14383.333,True,115.000,170.000,0.000,164.000,136.000,0.272222,0.188889,-0.943513,68.131,81.568,159.086,4278.5
Leo_9_puntos_intento_7.mp4,1727,14391.667,True,115.000,170.000,0.000,164.000,136.000,0.272222,0.188889,-0.943513,67.919,81.458,159.197,4250.0
Leo_9_puntos_intento_7.mp4,1728,14400.000,True,115.000,170.000,0.000,164.000,136.000,0.272222,0.188889,-0.943513,67.779,81.122,159.061,4246.0
Leo_9_puntos_intento_7.mp4,1729,14408.333,True,115.000,170.000,0.000,164.000,136.000,0.272222,0.188889,-0.943513,67.572,81.458,159.436,4253.5
Leo_9_puntos_intento_7.mp4,1730,14416.667,True,115.000,170.000,0.000,164.000,136.000,0.272222,0.188889,-0.943513,68.623,81.730,158.645,4273.0
Leo_9_puntos_intento_7.mp4,1731,14425.000,True,115.000,170.000,0.000,164.000,136.000,0.272222,0.188889,-0.943513,67.798,81.253,156.975,4238.0
Leo_9_puntos_intento_7.mp4,1732,14433.333,True,115.000,170.000,0.000,163.000,136.000,0.266667,0.188889,-0.945098,69.318,80.927,157.860,4272.0
Leo_9_puntos_intento_7.mp4,1733,14441.667,True,115.000,170.000,0.000,164.000,136.000,0.272222,0.188889,-0.943513,67.929,81.585,160.624,4250.0
Leo_9_puntos_intento_7.mp4,1734,14450.000,True,115.000,170.000,0.000,164.000,136.000,0.272222,0.188889,-0.943513,67.828,81.602,160.474,4270.5
Leo_9_puntos_intento_7.mp4,1735,14458.333,True,115.000,170.000,0.000,164.000,136.000,0.272222,0.188889,-0.943513,67.657,81.540,159.116,4266.0
Leo_9_puntos_intento_7.mp4,1736,14466.667,True,115.000,170.000,0.000,164.000,135.000,0.272222,0.194444,-0.942383,68.155,82.131,159.420,4286.5
Leo_9_puntos_intento_7.mp4,1737,14475.000,True,115.000,170.000,0.000,164.000,136.000,0.272222,0.188889,-0.943513,69.185,81.814,160.376,4310.0
Leo_9_puntos_intento_7.mp4,1738,14483.333,True,115.000,170.000,0.000,164.000,136.000,0.272222,0.188889,-0.943513,68.087,82.699,160.185,4344.5
Leo_9_puntos_intento_7.mp4,1739,14491.667,True,115.000,170.000,0.000,164.000,136.000,0.272222,0.188889,-0.943513,67.722,82.179,159.117,4281.0
Leo_9_puntos_intento_7.mp4,1740,14500.000,True,115.000,170.000,0.000,164.000,136.000,0.272222,0.188889,-0.943513,68.287,82.472,160.040,4333.5
Leo_9_puntos_intento_7.mp4,1741,14508.333,True,115.000,170.000,0.000,164.000,136.000,0.272222,0.188889,-0.943513,67.709,82.775,161.482,4306.5
Leo_9_puntos_intento_7.mp4,1742,14516.667,True,115.000,170.000,0.000,164.000,136.000,0.272222,0.188889,-0.943513,67.817,83.118,162.236,4351.5
Leo_9_puntos_intento_7.mp4,1743,14525.000,True,115.000,170.000,0.000,164.000,136.000,0.272222,0.188889,-0.943513,69.133,82.235,162.515,4345.5
Leo_9_puntos_intento_7.mp4,1744,14533.333,True,115.000,170.000,0.000,164.000,136.000,0.272222,0.188889,-0.943513,67.867,83.107,160.520,4328.5
Leo_9_puntos_intento_7.mp4,1745,14541.667,True,115.000,170.000,0.000,164.000,136.000,0.272222,0.188889,-0.943513,68.864,82.180,161.515,4367.5
Leo_9_puntos_intento_7.mp4,1746,14550.000,True,115.000,170.000,0.000,164.000,136.000,0.272222,0.188889,-0.943513,67.427,81.552,160.310,4222.0
Leo_9_puntos_intento_7.mp4,1747,14558.333,True,115.000,170.000,0.000,164.000,136.000,0.272222,0.188889,-0.943513,66.596,82.081,159.832,4202.5
Leo_9_puntos_intento_7.mp4,1748,14566.667,True,115.000,170.000,0.000,164.000,136.000,0.272222,0.188889,-0.943513,67.574,81.482,159.738,4211.0
Leo_9_puntos_intento_7.mp4,1749,14575.000,True,115.000,170.000,0.000,164.000,136.000,0.272222,0.188889,-0.943513,66.650,81.486,160.791,4193.0
Leo_9_puntos_intento_7.mp4,1750,14583.333,True,115.000,170.000,0.000,164.000,136.000,0.272222,0.188889,-0.943513,67.299,82.172,160.097,4250.0
Leo_9_puntos_intento_7.mp4,1751,14591.667,True,115.000,170.000,0.000,164.000,136.000,0.272222,0.188889,-0.943513,67.768,81.712,161.296,4260.0
Leo_9_puntos_intento_7.mp4,1752,14600.000,True,115.000,170.000,0.000,164.000,136.000,0.272222,0.188889,-0.943513,68.153,82.225,162.902,4275.0
Leo_9_puntos_intento_7.mp4,1753,14608.333,True,115.000,170.000,0.000,164.000,136.000,0.272222,0.188889,-0.943513,67.295,81.820,159.813,4232.5
Leo_9_puntos_intento_7.mp4,1754,14616.667,True,115.000,170.000,0.000,164.000,136.000,0.272222,0.188889,-0.943513,67.806,82.852,160.735,4300.0
Leo_9_puntos_intento_7.mp4,1755,14625.000,True,115.000,170.000,0.000,164.000,136.000,0.272222,0.188889,-0.943513,68.449,81.641,160.763,4246.0
Leo_9_puntos_intento_7.mp4,1756,14633.333,True,115.000,170.000,0.000,164.000,136.000,0.272222,0.188889,-0.943513,67.271,82.299,159.501,4288.0
Leo_9_puntos_intento_7.mp4,1757,14641.667,True,115.000,170.000,0.000,164.000,136.000,0.272222,0.188889,-0.943513,68.097,82.087,160.707,4284.5
Leo_9_puntos_intento_7.mp4,1758,14650.000,True,115.000,170.000,0.000,164.000,136.000,0.272222,0.188889,-0.943513,68.776,82.636,161.121,4324.5
Leo_9_puntos_intento_7.mp4,1759,14658.333,True,115.000,170.000,0.000,164.000,136.000,0.272222,0.188889,-0.943513,68.143,82.143,160.636,4309.0
Leo_9_puntos_intento_7.mp4,1760,14666.667,True,115.000,170.000,0.000,164.000,136.000,0.272222,0.188889,-0.943513,68.557,82.728,161.344,4328.0
Leo_9_puntos_intento_7.mp4,1761,14675.000,True,115.000,170.000,0.000,164.000,136.000,0.272222,0.188889,-0.943513,68.020,82.632,162.859,4315.0
Leo_9_puntos_intento_7.mp4,1762,14683.333,True,115.000,170.000,0.000,164.000,136.000,0.272222,0.188889,-0.943513,68.212,83.002,163.084,4333.0
Leo_9_puntos_intento_7.mp4,1763,14691.667,True,115.000,170.000,0.000,164.000,136.000,0.272222,0.188889,-0.943513,69.010,82.649,163.742,4336.0
Leo_9_puntos_intento_7.mp4,1764,14700.000,True,115.000,170.000,0.000,164.000,136.000,0.272222,0.188889,-0.943513,68.497,82.946,161.318,4360.0
Leo_9_puntos_intento_7.mp4,1765,14708.333,True,115.000,170.000,0.000,165.000,136.000,0.277778,0.188889,-0.941892,66.617,83.868,161.465,4292.5
Leo_9_puntos_intento_7.mp4,1766,14716.667,True,115.000,170.000,0.000,164.000,136.000,0.272222,0.188889,-0.943513,68.561,83.154,160.732,4358.0
Leo_9_puntos_intento_7.mp4,1767,14725.000,True,115.000,170.000,0.000,164.000,136.000,0.272222,0.188889,-0.943513,68.351,83.404,162.152,4331.0
Leo_9_puntos_intento_7.mp4,1768,14733.333,True,115.000,170.000,0.000,164.000,136.000,0.272222,0.188889,-0.943513,68.716,83.219,160.894,4353.0
Leo_9_puntos_intento_7.mp4,1769,14741.667,True,115.000,170.000,0.000,164.000,136.000,0.272222,0.188889,-0.943513,68.265,83.486,162.123,4348.5
Leo_9_puntos_intento_7.mp4,1770,14750.000,True,115.000,170.000,0.000,164.000,136.000,0.272222,0.188889,-0.943513,68.291,83.073,162.992,4357.5
Leo_9_puntos_intento_7.mp4,1771,14758.333,True,115.000,170.000,0.000,159.000,137.000,0.244444,0.183333,-0.952174,70.720,82.805,165.576,4428.0
Leo_9_puntos_intento_7.mp4,1772,14766.667,True,115.000,170.000,0.000,150.000,137.000,0.194444,0.183333,-0.963629,72.894,85.811,167.824,4650.5
Leo_9_puntos_intento_7.mp4,1773,14775.000,True,115.000,170.000,0.000,137.000,138.000,0.122222,0.177778,-0.976451,73.425,86.003,170.953,4542.0
Leo_9_puntos_intento_7.mp4,1774,14783.333,True,115.000,170.000,0.000,128.000,138.000,0.072222,0.177778,-0.981417,72.199,86.726,168.318,4468.5
Leo_9_puntos_intento_7.mp4,1775,14791.667,True,115.000,170.000,0.000,124.000,138.000,0.050000,0.177778,-0.982800,70.826,88.744,163.079,4468.5
Leo_9_puntos_intento_7.mp4,1776,14800.000,True,115.000,170.000,0.000,122.000,138.000,0.038889,0.177778,-0.983302,71.914,87.452,158.087,4438.5
Leo_9_puntos_intento_7.mp4,1777,14808.333,True,115.000,170.000,0.000,123.000,138.000,0.044444,0.177778,-0.983067,72.158,86.049,159.034,4452.5
Leo_9_puntos_intento_7.mp4,1778,14816.667,True,115.000,170.000,0.000,123.000,138.000,0.044444,0.177778,-0.983067,71.850,87.216,158.118,4449.5
Leo_9_puntos_intento_7.mp4,1779,14825.000,True,115.000,170.000,0.000,123.000,138.000,0.044444,0.177778,-0.983067,72.190,87.930,161.654,4400.0
Leo_9_puntos_intento_7.mp4,1780,14833.333,True,115.000,170.000,0.000,123.000,137.000,0.044444,0.183333,-0.982046,71.556,89.829,159.392,4421.0
Leo_9_puntos_intento_7.mp4,1781,14841.667,True,115.000,170.000,0.000,124.000,138.000,0.050000,0.177778,-0.982800,71.516,89.471,160.012,4465.5
Leo_9_puntos_intento_7.mp4,1782,14850.000,True,115.000,170.000,0.000,124.000,137.000,0.050000,0.183333,-0.981778,71.931,89.811,164.936,4468.5
Leo_9_puntos_intento_7.mp4,1783,14858.333,True,115.000,170.000,0.000,124.000,138.000,0.050000,0.177778,-0.982800,71.643,87.809,163.300,4464.0
Leo_9_puntos_intento_7.mp4,1784,14866.667,True,115.000,170.000,0.000,124.000,138.000,0.050000,0.177778,-0.982800,72.376,86.873,163.428,4465.5
Leo_9_puntos_intento_7.mp4,1785,14875.000,True,115.000,170.000,0.000,123.000,138.000,0.044444,0.177778,-0.983067,73.565,84.890,159.828,4438.0
Leo_9_puntos_intento_7.mp4,1786,14883.333,True,115.000,170.000,0.000,124.000,138.000,0.050000,0.177778,-0.982800,73.014,86.740,157.867,4492.0
Leo_9_puntos_intento_7.mp4,1787,14891.667,True,115.000,170.000,0.000,124.000,138.000,0.050000,0.177778,-0.982800,72.295,87.205,163.899,4439.5
Leo_9_puntos_intento_7.mp4,1788,14900.000,True,115.000,170.000,0.000,124.000,138.000,0.050000,0.177778,-0.982800,72.943,87.000,160.805,4454.0
Leo_9_puntos_intento_7.mp4,1789,14908.333,True,115.000,170.000,0.000,124.000,137.000,0.050000,0.183333,-0.981778,71.965,87.575,159.719,4428.5
Leo_9_puntos_intento_7.mp4,1790,14916.667,True,115.000,170.000,0.000,124.000,137.000,0.050000,0.183333,-0.981778,72.520,87.446,158.540,4496.5
Leo_9_puntos_intento_7.mp4,1791,14925.000,True,115.000,170.000,0.000,124.000,137.000,0.050000,0.183333,-0.981778,72.008,87.858,161.505,4427.5
Leo_9_puntos_intento_7.mp4,1792,14933.333,True,115.000,170.000,0.000,124.000,137.000,0.050000,0.183333,-0.981778,72.992,87.203,159.398,4456.5
Leo_9_puntos_intento_7.mp4,1793,14941.667,True,115.000,170.000,0.000,124.000,137.000,0.050000,0.183333,-0.981778,73.080,87.200,161.817,4423.5
Leo_9_puntos_intento_7.mp4,1794,14950.000,True,115.000,170.000,0.000,124.000,138.000,0.050000,0.177778,-0.982800,72.345,88.046,163.482,4458.0
Leo_9_puntos_intento_7.mp4,1795,14958.333,True,115.000,170.000,0.000,124.000,137.000,0.050000,0.183333,-0.981778,72.702,86.667,158.829,4437.5
Leo_9_puntos_intento_7.mp4,1796,14966.667,True,115.000,170.000,0.000,124.000,137.000,0.050000,0.183333,-0.981778,72.438,87.817,158.362,4456.0
Leo_9_puntos_intento_7.mp4,1797,14975.000,True,115.000,170.000,0.000,124.000,137.000,0.050000,0.183333,-0.981778,71.636,86.645,158.708,4423.5
Leo_9_puntos_intento_7.mp4,1798,14983.333,True,115.000,170.000,0.000,124.000,137.000,0.050000,0.183333,-0.981778,73.185,86.765,159.686,4451.5
Leo_9_puntos_intento_7.mp4,1799,14991.667,True,115.000,170.000,0.000,124.000,137.000,0.050000,0.183333,-0.981778,72.811,85.803,158.740,4434.0
Leo_9_puntos_intento_7.mp4,1800,15000.000,False,115.000,170.000,0.000,124.000,137.000,0.050000,0.183333,-0.981778,71.073,88.284,158.392,4443.5
Leo_9_puntos_intento_7.mp4,1801,15008.333,False,115.000,170.000,0.000,123.000,137.000,0.044444,0.183333,-0.982046,72.890,88.141,160.301,4513.0
Leo_9_puntos_intento_7.mp4,1802,15016.667,False,115.000,170.000,0.000,123.000,137.000,0.044444,0.183333,-0.982046,71.695,88.372,157.728,4560.0
Leo_9_puntos_intento_7.mp4,1803,15025.000,False,115.000,170.000,,,,,,,,,,
Leo_9_puntos_intento_7.mp4,1804,15033.333,False,115.000,170.000,,,,,,,,,,
Leo_9_puntos_intento_7.mp4,1805,15041.667,False,115.000,170.000,,,,,,,,,,
Leo_9_puntos_intento_7.mp4,1806,15050.000,False,115.000,170.000,,,,,,,,,,
Leo_9_puntos_intento_7.mp4,1807,15058.333,False,115.000,170.000,,,,,,,,,,
Leo_9_puntos_intento_7.mp4,1808,15066.667,False,115.000,170.000,,,,,,,,,,
Leo_9_puntos_intento_7.mp4,1809,15075.000,False,115.000,170.000,,,,,,,,,,
Leo_9_puntos_intento_7.mp4,1810,15083.333,False,115.000,170.000,,,,,,,,,,
Leo_9_puntos_intento_7.mp4,1811,15091.667,False,115.000,170.000,,,,,,,,,,
Leo_9_puntos_intento_7.mp4,1812,15100.000,False,115.000,170.000,,,,,,,,,,
Leo_9_puntos_intento_7.mp4,1813,15108.333,False,115.000,170.000,,,,,,,,,,
Leo_9_puntos_intento_7.mp4,1814,15116.667,False,115.000,170.000,,,,,,,,,,
Leo_9_puntos_intento_7.mp4,1815,15125.000,False,115.000,170.000,,,,,,,,,,
Leo_9_puntos_intento_7.mp4,1816,15133.333,False,115.000,170.000,,,,,,,,,,
Leo_9_puntos_intento_7.mp4,1817,15141.667,False,115.000,170.000,,,,,,,,,,
Leo_9_puntos_intento_7.mp4,1818,15150.000,False,115.000,170.000,,,,,,,,,,
Leo_9_puntos_intento_7.mp4,1819,15158.333,False,115.000,170.000,0.000,115.000,146.000,0.000000,0.133333,-0.991071,60.287,106.649,66.015,4389.0
Leo_9_puntos_intento_7.mp4,1820,15166.667,False,115.000,170.000,0.000,117.000,142.000,0.011111,0.155556,-0.987765,63.564,104.432,68.888,4188.0
Leo_9_puntos_intento_7.mp4,1821,15175.000,False,115.000,170.000,0.000,116.000,139.000,0.005556,0.172222,-0.985042,67.365,104.831,72.554,4491.5
Leo_9_puntos_intento_7.mp4,1822,15183.333,False,115.000,170.000,0.000,115.000,137.000,0.000000,0.183333,-0.983051,70.803,106.942,74.931,4713.5
Leo_9_puntos_intento_7.mp4,1823,15191.667,False,115.000,170.000,0.000,114.000,137.000,-0.005556,0.183333,-0.983035,71.468,107.262,77.956,4812.5
Leo_9_puntos_intento_7.mp4,1824,15200.000,False,115.000,170.000,,,,,,,,,,
Leo_9_puntos_intento_7.mp4,1825,15208.333,False,115.000,170.000,,,,,,,,,,
Leo_9_puntos_intento_7.mp4,1826,15216.667,False,115.000,170.000,0.000,120.000,133.000,0.027778,0.205556,-0.978251,77.655,84.724,127.215,4516.0
Leo_9_puntos_intento_7.mp4,1827,15225.000,False,115.000,170.000,,,,,,,,,,
Leo_9_puntos_intento_7.mp4,1828,15233.333,False,115.000,170.000,,,,,,,,,,
Leo_9_puntos_intento_7.mp4,1829,15241.667,False,115.000,170.000,0.000,121.000,131.000,0.033333,0.216667,-0.975676,75.319,86.458,149.980,4551.0
Leo_9_puntos_intento_7.mp4,1830,15250.000,False,115.000,170.000,0.000,121.000,131.000,0.033333,0.216667,-0.975676,76.338,86.417,147.353,4619.0
Leo_9_puntos_intento_7.mp4,1831,15258.333,False,115.000,170.000,0.000,121.000,132.000,0.033333,0.211111,-0.976894,75.219,86.535,151.432,4589.0
Leo_9_puntos_intento_7.mp4,1832,15266.667,True,115.000,170.000,0.000,121.000,132.000,0.033333,0.211111,-0.976894,75.184,87.924,149.235,4618.5
Leo_9_puntos_intento_7.mp4,1833,15275.000,True,115.000,170.000,0.000,122.000,133.000,0.038889,0.205556,-0.977872,73.808,86.722,158.859,4532.5
Leo_9_puntos_intento_7.mp4,1834,15283.333,True,115.000,170.000,0.000,122.000,133.000,0.038889,0.205556,-0.977872,72.043,87.436,156.641,4533.0
Leo_9_puntos_intento_7.mp4,1835,15291.667,True,115.000,170.000,0.000,122.000,133.000,0.038889,0.205556,-0.977872,72.200,86.795,156.744,4505.5
Leo_9_puntos_intento_7.mp4,1836,15300.000,True,115.000,170.000,0.000,122.000,133.000,0.038889,0.205556,-0.977872,72.515,86.494,157.126,4520.5
Leo_9_puntos_intento_7.mp4,1837,15308.333,True,115.000,170.000,0.000,122.000,134.000,0.038889,0.200000,-0.979024,72.798,85.798,157.912,4457.5
Leo_9_puntos_intento_7.mp4,1838,15316.667,True,115.000,170.000,0.000,122.000,133.000,0.038889,0.205556,-0.977872,72.344,85.304,156.769,4454.0
Leo_9_puntos_intento_7.mp4,1839,15325.000,True,115.000,170.000,0.000,123.000,134.000,0.044444,0.200000,-0.978787,72.189,84.843,161.278,4417.5
Leo_9_puntos_intento_7.mp4,1840,15333.333,True,115.000,170.000,0.000,123.000,134.000,0.044444,0.200000,-0.978787,71.841,84.408,152.191,4420.5
Leo_9_puntos_intento_7.mp4,1841,15341.667,True,115.000,170.000,0.000,123.000,134.000,0.044444,0.200000,-0.978787,71.864,84.352,152.185,4400.5
Leo_9_puntos_intento_7.mp4,1842,15350.000,True,115.000,170.000,0.000,123.000,134.000,0.044444,0.200000,-0.978787,71.464,85.959,155.033,4448.0
Leo_9_puntos_intento_7.mp4,1843,15358.333,True,115.000,170.000,0.000,123.000,135.000,0.044444,0.194444,-0.979906,73.818,84.621,155.785,4426.0
Leo_9_puntos_intento_7.mp4,1844,15366.667,True,115.000,170.000,0.000,123.000,135.000,0.044444,0.194444,-0.979906,73.908,85.023,158.509,4443.0
Leo_9_puntos_intento_7.mp4,1845,15375.000,True,115.000,170.000,0.000,122.000,135.000,0.038889,0.194444,-0.980142,73.566,84.140,156.880,4363.0
Leo_9_puntos_intento_7.mp4,1846,15383.333,True,115.000,170.000,0.000,123.000,134.000,0.044444,0.200000,-0.978787,73.064,85.045,151.086,4414.5
Leo_9_puntos_intento_7.mp4,1847,15391.667,True,115.000,170.000,0.000,123.000,134.000,0.044444,0.200000,-0.978787,72.510,85.193,155.219,4384.0
Leo_9_puntos_intento_7.mp4,1848,15400.000,True,115.000,170.000,0.000,123.000,135.000,0.044444,0.194444,-0.979906,71.992,85.867,155.508,4420.0
Leo_9_puntos_intento_7.mp4,1849,15408.333,True,115.000,170.000,0.000,123.000,134.000,0.044444,0.200000,-0.978787,71.434,86.331,153.979,4387.0
Leo_9_puntos_intento_7.mp4,1850,15416.667,True,115.000,170.000,0.000,124.000,135.000,0.050000,0.194444,-0.979638,71.431,85.528,160.248,4379.5
Leo_9_puntos_intento_7.mp4,1851,15425.000,True,115.000,170.000,0.000,123.000,135.000,0.044444,0.194444,-0.979906,70.660,84.036,160.046,4162.5
Leo_9_puntos_intento_7.mp4,1852,15433.333,True,115.000,170.000,0.000,124.000,135.000,0.050000,0.194444,-0.979638,70.649,83.519,156.987,4211.0
Leo_9_puntos_intento_7.mp4,1853,15441.667,True,115.000,170.000,0.000,123.000,135.000,0.044444,0.194444,-0.979906,71.499,83.721,153.658,4208.0
Leo_9_puntos_intento_7.mp4,1854,15450.000,True,115.000,170.000,0.000,124.000,135.000,0.050000,0.194444,-0.979638,70.720,84.230,156.356,4184.0
Leo_9_puntos_intento_7.mp4,1855,15458.333,True,115.000,170.000,0.000,124.000,135.000,0.050000,0.194444,-0.979638,71.480,82.451,154.512,4180.5
Leo_9_puntos_intento_7.mp4,1856,15466.667,True,115.000,170.000,0.000,124.000,135.000,0.050000,0.194444,-0.979638,70.440,84.363,155.980,4244.0
Leo_9_puntos_intento_7.mp4,1857,15475.000,True,115.000,170.000,0.000,124.000,135.000,0.050000,0.194444,-0.979638,70.678,83.537,155.426,4168.0
Leo_9_puntos_intento_7.mp4,1858,15483.333,True,115.000,170.000,0.000,124.000,135.000,0.050000,0.194444,-0.979638,70.717,84.951,155.153,4237.5
Leo_9_puntos_intento_7.mp4,1859,15491.667,True,115.000,170.000,0.000,124.000,135.000,0.050000,0.194444,-0.979638,71.006,84.982,156.668,4218.5
Leo_9_puntos_intento_7.mp4,1860,15500.000,True,115.000,170.000,0.000,124.000,135.000,0.050000,0.194444,-0.979638,71.177,84.939,156.626,4242.5
Leo_9_puntos_intento_7.mp4,1861,15508.333,True,115.000,170.000,0.000,124.000,134.000,0.050000,0.200000,-0.978519,70.346,85.873,155.458,4193.5
Leo_9_puntos_intento_7.mp4,1862,15516.667,True,115.000,170.000,0.000,123.000,135.000,0.044444,0.194444,-0.979906,71.635,85.999,160.326,4269.5
Leo_9_puntos_intento_7.mp4,1863,15525.000,True,115.000,170.000,0.000,124.000,135.000,0.050000,0.194444,-0.979638,70.215,86.497,159.167,4191.5
Leo_9_puntos_intento_7.mp4,1864,15533.333,True,115.000,170.000,0.000,124.000,135.000,0.050000,0.194444,-0.979638,70.976,85.586,161.763,4272.0
Leo_9_puntos_intento_7.mp4,1865,15541.667,True,115.000,170.000,0.000,124.000,136.000,0.050000,0.188889,-0.980725,71.510,86.240,163.713,4198.0
Leo_9_puntos_intento_7.mp4,1866,15550.000,True,115.000,170.000,0.000,124.000,135.000,0.050000,0.194444,-0.979638,70.753,85.624,161.559,4247.0
Leo_9_puntos_intento_7.mp4,1867,15558.333,True,115.000,170.000,0.000,124.000,135.000,0.050000,0.194444,-0.979638,70.952,85.344,161.814,4228.0
Leo_9_puntos_intento_7.mp4,1868,15566.667,True,115.000,170.000,0.000,124.000,135.000,0.050000,0.194444,-0.979638,70.009,86.302,161.942,4225.5
Leo_9_puntos_intento_7.mp4,1869,15575.000,True,115.000,170.000,0.000,124.000,135.000,0.050000,0.194444,-0.979638,69.784,86.304,161.935,4257.0
Leo_9_puntos_intento_7.mp4,1870,15583.333,True,115.000,170.000,0.000,125.000,136.000,0.055556,0.188889,-0.980426,69.224,86.646,163.683,4235.5
Leo_9_puntos_intento_7.mp4,1871,15591.667,True,115.000,170.000,0.000,124.000,136.000,0.050000,0.188889,-0.980725,70.119,85.483,162.433,4215.0
Leo_9_puntos_intento_7.mp4,1872,15600.000,True,115.000,170.000,0.000,124.000,135.000,0.050000,0.194444,-0.979638,71.203,86.359,159.989,4266.5
Leo_9_puntos_intento_7.mp4,1873,15608.333,True,115.000,170.000,0.000,124.000,136.000,0.050000,0.188889,-0.980725,69.453,87.522,161.255,4241.0
Leo_9_puntos_intento_7.mp4,1874,15616.667,True,115.000,170.000,0.000,124.000,135.000,0.050000,0.194444,-0.979638,70.839,87.118,159.325,4287.5
Leo_9_puntos_intento_7.mp4,1875,15625.000,True,115.000,170.000,0.000,125.000,135.000,0.055556,0.194444,-0.979339,69.387,86.323,158.443,4229.5
Leo_9_puntos_intento_7.mp4,1876,15633.333,True,115.000,170.000,0.000,124.000,135.000,0.050000,0.194444,-0.979638,71.319,85.474,159.392,4252.5
Leo_9_puntos_intento_7.mp4,1877,15641.667,True,115.000,170.000,0.000,124.000,135.000,0.050000,0.194444,-0.979638,70.329,86.238,158.888,4225.0
Leo_9_puntos_intento_7.mp4,1878,15650.000,True,115.000,170.000,0.000,125.000,136.000,0.055556,0.188889,-0.980426,70.921,86.841,159.937,4304.0
Leo_9_puntos_intento_7.mp4,1879,15658.333,True,115.000,170.000,0.000,124.000,135.000,0.050000,0.194444,-0.979638,71.341,87.308,161.174,4276.5
Leo_9_puntos_intento_7.mp4,1880,15666.667,True,115.000,170.000,0.000,124.000,136.000,0.050000,0.188889,-0.980725,71.703,86.799,161.574,4286.0
Leo_9_puntos_intento_7.mp4,1881,15675.000,True,115.000,170.000,0.000,125.000,135.000,0.055556,0.194444,-0.979339,70.543,86.384,156.873,4237.0
Leo_9_puntos_intento_7.mp4,1882,15683.333,True,115.000,170.000,0.000,125.000,135.000,0.055556,0.194444,-0.979339,70.808,87.353,160.320,4342.5
Leo_9_puntos_intento_7.mp4,1883,15691.667,True,115.000,170.000,0.000,124.000,135.000,0.050000,0.194444,-0.979638,71.465,85.948,155.270,4317.0
Leo_9_puntos_intento_7.mp4,1884,15700.000,True,115.000,170.000,0.000,125.000,135.000,0.055556,0.194444,-0.979339,70.546,87.568,156.839,4343.5
Leo_9_puntos_intento_7.mp4,1885,15708.333,True,115.000,170.000,0.000,125.000,135.000,0.055556,0.194444,-0.979339,70.866,87.467,157.580,4310.0
Leo_9_puntos_intento_7.mp4,1886,15716.667,True,115.000,170.000,0.000,125.000,135.000,0.055556,0.194444,-0.979339,70.717,88.545,156.681,4388.0
Leo_9_puntos_intento_7.mp4,1887,15725.000,True,115.000,170.000,0.000,124.000,135.000,0.050000,0.194444,-0.979638,70.836,89.192,158.785,4324.0
Leo_9_puntos_intento_7.mp4,1888,15733.333,True,115.000,170.000,0.000,125.000,135.000,0.055556,0.194444,-0.979339,69.643,89.486,159.103,4334.5
Leo_9_puntos_intento_7.mp4,1889,15741.667,True,115.000,170.000,0.000,125.000,135.000,0.055556,0.194444,-0.979339,70.642,87.330,157.065,4323.0
Leo_9_puntos_intento_7.mp4,1890,15750.000,True,115.000,170.000,0.000,124.000,135.000,0.050000,0.194444,-0.979638,71.474,87.334,156.321,4358.5
Leo_9_puntos_intento_7.mp4,1891,15758.333,True,115.000,170.000,0.000,125.000,135.000,0.055556,0.194444,-0.979339,70.475,87.896,157.821,4312.5
Leo_9_puntos_intento_7.mp4,1892,15766.667,True,115.000,170.000,0.000,124.000,135.000,0.050000,0.194444,-0.979638,71.404,87.786,157.465,4348.5
Leo_9_puntos_intento_7.mp4,1893,15775.000,True,115.000,170.000,0.000,124.000,135.000,0.050000,0.194444,-0.979638,70.447,87.565,158.290,4263.5
Leo_9_puntos_intento_7.mp4,1894,15783.333,True,115.000,170.000,0.000,124.000,135.000,0.050000,0.194444,-0.979638,69.786,85.871,154.404,4269.0
Leo_9_puntos_intento_7.mp4,1895,15791.667,True,115.000,170.000,0.000,124.000,135.000,0.050000,0.194444,-0.979638,71.122,86.515,159.974,4288.5
Leo_9_puntos_intento_7.mp4,1896,15800.000,True,115.000,170.000,0.000,124.000,135.000,0.050000,0.194444,-0.979638,71.987,86.934,158.432,4305.0
Leo_9_puntos_intento_7.mp4,1897,15808.333,True,115.000,170.000,0.000,125.000,135.000,0.055556,0.194444,-0.979339,69.809,85.153,164.170,4188.0
Leo_9_puntos_intento_7.mp4,1898,15816.667,True,115.000,170.000,0.000,125.000,135.000,0.055556,0.194444,-0.979339,69.516,87.074,164.163,4266.0
Leo_9_puntos_intento_7.mp4,1899,15825.000,True,115.000,170.000,0.000,125.000,136.000,0.055556,0.188889,-0.980426,69.874,86.636,164.902,4252.5
Leo_9_puntos_intento_7.mp4,1900,15833.333,True,115.000,170.000,0.000,125.000,135.000,0.055556,0.194444,-0.979339,69.643,86.581,164.125,4296.0
Leo_9_puntos_intento_7.mp4,1901,15841.667,True,115.000,170.000,0.000,125.000,136.000,0.055556,0.188889,-0.980426,69.813,88.074,163.866,4284.0
Leo_9_puntos_intento_7.mp4,1902,15850.000,True,115.000,170.000,0.000,125.000,135.000,0.055556,0.194444,-0.979339,70.813,87.225,157.475,4343.0
Leo_9_puntos_intento_7.mp4,1903,15858.333,True,115.000,170.000,0.000,125.000,136.000,0.055556,0.188889,-0.980426,70.157,87.479,165.357,4216.5
Leo_9_puntos_intento_7.mp4,1904,15866.667,True,115.000,170.000,0.000,124.000,135.000,0.050000,0.194444,-0.979638,70.915,88.332,162.711,4307.0
Leo_9_puntos_intento_7.mp4,1905,15875.000,True,115.000,170.000,0.000,124.000,136.000,0.050000,0.188889,-0.980725,71.229,85.370,163.108,4222.5
Leo_9_puntos_intento_7.mp4,1906,15883.333,False,115.000,170.000,0.000,125.000,136.000,0.055556,0.188889,-0.980426,69.965,87.054,166.281,4326.0
Leo_9_puntos_intento_7.mp4,1907,15891.667,False,115.000,170.000,0.000,125.000,136.000,0.055556,0.188889,-0.980426,70.156,85.330,166.323,4313.0
Leo_9_puntos_intento_7.mp4,1908,15900.000,False,115.000,170.000,0.000,125.000,135.000,0.055556,0.194444,-0.979339,68.261,87.681,163.834,4334.0
Leo_9_puntos_intento_7.mp4,1909,15908.333,False,115.000,170.000,,,,,,,,,,
Leo_9_puntos_intento_7.mp4,1910,15916.667,False,115.000,170.000,0.000,125.000,136.000,0.055556,0.188889,-0.980426,70.104,88.495,163.892,4351.0
Leo_9_puntos_intento_7.mp4,1911,15925.000,False,115.000,170.000,0.000,125.000,135.000,0.055556,0.194444,-0.979339,69.428,88.897,163.277,4326.0
Leo_9_puntos_intento_7.mp4,1912,15933.333,False,115.000,170.000,0.000,124.000,136.000,0.050000,0.188889,-0.980725,70.524,89.025,162.654,4317.5
Leo_9_puntos_intento_7.mp4,1913,15941.667,True,115.000,170.000,0.000,124.000,135.000,0.050000,0.194444,-0.979638,70.429,88.496,162.706,4295.5
Leo_9_puntos_intento_7.mp4,1914,15950.000,True,115.000,170.000,0.000,124.000,135.000,0.050000,0.194444,-0.979638,72.381,87.493,159.917,4351.5
Leo_9_puntos_intento_7.mp4,1915,15958.333,True,115.000,170.000,0.000,124.000,136.000,0.050000,0.188889,-0.980725,69.980,87.864,164.517,4311.5
Leo_9_puntos_intento_7.mp4,1916,15966.667,True,115.000,170.000,0.000,124.000,135.000,0.050000,0.194444,-0.979638,70.197,89.354,162.349,4325.5
Leo_9_puntos_intento_7.mp4,1917,15975.000,True,115.000,170.000,0.000,124.000,135.000,0.050000,0.194444,-0.979638,71.175,87.835,162.014,4319.0
Leo_9_puntos_intento_7.mp4,1918,15983.333,True,115.000,170.000,0.000,124.000,135.000,0.050000,0.194444,-0.979638,69.552,89.085,159.795,4364.0
Leo_9_puntos_intento_7.mp4,1919,15991.667,True,115.000,170.000,0.000,124.000,135.000,0.050000,0.194444,-0.979638,70.448,87.129,159.887,4344.5
Leo_9_puntos_intento_7.mp4,1920,16000.000,True,115.000,170.000,0.000,125.000,135.000,0.055556,0.194444,-0.979339,70.700,88.035,161.318,4395.0
Leo_9_puntos_intento_7.mp4,1921,16008.333,True,115.000,170.000,0.000,124.000,135.000,0.050000,0.194444,-0.979638,71.090,87.689,162.610,4352.0
Leo_9_puntos_intento_7.mp4,1922,16016.667,True,115.000,170.000,0.000,125.000,135.000,0.055556,0.194444,-0.979339,70.021,89.419,163.359,4368.0
Leo_9_puntos_intento_7.mp4,1923,16025.000,True,115.000,170.000,0.000,125.000,135.000,0.055556,0.194444,-0.979339,70.497,88.699,163.570,4342.5
Leo_9_puntos_intento_7.mp4,1924,16033.333,True,115.000,170.000,0.000,124.000,135.000,0.050000,0.194444,-0.979638,70.653,89.509,162.227,4388.0
Leo_9_puntos_intento_7.mp4,1925,16041.667,True,115.000,170.000,0.000,126.000,134.000,0.061111,0.200000,-0.977888,65.725,91.638,154.528,4275.0
Leo_9_puntos_intento_7.mp4,1926,16050.000,True,115.000,170.000,0.000,126.000,134.000,0.061111,0.200000,-0.977888,66.709,91.580,154.044,4306.0
Leo_9_puntos_intento_7.mp4,1927,16058.333,True,115.000,170.000,0.000,126.000,134.000,0.061111,0.200000,-0.977888,65.948,90.177,155.670,4262.5
Leo_9_puntos_intento_7.mp4,1928,16066.667,True,115.000,170.000,0.000,124.000,135.000,0.050000,0.194444,-0.979638,70.241,88.796,158.843,4355.5
Leo_9_puntos_intento_7.mp4,1929,16075.000,True,115.000,170.000,0.000,124.000,134.000,0.050000,0.200000,-0.978519,69.856,88.139,157.749,4313.0
Leo_9_puntos_intento_7.mp4,1930,16083.333,True,115.000,170.000,0.000,124.000,134.000,0.050000,0.200000,-0.978519,69.931,89.352,158.842,4363.0
Leo_9_puntos_intento_7.mp4,1931,16091.667,True,115.000,170.000,0.000,124.000,135.000,0.050000,0.194444,-0.979638,71.021,88.826,159.258,4328.5
Leo_9_puntos_intento_7.mp4,1932,16100.000,True,115.000,170.000,0.000,124.000,135.000,0.050000,0.194444,-0.979638,69.800,91.654,160.569,4365.5
Leo_9_puntos_intento_7.mp4,1933,16108.333,True,115.000,170.000,0.000,124.000,134.000,0.050000,0.200000,-0.978519,69.689,90.854,160.909,4337.5
Leo_9_puntos_intento_7.mp4,1934,16116.667,True,115.000,170.000,0.000,124.000,134.000,0.050000,0.200000,-0.978519,70.692,88.421,159.801,4373.5
Leo_9_puntos_intento_7.mp4,1935,16125.000,True,115.000,170.000,0.000,124.000,134.000,0.050000,0.200000,-0.978519,69.344,89.644,159.971,4312.5
Leo_9_puntos_intento_7.mp4,1936,16133.333,True,115.000,170.000,0.000,124.000,135.000,0.050000,0.194444,-0.979638,69.960,90.638,162.666,4375.5
Leo_9_puntos_intento_7.mp4,1937,16141.667,True,115.000,170.000,0.000,125.000,135.000,0.055556,0.194444,-0.979339,68.743,89.476,160.344,4290.5
Leo_9_puntos_intento_7.mp4,1938,16150.000,True,115.000,170.000,0.000,124.000,134.000,0.050000,0.200000,-0.978519,69.978,89.505,160.430,4335.0
Leo_9_puntos_intento_7.mp4,1939,16158.333,True,115.000,170.000,0.000,124.000,135.000,0.050000,0.194444,-0.979638,69.514,89.251,159.886,4326.0
Leo_9_puntos_intento_7.mp4,1940,16166.667,True,115.000,170.000,0.000,124.000,135.000,0.050000,0.194444,-0.979638,70.835,87.694,160.367,4285.0
Leo_9_puntos_intento_7.mp4,1941,16175.000,True,115.000,170.000,0.000,124.000,134.000,0.050000,0.200000,-0.978519,69.640,89.941,161.907,4299.0
Leo_9_puntos_intento_7.mp4,1942,16183.333,True,115.000,170.000,0.000,124.000,134.000,0.050000,0.200000,-0.978519,70.672,89.436,160.084,4344.5
Leo_9_puntos_intento_7.mp4,1943,16191.667,False,115.000,170.000,0.000,124.000,136.000,0.050000,0.188889,-0.980725,70.137,88.828,161.572,4350.0
Leo_9_puntos_intento_7.mp4,1944,16200.000,False,115.000,170.000,0.000,122.000,136.000,0.038889,0.188889,-0.981228,69.134,91.722,164.747,4358.0
Leo_9_puntos_intento_7.mp4,1945,16208.333,False,115.000,170.000,0.000,116.000,135.000,0.005556,0.194444,-0.980898,70.708,87.198,155.158,4321.5
Leo_9_puntos_intento_7.mp4,1946,16216.667,False,115.000,170.000,,,,,,,,,,
Leo_9_puntos_intento_7.mp4,1947,16225.000,False,115.000,170.000,0.000,102.000,137.000,-0.072222,0.183333,-0.980394,72.118,89.183,158.053,4286.5
Leo_9_puntos_intento_7.mp4,1948,16233.333,False,115.000,170.000,0.000,97.000,138.000,-0.100000,0.177778,-0.978977,73.329,89.800,147.196,4312.0
Leo_9_puntos_intento_7.mp4,1949,16241.667,False,115.000,170.000,,,,,,,,,,
Leo_9_puntos_intento_7.mp4,1950,16250.000,False,115.000,170.000,,,,,,,,,,
Leo_9_puntos_intento_7.mp4,1951,16258.333,False,115.000,170.000,,,,,,,,,,
Leo_9_puntos_intento_7.mp4,1952,16266.667,False,115.000,170.000,,,,,,,,,,
Leo_9_puntos_intento_7.mp4,1953,16275.000,False,115.000,170.000,,,,,,,,,,
Leo_9_puntos_intento_7.mp4,1954,16283.333,False,115.000,170.000,,,,,,,,,,
Leo_9_puntos_intento_7.mp4,1955,16291.667,False,115.000,170.000,,,,,,,,,,
Leo_9_puntos_intento_7.mp4,1956,16300.000,False,115.000,170.000,,,,,,,,,,
Leo_9_puntos_intento_7.mp4,1957,16308.333,False,115.000,170.000,,,,,,,,,,
Leo_9_puntos_intento_7.mp4,1958,16316.667,False,115.000,170.000,,,,,,,,,,
Leo_9_puntos_intento_7.mp4,1959,16325.000,False,115.000,170.000,,,,,,,,,,
Leo_9_puntos_intento_7.mp4,1960,16333.333,False,115.000,170.000,,,,,,,,,,
Leo_9_puntos_intento_7.mp4,1961,16341.667,False,115.000,170.000,,,,,,,,,,
Leo_9_puntos_intento_7.mp4,1962,16350.000,False,115.000,170.000,,,,,,,,,,
Leo_9_puntos_intento_7.mp4,1963,16358.333,False,115.000,170.000,,,,,,,,,,
Leo_9_puntos_intento_7.mp4,1964,16366.667,False,115.000,170.000,,,,,,,,,,
Leo_9_puntos_intento_7.mp4,1965,16375.000,False,115.000,170.000,,,,,,,,,,
Leo_9_puntos_intento_7.mp4,1966,16383.333,False,115.000,170.000,,,,,,,,,,
Leo_9_puntos_intento_7.mp4,1967,16391.667,False,115.000,170.000,0.000,95.000,138.000,-0.111111,0.177778,-0.977778,72.497,87.863,145.930,4245.5
Leo_9_puntos_intento_7.mp4,1968,16400.000,False,115.000,170.000,0.000,95.000,137.000,-0.111111,0.183333,-0.976751,73.766,86.798,143.637,4210.5
Leo_9_puntos_intento_7.mp4,1969,16408.333,False,115.000,170.000,0.000,96.000,137.000,-0.105556,0.183333,-0.977367,71.131,89.129,149.065,4251.5
Leo_9_puntos_intento_7.mp4,1970,16416.667,True,115.000,170.000,0.000,96.000,137.000,-0.105556,0.183333,-0.977367,71.493,89.199,145.464,4268.5
Leo_9_puntos_intento_7.mp4,1971,16425.000,True,115.000,170.000,0.000,96.000,137.000,-0.105556,0.183333,-0.977367,72.669,87.940,146.982,4261.0
Leo_9_puntos_intento_7.mp4,1972,16433.333,True,115.000,170.000,0.000,95.000,138.000,-0.111111,0.177778,-0.977778,73.331,88.119,147.799,4228.5
Leo_9_puntos_intento_7.mp4,1973,16441.667,True,115.000,170.000,0.000,95.000,138.000,-0.111111,0.177778,-0.977778,73.130,87.907,146.517,4235.5
Leo_9_puntos_intento_7.mp4,1974,16450.000,True,115.000,170.000,0.000,95.000,137.000,-0.111111,0.183333,-0.976751,71.721,85.982,143.888,4097.0
Leo_9_puntos_intento_7.mp4,1975,16458.333,True,115.000,170.000,0.000,95.000,137.000,-0.111111,0.183333,-0.976751,71.032,85.938,146.768,4063.5
Leo_9_puntos_intento_7.mp4,1976,16466.667,True,115.000,170.000,0.000,96.000,137.000,-0.105556,0.183333,-0.977367,70.016,86.844,146.676,4000.0
Leo_9_puntos_intento_7.mp4,1977,16475.000,True,115.000,170.000,0.000,96.000,137.000,-0.105556,0.183333,-0.977367,70.919,85.928,140.151,3988.5
Leo_9_puntos_intento_7.mp4,1978,16483.333,True,115.000,170.000,0.000,96.000,137.000,-0.105556,0.183333,-0.977367,71.087,84.756,139.914,4020.0
Leo_9_puntos_intento_7.mp4,1979,16491.667,True,115.000,170.000,0.000,96.000,137.000,-0.105556,0.183333,-0.977367,71.077,85.800,145.801,4003.0
Leo_9_puntos_intento_7.mp4,1980,16500.000,True,115.000,170.000,0.000,96.000,137.000,-0.105556,0.183333,-0.977367,71.853,85.418,145.762,4041.0
Leo_9_puntos_intento_7.mp4,1981,16508.333,True,115.000,170.000,0.000,96.000,137.000,-0.105556,0.183333,-0.977367,69.170,86.541,143.616,3904.0
Leo_9_puntos_intento_7.mp4,1982,16516.667,True,115.000,170.000,0.000,95.000,138.000,-0.111111,0.177778,-0.977778,71.339,85.951,139.603,3945.5
Leo_9_puntos_intento_7.mp4,1983,16525.000,True,115.000,170.000,0.000,95.000,138.000,-0.111111,0.177778,-0.977778,71.279,85.695,142.220,3913.0
Leo_9_puntos_intento_7.mp4,1984,16533.333,True,115.000,170.000,0.000,96.000,137.000,-0.105556,0.183333,-0.977367,69.815,85.816,140.608,3947.0
Leo_9_puntos_intento_7.mp4,1985,16541.667,True,115.000,170.000,0.000,95.000,138.000,-0.111111,0.177778,-0.977778,70.946,85.214,145.387,3976.5
Leo_9_puntos_intento_7.mp4,1986,16550.000,True,115.000,170.000,0.000,89.000,139.000,-0.144444,0.172222,-0.974410,74.265,83.742,146.938,3954.0
Leo_9_puntos_intento_7.mp4,1987,16558.333,True,115.000,170.000,0.000,85.000,139.000,-0.166667,0.172222,-0.970856,72.680,83.967,148.598,3849.5
Leo_9_puntos_intento_7.mp4,1988,16566.667,True,115.000,170.000,0.000,83.000,138.000,-0.177778,0.177778,-0.967879,73.902,83.970,143.408,3889.5
Leo_9_puntos_intento_7.mp4,1989,16575.000,True,115.000,170.000,0.000,84.000,139.000,-0.172222,0.172222,-0.969886,73.343,83.496,140.820,3829.5
Leo_9_puntos_intento_7.mp4,1990,16583.333,True,115.000,170.000,0.000,85.000,139.000,-0.166667,0.172222,-0.970856,73.382,83.660,139.638,3864.0
Leo_9_puntos_intento_7.mp4,1991,16591.667,True,115.000,170.000,0.000,85.000,138.000,-0.166667,0.177778,-0.969854,71.032,84.002,137.010,3842.5
Leo_9_puntos_intento_7.mp4,1992,16600.000,True,115.000,170.000,0.000,85.000,138.000,-0.166667,0.177778,-0.969854,70.332,83.694,137.871,3842.0
Leo_9_puntos_intento_7.mp4,1993,16608.333,True,115.000,170.000,0.000,84.000,138.000,-0.172222,0.177778,-0.968883,72.033,82.925,128.070,3837.0
Leo_9_puntos_intento_7.mp4,1994,16616.667,True,115.000,170.000,0.000,84.000,138.000,-0.172222,0.177778,-0.968883,72.367,84.186,134.876,3832.0
Leo_9_puntos_intento_7.mp4,1995,16625.000,True,115.000,170.000,0.000,86.000,137.000,-0.161111,0.183333,-0.969759,69.095,84.519,136.260,3813.0
Leo_9_puntos_intento_7.mp4,1996,16633.333,True,115.000,170.000,0.000,85.000,138.000,-0.166667,0.177778,-0.969854,71.819,83.285,136.807,3874.0
Leo_9_puntos_intento_7.mp4,1997,16641.667,True,115.000,170.000,0.000,85.000,138.000,-0.166667,0.177778,-0.969854,71.163,83.283,137.477,3824.5
Leo_9_puntos_intento_7.mp4,1998,16650.000,True,115.000,170.000,0.000,84.000,138.000,-0.172222,0.177778,-0.968883,71.591,83.248,135.734,3895.5
Leo_9_puntos_intento_7.mp4,1999,16658.333,True,115.000,170.000,0.000,84.000,138.000,-0.172222,0.177778,-0.968883,73.336,82.265,137.390,3814.5
Leo_9_puntos_intento_7.mp4,2000,16666.667,True,115.000,170.000,0.000,84.000,138.000,-0.172222,0.177778,-0.968883,72.349,82.887,129.805,3843.5
Leo_9_puntos_intento_7.mp4,2001,16675.000,True,115.000,170.000,0.000,84.000,138.000,-0.172222,0.177778,-0.968883,70.890,82.260,126.197,3823.0
Leo_9_puntos_intento_7.mp4,2002,16683.333,True,115.000,170.000,0.000,85.000,138.000,-0.166667,0.177778,-0.969854,70.307,83.090,132.490,3842.0
Leo_9_puntos_intento_7.mp4,2003,16691.667,True,115.000,170.000,0.000,84.000,138.000,-0.172222,0.177778,-0.968883,71.561,82.936,133.409,3818.0
Leo_9_puntos_intento_7.mp4,2004,16700.000,True,115.000,170.000,0.000,85.000,138.000,-0.166667,0.177778,-0.969854,70.639,82.628,134.856,3814.0
Leo_9_puntos_intento_7.mp4,2005,16708.333,True,115.000,170.000,0.000,85.000,137.000,-0.166667,0.183333,-0.968819,70.697,82.156,132.806,3846.0
Leo_9_puntos_intento_7.mp4,2006,16716.667,True,115.000,170.000,0.000,86.000,137.000,-0.161111,0.183333,-0.969759,68.584,83.029,135.009,3866.5
Leo_9_puntos_intento_7.mp4,2007,16725.000,True,115.000,170.000,0.000,85.000,138.000,-0.166667,0.177778,-0.969854,70.087,82.244,135.846,3802.0
Leo_9_puntos_intento_7.mp4,2008,16733.333,True,115.000,170.000,0.000,85.000,138.000,-0.166667,0.177778,-0.969854,70.569,82.991,137.342,3839.0
Leo_9_puntos_intento_7.mp4,2009,16741.667,True,115.000,170.000,0.000,85.000,138.000,-0.166667,0.177778,-0.969854,69.311,84.600,134.087,3829.5
Leo_9_puntos_intento_7.mp4,2010,16750.000,True,115.000,170.000,0.000,85.000,138.000,-0.166667,0.177778,-0.969854,71.542,81.652,134.789,3826.0
Leo_9_puntos_intento_7.mp4,2011,16758.333,True,115.000,170.000,0.000,85.000,138.000,-0.166667,0.177778,-0.969854,70.127,83.365,132.701,3819.0
Leo_9_puntos_intento_7.mp4,2012,16766.667,True,115.000,170.000,0.000,86.000,138.000,-0.161111,0.177778,-0.970793,69.528,85.734,138.626,3817.5
Leo_9_puntos_intento_7.mp4,2013,16775.000,True,115.000,170.000,0.000,85.000,138.000,-0.166667,0.177778,-0.969854,68.704,84.198,129.073,3834.0
Leo_9_puntos_intento_7.mp4,2014,16783.333,True,115.000,170.000,0.000,86.000,138.000,-0.161111,0.177778,-0.970793,69.797,83.491,132.933,3879.5
Leo_9_puntos_intento_7.mp4,2015,16791.667,True,115.000,170.000,0.000,85.000,138.000,-0.166667,0.177778,-0.969854,70.597,83.529,139.238,3819.5
Leo_9_puntos_intento_7.mp4,2016,16800.000,True,115.000,170.000,0.000,82.000,140.000,-0.183333,0.166667,-0.968819,69.411,84.645,139.551,3828.5
Leo_9_puntos_intento_7.mp4,2017,16808.333,True,115.000,170.000,0.000,75.000,142.000,-0.222222,0.155556,-0.962507,75.375,80.827,150.495,3726.5
Leo_9_puntos_intento_7.mp4,2018,16816.667,True,115.000,170.000,0.000,74.000,142.000,-0.227778,0.155556,-0.961207,76.360,81.049,141.401,3832.0
Leo_9_puntos_intento_7.mp4,2019,16825.000,True,115.000,170.000,0.000,75.000,141.000,-0.222222,0.161111,-0.961593,73.535,80.722,141.795,3686.5
Leo_9_puntos_intento_7.mp4,2020,16833.333,True,115.000,170.000,0.000,75.000,141.000,-0.222222,0.161111,-0.961593,72.035,82.664,142.491,3774.5
Leo_9_puntos_intento_7.mp4,2021,16841.667,True,115.000,170.000,0.000,75.000,141.000,-0.222222,0.161111,-0.961593,73.557,81.464,140.251,3765.0
Leo_9_puntos_intento_7.mp4,2022,16850.000,True,115.000,170.000,0.000,75.000,141.000,-0.222222,0.161111,-0.961593,72.635,83.088,143.094,3780.0
Leo_9_puntos_intento_7.mp4,2023,16858.333,True,115.000,170.000,0.000,76.000,141.000,-0.216667,0.161111,-0.962860,71.357,83.597,140.562,3758.0
Leo_9_puntos_intento_7.mp4,2024,16866.667,True,115.000,170.000,0.000,75.000,141.000,-0.222222,0.161111,-0.961593,72.292,82.895,141.121,3808.0
Leo_9_puntos_intento_7.mp4,2025,16875.000,True,115.000,170.000,0.000,75.000,141.000,-0.222222,0.161111,-0.961593,72.456,82.329,139.735,3789.5
Leo_9_puntos_intento_7.mp4,2026,16883.333,True,115.000,170.000,0.000,75.000,142.000,-0.222222,0.155556,-0.962507,75.072,83.787,160.057,3844.5
Leo_9_puntos_intento_7.mp4,2027,16891.667,True,115.000,170.000,0.000,75.000,142.000,-0.222222,0.155556,-0.962507,74.302,82.190,158.972,3768.0
Leo_9_puntos_intento_7.mp4,2028,16900.000,True,115.000,170.000,0.000,74.000,142.000,-0.227778,0.155556,-0.961207,77.644,81.376,155.764,3805.5
Leo_9_puntos_intento_7.mp4,2029,16908.333,True,115.000,170.000,0.000,75.000,142.000,-0.222222,0.155556,-0.962507,74.330,82.372,138.297,3757.5
Leo_9_puntos_intento_7.mp4,2030,16916.667,True,115.000,170.000,0.000,75.000,142.000,-0.222222,0.155556,-0.962507,74.539,82.842,135.272,3850.5
Leo_9_puntos_intento_7.mp4,2031,16925.000,True,115.000,170.000,0.000,75.000,142.000,-0.222222,0.155556,-0.962507,73.408,82.887,141.397,3840.0
Leo_9_puntos_intento_7.mp4,2032,16933.333,True,115.000,170.000,0.000,75.000,141.000,-0.222222,0.161111,-0.961593,73.826,82.236,139.063,3882.5
Leo_9_puntos_intento_7.mp4,2033,16941.667,True,115.000,170.000,0.000,76.000,141.000,-0.216667,0.161111,-0.962860,71.992,84.350,131.322,3876.5
Leo_9_puntos_intento_7.mp4,2034,16950.000,True,115.000,170.000,0.000,76.000,140.000,-0.216667,0.166667,-0.961914,71.704,84.038,128.605,3856.5
Leo_9_puntos_intento_7.mp4,2035,16958.333,True,115.000,170.000,0.000,76.000,141.000,-0.216667,0.161111,-0.962860,72.237,83.861,134.162,3825.0
Leo_9_puntos_intento_7.mp4,2036,16966.667,True,115.000,170.000,0.000,76.000,141.000,-0.216667,0.161111,-0.962860,72.811,84.861,137.269,3914.5
Leo_9_puntos_intento_7.mp4,2037,16975.000,True,115.000,170.000,0.000,74.000,140.000,-0.227778,0.166667,-0.959343,74.955,80.202,131.655,3861.0
Leo_9_puntos_intento_7.mp4,2038,16983.333,True,115.000,170.000,0.000,76.000,141.000,-0.216667,0.161111,-0.962860,72.777,84.334,136.978,3913.0
Leo_9_puntos_intento_7.mp4,2039,16991.667,True,115.000,170.000,0.000,75.000,141.000,-0.222222,0.161111,-0.961593,74.597,82.501,138.500,3875.5
Leo_9_puntos_intento_7.mp4,2040,17000.000,True,115.000,170.000,0.000,75.000,141.000,-0.222222,0.161111,-0.961593,74.869,83.236,138.028,3892.5
Leo_9_puntos_intento_7.mp4,2041,17008.333,True,115.000,170.000,0.000,74.000,141.000,-0.227778,0.161111,-0.960292,77.798,81.143,145.886,3876.0
Leo_9_puntos_intento_7.mp4,2042,17016.667,True,115.000,170.000,0.000,76.000,142.000,-0.216667,0.155556,-0.963773,74.891,83.870,145.273,3898.0
Leo_9_puntos_intento_7.mp4,2043,17025.000,True,115.000,170.000,0.000,74.000,142.000,-0.227778,0.155556,-0.961207,78.026,81.833,120.973,3831.5
Leo_9_puntos_intento_7.mp4,2044,17033.333,True,115.000,170.000,0.000,74.000,142.000,-0.227778,0.155556,-0.961207,79.442,81.641,155.168,3912.0
Leo_9_puntos_intento_7.mp4,2045,17041.667,True,115.000,170.000,0.000,76.000,140.000,-0.216667,0.166667,-0.961914,73.490,82.607,142.965,3883.5
Leo_9_puntos_intento_7.mp4,2046,17050.000,True,115.000,170.000,0.000,76.000,141.000,-0.216667,0.161111,-0.962860,74.529,83.675,140.824,3919.5
Leo_9_puntos_intento_7.mp4,2047,17058.333,True,115.000,170.000,0.000,75.000,143.000,-0.222222,0.150000,-0.963388,77.364,84.804,152.862,3916.5
Leo_9_puntos_intento_7.mp4,2048,17066.667,True,115.000,170.000,0.000,75.000,142.000,-0.222222,0.155556,-0.962507,76.689,83.914,161.172,3924.5
Leo_9_puntos_intento_7.mp4,2049,17075.000,True,115.000,170.000,0.000,75.000,141.000,-0.222222,0.161111,-0.961593,76.594,82.765,156.543,3953.5
Leo_9_puntos_intento_7.mp4,2050,17083.333,True,115.000,170.000,0.000,76.000,142.000,-0.216667,0.155556,-0.963773,73.528,84.843,151.622,3911.0
Leo_9_puntos_intento_7.mp4,2051,17091.667,True,115.000,170.000,0.000,77.000,141.000,-0.211111,0.161111,-0.964093,72.466,85.686,138.158,3944.5
Leo_9_puntos_intento_7.mp4,2052,17100.000,True,115.000,170.000,0.000,77.000,139.000,-0.211111,0.172222,-0.962170,68.442,85.416,125.069,3917.5
Leo_9_puntos_intento_7.mp4,2053,17108.333,True,115.000,170.000,0.000,77.000,142.000,-0.211111,0.155556,-0.965005,72.606,85.454,150.980,3885.5
Leo_9_puntos_intento_7.mp4,2054,17116.667,True,115.000,170.000,0.000,78.000,141.000,-0.205556,0.161111,-0.965293,70.351,85.006,145.443,3867.5
Leo_9_puntos_intento_7.mp4,2055,17125.000,True,115.000,170.000,0.000,78.000,140.000,-0.205556,0.166667,-0.964349,70.090,86.130,147.192,3863.0
Leo_9_puntos_intento_7.mp4,2056,17133.333,True,115.000,170.000,0.000,78.000,141.000,-0.205556,0.161111,-0.965293,69.286,88.452,143.371,3941.5
Leo_9_puntos_intento_7.mp4,2057,17141.667,True,115.000,170.000,0.000,76.000,142.000,-0.216667,0.155556,-0.963773,72.380,85.261,141.150,3878.5
Leo_9_puntos_intento_7.mp4,2058,17150.000,True,115.000,170.000,0.000,75.000,141.000,-0.222222,0.161111,-0.961593,72.460,85.017,134.620,3904.5
Leo_9_puntos_intento_7.mp4,2059,17158.333,True,115.000,170.000,0.000,75.000,140.000,-0.222222,0.166667,-0.960645,69.818,83.797,135.624,3853.5
Leo_9_puntos_intento_7.mp4,2060,17166.667,True,115.000,170.000,0.000,76.000,140.000,-0.216667,0.166667,-0.961914,71.297,84.469,142.635,3972.0
Leo_9_puntos_intento_7.mp4,2061,17175.000,True,115.000,170.000,0.000,78.000,140.000,-0.205556,0.166667,-0.964349,68.428,85.280,145.963,3898.5
Leo_9_puntos_intento_7.mp4,2062,17183.333,True,115.000,170.000,0.000,78.000,139.000,-0.205556,0.172222,-0.963372,66.172,87.116,145.377,3943.0
Leo_9_puntos_intento_7.mp4,2063,17191.667,True,115.000,170.000,0.000,77.000,139.000,-0.211111,0.172222,-0.962170,68.361,85.044,141.238,3897.0
Leo_9_puntos_intento_7.mp4,2064,17200.000,True,115.000,170.000,0.000,76.000,140.000,-0.216667,0.166667,-0.961914,70.759,84.587,142.724,3895.0
Leo_9_puntos_intento_7.mp4,2065,17208.333,True,115.000,170.000,0.000,75.000,141.000,-0.222222,0.161111,-0.961593,75.827,82.990,143.440,3830.0
Leo_9_puntos_intento_7.mp4,2066,17216.667,True,115.000,170.000,0.000,75.000,140.000,-0.222222,0.166667,-0.960645,73.953,83.887,141.571,3874.5
Leo_9_puntos_intento_7.mp4,2067,17225.000,True,115.000,170.000,0.000,78.000,137.000,-0.205556,0.183333,-0.961320,63.139,89.209,127.042,3865.5
Leo_9_puntos_intento_7.mp4,2068,17233.333,True,115.000,170.000,0.000,75.000,141.000,-0.222222,0.161111,-0.961593,73.854,84.310,134.418,3859.0
Leo_9_puntos_intento_7.mp4,2069,17241.667,True,115.000,170.000,0.000,76.000,140.000,-0.216667,0.166667,-0.961914,70.879,83.963,135.679,3791.0
Leo_9_puntos_intento_7.mp4,2070,17250.000,True,115.000,170.000,0.000,76.000,140.000,-0.216667,0.166667,-0.961914,71.976,84.108,133.969,3816.0
Leo_9_puntos_intento_7.mp4,2071,17258.333,True,115.000,170.000,0.000,76.000,139.000,-0.216667,0.172222,-0.960934,68.565,84.712,130.592,3773.0
Leo_9_puntos_intento_7.mp4,2072,17266.667,True,115.000,170.000,0.000,76.000,139.000,-0.216667,0.172222,-0.960934,67.406,85.396,130.294,3812.0
Leo_9_puntos_intento_7.mp4,2073,17275.000,True,115.000,170.000,0.000,76.000,139.000,-0.216667,0.172222,-0.960934,69.916,83.717,133.326,3748.5
Leo_9_puntos_intento_7.mp4,2074,17283.333,True,115.000,170.000,0.000,75.000,139.000,-0.222222,0.172222,-0.959665,72.432,82.777,132.193,3820.5
Leo_9_puntos_intento_7.mp4,2075,17291.667,True,115.000,170.000,0.000,75.000,139.000,-0.222222,0.172222,-0.959665,70.553,83.633,130.787,3795.0
Leo_9_puntos_intento_7.mp4,2076,17300.000,False,115.000,170.000,0.000,76.000,138.000,-0.216667,0.177778,-0.959922,66.949,84.476,124.543,3816.5
Leo_9_puntos_intento_7.mp4,2077,17308.333,False,115.000,170.000,0.000,75.000,139.000,-0.222222,0.172222,-0.959665,71.632,82.666,130.388,3804.0
Leo_9_puntos_intento_7.mp4,2078,17316.667,False,115.000,170.000,0.000,76.000,138.000,-0.216667,0.177778,-0.959922,65.652,84.720,119.886,3756.5
Leo_9_puntos_intento_7.mp4,2079,17325.000,False,115.000,170.000,,,,,,,,,,
Leo_9_puntos_intento_7.mp4,2080,17333.333,False,115.000,170.000,,,,,,,,,,
Leo_9_puntos_intento_7.mp4,2081,17341.667,False,115.000,170.000,,,,,,,,,,
Leo_9_puntos_intento_7.mp4,2082,17350.000,False,115.000,170.000,,,,,,,,,,
Leo_9_puntos_intento_7.mp4,2083,17358.333,False,115.000,170.000,,,,,,,,,,
Leo_9_puntos_intento_7.mp4,2084,17366.667,False,115.000,170.000,,,,,,,,,,
Leo_9_puntos_intento_7.mp4,2085,17375.000,False,115.000,170.000,,,,,,,,,,
Leo_9_puntos_intento_7.mp4,2086,17383.333,False,115.000,170.000,,,,,,,,,,
Leo_9_puntos_intento_7.mp4,2087,17391.667,False,115.000,170.000,,,,,,,,,,
Leo_9_puntos_intento_7.mp4,2088,17400.000,False,115.000,170.000,,,,,,,,,,
Leo_9_puntos_intento_7.mp4,2089,17408.333,False,115.000,170.000,,,,,,,,,,
Leo_9_puntos_intento_7.mp4,2090,17416.667,False,115.000,170.000,,,,,,,,,,
Leo_9_puntos_intento_7.mp4,2091,17425.000,False,115.000,170.000,,,,,,,,,,
Leo_9_puntos_intento_7.mp4,2092,17433.333,False,115.000,170.000,,,,,,,,,,
Leo_9_puntos_intento_7.mp4,2093,17441.667,False,115.000,170.000,0.000,71.000,159.000,-0.244444,0.061111,-0.967736,41.787,103.719,69.239,3040.5
Leo_9_puntos_intento_7.mp4,2094,17450.000,False,115.000,170.000,0.000,71.000,154.000,-0.244444,0.088889,-0.965580,49.377,114.372,69.123,3463.0
Leo_9_puntos_intento_7.mp4,2095,17458.333,False,115.000,170.000,,,,,,,,,,
Leo_9_puntos_intento_7.mp4,2096,17466.667,False,115.000,170.000,,,,,,,,,,
Leo_9_puntos_intento_7.mp4,2097,17475.000,False,115.000,170.000,,,,,,,,,,
Leo_9_puntos_intento_7.mp4,2098,17483.333,False,115.000,170.000,0.000,70.000,142.000,-0.250000,0.155556,-0.955669,69.774,88.610,81.559,3990.5
Leo_9_puntos_intento_7.mp4,2099,17491.667,False,115.000,170.000,0.000,71.000,140.000,-0.244444,0.166667,-0.955233,72.159,85.451,90.679,4101.5
Leo_9_puntos_intento_7.mp4,2100,17500.000,False,115.000,170.000,0.000,71.000,140.000,-0.244444,0.166667,-0.955233,75.500,83.477,92.181,4249.0
Leo_9_puntos_intento_7.mp4,2101,17508.333,False,115.000,170.000,0.000,70.000,139.000,-0.250000,0.172222,-0.952806,74.938,84.866,92.098,4275.5
Leo_9_puntos_intento_7.mp4,2102,17516.667,False,115.000,170.000,0.000,71.000,138.000,-0.244444,0.177778,-0.953227,75.464,84.029,108.795,4352.5
Leo_9_puntos_intento_7.mp4,2103,17525.000,False,115.000,170.000,,,,,,,,,,
Leo_9_puntos_intento_7.mp4,2104,17533.333,False,115.000,170.000,0.000,71.000,138.000,-0.244444,0.177778,-0.953227,75.355,84.286,106.349,4375.0
Leo_9_puntos_intento_7.mp4,2105,17541.667,False,115.000,170.000,0.000,71.000,138.000,-0.244444,0.177778,-0.953227,75.598,82.938,108.840,4299.0
Leo_9_puntos_intento_7.mp4,2106,17550.000,False,115.000,170.000,0.000,71.000,138.000,-0.244444,0.177778,-0.953227,75.437,82.832,105.785,4282.0
Leo_9_puntos_intento_7.mp4,2107,17558.333,True,115.000,170.000,0.000,72.000,138.000,-0.238889,0.177778,-0.954635,73.695,82.947,110.339,4225.0
Leo_9_puntos_intento_7.mp4,2108,17566.667,True,115.000,170.000,0.000,72.000,139.000,-0.238889,0.172222,-0.955652,75.090,82.627,109.381,4252.5
Leo_9_puntos_intento_7.mp4,2109,17575.000,False,115.000,170.000,0.000,71.000,138.000,-0.244444,0.177778,-0.953227,75.078,81.748,115.072,4254.0
Leo_9_puntos_intento_7.mp4,2110,17583.333,False,115.000,170.000,0.000,71.000,138.000,-0.244444,0.177778,-0.953227,74.180,83.359,106.544,4335.5
Leo_9_puntos_intento_7.mp4,2111,17591.667,False,115.000,170.000,0.000,73.000,140.000,-0.233333,0.166667,-0.958007,74.938,82.599,103.122,4192.0
Leo_9_puntos_intento_7.mp4,2112,17600.000,False,115.000,170.000,,,,,,,,,,
Leo_9_puntos_intento_7.mp4,2113,17608.333,False,115.000,170.000,,,,,,,,,,
Leo_9_puntos_intento_7.mp4,2114,17616.667,False,115.000,170.000,,,,,,,,,,
Leo_9_puntos_intento_7.mp4,2115,17625.000,False,115.000,170.000,,,,,,,,,,
Leo_9_puntos_intento_7.mp4,2116,17633.333,False,115.000,170.000,,,,,,,,,,
Leo_9_puntos_intento_7.mp4,2117,17641.667,False,115.000,170.000,,,,,,,,,,
Leo_9_puntos_intento_7.mp4,2118,17650.000,False,115.000,170.000,,,,,,,,,,
Leo_9_puntos_intento_7.mp4,2119,17658.333,False,115.000,170.000,,,,,,,,,,
Leo_9_puntos_intento_7.mp4,2120,17666.667,False,115.000,170.000,,,,,,,,,,
Leo_9_puntos_intento_7.mp4,2121,17675.000,False,115.000,170.000,,,,,,,,,,
Leo_9_puntos_intento_7.mp4,2122,17683.333,False,115.000,170.000,,,,,,,,,,
Leo_9_puntos_intento_7.mp4,2123,17691.667,False,115.000,170.000,,,,,,,,,,
Leo_9_puntos_intento_7.mp4,2124,17700.000,False,115.000,170.000,,,,,,,,,,
Leo_9_puntos_intento_7.mp4,2125,17708.333,False,115.000,170.000,,,,,,,,,,
Leo_9_puntos_intento_7.mp4,2126,17716.667,False,115.000,170.000,,,,,,,,,,
Leo_9_puntos_intento_7.mp4,2127,17725.000,False,115.000,170.000,,,,,,,,,,
Leo_9_puntos_intento_7.mp4,2128,17733.333,False,115.000,170.000,,,,,,,,,,
Leo_9_puntos_intento_7.mp4,2129,17741.667,False,115.000,170.000,0.000,68.000,159.000,-0.261111,0.061111,-0.963372,45.559,111.868,66.270,3530.5
Leo_9_puntos_intento_7.mp4,2130,17750.000,False,115.000,170.000,,,,,,,,,,
Leo_9_puntos_intento_7.mp4,2131,17758.333,False,115.000,170.000,0.000,67.000,151.000,-0.266667,0.105556,-0.957991,60.225,113.625,71.608,4824.0
Leo_9_puntos_intento_7.mp4,2132,17766.667,False,115.000,170.000,,,,,,,,,,
Leo_9_puntos_intento_7.mp4,2133,17775.000,False,115.000,170.000,,,,,,,,,,
Leo_9_puntos_intento_7.mp4,2134,17783.333,False,115.000,170.000,0.000,66.000,145.000,-0.272222,0.138889,-0.952158,73.255,102.938,76.884,4643.0
Leo_9_puntos_intento_7.mp4,2135,17791.667,False,115.000,170.000,0.000,70.000,142.000,-0.250000,0.155556,-0.955669,76.437,89.754,74.567,4712.0
Leo_9_puntos_intento_7.mp4,2136,17800.000,False,115.000,170.000,0.000,70.000,141.000,-0.250000,0.161111,-0.954748,77.825,90.545,80.522,4784.5
Leo_9_puntos_intento_7.mp4,2137,17808.333,False,115.000,170.000,,,,,,,,,,
Leo_9_puntos_intento_7.mp4,2138,17816.667,False,115.000,170.000,0.000,70.000,140.000,-0.250000,0.166667,-0.953794,80.530,88.455,85.280,4948.5
Leo_9_puntos_intento_7.mp4,2139,17825.000,False,115.000,170.000,,,,,,,,,,
Leo_9_puntos_intento_7.mp4,2140,17833.333,False,115.000,170.000,0.000,70.000,138.000,-0.250000,0.177778,-0.951785,78.628,87.265,99.158,4729.0
Leo_9_puntos_intento_7.mp4,2141,17841.667,False,115.000,170.000,,,,,,,,,,
Leo_9_puntos_intento_7.mp4,2142,17850.000,False,115.000,170.000,0.000,71.000,138.000,-0.244444,0.177778,-0.953227,77.680,85.947,119.623,4588.5
Leo_9_puntos_intento_7.mp4,2143,17858.333,False,115.000,170.000,0.000,71.000,138.000,-0.244444,0.177778,-0.953227,77.231,84.673,111.578,4521.0
Leo_9_puntos_intento_7.mp4,2144,17866.667,False,115.000,170.000,0.000,70.000,138.000,-0.250000,0.177778,-0.951785,77.956,87.338,104.135,4635.5
Leo_9_puntos_intento_7.mp4,2145,17875.000,False,115.000,170.000,,,,,,,,,,
Leo_9_puntos_intento_7.mp4,2146,17883.333,False,115.000,170.000,0.000,71.000,138.000,-0.244444,0.177778,-0.953227,77.336,85.820,101.978,4515.0
Leo_9_puntos_intento_7.mp4,2147,17891.667,False,115.000,170.000,0.000,72.000,137.000,-0.238889,0.183333,-0.953583,74.194,85.968,104.050,4410.0
Leo_9_puntos_intento_7.mp4,2148,17900.000,False,115.000,170.000,,,,,,,,,,
Leo_9_puntos_intento_7.mp4,2149,17908.333,False,115.000,170.000,0.000,71.000,139.000,-0.244444,0.172222,-0.954247,78.479,85.245,97.953,4471.5
Leo_9_puntos_intento_7.mp4,2150,17916.667,False,115.000,170.000,0.000,72.000,140.000,-0.238889,0.166667,-0.956637,79.189,85.887,112.916,4545.0
Leo_9_puntos_intento_7.mp4,2151,17925.000,False,115.000,170.000,0.000,72.000,139.000,-0.238889,0.172222,-0.955652,78.102,84.634,111.771,4416.0
Leo_9_puntos_intento_7.mp4,2152,17933.333,True,115.000,170.000,0.000,72.000,139.000,-0.238889,0.172222,-0.955652,79.316,84.982,116.093,4472.5
Leo_9_puntos_intento_7.mp4,2153,17941.667,True,115.000,170.000,0.000,72.000,139.000,-0.238889,0.172222,-0.955652,77.719,83.877,108.982,4403.5
Leo_9_puntos_intento_7.mp4,2154,17950.000,True,115.000,170.000,0.000,73.000,140.000,-0.233333,0.166667,-0.958007,79.145,85.683,116.401,4509.0
Leo_9_puntos_intento_7.mp4,2155,17958.333,True,115.000,170.000,0.000,72.000,139.000,-0.238889,0.172222,-0.955652,77.780,83.590,98.012,4398.0
Leo_9_puntos_intento_7.mp4,2156,17966.667,True,115.000,170.000,0.000,73.000,139.000,-0.233333,0.172222,-0.957024,78.367,85.144,111.227,4523.5
Leo_9_puntos_intento_7.mp4,2157,17975.000,True,115.000,170.000,0.000,73.000,138.000,-0.233333,0.177778,-0.956008,76.507,83.647,117.838,4379.5
Leo_9_puntos_intento_7.mp4,2158,17983.333,False,115.000,170.000,0.000,73.000,139.000,-0.233333,0.172222,-0.957024,78.067,84.694,111.955,4449.0
Leo_9_puntos_intento_7.mp4,2159,17991.667,False,115.000,170.000,0.000,73.000,139.000,-0.233333,0.172222,-0.957024,77.678,83.265,117.196,4401.0
Leo_9_puntos_intento_7.mp4,2160,18000.000,False,115.000,170.000,0.000,73.000,138.000,-0.233333,0.177778,-0.956008,76.060,84.173,119.133,4400.5
Leo_9_puntos_intento_7.mp4,2161,18008.333,False,115.000,170.000,,,,,,,,,,
Leo_9_puntos_intento_7.mp4,2162,18016.667,False,115.000,170.000,0.000,73.000,138.000,-0.233333,0.177778,-0.956008,76.657,85.033,114.656,4363.5
Leo_9_puntos_intento_7.mp4,2163,18025.000,False,115.000,170.000,0.000,73.000,139.000,-0.233333,0.172222,-0.957024,76.883,84.969,113.011,4354.0
Leo_9_puntos_intento_7.mp4,2164,18033.333,False,115.000,170.000,0.000,73.000,138.000,-0.233333,0.177778,-0.956008,76.036,85.855,106.822,4400.5
Leo_9_puntos_intento_7.mp4,2165,18041.667,False,115.000,170.000,0.000,73.000,138.000,-0.233333,0.177778,-0.956008,76.619,85.445,115.069,4406.0
Leo_9_puntos_intento_7.mp4,2166,18050.000,False,115.000,170.000,0.000,73.000,136.000,-0.233333,0.188889,-0.953874,73.384,85.350,108.930,4289.0
Leo_9_puntos_intento_7.mp4,2167,18058.333,False,115.000,170.000,,,,,,,,,,
Leo_9_puntos_intento_7.mp4,2168,18066.667,False,115.000,170.000,,,,,,,,,,
Leo_9_puntos_intento_7.mp4,2169,18075.000,False,115.000,170.000,0.000,77.000,145.000,-0.211111,0.138889,-0.967544,64.995,82.991,74.376,3501.0
Leo_9_puntos_intento_7.mp4,2170,18083.333,False,115.000,170.000,,,,,,,,,,
Leo_9_puntos_intento_7.mp4,2171,18091.667,False,115.000,170.000,,,,,,,,,,
Leo_9_puntos_intento_7.mp4,2172,18100.000,False,115.000,170.000,,,,,,,,,,
Leo_9_puntos_intento_7.mp4,2173,18108.333,False,115.000,170.000,,,,,,,,,,
Leo_9_puntos_intento_7.mp4,2174,18116.667,False,115.000,170.000,,,,,,,,,,
Leo_9_puntos_intento_7.mp4,2175,18125.000,False,115.000,170.000,,,,,,,,,,
Leo_9_puntos_intento_7.mp4,2176,18133.333,False,115.000,170.000,,,,,,,,,,
Leo_9_puntos_intento_7.mp4,2177,18141.667,False,115.000,170.000,,,,,,,,,,
Leo_9_puntos_intento_7.mp4,2178,18150.000,False,115.000,170.000,,,,,,,,,,
Leo_9_puntos_intento_7.mp4,2179,18158.333,False,115.000,170.000,,,,,,,,,,
Leo_9_puntos_intento_7.mp4,2180,18166.667,False,115.000,170.000,,,,,,,,,,
Leo_9_puntos_intento_7.mp4,2181,18175.000,False,115.000,170.000,,,,,,,,,,
Leo_9_puntos_intento_7.mp4,2182,18183.333,False,115.000,170.000,,,,,,,,,,
Leo_9_puntos_intento_7.mp4,2183,18191.667,False,115.000,170.000,,,,,,,,,,
Leo_9_puntos_intento_7.mp4,2184,18200.000,False,115.000,170.000,,,,,,,,,,
Leo_9_puntos_intento_7.mp4,2185,18208.333,False,115.000,170.000,,,,,,,,,,
Leo_9_puntos_intento_7.mp4,2186,18216.667,False,115.000,170.000,,,,,,,,,,
Leo_9_puntos_intento_7.mp4,2187,18225.000,False,115.000,170.000,0.000,73.000,160.000,-0.233333,0.055556,-0.970808,50.543,115.403,67.251,4129.0
Leo_9_puntos_intento_7.mp4,2188,18233.333,False,115.000,170.000,,,,,,,,,,
Leo_9_puntos_intento_7.mp4,2189,18241.667,False,115.000,170.000,0.000,69.000,154.000,-0.255556,0.088889,-0.962699,60.232,121.077,67.156,5143.0
Leo_9_puntos_intento_7.mp4,2190,18250.000,False,115.000,170.000,,,,,,,,,,
Leo_9_puntos_intento_7.mp4,2191,18258.333,False,115.000,170.000,,,,,,,,,,
Leo_9_puntos_intento_7.mp4,2192,18266.667,False,115.000,170.000,,,,,,,,,,
Leo_9_puntos_intento_7.mp4,2193,18275.000,False,115.000,170.000,,,,,,,,,,
Leo_9_puntos_intento_7.mp4,2194,18283.333,False,115.000,170.000,,,,,,,,,,
Leo_9_puntos_intento_7.mp4,2195,18291.667,False,115.000,170.000,,,,,,,,,,
Leo_9_puntos_intento_7.mp4,2196,18300.000,False,115.000,170.000,,,,,,,,,,
Leo_9_puntos_intento_7.mp4,2197,18308.333,False,115.000,170.000,,,,,,,,,,
Leo_9_puntos_intento_7.mp4,2198,18316.667,False,115.000,170.000,,,,,,,,,,
Leo_9_puntos_intento_7.mp4,2199,18325.000,False,115.000,170.000,,,,,,,,,,
Leo_9_puntos_intento_7.mp4,2200,18333.333,False,115.000,170.000,,,,,,,,,,
Leo_9_puntos_intento_7.mp4,2201,18341.667,False,115.000,170.000,,,,,,,,,,
Leo_9_puntos_intento_7.mp4,2202,18350.000,False,115.000,170.000,0.000,76.000,130.000,-0.216667,0.222222,-0.950617,57.673,89.116,99.960,3672.0
Leo_9_puntos_intento_7.mp4,2203,18358.333,False,115.000,170.000,,,,,,,,,,
Leo_9_puntos_intento_7.mp4,2204,18366.667,False,115.000,170.000,0.000,76.000,130.000,-0.216667,0.222222,-0.950617,59.604,89.733,101.380,3747.5
Leo_9_puntos_intento_7.mp4,2205,18375.000,False,115.000,170.000,0.000,76.000,131.000,-0.216667,0.216667,-0.951899,59.157,89.464,98.739,3784.0
Leo_9_puntos_intento_7.mp4,2206,18383.333,False,115.000,170.000,0.000,75.000,130.000,-0.222222,0.222222,-0.949334,58.863,88.171,101.044,3692.5
Leo_9_puntos_intento_7.mp4,2207,18391.667,False,115.000,170.000,0.000,75.000,131.000,-0.222222,0.216667,-0.950617,60.913,87.743,99.395,3780.5
Leo_9_puntos_intento_7.mp4,2208,18400.000,False,115.000,170.000,0.000,75.000,130.000,-0.222222,0.222222,-0.949334,59.421,91.148,102.622,3934.0
Leo_9_puntos_intento_7.mp4,2209,18408.333,False,115.000,170.000,,,,,,,,,,
Leo_9_puntos_intento_7.mp4,2210,18416.667,False,115.000,170.000,,,,,,,,,,
Leo_9_puntos_intento_7.mp4,2211,18425.000,False,115.000,170.000,,,,,,,,,,
Leo_9_puntos_intento_7.mp4,2212,18433.333,False,115.000,170.000,,,,,,,,,,
Leo_9_puntos_intento_7.mp4,2213,18441.667,False,115.000,170.000,,,,,,,,,,
Leo_9_puntos_intento_7.mp4,2214,18450.000,False,115.000,170.000,,,,,,,,,,
Leo_9_puntos_intento_7.mp4,2215,18458.333,False,115.000,170.000,,,,,,,,,,
Leo_9_puntos_intento_7.mp4,2216,18466.667,False,115.000,170.000,,,,,,,,,,
Leo_9_puntos_intento_7.mp4,2217,18475.000,False,115.000,170.000,,,,,,,,,,
Leo_9_puntos_intento_7.mp4,2218,18483.333,False,115.000,170.000,0.000,76.000,133.000,-0.216667,0.205556,-0.954360,64.986,88.176,109.614,3909.5
Leo_9_puntos_intento_7.mp4,2219,18491.667,False,115.000,170.000,0.000,77.000,131.000,-0.211111,0.216667,-0.953146,59.044,88.212,106.638,3804.0
Leo_9_puntos_intento_7.mp4,2220,18500.000,False,115.000,170.000,0.000,76.000,132.000,-0.216667,0.211111,-0.953146,61.601,88.344,106.741,3858.5
Leo_9_puntos_intento_7.mp4,2221,18508.333,False,115.000,170.000,,,,,,,,,,
Leo_9_puntos_intento_7.mp4,2222,18516.667,False,115.000,170.000,,,,,,,,,,
Leo_9_puntos_intento_7.mp4,2223,18525.000,False,115.000,170.000,,,,,,,,,,
Leo_9_puntos_intento_7.mp4,2224,18533.333,False,115.000,170.000,,,,,,,,,,
Leo_9_puntos_intento_7.mp4,2225,18541.667,False,115.000,170.000,0.000,76.000,138.000,-0.216667,0.177778,-0.959922,74.905,85.606,119.641,4400.0
Leo_9_puntos_intento_7.mp4,2226,18550.000,False,115.000,170.000,0.000,76.000,137.000,-0.216667,0.183333,-0.958877,75.177,85.999,115.286,4473.0
Leo_9_puntos_intento_7.mp4,2227,18558.333,False,115.000,170.000,0.000,76.000,137.000,-0.216667,0.183333,-0.958877,74.343,86.250,117.993,4435.0
Leo_9_puntos_intento_7.mp4,2228,18566.667,False,115.000,170.000,0.000,76.000,138.000,-0.216667,0.177778,-0.959922,75.118,86.007,120.838,4454.0
Leo_9_puntos_intento_7.mp4,2229,18575.000,False,115.000,170.000,0.000,76.000,138.000,-0.216667,0.177778,-0.959922,74.983,86.250,118.923,4361.5
Leo_9_puntos_intento_7.mp4,2230,18583.333,False,115.000,170.000,,,,,,,,,,
Leo_9_puntos_intento_7.mp4,2231,18591.667,False,115.000,170.000,0.000,76.000,137.000,-0.216667,0.183333,-0.958877,75.139,85.581,119.864,4405.0
Leo_9_puntos_intento_7.mp4,2232,18600.000,False,115.000,170.000,,,,,,,,,,
Leo_9_puntos_intento_7.mp4,2233,18608.333,False,115.000,170.000,0.000,76.000,139.000,-0.216667,0.172222,-0.960934,79.034,84.462,128.797,4467.0
Leo_9_puntos_intento_7.mp4,2234,18616.667,False,115.000,170.000,0.000,76.000,139.000,-0.216667,0.172222,-0.960934,78.799,84.754,112.987,4455.0
Leo_9_puntos_intento_7.mp4,2235,18625.000,False,115.000,170.000,0.000,76.000,139.000,-0.216667,0.172222,-0.960934,77.918,85.137,113.779,4406.5
Leo_9_puntos_intento_7.mp4,2236,18633.333,False,115.000,170.000,0.000,77.000,139.000,-0.211111,0.172222,-0.962170,77.153,85.563,118.239,4440.5
Leo_9_puntos_intento_7.mp4,2237,18641.667,False,115.000,170.000,,,,,,,,,,
Leo_9_puntos_intento_7.mp4,2238,18650.000,False,115.000,170.000,,,,,,,,,,
Leo_9_puntos_intento_7.mp4,2239,18658.333,False,115.000,170.000,0.000,76.000,138.000,-0.216667,0.177778,-0.959922,75.205,84.701,111.004,4340.5
